video_id,frame_index,timestamp_sec,joint_name,speed_ms,velocity_x,velocity_y,velocity_z,accel_ms2,jerk_ms3,reference_valid
KVAL0012,0,0.301866,Neck,0.288292,0.1497,-0.02784,0.2448,22.444232,395.985399,True
KVAL0012,1,0.335177,Neck,1.012384,0.210045,-0.010425,0.9903,9.344663,563.571867,True
KVAL0012,2,0.368522,Neck,0.877122,0.13023,-0.013155,0.8673,15.209205,336.105704,True
KVAL0012,3,0.401833,Neck,0.017727,-0.005505,-0.016845,-0.00045,13.15576,228.558807,True
KVAL0012,4,0.435177,Neck,0.000593,-0.00054,-0.000195,0.00015,0.265911,197.320544,True
KVAL0012,5,0.468511,Neck,0.0,0.0,0.0,0.0,0.008901,3.49366,True
KVAL0012,6,0.501855,Neck,0.0,0.0,0.0,0.0,0.155719,2.358217,True
KVAL0012,7,0.535177,Neck,0.010381,-0.00324,0.006225,0.00765,0.154564,4.689022,True
KVAL0012,8,0.568511,Neck,0.010304,-0.003165,0.006135,0.00765,0.156885,4.636921,True
KVAL0012,9,0.601833,Neck,0.000117,7.5e-05,-9e-05,0.0,0.154564,2.370934,True
KVAL0012,10,0.635177,Neck,0.0,0.0,0.0,0.0,0.001757,2.31846,True
KVAL0012,11,0.668511,Neck,0.0,0.0,0.0,0.0,0.0,4.20258,True
KVAL0012,12,0.701844,Neck,0.0,0.0,0.0,0.0,0.280436,5.465934,True
KVAL0012,13,0.735166,Neck,0.018696,0.000105,0.003825,0.0183,0.364396,10.310443,True
KVAL0012,14,0.768511,Neck,0.024293,0.00981,-0.013635,0.01755,0.448454,10.983071,True
KVAL0012,15,0.801833,Neck,0.019669,0.00942,-0.01725,-0.00075,0.367819,10.580466,True
KVAL0012,16,0.835177,Neck,0.000342,-0.00027,0.00021,0.0,0.294924,5.56923,True
KVAL0012,17,0.868511,Neck,1.5e-05,1.5e-05,0.0,0.0,0.005131,4.355811,True
KVAL0012,18,0.901844,Neck,0.0,0.0,0.0,0.0,0.007062,2.839226,True
KVAL0012,19,0.935166,Neck,0.000472,6e-05,0.00036,0.0003,0.194063,2.96256,True
KVAL0012,20,0.9685,Neck,0.012938,0.00885,-0.008295,0.0045,0.195365,5.852177,True
KVAL0012,21,1.001844,Neck,0.012908,0.00879,-0.00861,0.0039,0.196103,6.744551,True
KVAL0012,22,1.035177,Neck,0.000303,0.0,4.5e-05,-0.0003,0.262615,2.587208,True
KVAL0012,23,1.068522,Neck,0.007336,0.001965,0.00456,-0.0054,0.106607,5.295027,True
KVAL0012,24,1.101855,Neck,0.007353,0.001995,0.004575,-0.0054,0.109778,9.765692,True
KVAL0012,25,1.135188,Neck,3.4e-05,3e-05,1.5e-05,0.0,0.572933,7.062791,True
KVAL0012,26,1.168533,Neck,0.033405,0.00048,0.00681,0.0327,0.533706,13.107176,True
KVAL0012,27,1.201866,Neck,0.035581,-0.001545,0.005625,0.0351,0.335887,18.785922,True
KVAL0012,28,1.235177,Neck,0.015889,-0.001965,-0.006075,0.01455,1.693478,33.63978,True
KVAL0012,29,1.268511,Neck,0.145109,0.03057,0.061245,0.12795,1.908831,58.06018,True
KVAL0012,30,1.301844,Neck,0.136622,0.02394,0.058335,0.1212,2.177257,58.410451,True
KVAL0012,31,1.335177,Neck,0.01627,-0.00921,-0.010575,0.00825,1.985903,28.335783,True
KVAL0012,32,1.3685,Neck,0.010884,-0.00522,-0.004545,0.0084,1.044175,24.349278,True
KVAL0012,33,1.401844,Neck,0.083147,-0.02604,-0.078,0.0123,1.251827,22.782375,True
KVAL0012,34,1.435166,Neck,0.088549,-0.018405,-0.08661,0.0009,1.133569,20.943563,True
KVAL0012,35,1.4685,Neck,0.109845,0.04671,-0.098235,0.0153,0.741336,62.500066,True
KVAL0012,36,1.501844,Neck,0.105706,0.0213,-0.099915,0.02715,3.4287,61.905219,True
KVAL0012,37,1.535177,Neck,0.190688,-0.060225,-0.03678,-0.17715,3.511147,90.259851,True
KVAL0012,38,1.568511,Neck,0.18132,-0.04485,-0.00354,-0.17565,3.083175,86.24913,True
KVAL0012,39,1.601855,Neck,0.059627,-0.00828,0.05898,-0.00285,3.316188,50.460953,True
KVAL0012,40,1.635177,Neck,0.153467,-0.11079,0.106095,0.00465,1.422196,122.302861,True
KVAL0012,41,1.668522,Neck,0.120345,-0.09903,0.063975,0.02415,4.986414,86.175952,True
KVAL0012,42,1.701844,Neck,0.220185,0.04428,-0.127455,-0.174,4.70889,101.638079,True
KVAL0012,43,1.735177,Neck,0.224066,0.04566,-0.12624,-0.1794,4.392882,108.720622,True
KVAL0012,44,1.768511,Neck,0.398823,0.08124,0.07392,-0.3834,7.012361,115.965821,True
KVAL0012,45,1.801855,Neck,0.598319,0.067665,0.10491,-0.58515,3.467509,217.876606,True
KVAL0012,46,1.835177,Neck,0.179019,0.03669,-0.014715,-0.1746,7.531385,93.840588,True
KVAL0012,47,1.868511,Neck,0.168671,0.05217,-0.098685,-0.12645,3.480918,159.468707,True
KVAL0012,48,1.901844,Neck,0.389511,-0.05895,-0.070845,-0.37845,3.530662,,True
KVAL0012,49,1.935177,Neck,0.328363,-0.072675,-0.041265,-0.31755,,,True
KVAL0012,50,1.9685,Neck,,,,,,,True
KVAL0012,51,2.001833,Neck,,,,,,,False
KVAL0012,52,2.035177,Neck,,,,,,,True
KVAL0012,53,2.068511,Neck,0.038517,-0.021525,0.009645,-0.03045,,,True
KVAL0012,54,2.101844,Neck,0.342887,-0.009225,-0.03054,0.3414,,,True
KVAL0012,55,2.135188,Neck,,,,,,,True
KVAL0012,56,2.168511,Neck,,,,,,,False
KVAL0012,57,2.201855,Neck,,,,,,,True
KVAL0012,58,2.235166,Neck,,,,,,,True
KVAL0012,59,2.268511,Neck,,,,,,,False
KVAL0012,60,2.301833,Neck,,,,,,,True
KVAL0012,61,2.335177,Neck,0.323677,0.2247,0.21624,-0.0867,,,True
KVAL0012,62,2.3685,Neck,0.060998,-0.01644,-0.03846,-0.0444,7.276155,,True
KVAL0012,63,2.401844,Neck,0.184708,-0.0261,-0.161235,0.08625,3.121524,138.729891,True
KVAL0012,64,2.435177,Neck,0.208777,-0.06282,-0.16077,0.11745,2.367834,62.421606,True
KVAL0012,65,2.468522,Neck,0.057741,-0.04548,-0.01401,0.0327,2.999713,160.049321,True
KVAL0012,66,2.501833,Neck,0.291693,-0.23619,-0.069105,0.1566,9.647333,96.444794,True
KVAL0012,67,2.535166,Neck,0.696173,-0.372375,-0.08628,0.58185,4.228652,411.585577,True
KVAL0012,68,2.5685,Neck,0.219402,-0.14253,-0.13221,-0.1017,17.980404,89.915239,True
KVAL0012,69,2.601844,Neck,0.562932,0.021285,-0.11853,-0.5499,3.316619,391.423738,True
KVAL0012,70,2.635177,Neck,0.027339,0.02079,-0.014205,-0.01065,8.470452,50.954145,True
KVAL0012,71,2.668522,Neck,0.005686,0.00474,-0.002025,0.0024,0.415822,128.405288,True
KVAL0012,72,2.701833,Neck,0.000456,-0.00045,7.5e-05,0.0,0.398511,8.746027,True
KVAL0012,73,2.735177,Neck,0.026742,0.01653,0.019695,-0.00735,0.354618,23.383044,True
KVAL0012,74,2.7685,Neck,0.023407,0.015015,0.01788,-0.00165,1.350167,34.494326,True
KVAL0012,75,2.801844,Neck,0.078807,-0.037095,-0.02319,-0.06555,2.020313,32.999639,True
KVAL0012,76,2.835177,Neck,0.118107,-0.068145,-0.052155,-0.08115,0.942484,68.696841,True
KVAL0012,77,2.868522,Neck,0.046815,-0.03087,0.02457,-0.0252,2.652907,8.992136,True
KVAL0012,78,2.901833,Neck,0.093381,0.010785,0.09156,-0.01485,1.119824,45.824894,True
KVAL0012,79,2.935166,Neck,0.06405,-0.00774,0.047865,0.04185,0.651471,28.80578,True
KVAL0012,80,2.968511,Neck,0.059817,-0.003285,0.058875,0.01005,0.934437,12.501562,True
KVAL0012,81,3.001844,Neck,0.047334,0.01524,0.041955,-0.01575,1.253184,27.988156,True
KVAL0012,82,3.035166,Neck,0.031539,0.00207,-0.023835,0.02055,1.183242,25.867622,True
KVAL0012,83,3.068511,Neck,0.049394,0.02541,-0.012405,0.0405,0.552621,21.162181,True
KVAL0012,84,3.101833,Neck,0.029001,0.022605,0.00654,0.01695,0.613206,19.634212,True
KVAL0012,85,3.135166,Neck,0.036853,-0.005415,-0.03021,0.0204,0.757223,6.376233,True
KVAL0012,86,3.1685,Neck,0.042178,-0.00279,-0.036975,0.0201,0.449556,6.06126,True
KVAL0012,87,3.201844,Neck,0.03266,-0.021465,-0.024255,-0.0042,0.421793,23.964938,True
KVAL0012,88,3.235166,Neck,0.062268,-0.02472,-0.05439,0.01755,1.726384,45.619076,True
KVAL0012,89,3.2685,Neck,0.123312,0.024225,-0.066315,-0.1011,2.80591,56.769423,True
KVAL0012,90,3.301833,Neck,0.142944,0.041685,0.03675,-0.1317,2.265997,77.852571,True
KVAL0012,91,3.335177,Neck,0.067432,0.00111,0.062415,-0.0255,2.404909,44.078747,True
KVAL0012,92,3.368511,Neck,0.023549,-0.015315,-0.01563,0.0087,1.429529,30.340185,True
KVAL0012,93,3.401855,Neck,0.043091,-0.007965,-0.004095,0.04215,0.593668,28.714334,True
KVAL0012,94,3.435166,Neck,0.048371,-0.013365,-0.003585,0.04635,0.68467,30.321157,True
KVAL0012,95,3.4685,Neck,0.012227,0.004335,-0.01137,-0.0012,1.459601,6.015793,True
KVAL0012,96,3.501833,Neck,0.050701,0.01488,-0.01512,-0.04605,0.735907,33.619829,True
KVAL0012,97,3.535166,Neck,0.051197,-0.00954,-0.01455,-0.04815,0.82631,19.174353,True
KVAL0012,98,3.5685,Neck,0.018403,-0.017625,0.001875,-0.00495,0.59746,16.460524,True
KVAL0012,99,3.601844,Neck,0.019107,-0.010335,0.006825,-0.01455,0.29384,10.416991,True
KVAL0012,100,3.635166,Neck,0.023738,-0.01095,-0.011415,-0.0177,0.469968,9.031269,True
KVAL0012,101,3.6685,Neck,0.018534,-0.00651,-0.01611,0.00645,0.362227,21.269255,True
KVAL0012,102,3.701844,Neck,0.000968,-0.0006,0.000465,0.0006,1.260629,9.639448,True
KVAL0012,103,3.735177,Neck,0.073197,0.036585,0.045255,0.0444,0.86966,49.675644,True
KVAL0012,104,3.768511,Neck,0.058056,0.035445,0.04512,0.00885,2.246026,34.683548,True
KVAL0012,105,3.801844,Neck,0.092887,-0.013935,0.007845,-0.0915,1.625804,36.019645,True
KVAL0012,106,3.835166,Neck,0.079982,-0.020805,0.009435,-0.07665,0.511382,25.307099,True
KVAL0012,107,3.8685,Neck,0.07962,-0.03318,-0.01185,-0.0714,0.853799,13.045463,True
KVAL0012,108,3.901844,Neck,0.080204,-0.043815,-0.03807,-0.05535,1.042687,24.466129,True
KVAL0012,109,3.935177,Neck,0.03134,-0.018675,-0.024735,-0.00465,1.164282,18.261885,True
KVAL0012,110,3.9685,Neck,0.035619,-0.03372,0.01068,0.0042,0.593182,18.144729,True
KVAL0012,111,4.001844,Neck,0.035696,-0.033795,0.010755,0.00405,0.373176,14.285302,True
KVAL0012,112,4.035177,Neck,0.033718,-0.019485,0.025845,-0.00945,0.702242,10.480184,True
KVAL0012,113,4.068511,Neck,0.053327,-0.02676,0.02094,-0.0411,0.595591,15.639702,True
KVAL0012,114,4.101833,Neck,0.033001,-0.00747,-0.004695,-0.0318,0.375819,22.1166,True
KVAL0012,115,4.135166,Neck,0.048693,-0.035355,0.02784,-0.0186,0.979638,13.529286,True
KVAL0012,116,4.168511,Neck,0.076543,-0.04734,0.046665,-0.03795,0.598718,16.453028,True
KVAL0012,117,4.201844,Neck,0.080942,-0.04368,0.038685,-0.0561,0.205063,30.97286,True
KVAL0012,118,4.235177,Neck,0.069612,-0.03387,0.04857,-0.0366,1.478497,23.045608,True
KVAL0012,119,4.268511,Neck,0.043748,-0.005175,0.027165,0.0339,1.60653,35.690534,True
KVAL0012,120,4.301855,Neck,0.056601,0.005625,0.01041,0.05535,1.050219,50.719586,True
KVAL0012,121,4.335188,Neck,0.033081,-0.02166,-0.010905,-0.0225,1.872668,23.107032,True
KVAL0012,122,4.368522,Neck,0.07002,-0.005475,0.010575,-0.069,0.774351,42.167388,True
KVAL0012,123,4.401866,Neck,0.04343,0.011865,0.02727,-0.03165,0.973647,20.136308,True
KVAL0012,124,4.4352,Neck,0.015815,-0.012855,-0.00627,-0.00675,0.65151,14.27197,True
KVAL0012,125,4.468511,Neck,1.5e-05,-1.5e-05,0.0,0.0,0.236955,17.125618,True
KVAL0012,126,4.501844,Neck,3.4e-05,-3e-05,1.5e-05,0.0,0.535248,13.875127,True
KVAL0012,127,4.535166,Neck,0.035683,0.0,0.00789,-0.0348,0.789867,13.414487,True
KVAL0012,128,4.568511,Neck,0.052663,-0.005775,0.00555,-0.05205,0.38248,19.884923,True
KVAL0012,129,4.601844,Neck,0.01711,-0.011055,0.00048,-0.01305,0.549341,10.086483,True
KVAL0012,130,4.635177,Neck,0.020446,-0.010305,-0.00441,-0.0171,0.919987,9.862767,True
KVAL0012,131,4.668511,Neck,0.058542,-0.02262,-0.05058,0.0189,1.142914,30.032589,True
KVAL0012,132,4.701844,Neck,0.060522,0.00723,-0.02784,0.05325,1.169392,28.017648,True
KVAL0012,133,4.735166,Neck,0.028086,0.021375,0.01344,0.0123,0.733249,14.183084,True
KVAL0012,134,4.768511,Neck,0.013043,-0.00351,-0.00417,0.01185,0.43922,10.977078,True
KVAL0012,135,4.801833,Neck,0.041363,0.01974,0.035745,-0.0066,0.188267,30.283607,True
KVAL0012,136,4.835177,Neck,0.014828,-0.002835,-0.01398,0.00405,1.630592,8.668015,True
KVAL0012,137,4.8685,Neck,0.068662,-0.01875,-0.05994,0.02775,0.426921,42.894795,True
KVAL0012,138,4.901844,Neck,0.017892,0.01227,0.00969,0.0087,1.347812,25.615851,True
KVAL0012,139,4.935166,Neck,0.057055,0.033945,0.010875,0.04455,1.818184,26.417213,True
KVAL0012,140,4.968511,Neck,0.133066,0.016485,0.037515,0.1266,1.287322,50.93126,True
KVAL0012,141,5.001833,Neck,0.125743,0.00255,0.027375,0.1227,1.722789,46.053544,True
KVAL0012,142,5.035166,Neck,0.065005,0.00222,-0.04443,0.0474,1.870207,53.696702,True
KVAL0012,143,5.0685,Neck,0.043574,0.0078,-0.03918,0.0174,4.380506,37.07263,True
KVAL0012,144,5.101844,Neck,0.244353,0.012855,-0.01866,-0.2433,3.69322,124.649689,True
KVAL0012,145,5.135166,Neck,0.228769,-0.002985,-0.020265,-0.22785,3.935666,125.911115,True
KVAL0012,146,5.168511,Neck,0.059497,0.019755,-0.053595,0.01665,4.807208,43.849972,True
KVAL0012,147,5.201833,Neck,0.154785,0.08445,-0.111225,0.06675,1.381192,74.980558,True
KVAL0012,148,5.235166,Neck,0.14202,0.06774,-0.090375,0.0861,1.813192,34.775759,True
KVAL0012,149,5.268511,Neck,0.136704,-0.01188,-0.0624,0.12105,1.503086,43.436565,True
KVAL0012,150,5.301844,Neck,0.125655,0.01629,-0.01314,0.1239,1.765601,29.468466,True
KVAL0012,151,5.335177,Neck,0.10048,0.055155,0.02526,0.0801,0.601298,38.536537,True
KVAL0012,152,5.368511,Neck,0.096573,0.03354,-0.01989,0.08835,1.159775,14.509089,True
KVAL0012,153,5.401844,Neck,0.040323,0.01371,-0.019455,0.03255,1.147619,12.662898,True
KVAL0012,154,5.435188,Neck,0.027341,-0.004845,-0.014985,0.02235,0.526734,19.862214,True
KVAL0012,155,5.468511,Neck,0.02195,0.00591,-0.021075,-0.00165,0.681153,15.487669,True
KVAL0012,156,5.501855,Neck,0.033137,0.033,-0.003,0.0003,0.545808,19.317021,True
KVAL0012,157,5.535177,Neck,0.031365,0.01593,-0.001005,0.027,0.629325,17.123985,True
KVAL0012,158,5.568511,Neck,0.01879,-0.004755,0.00102,0.01815,0.66325,15.915881,True
KVAL0012,159,5.601833,Neck,0.015522,0.002685,0.002955,-0.015,0.504804,15.914414,True
KVAL0012,160,5.635177,Neck,0.016305,0.00819,-0.008085,-0.01155,0.45948,10.987236,True
KVAL0012,161,5.668511,Neck,0.028307,0.026865,0.0084,0.003,0.461923,13.406415,True
KVAL0012,162,5.701844,Neck,0.030192,0.019905,0.020355,-0.01005,0.458957,15.016571,True
KVAL0012,163,5.735166,Neck,0.012396,-0.002595,0.01113,-0.0048,0.581353,11.168116,True
KVAL0012,164,5.768511,Neck,0.009852,-0.002025,-0.006735,0.0069,0.447355,25.301063,True
KVAL0012,165,5.801844,Neck,0.039298,0.01395,0.03123,-0.01935,1.129938,21.857603,True
KVAL0012,166,5.835177,Neck,0.067464,0.028995,0.06054,-0.00675,1.11546,35.530287,True
KVAL0012,167,5.868511,Neck,0.054923,0.007065,0.01395,0.05265,1.348306,25.162619,True
KVAL0012,168,5.901844,Neck,0.056723,0.005985,0.000855,0.0564,0.76537,36.066185,True
KVAL0012,169,5.935166,Neck,0.022765,-0.001275,-0.01806,0.0138,1.309615,21.185046,True
KVAL0012,170,5.9685,Neck,0.048113,0.04059,-0.01242,-0.02265,0.94099,35.036015,True
KVAL0012,171,6.001833,Neck,0.044577,0.02889,0.03354,-0.00525,1.12151,19.469829,True
KVAL0012,172,6.035166,Neck,0.045815,0.011085,0.035985,0.0261,0.485448,21.829883,True
KVAL0012,173,6.0685,Neck,0.04334,0.033345,0.01674,0.02205,0.731623,6.289639,True
KVAL0012,174,6.101833,Neck,0.053185,0.01029,-0.0054,0.0519,0.658017,34.983975,True
KVAL0012,175,6.135166,Neck,0.053535,0.01053,-0.005505,0.0522,1.982896,40.809194,True
KVAL0012,176,6.168511,Neck,0.107632,0.09357,-0.018285,-0.04995,2.195984,50.933579,True
KVAL0012,177,6.201833,Neck,0.116005,0.086085,-0.034065,-0.0699,1.550644,64.676184,True
KVAL0012,178,6.235166,Neck,0.019933,-0.00414,-0.007845,-0.01785,2.140659,41.65099,True
KVAL0012,179,6.2685,Neck,0.075222,0.03615,-0.01956,0.063,2.090735,48.259715,True
KVAL0012,180,6.301833,Neck,0.124066,0.05451,-0.03651,0.1053,1.222976,75.113985,True
KVAL0012,181,6.335177,Neck,0.034819,0.0153,-0.027195,-0.01545,2.954159,16.354995,True
KVAL0012,182,6.368511,Neck,0.089067,0.00822,-0.02301,-0.08565,0.436972,50.911987,True
KVAL0012,183,6.401855,Neck,0.038805,0.019935,-0.00441,-0.033,1.411842,16.95052,True
KVAL0012,184,6.435188,Neck,0.103543,0.023355,0.06909,-0.0735,1.063198,61.632425,True
KVAL0012,185,6.468522,Neck,0.097452,0.08997,-0.015255,-0.0342,2.93374,24.667991,True
KVAL0012,186,6.501866,Neck,0.148671,0.104865,-0.10218,-0.0258,1.089934,59.444829,True
KVAL0012,187,6.5352,Neck,0.131285,0.076485,-0.015315,-0.1056,1.149865,67.394419,True
KVAL0012,188,6.568511,Neck,0.072914,0.056475,-0.045375,-0.00825,3.454617,18.958012,True
KVAL0012,189,6.601844,Neck,0.160573,0.075825,-0.08328,0.11445,0.505833,79.112546,True
KVAL0012,190,6.635177,Neck,0.086748,0.082965,-0.02514,-0.00315,1.894006,28.213199,True
KVAL0012,191,6.668511,Neck,0.048439,0.04131,-0.023805,0.00855,1.639371,14.205513,True
KVAL0012,192,6.701855,Neck,0.096171,0.022215,-0.033675,0.0873,1.714946,60.884215,True
KVAL0012,193,6.735188,Neck,0.07562,-0.017505,0.058995,-0.04395,2.955877,35.906118,True
KVAL0012,194,6.768522,Neck,0.105318,-0.040515,0.068175,-0.0693,0.797344,47.66262,True
KVAL0012,195,6.801866,Neck,0.035436,-0.022305,0.00921,-0.02595,0.708629,47.644315,True
KVAL0012,196,6.8352,Neck,0.110994,-0.01128,0.099075,-0.04875,2.455377,60.466236,True
KVAL0012,197,6.868511,Neck,0.16552,0.0519,0.155115,-0.02535,4.14274,99.0086,True
KVAL0012,198,6.901844,Neck,0.202557,0.1797,-0.05997,0.0717,4.701979,96.859444,True
KVAL0012,199,6.935166,Neck,0.208638,0.154695,-0.132465,0.0453,2.436847,88.904693,True
KVAL0012,200,6.9685,Neck,0.051494,0.04362,-0.025455,-0.01005,2.811065,70.503188,True
KVAL0012,201,7.001844,Neck,0.168357,-0.03078,-0.159285,0.045,3.936955,50.959499,True
KVAL0012,202,7.035177,Neck,0.271163,-0.051165,-0.257595,0.0675,0.928337,106.283259,True
KVAL0012,203,7.068511,Neck,0.110393,-0.00486,-0.10812,0.02175,3.249341,15.967086,True
KVAL0012,204,7.101855,Neck,0.11136,0.05238,-0.067365,0.07155,1.14971,55.59067,True
KVAL0012,205,7.135177,Neck,0.102475,0.04227,-0.066465,0.06555,2.99573,67.125747,True
KVAL0012,206,7.168522,Neck,0.095563,-0.00801,0.03663,-0.0879,4.218423,55.072815,True
KVAL0012,207,7.201844,Neck,0.182771,-0.01575,0.140895,-0.11535,1.514821,106.362738,True
KVAL0012,208,7.235177,Neck,0.105633,-0.00687,0.10458,-0.0132,2.885692,59.090496,True
KVAL0012,209,7.268511,Neck,0.014881,0.00093,0.000255,0.01485,2.549788,73.091037,True
KVAL0012,210,7.301855,Neck,0.151517,-0.092235,0.003735,-0.12015,2.77438,71.495645,True
KVAL0012,211,7.335177,Neck,0.17583,-0.148425,0.003555,-0.0942,2.663206,92.047182,True
KVAL0012,212,7.368511,Neck,0.093923,-0.07494,0.00276,0.05655,3.46919,28.238873,True
KVAL0012,213,7.401833,Neck,0.103509,-0.02205,0.02271,0.09855,1.712918,55.137392,True
KVAL0012,214,7.435166,Neck,0.130819,0.01224,0.012945,0.1296,1.455539,66.128607,True
KVAL0012,215,7.4685,Neck,0.097686,0.053415,0.062715,0.0525,3.276719,44.338148,True
KVAL0012,216,7.501844,Neck,0.124765,0.02247,0.100665,-0.0702,2.187819,90.166961,True
KVAL0012,217,7.535166,Neck,0.076097,-0.04725,0.033945,-0.04905,2.96929,55.604084,True
KVAL0012,218,7.568511,Neck,0.078055,-0.04353,-0.04449,0.0471,2.199434,41.876208,True
KVAL0012,219,7.601833,Neck,0.091153,-0.02484,-0.072705,0.04905,0.210186,51.037039,True
KVAL0012,220,7.635177,Neck,0.088675,-0.0411,-0.053445,0.0576,1.248337,33.023846,True
KVAL0012,221,7.6685,Neck,0.013116,-0.01182,-0.00534,0.00195,2.012833,35.038978,True
KVAL0012,222,7.701844,Neck,0.064591,-0.014205,-0.00111,-0.063,1.871945,36.282768,True
KVAL0012,223,7.735177,Neck,0.135413,-0.11553,-0.040245,-0.05805,1.131687,57.58541,True
KVAL0012,224,7.768511,Neck,0.115852,-0.088065,-0.011445,-0.0744,2.073566,38.451035,True
KVAL0012,225,7.801844,Neck,0.055384,0.01152,0.013935,-0.05235,1.466813,35.692934,True
KVAL0012,226,7.835188,Neck,0.035651,-0.003795,0.014715,-0.03225,0.718776,13.947583,True
KVAL0012,227,7.8685,Neck,0.017744,-0.005715,0.014955,-0.00765,0.907061,34.508799,True
KVAL0012,228,7.901844,Neck,0.035013,0.027795,0.00951,0.01905,1.636439,39.874443,True
KVAL0012,229,7.935166,Neck,0.118063,0.055095,0.053955,-0.0894,1.881671,46.888916,True
KVAL0012,230,7.968511,Neck,0.117414,0.033405,0.05778,-0.0966,1.526916,42.66125,True
KVAL0012,231,8.001833,Neck,0.05082,-0.0171,0.04422,-0.0183,1.041111,27.137448,True
KVAL0012,232,8.035177,Neck,0.057826,-7.5e-05,0.044145,-0.03735,0.72198,9.917424,True
KVAL0012,233,8.068511,Neck,0.014547,0.00954,0.005055,-0.00975,1.047559,11.319725,True
KVAL0012,234,8.101855,Neck,0.018238,-0.00036,0.001755,0.01815,0.458517,20.124856,True
KVAL0012,235,8.135177,Neck,0.030312,0.022455,0.010575,0.0174,0.50036,15.952127,True
KVAL0012,236,8.168522,Neck,0.03392,0.029475,0.013875,0.00945,0.610018,14.490251,True
KVAL0012,237,8.201833,Neck,0.025538,0.011325,0.007575,-0.0216,0.647196,14.314326,True
KVAL0012,238,8.235166,Neck,0.024645,0.004185,0.00372,-0.024,0.382766,15.575904,True
KVAL0012,239,8.268511,Neck,0.00733,0.00684,0.00066,0.00255,0.423831,6.156056,True
KVAL0012,240,8.301844,Neck,0.012281,0.011895,0.00057,0.003,0.039052,8.075692,True
KVAL0012,241,8.335166,Neck,0.00565,0.00564,0.000135,0.0003,0.183101,1.091545,True
KVAL0012,242,8.368511,Neck,8.1e-05,7.5e-05,3e-05,0.0,0.084519,2.73315,True
KVAL0012,243,8.401833,Neck,1.5e-05,1.5e-05,0.0,0.0,0.001006,1.264418,True
KVAL0012,244,8.435166,Neck,1.5e-05,1.5e-05,0.0,0.0,0.000225,0.012169,True
KVAL0012,245,8.4685,Neck,0.0,0.0,0.0,0.0,0.000225,0.596383,True
KVAL0012,246,8.501833,Neck,0.0,0.0,0.0,0.0,0.039568,0.608362,True
KVAL0012,247,8.535166,Neck,0.002638,0.002235,0.000375,0.00135,0.040365,25.43247,True
KVAL0012,248,8.568511,Neck,0.002691,0.002295,0.00039,0.00135,1.693154,28.956329,True
KVAL0012,249,8.601844,Neck,0.112782,0.04827,-0.08013,-0.063,1.917741,57.101765,True
KVAL0012,250,8.635188,Neck,0.127055,0.032595,-0.02871,-0.1194,2.26137,58.880153,True
KVAL0012,251,8.668511,Neck,0.079576,-0.01902,0.054525,-0.05475,2.008161,48.071527,True
KVAL0012,252,8.701844,Neck,0.007268,-0.002955,0.003645,0.00555,1.230701,31.672092,True
KVAL0012,253,8.735177,Neck,0.003965,0.00045,0.000555,0.0039,0.10946,12.165847,True
KVAL0012,254,8.768522,Neck,9.1e-05,9e-05,1.5e-05,0.0,1.047461,13.555545,True
KVAL0012,255,8.801844,Neck,0.069878,0.0195,-0.066345,0.01005,0.949203,47.124235,True
KVAL0012,256,8.835188,Neck,0.063281,0.010815,-0.06186,0.0078,2.264262,41.624384,True
KVAL0012,257,8.8685,Neck,0.11028,-0.04428,0.044025,0.0909,2.042487,71.216829,True
KVAL0012,258,8.901844,Neck,0.104215,-0.040005,0.034065,0.09,2.570352,59.159028,True
KVAL0012,259,8.935166,Neck,0.062349,0.016485,-0.03738,-0.0471,1.954798,77.809973,True
KVAL0012,260,8.9685,Neck,0.030616,0.01305,-0.023925,-0.01395,2.635754,53.655643,True
KVAL0012,261,9.001833,Neck,0.116371,-0.02478,0.031155,0.10935,1.631495,72.462738,True
KVAL0012,262,9.035166,Neck,0.084407,-0.01704,0.02319,0.07935,2.213749,51.439602,True
KVAL0012,263,9.068511,Neck,0.03172,0.006825,-0.00219,-0.0309,1.852778,39.009748,True
KVAL0012,264,9.101844,Neck,0.044591,0.020445,0.011895,-0.0378,0.446945,37.22084,True
KVAL0012,265,9.135177,Neck,0.020783,0.013605,0.014115,-0.0069,0.66886,10.94519,True
KVAL0012,266,9.168511,Neck,0.0,0.0,0.0,0.0,0.318521,15.222196,True
KVAL0012,267,9.201833,Neck,0.021941,-0.00207,0.00855,-0.0201,0.387232,35.612615,True
KVAL0012,268,9.235177,Neck,0.025815,-0.002625,0.009525,-0.02385,2.249298,28.264552,True
KVAL0012,269,9.2685,Neck,0.15762,-0.00153,0.157575,-0.00345,2.128835,83.493416,True
KVAL0012,270,9.301844,Neck,0.160737,-0.023595,0.140355,-0.0747,3.354304,74.953877,True
KVAL0012,271,9.335166,Neck,0.092172,-0.04224,-0.05463,-0.06105,3.043452,74.610775,True
KVAL0012,272,9.368511,Neck,0.109613,-0.09669,-0.043155,-0.02835,3.590025,47.489679,True
KVAL0012,273,9.401844,Neck,0.270399,-0.26925,-0.02355,0.0081,1.679998,151.119954,True
KVAL0012,274,9.435177,Neck,0.185356,-0.17964,-0.017235,0.0423,6.803459,117.169694,True
KVAL0012,275,9.468511,Neck,0.314324,0.05268,0.008895,-0.30975,6.245158,149.302575,True
KVAL0012,276,9.501844,Neck,0.31141,0.043635,0.007365,-0.30825,3.766875,140.513806,True
KVAL0012,277,9.535177,Neck,0.079832,0.027435,0.042,-0.0621,3.505762,56.333399,True
KVAL0012,278,9.568511,Neck,0.092597,0.04317,0.031185,-0.07575,1.097287,51.609504,True
KVAL0012,279,9.601833,Neck,0.050345,-0.0018,-0.0228,-0.04485,1.436444,20.22036,True
KVAL0012,280,9.635166,Neck,0.061889,-0.03807,-0.01095,-0.04755,0.536801,14.81969,True
KVAL0012,281,9.6685,Neck,0.028604,-0.01704,0.00105,-0.02295,1.349163,20.508062,True
KVAL0012,282,9.701844,Neck,0.09193,-0.07026,-0.05394,0.0246,1.351026,38.493172,True
KVAL0012,283,9.735166,Neck,0.091838,-0.07011,-0.05391,0.02475,1.380813,47.086775,True
KVAL0012,284,9.768511,Neck,0.000239,0.00018,4.5e-05,0.00015,1.81393,19.633692,True
KVAL0012,285,9.801844,Neck,0.054258,0.00969,-0.00681,-0.05295,0.901755,35.129452,True
KVAL0012,286,9.835177,Neck,0.060025,0.01845,-0.00804,-0.05655,0.745115,15.406393,True
KVAL0012,287,9.8685,Neck,0.009576,0.00879,-0.001215,-0.0036,0.298997,23.025227,True
KVAL0012,288,9.901833,Neck,0.057624,0.0072,0.008415,-0.05655,0.81025,56.052486,True
KVAL0012,289,9.935177,Neck,0.058181,0.010095,0.01011,-0.0564,3.793187,55.993095,True
KVAL0012,290,9.968511,Neck,0.198117,-0.065715,0.027945,0.1848,2.966425,115.485825,True
KVAL0012,291,10.001844,Neck,0.144081,-0.01038,0.040095,0.138,3.944262,75.125933,True
KVAL0012,292,10.035188,Neck,0.075909,0.058275,0.013785,-0.04665,2.100641,50.597505,True
KVAL0012,293,10.068511,Neck,0.03095,0.01995,-0.01866,0.01455,0.613905,25.659371,True
KVAL0012,294,10.101855,Neck,0.108315,0.06471,0.007335,-0.08655,1.695755,85.058391,True
KVAL0012,295,10.135177,Neck,0.100632,0.0483,0.03333,-0.08175,5.070228,123.73749,True
KVAL0012,296,10.168511,Neck,0.242042,-0.015615,-0.00951,0.24135,6.99167,97.581603,True
KVAL0012,297,10.201844,Neck,0.412063,0.15975,0.10425,0.36525,3.605778,153.035785,True
KVAL0012,298,10.235177,Neck,0.352301,0.20295,0.084645,0.27525,3.521561,109.066108,True
KVAL0012,299,10.2685,Neck,0.215886,0.089595,-0.038535,0.1926,3.966635,29.956857,True
KVAL0012,300,10.301844,Neck,0.155934,0.047805,-0.072345,0.1296,2.278502,69.863305,True
KVAL0012,301,10.335166,Neck,0.112661,-0.01407,-0.07092,0.0864,0.733984,56.14382,True
KVAL0012,302,10.3685,Neck,0.171421,0.06102,-0.033735,0.1566,1.480539,43.214318,True
KVAL0012,303,10.401833,Neck,0.160243,0.053745,-0.033045,0.1473,2.481942,54.255988,True
KVAL0012,304,10.435177,Neck,0.008883,-0.003645,9e-05,0.0081,2.403644,36.823805,True
KVAL0012,305,10.468511,Neck,0.0,0.0,0.0,0.0,0.03624,41.673891,True
KVAL0012,306,10.501844,Neck,0.006542,-0.00288,0.000525,0.00585,0.395458,10.13642,True
KVAL0012,307,10.535166,Neck,0.026364,0.002325,0.000765,0.02625,0.650862,10.338894,True
KVAL0012,308,10.5685,Neck,0.049074,-0.02046,0.02613,0.03615,0.412314,14.928521,True
KVAL0012,309,10.601844,Neck,0.028103,-0.01773,0.015825,0.015,0.531955,5.97574,True
KVAL0012,310,10.635177,Neck,0.046849,0.015,0.02637,0.0357,0.216963,15.862248,True
KVAL0012,311,10.6685,Neck,0.039742,-0.017415,0.029115,0.0207,0.627065,17.490414,True
KVAL0012,312,10.701844,Neck,0.030739,-0.0126,-0.004005,0.02775,1.034609,14.950891,True
KVAL0012,313,10.735166,Neck,0.060659,0.006105,-0.02634,0.0543,0.988402,67.346769,True
KVAL0012,314,10.768511,Neck,0.042608,0.000585,-0.02784,-0.03225,3.981544,27.294546,True
KVAL0012,315,10.801844,Neck,0.216375,0.03705,-0.04299,-0.2088,2.77246,100.289726,True
KVAL0012,316,10.835177,Neck,0.225578,-0.00222,-0.0972,-0.20355,2.774954,91.589337,True
KVAL0012,317,10.8685,Neck,0.072506,-0.03291,-0.052395,-0.0378,3.48473,58.932231,True
KVAL0012,318,10.901833,Neck,0.090551,0.055125,0.058815,-0.04125,1.899853,65.662032,True
KVAL0012,319,10.935177,Neck,0.085041,0.038475,0.050535,-0.05655,1.5269,46.908771,True
KVAL0012,320,10.968511,Neck,0.024373,-0.01692,-0.00831,-0.01545,1.415669,25.260857,True
KVAL0012,321,11.001833,Neck,0.064817,-0.0495,0.02592,-0.03285,0.4792,36.300504,True
KVAL0012,322,11.035166,Neck,0.050641,-0.01338,-0.01494,-0.0465,1.498671,10.081091,True
KVAL0012,323,11.0685,Neck,0.064335,0.012405,-0.05247,-0.0351,0.821593,39.308539,True
KVAL0012,324,11.101833,Neck,0.101192,-0.053715,-0.03024,-0.08025,1.22434,32.881533,True
KVAL0012,325,11.135166,Neck,0.073205,-0.063735,-0.02433,-0.02655,1.50811,41.287759,True
KVAL0012,326,11.1685,Neck,0.047139,-0.03729,-0.022035,0.0186,3.172722,90.066393,True
KVAL0012,327,11.201833,Neck,0.272517,-0.1914,-0.0039,-0.19395,4.516933,83.353039,True
KVAL0012,328,11.235166,Neck,0.301941,-0.141975,-0.04323,-0.26295,2.964693,105.304719,True
KVAL0012,329,11.268511,Neck,0.18636,0.005895,-0.01245,-0.18585,3.885732,41.597157,True
KVAL0012,330,11.301844,Neck,0.274384,0.09708,0.055785,-0.2505,0.350677,125.143156,True
KVAL0012,331,11.335166,Neck,0.188855,0.02052,0.0057,-0.18765,4.97133,36.801124,True
KVAL0012,332,11.368511,Neck,0.16557,-0.15366,-0.03234,-0.0525,2.470328,108.947708,True
KVAL0012,333,11.401833,Neck,0.128313,-0.04731,0.097395,-0.06885,5.224293,43.787152,True
KVAL0012,334,11.435177,Neck,0.25293,-0.003975,0.144645,0.20745,3.547282,150.957278,True
KVAL0012,335,11.4685,Neck,0.195152,0.03384,0.117105,0.1524,5.19011,120.311352,True
KVAL0012,336,11.501833,Neck,0.237237,-0.16398,0.139755,-0.0993,4.850597,121.447385,True
KVAL0012,337,11.535166,Neck,0.242798,-0.22917,0.07407,-0.03075,3.132172,160.742712,True
KVAL0012,338,11.5685,Neck,0.080083,-0.03069,0.0615,0.0411,5.955966,35.278107,True
KVAL0012,339,11.601844,Neck,0.2689,0.043485,0.0633,0.2577,3.743645,108.898685,True
KVAL0012,340,11.635177,Neck,0.293272,0.016365,0.06189,0.2862,1.746857,125.676581,True
KVAL0012,341,11.6685,Neck,0.233634,-0.04473,-0.007185,0.2292,5.156215,88.444915,True
KVAL0012,342,11.701844,Neck,0.151212,0.05091,-0.141915,0.01155,5.866109,93.1887,True
KVAL0012,343,11.735177,Neck,0.165076,0.048315,-0.05634,-0.14745,2.273712,147.260191,True
KVAL0012,344,11.768511,Neck,0.042305,0.013365,-0.004365,-0.0399,4.060507,77.819088,True
KVAL0012,345,11.801844,Neck,0.153333,0.025125,-0.09228,0.11985,3.33557,23.092902,True
KVAL0012,346,11.835177,Neck,0.190097,-0.02463,-0.11571,0.1488,5.008224,62.547576,True
KVAL0012,347,11.868511,Neck,0.452096,-0.07311,-0.080895,0.43875,4.739589,166.735582,True
KVAL0012,348,11.901844,Neck,0.428461,-0.08052,0.038085,0.4191,6.223083,157.36106,True
KVAL0012,349,11.935166,Neck,0.093846,0.06717,0.02139,0.06195,5.960836,95.285075,True
KVAL0012,350,11.9685,Neck,0.099781,0.07617,-0.02502,0.0594,1.312479,121.855902,True
KVAL0012,351,12.001844,Neck,0.079298,-0.00711,0.06459,0.04545,2.480157,34.757359,True
KVAL0012,352,12.035177,Neck,0.171345,-0.01452,0.07755,0.1521,1.558829,60.836707,True
KVAL0012,353,12.0685,Neck,0.138929,-0.019095,0.01623,0.13665,1.70366,59.984423,True
KVAL0012,354,12.101833,Neck,0.059899,0.00786,0.02658,0.0531,2.523101,16.294839,True
KVAL0012,355,12.135166,Neck,0.067136,-0.043395,0.043155,-0.0276,1.393701,51.661824,True
KVAL0012,356,12.168511,Neck,0.047303,-0.023685,0.022515,-0.0342,1.570585,25.179338,True
KVAL0012,357,12.201833,Neck,0.047772,0.046605,-0.006675,-0.0081,2.42702,59.559617,True
KVAL0012,358,12.235177,Neck,0.18702,0.03735,0.006135,-0.18315,2.970365,71.375946,True
KVAL0012,359,12.268511,Neck,0.198001,-0.006405,0.023475,-0.1965,2.33585,95.052484,True
KVAL0012,360,12.301855,Neck,0.052722,-0.02919,0.011205,-0.04245,3.46976,22.990108,True
KVAL0012,361,12.335166,Neck,0.043614,-0.02166,0.01623,0.0342,1.052378,68.593161,True
KVAL0012,362,12.3685,Neck,0.041764,-0.02319,0.022395,0.02655,1.16412,29.778265,True
KVAL0012,363,12.401844,Neck,0.037844,-0.0009,-0.00501,-0.0375,1.008247,27.936834,True
KVAL0012,364,12.435177,Neck,0.03461,-0.013515,-0.01806,-0.02625,0.720364,22.153983,True
KVAL0012,365,12.4685,Neck,0.018419,-0.01491,-0.00681,0.0084,0.519714,27.803295,True
KVAL0012,366,12.501833,Neck,6.2e-05,1.5e-05,6e-05,0.0,1.157522,19.735605,True
KVAL0012,367,12.535177,Neck,0.064478,0.005085,0.021,-0.06075,1.083797,37.04617,True
KVAL0012,368,12.568511,Neck,0.072291,-0.001275,0.046305,-0.0555,1.350229,49.007237,True
KVAL0012,369,12.601833,Neck,0.033038,-0.005415,0.01581,0.0285,2.254464,16.349561,True
KVAL0012,370,12.635177,Neck,0.090438,-0.014745,0.007035,0.08895,0.441458,60.630099,True
KVAL0012,371,12.6685,Neck,0.048684,-0.00213,-0.005715,0.0483,1.917938,19.670421,True
KVAL0012,372,12.701844,Neck,0.041284,0.01704,-0.01983,-0.03195,0.89596,37.963861,True
KVAL0012,373,12.735177,Neck,0.023042,0.00591,0.0219,-0.00405,0.831574,20.266353,True
KVAL0012,374,12.768511,Neck,0.029619,0.00018,0.02802,-0.0096,1.395285,30.616498,True
KVAL0012,375,12.801833,Neck,0.086112,0.03135,-0.03768,-0.0708,1.217432,45.978062,True
KVAL0012,376,12.835166,Neck,0.066679,0.03822,-0.036675,-0.0405,1.710889,39.710796,True
KVAL0012,377,12.868511,Neck,0.0297,-0.0057,0.00339,0.02895,1.496343,28.632036,True
KVAL0012,378,12.901844,Neck,0.034578,-0.01299,0.01275,0.0294,0.362315,29.080828,True
KVAL0012,379,12.935166,Neck,0.021837,-0.002715,0.01887,0.01065,0.50534,7.212139,True
KVAL0012,380,12.968511,Neck,0.011661,-0.009165,0.00633,-0.00345,0.494577,5.963916,True
KVAL0012,381,13.001844,Neck,0.024815,-0.015015,0.008145,-0.018,0.342346,20.08471,True
KVAL0012,382,13.035177,Neck,0.018333,0.010185,0.002715,-0.015,0.994173,15.611689,True
KVAL0012,383,13.068511,Neck,0.067391,0.021615,0.06291,-0.0108,0.896093,29.548564,True
KVAL0012,384,13.101844,Neck,0.063135,0.005415,0.06207,-0.0102,1.010544,27.348013,True
KVAL0012,385,13.135166,Neck,0.000212,-0.00012,9e-05,0.00015,0.947027,15.153552,True
KVAL0012,386,13.168511,Neck,0.0,0.0,0.0,0.0,0.003182,14.205409,True
KVAL0012,387,13.201844,Neck,0.0,0.0,0.0,0.0,0.0,0.04773,True
KVAL0012,388,13.235177,Neck,0.0,0.0,0.0,0.0,0.0,0.0,True
KVAL0012,389,13.2685,Neck,0.0,0.0,0.0,0.0,0.0,0.0,True
KVAL0012,390,13.301833,Neck,0.0,0.0,0.0,0.0,0.0,0.0,True
KVAL0012,391,13.335166,Neck,0.0,0.0,0.0,0.0,0.0,9.483667,True
KVAL0012,392,13.3685,Neck,0.0,0.0,0.0,0.0,0.632244,9.291289,True
KVAL0012,393,13.401844,Neck,0.04215,0.00459,-0.002025,0.04185,0.619419,19.168766,True
KVAL0012,394,13.435177,Neck,0.041295,0.00408,-0.00342,0.04095,0.645866,18.679985,True
KVAL0012,395,13.468511,Neck,0.001737,-0.00051,-0.001395,-0.0009,0.625986,9.484661,True
KVAL0012,396,13.501855,Neck,0.001,0.000675,0.000585,-0.00045,0.052317,9.112668,True
KVAL0012,397,13.535166,Neck,0.002788,0.001155,0.001425,-0.0021,0.01867,1.367646,True
KVAL0012,398,13.5685,Neck,0.001909,0.000465,0.00084,-0.00165,0.041918,0.689343,True
KVAL0012,399,13.601844,Neck,1.5e-05,-1.5e-05,0.0,0.0,0.028635,0.630195,True
KVAL0012,400,13.635177,Neck,0.0,0.0,0.0,0.0,0.000225,0.428718,True
KVAL0012,401,13.6685,Neck,0.0,0.0,0.0,0.0,0.000225,0.00675,True
KVAL0012,402,13.701844,Neck,1.5e-05,-1.5e-05,0.0,0.0,0.000225,0.00675,True
KVAL0012,403,13.735166,Neck,1.5e-05,-1.5e-05,0.0,0.0,0.000225,0.00675,True
KVAL0012,404,13.768511,Neck,0.0,0.0,0.0,0.0,0.000225,0.003375,True
KVAL0012,405,13.801844,Neck,0.0,0.0,0.0,0.0,0.0,2.279864,True
KVAL0012,406,13.835177,Neck,0.0,0.0,0.0,0.0,0.152069,2.428183,True
KVAL0012,407,13.868522,Neck,0.010138,0.00354,0.00471,0.00825,0.161879,4.390776,True
KVAL0012,408,13.901855,Neck,0.010792,0.003975,0.00525,0.00855,0.140687,4.831008,True
KVAL0012,409,13.935188,Neck,0.000821,0.00036,0.000585,0.00045,0.160194,1.942136,True
KVAL0012,410,13.968533,Neck,0.000174,-7.5e-05,4.5e-05,0.00015,0.012318,2.378025,True
KVAL0012,411,14.001866,Neck,0.0,0.0,0.0,0.0,0.002605,0.184764,True
KVAL0012,412,14.035166,Neck,0.0,0.0,0.0,0.0,0.0,0.039068,True
KVAL0012,413,14.0685,Neck,0.0,0.0,0.0,0.0,0.0,5.498765,True
KVAL0012,414,14.101833,Neck,0.0,0.0,0.0,0.0,0.366584,5.499827,True
KVAL0012,415,14.135177,Neck,0.024439,0.01272,-0.00504,-0.02025,0.366655,10.970978,True
KVAL0012,416,14.1685,Neck,0.024444,0.012735,-0.005025,-0.02025,0.364816,10.97417,True
KVAL0012,417,14.201844,Neck,0.000153,0.0,3e-05,-0.00015,0.364958,5.445794,True
KVAL0012,418,14.235166,Neck,0.000151,-1.5e-05,1.5e-05,-0.00015,0.002295,5.449,True
KVAL0012,419,14.268511,Neck,0.0,0.0,0.0,0.0,0.002272,3.704676,True
KVAL0012,420,14.301833,Neck,0.0,0.0,0.0,0.0,0.247823,3.70361,True
KVAL0012,421,14.335177,Neck,0.016522,-0.00834,0.011415,0.00855,0.247794,7.619282,True
KVAL0012,422,14.3685,Neck,0.01652,-0.008295,0.011445,0.00855,0.261057,6.079393,True
KVAL0012,423,14.401833,Neck,0.002229,-0.00117,-0.0006,-0.0018,0.176949,7.972699,True
KVAL0012,424,14.435166,Neck,0.009698,0.00099,0.00417,0.0087,0.333426,4.329163,True
KVAL0012,425,14.4685,Neck,0.02161,-0.01341,-0.004455,0.01635,0.281978,14.097291,True
KVAL0012,426,14.501833,Neck,0.013526,-0.00522,-0.0123,0.0021,0.625904,14.897863,True
KVAL0012,427,14.535177,Neck,0.022925,0.02079,-0.00609,-0.0075,0.852361,10.425228,True
KVAL0012,0,0.301866,RShoulder,1.690075,-1.26501,1.0359,0.4278,35.348259,245.502378,False
KVAL0012,1,0.335177,RShoulder,0.687749,-0.67974,0.104505,0.00555,28.510074,474.486171,False
KVAL0012,2,0.368522,RShoulder,0.393354,-0.099135,-0.344535,-0.16185,9.378225,488.376844,False
KVAL0012,3,0.401833,RShoulder,0.10599,-0.056955,0.07341,0.051,5.96896,129.498544,False
KVAL0012,4,0.435177,RShoulder,0.008127,-0.005055,0.0045,0.0045,1.589851,90.595979,False
KVAL0012,5,0.468511,RShoulder,0.0,0.0,0.0,0.0,0.12202,24.019617,False
KVAL0012,6,0.501855,RShoulder,3.4e-05,-1.5e-05,-3e-05,0.0,2.058487,29.846445,False
KVAL0012,7,0.535177,RShoulder,0.137232,-0.039885,-0.11778,-0.05805,2.052122,61.843407,False
KVAL0012,8,0.568511,RShoulder,0.136838,-0.03954,-0.117585,-0.05775,2.06441,61.577212,False
KVAL0012,9,0.601833,RShoulder,0.000497,0.000345,0.000195,0.0003,2.053025,31.055137,False
KVAL0012,10,0.635177,RShoulder,3.4e-05,1.5e-05,3e-05,0.0,0.007456,30.802158,False
KVAL0012,11,0.668511,RShoulder,0.0,0.0,0.0,0.0,0.000503,61.455155,False
KVAL0012,12,0.701844,RShoulder,0.0,0.0,0.0,0.0,4.096349,150.440375,False
KVAL0012,13,0.735166,RShoulder,0.27309,-0.16758,0.183585,0.1131,10.029175,35.095732,False
KVAL0012,14,0.768511,RShoulder,0.668612,-0.42138,0.483075,0.19005,2.523049,294.675068,False
KVAL0012,15,0.801833,RShoulder,0.425924,-0.27267,0.313485,0.09375,9.616553,131.9499,False
KVAL0012,16,0.835177,RShoulder,0.029715,-0.01932,0.014565,0.01725,6.376754,138.105244,True
KVAL0012,17,0.868511,RShoulder,0.000854,-0.00045,0.00057,0.00045,0.445721,97.813291,True
KVAL0012,18,0.901844,RShoulder,0.0,0.0,0.0,0.0,0.154772,72.707649,False
KVAL0012,19,0.935166,RShoulder,0.011171,-0.005355,0.007635,0.00615,4.430051,59.01356,False
KVAL0012,20,0.9685,RShoulder,0.295337,-0.143205,0.229275,0.11895,4.085979,133.12726,False
KVAL0012,21,1.001844,RShoulder,0.28337,-0.13839,0.22089,0.11115,4.445133,135.133396,False
KVAL0012,22,1.035177,RShoulder,0.001908,-0.000555,-0.00078,-0.00165,5.017868,61.814742,False
KVAL0012,23,1.068522,RShoulder,0.101191,-0.030585,-0.020055,-0.09435,1.489272,91.241905,False
KVAL0012,24,1.101855,RShoulder,0.101144,-0.031515,-0.019785,-0.09405,1.518563,32.40218,False
KVAL0012,25,1.135188,RShoulder,0.00102,-0.000945,0.00024,0.0003,2.44299,64.475277,False
KVAL0012,26,1.168533,RShoulder,0.229756,-0.135075,-0.143055,-0.11865,3.06184,223.35427,True
KVAL0012,27,1.201866,RShoulder,0.204571,-0.15213,-0.103245,-0.0897,14.059341,666.040348,False
KVAL0012,28,1.235177,RShoulder,0.860213,-0.563295,0.42006,0.4962,43.451438,91.493257,False
KVAL0012,29,1.268511,RShoulder,2.847403,-1.41816,1.72644,1.7652,18.798383,1296.673503,False
KVAL0012,30,1.301844,RShoulder,2.056254,-0.875955,1.314675,1.31625,43.033952,755.36725,True
KVAL0012,31,1.335177,RShoulder,0.067823,-0.01461,-0.063945,0.01725,31.713481,509.349379,True
KVAL0012,32,1.3685,RShoulder,0.098094,-0.027045,-0.093405,-0.0129,25.499951,371.301848,True
KVAL0012,33,1.401844,RShoulder,1.7642,0.044655,-1.76142,0.08835,23.842893,827.854565,True
KVAL0012,34,1.435166,RShoulder,1.679777,0.085515,-1.67295,0.1248,29.843929,832.997677,True
KVAL0012,35,1.4685,RShoulder,0.346267,0.2721,0.21372,0.01365,32.045124,435.288736,True
KVAL0012,36,1.501844,RShoulder,0.600362,0.410625,0.43659,0.0348,1.622858,582.183691,False
KVAL0012,37,1.535177,RShoulder,0.345632,0.194865,0.281475,0.04755,7.46965,85.627599,False
KVAL0012,38,1.568511,RShoulder,0.217794,0.18444,0.01875,-0.1143,4.614057,214.357346,False
KVAL0012,39,1.601855,RShoulder,0.206022,0.15045,0.03825,-0.13545,15.645907,210.2707,False
KVAL0012,40,1.635177,RShoulder,0.922966,-0.798135,0.15339,-0.4374,14.12994,510.322683,False
KVAL0012,41,1.668522,RShoulder,0.854868,-0.753675,0.15759,-0.3714,18.476134,457.572072,False
KVAL0012,42,1.701844,RShoulder,0.357611,0.324915,0.13296,0.0681,16.415277,384.340019,False
KVAL0012,43,1.735177,RShoulder,0.290292,0.276735,0.08715,-0.0096,7.389582,302.129275,False
KVAL0012,44,1.768511,RShoulder,0.187173,-0.161775,0.09411,0.0024,5.357315,225.670896,False
KVAL0012,45,1.801855,RShoulder,0.393616,0.07962,0.38205,-0.0513,8.182765,108.946696,False
KVAL0012,46,1.835177,RShoulder,0.475001,0.31161,0.34218,-0.10695,1.972718,133.895847,False
KVAL0012,47,1.868511,RShoulder,0.301276,0.13143,0.262365,-0.06825,4.769498,122.941785,False
KVAL0012,48,1.901844,RShoulder,0.679059,0.19038,0.613935,-0.219,7.11997,,False
KVAL0012,49,1.935177,RShoulder,0.756513,0.274755,0.600735,-0.3687,,,False
KVAL0012,50,1.9685,RShoulder,,,,,,,False
KVAL0012,51,2.001833,RShoulder,,,,,,,False
KVAL0012,52,2.035177,RShoulder,,,,,,,False
KVAL0012,53,2.068511,RShoulder,0.198717,0.09777,0.06531,-0.1602,,,False
KVAL0012,54,2.101844,RShoulder,0.269101,0.024345,-0.2265,-0.14325,,,False
KVAL0012,55,2.135188,RShoulder,,,,,,,False
KVAL0012,56,2.168511,RShoulder,,,,,,,False
KVAL0012,57,2.201855,RShoulder,,,,,,,False
KVAL0012,58,2.235166,RShoulder,,,,,,,False
KVAL0012,59,2.268511,RShoulder,,,,,,,False
KVAL0012,60,2.301833,RShoulder,,,,,,,False
KVAL0012,61,2.335177,RShoulder,8.503531,5.614245,-5.655015,-2.96835,,,True
KVAL0012,62,2.3685,RShoulder,1.019879,0.130005,-0.954915,-0.33375,118.235796,,True
KVAL0012,63,2.401844,RShoulder,0.737617,0.13431,-0.603585,-0.40215,15.053926,1433.334608,True
KVAL0012,64,2.435177,RShoulder,0.750375,-0.40392,-0.501645,0.38505,27.885813,1877.699098,True
KVAL0012,65,2.468522,RShoulder,1.318132,-0.82401,0.10791,1.02315,118.470875,2238.357512,False
KVAL0012,66,2.501833,RShoulder,7.381134,-1.022895,3.02772,-6.6534,129.852205,3545.914241,False
KVAL0012,67,2.535166,RShoulder,7.668002,0.734445,3.444765,-6.8112,121.456707,3671.123643,False
KVAL0012,68,2.5685,RShoulder,2.219575,1.797615,1.104735,0.68895,115.608327,2100.509087,False
KVAL0012,69,2.601844,RShoulder,0.96984,0.47091,0.74583,0.4032,30.851827,1781.52769,False
KVAL0012,70,2.635177,RShoulder,0.293237,0.05772,0.28476,-0.0396,13.764579,433.14304,False
KVAL0012,71,2.668522,RShoulder,0.088155,0.01134,0.081375,-0.03195,4.362697,264.194881,False
KVAL0012,72,2.701833,RShoulder,0.00263,-0.00045,0.00243,-0.0009,4.695828,157.263485,False
KVAL0012,73,2.735177,RShoulder,0.393109,0.009675,0.392985,-0.00195,6.17983,94.14426,False
KVAL0012,74,2.7685,RShoulder,0.414432,0.007395,0.414225,-0.0108,4.168409,83.311322,False
KVAL0012,75,2.801844,RShoulder,0.473617,0.234585,0.37878,0.16065,5.92412,117.926117,False
KVAL0012,76,2.835177,RShoulder,0.718926,0.241335,0.64407,0.20925,4.361087,131.482168,False
KVAL0012,77,2.868522,RShoulder,0.597789,0.044355,0.588555,0.0948,3.372264,52.296636,False
KVAL0012,78,2.901833,RShoulder,0.653638,0.03042,0.63954,0.13155,1.869086,43.51296,False
KVAL0012,79,2.935166,RShoulder,0.635119,-0.066,0.614445,0.14655,2.69384,60.027096,False
KVAL0012,80,2.968511,RShoulder,0.511144,-0.07053,0.49131,0.1221,2.919815,29.600616,False
KVAL0012,81,3.001844,RShoulder,0.44055,-0.04998,0.42522,0.1038,0.913093,53.75442,False
KVAL0012,82,3.035166,RShoulder,0.451779,-0.07395,0.43137,0.11205,0.989799,3.717414,False
KVAL0012,83,3.068511,RShoulder,0.483371,-0.104415,0.45462,0.12675,0.896389,76.394882,False
KVAL0012,84,3.101833,RShoulder,0.392609,-0.061155,0.3735,0.1044,4.291221,53.005524,False
KVAL0012,85,3.135166,RShoulder,0.203721,-0.00564,0.19437,0.06075,4.422118,48.107522,False
KVAL0012,86,3.1685,RShoulder,0.099248,-0.002025,0.09384,0.03225,1.353159,76.95523,False
KVAL0012,87,3.201844,RShoulder,0.117084,-0.02139,0.111375,0.0291,0.748576,8.403471,False
KVAL0012,88,3.235166,RShoulder,0.144123,-0.02607,0.13752,0.03435,1.052105,46.495206,False
KVAL0012,89,3.2685,RShoulder,0.047002,-0.00726,0.04461,0.0129,2.39412,3.790259,False
KVAL0012,90,3.301833,RShoulder,0.022056,-0.005895,-0.018885,0.00975,0.851187,34.781137,False
KVAL0012,91,3.335177,RShoulder,0.014885,0.006225,-0.01035,0.0087,0.719554,15.435638,False
KVAL0012,92,3.368511,RShoulder,0.043429,0.032355,-0.021825,-0.01905,0.545529,20.711311,False
KVAL0012,93,3.401855,RShoulder,0.035626,0.03258,-0.00063,-0.0144,0.698871,17.500111,False
KVAL0012,94,3.435166,RShoulder,0.0034,-0.003195,0.000735,0.0009,0.645511,10.877216,False
KVAL0012,95,3.4685,RShoulder,0.012971,-0.007425,-0.010455,-0.00195,0.033756,11.127955,False
KVAL0012,96,3.501833,RShoulder,0.002784,-0.002325,-0.001335,0.00075,0.201534,0.785911,False
KVAL0012,97,3.535166,RShoulder,0.004984,-0.004215,0.002085,0.00165,0.034501,2.34043,False
KVAL0012,98,3.5685,RShoulder,0.001707,-0.001305,-0.00033,-0.00105,0.169205,3.784319,False
KVAL0012,99,3.601844,RShoulder,0.009678,0.004965,0.008295,-0.00045,0.228731,7.703794,False
KVAL0012,100,3.635166,RShoulder,0.015381,-0.011265,0.005355,0.009,0.347693,6.6238,False
KVAL0012,101,3.6685,RShoulder,0.016062,-0.012855,-0.003,0.00915,0.214526,12.81732,False
KVAL0012,102,3.701844,RShoulder,0.001477,-0.000195,0.00102,0.00105,0.546793,18.998007,False
KVAL0012,103,3.735177,RShoulder,0.030215,0.005715,0.028365,0.0087,1.210249,6.542047,False
KVAL0012,104,3.768511,RShoulder,0.081875,0.029385,0.06996,0.03075,0.88447,26.314955,False
KVAL0012,105,3.801844,RShoulder,0.087145,0.03999,0.071505,0.0297,0.564947,26.103522,False
KVAL0012,106,3.835166,RShoulder,0.04766,0.017775,0.04377,0.0063,0.860269,14.283997,False
KVAL0012,107,3.8685,RShoulder,0.034952,0.005595,0.034395,0.0027,0.52859,15.134966,False
KVAL0012,108,3.901844,RShoulder,0.065089,-0.004335,0.0576,0.03,0.409806,25.267553,False
KVAL0012,109,3.935177,RShoulder,0.046084,-0.00849,0.037125,0.02595,1.352612,18.717755,False
KVAL0012,110,3.9685,RShoulder,0.031294,-0.01869,-0.02484,-0.0036,1.035163,33.246437,False
KVAL0012,111,4.001844,RShoulder,0.03099,-0.018615,-0.024555,-0.0033,0.876965,32.193064,False
KVAL0012,112,4.035177,RShoulder,0.030786,-0.001095,0.02964,0.00825,1.120806,15.921469,False
KVAL0012,113,4.068511,RShoulder,0.048592,-0.002625,0.045945,0.0156,0.192814,26.555444,False
KVAL0012,114,4.101833,RShoulder,0.018583,-0.0015,0.0168,0.0078,0.681388,6.072324,False
KVAL0012,115,4.135166,RShoulder,0.006098,0.004635,0.00396,-0.00015,0.266288,28.806097,False
KVAL0012,116,4.168511,RShoulder,0.031278,-0.01533,0.027045,0.00345,1.254658,13.389691,False
KVAL0012,117,4.201844,RShoulder,0.085565,-0.02781,0.07896,0.0177,0.921735,31.973059,False
KVAL0012,118,4.235177,RShoulder,0.086035,0.00213,0.08394,0.01875,1.001999,27.528664,False
KVAL0012,119,4.268511,RShoulder,0.057914,0.030735,0.048555,0.0072,0.929162,25.031044,False
KVAL0012,120,4.301855,RShoulder,0.024111,0.0003,0.023685,0.0045,1.063849,7.934949,False
KVAL0012,121,4.335188,RShoulder,0.020378,-0.02028,-0.000435,0.00195,0.439927,22.957936,False
KVAL0012,122,4.368522,RShoulder,0.009483,0.008565,-0.00384,-0.00135,0.480542,11.352738,False
KVAL0012,123,4.401866,RShoulder,0.016959,0.00765,0.015135,0.0,0.319879,10.580509,False
KVAL0012,124,4.4352,RShoulder,0.015259,-0.000705,0.015195,0.0012,0.253986,8.04544,False
KVAL0012,125,4.468511,RShoulder,0.000153,0.0,3e-05,0.00015,0.227389,21.086297,False
KVAL0012,126,4.501844,RShoulder,0.000177,3e-05,9e-05,0.00015,1.168968,35.121932,False
KVAL0012,127,4.535166,RShoulder,0.077988,0.008085,0.076275,0.0141,2.118228,16.543503,False
KVAL0012,128,4.568511,RShoulder,0.141333,0.016965,0.13803,0.0252,0.109909,43.76336,False
KVAL0012,129,4.601844,RShoulder,0.082799,0.005895,0.081975,0.01005,0.801693,7.709314,False
KVAL0012,130,4.635177,RShoulder,0.088229,0.008805,0.087045,0.0114,0.537724,8.222768,False
KVAL0012,131,4.668511,RShoulder,0.109424,-0.0129,0.10413,0.03105,0.935785,32.870065,False
KVAL0012,132,4.701844,RShoulder,0.051057,-0.02823,0.037575,0.01995,1.747674,15.510646,False
KVAL0012,133,4.735166,RShoulder,0.013427,-0.010725,-0.0069,-0.0042,0.779607,31.18934,False
KVAL0012,134,4.768511,RShoulder,0.004548,-0.002385,-0.00357,0.0015,0.495876,15.773143,False
KVAL0012,135,4.801833,RShoulder,0.019753,0.015555,0.01176,0.00315,0.307573,15.606177,False
KVAL0012,136,4.835177,RShoulder,0.017488,-0.002865,0.01677,0.00405,0.549149,12.810124,False
KVAL0012,137,4.8685,RShoulder,0.01739,-0.016125,-0.00645,0.0009,0.554454,16.870327,False
KVAL0012,138,4.901844,RShoulder,0.019779,0.00312,-0.017175,-0.0093,0.600519,21.847116,False
KVAL0012,139,4.935166,RShoulder,0.027406,0.00771,0.0246,0.0093,0.907426,17.126983,False
KVAL0012,140,4.968511,RShoulder,0.040783,-0.00885,0.033345,0.02175,0.543372,30.518597,False
KVAL0012,141,5.001833,RShoulder,0.013687,-0.01152,-0.005745,0.00465,1.176257,5.717891,False
KVAL0012,142,5.035166,RShoulder,0.045852,-0.024855,-0.037935,-0.00675,0.217514,21.4766,False
KVAL0012,143,5.0685,RShoulder,0.022821,-0.01512,-0.01653,-0.00435,0.264369,9.460026,False
KVAL0012,144,5.101844,RShoulder,0.030129,-0.021195,-0.02076,-0.00525,0.771518,23.983825,False
KVAL0012,145,5.135166,RShoulder,0.073245,-0.039375,-0.061755,-0.0009,1.360164,7.976422,False
KVAL0012,146,5.168511,RShoulder,0.119817,-0.076695,-0.09201,0.00285,0.52684,34.405747,False
KVAL0012,147,5.201833,RShoulder,0.10305,-0.072525,-0.07314,-0.00315,0.962752,8.663252,False
KVAL0012,148,5.235166,RShoulder,0.064417,-0.03378,-0.05067,-0.021,0.143012,25.527418,False
KVAL0012,149,5.268511,RShoulder,0.103938,-0.068025,-0.07794,-0.01005,0.812667,14.381491,False
KVAL0012,150,5.301844,RShoulder,0.094408,-0.069345,-0.06135,0.01845,0.950429,32.103895,False
KVAL0012,151,5.335177,RShoulder,0.043508,-0.018135,-0.03909,-0.006,1.375287,8.997465,False
KVAL0012,152,5.368511,RShoulder,0.032793,0.00801,-0.027,-0.0168,0.670161,23.636928,False
KVAL0012,153,5.401844,RShoulder,0.011378,-0.00663,0.001335,0.00915,0.75347,9.973075,False
KVAL0012,154,5.435188,RShoulder,0.019108,0.003795,0.012495,0.01395,0.089951,17.523934,False
KVAL0012,155,5.468511,RShoulder,0.012606,-0.001935,-0.000405,0.01245,0.448755,5.381898,False
KVAL0012,156,5.501855,RShoulder,0.01475,-0.006555,-0.01302,0.00225,0.338588,11.605388,False
KVAL0012,157,5.535177,RShoulder,0.015459,0.00198,-0.01461,-0.00465,0.326905,11.801892,False
KVAL0012,158,5.568511,RShoulder,0.010486,0.00042,0.006825,0.00795,0.502134,9.315306,False
KVAL0012,159,5.601833,RShoulder,0.020891,0.013125,0.015105,0.006,0.385615,15.213016,False
KVAL0012,160,5.635177,RShoulder,0.017056,0.010605,-0.00555,-0.01215,0.520023,8.413497,False
KVAL0012,161,5.668511,RShoulder,0.015592,-0.00243,-0.01083,-0.01095,0.183092,10.937929,False
KVAL0012,162,5.701844,RShoulder,0.005074,0.002835,-0.00279,-0.00315,0.2101,3.596806,False
KVAL0012,163,5.735166,RShoulder,0.005607,0.002835,0.0006,-0.0048,0.323326,4.580208,False
KVAL0012,164,5.768511,RShoulder,0.019626,-0.017055,-0.00957,0.00165,0.23577,11.894509,False
KVAL0012,165,5.801844,RShoulder,0.010285,-0.007485,0.00024,0.00705,0.505599,6.212281,False
KVAL0012,166,5.835177,RShoulder,0.017095,0.005385,0.0153,0.0054,0.182929,11.848383,False
KVAL0012,167,5.868511,RShoulder,0.003527,0.002265,0.0027,0.00015,0.336562,3.917119,False
KVAL0012,168,5.901844,RShoulder,0.007751,0.004575,-0.00549,-0.003,0.09919,10.910037,False
KVAL0012,169,5.935166,RShoulder,0.005566,0.00123,-0.00138,0.00525,0.429909,2.926551,False
KVAL0012,170,5.9685,RShoulder,0.021119,-0.009975,0.013275,0.01305,0.182952,14.40013,False
KVAL0012,171,6.001833,RShoulder,0.011389,-0.009735,-0.00558,0.00195,0.538467,4.669216,False
KVAL0012,172,6.035166,RShoulder,0.016652,0.00117,-0.01599,-0.0045,0.133876,12.75712,False
KVAL0012,173,6.0685,RShoulder,0.002787,-0.002205,-0.00081,0.0015,0.330305,0.794875,False
KVAL0012,174,6.101833,RShoulder,0.005705,0.001815,0.0051,0.0018,0.110261,6.663882,False
KVAL0012,175,6.135166,RShoulder,0.005905,0.002145,0.005085,0.0021,0.656541,12.814651,False
KVAL0012,176,6.168511,RShoulder,0.049122,0.02955,0.038085,0.00945,0.963704,12.573401,False
KVAL0012,177,6.201833,RShoulder,0.069947,0.039285,0.055935,0.01485,0.191638,22.796774,False
KVAL0012,178,6.235166,RShoulder,0.037382,0.024405,0.026415,0.0102,0.624562,16.954353,False
KVAL0012,179,6.2685,RShoulder,0.042035,0.03876,0.015495,0.00495,1.151058,7.513894,False
KVAL0012,180,6.301833,RShoulder,0.079489,0.0672,-0.011745,-0.0408,0.380838,40.19241,False
KVAL0012,181,6.335177,RShoulder,0.035245,0.030525,0.00531,-0.0168,1.530343,14.497437,False
KVAL0012,182,6.368511,RShoulder,0.053621,0.013935,0.04548,0.02475,0.61085,30.642745,False
KVAL0012,183,6.401855,RShoulder,0.053345,0.03798,0.03654,0.00825,0.515867,13.572824,False
KVAL0012,184,6.435188,RShoulder,0.045455,0.035595,0.027885,0.00465,0.322675,8.16921,False
KVAL0012,185,6.468522,RShoulder,0.032562,0.02559,0.02001,0.00225,0.263023,7.110785,False
KVAL0012,186,6.501866,RShoulder,0.033678,0.030315,0.0117,0.00885,0.473123,6.960535,False
KVAL0012,187,6.5352,RShoulder,0.038303,0.032355,-0.00531,0.0198,0.410552,14.971625,False
KVAL0012,188,6.568511,RShoulder,0.051867,0.05181,-0.00123,-0.0021,0.640299,15.400892,False
KVAL0012,189,6.601844,RShoulder,0.045622,0.04002,-0.00036,-0.0219,0.760487,18.364488,False
KVAL0012,190,6.635177,RShoulder,0.022147,0.004905,-0.01509,-0.01545,0.651031,17.118225,False
KVAL0012,191,6.668511,RShoulder,0.014892,0.01014,0.006375,0.00885,0.696948,43.155199,False
KVAL0012,192,6.701855,RShoulder,0.024728,-0.0024,0.012585,0.02115,2.492604,72.44756,False
KVAL0012,193,6.735188,RShoulder,0.178932,0.170715,0.03579,0.0399,4.604231,57.485745,False
KVAL0012,194,6.768522,RShoulder,0.302722,0.300675,0.02337,-0.02625,1.860163,59.773736,False
KVAL0012,195,6.801866,RShoulder,0.147626,0.13086,-0.012375,-0.0672,2.984395,130.502295,False
KVAL0012,196,6.8352,RShoulder,0.446824,0.429255,0.001875,0.12405,8.327323,174.817293,False
KVAL0012,197,6.868511,RShoulder,0.660802,0.540915,-0.37953,0.00525,9.549253,273.918261,False
KVAL0012,198,6.901844,RShoulder,0.453571,0.040665,-0.431475,-0.1338,10.113493,220.755001,False
KVAL0012,199,6.935166,RShoulder,0.10512,-0.062295,-0.0801,-0.02745,6.382308,150.889776,False
KVAL0012,200,6.9685,RShoulder,0.030193,-0.00717,-0.02634,-0.0129,1.405039,82.937635,False
KVAL0012,201,7.001844,RShoulder,0.034791,-0.0342,0.00288,0.0057,1.414565,30.134782,False
KVAL0012,202,7.035177,RShoulder,0.068632,0.05379,0.037905,0.0195,1.86752,37.88849,False
KVAL0012,203,7.068511,RShoulder,0.090168,0.087795,0.009345,-0.0183,1.160025,46.045208,False
KVAL0012,204,7.101855,RShoulder,0.042025,0.027525,-0.01971,-0.0249,1.210134,31.110875,False
KVAL0012,205,7.135177,RShoulder,0.017035,0.01146,0.0099,0.0078,1.030269,24.027063,False
KVAL0012,206,7.168522,RShoulder,0.035313,0.008385,0.02406,0.02445,0.610874,25.507694,False
KVAL0012,207,7.201844,RShoulder,0.056727,0.041595,0.018675,0.03375,0.756067,20.581028,False
KVAL0012,208,7.235177,RShoulder,0.04496,0.04134,-0.01224,0.01275,0.777205,15.363495,False
KVAL0012,209,7.268511,RShoulder,0.011571,0.008325,-0.007185,0.0036,1.013643,182.755543,False
KVAL0012,210,7.301855,RShoulder,0.109381,0.1023,0.001065,0.0387,11.660994,224.452027,False
KVAL0012,211,7.335177,RShoulder,0.78787,0.72657,-0.18771,0.24,15.757778,217.859079,False
KVAL0012,212,7.368511,RShoulder,1.149344,1.06932,-0.394665,0.1476,7.324126,369.725377,False
KVAL0012,213,7.401833,RShoulder,0.874187,0.76887,-0.35505,-0.21675,9.850581,162.291304,False
KVAL0012,214,7.435166,RShoulder,0.674452,0.57537,-0.2406,-0.2568,5.89119,149.521251,False
KVAL0012,215,7.4685,RShoulder,0.494063,0.432495,-0.15543,-0.18135,3.7065,74.665086,False
KVAL0012,216,7.501844,RShoulder,0.45186,0.416775,-0.14904,-0.0909,3.163347,38.193241,False
KVAL0012,217,7.535166,RShoulder,0.363975,0.346215,-0.11214,0.00615,4.736414,72.988287,False
KVAL0012,218,7.568511,RShoulder,0.301175,0.279705,0.106065,0.03495,4.814279,69.576182,False
KVAL0012,219,7.601833,RShoulder,0.370971,0.307455,0.20574,0.0276,0.752184,160.190461,False
KVAL0012,220,7.635177,RShoulder,0.285485,0.256185,0.125895,-0.00465,5.893835,107.598303,False
KVAL0012,221,7.6685,RShoulder,0.366246,0.312345,-0.186945,0.04035,6.92931,153.137377,False
KVAL0012,222,7.701844,RShoulder,0.3314,0.110445,-0.31152,0.02415,8.356041,131.870546,False
KVAL0012,223,7.735177,RShoulder,0.317674,-0.227925,-0.19995,-0.0948,3.697581,195.443175,False
KVAL0012,224,7.768511,RShoulder,0.207453,-0.07026,-0.1788,-0.0783,4.912143,81.443845,False
KVAL0012,225,7.801844,RShoulder,0.091006,0.059655,-0.06792,-0.0105,4.220622,63.071662,False
KVAL0012,226,7.835188,RShoulder,0.082196,-0.00075,0.056175,0.06,1.878941,95.89932,False
KVAL0012,227,7.8685,RShoulder,0.095658,0.068745,0.039255,0.0537,2.56576,58.352881,False
KVAL0012,228,7.901844,RShoulder,0.104117,0.07293,-0.065655,-0.0348,2.088862,52.842391,False
KVAL0012,229,7.935166,RShoulder,0.066181,0.016635,-0.05127,-0.0384,1.078783,39.694884,False
KVAL0012,230,7.968511,RShoulder,0.039095,0.011865,-0.035265,-0.012,0.660586,33.766336,False
KVAL0012,231,8.001833,RShoulder,0.033833,0.008985,-0.03261,0.00075,2.645391,56.084067,False
KVAL0012,232,8.035177,RShoulder,0.181214,-0.144045,-0.064425,-0.0891,3.449023,62.729234,False
KVAL0012,233,8.068511,RShoulder,0.228826,-0.18657,-0.063825,-0.1161,1.555974,97.561419,False
KVAL0012,234,8.101855,RShoulder,0.07768,-0.061785,-0.03087,-0.03555,3.064393,9.848421,False
KVAL0012,235,8.135177,RShoulder,0.026566,-0.019695,-0.015645,-0.00855,1.527691,37.603051,False
KVAL0012,236,8.168522,RShoulder,0.047179,0.035985,-0.029685,-0.00705,1.031049,30.049343,False
KVAL0012,237,8.201833,RShoulder,0.062855,0.040455,-0.04809,-0.0012,0.578876,30.584512,False
KVAL0012,238,8.235166,RShoulder,0.020001,0.00141,-0.01893,0.0063,1.213129,23.972718,False
KVAL0012,239,8.268511,RShoulder,0.039153,0.015645,0.023475,0.02715,1.468239,18.287999,False
KVAL0012,240,8.301844,RShoulder,0.090297,0.047115,0.050115,0.0585,0.27649,42.063929,False
KVAL0012,241,8.335166,RShoulder,0.054467,0.03225,0.02877,0.03315,1.349968,16.032477,False
KVAL0012,242,8.368511,RShoulder,0.000502,-0.00018,0.00036,0.0003,0.816669,20.188229,False
KVAL0012,243,8.401833,RShoulder,6.2e-05,-1.5e-05,6e-05,0.0,0.006828,12.244928,False
KVAL0012,244,8.435166,RShoulder,6.2e-05,-1.5e-05,6e-05,0.0,0.000928,0.092797,False
KVAL0012,245,8.4685,RShoulder,0.0,0.0,0.0,0.0,0.000928,1.05735,False
KVAL0012,246,8.501833,RShoulder,0.0,0.0,0.0,0.0,0.069907,1.091023,False
KVAL0012,247,8.535166,RShoulder,0.00466,0.00042,0.003105,0.00345,0.072158,30.876011,False
KVAL0012,248,8.568511,RShoulder,0.004811,0.000405,0.003165,0.0036,2.023056,38.903837,False
KVAL0012,249,8.601844,RShoulder,0.132636,0.031395,-0.126165,0.02625,2.565228,52.653813,False
KVAL0012,250,8.635188,RShoulder,0.16924,0.06402,-0.150285,0.04425,1.543281,74.695571,False
KVAL0012,251,8.668511,RShoulder,0.053552,0.036225,-0.023535,0.03165,2.418032,21.813553,False
KVAL0012,252,8.701844,RShoulder,0.018584,0.00501,-0.00264,0.0177,0.730717,34.876978,False
KVAL0012,253,8.735177,RShoulder,0.00554,0.001425,-0.00312,0.00435,0.276197,9.900424,False
KVAL0012,254,8.768522,RShoulder,0.000194,0.00012,3e-05,0.00015,0.129576,25.945979,False
KVAL0012,255,8.801844,RShoulder,0.005717,0.000615,0.00522,0.00225,1.637756,24.387501,False
KVAL0012,256,8.835188,RShoulder,0.10924,-0.03696,0.08784,0.0534,1.668861,70.548075,False
KVAL0012,257,8.8685,RShoulder,0.113321,-0.098775,0.04533,0.0321,3.100142,86.559483,False
KVAL0012,258,8.901844,RShoulder,0.104592,-0.015315,-0.096135,-0.03825,4.14031,45.279212,False
KVAL0012,259,8.935166,RShoulder,0.166802,0.111375,-0.11355,-0.05025,1.690926,90.970867,False
KVAL0012,260,8.9685,RShoulder,0.159536,0.09459,-0.120105,-0.0456,1.956647,63.646901,False
KVAL0012,261,9.001833,RShoulder,0.06424,-0.002385,-0.063255,-0.01095,2.727886,27.983294,False
KVAL0012,262,9.035166,RShoulder,0.031566,-0.03135,0.001635,0.0033,1.301745,34.221811,False
KVAL0012,263,9.068511,RShoulder,0.052514,0.005625,-0.00411,0.05205,1.004561,38.081043,False
KVAL0012,264,9.101844,RShoulder,0.094396,-0.08211,-0.008685,0.04575,1.651018,36.136756,False
KVAL0012,265,9.135177,RShoulder,0.087907,-0.08751,-0.0051,-0.0066,1.415935,39.627516,False
KVAL0012,266,9.168511,RShoulder,0.0,0.0,0.0,0.0,1.322011,21.35876,False
KVAL0012,267,9.201833,RShoulder,0.041809,-0.006255,-0.007515,-0.04065,0.783233,15.098219,False
KVAL0012,268,9.235177,RShoulder,0.052216,-0.01107,-0.00888,-0.05025,0.512997,44.740905,False
KVAL0012,269,9.2685,RShoulder,0.047758,0.02319,-0.02373,-0.03435,2.232551,50.291537,False
KVAL0012,270,9.301844,RShoulder,0.101079,-0.02949,0.01374,0.0957,3.118958,45.266869,False
KVAL0012,271,9.335166,RShoulder,0.161701,-0.073095,0.03993,0.1386,0.916854,96.824186,False
KVAL0012,272,9.368511,RShoulder,0.07366,-0.05916,0.011685,0.0423,3.421038,60.487079,False
KVAL0012,273,9.401844,RShoulder,0.094664,0.089715,-0.029775,-0.0051,3.585499,62.241683,False
KVAL0012,274,9.435177,RShoulder,0.178803,0.176835,-0.01836,0.01905,1.266781,108.351412,False
KVAL0012,275,9.468511,RShoulder,0.082427,0.02184,-0.07944,0.00255,3.988299,40.959812,False
KVAL0012,276,9.501844,RShoulder,0.133275,-0.062145,-0.09708,-0.0669,1.767131,87.751572,False
KVAL0012,277,9.535177,RShoulder,0.132094,0.076485,-0.04731,-0.09675,2.157886,59.699261,False
KVAL0012,278,9.568511,RShoulder,0.15226,0.073275,-0.075225,-0.11025,2.573803,69.167384,False
KVAL0012,279,9.601833,RShoulder,0.125859,-0.08955,-0.06672,-0.05805,2.478093,51.809837,False
KVAL0012,280,9.635166,RShoulder,0.114213,-0.078225,-0.07029,-0.04455,1.161646,41.439367,False
KVAL0012,281,9.6685,RShoulder,0.048809,-0.03231,-0.02985,-0.02115,1.633748,19.420751,False
KVAL0012,282,9.701844,RShoulder,0.068148,-0.05928,0.00333,0.03345,1.037996,31.838808,False
KVAL0012,283,9.735166,RShoulder,0.068246,-0.05949,0.00309,0.0333,1.020206,18.776581,False
KVAL0012,284,9.768511,RShoulder,0.000401,-0.000255,-0.00027,-0.00015,0.793983,26.002866,False
KVAL0012,285,9.801844,RShoulder,0.056595,-0.018405,0.035835,0.03975,0.86949,19.72989,False
KVAL0012,286,9.835177,RShoulder,0.057797,-0.024375,0.04071,0.033,0.858564,25.969292,False
KVAL0012,287,9.8685,RShoulder,0.010258,-0.006015,0.004845,-0.00675,0.868855,11.761674,False
KVAL0012,288,9.901833,RShoulder,0.010125,0.00621,0.00735,-0.00315,0.105594,19.375051,False
KVAL0012,289,9.935177,RShoulder,0.014649,-0.00306,0.00591,-0.01305,0.476235,16.552973,False
KVAL0012,290,9.968511,RShoulder,0.037478,0.004605,0.035205,0.012,1.099879,12.368123,False
KVAL0012,291,10.001844,RShoulder,0.072997,0.03555,0.06231,0.0135,0.425119,34.955617,False
KVAL0012,292,10.035188,RShoulder,0.034604,0.021615,0.025635,-0.00855,1.23342,11.958314,False
KVAL0012,293,10.068511,RShoulder,0.020956,-0.01452,0.003495,-0.0147,0.938949,17.645471,False
KVAL0012,294,10.101855,RShoulder,0.053175,0.002925,-0.017145,-0.05025,0.724821,33.000204,False
KVAL0012,295,10.135177,RShoulder,0.045862,0.009615,-0.03699,-0.02535,1.592044,39.194072,False
KVAL0012,296,10.168511,RShoulder,0.064399,-0.039285,-0.019635,0.0471,2.050058,20.323833,False
KVAL0012,297,10.201844,RShoulder,0.101371,-0.05127,0.01251,0.08655,1.152126,34.654716,False
KVAL0012,298,10.235177,RShoulder,0.109858,-0.034185,0.03849,0.09705,0.493567,31.007145,False
KVAL0012,299,10.2685,RShoulder,0.084279,-0.028815,0.031995,0.07245,0.970539,12.024962,False
KVAL0012,300,10.301844,RShoulder,0.048919,-0.027795,0.011595,0.03855,0.881637,13.017318,False
KVAL0012,301,10.335166,RShoulder,0.030618,0.002985,0.00744,0.02955,0.898257,8.289223,False
KVAL0012,302,10.3685,RShoulder,0.026488,0.02424,0.004005,0.0099,0.406773,16.635288,False
KVAL0012,303,10.401833,RShoulder,0.022632,0.019335,0.00867,0.00795,0.220215,8.880382,False
KVAL0012,304,10.435177,RShoulder,0.020782,0.01149,0.00984,0.01425,0.339482,3.280148,False
KVAL0012,305,10.468511,RShoulder,0.0,0.0,0.0,0.0,0.095698,8.932863,False
KVAL0012,306,10.501844,RShoulder,0.014617,0.00714,0.00654,0.01095,0.258022,2.089509,False
KVAL0012,307,10.535166,RShoulder,0.017201,0.013395,0.006585,0.00855,0.210524,8.08596,False
KVAL0012,308,10.5685,RShoulder,0.003965,0.003855,-0.000225,-0.0009,0.285668,2.793538,False
KVAL0012,309,10.601844,RShoulder,0.005066,0.001965,-0.004005,-0.0024,0.056954,6.748175,False
KVAL0012,310,10.635177,RShoulder,0.007315,0.00618,-0.00033,-0.0039,0.217623,7.026563,False
KVAL0012,311,10.6685,RShoulder,0.009565,-0.002175,0.00672,0.00645,0.415328,10.485586,False
KVAL0012,312,10.701844,RShoulder,0.020505,-0.01734,-0.003555,0.01035,0.590106,10.695341,False
KVAL0012,313,10.735166,RShoulder,0.03689,-0.027525,-0.02334,0.00765,0.51018,27.602428,False
KVAL0012,314,10.768511,RShoulder,0.037521,-0.012465,-0.035385,-0.0006,1.502229,16.747527,False
KVAL0012,315,10.801844,RShoulder,0.083097,0.06729,-0.04644,-0.01485,1.081857,41.392,False
KVAL0012,316,10.835177,RShoulder,0.068933,0.059085,-0.034185,-0.0096,1.279381,16.05509,False
KVAL0012,317,10.8685,RShoulder,0.009346,-0.006495,-0.00666,0.0009,0.914624,48.631769,False
KVAL0012,318,10.901833,RShoulder,0.123527,0.088185,-0.086475,0.0021,2.106699,39.944444,False
KVAL0012,319,10.935177,RShoulder,0.143588,0.057585,-0.131115,-0.0105,1.906912,61.897447,False
KVAL0012,320,10.968511,RShoulder,0.056053,-0.031005,-0.04488,-0.0129,2.022802,24.305257,False
KVAL0012,321,11.001833,RShoulder,0.008969,0.005175,-0.0072,-0.00135,0.605767,26.066407,False
KVAL0012,322,11.035166,RShoulder,0.047286,-0.046215,-0.00999,0.0006,0.919317,11.232796,False
KVAL0012,323,11.0685,RShoulder,0.055373,-0.049335,0.002175,0.02505,0.889714,20.586142,False
KVAL0012,324,11.101833,RShoulder,0.049213,-0.017505,0.026205,0.0378,0.480251,17.304537,False
KVAL0012,325,11.135166,RShoulder,0.026595,-0.0213,0.01047,0.012,0.392484,32.419973,False
KVAL0012,326,11.1685,RShoulder,0.023342,-0.005775,0.01329,0.0183,2.474604,15.573074,False
KVAL0012,327,11.201833,RShoulder,0.142807,0.13344,-0.04584,0.02205,1.298257,213.301585,False
KVAL0012,328,11.235166,RShoulder,0.067687,-0.01575,-0.06069,-0.0255,12.035095,239.527121,False
KVAL0012,329,11.268511,RShoulder,0.675824,-0.51045,0.12741,-0.4242,16.192205,122.745045,False
KVAL0012,330,11.301844,RShoulder,1.094825,-0.77367,0.20235,-0.74775,5.080144,351.016099,False
KVAL0012,331,11.335166,RShoulder,0.976185,-0.821085,0.03942,-0.5265,8.565105,91.3921,False
KVAL0012,332,11.368511,RShoulder,0.774432,-0.696555,-0.148695,-0.30405,1.801161,199.720888,False
KVAL0012,333,11.401833,RShoulder,0.900408,-0.801795,0.037365,-0.408,9.043622,296.563044,False
KVAL0012,334,11.435177,RShoulder,0.663095,-0.550335,0.368595,-0.03105,21.569489,553.178067,False
KVAL0012,335,11.4685,RShoulder,1.143796,-0.53985,0.078765,1.0053,40.62724,322.917444,False
KVAL0012,336,11.501833,RShoulder,2.8906,-1.00575,0.69858,2.6184,35.541425,705.669804,True
KVAL0012,337,11.535166,RShoulder,3.448853,-1.143405,1.05636,3.07755,6.919838,924.208574,True
KVAL0012,338,11.5685,RShoulder,2.440633,-0.761085,0.592725,2.2419,32.892829,347.859616,True
KVAL0012,339,11.601844,RShoulder,2.656617,0.701505,-0.011085,2.5623,28.308178,1101.285573,True
KVAL0012,340,11.635177,RShoulder,1.907972,0.900105,-0.10389,1.6791,70.880942,919.753836,True
KVAL0012,341,11.6685,RShoulder,2.138609,0.02268,-0.425895,-2.09565,58.649188,1541.54661,True
KVAL0012,342,11.701844,RShoulder,2.19367,0.03675,-0.648825,-2.0952,32.327011,1340.632999,True
KVAL0012,343,11.735177,RShoulder,0.158673,0.101685,0.121155,-0.0126,31.646347,538.420009,True
KVAL0012,344,11.768511,RShoulder,0.091057,-0.033255,-0.02499,-0.081,16.790319,765.731691,False
KVAL0012,345,11.801844,RShoulder,1.228743,-0.074985,1.201035,-0.2484,32.245527,668.197557,True
KVAL0012,346,11.835177,RShoulder,2.171867,0.1578,1.7673,-1.2525,28.243463,1242.424455,False
KVAL0012,347,11.868511,RShoulder,0.88256,0.71706,-0.50184,-0.11355,51.1961,1006.787617,False
KVAL0012,348,11.901844,RShoulder,1.374319,0.580905,-0.805365,0.9501,46.587586,1500.683482,False
KVAL0012,349,11.935166,RShoulder,2.538924,-1.833045,0.18834,-1.7466,57.648242,1671.651619,False
KVAL0012,350,11.9685,RShoulder,2.696255,-1.95045,-0.114825,-1.85805,67.666193,1903.711555,True
KVAL0012,351,12.001844,RShoulder,2.248345,0.401535,-0.918075,2.0127,69.595034,1485.026834,True
KVAL0012,352,12.035177,RShoulder,2.232318,0.57864,-0.92922,1.9455,32.867157,1528.279703,True
KVAL0012,353,12.0685,RShoulder,0.202283,0.075285,-0.185865,-0.02655,33.459099,482.146275,True
KVAL0012,354,12.101833,RShoulder,0.155192,-0.147885,-0.021225,0.042,4.989057,493.149712,False
KVAL0012,355,12.135166,RShoulder,0.165325,-0.157395,0.047925,0.0162,1.212207,95.850141,False
KVAL0012,356,12.168511,RShoulder,0.098626,-0.096465,0.019965,-0.0048,2.597057,43.845715,False
KVAL0012,357,12.201833,RShoulder,0.156857,-0.05565,0.0864,-0.1185,3.416541,99.175569,False
KVAL0012,358,12.235177,RShoulder,0.27253,-0.11385,0.243375,-0.0456,4.851777,71.607127,False
KVAL0012,359,12.268511,RShoulder,0.370263,-0.18105,0.314505,0.0735,1.44435,135.975478,False
KVAL0012,360,12.301855,RShoulder,0.179004,-0.073275,0.1629,-0.0117,4.274853,27.189783,False
KVAL0012,361,12.335166,RShoulder,0.109427,-0.04185,0.09303,-0.0396,1.367774,90.9707,False
KVAL0012,362,12.3685,RShoulder,0.206392,-0.01944,0.198615,0.05265,2.239643,47.588675,False
KVAL0012,363,12.401844,RShoulder,0.209346,-0.006465,0.201375,0.05685,1.982318,76.077642,False
KVAL0012,364,12.435177,RShoulder,0.103663,-0.029295,0.09513,-0.02895,2.987228,26.454808,False
KVAL0012,365,12.4685,RShoulder,0.011887,-0.003465,0.011175,-0.0021,1.554532,48.808358,False
KVAL0012,366,12.501833,RShoulder,3e-05,0.0,3e-05,0.0,0.422203,48.426801,False
KVAL0012,367,12.535177,RShoulder,0.0392,-0.008505,0.033525,-0.01845,1.873463,214.81525,False
KVAL0012,368,12.568511,RShoulder,0.124926,-0.00426,0.11703,0.0435,14.163982,172.366555,False
KVAL0012,369,12.601833,RShoulder,0.934916,0.33771,0.297525,0.81945,12.249659,408.374122,False
KVAL0012,370,12.635177,RShoulder,0.882134,0.345705,0.27012,0.7653,13.245936,383.957435,False
KVAL0012,371,12.6685,RShoulder,0.252135,0.03579,0.24942,-0.009,13.350362,220.068869,False
KVAL0012,372,12.701844,RShoulder,0.11936,-0.014385,0.11367,-0.03345,4.992777,270.169909,False
KVAL0012,373,12.735177,RShoulder,0.096787,-0.00093,-0.07347,0.063,5.874126,206.817696,False
KVAL0012,374,12.768511,RShoulder,0.470408,0.15,0.422415,0.14265,9.889178,163.389264,False
KVAL0012,375,12.801833,RShoulder,0.637044,0.36594,0.407145,0.3258,5.741253,386.473433,False
KVAL0012,376,12.835166,RShoulder,0.230038,0.093015,0.049035,0.2046,16.25637,109.566625,False
KVAL0012,377,12.868511,RShoulder,0.478585,-0.270855,-0.11802,-0.3765,7.083769,377.923511,False
KVAL0012,378,12.901844,RShoulder,0.259331,-0.048555,-0.171795,-0.1881,9.277205,160.227863,False
KVAL0012,379,12.935166,RShoulder,0.144251,0.062265,0.004275,0.13005,3.709107,179.798211,False
KVAL0012,380,12.968511,RShoulder,0.018226,-0.006075,0.001695,-0.0171,2.779377,69.938215,False
KVAL0012,381,13.001844,RShoulder,0.041722,-0.01047,0.001725,-0.04035,3.078054,74.503091,False
KVAL0012,382,13.035177,RShoulder,0.21472,0.093645,0.124875,-0.14745,2.890944,126.270255,False
KVAL0012,383,13.068511,RShoulder,0.176615,0.032475,0.16599,0.05085,5.539381,82.61627,False
KVAL0012,384,13.101844,RShoulder,0.191419,-0.06561,0.04116,0.17505,2.647151,123.223443,False
KVAL0012,385,13.135166,RShoulder,0.000185,6e-05,9e-05,0.00015,2.871288,39.676059,False
KVAL0012,386,13.168511,RShoulder,0.0,0.0,0.0,0.0,0.002774,43.038896,False
KVAL0012,387,13.201844,RShoulder,0.0,0.0,0.0,0.0,0.002272,0.019679,False
KVAL0012,388,13.235177,RShoulder,0.000151,-1.5e-05,-1.5e-05,-0.00015,0.002272,0.068172,False
KVAL0012,389,13.2685,RShoulder,0.000151,-1.5e-05,-1.5e-05,-0.00015,0.002272,0.068172,False
KVAL0012,390,13.301833,RShoulder,0.0,0.0,0.0,0.0,0.002272,0.034086,False
KVAL0012,391,13.335166,RShoulder,0.0,0.0,0.0,0.0,0.0,9.179753,False
KVAL0012,392,13.3685,RShoulder,0.0,0.0,0.0,0.0,0.612136,17.344529,False
KVAL0012,393,13.401844,RShoulder,0.040809,-0.0387,0.0117,0.00555,1.156302,21.877262,False
KVAL0012,394,13.435177,RShoulder,0.077087,-0.060345,-0.014415,-0.04575,1.055639,36.225385,False
KVAL0012,395,13.468511,RShoulder,0.0615,-0.021645,-0.026115,-0.0513,1.258813,24.963725,False
KVAL0012,396,13.501855,RShoulder,0.006973,0.0048,0.00258,0.00435,0.758919,24.131262,False
KVAL0012,397,13.535166,RShoulder,0.020478,0.00594,0.00195,-0.0195,0.444495,10.708209,False
KVAL0012,398,13.5685,RShoulder,0.024788,0.000675,-0.0012,-0.02475,0.29749,12.192686,False
KVAL0012,399,13.601844,RShoulder,0.001162,-0.000465,-0.00057,-0.0009,0.371824,4.328166,False
KVAL0012,400,13.635177,RShoulder,0.0,0.0,0.0,0.0,0.017436,5.577453,False
KVAL0012,401,13.6685,RShoulder,0.0,0.0,0.0,0.0,0.000225,0.260204,False
KVAL0012,402,13.701844,RShoulder,1.5e-05,1.5e-05,0.0,0.0,0.000225,0.00675,False
KVAL0012,403,13.735166,RShoulder,1.5e-05,1.5e-05,0.0,0.0,0.000225,0.00675,False
KVAL0012,404,13.768511,RShoulder,0.0,0.0,0.0,0.0,0.000225,0.003375,False
KVAL0012,405,13.801844,RShoulder,0.0,0.0,0.0,0.0,0.0,11.872493,False
KVAL0012,406,13.835177,RShoulder,0.0,0.0,0.0,0.0,0.791405,12.89237,False
KVAL0012,407,13.868522,RShoulder,0.05276,0.022155,-0.001785,0.04785,0.859491,22.697118,False
KVAL0012,408,13.901855,RShoulder,0.057299,0.025215,-0.00057,0.05145,0.722026,25.750083,False
KVAL0012,409,13.935188,RShoulder,0.005029,0.003105,0.00126,0.00375,0.857181,9.809841,False
KVAL0012,410,13.968533,RShoulder,0.000163,4.5e-05,4.5e-05,0.00015,0.075435,12.823073,False
KVAL0012,411,14.001866,RShoulder,0.0,0.0,0.0,0.0,0.002444,1.131531,False
KVAL0012,412,14.035166,RShoulder,0.0,0.0,0.0,0.0,0.0,0.036662,False
KVAL0012,413,14.0685,RShoulder,0.0,0.0,0.0,0.0,0.0,75.354828,False
KVAL0012,414,14.101833,RShoulder,0.0,0.0,0.0,0.0,5.023655,75.351979,False
KVAL0012,415,14.135177,RShoulder,0.33491,-0.07899,0.103995,-0.3084,5.023465,150.692816,False
KVAL0012,416,14.1685,RShoulder,0.334898,-0.079035,0.10392,-0.3084,5.022536,150.68422,False
KVAL0012,417,14.201844,RShoulder,0.000598,-0.000345,-0.000465,-0.00015,5.022152,75.321503,False
KVAL0012,418,14.235166,RShoulder,0.000514,-0.0003,-0.00039,-0.00015,0.008972,75.311972,False
KVAL0012,419,14.268511,RShoulder,0.0,0.0,0.0,0.0,0.007849,83.864309,False
KVAL0012,420,14.301833,RShoulder,1.5e-05,1.5e-05,0.0,0.0,5.595213,84.336456,False
KVAL0012,421,14.335177,RShoulder,0.373014,-0.057105,0.16395,0.33015,5.62629,160.477489,False
KVAL0012,422,14.3685,RShoulder,0.375084,-0.05547,0.164685,0.3324,5.109479,140.129804,False
KVAL0012,423,14.401833,RShoulder,0.040468,-0.005565,-0.00621,0.0396,3.880989,29.379031,False
KVAL0012,424,14.435166,RShoulder,0.165485,-0.00324,-0.02436,0.16365,4.856339,90.676085,False
KVAL0012,425,14.4685,RShoulder,0.292467,-0.07458,-0.126255,-0.25305,6.11608,351.77486,False
KVAL0012,426,14.501833,RShoulder,0.317863,0.28653,0.099465,-0.0951,19.075786,398.245558,False
KVAL0012,427,14.535177,RShoulder,1.014842,0.73017,0.41661,0.5685,25.767928,234.195346,False
KVAL0012,0,0.301866,RElbow,1.953985,0.7593,0.59088,1.7007,31.715469,65.738701,True
KVAL0012,1,0.335177,RElbow,0.898239,0.37374,0.29217,0.76275,29.749076,287.351631,True
KVAL0012,2,0.368522,RElbow,0.052352,-0.02157,0.032625,-0.0348,12.693664,453.779001,False
KVAL0012,3,0.401833,RElbow,0.071215,-0.01824,0.03882,0.05685,0.786897,179.375875,True
KVAL0012,4,0.435177,RElbow,0.005623,-0.00258,0.002925,0.00405,1.068229,11.962297,True
KVAL0012,5,0.468511,RElbow,0.0,0.0,0.0,0.0,0.08434,8.427478,True
KVAL0012,6,0.501855,RElbow,0.0,0.0,0.0,0.0,1.220253,17.237201,True
KVAL0012,7,0.535177,RElbow,0.08135,-0.01692,-0.038295,-0.06975,1.212647,36.723307,False
KVAL0012,8,0.568511,RElbow,0.080843,-0.01671,-0.03813,-0.0693,1.227968,36.380999,False
KVAL0012,9,0.601833,RElbow,0.000528,0.00021,0.00018,0.00045,1.212753,18.535285,False
KVAL0012,10,0.635177,RElbow,1.5e-05,0.0,1.5e-05,0.0,0.007923,18.192888,False
KVAL0012,11,0.668511,RElbow,0.0,0.0,0.0,0.0,0.000225,46.919099,False
KVAL0012,12,0.701844,RElbow,0.0,0.0,0.0,0.0,3.121574,96.458152,True
KVAL0012,13,0.735166,RElbow,0.208105,-0.04362,0.103995,0.1749,6.43042,42.173422,True
KVAL0012,14,0.768511,RElbow,0.428695,-0.11568,0.234885,0.33945,0.781507,189.224864,True
KVAL0012,15,0.801833,RElbow,0.238561,-0.081195,0.140085,0.1752,6.184835,61.896079,True
KVAL0012,16,0.835177,RElbow,0.017253,-0.00933,0.009525,0.01095,3.571212,89.105577,True
KVAL0012,17,0.868511,RElbow,0.000487,-0.000195,0.00033,0.0003,0.2588,55.119318,True
KVAL0012,18,0.901844,RElbow,0.0,0.0,0.0,0.0,0.103462,47.079126,True
KVAL0012,19,0.935166,RElbow,0.00738,-0.00273,0.00441,0.00525,2.891061,38.237504,True
KVAL0012,20,0.9685,RElbow,0.192737,-0.052395,0.10764,0.15105,2.651789,87.055332,True
KVAL0012,21,1.001844,RElbow,0.184104,-0.050205,0.10293,0.14415,2.912658,99.54685,True
KVAL0012,22,1.035177,RElbow,0.00191,-0.000555,-0.000315,-0.0018,4.042311,31.466277,False
KVAL0012,23,1.068522,RElbow,0.104803,-0.026415,-0.005865,-0.10125,1.540931,82.208901,False
KVAL0012,24,1.101855,RElbow,0.104625,-0.026925,-0.00552,-0.10095,1.572543,18.02369,False
KVAL0012,25,1.135188,RElbow,0.000638,-0.000525,0.00033,0.00015,0.843663,50.511641,True
KVAL0012,26,1.168533,RElbow,0.146837,-0.06888,-0.034155,-0.1251,1.874621,143.588661,True
KVAL0012,27,1.201866,RElbow,0.125163,-0.07914,-0.010005,-0.09645,9.159816,272.913087,False
KVAL0012,28,1.235177,RElbow,0.521661,-0.214335,0.327045,0.3453,16.98902,136.723047,True
KVAL0012,29,1.268511,RElbow,1.061342,-0.27225,0.488685,0.90195,5.084034,482.959096,True
KVAL0012,30,1.301844,RElbow,0.653738,-0.079065,0.18537,0.6219,15.244379,199.47023,True
KVAL0012,31,1.335177,RElbow,0.05543,-0.026115,-0.00534,0.0486,9.570039,290.880917,True
KVAL0012,32,1.3685,RElbow,0.044143,-0.035385,-0.01842,0.0189,6.242823,223.469175,True
KVAL0012,33,1.401844,RElbow,0.463645,-0.388965,-0.05619,0.246,6.939659,149.153081,True
KVAL0012,34,1.435166,RElbow,0.503199,-0.401505,-0.035805,0.3012,5.634353,156.889916,True
KVAL0012,35,1.4685,RElbow,0.487522,-0.09774,-0.004785,0.4776,5.940965,151.694885,True
KVAL0012,36,1.501844,RElbow,0.527851,-0.07527,0.002745,0.52245,6.387968,233.735074,False
KVAL0012,37,1.535177,RElbow,0.073402,-0.00294,0.03519,0.06435,11.542043,62.085597,False
KVAL0012,38,1.568511,RElbow,0.273765,-0.051885,-0.13041,-0.23505,4.979105,191.103817,False
KVAL0012,39,1.601855,RElbow,0.261537,-0.072375,-0.10953,-0.2262,15.743076,219.416321,True
KVAL0012,40,1.635177,RElbow,1.148164,0.4977,0.402,-0.9534,14.744199,504.018389,False
KVAL0012,41,1.668522,RElbow,1.055104,0.529005,0.380565,-0.8298,18.296088,448.741248,False
KVAL0012,42,1.701844,RElbow,0.130907,0.04743,0.03141,0.1179,15.440558,429.632065,False
KVAL0012,43,1.735177,RElbow,0.03301,0.025455,0.019515,-0.0078,12.541709,360.492293,False
KVAL0012,44,1.768511,RElbow,0.710452,-0.22341,0.042825,-0.67305,11.242968,332.238328,False
KVAL0012,45,1.801855,RElbow,0.750445,-0.2223,0.0678,-0.71355,9.610505,333.400554,False
KVAL0012,46,1.835177,RElbow,0.074277,-0.00291,0.018015,-0.072,10.991802,246.568902,False
KVAL0012,47,1.868511,RElbow,0.026056,0.002895,-0.01494,-0.02115,7.571063,368.458049,False
KVAL0012,48,1.901844,RElbow,0.575285,0.118755,0.04428,-0.56115,14.328369,,False
KVAL0012,49,1.935177,RElbow,0.976272,0.168,0.010635,-0.96165,,,False
KVAL0012,50,1.9685,RElbow,,,,,,,False
KVAL0012,51,2.001833,RElbow,,,,,,,False
KVAL0012,52,2.035177,RElbow,,,,,,,False
KVAL0012,53,2.068511,RElbow,0.19306,0.005595,-0.036735,-0.18945,,,False
KVAL0012,54,2.101844,RElbow,1.109549,-0.93369,0.006465,0.5994,,,False
KVAL0012,55,2.135188,RElbow,,,,,,,False
KVAL0012,56,2.168511,RElbow,,,,,,,False
KVAL0012,57,2.201855,RElbow,,,,,,,False
KVAL0012,58,2.235166,RElbow,,,,,,,False
KVAL0012,59,2.268511,RElbow,,,,,,,False
KVAL0012,60,2.301833,RElbow,,,,,,,False
KVAL0012,61,2.335177,RElbow,7.800563,4.293705,-5.393685,-3.6498,,,True
KVAL0012,62,2.3685,RElbow,0.272455,-0.001485,-0.230535,-0.1452,129.472574,,True
KVAL0012,63,2.401844,RElbow,1.607107,0.357105,0.265635,1.54425,33.170663,1985.453251,True
KVAL0012,64,2.435177,RElbow,2.017923,-0.0435,0.363975,1.98435,20.018169,2427.49839,True
KVAL0012,65,2.468522,RElbow,0.963814,-0.652935,0.22275,0.67305,131.813931,1662.718616,False
KVAL0012,66,2.501833,RElbow,6.973432,-0.23244,2.24994,-6.5964,117.06336,3707.860769,False
KVAL0012,67,2.535166,RElbow,7.120736,1.38087,2.70078,-6.44235,117.369022,3368.137057,False
KVAL0012,68,2.5685,RElbow,2.337202,1.80777,1.189635,0.88275,108.25538,2057.717103,False
KVAL0012,69,2.601844,RElbow,1.070493,0.59952,0.756015,0.46365,31.951917,1687.579684,False
KVAL0012,70,2.635177,RElbow,0.258919,0.11571,0.23124,0.01335,15.441733,435.505886,False
KVAL0012,71,2.668522,RElbow,0.068355,0.014385,0.06276,-0.02295,3.861727,290.152249,False
KVAL0012,72,2.701833,RElbow,0.00213,-0.00048,0.001935,-0.00075,3.924799,129.371701,False
KVAL0012,73,2.735177,RElbow,0.311207,0.169515,0.25086,0.072,4.797471,39.204245,False
KVAL0012,74,2.7685,RElbow,0.321028,0.16779,0.26598,0.0645,5.544666,67.927124,False
KVAL0012,75,2.801844,RElbow,0.67267,0.272535,0.60108,0.13005,9.048094,109.484381,False
KVAL0012,76,2.835177,RElbow,0.91857,0.36009,0.82905,0.16365,2.362979,218.792214,False
KVAL0012,77,2.868522,RElbow,0.564621,0.138555,0.5427,0.07125,5.929609,22.550618,False
KVAL0012,78,2.901833,RElbow,0.572774,0.079185,0.558675,0.0984,1.848417,58.655158,False
KVAL0012,79,2.935166,RElbow,0.474686,0.049995,0.46158,0.09885,2.870694,20.15791,False
KVAL0012,80,2.968511,RElbow,0.38345,0.03981,0.37191,0.08445,1.782982,36.322356,False
KVAL0012,81,3.001844,RElbow,0.356332,0.02931,0.346215,0.07905,0.461547,13.397916,False
KVAL0012,82,3.035166,RElbow,0.354663,0.02727,0.34389,0.08235,0.926394,27.28855,False
KVAL0012,83,3.068511,RElbow,0.295314,0.03036,0.28494,0.0714,2.214732,23.376027,False
KVAL0012,84,3.101833,RElbow,0.208945,0.03399,0.19983,0.0507,2.477979,8.167215,False
KVAL0012,85,3.135166,RElbow,0.131184,0.02328,0.123165,0.0387,1.891414,22.088622,False
KVAL0012,86,3.1685,RElbow,0.083267,0.0129,0.07791,0.0264,1.045066,27.013003,False
KVAL0012,87,3.201844,RElbow,0.061839,0.01164,0.059145,0.0138,0.185439,18.092018,False
KVAL0012,88,3.235166,RElbow,0.07618,0.01641,0.072705,0.01575,2.194563,67.832955,False
KVAL0012,89,3.2685,RElbow,0.085018,-0.02058,-0.08235,-0.0048,4.595197,27.126621,False
KVAL0012,90,3.301833,RElbow,0.230933,-0.07044,-0.21933,-0.0162,0.43831,98.674107,False
KVAL0012,91,3.335177,RElbow,0.112442,-0.03822,-0.105645,-0.00465,2.006145,19.409087,False
KVAL0012,92,3.368511,RElbow,0.100652,-0.01194,-0.099105,-0.0129,0.856879,12.667896,False
KVAL0012,93,3.401855,RElbow,0.058492,-0.00759,-0.05751,-0.0075,1.458407,6.364549,False
KVAL0012,94,3.435166,RElbow,0.004609,-0.00342,-0.003075,-0.0003,0.752691,18.733366,False
KVAL0012,95,3.4685,RElbow,0.009133,-0.00414,-0.00768,-0.0027,0.21923,10.818742,False
KVAL0012,96,3.501833,RElbow,0.010829,0.00135,0.01074,-0.0003,0.05352,5.588548,False
KVAL0012,97,3.535166,RElbow,0.007224,-0.00435,-0.00576,0.0003,0.153451,3.04592,False
KVAL0012,98,3.5685,RElbow,0.002663,-0.00237,0.001215,0.0,0.227471,13.378675,False
KVAL0012,99,3.601844,RElbow,0.008857,-0.00012,0.008775,0.0012,0.746101,4.51954,False
KVAL0012,100,3.635166,RElbow,0.050818,0.00138,0.05022,0.00765,0.51404,22.440173,False
KVAL0012,101,3.6685,RElbow,0.043109,0.001185,0.042435,0.0075,0.750303,8.596467,False
KVAL0012,102,3.701844,RElbow,0.00106,-0.000255,0.000705,0.00075,0.118263,29.363064,False
KVAL0012,103,3.735177,RElbow,0.040405,0.00819,0.03882,0.00765,1.235719,7.81514,False
KVAL0012,104,3.768511,RElbow,0.083197,0.02394,0.074115,0.02925,0.529447,29.187028,False
KVAL0012,105,3.801844,RElbow,0.072107,0.026325,0.06078,0.0285,0.718273,19.076108,False
KVAL0012,106,3.835166,RElbow,0.037172,0.010905,0.03525,0.0045,0.743599,19.230325,False
KVAL0012,107,3.8685,RElbow,0.02673,0.00312,0.02652,0.0012,0.567105,18.345027,False
KVAL0012,108,3.901844,RElbow,0.073549,0.01644,0.068115,0.02235,0.483304,19.861736,False
KVAL0012,109,3.935177,RElbow,0.056395,0.01365,0.051405,0.01875,0.763293,14.887953,False
KVAL0012,110,3.9685,RElbow,0.024143,0.000165,0.023955,0.003,0.510911,17.120866,False
KVAL0012,111,4.001844,RElbow,0.024405,0.000225,0.02418,0.0033,0.384956,20.03756,False
KVAL0012,112,4.035177,RElbow,0.048106,0.01278,0.045525,0.00885,0.833767,9.548999,False
KVAL0012,113,4.068511,RElbow,0.078701,0.02085,0.07404,0.01665,0.259239,17.553083,False
KVAL0012,114,4.101833,RElbow,0.031092,0.0081,0.028905,0.0081,0.337926,11.79695,False
KVAL0012,115,4.135166,RElbow,0.056223,0.014835,0.053175,0.01065,0.527541,1.168281,False
KVAL0012,116,4.168511,RElbow,0.065878,0.0156,0.06321,0.01005,0.40916,12.354782,False
KVAL0012,117,4.201844,RElbow,0.029425,0.005475,0.02877,0.00285,0.296656,12.188428,False
KVAL0012,118,4.235177,RElbow,0.046171,0.01212,0.04389,0.00765,0.403902,1.438229,False
KVAL0012,119,4.268511,RElbow,0.055765,0.016365,0.05241,0.00975,0.375606,20.710467,False
KVAL0012,120,4.301855,RElbow,0.021238,0.004155,0.02061,0.003,0.978584,9.907244,False
KVAL0012,121,4.335188,RElbow,0.00983,-0.00537,-0.00792,-0.00225,0.28518,28.302854,False
KVAL0012,122,4.368522,RElbow,0.040178,0.010065,0.03852,0.0054,0.909829,11.131886,False
KVAL0012,123,4.401866,RElbow,0.051386,0.012525,0.049605,0.0048,0.457439,25.191852,False
KVAL0012,124,4.4352,RElbow,0.009883,0.00192,0.00969,-0.0003,0.770373,4.748513,False
KVAL0012,125,4.468511,RElbow,0.000151,0.0,1.5e-05,0.00015,0.147404,25.591711,False
KVAL0012,126,4.501844,RElbow,0.000162,1.5e-05,6e-05,0.00015,0.937157,27.564187,False
KVAL0012,127,4.535166,RElbow,0.062517,0.013215,0.060195,0.0105,1.693267,15.031723,False
KVAL0012,128,4.568511,RElbow,0.11297,0.025335,0.10851,0.0186,0.115651,39.031355,False
KVAL0012,129,4.601844,RElbow,0.058866,0.011415,0.057645,0.00345,0.911829,8.826392,False
KVAL0012,130,4.635177,RElbow,0.052829,0.010605,0.051675,0.00285,0.61932,5.147216,False
KVAL0012,131,4.668511,RElbow,0.018063,0.00237,0.01737,0.00435,1.200424,4.341308,False
KVAL0012,132,4.701844,RElbow,0.027445,-0.00912,-0.02559,-0.0039,0.417269,23.315994,False
KVAL0012,133,4.735166,RElbow,0.010977,-0.00594,-0.00714,-0.00585,0.357604,13.025281,False
KVAL0012,134,4.768511,RElbow,0.00414,-0.001425,-0.003645,0.00135,0.454804,10.461573,False
KVAL0012,135,4.801833,RElbow,0.01983,0.00822,0.017265,0.00525,0.340966,24.579109,False
KVAL0012,136,4.835177,RElbow,0.026258,-0.010935,-0.023445,-0.0045,1.194543,5.860734,False
KVAL0012,137,4.8685,RElbow,0.06002,-0.02307,-0.05505,-0.0063,0.050504,36.336746,False
KVAL0012,138,4.901844,RElbow,0.023015,-0.009135,-0.020865,-0.0033,1.228673,5.569581,False
KVAL0012,139,4.935166,RElbow,0.021909,0.00903,0.019905,0.0015,0.329923,42.917599,False
KVAL0012,140,4.968511,RElbow,0.043996,-0.018915,-0.03963,0.0027,1.635681,5.320276,False
KVAL0012,141,5.001833,RElbow,0.087199,-0.03543,-0.079665,0.00135,0.077552,27.202183,False
KVAL0012,142,5.035166,RElbow,0.044163,-0.016065,-0.041115,-0.00135,0.182956,63.224043,False
KVAL0012,143,5.0685,RElbow,0.075503,-0.02964,-0.069315,0.0042,4.23074,58.03603,False
KVAL0012,144,5.101844,RElbow,0.317269,-0.198375,-0.198015,-0.14865,3.714762,85.383747,False
KVAL0012,145,5.135166,RElbow,0.301327,-0.18501,-0.18372,-0.15105,1.504331,32.875462,False
KVAL0012,146,5.168511,RElbow,0.220054,-0.15114,-0.121935,-0.1035,2.114409,35.414336,False
KVAL0012,147,5.201833,RElbow,0.417975,-0.288585,-0.17538,-0.2463,1.104532,71.719768,False
KVAL0012,148,5.235166,RElbow,0.278875,-0.18375,-0.1236,-0.1695,2.797171,9.360482,False
KVAL0012,149,5.268511,RElbow,0.231874,-0.153825,-0.102555,-0.13995,0.625664,27.741342,False
KVAL0012,150,5.301844,RElbow,0.305848,-0.205395,-0.10581,-0.2004,1.003211,68.302092,False
KVAL0012,151,5.335177,RElbow,0.169077,-0.101535,-0.06774,-0.117,4.069511,30.785185,False
KVAL0012,152,5.368511,RElbow,0.04398,-0.01278,-0.03537,-0.0228,2.96311,41.898716,False
KVAL0012,153,5.401844,RElbow,0.031381,0.019455,0.0222,0.01065,1.906917,37.133169,False
KVAL0012,154,5.435188,RElbow,0.085234,0.049995,0.0645,0.0246,0.541936,36.789209,False
KVAL0012,155,5.468511,RElbow,0.067479,0.040095,0.0489,0.02355,0.545973,2.151927,False
KVAL0012,156,5.501855,RElbow,0.049112,0.03096,0.036285,0.0117,0.455376,15.851039,False
KVAL0012,157,5.535177,RElbow,0.097264,0.056415,0.0741,0.02805,0.514169,27.376377,False
KVAL0012,158,5.568511,RElbow,0.08234,0.04467,0.063555,0.0273,1.372424,31.752679,False
KVAL0012,159,5.601833,RElbow,0.006725,0.004575,0.00258,0.0042,1.606847,18.176533,False
KVAL0012,160,5.635177,RElbow,0.025256,-0.0111,-0.01845,-0.0132,0.2445,44.752523,False
KVAL0012,161,5.668511,RElbow,0.01033,-0.001875,-0.00285,-0.00975,1.376742,17.172856,False
KVAL0012,162,5.701844,RElbow,0.066997,0.03549,0.05256,0.0216,0.939475,38.259239,False
KVAL0012,163,5.735166,RElbow,0.05603,0.029145,0.045135,0.0159,1.175003,22.758016,False
KVAL0012,164,5.768511,RElbow,0.01142,-0.00474,-0.00969,-0.00375,0.590673,27.407273,False
KVAL0012,165,5.801844,RElbow,0.018098,0.01146,0.010605,0.00915,0.652215,2.871096,False
KVAL0012,166,5.835177,RElbow,0.032182,0.017985,0.024405,0.0108,0.616082,22.70822,False
KVAL0012,167,5.868511,RElbow,0.023432,-0.01221,-0.01854,-0.0075,0.862054,33.814417,False
KVAL0012,168,5.901844,RElbow,0.02533,-0.013965,-0.020025,-0.00675,1.638969,47.007226,False
KVAL0012,169,5.935166,RElbow,0.08591,0.04806,0.06318,0.03285,2.272534,24.842267,False
KVAL0012,170,5.9685,RElbow,0.126302,0.07191,0.09321,0.04575,0.017237,48.8186,False
KVAL0012,171,6.001833,RElbow,0.084766,0.047505,0.06228,0.0324,0.982858,14.942901,False
KVAL0012,172,6.035166,RElbow,0.061024,0.032775,0.044715,0.0255,1.013337,10.37737,False
KVAL0012,173,6.0685,RElbow,0.017269,0.008955,0.01263,0.00765,0.292801,20.713437,False
KVAL0012,174,6.101833,RElbow,0.041519,0.021885,0.030435,0.01785,0.368207,9.557408,False
KVAL0012,175,6.135166,RElbow,0.041813,0.022215,0.03042,0.01815,0.357437,3.944458,False
KVAL0012,176,6.168511,RElbow,0.063865,0.04185,0.04227,0.02325,0.586777,11.738573,False
KVAL0012,177,6.201833,RElbow,0.079853,0.0522,0.053445,0.0282,0.435739,8.855489,False
KVAL0012,178,6.235166,RElbow,0.034995,0.02394,0.021375,0.01395,0.09538,73.618526,False
KVAL0012,179,6.2685,RElbow,0.08064,0.05277,0.050685,0.0339,5.337362,53.354989,False
KVAL0012,180,6.301833,RElbow,0.322612,-0.18246,-0.26127,-0.05025,3.567784,210.150805,False
KVAL0012,181,6.335177,RElbow,0.162594,-0.08286,-0.139455,-0.0111,8.67511,101.874116,False
KVAL0012,182,6.368511,RElbow,0.257549,0.16296,0.186675,0.0702,3.229371,192.569471,False
KVAL0012,183,6.401855,RElbow,0.054263,0.03537,0.038715,0.01395,4.173742,62.186818,False
KVAL0012,184,6.435188,RElbow,0.021165,-0.00975,-0.01695,-0.0081,0.930985,86.556662,False
KVAL0012,185,6.468522,RElbow,0.009893,-0.00012,-0.008565,-0.00495,1.608383,6.7723,False
KVAL0012,186,6.501866,RElbow,0.08679,0.059325,0.05313,0.0345,0.812142,84.868572,False
KVAL0012,187,6.5352,RElbow,0.060312,-0.033765,-0.049665,0.00555,4.063159,10.953272,False
KVAL0012,188,6.568511,RElbow,0.185985,-0.119955,-0.137955,-0.0342,0.437417,72.972889,False
KVAL0012,189,6.601844,RElbow,0.079389,-0.0492,-0.059955,-0.01695,1.346284,11.400207,False
KVAL0012,190,6.635177,RElbow,0.155079,-0.10263,-0.07134,-0.0918,1.110147,43.090039,False
KVAL0012,191,6.668511,RElbow,0.126585,-0.08154,-0.05019,-0.0828,2.740828,45.70189,False
KVAL0012,192,6.701855,RElbow,0.029247,0.02031,0.01923,0.00855,2.345043,67.162633,False
KVAL0012,193,6.735188,RElbow,0.100495,0.07134,-0.0213,-0.0675,3.02333,37.512038,False
KVAL0012,194,6.768522,RElbow,0.202036,0.133815,-0.050625,-0.14265,0.212251,63.026486,False
KVAL0012,195,6.801866,RElbow,0.103248,0.06339,-0.029295,-0.07605,3.727586,150.920179,False
KVAL0012,196,6.8352,RElbow,0.371663,0.36603,-0.031485,-0.05625,9.9927,88.365419,False
KVAL0012,197,6.868511,RElbow,0.726525,0.634005,-0.35235,0.04155,4.792069,303.255404,False
KVAL0012,198,6.901844,RElbow,0.460046,0.33519,-0.28335,0.13785,10.31176,162.565043,False
KVAL0012,199,6.935166,RElbow,0.080794,0.064905,0.033225,0.0348,7.557591,144.163708,False
KVAL0012,200,6.9685,RElbow,0.097166,-0.06927,-0.04776,-0.0486,3.143591,140.011332,False
KVAL0012,201,7.001844,RElbow,0.129175,-0.093975,-0.065505,-0.0597,2.332793,94.631256,False
KVAL0012,202,7.035177,RElbow,0.067237,0.066435,0.00015,0.01035,3.236472,54.128724,False
KVAL0012,203,7.068511,RElbow,0.103883,0.103815,-0.003735,0.00045,1.287748,73.350242,False
KVAL0012,204,7.101855,RElbow,0.046077,-0.000345,-0.03276,-0.0324,1.725582,19.023965,False
KVAL0012,205,7.135177,RElbow,0.013936,-0.01104,-0.00657,-0.0054,1.980449,8.898404,False
KVAL0012,206,7.168522,RElbow,0.140033,-0.13227,-0.028785,-0.03585,1.420871,69.555317,False
KVAL0012,207,7.201844,RElbow,0.108183,-0.09915,-0.03429,-0.0264,2.70394,46.969241,False
KVAL0012,208,7.235177,RElbow,0.044297,0.03987,-0.01215,0.015,1.712943,36.795008,False
KVAL0012,209,7.268511,RElbow,0.011423,0.00693,-0.006945,0.00585,0.330017,153.230268,False
KVAL0012,210,7.301855,RElbow,0.05869,0.05706,0.001515,0.01365,11.706531,250.634579,False
KVAL0012,211,7.335177,RElbow,0.789643,0.756645,-0.17778,0.13935,16.892957,184.055929,False
KVAL0012,212,7.368511,RElbow,1.182052,1.12917,-0.30933,0.1629,1.837422,401.964972,False
KVAL0012,213,7.401833,RElbow,0.769555,0.74199,-0.2031,0.0204,10.007867,84.483764,False
KVAL0012,214,7.435166,RElbow,0.538284,0.520995,-0.12825,-0.0432,5.811983,162.71313,False
KVAL0012,215,7.4685,RElbow,0.394811,0.378645,-0.09474,-0.0594,2.019014,121.213021,False
KVAL0012,216,7.501844,RElbow,0.556047,0.54585,-0.0729,0.07695,3.524135,110.06138,False
KVAL0012,217,7.535166,RElbow,0.493089,0.46983,-0.02883,0.14685,6.722874,138.136519,False
KVAL0012,218,7.568511,RElbow,0.115908,0.10572,0.006285,0.0471,6.610587,92.271011,False
KVAL0012,219,7.601833,RElbow,0.052388,0.050115,-0.00282,0.015,0.867244,144.937773,False
KVAL0012,220,7.635177,RElbow,0.065884,0.064635,-0.008745,0.0093,3.074361,19.375014,False
KVAL0012,221,7.6685,RElbow,0.256822,0.236775,-0.039375,0.09135,0.846801,214.884239,False
KVAL0012,222,7.701844,RElbow,0.108809,0.09078,-0.05868,0.01245,11.353284,146.568931,False
KVAL0012,223,7.735177,RElbow,0.514633,-0.42468,-0.10692,-0.2703,9.450698,228.688591,False
KVAL0012,224,7.768511,RElbow,0.554025,-0.48471,-0.13317,-0.23295,3.978321,270.095496,False
KVAL0012,225,7.801844,RElbow,0.257837,-0.230295,-0.067605,-0.0942,8.580914,43.495236,False
KVAL0012,226,7.835188,RElbow,0.067995,0.044385,-0.01869,-0.048,5.805345,124.870361,False
KVAL0012,227,7.8685,RElbow,0.142227,0.140865,-0.019185,0.0042,0.541176,66.03681,False
KVAL0012,228,7.901844,RElbow,0.074869,0.059445,-0.03948,-0.02265,1.534436,52.704061,False
KVAL0012,229,7.935166,RElbow,0.23417,0.225075,-0.01737,0.06225,3.82398,44.743433,False
KVAL0012,230,7.968511,RElbow,0.295209,0.27492,0.00063,0.10755,1.594837,147.991672,False
KVAL0012,231,8.001833,RElbow,0.135315,0.12207,0.008595,0.05775,6.050342,67.973903,False
KVAL0012,232,8.035177,RElbow,0.120651,-0.076815,-0.03297,-0.087,5.616353,90.746678,False
KVAL0012,233,8.068511,RElbow,0.243753,-0.178725,-0.061545,-0.1539,0.355764,125.457192,False
KVAL0012,234,8.101855,RElbow,0.116329,-0.088755,-0.03492,-0.0666,2.76364,30.31636,False
KVAL0012,235,8.135177,RElbow,0.059994,-0.046395,-0.018915,-0.033,1.968042,14.814928,False
KVAL0012,236,8.168522,RElbow,0.036491,0.027405,-0.02313,-0.00675,2.118152,23.153926,False
KVAL0012,237,8.201833,RElbow,0.083852,0.079875,0.007785,0.0243,1.05341,44.328008,False
KVAL0012,238,8.235166,RElbow,0.068218,0.05292,0.031305,0.02955,0.961915,9.964643,False
KVAL0012,239,8.268511,RElbow,0.03862,0.017325,0.02169,0.02685,0.666139,19.482474,False
KVAL0012,240,8.301844,RElbow,0.102079,0.05604,0.047835,0.07065,0.445389,31.846554,False
KVAL0012,241,8.335166,RElbow,0.066509,0.03954,0.028185,0.04545,1.52666,21.482099,False
KVAL0012,242,8.368511,RElbow,0.000488,-0.000135,0.00036,0.0003,0.997356,22.837095,False
KVAL0012,243,8.401833,RElbow,4.5e-05,0.0,4.5e-05,0.0,0.006832,14.956058,False
KVAL0012,244,8.435166,RElbow,4.5e-05,0.0,4.5e-05,0.0,0.000675,0.095757,False
KVAL0012,245,8.4685,RElbow,0.0,0.0,0.0,0.0,0.000675,1.06682,False
KVAL0012,246,8.501833,RElbow,0.0,0.0,0.0,0.0,0.070675,1.075837,False
KVAL0012,247,8.535166,RElbow,0.004712,0.00081,0.003105,0.00345,0.071271,4.986679,False
KVAL0012,248,8.568511,RElbow,0.004751,0.00081,0.003165,0.00345,0.26751,13.927162,False
KVAL0012,249,8.601844,RElbow,0.013759,-0.0096,-0.00732,-0.0066,0.868454,4.198973,False
KVAL0012,250,8.635188,RElbow,0.054017,-0.03777,-0.03231,-0.02115,0.311199,28.423196,False
KVAL0012,251,8.668511,RElbow,0.031264,-0.024765,-0.019035,0.00135,1.036427,11.262757,False
KVAL0012,252,8.701844,RElbow,0.021014,0.004245,0.003675,0.02025,0.462431,19.460221,False
KVAL0012,253,8.735177,RElbow,0.004941,0.00087,-0.002175,0.00435,0.312563,7.967429,False
KVAL0012,254,8.768522,RElbow,0.000197,0.00012,4.5e-05,0.00015,0.121448,11.245975,False
KVAL0012,255,8.801844,RElbow,0.004481,-0.003855,-0.0009,-0.0021,0.950474,70.916052,False
KVAL0012,256,8.835188,RElbow,0.063176,-0.047505,-0.02355,-0.03435,4.842084,51.978167,False
KVAL0012,257,8.8685,RElbow,0.326507,-0.146835,-0.044895,-0.28815,4.0584,132.316634,False
KVAL0012,258,8.901844,RElbow,0.317728,-0.095145,-0.044595,-0.29985,4.091473,123.701895,False
KVAL0012,259,8.935166,RElbow,0.107124,0.042765,-0.0333,-0.0924,4.316599,38.037129,False
KVAL0012,260,8.9685,RElbow,0.086695,0.044685,-0.05619,-0.0486,2.150275,47.191718,False
KVAL0012,261,9.001833,RElbow,0.09627,0.073845,-0.0396,0.0474,1.730911,56.955728,False
KVAL0012,262,9.035166,RElbow,0.079696,0.063975,0.0051,0.04725,2.031705,30.007653,False
KVAL0012,263,9.068511,RElbow,0.049326,-0.043875,-0.01641,-0.01545,0.69235,73.639486,False
KVAL0012,264,9.101844,RElbow,0.107318,0.08373,-0.03546,0.057,2.892214,32.561899,False
KVAL0012,265,9.135177,RElbow,0.148122,0.127785,-0.01959,0.0723,1.609768,83.301411,False
KVAL0012,266,9.168511,RElbow,0.0,0.0,0.0,0.0,2.693939,17.851557,False
KVAL0012,267,9.201833,RElbow,0.042093,-0.011445,-0.00498,-0.0402,0.791344,28.540326,False
KVAL0012,268,9.235177,RElbow,0.052756,-0.01668,-0.006315,-0.04965,1.386838,26.488092,False
KVAL0012,269,9.2685,RElbow,0.108761,-0.10116,0.016995,-0.03615,1.680912,52.065622,False
KVAL0012,270,9.301844,RElbow,0.129702,-0.12462,0.017595,-0.03135,2.136753,84.216304,False
KVAL0012,271,9.335166,RElbow,0.034151,0.031845,-0.010125,0.00705,4.023604,42.522672,False
KVAL0012,272,9.368511,RElbow,0.138706,0.135645,-0.013485,0.02565,4.955643,28.514884,False
KVAL0012,273,9.401844,RElbow,0.363709,0.3327,-0.060435,0.13395,3.341629,205.541985,False
KVAL0012,274,9.435177,RElbow,0.350041,0.303195,-0.044985,0.16905,8.76044,200.764672,False
KVAL0012,275,9.468511,RElbow,0.224432,-0.216825,-0.00951,-0.05715,10.133968,92.773864,False
KVAL0012,276,9.501844,RElbow,0.329422,-0.302535,-0.01872,-0.129,4.161974,123.311805,False
KVAL0012,277,9.535177,RElbow,0.469003,-0.36837,-0.06033,-0.28395,3.067311,128.234374,False
KVAL0012,278,9.568511,RElbow,0.496442,-0.382215,-0.08586,-0.30495,4.542724,115.719084,False
KVAL0012,279,9.601833,RElbow,0.168817,-0.122505,-0.04275,-0.108,4.909531,47.868773,False
KVAL0012,280,9.635166,RElbow,0.170178,-0.120795,-0.03153,-0.11565,1.428533,76.60752,False
KVAL0012,281,9.6685,RElbow,0.074328,-0.052245,-0.012165,-0.05145,0.832675,46.844219,False
KVAL0012,282,9.701844,RElbow,0.192357,-0.10299,-0.007275,-0.1623,1.829346,50.92887,False
KVAL0012,283,9.735166,RElbow,0.192363,-0.103215,-0.00759,-0.16215,2.884879,57.314165,False
KVAL0012,284,9.768511,RElbow,0.000486,-0.00027,-0.000375,0.00015,2.034947,60.026448,False
KVAL0012,285,9.801844,RElbow,0.064326,-0.01269,-0.014595,-0.06135,1.164592,22.882288,False
KVAL0012,286,9.835177,RElbow,0.077628,-0.019245,-0.01368,-0.07395,0.772515,16.128394,False
KVAL0012,287,9.8685,RElbow,0.01425,-0.0066,0.000855,-0.0126,0.127995,30.311237,False
KVAL0012,288,9.901833,RElbow,0.084006,-0.01518,-0.013875,-0.08145,1.252493,21.47035,False
KVAL0012,289,9.935177,RElbow,0.096902,-0.024915,-0.016935,-0.0921,1.344506,39.887632,False
KVAL0012,290,9.968511,RElbow,0.015637,0.01482,0.004905,0.0009,1.411193,27.489901,False
KVAL0012,291,10.001844,RElbow,0.008811,0.006255,0.002775,-0.00555,0.5872,26.44823,False
KVAL0012,292,10.035188,RElbow,0.025723,-0.018345,-0.00525,-0.01725,0.464877,3.172653,False
KVAL0012,293,10.068511,RElbow,0.028846,-0.021855,0.00291,-0.0186,0.468393,11.328342,False
KVAL0012,294,10.101855,RElbow,0.056874,-0.03834,-0.01314,-0.0399,0.46664,4.110968,False
KVAL0012,295,10.135177,RElbow,0.03292,-0.013365,-0.026655,-0.01395,0.59979,40.939802,False
KVAL0012,296,10.168511,RElbow,0.09389,-0.048345,-0.030705,-0.0744,2.768491,110.329948,False
KVAL0012,297,10.201844,RElbow,0.165809,0.159795,-0.00033,0.04425,6.893867,27.41221,False
KVAL0012,298,10.235177,RElbow,0.375967,0.324405,0.028065,0.18795,1.241469,131.071893,False
KVAL0012,299,10.2685,RElbow,0.237304,0.211425,0.018285,0.1062,1.857486,30.71932,False
KVAL0012,300,10.301844,RElbow,0.25554,0.231,0.0231,0.1068,0.857283,13.512556,False
KVAL0012,301,10.335166,RElbow,0.180167,0.16017,0.01485,0.08115,1.278793,9.035893,False
KVAL0012,302,10.3685,RElbow,0.172042,0.149595,0.011775,0.08415,0.308582,15.46277,False
KVAL0012,303,10.401833,RElbow,0.162536,0.139845,0.018015,0.08085,2.230821,32.777431,False
KVAL0012,304,10.435177,RElbow,0.024864,0.017745,0.00804,0.01545,2.438037,31.550447,False
KVAL0012,305,10.468511,RElbow,0.0,0.0,0.0,0.0,0.130671,64.354069,False
KVAL0012,306,10.501844,RElbow,0.016407,0.01047,0.00603,0.0111,1.853412,34.529564,False
KVAL0012,307,10.535166,RElbow,0.123561,0.10323,0.01533,0.06615,2.173145,31.625956,False
KVAL0012,308,10.5685,RElbow,0.159908,0.13704,0.01515,0.081,0.259917,41.317498,False
KVAL0012,309,10.601844,RElbow,0.106668,0.091035,0.012585,0.05415,0.581737,3.364374,False
KVAL0012,310,10.635177,RElbow,0.121288,0.10302,0.01428,0.0624,0.460854,22.288235,False
KVAL0012,311,10.6685,RElbow,0.076,0.06411,0.008595,0.0399,2.063398,30.317454,False
KVAL0012,312,10.701844,RElbow,0.016351,-0.01467,-0.00213,-0.0069,2.481106,13.7817,False
KVAL0012,313,10.735166,RElbow,0.089492,-0.076095,-0.015285,-0.04455,1.160453,148.542007,False
KVAL0012,314,10.768511,RElbow,0.093536,-0.07791,-0.01899,-0.04815,7.510012,119.248035,False
KVAL0012,315,10.801844,RElbow,0.416322,0.24927,0.116865,0.3123,6.816173,224.337119,False
KVAL0012,316,10.835177,RElbow,0.364766,0.22446,0.089325,0.2733,7.454765,244.456874,False
KVAL0012,317,10.8685,RElbow,0.081528,-0.04914,-0.034425,-0.0552,9.510788,55.948633,False
KVAL0012,318,10.901833,RElbow,0.272051,-0.14448,-0.11232,-0.2013,3.838527,189.142314,False
KVAL0012,319,10.935177,RElbow,0.336971,-0.17763,-0.148065,-0.2451,3.104346,130.24677,False
KVAL0012,320,10.968511,RElbow,0.066104,-0.0336,-0.036,-0.0441,4.845886,16.8642,False
KVAL0012,321,11.001833,RElbow,0.014109,-0.00615,-0.004935,-0.0117,2.000123,43.547553,False
KVAL0012,322,11.035166,RElbow,0.068718,0.03033,0.021615,0.05775,2.05133,14.130633,False
KVAL0012,323,11.0685,RElbow,0.122699,0.04932,0.033945,0.1071,2.499776,6.497128,False
KVAL0012,324,11.101833,RElbow,0.234233,0.08448,0.04791,0.21315,1.815689,53.274973,False
KVAL0012,325,11.135166,RElbow,0.242767,0.086115,0.05133,0.2211,1.087057,180.368271,False
KVAL0012,326,11.1685,RElbow,0.165241,0.04194,0.033405,0.1563,10.243848,234.460549,False
KVAL0012,327,11.201833,RElbow,0.445945,-0.076695,-0.18315,-0.3993,16.516682,148.85313,False
KVAL0012,328,11.235166,RElbow,0.943577,-0.007965,-0.39648,-0.8562,3.854373,433.309817,False
KVAL0012,329,11.268511,RElbow,0.588814,0.116745,-0.33771,-0.468,12.387493,224.024101,False
KVAL0012,330,11.301844,RElbow,0.127609,-0.02625,-0.084825,-0.09165,11.491221,177.929895,False
KVAL0012,331,11.335166,RElbow,0.278132,-0.14571,0.234765,-0.0318,6.725189,155.29923,False
KVAL0012,332,11.368511,RElbow,0.400903,-0.235965,0.311445,-0.0897,7.081406,122.80343,False
KVAL0012,333,11.401833,RElbow,0.710364,-0.58545,0.386145,-0.11295,9.010332,887.973303,False
KVAL0012,334,11.435177,RElbow,0.836622,-0.60993,0.44436,0.3612,61.479968,831.487738,False
KVAL0012,335,11.4685,RElbow,4.379579,-2.872545,0.343875,3.288,63.984432,1688.804112,False
KVAL0012,336,11.501833,RElbow,4.911691,-2.419455,0.712215,4.2147,54.160501,2069.787922,True
KVAL0012,337,11.535166,RElbow,1.644222,0.24573,0.644265,1.49265,74.185675,859.550777,True
KVAL0012,338,11.5685,RElbow,0.131665,0.04449,0.11961,-0.0324,28.696106,1196.284117,True
KVAL0012,339,11.601844,RElbow,0.402526,-0.33972,0.01248,-0.21555,7.749907,494.313107,True
KVAL0012,340,11.635177,RElbow,0.460963,-0.44547,0.040695,0.1113,5.877211,197.855813,True
KVAL0012,341,11.6685,RElbow,0.209846,-0.0093,0.186135,-0.09645,6.656228,137.215718,True
KVAL0012,342,11.701844,RElbow,0.413927,-0.26271,0.16695,-0.27285,5.820634,238.82289,True
KVAL0012,343,11.735177,RElbow,0.294717,-0.16593,0.06102,0.2358,10.932355,363.086188,True
KVAL0012,344,11.768511,RElbow,0.355401,0.07506,-0.01404,0.3471,18.957154,506.152399,True
KVAL0012,345,11.801844,RElbow,1.057083,0.802095,0.551955,-0.4116,26.961387,635.990264,True
KVAL0012,346,11.835177,RElbow,1.584231,1.038765,0.556695,-1.0587,24.13527,944.264914,False
KVAL0012,347,11.868511,RElbow,0.615543,-0.2154,-0.5517,0.1677,36.09652,440.659357,False
KVAL0012,348,11.901844,RElbow,0.83602,-0.39516,-0.366945,0.63885,7.423354,644.527946,True
KVAL0012,349,11.935166,RElbow,0.330268,-0.314055,-0.101445,-0.01245,8.786866,136.323133,False
KVAL0012,350,11.9685,RElbow,0.506155,-0.407145,-0.29514,0.0576,1.739991,114.43475,True
KVAL0012,351,12.001844,RElbow,0.346679,-0.2754,-0.210525,-0.0045,3.200441,22.177453,True
KVAL0012,352,12.035177,RElbow,0.600878,-0.379395,-0.459855,-0.07515,2.679059,146.877587,True
KVAL0012,353,12.0685,RElbow,0.415045,-0.201555,-0.353385,-0.0822,7.609327,77.708926,True
KVAL0012,354,12.101833,RElbow,0.09561,-0.04599,-0.083415,-0.00825,2.912662,156.99074,True
KVAL0012,355,12.135166,RElbow,0.265007,-0.18495,-0.160815,-0.1008,3.436045,38.44388,True
KVAL0012,356,12.168511,RElbow,0.301521,-0.18585,-0.16596,-0.1698,4.371139,140.346371,True
KVAL0012,357,12.201833,RElbow,0.086965,-0.02286,0.07365,-0.0402,6.622185,56.611549,False
KVAL0012,358,12.235177,RElbow,0.248678,-0.041955,0.237195,-0.0618,3.975413,115.749855,False
KVAL0012,359,12.268511,RElbow,0.348168,-0.005115,0.29475,-0.18525,1.711739,115.511265,False
KVAL0012,360,12.301855,RElbow,0.192076,0.023115,0.156315,-0.1092,3.744264,36.853077,False
KVAL0012,361,12.335166,RElbow,0.099983,0.01119,0.080415,-0.05835,1.18502,69.431349,False
KVAL0012,362,12.3685,RElbow,0.237257,0.06312,0.215745,-0.0759,1.329953,66.499185,False
KVAL0012,363,12.401844,RElbow,0.167525,0.04977,0.15636,-0.03375,3.529821,58.123176,False
KVAL0012,364,12.435177,RElbow,0.003649,-0.001995,0.00189,-0.0024,2.668156,52.527185,False
KVAL0012,365,12.4685,RElbow,0.011248,-0.004515,-0.008265,0.00615,0.054497,48.977808,False
KVAL0012,366,12.501833,RElbow,3e-05,0.0,3e-05,0.0,0.62495,25.739752,False
KVAL0012,367,12.535177,RElbow,0.030538,0.00768,0.024915,-0.0159,1.765013,112.11605,False
KVAL0012,368,12.568511,RElbow,0.117653,0.01833,-0.057315,0.1011,7.242479,118.628368,False
KVAL0012,369,12.601833,RElbow,0.473854,0.02583,0.12891,0.45525,7.616008,206.618161,False
KVAL0012,370,12.635177,RElbow,0.515095,-0.036315,0.39066,0.33375,6.57899,266.74785,True
KVAL0012,371,12.6685,RElbow,0.089439,-0.05769,0.06141,0.03,10.217768,133.262482,False
KVAL0012,372,12.701844,RElbow,0.26448,-0.03021,-0.246135,0.09195,3.279631,246.262957,False
KVAL0012,373,12.735177,RElbow,0.27144,0.026415,0.24471,0.11445,6.406185,158.877652,False
KVAL0012,374,12.768511,RElbow,0.211593,-0.014595,0.180285,0.1098,7.647865,93.308013,False
KVAL0012,375,12.801833,RElbow,0.303723,-0.05088,-0.257835,0.15225,3.42936,186.658129,False
KVAL0012,376,12.835166,RElbow,0.334628,0.204015,0.246255,0.09855,5.242568,119.318906,False
KVAL0012,377,12.868511,RElbow,0.077551,0.06972,0.014415,-0.03075,4.834789,70.243136,False
KVAL0012,378,12.901844,RElbow,0.059161,-0.013605,0.012285,0.05625,4.791326,69.290349,False
KVAL0012,379,12.935166,RElbow,0.338354,0.10644,0.30942,0.0861,0.97685,153.82911,False
KVAL0012,380,12.968511,RElbow,0.017926,-0.00075,-0.01791,0.0,5.52857,29.758202,False
KVAL0012,381,13.001844,RElbow,0.032136,-0.002475,-0.03204,0.00015,1.748505,102.305001,False
KVAL0012,382,13.035177,RElbow,0.132086,0.022275,-0.11763,0.0558,1.385419,85.960561,False
KVAL0012,383,13.068511,RElbow,0.071082,0.05691,0.033885,0.0258,4.03756,36.357357,False
KVAL0012,384,13.101844,RElbow,0.144326,0.03276,0.137385,-0.0297,1.065306,92.529162,False
KVAL0012,385,13.135166,RElbow,0.000181,-4.5e-05,9e-05,0.00015,2.164887,15.965929,False
KVAL0012,386,13.168511,RElbow,0.0,0.0,0.0,0.0,0.002709,32.469334,False
KVAL0012,387,13.201844,RElbow,0.0,0.0,0.0,0.0,0.000318,0.040076,False
KVAL0012,388,13.235177,RElbow,2.1e-05,-1.5e-05,-1.5e-05,0.0,0.000318,0.009546,False
KVAL0012,389,13.2685,RElbow,2.1e-05,-1.5e-05,-1.5e-05,0.0,0.000318,0.009546,False
KVAL0012,390,13.301833,RElbow,0.0,0.0,0.0,0.0,0.000318,0.004773,False
KVAL0012,391,13.335166,RElbow,0.0,0.0,0.0,0.0,0.0,24.272584,False
KVAL0012,392,13.3685,RElbow,0.0,0.0,0.0,0.0,1.61796,36.431434,False
KVAL0012,393,13.401844,RElbow,0.107864,-0.042825,-0.058995,-0.0795,2.428762,36.701122,False
KVAL0012,394,13.435177,RElbow,0.161917,-0.05073,-0.09558,-0.12045,0.849551,74.089185,False
KVAL0012,395,13.468511,RElbow,0.055478,-0.007905,-0.036585,-0.04095,2.510765,17.359809,False
KVAL0012,396,13.501855,RElbow,0.006388,0.004425,0.00402,0.00225,1.02306,49.835521,False
KVAL0012,397,13.535166,RElbow,0.073827,0.013275,0.02172,-0.0693,1.139109,29.400207,False
KVAL0012,398,13.5685,RElbow,0.074925,0.008685,0.01701,-0.07245,1.098324,33.915118,True
KVAL0012,399,13.601844,RElbow,0.001146,-0.000165,-0.00069,-0.0009,1.123877,16.341501,False
KVAL0012,400,13.635177,RElbow,0.0,0.0,0.0,0.0,0.01719,16.826677,False
KVAL0012,401,13.6685,RElbow,0.0,0.0,0.0,0.0,0.002272,0.229525,False
KVAL0012,402,13.701844,RElbow,0.000151,1.5e-05,1.5e-05,0.00015,0.002272,0.068172,False
KVAL0012,403,13.735166,RElbow,0.000151,1.5e-05,1.5e-05,0.00015,0.002272,0.068172,False
KVAL0012,404,13.768511,RElbow,0.0,0.0,0.0,0.0,0.002272,0.034086,False
KVAL0012,405,13.801844,RElbow,0.0,0.0,0.0,0.0,0.0,7.33987,False
KVAL0012,406,13.835177,RElbow,0.0,0.0,0.0,0.0,0.487858,8.12612,False
KVAL0012,407,13.868522,RElbow,0.032524,0.006795,0.026325,0.01785,0.541741,13.817757,False
KVAL0012,408,13.901855,RElbow,0.036116,0.00942,0.028275,0.0204,0.434004,16.218215,False
KVAL0012,409,13.935188,RElbow,0.004294,0.002655,0.002025,0.0027,0.539474,5.751307,False
KVAL0012,410,13.968533,RElbow,0.00017,3e-05,7.5e-05,0.00015,0.064412,8.058127,False
KVAL0012,411,14.001866,RElbow,0.0,0.0,0.0,0.0,0.002556,0.966182,False
KVAL0012,412,14.035166,RElbow,0.0,0.0,0.0,0.0,0.0,0.038333,False
KVAL0012,413,14.0685,RElbow,0.0,0.0,0.0,0.0,0.0,37.933436,False
KVAL0012,414,14.101833,RElbow,0.0,0.0,0.0,0.0,2.528896,37.923784,False
KVAL0012,415,14.135177,RElbow,0.168593,-0.10776,-0.076275,0.10485,2.528252,75.82461,False
KVAL0012,416,14.1685,RElbow,0.16855,-0.107775,-0.076365,0.1047,2.526084,75.795531,False
KVAL0012,417,14.201844,RElbow,0.000525,-9e-05,-0.000495,-0.00015,2.524786,37.849394,False
KVAL0012,418,14.235166,RElbow,0.000412,-7.5e-05,-0.000405,0.0,0.007875,37.815621,False
KVAL0012,419,14.268511,RElbow,0.0,0.0,0.0,0.0,0.006276,16.730309,False
KVAL0012,420,14.301833,RElbow,3e-05,3e-05,0.0,0.0,1.11673,16.496685,False
KVAL0012,421,14.335177,RElbow,0.074449,-0.05766,0.03432,-0.03225,1.101458,36.250021,False
KVAL0012,422,14.3685,RElbow,0.073407,-0.056895,0.03525,-0.03015,1.357245,28.070197,False
KVAL0012,423,14.401833,RElbow,0.038765,-0.01803,-0.022965,0.0255,0.966171,33.574573,False
KVAL0012,424,14.435166,RElbow,0.059297,-0.023145,0.049605,0.0228,1.49525,20.650044,True
KVAL0012,425,14.4685,RElbow,0.120565,-0.090945,-0.077775,-0.0147,1.683322,165.733724,False
KVAL0012,426,14.501833,RElbow,0.164806,-0.064695,0.099555,0.1143,9.809009,184.617318,False
KVAL0012,427,14.535177,RElbow,0.565272,0.04386,0.50166,0.2568,13.206096,107.887595,False
KVAL0012,0,0.301866,RWrist,0.280311,0.12396,-0.02466,0.2502,22.602981,396.590381,True
KVAL0012,1,0.335177,RWrist,1.007218,0.118965,0.068775,0.9978,9.482237,565.034625,True
KVAL0012,2,0.368522,RWrist,0.875615,0.051315,0.065535,0.87165,15.150835,337.772528,True
KVAL0012,3,0.401833,RWrist,0.01694,-0.00621,-0.015735,-0.0009,13.132649,227.963005,True
KVAL0012,4,0.435177,RWrist,0.000584,-0.00054,-0.000165,0.00015,0.2541,196.965967,True
KVAL0012,5,0.468511,RWrist,0.0,0.0,0.0,0.0,0.008556,3.336858,True
KVAL0012,6,0.501855,RWrist,1.5e-05,-1.5e-05,0.0,0.0,0.143299,2.17608,True
KVAL0012,7,0.535177,RWrist,0.009553,-0.004365,0.006435,0.00555,0.141627,4.321082,True
KVAL0012,8,0.568511,RWrist,0.009449,-0.00429,0.00633,0.00555,0.144775,4.250326,True
KVAL0012,9,0.601833,RWrist,0.000121,6e-05,-0.000105,0.0,0.141729,2.19388,True
KVAL0012,10,0.635177,RWrist,0.0,0.0,0.0,0.0,0.001814,2.125929,True
KVAL0012,11,0.668511,RWrist,0.0,0.0,0.0,0.0,0.0,3.824156,True
KVAL0012,12,0.701844,RWrist,0.0,0.0,0.0,0.0,0.255432,4.577936,True
KVAL0012,13,0.735166,RWrist,0.017029,-0.001365,0.00456,0.01635,0.305196,9.424729,True
KVAL0012,14,0.768511,RWrist,0.020346,0.005415,-0.011055,0.0162,0.404342,9.175824,True
KVAL0012,15,0.801833,RWrist,0.016693,0.006465,-0.01539,0.0,0.306556,9.332986,True
KVAL0012,16,0.835177,RWrist,0.000415,-0.000315,0.000225,0.00015,0.250391,4.620544,True
KVAL0012,17,0.868511,RWrist,0.0,0.0,0.0,0.0,0.006227,3.685494,True
KVAL0012,18,0.901844,RWrist,0.0,0.0,0.0,0.0,0.005889,2.411671,True
KVAL0012,19,0.935166,RWrist,0.000393,4.5e-05,0.00036,0.00015,0.164752,2.547767,True
KVAL0012,20,0.9685,RWrist,0.010983,0.00654,-0.007305,0.00495,0.167171,4.980056,True
KVAL0012,21,1.001844,RWrist,0.010977,0.006495,-0.00762,0.0045,0.167273,6.140193,True
KVAL0012,22,1.035177,RWrist,0.000303,0.0,4.5e-05,-0.0003,0.249203,1.965838,True
KVAL0012,23,1.068522,RWrist,0.007549,0.001605,0.00429,-0.006,0.109471,5.253132,True
KVAL0012,24,1.101855,RWrist,0.00756,0.00162,0.004305,-0.006,0.113052,9.149062,True
KVAL0012,25,1.135188,RWrist,2.1e-05,1.5e-05,1.5e-05,0.0,0.524093,6.043268,True
KVAL0012,26,1.168533,RWrist,0.029631,-0.00165,0.00738,0.02865,0.471973,11.788301,True
KVAL0012,27,1.201866,RWrist,0.031466,-0.00375,0.0063,0.0306,0.294776,18.676523,True
KVAL0012,28,1.235177,RWrist,0.014397,-0.0051,-0.003855,0.0129,1.653,32.012982,True
KVAL0012,29,1.268511,RWrist,0.139213,0.011625,0.065295,0.1224,1.840454,56.093923,True
KVAL0012,30,1.301844,RWrist,0.131504,0.008175,0.06093,0.11625,2.086661,56.369171,True
KVAL0012,31,1.335177,RWrist,0.015255,-0.009135,-0.00987,0.0072,1.917641,35.061602,True
KVAL0012,32,1.3685,RWrist,0.010197,-0.00531,-0.004665,0.00735,0.957809,30.296389,True
KVAL0012,33,1.401844,RWrist,0.078875,-0.037395,-0.0534,0.0444,1.021461,23.512065,True
KVAL0012,34,1.435166,RWrist,0.076928,-0.03033,-0.062835,0.0324,1.342018,22.536244,True
KVAL0012,35,1.4685,RWrist,0.123034,0.03117,-0.062805,0.1011,1.304639,76.956942,True
KVAL0012,36,1.501844,RWrist,0.12829,0.00354,-0.06156,0.1125,3.904329,77.759032,True
KVAL0012,37,1.535177,RWrist,0.151165,-0.067935,-0.013125,-0.1344,3.94563,89.479559,True
KVAL0012,38,1.568511,RWrist,0.142753,-0.04986,0.017595,-0.1326,2.373845,84.122944,True
KVAL0012,39,1.601855,RWrist,0.058193,-0.00798,0.05733,-0.006,2.581307,40.725494,True
KVAL0012,40,1.635177,RWrist,0.156409,-0.096555,0.122955,-0.0048,1.274605,100.522131,True
KVAL0012,41,1.668522,RWrist,0.119808,-0.08658,0.08133,0.0156,4.264621,73.669003,True
KVAL0012,42,1.701844,RWrist,0.162735,0.02295,-0.108165,-0.1194,3.893754,94.501368,True
KVAL0012,43,1.735177,RWrist,0.165631,0.02493,-0.107055,-0.1239,3.782791,96.935077,True
KVAL0012,44,1.768511,RWrist,0.303853,0.085965,0.074145,-0.28185,5.823278,98.508825,True
KVAL0012,45,1.801855,RWrist,0.470419,0.086955,0.087795,-0.4539,2.80747,177.456744,True
KVAL0012,46,1.835177,RWrist,0.154023,0.05094,-0.04185,-0.1392,6.023809,77.134726,True
KVAL0012,47,1.868511,RWrist,0.191202,0.05814,-0.135705,-0.1215,3.296182,125.863809,True
KVAL0012,48,1.901844,RWrist,0.346179,-0.04446,-0.09876,-0.3288,2.910003,,True
KVAL0012,49,1.935177,RWrist,0.253764,-0.063255,-0.043905,-0.2418,,,True
KVAL0012,50,1.9685,RWrist,,,,,,,True
KVAL0012,51,2.001833,RWrist,,,,,,,False
KVAL0012,52,2.035177,RWrist,,,,,,,True
KVAL0012,53,2.068511,RWrist,0.028355,-0.018735,0.008865,-0.01935,,,True
KVAL0012,54,2.101844,RWrist,0.194936,-0.01554,-0.01191,0.19395,,,True
KVAL0012,55,2.135188,RWrist,,,,,,,True
KVAL0012,56,2.168511,RWrist,,,,,,,False
KVAL0012,57,2.201855,RWrist,,,,,,,True
KVAL0012,58,2.235166,RWrist,,,,,,,True
KVAL0012,59,2.268511,RWrist,,,,,,,False
KVAL0012,60,2.301833,RWrist,,,,,,,True
KVAL0012,61,2.335177,RWrist,0.312195,0.200835,0.20619,-0.1209,,,True
KVAL0012,62,2.3685,RWrist,0.058847,-0.013365,-0.03678,-0.04395,6.854448,,True
KVAL0012,63,2.401844,RWrist,0.163195,-0.018555,-0.145935,0.07065,2.741829,128.789552,True
KVAL0012,64,2.435177,RWrist,0.183705,-0.05187,-0.14769,0.09615,2.099453,212.341158,True
KVAL0012,65,2.468522,RWrist,0.050924,-0.041295,-0.01542,0.0255,15.126938,299.921928,True
KVAL0012,66,2.501833,RWrist,1.107253,-1.031235,-0.257925,0.3099,19.53407,450.780574,True
KVAL0012,67,2.535166,RWrist,1.352647,-1.180515,-0.245745,0.6129,15.355553,658.547148,True
KVAL0012,68,2.5685,RWrist,0.291483,-0.170265,-0.09132,-0.21825,24.890697,225.22496,True
KVAL0012,69,2.601844,RWrist,0.552351,0.002445,-0.10512,-0.54225,4.359204,465.786137,True
KVAL0012,70,2.635177,RWrist,0.023631,0.017265,-0.01185,-0.01095,8.315583,65.682521,True
KVAL0012,71,2.668522,RWrist,0.005286,0.004365,-0.00177,0.0024,0.359704,124.888875,True
KVAL0012,72,2.701833,RWrist,0.000418,-0.000405,0.000105,0.0,0.442417,7.724788,True
KVAL0012,73,2.735177,RWrist,0.029433,0.01458,0.025425,-0.0027,0.413678,24.780813,True
KVAL0012,74,2.7685,RWrist,0.027473,0.01314,0.02394,0.003,1.464123,34.817542,True
KVAL0012,75,2.801844,RWrist,0.088202,-0.058455,0.00924,-0.0654,2.032536,39.917622,True
KVAL0012,76,2.835177,RWrist,0.119905,-0.100215,-0.0042,-0.0657,1.441548,66.938354,True
KVAL0012,77,2.868522,RWrist,0.083281,-0.050715,0.064845,0.0126,2.615419,21.477039,True
KVAL0012,78,2.901833,RWrist,0.118498,0.00375,0.118425,0.0018,0.759063,49.472096,True
KVAL0012,79,2.935166,RWrist,0.064116,-0.00501,0.055275,0.0321,0.849863,15.491731,True
KVAL0012,80,2.968511,RWrist,0.062358,-0.0024,0.06216,0.00435,0.702357,7.683831,True
KVAL0012,81,3.001844,RWrist,0.046789,0.010995,0.04425,-0.0105,1.246225,23.102585,True
KVAL0012,82,3.035166,RWrist,0.037528,-0.00696,-0.015525,0.03345,1.188168,24.816057,True
KVAL0012,83,3.068511,RWrist,0.047177,0.024885,-0.018795,0.0354,0.707588,19.932083,True
KVAL0012,84,3.101833,RWrist,0.032456,0.03075,-0.008475,0.006,0.49301,21.797192,True
KVAL0012,85,3.135166,RWrist,0.038278,-0.004005,-0.02955,0.024,0.764599,6.098005,True
KVAL0012,86,3.1685,RWrist,0.045036,-0.00696,-0.031575,0.03135,0.515247,9.876733,True
KVAL0012,87,3.201844,RWrist,0.030884,-0.023655,-0.01971,-0.0024,0.447208,24.357151,True
KVAL0012,88,3.235166,RWrist,0.056907,-0.02835,-0.046395,0.0168,1.542311,38.513802,True
KVAL0012,89,3.2685,RWrist,0.108423,0.029265,-0.081375,-0.0654,2.464667,51.961771,True
KVAL0012,90,3.301833,RWrist,0.126249,0.05427,0.010005,-0.11355,2.119512,68.074927,True
KVAL0012,91,3.335177,RWrist,0.066775,0.006975,0.055215,-0.0369,2.088877,44.900593,True
KVAL0012,92,3.368511,RWrist,0.022034,-0.008145,-0.01905,0.0075,1.339881,26.528769,True
KVAL0012,93,3.401855,RWrist,0.029988,-0.00201,-0.00363,0.0297,0.564233,23.342822,True
KVAL0012,94,3.435166,RWrist,0.040704,-0.012525,0.0015,0.0387,0.401814,27.58063,True
KVAL0012,95,3.4685,RWrist,0.016369,0.00615,-0.0138,0.0063,1.301776,8.802261,True
KVAL0012,96,3.501833,RWrist,0.047778,0.014955,-0.01986,-0.0408,0.830175,30.686927,True
KVAL0012,97,3.535166,RWrist,0.050123,-0.00987,-0.01545,-0.04665,0.810852,19.65409,True
KVAL0012,98,3.5685,RWrist,0.022021,-0.01899,0.007155,-0.00855,0.585968,16.344801,True
KVAL0012,99,3.601844,RWrist,0.024416,-0.011895,0.01119,-0.01815,0.302024,11.813602,True
KVAL0012,100,3.635166,RWrist,0.022641,-0.011565,-0.00957,-0.01695,0.530441,8.431272,True
KVAL0012,101,3.6685,RWrist,0.01701,-0.00729,-0.014085,0.00615,0.345713,19.857821,True
KVAL0012,102,3.701844,RWrist,0.000938,-0.000525,0.000495,0.0006,1.109473,10.092928,True
KVAL0012,103,3.735177,RWrist,0.062458,0.038835,0.03852,0.03015,0.809251,43.282423,True
KVAL0012,104,3.768511,RWrist,0.053883,0.03741,0.038535,-0.00435,2.004391,29.732963,True
KVAL0012,105,3.801844,RWrist,0.090607,-0.013755,0.00903,-0.0891,1.406713,32.857896,True
KVAL0012,106,3.835166,RWrist,0.076752,-0.019785,0.01092,-0.07335,0.512952,21.093556,True
KVAL0012,107,3.8685,RWrist,0.074802,-0.032625,-0.008685,-0.06675,0.787274,10.960087,True
KVAL0012,108,3.901844,RWrist,0.077931,-0.04647,-0.03027,-0.05475,0.9305,23.358843,True
KVAL0012,109,3.935177,RWrist,0.029787,-0.02133,-0.019665,-0.00675,1.175291,16.72968,True
KVAL0012,110,3.9685,RWrist,0.046242,-0.042135,0.0177,0.00705,0.674925,20.476279,True
KVAL0012,111,4.001844,RWrist,0.046309,-0.042195,0.01779,0.0069,0.481495,17.887782,True
KVAL0012,112,4.035177,RWrist,0.03648,-0.0189,0.02874,-0.01215,0.809458,9.824579,True
KVAL0012,113,4.068511,RWrist,0.058009,-0.026835,0.02646,-0.0441,0.573914,19.052832,True
KVAL0012,114,4.101833,RWrist,0.033171,-0.0081,-0.00207,-0.0321,0.486719,23.359971,True
KVAL0012,115,4.135166,RWrist,0.052348,-0.036645,0.03456,-0.01425,1.05032,16.914054,True
KVAL0012,116,4.168511,RWrist,0.080184,-0.0459,0.056865,-0.033,0.685745,19.209041,True
KVAL0012,117,4.201844,RWrist,0.082561,-0.038055,0.043305,-0.0591,0.311562,31.116623,True
KVAL0012,118,4.235177,RWrist,0.07151,-0.027165,0.052185,-0.04065,1.420524,23.496602,True
KVAL0012,119,4.268511,RWrist,0.042065,-0.001365,0.031845,0.02745,1.553468,32.494526,True
KVAL0012,120,4.301855,RWrist,0.052612,0.007275,0.01533,0.0498,0.907668,45.302132,True
KVAL0012,121,4.335188,RWrist,0.026424,-0.019455,-0.00471,-0.01725,1.516015,22.985833,True
KVAL0012,122,4.368522,RWrist,0.05511,-0.008535,0.022005,-0.0498,0.750461,33.69377,True
KVAL0012,123,4.401866,RWrist,0.040147,0.009075,0.0363,-0.01455,0.800071,19.524768,True
KVAL0012,124,4.4352,RWrist,0.013727,-0.012045,-0.00519,-0.00405,0.602046,12.386547,True
KVAL0012,125,4.468511,RWrist,2.1e-05,-1.5e-05,1.5e-05,0.0,0.205676,14.894345,True
KVAL0012,126,4.501844,RWrist,4.2e-05,-3e-05,3e-05,0.0,0.513551,11.292125,True
KVAL0012,127,4.535166,RWrist,0.034241,-0.00105,0.009075,-0.033,0.662555,14.026958,True
KVAL0012,128,4.568511,RWrist,0.044181,-0.005865,0.01014,-0.0426,0.436379,15.012201,True
KVAL0012,129,4.601844,RWrist,0.012283,-0.010095,0.00384,-0.00585,0.391457,12.241801,True
KVAL0012,130,4.635177,RWrist,0.02851,-0.012705,-0.00732,-0.02445,0.884241,13.709374,True
KVAL0012,131,4.668511,RWrist,0.056667,-0.017955,-0.05346,0.00555,1.150833,29.968876,True
KVAL0012,132,4.701844,RWrist,0.0543,0.01389,-0.027765,0.04455,1.167184,26.795084,True
KVAL0012,133,4.735166,RWrist,0.027045,0.021015,0.01374,0.01005,0.656965,15.194779,True
KVAL0012,134,4.768511,RWrist,0.013104,-0.003345,-0.004065,0.012,0.277075,11.413746,True
KVAL0012,135,4.801833,RWrist,0.03488,0.019185,0.02913,0.0,0.424373,26.939292,True
KVAL0012,136,4.835177,RWrist,0.027476,-0.005655,-0.02637,-0.00525,1.567238,15.162918,True
KVAL0012,137,4.8685,RWrist,0.070979,-0.020445,-0.066555,0.0138,0.607681,43.013445,True
KVAL0012,138,4.901844,RWrist,0.017597,0.012075,0.006105,0.01125,1.382784,16.780071,True
KVAL0012,139,4.935166,RWrist,0.050954,0.033945,0.0039,0.0378,1.393166,24.860074,True
KVAL0012,140,4.968511,RWrist,0.107154,0.023355,0.026745,0.1011,1.091328,38.366834,True
KVAL0012,141,5.001833,RWrist,0.102724,0.00111,0.018975,0.10095,1.348682,37.196163,True
KVAL0012,142,5.035166,RWrist,0.067296,-0.00648,-0.042345,0.0519,1.492232,46.491755,True
KVAL0012,143,5.0685,RWrist,0.050086,0.008835,-0.04323,0.0237,3.602233,28.27224,True
KVAL0012,144,5.101844,RWrist,0.196549,0.035655,-0.059505,-0.1839,2.877648,99.217736,True
KVAL0012,145,5.135166,RWrist,0.176725,0.01755,-0.05292,-0.1677,3.023174,88.126677,True
KVAL0012,146,5.168511,RWrist,0.06383,0.01896,-0.058545,0.01695,3.257915,45.188336,True
KVAL0012,147,5.201833,RWrist,0.161376,0.09045,-0.131985,0.021,1.119342,58.002846,True
KVAL0012,148,5.235166,RWrist,0.133635,0.073755,-0.10536,0.0363,2.358763,42.858361,True
KVAL0012,149,5.268511,RWrist,0.120554,-0.01131,-0.05046,0.1089,2.016709,47.76509,True
KVAL0012,150,5.301844,RWrist,0.11155,0.012975,-0.01095,0.11025,1.517395,38.968272,True
KVAL0012,151,5.335177,RWrist,0.07797,0.048075,0.014895,0.05955,0.67764,31.265295,True
KVAL0012,152,5.368511,RWrist,0.078583,0.03036,-0.020235,0.0696,0.938088,12.241242,True
KVAL0012,153,5.401844,RWrist,0.036128,0.015945,-0.023625,0.0222,0.970389,10.806723,True
KVAL0012,154,5.435188,RWrist,0.022808,-0.003255,-0.017385,0.0144,0.399602,16.992764,True
KVAL0012,155,5.468511,RWrist,0.020114,0.000975,-0.020085,0.00045,0.540555,12.551019,True
KVAL0012,156,5.501855,RWrist,0.027157,0.0267,-0.004815,-0.0012,0.524752,15.645452,True
KVAL0012,157,5.535177,RWrist,0.026743,0.01371,0.003765,0.02265,0.558441,15.167929,True
KVAL0012,158,5.568511,RWrist,0.017392,-0.004755,0.00564,0.01575,0.550879,14.990302,True
KVAL0012,159,5.601833,RWrist,0.012914,0.003375,0.000615,-0.01245,0.481573,14.760332,True
KVAL0012,160,5.635177,RWrist,0.016004,0.00903,-0.009945,-0.0087,0.465272,13.711725,True
KVAL0012,161,5.668511,RWrist,0.027272,0.025365,0.00408,0.00915,0.579329,12.852544,True
KVAL0012,162,5.701844,RWrist,0.033655,0.022815,0.024705,0.00135,0.454715,17.468091,True
KVAL0012,163,5.735166,RWrist,0.019703,0.001365,0.019635,-0.0009,0.62663,8.966928,True
KVAL0012,164,5.768511,RWrist,0.010718,-0.004275,-0.006525,0.00735,0.38251,25.593247,True
KVAL0012,165,5.801844,RWrist,0.036126,0.013995,0.024555,-0.0225,1.0914,20.436825,True
KVAL0012,166,5.835177,RWrist,0.063148,0.03192,0.051975,-0.01635,1.00785,34.830556,True
KVAL0012,167,5.868511,RWrist,0.046692,0.009165,0.013815,0.04365,1.316443,22.434618,True
KVAL0012,168,5.901844,RWrist,0.050853,0.00672,0.00087,0.0504,0.658578,37.40742,True
KVAL0012,169,5.935166,RWrist,0.019225,0.000315,-0.015135,0.01185,1.369719,19.660846,True
KVAL0012,170,5.9685,RWrist,0.053523,0.03981,-0.011865,-0.03375,0.92924,38.538464,True
KVAL0012,171,6.001833,RWrist,0.045659,0.024495,0.036465,-0.01245,1.310241,19.861009,True
KVAL0012,172,6.035166,RWrist,0.052348,0.009225,0.04503,0.02505,0.517715,26.421976,True
KVAL0012,173,6.0685,RWrist,0.041474,0.033,0.0192,0.0162,0.726283,7.418301,True
KVAL0012,174,6.101833,RWrist,0.038946,0.009225,-0.00168,0.0378,0.576127,30.313375,True
KVAL0012,175,6.135166,RWrist,0.039296,0.00945,-0.0018,0.0381,1.91989,38.351805,True
KVAL0012,176,6.168511,RWrist,0.113423,0.09591,-0.03216,-0.0513,2.166708,51.034229,True
KVAL0012,177,6.201833,RWrist,0.125746,0.09183,-0.04821,-0.0711,1.575382,63.294131,True
KVAL0012,178,6.235166,RWrist,0.020694,-0.00108,-0.00801,-0.01905,2.076612,38.739497,True
KVAL0012,179,6.2685,RWrist,0.062543,0.03414,-0.014865,0.05025,1.783396,45.909631,True
KVAL0012,180,6.301833,RWrist,0.103634,0.052455,-0.025545,0.08565,1.174232,66.799059,True
KVAL0012,181,6.335177,RWrist,0.034095,0.01506,-0.016665,-0.02565,2.701857,16.210456,True
KVAL0012,182,6.368511,RWrist,0.090897,0.00684,-0.019575,-0.0885,0.216014,47.040247,True
KVAL0012,183,6.401855,RWrist,0.039038,0.018015,-0.00546,-0.0342,1.264304,17.257851,True
KVAL0012,184,6.435188,RWrist,0.103487,0.02589,0.06195,-0.07875,1.15144,58.167391,True
KVAL0012,185,6.468522,RWrist,0.105973,0.090645,-0.025815,-0.04845,2.844603,23.191,True
KVAL0012,186,6.501866,RWrist,0.150101,0.100215,-0.106575,-0.0336,0.907218,56.626871,True
KVAL0012,187,6.5352,RWrist,0.130694,0.072225,-0.024855,-0.10605,1.051651,62.362989,True
KVAL0012,188,6.568511,RWrist,0.080001,0.05328,-0.056655,-0.01875,3.318482,19.476859,True
KVAL0012,189,6.601844,RWrist,0.153113,0.0654,-0.08988,0.1053,1.01342,78.298768,True
KVAL0012,190,6.635177,RWrist,0.09214,0.07695,-0.031815,0.03945,1.958746,22.331991,True
KVAL0012,191,6.668511,RWrist,0.055263,0.05151,-0.019635,-0.0039,0.727973,19.431158,True
KVAL0012,192,6.701855,RWrist,0.050937,0.02928,-0.02712,0.03165,1.627713,29.241585,True
KVAL0012,193,6.735188,RWrist,0.072695,-0.016125,0.05427,-0.0456,2.291205,33.31631,True
KVAL0012,194,6.768522,RWrist,0.102817,-0.037095,0.06282,-0.07245,0.740699,36.415641,True
KVAL0012,195,6.801866,RWrist,0.03518,-0.02028,0.008535,-0.02745,0.99704,51.297663,True
KVAL0012,196,6.8352,RWrist,0.130109,0.008775,0.1107,-0.0678,2.750896,63.761437,True
KVAL0012,197,6.868511,RWrist,0.188692,0.0789,0.157425,-0.0678,4.116618,105.187263,True
KVAL0012,198,6.901844,RWrist,0.200941,0.18345,-0.07284,0.03765,4.830057,93.428673,True
KVAL0012,199,6.935166,RWrist,0.210496,0.154905,-0.138285,0.0345,2.240148,89.660178,True
KVAL0012,200,6.9685,RWrist,0.059736,0.05259,-0.02394,-0.01515,2.660351,68.773046,True
KVAL0012,201,7.001844,RWrist,0.148885,-0.022155,-0.140325,0.04455,3.820779,46.989177,True
KVAL0012,202,7.035177,RWrist,0.258873,-0.03954,-0.247335,0.0654,0.723685,100.518433,True
KVAL0012,203,7.068511,RWrist,0.114658,0.00354,-0.113805,0.0135,2.941863,15.469976,True
KVAL0012,204,7.101855,RWrist,0.104386,0.051405,-0.07404,0.05265,0.992115,46.160438,True
KVAL0012,205,7.135177,RWrist,0.096471,0.04146,-0.07239,0.04845,3.035486,68.003778,True
KVAL0012,206,7.168522,RWrist,0.109097,-0.003795,0.05169,-0.096,4.509265,52.863335,True
KVAL0012,207,7.201844,RWrist,0.212875,0.010875,0.15777,-0.1425,1.272301,117.200433,True
KVAL0012,208,7.235177,RWrist,0.112229,0.01584,0.105855,-0.03375,3.331271,52.441465,True
KVAL0012,209,7.268511,RWrist,0.013261,0.00123,-0.0003,0.0132,2.310946,80.831227,True
KVAL0012,210,7.301855,RWrist,0.14242,-0.081825,0.01875,-0.11505,2.661483,61.435996,True
KVAL0012,211,7.335177,RWrist,0.167691,-0.121485,0.040005,-0.10845,2.18361,85.637034,True
KVAL0012,212,7.368511,RWrist,0.069981,-0.057615,0.027975,0.0282,3.149073,15.266955,True
KVAL0012,213,7.401833,RWrist,0.089948,-0.029145,0.02955,0.0798,1.638275,50.891493,True
KVAL0012,214,7.435166,RWrist,0.119418,0.003615,0.017655,0.11805,1.439717,68.004929,True
KVAL0012,215,7.4685,RWrist,0.098807,0.052275,0.068955,0.0477,3.21098,43.175768,True
KVAL0012,216,7.501844,RWrist,0.135456,0.02583,0.11091,-0.07335,2.058698,87.490398,True
KVAL0012,217,7.535166,RWrist,0.081343,-0.03258,0.046935,-0.0579,2.817874,55.198362,True
KVAL0012,218,7.568511,RWrist,0.055429,-0.028905,-0.03417,0.0327,2.31139,36.880238,True
KVAL0012,219,7.601833,RWrist,0.08411,-0.0192,-0.07176,0.03945,0.361683,52.016616,True
KVAL0012,220,7.635177,RWrist,0.078731,-0.03462,-0.051645,0.0483,1.183638,31.500669,True
KVAL0012,221,7.6685,RWrist,0.012474,-0.005745,-0.009,-0.00645,1.779363,35.210267,True
KVAL0012,222,7.701844,RWrist,0.067377,-0.01719,-0.015405,-0.0633,1.809428,31.309699,True
KVAL0012,223,7.735177,RWrist,0.131104,-0.111045,-0.048135,-0.0504,0.915997,56.101777,True
KVAL0012,224,7.768511,RWrist,0.105122,-0.07788,-0.020715,-0.0675,2.002992,33.232807,True
KVAL0012,225,7.801844,RWrist,0.05399,0.012135,0.003375,-0.0525,1.337308,33.129533,True
KVAL0012,226,7.835188,RWrist,0.041397,0.00102,0.010425,-0.04005,0.598561,15.395679,True
KVAL0012,227,7.8685,RWrist,0.019517,3e-05,0.011925,-0.01545,0.919429,30.546572,True
KVAL0012,228,7.901844,RWrist,0.0323,0.02775,0.006945,0.015,1.542947,38.644324,True
KVAL0012,229,7.935166,RWrist,0.119445,0.05694,0.052815,-0.09075,1.776277,46.288148,True
KVAL0012,230,7.968511,RWrist,0.113897,0.035085,0.05757,-0.0918,1.619731,39.470279,True
KVAL0012,231,8.001833,RWrist,0.059137,-0.018645,0.054435,-0.01365,0.982207,31.021221,True
KVAL0012,232,8.035177,RWrist,0.066017,-0.001365,0.054315,-0.0375,0.8672,14.199546,True
KVAL0012,233,8.068511,RWrist,0.015051,0.009375,0.00393,-0.0111,1.135157,14.377508,True
KVAL0012,234,8.101855,RWrist,0.016767,0.001275,0.001515,0.01665,0.472061,21.319862,True
KVAL0012,235,8.135177,RWrist,0.031536,0.025215,0.011565,0.015,0.49728,13.724298,True
KVAL0012,236,8.168522,RWrist,0.034468,0.0306,0.01398,0.0075,0.44997,14.836662,True
KVAL0012,237,8.201833,RWrist,0.012124,0.00492,0.00867,-0.0069,0.565383,8.605869,True
KVAL0012,238,8.235166,RWrist,0.010783,-0.002085,0.00531,-0.00915,0.186852,12.175702,True
KVAL0012,239,8.268511,RWrist,0.006926,0.006645,7.5e-05,0.00195,0.278987,3.159182,True
KVAL0012,240,8.301844,RWrist,0.011858,0.0117,-0.00069,0.0018,0.040436,6.575046,True
KVAL0012,241,8.335166,RWrist,0.005658,0.00561,-0.000585,-0.00045,0.176991,1.241913,True
KVAL0012,242,8.368511,RWrist,6.2e-05,6e-05,1.5e-05,0.0,0.084652,2.645089,True
KVAL0012,243,8.401833,RWrist,1.5e-05,1.5e-05,0.0,0.0,0.000712,1.266435,True
KVAL0012,244,8.435166,RWrist,1.5e-05,1.5e-05,0.0,0.0,0.000225,0.007547,True
KVAL0012,245,8.4685,RWrist,0.0,0.0,0.0,0.0,0.000225,0.547718,True
KVAL0012,246,8.501833,RWrist,0.0,0.0,0.0,0.0,0.036312,0.55708,True
KVAL0012,247,8.535166,RWrist,0.002421,0.002175,0.000165,0.00105,0.036936,28.306461,True
KVAL0012,248,8.568511,RWrist,0.002462,0.00222,0.00018,0.00105,1.887402,28.601177,True
KVAL0012,249,8.601844,RWrist,0.125894,0.04566,-0.094995,-0.06885,1.897706,63.943969,True
KVAL0012,250,8.635188,RWrist,0.125956,0.02748,-0.04446,-0.1146,2.476401,58.408521,True
KVAL0012,251,8.668511,RWrist,0.072381,-0.02091,0.05394,-0.0435,1.996557,49.924505,True
KVAL0012,252,8.701844,RWrist,0.007306,-0.00228,0.003735,0.00585,1.11744,31.563574,True
KVAL0012,253,8.735177,RWrist,0.003652,0.00051,0.000345,0.0036,0.109898,9.43299,True
KVAL0012,254,8.768522,RWrist,9.1e-05,9e-05,1.5e-05,0.0,0.991322,12.727649,True
KVAL0012,255,8.801844,RWrist,0.06635,0.019605,-0.06261,0.0099,0.89164,42.341251,True
KVAL0012,256,8.835188,RWrist,0.059445,0.011505,-0.057735,0.00825,2.002962,36.733854,True
KVAL0012,257,8.8685,RWrist,0.097842,-0.03402,0.03363,0.08535,1.776735,64.06504,True
KVAL0012,258,8.901844,RWrist,0.092023,-0.02964,0.02364,0.08385,2.358546,52.056344,True
KVAL0012,259,8.935166,RWrist,0.060703,0.015915,-0.03483,-0.0471,1.750173,73.891143,True
KVAL0012,260,8.9685,RWrist,0.029714,0.012765,-0.022545,-0.01455,2.58267,50.167032,True
KVAL0012,261,9.001833,RWrist,0.11454,-0.01776,0.027945,0.10965,1.603491,71.3813,True
KVAL0012,262,9.035166,RWrist,0.08362,-0.01098,0.020775,0.08025,2.187938,51.252842,True
KVAL0012,263,9.068511,RWrist,0.031342,0.00549,-0.00657,-0.03015,1.85101,38.489323,True
KVAL0012,264,9.101844,RWrist,0.043585,0.020055,0.005865,-0.03825,0.45745,37.150602,True
KVAL0012,265,9.135177,RWrist,0.020792,0.01455,0.01245,-0.0081,0.653777,10.499573,True
KVAL0012,266,9.168511,RWrist,0.0,0.0,0.0,0.0,0.293312,14.503596,True
KVAL0012,267,9.201833,RWrist,0.020435,-0.001905,0.009195,-0.01815,0.360903,37.161161,True
KVAL0012,268,9.235177,RWrist,0.02406,-0.002415,0.01032,-0.0216,2.379185,35.193636,True
KVAL0012,269,9.2685,RWrist,0.166683,0.008985,0.16644,-0.00045,2.547402,78.334515,True
KVAL0012,270,9.301844,RWrist,0.185402,-0.014415,0.176265,-0.05565,2.889114,84.277386,True
KVAL0012,271,9.335166,RWrist,0.06774,-0.046155,-0.011835,-0.04815,3.2555,57.176895,True
KVAL0012,272,9.368511,RWrist,0.110029,-0.106455,-0.01734,-0.02175,2.90163,50.474507,True
KVAL0012,273,9.401844,RWrist,0.236557,-0.235725,0.01053,-0.0168,0.767368,112.507302,True
KVAL0012,274,9.435177,RWrist,0.140653,-0.14025,0.00567,0.009,4.93056,75.017663,True
KVAL0012,275,9.468511,RWrist,0.246781,-0.00276,-0.03336,-0.2445,4.305869,108.998589,True
KVAL0012,276,9.501844,RWrist,0.246843,-0.01104,-0.03429,-0.2442,3.002832,101.257435,True
KVAL0012,277,9.535177,RWrist,0.05153,0.01023,0.01002,-0.0495,2.809481,45.643553,True
KVAL0012,278,9.568511,RWrist,0.067908,0.024555,-0.00129,-0.0633,0.514026,42.986701,True
KVAL0012,279,9.601833,RWrist,0.046518,-0.002565,-0.02076,-0.04155,0.957453,12.562449,True
KVAL0012,280,9.635166,RWrist,0.056461,-0.035835,-0.00612,-0.0432,0.506737,14.040722,True
KVAL0012,281,9.6685,RWrist,0.027022,-0.01596,0.002985,-0.0216,1.015946,16.262472,True
KVAL0012,282,9.701844,RWrist,0.068219,-0.054,-0.03969,0.01275,1.000422,27.830924,True
KVAL0012,283,9.735166,RWrist,0.068141,-0.053865,-0.03969,0.0129,1.024962,33.046092,True
KVAL0012,284,9.768511,RWrist,0.000223,0.000165,1.5e-05,0.00015,1.248192,17.268243,True
KVAL0012,285,9.801844,RWrist,0.043391,0.005925,-0.01599,-0.0399,0.744951,23.819106,True
KVAL0012,286,9.835177,RWrist,0.049572,0.014265,-0.01758,-0.0441,0.57867,13.571484,True
KVAL0012,287,9.8685,RWrist,0.009496,0.00837,-0.001575,-0.0042,0.356983,18.134963,True
KVAL0012,288,9.901833,RWrist,0.049142,0.00591,0.004245,-0.0486,0.677039,46.941442,True
KVAL0012,289,9.935177,RWrist,0.049828,0.00861,0.00567,-0.04875,3.151697,48.305998,True
KVAL0012,290,9.968511,RWrist,0.164935,-0.061785,0.04566,0.14595,2.604751,94.776202,True
KVAL0012,291,10.001844,RWrist,0.130042,-0.007845,0.05865,0.1158,3.219786,67.5831,True
KVAL0012,292,10.035188,RWrist,0.065846,0.05667,0.014355,-0.0303,1.972569,40.074813,True
KVAL0012,293,10.068511,RWrist,0.030777,0.019005,-0.01989,0.0138,0.680034,27.307274,True
KVAL0012,294,10.101855,RWrist,0.093222,0.060075,-0.005115,-0.0711,1.419676,73.016304,True
KVAL0012,295,10.135177,RWrist,0.083998,0.045765,0.021105,-0.0672,4.257056,107.105737,True
KVAL0012,296,10.168511,RWrist,0.20385,-0.012435,-0.009465,0.20325,6.139086,84.68816,True
KVAL0012,297,10.201844,RWrist,0.369626,0.16332,0.093945,0.318,3.605164,131.573991,True
KVAL0012,298,10.235177,RWrist,0.336773,0.20262,0.0843,0.25545,2.935239,110.280827,True
KVAL0012,299,10.2685,RWrist,0.204785,0.06678,-0.020985,0.19245,3.8877,17.000633,True
KVAL0012,300,10.301844,RWrist,0.14145,0.027225,-0.05658,0.12675,2.242251,68.643207,True
KVAL0012,301,10.335166,RWrist,0.097371,-0.01374,-0.06237,0.0735,0.706981,55.848593,True
KVAL0012,302,10.3685,RWrist,0.165638,0.06639,-0.03939,0.14655,1.508069,43.58247,True
KVAL0012,303,10.401833,RWrist,0.155081,0.05931,-0.03804,0.13815,2.404157,54.575824,True
KVAL0012,304,10.435177,RWrist,0.008535,-0.003465,7.5e-05,0.0078,2.326216,35.750974,True
KVAL0012,305,10.468511,RWrist,0.0,0.0,0.0,0.0,0.030029,39.924406,True
KVAL0012,306,10.501844,RWrist,0.006639,-0.002775,0.000615,0.006,0.380049,11.180986,True
KVAL0012,307,10.535166,RWrist,0.025337,0.004335,0.005715,0.0243,0.730684,9.728219,True
KVAL0012,308,10.5685,RWrist,0.053937,-0.0192,0.03543,0.03585,0.424465,14.665713,True
KVAL0012,309,10.601844,RWrist,0.031875,-0.018885,0.0198,0.01635,0.551488,8.410197,True
KVAL0012,310,10.635177,RWrist,0.060349,0.01653,0.03756,0.04425,0.429696,20.500746,True
KVAL0012,311,10.6685,RWrist,0.055608,-0.014115,0.04392,0.03105,0.896618,24.982132,True
KVAL0012,312,10.701844,RWrist,0.04615,-0.026715,-0.00315,0.0375,1.393353,13.359714,True
KVAL0012,313,10.735166,RWrist,0.086491,-0.028335,-0.038085,0.0723,0.889568,70.915065,True
KVAL0012,314,10.768511,RWrist,0.048612,-0.025725,-0.04032,-0.0087,4.048108,33.005123,True
KVAL0012,315,10.801844,RWrist,0.204107,0.03135,-0.0708,-0.18885,3.039633,98.524369,True
KVAL0012,316,10.835177,RWrist,0.227573,0.00105,-0.121455,-0.19245,2.539026,96.888134,True
KVAL0012,317,10.8685,RWrist,0.068792,-0.031185,-0.05187,-0.0327,3.590454,47.089379,True
KVAL0012,318,10.901833,RWrist,0.062155,0.038055,0.043455,-0.02295,1.557359,63.620578,True
KVAL0012,319,10.935177,RWrist,0.056271,0.02241,0.03699,-0.036,1.1124,34.010799,True
KVAL0012,320,10.968511,RWrist,0.021657,-0.0159,-0.00648,-0.0132,0.976108,16.885847,True
KVAL0012,321,11.001833,RWrist,0.056498,-0.041025,0.031665,-0.0225,0.223895,32.396355,True
KVAL0012,322,11.035166,RWrist,0.025244,-0.00681,-0.01785,-0.0165,1.578136,17.412927,True
KVAL0012,323,11.0685,RWrist,0.061556,0.011385,-0.05907,-0.01305,1.124784,41.377486,True
KVAL0012,324,11.101833,RWrist,0.095218,-0.04377,-0.022185,-0.0816,1.28083,40.88849,True
KVAL0012,325,11.135166,RWrist,0.068171,-0.062895,-0.017475,-0.01965,1.707835,25.853388,True
KVAL0012,326,11.1685,RWrist,0.061738,-0.049035,-0.01941,0.0321,2.49831,74.451589,True
KVAL0012,327,11.201833,RWrist,0.224401,-0.18018,0.01755,-0.1326,3.376152,74.182778,True
KVAL0012,328,11.235166,RWrist,0.225324,-0.139395,-0.03567,-0.1734,2.668579,83.497639,True
KVAL0012,329,11.268511,RWrist,0.114499,-0.01605,-0.044895,-0.1041,3.136735,38.116006,True
KVAL0012,330,11.301844,RWrist,0.174326,0.06624,0.00033,-0.16125,0.614275,98.053106,True
KVAL0012,331,11.335166,RWrist,0.129425,0.01023,-0.023295,-0.1269,3.776073,40.796311,True
KVAL0012,332,11.368511,RWrist,0.142516,-0.138975,-0.02604,-0.01785,2.452492,84.775796,True
KVAL0012,333,11.401833,RWrist,0.084595,-0.046515,0.07044,-0.00555,4.410004,32.192893,True
KVAL0012,334,11.435177,RWrist,0.241928,-0.02286,0.128025,0.204,1.574582,144.092358,True
KVAL0012,335,11.4685,RWrist,0.137973,0.01998,0.12519,0.05445,5.730431,75.289284,True
KVAL0012,336,11.501833,RWrist,0.266188,-0.14139,0.16128,-0.15765,3.617406,134.98945,True
KVAL0012,337,11.535166,RWrist,0.230368,-0.20265,0.103575,-0.0357,3.419151,126.64831,True
KVAL0012,338,11.5685,RWrist,0.087322,-0.02346,0.0816,0.0204,5.042849,29.746037,True
KVAL0012,339,11.601844,RWrist,0.224404,0.0282,0.0804,0.2076,3.592118,89.188454,True
KVAL0012,340,11.635177,RWrist,0.267733,-0.00207,0.0693,0.2586,1.654837,115.713817,True
KVAL0012,341,11.6685,RWrist,0.217643,-0.05232,0.00507,0.2112,4.834636,88.62172,True
KVAL0012,342,11.701844,RWrist,0.158111,0.038355,-0.15102,0.02685,5.473443,94.589179,True
KVAL0012,343,11.735177,RWrist,0.154996,0.05562,-0.0615,-0.13095,2.743546,135.716424,True
KVAL0012,344,11.768511,RWrist,0.058214,0.0288,0.015525,-0.04815,3.674246,97.522721,True
KVAL0012,345,11.801844,RWrist,0.137016,0.02844,-0.07332,0.1122,4.055381,39.844513,True
KVAL0012,346,11.835177,RWrist,0.218794,-0.0168,-0.13098,0.17445,6.276577,72.652541,True
KVAL0012,347,11.868511,RWrist,0.533749,-0.06198,-0.105915,0.51945,5.232287,208.593541,True
KVAL0012,348,11.901844,RWrist,0.482695,-0.072165,0.035475,0.47595,7.693464,180.768555,True
KVAL0012,349,11.935166,RWrist,0.079603,0.06186,0.02949,0.0405,7.071677,119.08151,True
KVAL0012,350,11.9685,RWrist,0.075016,0.06813,-0.01317,0.0285,1.255977,145.176832,True
KVAL0012,351,12.001844,RWrist,0.082515,-0.011745,0.069315,0.0432,2.966752,31.309249,True
KVAL0012,352,12.035177,RWrist,0.190184,-0.027615,0.100155,0.1593,1.668963,71.144093,True
KVAL0012,353,12.0685,RWrist,0.154469,-0.026565,0.03516,0.14805,1.82123,57.235094,True
KVAL0012,354,12.101833,RWrist,0.070984,0.00378,0.03798,0.05985,2.252928,23.231295,True
KVAL0012,355,12.135166,RWrist,0.076771,-0.064425,0.041655,0.00285,1.112644,47.075893,True
KVAL0012,356,12.168511,RWrist,0.051396,-0.04299,0.02799,0.00315,1.668533,42.165851,True
KVAL0012,357,12.201833,RWrist,0.044136,0.042525,0.0111,0.00405,3.174117,60.606173,True
KVAL0012,358,12.235177,RWrist,0.195301,0.036105,0.0057,-0.19185,3.322628,82.471526,True
KVAL0012,359,12.268511,RWrist,0.213323,-0.0042,0.020955,-0.21225,2.329338,104.910464,True
KVAL0012,360,12.301855,RWrist,0.057459,-0.02688,0.009165,-0.04995,3.737061,20.913028,True
KVAL0012,361,12.335166,RWrist,0.043088,-0.01929,0.012915,0.0363,1.205705,71.911266,True
KVAL0012,362,12.3685,RWrist,0.04075,-0.021075,0.018285,0.0297,1.111173,31.279037,True
KVAL0012,363,12.401844,RWrist,0.033601,-0.001575,-0.006885,-0.03285,0.95556,26.198097,True
KVAL0012,364,12.435177,RWrist,0.031119,-0.012705,-0.01791,-0.02205,0.647206,20.593453,True
KVAL0012,365,12.4685,RWrist,0.017021,-0.01365,-0.005505,0.00855,0.465805,27.208297,True
KVAL0012,366,12.501833,RWrist,0.000162,1.5e-05,6e-05,-0.00015,1.197785,19.37295,True
KVAL0012,367,12.535177,RWrist,0.068662,0.00078,0.02136,-0.06525,1.097676,40.934754,True
KVAL0012,368,12.568511,RWrist,0.073333,-0.00411,0.04383,-0.05865,1.561543,48.828011,True
KVAL0012,369,12.601833,RWrist,0.040411,-0.002685,0.0123,0.0384,2.239545,23.020796,True
KVAL0012,370,12.635177,RWrist,0.090408,-0.006975,0.017865,0.08835,0.136726,60.190787,True
KVAL0012,371,12.6685,RWrist,0.040065,-0.00036,0.003615,0.0399,1.909494,11.593704,True
KVAL0012,372,12.701844,RWrist,0.040021,0.011745,-0.02256,-0.0309,0.6833,39.61657,True
KVAL0012,373,12.735177,RWrist,0.027747,0.005565,0.02715,0.00135,0.934439,23.985792,True
KVAL0012,374,12.768511,RWrist,0.033659,-0.00099,0.033105,-0.006,1.461915,33.8854,True
KVAL0012,375,12.801833,RWrist,0.077357,0.028575,-0.054045,-0.0474,1.381858,45.586068,True
KVAL0012,376,12.835166,RWrist,0.063368,0.037785,-0.05046,-0.00645,1.637506,40.582324,True
KVAL0012,377,12.868511,RWrist,0.038022,-0.003795,0.006885,0.0372,1.419801,26.278736,True
KVAL0012,378,12.901844,RWrist,0.043162,-0.012795,0.016095,0.03795,0.328796,28.223261,True
KVAL0012,379,12.935166,RWrist,0.028987,-0.00348,0.020595,0.0201,0.618445,7.551236,True
KVAL0012,380,12.968511,RWrist,0.011956,-0.00867,0.00792,-0.00225,0.603247,6.135877,True
KVAL0012,381,13.001844,RWrist,0.024814,-0.01506,0.01008,-0.01695,0.333658,23.2506,True
KVAL0012,382,13.035177,RWrist,0.018222,0.005865,0.00027,-0.01725,1.020412,19.828269,True
KVAL0012,383,13.068511,RWrist,0.063468,0.01659,0.058125,0.01935,1.074108,29.047904,True
KVAL0012,384,13.101844,RWrist,0.064158,0.00417,0.060105,0.02205,0.950305,30.317071,True
KVAL0012,385,13.135166,RWrist,0.000211,-0.000105,0.000105,0.00015,0.962365,14.228986,True
KVAL0012,386,13.168511,RWrist,0.0,0.0,0.0,0.0,0.003166,14.435468,True
KVAL0012,387,13.201844,RWrist,0.0,0.0,0.0,0.0,0.0,0.04749,True
KVAL0012,388,13.235177,RWrist,0.0,0.0,0.0,0.0,0.0,0.0,True
KVAL0012,389,13.2685,RWrist,0.0,0.0,0.0,0.0,0.0,0.0,True
KVAL0012,390,13.301833,RWrist,0.0,0.0,0.0,0.0,0.0,0.0,True
KVAL0012,391,13.335166,RWrist,0.0,0.0,0.0,0.0,0.0,11.072177,True
KVAL0012,392,13.3685,RWrist,0.0,0.0,0.0,0.0,0.738145,10.892858,True
KVAL0012,393,13.401844,RWrist,0.04921,0.00144,-0.00369,0.04905,0.726191,22.330552,True
KVAL0012,394,13.435177,RWrist,0.048413,0.00093,-0.00495,0.04815,0.750706,21.896912,True
KVAL0012,395,13.468511,RWrist,0.00163,-0.00051,-0.00126,-0.0009,0.733652,11.030654,True
KVAL0012,396,13.501855,RWrist,0.000934,0.000615,0.00054,-0.00045,0.048327,10.762683,True
KVAL0012,397,13.535166,RWrist,0.002596,0.001035,0.001365,-0.00195,0.016621,1.265895,True
KVAL0012,398,13.5685,RWrist,0.001759,0.000405,0.000825,-0.0015,0.039024,0.627287,True
KVAL0012,399,13.601844,RWrist,1.5e-05,-1.5e-05,0.0,0.0,0.026387,0.586726,True
KVAL0012,400,13.635177,RWrist,0.0,0.0,0.0,0.0,0.000225,0.395811,True
KVAL0012,401,13.6685,RWrist,0.0,0.0,0.0,0.0,0.0,0.003375,True
KVAL0012,402,13.701844,RWrist,0.0,0.0,0.0,0.0,0.0,0.0,True
KVAL0012,403,13.735166,RWrist,0.0,0.0,0.0,0.0,0.0,0.0,True
KVAL0012,404,13.768511,RWrist,0.0,0.0,0.0,0.0,0.0,0.0,True
KVAL0012,405,13.801844,RWrist,0.0,0.0,0.0,0.0,0.0,2.317704,True
KVAL0012,406,13.835177,RWrist,0.0,0.0,0.0,0.0,0.154514,2.46301,True
KVAL0012,407,13.868522,RWrist,0.010301,0.003675,0.004695,0.0084,0.164201,4.492642,True
KVAL0012,408,13.901855,RWrist,0.010947,0.00411,0.00522,0.0087,0.145055,4.92629,True
KVAL0012,409,13.935188,RWrist,0.000745,0.000375,0.00057,0.0003,0.164221,2.03788,True
KVAL0012,410,13.968533,RWrist,7.5e-05,-6e-05,4.5e-05,0.0,0.01118,2.463722,True
KVAL0012,411,14.001866,RWrist,0.0,0.0,0.0,0.0,0.001125,0.1677,True
KVAL0012,412,14.035166,RWrist,0.0,0.0,0.0,0.0,0.0,0.016875,True
KVAL0012,413,14.0685,RWrist,0.0,0.0,0.0,0.0,0.0,6.477927,True
KVAL0012,414,14.101833,RWrist,0.0,0.0,0.0,0.0,0.431862,6.47872,True
KVAL0012,415,14.135177,RWrist,0.028791,0.009585,-0.002835,-0.027,0.431915,12.925212,True
KVAL0012,416,14.1685,RWrist,0.028794,0.0096,-0.00282,-0.027,0.42982,12.927592,True
KVAL0012,417,14.201844,RWrist,0.000157,0.0,4.5e-05,-0.00015,0.429926,6.416714,True
KVAL0012,418,14.235166,RWrist,0.000154,-1.5e-05,3e-05,-0.00015,0.002349,6.419094,True
KVAL0012,419,14.268511,RWrist,0.0,0.0,0.0,0.0,0.002306,4.182324,True
KVAL0012,420,14.301833,RWrist,0.0,0.0,0.0,0.0,0.280179,4.180234,True
KVAL0012,421,14.335177,RWrist,0.018679,-0.007125,0.00975,0.01425,0.280073,8.599223,True
KVAL0012,422,14.3685,RWrist,0.018672,-0.007065,0.00978,0.01425,0.293542,9.245679,True
KVAL0012,423,14.401833,RWrist,0.001742,-0.001035,-0.000375,-0.00135,0.372481,6.434135,True
KVAL0012,424,14.435166,RWrist,0.015555,-0.00168,0.01188,-0.0099,0.234344,9.841982,True
KVAL0012,425,14.4685,RWrist,0.016747,-0.015045,0.0057,-0.00465,0.334326,11.802756,True
KVAL0012,426,14.501833,RWrist,0.007637,-0.00354,-0.00477,0.0048,0.562528,14.782101,True
KVAL0012,427,14.535177,RWrist,0.022213,0.02184,0.00363,0.0018,0.807053,11.936415,True
KVAL0012,0,0.301866,LShoulder,0.232518,0.18954,0.04065,0.1284,11.355175,210.09362,True
KVAL0012,1,0.335177,LShoulder,0.571857,0.54396,-0.090165,0.15165,4.61119,295.302882,True
KVAL0012,2,0.368522,LShoulder,0.474918,0.449805,-0.11943,0.09465,8.522402,172.307902,True
KVAL0012,3,0.401833,LShoulder,0.011779,0.000345,-0.008685,0.00795,7.12633,127.054188,True
KVAL0012,4,0.435177,LShoulder,0.000837,-0.00027,0.000255,0.00075,0.176689,106.930557,True
KVAL0012,5,0.468511,LShoulder,0.0,0.0,0.0,0.0,0.012483,3.027684,True
KVAL0012,6,0.501855,LShoulder,1.5e-05,-1.5e-05,0.0,0.0,0.205297,3.213386,True
KVAL0012,7,0.535177,LShoulder,0.013686,0.000975,0.01278,0.0048,0.206705,6.138515,True
KVAL0012,8,0.568511,LShoulder,0.013779,0.001125,0.01281,0.00495,0.203948,6.200605,True
KVAL0012,9,0.601833,LShoulder,0.000214,0.00015,3e-05,0.00015,0.206669,3.039616,True
KVAL0012,10,0.635177,LShoulder,1.5e-05,1.5e-05,0.0,0.0,0.003214,3.099759,True
KVAL0012,11,0.668511,LShoulder,0.0,0.0,0.0,0.0,0.000225,8.301302,True
KVAL0012,12,0.701844,LShoulder,0.0,0.0,0.0,0.0,0.550639,10.627513,True
KVAL0012,13,0.735166,LShoulder,0.036709,0.01053,0.015015,0.0318,0.708376,14.77629,True
KVAL0012,14,0.768511,LShoulder,0.047225,0.02628,0.01869,0.0345,0.460895,21.106733,True
KVAL0012,15,0.801833,LShoulder,0.016447,0.015345,0.00501,0.00315,0.698885,7.398778,True
KVAL0012,16,0.835177,LShoulder,0.001489,-0.00039,0.001365,0.00045,0.246353,10.349817,True
KVAL0012,17,0.868511,LShoulder,3.4e-05,1.5e-05,3e-05,0.0,0.022339,3.777325,True
KVAL0012,18,0.901844,LShoulder,0.0,0.0,0.0,0.0,0.012754,3.48108,True
KVAL0012,19,0.935166,LShoulder,0.000877,6e-05,0.00075,0.00045,0.225633,3.052105,True
KVAL0012,20,0.9685,LShoulder,0.015042,0.012645,0.00567,0.00585,0.209269,6.804301,True
KVAL0012,21,1.001844,LShoulder,0.014401,0.012525,0.00495,0.0051,0.228005,7.760757,True
KVAL0012,22,1.035177,LShoulder,0.000307,-6e-05,3e-05,-0.0003,0.33981,4.14067,True
KVAL0012,23,1.068522,LShoulder,0.014809,0.00051,0.0045,-0.0141,0.217983,7.980323,True
KVAL0012,24,1.101855,LShoulder,0.014824,0.00054,0.004545,-0.0141,0.221923,11.179128,True
KVAL0012,25,1.135188,LShoulder,5.4e-05,3e-05,4.5e-05,0.0,0.546751,4.607137,True
KVAL0012,26,1.168533,LShoulder,0.024444,0.011745,0.006105,0.02055,0.44317,13.522225,True
KVAL0012,27,1.201866,LShoulder,0.029567,0.011385,0.0069,0.0264,0.356938,22.576146,True
KVAL0012,28,1.235177,LShoulder,0.007451,0.0066,0.00249,-0.0024,1.243166,11.409172,True
KVAL0012,29,1.268511,LShoulder,0.073621,0.060705,0.011445,-0.04005,0.725832,38.008105,True
KVAL0012,30,1.301844,LShoulder,0.055541,0.0516,0.004275,-0.0201,1.312066,25.046193,True
KVAL0012,31,1.335177,LShoulder,0.018139,-0.003525,-0.00666,0.0165,0.949871,19.595722,True
KVAL0012,32,1.3685,LShoulder,0.012427,-0.00264,-0.00186,0.012,1.186591,19.859789,True
KVAL0012,33,1.401844,LShoulder,0.090258,-0.00879,0.038835,0.081,1.316901,24.940402,True
KVAL0012,34,1.435166,LShoulder,0.097288,4.5e-05,0.04443,0.08655,1.051252,24.861705,True
KVAL0012,35,1.4685,LShoulder,0.099014,-0.019125,0.090645,0.03495,0.972793,31.403988,True
KVAL0012,36,1.501844,LShoulder,0.112215,-0.028695,0.09339,0.0552,1.817078,37.193335,True
KVAL0012,37,1.535177,LShoulder,0.058666,0.003345,0.014685,-0.0567,2.307539,43.649525,True
KVAL0012,38,1.568511,LShoulder,0.086263,0.00072,0.02883,-0.0813,1.093007,50.834586,True
KVAL0012,39,1.601855,LShoulder,0.060346,-0.01077,0.05937,-0.0009,1.917736,46.328754,True
KVAL0012,40,1.635177,LShoulder,0.074221,-0.032775,-0.066525,-0.003,2.425305,63.534843,True
KVAL0012,41,1.668522,LShoulder,0.1044,-0.0135,-0.099735,0.02775,2.691702,74.71399,True
KVAL0012,42,1.701844,LShoulder,0.117236,0.108345,0.04425,-0.0069,2.849808,33.386636,True
KVAL0012,43,1.735177,LShoulder,0.113951,0.10236,0.03843,-0.0321,1.046242,42.198694,True
KVAL0012,44,1.768511,LShoulder,0.162155,0.12969,0.086775,0.0441,1.5201,71.023489,True
KVAL0012,45,1.801855,LShoulder,0.13694,0.045795,0.121875,-0.04245,3.827809,67.654554,True
KVAL0012,46,1.835177,LShoulder,0.11473,-0.068205,0.000945,-0.09225,3.630673,50.924522,True
KVAL0012,47,1.868511,LShoulder,0.118144,-0.075045,-0.087255,-0.0267,4.881992,117.888885,True
KVAL0012,48,1.901844,LShoulder,0.415399,-0.10854,-0.188025,-0.35415,6.976839,,True
KVAL0012,49,1.935177,LShoulder,0.508607,-0.028425,-0.149685,-0.48525,,,False
KVAL0012,50,1.9685,LShoulder,,,,,,,False
KVAL0012,51,2.001833,LShoulder,,,,,,,False
KVAL0012,52,2.035177,LShoulder,,,,,,,False
KVAL0012,53,2.068511,LShoulder,0.075031,-0.02556,0.00522,-0.07035,,,False
KVAL0012,54,2.101844,LShoulder,0.967635,-0.02424,0.01593,0.9672,,,False
KVAL0012,55,2.135188,LShoulder,,,,,,,True
KVAL0012,56,2.168511,LShoulder,,,,,,,False
KVAL0012,57,2.201855,LShoulder,,,,,,,False
KVAL0012,58,2.235166,LShoulder,,,,,,,True
KVAL0012,59,2.268511,LShoulder,,,,,,,False
KVAL0012,60,2.301833,LShoulder,,,,,,,True
KVAL0012,61,2.335177,LShoulder,0.310244,0.307035,0.044505,0.0003,,,True
KVAL0012,62,2.3685,LShoulder,0.060618,-0.028965,-0.05208,0.0111,7.287828,,True
KVAL0012,63,2.401844,LShoulder,0.264963,-0.08106,-0.223485,0.117,3.023874,158.572858,True
KVAL0012,64,2.435177,LShoulder,0.255216,-0.11433,-0.17589,0.14535,4.134656,949.651724,True
KVAL0012,65,2.468522,LShoulder,0.080262,-0.04629,0.04176,0.05055,61.166477,865.135937,True
KVAL0012,66,2.501833,LShoulder,3.897742,3.727605,0.930645,-0.6567,58.83237,1812.669162,True
KVAL0012,67,2.535166,LShoulder,3.890536,3.77268,0.8865,0.34245,60.086856,1740.306931,False
KVAL0012,68,2.5685,LShoulder,0.790797,0.14406,-0.16341,0.7602,57.339679,964.529594,True
KVAL0012,69,2.601844,LShoulder,0.329715,0.13989,-0.13599,-0.2658,11.790565,852.325023,True
KVAL0012,70,2.635177,LShoulder,0.034172,0.033585,-0.006,-0.00195,4.91182,176.07749,True
KVAL0012,71,2.668522,LShoulder,0.006768,0.00642,-0.001665,0.00135,0.517694,79.163676,True
KVAL0012,72,2.701833,LShoulder,0.000391,-0.00036,-3e-05,-0.00015,0.67099,17.606046,True
KVAL0012,73,2.735177,LShoulder,0.048973,0.042555,0.017025,-0.01725,0.704154,23.354275,True
KVAL0012,74,2.7685,LShoulder,0.046657,0.04173,0.015105,-0.0144,1.604577,39.318701,True
KVAL0012,75,2.801844,LShoulder,0.133542,0.12411,-0.049215,0.00285,2.800669,17.357497,True
KVAL0012,76,2.835177,LShoulder,0.208454,0.17988,-0.09258,0.05025,0.98578,68.673047,True
KVAL0012,77,2.868522,LShoulder,0.191583,0.185475,-0.041025,0.0249,1.989572,54.222282,True
KVAL0012,78,2.901833,LShoulder,0.15174,0.147705,0.004245,-0.0345,2.712543,37.064834,True
KVAL0012,79,2.935166,LShoulder,0.019022,0.011775,0.007785,0.01275,2.316444,43.238422,True
KVAL0012,80,2.968511,LShoulder,0.05198,0.002445,0.05085,-0.0105,1.396385,44.74037,True
KVAL0012,81,3.001844,LShoulder,0.096181,0.02427,0.085245,-0.03735,0.682455,32.217579,True
KVAL0012,82,3.035166,LShoulder,0.053665,0.043185,0.03069,-0.00855,0.860773,38.529926,True
KVAL0012,83,3.068511,LShoulder,0.052019,-0.01239,0.04212,-0.0279,1.906948,8.028534,True
KVAL0012,84,3.101833,LShoulder,0.111258,-0.070785,0.07176,-0.0471,0.650622,58.612144,True
KVAL0012,85,3.135166,LShoulder,0.018267,-0.01668,0.005565,-0.00495,2.075052,5.952096,True
KVAL0012,86,3.1685,LShoulder,0.032724,0.02592,-0.01869,-0.00705,0.42762,33.465181,True
KVAL0012,87,3.201844,LShoulder,0.018755,-0.003195,-0.01821,0.00315,0.603892,20.713504,True
KVAL0012,88,3.235166,LShoulder,0.035153,-0.00171,-0.02847,0.02055,1.194811,31.462863,True
KVAL0012,89,3.2685,LShoulder,0.080753,-0.016335,-0.02463,-0.07515,1.784464,34.331082,True
KVAL0012,90,3.301833,LShoulder,0.092856,-0.048045,0.02352,-0.0759,1.195097,51.039087,True
KVAL0012,91,3.335177,LShoulder,0.035206,-0.029145,0.017655,-0.00885,1.682142,26.556878,True
KVAL0012,92,3.368511,LShoulder,0.064111,-0.03006,-0.056625,0.00045,0.957106,33.176498,True
KVAL0012,93,3.401855,LShoulder,0.048027,-0.01917,-0.043665,0.0057,0.790304,23.056409,True
KVAL0012,94,3.435166,LShoulder,0.011621,-0.00579,-0.009885,0.00195,0.637611,10.19909,True
KVAL0012,95,3.4685,LShoulder,0.008086,-0.00291,-0.00582,-0.0048,0.154984,10.991683,True
KVAL0012,96,3.501833,LShoulder,0.006121,0.002475,-0.00519,-0.0021,0.172352,6.345884,True
KVAL0012,97,3.535166,LShoulder,0.018917,-0.01137,-0.00993,-0.0114,0.325708,9.432956,True
KVAL0012,98,3.5685,LShoulder,0.024539,0.005325,-0.019365,0.0141,0.475927,6.218529,True
KVAL0012,99,3.601844,LShoulder,0.021696,0.01074,-0.015555,0.01065,0.254565,8.019276,True
KVAL0012,100,3.635166,LShoulder,0.026391,-0.00471,-0.009915,0.024,0.46152,8.237494,True
KVAL0012,101,3.6685,LShoulder,0.040625,-0.00099,-0.011835,0.03885,0.393236,19.682372,True
KVAL0012,102,3.701844,LShoulder,0.000608,-0.00057,0.00015,0.00015,1.02826,6.557146,True
KVAL0012,103,3.735177,LShoulder,0.042438,0.000735,0.042315,-0.00315,0.636614,23.000603,True
KVAL0012,104,3.768511,LShoulder,0.042476,0.002685,0.038655,-0.0174,0.93486,18.933868,True
KVAL0012,105,3.801844,LShoulder,0.043407,-0.00519,-0.005445,-0.04275,0.789321,14.050821,True
KVAL0012,106,3.835166,LShoulder,0.045375,-0.01263,-0.004485,-0.04335,0.399558,24.187865,True
KVAL0012,107,3.8685,LShoulder,0.04139,-0.01959,-0.02274,-0.0285,1.316119,16.87947,True
KVAL0012,108,3.901844,LShoulder,0.056578,-0.017985,-0.038505,0.03735,1.217161,29.511825,True
KVAL0012,109,3.935177,LShoulder,0.054376,-0.003915,-0.01845,0.051,0.816366,26.164812,True
KVAL0012,110,3.9685,LShoulder,0.020028,0.012915,0.000495,0.0153,0.658477,14.336992,True
KVAL0012,111,4.001844,LShoulder,0.019876,0.012855,0.00054,0.01515,0.438404,10.110866,True
KVAL0012,112,4.035177,LShoulder,0.019644,-0.012345,0.01314,0.0078,0.510239,11.678936,True
KVAL0012,113,4.068511,LShoulder,0.015654,-0.01158,0.007395,-0.0075,0.488425,9.33524,True
KVAL0012,114,4.101833,LShoulder,0.016453,0.0006,-0.005625,-0.01545,0.156777,10.704324,True
KVAL0012,115,4.135166,LShoulder,0.009549,-0.002325,0.00273,-0.00885,0.241748,11.452964,True
KVAL0012,116,4.168511,LShoulder,0.014539,-0.00783,0.007005,-0.01005,0.61684,7.595344,True
KVAL0012,117,4.201844,LShoulder,0.046105,-0.04221,0.01026,-0.01545,0.619401,18.112799,True
KVAL0012,118,4.235177,LShoulder,0.05534,-0.03813,0.0276,-0.0291,0.663734,22.908258,True
KVAL0012,119,4.268511,LShoulder,0.036232,-0.00213,0.02679,-0.0243,0.921482,14.165113,True
KVAL0012,120,4.301855,LShoulder,0.018788,0.014565,0.01173,-0.0018,0.350583,8.317291,True
KVAL0012,121,4.335188,LShoulder,0.019326,-0.010065,0.00687,-0.015,0.66558,20.070866,True
KVAL0012,122,4.368522,LShoulder,0.054848,0.05352,-0.008415,-0.00855,1.291491,23.030144,True
KVAL0012,123,4.401866,LShoulder,0.073006,0.0708,-0.01776,0.00135,0.924704,35.658791,True
KVAL0012,124,4.4352,LShoulder,0.017575,-0.00798,-0.00909,-0.01275,1.095309,16.234277,True
KVAL0012,125,4.468511,LShoulder,1.5e-05,-1.5e-05,0.0,0.0,0.263417,16.844584,True
KVAL0012,126,4.501844,LShoulder,3e-05,-3e-05,0.0,0.0,0.22527,3.369942,True
KVAL0012,127,4.535166,LShoulder,0.015015,0.003,0.0114,0.0093,0.214539,7.998217,True
KVAL0012,128,4.568511,LShoulder,0.014276,0.01245,0.006855,-0.00135,0.313886,11.344729,True
KVAL0012,129,4.601844,LShoulder,0.007944,0.003675,-0.00201,-0.00675,0.566021,18.498707,True
KVAL0012,130,4.635177,LShoulder,0.026762,-0.02523,0.008595,-0.0024,1.12757,10.559216,True
KVAL0012,131,4.668511,LShoulder,0.070489,-0.070095,0.003135,0.00675,0.391792,37.813744,True
KVAL0012,132,4.701844,LShoulder,0.035106,-0.02472,0.007725,0.0237,1.406294,11.663946,True
KVAL0012,133,4.735166,LShoulder,0.025322,0.02355,0.00747,0.00555,0.491748,22.658743,True
KVAL0012,134,4.768511,LShoulder,0.008662,-0.002085,-0.006795,0.00495,0.244029,15.129009,True
KVAL0012,135,4.801833,LShoulder,0.020456,0.0177,0.00432,-0.0093,0.630273,17.556004,True
KVAL0012,136,4.835177,LShoulder,0.043747,-0.04347,-0.004515,-0.00195,1.202979,20.594252,True
KVAL0012,137,4.8685,LShoulder,0.060943,-0.05847,-0.016545,0.00465,0.801864,36.150842,True
KVAL0012,138,4.901844,LShoulder,0.020861,0.00495,0.0147,-0.01395,1.312756,26.142981,True
KVAL0012,139,4.935166,LShoulder,0.048796,-0.000555,0.048765,-0.00165,1.176849,26.454511,True
KVAL0012,140,4.968511,LShoulder,0.08146,-0.053115,0.060555,0.01215,0.638619,38.78759,True
KVAL0012,141,5.001833,LShoulder,0.065957,-0.03804,0.050625,0.01845,1.425121,27.475826,True
KVAL0012,142,5.035166,LShoulder,0.020433,0.020355,0.00132,0.0012,1.417609,47.801647,True
KVAL0012,143,5.0685,LShoulder,0.034329,-0.00357,-0.031425,-0.01335,2.467025,30.278779,True
KVAL0012,144,5.101844,LShoulder,0.148793,-0.101235,-0.05544,-0.0939,1.553778,69.2439,True
KVAL0012,145,5.135166,LShoulder,0.124347,-0.08793,-0.05487,-0.0687,2.207502,42.864395,True
KVAL0012,146,5.168511,LShoulder,0.049693,0.00732,-0.04887,0.00525,1.509316,40.572214,True
KVAL0012,147,5.201833,LShoulder,0.094453,-0.04896,-0.077955,0.02115,1.077934,20.284211,True
KVAL0012,148,5.235166,LShoulder,0.0897,-0.05301,-0.05805,0.0432,1.020296,34.136377,True
KVAL0012,149,5.268511,LShoulder,0.0646,0.010335,-0.0501,0.03945,1.325436,10.234058,True
KVAL0012,150,5.301844,LShoulder,0.062139,0.028845,-0.02526,0.0489,0.960588,19.739512,True
KVAL0012,151,5.335177,LShoulder,0.060121,0.037155,0.007605,0.04665,0.2378,26.404513,True
KVAL0012,152,5.368511,LShoulder,0.05073,0.025905,-0.01122,0.04215,0.928836,12.06894,True
KVAL0012,153,5.401844,LShoulder,0.026761,-0.011775,-0.016575,0.0174,0.880887,19.978474,True
KVAL0012,154,5.435188,LShoulder,0.027729,-0.024135,-0.007035,0.0117,0.479511,27.81347,True
KVAL0012,155,5.468511,LShoulder,0.018238,0.01446,0.00057,0.0111,1.015775,4.5306,True
KVAL0012,156,5.501855,LShoulder,0.047893,0.042435,-0.000405,0.0222,0.363788,25.510109,True
KVAL0012,157,5.535177,LShoulder,0.032551,0.03195,0.00282,-0.00555,0.768432,14.792539,True
KVAL0012,158,5.568511,LShoulder,0.01496,0.00402,0.01047,-0.0099,0.636121,14.20159,True
KVAL0012,159,5.601833,LShoulder,0.016106,-0.005745,0.006645,0.0135,0.308845,16.84413,True
KVAL0012,160,5.635177,LShoulder,0.007116,-0.00096,-0.000105,0.00705,0.488922,13.253016,True
KVAL0012,161,5.668511,LShoulder,0.025208,0.02481,0.00366,0.00255,0.70935,7.880777,True
KVAL0012,162,5.701844,LShoulder,0.04465,0.04347,-0.00657,-0.0078,0.212668,23.241404,True
KVAL0012,163,5.735166,LShoulder,0.024482,0.022455,-0.009525,-0.0021,0.884741,14.546233,True
KVAL0012,164,5.768511,LShoulder,0.034498,0.00246,-0.00204,0.03435,0.81245,27.549797,True
KVAL0012,165,5.801844,LShoulder,0.035391,-0.00939,0.03399,0.003,1.296923,17.035013,True
KVAL0012,166,5.835177,LShoulder,0.063182,-0.00765,0.05532,-0.02955,0.37973,39.768115,True
KVAL0012,167,5.868511,LShoulder,0.019175,-0.00351,0.012165,0.0144,1.364977,3.129541,True
KVAL0012,168,5.901844,LShoulder,0.047966,-0.001965,0.00708,0.0474,0.23885,31.075876,True
KVAL0012,169,5.935166,LShoulder,0.016187,-0.00432,-0.00372,0.01515,0.968313,18.517064,True
KVAL0012,170,5.9685,LShoulder,0.034346,0.033705,-0.004005,-0.00525,1.074771,20.98761,True
KVAL0012,171,6.001833,LShoulder,0.060351,0.044715,0.035775,-0.01905,0.822415,26.541387,True
KVAL0012,172,6.035166,LShoulder,0.062669,0.037185,0.050445,0.00015,0.854229,23.535417,True
KVAL0012,173,6.0685,LShoulder,0.056388,0.03414,0.026595,0.03615,0.781672,20.959985,True
KVAL0012,174,6.101833,LShoulder,0.013981,0.01335,0.00411,-0.0006,0.713042,17.621256,True
KVAL0012,175,6.135166,LShoulder,0.014149,0.013545,0.00408,-0.0003,0.458506,11.412353,True
KVAL0012,176,6.168511,LShoulder,0.040148,0.026145,0.024015,0.01875,0.112513,19.545827,True
KVAL0012,177,6.201833,LShoulder,0.012043,0.010035,0.00255,0.00615,0.865564,14.573954,True
KVAL0012,178,6.235166,LShoulder,0.018619,-0.012255,-0.01392,-0.00165,1.023002,37.243955,True
KVAL0012,179,6.2685,LShoulder,0.078437,0.046245,-0.010065,0.06255,1.881511,24.229646,True
KVAL0012,180,6.301833,LShoulder,0.119012,0.090555,-0.043365,0.0639,0.817041,51.613059,True
KVAL0012,181,6.335177,LShoulder,0.067002,0.0489,-0.041925,0.01845,1.566491,19.329562,True
KVAL0012,182,6.368511,LShoulder,0.020324,0.013365,-0.0153,-0.0006,0.907964,30.434713,True
KVAL0012,183,6.401855,LShoulder,0.018679,0.017025,0.002685,-0.0072,1.060604,24.336901,True
KVAL0012,184,6.435188,LShoulder,0.060475,-0.00156,0.02688,0.05415,1.017947,36.429498,True
KVAL0012,185,6.468522,LShoulder,0.067058,0.030105,0.011535,0.0588,1.448654,19.553371,True
KVAL0012,186,6.501866,LShoulder,0.065877,0.0624,-0.02112,0.0,0.356022,39.240756,True
KVAL0012,187,6.5352,LShoulder,0.054023,0.03297,-0.00543,0.04245,1.35654,17.104825,True
KVAL0012,188,6.568511,LShoulder,0.082641,0.011475,-0.0369,0.07305,1.212535,48.254286,True
KVAL0012,189,6.601844,LShoulder,0.125397,0.082935,-0.062595,0.0702,2.278311,17.886754,True
KVAL0012,190,6.635177,LShoulder,0.184436,0.1347,-0.1194,0.0402,1.266915,72.349256,True
KVAL0012,191,6.668511,LShoulder,0.178742,0.055095,-0.135255,0.10305,2.567174,75.39126,True
KVAL0012,192,6.701855,LShoulder,0.114175,-0.00078,-0.03915,0.10725,4.035148,76.306367,True
KVAL0012,193,6.735188,LShoulder,0.10921,-0.00936,0.020025,-0.10695,3.943078,74.853056,True
KVAL0012,194,6.768522,LShoulder,0.152226,-0.03297,0.01599,-0.14775,1.068318,98.712904,False
KVAL0012,195,6.801866,LShoulder,0.047403,-0.02304,-0.003825,-0.04125,2.707564,46.139044,False
KVAL0012,196,6.8352,LShoulder,0.050955,-0.02748,0.028305,0.03225,3.895539,17.211722,False
KVAL0012,197,6.868511,LShoulder,0.221541,-0.036735,0.058665,0.21045,2.847141,106.930751,False
KVAL0012,198,6.901844,LShoulder,0.216768,0.051495,0.059265,0.20205,3.434853,93.782947,True
KVAL0012,199,6.935166,LShoulder,0.082382,0.076395,0.02757,0.0138,3.466775,66.570275,True
KVAL0012,200,6.9685,LShoulder,0.02208,0.013545,-0.004095,-0.01695,2.321631,63.711886,True
KVAL0012,201,7.001844,LShoulder,0.095192,-0.02055,-0.09279,0.0054,3.077972,30.715794,True
KVAL0012,202,7.035177,LShoulder,0.201009,-0.08007,-0.18366,0.0162,0.51611,79.244566,True
KVAL0012,203,7.068511,LShoulder,0.108363,-0.054375,-0.093,0.0117,2.735433,34.285404,True
KVAL0012,204,7.101855,LShoulder,0.154957,0.039825,-0.091755,0.11835,1.979154,48.835255,True
KVAL0012,205,7.135177,LShoulder,0.147973,0.032505,-0.092295,0.111,1.077335,36.185906,True
KVAL0012,206,7.168522,LShoulder,0.08432,0.02676,-0.05499,0.05805,0.676073,19.698347,True
KVAL0012,207,7.201844,LShoulder,0.135539,-0.008055,-0.07287,0.114,1.116617,28.277365,True
KVAL0012,208,7.235177,LShoulder,0.080284,-0.035865,-0.01653,0.0699,1.866296,39.327656,True
KVAL0012,209,7.268511,LShoulder,0.014502,-0.001035,0.001365,0.0144,2.19009,86.147479,True
KVAL0012,210,7.301855,LShoulder,0.178571,-0.092625,-0.147525,0.0393,4.127538,59.710568,True
KVAL0012,211,7.335177,LShoulder,0.279731,-0.107295,-0.23391,0.10965,1.858616,146.277426,True
KVAL0012,212,7.368511,LShoulder,0.111818,-0.017895,-0.063045,0.0906,5.646123,36.74946,True
KVAL0012,213,7.401833,LShoulder,0.113712,0.044025,0.10098,0.0282,3.228985,79.670602,True
KVAL0012,214,7.435166,LShoulder,0.136071,0.09279,0.09948,0.003,1.163801,58.498442,True
KVAL0012,215,7.4685,LShoulder,0.142091,0.102885,0.09549,-0.02205,0.976925,51.095128,True
KVAL0012,216,7.501844,LShoulder,0.084038,0.037905,0.072465,-0.01935,2.541878,15.562836,True
KVAL0012,217,7.535166,LShoulder,0.036486,-0.03588,-0.00054,-0.0066,1.508371,39.070837,True
KVAL0012,218,7.568511,LShoulder,0.018916,-0.01488,-0.01143,-0.0024,0.684077,16.340638,True
KVAL0012,219,7.601833,LShoulder,0.039994,-0.01128,-0.03837,0.0,0.442348,16.480411,True
KVAL0012,220,7.635177,LShoulder,0.045343,-0.02352,-0.03825,0.0063,0.416829,21.09183,True
KVAL0012,221,7.6685,LShoulder,0.032271,-0.02793,-0.01614,-0.0009,1.147199,36.259559,True
KVAL0012,222,7.701844,LShoulder,0.081046,-0.073065,0.002895,-0.03495,2.614299,13.996142,True
KVAL0012,223,7.735177,LShoulder,0.194531,-0.15042,0.003615,-0.1233,1.384629,75.858512,True
KVAL0012,224,7.768511,LShoulder,0.170879,-0.14145,-0.01215,-0.0951,2.44621,51.619297,True
KVAL0012,225,7.801844,LShoulder,0.040334,-0.03984,-0.005055,-0.00375,2.08179,34.323333,True
KVAL0012,226,7.835188,LShoulder,0.035314,-0.01965,-0.003765,-0.0291,0.336734,18.572989,True
KVAL0012,227,7.8685,LShoulder,0.019639,-0.01803,-0.00144,-0.00765,1.000235,4.430737,True
KVAL0012,228,7.901844,LShoulder,0.032184,0.02136,0.01122,0.0213,0.601606,25.731646,True
KVAL0012,229,7.935166,LShoulder,0.023443,0.01986,0.01143,-0.00495,0.745608,10.537105,True
KVAL0012,230,7.968511,LShoulder,0.0273,0.00432,0.009165,-0.02535,0.223325,17.444809,True
KVAL0012,231,8.001833,LShoulder,0.021237,0.01299,0.01488,0.0078,0.701954,14.655923,True
KVAL0012,232,8.035177,LShoulder,0.060348,0.026265,0.050235,-0.0207,0.841351,21.437108,True
KVAL0012,233,8.068511,LShoulder,0.060309,0.006585,0.046035,-0.0384,0.80485,26.229111,True
KVAL0012,234,8.101855,LShoulder,0.015019,-0.00201,0.013485,0.0063,0.914612,15.602683,True
KVAL0012,235,8.135177,LShoulder,0.032527,0.0198,0.02067,0.01545,0.434189,17.420744,True
KVAL0012,236,8.168522,LShoulder,0.03559,0.023235,0.018615,0.0195,0.372555,14.286247,True
KVAL0012,237,8.201833,LShoulder,0.012377,0.008595,0.008385,-0.003,0.547781,6.810544,True
KVAL0012,238,8.235166,LShoulder,0.01016,0.0036,0.004965,-0.0081,0.209714,12.735185,True
KVAL0012,239,8.268511,LShoulder,0.008499,0.003045,0.001455,0.0078,0.390437,2.242953,True
KVAL0012,240,8.301844,LShoulder,0.017439,0.00306,-0.00153,0.0171,0.078513,9.706801,True
KVAL0012,241,8.335166,LShoulder,0.009829,0.0003,-0.002685,0.00945,0.261645,2.985363,True
KVAL0012,242,8.368511,LShoulder,7.6e-05,1.5e-05,7.5e-05,0.0,0.147484,3.925939,True
KVAL0012,243,8.401833,LShoulder,2.1e-05,1.5e-05,1.5e-05,0.0,0.0009,2.213097,True
KVAL0012,244,8.435166,LShoulder,2.1e-05,1.5e-05,1.5e-05,0.0,0.000318,0.010673,True
KVAL0012,245,8.4685,LShoulder,0.0,0.0,0.0,0.0,0.000318,0.63415,True
KVAL0012,246,8.501833,LShoulder,0.0,0.0,0.0,0.0,0.042065,0.640548,True
KVAL0012,247,8.535166,LShoulder,0.002804,0.001245,0.00138,0.0021,0.042489,14.037143,True
KVAL0012,248,8.568511,LShoulder,0.002833,0.001275,0.00141,0.0021,0.898832,19.080338,True
KVAL0012,249,8.601844,LShoulder,0.057488,-0.031395,0.0009,-0.04815,1.234761,23.490367,True
KVAL0012,250,8.635188,LShoulder,0.079856,-0.06087,-0.007455,-0.05115,0.751004,37.029091,True
KVAL0012,251,8.668511,LShoulder,0.034267,-0.031995,-0.01227,0.00015,1.237033,13.637159,True
KVAL0012,252,8.701844,LShoulder,0.008622,-0.0027,-0.0039,0.0072,0.515479,19.286527,True
KVAL0012,253,8.735177,LShoulder,0.004053,-0.00015,4.5e-05,0.00405,0.12785,13.118649,True
KVAL0012,254,8.768522,LShoulder,0.000162,6e-05,1.5e-05,0.00015,0.766218,28.033609,True
KVAL0012,255,8.801844,LShoulder,0.052092,0.02172,-0.04449,0.0162,1.767257,23.976498,True
KVAL0012,256,8.835188,LShoulder,0.117885,0.010185,-0.10149,0.0591,0.984342,59.920454,True
KVAL0012,257,8.8685,LShoulder,0.051552,-0.03987,-0.022965,0.02325,2.247335,31.580179,True
KVAL0012,258,8.901844,LShoulder,0.041507,-0.03048,0.01791,-0.02175,1.194405,50.012743,True
KVAL0012,259,8.935166,LShoulder,0.058802,0.0186,-0.050775,-0.0231,1.120535,36.296623,True
KVAL0012,260,8.9685,LShoulder,0.038402,0.01008,-0.03516,0.0117,1.330932,26.464601,True
KVAL0012,261,9.001833,LShoulder,0.037847,-0.006525,0.01074,0.0357,0.71337,30.726896,True
KVAL0012,262,9.035166,LShoulder,0.012286,0.00405,0.011205,0.003,0.774984,15.917087,True
KVAL0012,263,9.068511,LShoulder,0.02146,-0.01242,-0.01527,-0.00855,0.455408,19.353551,True
KVAL0012,264,9.101844,LShoulder,0.02166,-0.01677,-0.00993,0.00945,0.519846,11.540663,True
KVAL0012,265,9.135177,LShoulder,0.019411,-0.00438,0.00531,0.01815,0.324895,16.206605,True
KVAL0012,266,9.168511,LShoulder,0.0,0.0,0.0,0.0,0.637248,5.794422,True
KVAL0012,267,9.201833,LShoulder,0.024513,0.000915,0.004905,-0.024,0.453524,27.568785,True
KVAL0012,268,9.235177,LShoulder,0.030235,0.0015,0.00546,-0.0297,1.935546,30.861219,True
KVAL0012,269,9.2685,LShoulder,0.142337,0.03882,0.122505,-0.0612,2.364506,90.529075,True
KVAL0012,270,9.301844,LShoulder,0.180865,0.11196,0.050145,-0.1329,4.224223,99.057755,True
KVAL0012,271,9.335166,LShoulder,0.162501,0.076095,-0.1386,0.0375,4.268605,108.302414,True
KVAL0012,272,9.368511,LShoulder,0.105612,-0.044295,-0.038625,0.08775,6.186332,19.247595,True
KVAL0012,273,9.401844,LShoulder,0.398798,-0.2898,-0.153015,0.22725,4.395805,259.286279,True
KVAL0012,274,9.435177,LShoulder,0.393099,-0.237915,-0.18222,0.2544,12.102027,247.611011,True
KVAL0012,275,9.468511,LShoulder,0.476239,0.03555,0.1143,-0.46095,12.472072,255.379842,True
KVAL0012,276,9.501844,LShoulder,0.487117,0.034035,0.120105,-0.47085,5.171524,262.010256,True
KVAL0012,277,9.535177,LShoulder,0.156554,-0.02841,0.09279,-0.12285,5.192709,65.030209,True
KVAL0012,278,9.568511,LShoulder,0.152455,-0.01296,0.077745,-0.1305,2.49355,57.158128,True
KVAL0012,279,9.601833,LShoulder,0.053727,0.003885,-0.042795,-0.03225,2.433965,41.84104,True
KVAL0012,280,9.635166,LShoulder,0.062888,-0.03012,-0.04728,-0.0285,0.576547,11.617439,True
KVAL0012,281,9.6685,LShoulder,0.025076,-0.01485,-0.01476,-0.0138,1.905416,34.701151,True
KVAL0012,282,9.701844,LShoulder,0.155523,-0.065715,-0.12471,0.0657,2.173185,62.320213,True
KVAL0012,283,9.735166,LShoulder,0.15547,-0.06561,-0.12462,0.06585,2.334107,68.190372,True
KVAL0012,284,9.768511,LShoulder,0.000226,0.00012,0.00012,0.00015,2.417501,37.223415,True
KVAL0012,285,9.801844,LShoulder,0.065566,-0.01146,-0.033225,-0.05535,0.961118,41.2999,True
KVAL0012,286,9.835177,LShoulder,0.063882,-0.004605,-0.02454,-0.0588,1.037992,18.007728,True
KVAL0012,287,9.8685,LShoulder,0.011621,0.00687,0.008715,-0.00345,0.819872,30.998803,True
KVAL0012,288,9.901833,LShoulder,0.0881,0.005025,0.022425,-0.08505,1.274677,82.720405,True
KVAL0012,289,9.935177,LShoulder,0.090931,0.007425,0.027825,-0.08625,5.156043,79.221717,True
KVAL0012,290,9.968511,LShoulder,0.265099,-0.04071,0.070995,0.25215,4.053958,156.097852,True
KVAL0012,291,10.001844,LShoulder,0.190828,0.03165,0.04689,0.18225,5.321944,103.410085,True
KVAL0012,292,10.035188,LShoulder,0.104885,0.074805,-0.018705,-0.0711,2.861896,74.220802,True
KVAL0012,293,10.068511,LShoulder,0.023334,0.022725,0.00402,-0.00345,1.199497,23.731206,True
KVAL0012,294,10.101855,LShoulder,0.140543,0.045495,0.026295,-0.13035,1.52633,89.491371,True
KVAL0012,295,10.135177,LShoulder,0.107777,0.02007,0.02238,-0.1035,5.209595,126.026853,True
KVAL0012,296,10.168511,LShoulder,0.225533,-0.00801,0.089175,0.207,7.157995,106.917717,True
KVAL0012,297,10.201844,LShoulder,0.410403,0.151425,0.224685,0.30825,4.026809,159.981375,True
KVAL0012,298,10.235177,LShoulder,0.348006,0.254355,0.14325,0.18945,3.922645,94.541554,True
KVAL0012,299,10.2685,LShoulder,0.257719,0.22257,0.080295,0.10215,2.681406,79.429487,True
KVAL0012,300,10.301844,LShoulder,0.18328,0.134955,0.029505,0.12045,3.650805,32.281406,True
KVAL0012,301,10.335166,LShoulder,0.110339,0.00936,-0.03708,0.1035,1.588963,72.214786,True
KVAL0012,302,10.3685,LShoulder,0.10059,0.044385,0.05484,0.0717,1.509573,20.673096,True
KVAL0012,303,10.401833,LShoulder,0.087793,0.04095,0.048375,0.06075,1.444885,34.489293,True
KVAL0012,304,10.435177,LShoulder,0.010318,-0.004125,-0.00039,0.00945,1.316895,21.401347,True
KVAL0012,305,10.468511,LShoulder,0.0,0.0,0.0,0.0,0.048032,29.136265,True
KVAL0012,306,10.501844,LShoulder,0.007153,-0.002685,-0.00063,0.0066,0.750175,9.009309,True
KVAL0012,307,10.535166,LShoulder,0.050012,0.007125,-0.00039,0.0495,0.567842,23.433476,True
KVAL0012,308,10.5685,LShoulder,0.042827,0.009,0.014445,0.0393,0.830085,11.876936,True
KVAL0012,309,10.601844,LShoulder,0.016739,0.003045,0.016155,-0.00315,0.633583,16.088696,True
KVAL0012,310,10.635177,LShoulder,0.061509,0.05016,0.00594,0.0351,0.699369,16.947617,True
KVAL0012,311,10.6685,LShoulder,0.044741,0.04161,-0.007365,-0.0147,0.617454,24.644948,True
KVAL0012,312,10.701844,LShoulder,0.023275,0.02097,0.00801,0.00615,1.115282,4.206925,True
KVAL0012,313,10.735166,LShoulder,0.061212,0.024765,0.02436,0.0504,0.472488,56.093943,True
KVAL0012,314,10.768511,LShoulder,0.011104,-0.003765,-0.00285,-0.01005,2.984508,35.546574,True
KVAL0012,315,10.801844,LShoulder,0.142005,-0.10752,-0.033375,-0.08655,2.842237,62.915711,True
KVAL0012,316,10.835177,LShoulder,0.198729,-0.151545,-0.06927,-0.1083,1.287333,95.746372,True
KVAL0012,317,10.8685,LShoulder,0.06946,-0.04689,-0.04374,-0.0267,3.577884,25.086737,True
KVAL0012,318,10.901833,LShoulder,0.065245,0.03516,0.05079,-0.021,1.580399,69.661316,True
KVAL0012,319,10.935177,LShoulder,0.052029,0.019905,0.03768,-0.02985,1.236802,41.197947,True
KVAL0012,320,10.968511,LShoulder,0.022214,-0.015435,-0.0132,-0.009,1.25712,4.090494,True
KVAL0012,321,11.001833,LShoulder,0.061403,-0.057495,0.00696,-0.0204,1.238925,34.181814,True
KVAL0012,322,11.035166,LShoulder,0.099466,-0.05316,-0.0828,0.01455,2.017421,8.977115,True
KVAL0012,323,11.0685,LShoulder,0.116969,-0.01746,-0.112605,0.0264,0.665802,33.090192,True
KVAL0012,324,11.101833,LShoulder,0.143838,-0.07764,-0.11943,0.01995,0.528223,29.681985,True
KVAL0012,325,11.135166,LShoulder,0.125688,-0.0495,-0.108255,0.04035,1.496167,132.474112,True
KVAL0012,326,11.1685,LShoulder,0.115491,-0.01386,-0.077715,0.0843,8.543458,210.183453,True
KVAL0012,327,11.201833,LShoulder,0.547563,0.026085,-0.16566,-0.52125,13.118363,156.960104,True
KVAL0012,328,11.235166,LShoulder,0.797631,0.1203,-0.12429,-0.77865,3.92292,274.024485,True
KVAL0012,329,11.268511,LShoulder,0.470967,0.05511,0.086835,-0.4596,7.143818,51.146413,True
KVAL0012,330,11.301844,LShoulder,0.594898,0.08142,0.27462,-0.5214,1.585625,169.907167,True
KVAL0012,331,11.335166,LShoulder,0.392217,0.011565,0.12555,-0.3714,7.655176,12.02297,False
KVAL0012,332,11.368511,LShoulder,0.23425,-0.118425,-0.060795,-0.19275,2.07288,184.937088,False
KVAL0012,333,11.401833,LShoulder,0.360915,-0.06405,0.206625,-0.2889,14.016822,233.048212,False
KVAL0012,334,11.435177,LShoulder,0.736011,-0.07098,0.12435,0.72195,16.26833,437.34722,False
KVAL0012,335,11.4685,LShoulder,0.762282,-0.037845,-0.077865,0.75735,15.141752,428.319201,True
KVAL0012,336,11.501833,LShoulder,0.311764,-0.14493,-0.08349,-0.2631,12.741064,352.241101,True
KVAL0012,337,11.535166,LShoulder,0.232183,-0.172005,-0.134175,-0.0795,8.492,341.536998,True
KVAL0012,338,11.5685,LShoulder,0.315975,-0.058965,-0.09225,0.2964,10.203649,131.671254,True
KVAL0012,339,11.601844,LShoulder,0.551639,0.003885,0.059565,0.5484,3.521476,243.662179,True
KVAL0012,340,11.635177,LShoulder,0.336043,0.054225,0.112845,0.31185,6.494277,85.143457,True
KVAL0012,341,11.6685,LShoulder,0.148236,0.028905,0.08631,0.117,4.510194,56.547627,True
KVAL0012,342,11.701844,LShoulder,0.166987,0.008775,0.16563,0.01935,3.342929,90.846462,True
KVAL0012,343,11.735177,LShoulder,0.093629,-0.01146,0.01782,-0.0912,4.082895,90.009438,True
KVAL0012,344,11.768511,LShoulder,0.114499,0.046365,-0.098085,-0.0366,2.941215,99.847717,True
KVAL0012,345,11.801844,LShoulder,0.111159,0.071295,-0.02802,0.08055,2.7624,70.704925,True
KVAL0012,346,11.835177,LShoulder,0.080954,-0.05928,0.051735,-0.01905,1.87229,74.749643,True
KVAL0012,347,11.868511,LShoulder,0.035585,-0.016845,-0.03036,-0.0078,2.315925,52.591365,True
KVAL0012,348,11.901844,LShoulder,0.073537,0.05034,-0.050805,0.0171,2.808897,66.067377,True
KVAL0012,349,11.935166,LShoulder,0.158986,0.06987,0.121065,-0.07575,2.57363,86.083906,True
KVAL0012,350,11.9685,LShoulder,0.135794,0.067815,0.116355,-0.0174,3.082267,69.083477,True
KVAL0012,351,12.001844,LShoulder,0.080072,0.04302,-0.030705,0.06015,2.218601,67.538271,True
KVAL0012,352,12.035177,LShoulder,0.130223,0.11799,-0.00243,0.05505,1.425369,56.859357,True
KVAL0012,353,12.0685,LShoulder,0.076026,0.06345,0.04182,0.00225,1.636758,23.309432,True
KVAL0012,354,12.101833,LShoulder,0.078529,0.04791,0.06219,0.00195,1.036685,34.358546,True
KVAL0012,355,12.135166,LShoulder,0.089872,0.013305,0.087555,0.0153,0.694898,48.0897,True
KVAL0012,356,12.168511,LShoulder,0.073112,0.06825,0.02229,0.0138,2.169683,25.658543,True
KVAL0012,357,12.201833,LShoulder,0.121304,0.12027,-0.00498,-0.015,1.090798,74.662539,True
KVAL0012,358,12.235177,LShoulder,0.062224,0.01659,0.053775,-0.02655,2.880252,20.815818,True
KVAL0012,359,12.268511,LShoulder,0.093335,-0.054285,0.07497,-0.012,1.252465,53.912107,True
KVAL0012,360,12.301855,LShoulder,0.065882,-0.057435,0.031845,0.00525,1.0798,21.248507,True
KVAL0012,361,12.335166,LShoulder,0.048403,-0.035925,0.01752,0.0273,0.473707,23.511242,True
KVAL0012,362,12.3685,LShoulder,0.051204,-0.0381,0.020415,0.02745,0.945774,15.721872,True
KVAL0012,363,12.401844,LShoulder,0.027525,-0.00495,0.006015,-0.0264,0.875571,22.009938,True
KVAL0012,364,12.435177,LShoulder,0.024892,-0.01515,-0.00813,-0.018,0.602438,16.591069,True
KVAL0012,365,12.4685,LShoulder,0.019064,-0.013065,-0.01017,0.00945,0.373751,15.386005,True
KVAL0012,366,12.501833,LShoulder,7.5e-05,0.0,7.5e-05,0.0,0.490122,6.845409,True
KVAL0012,367,12.535177,LShoulder,0.013771,0.0093,0.00903,-0.00465,0.177713,11.07819,True
KVAL0012,368,12.568511,LShoulder,0.011896,0.00114,0.007695,-0.009,0.384241,13.146859,True
KVAL0012,369,12.601833,LShoulder,0.021895,-0.000135,-0.009345,-0.0198,0.842526,16.007752,True
KVAL0012,370,12.635177,LShoulder,0.05631,0.018555,-0.03708,-0.0381,0.810631,33.093428,True
KVAL0012,371,12.6685,LShoulder,0.039691,0.01632,-0.019065,0.03075,1.420204,31.244049,True
KVAL0012,372,12.701844,LShoulder,0.044241,0.008715,0.01386,0.0411,1.369391,32.130695,True
KVAL0012,373,12.735177,LShoulder,0.073527,0.04083,-0.02175,-0.05715,0.767317,47.039983,True
KVAL0012,374,12.768511,LShoulder,0.038384,0.031395,-0.01974,0.0099,1.786518,14.162879,True
KVAL0012,375,12.801833,LShoulder,0.050305,-0.00453,0.003885,0.04995,1.041707,50.819325,True
KVAL0012,376,12.835166,LShoulder,0.066508,0.030135,-0.008685,-0.05865,1.617468,26.333097,True
KVAL0012,377,12.868511,LShoulder,0.058498,0.019695,-0.009255,-0.0543,0.751473,33.81067,True
KVAL0012,378,12.901844,LShoulder,0.018688,0.013215,-0.00642,-0.01155,0.653632,7.634851,True
KVAL0012,379,12.935166,LShoulder,0.02462,0.02163,-0.003885,-0.0111,0.312569,11.331715,True
KVAL0012,380,12.968511,LShoulder,0.004415,-0.00258,-0.00318,0.00165,0.416917,12.228917,True
KVAL0012,381,13.001844,LShoulder,0.011075,-0.006015,-0.00429,-0.00825,0.955903,24.741001,True
KVAL0012,382,13.035177,LShoulder,0.064556,0.003225,0.01059,0.0636,1.280785,41.08483,True
KVAL0012,383,13.068511,LShoulder,0.076543,0.07068,-0.00276,0.02925,1.893427,36.427745,True
KVAL0012,384,13.101844,LShoulder,0.079017,0.063855,-0.01443,-0.04425,1.149833,45.105193,True
KVAL0012,385,13.135166,LShoulder,0.000128,-0.00012,4.5e-05,0.0,1.185261,17.272808,True
KVAL0012,386,13.168511,LShoulder,0.0,0.0,0.0,0.0,0.001922,17.776186,True
KVAL0012,387,13.201844,LShoulder,0.0,0.0,0.0,0.0,0.000225,0.032018,True
KVAL0012,388,13.235177,LShoulder,1.5e-05,-1.5e-05,0.0,0.0,0.000225,0.00675,True
KVAL0012,389,13.2685,LShoulder,1.5e-05,-1.5e-05,0.0,0.0,0.000225,0.00675,True
KVAL0012,390,13.301833,LShoulder,0.0,0.0,0.0,0.0,0.000225,0.003375,True
KVAL0012,391,13.335166,LShoulder,0.0,0.0,0.0,0.0,0.0,5.032741,True
KVAL0012,392,13.3685,LShoulder,0.0,0.0,0.0,0.0,0.335705,4.627903,True
KVAL0012,393,13.401844,LShoulder,0.02238,0.01875,-0.00477,0.01125,0.308527,10.52201,True
KVAL0012,394,13.435177,LShoulder,0.020568,0.01827,-0.004605,0.00825,0.366568,9.007716,True
KVAL0012,395,13.468511,LShoulder,0.003043,-0.00048,0.000165,-0.003,0.29201,6.305234,True
KVAL0012,396,13.501855,LShoulder,0.001155,0.00084,-0.000255,0.00075,0.058022,4.221363,True
KVAL0012,397,13.535166,LShoulder,0.001559,0.00153,-1.5e-05,0.0003,0.019744,1.141728,True
KVAL0012,398,13.5685,LShoulder,0.000839,0.00066,0.000255,-0.00045,0.023833,0.423223,True
KVAL0012,399,13.601844,LShoulder,3.4e-05,-3e-05,1.5e-05,0.0,0.012578,0.364203,True
KVAL0012,400,13.635177,LShoulder,0.0,0.0,0.0,0.0,0.000503,0.188668,True
KVAL0012,401,13.6685,LShoulder,0.0,0.0,0.0,0.0,0.0,0.007547,True
KVAL0012,402,13.701844,LShoulder,0.0,0.0,0.0,0.0,0.0,0.0,True
KVAL0012,403,13.735166,LShoulder,0.0,0.0,0.0,0.0,0.0,0.0,True
KVAL0012,404,13.768511,LShoulder,0.0,0.0,0.0,0.0,0.0,0.0,True
KVAL0012,405,13.801844,LShoulder,0.0,0.0,0.0,0.0,0.0,2.7288,True
KVAL0012,406,13.835177,LShoulder,0.0,0.0,0.0,0.0,0.18192,2.957727,True
KVAL0012,407,13.868522,LShoulder,0.012128,0.004515,-0.000375,0.01125,0.197182,5.202566,True
KVAL0012,408,13.901855,LShoulder,0.013145,0.004995,-0.00048,0.01215,0.164919,5.889444,True
KVAL0012,409,13.935188,LShoulder,0.001136,0.00042,-0.000105,0.00105,0.195451,2.218908,True
KVAL0012,410,13.968533,LShoulder,0.000162,-6e-05,0.0,0.00015,0.017036,2.90604,True
KVAL0012,411,14.001866,LShoulder,0.0,0.0,0.0,0.0,0.002423,0.255543,True
KVAL0012,412,14.035166,LShoulder,0.0,0.0,0.0,0.0,0.0,0.03635,True
KVAL0012,413,14.0685,LShoulder,0.0,0.0,0.0,0.0,0.0,18.117741,True
KVAL0012,414,14.101833,LShoulder,0.0,0.0,0.0,0.0,1.207849,18.117741,True
KVAL0012,415,14.135177,LShoulder,0.080523,0.00615,0.014865,0.0789,1.207849,36.267308,True
KVAL0012,416,14.1685,LShoulder,0.080523,0.00615,0.014865,0.0789,1.209971,36.267308,True
KVAL0012,417,14.201844,LShoulder,0.000153,0.0,3e-05,-0.00015,1.209971,18.181407,True
KVAL0012,418,14.235166,LShoulder,0.000153,0.0,3e-05,-0.00015,0.002295,18.181407,True
KVAL0012,419,14.268511,LShoulder,0.0,0.0,0.0,0.0,0.002295,5.73614,True
KVAL0012,420,14.301833,LShoulder,0.0,0.0,0.0,0.0,0.380332,5.748854,True
KVAL0012,421,14.335177,LShoulder,0.025355,-0.001095,-0.006045,-0.0246,0.381189,9.923918,True
KVAL0012,422,14.3685,LShoulder,0.025413,-0.000975,-0.0063,-0.0246,0.288173,2.999473,True
KVAL0012,423,14.401833,LShoulder,0.008866,0.001275,-0.006795,-0.00555,0.291347,7.6746,True
KVAL0012,424,14.435166,LShoulder,0.043225,0.008385,-0.009825,-0.04125,0.252998,15.185006,True
KVAL0012,425,14.4685,LShoulder,0.019694,-0.00918,-0.0009,-0.0174,0.754083,16.756738,True
KVAL0012,426,14.501833,LShoulder,0.01407,0.01089,0.0063,0.0063,0.970682,31.077439,True
KVAL0012,427,14.535177,LShoulder,0.060154,0.0546,0.00783,-0.024,1.596213,26.648962,True
