1|1|963.692,931.534|971.755,833.817|976.681,765.5|983.675,636.699|1002,658.285|1081.6,677.404|1129.85,845.644|1005.61,807.116|957.891,800.869|888.719,780.083|921.07,766.245|963.18,656.256|892.425,663.716|772.587,722.9|866.06,721.332|909.537,694.892|969.253,710.625|946.058,703.528|1031.6,933.625|1061.29,805.681|1040.89,1295.48|1071.34,1605.47|903.166,929.922|789.783,779.918|782.642,1247.01|723.355,1487.18|986.297,589.974|965.486,557.269|979.709,535.56|1023.32,543.206|949.285,544.859|932.676,565.084
2|1|961.863,931.452|970.241,833.653|975.374,765.344|982.596,635.693|1001,657.478|1081.04,677.612|1129.35,848.391|998.965,810.18|954.744,802.185|886.49,777.181|916.675,764.646|961.934,655.325|891.205,663.671|772.343,720.985|869.65,715.807|902.42,695.914|989.029,697.915|939.181,697.036|1030.35,933.698|1062.71,799.295|1042.51,1291.36|1075.83,1604.38|900.812,929.706|789.102,776.312|781.328,1249.15|723.744,1494.5|985.378,588.668|975.623,563.226|992.713,541.543|1031.31,550.119|960.552,544.887|936.484,553.305
3|1|960.071,933.993|969.646,835.857|975.502,767.858|982.845,637.292|1001.35,659.221|1082.12,677.707|1128.42,850.824|995.884,810.489|953.482,802.449|885.552,775.759|913.901,763.55|962.056,657.083|890.4,664.322|771.037,721.21|867.582,716.471|902.752,695.189|992.071,698.228|931.554,695.159|1029.06,936.268|1061.72,788.681|1039.06,1278.8|1069.16,1594.23|898.673,932.228|787.959,769.318|776.219,1241.31|716.31,1489.33|985.612,589.958|975.766,563.013|992.889,541.492|1031.69,550.954|960.552,544.945|936.351,554.546
4|1|960.071,933.993|969.646,835.857|975.502,767.858|982.845,637.292|1001.35,659.221|1082.12,677.707|1128.42,850.823|995.885,810.489|953.484,802.45|885.554,775.76|913.903,763.551|962.056,657.083|890.4,664.322|771.038,721.21|867.584,716.471|902.755,695.189|992.074,698.228|931.558,695.159|1029.06,936.268|1061.72,788.679|1039.06,1278.79|1069.16,1594.22|898.673,932.227|787.958,769.317|776.218,1241.31|716.308,1489.32|985.612,589.958|975.767,563.012|992.889,541.491|1031.69,550.954|960.553,544.944|936.352,554.546
5|1|961.396,934.263|970.068,836.092|975.378,768.658|982.727,637.756|1001.29,659.717|1082.33,677.276|1128.21,850.814|995.6,810.386|953.88,802.985|885.814,775.696|913.619,763.489|961.887,657.593|890.009,664.183|770.878,721.926|866.689,717.817|903.649,695.26|991.897,697.439|932.865,695.205|1030.79,936.24|1062.57,781.878|1041.43,1272.06|1072.59,1588.58|899.58,932.766|786.22,763.945|776.693,1235.27|717.543,1484.03|985.473,590.318|973.567,562.025|992.265,541.346|1032.92,552.904|959.806,543.617|937.672,553.049
6|1|961.396,934.263|970.068,836.092|975.378,768.658|982.727,637.756|1001.29,659.717|1082.33,677.276|1128.21,850.814|995.6,810.386|953.88,802.985|885.814,775.696|913.619,763.489|961.887,657.593|890.009,664.183|770.878,721.926|866.689,717.817|903.649,695.26|991.897,697.439|932.865,695.205|1030.79,936.24|1062.57,781.878|1041.43,1272.06|1072.59,1588.58|899.58,932.766|786.22,763.945|776.693,1235.27|717.543,1484.03|985.473,590.318|973.567,562.025|992.265,541.346|1032.92,552.904|959.806,543.617|937.672,553.049
7|1|961.312,929.461|969.773,833.793|975.022,768.256|983.248,637.564|1001.63,659.657|1082.43,679.045|1125.96,852.708|993.746,812.704|953.782,803.757|886.232,775.317|913.401,763.592|962.29,657.209|890.533,663.941|769.252,723.823|857.055,726.117|907.941,685.648|986.074,677.895|931.662,710.72|1030.78,931.839|1065.1,771.118|1043.66,1256.5|1076.56,1571.27|899.376,927.605|789.488,751.646|779.64,1217.7|722.765,1464.2|986.374,590.198|980.168,556.882|994.136,536.088|1029.4,547.602|962.258,541.803|934.391,558.661
8|1|961.312,929.465|969.773,833.794|975.02,768.254|983.246,637.56|1001.63,659.654|1082.43,679.044|1125.96,852.708|993.742,812.704|953.778,803.757|886.229,775.315|913.398,763.59|962.289,657.206|890.532,663.939|769.256,723.832|857.068,726.139|907.963,685.681|986.105,677.956|931.676,710.752|1030.78,931.842|1065.11,771.12|1043.67,1256.51|1076.58,1571.28|899.375,927.608|789.498,751.645|779.643,1217.7|722.769,1464.2|986.373,590.194|980.159,556.922|994.132,536.115|1029.41,547.602|962.252,541.829|934.391,558.651
9|1|961.312,929.465|969.773,833.794|975.02,768.254|983.246,637.56|1001.63,659.654|1082.43,679.044|1125.96,852.708|993.742,812.704|953.778,803.757|886.229,775.315|913.398,763.59|962.289,657.206|890.532,663.939|769.256,723.832|857.068,726.139|907.963,685.681|986.105,677.956|931.676,710.752|1030.78,931.842|1065.11,771.12|1043.67,1256.51|1076.58,1571.28|899.375,927.608|789.498,751.645|779.643,1217.7|722.769,1464.2|986.373,590.194|980.159,556.922|994.132,536.115|1029.41,547.602|962.252,541.829|934.391,558.651
10|1|961.312,929.465|969.773,833.794|975.02,768.254|983.246,637.56|1001.63,659.654|1082.43,679.044|1125.96,852.708|993.742,812.704|953.778,803.757|886.229,775.315|913.398,763.59|962.289,657.206|890.532,663.939|769.256,723.832|857.068,726.139|907.963,685.681|986.105,677.956|931.676,710.752|1030.78,931.842|1065.11,771.12|1043.67,1256.51|1076.58,1571.28|899.375,927.608|789.498,751.645|779.643,1217.7|722.769,1464.2|986.373,590.194|980.159,556.922|994.132,536.115|1029.41,547.602|962.252,541.829|934.391,558.651
11|1|961.947,935.629|970.401,837.683|975.586,770.24|982.75,638.554|1001.42,660.647|1083.27,677.953|1124.6,853.487|988.573,814.313|953.983,805.457|887.256,773.813|910.936,762.416|961.838,658.531|889.688,664.834|769.73,722.296|852.245,730.444|904.054,675.237|982.403,673.699|930.211,712.445|1031.75,937.79|1063.49,764.983|1044.76,1246.65|1080.58,1557.65|899.735,933.969|793.247,748.29|782.862,1211.25|726.122,1453.52|985.496,590.849|964.28,567.807|989.403,548.861|1037.5,562.713|957.349,545.448|945.352,545.507
12|1|961.951,935.627|970.405,837.679|975.589,770.234|982.759,638.546|1001.43,660.641|1083.28,677.953|1124.6,853.49|988.576,814.312|953.947,805.456|887.229,773.818|910.923,762.421|961.846,658.522|889.698,664.824|769.753,722.3|852.295,730.464|904.141,675.278|982.512,673.802|930.289,712.492|1031.76,937.791|1063.51,764.983|1044.77,1246.65|1080.61,1557.66|899.738,933.965|793.265,748.28|782.873,1211.25|726.138,1453.52|985.508,590.84|964.379,567.663|989.464,548.725|1037.5,562.63|957.401,545.35|945.317,545.545
13|1|961.951,935.627|970.405,837.679|975.589,770.234|982.759,638.546|1001.43,660.641|1083.28,677.953|1124.6,853.49|988.576,814.312|953.947,805.456|887.229,773.818|910.923,762.421|961.846,658.522|889.698,664.824|769.753,722.3|852.295,730.464|904.141,675.278|982.512,673.802|930.289,712.492|1031.76,937.791|1063.51,764.983|1044.77,1246.65|1080.61,1557.66|899.738,933.965|793.265,748.28|782.873,1211.25|726.138,1453.52|985.508,590.84|964.379,567.663|989.464,548.725|1037.5,562.63|957.401,545.35|945.317,545.545
14|1|961.951,935.627|970.405,837.679|975.589,770.234|982.759,638.546|1001.43,660.641|1083.28,677.953|1124.6,853.49|988.576,814.312|953.947,805.456|887.229,773.818|910.923,762.421|961.846,658.522|889.698,664.824|769.753,722.3|852.296,730.464|904.143,675.278|982.514,673.804|930.291,712.493|1031.76,937.791|1063.51,764.983|1044.77,1246.65|1080.61,1557.66|899.738,933.965|793.265,748.28|782.873,1211.25|726.138,1453.52|985.508,590.84|964.381,567.661|989.466,548.723|1037.5,562.628|957.402,545.348|945.316,545.546
15|1|961.951,935.627|970.405,837.678|975.59,770.233|982.76,638.545|1001.43,660.64|1083.28,677.953|1124.6,853.49|988.576,814.312|953.948,805.456|887.23,773.817|910.924,762.42|961.847,658.521|889.699,664.823|769.756,722.3|852.302,730.466|904.153,675.282|982.527,673.814|930.3,712.497|1031.76,937.791|1063.51,764.984|1044.78,1246.66|1080.61,1557.67|899.738,933.964|793.267,748.279|782.874,1211.25|726.14,1453.52|985.509,590.839|964.39,567.65|989.471,548.712|1037.5,562.622|957.407,545.341|945.313,545.548
16|1|961.951,935.627|970.405,837.678|975.59,770.233|982.76,638.545|1001.43,660.64|1083.28,677.953|1124.6,853.49|988.576,814.312|953.948,805.456|887.23,773.817|910.924,762.42|961.847,658.521|889.699,664.823|769.756,722.3|852.302,730.466|904.153,675.282|982.527,673.814|930.3,712.497|1031.76,937.791|1063.51,764.984|1044.78,1246.66|1080.61,1557.67|899.738,933.964|793.267,748.279|782.874,1211.25|726.14,1453.52|985.509,590.839|964.39,567.65|989.471,548.712|1037.5,562.622|957.407,545.341|945.313,545.548
17|1|961.957,935.624|970.411,837.669|975.596,770.216|982.778,638.524|1001.45,660.622|1083.3,677.951|1124.58,853.501|988.558,814.302|953.93,805.442|887.215,773.791|910.911,762.397|961.862,658.499|889.716,664.799|769.798,722.312|852.399,730.515|904.311,675.365|982.727,673.997|930.447,712.591|1031.76,937.793|1063.55,765|1044.8,1246.68|1080.64,1557.71|899.742,933.957|793.299,748.272|782.892,1211.26|726.167,1453.56|985.532,590.816|964.567,567.408|989.59,548.486|1037.52,562.486|957.511,545.17|945.265,545.593
18|1|961.985,935.582|970.434,837.556|975.619,770.032|982.902,638.293|1001.56,660.42|1083.43,677.905|1124.45,853.545|988.409,814.239|952.999,805.323|886.457,773.766|910.488,762.372|961.962,658.258|889.832,664.542|770.131,722.328|853.229,730.905|905.693,676.075|984.484,675.6|931.628,713.34|1031.81,937.794|1063.94,765.066|1045.07,1246.89|1081.07,1558.1|899.754,933.878|793.573,748.156|783.062,1211.38|726.442,1453.9|985.704,590.566|966.246,564.717|990.632,545.99|1037.52,561.004|958.41,543.294|944.655,546.116
19|1|961.988,935.583|970.436,837.554|975.621,770.027|982.908,638.287|1001.57,660.415|1083.44,677.906|1124.45,853.547|988.407,814.24|952.968,805.324|886.434,773.771|910.475,762.376|961.967,658.252|889.838,664.536|770.149,722.336|853.271,730.927|905.758,676.111|984.564,675.674|931.694,713.382|1031.81,937.796|1063.95,765.073|1045.08,1246.9|1081.08,1558.11|899.757,933.877|793.586,748.155|783.072,1211.38|726.457,1453.91|985.712,590.559|966.302,564.626|990.671,545.912|1037.53,560.969|958.446,543.228|944.648,546.126
20|1|961.988,935.583|970.436,837.554|975.621,770.027|982.908,638.287|1001.57,660.415|1083.44,677.906|1124.45,853.547|988.407,814.24|952.968,805.324|886.434,773.771|910.475,762.376|961.967,658.252|889.838,664.536|770.149,722.336|853.271,730.927|905.758,676.111|984.564,675.674|931.694,713.382|1031.81,937.796|1063.95,765.073|1045.08,1246.9|1081.08,1558.11|899.757,933.877|793.586,748.155|783.072,1211.38|726.457,1453.91|985.712,590.559|966.302,564.626|990.671,545.912|1037.53,560.969|958.446,543.228|944.648,546.126
21|1|962.041,935.589|970.482,837.503|975.666,769.917|983.027,638.144|1001.68,660.295|1083.57,677.889|1124.48,853.584|988.359,814.191|952.161,805.184|885.824,773.739|910.184,762.365|962.069,658.101|889.967,664.386|770.525,722.403|854.174,731.255|907.154,676.671|986.315,676.92|933.071,713.978|1031.87,937.838|1064.31,765.197|1045.33,1247.07|1081.48,1558.38|899.802,933.85|793.871,748.132|783.287,1211.51|726.794,1454.2|985.867,590.403|967.714,562.039|991.65,543.711|1037.63,560.053|959.351,541.383|944.397,546.452
22|1|962.043,935.588|970.484,837.499|975.667,769.909|983.032,638.134|1001.68,660.286|1083.58,677.886|1124.47,853.585|988.353,814.188|952.16,805.182|885.822,773.732|910.181,762.358|962.073,658.091|889.972,664.376|770.544,722.404|854.224,731.269|907.228,676.697|986.407,676.976|933.148,714.007|1031.87,937.839|1064.33,765.205|1045.35,1247.09|1081.51,1558.4|899.804,933.848|793.886,748.131|783.3,1211.52|726.816,1454.22|985.874,590.392|967.766,561.976|991.685,543.654|1037.64,560.019|959.383,541.336|944.387,546.456
23|1|962.043,935.588|970.484,837.499|975.667,769.909|983.032,638.134|1001.68,660.286|1083.58,677.886|1124.47,853.585|988.353,814.188|952.16,805.182|885.822,773.732|910.181,762.358|962.073,658.091|889.972,664.376|770.544,722.404|854.224,731.269|907.228,676.697|986.407,676.976|933.148,714.007|1031.87,937.839|1064.33,765.205|1045.35,1247.09|1081.51,1558.4|899.804,933.848|793.886,748.131|783.3,1211.52|726.816,1454.22|985.874,590.392|967.766,561.976|991.685,543.654|1037.64,560.019|959.383,541.336|944.387,546.456
24|1|962.043,935.588|970.484,837.499|975.667,769.909|983.032,638.134|1001.68,660.286|1083.58,677.886|1124.47,853.585|988.353,814.188|952.16,805.182|885.822,773.732|910.181,762.358|962.073,658.091|889.972,664.376|770.544,722.404|854.224,731.269|907.228,676.697|986.407,676.976|933.148,714.007|1031.87,937.839|1064.33,765.205|1045.35,1247.09|1081.51,1558.4|899.804,933.848|793.886,748.131|783.3,1211.52|726.816,1454.22|985.874,590.392|967.766,561.976|991.685,543.654|1037.64,560.019|959.383,541.336|944.387,546.456
25|1|962.043,935.588|970.484,837.499|975.667,769.909|983.032,638.134|1001.68,660.286|1083.58,677.886|1124.47,853.585|988.353,814.188|952.16,805.182|885.822,773.732|910.181,762.358|962.073,658.091|889.972,664.376|770.544,722.404|854.224,731.269|907.228,676.697|986.407,676.976|933.148,714.007|1031.87,937.839|1064.33,765.205|1045.35,1247.09|1081.51,1558.4|899.804,933.848|793.886,748.131|783.3,1211.52|726.816,1454.22|985.874,590.392|967.766,561.976|991.685,543.654|1037.64,560.019|959.383,541.336|944.387,546.456
26|1|962.043,935.588|970.484,837.499|975.667,769.909|983.032,638.134|1001.68,660.286|1083.58,677.886|1124.47,853.585|988.353,814.188|952.16,805.182|885.822,773.732|910.181,762.358|962.073,658.091|889.972,664.376|770.544,722.404|854.224,731.269|907.228,676.697|986.407,676.976|933.148,714.007|1031.87,937.839|1064.33,765.205|1045.35,1247.09|1081.51,1558.4|899.804,933.848|793.886,748.131|783.3,1211.52|726.816,1454.22|985.874,590.392|967.766,561.976|991.685,543.654|1037.64,560.019|959.383,541.336|944.387,546.456
27|1|961.276,929.812|969.642,834.436|974.976,768.307|983.515,636.597|1001.99,658.919|1083.51,678.153|1120.66,855.285|982.064,816.469|950.812,806.695|885.692,772.042|907.55,761.029|962.359,656.349|890.377,661.946|769.42,716.846|853.384,718.756|923.066,677.859|986.913,689.057|933.74,712.1|1031.39,933.672|1075.55,755.466|1050.94,1233.09|1089.4,1543.4|898.663,926.633|802.397,728.958|788.304,1186.7|736.784,1424.33|986.793,588.868|977.965,563.868|994.8,541.469|1033.13,549.319|962.119,545.19|936.726,553.446
28|1|961.269,929.793|969.614,834.375|974.939,768.209|983.526,636.481|1001.99,658.817|1083.53,678.14|1120.43,855.291|981.962,816.385|950.796,806.621|885.678,771.901|907.507,760.898|962.359,656.227|890.4,661.803|769.579,716.625|853.948,718.626|923.938,677.869|988.226,688.994|934.576,712.126|1031.38,933.673|1076.02,755.429|1051.34,1233.03|1090.12,1543.3|898.65,926.597|802.899,728.607|788.48,1186.25|737.061,1423.48|986.828,588.745|978,563.589|994.885,541.247|1033.23,549.255|962.193,544.915|936.814,553.235
29|1|961.032,929.907|969.35,834.273|974.669,767.924|983.429,636.101|1001.87,658.491|1083.51,678.072|1119.75,855.334|981.372,816.89|950.358,806.69|885.241,772.076|906.982,760.999|962.22,655.831|890.299,661.146|769.367,714.483|854.658,717.149|925.721,677.021|991.367,688.515|935.639,711.325|1031.17,933.864|1077.59,754.628|1052.8,1231.74|1092.76,1541.24|898.381,926.642|804.9,726.909|789.41,1183.82|738.139,1419.14|986.821,588.326|977.454,562.009|995.003,540.207|1033.93,549.593|962.236,543.278|937.485,551.886
30|1|961.033,929.907|969.35,834.273|974.67,767.925|983.43,636.102|1001.87,658.492|1083.51,678.074|1119.75,855.336|981.371,816.891|950.358,806.691|885.241,772.076|906.981,761|962.221,655.832|890.3,661.145|769.368,714.474|854.661,717.138|925.726,677.011|991.374,688.501|935.644,711.314|1031.17,933.864|1077.59,754.626|1052.8,1231.73|1092.76,1541.23|898.381,926.641|804.904,726.905|789.412,1183.82|738.141,1419.13|986.822,588.327|977.457,562.01|995.006,540.208|1033.94,549.594|962.239,543.279|937.487,551.886
31|1|987.024,942.858|980.598,840.936|976.704,770.126|983.779,637.896|1002.38,660.27|1084.81,678.96|1119.37,856.315|980.402,819.636|949.776,807.271|885.007,773.08|906.775,762.048|962.824,657.829|892.263,663.669|769.396,712.784|859.048,705.526|921.096,683.656|988.574,683.222|940.727,701.096|1056.16,942.498|1096.22,769.307|1109.04,1244.02|1187.54,1534.34|924.414,943.452|826.617,754.225|849.513,1216.59|825.791,1452.62|987.022,590.006|978.829,563.045|994.807,540.702|1032.47,549.056|962.166,545.241|935.915,555.785
32|1|986.894,943.115|980.569,840.807|976.752,769.768|983.999,637.318|1002.61,659.757|1085.23,678.727|1118.73,856.229|977.041,855.042|949.318,826.441|883.134,794.712|914.72,777.476|962.982,657.255|892.33,662.905|769.018,709.154|859.366,700.648|921.82,676.969|988.413,679.22|937.254,696.332|1056.18,942.861|1108.89,768.608|1122.58,1243.69|1210.82,1533.97|924.147,943.612|836.635,757.525|864.109,1225.67|851.11,1473.31|987.316,589.348|978.087,563.053|995.053,540.818|1033.79,549.47|962.229,544.597|937.001,553.837
33|1|973.507,961.876|975.741,851.195|977.973,771.014|985.068,639.841|1003.36,662.088|1085.81,682.312|1117.65,856.354|972.482,853.715|956.197,854.651|895.719,818.419|918.506,794.62|964.285,659.975|897.334,672.61|762.535,715.07|848.698,701.961|922.551,685.197|984.563,668.8|933.201,705.361|1039.67,966.098|1113.95,820.102|1109.53,1272.36|1204.16,1533.82|913.849,958.313|869.63,811.043|881.376,1280.77|884.389,1513.94|988.746,592.23|974.85,566.014|993.15,543.885|1035.24,552.724|960.39,547.426|939.002,556.333
34|1|979.139,957.555|982.354,848.437|985.16,767.393|990.953,638.756|1009.29,660.382|1089.22,681.159|1113.97,854.182|970.403,855.737|955.223,853.823|894.386,817.026|916.721,793.067|970.72,658.544|899.959,670.388|788.917,748.652|882.529,750.933|921.797,710.205|957.927,662.806|923.751,724.645|1043.82,961.767|1121.74,855.389|1099.66,1303.24|1173.66,1570.26|920.998,954|883.679,834.028|881.807,1300|867.051,1531.73|993.555,592.034|979.839,563.03|994.361,540.919|1034.16,548.204|963.119,548.024|941.217,563.052
35|1|980.263,978.921|980.546,860.013|982.644,770.541|987.334,641.632|1005.78,663.02|1088.38,680.743|1110.41,852.989|967.865,861.491|954.963,853.701|894.964,816.578|918.153,794.635|967.09,662.265|897.76,677.043|757.099,703.2|845.196,674.481|910.399,667.966|981.916,664.035|913.706,668.985|1041.83,981.74|1100.7,897.961|1096.99,1314.12|1182.26,1548.82|924.527,976.582|893.411,895.248|914.744,1348.63|917.01,1565.63|990.403,594.723|972.634,563.008|989.023,540.986|1032.64,550.323|956.887,547.771|937.59,564.145
36|1|974.067,973.72|976.025,853.537|980.494,769.394|984.766,643.082|1003.87,663.543|1088.7,680.318|1110.35,856.889|964.729,869.998|955.881,854.011|894.44,815.002|918.592,795.393|963.915,664.529|890.139,685.142|750.298,702.128|845.028,669.611|918.806,653.601|972.431,651.587|927.913,673.207|1031.32,975.534|1079.9,951.596|1065.71,1315.38|1146.71,1509.84|922.194,972.261|906.935,957.649|925.534,1364.23|916.745,1545.4|987.947,596.923|976.295,556.982|997.375,538.318|1040.19,558.916|962.754,539.216|939.248,555.45
37|1|974.06,973.713|976.015,853.534|980.477,769.387|984.73,643.07|1003.84,663.531|1088.67,680.3|1110.33,856.877|964.727,870.322|955.811,854.335|894.281,815.452|918.419,795.79|963.884,664.518|890.107,685.125|750.236,702.023|844.915,669.434|918.689,653.289|972.501,651.14|927.845,672.874|1031.31,975.526|1079.93,952.014|1065.54,1315.07|1146.39,1509.83|922.187,972.256|906.984,958.136|925.641,1364.06|916.955,1545.7|987.902,596.909|976.045,557.137|997.147,538.408|1040.1,558.855|962.531,539.343|939.176,555.482
38|1|971.85,991.463|978.413,863.756|981.964,772.488|982.468,637.521|1003.38,659.58|1092.33,677.015|1107.97,863.352|976.781,940.606|940.999,877.853|896.823,813.566|941.149,849.015|961.403,659.855|880.73,678.261|762.476,700.081|842.24,664.354|905.193,624.947|982.892,626.748|939.144,660.688|1032.97,996.064|1076.28,1016.6|1047.38,1364.88|1108.87,1602.56|917.219,987.556|888.659,995.923|897.847,1388.1|869.809,1605.32|982.95,588.182|970.685,562.591|989.831,537.763|1033.29,545.493|954.093,541.745|928.802,549.572
39|1|975.911,992.784|980.58,864.707|982.567,773.518|983.263,637.748|1004.21,659.943|1093.12,678.592|1110.12,865.092|987.637,959.83|945.831,901.208|905.542,834.091|946.638,868.303|962.096,660.168|880.741,676.579|755.653,697.691|832.341,667.913|887.225,642.524|956.211,637.755|926.407,653.985|1036.88,996.506|1069.04,1077.49|1045.68,1411.92|1093.28,1659.24|921.445,989.664|874.512,1053.96|891.881,1424.55|859.75,1651.26|983.851,588.133|969.245,566.195|988.292,540.052|1033.29,544.521|952.532,544.829|928.72,550.602
40|1|967.637,984.22|977.106,859.463|981.384,770.533|983.475,636.81|1003.96,658.888|1091.31,679.5|1109.85,863.343|997.919,968.641|955.459,912.456|909.564,850.549|949.081,877.972|962.285,658.753|881.618,674.184|749.236,691.916|824.527,645.831|882.129,633.511|945.2,618.578|929.713,638.576|1027.03,990.925|1058.97,1123.36|1029.17,1439.26|1064.32,1684.37|914.883,978.458|861.549,1109.3|872.798,1456.36|835.558,1679.41|984.64,587.911|969.019,568.296|988.357,542.024|1033.88,545.257|952.901,546.483|930.256,550.298
41|1|970.338,981.204|975.227,856.828|976.717,768.039|980.475,634.699|1000.79,656.91|1087.9,678.628|1112.04,862.37|1008.65,974.995|961.894,922.392|912.465,862.823|952.135,885.538|958.85,656.526|877.023,668.914|742.772,680.025|824.805,636.988|869.949,570.479|915.209,627.865|900.603,631.118|1029.61,985.351|1055.33,1154.76|1031.86,1462.53|1060.14,1709.87|917.538,977.702|857.301,1147.78|876.183,1469.47|839.375,1690.98|982.441,585.872|966.667,572.058|987.035,544.62|1033.38,544.865|950.976,548.094|928.35,546.441
42|1|964.371,972.969|971.517,852.838|974.946,766.799|981.425,636.493|1000.81,658.626|1085.49,681.11|1111.88,860.055|1019.2,974.965|968.459,929.893|917.816,874.521|956.004,893.082|959.833,657.381|879.541,666.827|743.106,676.863|813.67,630.037|844.344,583.85|929.086,586.319|891.523,620.195|1021.79,978.286|1052.12,1181.59|1022.09,1471.74|1046.31,1708.23|913.183,968.411|858.232,1172.71|868.449,1468.17|834.572,1677.55|984.412,588.828|966.468,566.554|986.996,541.811|1033.95,547.966|952.065,545.173|932.134,550.097
43|1|968.204,978.109|972.697,856.963|974.596,769.784|981.143,638.076|1000.7,660.466|1086.61,681.547|1114.02,862.04|1024.72,982.315|976.198,934.797|922.276,882.148|959.167,898.746|959.366,659.138|878.174,665.989|742.687,667.095|804.1,616.939|833.288,577.411|924.976,582.526|875.886,606.196|1026.15,981.969|1053.79,1208.48|1027.06,1489.63|1048.59,1728.63|916.46,974.848|856.036,1195.4|872.03,1477.69|840.923,1687.66|984.106,589.915|970.214,567.433|992.346,543.897|1037.44,552.993|956.844,544.432|934.527,546.756
44|1|969.764,978.602|972.808,857.279|973.431,769.948|979.843,637.523|999.568,660.017|1085.94,681.063|1113.95,862.406|1030.81,989.735|981.714,943.957|927.978,891.938|963.288,906.126|957.947,658.738|876.103,664.964|744.359,658.495|797.039,606.795|836.738,548.128|905.048,589.626|866.311,600.195|1027.91,981.871|1053.61,1227.24|1030.03,1503.17|1050.27,1743.43|917.891,975.873|855.424,1211.04|874.351,1482.64|844.013,1690.77|982.742,589.083|975.821,573.348|989.975,544.592|1028.16,541.612|954.942,552.794|924.321,557.425
45|1|968.517,973.286|972.195,853.9|973.347,767.925|981.21,637.041|1000.49,659.498|1085.55,681.831|1114.02,861.295|1035.88,990.013|986.674,946.321|931.506,897.69|965.388,909.89|959.263,657.813|878.09,662.756|744.631,653.016|804.58,592.864|835.716,535.462|878.29,575.787|866.188,592.558|1025.88,976.876|1054.86,1232.81|1029.72,1501.28|1048.29,1734.98|917.324,970.264|858.511,1218.1|874.01,1478.65|844.679,1680.13|984.7,589.163|970.629,567.98|989.611,542.308|1033.86,546.742|954.362,546.647|930.731,551.622
46|1|967.536,969.951|971.759,851.942|973.289,766.771|982.013,636.806|1001,659.27|1085.15,683.434|1113.67,861.883|1041.7,993.468|992.587,951.915|936.651,906.265|969.075,915.705|960.088,657.256|879.509,660.818|746.29,648.283|797.213,576.275|820.771,540.219|892.131,564.926|879.078,589.008|1024.35,973.904|1057.23,1240.64|1029.43,1500.76|1045.89,1729.05|916.856,966.602|858.672,1222.87|871.003,1474.43|840.697,1670.52|985.783,589.272|968.149,563.61|989.361,540.136|1036.27,549.45|954.463,542.638|934.714,549.325
47|1|957.013,956.956|966.223,844.344|971.604,760.873|983.022,634.182|1001.24,656.579|1082.92,683.675|1113.26,858.819|1054.53,992.667|1002.21,961.159|946.363,920.819|976.391,925.296|960.97,653.726|881.6,657.847|751.972,643.24|796.212,570.049|810.8,534.709|875.949,556.269|866.901,583.093|1011.96,964.327|1041.09,1247.02|1007.33,1494.07|1020.68,1709.04|908.179,950.572|850.007,1221.5|852.608,1461.2|817.261,1644.52|987.782,587.812|966.553,565.824|986.701,541.022|1035.17,546.092|952.546,545.314|935.401,551.088
48|1|953.035,955.033|963.894,844.134|970.55,760.936|982.958,634.794|1000.94,657.309|1082.38,684.287|1113.43,858.392|1061.05,994.005|1009.1,965.816|953.576,928.557|980.481,930.08|960.836,654.035|881.776,657.137|751.813,639.622|782.249,569.286|786.341,534.325|862.206,571.852|855.574,584.218|1007.37,963.931|1022.54,1258.82|989.809,1492.92|995.024,1701.42|904.888,947.311|833.904,1226.02|837.128,1452.5|798.634,1628.08|987.999,588.632|968.103,560.57|986.805,536.814|1033.72,544.655|952.997,542.485|934.531,554.322
49|1|951.684,954.443|962.504,842.135|969.807,759.999|982.498,635.07|1000.36,657.343|1081.73,683.239|1113.26,856.673|1063.43,988.55|1007.56,968.832|953.141,930.454|981.776,931.65|960.348,654.229|881.332,655.451|752.952,634.956|778.356,559.527|793.756,528.861|834.074,560.925|844.871,577.476|1006.3,961.379|998.256,1222.53|980.371,1421.86|985.841,1622.03|902.814,948.404|746.307,1029.5|783.38,1282.01|727.721,1461.01|987.818,589.361|967.033,567.664|986.984,542.889|1035.01,547.752|952.947,547.202|935.539,552.828
50|1|956.175,961.787|964.955,847.131|969.977,762.812|982.572,635.124|1000.71,657.908|1083.17,683.802|1113.78,859.631|1066.93,995.403|1013.94,970.971|957.802,935.707|984.47,934.705|960.236,654.576|880.424,656.377|752.286,631.736|765.834,553.553|789.368,527.018|846.368,549.586|827.255,572.881|1011.8,968.544|1002.7,1238.22|979.522,1443.57|979.544,1649.38|906.667,955.945|782.569,1151.54|806.94,1388.14|752.204,1568.8|987.686,588.398|963.801,568|984.308,542.571|1034.64,546.257|950.139,547.142|934.901,551.905
51|1|954.511,957.124|964.269,843.958|969.839,761.154|982.519,635.879|1000.47,658.354|1082.01,684.117|1113.37,857.7|1065.07,990.749|1013.1,969.715|958.31,935.853|984.011,934.237|960.349,654.942|881.283,655.108|752.23,628.928|763.364,555.312|784.316,526.827|820.34,521.289|822.655,570.346|1009.36,964.332|984.1,1195.8|972.736,1396.35|971.573,1600.51|905.699,950.877|754.145,1004.9|794.117,1259.03|727.908,1431.7|987.608,590.031|962.41,567.518|983.45,542.983|1034.52,548.523|949.631,547.153|935.896,553.204
52|1|952.912,956.433|963.938,842.212|969.597,759.505|982.435,634.451|1000.35,656.932|1081.77,683.461|1113.45,857.104|1064.16,990.385|1012.53,969.448|957.971,935.634|983.717,933.873|960.241,653.457|881.137,654.51|752.726,626.596|761.597,553.887|767.238,533.176|816.332,555.203|806.827,570.751|1007.88,964.391|975.703,1173.61|965.437,1381.16|960.626,1588.54|904.12,949.536|753.991,1016.98|793.151,1269.18|726.167,1443.34|987.572,588.666|962.328,567.925|983.592,543.11|1034.81,547.776|949.711,546.947|936.076,551.332
53|1|954.429,952.74|964.576,841.322|969.481,759.575|982.618,635.797|1000.12,658.128|1080.09,684.769|1113.49,855.631|1066.2,990.686|1016.18,969.566|962.387,938.151|985.195,935.47|960.773,654.43|883.208,655.082|756.768,627.84|752.434,566.131|766.85,535.606|776.659,528.218|791.2,571.844|1008.19,960.926|981.894,1188.23|960.157,1409.42|950.917,1614.14|906.867,945.656|785.57,1117.42|808.118,1348.99|748.722,1522.45|987.767,590.518|961.425,567.342|982.494,543.708|1033.65,550.004|949.565,547.636|937.567,554.226
54|1|956.492,947.672|966.475,838.73|971.664,758.047|985.104,635.546|1002.17,657.683|1079.82,686.4|1113.25,853.619|1068.63,987.889|1020.89,968.653|968.23,941.384|987.272,937.61|963.621,653.838|887.65,655.08|759.901,630.76|746.157,582.149|741.507,535.972|740.019,530.851|773.341,571.007|1009.25,955.918|985.687,1211.88|959.247,1443.14|946.643,1643.46|909.819,940.53|804.156,1163.83|816.61,1388.51|763.7,1556.85|990.34,590.76|963.645,566.151|984.982,543.87|1035.79,551.944|952.933,547.079|942.285,554.353
55|1|956.297,947.664|966.268,838.631|971.423,757.942|984.75,635.369|1001.88,657.503|1079.74,686.181|1113.24,853.692|1068.74,988.771|1020.91,969.729|968.259,942.42|987.431,938.093|963.229,653.713|887.048,655.151|759.068,632.754|744.304,585.832|735.924,541.442|730.64,537.42|765.336,575.922|1009.13,955.909|984.775,1213.53|958.938,1443.12|945.949,1643.17|909.56,940.522|787.029,1149.95|800.785,1385.33|740.402,1552.38|989.958,590.551|960.504,567.882|981.656,544.659|1034.13,550.52|949.756,548.724|940.958,555.298
56|1|956.283,947.665|966.247,838.635|971.395,757.949|984.694,635.38|1001.83,657.51|1079.69,686.171|1113.22,853.664|1068.74,988.762|1020.9,969.747|968.241,942.47|987.428,938.106|963.179,653.726|887.002,655.19|758.936,632.877|743.959,585.988|735.45,541.623|729.927,537.656|763.877,574.843|1009.11,955.906|984.698,1213.52|958.92,1443.08|945.908,1643.1|909.548,940.527|786.842,1149.79|800.673,1385.2|740.254,1552.24|989.89,590.563|960.349,567.93|981.499,544.691|1034.03,550.508|949.611,548.775|940.88,555.342
57|1|947.15,942.957|962.73,834.707|971.927,755.538|987.175,634.577|1003.86,656.825|1081.47,685.124|1113.28,851.994|1066.21,982.72|1016.76,970.933|965.195,940.599|986.588,937.123|965.47,652.344|889.724,653.448|758.097,640.12|730.899,597.734|709.804,568.204|714.239,558.112|763.484,575.348|999.414,953.54|963.853,1181.74|943.215,1395.27|930.89,1593.18|900.835,933.731|752.103,1034|776.173,1278.04|711.355,1444.93|993.045,590.328|958.186,566.404|980.664,543.803|1036.57,550.891|949.492,547.489|945.677,554.638
58|1|947.731,942.142|963.224,834.367|972.406,755.477|987.607,634.848|1004.22,657.033|1081.57,685.262|1112.75,851.825|1066.19,982.585|1016.34,971.036|964.794,940.359|986.818,937.067|965.992,652.552|890.569,653.841|757.799,640.706|723.518,598.548|707.864,577.762|709.835,567.534|763.452,575.141|999.79,952.69|966.369,1183.74|939.647,1396.96|926.342,1593.73|901.595,932.945|775.232,1096.79|788.684,1327.61|728.48,1495.97|993.449,590.726|961.061,576.294|977.283,549.321|1029.2,543.991|946.899,558.997|939.104,565.173
59|1|950.62,940.785|964.217,834.504|972.393,755.578|987.495,634.927|1003.95,657.041|1080.32,686.263|1112.67,851.037|1071.36,983.542|1021.92,970.895|970.205,943.213|989.115,939.098|966.085,652.603|891.392,654.634|761.018,645.76|724.724,604.664|699.934,586.062|685.679,582.524|697.44,605.812|1002.23,950.775|972.923,1208.51|941.763,1428.25|927.29,1621.51|904.925,932.088|793.403,1151.77|795.958,1379.71|738.693,1543.74|993.298,590.817|960.506,572.214|981.558,548.602|1035.44,551.652|950.739,552.736|945.281,556.545
60|1|953.973,949.831|964.582,839.224|970.992,756.524|986.129,632.045|1003.25,654.744|1082.13,684.79|1113.59,856.081|1071.66,995.916|1022.59,971.559|967.73,941.866|988.065,938.151|964.002,650.462|886.568,653.275|754.706,646.851|721.47,611.717|696.284,590.464|668.379,603.662|715.134,624.096|1007.81,958.174|982.045,1238.53|953.006,1467.88|939.505,1670.35|906.236,942.593|796.535,1192.69|805.574,1418.65|753.48,1588.09|992.096,586.488|957.798,571.628|979.568,546.1|1035.69,546.412|947.449,550.281|941.921,550.84
61|1|953.76,949.504|964.332,839.229|970.713,756.822|985.561,632.684|1002.71,655.271|1081.51,684.966|1113.57,855.753|1072.67,995.843|1023.93,971.869|969.287,942.816|988.683,938.703|963.491,651.121|886.134,654.142|755.04,648.939|720.901,615.516|693.969,594.876|665.482,606.558|711.769,627.158|1007.47,957.805|988.027,1243.98|958.9,1474.11|947.595,1675.71|906.125,942.301|802.943,1201.96|811.147,1423.19|763.057,1591.59|991.452,587.26|953.591,578.672|974.565,551.421|1032.5,546.343|942.993,556.642|939.979,553.541
62|1|957.164,949.911|965.684,840.061|970.953,757.308|985.151,633.214|1002.42,655.652|1081.2,685.379|1113.53,855.816|1073.13,996.835|1026.7,971.974|972.655,945.129|989.468,939.335|963.15,651.804|885.735,655.572|752.686,655.386|711.202,629.991|683.385,613.31|653.265,631.424|701.98,651.174|1010.96,957.034|996.553,1252.53|968.764,1485.68|959.948,1686.4|909.374,943.742|812.546,1215.67|820.495,1433.3|776.414,1600.28|990.879,587.816|953.152,575.152|977.822,550.804|1036.87,553.014|945.942,551.62|944.493,547.309
63|1|955.514,953.44|964.756,842.779|970.718,759.227|984.597,633.622|1002.09,656.23|1081.97,685.332|1113.37,857.66|1073.88,1001.77|1028.78,973.243|973.94,945.715|990.243,940.115|962.476,652.505|884.397,656.564|750.919,660.026|706.125,633.282|677.827,624.595|643.095,659.441|695.814,657.004|1009.79,960.925|1002.3,1266.2|973.495,1496.23|967.48,1698.11|907.278,946.95|814.508,1229.87|821.356,1445.58|780.226,1613.63|990.23,587.676|949.167,574.498|973.018,549.029|1033.95,549.463|941.329,551.863|941.75,549.71
64|1|959.574,956.334|966.575,844.334|970.815,759.912|982.969,633.103|1000.96,655.605|1081.73,684.562|1113.43,858.625|1077.33,1006.67|1031.57,978.866|977.69,949.522|993.413,943.601|960.898,652.517|882.076,658.629|751.134,663.594|699.252,637.147|668.109,623.291|625.13,686.091|684.951,678.395|1014.51,962.583|1010.19,1275.25|985.351,1504.65|981.647,1708.23|910.718,950.942|817.539,1240.93|828.262,1456.01|788.602,1625.21|988.021,586.699|952.658,574.629|975.21,548.14|1032.84,546.959|942.346,551.837|937.118,549.581
65|1|960.822,956.613|967.506,844.833|971.49,760.646|982.991,634.116|1001.09,656.471|1081.98,684.546|1113.94,858.419|1080.13,1007.6|1034.53,980.961|980.934,952.746|995.503,945.818|961.022,653.61|882.228,660.208|750.028,667.385|692.452,644.494|659.511,634.584|625.19,703.491|680.433,694.536|1015.69,962.707|1015.15,1276.69|992.253,1504.1|990.553,1705.74|912.03,951.36|822.016,1243.73|833.364,1456.59|795.916,1624.72|987.81,587.819|951.304,575.264|974.778,549.31|1033.36,549.385|941.984,552.086|938.062,549.299
66|1|961.713,956.013|967.902,844.662|971.492,760.883|982.665,634.713|1000.78,656.947|1081.44,684.847|1113.5,858.195|1080.91,1008.25|1035.26,983.032|983.04,954.236|996.496,946.891|960.789,654.216|882.183,661.076|749.315,668.96|684.57,647.964|653.061,646.241|624.789,714.471|677.07,702.898|1016.41,961.813|1018.55,1275.36|996.838,1501.09|996.502,1700.63|913.055,951.018|825.861,1244|837.611,1454.18|801.776,1621.09|987.377,588.556|950.888,575.327|974.699,549.79|1033.3,550.78|941.974,552.127|938.297,549.451
67|1|961.803,957.796|967.969,845.405|971.599,760.803|983.1,633.638|1001.3,656.054|1082.42,684.527|1113.49,859.527|1081.14,1012.1|1034.87,987.66|984.505,955.924|997.626,948.379|961.015,653.289|881.864,660.862|749.188,673.27|678.066,658.355|643.438,662.224|617.549,731.752|670.36,715.553|1016.99,963.533|1021.74,1280.92|999.468,1506.2|1000.36,1708.04|912.693,952.859|825.76,1250.33|838.646,1458.78|803.753,1626.9|987.999,587.101|951.257,575.142|974.533,548.689|1033.38,547.911|941.542,551.881|937.449,548.969
68|1|961.752,957.911|967.903,845.56|971.517,760.989|982.938,633.881|1001.14,656.282|1082.27,684.731|1113.56,859.728|1081.44,1012.64|1034.93,988.517|984.575,956.722|997.904,949.044|960.876,653.529|881.758,661.16|748.805,673.897|677.038,659.384|642.302,664.198|616.733,734.801|669.457,718.63|1016.92,963.648|1022.25,1281.02|1000.06,1506.13|1001.29,1707.78|912.666,952.974|826.09,1250.55|839.152,1458.34|804.551,1626.23|987.795,587.368|949.956,575.474|973.645,549.205|1033.24,548.738|940.794,552.037|937.782,548.735
69|1|961.746,957.925|967.893,845.578|971.504,761.011|982.906,633.908|1001.11,656.305|1082.25,684.747|1113.55,859.747|1081.42,1012.67|1034.9,988.545|984.522,956.751|997.884,949.076|960.847,653.558|881.731,661.209|748.74,674.03|676.873,659.608|642.06,664.513|616.445,735.251|669.19,719.002|1016.91,963.661|1022.25,1281.03|1000.07,1506.12|1001.32,1707.75|912.662,952.989|826.095,1250.56|839.173,1458.33|804.582,1626.2|987.755,587.396|949.872,575.52|973.556,549.242|1033.17,548.752|940.712,552.086|937.735,548.781
70|1|963.88,960.789|969.084,848.014|972.112,763.172|982.909,635.918|1001.2,658.278|1082.53,685.796|1113.81,860.204|1079.98,1012.49|1035.16,988.764|986.088,958.361|997.388,948.71|960.993,655.616|882.087,662.961|746.576,679.677|669.991,672.796|638.016,674.16|614.708,746.905|671.907,726.273|1019.16,965.779|1025.9,1284.55|1005.34,1509.71|1006.92,1710.96|914.629,956.511|829.022,1256.06|843.394,1464.65|810.874,1632.99|987.45,589.377|948.254,575.341|972.103,549.544|1032.36,550.369|939.595,552.549|937.897,551.035
71|1|963.879,960.79|969.082,848.015|972.111,763.173|982.905,635.919|1001.19,658.279|1082.53,685.795|1113.81,860.204|1079.98,1012.49|1035.16,988.769|986.085,958.368|997.389,948.714|960.989,655.618|882.082,662.966|746.567,679.697|669.973,672.832|637.991,674.211|614.68,746.975|671.882,726.332|1019.16,965.78|1025.91,1284.55|1005.35,1509.72|1006.93,1710.97|914.628,956.513|829.026,1256.06|843.398,1464.66|810.881,1633|987.445,589.378|948.245,575.339|972.094,549.542|1032.36,550.368|939.587,552.548|937.891,551.037
72|1|966.253,961.652|969.841,848.192|971.799,763.041|981.49,635.068|1000.09,657.317|1081.92,684.767|1113.54,860.151|1077.41,1013.83|1033.73,990.774|987.169,959.634|996.442,947.516|959.607,655.138|880.416,664.117|744.754,680.541|666.33,675.573|629.488,679.99|605.236,772.686|665.741,729.48|1021.9,965.392|1033.21,1285.45|1014.1,1512.13|1018.53,1715.34|916.552,958.483|834.603,1261.48|850.782,1472.68|820.569,1644.1|985.717,588.246|948.293,575.852|971.397,549.141|1030.66,548.133|938.371,552.839|934.575,550.683
73|1|966.253,961.653|969.84,848.193|971.799,763.041|981.489,635.068|1000.08,657.317|1081.92,684.768|1113.54,860.151|1077.41,1013.83|1033.73,990.775|987.168,959.635|996.441,947.517|959.606,655.139|880.416,664.117|744.752,680.544|666.326,675.578|629.481,679.998|605.228,772.699|665.734,729.486|1021.9,965.392|1033.21,1285.45|1014.1,1512.13|1018.53,1715.34|916.552,958.483|834.605,1261.48|850.784,1472.69|820.573,1644.11|985.716,588.247|948.293,575.852|971.398,549.141|1030.66,548.136|938.372,552.837|934.576,550.681
74|1|965.885,962.04|969.546,848.251|971.554,762.86|981.361,634.733|999.994,657.032|1082.12,684.561|1113.78,860.295|1076.53,1013.96|1033.43,990.833|987.282,959.871|996.08,947.061|959.401,654.824|879.984,664.257|743.847,683.273|673.571,677.235|635.233,680.417|603.526,780.208|666.288,722.954|1021.68,965.822|1037.4,1286.97|1017.96,1514.15|1024.57,1718.52|916.059,958.834|837.686,1264|853.612,1476.31|824.793,1649.13|985.628,587.846|946.563,575.657|971.396,549.755|1032.24,550.528|938.364,551.54|936.555,547.368
75|1|965.729,962.411|969.252,848.461|971.147,762.975|980.563,634.669|999.298,656.931|1081.59,684.506|1113.61,861.089|1076.72,1015.75|1031.65,991.879|984.42,958.771|996.357,947.142|958.629,654.861|879.1,664.638|742.948,684.808|672.953,679.621|634.306,683.526|603.22,785.175|666.412,722.641|1021.6,966.11|1039.53,1287.82|1020.44,1515.74|1028.05,1720.91|915.829,959.28|838.879,1265.62|855.138,1478.42|826.901,1651.86|984.688,587.711|946.498,576.15|970.652,549.679|1030.86,549.261|937.439,552.209|934.503,548.254
76|1|970.208,966.841|971.071,851.402|970.905,764.847|978.98,635.332|998.181,657.569|1081.55,684.413|1113.79,862.329|1078.27,1018.82|1033.15,995.113|986.771,960.94|997.833,949.038|957.016,655.984|876.422,666.086|742.569,683.993|672.724,674.773|639.411,687.723|597.75,796.246|665.329,723.061|1026.77,969.189|1045.75,1295|1030.05,1522.39|1039.3,1731.37|919.692,964.921|841.08,1274.61|862.911,1485.1|834.938,1660.81|982.626,587.916|946.124,577.855|970.728,551.016|1030.51,550.226|936.734,552.88|932.107,547.034
77|1|966.872,967.501|969.694,851.51|971.144,764.558|980.3,634.513|999.38,656.983|1082.8,684.928|1113.77,863.898|1073.94,1020.67|1030.86,997.01|987.514,962.586|996.593,947.32|958.086,655.103|877.225,664.959|740.161,684.592|677.858,679.04|636.554,689.093|595.193,799.514|663.848,722.609|1023.67,970.692|1048.57,1298.34|1028.64,1527.97|1039,1739.54|916.102,964.827|843.287,1278.59|861.076,1490.96|834.715,1668.95|984.403,586.896|947.02,575.595|971.046,548.325|1031.26,547.19|937.065,551.345|932.689,547.453
78|1|966.834,967.505|969.63,851.512|971.058,764.56|980.141,634.515|999.232,656.976|1082.67,684.875|1113.77,863.822|1073.98,1020.61|1030.83,996.98|987.417,962.578|996.583,947.321|957.941,655.114|877.088,665.012|739.926,684.679|677.424,679.107|636.064,689.139|594.763,799.506|663.385,722.599|1023.63,970.683|1048.58,1298.29|1028.73,1528.21|1039.14,1739.93|916.065,964.843|843.333,1278.58|861.083,1491.37|834.726,1669.53|984.212,586.899|946.962,575.982|970.929,548.63|1031.05,547.221|936.934,551.662|932.429,547.498
79|1|967.381,969.319|969.629,852.581|970.598,765.184|978.469,634.461|997.862,656.845|1081.96,684.543|1113.86,864.364|1075.1,1023.1|1030.97,1000.21|988.678,964.033|997.771,949.163|956.374,655.359|875.237,665.956|740.441,683.962|675.579,674.705|634.724,689.062|591.401,801.588|661.629,722.312|1024.47,972.226|1051.23,1302.38|1032.13,1532.78|1043.32,1746.78|916.351,966.9|842.816,1282.38|861.657,1498.7|835.029,1679.67|982.071,586.588|945.182,577.446|969.721,550.026|1029.97,548.26|935.441,552.201|930.715,545.863
80|1|967.37,969.32|969.61,852.592|970.572,765.201|978.418,634.491|997.813,656.87|1081.91,684.563|1113.83,864.415|1075.07,1023.17|1030.85,1000.24|988.482,964.003|997.694,949.223|956.33,655.389|875.205,666.005|740.33,684.048|675.266,674.828|634.304,689.292|591.026,801.812|661.114,722.677|1024.46,972.225|1051.31,1302.33|1032.25,1532.81|1043.52,1746.82|916.346,966.904|842.85,1282.31|861.646,1498.95|835.008,1680.02|982.008,586.622|945.513,577.035|970.117,549.765|1030.14,548.429|935.796,551.822|930.804,545.709
81|1|968.256,967.959|970.134,851.902|970.673,764.907|978.55,634.861|997.948,657.163|1081.78,684.572|1113.6,863.915|1079.61,1024.14|1034.17,1003.04|991.508,966.804|1000.51,953.112|956.452,655.673|875.16,666.101|740.219,683.737|661.247,675.684|635.653,691.259|590.976,802.128|661.92,725.108|1025.14,970.977|1049.8,1299.59|1032.97,1529.56|1044.78,1742.07|917.488,965.444|843.52,1278.34|862.495,1494.77|834.123,1674.13|982.127,587.226|947.348,576.846|971.37,549.405|1030.24,548.059|936.834,552.02|930.18,547.01
82|1|969.969,969.056|970.906,852.465|970.783,764.694|978.947,634.156|998.427,656.633|1082.88,683.831|1113.94,864.271|1079.32,1025.78|1033.88,1005.09|992.612,967.895|1000.95,953.535|956.685,654.978|874.857,664.843|738.894,683.76|664.151,676.694|626.276,685.246|593.343,799.361|665.484,722.429|1027.17,971.668|1051.06,1302.29|1035.46,1531.86|1047.1,1745.88|918.927,966.907|843.454,1281.69|865.263,1495.36|837.161,1674.64|982.572,586.318|947.85,575.234|972.005,547.722|1031.05,546.78|937.219,550.395|930.318,545.884
83|1|969.376,969.217|970.598,852.482|970.676,764.598|979.099,633.818|998.562,656.397|1083.23,683.603|1114.11,864.594|1078.84,1026.35|1032.98,1005.24|991.759,967.013|1000.71,953.205|956.781,654.606|874.874,664.505|737.688,682.836|668.149,672.189|628.798,676.31|594.945,789.116|671.733,709.653|1026.65,972.017|1051.29,1303.42|1035.2,1533.98|1047.49,1749.04|918.287,966.9|843.44,1282.89|865.129,1495.49|837.837,1674.78|982.785,585.887|948.165,575.59|972.202,547.858|1031.19,546.292|937.376,550.615|930.31,545.591
84|1|968.23,968.762|969.591,852.067|969.758,764.212|978.115,633.407|997.595,655.987|1082.27,683.121|1113.78,864.045|1078.04,1025.39|1031.77,1004.66|990.642,966.042|999.89,952.314|955.805,654.203|873.867,664.064|735.857,681.381|670.586,667.99|632.111,665.938|598.593,777.171|675.766,694.631|1025.49,971.632|1050.43,1303.08|1034.35,1533.73|1046.72,1748.68|917.154,966.383|843.077,1282.92|864.704,1494.81|837.776,1673.79|981.758,585.462|948.078,576.225|971.955,548.293|1030.36,546.064|937.008,550.998|929.124,545.141
85|1|967.823,968.725|969.24,852.131|969.449,764.33|977.719,633.577|997.191,656.137|1081.88,683.245|1113.86,863.733|1076.76,1024|1031.25,1003.72|990.367,965.567|999.168,951.578|955.448,654.367|873.61,664.278|736.209,680.449|678.384,663.335|638.379,653.994|599.748,762.153|676.385,679.188|1025.03,971.624|1050.29,1303.07|1033.94,1533.14|1046.15,1747.52|916.795,966.32|843.024,1282.95|864.541,1494.54|837.979,1673.28|981.317,585.656|948.777,569.829|972.709,543.218|1030.29,545.323|937.781,546.111|929.164,545.358
86|1|956.389,957.47|963.786,845.402|968.801,760.296|979.917,633.004|998.34,655.402|1080.13,685.026|1113.23,861.325|1083.88,1018.74|1033.72,1002.29|988.017,965.824|1001.78,954.754|957.732,652.795|877.904,661.231|742.89,664.804|687.137,626.934|660.302,627.199|604.82,715.358|674.031,646.871|1011.73,963.4|1040.39,1285.3|1014.5,1512.97|1026.61,1714.58|907.006,952.349|841.12,1260.1|845.801,1474.64|817.442,1647.05|984.651,586.39|949.568,582.196|970.472,552.891|1027.93,544.528|937.099,558.327|930.303,551.725
87|1|952.993,946.682|963.182,837.147|969.948,755.996|981.51,634.255|999.155,655.941|1077.76,684.531|1112.84,853.053|1080.63,996.055|1029.65,994.501|977.051,972.087|998.259,950.998|959.992,652.976|882.943,658.941|747.973,662.389|698.162,630.734|666.268,614.967|613.227,661.164|686.621,626.305|1006.39,953.545|1003.66,1234.23|990.904,1422.59|993.652,1611.94|905.3,940.711|745.68,1058.71|790.254,1289.89|742.548,1461.57|986.237,589.714|943.642,575.696|963.726,548.579|1023.66,544.594|933.155,556.376|933.737,559.86
88|1|949.794,942.653|961.119,833.696|968.661,752.996|980.51,631.947|998.027,653.611|1076.3,682.288|1112.6,850.397|1075.13,986.843|1021.87,990.751|964.509,974.049|995.013,947.832|959.04,650.477|882.321,656.222|749.061,659.767|710.726,626.42|677.902,602.292|618.273,633.539|687.869,613.19|1002.88,950.101|975.771,1191.04|970.414,1370.76|969.166,1563.92|902.396,936.159|736.612,963.66|775.39,1215.16|707.962,1375.06|985.281,587.637|947.529,572.755|969.506,547.232|1027.48,547.221|937.997,551.734|935.474,552.659
89|1|934.578,929.633|953.056,824.536|965.741,746.894|981.154,629.513|997.627,651.195|1073.54,680.652|1111.91,844.415|1074.82,973.727|1022.06,985.723|962.747,978.985|994.523,947.554|959.542,646.865|884.337,651.103|754.972,646.603|714.748,611.312|681.361,592.838|632.779,604.888|701.417,582.056|985.755,940.842|954.216,1158.34|936.803,1332.84|929.798,1521.74|888.945,919.789|725.487,958.087|746.682,1207.99|671.113,1359.45|987.217,586.549|940.651,571.578|969.013,551.302|1032.73,560.187|940.09,547.369|949.756,540.748
90|1|927.626,925.884|949.554,821.595|964.952,744.626|982.018,627.876|998.044,649.634|1073.34,678.685|1111.92,841.211|1075.14,965.612|1021.86,982.464|960.643,981.991|995.236,947.268|960.277,644.918|885.549,649.12|757.105,641.38|718.228,600.716|688.377,579.719|648.098,577.186|703.924,571.402|978.294,938.673|940.36,1141.57|917.31,1314.29|906.444,1502.14|882.418,914.623|730.081,948.804|736.081,1204.19|656.902,1354.74|988.804,585.148|947.397,573.383|968.721,547.794|1027.79,545.225|938.811,552.737|940.094,552.091
91|1|927.428,925.935|949.524,821.466|965.067,744.377|981.74,627.319|997.844,649.053|1073.19,678.224|1111.86,840.966|1074.85,965.282|1021.17,982.434|959.368,982.31|995.304,947.273|960.052,644.474|885.316,649.003|757.036,639.388|716.662,595.64|684.622,572.536|650.287,571.644|709.104,573.244|978.161,938.783|944.809,1135.4|914.331,1312.55|902.189,1501.88|882.157,914.619|770.379,970.317|762.432,1225.53|689.729,1383.67|988.387,584.472|946.513,571.595|968.769,546.686|1028.42,545.896|938.848,550.629|940.921,549.825
92|1|927.423,925.91|949.522,821.435|965.067,744.332|981.761,627.25|997.858,648.99|1073.19,678.169|1111.86,840.894|1074.88,965.124|1021.2,982.244|959.41,982.072|995.318,947.161|960.073,644.403|885.349,648.875|757.167,638.787|717.101,594.58|685.327,571.071|651.411,569.45|710.357,570.36|978.158,938.759|944.798,1135.18|914.264,1312.65|902.085,1502.06|882.151,914.594|769.251,969.65|761.644,1225.22|688.49,1383.11|988.415,584.394|946.612,571.614|968.798,546.663|1028.38,545.744|938.88,550.668|940.872,549.855
93|1|926.105,926.308|948.664,821.828|964.551,744.701|981.258,627.527|997.312,649.279|1072.76,677.857|1111.86,840.345|1074.58,963.138|1020.64,981.247|958.178,982.246|995.398,947.099|959.616,644.671|885.043,648.782|757.444,636.299|721.292,589.515|690.676,564.015|661.592,555.222|726.124,544.928|976.786,939.372|939.634,1136.63|911.254,1316.03|899.002,1505.68|880.884,914.801|740.761,974.181|738.977,1235.14|659.798,1391.65|987.903,584.641|948.911,568.686|969.276,543.58|1026.45,542.741|939.27,549.705|938.338,553.423
94|1|919.775,926.082|945.556,821.46|964.262,744.979|980.942,627.876|996.869,649.499|1072.46,677.41|1112.08,839.192|1070.89,960.695|1018.6,980.489|956.967,983.015|991.821,947.093|959.405,645.076|885.19,647.577|759.73,631.799|726.107,585.546|695.688,558.329|667.595,534.598|727.376,515.723|970.257,940.301|945.569,1132.68|905.975,1312.32|893.346,1502.46|874.591,913.505|753.244,966.089|737.139,1234.71|662.249,1397.42|987.714,585.045|946.895,574.75|968.214,549.359|1026.72,546.366|938.537,553.762|939.726,551.619
95|1|920.711,924.384|946.158,820.006|964.681,743.785|981.665,626.872|997.474,648.486|1072.59,677.302|1111.94,838.868|1070.08,960.904|1018.06,980.713|956.618,983.193|991.273,947.249|960.137,644.006|886.175,645.521|764.434,619.578|735.021,565.518|706.076,534.598|678.06,505.971|731.356,500.167|971.098,938.381|948.2,1131.13|906.521,1314.18|892.614,1504.43|875.592,911.999|753.741,970.773|733.655,1244.38|656.68,1407.24|988.591,584.108|947.926,571.73|968.589,546.424|1026.62,543.859|939.111,551.828|940.044,552.264
96|1|919.951,923.705|945.8,819.535|964.738,743.705|981.823,626.802|997.57,648.431|1072.56,677.518|1111.69,838.883|1069.55,962.102|1018.45,979.761|957.995,983.274|990.703,946.933|960.328,643.895|886.519,645.346|766.142,618.061|739.891,564.24|709.239,540.673|685.592,507.623|737.295,493.12|970.209,937.824|952.635,1138.12|905.037,1323.31|891.165,1513.78|874.912,911.203|759.399,996.038|732.056,1271.42|656.971,1438.52|988.775,584.042|949.828,572.416|969.589,546.75|1026.26,543.031|940.062,552.818|939.361,553.411
97|1|921.093,922.718|946.673,818.707|965.444,742.975|982.39,626.173|998.124,647.764|1072.91,676.976|1111.86,837.985|1069.88,961.088|1019.28,979.139|959.241,983.406|990.804,946.918|960.958,643.262|887.314,644.417|767.615,614.742|742.838,559.181|715.789,532.965|693.903,499.087|742.799,489.889|971.292,936.695|953.911,1139.81|906.528,1325.94|892.541,1516.12|876.104,910.341|760.038,994.979|732.351,1271.81|657.374,1438.94|989.291,583.445|950.645,571.353|970.237,545.79|1026.6,542.252|940.778,552.007|939.865,553.129
98|1|923.688,925.397|947.974,820.278|965.836,743.804|981.41,625.943|997.468,647.462|1072.61,676.712|1111.98,838.63|1071.18,963.466|1018.77,980.278|957.111,983.015|991.795,947.448|960.104,643.424|886.174,645.057|767.767,611.962|746.094,552.285|717.32,523.946|694.539,491.541|746.364,483.487|974.39,938.668|959.642,1146.69|913.102,1335.73|899.454,1527.6|878.226,913.649|765.211,1006.74|738.403,1287.63|664.322,1458.11|987.832,582.82|949.168,570.318|970.416,545.561|1027.55,544.272|940.594,549.824|940.191,549.259
99|1|923.694,925.39|947.976,820.258|965.833,743.776|981.397,625.901|997.459,647.421|1072.61,676.669|1112.01,838.608|1071.18,963.475|1018.75,980.296|957.068,983.038|991.798,947.454|960.09,643.386|886.149,645.024|767.686,611.946|746.01,552.296|717.257,523.942|694.713,491.595|746.88,484.231|974.402,938.658|959.905,1146.81|913.282,1335.95|899.776,1527.87|878.226,913.644|765.398,1007.15|738.713,1287.93|664.83,1458.55|987.814,582.772|949.196,569.53|970.5,544.922|1027.61,544.132|940.669,549.193|940.251,549.188
100|1|923.697,925.383|947.974,820.254|965.827,743.77|981.384,625.894|997.446,647.414|1072.59,676.658|1111.98,838.576|1071.17,963.435|1018.75,980.261|957.088,983.012|991.791,947.418|960.081,643.379|886.147,645.018|767.658,611.901|746.024,552.198|717.381,523.664|695.13,491.173|747.761,484.288|974.404,938.649|960.056,1146.8|913.389,1336.05|899.966,1527.99|878.231,913.639|765.441,1006.9|738.677,1287.9|664.773,1458.52|987.798,582.765|949.427,569.254|970.74,544.718|1027.71,544.147|940.878,548.959|940.269,549.129
101|1|924.991,925.539|948.74,820.256|966.216,743.769|981.911,625.926|997.97,647.468|1073.14,676.946|1112.09,839.137|1069.67,963.456|1017.81,980.517|956.587,983.208|990.89,947.005|960.564,643.39|886.517,645.004|765.521,611.886|744.242,552.962|719.245,521.096|705.141,487.494|759.504,478.054|975.777,938.517|963.043,1147.36|916.228,1339.2|904.133,1531.75|879.445,914.051|769.037,1006.24|743.245,1287.01|670.801,1458.3|988.375,582.808|951.4,567.315|972.063,542.804|1028.02,542.777|942.038,547.862|939.975,550.31
102|1|932.914,927.796|951.517,821.909|965.951,744.954|983.301,627.44|999.004,649.161|1074.33,677.734|1112.29,839.557|1066.92,962.656|1017.34,979.898|958.21,983.42|988.478,946.066|961.752,644.599|887.927,643.4|769.103,604.669|752.271,543.443|718.337,512.903|686.386,486.172|763.601,469.474|983.99,937.598|974.614,1149.19|929.603,1345.73|922.136,1537.79|886.891,919.113|783.336,1018.14|763.655,1292.48|698.411,1465.92|990.425,584.473|955.564,563.319|979.771,542.352|1035.46,550.968|949.515,542.808|947.776,545.116
103|1|932.88,927.838|951.384,821.818|965.766,744.82|982.192,626.914|998.108,648.553|1073.58,677.191|1112.23,839.267|1068.77,965.192|1018.67,979.327|959.565,983.257|988.955,946.224|960.736,644.287|886.731,643.61|768.589,605.713|751.254,544.385|723.116,505.413|701.419,466.318|766.124,472.935|984.036,937.56|985.863,1157.63|936.403,1354.26|931.146,1546.27|886.776,919.226|799.102,1045.18|776.722,1315.75|718.187,1493.01|988.969,583.791|954.11,564.99|974.519,541.13|1029.13,543.187|944.267,546.392|940.422,551.544
104|1|934.456,927.368|951.83,822.227|965.91,745.15|982.684,627.808|998.388,649.348|1073.28,677.821|1112.19,838.551|1071.45,964.548|1021.72,977.219|963.277,983.07|989.862,946.836|961.304,645.067|887.822,643.783|768.284,605.891|751.727,540.582|729.725,502.973|699.508,469.187|768.51,461.532|985.229,936.054|998.597,1174.19|943.58,1369.84|942.028,1558.21|888.542,919.662|818.922,1090.15|790.729,1354.48|742.461,1533.09|989.682,584.922|955.117,565.902|974.732,541.976|1028.67,543.439|944.795,548.001|940.678,554.179
105|1|934.576,926.429|952.027,821.353|966.163,744.265|982.926,626.929|998.617,648.469|1073.25,677.409|1111.84,838.144|1071.64,964.25|1021.65,977.356|962.889,983.158|990.179,946.951|961.564,644.181|888.144,643.057|769.126,605.253|754.011,540.3|733.391,505.628|709.494,467.858|764.341,475.409|985.326,935.167|1000.04,1177.88|946.336,1370.03|945.115,1557.12|888.685,918.676|810.166,1082.47|786.191,1346.82|736.969,1525.43|989.921,584.036|954.568,567.817|975.427,543.979|1030.33,545.199|945.435,548.336|942.476,550.745
106|1|934.606,926.463|952.072,821.38|966.226,744.295|983.05,626.959|998.731,648.504|1073.36,677.471|1111.92,838.235|1071.76,964.379|1021.79,977.489|963.061,983.288|990.276,947.036|961.675,644.207|888.247,643.052|769.498,605.279|754.975,540.396|734.744,505.564|711.428,467.483|766.721,475.293|985.359,935.205|1000.24,1178.18|946.44,1369.88|945.256,1556.88|888.712,918.707|811.304,1083.86|787.348,1347.06|738.787,1525.73|990.075,584.068|955.024,567.9|975.791,544.016|1030.5,545.145|945.755,548.43|942.504,550.855
107|1|935.39,928.552|952.345,822.69|966.163,745.028|982.572,626.777|998.438,648.383|1073.59,677.393|1112.15,839.363|1072.45,967.171|1021.38,978.242|961.728,983.217|990.258,946.969|961.141,644.259|887.252,643.297|769.82,604.53|759.394,540.772|737.507,506.439|727.601,464.69|777.008,467.489|986.509,936.964|1006.44,1189.29|950.059,1383.84|948.682,1571.11|889.144,921.092|824.879,1113.45|796.341,1375.22|752.54,1555.31|989.483,583.546|958.437,566.998|977.07,542.192|1028.85,541.641|946.584,548.56|939.093,553.178
108|1|937.884,930.102|953.151,823.811|965.975,745.206|982.423,626.368|998.337,648.02|1073.63,677.131|1112.52,839.557|1074.7,969.825|1024.18,975.662|964.801,983.211|990.219,947.026|960.906,643.996|886.549,643.045|774.264,601.637|763.591,544.381|741.515,496.454|735.686,462.032|785.922,474.743|989.223,937.201|1011.05,1199.41|954.338,1398.12|955.494,1584.49|891.308,923.812|835.663,1132.43|806.359,1391.54|767.77,1572.76|989.449,582.926|958.616,567.361|978.752,542.949|1031.17,543.535|947.83,547.498|940.542,549.493
109|1|937.811,929.873|953.096,823.494|965.993,744.844|983.09,625.988|998.903,647.702|1074.16,677.042|1112.59,839.773|1075.93,971.126|1025.48,975.928|966.161,982.991|990.795,947.173|961.436,643.574|886.977,642.251|776.285,602.907|769.038,546.819|743.255,503.29|733.573,462.014|794.991,475.301|989.198,936.912|1014.46,1202.9|956.74,1401.16|958.533,1586.79|891.173,923.635|840.417,1140.62|810.496,1395.39|774.565,1576.4|990.435,582.544|963.151,567.273|980.469,541.637|1029.79,539.423|949.501,548.819|938.354,553.232
110|1|937.881,928.944|952.947,823.739|965.789,745.317|983.71,627.311|999.147,648.998|1073.66,678.052|1112.06,839.082|1077.4,968.811|1026.96,975.31|967.924,982.291|991.706,947.614|962.161,644.582|888.688,641.611|777.682,605.118|770.432,548.519|748.18,504.406|738.841,461.178|805.666,472.151|988.687,935.513|1017.69,1205.29|958.248,1404.08|960.843,1586.41|891.674,923.118|845.769,1150.88|812.947,1402.11|780.318,1580.77|991.384,584.215|964.052,557.24|985.517,536.646|1035.9,546.989|954.626,539.324|945.759,548.269
111|1|938.125,925.649|953.234,822.406|966.254,745.023|984.992,628.527|1000.13,650.071|1073.79,679.542|1112.24,839.09|1079.83,968.562|1030.23,974.171|972.086,981.905|993.022,948.261|963.455,645.484|890.496,641.738|783.119,605.429|779.164,552.353|758.912,509.358|740.148,468.601|830.36,476.444|988.134,931.781|1017.35,1202.97|957.113,1396.67|960.872,1574.28|892.547,920.203|852.332,1153.54|816.564,1397.81|786.359,1573.1|993.006,586.011|964.415,565.216|981.978,541.424|1031.56,543.101|951.807,548.522|942.464,557.263
112|1|939.27,923.929|954.685,821.419|967.876,744.396|986.214,628.187|1001.27,649.631|1074.07,679.9|1111.6,838.482|1083.5,969.003|1033.95,973.545|975.776,981.276|995.191,949.261|964.9,645.097|892.587,642.084|789.596,606.079|788.332,548.215|772.206,509.628|767.806,463.215|822.886,475.906|988.958,930.287|1017.71,1204.57|957.673,1392.64|960.622,1567.07|894.001,918.279|853.051,1158.78|816.701,1400.93|787.026,1573.88|994.079,585.777|968.294,564.323|986.344,541.462|1034.3,545.018|956.07,547.174|945.071,555.144
113|1|941.126,922.474|956.002,819.895|968.798,743.079|987.409,627.515|1002.39,648.883|1074.69,679.341|1112.08,837.403|1084.83,964.313|1033.73,973.947|974.756,981.008|996.783,949.772|966.068,644.33|893.85,641.263|792.025,607.25|795.229,553.592|782.798,512.367|781.549,468.801|828.883,474.215|990.804,928.748|1012.42,1195.77|959.529,1371.11|959.845,1545.72|895.9,916.903|817.284,1099.81|798.172,1342.31|756.8,1516.42|995.4,585.337|967.867,563.156|986.393,540.516|1035.54,544.648|956.25,546.135|946.774,554.545
114|1|942.001,922.288|956.856,819.069|969.648,742.025|987.886,626.484|1002.94,647.781|1075,678.693|1112.02,836.972|1085.25,962.178|1032.64,974.438|972.394,980.321|997.601,949.917|966.593,643.378|894.416,640.702|796.477,610.791|806.835,560.224|794.795,520.431|796.346,472.902|846.424,483.331|991.849,928.761|1012.31,1187.28|960.891,1357.88|959.289,1534.54|896.649,916.541|808.113,1064.82|792.507,1315.34|743.959,1489.73|995.763,584.303|969.786,564.789|988.217,541.64|1036.51,544.353|957.848,546.866|947.095,552.857
115|1|940.749,922.157|956.092,818.461|969.615,741.925|988.424,626.69|1003.34,647.942|1075.2,678.666|1111.77,836.831|1084.77,960.875|1032.7,974.087|972.707,980.299|997.617,949.919|967.037,643.553|894.773,641.693|798.763,605.004|808.732,549.207|797.341,500.062|781.052,445.877|861.947,475.074|990.591,928.94|1014.23,1175.69|959.809,1348.17|960.028,1527.48|895.378,916.125|816.25,1047.41|797.784,1301.24|749.009,1476.33|996.64,584.642|975.466,560.557|991.042,537.579|1035.31,541.159|960.712,545.099|945.304,556.951
116|1|941.264,918.802|957.405,815.718|971.517,739.518|991.177,624.914|1005.71,646.187|1076.68,677.268|1111.85,834.065|1087.02,956.971|1035.69,972.109|976.349,980.056|999.565,950.526|969.886,641.489|898.698,638.967|811.763,604.716|830.226,550.074|830.325,512.047|834.843,472.888|868.787,488.412|990.758,926.168|1016.3,1166.35|958.872,1344.64|958.379,1524.97|896.23,912.239|817.691,1040.24|796.102,1297.35|745.762,1471.07|999.769,583.102|972.105,566.643|990.401,543.003|1039.44,543.503|960.514,548.368|951.345,552.296
117|1|941.264,918.801|957.406,815.718|971.519,739.518|991.179,624.913|1005.72,646.187|1076.68,677.268|1111.85,834.066|1087.02,956.976|1035.69,972.116|976.355,980.067|999.568,950.531|969.889,641.489|898.7,638.966|811.77,604.717|830.242,550.078|830.349,512.052|834.877,472.896|868.818,488.418|990.758,926.168|1016.31,1166.35|958.872,1344.64|958.378,1524.97|896.231,912.239|817.694,1040.24|796.104,1297.35|745.765,1471.07|999.772,583.102|972.114,566.642|990.411,543.003|1039.45,543.506|960.523,548.365|951.351,552.291
118|1|941.828,911.375|959.545,808.896|975.047,732.5|999.564,618.067|1012.96,639.975|1081.25,676.793|1111.28,834.316|1090.73,959.391|1039.93,969.799|981.046,980.04|1000.67,950.87|977.742,633.862|907.545,631.867|828.813,600.797|862.878,549.499|860.518,512.778|865.637,479.664|906.101,485.798|990.993,919.155|1022.34,1177.21|950.669,1373.96|951.567,1555.14|896.971,904.416|840.28,1107.94|796.537,1359.51|752.901,1533.47|1010.29,576.344|983.697,562.861|1002.18,538.966|1050.72,538.166|972.212,543.608|962.39,544.621
119|1|942.79,910.621|960.317,808.186|975.594,731.624|1000.35,617.332|1013.58,639.266|1081.4,676.26|1111.26,833.058|1093.42,958.846|1043.28,968.436|984.9,979.633|1002.98,951.287|978.619,633.003|909.091,630.736|835.442,597.806|874.815,543.692|873.984,510.542|877.645,477.136|918.378,485.594|991.886,918.341|1023.43,1183.2|951.48,1386.97|952.368,1567.08|897.991,903.715|846.348,1129.44|799.438,1377.87|760.569,1550.83|1011.19,575.67|989.651,557.939|1009.07,536.099|1054.76,540.438|978.763,538.588|965.804,540.791
120|1|958.045,881.558|970.321,799.096|978.898,732.948|999.85,636.486|982.11,649.082|920.414,641.295|802.165,603.539|821.873,607.478|826.561,597.599|829,617.642|836.403,626.236|1010.8,655.545|1061.64,685.279|1094.04,815.2|989.557,843.461|951.881,862.155|904.244,871.094|926.988,827.196|916.962,877.926|888.546,965.906|869.291,1157.25|853.731,1197.89|994.547,884.875|958.155,1000.39|931.82,1196.84|917.296,1229.51|1006.18,600.941|993.408,596.367|989.601,577.181|976.007,565.89|1009.48,584.185|1045.33,583.147
121|1|958.492,884.91|970.625,801.062|979.023,733.613|998.195,634.622|980.349,647.971|915.772,640.588|822.306,596.289|871.22,603.035|863.627,593.491|852.653,628.078|838.951,626.728|1009.82,653.797|1062.67,682.05|1099.07,814.223|990.573,845.164|942.973,855.877|896.048,881.561|932.22,827.385|916.681,881.931|888.134,960.088|873.081,1149.88|858.169,1186.75|995.553,887.644|955.992,996.603|933.248,1197.58|916.507,1235.26|1003.84,598.055|956.851,560.649|955.801,556.938|969.122,588.911|972.316,548.201|1025.99,556.316
122|1|959.461,883.164|972.737,798.896|982.048,731.052|1003.94,631.829|985.529,644.965|919.801,635.771|842.948,580.53|918.395,558.605|938.773,525.704|949.883,492.029|922.923,546.551|1015.23,651.424|1067.84,680.797|1099.47,815.732|990.008,845.762|942.704,856.874|895.151,882.122|930.243,827.438|917.421,879.816|886.271,959.863|870.508,1146.99|856.022,1175.84|996.694,886.222|962.538,997.589|938.884,1201.6|922.297,1238.61|1010.6,594.781|967.775,549.437|965.995,547.834|974.872,585.625|984.019,539.146|1037.01,554.059
123|1|959.543,883.258|972.898,799.026|982.249,731.207|1004.22,632.045|985.831,645.147|920.197,636.057|841.98,582.587|916.738,560.947|936.914,527.992|947.685,494.537|920.783,549.351|1015.46,651.64|1067.93,680.88|1098.85,815.717|989.719,846.453|942.509,857.781|895.107,883.267|929.919,828.512|917.533,879.866|886.186,959.927|870.226,1146.89|855.682,1175.56|996.748,886.356|962.576,997.8|938.793,1201.81|922.189,1238.87|1010.88,595.053|967.988,549.787|966.328,548.129|975.36,585.791|984.287,539.503|1037.3,554.419
124|1|952.938,913.84|966.744,814.58|982.784,740.22|1005.89,632.326|1017.9,653.417|1082.38,686.489|1136.89,826.878|1128.04,911.213|1143.3,954.904|1107.19,1009.29|1090.86,966.761|986.075,646.214|926.65,642.302|862.163,591.789|946.125,518.664|961.228,482.802|934.171,519.628|922.505,553.207|1000.02,924.104|1087.86,1119.25|995.38,1394.79|1013.7,1588.01|909.735,904.551|905.573,1006.97|842.95,1339.04|827.365,1516.83|1015.91,593.128|1004.36,550.374|1007.58,535.701|1036.05,547.098|984.648,548.875|964.352,584.599
125|1|955.731,910.138|967.839,809.352|980.68,734.829|1007.55,624.476|1018.55,645.558|1081.71,681.375|1137.07,823.323|1158.79,900.964|1148.29,943.933|1116.83,1001.46|1105.35,947.194|987.096,639.515|926.277,639.16|866.924,595.479|974.119,502.232|971.936,456.106|963.804,526.028|1052.4,547.549|1002.82,914.769|1069.85,1126.16|1001.36,1387.11|1036.4,1562.35|912.434,906.007|895.315,1084.78|845.306,1373.15|819.478,1537.73|1020.34,584.643|1042.05,519.058|1046.56,516.204|1057.5,557.219|1020.72,514.473|975.579,552.246
126|1|955.788,908.781|967.636,807.354|980.41,732.372|1007.03,621.113|1018.13,642.248|1081.57,678.296|1136.5,821.5|1160.71,901.318|1150.21,945.168|1117.49,1003.3|1105.95,948.061|986.529,636.416|926.118,636.167|872.941,593.346|984.317,498.569|986.281,451.518|980.069,522.801|1065.34,544.52|1003.14,913.135|1074.97,1131.06|1003.78,1380.41|1038.4,1557.12|912.208,904.903|897.485,1090.82|849.934,1361.16|825.334,1529.98|1019.83,580.926|1041.44,527.92|1051.36,520.689|1064.97,555.194|1023.7,516.987|980.157,541.793
127|1|958.786,906.732|968.631,802.253|980.519,724.581|1005.69,609.641|1017.4,630.965|1080.8,669.74|1134.84,818.582|1169.56,922.195|1153.02,958.417|1109.78,1006.42|1104.08,950.328|984.964,626.063|925.129,629.053|893.069,593.543|994.218,513.021|1006.56,432.348|992.566,513.709|1076.72,522.422|1006.61,908.936|1090.23,1149.63|1020.25,1391.9|1053.71,1573.75|914.41,904.818|904.826,1115.21|860.134,1378.71|839.742,1558.46|1018.28,567.974|1006.01,534.536|1026.17,517.971|1066.26,535.921|995.472,517.666|976.434,529.25
128|1|959.367,905.508|969.049,801.19|981.141,723.762|1008.35,609.489|1019.55,630.697|1082.22,668.665|1134.57,818.016|1170.92,920.253|1154.65,956.686|1112.03,1004.98|1106.08,949.193|987.398,625.885|928.747,628.25|902.595,594.141|1011.75,524.095|1056.21,459.544|1008.09,513.471|1059.59,488.695|1006.99,907.368|1096.96,1142.42|1026.14,1374.15|1058.2,1556.19|915.125,903.91|908.548,1081.36|868.066,1336.89|846.563,1518.92|1021.92,568.121|1006.7,546.319|1020.23,522.887|1060.01,524.485|990.124,530.916|970.07,541.736
129|1|959.581,905.381|969.339,801.033|981.523,723.597|1009.02,609.33|1020.15,630.558|1082.76,668.584|1135.11,818.046|1171.74,920.322|1155.54,956.768|1112.9,1005.07|1106.88,949.238|988.021,625.707|929.497,627.997|904.46,594.388|1014.81,524.959|1060.16,460.651|1011.4,514.48|1063.2,492.13|1007.21,907.263|1097.5,1142.49|1026.29,1373.66|1058.36,1555.73|915.333,903.764|907.602,1079.32|867.194,1336.39|844.969,1518.63|1022.71,567.971|1010.99,548.387|1024.62,524.699|1062.44,525.719|994.15,531.791|971.473,539.939
130|1|965.065,904.475|972.314,801.267|982.749,723.846|1012.21,612.09|1022.03,632.468|1082.83,663.232|1133.12,809.591|1148.6,906.334|1150.53,957.507|1107.65,1015.25|1093.64,961.844|991.728,628.564|938.186,631.807|928.396,595.749|1048.62,527.097|1107.86,473.458|1050.23,520.391|1088.96,511.645|1010.02,903.525|1115.36,1113.72|1043.51,1328.28|1081.68,1505.36|922.849,905.486|920.739,1048.32|889.951,1299.27|880.963,1481.52|1027.2,571.82|1041.68,542.665|1052.94,523.933|1072.89,536.976|1022.86,525.384|982.094,535.46
131|1|971.63,910.499|977.545,806.473|986.894,728.31|1011.88,614.153|1022.16,634.138|1083.62,658.208|1161.86,792.942|1185.64,874.453|1164.81,924.232|1131.07,989.568|1120.39,929.982|992.361,631.803|940.766,636.078|939.055,598.112|1069.4,525.454|1139.89,483.605|1072.53,514.546|1103.53,520.305|1016.83,908.497|1133.11,1107.07|1060.29,1314.79|1100.76,1491.58|929.161,912.501|936.714,1060.87|911.404,1312.29|910.213,1496.63|1025.54,572.918|1039.05,531.097|1042.51,513.234|1059.32,528.183|1014.72,521.427|972.665,548.658
132|1|983.89,915.498|984.193,811.677|989.905,733.458|1008.09,617.289|1019.28,636.758|1082.09,658.488|1168,788.416|1205.44,873.863|1172.48,921.552|1134.26,982.858|1129.82,921.636|989.889,636.088|939.248,642.325|939.324,602.106|1052.83,522.783|1126.31,489.463|1110.33,519.123|1119.85,530.66|1027.88,909.727|1153.51,1122.34|1090.03,1338.73|1138.51,1511.48|942.37,921.062|976.769,1136.14|946.948,1381.13|960.306,1561.82|1019.37,575.156|1037.21,527.667|1037.9,511.806|1050.2,530.551|1011.49,519.956|966.443,552.015
133|1|984.448,915.283|985.174,812.217|990.569,734.225|1006.33,617.716|1017.88,637.124|1081.5,658.286|1177.37,780.727|1229.57,861.348|1192.37,906.262|1151.03,963.385|1151.03,905.192|988.592,636.634|938.094,643.439|942.692,603.143|1056.92,518.627|1130.54,491.747|1129.34,524.516|1127.86,532.757|1028.38,909.467|1157.27,1135.25|1101.05,1357|1154.28,1524.22|943.013,920.884|988.304,1167.44|955.629,1409.23|976.367,1583.32|1016.66,575.41|1038.64,522.317|1042.69,510.678|1054.23,538.664|1015.27,513.122|968.152,543.682
134|1|986.451,917.113|987.391,813.19|991.735,733.843|1009.83,616.554|1020.97,636.334|1084.58,658.912|1175.17,787.055|1237.82,870.154|1205.19,907.763|1157.43,953.477|1160.28,899.399|991.695,635.349|939.572,641.239|949.005,605.131|1066.85,521.386|1122.58,506.045|1167.22,565.846|1117.23,516.602|1030.52,910.879|1158.97,1147.77|1103.64,1373.34|1158.37,1538.82|944.82,923.119|993.898,1185.78|953.976,1421.65|975.333,1594.22|1021.14,574.03|1028.8,541.76|1039.05,522.174|1063.23,534.129|1008.82,526.846|971.761,542.459
135|1|989.348,920.518|989.581,816.566|992.714,736.758|1009.28,618.754|1020.68,638.442|1084.77,661.209|1174.72,790.541|1242.8,879.777|1211.42,911.916|1159.12,949.169|1164.09,897.689|991.398,637.87|939.202,643.963|955.368,605.523|1078.68,521.914|1135.16,510.422|1190.48,559.923|1134.38,520.549|1033.28,913.42|1158.18,1157.22|1106.98,1381.97|1161.18,1545|947.814,927.348|996.361,1200.68|956.451,1432|978.113,1602.06|1020.07,575.941|1036.27,543.8|1038.51,522.373|1053.07,529.14|1010.95,532.344|966.812,553.697
136|1|989.718,922.398|990.141,818.402|993.472,738.58|1010.81,620.565|1022.07,640.339|1086.05,663.4|1174.15,794.542|1242.75,886.289|1211.06,915.871|1156.09,949.484|1162.04,898.637|992.808,639.586|940.734,645.23|958.41,606.003|1083.34,522.835|1140.99,511.126|1198.1,557.974|1141.25,524.118|1033.65,915.299|1158.07,1160.52|1107.3,1383.88|1160.92,1545.7|948.177,929.229|996.272,1206.42|954.682,1432|975.811,1600.17|1021.89,577.793|1015.81,549.935|1033.75,530.914|1069.75,543.882|1002.32,531.644|977.237,539.747
137|1|989.969,922.672|990.457,818.653|993.852,738.814|1011.37,620.77|1022.58,640.563|1086.45,663.79|1172.92,795.959|1240.88,889.402|1209.35,917.742|1155.11,950.116|1161.37,899.134|993.349,639.779|941.387,645.382|959.93,606.328|1085.6,523.246|1144.19,511.451|1202.41,558.201|1145.08,527.733|1033.9,915.572|1158.17,1161.17|1106.66,1383.18|1159.87,1544.65|948.431,929.504|996.345,1207.7|953.914,1430.27|974.713,1597.78|1022.53,577.995|1012.77,548.211|1028.43,527.974|1065.97,538.571|997.375,532.357|973.783,545.5
138|1|992.139,924.704|992.517,819.793|995.793,739.228|1012.77,619.703|1024.28,639.855|1088.2,664.841|1170.19,801.802|1237.66,901.822|1204.78,925.479|1144.5,951.059|1153.28,900.81|994.627,638.791|941.49,644.875|962.779,607.745|1091.11,522.144|1151.42,515.21|1214.38,559.21|1156.3,530.836|1036.52,917.418|1157.81,1169.12|1108.27,1393.39|1162.57,1554.93|950.174,931.715|994.411,1218.77|951.86,1441.06|971.656,1608.83|1023.7,576.374|1018.81,552.818|1030.44,529.519|1063.46,532.694|999.722,537.148|971.199,548.777
139|1|992.214,924.794|992.628,819.869|995.952,739.297|1013.06,619.758|1024.55,639.914|1088.46,664.972|1170.25,802.164|1237.58,902.351|1204.64,925.922|1144.26,951.361|1153.14,901.111|994.901,638.849|941.791,644.958|963.455,608.245|1092.18,522.945|1152.76,516.304|1215.96,560.64|1157.66,532.707|1036.59,917.5|1157.87,1169.32|1108.13,1393.27|1162.39,1554.73|950.247,931.813|994.409,1219.16|951.646,1440.72|971.337,1608.35|1024.05,576.427|1020.93,553.386|1032.76,530.159|1064.82,533.605|1001.88,537.15|972.115,547.715
140|1|992.273,925.208|992.698,820.184|996.053,739.531|1013.29,619.845|1024.76,640.02|1088.71,665.303|1169.12,803.606|1235.53,904.526|1202.29,927.444|1141.43,951.889|1150.82,901.69|995.107,638.969|942.117,645.043|965.148,608.651|1095.18,523.53|1156.48,516.868|1220.09,561.938|1160.37,536.426|1036.68,917.85|1157.97,1170.11|1107.91,1393.38|1162.09,1554.58|950.276,932.288|994.194,1220.84|950.887,1440.19|970.355,1607.39|1024.35,576.465|1024.98,554.185|1038,531.585|1068.3,536.691|1006.65,536.348|974.57,544.034
141|1|992.388,925.518|992.812,820.494|996.18,739.838|1013.41,620.123|1024.86,640.277|1088.8,665.412|1169.86,803.416|1236.55,903.891|1203.23,927.072|1142.2,951.881|1151.47,901.69|995.244,639.281|942.472,645.416|967.088,609.901|1098.19,525.251|1160.4,518.742|1224.99,563.641|1163.41,540.303|1036.77,918.112|1157.97,1170.48|1107.81,1393.13|1161.85,1554.05|950.408,932.645|994.147,1221.85|950.552,1439.79|969.955,1606.55|1024.48,576.733|1025.65,559.102|1037.16,534.695|1066.53,534.976|1006.07,541.185|973.111,547.062
142|1|992.622,925.618|993.047,820.534|996.435,739.825|1013.71,620.011|1025.14,640.167|1088.95,665.255|1170.21,803.259|1237.32,903.512|1204.13,926.803|1143.08,951.741|1152.21,901.612|995.547,639.203|942.925,645.428|968.919,611.033|1101.01,526.855|1163.89,520.339|1229.31,564.986|1166.31,543.497|1037.01,918.164|1158.2,1170.8|1107.91,1392.94|1161.8,1553.72|950.634,932.791|994.239,1222.82|950.389,1439.77|969.733,1606.25|1024.83,576.583|1027.74,555.879|1040.22,532.814|1068.89,536.772|1008.87,537.658|974.986,544.201
143|1|993.345,926.943|993.394,821.441|996.382,740.298|1012.23,619.548|1023.91,639.68|1087.78,664.642|1170.32,802.593|1239.93,904.024|1207.55,926.312|1146.54,950.957|1155.48,901.279|994.279,639.072|942.127,646.046|975.182,617.37|1110.22,533.719|1179.53,528.227|1253.05,576.755|1180.49,552.624|1037.85,919.065|1157.98,1173.85|1108.99,1394.9|1162.67,1555.16|951.22,934.523|993.73,1229.44|951.547,1448.69|971.51,1615.11|1022.88,575.731|1025.76,557.597|1038.93,534.014|1068.05,536.735|1007.26,538.335|973.424,542.315
144|1|993.489,927.088|993.592,821.589|996.66,740.452|1012.67,619.698|1024.31,639.814|1088.01,664.839|1169.67,803.37|1239.41,905.933|1207.51,927.599|1146.84,951.495|1155.79,901.724|994.693,639.248|942.569,646.465|976.211,619.559|1111.57,536.899|1181.45,532.124|1255.45,581.917|1179.14,558.546|1037.98,919.191|1157.99,1174.03|1108.56,1393.86|1162.07,1553.75|951.369,934.687|993.859,1230.05|951.552,1448.44|971.48,1614.57|1023.4,575.88|1024.8,561.101|1036.68,535.906|1066.26,534.395|1005.23,542.237|971.921,545.673
145|1|986.888,921.985|991.295,817.719|995.312,736.196|1015.69,615.996|1026.89,636.887|1087.85,667.175|1140.33,817.944|1198.91,933.866|1214.95,947.376|1149.1,935.901|1144.6,896.576|996.764,634.51|941.129,640.848|976.818,623.356|1113.23,541.533|1172.99,554.581|1255.85,594.112|1188.9,590.507|1033.62,917.062|1133.78,1180.41|1092.14,1403.05|1144.65,1563.09|943.051,926.734|961.866,1225|921.899,1437.35|930.567,1600.93|1027.82,572.506|1037.79,558.949|1053.83,537.029|1079.08,541.853|1022.02,536.131|984.952,531.624
146|1|986.675,920.945|991.162,817.176|995.342,736.017|1016.28,616.281|1027.29,637.078|1087.47,668.028|1137.54,819.251|1195.1,936.117|1212.06,949.373|1148.08,935.502|1144.18,896.395|997.351,634.757|942.262,640.958|979.376,625.024|1117.1,547.028|1174.79,559.332|1257.27,600.579|1191.22,593.549|1033.18,915.948|1129.86,1179.72|1084.98,1398.44|1134.06,1559.31|943.04,925.763|965.046,1221.57|921.149,1422.41|927.315,1585.09|1028.65,572.975|1041.36,563.306|1049.42,536.556|1069.97,530.146|1018.95,544.448|977.169,545.69
147|1|986.618,921.357|990.571,818.15|994.364,737.359|1014.54,617.959|1025.6,638.491|1085.41,669.643|1131.85,821.186|1186.15,940.824|1206.87,954.524|1150.92,935.882|1147,898.158|995.806,636.619|941.419,643.75|981.185,632.535|1118.77,558.188|1178.26,568.09|1263.66,607.738|1195.2,599.114|1032.86,915.934|1123.92,1179.42|1079.68,1394.63|1126.3,1554.41|943.216,926.575|952.78,1223.07|910.956,1419.97|914.704,1579.9|1026.66,574.76|1040.44,560.467|1051.15,536.198|1072.05,536.441|1020.15,540.424|978.503,541.45
148|1|986.515,921.469|990.457,818.565|994.308,737.986|1014.6,618.824|1025.57,639.234|1085.08,669.938|1130.58,821.237|1184.4,942.518|1205.03,957.016|1152.78,939.185|1149.42,900.096|995.895,637.551|941.903,645.135|983.556,636.857|1122.24,564.691|1183.55,575.21|1270.82,616.346|1195.93,603.417|1032.61,915.912|1122.64,1178.65|1077.14,1389.87|1122.45,1548.91|943.242,926.813|956.387,1222.46|913.227,1414.7|917.334,1573.62|1026.79,575.714|1042.07,564.878|1050.7,538.947|1069.77,534.712|1020.18,545.401|976.909,546.056
149|1|983.097,920.469|987.161,818.525|991.27,738.633|1012.57,620.276|1023.2,640.518|1081.95,670.679|1126.3,821.441|1179.84,944.496|1202.45,959.069|1154.44,938.445|1150.32,900.923|993.86,638.931|940.972,646.357|986.034,641.59|1126.24,577.921|1188.18,583.693|1277.19,629.598|1187.98,593.246|1028.82,914.654|1122.58,1173.8|1075.84,1380.91|1120.88,1539.06|940.153,926.057|963.392,1217.71|918.158,1401.85|922.685,1560.09|1025.19,577.505|1043.05,567.526|1052.46,542.115|1070.06,538.812|1021.9,547.015|977.278,545.451
150|1|981.627,916.099|986.032,814.733|990.594,735.318|1013.94,617.747|1024.12,638.044|1081.61,669.863|1122.21,821.399|1173.41,946.682|1199.96,962.53|1155.26,937.714|1150.32,900.513|995.001,636.107|942.483,643.712|989.644,646.163|1131.15,589.18|1194.49,595.342|1284,643.141|1191.3,612.612|1027.13,910.379|1123.53,1167.01|1074.85,1372.71|1120.76,1530.82|938.88,921.596|967.345,1209.26|919.716,1389.38|923.408,1548.2|1027.36,575.305|1042.46,571.492|1047.27,542.708|1064.53,529.286|1018,553.864|974.232,554.238
151|1|988.275,922.574|988.659,818.17|991.957,737.906|1013.22,618.389|1023.87,639.115|1082.54,672.048|1121.09,825.26|1169.73,951.254|1197.77,965.743|1155.91,936.093|1150.86,901.335|994.518,636.837|942.489,644.842|988.053,651.554|1132.13,603.056|1202.8,603.076|1288.39,658.764|1194.5,627.325|1033.59,915.34|1137.65,1175.41|1086.02,1388.1|1133.47,1549.69|945.553,929.518|975.235,1221.4|927.434,1402.45|933.129,1564.83|1025.81,575.226|1042.7,571.764|1049.66,543.665|1066.9,532.474|1019.62,552.21|974.883,549.47
152|1|989.146,923.566|989.487,819.153|992.83,738.887|1014.04,619.249|1024.69,639.901|1083.35,672.551|1121.97,826.032|1171.13,952.958|1198.69,967.595|1156.01,937.916|1151.27,902.59|995.351,637.833|943.491,646.205|990.25,654.569|1135.58,607.668|1206.32,608.797|1290.46,667.645|1196.27,634.774|1034.43,916.178|1139.8,1176.08|1090.96,1392.93|1140.5,1554.37|946.445,930.657|970.934,1225.77|924.691,1407.08|929.991,1568.8|1026.66,576.037|1044.34,571.816|1051.67,543.994|1068.62,533.888|1021.46,551.933|976.197,549.089
153|1|998.052,916.868|993.315,816.248|993.87,742.319|1014.2,626.747|1025.9,645.92|1085.11,670.293|1124.2,820.781|1171.87,941.351|1204.27,965.534|1154.05,947.224|1147.18,899.206|994.782,645.846|940.277,653.605|993.099,657.709|1138.23,624.698|1214.64,623.642|1283.38,691.864|1223.6,667.073|1046.14,910.917|1129.86,1121.67|1094.16,1303.39|1125.57,1478.1|953.762,922.484|905.378,975.707|931.435,1136.65|914.471,1279.74|1026.13,584.864|1043.29,569.434|1051.89,544.702|1069.78,544.369|1021.33,550.283|976.756,553.492
154|1|998.159,917.625|993.253,817.056|993.706,743.212|1013.43,627.641|1025.26,646.681|1085.38,670.469|1125.55,820.466|1171.83,943.394|1203.94,966.423|1154.46,950.374|1147.79,901.384|994.08,646.893|939.586,654.971|993.217,659.44|1139.21,626.265|1215.93,625.508|1284.64,693.961|1222.35,671.137|1046.23,911.542|1136.45,1111.11|1098.34,1306.11|1134.15,1482.72|953.881,923.364|922.725,1067.89|939.61,1181.96|925.356,1323.54|1025.14,585.741|1044.41,571.853|1052.79,546.819|1069.19,545.608|1022.31,552.232|976.269,554.07
155|1|998.147,917.612|993.241,817.05|993.706,743.223|1013.43,627.668|1025.26,646.691|1085.9,670.343|1128.55,819.819|1174.88,943.086|1206,966.445|1155.06,951.436|1148.48,902.147|994.071,646.936|939.592,655.09|993.426,659.972|1139.6,627.051|1216.39,626.481|1284.97,695.129|1221.78,672.245|1046.21,911.521|1136.97,1110.42|1098.83,1306.49|1135.04,1483.21|953.869,923.358|920.597,1062.38|938.893,1177.57|924.23,1318.9|1025.14,585.772|1044.1,571.89|1052.54,546.833|1069.19,545.595|1022.02,552.271|976.178,554.125
156|1|988.225,911.78|984.721,812.581|986.467,738.874|1006.5,625.178|1017.58,643.233|1078.38,666.561|1135,809.895|1188.11,935.696|1201.81,957.86|1155.63,956.323|1153.8,905.805|987.698,644.933|936.392,657.536|1001.69,666.403|1151.96,635.536|1223.6,647.928|1295.92,718.929|1228.01,689.631|1035.16,905.104|1153.28,1112.49|1107.75,1321.15|1152.3,1493.14|944.735,918.095|957.377,1151.99|936.319,1277.48|927.636,1428.46|1018.74,583.935|1040.83,572.809|1051.25,548.467|1066.51,548.215|1020.5,550.983|973.354,547.777
157|1|988.029,911.124|984.555,812.114|986.401,738.612|1006.36,625.221|1017.43,643.116|1080.88,664.324|1150.99,802.827|1209.04,927.545|1212.21,951.94|1156.18,957.351|1155.13,905.922|987.578,645.066|936.487,658.095|1002.94,668.631|1154.28,639.052|1226.21,651.615|1299.22,721.85|1229.42,694.82|1034.89,904.399|1159.65,1104.88|1115.62,1317.32|1164.82,1488.22|944.604,917.486|997.539,1109.83|964.057,1272.09|964.574,1430.86|1018.6,584.077|1044.07,573.882|1053.11,548.97|1065.54,547.355|1022.78,552.233|973.059,549.027
158|1|982.374,898.49|979.162,801.669|984.127,730.524|1009.53,621.36|1019.17,638.622|1078.46,663.209|1147.11,798.622|1206.04,919.747|1208.44,947.302|1160.16,957.237|1158.48,906.606|990.288,640.547|940.069,653.128|1006.89,668.896|1158.51,650.757|1235.13,655.666|1298.33,730.125|1227.62,701.367|1025.91,889.598|1157.81,1061.39|1104.16,1253|1158.32,1409.43|941.508,906.95|972.896,1007.58|956.162,1188.09|953.3,1341.03|1024.03,581.926|1020.76,581.314|1041.36,557.997|1076.74,555.972|1009.05,555.225|982.633,539.308
159|1|982.471,898.405|979.286,801.622|984.292,730.517|1009.83,621.426|1019.42,638.678|1078.61,663.201|1147.18,798.477|1206.18,919.64|1208.74,947.328|1160.68,957.459|1158.91,906.777|990.584,640.599|940.482,653.195|1007.81,669.423|1159.8,651.56|1236.87,656.94|1300.37,731.673|1229.66,703.264|1025.98,889.514|1158.37,1060.88|1104.24,1251.72|1158.47,1407.78|941.63,906.864|985.098,1001.18|964.475,1177.82|966.176,1328.74|1024.38,582.024|1025.6,578.665|1045.17,555.689|1077.27,555.305|1012.93,553.137|983.085,539.448
160|1|982.544,898.337|979.395,801.599|984.466,730.556|1010.19,621.582|1019.74,638.807|1078.88,663.363|1147.22,798.817|1206.11,920.15|1208.67,947.872|1160.57,957.904|1158.85,907.192|990.924,640.747|940.904,653.439|1008.67,670.563|1161.06,653.399|1238.46,659.377|1301.98,734.499|1230.2,706.193|1026.03,889.44|1159.2,1060.11|1104.63,1250.25|1159.19,1405.82|941.724,906.802|1000.04,992.189|974.526,1163.25|981.623,1311.03|1024.82,582.23|1030.59,576.771|1048.98,553.997|1077.71,554.751|1016.87,551.721|983.527,539.829
161|1|982.545,898.338|979.397,801.601|984.469,730.56|1010.2,621.588|1019.74,638.813|1078.89,663.367|1147.23,798.821|1206.11,920.158|1208.68,947.883|1160.58,957.918|1158.86,907.204|990.931,640.754|940.913,653.449|1008.69,670.599|1161.1,653.454|1238.51,659.448|1302.01,734.587|1230.21,706.27|1026.03,889.441|1159.21,1060.1|1104.64,1250.23|1159.2,1405.78|941.726,906.804|1000.09,992.113|974.563,1163.15|981.672,1310.92|1024.83,582.238|1030.67,576.769|1049.04,553.994|1077.72,554.751|1016.93,551.721|983.536,539.84
162|1|983.103,892.187|977.861,796.337|981.711,726.056|1005.92,620.76|1015.78,636.819|1076.4,654.426|1141.68,784.259|1194.49,904.616|1202.64,940.386|1165.96,956.056|1160.56,906.865|986.846,640.018|936.955,654.782|1011.2,678.938|1162.28,672.025|1236.63,688.87|1301.84,759.897|1234.24,724.277|1025.86,882.834|1164.87,1021.11|1105.88,1194.95|1158.75,1340.51|942.963,901.076|996.739,954.797|978.269,1121.97|984.345,1262.34|1019.92,582.708|1046.34,578.156|1057.4,553.644|1069.49,550.615|1027.26,554.543|978.218,544.867
163|1|983.109,892.181|977.867,796.329|981.72,726.048|1005.93,620.755|1015.79,636.811|1076.45,654.395|1141.87,784.255|1194.74,904.597|1202.86,940.342|1166.1,955.986|1160.7,906.795|986.854,640.015|936.955,654.795|1011.18,679.005|1162.25,672.144|1236.57,689.018|1301.76,760.075|1234.13,724.464|1025.87,882.828|1164.92,1021.04|1105.92,1194.88|1158.81,1340.44|942.968,901.072|996.896,954.541|978.462,1121.64|984.67,1261.96|1019.93,582.704|1046.46,578.159|1057.48,553.63|1069.48,550.571|1027.35,554.554|978.222,544.893
164|1|983.109,892.181|977.867,796.329|981.72,726.048|1005.93,620.755|1015.79,636.811|1076.45,654.395|1141.87,784.255|1194.74,904.597|1202.86,940.342|1166.1,955.985|1160.7,906.795|986.854,640.015|936.955,654.795|1011.18,679.006|1162.25,672.145|1236.57,689.019|1301.75,760.077|1234.13,724.466|1025.87,882.828|1164.92,1021.04|1105.92,1194.88|1158.81,1340.44|942.968,901.072|996.898,954.54|978.463,1121.64|984.672,1261.96|1019.93,582.704|1046.46,578.159|1057.48,553.63|1069.48,550.571|1027.35,554.554|978.222,544.894
165|1|983.201,892.185|977.977,796.3|981.868,726.015|1006.13,620.738|1016,636.778|1077.02,654.289|1143.57,784.538|1196.77,904.918|1204.38,940.648|1166.57,956|1161.28,906.842|987.027,640.016|937.03,654.935|1011.03,679.626|1162.02,673.298|1236.03,690.394|1300.88,761.792|1232.91,726.088|1025.98,882.823|1165.41,1020.45|1106.3,1194.37|1159.38,1339.89|943.042,901.084|996.247,954.654|977.923,1122.78|983.77,1263.48|1020.15,582.693|1047.43,578.546|1058.18,553.825|1069.6,550.321|1028.11,554.925|978.396,545.115
166|1|983.203,892.186|977.979,796.3|981.87,726.015|1006.14,620.74|1016,636.78|1077.02,654.287|1143.56,784.531|1196.75,904.919|1204.36,940.659|1166.57,956.024|1161.28,906.862|987.032,640.019|937.034,654.941|1011.03,679.646|1162.01,673.333|1236.02,690.438|1300.85,761.849|1232.89,726.136|1025.98,882.823|1165.42,1020.43|1106.31,1194.35|1159.39,1339.88|943.043,901.085|996.347,954.61|977.988,1122.72|983.877,1263.4|1020.16,582.696|1047.46,578.565|1058.21,553.84|1069.61,550.324|1028.14,554.942|978.408,545.12
167|1|983.311,892.184|978.094,796.279|982.02,726.001|1006.33,620.76|1016.19,636.773|1077.69,654.182|1145.82,784.843|1199.46,905.214|1206.22,941.03|1166.81,956.025|1161.71,906.958|987.203,640.061|937.15,655.152|1011.12,680.457|1162.19,674.631|1236.17,692.056|1300.76,764.097|1232.61,727.877|1026.1,882.803|1166.16,1019.27|1106.99,1193.42|1160.49,1338.77|943.14,901.102|999.564,952.321|980.565,1118.7|988.159,1258.57|1020.38,582.728|1048.88,579.19|1059.24,554.222|1069.68,550.094|1029.29,555.537|978.664,545.45
168|1|983.311,892.182|978.094,796.277|982.02,726|1006.33,620.759|1016.2,636.771|1077.68,654.175|1145.8,784.825|1199.44,905.203|1206.21,941.032|1166.81,956.044|1161.71,906.973|987.204,640.06|937.15,655.153|1011.12,680.463|1162.19,674.641|1236.17,692.07|1300.75,764.116|1232.59,727.896|1026.1,882.801|1166.17,1019.25|1107,1193.4|1160.51,1338.75|943.14,901.1|999.61,952.272|980.6,1118.65|988.216,1258.5|1020.38,582.727|1048.89,579.195|1059.25,554.224|1069.68,550.09|1029.3,555.542|978.666,545.453
169|1|983.311,892.182|978.094,796.276|982.02,725.998|1006.33,620.758|1016.19,636.77|1077.69,654.172|1145.81,784.823|1199.46,905.2|1206.22,941.026|1166.82,956.037|1161.72,906.966|987.203,640.059|937.149,655.153|1011.12,680.464|1162.19,674.645|1236.16,692.074|1300.74,764.123|1232.58,727.9|1026.1,882.8|1166.17,1019.25|1107.01,1193.4|1160.52,1338.74|943.14,901.1|999.608,952.265|980.599,1118.64|988.216,1258.5|1020.38,582.726|1048.89,579.193|1059.24,554.221|1069.68,550.086|1029.3,555.541|978.662,545.454
170|1|983.343,892.091|978.121,796.159|982.053,725.866|1006.33,620.611|1016.22,636.615|1077.91,653.872|1146.88,784.587|1200.84,904.87|1207.31,940.695|1167.31,955.634|1162.23,906.608|987.201,639.93|937.076,655.111|1010.86,680.611|1161.82,674.999|1235.59,692.474|1299.91,764.719|1231.43,728.277|1026.15,882.702|1166.5,1018.6|1107.35,1192.94|1161.09,1338.23|943.157,901.016|998.765,951.211|980.524,1117.99|988.132,1257.88|1020.38,582.57|1048.88,579.001|1059.13,553.939|1069.56,549.674|1029.17,555.412|978.455,545.494
171|1|983.364,892.053|978.138,796.125|982.072,725.84|1006.33,620.603|1016.22,636.594|1078.09,653.749|1147.85,784.52|1202.09,904.637|1208.25,940.401|1167.63,955.202|1162.59,906.256|987.199,639.929|937.071,655.165|1010.87,680.831|1161.86,675.286|1235.69,692.859|1300.12,765.171|1231.64,728.933|1026.17,882.66|1166.74,1017.86|1107.66,1192.38|1161.62,1337.55|943.179,900.982|998.092,950.428|980.321,1117.62|987.841,1257.54|1020.36,582.566|1048.78,579.003|1058.89,553.828|1069.35,549.353|1028.92,555.512|978.188,545.792
172|1|983.359,892.063|978.128,796.128|982.059,725.839|1006.29,620.599|1016.19,636.585|1078.14,653.733|1148.14,784.567|1202.42,904.664|1208.49,940.376|1167.68,955.103|1162.67,906.163|987.161,639.933|937.005,655.207|1010.71,680.942|1161.66,675.453|1235.44,693.059|1299.83,765.44|1231.21,729.157|1026.17,882.666|1166.81,1017.7|1107.76,1192.27|1161.79,1337.43|943.169,900.997|997.749,950.262|980.236,1117.42|987.734,1257.32|1020.32,582.56|1048.57,579.001|1058.68,553.79|1069.27,549.257|1028.69,555.531|978.037,545.862
173|1|983.345,892.023|978.097,796.078|982.022,725.785|1006.22,620.549|1016.12,636.521|1077.96,653.425|1147.52,783.741|1201.7,904.071|1208.11,940.111|1168.01,955.477|1162.88,906.351|987.091,639.899|936.888,655.258|1010.31,680.994|1161.02,675.643|1234.46,693.115|1298.55,765.412|1229.26,729.034|1026.16,882.613|1167.06,1016.89|1108.09,1191.64|1162.41,1336.65|943.153,900.967|998.87,948.281|981.364,1114.44|989.711,1253.79|1020.23,582.509|1047.97,578.985|1058.04,553.648|1069.01,548.878|1027.99,555.605|977.591,546.122
174|1|992.332,890.97|980.249,795.381|979.339,724.791|1003.13,621.581|1012.99,636.766|1074,652.918|1141.85,778.972|1192.94,898.406|1202.14,934.219|1172.82,951.852|1166.68,904.947|984.151,641.128|935.721,659.29|1006.06,683.152|1156.76,674.368|1226.88,689.223|1300.89,756.999|1226.78,729.578|1034.19,878.537|1174.64,990.167|1124.45,1159.63|1181.99,1298.74|952.964,902.775|1002.59,940.074|1007.56,1108.76|1023.35,1247.1|1017.07,584.289|1042.13,570.496|1054.21,548.789|1067.62,553.851|1023.88,547.74|976.207,543.222
175|1|988.005,889.349|976.755,794.032|976.508,723.79|1001.26,621.531|1010.99,636.64|1072.32,652.933|1138.25,778.939|1187.07,900.175|1199.36,933.189|1174.7,950.047|1167.82,904.337|982.094,640.844|933.22,659.011|1001.33,683.125|1151.37,674.096|1221.83,685.93|1298.84,748.253|1226.7,729.801|1029.87,877.323|1174.43,975.825|1121.6,1147.18|1180.38,1283.52|948.632,900.766|990.648,933.669|992.547,1098.16|1006.71,1234.4|1015.53,584.645|1042.6,574.44|1052.12,550.451|1063.31,550.184|1022.21,552.365|972.144,547.945
176|1|989.745,888.708|977.32,793.092|975.36,722.245|1000.35,621.923|1010.37,636.608|1073.06,654.082|1132.63,783.821|1173.31,909.687|1195.57,937.852|1177.1,946.646|1167.7,904.626|980.808,641.09|931.132,660.484|995.285,685.812|1144.98,672.079|1217.46,679.983|1294.87,740.644|1221.06,730.953|1032.16,876.66|1173.27,967.177|1123.2,1133.85|1181.27,1269.05|949.938,900.125|970.929,923.488|991.674,1085.76|1005.15,1220.85|1014.63,585.797|1037.26,577.57|1047.85,552.777|1062.69,550.703|1017.19,555.179|969.849,549.681
177|1|994.702,894.377|980.139,797.535|976.539,725.609|1000.35,622.802|1010.66,637.974|1071.64,654.55|1132.55,787.427|1176.24,913.319|1199.23,939.65|1177.02,945.249|1167.35,904.522|980.93,642.268|930.287,660.374|990.637,685.114|1139.66,667.742|1213.32,673.631|1293.39,732.233|1223.76,722.53|1037.45,881.491|1174.6,960.544|1128.79,1128.89|1189.79,1264.99|954.578,906.589|967.891,920.006|996.812,1078.66|1010.18,1214.01|1014.17,585.683|1030.91,579.326|1043.69,554.362|1063.5,551.664|1012.21,556.119|969.105,548.552
178|1|990.697,899.246|978.335,800.964|975.969,727.821|1000.16,622.195|1010.33,638.166|1069.41,653.865|1134.94,789.203|1187.53,910.592|1212.26,939.798|1171.57,947.643|1162.06,905.171|980.767,641.703|929.804,660.147|985.175,684.484|1131.96,659.96|1204.52,671.64|1289.21,727.123|1220.34,712.535|1034.17,887.344|1174.25,983.403|1126.23,1160.8|1184.67,1304.76|949.889,910.536|939.091,972.548|962.578,1141.35|969.045,1287.32|1014.16,584.019|1034.51,575.351|1044.16,549.606|1060.41,545.973|1013.31,553.899|966.762,550.553
179|1|981.458,911.677|978.743,810.365|982.917,738.442|1001.39,626.503|1014.84,643.854|1087.08,663.049|1166.08,809.102|1217.37,950.859|1223.77,967.056|1155.15,926.796|1156.98,902.321|980.787,646.778|918.878,661.28|971.702,682.101|1125.21,660.492|1207.76,660.648|1290.61,726.12|1202.21,691.391|1029.65,905.708|1176.77,1024.94|1111.45,1212.55|1164.64,1374.89|936.86,917.336|973.39,1024.5|956.388,1193.24|951.157,1349.94|1012.48,585.764|1030.09,570.062|1040.42,544.302|1059.96,544.865|1007.84,548.981|961.6,550.797
180|1|981.219,911.875|978.424,810.646|982.486,738.753|1000.54,626.863|1014.07,644.181|1086.47,663.512|1166.5,809.433|1217.52,950.268|1222.31,964.411|1152.53,923.095|1154.58,899.673|980.017,647.15|918.033,661.752|969.752,681.799|1122.2,659.295|1204.38,658.664|1287.36,723.287|1199.33,688.683|1029.37,905.898|1174.53,1027.32|1109.5,1214|1161.38,1376.73|936.659,917.54|966.225,1019.23|953.352,1193.31|946.268,1350.52|1011.45,586.138|1028.3,574.139|1038.83,547.495|1058.94,545.285|1006.19,552.484|960.499,551.8
181|1|982.187,930.427|979.036,824.165|982.231,746.449|1000.25,632.063|1012.72,650.224|1079.32,667.068|1151.32,807.323|1197.16,926.559|1217.6,962.729|1158.55,923.378|1148.95,895.986|980.81,651.98|923.701,667.342|962.954,680.195|1103.4,650.155|1182.42,650.586|1271.49,700.791|1188.04,677.059|1030.9,925.773|1164.02,1052.22|1103.77,1248.39|1152.9,1421.1|937.026,934.881|932.867,1005.74|937.85,1207.18|939.445,1372.5|1011.29,590.537|1026.64,574.314|1034.75,548.899|1053.87,547.871|1003.92,555.713|959.914,560.628
182|1|982.647,933.06|979.839,825.238|983.574,746.425|1002.93,630.432|1015.12,649.18|1077.8,666.665|1152.78,807.593|1205.05,919.873|1222.62,967.824|1160.36,921.302|1146.11,893.078|983.319,650.215|925.892,663.812|958.574,679.162|1097.27,650.013|1180.35,646.822|1270.78,699.31|1180.27,670.912|1031.83,928.757|1146.12,1033.04|1095.36,1242.92|1148.18,1419.94|937.018,937.195|904.176,964.92|925.939,1187.1|913.387,1353.38|1014.54,588.356|1006.48,576.3|1026.39,553.213|1065.21,556.373|993.542,552.902|969.259,547.576
183|1|977.008,932.329|975.232,824.488|983.539,746.065|1006.38,631.281|1016.75,650.186|1077.85,667.951|1167.55,796.183|1214.82,884.724|1220.62,947.585|1157.92,922.944|1147.68,892.992|987.373,650.348|934.951,660.139|940.814,672.578|1080.35,635.071|1162.38,654.499|1258.34,670.774|1141.79,623.548|1023.08,928.321|1149.62,1012.76|1087.52,1227.25|1146.57,1396.97|933.676,936.225|906.914,937.049|922.856,1178.89|920.636,1345.25|1019.64,589.864|1011.58,577.51|1026.84,552.583|1063.66,550.927|995.157,557.351|969.633,557.399
184|1|981.789,941.953|977.738,830.322|984.143,748.941|1000.57,629.953|1012.86,649.031|1079.27,665.839|1180.16,792.345|1228.67,877.859|1224.97,946.219|1155.3,922.953|1149.32,892.884|981.795,650.249|926.719,663.27|929.054,673.886|1065.38,629.802|1149.54,649.372|1251.63,659.791|1150.55,635.904|1029.85,937.665|1160.29,1010.38|1099.2,1232.34|1162.45,1409|936.643,946.119|914.849,925.192|935.714,1191.01|937.557,1364.4|1011.28,586.732|1008.92,576.514|1021.6,549.691|1054.29,544.533|989.539,556.537|958.463,556.814
185|1|981.042,942.87|979.789,829.901|986.166,748.178|1003.71,628.832|1016.86,648.292|1086.3,667.553|1191.31,796.068|1231.84,883.131|1226.86,953.828|1153.99,922.698|1147.13,892.943|983.774,648.953|926.144,661.272|914.282,675.253|1049.68,639.99|1137.53,612.071|1219.88,648.544|1148.04,631.019|1032.37,941.244|1150.11,998.909|1096.07,1239.41|1151.46,1427.29|933.484,944.53|914.685,939.784|928.815,1211.73|922.765,1391.12|1014.45,585.443|1004.43,573.392|1018.71,546.388|1057.23,542.06|986.141,553.556|960.402,555.307
186|1|981.033,942.866|979.778,829.896|986.152,748.172|1003.68,628.826|1016.84,648.284|1086.29,667.543|1191.3,796.055|1231.82,883.115|1226.83,953.814|1153.96,922.686|1147.1,892.93|983.75,648.948|926.113,661.273|914.211,675.257|1049.56,639.989|1137.42,612.066|1219.73,648.557|1147.9,630.998|1032.36,941.239|1150.08,998.881|1096.06,1239.42|1151.45,1427.3|933.474,944.527|914.531,939.73|928.753,1211.7|922.656,1391.09|1014.42,585.435|1004.34,573.404|1018.63,546.39|1057.18,542.033|986.06,553.574|960.357,555.326
187|1|976.122,921.006|974.862,812.742|981.841,734.888|1001.63,619.614|1014.3,638.393|1079.94,660.075|1179.22,788.294|1222.68,875.83|1226.87,942.696|1155.93,922.49|1147.03,892.744|981.403,639.259|922.393,652.59|893.084,679.833|1025.69,649.199|1105.94,609.753|1192.8,631.343|1119.36,627.575|1025.24,918.02|1130.35,1007.36|1083.91,1233.59|1137.79,1411.11|930.472,923.922|865.922,957.223|897.828,1212.26|874.068,1383.54|1013.19,577.669|998.583,574.823|1013.8,546.273|1055.54,535.912|981.4,553.178|959.378,547.833
188|1|977.449,923.939|978.037,814.569|983.221,735.706|998.063,621.321|1013.55,639.943|1091,662.505|1195.75,799.323|1220.04,905.177|1209.47,980.401|1151.45,914.161|1124.7,906.066|976.914,641.089|909.908,654.583|877.473,680.958|1015.98,654.903|1091.92,607.793|1182.39,623.808|1107.97,628.621|1028.92,922.813|1129.31,1022.72|1078.29,1236.42|1116.94,1421.89|930.196,925.125|859.03,936.192|891.711,1188.8|862.598,1357.16|1006.67,579.529|993.629,574.39|1007.98,544.934|1049.02,534.78|974.797,553.185|950.428,550.544
189|1|968.784,921.859|976.381,812.996|983.52,733.432|999.362,621.46|1015.46,640.425|1095.25,664.232|1192.17,810.21|1183.72,911.364|1198.78,989.646|1148.96,920.359|1109.68,929.108|977.409,640.221|907.211,652.637|861.035,682.998|997.826,652.877|1074.63,607.944|1162.24,640.144|1090.29,629.171|1021.41,925.752|1105.44,1034.56|1052.26,1241.88|1074.47,1432.04|921.17,918.491|841.223,947.28|864.415,1193.83|829.584,1362.51|1007.67,580.594|987.255,568.724|1004.7,540.879|1051.71,536.677|971.067,547.609|952.616,548.277
190|1|967.588,922.402|975.093,813.615|982.08,734.153|996.84,622.436|1013.17,641.225|1093.3,664.762|1188.2,811.795|1170.78,909.217|1189.31,988.407|1140.78,921.93|1106.08,932.387|975.039,641.3|904.516,654.446|855.015,685.809|988.933,656.267|1065.56,611.421|1146.32,656.294|1082.24,631.54|1020.18,926.254|1094.46,1035.31|1045.37,1239.57|1063.87,1429.19|920.011,919.071|814.791,928.081|848.623,1179.54|804.677,1343.39|1004.68,581.663|984.023,571.912|1001.05,543.452|1048.04,537.37|967.51,550.631|949.109,550.165
191|1|956.679,919.081|971.076,812.922|982.242,734.915|999.031,627.574|1015.38,646.725|1095.26,674.406|1178.98,829.245|1131.83,919.822|1154.55,1000.93|1145.81,935.947|1104.34,951.77|976.686,644.721|903.611,654.943|836.049,688.159|965.108,668.5|1041.91,627.412|1132.35,619.885|1047.6,642.341|1008.43,927.178|1069.48,1043.34|1013,1233.55|1019.55,1418.92|910.161,911.951|812.754,923.234|829.902,1163.62|782.194,1320.66|1006.91,588.566|982.355,578.187|995.453,548.267|1042.64,537.729|963.547,560.467|947.447,565.701
192|1|957.86,920.671|969.681,813.175|979.053,735.645|993.706,626.066|1010.82,645.498|1092.29,672.863|1171.32,832.423|1110.93,915.401|1132,997.328|1146.63,941.638|1105.01,953.1|971.372,643.705|896.061,654.379|822.339,690.535|958.255,669.824|1034.37,629.763|1122.23,640.181|1044.47,642.572|1010.24,927.184|1059.1,1039.39|1008.96,1217.95|1018.28,1401.02|910.692,914.959|802.219,911.262|865.465,1075.29|840.137,1215.9|1000.57,586.137|981.394,565.017|998.183,538.395|1044.34,539.459|964.19,546.147|944.115,554.633
193|1|980.219,929.856|980.493,818.971|978.921,737.284|985.619,625.445|1004.33,644.468|1087.31,668.192|1170.84,826.565|1101.6,907.583|1122.89,988.416|1145.36,944.258|1104.65,950.785|964.514,644.214|888.92,656.342|816.205,691.462|947.518,675.979|1029.93,644.515|1088.2,644.805|1047.37,649.788|1034.02,931.861|1040.56,1029.14|1031.67,1220.85|1034.26,1409.66|932.343,928.228|774.117,923.91|888.255,1073.39|875.413,1211.35|988.984,584.561|974.953,576.241|996.036,549.684|1040.74,548.472|960.91,550.969|938.581,543.524
194|1|980.156,929.871|980.439,818.963|978.867,737.266|985.504,625.439|1004.24,644.455|1087.25,668.222|1170.69,826.75|1101.1,907.696|1122.26,988.6|1144.93,944.465|1104.27,950.939|964.399,644.215|888.746,656.416|815.585,691.866|946.403,676.635|1028.95,645.316|1086.34,646.31|1046.13,650.909|1033.97,931.885|1040.41,1029.06|1031.58,1221.19|1034.16,1410.18|932.269,928.236|773.537,923.14|887.33,1074.59|873.896,1212.96|988.841,584.56|974.615,576.102|995.68,549.513|1040.52,548.308|960.544,550.882|938.321,543.612
195|1|980.152,929.871|980.435,818.963|978.863,737.266|985.497,625.44|1004.23,644.455|1087.24,668.231|1170.62,826.784|1100.97,907.641|1122.08,988.549|1144.66,944.395|1103.92,950.808|964.392,644.216|888.74,656.418|815.568,691.869|946.374,676.639|1028.92,645.323|1086.3,646.327|1046.09,650.917|1033.97,931.884|1040.4,1029.06|1031.57,1221.19|1034.16,1410.18|932.266,928.236|773.523,923.122|887.311,1074.61|873.867,1212.98|988.833,584.561|974.6,576.098|995.664,549.509|1040.51,548.305|960.528,550.88|938.311,543.615
196|1|969.178,929.15|971.333,818.921|970.968,737.671|982.444,627.462|1000.18,647.112|1080.38,673.92|1121.55,822.374|1058.58,894.177|1036.83,846.23|1036.45,925.31|981.571,929.091|960.706,645.05|884.492,656.723|797.258,692.928|918.401,683.908|1001.68,660.814|1059.45,665.334|1015.25,669.914|1022.54,931.968|1015.07,1034.07|1007.23,1220.79|1013.16,1408.13|921.704,926.798|772.304,901.341|884.527,1039.43|868.932,1171.97|987.503,587.255|974.642,572.58|992.557,545.912|1035.2,545.642|958.067,550.625|933.951,551.335
197|1|952.58,914.251|960.219,809.061|964.568,731.451|983.082,626.452|998.326,645.364|1070.12,673.175|1132.57,810.832|1069.67,903.58|1032.56,860.469|1006.2,801.885|1008.26,849.031|961.251,642.921|888.931,655.09|797.156,689.828|899.326,693.323|979.567,677.893|1053.52,678.463|987.473,687.774|1003.58,919.164|1000.15,998.737|984.055,1180.11|993.152,1352.35|907.01,910.005|772.96,890.844|885.475,985.798|885.146,1102.86|991.621,588.382|968.369,565.836|991.291,544.641|1040.44,554.443|958.992,544.795|946.769,547.664
198|1|951.358,916.488|958.835,811.827|963.024,734.579|980.373,630.11|995.629,648.706|1068.48,672.598|1152.8,803.959|1075.02,901.355|1030.92,861.631|994.86,807.601|1005.03,849.602|958.927,646.678|887.387,658.595|794.216,688.425|895.164,698.35|973.856,686.416|1046.65,688.151|978.749,697.446|1002.01,921.248|989.444,976.323|979.831,1153.84|988.762,1319.85|906.096,912.375|765.15,888.322|886.045,979.844|893.903,1093.65|988.472,592.271|970.715,569.366|988.633,546.388|1032.58,551.954|956.628,551.004|938.408,558.621
199|1|934.656,910.243|957.571,808.751|971.568,733.976|982.529,628.773|999.099,646.544|1073.5,666.535|1156.75,803.396|1070.23,906.253|1024.15,868.684|983.89,818.546|1002.33,861.269|961.953,646.473|888.932,659.326|790.957,691.192|890.766,701.174|959.654,699.277|1036.33,692.792|962.614,703.249|983.558,924.249|1021.7,881.669|936.007,1090.59|946.017,1227.39|891.445,898.003|749.554,868.004|747.289,971.809|654.172,938.289|988.154,590.568|970.699,569.407|987.277,545.139|1030.73,547.934|955.193,551.34|935.977,559.126
200|1|936.701,911.506|961.025,810.004|976.785,736.905|983.75,630.53|1000.73,647.702|1077.36,660.201|1157.09,801.476|1071.43,907.595|1024.33,872.805|981.049,827.37|1005.42,867.997|964.088,649.146|891.731,659.817|786.937,689.879|878.912,705.453|945.586,698.442|1020.4,685.965|946.441,707.405|985.825,925.449|1060.29,844.507|945.943,1060.5|950.836,1182.28|893.009,899.242|749.774,872.782|759.32,982.111|660.007,963.733|988.027,591.825|977.275,569.183|988.621,544.396|1025.3,544.779|957.798,554.204|932.79,567.157
201|1|956.292,918.142|966.288,813.906|972.292,737.829|983.06,631.406|999.333,648.97|1075.87,660.048|1152.66,804.031|1067.87,912.356|1019.78,878.183|974.755,833.637|1004.47,873.99|962.766,649.639|891.846,664.49|775.18,691.628|872.318,712.669|934.223,707.042|1013.1,694.055|939.382,719.688|1006.77,924.461|1059.52,840.164|982.748,1067.45|985.905,1218.42|911.225,912.64|802.698,841.983|843.043,1046.08|770.846,1156.93|988.968,592.74|974.127,566.04|988.602,542.869|1029.27,548.029|957.141,550.525|935.722,564.213
202|1|956.374,918.311|966.279,814.096|972.196,738.009|982.561,631.537|998.896,649.071|1075.49,660.329|1152.15,804.439|1067.31,913.08|1019.13,878.795|974.012,834.093|1003.6,874.602|962.347,649.812|891.534,665.031|775.377,694.442|872.503,714.694|934.052,709.448|1012.44,696.62|939.142,725.175|1006.83,924.584|1059.18,843.335|984.652,1067.84|989.591,1219.9|911.327,912.851|810.361,847.159|850.602,1055.55|787.292,1175.16|988.294,592.848|968.617,566.649|985.273,543.788|1029.74,549.673|953.758,550.341|936.602,562.458
203|1|942.473,913.432|963.52,814.236|974.027,739.677|975.838,633.474|993.999,650.542|1071.82,659.54|1147.25,804.598|1063.84,914.26|1015.23,881.085|969.315,837.923|1000.07,875.803|956.914,652.131|885.008,666.223|780.147,694.527|866.264,712.257|927.154,709.154|1005.07,698.846|932.459,725.616|988.559,929.378|1023.08,803.221|942.82,1018.42|951.035,1102.83|902.492,899.717|790.744,854.238|803.054,930.234|719.054,892.458|977.436,594.836|951.992,573.977|979.697,557.285|1029.95,573.396|949.219,550.427|943.266,546.062
204|1|949.252,892.529|968.655,794.113|977.506,723.712|977.063,628.718|995.55,643.093|1072.81,656.074|1143,803.804|1061.6,916.143|1012.34,883.073|965.335,839.627|996.078,878.784|958.536,646.645|887.422,665.645|779.795,700.116|869.321,720.28|927.011,717.404|1003.73,706.076|932.309,735.911|996.745,904.871|1062.71,779.039|962.673,992.687|959.388,1093.94|907.42,881.781|830.813,844.514|808.594,937.719|711.045,928.8|978.039,594.555|962.727,577.257|986.914,557.362|1031.04,567.844|954.502,553.382|937.785,548.642
205|1|948.674,885.803|967.568,789.226|977.939,725.266|981.991,631.539|999.864,646.214|1078.75,656.169|1139.79,809.916|1055.1,923.099|1005.49,888.853|958.738,843.807|992.218,876.26|962.497,648.781|890.434,665.013|781.367,699.672|874.511,721.123|933.925,725.591|1015.25,720.924|939.082,742.125|996.043,897.182|1065.37,800.94|970.397,1029.17|984.201,1132.6|906.487,875.792|821.255,832.203|730.1,995.151|628.201,980.593|984.84,597.977|957.191,568.801|975.885,545.998|1026.27,553.437|944.142,552.913|932.923,567.304
206|1|948.674,885.803|967.569,789.226|977.94,725.266|981.993,631.54|999.866,646.214|1078.76,656.17|1139.8,809.918|1055.1,923.099|1005.49,888.852|958.738,843.805|992.217,876.259|962.499,648.781|890.436,665.013|781.371,699.672|874.517,721.124|933.933,725.593|1015.26,720.926|939.09,742.127|996.044,897.182|1065.38,800.942|970.399,1029.17|984.205,1132.61|906.487,875.792|821.259,832.198|730.096,995.135|628.204,980.554|984.843,597.977|957.206,568.797|975.899,545.996|1026.28,553.44|944.155,552.909|932.926,567.302
207|1|948.675,885.803|967.569,789.226|977.94,725.267|981.994,631.54|999.866,646.214|1078.76,656.17|1139.8,809.918|1055.1,923.099|1005.49,888.853|958.738,843.806|992.218,876.259|962.5,648.781|890.437,665.013|781.372,699.672|874.52,721.125|933.936,725.594|1015.26,720.928|939.094,742.129|996.044,897.182|1065.38,800.944|970.4,1029.17|984.207,1132.61|906.487,875.792|821.259,832.196|730.101,995.133|628.208,980.555|984.844,597.978|957.212,568.796|975.904,545.995|1026.28,553.441|944.16,552.908|932.927,567.301
208|1|948.675,885.803|967.569,789.226|977.941,725.267|981.995,631.54|999.867,646.214|1078.76,656.17|1139.8,809.918|1055.1,923.099|1005.49,888.852|958.738,843.805|992.217,876.258|962.5,648.781|890.437,665.013|781.373,699.672|874.521,721.126|933.938,725.595|1015.27,720.929|939.096,742.129|996.044,897.182|1065.38,800.944|970.4,1029.17|984.208,1132.61|906.487,875.792|821.26,832.195|730.101,995.131|628.209,980.551|984.844,597.978|957.215,568.795|975.907,545.995|1026.28,553.442|944.163,552.907|932.928,567.301
209|1|948.732,885.601|967.779,789.023|978.269,725.062|982.714,631.327|1000.53,646.058|1079.4,656.384|1139.68,810.517|1054.28,923.188|1004.85,888.698|958.402,843.424|991.744,876.039|963.14,648.516|891.02,664.559|782.16,699.346|875.686,721.102|935.284,725.806|1016.8,721.369|940.407,742.132|996.107,897.066|1066.32,801.143|971.128,1029.76|986.251,1133.08|906.54,875.515|823.971,829.312|721.022,983.504|625.84,949.924|985.722,597.763|962.39,566.853|980.884,544.792|1028.71,554.259|948.731,550.866|934.151,565.768
210|1|948.747,885.447|967.865,788.942|978.41,725.033|983.029,631.438|1000.8,646.168|1079.63,656.539|1139.57,810.712|1054.14,923.01|1004.72,888.572|957.903,843.563|991.428,875.899|963.434,648.582|891.345,664.559|782.724,699.706|876.422,721.68|936.143,726.494|1017.76,722.088|941.151,742.576|996.087,896.949|1066.89,800.644|971.837,1029.66|988.356,1131.85|906.586,875.328|825.591,827.623|718.97,975.074|628.403,932.755|986.108,597.935|965.095,566.341|983.419,544.64|1029.81,555.011|951.11,550.277|934.764,565.292
211|1|940.571,881.339|968.362,786.181|982.947,724.607|984.803,630.623|1003.18,645.009|1081.89,657.208|1138.27,813.063|1051.29,924.449|1002.48,888.791|957.344,840.507|985.987,882.773|965.569,648.265|892.551,664.136|784.206,702.574|875.324,725.037|936.294,729.163|1018.6,723.572|940.746,741.99|987.007,897.634|1078.91,796.889|957.098,1017.46|970.534,1116.55|899.406,867.017|810.155,814.272|716.843,924.226|626.439,887.574|986.798,596.94|968.576,565.482|987.016,543.825|1031.99,554.826|954.218,548.713|935.596,562.794
212|1|940.371,881.534|968.373,786.346|983.04,724.693|984.787,630.479|1003.2,644.924|1082.03,657.32|1138.34,813.458|1051.04,925.121|1002.04,889.169|956.786,841|986.366,881.927|965.559,648.137|892.514,664.09|784.261,702.758|875.219,724.801|935.84,729.166|1017.94,723.804|939.982,742.128|986.81,897.956|1078.59,791.774|956.137,1012.93|970.435,1106.37|899.212,867.103|810.5,806.109|708.328,918.79|621.959,874.855|986.717,596.701|968.14,566.243|986.741,544.343|1032.01,554.756|953.916,549.142|935.594,562.353
213|1|940.372,881.535|968.375,786.348|983.042,724.696|984.791,630.482|1003.21,644.927|1082.03,657.325|1138.34,813.463|1051.03,925.125|1002.04,889.171|956.788,841.003|986.369,881.929|965.563,648.141|892.519,664.093|784.28,702.766|875.257,724.808|935.89,729.173|1018,723.808|940.037,742.136|986.811,897.957|1078.59,791.752|956.142,1012.91|970.448,1106.32|899.214,867.104|810.53,806.097|708.4,918.877|621.972,875.048|986.722,596.705|968.149,566.248|986.749,544.349|1032.02,554.761|953.924,549.146|935.6,562.356
214|1|940.372,881.536|968.375,786.348|983.042,724.696|984.792,630.483|1003.21,644.928|1082.03,657.326|1138.34,813.463|1051.04,925.126|1002.04,889.175|956.788,841.007|986.373,881.932|965.564,648.141|892.519,664.094|784.283,702.77|875.263,724.812|935.898,729.177|1018.01,723.811|940.045,742.142|986.811,897.957|1078.59,791.748|956.143,1012.91|970.451,1106.32|899.214,867.104|810.516,806.089|708.427,918.902|621.983,875.096|986.723,596.706|968.151,566.249|986.751,544.35|1032.02,554.762|953.926,549.148|935.601,562.357
215|1|940.372,881.536|968.375,786.348|983.043,724.696|984.792,630.483|1003.21,644.928|1082.03,657.326|1138.34,813.463|1051.04,925.126|1002.04,889.175|956.788,841.007|986.373,881.932|965.564,648.141|892.519,664.094|784.283,702.77|875.263,724.812|935.898,729.177|1018.01,723.811|940.045,742.142|986.811,897.957|1078.59,791.747|956.144,1012.91|970.451,1106.32|899.214,867.104|810.516,806.089|708.426,918.901|621.983,875.094|986.723,596.706|968.152,566.249|986.751,544.35|1032.02,554.762|953.927,549.148|935.601,562.357
216|1|940.372,881.536|968.375,786.348|983.043,724.696|984.792,630.483|1003.21,644.928|1082.03,657.326|1138.34,813.463|1051.04,925.126|1002.04,889.175|956.788,841.007|986.373,881.932|965.564,648.141|892.519,664.094|784.283,702.77|875.263,724.812|935.898,729.177|1018.01,723.811|940.045,742.142|986.811,897.957|1078.59,791.747|956.144,1012.91|970.451,1106.32|899.214,867.104|810.516,806.089|708.426,918.901|621.983,875.094|986.723,596.706|968.152,566.249|986.751,544.35|1032.02,554.762|953.927,549.148|935.601,562.357
217|1|940.372,881.536|968.375,786.348|983.043,724.696|984.792,630.483|1003.21,644.928|1082.03,657.326|1138.34,813.463|1051.04,925.126|1002.04,889.175|956.788,841.007|986.373,881.932|965.564,648.141|892.519,664.094|784.283,702.77|875.263,724.812|935.898,729.177|1018.01,723.811|940.045,742.142|986.811,897.957|1078.59,791.747|956.144,1012.91|970.451,1106.32|899.214,867.104|810.516,806.089|708.426,918.901|621.983,875.094|986.723,596.706|968.152,566.249|986.751,544.35|1032.02,554.762|953.927,549.148|935.601,562.357
218|1|940.372,881.536|968.375,786.348|983.043,724.696|984.792,630.483|1003.21,644.928|1082.03,657.326|1138.34,813.463|1051.04,925.126|1002.04,889.175|956.788,841.007|986.373,881.932|965.564,648.141|892.519,664.094|784.283,702.77|875.263,724.812|935.898,729.177|1018.01,723.811|940.045,742.142|986.811,897.957|1078.59,791.747|956.144,1012.91|970.451,1106.32|899.214,867.104|810.516,806.089|708.426,918.901|621.983,875.094|986.723,596.706|968.152,566.249|986.751,544.35|1032.02,554.762|953.927,549.148|935.601,562.357
219|1|940.372,881.536|968.375,786.348|983.043,724.696|984.792,630.483|1003.21,644.928|1082.03,657.326|1138.34,813.463|1051.04,925.126|1002.04,889.175|956.788,841.007|986.373,881.932|965.564,648.141|892.519,664.094|784.283,702.77|875.263,724.812|935.898,729.177|1018.01,723.811|940.045,742.142|986.811,897.957|1078.59,791.747|956.144,1012.91|970.451,1106.32|899.214,867.104|810.516,806.089|708.426,918.901|621.983,875.094|986.723,596.706|968.152,566.249|986.751,544.35|1032.02,554.762|953.927,549.148|935.601,562.357
220|1|940.372,881.536|968.375,786.348|983.043,724.696|984.792,630.483|1003.21,644.928|1082.03,657.326|1138.34,813.463|1051.04,925.126|1002.04,889.175|956.788,841.007|986.373,881.932|965.564,648.141|892.519,664.094|784.283,702.77|875.263,724.812|935.898,729.177|1018.01,723.811|940.045,742.142|986.811,897.957|1078.59,791.747|956.144,1012.91|970.451,1106.32|899.214,867.104|810.516,806.089|708.426,918.901|621.983,875.094|986.723,596.706|968.152,566.249|986.751,544.35|1032.02,554.762|953.927,549.148|935.601,562.357
221|1|940.372,881.536|968.375,786.348|983.043,724.696|984.792,630.483|1003.21,644.928|1082.03,657.326|1138.34,813.463|1051.04,925.126|1002.04,889.175|956.788,841.007|986.373,881.932|965.564,648.141|892.519,664.094|784.283,702.77|875.263,724.812|935.898,729.177|1018.01,723.811|940.045,742.142|986.811,897.957|1078.59,791.747|956.144,1012.91|970.451,1106.32|899.214,867.104|810.516,806.089|708.426,918.901|621.983,875.094|986.723,596.706|968.152,566.249|986.751,544.35|1032.02,554.762|953.927,549.148|935.601,562.357
222|1|940.372,881.536|968.375,786.348|983.043,724.696|984.792,630.483|1003.21,644.928|1082.03,657.326|1138.34,813.463|1051.04,925.126|1002.04,889.175|956.788,841.007|986.373,881.932|965.564,648.141|892.519,664.094|784.283,702.77|875.263,724.812|935.898,729.177|1018.01,723.811|940.045,742.142|986.811,897.957|1078.59,791.747|956.144,1012.91|970.451,1106.32|899.214,867.104|810.516,806.089|708.426,918.901|621.983,875.094|986.723,596.706|968.152,566.249|986.751,544.35|1032.02,554.762|953.927,549.148|935.601,562.357
223|1|940.372,881.536|968.375,786.348|983.043,724.696|984.792,630.483|1003.21,644.928|1082.03,657.326|1138.34,813.463|1051.04,925.126|1002.04,889.175|956.788,841.007|986.373,881.932|965.564,648.141|892.519,664.094|784.283,702.77|875.263,724.812|935.898,729.177|1018.01,723.811|940.045,742.142|986.811,897.957|1078.59,791.747|956.144,1012.91|970.451,1106.32|899.214,867.104|810.516,806.089|708.426,918.901|621.983,875.094|986.723,596.706|968.152,566.249|986.751,544.35|1032.02,554.762|953.927,549.148|935.601,562.357
224|1|940.372,881.536|968.375,786.348|983.043,724.696|984.792,630.483|1003.21,644.928|1082.03,657.326|1138.34,813.463|1051.04,925.126|1002.04,889.175|956.788,841.007|986.373,881.932|965.564,648.141|892.519,664.094|784.283,702.77|875.263,724.812|935.898,729.177|1018.01,723.811|940.045,742.142|986.811,897.957|1078.59,791.747|956.144,1012.91|970.451,1106.32|899.214,867.104|810.516,806.089|708.426,918.901|621.983,875.094|986.723,596.706|968.152,566.249|986.751,544.35|1032.02,554.762|953.927,549.148|935.601,562.357
225|1|940.372,881.536|968.375,786.348|983.043,724.696|984.792,630.483|1003.21,644.928|1082.03,657.326|1138.34,813.463|1051.04,925.126|1002.04,889.175|956.788,841.007|986.373,881.932|965.564,648.141|892.519,664.094|784.283,702.77|875.263,724.812|935.898,729.177|1018.01,723.811|940.045,742.142|986.811,897.957|1078.59,791.747|956.144,1012.91|970.451,1106.32|899.214,867.104|810.516,806.089|708.426,918.901|621.983,875.094|986.723,596.706|968.152,566.249|986.751,544.35|1032.02,554.762|953.927,549.148|935.601,562.357
226|1|940.372,881.536|968.375,786.348|983.043,724.696|984.792,630.483|1003.21,644.928|1082.03,657.326|1138.34,813.463|1051.04,925.126|1002.04,889.175|956.788,841.007|986.373,881.932|965.564,648.141|892.519,664.094|784.283,702.77|875.263,724.812|935.898,729.177|1018.01,723.811|940.045,742.142|986.811,897.957|1078.59,791.747|956.144,1012.91|970.451,1106.32|899.214,867.104|810.516,806.089|708.426,918.901|621.983,875.094|986.723,596.706|968.152,566.249|986.751,544.35|1032.02,554.762|953.927,549.148|935.601,562.357
227|1|940.583,881.578|968.699,786.408|983.463,724.763|985.562,630.499|1003.92,644.996|1082.61,658.341|1136.28,815.755|1050.28,930.182|1001.23,893.342|954.69,845.496|985.129,883.87|966.269,648.122|893.23,664.024|785.842,703.766|877.823,725.14|938.819,729.024|1013.89,726.739|943.372,740.875|987.016,898.068|1078.9,790.201|956.382,1011.25|970.899,1103|899.432,867.087|814.217,802.131|709.029,920.941|622.167,877.359|987.64,596.703|973.087,567.07|990.708,544.947|1033.21,554.829|957.732,549.716|936.114,562.299
228|1|940.584,881.578|968.7,786.409|983.464,724.764|985.563,630.502|1003.92,644.998|1082.61,658.343|1136.28,815.755|1050.28,930.182|1001.23,893.344|954.691,845.499|985.131,883.872|966.27,648.125|893.232,664.026|785.848,703.768|877.834,725.144|938.835,729.029|1013.92,726.743|943.389,740.88|987.016,898.068|1078.9,790.2|956.383,1011.25|970.901,1103|899.432,867.087|814.216,802.125|709.035,920.94|622.175,877.358|987.641,596.707|973.089,567.076|990.709,544.952|1033.21,554.833|957.734,549.721|936.116,562.302
229|1|940.665,881.587|968.856,786.526|983.643,724.978|985.725,630.865|1004.08,645.353|1082.74,658.868|1135.9,816.443|1051.37,932.393|1001.51,896.588|954.43,848.966|986.057,885.557|966.443,648.446|893.431,664.32|785.778,704.339|877.522,726.077|939.168,730.305|1017.15,727.232|942.206,741.244|987.042,898.128|1078.58,789.085|956.52,1010.79|971.797,1101|899.565,867.052|814.436,802.393|702.193,916.43|618.503,868.598|987.782,597.135|972.213,569.015|990.304,546.626|1033.6,555.753|957.318,551.127|936.62,562.276
230|1|940.665,881.587|968.856,786.526|983.643,724.978|985.726,630.866|1004.08,645.353|1082.74,658.869|1135.9,816.444|1051.37,932.393|1001.51,896.588|954.43,848.967|986.061,885.551|966.444,648.446|893.431,664.32|785.78,704.34|877.526,726.078|939.173,730.307|1017.16,727.234|942.211,741.246|987.042,898.127|1078.58,789.085|956.52,1010.79|971.798,1101|899.566,867.052|814.438,802.392|702.196,916.427|618.507,868.597|987.783,597.136|972.215,569.015|990.306,546.627|1033.6,555.754|957.319,551.128|936.621,562.277
231|1|940.681,881.583|968.878,786.525|983.672,724.981|985.783,630.877|1004.13,645.365|1082.78,658.902|1135.85,816.483|1051.4,932.461|1001.52,896.708|954.425,849.117|986.097,885.678|966.496,648.453|893.484,664.318|785.887,704.328|877.727,726.106|939.446,730.369|1017.56,727.298|942.485,741.34|987.057,898.126|1078.6,789.036|956.558,1010.77|971.884,1100.91|899.583,867.045|814.55,802.29|702.446,916.314|618.784,868.495|987.853,597.151|972.324,568.968|990.418,546.602|1033.69,555.785|957.43,551.089|936.705,562.271
