video_id,frame_index,timestamp_sec,joint_name,speed_ms,velocity_x,velocity_y,velocity_z,accel_ms2,jerk_ms3,reference_valid
KVAL002,0,0.0,Neck,0.004863,0.00288,-0.00348,-0.0018,0.06275,0.194466,True
KVAL002,1,0.301866,Neck,0.002813,0.001785,-0.00204,-0.00075,0.066924,0.377955,True
KVAL002,2,0.3352,Neck,0.000531,0.000375,-0.000345,0.00015,0.041251,0.922635,True
KVAL002,3,0.368511,Neck,6.7e-05,3e-05,-6e-05,0.0,0.007823,0.604766,True
KVAL002,4,0.401844,Neck,1.5e-05,0.0,-1.5e-05,0.0,0.001006,17.217021,True
KVAL002,5,0.435177,Neck,0.0,0.0,0.0,0.0,1.145144,17.17705,True
KVAL002,6,0.468522,Neck,0.076345,-0.002595,-0.00915,0.07575,1.145047,34.356858,True
KVAL002,7,0.501833,Neck,0.076336,-0.00291,-0.008985,0.07575,1.14532,34.317933,True
KVAL002,8,0.535166,Neck,0.000356,-0.000315,0.000165,0.0,1.142815,26.422558,True
KVAL002,9,0.568511,Neck,0.00015,0.0,0.0,0.00015,0.682178,17.870653,True
KVAL002,10,0.601844,Neck,0.045319,0.02229,-0.00084,0.03945,0.61389,44.436973,True
KVAL002,11,0.635166,Neck,0.04088,-0.009585,-0.03774,-0.01245,2.297673,17.36641,True
KVAL002,12,0.668511,Neck,0.109887,-0.045615,-0.03591,-0.0933,0.811362,57.94175,True
KVAL002,13,0.701844,Neck,0.056809,-0.006705,-0.005925,-0.0561,1.566236,16.984739,True
KVAL002,14,0.735177,Neck,0.01339,0.005025,-0.011175,-0.0054,0.410191,30.130543,True
KVAL002,15,0.7685,Neck,0.040092,0.011175,-0.012405,-0.03645,0.559523,13.132671,True
KVAL002,16,0.801844,Neck,0.043881,0.01074,-0.006795,-0.042,0.921094,13.700241,True
KVAL002,17,0.835177,Neck,0.02245,-0.005625,0.014655,0.01605,0.510292,25.907884,True
KVAL002,18,0.868522,Neck,0.03194,-0.003825,0.01905,-0.02535,0.820568,13.508715,True
KVAL002,19,0.901833,Neck,0.035259,-0.00384,-0.00618,-0.0345,0.633132,19.833794,True
KVAL002,20,0.935177,Neck,0.012797,-0.00321,-0.01194,0.0033,0.517924,12.470592,True
KVAL002,21,0.968511,Neck,0.002352,0.00117,-0.00195,-0.0006,0.205743,8.936841,True
KVAL002,22,1.001855,Neck,0.004336,0.000345,-0.00102,-0.0042,0.132743,3.783554,True
KVAL002,23,1.035166,Neck,0.007435,-0.003195,0.004185,-0.00525,0.353389,22.435078,True
KVAL002,24,1.068511,Neck,0.024194,-0.01041,0.01872,-0.01125,1.550544,22.492937,True
KVAL002,25,1.101844,Neck,0.108281,0.00525,-0.00087,-0.10815,1.395537,58.552147,True
KVAL002,26,1.135188,Neck,0.096137,0.008475,-0.020235,-0.0936,2.421216,38.136002,True
KVAL002,27,1.1685,Neck,0.068513,0.023475,-0.04497,0.04605,1.361886,107.589922,True
KVAL002,28,1.201844,Neck,0.050587,0.014025,-0.048045,-0.00735,4.7579,84.717371,True
KVAL002,29,1.235166,Neck,0.258901,-0.040395,0.041745,-0.2523,4.290933,114.530828,True
KVAL002,30,1.268511,Neck,0.286331,-0.009015,0.01287,-0.2859,2.907991,76.944858,True
KVAL002,31,1.301844,Neck,0.094372,0.019155,-0.036135,-0.08505,1.641906,148.745519,True
KVAL002,32,1.335177,Neck,0.247961,0.00018,0.10356,-0.2253,7.107687,26.95399,True
KVAL002,33,1.3685,Neck,0.530847,0.003375,0.221535,-0.4824,0.605538,208.714316,True
KVAL002,34,1.401833,Neck,0.273918,0.03255,0.111435,-0.2481,6.817063,45.882926,True
KVAL002,35,1.435166,Neck,0.096026,0.03933,-0.00069,-0.0876,2.628864,94.392747,True
KVAL002,36,1.4685,Neck,0.110311,0.01317,0.006135,-0.10935,1.021673,23.09508,True
KVAL002,37,1.501844,Neck,0.035271,0.00687,0.016695,-0.0303,1.660595,32.222569,True
KVAL002,38,1.535177,Neck,0.006715,0.00651,-0.00138,0.0009,2.925017,20.616256,True
KVAL002,39,1.5685,Neck,0.161596,-0.02244,-0.022785,0.1584,3.002959,49.875761,True
KVAL002,40,1.601833,Neck,0.200298,-0.02691,-0.030015,0.1962,0.964932,72.805677,True
KVAL002,41,1.635166,Neck,0.152393,-0.02211,-0.07953,0.1281,1.925338,45.889111,True
KVAL002,42,1.668511,Neck,0.091639,-0.01851,-0.05535,0.07065,3.024118,17.210029,True
KVAL002,43,1.701833,Neck,0.065493,0.038715,-0.01131,-0.0516,2.119838,63.040603,True
KVAL002,44,1.735166,Neck,0.070825,0.03993,-0.022845,-0.05385,1.258303,59.138868,True
KVAL002,45,1.7685,Neck,0.029469,-0.01521,-0.022365,0.0117,1.861569,12.256087,True
KVAL002,46,1.801833,Neck,0.076427,-0.039765,-0.05454,0.03585,1.111907,58.477832,True
KVAL002,47,1.835166,Neck,0.096098,-0.017265,-0.04899,0.08085,2.320677,66.228483,True
KVAL002,48,1.868511,Neck,0.081382,0.032565,0.073635,-0.01185,3.4161,43.220084,True
KVAL002,49,1.901833,Neck,0.138861,0.040245,0.11544,-0.06585,1.017004,79.766191,True
KVAL002,50,1.935177,Neck,0.073409,0.067005,0.01671,-0.0249,2.210428,21.786488,True
KVAL002,51,1.9685,Neck,0.080534,0.0657,-0.027,-0.03795,0.882787,47.399397,True
KVAL002,52,2.001833,Neck,0.018869,0.015615,-0.006645,-0.00825,1.153836,14.908293,True
KVAL002,53,2.035166,Neck,0.03884,0.00762,0.022875,-0.03045,0.944716,35.235988,True
KVAL002,54,2.068511,Neck,0.071351,0.002355,-0.061905,-0.0354,1.527528,28.616056,True
KVAL002,55,2.101833,Neck,0.089706,-0.008745,-0.076395,-0.0462,1.069169,44.952099,True
KVAL002,56,2.135166,Neck,0.044206,-0.006555,0.008415,-0.0429,1.683156,21.69279,True
KVAL002,57,2.1685,Neck,0.052695,-0.04851,0.005055,0.01995,1.040017,39.556978,True
KVAL002,58,2.201833,Neck,0.044287,-0.0369,0.01539,0.01905,1.718925,25.899798,True
KVAL002,59,2.235177,Neck,0.10154,0.031815,-0.041895,0.08685,1.404646,56.93876,True
KVAL002,60,2.268511,Neck,0.077885,0.017385,-0.05148,0.0558,2.42739,46.678765,True
KVAL002,61,2.301833,Neck,0.080938,0.02133,-0.025485,-0.0738,2.092548,57.700472,True
KVAL002,62,2.335177,Neck,0.083685,0.00996,-0.02154,-0.08025,1.542487,53.415801,True
KVAL002,63,2.3685,Neck,0.027955,-0.01635,-0.009585,0.02055,1.561362,35.911561,True
KVAL002,64,2.401844,Neck,0.022529,-0.008595,-0.003375,0.02055,0.875096,33.561912,True
KVAL002,65,2.435177,Neck,0.032605,0.013905,-0.004785,-0.0291,0.748291,19.140193,True
KVAL002,66,2.468511,Neck,0.029535,-0.00273,0.014115,-0.0258,0.784998,3.180711,True
KVAL002,67,2.501844,Neck,0.054232,-0.024825,0.02916,-0.0384,0.72141,18.150154,True
KVAL002,68,2.535188,Neck,0.075429,0.015795,0.032925,-0.066,0.605664,30.137308,True
KVAL002,69,2.568511,Neck,0.028265,-0.02709,0.00363,-0.0072,1.297132,26.950124,True
KVAL002,70,2.601855,Neck,0.019751,-0.011655,-0.015945,-0.00015,1.255728,29.096899,True
KVAL002,71,2.635166,Neck,0.082967,0.011715,0.025275,-0.07815,0.710498,37.943172,True
KVAL002,72,2.668511,Neck,0.047057,-0.02052,0.00408,-0.04215,1.298568,19.301954,True
KVAL002,73,2.701833,Neck,0.010717,-0.00732,-0.007815,-0.00045,0.673692,29.922664,True
KVAL002,74,2.735177,Neck,0.018821,-0.006225,0.01767,-0.0018,0.713399,16.619963,True
KVAL002,75,2.7685,Neck,0.044587,-0.006435,0.01851,-0.04005,0.469288,14.981765,True
KVAL002,76,2.801844,Neck,0.0259,-0.00912,-0.004335,-0.02385,0.294078,15.738292,True
KVAL002,77,2.835177,Neck,0.02538,-0.001305,0.008985,-0.0237,0.590251,7.836827,True
KVAL002,78,2.868511,Neck,0.017885,0.001125,0.01575,0.0084,0.772951,20.977596,True
KVAL002,79,2.901844,Neck,0.027435,0.00159,0.002205,0.0273,0.809998,27.456555,True
KVAL002,80,2.935188,Neck,0.041125,-0.016665,-0.007935,-0.03675,1.077706,20.77251,True
KVAL002,81,2.9685,Neck,0.044716,-0.00909,-0.008745,-0.0429,0.599809,26.292603,True
KVAL002,82,3.001844,Neck,0.009209,0.007305,-0.000795,-0.00555,0.675933,9.260086,True
KVAL002,83,3.035166,Neck,0.000616,-0.00042,-1.5e-05,0.00045,0.138555,10.188193,True
KVAL002,84,3.0685,Neck,0.000214,-0.00015,-3e-05,-0.00015,0.007384,3.778387,True
KVAL002,85,3.101833,Neck,0.000156,-3e-05,-3e-05,0.00015,0.119157,1.756881,True
KVAL002,86,3.135166,Neck,0.007873,0.00675,-0.00315,-0.00255,0.123761,3.518856,True
KVAL002,87,3.1685,Neck,0.008178,0.0066,-0.003525,-0.0033,0.115571,3.696277,True
KVAL002,88,3.201844,Neck,0.000746,-0.00018,-0.000405,-0.0006,0.122666,4.013328,True
KVAL002,89,3.235166,Neck,0.0,0.0,0.0,0.0,0.367275,10.911499,True
KVAL002,90,3.2685,Neck,0.02447,-0.02289,-0.00207,0.0084,0.702105,14.478007,True
KVAL002,91,3.301833,Neck,0.046807,-0.021585,-0.01935,-0.03675,0.690643,28.353978,True
KVAL002,92,3.335177,Neck,0.03668,6e-05,-0.031875,-0.01815,1.254379,20.549264,True
KVAL002,93,3.3685,Neck,0.049877,-0.009015,-0.01731,0.0459,0.735176,25.550226,True
KVAL002,94,3.401844,Neck,0.027719,-0.004245,-0.010005,0.0255,0.506551,10.381244,True
KVAL002,95,3.435166,Neck,0.018005,0.00249,-0.009405,0.01515,0.092342,15.524827,True
KVAL002,96,3.4685,Neck,0.026619,-0.00345,-0.00393,0.0261,1.25643,27.867943,True
KVAL002,97,3.501833,Neck,0.082897,0.041925,-0.06033,-0.0384,1.829067,34.310425,True
KVAL002,98,3.535177,Neck,0.097799,0.02226,-0.03156,-0.08985,1.211856,53.375649,True
KVAL002,99,3.568511,Neck,0.055691,-0.033735,-0.033675,-0.0288,1.836214,35.579989,True
KVAL002,100,3.601855,Neck,0.067288,0.02949,-0.05217,0.0306,1.525856,38.433322,True
KVAL002,101,3.635177,Neck,0.049392,0.04155,0.007935,0.0255,0.994007,35.552895,True
KVAL002,102,3.668511,Neck,0.001024,0.00051,-0.000765,0.00045,1.294889,36.289576,True
KVAL002,103,3.701833,Neck,0.086838,0.00132,-0.057285,0.06525,1.818638,82.909037,True
KVAL002,104,3.735177,Neck,0.121686,0.02475,-0.096045,-0.0705,4.732741,37.177455,True
KVAL002,105,3.7685,Neck,0.259751,0.06189,-0.062715,-0.24435,1.063999,145.828116,True
KVAL002,106,3.801833,Neck,0.1102,0.026145,-0.032505,-0.102,4.99828,63.41083,True
KVAL002,107,3.835177,Neck,0.08649,-0.017805,-0.03321,0.07785,3.643148,70.318887,True
KVAL002,108,3.868511,Neck,0.145057,0.013575,-0.03321,0.14055,0.971661,71.367525,True
KVAL002,109,3.901833,Neck,0.129235,0.03225,-0.041115,0.1182,1.180834,38.660275,True
KVAL002,110,3.935177,Neck,0.073141,0.02589,-0.004605,0.06825,1.806207,11.336539,True
KVAL002,111,3.9685,Neck,0.037348,0.01308,0.02775,0.0213,0.725329,36.018376,True
KVAL002,112,4.001833,Neck,0.047326,0.00915,0.028185,0.0369,0.67281,37.75455,True
KVAL002,113,4.035177,Neck,0.052077,0.03375,-0.00798,0.03885,1.998089,12.353507,True
KVAL002,114,4.068511,Neck,0.108098,0.034005,-0.101175,0.0171,0.871141,56.588498,True
KVAL002,115,4.101833,Neck,0.066591,0.011805,-0.06018,0.02595,1.812486,24.262328,True
KVAL002,116,4.135177,Neck,0.015701,-0.007485,0.011865,0.00705,0.949038,33.428013,True
KVAL002,117,4.168511,Neck,0.013705,-0.011355,-0.004785,0.006,0.489972,18.130505,True
KVAL002,118,4.201844,Neck,0.02055,0.01893,-0.007065,0.00375,0.591509,10.869398,True
KVAL002,119,4.235166,Neck,0.027908,0.027375,0.002535,0.0048,0.266375,19.09544,True
KVAL002,120,4.268511,Neck,0.017542,0.00846,0.00144,0.0153,0.70162,11.801547,True
KVAL002,121,4.301844,Neck,0.023727,-0.018375,0.009405,0.0117,0.699253,31.097167,True
KVAL002,122,4.335177,Neck,0.055024,0.042435,0.03312,0.0114,1.552959,19.133919,True
KVAL002,123,4.3685,Neck,0.1004,0.0624,0.067335,0.04065,0.894809,51.927588,True
KVAL002,124,4.401833,Neck,0.06066,-0.00666,0.059475,-0.0099,2.101498,26.837379,True
KVAL002,125,4.435177,Neck,0.075896,-0.00552,0.02091,-0.07275,1.302782,39.242941,True
KVAL002,126,4.468511,Neck,0.063664,0.01191,-0.00741,-0.0621,0.777465,45.544375,True
KVAL002,127,4.501833,Neck,0.035076,0.00813,-0.009225,-0.03285,1.959103,6.150093,True
KVAL002,128,4.535177,Neck,0.067855,0.00276,0.01188,0.06675,0.827502,54.22001,True
KVAL002,129,4.568511,Neck,0.046509,0.040725,-0.019935,0.01035,1.741603,22.13839,True
KVAL002,130,4.601844,Neck,0.061416,0.01533,-0.051525,-0.0297,0.787983,34.400497,True
KVAL002,131,4.635166,Neck,0.031216,-0.01017,-0.029475,0.0015,0.63845,14.234302,True
KVAL002,132,4.668511,Neck,0.022549,0.01287,-0.012,-0.0141,0.487937,13.89808,True
KVAL002,133,4.701833,Neck,0.022829,-0.009105,-0.00531,-0.02025,0.307101,23.303265,True
KVAL002,134,4.735166,Neck,0.040854,0.021405,-0.03039,-0.01695,1.292394,38.011513,True
KVAL002,135,4.7685,Neck,0.080515,0.066825,-0.044175,-0.0081,2.654585,40.29111,True
KVAL002,136,4.801844,Neck,0.188644,0.08091,-0.112215,0.12825,2.897998,89.531415,True
KVAL002,137,4.835166,Neck,0.229818,0.05718,-0.18492,0.1239,3.347927,730.695907,True
KVAL002,138,4.8685,Neck,0.076615,-0.02487,-0.045315,-0.05655,46.365579,262.373481,True
KVAL002,139,4.901833,Neck,2.912227,-0.995115,0.674775,-2.65245,20.581267,1895.113769,True
KVAL002,140,4.935166,Neck,1.413901,-0.204195,0.425205,-1.3329,80.052675,1068.373745,True
KVAL002,141,4.968511,Neck,2.427332,0.926115,-0.44124,2.1999,50.811268,1488.098353,True
KVAL002,142,5.001844,Neck,1.986906,0.401085,-0.263355,1.9281,19.728832,1179.779103,True
KVAL002,143,5.035188,Neck,1.21784,0.272655,0.079665,1.18425,27.886301,196.40833,True
KVAL002,144,5.068522,Neck,0.129432,0.011475,-0.004305,0.12885,19.076402,418.43622,True
KVAL002,145,5.101855,Neck,0.204725,-0.06585,-0.193545,-0.0108,1.351311,340.575856,True
KVAL002,146,5.1352,Neck,0.14387,0.070155,-0.068475,0.1053,5.207987,44.368579,True
KVAL002,147,5.168533,Neck,0.177866,0.121845,0.074025,0.10635,2.28198,105.410826,True
KVAL002,148,5.201844,Neck,0.133864,0.11544,0.058335,0.0345,2.088015,56.564918,True
KVAL002,149,5.235177,Neck,0.097907,0.097365,-0.010125,-0.0018,2.037804,36.299742,True
KVAL002,150,5.2685,Neck,0.008723,0.002805,-0.007635,-0.00315,1.389195,31.295182,True
KVAL002,151,5.301844,Neck,0.005761,0.00549,0.00111,0.00135,0.133936,62.74778,True
KVAL002,152,5.335177,Neck,0.000735,0.0006,0.0003,0.0003,3.02698,82.030468,True
KVAL002,153,5.368522,Neck,0.207258,0.17433,0.101925,0.04665,5.542453,65.687848,True
KVAL002,154,5.401833,Neck,0.37014,0.23688,0.28179,0.03855,2.160312,142.175604,True
KVAL002,155,5.435166,Neck,0.197008,0.068805,0.1845,-0.00615,3.942727,54.665428,True
KVAL002,156,5.4685,Neck,0.110003,0.079965,0.07137,0.02475,1.793025,57.795496,True
KVAL002,157,5.501844,Neck,0.106225,0.077385,0.068955,0.02325,0.869311,64.678508,True
KVAL002,158,5.535166,Neck,0.100635,0.06282,0.07242,-0.0306,2.916841,68.348259,True
KVAL002,159,5.568511,Neck,0.191865,-0.06951,0.170625,-0.05355,5.155678,92.820713,True
KVAL002,160,5.601833,Neck,0.329624,-0.23103,0.119205,-0.20265,6.9579,117.157699,True
KVAL002,161,5.635166,Neck,0.513904,-0.26253,0.00567,-0.44175,7.30244,185.683544,True
KVAL002,162,5.6685,Neck,0.629421,-0.24036,-0.241875,-0.52905,12.407977,96.611979,True
KVAL002,163,5.701844,Neck,0.937374,0.062205,-0.74499,-0.5655,6.931853,365.612722,True
KVAL002,164,5.735177,Neck,0.816646,0.06627,-0.58572,-0.5652,12.148639,282.987885,True
KVAL002,165,5.768511,Neck,0.32534,-0.11886,-0.000555,-0.30285,13.402611,170.074572,True
KVAL002,166,5.801844,Neck,0.124033,-0.006225,0.12153,-0.024,5.22044,222.024587,True
KVAL002,167,5.835177,Neck,0.068399,0.025185,0.06315,0.0075,1.51674,101.839535,True
KVAL002,168,5.8685,Neck,0.077665,-0.03228,0.03195,-0.063,1.739148,35.796882,True
KVAL002,169,5.901833,Neck,0.138155,-0.019845,0.100635,-0.09255,0.917634,57.262677,True
KVAL002,170,5.935177,Neck,0.085846,0.005625,0.07491,-0.04155,2.784572,29.894299,True
KVAL002,171,5.968511,Neck,0.133073,0.043335,-0.073665,-0.102,1.180535,102.428689,True
KVAL002,172,6.001844,Neck,0.095674,-0.00042,0.016725,-0.0942,4.52252,48.168014,True
KVAL002,173,6.035177,Neck,0.181544,-0.14151,0.084555,0.07605,2.800298,128.042926,True
KVAL002,174,6.0685,Neck,0.234468,-0.15633,0.110955,-0.135,4.703777,93.06065,True
KVAL002,175,6.101833,Neck,0.243125,-0.01236,0.12789,-0.2064,3.559384,73.528899,True
KVAL002,176,6.135166,Neck,0.059679,-0.02829,-0.04989,-0.0165,7.422138,242.148808,True
KVAL002,177,6.168511,Neck,0.668281,-0.03783,-0.056655,-0.6648,14.073451,153.385615,True
KVAL002,178,6.201833,Neck,0.954637,-0.00165,-0.030435,-0.95415,3.231873,396.502944,True
KVAL002,179,6.235177,Neck,0.469433,-0.041835,-0.106605,-0.45525,12.360794,70.08922,True
KVAL002,180,6.2685,Neck,0.14334,-0.01686,-0.056505,-0.13065,7.277158,156.506051,True
KVAL002,181,6.301833,Neck,0.020042,-0.00876,0.01104,0.01425,3.381854,113.024079,True
KVAL002,182,6.335166,Neck,0.141926,0.13989,-0.00576,0.02325,2.260419,81.425423,True
KVAL002,183,6.368511,Neck,0.142293,0.141765,0.004485,0.0114,2.274322,93.398169,True
KVAL002,184,6.401844,Neck,0.027924,-0.00285,0.01449,-0.0237,4.093049,11.99356,True
KVAL002,185,6.435177,Neck,0.144303,-0.11016,-0.00333,-0.09315,1.554326,116.349596,True
KVAL002,186,6.468511,Neck,0.122063,-0.09267,0.040665,-0.06825,4.10344,74.300861,True
KVAL002,187,6.501855,Neck,0.146594,0.02547,0.00432,0.1443,3.606233,97.804821,True
KVAL002,188,6.535177,Neck,0.140246,0.00888,-0.04059,0.13395,2.502819,83.57979,True
KVAL002,189,6.568522,Neck,0.020731,-0.00552,0.00363,-0.01965,2.029454,46.848606,True
KVAL002,190,6.601844,Neck,0.016193,-0.012255,-0.00984,0.0039,0.651034,19.546878,True
KVAL002,191,6.635188,Neck,0.025531,-0.010845,-0.002745,0.02295,1.663315,39.113031,True
KVAL002,192,6.6685,Neck,0.1098,0.008085,-0.049845,-0.0975,2.04101,49.475762,True
KVAL002,193,6.701844,Neck,0.118233,-0.02196,-0.05616,-0.1017,1.654624,80.938085,True
KVAL002,194,6.735177,Neck,0.031248,-0.030315,0.00108,-0.0075,3.560248,24.383416,True
KVAL002,195,6.768522,Neck,0.138845,0.108495,0.0696,0.0516,1.810301,107.331423,True
KVAL002,196,6.801844,Neck,0.11135,0.014325,0.104235,0.03645,7.178944,73.784972,True
KVAL002,197,6.835177,Neck,0.486631,-0.10278,0.001785,0.47565,4.599301,265.771231,True
KVAL002,198,6.868522,Neck,0.323341,-0.01242,-0.001275,0.3231,10.819417,117.279344,True
KVAL002,199,6.901855,Neck,0.244012,-0.022155,0.03615,-0.2403,3.264009,347.816887,True
KVAL002,200,6.935188,Neck,0.17158,0.045645,0.09384,0.1362,12.536779,155.33312,True
KVAL002,201,6.968533,Neck,0.593607,0.08529,-0.0075,0.5874,7.251645,276.590412,True
KVAL002,202,7.001866,Neck,0.58315,0.09729,-0.135015,0.5589,5.947855,195.52592,True
KVAL002,203,7.035177,Neck,0.205613,0.054375,-0.04266,0.19365,5.835559,100.484157,True
KVAL002,204,7.068511,Neck,0.210444,0.00015,0.007785,0.2103,1.240679,52.344738,True
KVAL002,205,7.101833,Neck,0.237435,0.01506,0.01623,0.2364,2.613969,81.624174,True
KVAL002,206,7.135166,Neck,0.046065,-0.009375,0.0255,0.0372,4.809988,64.632533,True
KVAL002,207,7.168511,Neck,0.17345,0.12387,0.110595,-0.0501,2.97371,128.407937,True
KVAL002,208,7.201844,Neck,0.194091,0.184305,-0.01014,0.06,4.207892,110.032116,True
KVAL002,209,7.235166,Neck,0.138598,0.01209,-0.106845,0.08745,4.436364,76.623212,True
KVAL002,210,7.2685,Neck,0.11688,-0.107055,-0.042165,0.02055,0.955339,79.772296,True
KVAL002,211,7.301833,Neck,0.079495,0.01545,-0.04926,0.06045,1.321078,65.43075,True
KVAL002,212,7.335177,Neck,0.11358,-0.06828,-0.005475,0.0906,4.213209,59.656474,True
KVAL002,213,7.368511,Neck,0.266216,-0.251565,-0.08499,-0.01905,3.515131,138.674291,True
KVAL002,214,7.401855,Neck,0.226689,0.04971,-0.207465,0.07665,5.410338,172.755493,True
KVAL002,215,7.435177,Neck,0.2499,-0.021015,-0.01251,0.2487,8.043532,138.215215,True
KVAL002,216,7.468511,Neck,0.353541,-0.27762,0.215535,0.03825,4.838616,165.135048,True
KVAL002,217,7.501833,Neck,0.353642,-0.27489,0.161805,0.1527,4.068449,163.758047,True
KVAL002,218,7.535166,Neck,0.20203,-0.030225,0.18735,-0.0693,8.041698,74.158621,True
KVAL002,219,7.568511,Neck,0.300815,0.14457,0.193125,-0.1797,2.001511,171.790504,True
KVAL002,220,7.601844,Neck,0.094446,-0.062505,0.063705,-0.0309,5.167982,34.765153,True
KVAL002,221,7.635177,Neck,0.279326,-0.109845,-0.026505,-0.25545,2.249603,133.912643,True
KVAL002,222,7.668522,Neck,0.150583,-0.045765,-0.040245,-0.1377,4.949916,85.344843,True
KVAL002,223,7.701844,Neck,0.056026,0.00375,0.024795,0.0501,3.524595,46.604499,True
KVAL002,224,7.735188,Neck,0.100176,-0.01614,0.074145,0.0654,3.220256,59.816821,True
KVAL002,225,7.768511,Neck,0.261568,-0.0489,0.00177,0.25695,2.921698,120.332768,True
KVAL002,226,7.801855,Neck,0.214061,-0.034335,-0.0642,0.2013,4.877305,135.402342,True
KVAL002,227,7.835166,Neck,0.080309,-0.03909,-0.019635,-0.06735,8.236322,384.743641,True
KVAL002,228,7.8685,Neck,0.593222,-0.57081,0.0435,0.15555,20.779135,431.308488,True
KVAL002,229,7.901844,Neck,1.321529,-0.15312,0.03354,1.3122,22.264874,566.396878,True
KVAL002,230,7.935177,Neck,1.328208,0.42132,0.02316,1.2594,17.019237,604.404219,True
KVAL002,231,7.968511,Neck,0.199023,0.026805,0.04503,0.192,18.773583,201.106229,True
KVAL002,232,8.001855,Neck,0.096463,-0.006705,0.047745,0.08355,3.822101,246.655602,True
KVAL002,233,8.035166,Neck,0.083027,-0.0069,0.056655,-0.0603,2.515103,74.700997,True
KVAL002,234,8.0685,Neck,0.085517,-0.012555,0.021165,-0.0819,1.321991,58.469362,True
KVAL002,235,8.101844,Neck,0.020334,-0.01377,0.00783,0.01275,1.42599,21.893598,True
KVAL002,236,8.135177,Neck,0.019397,-0.01323,0.00732,0.01215,0.305015,27.093227,True
KVAL002,237,8.1685,Neck,0.0,0.0,0.0,0.0,0.46878,17.919837,True
KVAL002,238,8.201833,Neck,0.026975,-0.02181,-0.007575,-0.01395,0.993853,23.647181,True
KVAL002,239,8.235177,Neck,0.066257,-0.02601,-0.031935,0.0519,1.225713,38.78769,True
KVAL002,240,8.268511,Neck,0.077522,-0.03432,-0.024765,0.06495,1.621827,45.941683,True
KVAL002,241,8.301833,Neck,0.049421,-0.016065,0.023325,-0.0405,1.876065,34.680899,True
KVAL002,242,8.335166,Neck,0.048434,0.013875,0.024435,-0.03945,0.735289,41.5743,True
KVAL002,243,8.368511,Neck,0.000757,-0.00018,0.000735,0.0,0.932322,11.028145,True
KVAL002,244,8.401844,Neck,0.018376,0.00969,-0.007845,0.0135,0.246971,18.974335,True
KVAL002,245,8.435166,Neck,0.015994,-0.01002,-0.012465,-0.00015,0.597244,6.219858,True
KVAL002,246,8.468511,Neck,0.027351,-0.02517,-0.00906,-0.0057,0.249609,16.463493,True
KVAL002,247,8.501833,Neck,0.017618,0.002325,-0.013605,0.01095,0.514602,6.815121,True
KVAL002,248,8.535177,Neck,0.012825,0.00855,-0.00954,0.0006,0.364865,7.671262,True
KVAL002,249,8.5685,Neck,0.014091,0.013425,0.003885,-0.0018,0.163257,9.555464,True
KVAL002,250,8.601844,Neck,0.010782,0.01008,0.000765,0.00375,0.297973,3.580888,True
KVAL002,251,8.635188,Neck,0.007426,-0.00315,-0.006555,0.0015,0.241332,10.162141,True
KVAL002,252,8.668522,Neck,0.011642,0.00051,0.010725,-0.0045,0.404482,6.020763,True
KVAL002,253,8.701855,Neck,0.019542,0.00852,0.01704,-0.00435,0.162525,10.016273,True
KVAL002,254,8.7352,Neck,0.009448,0.0084,0.00423,-0.0009,0.33612,7.415087,True
KVAL002,255,8.768533,Neck,0.018301,0.00528,0.00768,0.01575,0.398498,10.889148,True
KVAL002,256,8.801833,Neck,0.030763,0.00648,0.02829,0.0102,0.395905,13.073348,True
KVAL002,257,8.835177,Neck,0.022502,0.002895,0.02127,-0.00675,0.474006,10.088851,True
KVAL002,258,8.868511,Neck,0.007574,0.006195,0.00024,-0.00435,0.331016,7.790668,True
KVAL002,259,8.901855,Neck,0.003693,0.003435,-0.00012,-0.00135,0.148122,5.005343,True
KVAL002,260,8.935166,Neck,0.00237,-0.002025,-0.000645,0.00105,0.055391,2.742752,True
KVAL002,261,8.968511,Neck,0.0,0.0,0.0,0.0,0.035365,0.827722,True
KVAL002,262,9.001833,Neck,1.5e-05,-1.5e-05,0.0,0.0,0.000225,0.527602,True
KVAL002,263,9.035177,Neck,1.5e-05,-1.5e-05,0.0,0.0,0.000225,0.00675,True
KVAL002,264,9.068511,Neck,0.0,0.0,0.0,0.0,0.000225,0.003375,True
KVAL002,265,9.101855,Neck,0.0,0.0,0.0,0.0,0.0,0.003375,True
KVAL002,266,9.135177,Neck,0.0,0.0,0.0,0.0,0.0,19.740141,True
KVAL002,267,9.168511,Neck,0.0,0.0,0.0,0.0,1.316009,18.261434,True
KVAL002,268,9.201833,Neck,0.087734,-0.016035,0.066405,0.05505,1.217429,41.131821,True
KVAL002,269,9.235166,Neck,0.081162,-0.01278,0.0603,0.0528,1.426502,39.721199,True
KVAL002,270,9.2685,Neck,0.007985,0.003255,-0.006885,-0.0024,1.431681,20.013799,True
KVAL002,271,9.301833,Neck,0.015108,0.001065,-0.01407,-0.0054,0.110561,16.910385,True
KVAL002,272,9.335177,Neck,0.014357,0.001065,-0.01332,-0.00525,0.350859,3.807941,True
KVAL002,273,9.368511,Neck,0.038394,0.00183,-0.036885,-0.0105,0.353743,25.905708,True
KVAL002,274,9.401844,Neck,0.037535,-0.00078,-0.036675,-0.00795,1.430054,25.479432,True
KVAL002,275,9.435177,Neck,0.066838,0.03117,0.029655,0.05115,1.402937,36.051219,True
KVAL002,276,9.4685,Neck,0.065993,0.03357,0.02943,0.0486,1.004341,35.42591,True
KVAL002,277,9.501844,Neck,0.000215,-0.00021,-4.5e-05,0.0,0.989703,16.066339,True
KVAL002,278,9.535177,Neck,4.7e-05,-1.5e-05,4.5e-05,0.0,0.11987,15.743203,True
KVAL002,279,9.568522,Neck,0.008086,-0.004245,0.0024,0.00645,0.120531,3.619173,True
KVAL002,280,9.601833,Neck,0.008056,-0.00423,0.002325,0.00645,0.121424,8.680789,True
KVAL002,281,9.635166,Neck,3e-05,0.0,-3e-05,0.0,0.513736,7.129769,True
KVAL002,282,9.6685,Neck,0.031421,-0.021135,6e-05,-0.02325,0.492881,15.04628,True
KVAL002,283,9.701844,Neck,0.032858,-0.02106,0.001035,-0.0252,0.497176,15.555406,True
KVAL002,284,9.735166,Neck,0.002547,0.00099,-0.00192,0.00135,0.545127,7.076004,True
KVAL002,285,9.768511,Neck,0.004621,0.000945,-0.002925,0.00345,0.273983,6.353975,True
KVAL002,286,9.801833,Neck,0.020496,-0.001515,-0.016965,0.0114,0.423559,14.527634,True
KVAL002,287,9.835177,Neck,0.032729,-0.000435,-0.02106,0.02505,0.694969,19.382679,True
KVAL002,288,9.868511,Neck,0.025967,0.0042,0.022875,-0.01155,0.869535,19.9526,True
KVAL002,289,9.901844,Neck,0.025668,0.005415,0.01326,-0.0213,0.655546,21.940305,True
KVAL002,290,9.935166,Neck,0.020207,-0.003585,-0.01947,-0.00405,0.598517,12.837959,True
KVAL002,291,9.968511,Neck,0.016918,0.002535,-0.015555,0.00615,0.365541,11.083461,True
KVAL002,292,10.001833,Neck,0.019371,0.00834,-0.009465,0.0147,0.371839,6.874785,True
KVAL002,293,10.035177,Neck,0.021921,-0.001575,0.00339,0.0216,0.352362,13.418257,True
KVAL002,294,10.068511,Neck,0.026889,-0.009105,0.00225,0.0252,0.639056,14.439186,True
KVAL002,295,10.101844,Neck,0.023316,0.00975,0.009255,-0.01905,0.66007,13.980009,True
KVAL002,296,10.135177,Neck,0.024823,0.023385,0.007275,-0.00405,0.43042,17.993981,True
KVAL002,297,10.168511,Neck,0.022602,-0.017955,0.00639,-0.01215,0.821418,12.801106,True
KVAL002,298,10.201833,Neck,0.040483,-0.023985,0.008445,-0.0315,0.462385,21.358094,True
KVAL002,299,10.235177,Neck,0.026031,0.00756,0.02334,-0.0087,0.633202,11.759122,True
KVAL002,300,10.268511,Neck,0.026693,0.007665,0.02415,-0.0084,0.388723,13.000086,True
KVAL002,301,10.301855,Neck,0.000129,7.5e-05,0.000105,0.0,0.39906,5.830846,True
KVAL002,302,10.335166,Neck,0.000106,7.5e-05,7.5e-05,0.0,0.0,5.971943,True
KVAL002,303,10.3685,Neck,0.000129,7.5e-05,0.000105,0.0,0.001312,0.029033,True
KVAL002,304,10.401833,Neck,3e-05,0.0,3e-05,0.0,0.001936,0.017209,True
KVAL002,305,10.435166,Neck,0.0,0.0,0.0,0.0,0.0009,0.039359,True
KVAL002,0,0.0,RShoulder,0.014876,-0.0111,-0.00849,-0.0051,0.195882,0.335469,False
KVAL002,1,0.301866,RShoulder,0.008379,-0.00639,-0.00441,-0.00315,0.203418,1.187616,False
KVAL002,2,0.3352,RShoulder,0.001397,-0.001095,-0.000435,-0.00075,0.119619,2.761915,False
KVAL002,3,0.368511,RShoulder,0.00041,-0.00027,-0.00027,-0.00015,0.020774,1.703503,False
KVAL002,4,0.401844,RShoulder,1.5e-05,-1.5e-05,0.0,0.0,0.006154,177.46279,False
KVAL002,5,0.435177,RShoulder,0.0,0.0,0.0,0.0,11.822453,177.315745,False
KVAL002,6,0.468522,RShoulder,0.788175,-0.622035,-0.21564,0.43335,11.818031,354.74564,False
KVAL002,7,0.501833,RShoulder,0.787869,-0.620145,-0.210195,0.43815,11.827522,354.511676,False
KVAL002,8,0.535166,RShoulder,0.007475,0.00183,0.00543,0.0048,11.81608,145.277179,False
KVAL002,9,0.568511,RShoulder,0.000157,-0.00015,-4.5e-05,0.0,3.006028,148.246629,False
KVAL002,10,0.601844,RShoulder,0.201692,0.201195,-0.014115,-0.0009,2.381167,101.365874,False
KVAL002,11,0.635166,RShoulder,0.158588,0.14862,0.055155,-0.0045,3.791881,66.800373,False
KVAL002,12,0.668511,RShoulder,0.074717,-0.03945,0.06306,-0.00705,2.086452,70.541627,False
KVAL002,13,0.701844,RShoulder,0.030729,0.02757,-0.01275,0.00465,1.792444,29.079863,False
KVAL002,14,0.735177,RShoulder,0.093295,-0.0237,-0.02448,-0.08685,1.580373,89.74254,False
KVAL002,15,0.7685,RShoulder,0.096929,-0.0192,-0.042645,-0.0849,6.706692,101.283396,False
KVAL002,16,0.801844,RShoulder,0.482816,-0.2529,-0.40725,-0.05745,7.206218,216.809799,False
KVAL002,17,0.835177,RShoulder,0.523398,-0.305355,-0.424215,-0.0273,8.058624,267.555104,False
KVAL002,18,0.868522,RShoulder,0.136608,0.08439,-0.02199,0.10515,10.977255,127.143452,False
KVAL002,19,0.901833,RShoulder,0.254045,0.0351,0.196935,0.1566,3.916829,199.255212,False
KVAL002,20,0.935177,RShoulder,0.216992,-0.08253,0.17838,0.09195,2.77029,88.598738,False
KVAL002,21,0.968511,RShoulder,0.076889,0.028155,0.066735,0.0258,2.296752,43.135986,False
KVAL002,22,1.001855,RShoulder,0.161161,0.061035,0.13746,0.0579,1.025429,61.81804,False
KVAL002,23,1.035166,RShoulder,0.072434,0.013695,0.01602,0.0693,2.710502,36.204361,False
KVAL002,24,1.068511,RShoulder,0.066771,-0.05022,-0.00423,0.0438,1.499282,103.074177,False
KVAL002,25,1.101844,RShoulder,0.086319,-0.02439,0.082635,0.00525,9.528924,793.819864,False
KVAL002,26,1.135188,RShoulder,0.675318,-0.519045,-0.43182,0.01335,52.429477,837.416427,False
KVAL002,27,1.1685,RShoulder,3.471716,-2.65188,-1.815195,1.31355,58.705806,1500.464988,False
KVAL002,28,1.201844,RShoulder,4.258776,-2.48652,-0.69981,3.38595,51.60666,1904.351232,True
KVAL002,29,1.235166,RShoulder,1.950399,-0.471765,0.817095,1.707,68.718047,984.781921,True
KVAL002,30,1.268511,RShoulder,0.709997,-0.32085,0.38574,-0.50235,29.263894,958.720729,False
KVAL002,31,1.301844,RShoulder,0.337737,-0.221715,0.217545,-0.1326,7.80092,282.690887,False
KVAL002,32,1.335177,RShoulder,0.765505,0.073995,0.15153,-0.7467,11.5876,231.526064,False
KVAL002,33,1.3685,RShoulder,0.87157,0.06249,0.182055,-0.85005,9.939448,344.489621,False
KVAL002,34,1.401833,RShoulder,0.119971,-0.046725,0.026595,-0.10725,11.782886,151.218723,False
KVAL002,35,1.435166,RShoulder,0.090694,-0.020715,0.015075,-0.087,1.092467,172.115509,False
KVAL002,36,1.4685,RShoulder,0.105965,0.024405,0.0117,-0.10245,0.907297,20.935508,False
KVAL002,37,1.501844,RShoulder,0.068667,0.032385,0.003495,-0.06045,0.331354,18.692493,False
KVAL002,38,1.535177,RShoulder,0.095053,0.00438,0.01506,-0.09375,0.421628,17.773125,False
KVAL002,39,1.5685,RShoulder,0.053853,0.00693,0.011955,-0.05205,1.309422,21.736708,False
KVAL002,40,1.601833,RShoulder,0.014541,-0.00519,0.01161,-0.00705,1.667315,46.189521,False
KVAL002,41,1.635166,RShoulder,0.147328,-0.070305,0.064605,-0.1122,1.914024,35.104167,False
KVAL002,42,1.668511,RShoulder,0.140039,-0.052995,0.058545,-0.11565,0.785889,32.511556,False
KVAL002,43,1.701833,RShoulder,0.124101,-0.02985,0.03156,-0.11625,0.621785,24.097771,False
KVAL002,44,1.735166,RShoulder,0.132538,-0.036405,0.02187,-0.12555,2.18506,94.719314,False
KVAL002,45,1.7685,RShoulder,0.193191,0.10878,0.01743,-0.1587,6.47987,108.391754,False
KVAL002,46,1.801833,RShoulder,0.54824,0.081015,0.03561,-0.54105,6.956652,163.047407,False
KVAL002,47,1.835166,RShoulder,0.607837,-0.010245,0.044085,-0.60615,4.460949,233.376317,False
KVAL002,48,1.868511,RShoulder,0.25456,0.068085,0.023055,-0.2442,8.622685,25.518248,False
KVAL002,49,1.901833,RShoulder,0.095171,0.084045,-0.014745,-0.04215,2.993178,154.523215,False
KVAL002,50,1.935177,RShoulder,0.115823,0.104865,0.00351,-0.04905,3.079793,151.482711,False
KVAL002,51,1.9685,RShoulder,0.296462,0.25224,0.021,-0.15435,8.009998,55.130575,False
KVAL002,52,2.001833,RShoulder,0.642522,0.464655,0.037275,-0.4422,6.552586,111.777333,False
KVAL002,53,2.035166,RShoulder,0.726349,0.5466,0.044685,-0.47625,2.232987,113.50789,False
KVAL002,54,2.068511,RShoulder,0.720624,0.600405,0.07203,-0.39195,3.568355,101.630021,False
KVAL002,55,2.101833,RShoulder,0.781674,0.7098,0.09927,-0.312,5.854363,115.727179,False
KVAL002,56,2.135166,RShoulder,0.388701,0.379005,0.048435,-0.0714,5.413857,170.466032,False
KVAL002,57,2.1685,RShoulder,0.423321,0.370275,0.057,-0.1971,5.606916,114.651373,False
KVAL002,58,2.201833,RShoulder,0.73688,0.660915,0.08889,-0.3135,2.252456,162.998513,False
KVAL002,59,2.235177,RShoulder,0.567631,0.517965,0.06189,-0.2238,5.26026,115.357416,False
KVAL002,60,2.268511,RShoulder,0.406566,0.39246,0.05583,-0.0903,5.697144,56.501402,False
KVAL002,61,2.301833,RShoulder,0.245722,0.240165,0.03912,0.0342,5.482084,96.719091,False
KVAL002,62,2.335177,RShoulder,0.105585,0.0345,-0.01746,-0.09825,5.632292,62.635288,False
KVAL002,63,2.3685,RShoulder,0.162715,-0.087255,-0.04188,-0.1308,1.822331,95.867156,False
KVAL002,64,2.401844,RShoulder,0.074556,-0.066105,-0.016725,-0.03015,0.921451,36.154252,False
KVAL002,65,2.435177,RShoulder,0.10436,-0.062565,-0.01305,-0.0825,0.737066,9.199081,False
KVAL002,66,2.468511,RShoulder,0.096636,-0.0555,-0.0132,-0.078,1.117638,14.96884,False
KVAL002,67,2.501844,RShoulder,0.033866,-0.014355,-0.01659,-0.0258,0.417059,25.836044,False
KVAL002,68,2.535188,RShoulder,0.109643,-0.07908,-0.026295,-0.07125,0.627845,26.597461,False
KVAL002,69,2.568511,RShoulder,0.070112,-0.05043,-0.0135,-0.0468,1.395946,9.622298,False
KVAL002,70,2.601855,RShoulder,0.060228,0.011535,-0.009465,-0.05835,0.541867,35.359986,False
KVAL002,71,2.635166,RShoulder,0.095133,-0.04635,-0.00978,-0.0825,1.0635,23.886897,False
KVAL002,72,2.668511,RShoulder,0.064091,-0.05439,-0.00036,-0.0339,1.199682,32.836825,False
KVAL002,73,2.701833,RShoulder,0.026385,0.00798,0.002235,-0.02505,1.24148,19.491344,False
KVAL002,74,2.735177,RShoulder,0.029405,0.025545,0.00582,-0.01335,0.115421,19.644025,False
KVAL002,75,2.7685,RShoulder,0.02772,0.001905,-0.00174,-0.0276,0.231395,22.285087,False
KVAL002,76,2.801844,RShoulder,0.0378,0.02628,-0.001035,-0.02715,1.427702,13.931303,False
KVAL002,77,2.835177,RShoulder,0.115754,0.07293,0.01575,-0.0885,1.059444,45.278868,False
KVAL002,78,2.868511,RShoulder,0.107161,0.064605,0.01593,-0.084,1.613057,40.566013,False
KVAL002,79,2.901844,RShoulder,0.010966,0.0105,0.00249,-0.00195,1.709483,25.923647,False
KVAL002,80,2.935188,RShoulder,0.043769,-0.031905,-0.008775,-0.02865,0.797827,30.183753,False
KVAL002,81,2.9685,RShoulder,0.045495,-0.0333,-0.01068,-0.0291,0.662877,22.420082,False
KVAL002,82,3.001844,RShoulder,0.001951,-0.000765,-0.000705,0.00165,0.70337,10.210129,False
KVAL002,83,3.035166,RShoulder,0.002013,1.5e-05,0.0009,0.0018,0.029959,10.751363,False
KVAL002,84,3.0685,RShoulder,0.000747,-0.000615,-0.0003,-0.0003,0.020057,7.964192,False
KVAL002,85,3.101833,RShoulder,0.000684,9e-05,0.000315,0.0006,0.520567,6.927849,False
KVAL002,86,3.135166,RShoulder,0.03396,0.02733,0.01239,0.0159,0.452607,16.13557,False
KVAL002,87,3.1685,RShoulder,0.030592,0.026115,0.009945,0.01245,0.555624,13.671875,False
KVAL002,88,3.201844,RShoulder,0.003732,-0.001125,-0.00213,-0.00285,0.458887,5.904542,False
KVAL002,89,3.235166,RShoulder,0.0,0.0,0.0,0.0,0.923249,7.186484,False
KVAL002,90,3.2685,RShoulder,0.064291,-0.055155,-0.02118,-0.02535,0.81652,44.718278,False
KVAL002,91,3.301833,RShoulder,0.054435,-0.050385,-0.019755,0.00585,2.081053,23.00912,False
KVAL002,92,3.335177,RShoulder,0.077642,0.047325,0.02286,0.05715,0.903393,47.324726,False
KVAL002,93,3.3685,RShoulder,0.052182,-0.01398,-0.001575,0.05025,1.233081,16.476506,False
KVAL002,94,3.401844,RShoulder,0.065125,-0.02994,-0.005205,0.0576,0.624928,25.382828,False
KVAL002,95,3.435166,RShoulder,0.028625,0.016935,0.00357,0.0228,1.002492,15.932058,False
KVAL002,96,3.4685,RShoulder,0.026796,-0.01452,-0.0219,-0.00525,0.640142,24.11013,False
KVAL002,97,3.501833,RShoulder,0.022129,-0.020865,-0.005325,0.0051,0.635487,17.588644,False
KVAL002,98,3.535177,RShoulder,0.038652,-0.028095,0.002775,0.0264,0.870674,22.762954,False
KVAL002,99,3.568511,RShoulder,0.070875,-0.035175,-0.00471,0.06135,1.439011,33.761678,False
KVAL002,100,3.601855,RShoulder,0.122976,-0.121245,-0.015885,0.01305,1.595167,48.773483,False
KVAL002,101,3.635177,RShoulder,0.101636,-0.0978,-0.013485,-0.02415,1.846703,20.209248,False
KVAL002,102,3.668511,RShoulder,0.005287,0.00021,-0.004125,-0.0033,2.117246,86.461845,False
KVAL002,103,3.701833,RShoulder,0.241043,-0.23286,0.001695,-0.06225,4.048907,185.748786,False
KVAL002,104,3.735177,RShoulder,0.269885,-0.258255,0.04008,-0.06735,10.328615,229.384481,False
KVAL002,105,3.7685,RShoulder,0.455657,0.386265,0.071145,0.231,11.32876,287.734016,False
KVAL002,106,3.801833,RShoulder,0.495408,0.43068,0.036495,0.2421,8.974823,318.163998,False
KVAL002,107,3.835177,RShoulder,0.162915,-0.08271,0.026415,-0.13785,10.022901,174.440425,False
KVAL002,108,3.868511,RShoulder,0.189287,-0.102465,0.00132,-0.15915,2.852334,196.244129,False
KVAL002,109,3.901833,RShoulder,0.041324,0.0306,-0.0273,0.0051,3.184707,53.687863,False
KVAL002,110,3.935177,RShoulder,0.024189,0.018975,0.000195,0.015,0.827295,50.542106,False
KVAL002,111,3.9685,RShoulder,0.018366,-0.01485,-0.000405,-0.0108,0.203704,25.586811,False
KVAL002,112,4.001833,RShoulder,0.012459,0.00936,-0.004695,0.00675,0.975787,14.044618,False
KVAL002,113,4.035177,RShoulder,0.04733,0.028425,-0.003825,0.03765,0.755222,25.778921,False
KVAL002,114,4.068511,RShoulder,0.061434,0.034575,-0.00732,0.05025,0.759326,37.621162,False
KVAL002,115,4.101833,RShoulder,0.010673,0.006135,-0.00393,-0.0078,1.75346,2.575508,False
KVAL002,116,4.135177,RShoulder,0.055679,-0.0264,0.003465,-0.0489,0.674144,27.912534,False
KVAL002,117,4.168511,RShoulder,0.048279,-0.02094,-0.00042,-0.0435,0.191229,17.283771,False
KVAL002,118,4.201844,RShoulder,0.050859,-0.018495,-0.006345,-0.04695,0.489257,12.88993,False
KVAL002,119,4.235166,RShoulder,0.018012,-0.008565,-0.00723,-0.0141,0.92073,13.80743,False
KVAL002,120,4.268511,RShoulder,0.01384,0.006345,-0.00822,0.00915,1.3861,6.601973,False
KVAL002,121,4.301844,RShoulder,0.078155,0.046725,-0.02319,0.0582,1.104752,32.145294,False
KVAL002,122,4.335177,RShoulder,0.086393,0.056265,-0.024645,0.06075,0.832401,26.674993,False
KVAL002,123,4.3685,RShoulder,0.036532,0.00465,0.005265,0.03585,0.807378,23.045832,False
KVAL002,124,4.401833,RShoulder,0.05898,0.013575,0.007905,0.05685,0.819176,23.424578,False
KVAL002,125,4.435177,RShoulder,0.056921,0.05073,-0.01821,0.0183,1.075927,21.670331,False
KVAL002,126,4.468511,RShoulder,0.040415,0.038205,-0.010515,-0.00795,0.673845,39.207746,False
KVAL002,127,4.501833,RShoulder,0.025002,0.01767,0.011775,0.0132,1.582577,23.936865,False
KVAL002,128,4.535177,RShoulder,0.103813,0.037845,0.003645,0.0966,1.168964,43.589549,False
KVAL002,129,4.568511,RShoulder,0.09548,0.041775,-0.003105,0.0858,1.351388,54.870015,False
KVAL002,130,4.601844,RShoulder,0.017608,0.01476,-0.000195,0.0096,2.591616,19.768975,False
KVAL002,131,4.635166,RShoulder,0.086899,-0.04371,-0.048555,-0.0573,2.032902,32.653626,False
KVAL002,132,4.668511,RShoulder,0.122571,-0.05406,-0.07905,-0.0765,3.086642,63.977282,False
KVAL002,133,4.701833,RShoulder,0.257125,-0.136305,0.050475,-0.2121,2.386421,141.831666,False
KVAL002,134,4.735166,RShoulder,0.071199,-0.047745,0.050415,0.01575,6.678454,33.784446,False
KVAL002,135,4.7685,RShoulder,0.205073,0.09105,0.069135,0.17025,2.304402,111.64189,False
KVAL002,136,4.801844,RShoulder,0.152157,0.07554,0.086055,0.1002,1.606293,68.392459,False
KVAL002,137,4.835166,RShoulder,0.164176,0.040125,-0.02418,0.15735,2.373147,2776.513371,False
KVAL002,138,4.8685,RShoulder,0.033074,-0.020115,-0.013275,0.02265,186.096387,2799.576955,False
KVAL002,139,4.901833,RShoulder,12.523089,-0.63933,-9.60102,8.01495,187.089335,7991.439375,False
KVAL002,140,4.935166,RShoulder,12.498211,-0.58086,-9.591195,7.9923,346.801584,7841.910507,False
KVAL002,141,4.968511,RShoulder,10.61679,0.09321,7.643595,-7.3677,335.7408,7803.239578,False
KVAL002,142,5.001844,RShoulder,9.89213,0.674295,7.270485,-6.6738,173.943349,7331.845176,False
KVAL002,143,5.035188,RShoulder,1.215135,0.7428,-0.69801,0.6615,153.053124,2829.035598,False
KVAL002,144,5.068522,RShoulder,0.491092,0.10557,-0.476175,-0.0573,18.155339,2373.455648,False
KVAL002,145,5.101855,RShoulder,0.098684,-0.05022,-0.083505,-0.0156,8.141128,303.302201,False
KVAL002,146,5.1352,RShoulder,0.05742,0.00048,0.04914,0.0297,3.242204,139.76653,False
KVAL002,147,5.168533,RShoulder,0.15382,0.14796,-0.016455,0.0387,1.585548,80.331869,False
KVAL002,148,5.201844,RShoulder,0.089367,0.08844,-0.00645,0.0111,2.299542,34.715635,False
KVAL002,149,5.235177,RShoulder,0.067735,0.02979,-0.015015,-0.05895,1.136979,40.509848,False
KVAL002,150,5.2685,RShoulder,0.055444,0.03438,-0.012375,-0.0417,0.982965,22.047375,False
KVAL002,151,5.301844,RShoulder,0.003844,0.002445,0.002235,-0.00195,0.827069,46.758489,False
KVAL002,152,5.335177,RShoulder,0.000329,0.000135,1.5e-05,-0.0003,2.181434,77.079326,False
KVAL002,153,5.368522,RShoulder,0.146289,0.03336,-0.07992,-0.1179,4.396487,76.803175,False
KVAL002,154,5.401833,RShoulder,0.293322,0.26442,-0.075195,-0.1023,3.781234,129.40942,False
KVAL002,155,5.435166,RShoulder,0.23232,0.23196,0.00579,0.01155,4.371599,93.253304,False
KVAL002,156,5.4685,RShoulder,0.10445,0.04464,0.093645,-0.01215,3.138718,59.951149,False
KVAL002,157,5.501844,RShoulder,0.106327,0.0444,0.09615,-0.00945,0.42793,90.01244,False
KVAL002,158,5.535166,RShoulder,0.123382,0.031695,0.11889,-0.00915,3.122422,105.832312,False
KVAL002,159,5.568511,RShoulder,0.279106,0.25053,0.123015,0.0015,6.807509,72.000203,False
KVAL002,160,5.601833,RShoulder,0.481843,0.475485,0.05196,0.0582,7.689329,164.831767,False
KVAL002,161,5.635166,RShoulder,0.756678,0.749775,0.04767,0.09015,17.214578,59.631547,False
KVAL002,162,5.6685,RShoulder,1.627558,1.581825,0.251445,0.28905,5.781662,635.305491,False
KVAL002,163,5.701844,RShoulder,1.114864,1.06836,0.1308,0.29055,25.183841,325.096694,False
KVAL002,164,5.735177,RShoulder,0.168772,-0.030495,-0.155625,0.05775,16.085935,426.141739,False
KVAL002,165,5.768511,RShoulder,0.04287,0.042345,0.00324,0.00585,4.463768,244.651136,False
KVAL002,166,5.801844,RShoulder,0.155432,0.127695,0.08847,-0.0051,1.323206,80.798246,False
KVAL002,167,5.835177,RShoulder,0.105706,0.06546,0.058275,-0.0591,2.136642,22.09038,False
KVAL002,168,5.8685,RShoulder,0.140771,0.0306,0.0834,-0.1092,1.4986,54.345527,False
KVAL002,169,5.901833,RShoulder,0.183788,0.10839,0.144675,-0.03315,1.538744,47.970703,False
KVAL002,170,5.935177,RShoulder,0.117273,0.0714,0.09174,-0.01545,1.77857,25.266983,False
KVAL002,171,5.968511,RShoulder,0.071255,0.024885,0.06066,-0.0279,0.623745,44.190459,False
KVAL002,172,6.001844,RShoulder,0.125063,0.04059,0.118125,-0.0063,1.400187,39.207771,False
KVAL002,173,6.035177,RShoulder,0.156955,0.026625,0.15354,-0.01875,2.76441,70.192104,False
KVAL002,174,6.0685,RShoulder,0.308673,0.105675,0.28989,0.0087,6.076691,43.853061,False
KVAL002,175,6.101833,RShoulder,0.559379,0.055125,0.556545,0.0111,3.343406,190.970769,False
KVAL002,176,6.135166,RShoulder,0.472086,-0.023745,0.471225,0.01575,6.667743,157.480145,False
KVAL002,177,6.168511,RShoulder,0.119583,0.03744,0.11241,0.0162,7.296455,146.122937,False
KVAL002,178,6.201833,RShoulder,0.114754,0.10875,0.003645,0.03645,8.676046,178.124594,False
KVAL002,179,6.235177,RShoulder,0.597211,0.321315,-0.017565,0.5031,10.206212,217.878627,False
KVAL002,180,6.2685,RShoulder,0.744165,0.242535,-0.00681,0.7035,6.083337,307.178096,False
KVAL002,181,6.301833,RShoulder,0.24803,0.011235,0.02961,0.246,10.351615,71.285365,False
KVAL002,182,6.335166,RShoulder,0.080332,0.001485,0.05373,0.0597,2.525609,151.460626,False
KVAL002,183,6.368511,RShoulder,0.106145,0.003825,0.06723,0.08205,0.669239,25.20272,False
KVAL002,184,6.401844,RShoulder,0.039336,0.006285,0.01692,0.03495,1.257355,49.620176,False
KVAL002,185,6.435177,RShoulder,0.036257,-0.007755,0.03498,0.00555,3.796506,75.341382,False
KVAL002,186,6.468511,RShoulder,0.2144,-0.074565,-0.083835,-0.1827,6.1512,45.670607,False
KVAL002,187,6.501855,RShoulder,0.383256,-0.074775,-0.258705,-0.2727,1.867836,126.10564,False
KVAL002,188,6.535177,RShoulder,0.3052,-0.047385,-0.19623,-0.2289,2.383181,63.316136,False
KVAL002,189,6.568522,RShoulder,0.249466,-0.067035,-0.111795,-0.2127,3.092374,58.924274,False
KVAL002,190,6.601844,RShoulder,0.179881,-0.01455,-0.17736,-0.02625,3.721255,34.563104,False
KVAL002,191,6.635188,RShoulder,0.15042,0.02151,-0.14799,0.0162,2.242188,52.831088,False
KVAL002,192,6.6685,RShoulder,0.10198,0.04998,-0.069795,0.05505,1.967908,43.128075,False
KVAL002,193,6.701844,RShoulder,0.097243,0.054,-0.03438,0.0732,1.718398,496.444546,False
KVAL002,194,6.735177,RShoulder,0.022819,0.00864,0.006,-0.02025,34.758869,524.872493,False
KVAL002,195,6.768522,RShoulder,2.322511,-0.54891,1.730325,1.4487,35.254111,1018.053615,False
KVAL002,196,6.801844,RShoulder,2.340119,-0.584175,1.7547,1.43385,33.123316,1022.427872,False
KVAL002,197,6.835177,RShoulder,0.126901,-0.0504,0.050385,0.105,32.977518,489.961247,False
KVAL002,198,6.868522,RShoulder,0.238723,0.060495,0.03273,0.2286,2.856717,460.914699,False
KVAL002,199,6.901855,RShoulder,0.210931,0.11703,-0.00696,0.17535,5.765495,113.127484,False
KVAL002,200,6.935188,RShoulder,0.278172,0.23481,0.104565,-0.10635,5.465629,199.869088,False
KVAL002,201,6.968533,RShoulder,0.186538,0.03561,0.05703,-0.174,8.276307,154.773391,False
KVAL002,202,7.001866,RShoulder,0.27784,-0.25083,-0.03813,0.11325,5.176872,191.931678,False
KVAL002,203,7.035177,RShoulder,0.177168,-0.04512,0.057045,0.16155,4.638872,110.200145,False
KVAL002,204,7.068511,RShoulder,0.103199,0.039705,0.060225,0.0738,2.270227,66.976545,False
KVAL002,205,7.101833,RShoulder,0.063067,0.036045,0.03789,0.03525,1.087708,26.008641,False
KVAL002,206,7.135166,RShoulder,0.072536,0.06675,0.02091,0.0192,1.204268,29.047762,False
KVAL002,207,7.168511,RShoulder,0.045384,0.035295,-0.020685,-0.01965,2.273382,21.986903,False
KVAL002,208,7.201844,RShoulder,0.102674,-0.01212,-0.091635,-0.0447,1.362634,50.091026,False
KVAL002,209,7.235166,RShoulder,0.08098,-0.043035,-0.066585,-0.0165,1.206106,59.319559,False
KVAL002,210,7.2685,RShoulder,0.031135,-0.01545,-0.02688,0.00285,2.647583,56.10863,False
KVAL002,211,7.301833,RShoulder,0.128436,0.125325,-0.02385,0.01485,3.657681,21.065754,False
KVAL002,212,7.335177,RShoulder,0.228626,0.225525,-0.010065,0.03615,1.874026,87.942531,False
KVAL002,213,7.368511,RShoulder,0.247887,0.231225,-0.043035,0.0783,3.622719,54.630282,False
KVAL002,214,7.401855,RShoulder,0.288644,0.128265,-0.07488,0.2475,3.118355,97.223554,False
KVAL002,215,7.435177,RShoulder,0.291379,0.120855,-0.109755,0.24135,3.648989,79.555578,False
KVAL002,216,7.468511,RShoulder,0.377313,0.29586,-0.19944,0.1227,2.912127,734.946697,False
KVAL002,217,7.501833,RShoulder,0.387814,0.281175,-0.199095,0.17805,47.243839,877.175407,False
KVAL002,218,7.535166,RShoulder,2.901935,-2.71863,-0.909675,-0.4503,56.410396,1146.041825,False
KVAL002,219,7.568511,RShoulder,3.484205,-3.392835,-0.600975,-0.5169,32.155947,1371.785493,True
KVAL002,220,7.601844,RShoulder,1.40327,-1.27191,0.59055,0.0516,41.877002,1001.91058,True
KVAL002,221,7.635177,RShoulder,2.392087,-1.00935,-1.04169,-1.90215,47.175332,861.234596,True
KVAL002,222,7.668522,RShoulder,2.491492,-0.154245,-1.61886,-1.8876,36.621863,1373.920408,True
KVAL002,223,7.701844,RShoulder,0.474074,0.12189,-0.424785,0.1716,47.716138,243.549931,True
KVAL002,224,7.735188,RShoulder,0.990469,-0.13935,-0.200745,0.95985,41.199196,524.955395,True
KVAL002,225,7.768511,RShoulder,2.735929,0.545025,0.97044,2.4993,21.503491,1282.530824,False
KVAL002,226,7.801855,RShoulder,1.952764,0.690435,0.72162,1.67805,44.343535,2051.924906,True
KVAL002,227,7.835166,RShoulder,0.385778,0.036645,-0.374835,-0.08355,125.034499,534.710146,True
KVAL002,228,7.8685,RShoulder,6.860929,2.832495,-1.475295,-6.0723,66.87272,4085.350903,True
KVAL002,229,7.901844,RShoulder,4.53899,-0.51432,-0.214545,-4.50465,152.687449,2100.136847,True
KVAL002,230,7.935177,RShoulder,3.869934,-3.35682,1.079685,1.5945,73.241128,2986.709606,True
KVAL002,231,7.968511,RShoulder,0.44213,-0.197925,-0.146145,0.36735,51.855694,1072.572285,False
KVAL002,232,8.001855,RShoulder,0.583685,-0.2862,-0.07428,0.50325,7.121258,809.260255,False
KVAL002,233,8.035166,RShoulder,0.756512,-0.52263,0.16383,0.52185,5.190579,273.651062,False
KVAL002,234,8.0685,RShoulder,0.527764,-0.423195,0.149505,0.27765,11.615309,162.982514,True
KVAL002,235,8.101844,RShoulder,0.099188,-0.013485,-0.098265,0.0006,8.307126,180.927785,True
KVAL002,236,8.135177,RShoulder,0.099756,-0.013305,-0.098865,0.00015,1.487817,151.358944,False
KVAL002,237,8.1685,RShoulder,0.0,0.0,0.0,0.0,2.035947,183.981362,False
KVAL002,238,8.201833,RShoulder,0.109593,-0.049995,-0.011025,0.0969,12.42772,233.92345,True
KVAL002,239,8.235177,RShoulder,0.828515,-0.60195,0.226485,0.5223,17.618413,545.440076,True
KVAL002,240,8.268511,RShoulder,1.257452,-0.475695,0.692565,0.93555,25.466289,717.464947,False
KVAL002,241,8.301833,RShoulder,1.122925,0.979935,0.54834,-0.00345,31.252431,622.724948,True
KVAL002,242,8.335166,RShoulder,1.034568,0.894255,0.087315,-0.51285,17.011018,686.625416,True
KVAL002,243,8.368511,RShoulder,0.01116,-0.009585,-0.005685,0.0006,16.481699,194.112835,True
KVAL002,244,8.401844,RShoulder,0.210042,0.005145,-0.199485,0.06555,8.385831,265.650902,False
KVAL002,245,8.435166,RShoulder,0.566647,-0.153555,-0.520785,-0.16215,4.691907,283.990148,True
KVAL002,246,8.468511,RShoulder,0.350827,-0.114285,-0.24885,-0.2193,10.563339,158.123227,True
KVAL002,247,8.501833,RShoulder,0.147235,0.051135,0.10353,0.09135,6.32893,180.619056,True
KVAL002,248,8.535177,RShoulder,0.072688,0.019545,0.04044,0.05715,2.511576,105.579113,True
KVAL002,249,8.5685,RShoulder,0.111615,-0.025125,0.09243,-0.0573,1.587342,58.576349,True
KVAL002,250,8.601844,RShoulder,0.097106,-0.04569,0.084615,-0.0135,1.986269,40.692832,True
KVAL002,251,8.635188,RShoulder,0.030485,-0.016965,-0.013935,0.02115,1.322599,24.775878,True
KVAL002,252,8.668522,RShoulder,0.066095,-0.04737,0.01686,0.0429,0.638912,23.263421,True
KVAL002,253,8.701855,RShoulder,0.071245,-0.031515,-0.0198,0.06075,1.265297,15.967809,True
KVAL002,254,8.7352,RShoulder,0.042664,0.01332,-0.03624,0.01815,1.334926,56.601799,True
KVAL002,255,8.768533,RShoulder,0.137591,-0.028755,0.036705,0.12945,3.313207,89.750628,True
KVAL002,256,8.801833,RShoulder,0.245138,-0.132465,-0.175455,0.10845,4.713947,100.587328,True
KVAL002,257,8.835177,RShoulder,0.243711,-0.094365,-0.221625,-0.03705,3.400659,123.560935,True
KVAL002,258,8.868511,RShoulder,0.035733,0.00609,-0.035055,-0.0033,3.682674,47.110354,True
KVAL002,259,8.901855,RShoulder,0.012217,0.003945,-0.001935,0.0114,0.655863,55.777925,True
KVAL002,260,8.935166,RShoulder,0.00816,0.000345,0.00804,0.00135,0.183262,11.977845,True
KVAL002,261,8.968511,RShoulder,0.0,0.0,0.0,0.0,0.145402,2.627133,True
KVAL002,262,9.001833,RShoulder,0.001649,-6e-05,-0.00138,-0.0009,0.02473,2.533411,True
KVAL002,263,9.035177,RShoulder,0.001649,-6e-05,-0.00138,-0.0009,0.02473,0.741886,True
KVAL002,264,9.068511,RShoulder,0.0,0.0,0.0,0.0,0.02473,0.370943,True
KVAL002,265,9.101855,RShoulder,0.0,0.0,0.0,0.0,0.0,0.370943,True
KVAL002,266,9.135177,RShoulder,0.0,0.0,0.0,0.0,0.0,102.107956,True
KVAL002,267,9.168511,RShoulder,0.0,0.0,0.0,0.0,6.807197,95.846327,True
KVAL002,268,9.201833,RShoulder,0.453813,0.113565,-0.228225,-0.37545,6.389755,213.272416,True
KVAL002,269,9.235166,RShoulder,0.425984,0.06186,-0.171045,-0.3852,7.448127,196.679243,True
KVAL002,270,9.2685,RShoulder,0.0808,-0.05343,0.060165,-0.00735,6.73702,116.095356,True
KVAL002,271,9.301833,RShoulder,0.047591,-0.02481,0.04059,0.00135,0.572516,82.474416,True
KVAL002,272,9.335177,RShoulder,0.044393,-0.023115,0.03789,-0.0009,1.775777,8.8178,True
KVAL002,273,9.368511,RShoulder,0.158299,-0.02118,0.1494,0.04785,0.719792,96.899807,True
KVAL002,274,9.401844,RShoulder,0.057194,0.01905,0.050835,0.018,4.704773,34.130237,True
KVAL002,275,9.435177,RShoulder,0.155444,0.014325,-0.1485,-0.04365,1.718106,105.694099,True
KVAL002,276,9.4685,RShoulder,0.057657,-0.02601,-0.049695,-0.01335,2.341903,38.731699,True
KVAL002,277,9.501844,RShoulder,0.000809,-0.000135,0.000525,0.0006,0.86553,27.463039,True
KVAL002,278,9.535177,RShoulder,6.2e-05,-1.5e-05,6e-05,0.0,0.585004,5.506287,True
KVAL002,279,9.568522,RShoulder,0.039476,0.008835,0.038475,0.0,0.592246,17.627055,True
KVAL002,280,9.601833,RShoulder,0.039538,0.00885,0.038535,0.0,0.590172,52.059419,True
KVAL002,281,9.635166,RShoulder,0.000135,0.0,0.000135,0.0,3.899616,67.022607,True
KVAL002,282,9.6685,RShoulder,0.291168,0.128175,0.213915,0.1503,3.94646,130.938167,True
KVAL002,283,9.701844,RShoulder,0.2632,0.152025,0.199365,0.0801,4.839713,120.164655,False
KVAL002,284,9.735166,RShoulder,0.037831,0.00366,-0.023145,-0.0297,4.093906,82.323783,True
KVAL002,285,9.768511,RShoulder,0.046807,-0.02037,-0.008625,0.04125,8.099988,21.753541,True
KVAL002,286,9.801833,RShoulder,0.553595,-0.337365,-0.43818,0.0255,4.434214,243.204546,True
KVAL002,287,9.835177,RShoulder,0.323221,-0.255885,-0.18519,0.06855,9.151832,261.511653,True
KVAL002,288,9.868511,RShoulder,0.37471,-0.31185,0.16248,0.12945,13.153398,381.957501,True
KVAL002,289,9.901844,RShoulder,0.581657,0.251835,0.52377,-0.02385,20.301597,530.50871,True
KVAL002,290,9.935166,RShoulder,1.034895,0.49686,-0.263295,-0.8688,22.6022,817.548752,True
KVAL002,291,9.968511,RShoulder,1.026037,-0.950025,-0.379035,0.08085,34.211503,603.781135,True
KVAL002,292,10.001833,RShoulder,1.267303,-0.7998,0.50769,0.8418,17.794206,756.659171,True
KVAL002,293,10.035177,RShoulder,0.27796,0.07002,0.22248,0.1512,17.168034,234.53641,False
KVAL002,294,10.068511,RShoulder,0.454281,0.15813,0.355725,0.23415,4.862487,155.085581,True
KVAL002,295,10.101844,RShoulder,0.377716,0.358035,0.09741,0.07065,8.083398,219.272219,True
KVAL002,296,10.135177,RShoulder,0.538317,0.53247,0.07284,-0.0309,11.118663,313.88283,True
KVAL002,297,10.168511,RShoulder,0.647326,-0.0684,0.553125,-0.32925,14.671952,267.129671,False
KVAL002,298,10.201833,RShoulder,0.625395,-0.33531,0.42474,-0.3135,8.152881,372.84528,False
KVAL002,299,10.235177,RShoulder,0.613036,0.356415,0.233025,-0.441,10.917801,216.258169,False
KVAL002,300,10.268511,RShoulder,0.617906,0.35844,0.244485,-0.43995,9.190809,269.927542,False
KVAL002,301,10.301855,RShoulder,0.000958,-0.00024,0.000915,-0.00015,9.346947,136.779769,False
KVAL002,302,10.335166,RShoulder,0.014821,-0.004755,-0.013395,-0.0042,0.232286,141.481746,False
KVAL002,303,10.3685,RShoulder,0.01477,-0.004755,-0.01329,-0.00435,0.223123,6.806056,True
KVAL002,304,10.401833,RShoulder,0.000183,0.0,0.000105,-0.00015,0.221552,3.372274,False
KVAL002,305,10.435166,RShoulder,0.0,0.0,0.0,0.0,0.005493,6.693703,True
KVAL002,0,0.0,RElbow,0.013075,-0.00951,-0.00822,-0.0036,0.17277,0.302924,False
KVAL002,1,0.301866,RElbow,0.007358,-0.005475,-0.00429,-0.0024,0.178801,1.071774,False
KVAL002,2,0.3352,RElbow,0.001282,-0.000945,-0.000435,-0.00075,0.104731,2.430893,False
KVAL002,3,0.368511,RElbow,0.000381,-0.00024,-0.000255,-0.00015,0.019072,1.486506,False
KVAL002,4,0.401844,RElbow,1.5e-05,-1.5e-05,0.0,0.0,0.005714,238.880432,False
KVAL002,5,0.435177,RElbow,0.0,0.0,0.0,0.0,15.917611,237.505295,False
KVAL002,6,0.468522,RElbow,1.061174,0.020415,-1.05087,-0.1461,15.829669,478.846317,False
KVAL002,7,0.501833,RElbow,1.055311,0.022215,-1.04541,-0.1425,16.005516,474.880885,False
KVAL002,8,0.535166,RElbow,0.00674,0.00168,0.005445,0.0036,15.829057,233.870264,False
KVAL002,9,0.568511,RElbow,0.000186,-0.00018,-4.5e-05,0.0,4.339016,251.444108,True
KVAL002,10,0.601844,RElbow,0.293128,-0.03837,0.03144,0.2889,1.793857,168.622181,False
KVAL002,11,0.635166,RElbow,0.119567,0.03318,-0.069645,0.09135,6.933032,55.258304,False
KVAL002,12,0.668511,RElbow,0.176885,0.06075,-0.06849,-0.15135,2.429902,114.142725,False
KVAL002,13,0.701844,RElbow,0.144134,-0.027045,0.078375,0.1179,1.163164,67.197747,False
KVAL002,14,0.735177,RElbow,0.137548,-0.00969,-0.044175,-0.1299,2.813426,105.169238,False
KVAL002,15,0.7685,RElbow,0.071045,-0.043215,0.009105,-0.05565,7.737639,100.929239,False
KVAL002,16,0.801844,RElbow,0.470363,-0.35337,-0.232815,0.20535,7.271139,227.656826,False
KVAL002,17,0.835177,RElbow,0.504296,-0.285945,-0.4104,-0.0642,7.533302,247.288012,False
KVAL002,18,0.868522,RElbow,0.040789,0.009645,0.016575,-0.036,9.282931,93.00305,False
KVAL002,19,0.901833,RElbow,0.140515,0.116205,0.05982,-0.0516,2.435999,155.706371,False
KVAL002,20,0.935177,RElbow,0.189729,0.124305,-0.034185,-0.1392,1.865852,92.643204,False
KVAL002,21,0.968511,RElbow,0.064446,0.01362,0.060135,0.01875,3.899611,69.301148,False
KVAL002,22,1.001855,RElbow,0.135084,0.029715,0.12423,0.04395,2.925944,105.186468,False
KVAL002,23,1.035166,RElbow,0.183484,0.09642,0.02433,-0.1542,3.145603,119.233421,False
KVAL002,24,1.068511,RElbow,0.122795,0.07665,-0.02883,-0.0915,5.025312,250.998874,False
KVAL002,25,1.101844,RElbow,0.17036,-0.03651,0.073275,0.1494,16.106408,623.779676,False
KVAL002,26,1.135188,RElbow,0.994683,-0.854655,-0.450165,0.2373,45.508839,629.14804,False
KVAL002,27,1.1685,RElbow,3.132511,-2.104875,-0.985005,2.10045,45.342436,1263.385082,True
KVAL002,28,1.201844,RElbow,3.463966,-1.149825,-0.383745,3.24495,40.484816,1456.189395,True
KVAL002,29,1.235166,RElbow,1.358218,0.151425,0.27471,1.3215,53.691377,602.288698,True
KVAL002,30,1.268511,RElbow,0.622763,0.05301,0.619935,0.02655,19.860093,815.082335,False
KVAL002,31,1.301844,RElbow,0.433565,0.02637,0.43257,0.0129,6.811804,288.442355,False
KVAL002,32,1.335177,RElbow,0.211758,0.042,0.183225,-0.0975,3.841725,77.102082,False
KVAL002,33,1.3685,RElbow,0.221123,0.0525,0.19731,-0.0849,3.168316,43.459975,False
KVAL002,34,1.401833,RElbow,0.004762,0.00012,0.00273,0.0039,2.819788,55.519533,False
KVAL002,35,1.435166,RElbow,0.034143,0.002625,0.0288,-0.01815,0.53783,39.652945,False
KVAL002,36,1.4685,RElbow,0.036117,0.00393,0.03165,-0.01695,0.199096,5.072952,False
KVAL002,37,1.501844,RElbow,0.021361,0.002685,0.019185,-0.009,0.204898,4.845834,False
KVAL002,38,1.535177,RElbow,0.049616,0.00312,0.04323,-0.02415,0.166104,5.759732,False
KVAL002,39,1.5685,RElbow,0.026377,-0.001035,0.017895,-0.01935,0.204877,51.240895,False
KVAL002,40,1.601833,RElbow,0.040098,0.0051,0.02988,-0.02625,3.442472,43.705677,False
KVAL002,41,1.635166,RElbow,0.253093,0.019845,0.232335,-0.0984,2.732543,113.64328,False
KVAL002,42,1.668511,RElbow,0.21944,0.01335,0.203145,-0.0819,4.136254,97.250561,False
KVAL002,43,1.701833,RElbow,0.024028,-0.01008,-0.019935,0.00885,3.757729,93.603474,False
KVAL002,44,1.735166,RElbow,0.034058,-0.01629,-0.028875,0.0078,2.108228,140.775298,False
KVAL002,45,1.7685,RElbow,0.117823,0.009015,0.10386,-0.0549,5.84296,47.163327,False
KVAL002,46,1.801833,RElbow,0.36298,0.023295,0.23928,-0.27195,4.698772,128.82292,False
KVAL002,47,1.835166,RElbow,0.417574,0.04059,0.25821,-0.32565,2.794768,155.106183,False
KVAL002,48,1.868511,RElbow,0.182263,0.02988,0.13716,-0.11625,5.663887,17.439292,False
KVAL002,49,1.901833,RElbow,0.040758,0.004035,0.03066,-0.02655,1.778974,127.904961,False
KVAL002,50,1.935177,RElbow,0.067437,0.02772,0.049725,-0.03615,3.081009,115.538257,False
KVAL002,51,1.9685,RElbow,0.243329,0.10389,0.17004,-0.13965,6.044662,6.860508,False
KVAL002,52,2.001833,RElbow,0.470022,0.19908,0.315105,-0.28635,3.34324,102.296441,False
KVAL002,53,2.035166,RElbow,0.464804,0.22206,0.3012,-0.2757,1.392309,56.724265,False
KVAL002,54,2.068511,RElbow,0.433347,0.254055,0.26184,-0.23385,1.784153,39.550258,False
KVAL002,55,2.101833,RElbow,0.472497,0.321945,0.24474,-0.24435,3.043541,43.371198,False
KVAL002,56,2.135166,RElbow,0.240381,0.17412,0.11367,-0.1206,2.754479,102.84467,False
KVAL002,57,2.1685,RElbow,0.327067,0.27492,0.15006,-0.0942,4.271741,43.026229,False
KVAL002,58,2.201833,RElbow,0.516429,0.42981,0.22677,-0.17475,0.743608,133.882086,False
KVAL002,59,2.235177,RElbow,0.300439,0.245895,0.121575,-0.12255,4.68291,39.487619,False
KVAL002,60,2.268511,RElbow,0.204403,0.17085,0.084915,-0.07335,2.867553,23.365782,False
KVAL002,61,2.301833,RElbow,0.11001,0.09327,0.046365,-0.0354,3.360889,19.441935,False
KVAL002,62,2.335177,RElbow,0.055534,-0.026745,-0.01701,-0.0456,2.499915,35.642467,False
KVAL002,63,2.3685,RElbow,0.071491,-0.05247,-0.03447,-0.0342,1.478083,28.346274,False
KVAL002,64,2.401844,RElbow,0.10429,-0.094275,-0.038235,0.02295,1.414092,37.160418,False
KVAL002,65,2.435177,RElbow,0.129884,-0.11523,-0.0489,0.03465,1.120151,53.23375,False
KVAL002,66,2.468511,RElbow,0.031645,-0.023295,-0.01794,0.0117,2.216141,14.206642,False
KVAL002,67,2.501844,RElbow,0.025828,0.012975,-0.00243,-0.0222,0.337819,47.493791,False
KVAL002,68,2.535188,RElbow,0.019228,-0.01338,-0.011595,-0.0075,0.994506,20.280263,False
KVAL002,69,2.568511,RElbow,0.044149,-0.032355,-0.01902,0.02325,1.020428,15.498064,False
KVAL002,70,2.601855,RElbow,0.077025,-0.0516,-0.03945,0.0414,0.059708,33.150361,False
KVAL002,71,2.635166,RElbow,0.042173,-0.029145,-0.021045,0.02205,1.209832,5.203922,False
KVAL002,72,2.668511,RElbow,0.004584,0.003285,0.003165,0.00045,0.288339,30.993286,False
KVAL002,73,2.701833,RElbow,0.054292,-0.046485,-0.0132,0.02475,0.884251,7.288312,False
KVAL002,74,2.735177,RElbow,0.055496,-0.047865,-0.01299,0.0249,0.199017,10.327167,False
KVAL002,75,2.7685,RElbow,0.043883,-0.034245,-0.017115,0.02145,0.309854,47.748651,False
KVAL002,76,2.801844,RElbow,0.071772,-0.0558,-0.029805,0.0339,3.095039,42.488897,False
KVAL002,77,2.835177,RElbow,0.245861,-0.166575,-0.17085,0.05925,3.096444,91.041745,False
KVAL002,78,2.868511,RElbow,0.265244,-0.173985,-0.198765,0.024,3.015106,105.645392,False
KVAL002,79,2.901844,RElbow,0.056868,-0.033555,-0.04191,-0.01875,4.001361,34.642602,False
KVAL002,80,2.935188,RElbow,0.020758,0.00426,-0.00516,-0.01965,0.782537,60.912548,False
KVAL002,81,2.9685,RElbow,0.02078,0.004425,-0.00615,-0.01935,0.34355,12.69905,False
KVAL002,82,3.001844,RElbow,0.002464,0.000135,-0.00054,0.0024,0.33999,5.702905,False
KVAL002,83,3.035166,RElbow,0.001919,-0.000615,0.000255,0.0018,0.042234,5.423268,False
KVAL002,84,3.0685,RElbow,0.000686,-0.000585,-0.000195,-0.0003,0.022419,5.809791,False
KVAL002,85,3.101833,RElbow,0.00047,1.5e-05,0.000135,0.00045,0.37417,5.879255,False
KVAL002,86,3.135166,RElbow,0.025363,-0.017925,-0.015435,0.00915,0.381278,11.357326,False
KVAL002,87,3.1685,RElbow,0.025424,-0.018285,-0.01656,0.00615,0.383779,11.439164,False
KVAL002,88,3.201844,RElbow,0.002757,-0.000345,-0.00099,-0.00255,0.381365,4.937695,False
KVAL002,89,3.235166,RElbow,0.0,0.0,0.0,0.0,0.608302,9.189818,False
KVAL002,90,3.2685,RElbow,0.042252,0.01908,0.01119,-0.036,0.88401,19.197091,False
KVAL002,91,3.301833,RElbow,0.058934,0.02886,0.025605,-0.04455,0.672188,17.920349,False
KVAL002,92,3.335177,RElbow,0.003174,0.000165,-0.00207,0.0024,0.76197,30.828852,False
KVAL002,93,3.3685,RElbow,0.07592,0.04515,0.060045,-0.01095,1.604514,24.728429,False
KVAL002,94,3.401844,RElbow,0.105243,0.063285,0.083865,-0.00615,1.092444,50.292295,False
KVAL002,95,3.435166,RElbow,0.008915,0.006405,0.000795,0.00615,1.750534,22.469707,False
KVAL002,96,3.4685,RElbow,0.01301,-0.004875,-0.01086,-0.00525,0.41517,44.990764,False
KVAL002,97,3.501833,RElbow,0.029451,0.016815,0.02346,-0.00585,1.259395,15.380805,False
KVAL002,98,3.535177,RElbow,0.07345,0.03783,0.06024,-0.0183,1.388024,30.513344,False
KVAL002,99,3.568511,RElbow,0.12051,0.082695,0.074865,-0.0456,1.410084,51.130826,False
KVAL002,100,3.601855,RElbow,0.115671,0.035565,0.027795,-0.1065,2.183667,43.68182,False
KVAL002,101,3.635177,RElbow,0.07837,-0.02805,-0.016035,-0.0714,1.693755,11.112801,False
KVAL002,102,3.668511,RElbow,0.004042,0.000885,-0.00216,-0.0033,1.71293,56.38957,False
KVAL002,103,3.701833,RElbow,0.169348,-0.13269,-0.058965,-0.08715,3.037519,36.209426,False
KVAL002,104,3.735177,RElbow,0.204161,-0.16095,-0.04971,-0.11535,1.863047,73.083745,False
KVAL002,105,3.7685,RElbow,0.180412,-0.1785,-0.01662,0.02025,2.50215,49.307524,False
KVAL002,106,3.801833,RElbow,0.17784,-0.1689,-0.025485,0.0495,1.703743,83.623783,False
KVAL002,107,3.835177,RElbow,0.23217,-0.214545,-0.01503,-0.08745,3.808211,51.47481,False
KVAL002,108,3.868511,RElbow,0.358295,-0.32898,0.08517,-0.11355,2.314879,124.277257,False
KVAL002,109,3.901833,RElbow,0.209106,-0.16893,0.11997,-0.0282,4.734248,65.190668,False
KVAL002,110,3.935177,RElbow,0.043632,-0.037485,0.018435,-0.0126,3.116529,82.449227,False
KVAL002,111,3.9685,RElbow,0.015911,-0.003255,-0.004695,-0.01485,0.801834,62.217032,False
KVAL002,112,4.001833,RElbow,0.095691,-0.07731,0.035145,-0.0441,1.073443,39.007919,False
KVAL002,113,4.035177,RElbow,0.078318,-0.055215,0.036345,-0.042,1.821471,35.255494,False
KVAL002,114,4.068511,RElbow,0.030683,0.030495,-0.002235,-0.00255,1.289486,31.310693,False
KVAL002,115,4.101833,RElbow,0.021492,0.017475,0.00123,-0.01245,0.269893,26.874894,False
KVAL002,116,4.135177,RElbow,0.019889,0.01584,0.00279,-0.0117,0.649207,10.334302,False
KVAL002,117,4.168511,RElbow,0.023407,-0.023325,0.000135,0.00195,0.839854,13.290046,False
KVAL002,118,4.201844,RElbow,0.039004,-0.03882,-0.00354,-0.00135,0.25507,21.469543,False
KVAL002,119,4.235166,RElbow,0.009411,-0.00744,-0.005745,0.00045,0.61059,0.415468,False
KVAL002,120,4.268511,RElbow,0.005881,0.00162,-0.004695,0.00315,0.255555,13.795853,False
KVAL002,121,4.301844,RElbow,0.014247,0.00867,-0.01128,0.00075,0.325346,10.738447,False
KVAL002,122,4.335177,RElbow,0.022456,-0.01866,-0.012315,0.0021,0.462224,11.877764,False
KVAL002,123,4.3685,RElbow,0.019058,-0.018765,0.0027,0.00195,0.474713,5.532745,False
KVAL002,124,4.401833,RElbow,0.00964,0.0066,0.00675,0.00195,0.555959,17.412974,False
KVAL002,125,4.435177,RElbow,0.055115,-0.05328,-0.004545,0.01335,0.729462,24.697954,False
KVAL002,126,4.468511,RElbow,0.042359,-0.0402,6e-05,0.01335,1.107297,26.362416,False
KVAL002,127,4.501833,RElbow,0.024713,0.01923,0.00927,0.01245,1.036473,18.621584,False
KVAL002,128,4.535177,RElbow,0.031205,0.028455,0.007335,0.0105,0.229105,22.89909,False
KVAL002,129,4.568511,RElbow,0.012704,0.012,0.00417,0.0,0.517408,19.304771,False
KVAL002,130,4.601844,RElbow,0.003313,-0.003165,-0.00063,-0.00075,1.467476,18.489985,False
KVAL002,131,4.635166,RElbow,0.086741,-0.06,-0.05343,-0.0327,1.658071,25.95085,False
KVAL002,132,4.668511,RElbow,0.113315,-0.075345,-0.073395,-0.04215,1.405214,62.229315,False
KVAL002,133,4.701833,RElbow,0.144734,-0.090105,-0.01437,-0.11235,2.755557,78.387756,False
KVAL002,134,4.735166,RElbow,0.122743,0.076335,0.01587,-0.0948,4.125437,79.239077,False
KVAL002,135,4.7685,RElbow,0.134594,0.105105,0.041355,0.0732,3.0235,83.764188,False
KVAL002,136,4.801844,RElbow,0.086199,-0.040905,0.03315,0.06825,1.482409,72.231305,False
KVAL002,137,4.835166,RElbow,0.044896,0.04449,0.00321,0.0051,1.915594,2385.000046,False
KVAL002,138,4.8685,RElbow,0.068323,0.067755,0.00342,0.0081,158.978376,2397.123541,False
KVAL002,139,4.901833,RElbow,10.597407,-0.225375,-9.06822,5.4792,159.686685,6810.519798,False
KVAL002,140,4.935166,RElbow,10.646527,-0.05598,-9.073095,5.56995,295.575143,6648.583576,False
KVAL002,141,4.968511,RElbow,9.221843,0.48537,6.69573,-6.3225,284.072595,6733.403758,False
KVAL002,142,5.001844,RElbow,8.419175,0.913905,6.067485,-5.7648,154.16836,6199.352466,False
KVAL002,143,5.035188,RElbow,1.360533,0.847905,-0.81426,0.6849,129.627899,2547.240578,False
KVAL002,144,5.068522,RElbow,0.435599,0.29742,-0.31716,0.0264,19.107046,2000.377152,False
KVAL002,145,5.101855,RElbow,0.097299,0.04581,-0.08415,0.01695,6.587385,302.347701,False
KVAL002,146,5.1352,RElbow,0.060999,0.0381,0.037245,0.0297,2.351924,120.735847,False
KVAL002,147,5.168533,RElbow,0.193476,0.18984,-0.023385,0.0291,1.705716,66.544265,False
KVAL002,148,5.201844,RElbow,0.141623,0.141525,-0.002745,0.0045,2.366516,48.451807,False
KVAL002,149,5.235177,RElbow,0.07902,0.057195,-0.004935,-0.0543,1.758324,35.366684,False
KVAL002,150,5.2685,RElbow,0.051887,0.032865,-0.01014,-0.03885,1.139851,25.47359,False
KVAL002,151,5.301844,RElbow,0.004204,0.002775,0.002595,-0.0018,0.775078,43.524949,False
KVAL002,152,5.335177,RElbow,0.000267,0.000195,0.000105,-0.00015,1.817097,85.741509,False
KVAL002,153,5.368522,RElbow,0.123069,0.054615,-0.03642,-0.1041,5.039514,60.328031,False
KVAL002,154,5.401833,RElbow,0.336195,0.31662,-0.018015,-0.1116,3.532155,140.862376,False
KVAL002,155,5.435166,RElbow,0.264481,0.26343,0.02061,-0.0114,4.481243,96.570761,False
KVAL002,156,5.4685,RElbow,0.111146,0.05544,0.094275,-0.0198,3.325321,64.344217,False
KVAL002,157,5.501844,RElbow,0.111843,0.054975,0.095805,-0.01755,0.366895,90.813236,False
KVAL002,158,5.535166,RElbow,0.129977,0.050445,0.118215,-0.01935,2.89631,93.830503,False
KVAL002,159,5.568511,RElbow,0.274494,0.24669,0.118425,-0.0216,6.104734,60.246871,False
KVAL002,160,5.601833,RElbow,0.449253,0.446295,0.039495,0.033,6.596106,144.448738,False
KVAL002,161,5.635166,RElbow,0.677079,0.670995,0.052905,0.0735,14.097728,141.243358,False
KVAL002,162,5.6685,RElbow,1.365259,1.266405,0.34605,0.3747,4.962265,542.884672,False
KVAL002,163,5.701844,RElbow,0.658718,0.53082,0.211005,0.32805,22.21526,129.50649,False
KVAL002,164,5.735177,RElbow,0.130013,-0.127395,-0.01092,0.02355,5.60866,406.268594,False
KVAL002,165,5.768511,RElbow,0.330428,0.279105,0.168135,0.0549,4.996685,46.038529,False
KVAL002,166,5.801844,RElbow,0.22228,0.17295,0.13101,0.0483,3.976302,112.589504,False
KVAL002,167,5.835177,RElbow,0.082887,0.06087,0.04578,-0.0327,2.81975,88.760953,False
KVAL002,168,5.8685,RElbow,0.093731,0.04881,0.04674,-0.06495,2.118669,59.993568,False
KVAL002,169,5.901833,RElbow,0.202064,0.12447,0.15687,0.027,1.335523,65.256547,False
KVAL002,170,5.935177,RElbow,0.112494,0.060855,0.09414,0.00945,2.27258,17.024492,False
KVAL002,171,5.968511,RElbow,0.054451,0.027375,0.04623,-0.00885,0.393302,48.089733,False
KVAL002,172,6.001844,RElbow,0.108387,0.05145,0.08934,0.03345,1.021592,36.932143,False
KVAL002,173,6.035177,RElbow,0.112011,0.049815,0.09453,0.0336,2.417651,28.908057,False
KVAL002,174,6.0685,RElbow,0.269208,0.11358,0.230505,0.08025,2.786617,77.735106,False
KVAL002,175,6.101833,RElbow,0.29706,0.154455,0.24156,0.0777,2.785878,152.866603,False
KVAL002,176,6.135166,RElbow,0.09649,0.072765,0.06171,0.0144,7.474618,74.448675,False
KVAL002,177,6.168511,RElbow,0.226012,-0.149265,-0.082425,-0.14835,6.473693,249.116219,False
KVAL002,178,6.201833,RElbow,0.349114,-0.25197,-0.0975,-0.2211,9.988108,347.94487,False
KVAL002,179,6.235177,RElbow,0.459401,0.143025,0.063,0.432,17.222016,192.160232,False
KVAL002,180,6.2685,RElbow,0.828503,0.302505,0.0984,0.765,2.825849,433.070737,False
KVAL002,181,6.301833,RElbow,0.27301,0.0675,0.02751,0.2631,11.715899,10.224566,False
KVAL002,182,6.335166,RElbow,0.048145,0.010815,0.009705,0.0459,3.102051,171.146688,False
KVAL002,183,6.368511,RElbow,0.067812,0.012615,0.01887,0.0639,0.309242,21.338068,False
KVAL002,184,6.401844,RElbow,0.028175,0.005085,0.009315,0.0261,1.764125,49.820501,False
KVAL002,185,6.435177,RElbow,0.050095,-0.0153,-0.00996,-0.04665,3.613104,59.894155,False
KVAL002,186,6.468511,RElbow,0.212818,-0.05847,-0.07158,-0.1917,5.628663,20.796438,False
KVAL002,187,6.501855,RElbow,0.422846,-0.15042,-0.19671,-0.34275,2.831667,126.776561,False
KVAL002,188,6.535177,RElbow,0.395323,-0.127605,-0.18714,-0.324,3.335942,108.68367,False
KVAL002,189,6.568522,RElbow,0.29287,0.04479,-0.134355,-0.25635,5.360103,20.06895,False
KVAL002,190,6.601844,RElbow,0.379339,0.222255,-0.175845,-0.25215,2.911268,97.135633,False
KVAL002,191,6.635188,RElbow,0.323018,0.21969,-0.158655,-0.1758,2.994519,55.434006,False
KVAL002,192,6.6685,RElbow,0.202648,0.15738,-0.100125,-0.0792,2.424536,26.697698,False
KVAL002,193,6.701844,RElbow,0.201174,0.17067,-0.10131,-0.03285,1.668851,592.078818,False
KVAL002,194,6.735177,RElbow,0.099629,0.072675,-0.066375,-0.01545,41.561803,531.523071,False
KVAL002,195,6.768522,RElbow,2.593637,-1.445565,1.581045,1.46205,36.848812,1309.253213,False
KVAL002,196,6.801844,RElbow,2.357674,-1.546455,1.6878,0.5643,46.553516,1080.327743,False
KVAL002,197,6.835177,RElbow,0.868363,0.01317,0.12615,-0.85905,35.174339,854.205515,False
KVAL002,198,6.868522,RElbow,0.041542,0.01953,0.02835,0.02325,12.854426,530.256671,False
KVAL002,199,6.901855,RElbow,0.127685,-0.120165,0.039705,-0.01695,1.506854,205.206927,False
KVAL002,200,6.935188,RElbow,0.1226,0.06258,0.100515,-0.0318,1.893056,82.768181,False
KVAL002,201,6.968533,RElbow,0.07347,0.001605,0.05874,-0.0441,5.140261,106.773781,False
KVAL002,202,7.001866,RElbow,0.374953,0.335685,0.03279,0.1638,8.399492,107.204021,False
KVAL002,203,7.035177,RElbow,0.543823,0.49146,0.051345,0.2271,2.130399,195.231159,False
KVAL002,204,7.068511,RElbow,0.233778,0.20463,0.014955,0.11205,4.672502,13.782603,False
KVAL002,205,7.101833,RElbow,0.23393,0.209925,0.00216,0.1032,1.292364,55.326111,False
KVAL002,206,7.135166,RElbow,0.151626,0.133215,-0.011175,0.07155,0.999663,21.094445,False
KVAL002,207,7.168511,RElbow,0.170485,0.15456,-0.015075,0.07035,0.296612,17.294991,False
KVAL002,208,7.201844,RElbow,0.15581,0.14463,-0.00255,0.0579,1.994076,19.034882,False
KVAL002,209,7.235166,RElbow,0.042643,0.04224,0.0054,0.00225,1.185522,137.110488,False
KVAL002,210,7.2685,RElbow,0.224548,0.18786,0.012195,0.1224,7.178697,50.472913,False
KVAL002,211,7.301833,RElbow,0.51232,0.402525,-0.016515,0.3165,4.357285,160.182768,False
KVAL002,212,7.335177,RElbow,0.503457,0.374715,-0.07104,0.32865,3.59817,122.250159,False
KVAL002,213,7.368511,RElbow,0.285968,0.20205,-0.06165,0.19275,5.144091,86.833699,False
KVAL002,214,7.401855,RElbow,0.395668,0.06684,-0.221895,0.3207,4.353289,117.488787,False
KVAL002,215,7.435177,RElbow,0.493183,0.139305,-0.259545,0.39555,2.797457,92.301641,False
KVAL002,216,7.468511,RElbow,0.374364,0.225795,-0.144525,0.2613,2.288064,683.210954,False
KVAL002,217,7.501833,RElbow,0.481376,0.269865,-0.198375,0.34575,43.003218,787.989561,False
KVAL002,218,7.535166,RElbow,2.699132,-2.61921,-0.30285,0.57735,50.579853,1097.363873,False
KVAL002,219,7.568511,RElbow,3.126467,-3.100005,-0.08982,0.39585,31.246056,1299.381011,True
KVAL002,220,7.601844,RElbow,0.826821,-0.75972,0.288975,-0.1515,41.691276,514.615019,True
KVAL002,221,7.635177,RElbow,1.797334,-1.021875,-0.398715,-1.4238,21.95107,806.099918,True
KVAL002,222,7.668522,RElbow,1.501833,-0.53787,-0.67764,-1.2276,27.799953,800.788289,True
KVAL002,223,7.701844,RElbow,0.205977,-0.033015,-0.160035,0.1254,32.403244,211.84642,True
KVAL002,224,7.735188,RElbow,0.795322,-0.275625,0.27399,0.6939,15.239276,610.778395,True
KVAL002,225,7.768511,RElbow,1.079737,0.285555,0.192735,1.0233,12.288363,562.262863,True
KVAL002,226,7.801855,RElbow,0.526073,0.22656,-0.289845,0.37605,22.650656,1321.928547,True
KVAL002,227,7.835166,RElbow,0.647498,-0.588465,-0.23625,-0.13095,96.289141,953.908964,True
KVAL002,228,7.8685,RElbow,6.226103,2.44626,-1.51488,-5.52135,66.570639,3282.417662,True
KVAL002,229,7.901844,RElbow,4.261636,2.02524,-0.63558,-3.6954,122.788046,2187.894389,True
KVAL002,230,7.935177,RElbow,1.968739,-0.73161,0.684225,1.69485,79.704836,2008.091397,False
KVAL002,231,7.968511,RElbow,1.525286,-1.44498,0.454785,0.17805,22.131871,1207.593961,False
KVAL002,232,8.001855,RElbow,1.888142,-1.671195,0.679455,0.55725,16.941824,565.590989,True
KVAL002,233,8.035166,RElbow,1.243676,-0.729075,0.14922,0.99645,19.769333,407.508526,True
KVAL002,234,8.0685,RElbow,0.863333,-0.53412,0.024075,0.67785,18.533511,262.159836,True
KVAL002,235,8.101844,RElbow,0.049241,-0.015285,-0.046275,0.00705,12.860814,276.610345,True
KVAL002,236,8.135177,RElbow,0.049339,-0.013425,-0.047475,0.00045,0.73862,460.877134,False
KVAL002,237,8.1685,RElbow,0.0,0.0,0.0,0.0,20.453925,530.073487,False
KVAL002,238,8.201833,RElbow,1.345086,0.147,0.47265,1.2507,35.588375,288.235486,False
KVAL002,239,8.235177,RElbow,2.372558,0.92853,0.876165,1.9998,10.350717,975.485025,True
KVAL002,240,8.268511,RElbow,1.719286,0.81384,0.53796,1.4157,30.243595,561.846044,True
KVAL002,241,8.301833,RElbow,0.769445,-0.21315,-0.180345,0.717,29.125707,428.763554,True
KVAL002,242,8.335166,RElbow,0.413324,-0.25308,-0.32415,0.0414,11.609058,465.477882,True
KVAL002,243,8.368511,RElbow,0.01522,-0.007785,-0.009195,-0.0093,4.619771,146.677124,True
KVAL002,244,8.401844,RElbow,0.155369,-0.070005,-0.11049,-0.08385,4.223007,48.045044,False
KVAL002,245,8.435166,RElbow,0.295998,-0.088305,-0.149775,-0.23955,1.504787,120.146793,True
KVAL002,246,8.468511,RElbow,0.109384,-0.02187,-0.02487,-0.10425,5.051494,94.490053,True
KVAL002,247,8.501833,RElbow,0.326545,-0.228285,-0.226425,0.057,4.83015,136.469175,True
KVAL002,248,8.535177,RElbow,0.340422,-0.230985,-0.249945,-0.0078,4.521703,137.449134,True
KVAL002,249,8.5685,RElbow,0.104756,-0.056025,-0.024,-0.0852,4.386659,81.796274,True
KVAL002,250,8.601844,RElbow,0.073512,-0.05799,-0.01665,-0.042,1.925336,61.755514,True
KVAL002,251,8.635188,RElbow,0.06078,-0.04401,-0.006585,0.0414,0.982204,44.344846,True
KVAL002,252,8.668522,RElbow,0.043892,-0.040035,0.009465,0.0153,1.155857,25.382416,True
KVAL002,253,8.701855,RElbow,0.044236,-0.02685,0.02016,-0.0288,0.831737,24.183536,True
KVAL002,254,8.7352,RElbow,0.043468,-0.02136,0.00846,-0.0369,0.641863,36.595468,True
KVAL002,255,8.768533,RElbow,0.016465,-0.006585,-0.012,-0.00915,1.860567,22.953061,True
KVAL002,256,8.801833,RElbow,0.12747,-0.108195,-0.066645,0.01005,1.367857,57.576286,True
KVAL002,257,8.835177,RElbow,0.101892,-0.087795,-0.051615,0.00315,2.078147,43.096213,True
KVAL002,258,8.868511,RElbow,0.019199,0.009195,0.006735,0.01545,1.56218,34.279886,True
KVAL002,259,8.901855,RElbow,0.028114,-0.004035,0.00537,0.0273,0.299891,25.546493,True
KVAL002,260,8.935166,RElbow,0.001124,-0.00081,-0.000765,-0.00015,0.421713,4.462605,True
KVAL002,261,8.968511,RElbow,0.0,0.0,0.0,0.0,0.018772,6.07263,True
KVAL002,262,9.001833,RElbow,0.001181,3e-05,-0.00054,-0.00105,0.017717,0.485637,True
KVAL002,263,9.035177,RElbow,0.001181,3e-05,-0.00054,-0.00105,0.017717,0.531496,True
KVAL002,264,9.068511,RElbow,0.0,0.0,0.0,0.0,0.017717,0.265748,True
KVAL002,265,9.101855,RElbow,0.0,0.0,0.0,0.0,0.0,0.265748,True
KVAL002,266,9.135177,RElbow,0.0,0.0,0.0,0.0,0.0,45.015896,True
KVAL002,267,9.168511,RElbow,0.0,0.0,0.0,0.0,3.00106,48.205002,True
KVAL002,268,9.201833,RElbow,0.200071,-0.19449,-0.00732,-0.04635,3.213667,87.080888,True
KVAL002,269,9.235166,RElbow,0.214244,-0.20517,-0.00888,-0.06105,2.806084,95.149658,True
KVAL002,270,9.2685,RElbow,0.016105,-0.01074,-0.000105,-0.012,3.131838,40.649919,True
KVAL002,271,9.301833,RElbow,0.01239,-0.004365,-0.01092,-0.0039,0.222684,44.08865,True
KVAL002,272,9.335177,RElbow,0.014511,-0.00429,-0.01227,-0.00645,0.78349,11.162995,True
KVAL002,273,9.368511,RElbow,0.040396,0.007815,0.031425,0.02415,0.6144,27.610869,True
KVAL002,274,9.401844,RElbow,0.02653,0.004665,0.02364,0.0111,1.062185,18.461614,True
KVAL002,275,9.435177,RElbow,0.030667,-0.00561,-0.0204,-0.0222,0.61716,23.074685,True
KVAL002,276,9.4685,RElbow,0.014777,-0.00228,-0.011835,-0.00855,0.477521,12.575832,True
KVAL002,277,9.501844,RElbow,0.001176,0.000195,0.000885,0.00075,0.222346,5.653795,True
KVAL002,278,9.535177,RElbow,6.2e-05,-1.5e-05,6e-05,0.0,0.184784,1.870237,True
KVAL002,279,9.568522,RElbow,0.013228,0.004635,0.012375,0.0006,0.196899,5.74564,True
KVAL002,280,9.601833,RElbow,0.013177,0.00465,0.012315,0.0006,0.198422,33.841638,True
KVAL002,281,9.635166,RElbow,0.0,0.0,0.0,0.0,2.426905,45.195437,True
KVAL002,282,9.6685,RElbow,0.173466,0.08781,0.135825,-0.0627,2.858399,70.867831,True
KVAL002,283,9.701844,RElbow,0.19056,0.09585,0.12525,-0.10695,2.303403,88.131655,False
KVAL002,284,9.735166,RElbow,0.028336,0.01782,0.01983,0.0096,3.090097,51.864578,False
KVAL002,285,9.768511,RElbow,0.063856,0.01002,0.031035,0.0549,1.496811,60.698207,True
KVAL002,286,9.801833,RElbow,0.127944,0.089775,0.080985,0.04185,2.277376,30.037016,True
KVAL002,287,9.835177,RElbow,0.208314,0.10062,0.12348,0.13425,3.386342,67.220537,True
KVAL002,288,9.868511,RElbow,0.349722,0.27882,0.203595,0.0558,2.987204,207.842257,True
KVAL002,289,9.901844,RElbow,0.189116,0.187605,0.020445,-0.0123,11.767474,110.785233,True
KVAL002,290,9.935166,RElbow,0.632439,0.04017,-0.113625,-0.62085,6.793261,464.283564,True
KVAL002,291,9.968511,RElbow,0.597333,0.451425,0.37461,-0.11265,19.218472,235.012817,False
KVAL002,292,10.001833,RElbow,0.722408,0.33225,0.351105,0.53685,9.196811,370.221443,True
KVAL002,293,10.035177,RElbow,0.21256,0.033615,0.055185,0.2025,6.598286,118.04948,False
KVAL002,294,10.068511,RElbow,0.354075,0.05376,0.071445,0.3426,1.455901,70.818775,True
KVAL002,295,10.101844,RElbow,0.269923,-0.039855,0.039675,0.264,2.535936,359.607519,True
KVAL002,296,10.135177,RElbow,0.295208,-0.09915,0.05202,0.27315,22.821991,378.7023,True
KVAL002,297,10.168511,RElbow,1.254694,0.293205,-0.003015,-1.21995,25.568062,592.428456,False
KVAL002,298,10.201833,RElbow,1.413579,0.32985,-0.039105,-1.374,16.682287,669.354056,False
KVAL002,299,10.235177,RElbow,0.152893,0.084015,-0.00483,-0.12765,19.078728,218.933411,False
KVAL002,300,10.268511,RElbow,0.152484,0.085215,0.00015,-0.12645,2.291324,254.88918,False
KVAL002,301,10.301855,RElbow,0.000524,-0.00018,0.00039,-0.0003,2.301904,34.198923,False
KVAL002,302,10.335166,RElbow,0.003797,-0.00144,-0.00351,0.00015,0.061215,34.795927,False
KVAL002,303,10.3685,RElbow,0.003766,-0.00144,-0.00348,0.0,0.057501,1.763094,False
KVAL002,304,10.401833,RElbow,0.000153,0.0,3e-05,-0.00015,0.056492,0.88278,False
KVAL002,305,10.435166,RElbow,0.0,0.0,0.0,0.0,0.004589,1.725044,False
KVAL002,0,0.0,RWrist,0.004726,0.00252,-0.00357,-0.0018,0.061372,0.180239,True
KVAL002,1,0.301866,RWrist,0.002721,0.00156,-0.0021,-0.00075,0.06505,0.37546,True
KVAL002,2,0.3352,RWrist,0.000522,0.00033,-0.000375,0.00015,0.03987,0.89498,True
KVAL002,3,0.368511,RWrist,6.7e-05,3e-05,-6e-05,0.0,0.007823,0.583826,True
KVAL002,4,0.401844,RWrist,0.0,0.0,0.0,0.0,0.001006,20.976082,True
KVAL002,5,0.435177,RWrist,0.0,0.0,0.0,0.0,1.396685,20.99228,True
KVAL002,6,0.468522,RWrist,0.093112,-0.01335,-0.003045,0.0921,1.399523,41.85817,True
KVAL002,7,0.501833,RWrist,0.093302,-0.013665,-0.002895,0.09225,1.393864,41.985689,True
KVAL002,8,0.535166,RWrist,0.00038,-0.000315,0.00015,0.00015,1.399523,54.351798,True
KVAL002,9,0.568511,RWrist,0.0,0.0,0.0,0.0,2.269982,43.287572,True
KVAL002,10,0.601844,RWrist,0.151492,0.007995,0.030375,0.1482,1.491426,89.490422,True
KVAL002,11,0.635166,RWrist,0.099428,-0.026025,-0.004635,0.09585,3.725294,53.937815,True
KVAL002,12,0.668511,RWrist,0.104713,-0.052065,-0.035685,-0.08355,2.118966,77.267284,True
KVAL002,13,0.701844,RWrist,0.047073,-0.012285,-0.008175,-0.0447,1.493445,33.559082,True
KVAL002,14,0.735177,RWrist,0.013529,0.004215,-0.011865,-0.00495,0.386337,28.678177,True
KVAL002,15,0.7685,RWrist,0.040999,0.0111,-0.015135,-0.03645,0.557785,15.718549,True
KVAL002,16,0.801844,RWrist,0.043827,0.010305,-0.00939,-0.04155,0.934565,14.760599,True
KVAL002,17,0.835177,RWrist,0.022204,-0.00552,0.014805,0.0156,0.557148,25.497267,True
KVAL002,18,0.868522,RWrist,0.027966,-0.00312,0.018375,-0.02085,0.779919,13.465738,True
KVAL002,19,0.901833,RWrist,0.032557,-0.004545,-0.007515,-0.03135,0.573253,18.638438,True
KVAL002,20,0.935177,RWrist,0.01341,-0.00462,-0.01248,0.00165,0.478494,11.542906,True
KVAL002,21,0.968511,RWrist,0.002221,0.00105,-0.001905,-0.00045,0.206894,8.744372,True
KVAL002,22,1.001855,RWrist,0.004011,0.000345,-0.00087,-0.0039,0.153608,5.119612,True
KVAL002,23,1.035166,RWrist,0.009117,-0.00231,0.004875,-0.00735,0.471607,16.95792,True
KVAL002,24,1.068511,RWrist,0.032408,-0.01002,0.025935,-0.01665,1.233848,18.599958,True
KVAL002,25,1.101844,RWrist,0.089975,0.00612,0.014115,-0.08865,1.039307,55.050252,True
KVAL002,26,1.135188,RWrist,0.072882,0.00966,-0.01191,-0.07125,2.563616,31.898004,True
KVAL002,27,1.1685,RWrist,0.10163,0.028095,-0.084285,0.04935,1.644811,105.722445,True
KVAL002,28,1.201844,RWrist,0.08593,0.023625,-0.08172,0.01215,4.503289,88.575652,True
KVAL002,29,1.235166,RWrist,0.220705,-0.02616,0.050925,-0.21315,4.318311,104.344769,True
KVAL002,30,1.268511,RWrist,0.255186,0.00561,0.02739,-0.25365,2.467248,66.770794,True
KVAL002,31,1.301844,RWrist,0.083989,0.02427,-0.025215,-0.07635,1.432679,134.276248,True
KVAL002,32,1.335177,RWrist,0.252893,0.002655,0.11802,-0.22365,6.573007,20.305572,True
KVAL002,33,1.3685,RWrist,0.486542,0.006015,0.247575,-0.4188,0.786892,194.505411,True
KVAL002,34,1.401833,RWrist,0.219308,0.02832,0.12444,-0.17835,6.399754,30.351059,True
KVAL002,35,1.435166,RWrist,0.076327,0.028815,0.00201,-0.07065,2.107613,93.497571,True
KVAL002,36,1.4685,RWrist,0.102244,0.00567,0.00888,-0.1017,0.862592,28.238317,True
KVAL002,37,1.501844,RWrist,0.043506,0.001515,0.031755,-0.0297,1.531888,36.315909,True
KVAL002,38,1.535177,RWrist,0.01531,-0.00111,0.01527,0.0,2.875995,23.507558,True
KVAL002,39,1.5685,RWrist,0.157522,-0.026445,-0.012285,0.1548,3.007218,44.933095,True
KVAL002,40,1.601833,RWrist,0.198612,-0.029805,-0.018915,0.19545,0.764107,69.659544,True
KVAL002,41,1.635166,RWrist,0.15666,-0.02667,-0.061485,0.1416,1.711791,47.438303,True
KVAL002,42,1.668511,RWrist,0.095609,-0.02076,-0.04098,0.08385,3.093349,14.422541,True
KVAL002,43,1.701833,RWrist,0.064031,0.036555,-0.01728,-0.04965,2.222668,64.448325,True
KVAL002,44,1.735166,RWrist,0.069662,0.03621,-0.028305,-0.05235,1.309198,60.151918,True
KVAL002,45,1.7685,RWrist,0.033372,-0.02382,-0.019185,0.01335,1.854754,13.881037,True
KVAL002,46,1.801833,RWrist,0.074769,-0.048435,-0.04377,0.03645,0.966169,56.645094,True
KVAL002,47,1.835166,RWrist,0.088052,-0.025395,-0.03966,0.0744,2.193059,61.894166,True
KVAL002,48,1.868511,RWrist,0.075488,0.025605,0.06678,-0.02415,3.26745,39.459765,True
KVAL002,49,1.901833,RWrist,0.136,0.03813,0.109485,-0.0711,0.919838,76.566326,True
KVAL002,50,1.935177,RWrist,0.068354,0.0612,0.01686,-0.02535,2.128588,22.259539,True
KVAL002,51,1.9685,RWrist,0.073203,0.05721,-0.02691,-0.0369,0.930663,44.998967,True
KVAL002,52,2.001833,RWrist,0.007224,0.005835,-0.00132,-0.00405,1.089487,19.519441,True
KVAL002,53,2.035166,RWrist,0.035643,0.00339,0.021135,-0.0285,1.110787,36.09062,True
KVAL002,54,2.068511,RWrist,0.076753,-0.00087,-0.06786,-0.03585,1.579397,31.669403,True
KVAL002,55,2.101833,RWrist,0.095972,-0.004665,-0.08154,-0.0504,1.090917,46.144587,True
KVAL002,56,2.135166,RWrist,0.045389,0.001965,0.004215,-0.04515,1.646479,23.109363,True
KVAL002,57,2.1685,RWrist,0.045824,-0.0447,0.00087,0.01005,0.977724,38.365569,True
KVAL002,58,2.201833,RWrist,0.035718,-0.034065,0.005625,0.00915,1.659056,22.545851,True
KVAL002,59,2.235177,RWrist,0.097519,0.024435,-0.04722,0.08175,1.29342,53.471682,True
KVAL002,60,2.268511,RWrist,0.076369,0.01146,-0.0507,0.05595,2.198302,44.175716,True
KVAL002,61,2.301833,RWrist,0.074418,0.022005,-0.031155,-0.0639,1.951783,51.323442,True
KVAL002,62,2.335177,RWrist,0.08055,0.01056,-0.032595,-0.0729,1.351443,49.788075,True
KVAL002,63,2.3685,RWrist,0.024686,-0.01494,-0.01155,0.0159,1.470625,32.135729,True
KVAL002,64,2.401844,RWrist,0.019551,-0.00585,-0.00144,0.0186,0.825183,32.049841,True
KVAL002,65,2.435177,RWrist,0.034202,0.01914,-0.008145,-0.02715,0.745431,19.720148,True
KVAL002,66,2.468511,RWrist,0.030731,0.00447,0.01059,-0.0285,0.825966,2.070325,True
KVAL002,67,2.501844,RWrist,0.051178,-0.021,0.028185,-0.0372,0.679787,16.859995,True
KVAL002,68,2.535188,RWrist,0.075637,0.02034,0.02466,-0.06855,0.467444,29.701826,True
KVAL002,69,2.568511,RWrist,0.02913,-0.02451,0.008805,-0.01305,1.307007,21.920894,True
KVAL002,70,2.601855,RWrist,0.022253,-0.019215,-0.01122,0.0003,1.052554,29.160669,True
KVAL002,71,2.635166,RWrist,0.077521,0.00717,0.018855,-0.07485,0.689375,32.780119,True
KVAL002,72,2.668511,RWrist,0.046479,-0.019695,0.008415,-0.04125,1.160624,18.243035,True
KVAL002,73,2.701833,RWrist,0.007438,-0.006405,-0.00324,-0.00195,0.62493,27.753755,True
KVAL002,74,2.735177,RWrist,0.020518,-0.005985,0.01932,-0.00345,0.710927,14.681885,True
KVAL002,75,2.7685,RWrist,0.048011,-0.006795,0.021375,-0.04245,0.388645,18.053833,True
KVAL002,76,2.801844,RWrist,0.023396,-0.008925,0.001065,-0.0216,0.497094,12.485185,True
KVAL002,77,2.835177,RWrist,0.014897,-0.0018,0.00723,-0.0129,0.472281,1.742788,True
KVAL002,78,2.868511,RWrist,0.012535,0.00318,0.01062,0.00585,0.501432,18.200048,True
KVAL002,79,2.901844,RWrist,0.019696,0.00366,0.00033,0.01935,0.741407,21.491661,True
KVAL002,80,2.935188,RWrist,0.040446,-0.017595,-0.005505,-0.036,0.948699,19.765705,True
KVAL002,81,2.9685,RWrist,0.043706,-0.01065,-0.006735,-0.04185,0.591146,24.135249,True
KVAL002,82,3.001844,RWrist,0.008577,0.006675,-0.0012,-0.00525,0.660667,9.09174,True
KVAL002,83,3.035166,RWrist,0.000595,-0.00039,0.0,0.00045,0.128643,9.956936,True
KVAL002,84,3.0685,RWrist,0.000194,-0.00012,-3e-05,-0.00015,0.007033,3.481144,True
KVAL002,85,3.101833,RWrist,0.000154,-3e-05,-1.5e-05,0.00015,0.111424,1.609284,True
KVAL002,86,3.135166,RWrist,0.00735,0.00681,-0.00249,-0.0012,0.113335,3.319801,True
KVAL002,87,3.1685,RWrist,0.007494,0.006645,-0.002865,-0.00195,0.110064,3.386128,True
KVAL002,88,3.201844,RWrist,0.000742,-0.000195,-0.00039,-0.0006,0.112417,3.753358,True
KVAL002,89,3.235166,RWrist,0.0,0.0,0.0,0.0,0.351167,8.132216,True
KVAL002,90,3.2685,RWrist,0.023391,-0.02229,0.00078,0.00705,0.555066,12.392219,True
KVAL002,91,3.301833,RWrist,0.037004,-0.022725,-0.01476,-0.0252,0.554122,20.957995,True
KVAL002,92,3.335177,RWrist,0.028756,-0.00459,-0.02619,-0.01095,0.914724,15.335261,True
KVAL002,93,3.3685,RWrist,0.038728,-0.01224,-0.01179,0.0348,0.524764,18.209658,True
KVAL002,94,3.401844,RWrist,0.021862,-0.00525,-0.008715,0.01935,0.378074,6.286469,True
KVAL002,95,3.435166,RWrist,0.017094,0.00177,-0.00972,0.01395,0.113487,18.669834,True
KVAL002,96,3.4685,RWrist,0.02543,-0.00333,-0.003945,0.0249,1.42361,28.775458,True
KVAL002,97,3.501833,RWrist,0.096978,0.034815,-0.082515,-0.0372,1.819475,29.596288,True
KVAL002,98,3.535177,RWrist,0.100807,0.01887,-0.0522,-0.08415,0.849622,44.564782,True
KVAL002,99,3.568511,RWrist,0.081452,-0.01701,-0.06288,-0.0489,1.469467,32.282099,True
KVAL002,100,3.601855,RWrist,0.096981,0.03927,-0.08856,0.0045,1.677411,37.359807,True
KVAL002,101,3.635177,RWrist,0.044897,0.03843,0.002295,0.0231,1.441396,37.447703,True
KVAL002,102,3.668511,RWrist,0.0009,0.00045,-0.000765,0.00015,1.371436,49.490647,True
KVAL002,103,3.701833,RWrist,0.095812,-0.000105,-0.067245,0.06825,1.963628,79.098557,True
KVAL002,104,3.735177,RWrist,0.131616,0.02124,-0.11946,-0.051,4.524357,34.937571,True
KVAL002,105,3.7685,RWrist,0.262635,0.083895,-0.123885,-0.21585,0.93099,136.032893,True
KVAL002,106,3.801833,RWrist,0.134211,0.051135,-0.08349,-0.0918,4.570534,56.534537,True
KVAL002,107,3.835177,RWrist,0.068111,-0.02688,-0.03312,0.0531,3.152464,67.836568,True
KVAL002,108,3.868511,RWrist,0.10954,0.002655,-0.029535,0.10545,1.082277,59.482611,True
KVAL002,109,3.901833,RWrist,0.111582,0.0291,-0.05031,0.09525,0.880937,38.13639,True
KVAL002,110,3.935177,RWrist,0.058526,0.021675,-0.01923,0.05085,1.655597,13.263264,True
KVAL002,111,3.9685,RWrist,0.029027,0.011085,0.022635,0.0144,0.722812,35.884607,True
KVAL002,112,4.001833,RWrist,0.047173,0.015225,0.026205,0.03615,0.784902,39.502989,True
KVAL002,113,4.035177,RWrist,0.057782,0.038445,-0.013095,0.0411,1.950577,15.207482,True
KVAL002,114,4.068511,RWrist,0.110318,0.032235,-0.1023,0.0258,0.814834,56.744539,True
KVAL002,115,4.101833,RWrist,0.066453,0.010815,-0.058455,0.0297,1.883534,23.500883,True
KVAL002,116,4.135177,RWrist,0.016962,-0.008115,0.01449,0.00345,1.015206,34.870644,True
KVAL002,117,4.168511,RWrist,0.012814,-0.01233,-0.000525,0.00345,0.501758,19.797691,True
KVAL002,118,4.201844,RWrist,0.018986,0.01722,-0.00735,0.00315,0.582523,10.599814,True
KVAL002,119,4.235166,RWrist,0.026838,0.02646,0.00111,0.00435,0.248845,17.899776,True
KVAL002,120,4.268511,RWrist,0.016917,0.00894,0.001785,0.01425,0.634297,10.793744,True
KVAL002,121,4.301844,RWrist,0.022087,-0.01332,0.01392,0.0108,0.672791,27.875216,True
KVAL002,122,4.335177,RWrist,0.055166,0.04317,0.03075,0.0153,1.430649,18.096412,True
KVAL002,123,4.3685,RWrist,0.097685,0.06321,0.06201,0.04125,0.874458,47.775915,True
KVAL002,124,4.401833,RWrist,0.063227,0.00195,0.06216,-0.0114,1.931617,22.751986,True
KVAL002,125,4.435177,RWrist,0.07406,-0.004545,0.035295,-0.06495,1.082491,36.177376,True
KVAL002,126,4.468511,RWrist,0.057094,0.007785,0.005925,-0.05625,0.839606,38.334178,True
KVAL002,127,4.501833,RWrist,0.034501,0.007335,-0.008775,-0.03255,1.673995,9.883787,True
KVAL002,128,4.535177,RWrist,0.058488,0.00942,0.018735,0.0546,0.929608,45.693491,True
KVAL002,129,4.568511,RWrist,0.054592,0.048405,-0.02229,0.01185,1.557658,25.500836,True
KVAL002,130,4.601844,RWrist,0.06078,0.01974,-0.054495,-0.0183,0.866195,31.341708,True
KVAL002,131,4.635166,RWrist,0.025237,-0.008025,-0.023925,-0.0003,0.642237,14.915906,True
KVAL002,132,4.668511,RWrist,0.022771,0.011625,-0.012585,-0.015,0.547711,15.428132,True
KVAL002,133,4.701833,RWrist,0.027822,-0.00534,0.00051,-0.0273,0.477712,24.502486,True
KVAL002,134,4.735166,RWrist,0.054508,0.024375,-0.03042,-0.0381,1.347775,41.571505,True
KVAL002,135,4.7685,RWrist,0.08974,0.063495,-0.05724,-0.0273,2.648914,35.790422,True
KVAL002,136,4.801844,RWrist,0.177401,0.072195,-0.124935,0.1032,2.534236,92.071964,True
KVAL002,137,4.835166,RWrist,0.204168,0.043695,-0.1788,0.08835,3.521356,671.555268,True
KVAL002,138,4.8685,RWrist,0.093108,-0.030975,-0.027,-0.08355,42.54615,282.516372,True
KVAL002,139,4.901833,RWrist,2.69851,-0.073815,0.71451,-2.60115,20.455393,1817.943294,True
KVAL002,140,4.935166,RWrist,1.404893,0.691005,0.45183,-1.1367,78.710674,1045.72891,True
KVAL002,141,4.968511,RWrist,2.549806,0.13407,-0.60504,2.47335,49.699746,1557.178311,True
KVAL002,142,5.001844,RWrist,1.950612,-0.44946,-0.396495,1.85625,25.450664,1168.346597,True
KVAL002,143,5.035188,RWrist,0.957271,0.1899,0.10323,0.93255,28.318643,263.382164,True
KVAL002,144,5.068522,RWrist,0.069383,0.00738,0.00438,0.06885,15.883795,425.459171,True
KVAL002,145,5.101855,RWrist,0.193907,-0.064905,-0.173505,-0.0573,1.423737,294.74042,True
KVAL002,146,5.1352,RWrist,0.118577,0.068145,-0.068535,0.0687,4.855655,42.933588,True
KVAL002,147,5.168533,RWrist,0.151932,0.116415,0.057495,0.0789,1.925899,96.955083,True
KVAL002,148,5.201844,RWrist,0.120406,0.11103,0.042165,0.0198,1.733631,49.933507,True
KVAL002,149,5.235177,RWrist,0.092528,0.090285,-0.02007,-0.0027,1.833794,32.164817,True
KVAL002,150,5.2685,RWrist,0.009826,0.002325,-0.007545,-0.00585,1.315009,28.244828,True
KVAL002,151,5.301844,RWrist,0.005344,0.005175,0.000585,0.0012,0.151088,58.097924,True
KVAL002,152,5.335177,RWrist,0.0007,0.000585,0.00024,0.0003,2.810983,76.246634,True
KVAL002,153,5.368522,RWrist,0.192425,0.167565,0.08385,0.0438,5.152487,63.198492,True
KVAL002,154,5.401833,RWrist,0.344086,0.23499,0.25095,0.0141,2.204467,132.742126,True
KVAL002,155,5.435166,RWrist,0.188158,0.07341,0.170985,-0.0279,3.705557,56.414175,True
KVAL002,156,5.4685,RWrist,0.100553,0.07713,0.06105,0.02085,1.822467,55.392839,True
KVAL002,157,5.501844,RWrist,0.097069,0.074655,0.058995,0.0192,0.842843,66.837364,True
KVAL002,158,5.535166,RWrist,0.093714,0.06075,0.063345,-0.03285,2.986302,67.707384,True
KVAL002,159,5.568511,RWrist,0.194468,-0.05943,0.166215,-0.0816,5.157087,80.338046,True
KVAL002,160,5.601833,RWrist,0.341722,-0.20802,0.135885,-0.2346,6.438519,109.959371,True
KVAL002,161,5.635166,RWrist,0.514545,-0.22971,0.04908,-0.4578,6.800679,169.080777,True
KVAL002,162,5.6685,RWrist,0.629322,-0.18423,-0.155175,-0.5814,11.475157,84.016193,True
KVAL002,163,5.701844,RWrist,0.911983,0.09327,-0.610935,-0.67065,6.326229,339.972095,True
KVAL002,164,5.735177,RWrist,0.804373,0.059835,-0.49557,-0.63075,11.375945,273.719567,True
KVAL002,165,5.768511,RWrist,0.325631,-0.114495,0.01971,-0.3042,13.270972,152.81627,True
KVAL002,166,5.801844,RWrist,0.134225,-0.001305,0.133695,-0.01185,5.326735,221.600722,True
KVAL002,167,5.835177,RWrist,0.074412,0.02412,0.067725,0.0192,1.668227,104.558332,True
KVAL002,168,5.8685,RWrist,0.073842,-0.030195,0.03618,-0.05685,1.772132,36.507938,True
KVAL002,169,5.901833,RWrist,0.134834,-0.02043,0.10323,-0.0843,0.814152,57.86099,True
KVAL002,170,5.935177,RWrist,0.083441,0.004125,0.073965,-0.0384,2.994977,30.332457,True
KVAL002,171,5.968511,RWrist,0.145811,0.030675,-0.087735,-0.11235,1.317512,109.208456,True
KVAL002,172,6.001844,RWrist,0.102221,-0.004695,0.013245,-0.10125,4.614786,53.962907,True
KVAL002,173,6.035177,RWrist,0.177556,-0.12246,0.109515,0.06735,2.903215,117.515524,True
KVAL002,174,6.0685,RWrist,0.23626,-0.140805,0.150045,-0.1161,4.036637,99.544452,True
KVAL002,175,6.101833,RWrist,0.229091,-0.01005,0.14868,-0.174,3.830569,79.586239,True
KVAL002,176,6.135166,RWrist,0.06604,-0.014865,-0.05568,-0.03225,7.208245,209.841807,True
KVAL002,177,6.168511,RWrist,0.599331,-0.032655,-0.087225,-0.59205,12.386632,138.261106,True
KVAL002,178,6.201833,RWrist,0.859523,0.034755,-0.06309,-0.8565,2.471613,352.718645,True
KVAL002,179,6.235177,RWrist,0.450085,0.006525,-0.11649,-0.4347,11.128118,76.009289,True
KVAL002,180,6.2685,RWrist,0.131619,-0.01422,-0.06006,-0.11625,7.036775,141.844191,True
KVAL002,181,6.301833,RWrist,0.022057,-0.007635,0.013245,0.0159,2.92386,112.662652,True
KVAL002,182,6.335166,RWrist,0.121436,0.1179,-0.019815,0.0213,1.946941,69.660178,True
KVAL002,183,6.368511,RWrist,0.120963,0.12009,-0.009345,0.0111,1.978368,80.076069,True
KVAL002,184,6.401844,RWrist,0.025942,-0.00204,0.0153,-0.02085,3.521191,10.257829,True
KVAL002,185,6.435177,RWrist,0.12593,-0.0939,0.01164,-0.0831,1.652766,102.526722,True
KVAL002,186,6.468511,RWrist,0.118295,-0.10938,0.04017,-0.0204,4.209509,61.914047,True
KVAL002,187,6.501855,RWrist,0.197934,-0.04578,-0.026025,0.1908,3.067309,109.736994,True
KVAL002,188,6.535177,RWrist,0.155001,-0.02961,-0.05604,0.14145,3.226324,74.931364,True
KVAL002,189,6.568522,RWrist,0.019402,-0.005025,0.004665,-0.01815,2.090181,59.32727,True
KVAL002,190,6.601844,RWrist,0.022772,-0.018315,-0.00729,0.0114,0.73003,25.210448,True
KVAL002,191,6.635188,RWrist,0.033367,-0.01725,-0.00189,0.0285,1.389548,34.662764,True
KVAL002,192,6.6685,RWrist,0.086199,-0.0006,-0.05667,-0.06495,1.724528,40.025506,True
KVAL002,193,6.701844,RWrist,0.096633,-0.02898,-0.059925,-0.07005,1.304119,69.992859,True
KVAL002,194,6.735177,RWrist,0.030301,-0.02877,0.00348,-0.00885,3.142654,18.230086,True
KVAL002,195,6.768522,RWrist,0.123587,0.09723,0.062145,0.04425,1.727466,91.047153,True
KVAL002,196,6.801844,RWrist,0.109378,0.010365,0.104925,0.0291,5.701769,65.589511,True
KVAL002,197,6.835177,RWrist,0.388994,-0.07932,0.031695,0.3795,3.976412,208.921001,True
KVAL002,198,6.868522,RWrist,0.27711,-0.00738,0.01203,0.27675,8.506442,94.111115,True
KVAL002,199,6.901855,RWrist,0.19197,-0.031575,0.03777,-0.18555,2.404184,286.28854,True
KVAL002,200,6.935188,RWrist,0.196305,0.02898,0.113115,0.1578,10.733042,119.503746,True
KVAL002,201,6.968533,RWrist,0.527437,0.08937,0.01935,0.51945,5.749449,238.406749,True
KVAL002,202,7.001866,RWrist,0.484873,0.1191,-0.10839,0.45735,5.222385,151.761803,True
KVAL002,203,7.035177,RWrist,0.187867,0.05394,-0.03249,0.177,4.466797,93.683735,True
KVAL002,204,7.068511,RWrist,0.212257,-0.007275,0.003675,0.2121,1.354198,37.479425,True
KVAL002,205,7.101833,RWrist,0.239595,0.007305,0.013545,0.2391,2.545343,80.943643,True
KVAL002,206,7.135166,RWrist,0.055894,-0.013365,0.03078,0.0447,4.428744,64.488312,True
KVAL002,207,7.168511,RWrist,0.146926,0.104865,0.099585,-0.02595,2.515979,124.568119,True
KVAL002,208,7.201844,RWrist,0.170895,0.131745,-0.02757,0.1053,4.245741,89.104316,True
KVAL002,209,7.235166,RWrist,0.164036,-0.020085,-0.105255,0.1242,3.49181,89.014014,True
KVAL002,210,7.2685,RWrist,0.10229,-0.09201,-0.0096,0.04365,1.689833,62.907831,True
KVAL002,211,7.301833,RWrist,0.071921,0.02904,-0.02667,0.06015,0.770503,73.009336,True
KVAL002,212,7.335177,RWrist,0.082751,-0.04914,0.00756,0.06615,3.96047,54.562773,True
KVAL002,213,7.368511,RWrist,0.233343,-0.222225,-0.070725,-0.00795,3.576576,120.587775,True
KVAL002,214,7.401855,RWrist,0.214215,0.05895,-0.2028,0.03585,4.240135,168.993709,True
KVAL002,215,7.435177,RWrist,0.159752,-0.006585,0.002295,0.1596,7.75786,112.476312,True
KVAL002,216,7.468511,RWrist,0.323523,-0.237525,0.219645,0.00225,4.237082,151.947863,True
KVAL002,217,7.501833,RWrist,0.293686,-0.218925,0.17454,0.08865,2.78663,121.311556,True
KVAL002,218,7.535166,RWrist,0.171124,-0.06663,0.15462,-0.0306,4.912313,45.611703,True
KVAL002,219,7.568511,RWrist,0.176321,0.05796,0.144045,-0.08355,1.490649,110.446019,True
KVAL002,220,7.601844,RWrist,0.106152,-0.085305,0.06309,0.0033,4.087579,30.793599,True
KVAL002,221,7.635177,RWrist,0.21906,-0.126315,-0.034335,-0.17565,2.217392,114.271069,True
KVAL002,222,7.668522,RWrist,0.114802,-0.05439,-0.04833,-0.0888,4.038119,77.26927,True
KVAL002,223,7.701844,RWrist,0.057196,0.005565,0.023715,0.05175,3.083782,46.512569,True
KVAL002,224,7.735188,RWrist,0.102601,-0.010935,0.07257,0.0717,3.985301,59.988738,True
KVAL002,225,7.768511,RWrist,0.315108,-0.053715,0.009525,0.31035,3.753118,132.372465,True
KVAL002,226,7.801855,RWrist,0.29318,-0.05121,-0.054405,0.2835,4.911142,190.753538,True
KVAL002,227,7.835166,RWrist,0.055067,-0.048495,-0.02091,-0.0156,10.381595,280.908991,True
KVAL002,228,7.8685,RWrist,0.54677,-0.43893,-0.170415,-0.27795,13.910294,550.08292,True
KVAL002,229,7.901844,RWrist,0.919253,-0.106365,-0.141165,0.9021,26.377342,380.401261,True
KVAL002,230,7.935177,RWrist,1.329413,0.31989,0.08649,1.28745,11.547464,676.409555,True
KVAL002,231,7.968511,RWrist,0.187719,0.000585,0.07644,0.17145,18.97098,124.70543,True
KVAL002,232,8.001855,RWrist,0.092894,-0.022605,0.056295,0.07035,3.627638,251.139611,True
KVAL002,233,8.035166,RWrist,0.098525,-0.018705,0.067335,-0.06945,2.377366,73.591186,True
KVAL002,234,8.0685,RWrist,0.091911,-0.019275,0.027675,-0.0855,1.507428,56.910759,True
KVAL002,235,8.101844,RWrist,0.019841,-0.01317,0.00873,0.012,1.485852,23.895287,True
KVAL002,236,8.135177,RWrist,0.018919,-0.012675,0.008205,0.0114,0.297614,27.670025,True
KVAL002,237,8.1685,RWrist,0.0,0.0,0.0,0.0,0.444598,17.510448,True
KVAL002,238,8.201833,RWrist,0.026169,-0.021855,-0.004995,-0.0135,0.945372,21.345362,True
KVAL002,239,8.235177,RWrist,0.063025,-0.03591,-0.02187,0.04695,1.100574,37.395337,True
KVAL002,240,8.268511,RWrist,0.073704,-0.04788,-0.011925,0.05475,1.625776,42.842241,True
KVAL002,241,8.301833,RWrist,0.061773,-0.0258,0.025005,-0.05025,1.774159,37.044758,True
KVAL002,242,8.335166,RWrist,0.049568,0.0078,0.02061,-0.0444,0.923421,39.106396,True
KVAL002,243,8.368511,RWrist,0.00065,-0.00024,0.000585,0.00015,0.896785,15.960268,True
KVAL002,244,8.401844,RWrist,0.01201,0.00444,-0.007515,0.00825,0.310033,17.618324,True
KVAL002,245,8.435166,RWrist,0.02042,-0.014505,-0.012525,-0.00705,0.498262,7.383807,True
KVAL002,246,8.468511,RWrist,0.027275,-0.024345,-0.00912,-0.00825,0.233581,13.463832,True
KVAL002,247,8.501833,RWrist,0.01566,-0.00183,-0.01548,0.0015,0.431604,5.702753,True
KVAL002,248,8.535177,RWrist,0.01496,0.00429,-0.011925,-0.00795,0.342256,6.679469,True
KVAL002,249,8.5685,RWrist,0.012437,0.01128,0.0021,-0.0048,0.204194,9.121551,True
KVAL002,250,8.601844,RWrist,0.007667,0.007545,-0.001365,0.0,0.275751,3.998492,True
KVAL002,251,8.635188,RWrist,0.008117,-0.003735,-0.0072,0.0003,0.206927,8.569144,True
KVAL002,252,8.668522,RWrist,0.010042,-0.00054,0.00825,-0.0057,0.319281,5.6103,True
KVAL002,253,8.701855,RWrist,0.015106,0.004575,0.008175,-0.01185,0.185553,7.887527,True
KVAL002,254,8.7352,RWrist,0.009623,0.00528,-0.00249,-0.00765,0.219436,6.76599,True
KVAL002,255,8.768533,RWrist,0.002632,0.002265,0.00111,0.00075,0.282065,7.946095,True
KVAL002,256,8.801833,RWrist,0.020174,0.00048,0.014565,-0.01395,0.316633,8.205039,True
KVAL002,257,8.835177,RWrist,0.02111,-0.000135,0.014055,-0.01575,0.266598,9.094425,True
KVAL002,258,8.868511,RWrist,0.007729,0.00537,-0.000315,-0.00555,0.292886,4.31947,True
KVAL002,259,8.901855,RWrist,0.004315,0.002685,-0.00072,-0.0033,0.143276,4.234082,True
KVAL002,260,8.935166,RWrist,0.002097,-0.001935,-0.00054,0.0006,0.064722,2.577683,True
KVAL002,261,8.968511,RWrist,0.0,0.0,0.0,0.0,0.031242,0.968737,True
KVAL002,262,9.001833,RWrist,1.5e-05,-1.5e-05,0.0,0.0,0.000225,0.465518,True
KVAL002,263,9.035177,RWrist,1.5e-05,-1.5e-05,0.0,0.0,0.000225,0.00675,True
KVAL002,264,9.068511,RWrist,0.0,0.0,0.0,0.0,0.000225,0.003375,True
KVAL002,265,9.101855,RWrist,0.0,0.0,0.0,0.0,0.0,0.003375,True
KVAL002,266,9.135177,RWrist,0.0,0.0,0.0,0.0,0.0,13.662424,True
KVAL002,267,9.168511,RWrist,0.0,0.0,0.0,0.0,0.910828,12.255532,True
KVAL002,268,9.201833,RWrist,0.060722,-0.020085,0.041985,0.039,0.817035,28.862416,True
KVAL002,269,9.235166,RWrist,0.054469,-0.017205,0.03603,0.03705,1.013858,27.246862,True
KVAL002,270,9.2685,RWrist,0.007494,0.002865,-0.006645,-0.00195,1.001817,14.123881,True
KVAL002,271,9.301833,RWrist,0.0138,0.00069,-0.012975,-0.00465,0.099425,12.663204,True
KVAL002,272,9.335177,RWrist,0.013169,0.000705,-0.0123,-0.00465,0.212382,2.204454,True
KVAL002,273,9.368511,RWrist,0.027477,0.004095,-0.026715,-0.00495,0.219697,20.841863,True
KVAL002,274,9.401844,RWrist,0.02721,0.00045,-0.026925,-0.0039,1.239179,21.240762,True
KVAL002,275,9.435177,RWrist,0.063201,0.023715,0.033585,0.048,1.253601,32.532378,True
KVAL002,276,9.4685,RWrist,0.063901,0.027165,0.03378,0.04695,0.949354,32.905759,True
KVAL002,277,9.501844,RWrist,0.000197,-0.000195,-3e-05,0.0,0.958253,15.330907,True
KVAL002,278,9.535177,RWrist,4.7e-05,-1.5e-05,4.5e-05,0.0,0.115888,15.361301,True
KVAL002,279,9.568522,RWrist,0.007816,-0.004095,0.00255,0.00615,0.116551,3.497256,True
KVAL002,280,9.601833,RWrist,0.007792,-0.004095,0.002475,0.00615,0.117274,8.55182,True
KVAL002,281,9.635166,RWrist,3.4e-05,-1.5e-05,-3e-05,0.0,0.500705,6.729361,True
KVAL002,282,9.6685,RWrist,0.030086,-0.01794,0.00036,-0.02415,0.474603,14.560964,True
KVAL002,283,9.701844,RWrist,0.031647,-0.017835,0.0015,-0.0261,0.47665,15.030664,True
KVAL002,284,9.735166,RWrist,0.002176,0.000735,-0.001395,0.0015,0.528231,6.281884,True
KVAL002,285,9.768511,RWrist,0.004467,0.000645,-0.002565,0.0036,0.256726,5.425896,True
KVAL002,286,9.801833,RWrist,0.019062,-0.001515,-0.014355,0.01245,0.404005,13.624192,True
KVAL002,287,9.835177,RWrist,0.031327,-0.000735,-0.01797,0.02565,0.652883,18.680819,True
KVAL002,288,9.868511,RWrist,0.024907,0.006825,0.020985,-0.01155,0.843041,17.935552,True
KVAL002,289,9.901844,RWrist,0.025519,0.0078,0.01581,-0.01845,0.554434,21.781085,True
KVAL002,290,9.935166,RWrist,0.013175,-0.003,-0.012825,-0.0003,0.613994,9.379147,True
KVAL002,291,9.968511,RWrist,0.016288,0.00015,-0.013575,0.009,0.279182,11.157142,True
KVAL002,292,10.001833,RWrist,0.019265,0.00483,-0.00924,0.0162,0.311873,5.541948,True
KVAL002,293,10.035177,RWrist,0.020925,-0.001545,0.00363,0.02055,0.296798,13.702602,True
KVAL002,294,10.068511,RWrist,0.025212,-0.008205,0.003705,0.02355,0.739379,14.167387,True
KVAL002,295,10.101844,RWrist,0.031496,0.01509,0.01137,-0.0252,0.728178,17.389464,True
KVAL002,296,10.135177,RWrist,0.028779,0.024315,0.009645,-0.012,0.538065,18.027938,True
KVAL002,297,10.168511,RWrist,0.024537,-0.01863,0.008985,-0.0132,0.734309,14.789023,True
KVAL002,298,10.201833,RWrist,0.038067,-0.02115,0.00963,-0.03015,0.459565,18.927661,True
KVAL002,299,10.235177,RWrist,0.026364,0.010605,0.017475,-0.01665,0.53678,11.593027,True
KVAL002,300,10.268511,RWrist,0.02674,0.010725,0.01824,-0.01635,0.394115,11.324129,True
KVAL002,301,10.301855,RWrist,0.000117,7.5e-05,9e-05,0.0,0.399978,5.910378,True
KVAL002,302,10.335166,RWrist,9.6e-05,6e-05,7.5e-05,0.0,0.000225,5.985083,True
KVAL002,303,10.3685,RWrist,0.000108,6e-05,9e-05,0.0,0.001273,0.02264,True
KVAL002,304,10.401833,RWrist,1.5e-05,0.0,1.5e-05,0.0,0.001622,0.015093,True
KVAL002,305,10.435166,RWrist,0.0,0.0,0.0,0.0,0.00045,0.038184,True
KVAL002,0,0.0,LShoulder,0.003239,0.00288,-0.00087,-0.0012,0.03962,0.135673,True
KVAL002,1,0.301866,LShoulder,0.00193,0.00177,-0.00048,-0.0006,0.043594,0.188819,True
KVAL002,2,0.3352,LShoulder,0.000365,0.00036,-6e-05,0.0,0.02827,0.583836,True
KVAL002,3,0.368511,LShoulder,4.7e-05,4.5e-05,-1.5e-05,0.0,0.005253,0.413957,True
KVAL002,4,0.401844,LShoulder,1.5e-05,1.5e-05,0.0,0.0,0.000712,17.58355,True
KVAL002,5,0.435177,LShoulder,0.0,0.0,0.0,0.0,1.174394,17.72291,True
KVAL002,6,0.468522,LShoulder,0.078289,-0.019665,0.075345,0.0081,1.181914,35.118395,True
KVAL002,7,0.501833,LShoulder,0.078794,-0.01986,0.075735,0.00885,1.166857,35.457408,True
KVAL002,8,0.535166,LShoulder,0.000868,-0.000195,0.00039,0.00075,1.181914,41.972724,True
KVAL002,9,0.568511,LShoulder,0.0,0.0,0.0,0.0,1.652522,35.837478,True
KVAL002,10,0.601844,LShoulder,0.110478,-0.01977,0.107655,-0.015,1.233934,47.890609,True
KVAL002,11,0.635166,LShoulder,0.082262,-0.02298,0.07755,-0.015,1.552741,28.064147,True
KVAL002,12,0.668511,LShoulder,0.019902,-0.01689,0.00432,-0.0096,0.644759,22.656486,True
KVAL002,13,0.701844,LShoulder,0.040889,-0.00372,0.04038,-0.00525,0.310426,6.337165,True
KVAL002,14,0.735177,LShoulder,0.003361,0.00216,0.00036,-0.00255,0.440117,7.179336,True
KVAL002,15,0.7685,LShoulder,0.020829,-0.0009,0.013245,-0.01605,0.305422,9.370841,True
KVAL002,16,0.801844,LShoulder,0.021811,0.00372,0.019845,-0.00825,0.335606,8.648399,True
KVAL002,17,0.835177,LShoulder,0.014006,-0.00684,0.010965,0.0054,0.384537,10.847064,True
KVAL002,18,0.868522,LShoulder,0.027739,-0.00579,0.0048,-0.0267,0.487203,14.836229,True
KVAL002,19,0.901833,LShoulder,0.019595,0.001035,-0.01458,-0.01305,0.718515,11.11806,True
KVAL002,20,0.935177,LShoulder,0.020704,0.00315,-0.00945,0.01815,0.261555,16.139039,True
KVAL002,21,0.968511,LShoulder,0.002622,0.001425,-0.001935,-0.00105,0.358539,5.18398,True
KVAL002,22,1.001855,LShoulder,0.005073,0.000975,-0.00213,-0.0045,0.084997,8.744928,True
KVAL002,23,1.035166,LShoulder,0.007997,0.00147,-0.006645,-0.0042,0.355408,14.765384,True
KVAL002,24,1.068511,LShoulder,0.02329,0.022965,0.002265,0.00315,0.94369,6.794139,True
KVAL002,25,1.101844,LShoulder,0.061017,0.054015,0.027945,-0.00495,0.308603,61.874404,True
KVAL002,26,1.135188,LShoulder,0.033163,0.026205,0.01758,-0.0102,3.294663,50.696806,True
KVAL002,27,1.1685,LShoulder,0.169229,-0.157545,0.00954,-0.06105,3.42806,85.099866,True
KVAL002,28,1.201844,LShoulder,0.212568,-0.185025,0.055125,-0.08895,2.422516,123.460639,True
KVAL002,29,1.235166,LShoulder,0.048789,0.002805,-0.00501,-0.04845,4.912219,26.005096,True
KVAL002,30,1.268511,LShoulder,0.135757,0.093585,-0.09783,-0.01005,1.303887,85.927031,True
KVAL002,31,1.301844,LShoulder,0.075448,0.058095,-0.048045,0.003,1.925087,33.359081,True
KVAL002,32,1.335177,LShoulder,0.111087,0.09219,0.008805,0.06135,2.47807,27.819493,True
KVAL002,33,1.3685,LShoulder,0.189373,0.15342,0.04347,0.10215,0.647179,70.000414,True
KVAL002,34,1.401833,LShoulder,0.117915,0.104895,0.040725,0.03525,2.28852,23.619434,True
KVAL002,35,1.435166,LShoulder,0.077626,0.073275,0.01044,-0.0234,1.300218,43.794344,True
KVAL002,36,1.4685,LShoulder,0.038528,0.037155,0.007215,-0.0072,1.017921,31.190012,True
KVAL002,37,1.501844,LShoulder,0.085474,0.07332,-0.03381,0.02805,1.130581,23.646147,True
KVAL002,38,1.535177,LShoulder,0.096274,0.08196,-0.040635,0.03,0.956406,32.030449,True
KVAL002,39,1.5685,LShoulder,0.043186,0.0222,0.003255,0.0369,1.084943,25.981459,True
KVAL002,40,1.601833,LShoulder,0.03408,0.020415,-0.002745,0.02715,0.819055,22.883332,True
KVAL002,41,1.635166,LShoulder,0.064347,0.04977,-0.03816,0.0144,0.543856,25.351396,True
KVAL002,42,1.668511,LShoulder,0.046571,0.03687,-0.027675,0.0066,1.113652,15.566219,True
KVAL002,43,1.701833,LShoulder,0.037103,0.019725,0.0153,-0.02745,0.765731,22.683445,True
KVAL002,44,1.735166,LShoulder,0.037364,0.02454,0.009,-0.0267,0.604633,25.293094,True
KVAL002,45,1.7685,LShoulder,0.016968,0.00801,0.01035,0.0108,0.97976,11.641064,True
KVAL002,46,1.801833,LShoulder,0.038516,0.00888,-0.028275,0.0246,1.125231,28.891406,True
KVAL002,47,1.835166,LShoulder,0.081036,0.02436,-0.032655,0.07005,1.402717,49.481157,True
KVAL002,48,1.868511,LShoulder,0.084831,0.022125,0.058215,0.0576,2.238838,36.441857,True
KVAL002,49,1.901833,LShoulder,0.095778,0.02778,0.09057,-0.0141,1.561024,44.674835,True
KVAL002,50,1.935177,LShoulder,0.09276,0.07419,0.04581,-0.03165,1.125417,30.083605,True
KVAL002,51,1.9685,LShoulder,0.083997,0.07176,0.03186,-0.02985,0.506259,27.509146,True
KVAL002,52,2.001833,LShoulder,0.063648,0.04494,0.04245,-0.01515,1.117943,15.785155,True
KVAL002,53,2.035166,LShoulder,0.019649,0.013485,0.00936,0.0108,1.358005,19.822324,True
KVAL002,54,2.068511,LShoulder,0.030642,-0.02103,-0.01941,-0.01095,1.268794,21.300744,True
KVAL002,55,2.101833,LShoulder,0.065387,-0.051735,-0.01677,-0.0363,0.419924,23.237887,True
KVAL002,56,2.135166,LShoulder,0.042897,-0.040185,0.0006,-0.015,0.651247,11.138611,True
KVAL002,57,2.1685,LShoulder,0.071097,-0.071025,-0.003195,0.00015,0.767406,29.496515,True
KVAL002,58,2.201833,LShoulder,0.077706,-0.074145,-0.00042,0.02325,1.630277,35.530069,True
KVAL002,59,2.235177,LShoulder,0.048785,0.032295,-0.031995,0.0177,1.737538,33.010292,True
KVAL002,60,2.268511,LShoulder,0.049781,0.033825,-0.03648,0.0018,0.641702,42.937125,True
KVAL002,61,2.301833,LShoulder,0.024258,0.001785,-0.021795,-0.0105,1.174798,16.004421,True
KVAL002,62,2.335177,LShoulder,0.035121,-0.03384,0.001365,-0.0093,0.951764,22.642081,True
KVAL002,63,2.3685,LShoulder,0.046335,-0.034695,0.01347,0.0276,0.40251,23.236042,True
KVAL002,64,2.401844,LShoulder,0.019611,-0.008355,0.00123,-0.0177,0.644019,14.317377,True
KVAL002,65,2.435177,LShoulder,0.017754,-0.013395,0.007215,-0.00915,0.589586,10.853055,True
KVAL002,66,2.468511,LShoulder,0.036915,-0.03387,0.00978,0.01095,0.33645,14.369956,True
KVAL002,67,2.501844,LShoulder,0.039722,-0.032355,0.00981,-0.02085,0.371056,16.558515,True
KVAL002,68,2.535188,LShoulder,0.01964,-0.018585,0.000795,-0.0063,0.836613,7.097229,True
KVAL002,69,2.568511,LShoulder,0.034454,-0.015045,-0.022935,0.02085,0.627628,23.438104,True
KVAL002,70,2.601855,LShoulder,0.024931,0.0207,-0.01338,-0.00375,0.806185,16.599924,True
KVAL002,71,2.635166,LShoulder,0.020591,0.001245,0.011625,-0.01695,0.49331,15.586874,True
KVAL002,72,2.668511,LShoulder,0.013516,-0.010815,-0.007335,0.00345,0.302727,11.991645,True
KVAL002,73,2.701833,LShoulder,0.016168,0.005085,-0.00783,-0.0132,0.46907,8.592208,True
KVAL002,74,2.735177,LShoulder,0.021829,0.000525,0.012555,-0.01785,0.341984,13.610997,True
KVAL002,75,2.7685,LShoulder,0.008263,3e-05,0.00786,0.00255,0.472984,8.223274,True
KVAL002,76,2.801844,LShoulder,0.011584,0.005955,-0.0087,0.0048,0.301113,16.810408,True
KVAL002,77,2.835177,LShoulder,0.021375,-0.002415,0.013185,-0.01665,0.673961,6.546094,True
KVAL002,78,2.868511,LShoulder,0.033518,-0.018945,0.020595,-0.01845,0.186163,16.64203,True
KVAL002,79,2.901844,LShoulder,0.014716,-0.00906,0.00459,-0.01065,0.50813,5.948801,True
KVAL002,80,2.935188,LShoulder,0.025089,-0.007545,-0.01119,-0.02115,0.337399,10.930243,True
KVAL002,81,2.9685,LShoulder,0.027284,-0.00042,-0.01008,-0.02535,0.38708,10.848452,True
KVAL002,82,3.001844,LShoulder,0.007818,0.006855,0.00108,-0.0036,0.415243,6.49905,True
KVAL002,83,3.035166,LShoulder,0.000597,-0.00039,-4.5e-05,0.00045,0.117874,6.288414,True
KVAL002,84,3.0685,LShoulder,0.000193,-0.00012,-1.5e-05,-0.00015,0.007062,4.291728,True
KVAL002,85,3.101833,LShoulder,0.000153,-3e-05,0.0,0.00015,0.181895,2.762633,True
KVAL002,86,3.135166,LShoulder,0.012081,0.010005,-0.005535,-0.0039,0.189847,5.362667,True
KVAL002,87,3.1685,LShoulder,0.012575,0.00999,-0.00594,-0.0048,0.175725,5.676947,True
KVAL002,88,3.201844,LShoulder,0.000854,-4.5e-05,-0.000405,-0.00075,0.188621,2.097622,True
KVAL002,89,3.235166,LShoulder,0.0,0.0,0.0,0.0,0.230776,5.533359,True
KVAL002,90,3.2685,LShoulder,0.015421,-0.015045,-0.003105,0.00135,0.253587,12.208011,True
KVAL002,91,3.301833,LShoulder,0.016906,-0.004245,-0.01062,-0.01245,0.603314,15.550383,True
KVAL002,92,3.335177,LShoulder,0.027582,0.023715,-0.012015,0.00735,0.809082,15.493033,True
KVAL002,93,3.3685,LShoulder,0.040172,0.006585,-0.001515,0.0396,0.48801,19.324359,True
KVAL002,94,3.401844,LShoulder,0.023024,-0.00288,-0.00141,0.0228,0.480333,8.113746,True
KVAL002,95,3.435166,LShoulder,0.010138,0.00249,-0.005565,0.0081,0.104532,5.370712,True
KVAL002,96,3.4685,LShoulder,0.016428,-0.00354,-0.00213,0.0159,0.574572,16.163192,True
KVAL002,97,3.501833,LShoulder,0.033621,-0.02403,-0.01548,-0.0177,1.173095,28.095856,True
KVAL002,98,3.535177,LShoulder,0.067293,-0.040365,-0.0132,-0.0522,2.35262,23.99472,True
KVAL002,99,3.568511,LShoulder,0.186339,-0.17325,-0.019245,-0.06585,1.317329,85.211423,True
KVAL002,100,3.601855,LShoulder,0.126851,-0.12396,-0.006615,-0.0261,3.342528,46.831697,True
KVAL002,101,3.635177,LShoulder,0.037896,0.03084,0.0135,0.0174,1.911339,64.903349,True
KVAL002,102,3.668511,LShoulder,0.000862,0.000585,-0.000615,0.00015,1.111178,44.899711,True
KVAL002,103,3.701833,LShoulder,0.041887,-0.02502,-0.03333,0.0042,1.266947,37.892155,True
KVAL002,104,3.735177,LShoulder,0.084254,-0.051885,-0.03501,-0.0564,3.28642,14.554404,True
KVAL002,105,3.7685,LShoulder,0.243194,-0.16875,-0.085995,-0.15255,2.035949,112.04416,True
KVAL002,106,3.801833,LShoulder,0.21638,-0.163845,-0.093765,-0.10575,4.197127,96.455285,True
KVAL002,107,3.835177,LShoulder,0.07943,0.00015,-0.043515,0.06645,4.532472,72.635219,True
KVAL002,108,3.868511,LShoulder,0.120572,0.04191,-0.034845,0.10755,1.092296,93.796854,True
KVAL002,109,3.901833,LShoulder,0.009492,0.002115,0.00138,0.00915,2.068894,14.989615,True
KVAL002,110,3.935177,LShoulder,0.026502,-0.011655,0.023145,-0.00555,0.309543,31.640044,True
KVAL002,111,3.9685,LShoulder,0.025838,0.00627,0.02112,0.0135,0.082132,7.136972,True
KVAL002,112,4.001833,LShoulder,0.022378,-0.00693,0.020415,-0.006,0.369158,11.365766,True
KVAL002,113,4.035177,LShoulder,0.029959,-0.005235,0.02868,-0.0069,0.814827,18.563807,True
KVAL002,114,4.068511,LShoulder,0.032422,0.00933,-0.03105,0.00015,0.975779,21.132555,True
KVAL002,115,4.101833,LShoulder,0.035216,0.00948,-0.03225,0.0105,0.689995,18.166684,True
KVAL002,116,4.135177,LShoulder,0.02691,0.00204,0.006225,0.0261,0.398453,16.679386,True
KVAL002,117,4.168511,LShoulder,0.033806,0.004725,-0.01485,0.03,0.475752,11.847737,True
KVAL002,118,4.201844,LShoulder,0.023245,0.021585,-0.007065,0.00495,0.593688,11.636112,True
KVAL002,119,4.235166,LShoulder,0.025094,0.024075,0.00648,0.00285,0.30174,15.470188,True
KVAL002,120,4.268511,LShoulder,0.017993,0.007575,0.00198,0.0162,0.609725,12.294325,True
KVAL002,121,4.301844,LShoulder,0.016943,-0.01641,0.004215,0.0,0.586286,27.881322,True
KVAL002,122,4.335177,LShoulder,0.046601,0.04449,0.011565,0.00765,1.288818,23.171563,True
KVAL002,123,4.3685,LShoulder,0.074237,0.05784,0.037245,0.0279,1.152773,32.23833,True
KVAL002,124,4.401833,LShoulder,0.053333,-0.015015,0.040215,-0.03165,1.056797,34.306085,True
KVAL002,125,4.435177,LShoulder,0.056367,0.029385,0.03156,-0.0363,1.148227,21.286927,True
KVAL002,126,4.468511,LShoulder,0.05411,0.05211,0.012585,-0.00735,0.758265,26.929073,True
KVAL002,127,4.501833,LShoulder,0.017961,0.009405,-0.00846,-0.01275,1.246307,12.051174,True
KVAL002,128,4.535177,LShoulder,0.062384,0.00879,-0.00372,0.06165,0.873362,29.048527,True
KVAL002,129,4.568511,LShoulder,0.04691,0.00558,-0.01083,0.0453,1.057127,21.839653,True
KVAL002,130,4.601844,LShoulder,0.043637,-0.01056,-0.041955,0.0057,0.692871,21.804532,True
KVAL002,131,4.635166,LShoulder,0.042371,0.00336,-0.04095,0.01035,0.602977,16.176169,True
KVAL002,132,4.668511,LShoulder,0.014024,0.01113,-0.00852,0.00045,0.439316,25.568444,True
KVAL002,133,4.701833,LShoulder,0.055077,0.00123,-0.038415,0.03945,1.263868,7.339819,True
KVAL002,134,4.735166,LShoulder,0.089589,0.00462,-0.05622,0.0696,0.463161,30.568202,True
KVAL002,135,4.7685,LShoulder,0.051747,0.007125,-0.010095,0.05025,0.895754,32.027947,True
KVAL002,136,4.801844,LShoulder,0.05774,0.025125,-0.003,0.0519,1.914894,37.422947,True
KVAL002,137,4.835166,LShoulder,0.16717,0.072735,-0.1005,0.11205,1.68394,1189.264908,True
KVAL002,138,4.8685,LShoulder,0.152801,0.040785,-0.09762,0.11025,78.12579,1083.415608,True
KVAL002,139,4.901833,LShoulder,5.110363,-4.78911,-0.485895,-1.71585,71.879195,3255.811751,True
KVAL002,140,4.935166,LShoulder,4.731703,-4.438485,-0.706545,-1.47975,139.55277,3143.412709,True
KVAL002,141,4.968511,LShoulder,4.298747,4.24473,0.650565,0.1956,137.78091,2932.296562,True
KVAL002,142,5.001844,LShoulder,4.45987,4.223085,0.86853,1.1409,61.386788,3039.040116,True
KVAL002,143,5.035188,LShoulder,1.455611,0.38502,0.024735,1.40355,65.007914,967.573168,True
KVAL002,144,5.068522,LShoulder,0.274107,0.081045,-0.05043,0.25695,20.2333,968.657246,True
KVAL002,145,5.101855,LShoulder,0.23762,0.0123,-0.20052,0.1269,2.033716,321.086275,True
KVAL002,146,5.1352,LShoulder,0.164209,0.08211,-0.07137,0.123,4.416123,36.4782,True
KVAL002,147,5.168533,LShoulder,0.162426,0.09435,0.081315,0.10425,2.560559,83.945476,True
KVAL002,148,5.201844,LShoulder,0.108794,0.08328,0.06639,0.0222,2.077451,53.83471,True
KVAL002,149,5.235177,LShoulder,0.081389,0.07761,0.017265,-0.0174,1.652661,35.71677,True
KVAL002,150,5.2685,LShoulder,0.01059,0.00609,-0.008475,-0.0018,1.153997,25.4672,True
KVAL002,151,5.301844,LShoulder,0.005127,0.004275,0.00273,0.00075,0.161163,54.83588,True
KVAL002,152,5.335177,LShoulder,0.000644,0.000435,0.00045,0.00015,2.669266,69.427963,True
KVAL002,153,5.368522,LShoulder,0.182869,0.12678,0.131775,-0.0018,4.686178,52.100722,True
KVAL002,154,5.401833,LShoulder,0.31303,0.181155,0.255285,-0.0006,1.023331,118.040449,True
KVAL002,155,5.435166,LShoulder,0.142147,0.05865,0.12948,0.0009,3.183596,17.696159,True
KVAL002,156,5.4685,LShoulder,0.100935,0.055965,0.08394,0.00315,0.728488,47.033441,True
KVAL002,157,5.501844,LShoulder,0.097674,0.054285,0.08115,0.00285,0.619043,28.729553,True
KVAL002,158,5.535166,LShoulder,0.100842,0.041265,0.08493,-0.0354,1.71205,48.130085,True
KVAL002,159,5.568511,LShoulder,0.116397,-0.05418,0.09921,-0.02775,3.438664,68.273561,True
KVAL002,160,5.601833,LShoulder,0.17531,-0.158205,-0.021855,-0.0723,4.665782,105.773762,True
KVAL002,161,5.635166,LShoulder,0.269301,-0.149805,-0.17475,-0.1398,7.054649,183.512118,True
KVAL002,162,5.6685,LShoulder,0.474234,-0.088275,-0.45657,0.093,11.69153,129.409532,True
KVAL002,163,5.701844,LShoulder,0.756011,0.149325,-0.590685,0.4476,3.132338,364.06566,True
KVAL002,164,5.735177,LShoulder,0.380632,0.024135,-0.32025,0.2043,12.653156,90.894589,True
KVAL002,165,5.768511,LShoulder,0.189296,-0.14652,-0.03558,-0.11445,6.225502,215.583861,True
KVAL002,166,5.801844,LShoulder,0.053673,0.03951,0.034995,-0.00975,3.540075,82.111211,True
KVAL002,167,5.835177,LShoulder,0.065208,0.05037,0.040455,-0.00885,1.609307,73.734228,True
KVAL002,168,5.8685,LShoulder,0.112975,-0.0222,0.057795,-0.0945,1.891338,40.300846,True
KVAL002,169,5.901833,LShoulder,0.136638,-0.03147,0.109485,-0.07545,1.211667,57.445338,True
KVAL002,170,5.935177,LShoulder,0.074631,-0.011265,0.072075,-0.01575,2.245484,26.816486,True
KVAL002,171,5.968511,LShoulder,0.057204,-0.01746,-0.03558,-0.04125,0.980286,56.010948,True
KVAL002,172,6.001844,LShoulder,0.046175,-0.03795,0.012855,-0.02295,1.944606,53.010182,True
KVAL002,173,6.035177,LShoulder,0.090078,-0.0564,0.05811,0.03945,3.358142,89.644382,True
KVAL002,174,6.0685,LShoulder,0.241352,0.01764,0.023565,-0.23955,4.351321,122.417324,True
KVAL002,175,6.101833,LShoulder,0.232384,0.06687,0.02541,-0.2211,4.854602,109.185032,True
KVAL002,176,6.135166,LShoulder,0.126883,-0.10632,-0.046845,0.051,8.107941,260.397573,True
KVAL002,177,6.168511,LShoulder,0.674587,-0.20607,-0.268245,-0.58365,13.926437,179.70616,True
KVAL002,178,6.201833,LShoulder,0.934996,-0.316875,-0.42297,-0.7713,6.613981,401.436218,True
KVAL002,179,6.235177,LShoulder,0.542996,-0.370095,-0.352605,-0.18315,12.865321,160.44562,True
KVAL002,180,6.2685,LShoulder,0.207444,-0.147795,-0.14391,0.0219,8.160151,171.090224,True
KVAL002,181,6.301833,LShoulder,0.018587,-0.003435,-0.004515,0.0177,4.755002,95.553287,True
KVAL002,182,6.335166,LShoulder,0.127204,0.096705,0.053655,0.06285,1.845269,99.856343,True
KVAL002,183,6.368511,LShoulder,0.124517,0.09705,0.05673,0.05355,2.107054,84.775758,True
KVAL002,184,6.401844,LShoulder,0.020598,-0.00285,-0.000105,-0.0204,3.936083,52.846129,True
KVAL002,185,6.435177,LShoulder,0.149126,-0.055875,-0.061965,-0.1236,3.177878,150.174387,True
KVAL002,186,6.468511,LShoulder,0.229144,0.081015,0.048435,-0.2088,6.599161,88.063219,True
KVAL002,187,6.501855,LShoulder,0.363024,0.243225,0.257595,-0.0792,3.517304,166.010037,True
KVAL002,188,6.535177,LShoulder,0.214598,0.12213,0.17571,-0.0162,4.468993,89.300481,True
KVAL002,189,6.568522,LShoulder,0.117659,0.037785,0.04311,-0.10275,2.547931,69.873407,True
KVAL002,190,6.601844,LShoulder,0.135669,0.06738,0.04443,-0.10905,0.703637,16.084009,True
KVAL002,191,6.635188,LShoulder,0.084309,0.043605,0.045195,-0.05625,1.566563,42.481516,True
KVAL002,192,6.6685,LShoulder,0.182156,0.055755,-0.040575,-0.1686,2.282671,58.414179,True
KVAL002,193,6.701844,LShoulder,0.175438,0.02967,-0.06507,-0.1602,2.740458,123.367265,True
KVAL002,194,6.735177,LShoulder,0.026673,-0.02466,-0.00594,-0.00825,6.137107,52.104913,True
KVAL002,195,6.768522,LShoulder,0.236919,0.01707,0.072675,0.22485,3.084346,44.813982,True
KVAL002,196,6.801844,LShoulder,0.197154,-0.001785,0.195075,0.0285,5.590388,108.615223,True
KVAL002,197,6.835177,LShoulder,0.584374,-0.15903,0.113235,0.5508,5.63479,335.699768,True
KVAL002,198,6.868522,LShoulder,0.357043,-0.00945,0.01248,0.3567,16.877283,176.655791,True
KVAL002,199,6.901855,LShoulder,0.55009,0.165675,0.03315,-0.5235,6.612792,557.39505,True
KVAL002,200,6.935188,LShoulder,0.243692,0.21444,0.115425,-0.00885,20.552952,359.304372,True
KVAL002,201,6.968533,LShoulder,0.842991,0.05424,-0.028845,0.84075,17.46827,419.292561,True
KVAL002,202,7.001866,LShoulder,1.088997,-0.134295,-0.14874,1.0704,7.523618,505.020922,True
KVAL002,203,7.035177,LShoulder,0.344096,-0.010875,-0.013725,0.34365,16.234785,69.916283,True
KVAL002,204,7.068511,LShoulder,0.12784,0.11667,0.039255,0.0345,4.507401,248.556928,True
KVAL002,205,7.101833,LShoulder,0.153423,0.12552,0.035985,0.08055,1.393241,65.111031,True
KVAL002,206,7.135166,LShoulder,0.040931,0.029025,0.00936,0.0273,0.774315,64.463896,True
KVAL002,207,7.168511,LShoulder,0.107093,0.08862,0.040215,0.0447,3.042625,16.292582,True
KVAL002,208,7.201844,LShoulder,0.243487,0.19014,0.049395,0.14385,0.680288,107.460326,True
KVAL002,209,7.235166,LShoulder,0.112705,0.109515,0.00444,0.02625,4.18331,57.355434,True
KVAL002,210,7.2685,LShoulder,0.076537,-0.013185,-0.07539,-0.0006,3.833698,78.549871,True
KVAL002,211,7.301833,LShoulder,0.25205,0.011895,-0.168855,0.18675,3.028713,103.029862,True
KVAL002,212,7.335177,LShoulder,0.243057,-0.085245,-0.146745,0.174,5.219433,42.787606,True
KVAL002,213,7.368511,LShoulder,0.313397,-0.21135,-0.21876,-0.07545,1.48376,201.717734,True
KVAL002,214,7.401855,LShoulder,0.306213,-0.033855,-0.225705,0.20415,8.847414,143.953669,True
KVAL002,215,7.435177,LShoulder,0.465946,-0.13173,0.04848,0.4443,8.144173,188.138322,True
KVAL002,216,7.468511,LShoulder,0.447361,-0.40014,0.1647,0.11355,5.087806,228.87867,True
KVAL002,217,7.501833,LShoulder,0.430602,-0.352515,0.140205,0.2037,12.185873,229.039529,True
KVAL002,218,7.535166,LShoulder,0.630635,0.12036,0.418335,-0.4563,15.470582,266.480523,False
KVAL002,219,7.568511,LShoulder,0.774942,0.275985,0.4848,-0.5379,5.985924,355.844747,True
KVAL002,220,7.601844,LShoulder,0.241036,0.005685,0.1869,-0.1521,10.075964,67.876307,True
KVAL002,221,7.635177,LShoulder,0.396096,0.0012,-0.107775,-0.38115,5.401376,180.881431,True
KVAL002,222,7.668522,LShoulder,0.199487,-0.011175,-0.16962,-0.1044,6.476005,123.370557,True
KVAL002,223,7.701844,LShoulder,0.036914,0.00918,0.005985,0.03525,3.208517,130.681301,True
KVAL002,224,7.735188,LShoulder,0.02634,0.018555,0.017805,-0.0057,3.022931,76.98487,True
KVAL002,225,7.768511,LShoulder,0.188708,0.161505,-0.04653,-0.0858,2.915736,82.186393,True
KVAL002,226,7.801855,LShoulder,0.205631,0.18327,-0.06618,-0.0657,2.550696,323.429956,True
KVAL002,227,7.835166,LShoulder,0.043734,0.00201,-0.03324,-0.02835,19.316129,59.550446,True
KVAL002,228,7.8685,LShoulder,1.140989,-0.98238,0.19539,-0.54645,6.083755,760.251488,True
KVAL002,229,7.901844,LShoulder,0.387722,-0.355395,0.154695,0.0096,31.592802,221.773808,True
KVAL002,230,7.935177,LShoulder,0.97253,0.77193,-0.079425,0.5862,8.813494,681.608049,True
KVAL002,231,7.968511,LShoulder,0.212367,0.208245,-0.00831,0.0408,13.923659,171.337718,True
KVAL002,232,8.001855,LShoulder,0.080412,0.06798,0.042465,-0.00645,3.028854,192.242188,True
KVAL002,233,8.035166,LShoulder,0.117725,0.062025,0.05727,-0.08205,1.218669,57.438029,True
KVAL002,234,8.0685,LShoulder,0.084047,0.024825,0.03057,-0.07425,1.915448,33.755227,True
KVAL002,235,8.101844,LShoulder,0.012793,-0.01032,0.00177,0.00735,1.391934,31.08013,True
KVAL002,236,8.135177,LShoulder,0.012078,-0.0099,0.001515,0.00675,0.191893,24.084996,True
KVAL002,237,8.1685,LShoulder,0.0,0.0,0.0,0.0,0.337439,1.835361,True
KVAL002,238,8.201833,LShoulder,0.022706,-0.0177,-0.004905,-0.01335,0.274044,22.291878,True
KVAL002,239,8.235177,LShoulder,0.01827,0.009405,-0.003975,-0.01515,1.169825,25.800323,True
KVAL002,240,8.268511,LShoulder,0.056751,0.029715,0.031065,0.03705,1.571074,22.740108,True
KVAL002,241,8.301833,LShoulder,0.097257,0.033255,0.08328,0.03765,0.676531,44.985469,True
KVAL002,242,8.335166,LShoulder,0.062684,0.03012,0.05496,-0.0012,1.438459,17.548431,True
KVAL002,243,8.368511,LShoulder,0.001976,-0.000555,0.00189,-0.00015,0.780697,18.536735,True
KVAL002,244,8.401844,LShoulder,0.031052,0.026745,0.00489,-0.015,1.00532,12.707227,True
KVAL002,245,8.435166,LShoulder,0.066766,0.00402,-0.01203,-0.06555,0.849624,40.341368,True
KVAL002,246,8.468511,LShoulder,0.040822,-0.024375,-0.015015,-0.0291,1.712865,29.705258,True
KVAL002,247,8.501833,LShoulder,0.054866,0.02013,0.034785,0.03735,1.194938,36.876067,True
KVAL002,248,8.535177,LShoulder,0.042545,0.021855,0.033915,0.0135,0.747898,23.525953,True
KVAL002,249,8.5685,LShoulder,0.023274,0.017685,0.01314,-0.0075,0.396149,13.857139,True
KVAL002,250,8.601844,LShoulder,0.02007,0.01551,0.012705,-0.0009,0.397547,7.356631,True
KVAL002,251,8.635188,LShoulder,0.007051,-0.003495,0.00339,0.0051,0.321351,14.135016,True
KVAL002,252,8.668522,LShoulder,0.02228,-0.003225,0.02073,-0.0075,0.579111,9.012697,True
KVAL002,253,8.701855,LShoulder,0.036532,0.01113,0.02763,-0.02115,0.300941,13.760979,True
KVAL002,254,8.7352,LShoulder,0.021238,0.01392,0.01113,-0.01155,0.486385,11.362829,True
KVAL002,255,8.768533,LShoulder,0.033109,0.031545,0.00927,-0.0039,0.718493,14.4707,True
KVAL002,256,8.801833,LShoulder,0.065299,0.041205,0.050205,-0.00675,0.499861,24.111185,True
KVAL002,257,8.835177,LShoulder,0.038903,0.01206,0.035595,-0.01005,0.890987,13.770771,True
KVAL002,258,8.868511,LShoulder,0.012326,0.00978,-0.000195,-0.0075,0.494492,12.33506,True
KVAL002,259,8.901855,LShoulder,0.009728,0.00729,0.0057,0.003,0.216136,6.557316,True
KVAL002,260,8.935166,LShoulder,0.002372,-0.00108,-0.00081,0.00195,0.14592,3.747115,True
KVAL002,261,8.968511,LShoulder,0.0,0.0,0.0,0.0,0.036868,2.162251,True
KVAL002,262,9.001833,LShoulder,0.000184,-1.5e-05,-0.000105,-0.00015,0.002756,0.574742,True
KVAL002,263,9.035177,LShoulder,0.000184,-1.5e-05,-0.000105,-0.00015,0.002756,0.08267,True
KVAL002,264,9.068511,LShoulder,0.0,0.0,0.0,0.0,0.002756,0.041335,True
KVAL002,265,9.101855,LShoulder,0.0,0.0,0.0,0.0,0.0,0.041335,True
KVAL002,266,9.135177,LShoulder,0.0,0.0,0.0,0.0,0.0,12.519476,True
KVAL002,267,9.168511,LShoulder,0.0,0.0,0.0,0.0,0.834632,11.861818,True
KVAL002,268,9.201833,LShoulder,0.055642,-0.01953,0.05121,-0.0096,0.790788,25.89079,True
KVAL002,269,9.235166,LShoulder,0.052719,-0.017715,0.047565,-0.01425,0.893081,25.903606,True
KVAL002,270,9.2685,LShoulder,0.006377,0.001845,-0.004125,-0.0045,0.939588,12.053939,True
KVAL002,271,9.301833,LShoulder,0.012317,0.00135,-0.011325,-0.00465,0.101414,12.002748,True
KVAL002,272,9.335177,LShoulder,0.011948,0.001335,-0.01086,-0.0048,0.173356,1.23507,True
KVAL002,273,9.368511,LShoulder,0.023474,-0.000675,-0.02256,-0.00645,0.179899,20.772823,True
KVAL002,274,9.401844,LShoulder,0.023691,0.002415,-0.02271,-0.0063,1.256027,19.355465,True
KVAL002,275,9.435177,LShoulder,0.071309,0.06447,0.02277,0.02025,1.183533,34.637778,True
KVAL002,276,9.4685,LShoulder,0.068346,0.061215,0.0228,0.0201,1.072311,32.784908,True
KVAL002,277,9.501844,LShoulder,0.000202,-0.00015,-0.000135,0.0,1.025236,16.267975,True
KVAL002,278,9.535177,LShoulder,3.4e-05,-1.5e-05,3e-05,0.0,0.123069,15.549092,True
KVAL002,279,9.568522,LShoulder,0.008248,-0.00216,-0.000405,0.00795,0.123679,3.701335,True
KVAL002,280,9.601833,LShoulder,0.008247,-0.002145,-0.000465,0.00795,0.123701,11.081487,True
KVAL002,281,9.635166,LShoulder,3e-05,0.0,-3e-05,0.0,0.695255,11.044145,True
KVAL002,282,9.6685,LShoulder,0.044773,-0.00747,-0.043155,-0.0093,0.7561,18.939309,True
KVAL002,283,9.701844,LShoulder,0.050435,-0.00693,-0.0471,-0.01665,0.579727,22.549881,True
KVAL002,284,9.735166,LShoulder,0.007823,0.002535,-0.006195,-0.00405,0.748793,16.810467,True
KVAL002,285,9.768511,LShoulder,0.004619,0.00204,-0.002295,0.00345,0.558009,17.45385,True
KVAL002,286,9.801833,LShoulder,0.044535,0.002235,-0.04074,-0.01785,0.571326,21.425804,True
KVAL002,287,9.835177,LShoulder,0.042143,0.00879,-0.03501,0.02175,1.071255,5.835511,True
KVAL002,288,9.868511,LShoulder,0.062733,0.02364,-0.030435,0.0495,0.345703,32.751406,True
KVAL002,289,9.901844,LShoulder,0.061721,0.02637,-0.045435,0.0324,1.128166,35.43311,True
KVAL002,290,9.935166,LShoulder,0.061403,0.00669,-0.05823,-0.0183,2.149604,17.407527,True
KVAL002,291,9.968511,LShoulder,0.123027,-0.005085,-0.06138,-0.1065,0.988261,70.198927,True
KVAL002,292,10.001833,LShoulder,0.065679,-0.002415,-0.01215,-0.0645,2.605277,43.696996,True
KVAL002,293,10.035177,LShoulder,0.052256,0.005535,0.01203,0.05055,2.235958,32.960191,True
KVAL002,294,10.068511,LShoulder,0.083393,0.00471,0.014985,0.0819,0.772547,37.558208,True
KVAL002,295,10.101844,LShoulder,0.096754,0.040185,0.004485,0.0879,0.835868,43.025702,True
KVAL002,296,10.135177,LShoulder,0.093376,0.05931,0.012945,0.07095,2.210266,43.232018,True
KVAL002,297,10.168511,LShoulder,0.061663,-0.001995,-0.04146,-0.0456,2.522792,54.25972,True
KVAL002,298,10.201833,LShoulder,0.084027,-0.020325,-0.0537,-0.06135,1.422518,64.562601,True
KVAL002,299,10.235177,LShoulder,0.040408,0.0213,0.00444,0.03405,1.794465,29.745083,True
KVAL002,300,10.268511,LShoulder,0.040597,0.021285,0.00504,0.0342,0.607989,35.495947,True
KVAL002,301,10.301855,LShoulder,0.000176,-1.5e-05,9e-05,-0.00015,0.610619,9.122665,True
KVAL002,302,10.335166,LShoulder,0.000162,1.5e-05,6e-05,-0.00015,0.000636,9.184387,True
KVAL002,303,10.3685,LShoulder,0.000162,1.5e-05,6e-05,-0.00015,0.002434,0.035877,True
KVAL002,304,10.401833,LShoulder,0.0,0.0,0.0,0.0,0.002434,0.036506,True
KVAL002,305,10.435166,LShoulder,0.0,0.0,0.0,0.0,0.0,0.073012,True
