video_id,frame_index,source_frame_index,body_id,j00_PELVIS_valid,j00_PELVIS_quality,j00_PELVIS_reason,j01_SPINE_NAVAL_valid,j01_SPINE_NAVAL_quality,j01_SPINE_NAVAL_reason,j02_SPINE_CHEST_valid,j02_SPINE_CHEST_quality,j02_SPINE_CHEST_reason,j03_NECK_valid,j03_NECK_quality,j03_NECK_reason,j04_CLAVICLE_LEFT_valid,j04_CLAVICLE_LEFT_quality,j04_CLAVICLE_LEFT_reason,j05_SHOULDER_LEFT_valid,j05_SHOULDER_LEFT_quality,j05_SHOULDER_LEFT_reason,j06_ELBOW_LEFT_valid,j06_ELBOW_LEFT_quality,j06_ELBOW_LEFT_reason,j07_WRIST_LEFT_valid,j07_WRIST_LEFT_quality,j07_WRIST_LEFT_reason,j08_CLAVICLE_RIGHT_valid,j08_CLAVICLE_RIGHT_quality,j08_CLAVICLE_RIGHT_reason,j09_SHOULDER_RIGHT_valid,j09_SHOULDER_RIGHT_quality,j09_SHOULDER_RIGHT_reason,j10_ELBOW_RIGHT_valid,j10_ELBOW_RIGHT_quality,j10_ELBOW_RIGHT_reason,j11_WRIST_RIGHT_valid,j11_WRIST_RIGHT_quality,j11_WRIST_RIGHT_reason,j12_HIP_LEFT_valid,j12_HIP_LEFT_quality,j12_HIP_LEFT_reason,j13_KNEE_LEFT_valid,j13_KNEE_LEFT_quality,j13_KNEE_LEFT_reason,j14_ANKLE_LEFT_valid,j14_ANKLE_LEFT_quality,j14_ANKLE_LEFT_reason,j15_FOOT_LEFT_valid,j15_FOOT_LEFT_quality,j15_FOOT_LEFT_reason,j16_HIP_RIGHT_valid,j16_HIP_RIGHT_quality,j16_HIP_RIGHT_reason,j17_KNEE_RIGHT_valid,j17_KNEE_RIGHT_quality,j17_KNEE_RIGHT_reason,j18_ANKLE_RIGHT_valid,j18_ANKLE_RIGHT_quality,j18_ANKLE_RIGHT_reason,j19_FOOT_RIGHT_valid,j19_FOOT_RIGHT_quality,j19_FOOT_RIGHT_reason,j20_HEAD_valid,j20_HEAD_quality,j20_HEAD_reason,j21_NOSE_valid,j21_NOSE_quality,j21_NOSE_reason,j22_EYE_LEFT_valid,j22_EYE_LEFT_quality,j22_EYE_LEFT_reason,j23_EAR_LEFT_valid,j23_EAR_LEFT_quality,j23_EAR_LEFT_reason,j24_EYE_RIGHT_valid,j24_EYE_RIGHT_quality,j24_EYE_RIGHT_reason,j25_EAR_RIGHT_valid,j25_EAR_RIGHT_quality,j25_EAR_RIGHT_reason,j26_WRIST_THUMB_LEFT_valid,j26_WRIST_THUMB_LEFT_quality,j26_WRIST_THUMB_LEFT_reason,j27_BICEPS_LEFT_valid,j27_BICEPS_LEFT_quality,j27_BICEPS_LEFT_reason,j28_WRIST_THUMB_RIGHT_valid,j28_WRIST_THUMB_RIGHT_quality,j28_WRIST_THUMB_RIGHT_reason,j29_BICEPS_RIGHT_valid,j29_BICEPS_RIGHT_quality,j29_BICEPS_RIGHT_reason,j30_BACK_LEFT_valid,j30_BACK_LEFT_quality,j30_BACK_LEFT_reason,j31_BACK_RIGHT_valid,j31_BACK_RIGHT_quality,j31_BACK_RIGHT_reason
KVAL002,0,1,1,True,medium,none,True,medium,none,True,medium,none,True,medium,none,True,medium,none,True,medium,none,True,medium,none,False,low,occlusion,False,low,occlusion,False,low,occlusion,False,low,occlusion,True,medium,none,True,medium,none,True,medium,none,True,medium,none,True,medium,none,True,medium,none,True,medium,none,True,medium,none,False,low,occlusion,False,low,occlusion,False,low,occlusion,True,medium,none,False,low,occlusion,False,low,occlusion,False,low,occlusion,True,medium,none,True,medium,none,True,medium,none,True,medium,none,True,medium,none,True,medium,none
KVAL002,1,2,1,True,medium,none,True,medium,none,True,medium,none,True,medium,none,True,medium,none,True,medium,none,True,medium,none,True,medium,none,False,low,occlusion,False,low,occlusion,False,low,occlusion,True,medium,none,True,medium,none,True,medium,none,True,medium,none,True,medium,none,True,medium,none,True,medium,none,True,medium,none,False,low,occlusion,False,low,occlusion,False,low,occlusion,True,medium,none,False,low,occlusion,False,low,occlusion,False,low,occlusion,True,medium,none,True,medium,none,True,medium,none,True,medium,none,True,medium,none,True,medium,none
KVAL002,2,3,1,True,medium,none,True,medium,none,True,medium,none,True,medium,none,True,medium,none,True,medium,none,True,medium,none,False,low,occlusion,False,low,occlusion,False,low,occlusion,False,low,occlusion,True,medium,none,True,medium,none,True,medium,none,True,medium,none,True,medium,none,True,medium,none,True,medium,none,True,medium,none,False,low,occlusion,False,low,occlusion,False,low,occlusion,True,medium,none,False,low,occlusion,False,low,occlusion,False,low,occlusion,True,medium,none,True,medium,none,True,medium,none,True,medium,none,True,medium,none,True,medium,none
KVAL002,3,4,1,True,medium,none,True,medium,none,True,medium,none,True,medium,none,True,medium,none,True,medium,none,True,medium,none,True,medium,none,False,low,occlusion,False,low,occlusion,False,low,occlusion,True,medium,none,True,medium,none,True,medium,none,True,medium,none,True,medium,none,True,medium,none,True,medium,none,True,medium,none,False,low,occlusion,False,low,occlusion,False,low,occlusion,True,medium,none,False,low,occlusion,False,low,occlusion,False,low,occlusion,True,medium,none,True,medium,none,True,medium,none,True,medium,none,True,medium,none,True,medium,none
KVAL002,4,5,1,True,medium,none,True,medium,none,True,medium,none,True,medium,none,True,medium,none,True,medium,none,True,medium,none,False,low,occlusion,False,low,occlusion,False,low,occlusion,False,low,occlusion,True,medium,none,True,medium,none,True,medium,none,True,medium,none,True,medium,none,True,medium,none,True,medium,none,True,medium,none,False,low,occlusion,False,low,occlusion,False,low,occlusion,False,low,occlusion,False,low,occlusion,False,low,occlusion,False,low,occlusion,True,medium,none,True,medium,none,True,medium,none,True,medium,none,True,medium,none,True,medium,none
KVAL002,5,6,1,True,medium,none,True,medium,none,True,medium,none,True,medium,none,True,medium,none,True,medium,none,True,medium,none,True,medium,none,True,medium,none,False,low,occlusion,False,low,occlusion,True,medium,none,True,medium,none,True,medium,none,True,medium,none,True,medium,none,True,medium,none,True,medium,none,True,medium,none,False,low,occlusion,False,low,occlusion,False,low,occlusion,True,medium,none,False,low,occlusion,False,low,occlusion,False,low,occlusion,True,medium,none,True,medium,none,True,medium,none,True,medium,none,True,medium,none,True,medium,none
KVAL002,6,7,1,True,medium,none,True,medium,none,True,medium,none,True,medium,none,True,medium,none,True,medium,none,True,medium,none,True,medium,none,True,medium,none,False,low,occlusion,False,low,occlusion,True,medium,none,True,medium,none,True,medium,none,True,medium,none,True,medium,none,True,medium,none,True,medium,none,True,medium,none,False,low,occlusion,False,low,occlusion,False,low,occlusion,True,medium,none,False,low,occlusion,False,low,occlusion,False,low,occlusion,True,medium,none,True,medium,none,True,medium,none,True,medium,none,True,medium,none,True,medium,none
KVAL002,7,8,1,True,medium,none,True,medium,none,True,medium,none,True,medium,none,True,medium,none,True,medium,none,True,medium,none,True,medium,none,True,medium,none,False,low,occlusion,False,low,occlusion,True,medium,none,True,medium,none,True,medium,none,True,medium,none,True,medium,none,True,medium,none,True,medium,none,True,medium,none,False,low,occlusion,False,low,occlusion,False,low,occlusion,True,medium,none,False,low,occlusion,False,low,occlusion,False,low,occlusion,True,medium,none,True,medium,none,True,medium,none,True,medium,none,True,medium,none,True,medium,none
KVAL002,8,9,1,True,medium,none,True,medium,none,True,medium,none,True,medium,none,True,medium,none,True,medium,none,True,medium,none,True,medium,none,False,low,occlusion,False,low,occlusion,False,low,occlusion,True,medium,none,True,medium,none,True,medium,none,True,medium,none,True,medium,none,True,medium,none,True,medium,none,True,medium,none,False,low,occlusion,False,low,occlusion,False,low,occlusion,False,low,occlusion,False,low,occlusion,False,low,occlusion,False,low,occlusion,True,medium,none,True,medium,none,True,medium,none,True,medium,none,True,medium,none,True,medium,none
KVAL002,9,10,1,True,medium,none,True,medium,none,True,medium,none,True,medium,none,True,medium,none,True,medium,none,True,medium,none,True,medium,none,False,low,occlusion,False,low,occlusion,False,low,bone_length_anomaly,True,medium,none,True,medium,none,True,medium,none,True,medium,none,True,medium,none,True,medium,none,True,medium,none,True,medium,none,False,low,occlusion,False,low,occlusion,False,low,occlusion,False,low,occlusion,False,low,occlusion,False,low,occlusion,False,low,occlusion,True,medium,none,True,medium,none,True,medium,none,True,medium,none,True,medium,none,True,medium,none
KVAL002,10,11,1,True,medium,none,True,medium,none,True,medium,none,True,medium,none,True,medium,none,True,medium,none,True,medium,none,True,medium,none,True,medium,none,False,low,occlusion,False,low,occlusion,True,medium,none,True,medium,none,True,medium,none,True,medium,none,True,medium,none,True,medium,none,True,medium,none,True,medium,none,False,low,occlusion,False,low,occlusion,False,low,occlusion,True,medium,none,False,low,occlusion,False,low,occlusion,False,low,occlusion,True,medium,none,True,medium,none,True,medium,none,True,medium,none,True,medium,none,True,medium,none
KVAL002,11,12,1,True,medium,none,True,medium,none,True,medium,none,True,medium,none,True,medium,none,True,medium,none,True,medium,none,True,medium,none,False,low,occlusion,False,low,occlusion,False,low,occlusion,True,medium,none,True,medium,none,True,medium,none,True,medium,none,True,medium,none,True,medium,none,True,medium,none,True,medium,none,False,low,occlusion,False,low,occlusion,False,low,occlusion,True,medium,none,False,low,occlusion,False,low,occlusion,False,low,occlusion,True,medium,none,True,medium,none,True,medium,none,True,medium,none,True,medium,none,True,medium,none
KVAL002,12,13,1,True,medium,none,True,medium,none,True,medium,none,True,medium,none,True,medium,none,True,medium,none,True,medium,none,False,low,occlusion,False,low,occlusion,False,low,occlusion,False,low,occlusion,True,medium,none,True,medium,none,True,medium,none,True,medium,none,True,medium,none,True,medium,none,True,medium,none,True,medium,none,False,low,occlusion,False,low,occlusion,False,low,occlusion,False,low,occlusion,False,low,occlusion,False,low,occlusion,False,low,occlusion,True,medium,none,True,medium,none,True,medium,none,True,medium,none,True,medium,none,True,medium,none
KVAL002,13,14,1,True,medium,none,True,medium,none,True,medium,none,True,medium,none,True,medium,none,True,medium,none,True,medium,none,False,low,occlusion,False,low,occlusion,False,low,occlusion,False,low,occlusion,True,medium,none,True,medium,none,True,medium,none,True,medium,none,True,medium,none,True,medium,none,True,medium,none,True,medium,none,False,low,occlusion,False,low,occlusion,False,low,occlusion,False,low,occlusion,False,low,occlusion,False,low,occlusion,False,low,occlusion,True,medium,none,True,medium,none,True,medium,none,True,medium,none,True,medium,none,True,medium,none
KVAL002,14,15,1,True,medium,none,True,medium,none,True,medium,none,True,medium,none,True,medium,none,True,medium,none,True,medium,none,False,low,occlusion,False,low,occlusion,False,low,occlusion,False,low,occlusion,True,medium,none,True,medium,none,True,medium,none,True,medium,none,True,medium,none,True,medium,none,True,medium,none,True,medium,none,False,low,occlusion,False,low,occlusion,False,low,occlusion,True,medium,none,False,low,occlusion,False,low,occlusion,False,low,occlusion,True,medium,none,True,medium,none,True,medium,none,True,medium,none,True,medium,none,True,medium,none
KVAL002,15,16,1,True,medium,none,True,medium,none,True,medium,none,True,medium,none,True,medium,none,True,medium,none,True,medium,none,False,low,occlusion,False,low,occlusion,False,low,occlusion,False,low,occlusion,True,medium,none,True,medium,none,True,medium,none,True,medium,none,True,medium,none,True,medium,none,True,medium,none,True,medium,none,False,low,occlusion,False,low,occlusion,False,low,occlusion,True,medium,none,False,low,occlusion,False,low,occlusion,False,low,occlusion,True,medium,none,True,medium,none,True,medium,none,True,medium,none,True,medium,none,True,medium,none
KVAL002,16,17,1,True,medium,none,True,medium,none,True,medium,none,True,medium,none,True,medium,none,True,medium,none,True,medium,none,False,low,occlusion,False,low,occlusion,False,low,occlusion,False,low,occlusion,True,medium,none,True,medium,none,True,medium,none,True,medium,none,True,medium,none,True,medium,none,True,medium,none,True,medium,none,False,low,occlusion,False,low,occlusion,False,low,occlusion,True,medium,none,False,low,occlusion,False,low,occlusion,False,low,occlusion,True,medium,none,True,medium,none,True,medium,none,True,medium,none,True,medium,none,True,medium,none
KVAL002,17,18,1,True,medium,none,True,medium,none,True,medium,none,True,medium,none,True,medium,none,True,medium,none,True,medium,none,True,medium,none,True,medium,none,False,low,occlusion,False,low,occlusion,True,medium,none,True,medium,none,True,medium,none,True,medium,none,True,medium,none,True,medium,none,True,medium,none,True,medium,none,False,low,occlusion,False,low,occlusion,False,low,occlusion,True,medium,none,False,low,occlusion,False,low,occlusion,False,low,occlusion,True,medium,none,True,medium,none,True,medium,none,True,medium,none,True,medium,none,True,medium,none
KVAL002,18,19,1,True,medium,none,True,medium,none,True,medium,none,True,medium,none,True,medium,none,True,medium,none,True,medium,none,True,medium,none,False,low,occlusion,False,low,occlusion,False,low,occlusion,True,medium,none,True,medium,none,True,medium,none,True,medium,none,True,medium,none,True,medium,none,True,medium,none,True,medium,none,False,low,occlusion,False,low,occlusion,False,low,occlusion,False,low,occlusion,False,low,occlusion,False,low,occlusion,False,low,occlusion,True,medium,none,True,medium,none,True,medium,none,True,medium,none,True,medium,none,True,medium,none
KVAL002,19,20,1,True,medium,none,True,medium,none,True,medium,none,True,medium,none,True,medium,none,True,medium,none,True,medium,none,True,medium,none,False,low,occlusion,False,low,occlusion,False,low,occlusion,True,medium,none,True,medium,none,True,medium,none,True,medium,none,True,medium,none,True,medium,none,True,medium,none,True,medium,none,False,low,occlusion,False,low,occlusion,False,low,occlusion,False,low,occlusion,False,low,occlusion,False,low,occlusion,False,low,occlusion,True,medium,none,True,medium,none,True,medium,none,True,medium,none,True,medium,none,True,medium,none
KVAL002,20,21,1,True,medium,none,True,medium,none,True,medium,none,True,medium,none,True,medium,none,True,medium,none,True,medium,none,True,medium,none,False,low,occlusion,False,low,occlusion,False,low,occlusion,True,medium,none,True,medium,none,True,medium,none,True,medium,none,True,medium,none,True,medium,none,True,medium,none,True,medium,none,False,low,occlusion,False,low,occlusion,False,low,occlusion,False,low,occlusion,False,low,occlusion,False,low,occlusion,False,low,occlusion,True,medium,none,True,medium,none,True,medium,none,True,medium,none,True,medium,none,True,medium,none
KVAL002,21,22,1,True,medium,none,True,medium,none,True,medium,none,True,medium,none,True,medium,none,True,medium,none,True,medium,none,True,medium,none,False,low,occlusion,False,low,occlusion,False,low,occlusion,True,medium,none,True,medium,none,True,medium,none,True,medium,none,True,medium,none,True,medium,none,True,medium,none,True,medium,none,False,low,occlusion,False,low,occlusion,False,low,occlusion,False,low,occlusion,False,low,occlusion,False,low,occlusion,False,low,occlusion,True,medium,none,True,medium,none,True,medium,none,True,medium,none,True,medium,none,True,medium,none
KVAL002,22,23,1,True,medium,none,True,medium,none,True,medium,none,True,medium,none,True,medium,none,True,medium,none,True,medium,none,True,medium,none,False,low,occlusion,False,low,occlusion,False,low,occlusion,True,medium,none,True,medium,none,True,medium,none,True,medium,none,True,medium,none,True,medium,none,True,medium,none,True,medium,none,False,low,occlusion,False,low,occlusion,False,low,occlusion,False,low,occlusion,False,low,occlusion,False,low,occlusion,False,low,occlusion,True,medium,none,True,medium,none,True,medium,none,True,medium,none,True,medium,none,True,medium,none
KVAL002,23,24,1,True,medium,none,True,medium,none,True,medium,none,True,medium,none,True,medium,none,True,medium,none,True,medium,none,True,medium,none,False,low,occlusion,False,low,occlusion,False,low,occlusion,True,medium,none,True,medium,none,True,medium,none,True,medium,none,True,medium,none,True,medium,none,True,medium,none,True,medium,none,False,low,occlusion,False,low,occlusion,False,low,occlusion,False,low,occlusion,False,low,occlusion,False,low,occlusion,False,low,occlusion,True,medium,none,True,medium,none,True,medium,none,True,medium,none,True,medium,none,True,medium,none
KVAL002,24,25,1,True,medium,none,True,medium,none,True,medium,none,True,medium,none,True,medium,none,True,medium,none,True,medium,none,True,medium,none,False,low,occlusion,False,low,occlusion,False,low,occlusion,True,medium,none,True,medium,none,True,medium,none,True,medium,none,True,medium,none,True,medium,none,True,medium,none,True,medium,none,False,low,occlusion,False,low,occlusion,False,low,occlusion,False,low,occlusion,False,low,occlusion,False,low,occlusion,False,low,occlusion,True,medium,none,True,medium,none,True,medium,none,True,medium,none,True,medium,none,True,medium,none
KVAL002,25,26,1,True,medium,none,True,medium,none,True,medium,none,True,medium,none,True,medium,none,True,medium,none,True,medium,none,False,low,occlusion,False,low,occlusion,False,low,occlusion,False,low,occlusion,True,medium,none,True,medium,none,True,medium,none,True,medium,none,True,medium,none,True,medium,none,True,medium,none,True,medium,none,False,low,occlusion,False,low,occlusion,False,low,occlusion,True,medium,none,False,low,occlusion,False,low,occlusion,False,low,occlusion,True,medium,none,True,medium,none,True,medium,none,True,medium,none,True,medium,none,True,medium,none
KVAL002,26,27,1,True,medium,none,True,medium,none,True,medium,none,True,medium,none,True,medium,none,True,medium,none,True,medium,none,False,low,occlusion,False,low,occlusion,False,low,occlusion,False,low,occlusion,True,medium,none,True,medium,none,True,medium,none,True,medium,none,True,medium,none,True,medium,none,True,medium,none,True,medium,none,False,low,occlusion,False,low,occlusion,False,low,occlusion,True,medium,none,False,low,occlusion,False,low,occlusion,False,low,occlusion,True,medium,none,True,medium,none,True,medium,none,True,medium,none,True,medium,none,True,medium,none
KVAL002,27,28,1,True,medium,none,True,medium,none,True,medium,none,True,medium,none,True,medium,none,True,medium,none,True,medium,none,True,medium,none,True,medium,none,False,low,occlusion,False,low,bone_length_anomaly,True,medium,none,True,medium,none,True,medium,none,True,medium,none,True,medium,none,True,medium,none,True,medium,none,True,medium,none,False,low,occlusion,False,low,occlusion,False,low,occlusion,True,medium,none,False,low,occlusion,False,low,occlusion,False,low,occlusion,True,medium,none,True,medium,none,True,medium,none,True,medium,none,True,medium,none,True,medium,none
KVAL002,28,29,1,True,medium,none,True,medium,none,True,medium,none,True,medium,none,True,medium,none,True,medium,none,True,medium,none,True,medium,none,True,medium,none,False,low,bone_length_anomaly,False,low,bone_length_anomaly,True,medium,none,True,medium,none,True,medium,none,True,medium,none,True,medium,none,True,medium,none,True,medium,none,True,medium,none,False,low,occlusion,False,low,occlusion,False,low,occlusion,True,medium,none,False,low,occlusion,False,low,occlusion,False,low,occlusion,True,medium,none,True,medium,none,True,medium,none,True,medium,none,True,medium,none,True,medium,none
KVAL002,29,30,1,True,medium,none,True,medium,none,True,medium,none,True,medium,none,True,medium,none,True,medium,none,True,medium,none,True,medium,none,True,medium,none,False,low,bone_length_anomaly,False,low,bone_length_anomaly,True,medium,none,True,medium,none,True,medium,none,True,medium,none,True,medium,none,True,medium,none,True,medium,none,False,low,occlusion,False,low,occlusion,False,low,occlusion,False,low,occlusion,True,medium,none,False,low,occlusion,False,low,occlusion,False,low,occlusion,True,medium,none,True,medium,none,True,medium,none,True,medium,none,True,medium,none,True,medium,none
KVAL002,30,31,1,True,medium,none,True,medium,none,True,medium,none,True,medium,none,True,medium,none,True,medium,none,True,medium,none,True,medium,none,False,low,occlusion,False,low,occlusion,False,low,occlusion,True,medium,none,True,medium,none,True,medium,none,True,medium,none,True,medium,none,True,medium,none,True,medium,none,True,medium,none,False,low,occlusion,False,low,occlusion,False,low,occlusion,True,medium,none,False,low,occlusion,False,low,occlusion,False,low,occlusion,True,medium,none,True,medium,none,True,medium,none,True,medium,none,True,medium,none,True,medium,none
KVAL002,31,32,1,True,medium,none,True,medium,none,True,medium,none,True,medium,none,True,medium,none,True,medium,none,True,medium,none,True,medium,none,False,low,occlusion,False,low,occlusion,False,low,occlusion,True,medium,none,True,medium,none,True,medium,none,True,medium,none,True,medium,none,True,medium,none,True,medium,none,True,medium,none,False,low,occlusion,False,low,occlusion,False,low,occlusion,True,medium,none,False,low,occlusion,False,low,occlusion,False,low,occlusion,True,medium,none,True,medium,none,True,medium,none,True,medium,none,True,medium,none,True,medium,none
KVAL002,32,33,1,True,medium,none,True,medium,none,True,medium,none,True,medium,none,True,medium,none,True,medium,none,True,medium,none,True,medium,none,False,low,occlusion,False,low,occlusion,False,low,occlusion,True,medium,none,True,medium,none,True,medium,none,True,medium,none,True,medium,none,True,medium,none,True,medium,none,False,low,occlusion,False,low,occlusion,False,low,occlusion,False,low,occlusion,True,medium,none,False,low,occlusion,False,low,occlusion,False,low,occlusion,True,medium,none,True,medium,none,True,medium,none,True,medium,none,True,medium,none,True,medium,none
KVAL002,33,34,1,True,medium,none,True,medium,none,True,medium,none,True,medium,none,True,medium,none,True,medium,none,True,medium,none,False,low,occlusion,False,low,occlusion,False,low,occlusion,False,low,occlusion,True,medium,none,True,medium,none,True,medium,none,True,medium,none,True,medium,none,True,medium,none,True,medium,none,False,low,occlusion,False,low,occlusion,False,low,occlusion,False,low,occlusion,True,medium,none,False,low,occlusion,False,low,occlusion,False,low,occlusion,True,medium,none,True,medium,none,True,medium,none,True,medium,none,True,medium,none,True,medium,none
KVAL002,34,35,1,True,medium,none,True,medium,none,True,medium,none,True,medium,none,True,medium,none,True,medium,none,True,medium,none,False,low,occlusion,False,low,occlusion,False,low,occlusion,False,low,occlusion,True,medium,none,True,medium,none,True,medium,none,True,medium,none,True,medium,none,True,medium,none,True,medium,none,False,low,occlusion,False,low,occlusion,False,low,occlusion,False,low,occlusion,False,low,occlusion,False,low,occlusion,False,low,occlusion,False,low,occlusion,True,medium,none,True,medium,none,True,medium,none,True,medium,none,True,medium,none,True,medium,none
KVAL002,35,36,1,True,medium,none,True,medium,none,True,medium,none,True,medium,none,True,medium,none,True,medium,none,True,medium,none,False,low,occlusion,False,low,occlusion,False,low,occlusion,False,low,occlusion,True,medium,none,True,medium,none,True,medium,none,True,medium,none,True,medium,none,True,medium,none,True,medium,none,False,low,occlusion,False,low,occlusion,False,low,occlusion,False,low,occlusion,False,low,occlusion,False,low,occlusion,False,low,occlusion,False,low,occlusion,True,medium,none,True,medium,none,True,medium,none,True,medium,none,True,medium,none,True,medium,none
KVAL002,36,37,1,True,medium,none,True,medium,none,True,medium,none,True,medium,none,True,medium,none,True,medium,none,True,medium,none,False,low,occlusion,False,low,occlusion,False,low,occlusion,False,low,occlusion,True,medium,none,True,medium,none,True,medium,none,True,medium,none,True,medium,none,True,medium,none,True,medium,none,False,low,occlusion,False,low,occlusion,False,low,occlusion,False,low,occlusion,False,low,occlusion,False,low,occlusion,False,low,occlusion,False,low,occlusion,True,medium,none,True,medium,none,True,medium,none,True,medium,none,True,medium,none,True,medium,none
KVAL002,37,38,1,True,medium,none,True,medium,none,True,medium,none,True,medium,none,True,medium,none,True,medium,none,True,medium,none,False,low,occlusion,False,low,occlusion,False,low,occlusion,False,low,occlusion,True,medium,none,True,medium,none,True,medium,none,True,medium,none,True,medium,none,True,medium,none,True,medium,none,False,low,occlusion,False,low,occlusion,False,low,occlusion,False,low,occlusion,False,low,occlusion,False,low,occlusion,False,low,occlusion,False,low,occlusion,True,medium,none,True,medium,none,True,medium,none,True,medium,none,True,medium,none,True,medium,none
KVAL002,38,39,1,True,medium,none,True,medium,none,True,medium,none,True,medium,none,True,medium,none,True,medium,none,True,medium,none,False,low,occlusion,False,low,occlusion,False,low,occlusion,False,low,occlusion,True,medium,none,True,medium,none,True,medium,none,True,medium,none,True,medium,none,True,medium,none,True,medium,none,False,low,occlusion,False,low,occlusion,False,low,occlusion,False,low,occlusion,False,low,occlusion,False,low,occlusion,False,low,occlusion,False,low,occlusion,True,medium,none,True,medium,none,True,medium,none,True,medium,none,True,medium,none,True,medium,none
KVAL002,39,40,1,True,medium,none,True,medium,none,True,medium,none,True,medium,none,True,medium,none,True,medium,none,True,medium,none,False,low,occlusion,False,low,occlusion,False,low,occlusion,False,low,occlusion,True,medium,none,True,medium,none,True,medium,none,True,medium,none,True,medium,none,True,medium,none,True,medium,none,False,low,occlusion,False,low,occlusion,False,low,occlusion,False,low,occlusion,False,low,occlusion,False,low,occlusion,False,low,occlusion,False,low,occlusion,True,medium,none,True,medium,none,True,medium,none,True,medium,none,True,medium,none,True,medium,none
KVAL002,40,41,1,True,medium,none,True,medium,none,True,medium,none,True,medium,none,True,medium,none,True,medium,none,True,medium,none,False,low,occlusion,False,low,occlusion,False,low,occlusion,False,low,occlusion,True,medium,none,True,medium,none,True,medium,none,True,medium,none,True,medium,none,True,medium,none,True,medium,none,False,low,occlusion,False,low,occlusion,False,low,occlusion,False,low,occlusion,False,low,occlusion,False,low,occlusion,False,low,occlusion,False,low,occlusion,True,medium,none,True,medium,none,True,medium,none,True,medium,none,True,medium,none,True,medium,none
KVAL002,41,42,1,True,medium,none,True,medium,none,True,medium,none,True,medium,none,True,medium,none,True,medium,none,True,medium,none,False,low,occlusion,False,low,occlusion,False,low,occlusion,False,low,occlusion,True,medium,none,True,medium,none,True,medium,none,True,medium,none,True,medium,none,True,medium,none,True,medium,none,False,low,occlusion,False,low,occlusion,False,low,occlusion,False,low,occlusion,False,low,occlusion,False,low,occlusion,False,low,occlusion,False,low,occlusion,True,medium,none,True,medium,none,True,medium,none,True,medium,none,True,medium,none,True,medium,none
KVAL002,42,43,1,True,medium,none,True,medium,none,True,medium,none,True,medium,none,True,medium,none,True,medium,none,True,medium,none,False,low,occlusion,False,low,occlusion,False,low,occlusion,False,low,occlusion,True,medium,none,True,medium,none,True,medium,none,True,medium,none,True,medium,none,True,medium,none,True,medium,none,False,low,occlusion,False,low,occlusion,False,low,occlusion,False,low,occlusion,False,low,occlusion,False,low,occlusion,False,low,occlusion,False,low,occlusion,True,medium,none,True,medium,none,True,medium,none,True,medium,none,True,medium,none,True,medium,none
KVAL002,43,44,1,True,medium,none,True,medium,none,True,medium,none,True,medium,none,True,medium,none,True,medium,none,True,medium,none,False,low,occlusion,False,low,occlusion,False,low,occlusion,False,low,occlusion,True,medium,none,True,medium,none,True,medium,none,True,medium,none,True,medium,none,True,medium,none,True,medium,none,False,low,occlusion,False,low,occlusion,False,low,occlusion,False,low,occlusion,False,low,occlusion,False,low,occlusion,False,low,occlusion,False,low,occlusion,True,medium,none,True,medium,none,True,medium,none,True,medium,none,True,medium,none,True,medium,none
KVAL002,44,45,1,True,medium,none,True,medium,none,True,medium,none,True,medium,none,True,medium,none,True,medium,none,True,medium,none,False,low,occlusion,False,low,occlusion,False,low,occlusion,False,low,occlusion,True,medium,none,True,medium,none,True,medium,none,True,medium,none,True,medium,none,True,medium,none,True,medium,none,False,low,occlusion,False,low,occlusion,False,low,occlusion,False,low,occlusion,False,low,occlusion,False,low,occlusion,False,low,occlusion,False,low,occlusion,True,medium,none,True,medium,none,True,medium,none,True,medium,none,True,medium,none,True,medium,none
KVAL002,45,46,1,True,medium,none,True,medium,none,True,medium,none,True,medium,none,True,medium,none,True,medium,none,True,medium,none,False,low,occlusion,False,low,occlusion,False,low,occlusion,False,low,occlusion,True,medium,none,True,medium,none,True,medium,none,True,medium,none,True,medium,none,True,medium,none,True,medium,none,False,low,occlusion,False,low,occlusion,False,low,occlusion,False,low,occlusion,False,low,occlusion,False,low,occlusion,False,low,occlusion,False,low,occlusion,True,medium,none,True,medium,none,True,medium,none,True,medium,none,True,medium,none,True,medium,none
KVAL002,46,47,1,True,medium,none,True,medium,none,True,medium,none,True,medium,none,True,medium,none,True,medium,none,True,medium,none,False,low,occlusion,False,low,occlusion,False,low,occlusion,False,low,occlusion,True,medium,none,True,medium,none,True,medium,none,True,medium,none,True,medium,none,True,medium,none,True,medium,none,False,low,occlusion,False,low,occlusion,False,low,occlusion,False,low,occlusion,False,low,occlusion,False,low,occlusion,False,low,occlusion,False,low,occlusion,True,medium,none,True,medium,none,True,medium,none,True,medium,none,True,medium,none,True,medium,none
KVAL002,47,48,1,True,medium,none,True,medium,none,True,medium,none,True,medium,none,True,medium,none,True,medium,none,True,medium,none,False,low,occlusion,False,low,occlusion,False,low,occlusion,False,low,occlusion,True,medium,none,True,medium,none,True,medium,none,True,medium,none,True,medium,none,True,medium,none,True,medium,none,False,low,occlusion,False,low,occlusion,False,low,occlusion,False,low,occlusion,False,low,occlusion,False,low,occlusion,False,low,occlusion,False,low,occlusion,True,medium,none,True,medium,none,True,medium,none,True,medium,none,True,medium,none,True,medium,none
KVAL002,48,49,1,True,medium,none,True,medium,none,True,medium,none,True,medium,none,True,medium,none,True,medium,none,True,medium,none,False,low,occlusion,False,low,occlusion,False,low,occlusion,False,low,occlusion,True,medium,none,True,medium,none,True,medium,none,True,medium,none,True,medium,none,True,medium,none,True,medium,none,False,low,occlusion,False,low,occlusion,False,low,occlusion,False,low,occlusion,False,low,occlusion,False,low,occlusion,False,low,occlusion,False,low,occlusion,True,medium,none,True,medium,none,True,medium,none,True,medium,none,True,medium,none,True,medium,none
KVAL002,49,50,1,True,medium,none,True,medium,none,True,medium,none,True,medium,none,True,medium,none,True,medium,none,True,medium,none,False,low,occlusion,False,low,occlusion,False,low,occlusion,False,low,occlusion,True,medium,none,True,medium,none,True,medium,none,True,medium,none,True,medium,none,True,medium,none,True,medium,none,False,low,occlusion,False,low,occlusion,False,low,occlusion,False,low,occlusion,False,low,occlusion,False,low,occlusion,False,low,occlusion,False,low,occlusion,True,medium,none,True,medium,none,True,medium,none,True,medium,none,True,medium,none,True,medium,none
KVAL002,50,51,1,True,medium,none,True,medium,none,True,medium,none,True,medium,none,True,medium,none,True,medium,none,True,medium,none,False,low,occlusion,False,low,occlusion,False,low,occlusion,False,low,occlusion,True,medium,none,True,medium,none,True,medium,none,True,medium,none,True,medium,none,True,medium,none,True,medium,none,False,low,occlusion,False,low,occlusion,False,low,occlusion,False,low,occlusion,False,low,occlusion,False,low,occlusion,False,low,occlusion,False,low,occlusion,True,medium,none,True,medium,none,True,medium,none,True,medium,none,True,medium,none,True,medium,none
KVAL002,51,52,1,True,medium,none,True,medium,none,True,medium,none,True,medium,none,True,medium,none,True,medium,none,True,medium,none,False,low,occlusion,False,low,occlusion,False,low,occlusion,False,low,occlusion,True,medium,none,True,medium,none,True,medium,none,True,medium,none,True,medium,none,True,medium,none,True,medium,none,False,low,occlusion,False,low,occlusion,False,low,occlusion,False,low,occlusion,False,low,occlusion,False,low,occlusion,False,low,occlusion,False,low,occlusion,True,medium,none,True,medium,none,True,medium,none,True,medium,none,True,medium,none,True,medium,none
KVAL002,52,53,1,True,medium,none,True,medium,none,True,medium,none,True,medium,none,True,medium,none,True,medium,none,True,medium,none,False,low,occlusion,False,low,occlusion,False,low,occlusion,False,low,occlusion,True,medium,none,True,medium,none,True,medium,none,True,medium,none,True,medium,none,True,medium,none,True,medium,none,False,low,occlusion,False,low,occlusion,False,low,occlusion,False,low,occlusion,False,low,occlusion,False,low,occlusion,False,low,occlusion,False,low,occlusion,True,medium,none,True,medium,none,True,medium,none,True,medium,none,True,medium,none,True,medium,none
KVAL002,53,54,1,True,medium,none,True,medium,none,True,medium,none,True,medium,none,True,medium,none,True,medium,none,True,medium,none,False,low,occlusion,False,low,occlusion,False,low,occlusion,False,low,occlusion,True,medium,none,True,medium,none,True,medium,none,True,medium,none,True,medium,none,True,medium,none,True,medium,none,False,low,occlusion,False,low,occlusion,False,low,occlusion,False,low,occlusion,False,low,occlusion,False,low,occlusion,False,low,occlusion,False,low,occlusion,True,medium,none,True,medium,none,True,medium,none,True,medium,none,True,medium,none,True,medium,none
KVAL002,54,55,1,True,medium,none,True,medium,none,True,medium,none,True,medium,none,True,medium,none,True,medium,none,True,medium,none,False,low,occlusion,False,low,occlusion,False,low,occlusion,False,low,occlusion,True,medium,none,True,medium,none,True,medium,none,True,medium,none,True,medium,none,True,medium,none,True,medium,none,False,low,occlusion,False,low,occlusion,False,low,occlusion,False,low,occlusion,False,low,occlusion,False,low,occlusion,False,low,occlusion,False,low,occlusion,True,medium,none,True,medium,none,True,medium,none,True,medium,none,True,medium,none,True,medium,none
KVAL002,55,56,1,True,medium,none,True,medium,none,True,medium,none,True,medium,none,True,medium,none,True,medium,none,True,medium,none,False,low,occlusion,False,low,occlusion,False,low,occlusion,False,low,occlusion,True,medium,none,True,medium,none,True,medium,none,True,medium,none,True,medium,none,True,medium,none,True,medium,none,False,low,occlusion,False,low,occlusion,False,low,occlusion,False,low,occlusion,False,low,occlusion,False,low,occlusion,False,low,occlusion,False,low,occlusion,True,medium,none,True,medium,none,True,medium,none,True,medium,none,True,medium,none,True,medium,none
KVAL002,56,57,1,True,medium,none,True,medium,none,True,medium,none,True,medium,none,True,medium,none,True,medium,none,True,medium,none,False,low,occlusion,False,low,occlusion,False,low,occlusion,False,low,occlusion,True,medium,none,True,medium,none,True,medium,none,True,medium,none,True,medium,none,True,medium,none,True,medium,none,False,low,occlusion,False,low,occlusion,False,low,occlusion,False,low,occlusion,True,medium,none,False,low,occlusion,False,low,occlusion,False,low,occlusion,True,medium,none,True,medium,none,True,medium,none,True,medium,none,True,medium,none,True,medium,none
KVAL002,57,58,1,True,medium,none,True,medium,none,True,medium,none,True,medium,none,True,medium,none,True,medium,none,True,medium,none,False,low,occlusion,False,low,occlusion,False,low,occlusion,False,low,occlusion,True,medium,none,True,medium,none,True,medium,none,True,medium,none,True,medium,none,True,medium,none,True,medium,none,False,low,occlusion,False,low,occlusion,False,low,occlusion,False,low,occlusion,True,medium,none,False,low,occlusion,False,low,occlusion,False,low,occlusion,True,medium,none,True,medium,none,True,medium,none,True,medium,none,True,medium,none,True,medium,none
KVAL002,58,59,1,True,medium,none,True,medium,none,True,medium,none,True,medium,none,True,medium,none,True,medium,none,True,medium,none,False,low,occlusion,False,low,occlusion,False,low,occlusion,False,low,occlusion,True,medium,none,True,medium,none,True,medium,none,True,medium,none,True,medium,none,True,medium,none,True,medium,none,False,low,occlusion,False,low,occlusion,False,low,occlusion,False,low,occlusion,True,medium,none,False,low,occlusion,False,low,occlusion,False,low,occlusion,True,medium,none,True,medium,none,True,medium,none,True,medium,none,True,medium,none,True,medium,none
KVAL002,59,60,1,True,medium,none,True,medium,none,True,medium,none,True,medium,none,True,medium,none,True,medium,none,True,medium,none,False,low,occlusion,False,low,occlusion,False,low,occlusion,False,low,occlusion,True,medium,none,True,medium,none,True,medium,none,True,medium,none,True,medium,none,True,medium,none,True,medium,none,False,low,occlusion,False,low,occlusion,False,low,occlusion,False,low,occlusion,True,medium,none,False,low,occlusion,False,low,occlusion,False,low,occlusion,True,medium,none,True,medium,none,True,medium,none,True,medium,none,True,medium,none,True,medium,none
KVAL002,60,61,1,True,medium,none,True,medium,none,True,medium,none,True,medium,none,True,medium,none,True,medium,none,True,medium,none,False,low,occlusion,False,low,occlusion,False,low,occlusion,False,low,occlusion,True,medium,none,True,medium,none,True,medium,none,True,medium,none,True,medium,none,True,medium,none,True,medium,none,False,low,occlusion,False,low,occlusion,False,low,occlusion,False,low,occlusion,False,low,occlusion,False,low,occlusion,False,low,occlusion,False,low,occlusion,True,medium,none,True,medium,none,True,medium,none,True,medium,none,True,medium,none,True,medium,none
KVAL002,61,62,1,True,medium,none,True,medium,none,True,medium,none,True,medium,none,True,medium,none,True,medium,none,True,medium,none,False,low,occlusion,False,low,occlusion,False,low,occlusion,False,low,occlusion,True,medium,none,True,medium,none,True,medium,none,True,medium,none,True,medium,none,True,medium,none,True,medium,none,False,low,occlusion,False,low,occlusion,False,low,occlusion,False,low,occlusion,True,medium,none,False,low,occlusion,False,low,occlusion,False,low,occlusion,True,medium,none,True,medium,none,True,medium,none,True,medium,none,True,medium,none,True,medium,none
KVAL002,62,63,1,True,medium,none,True,medium,none,True,medium,none,True,medium,none,True,medium,none,True,medium,none,True,medium,none,False,low,occlusion,False,low,occlusion,False,low,occlusion,False,low,occlusion,True,medium,none,True,medium,none,True,medium,none,True,medium,none,True,medium,none,False,low,occlusion,False,low,occlusion,False,low,occlusion,False,low,occlusion,False,low,occlusion,False,low,occlusion,True,medium,none,False,low,occlusion,False,low,occlusion,False,low,occlusion,True,medium,none,True,medium,none,True,medium,none,True,medium,none,True,medium,none,True,medium,none
KVAL002,63,64,1,True,medium,none,True,medium,none,True,medium,none,True,medium,none,True,medium,none,True,medium,none,True,medium,none,False,low,occlusion,False,low,occlusion,False,low,occlusion,False,low,occlusion,True,medium,none,True,medium,none,True,medium,none,True,medium,none,True,medium,none,False,low,occlusion,True,medium,none,False,low,occlusion,False,low,occlusion,False,low,occlusion,False,low,occlusion,True,medium,none,False,low,occlusion,False,low,occlusion,False,low,occlusion,True,medium,none,True,medium,none,True,medium,none,True,medium,none,True,medium,none,True,medium,none
KVAL002,64,65,1,True,medium,none,True,medium,none,True,medium,none,True,medium,none,True,medium,none,True,medium,none,True,medium,none,False,low,occlusion,False,low,occlusion,False,low,occlusion,False,low,occlusion,True,medium,none,True,medium,none,True,medium,none,True,medium,none,True,medium,none,False,low,occlusion,True,medium,none,False,low,occlusion,False,low,occlusion,False,low,occlusion,False,low,occlusion,True,medium,none,False,low,occlusion,False,low,occlusion,False,low,occlusion,True,medium,none,True,medium,none,True,medium,none,True,medium,none,True,medium,none,True,medium,none
KVAL002,65,66,1,True,medium,none,True,medium,none,True,medium,none,True,medium,none,True,medium,none,True,medium,none,True,medium,none,False,low,occlusion,False,low,occlusion,False,low,occlusion,False,low,occlusion,True,medium,none,True,medium,none,True,medium,none,True,medium,none,True,medium,none,True,medium,none,True,medium,none,False,low,occlusion,False,low,occlusion,False,low,occlusion,False,low,occlusion,True,medium,none,False,low,occlusion,False,low,occlusion,False,low,occlusion,True,medium,none,True,medium,none,True,medium,none,True,medium,none,True,medium,none,True,medium,none
KVAL002,66,67,1,True,medium,none,True,medium,none,True,medium,none,True,medium,none,True,medium,none,True,medium,none,True,medium,none,False,low,occlusion,False,low,occlusion,False,low,occlusion,False,low,occlusion,True,medium,none,True,medium,none,True,medium,none,True,medium,none,True,medium,none,True,medium,none,True,medium,none,False,low,occlusion,False,low,occlusion,False,low,occlusion,False,low,occlusion,True,medium,none,False,low,occlusion,False,low,occlusion,False,low,occlusion,True,medium,none,True,medium,none,True,medium,none,True,medium,none,True,medium,none,True,medium,none
KVAL002,67,68,1,True,medium,none,True,medium,none,True,medium,none,True,medium,none,True,medium,none,True,medium,none,True,medium,none,False,low,occlusion,False,low,occlusion,False,low,occlusion,False,low,occlusion,True,medium,none,True,medium,none,True,medium,none,True,medium,none,True,medium,none,True,medium,none,True,medium,none,False,low,occlusion,False,low,occlusion,False,low,occlusion,False,low,occlusion,True,medium,none,False,low,occlusion,False,low,occlusion,False,low,occlusion,True,medium,none,True,medium,none,True,medium,none,True,medium,none,True,medium,none,True,medium,none
KVAL002,68,69,1,True,medium,none,True,medium,none,True,medium,none,True,medium,none,True,medium,none,True,medium,none,True,medium,none,False,low,occlusion,False,low,occlusion,False,low,occlusion,False,low,occlusion,True,medium,none,True,medium,none,True,medium,none,True,medium,none,True,medium,none,True,medium,none,True,medium,none,False,low,occlusion,False,low,occlusion,False,low,occlusion,False,low,occlusion,True,medium,none,False,low,occlusion,False,low,occlusion,False,low,occlusion,True,medium,none,True,medium,none,True,medium,none,True,medium,none,True,medium,none,True,medium,none
KVAL002,69,70,1,True,medium,none,True,medium,none,True,medium,none,True,medium,none,True,medium,none,True,medium,none,True,medium,none,False,low,occlusion,False,low,occlusion,False,low,occlusion,False,low,occlusion,True,medium,none,True,medium,none,True,medium,none,True,medium,none,True,medium,none,True,medium,none,True,medium,none,False,low,occlusion,False,low,occlusion,False,low,occlusion,False,low,occlusion,False,low,occlusion,False,low,occlusion,False,low,occlusion,False,low,occlusion,True,medium,none,True,medium,none,True,medium,none,True,medium,none,True,medium,none,True,medium,none
KVAL002,70,71,1,True,medium,none,True,medium,none,True,medium,none,True,medium,none,True,medium,none,True,medium,none,True,medium,none,False,low,occlusion,False,low,occlusion,False,low,occlusion,False,low,occlusion,True,medium,none,True,medium,none,True,medium,none,True,medium,none,True,medium,none,True,medium,none,True,medium,none,False,low,occlusion,False,low,occlusion,False,low,occlusion,False,low,occlusion,False,low,occlusion,False,low,occlusion,False,low,occlusion,False,low,occlusion,True,medium,none,True,medium,none,True,medium,none,True,medium,none,True,medium,none,True,medium,none
KVAL002,71,72,1,True,medium,none,True,medium,none,True,medium,none,True,medium,none,True,medium,none,True,medium,none,True,medium,none,False,low,occlusion,False,low,occlusion,False,low,occlusion,False,low,occlusion,True,medium,none,True,medium,none,True,medium,none,True,medium,none,True,medium,none,True,medium,none,True,medium,none,False,low,occlusion,False,low,occlusion,False,low,occlusion,False,low,occlusion,False,low,occlusion,False,low,occlusion,False,low,occlusion,False,low,occlusion,True,medium,none,True,medium,none,True,medium,none,True,medium,none,True,medium,none,True,medium,none
KVAL002,72,73,1,True,medium,none,True,medium,none,True,medium,none,True,medium,none,True,medium,none,True,medium,none,True,medium,none,False,low,occlusion,False,low,occlusion,False,low,occlusion,False,low,occlusion,True,medium,none,True,medium,none,True,medium,none,True,medium,none,True,medium,none,True,medium,none,True,medium,none,False,low,occlusion,False,low,occlusion,False,low,occlusion,False,low,occlusion,False,low,occlusion,False,low,occlusion,False,low,occlusion,False,low,occlusion,True,medium,none,True,medium,none,True,medium,none,True,medium,none,True,medium,none,True,medium,none
KVAL002,73,74,1,True,medium,none,True,medium,none,True,medium,none,True,medium,none,True,medium,none,True,medium,none,True,medium,none,False,low,occlusion,False,low,occlusion,False,low,occlusion,False,low,occlusion,True,medium,none,True,medium,none,True,medium,none,True,medium,none,True,medium,none,True,medium,none,True,medium,none,False,low,occlusion,False,low,occlusion,False,low,occlusion,False,low,occlusion,False,low,occlusion,False,low,occlusion,False,low,occlusion,False,low,occlusion,True,medium,none,True,medium,none,True,medium,none,True,medium,none,True,medium,none,True,medium,none
KVAL002,74,75,1,True,medium,none,True,medium,none,True,medium,none,True,medium,none,True,medium,none,True,medium,none,True,medium,none,False,low,occlusion,False,low,occlusion,False,low,occlusion,False,low,occlusion,True,medium,none,True,medium,none,True,medium,none,True,medium,none,True,medium,none,True,medium,none,True,medium,none,False,low,occlusion,False,low,occlusion,False,low,occlusion,False,low,occlusion,False,low,occlusion,False,low,occlusion,False,low,occlusion,False,low,occlusion,True,medium,none,True,medium,none,True,medium,none,True,medium,none,True,medium,none,True,medium,none
KVAL002,75,76,1,True,medium,none,True,medium,none,True,medium,none,True,medium,none,True,medium,none,True,medium,none,True,medium,none,False,low,occlusion,False,low,occlusion,False,low,occlusion,False,low,occlusion,True,medium,none,True,medium,none,True,medium,none,True,medium,none,True,medium,none,True,medium,none,True,medium,none,False,low,occlusion,False,low,occlusion,False,low,occlusion,False,low,occlusion,False,low,occlusion,False,low,occlusion,False,low,occlusion,False,low,occlusion,True,medium,none,True,medium,none,True,medium,none,True,medium,none,True,medium,none,True,medium,none
KVAL002,76,77,1,True,medium,none,True,medium,none,True,medium,none,True,medium,none,True,medium,none,True,medium,none,True,medium,none,False,low,occlusion,False,low,occlusion,False,low,occlusion,False,low,occlusion,True,medium,none,True,medium,none,True,medium,none,True,medium,none,True,medium,none,True,medium,none,True,medium,none,False,low,occlusion,False,low,occlusion,False,low,occlusion,False,low,occlusion,False,low,occlusion,False,low,occlusion,False,low,occlusion,False,low,occlusion,True,medium,none,True,medium,none,True,medium,none,True,medium,none,True,medium,none,True,medium,none
KVAL002,77,78,1,True,medium,none,True,medium,none,True,medium,none,True,medium,none,True,medium,none,True,medium,none,True,medium,none,False,low,occlusion,False,low,occlusion,False,low,occlusion,False,low,occlusion,True,medium,none,True,medium,none,True,medium,none,True,medium,none,True,medium,none,True,medium,none,True,medium,none,False,low,occlusion,False,low,occlusion,False,low,occlusion,False,low,occlusion,True,medium,none,False,low,occlusion,False,low,occlusion,False,low,occlusion,True,medium,none,True,medium,none,True,medium,none,True,medium,none,True,medium,none,True,medium,none
KVAL002,78,79,1,True,medium,none,True,medium,none,True,medium,none,True,medium,none,True,medium,none,True,medium,none,True,medium,none,False,low,occlusion,False,low,occlusion,False,low,occlusion,False,low,occlusion,True,medium,none,True,medium,none,True,medium,none,True,medium,none,True,medium,none,True,medium,none,True,medium,none,False,low,occlusion,False,low,occlusion,False,low,occlusion,False,low,occlusion,True,medium,none,False,low,occlusion,False,low,occlusion,False,low,occlusion,True,medium,none,True,medium,none,True,medium,none,True,medium,none,True,medium,none,True,medium,none
KVAL002,79,80,1,True,medium,none,True,medium,none,True,medium,none,True,medium,none,True,medium,none,True,medium,none,True,medium,none,False,low,occlusion,False,low,occlusion,False,low,occlusion,False,low,occlusion,True,medium,none,True,medium,none,True,medium,none,True,medium,none,True,medium,none,True,medium,none,True,medium,none,False,low,occlusion,False,low,occlusion,False,low,occlusion,False,low,occlusion,False,low,occlusion,False,low,occlusion,False,low,occlusion,False,low,occlusion,True,medium,none,True,medium,none,True,medium,none,True,medium,none,True,medium,none,True,medium,none
KVAL002,80,81,1,True,medium,none,True,medium,none,True,medium,none,True,medium,none,True,medium,none,True,medium,none,True,medium,none,False,low,occlusion,False,low,occlusion,False,low,occlusion,False,low,occlusion,True,medium,none,True,medium,none,True,medium,none,True,medium,none,True,medium,none,True,medium,none,True,medium,none,False,low,occlusion,False,low,occlusion,False,low,occlusion,False,low,occlusion,False,low,occlusion,False,low,occlusion,False,low,occlusion,False,low,occlusion,True,medium,none,True,medium,none,True,medium,none,True,medium,none,True,medium,none,True,medium,none
KVAL002,81,82,1,True,medium,none,True,medium,none,True,medium,none,True,medium,none,True,medium,none,True,medium,none,True,medium,none,False,low,occlusion,False,low,occlusion,False,low,occlusion,False,low,occlusion,True,medium,none,True,medium,none,True,medium,none,True,medium,none,True,medium,none,True,medium,none,True,medium,none,False,low,occlusion,False,low,occlusion,False,low,occlusion,False,low,occlusion,False,low,occlusion,False,low,occlusion,False,low,occlusion,False,low,occlusion,True,medium,none,True,medium,none,True,medium,none,True,medium,none,True,medium,none,True,medium,none
KVAL002,82,83,1,True,medium,none,True,medium,none,True,medium,none,True,medium,none,True,medium,none,True,medium,none,True,medium,none,False,low,occlusion,False,low,occlusion,False,low,occlusion,False,low,occlusion,True,medium,none,True,medium,none,True,medium,none,True,medium,none,True,medium,none,True,medium,none,True,medium,none,False,low,occlusion,False,low,occlusion,False,low,occlusion,False,low,occlusion,False,low,occlusion,False,low,occlusion,False,low,occlusion,False,low,occlusion,True,medium,none,True,medium,none,True,medium,none,True,medium,none,True,medium,none,True,medium,none
KVAL002,83,84,1,True,medium,none,True,medium,none,True,medium,none,True,medium,none,True,medium,none,True,medium,none,True,medium,none,False,low,occlusion,False,low,occlusion,False,low,occlusion,False,low,occlusion,True,medium,none,True,medium,none,True,medium,none,True,medium,none,True,medium,none,True,medium,none,True,medium,none,False,low,occlusion,False,low,occlusion,False,low,occlusion,False,low,occlusion,False,low,occlusion,False,low,occlusion,False,low,occlusion,False,low,occlusion,True,medium,none,True,medium,none,True,medium,none,True,medium,none,True,medium,none,True,medium,none
KVAL002,84,85,1,True,medium,none,True,medium,none,True,medium,none,True,medium,none,True,medium,none,True,medium,none,True,medium,none,False,low,occlusion,False,low,occlusion,False,low,occlusion,False,low,occlusion,True,medium,none,True,medium,none,True,medium,none,True,medium,none,True,medium,none,True,medium,none,True,medium,none,False,low,occlusion,False,low,occlusion,False,low,occlusion,False,low,occlusion,False,low,occlusion,False,low,occlusion,False,low,occlusion,False,low,occlusion,True,medium,none,True,medium,none,True,medium,none,True,medium,none,True,medium,none,True,medium,none
KVAL002,85,86,1,True,medium,none,True,medium,none,True,medium,none,True,medium,none,True,medium,none,True,medium,none,True,medium,none,False,low,occlusion,False,low,occlusion,False,low,occlusion,False,low,occlusion,True,medium,none,True,medium,none,True,medium,none,True,medium,none,True,medium,none,True,medium,none,True,medium,none,False,low,occlusion,False,low,occlusion,False,low,occlusion,False,low,occlusion,False,low,occlusion,False,low,occlusion,False,low,occlusion,False,low,occlusion,True,medium,none,True,medium,none,True,medium,none,True,medium,none,True,medium,none,True,medium,none
KVAL002,86,87,1,True,medium,none,True,medium,none,True,medium,none,True,medium,none,True,medium,none,True,medium,none,True,medium,none,False,low,occlusion,False,low,occlusion,False,low,occlusion,False,low,occlusion,True,medium,none,True,medium,none,True,medium,none,True,medium,none,True,medium,none,True,medium,none,True,medium,none,False,low,occlusion,False,low,occlusion,False,low,occlusion,False,low,occlusion,False,low,occlusion,False,low,occlusion,False,low,occlusion,False,low,occlusion,True,medium,none,True,medium,none,True,medium,none,True,medium,none,True,medium,none,True,medium,none
KVAL002,87,88,1,True,medium,none,True,medium,none,True,medium,none,True,medium,none,True,medium,none,True,medium,none,True,medium,none,False,low,occlusion,False,low,occlusion,False,low,occlusion,False,low,occlusion,True,medium,none,True,medium,none,True,medium,none,True,medium,none,True,medium,none,True,medium,none,True,medium,none,False,low,occlusion,False,low,occlusion,False,low,occlusion,False,low,occlusion,False,low,occlusion,False,low,occlusion,False,low,occlusion,False,low,occlusion,True,medium,none,True,medium,none,True,medium,none,True,medium,none,True,medium,none,True,medium,none
KVAL002,88,89,1,True,medium,none,True,medium,none,True,medium,none,True,medium,none,True,medium,none,True,medium,none,True,medium,none,False,low,occlusion,False,low,occlusion,False,low,occlusion,False,low,occlusion,True,medium,none,True,medium,none,True,medium,none,True,medium,none,True,medium,none,True,medium,none,True,medium,none,False,low,occlusion,False,low,occlusion,False,low,occlusion,False,low,occlusion,False,low,occlusion,False,low,occlusion,False,low,occlusion,False,low,occlusion,True,medium,none,True,medium,none,True,medium,none,True,medium,none,True,medium,none,True,medium,none
KVAL002,89,90,1,True,medium,none,True,medium,none,True,medium,none,True,medium,none,True,medium,none,True,medium,none,True,medium,none,False,low,occlusion,False,low,occlusion,False,low,occlusion,False,low,occlusion,True,medium,none,True,medium,none,True,medium,none,True,medium,none,True,medium,none,True,medium,none,True,medium,none,False,low,occlusion,False,low,occlusion,False,low,occlusion,False,low,occlusion,False,low,occlusion,False,low,occlusion,False,low,occlusion,False,low,occlusion,True,medium,none,True,medium,none,True,medium,none,True,medium,none,True,medium,none,True,medium,none
KVAL002,90,91,1,True,medium,none,True,medium,none,True,medium,none,True,medium,none,True,medium,none,True,medium,none,True,medium,none,False,low,occlusion,False,low,occlusion,False,low,occlusion,False,low,occlusion,True,medium,none,True,medium,none,True,medium,none,True,medium,none,True,medium,none,True,medium,none,True,medium,none,False,low,occlusion,False,low,occlusion,False,low,occlusion,False,low,occlusion,False,low,occlusion,False,low,occlusion,False,low,occlusion,False,low,occlusion,True,medium,none,True,medium,none,True,medium,none,True,medium,none,True,medium,none,True,medium,none
KVAL002,91,92,1,True,medium,none,True,medium,none,True,medium,none,True,medium,none,True,medium,none,True,medium,none,True,medium,none,False,low,occlusion,False,low,occlusion,False,low,occlusion,False,low,occlusion,True,medium,none,True,medium,none,True,medium,none,True,medium,none,True,medium,none,True,medium,none,True,medium,none,False,low,occlusion,False,low,occlusion,False,low,occlusion,False,low,occlusion,False,low,occlusion,False,low,occlusion,False,low,occlusion,False,low,occlusion,True,medium,none,True,medium,none,True,medium,none,True,medium,none,True,medium,none,True,medium,none
KVAL002,92,93,1,True,medium,none,True,medium,none,True,medium,none,True,medium,none,True,medium,none,True,medium,none,True,medium,none,False,low,occlusion,False,low,occlusion,False,low,occlusion,False,low,occlusion,True,medium,none,True,medium,none,True,medium,none,True,medium,none,True,medium,none,True,medium,none,True,medium,none,False,low,occlusion,False,low,occlusion,False,low,occlusion,False,low,occlusion,True,medium,none,False,low,occlusion,False,low,occlusion,False,low,occlusion,True,medium,none,True,medium,none,True,medium,none,True,medium,none,True,medium,none,True,medium,none
KVAL002,93,94,1,True,medium,none,True,medium,none,True,medium,none,True,medium,none,True,medium,none,True,medium,none,True,medium,none,False,low,occlusion,False,low,occlusion,False,low,occlusion,False,low,occlusion,True,medium,none,True,medium,none,True,medium,none,True,medium,none,True,medium,none,True,medium,none,True,medium,none,False,low,occlusion,False,low,occlusion,False,low,occlusion,False,low,occlusion,False,low,occlusion,False,low,occlusion,False,low,occlusion,False,low,occlusion,True,medium,none,True,medium,none,True,medium,none,True,medium,none,True,medium,none,True,medium,none
KVAL002,94,95,1,True,medium,none,True,medium,none,True,medium,none,True,medium,none,True,medium,none,True,medium,none,True,medium,none,False,low,occlusion,False,low,occlusion,False,low,occlusion,False,low,occlusion,True,medium,none,True,medium,none,True,medium,none,True,medium,none,True,medium,none,True,medium,none,True,medium,none,False,low,occlusion,False,low,occlusion,False,low,occlusion,False,low,occlusion,False,low,occlusion,False,low,occlusion,False,low,occlusion,False,low,occlusion,True,medium,none,True,medium,none,True,medium,none,True,medium,none,True,medium,none,True,medium,none
KVAL002,95,96,1,True,medium,none,True,medium,none,True,medium,none,True,medium,none,True,medium,none,True,medium,none,True,medium,none,False,low,occlusion,False,low,occlusion,False,low,occlusion,False,low,occlusion,True,medium,none,True,medium,none,True,medium,none,True,medium,none,True,medium,none,True,medium,none,True,medium,none,False,low,occlusion,False,low,occlusion,False,low,occlusion,False,low,occlusion,True,medium,none,False,low,occlusion,False,low,occlusion,False,low,occlusion,True,medium,none,True,medium,none,True,medium,none,True,medium,none,True,medium,none,True,medium,none
KVAL002,96,97,1,True,medium,none,True,medium,none,True,medium,none,True,medium,none,True,medium,none,True,medium,none,True,medium,none,False,low,occlusion,False,low,occlusion,False,low,occlusion,False,low,occlusion,True,medium,none,True,medium,none,True,medium,none,True,medium,none,True,medium,none,True,medium,none,True,medium,none,True,medium,none,False,low,occlusion,False,low,occlusion,False,low,occlusion,True,medium,none,False,low,occlusion,False,low,occlusion,False,low,occlusion,True,medium,none,True,medium,none,True,medium,none,True,medium,none,True,medium,none,True,medium,none
KVAL002,97,98,1,True,medium,none,True,medium,none,True,medium,none,True,medium,none,True,medium,none,True,medium,none,True,medium,none,False,low,occlusion,False,low,occlusion,False,low,occlusion,False,low,occlusion,True,medium,none,True,medium,none,True,medium,none,True,medium,none,True,medium,none,True,medium,none,True,medium,none,True,medium,none,False,low,occlusion,False,low,occlusion,False,low,occlusion,True,medium,none,False,low,occlusion,False,low,occlusion,False,low,occlusion,True,medium,none,True,medium,none,True,medium,none,True,medium,none,True,medium,none,True,medium,none
KVAL002,98,99,1,True,medium,none,True,medium,none,True,medium,none,True,medium,none,True,medium,none,True,medium,none,True,medium,none,False,low,occlusion,False,low,occlusion,False,low,occlusion,False,low,occlusion,True,medium,none,True,medium,none,True,medium,none,True,medium,none,True,medium,none,True,medium,none,True,medium,none,True,medium,none,False,low,occlusion,False,low,occlusion,False,low,occlusion,True,medium,none,False,low,occlusion,False,low,occlusion,False,low,occlusion,True,medium,none,True,medium,none,True,medium,none,True,medium,none,True,medium,none,True,medium,none
KVAL002,99,100,1,True,medium,none,True,medium,none,True,medium,none,True,medium,none,True,medium,none,True,medium,none,True,medium,none,False,low,occlusion,False,low,occlusion,False,low,occlusion,False,low,occlusion,True,medium,none,True,medium,none,True,medium,none,True,medium,none,True,medium,none,True,medium,none,True,medium,none,True,medium,none,False,low,occlusion,False,low,occlusion,False,low,occlusion,True,medium,none,False,low,occlusion,False,low,occlusion,False,low,occlusion,True,medium,none,True,medium,none,True,medium,none,True,medium,none,True,medium,none,True,medium,none
KVAL002,100,101,1,True,medium,none,True,medium,none,True,medium,none,True,medium,none,True,medium,none,True,medium,none,True,medium,none,False,low,occlusion,False,low,occlusion,False,low,occlusion,False,low,occlusion,True,medium,none,True,medium,none,True,medium,none,True,medium,none,True,medium,none,True,medium,none,False,low,occlusion,True,medium,none,False,low,occlusion,False,low,occlusion,False,low,occlusion,True,medium,none,False,low,occlusion,False,low,occlusion,False,low,occlusion,True,medium,none,True,medium,none,True,medium,none,True,medium,none,True,medium,none,True,medium,none
KVAL002,101,102,1,True,medium,none,True,medium,none,True,medium,none,True,medium,none,True,medium,none,True,medium,none,True,medium,none,False,low,occlusion,False,low,occlusion,False,low,occlusion,False,low,occlusion,True,medium,none,True,medium,none,True,medium,none,True,medium,none,True,medium,none,True,medium,none,False,low,occlusion,True,medium,none,False,low,occlusion,False,low,occlusion,False,low,occlusion,True,medium,none,False,low,occlusion,False,low,occlusion,False,low,occlusion,True,medium,none,True,medium,none,True,medium,none,True,medium,none,True,medium,none,True,medium,none
KVAL002,102,103,1,True,medium,none,True,medium,none,True,medium,none,True,medium,none,True,medium,none,True,medium,none,True,medium,none,False,low,occlusion,False,low,occlusion,False,low,occlusion,False,low,occlusion,True,medium,none,True,medium,none,True,medium,none,True,medium,none,True,medium,none,True,medium,none,True,medium,none,True,medium,none,False,low,occlusion,False,low,occlusion,False,low,occlusion,True,medium,none,False,low,occlusion,False,low,occlusion,False,low,occlusion,True,medium,none,True,medium,none,True,medium,none,True,medium,none,True,medium,none,True,medium,none
KVAL002,103,104,1,True,medium,none,True,medium,none,True,medium,none,True,medium,none,True,medium,none,True,medium,none,True,medium,none,False,low,occlusion,False,low,occlusion,False,low,occlusion,False,low,occlusion,True,medium,none,True,medium,none,True,medium,none,True,medium,none,True,medium,none,True,medium,none,True,medium,none,True,medium,none,False,low,occlusion,False,low,occlusion,False,low,occlusion,True,medium,none,False,low,occlusion,False,low,occlusion,False,low,occlusion,True,medium,none,True,medium,none,True,medium,none,True,medium,none,True,medium,none,True,medium,none
KVAL002,104,105,1,True,medium,none,True,medium,none,True,medium,none,True,medium,none,True,medium,none,True,medium,none,True,medium,none,False,low,occlusion,False,low,occlusion,False,low,occlusion,False,low,occlusion,True,medium,none,True,medium,none,True,medium,none,True,medium,none,True,medium,none,True,medium,none,True,medium,none,True,medium,none,False,low,occlusion,False,low,occlusion,False,low,occlusion,True,medium,none,True,medium,none,False,low,occlusion,False,low,occlusion,True,medium,none,True,medium,none,True,medium,none,True,medium,none,True,medium,none,True,medium,none
KVAL002,105,106,1,True,medium,none,True,medium,none,True,medium,none,True,medium,none,True,medium,none,True,medium,none,True,medium,none,False,low,occlusion,False,low,occlusion,False,low,occlusion,False,low,occlusion,True,medium,none,True,medium,none,True,medium,none,True,medium,none,True,medium,none,True,medium,none,True,medium,none,True,medium,none,False,low,occlusion,False,low,occlusion,False,low,occlusion,True,medium,none,True,medium,none,False,low,occlusion,False,low,occlusion,True,medium,none,True,medium,none,True,medium,none,True,medium,none,True,medium,none,True,medium,none
KVAL002,106,107,1,True,medium,none,True,medium,none,True,medium,none,True,medium,none,True,medium,none,True,medium,none,True,medium,none,False,low,occlusion,False,low,occlusion,False,low,occlusion,False,low,occlusion,True,medium,none,True,medium,none,True,medium,none,True,medium,none,True,medium,none,True,medium,none,True,medium,none,True,medium,none,False,low,occlusion,False,low,occlusion,False,low,occlusion,True,medium,none,True,medium,none,False,low,occlusion,False,low,occlusion,True,medium,none,True,medium,none,True,medium,none,True,medium,none,True,medium,none,True,medium,none
KVAL002,107,108,1,True,medium,none,True,medium,none,True,medium,none,True,medium,none,True,medium,none,True,medium,none,True,medium,none,False,low,occlusion,False,low,occlusion,False,low,occlusion,False,low,occlusion,True,medium,none,True,medium,none,True,medium,none,True,medium,none,True,medium,none,True,medium,none,True,medium,none,True,medium,none,False,low,occlusion,False,low,occlusion,False,low,occlusion,True,medium,none,True,medium,none,False,low,occlusion,False,low,occlusion,True,medium,none,True,medium,none,True,medium,none,True,medium,none,True,medium,none,True,medium,none
KVAL002,108,109,1,True,medium,none,True,medium,none,True,medium,none,True,medium,none,True,medium,none,True,medium,none,True,medium,none,False,low,occlusion,False,low,occlusion,False,low,occlusion,False,low,occlusion,True,medium,none,True,medium,none,True,medium,none,True,medium,none,True,medium,none,True,medium,none,True,medium,none,True,medium,none,False,low,occlusion,False,low,occlusion,False,low,occlusion,True,medium,none,True,medium,none,False,low,occlusion,False,low,occlusion,True,medium,none,True,medium,none,True,medium,none,True,medium,none,True,medium,none,True,medium,none
KVAL002,109,110,1,True,medium,none,True,medium,none,True,medium,none,True,medium,none,True,medium,none,True,medium,none,True,medium,none,False,low,occlusion,False,low,occlusion,False,low,occlusion,False,low,occlusion,True,medium,none,True,medium,none,True,medium,none,True,medium,none,True,medium,none,True,medium,none,True,medium,none,True,medium,none,False,low,occlusion,False,low,occlusion,False,low,occlusion,True,medium,none,True,medium,none,False,low,occlusion,False,low,occlusion,True,medium,none,True,medium,none,True,medium,none,True,medium,none,True,medium,none,True,medium,none
KVAL002,110,111,1,True,medium,none,True,medium,none,True,medium,none,True,medium,none,True,medium,none,True,medium,none,True,medium,none,False,low,occlusion,False,low,occlusion,False,low,occlusion,False,low,occlusion,True,medium,none,True,medium,none,True,medium,none,True,medium,none,True,medium,none,True,medium,none,True,medium,none,True,medium,none,False,low,occlusion,False,low,occlusion,False,low,occlusion,True,medium,none,True,medium,none,False,low,occlusion,False,low,occlusion,True,medium,none,True,medium,none,True,medium,none,True,medium,none,True,medium,none,True,medium,none
KVAL002,111,112,1,True,medium,none,True,medium,none,True,medium,none,True,medium,none,True,medium,none,True,medium,none,True,medium,none,False,low,occlusion,False,low,occlusion,False,low,occlusion,False,low,occlusion,True,medium,none,True,medium,none,True,medium,none,True,medium,none,True,medium,none,True,medium,none,True,medium,none,True,medium,none,False,low,occlusion,False,low,occlusion,False,low,occlusion,True,medium,none,True,medium,none,False,low,occlusion,False,low,occlusion,True,medium,none,True,medium,none,True,medium,none,True,medium,none,True,medium,none,True,medium,none
KVAL002,112,113,1,True,medium,none,True,medium,none,True,medium,none,True,medium,none,True,medium,none,True,medium,none,True,medium,none,False,low,occlusion,False,low,occlusion,False,low,occlusion,False,low,occlusion,True,medium,none,True,medium,none,True,medium,none,True,medium,none,True,medium,none,True,medium,none,True,medium,none,True,medium,none,False,low,occlusion,False,low,occlusion,False,low,occlusion,True,medium,none,True,medium,none,False,low,occlusion,False,low,occlusion,True,medium,none,True,medium,none,True,medium,none,True,medium,none,True,medium,none,True,medium,none
KVAL002,113,114,1,True,medium,none,True,medium,none,True,medium,none,True,medium,none,True,medium,none,True,medium,none,True,medium,none,False,low,occlusion,False,low,occlusion,False,low,occlusion,False,low,occlusion,True,medium,none,True,medium,none,True,medium,none,True,medium,none,True,medium,none,True,medium,none,True,medium,none,True,medium,none,False,low,occlusion,False,low,occlusion,False,low,occlusion,True,medium,none,True,medium,none,False,low,occlusion,False,low,occlusion,True,medium,none,True,medium,none,True,medium,none,True,medium,none,True,medium,none,True,medium,none
KVAL002,114,115,1,True,medium,none,True,medium,none,True,medium,none,True,medium,none,True,medium,none,True,medium,none,True,medium,none,False,low,occlusion,False,low,occlusion,False,low,occlusion,False,low,occlusion,True,medium,none,True,medium,none,True,medium,none,True,medium,none,True,medium,none,True,medium,none,True,medium,none,True,medium,none,False,low,occlusion,False,low,occlusion,False,low,occlusion,True,medium,none,True,medium,none,False,low,occlusion,False,low,occlusion,True,medium,none,True,medium,none,True,medium,none,True,medium,none,True,medium,none,True,medium,none
KVAL002,115,116,1,True,medium,none,True,medium,none,True,medium,none,True,medium,none,True,medium,none,True,medium,none,True,medium,none,False,low,occlusion,False,low,occlusion,False,low,occlusion,False,low,occlusion,True,medium,none,True,medium,none,True,medium,none,True,medium,none,True,medium,none,True,medium,none,True,medium,none,True,medium,none,False,low,occlusion,False,low,occlusion,False,low,occlusion,True,medium,none,True,medium,none,False,low,occlusion,False,low,occlusion,True,medium,none,True,medium,none,True,medium,none,True,medium,none,True,medium,none,True,medium,none
KVAL002,116,117,1,True,medium,none,True,medium,none,True,medium,none,True,medium,none,True,medium,none,True,medium,none,True,medium,none,False,low,occlusion,False,low,occlusion,False,low,occlusion,False,low,occlusion,True,medium,none,True,medium,none,True,medium,none,True,medium,none,True,medium,none,True,medium,none,True,medium,none,True,medium,none,False,low,occlusion,False,low,occlusion,False,low,occlusion,True,medium,none,True,medium,none,False,low,occlusion,False,low,occlusion,True,medium,none,True,medium,none,True,medium,none,True,medium,none,True,medium,none,True,medium,none
KVAL002,117,118,1,True,medium,none,True,medium,none,True,medium,none,True,medium,none,True,medium,none,True,medium,none,True,medium,none,False,low,occlusion,False,low,occlusion,False,low,occlusion,False,low,occlusion,True,medium,none,True,medium,none,True,medium,none,True,medium,none,True,medium,none,True,medium,none,True,medium,none,True,medium,none,False,low,occlusion,False,low,occlusion,False,low,occlusion,True,medium,none,True,medium,none,False,low,occlusion,False,low,occlusion,True,medium,none,True,medium,none,True,medium,none,True,medium,none,True,medium,none,True,medium,none
KVAL002,118,119,1,True,medium,none,True,medium,none,True,medium,none,True,medium,none,True,medium,none,True,medium,none,True,medium,none,False,low,occlusion,False,low,occlusion,False,low,occlusion,False,low,occlusion,True,medium,none,True,medium,none,True,medium,none,True,medium,none,True,medium,none,True,medium,none,True,medium,none,True,medium,none,False,low,occlusion,False,low,occlusion,False,low,occlusion,True,medium,none,True,medium,none,False,low,occlusion,False,low,occlusion,True,medium,none,True,medium,none,True,medium,none,True,medium,none,True,medium,none,True,medium,none
KVAL002,119,120,1,True,medium,none,True,medium,none,True,medium,none,True,medium,none,True,medium,none,True,medium,none,True,medium,none,False,low,occlusion,False,low,occlusion,False,low,occlusion,False,low,occlusion,True,medium,none,True,medium,none,True,medium,none,True,medium,none,True,medium,none,True,medium,none,True,medium,none,True,medium,none,False,low,occlusion,False,low,occlusion,False,low,occlusion,True,medium,none,True,medium,none,False,low,occlusion,False,low,occlusion,True,medium,none,True,medium,none,True,medium,none,True,medium,none,True,medium,none,True,medium,none
KVAL002,120,121,1,True,medium,none,True,medium,none,True,medium,none,True,medium,none,True,medium,none,True,medium,none,True,medium,none,False,low,occlusion,False,low,occlusion,False,low,occlusion,False,low,occlusion,True,medium,none,True,medium,none,True,medium,none,True,medium,none,True,medium,none,True,medium,none,True,medium,none,True,medium,none,False,low,occlusion,False,low,occlusion,False,low,occlusion,True,medium,none,True,medium,none,False,low,occlusion,False,low,occlusion,True,medium,none,True,medium,none,True,medium,none,True,medium,none,True,medium,none,True,medium,none
KVAL002,121,122,1,True,medium,none,True,medium,none,True,medium,none,True,medium,none,True,medium,none,True,medium,none,True,medium,none,False,low,occlusion,False,low,occlusion,False,low,occlusion,False,low,occlusion,True,medium,none,True,medium,none,True,medium,none,True,medium,none,True,medium,none,True,medium,none,True,medium,none,True,medium,none,False,low,occlusion,False,low,occlusion,False,low,occlusion,True,medium,none,True,medium,none,False,low,occlusion,False,low,occlusion,True,medium,none,True,medium,none,True,medium,none,True,medium,none,True,medium,none,True,medium,none
KVAL002,122,123,1,True,medium,none,True,medium,none,True,medium,none,True,medium,none,True,medium,none,True,medium,none,True,medium,none,False,low,occlusion,False,low,occlusion,False,low,occlusion,False,low,occlusion,True,medium,none,True,medium,none,True,medium,none,True,medium,none,True,medium,none,True,medium,none,True,medium,none,True,medium,none,False,low,occlusion,False,low,occlusion,False,low,occlusion,True,medium,none,True,medium,none,False,low,occlusion,False,low,occlusion,True,medium,none,True,medium,none,True,medium,none,True,medium,none,True,medium,none,True,medium,none
KVAL002,123,124,1,True,medium,none,True,medium,none,True,medium,none,True,medium,none,True,medium,none,True,medium,none,True,medium,none,False,low,occlusion,False,low,occlusion,False,low,occlusion,False,low,occlusion,True,medium,none,True,medium,none,True,medium,none,True,medium,none,True,medium,none,True,medium,none,True,medium,none,True,medium,none,False,low,occlusion,False,low,occlusion,False,low,occlusion,True,medium,none,True,medium,none,False,low,occlusion,False,low,occlusion,True,medium,none,True,medium,none,True,medium,none,True,medium,none,True,medium,none,True,medium,none
KVAL002,124,125,1,True,medium,none,True,medium,none,True,medium,none,True,medium,none,True,medium,none,True,medium,none,True,medium,none,False,low,occlusion,False,low,occlusion,False,low,occlusion,False,low,occlusion,True,medium,none,True,medium,none,True,medium,none,True,medium,none,True,medium,none,True,medium,none,True,medium,none,True,medium,none,False,low,occlusion,False,low,occlusion,False,low,occlusion,True,medium,none,False,low,occlusion,False,low,occlusion,False,low,occlusion,True,medium,none,True,medium,none,True,medium,none,True,medium,none,True,medium,none,True,medium,none
KVAL002,125,126,1,True,medium,none,True,medium,none,True,medium,none,True,medium,none,True,medium,none,True,medium,none,True,medium,none,False,low,occlusion,False,low,occlusion,False,low,occlusion,False,low,occlusion,True,medium,none,True,medium,none,True,medium,none,True,medium,none,True,medium,none,True,medium,none,True,medium,none,True,medium,none,False,low,occlusion,False,low,occlusion,False,low,occlusion,True,medium,none,True,medium,none,False,low,occlusion,False,low,occlusion,True,medium,none,True,medium,none,True,medium,none,True,medium,none,True,medium,none,True,medium,none
KVAL002,126,127,1,True,medium,none,True,medium,none,True,medium,none,True,medium,none,True,medium,none,True,medium,none,True,medium,none,False,low,occlusion,False,low,occlusion,False,low,occlusion,False,low,occlusion,True,medium,none,True,medium,none,True,medium,none,True,medium,none,True,medium,none,True,medium,none,True,medium,none,True,medium,none,False,low,occlusion,False,low,occlusion,False,low,occlusion,True,medium,none,False,low,occlusion,False,low,occlusion,False,low,occlusion,True,medium,none,True,medium,none,True,medium,none,True,medium,none,True,medium,none,True,medium,none
KVAL002,127,128,1,True,medium,none,True,medium,none,True,medium,none,True,medium,none,True,medium,none,True,medium,none,True,medium,none,False,low,occlusion,False,low,occlusion,False,low,occlusion,False,low,occlusion,True,medium,none,True,medium,none,True,medium,none,True,medium,none,True,medium,none,True,medium,none,True,medium,none,True,medium,none,False,low,occlusion,False,low,occlusion,False,low,occlusion,True,medium,none,False,low,occlusion,False,low,occlusion,False,low,occlusion,True,medium,none,True,medium,none,True,medium,none,True,medium,none,True,medium,none,True,medium,none
KVAL002,128,129,1,True,medium,none,True,medium,none,True,medium,none,True,medium,none,True,medium,none,True,medium,none,True,medium,none,False,low,occlusion,False,low,occlusion,False,low,occlusion,False,low,occlusion,True,medium,none,True,medium,none,True,medium,none,True,medium,none,True,medium,none,True,medium,none,True,medium,none,True,medium,none,False,low,occlusion,False,low,occlusion,False,low,occlusion,True,medium,none,False,low,occlusion,False,low,occlusion,False,low,occlusion,True,medium,none,True,medium,none,True,medium,none,True,medium,none,True,medium,none,True,medium,none
KVAL002,129,130,1,True,medium,none,True,medium,none,True,medium,none,True,medium,none,True,medium,none,True,medium,none,True,medium,none,False,low,occlusion,False,low,occlusion,False,low,occlusion,False,low,occlusion,True,medium,none,True,medium,none,True,medium,none,True,medium,none,True,medium,none,True,medium,none,True,medium,none,True,medium,none,False,low,occlusion,False,low,occlusion,False,low,occlusion,True,medium,none,False,low,occlusion,False,low,occlusion,False,low,occlusion,True,medium,none,True,medium,none,True,medium,none,True,medium,none,True,medium,none,True,medium,none
KVAL002,130,131,1,True,medium,none,True,medium,none,True,medium,none,True,medium,none,True,medium,none,True,medium,none,True,medium,none,False,low,occlusion,False,low,occlusion,False,low,occlusion,False,low,occlusion,True,medium,none,True,medium,none,True,medium,none,True,medium,none,True,medium,none,True,medium,none,True,medium,none,True,medium,none,False,low,occlusion,False,low,occlusion,False,low,occlusion,True,medium,none,True,medium,none,False,low,occlusion,False,low,occlusion,True,medium,none,True,medium,none,True,medium,none,True,medium,none,True,medium,none,True,medium,none
KVAL002,131,132,1,True,medium,none,True,medium,none,True,medium,none,True,medium,none,True,medium,none,True,medium,none,True,medium,none,False,low,occlusion,False,low,occlusion,False,low,occlusion,False,low,occlusion,True,medium,none,True,medium,none,True,medium,none,True,medium,none,True,medium,none,True,medium,none,True,medium,none,True,medium,none,False,low,occlusion,False,low,occlusion,False,low,occlusion,True,medium,none,True,medium,none,False,low,occlusion,False,low,occlusion,True,medium,none,True,medium,none,True,medium,none,True,medium,none,True,medium,none,True,medium,none
KVAL002,132,133,1,True,medium,none,True,medium,none,True,medium,none,True,medium,none,True,medium,none,True,medium,none,True,medium,none,True,medium,none,False,low,occlusion,False,low,occlusion,False,low,occlusion,True,medium,none,True,medium,none,True,medium,none,True,medium,none,True,medium,none,True,medium,none,True,medium,none,True,medium,none,False,low,occlusion,False,low,occlusion,False,low,occlusion,True,medium,none,True,medium,none,False,low,occlusion,False,low,occlusion,True,medium,none,True,medium,none,True,medium,none,True,medium,none,True,medium,none,True,medium,none
KVAL002,133,134,1,True,medium,none,True,medium,none,True,medium,none,True,medium,none,True,medium,none,True,medium,none,True,medium,none,True,medium,none,False,low,occlusion,False,low,occlusion,False,low,occlusion,True,medium,none,True,medium,none,True,medium,none,True,medium,none,True,medium,none,True,medium,none,True,medium,none,True,medium,none,False,low,occlusion,False,low,occlusion,False,low,occlusion,True,medium,none,True,medium,none,False,low,occlusion,False,low,occlusion,True,medium,none,True,medium,none,True,medium,none,True,medium,none,True,medium,none,True,medium,none
KVAL002,134,135,1,True,medium,none,True,medium,none,True,medium,none,True,medium,none,True,medium,none,True,medium,none,True,medium,none,True,medium,none,False,low,occlusion,False,low,occlusion,False,low,occlusion,True,medium,none,True,medium,none,True,medium,none,True,medium,none,True,medium,none,True,medium,none,True,medium,none,True,medium,none,False,low,occlusion,False,low,occlusion,False,low,occlusion,True,medium,none,True,medium,none,False,low,occlusion,False,low,occlusion,True,medium,none,True,medium,none,True,medium,none,True,medium,none,True,medium,none,True,medium,none
KVAL002,135,136,1,True,medium,none,True,medium,none,True,medium,none,True,medium,none,True,medium,none,True,medium,none,True,medium,none,False,low,occlusion,False,low,occlusion,False,low,occlusion,False,low,occlusion,True,medium,none,True,medium,none,True,medium,none,True,medium,none,True,medium,none,True,medium,none,True,medium,none,True,medium,none,False,low,occlusion,False,low,occlusion,False,low,occlusion,True,medium,none,False,low,occlusion,False,low,occlusion,False,low,occlusion,True,medium,none,True,medium,none,True,medium,none,True,medium,none,True,medium,none,True,medium,none
KVAL002,136,137,1,True,medium,none,True,medium,none,True,medium,none,True,medium,none,True,medium,none,True,medium,none,True,medium,none,True,medium,none,False,low,occlusion,False,low,occlusion,False,low,occlusion,True,medium,none,True,medium,none,True,medium,none,True,medium,none,True,medium,none,True,medium,none,True,medium,none,True,medium,none,False,low,occlusion,False,low,occlusion,False,low,occlusion,True,medium,none,False,low,occlusion,False,low,occlusion,False,low,occlusion,True,medium,none,True,medium,none,True,medium,none,True,medium,none,True,medium,none,True,medium,none
KVAL002,137,138,1,True,medium,none,True,medium,none,True,medium,none,True,medium,none,True,medium,none,True,medium,none,True,medium,none,False,low,occlusion,False,low,occlusion,False,low,occlusion,False,low,occlusion,True,medium,none,True,medium,none,True,medium,none,True,medium,none,True,medium,none,True,medium,none,False,low,occlusion,True,medium,none,False,low,occlusion,False,low,occlusion,False,low,occlusion,True,medium,none,False,low,occlusion,False,low,occlusion,False,low,occlusion,True,medium,none,True,medium,none,True,medium,none,True,medium,none,True,medium,none,True,medium,none
KVAL002,138,139,1,True,medium,none,True,medium,none,True,medium,none,True,medium,none,True,medium,none,True,medium,none,True,medium,none,False,low,occlusion,False,low,occlusion,False,low,occlusion,False,low,occlusion,True,medium,none,True,medium,none,True,medium,none,True,medium,none,True,medium,none,True,medium,none,True,medium,none,True,medium,none,False,low,occlusion,False,low,occlusion,False,low,occlusion,True,medium,none,False,low,occlusion,False,low,occlusion,False,low,occlusion,True,medium,none,True,medium,none,True,medium,none,True,medium,none,True,medium,none,True,medium,none
KVAL002,139,140,1,True,medium,none,True,medium,none,True,medium,none,True,medium,none,True,medium,none,True,medium,none,True,medium,none,False,low,occlusion,False,low,occlusion,False,low,occlusion,False,low,occlusion,True,medium,none,True,medium,none,True,medium,none,True,medium,none,True,medium,none,True,medium,none,False,low,occlusion,False,low,occlusion,False,low,occlusion,False,low,occlusion,False,low,occlusion,True,medium,none,False,low,occlusion,False,low,occlusion,False,low,occlusion,True,medium,none,True,medium,none,True,medium,none,True,medium,none,True,medium,none,True,medium,none
KVAL002,140,141,1,True,medium,none,True,medium,none,True,medium,none,True,medium,none,True,medium,none,True,medium,none,True,medium,none,False,low,occlusion,False,low,occlusion,False,low,occlusion,False,low,occlusion,True,medium,none,True,medium,none,False,low,occlusion,False,low,occlusion,False,low,occlusion,False,low,occlusion,False,low,occlusion,True,medium,none,False,low,occlusion,False,low,occlusion,False,low,occlusion,True,medium,none,False,low,occlusion,False,low,occlusion,False,low,occlusion,True,medium,none,True,medium,none,False,low,occlusion,False,low,occlusion,True,medium,none,True,medium,none
KVAL002,141,142,1,True,medium,none,True,medium,none,True,medium,none,True,medium,none,True,medium,none,True,medium,none,True,medium,none,False,low,occlusion,False,low,occlusion,False,low,occlusion,False,low,occlusion,True,medium,none,True,medium,none,False,low,occlusion,False,low,occlusion,False,low,occlusion,False,low,occlusion,False,low,occlusion,True,medium,none,False,low,occlusion,False,low,occlusion,False,low,occlusion,True,medium,none,False,low,occlusion,False,low,occlusion,False,low,occlusion,True,medium,none,True,medium,none,True,medium,none,False,low,occlusion,True,medium,none,True,medium,none
KVAL002,142,143,1,True,medium,none,True,medium,none,True,medium,none,True,medium,none,True,medium,none,True,medium,none,False,low,occlusion,False,low,occlusion,False,low,occlusion,False,low,occlusion,False,low,occlusion,True,medium,none,True,medium,none,True,medium,none,False,low,occlusion,False,low,occlusion,False,low,occlusion,False,low,occlusion,False,low,occlusion,False,low,occlusion,False,low,occlusion,False,low,occlusion,False,low,occlusion,False,low,occlusion,False,low,occlusion,False,low,occlusion,True,medium,none,True,medium,none,True,medium,none,True,medium,none,True,medium,none,True,medium,none
KVAL002,143,144,1,True,medium,none,True,medium,none,True,medium,none,True,medium,none,True,medium,none,True,medium,none,True,medium,none,False,low,occlusion,False,low,occlusion,False,low,occlusion,False,low,occlusion,True,medium,none,True,medium,none,True,medium,none,True,medium,none,True,medium,none,True,medium,none,True,medium,none,False,low,occlusion,False,low,occlusion,False,low,occlusion,False,low,occlusion,True,medium,none,False,low,occlusion,False,low,occlusion,False,low,occlusion,True,medium,none,True,medium,none,True,medium,none,True,medium,none,True,medium,none,True,medium,none
KVAL002,144,145,1,True,medium,none,True,medium,none,True,medium,none,True,medium,none,True,medium,none,True,medium,none,True,medium,none,False,low,occlusion,False,low,occlusion,False,low,occlusion,False,low,occlusion,True,medium,none,True,medium,none,True,medium,none,True,medium,none,False,low,occlusion,False,low,occlusion,True,medium,none,True,medium,none,False,low,occlusion,False,low,occlusion,False,low,occlusion,True,medium,none,False,low,occlusion,False,low,occlusion,False,low,occlusion,True,medium,none,True,medium,none,False,low,occlusion,False,low,occlusion,True,medium,none,True,medium,none
KVAL002,145,146,1,True,medium,none,True,medium,none,True,medium,none,True,medium,none,True,medium,none,True,medium,none,True,medium,none,False,low,occlusion,False,low,occlusion,False,low,occlusion,False,low,occlusion,True,medium,none,True,medium,none,True,medium,none,True,medium,none,True,medium,none,True,medium,none,True,medium,none,True,medium,none,False,low,occlusion,False,low,occlusion,False,low,occlusion,True,medium,none,True,medium,none,False,low,occlusion,False,low,occlusion,True,medium,none,True,medium,none,True,medium,none,True,medium,none,True,medium,none,True,medium,none
KVAL002,146,147,1,True,medium,none,True,medium,none,True,medium,none,True,medium,none,True,medium,none,True,medium,none,True,medium,none,False,low,occlusion,False,low,occlusion,False,low,occlusion,False,low,occlusion,True,medium,none,True,medium,none,True,medium,none,True,medium,none,True,medium,none,True,medium,none,True,medium,none,True,medium,none,False,low,occlusion,False,low,occlusion,False,low,occlusion,True,medium,none,True,medium,none,False,low,occlusion,False,low,occlusion,True,medium,none,True,medium,none,False,low,occlusion,False,low,occlusion,True,medium,none,True,medium,none
KVAL002,147,148,1,True,medium,none,True,medium,none,True,medium,none,True,medium,none,True,medium,none,True,medium,none,True,medium,none,False,low,occlusion,False,low,occlusion,False,low,occlusion,False,low,occlusion,True,medium,none,True,medium,none,True,medium,none,True,medium,none,True,medium,none,True,medium,none,True,medium,none,True,medium,none,False,low,occlusion,False,low,occlusion,False,low,occlusion,True,medium,none,False,low,occlusion,False,low,occlusion,False,low,occlusion,True,medium,none,True,medium,none,False,low,occlusion,False,low,occlusion,True,medium,none,True,medium,none
KVAL002,148,149,1,True,medium,none,True,medium,none,True,medium,none,True,medium,none,True,medium,none,True,medium,none,True,medium,none,False,low,occlusion,False,low,occlusion,False,low,occlusion,False,low,occlusion,True,medium,none,True,medium,none,True,medium,none,True,medium,none,True,medium,none,True,medium,none,True,medium,none,True,medium,none,False,low,occlusion,False,low,occlusion,False,low,occlusion,True,medium,none,True,medium,none,False,low,occlusion,False,low,occlusion,True,medium,none,True,medium,none,True,medium,none,False,low,occlusion,True,medium,none,True,medium,none
KVAL002,149,150,1,True,medium,none,True,medium,none,True,medium,none,True,medium,none,True,medium,none,True,medium,none,True,medium,none,False,low,occlusion,False,low,occlusion,False,low,occlusion,False,low,occlusion,True,medium,none,True,medium,none,True,medium,none,True,medium,none,True,medium,none,True,medium,none,True,medium,none,True,medium,none,False,low,occlusion,False,low,occlusion,False,low,occlusion,True,medium,none,True,medium,none,False,low,occlusion,False,low,occlusion,True,medium,none,True,medium,none,False,low,occlusion,False,low,occlusion,True,medium,none,True,medium,none
KVAL002,150,151,1,True,medium,none,True,medium,none,True,medium,none,True,medium,none,True,medium,none,True,medium,none,True,medium,none,False,low,occlusion,False,low,occlusion,False,low,occlusion,False,low,occlusion,True,medium,none,True,medium,none,True,medium,none,True,medium,none,True,medium,none,True,medium,none,True,medium,none,True,medium,none,False,low,occlusion,False,low,occlusion,False,low,occlusion,True,medium,none,True,medium,none,False,low,occlusion,False,low,occlusion,True,medium,none,True,medium,none,False,low,occlusion,False,low,occlusion,True,medium,none,True,medium,none
KVAL002,151,152,1,True,medium,none,True,medium,none,True,medium,none,True,medium,none,True,medium,none,True,medium,none,True,medium,none,False,low,occlusion,False,low,occlusion,False,low,occlusion,False,low,occlusion,True,medium,none,True,medium,none,True,medium,none,True,medium,none,True,medium,none,True,medium,none,True,medium,none,True,medium,none,False,low,occlusion,False,low,occlusion,False,low,occlusion,True,medium,none,True,medium,none,False,low,occlusion,False,low,occlusion,True,medium,none,True,medium,none,True,medium,none,False,low,occlusion,True,medium,none,True,medium,none
KVAL002,152,153,1,True,medium,none,True,medium,none,True,medium,none,True,medium,none,True,medium,none,True,medium,none,True,medium,none,False,low,occlusion,False,low,occlusion,False,low,occlusion,False,low,occlusion,True,medium,none,True,medium,none,True,medium,none,True,medium,none,True,medium,none,True,medium,none,True,medium,none,True,medium,none,False,low,occlusion,False,low,occlusion,False,low,occlusion,True,medium,none,True,medium,none,False,low,occlusion,False,low,occlusion,True,medium,none,True,medium,none,False,low,occlusion,False,low,occlusion,True,medium,none,True,medium,none
KVAL002,153,154,1,True,medium,none,True,medium,none,True,medium,none,True,medium,none,True,medium,none,True,medium,none,True,medium,none,False,low,occlusion,False,low,occlusion,False,low,occlusion,False,low,occlusion,True,medium,none,True,medium,none,True,medium,none,True,medium,none,True,medium,none,True,medium,none,True,medium,none,True,medium,none,False,low,occlusion,False,low,occlusion,False,low,occlusion,True,medium,none,True,medium,none,False,low,occlusion,False,low,occlusion,True,medium,none,True,medium,none,True,medium,none,False,low,occlusion,True,medium,none,True,medium,none
KVAL002,154,155,1,True,medium,none,True,medium,none,True,medium,none,True,medium,none,True,medium,none,True,medium,none,True,medium,none,False,low,occlusion,False,low,occlusion,False,low,occlusion,False,low,occlusion,True,medium,none,True,medium,none,True,medium,none,True,medium,none,True,medium,none,True,medium,none,True,medium,none,True,medium,none,False,low,occlusion,False,low,occlusion,False,low,occlusion,True,medium,none,True,medium,none,False,low,occlusion,False,low,occlusion,True,medium,none,True,medium,none,True,medium,none,True,medium,none,True,medium,none,True,medium,none
KVAL002,155,156,1,True,medium,none,True,medium,none,True,medium,none,True,medium,none,True,medium,none,True,medium,none,True,medium,none,False,low,occlusion,False,low,occlusion,False,low,occlusion,False,low,occlusion,True,medium,none,True,medium,none,True,medium,none,True,medium,none,True,medium,none,True,medium,none,True,medium,none,True,medium,none,False,low,occlusion,False,low,occlusion,False,low,occlusion,True,medium,none,True,medium,none,False,low,occlusion,False,low,occlusion,True,medium,none,True,medium,none,True,medium,none,True,medium,none,True,medium,none,True,medium,none
KVAL002,156,157,1,True,medium,none,True,medium,none,True,medium,none,True,medium,none,True,medium,none,True,medium,none,True,medium,none,False,low,occlusion,False,low,occlusion,False,low,occlusion,False,low,occlusion,True,medium,none,True,medium,none,True,medium,none,True,medium,none,True,medium,none,True,medium,none,True,medium,none,True,medium,none,False,low,occlusion,False,low,occlusion,False,low,occlusion,True,medium,none,True,medium,none,False,low,occlusion,False,low,occlusion,True,medium,none,True,medium,none,True,medium,none,True,medium,none,True,medium,none,True,medium,none
KVAL002,157,158,1,True,medium,none,True,medium,none,True,medium,none,True,medium,none,True,medium,none,True,medium,none,True,medium,none,True,medium,none,False,low,occlusion,False,low,occlusion,False,low,occlusion,True,medium,none,True,medium,none,True,medium,none,True,medium,none,True,medium,none,True,medium,none,True,medium,none,True,medium,none,False,low,occlusion,False,low,occlusion,False,low,occlusion,True,medium,none,True,medium,none,False,low,occlusion,False,low,occlusion,True,medium,none,True,medium,none,True,medium,none,True,medium,none,True,medium,none,True,medium,none
KVAL002,158,159,1,True,medium,none,True,medium,none,True,medium,none,True,medium,none,True,medium,none,True,medium,none,True,medium,none,True,medium,none,False,low,occlusion,False,low,occlusion,False,low,occlusion,True,medium,none,True,medium,none,True,medium,none,True,medium,none,True,medium,none,True,medium,none,True,medium,none,True,medium,none,False,low,occlusion,False,low,occlusion,False,low,occlusion,True,medium,none,False,low,occlusion,False,low,occlusion,False,low,occlusion,True,medium,none,True,medium,none,True,medium,none,True,medium,none,True,medium,none,True,medium,none
KVAL002,159,160,1,True,medium,none,True,medium,none,True,medium,none,True,medium,none,True,medium,none,True,medium,none,True,medium,none,True,medium,none,False,low,occlusion,False,low,occlusion,False,low,occlusion,True,medium,none,True,medium,none,True,medium,none,True,medium,none,True,medium,none,True,medium,none,True,medium,none,True,medium,none,False,low,occlusion,False,low,occlusion,False,low,occlusion,True,medium,none,False,low,occlusion,False,low,occlusion,False,low,occlusion,True,medium,none,True,medium,none,True,medium,none,True,medium,none,True,medium,none,True,medium,none
KVAL002,160,161,1,True,medium,none,True,medium,none,True,medium,none,True,medium,none,True,medium,none,True,medium,none,True,medium,none,True,medium,none,False,low,occlusion,False,low,occlusion,False,low,occlusion,True,medium,none,True,medium,none,True,medium,none,True,medium,none,True,medium,none,True,medium,none,True,medium,none,True,medium,none,False,low,occlusion,False,low,occlusion,False,low,occlusion,True,medium,none,False,low,occlusion,False,low,occlusion,False,low,occlusion,True,medium,none,True,medium,none,True,medium,none,True,medium,none,True,medium,none,True,medium,none
KVAL002,161,162,1,True,medium,none,True,medium,none,True,medium,none,True,medium,none,True,medium,none,True,medium,none,True,medium,none,False,low,occlusion,False,low,occlusion,False,low,occlusion,False,low,occlusion,True,medium,none,True,medium,none,True,medium,none,True,medium,none,True,medium,none,True,medium,none,True,medium,none,True,medium,none,False,low,occlusion,False,low,occlusion,False,low,occlusion,True,medium,none,False,low,occlusion,False,low,occlusion,False,low,occlusion,True,medium,none,True,medium,none,True,medium,none,True,medium,none,True,medium,none,True,medium,none
KVAL002,162,163,1,True,medium,none,True,medium,none,True,medium,none,True,medium,none,True,medium,none,True,medium,none,True,medium,none,False,low,occlusion,False,low,occlusion,False,low,occlusion,False,low,occlusion,True,medium,none,True,medium,none,True,medium,none,True,medium,none,True,medium,none,True,medium,none,True,medium,none,True,medium,none,False,low,occlusion,False,low,occlusion,False,low,occlusion,True,medium,none,False,low,occlusion,False,low,occlusion,False,low,occlusion,True,medium,none,True,medium,none,True,medium,none,True,medium,none,True,medium,none,True,medium,none
KVAL002,163,164,1,True,medium,none,True,medium,none,True,medium,none,True,medium,none,True,medium,none,True,medium,none,True,medium,none,False,low,occlusion,False,low,occlusion,False,low,occlusion,False,low,occlusion,True,medium,none,True,medium,none,True,medium,none,True,medium,none,True,medium,none,True,medium,none,True,medium,none,True,medium,none,False,low,occlusion,False,low,occlusion,False,low,occlusion,True,medium,none,False,low,occlusion,False,low,occlusion,False,low,occlusion,True,medium,none,True,medium,none,True,medium,none,True,medium,none,True,medium,none,True,medium,none
KVAL002,164,165,1,True,medium,none,True,medium,none,True,medium,none,True,medium,none,True,medium,none,True,medium,none,True,medium,none,False,low,occlusion,False,low,occlusion,False,low,occlusion,False,low,occlusion,True,medium,none,True,medium,none,True,medium,none,True,medium,none,True,medium,none,True,medium,none,True,medium,none,True,medium,none,False,low,occlusion,False,low,occlusion,False,low,occlusion,True,medium,none,False,low,occlusion,False,low,occlusion,False,low,occlusion,True,medium,none,True,medium,none,True,medium,none,True,medium,none,True,medium,none,True,medium,none
KVAL002,165,166,1,True,medium,none,True,medium,none,True,medium,none,True,medium,none,True,medium,none,True,medium,none,True,medium,none,False,low,occlusion,False,low,occlusion,False,low,occlusion,False,low,occlusion,True,medium,none,True,medium,none,True,medium,none,True,medium,none,True,medium,none,True,medium,none,True,medium,none,True,medium,none,False,low,occlusion,False,low,occlusion,False,low,occlusion,True,medium,none,True,medium,none,False,low,occlusion,False,low,occlusion,True,medium,none,True,medium,none,True,medium,none,True,medium,none,True,medium,none,True,medium,none
KVAL002,166,167,1,True,medium,none,True,medium,none,True,medium,none,True,medium,none,True,medium,none,True,medium,none,True,medium,none,False,low,occlusion,False,low,occlusion,False,low,occlusion,False,low,occlusion,True,medium,none,True,medium,none,True,medium,none,True,medium,none,True,medium,none,True,medium,none,True,medium,none,True,medium,none,False,low,occlusion,False,low,occlusion,False,low,occlusion,True,medium,none,True,medium,none,False,low,occlusion,False,low,occlusion,True,medium,none,True,medium,none,True,medium,none,True,medium,none,True,medium,none,True,medium,none
KVAL002,167,168,1,True,medium,none,True,medium,none,True,medium,none,True,medium,none,True,medium,none,True,medium,none,True,medium,none,False,low,occlusion,False,low,occlusion,False,low,occlusion,False,low,occlusion,True,medium,none,True,medium,none,True,medium,none,True,medium,none,True,medium,none,True,medium,none,True,medium,none,True,medium,none,False,low,occlusion,False,low,occlusion,False,low,occlusion,True,medium,none,True,medium,none,False,low,occlusion,False,low,occlusion,True,medium,none,True,medium,none,True,medium,none,True,medium,none,True,medium,none,True,medium,none
KVAL002,168,169,1,True,medium,none,True,medium,none,True,medium,none,True,medium,none,True,medium,none,True,medium,none,True,medium,none,False,low,occlusion,False,low,occlusion,False,low,occlusion,False,low,occlusion,True,medium,none,True,medium,none,True,medium,none,True,medium,none,True,medium,none,True,medium,none,True,medium,none,True,medium,none,False,low,occlusion,False,low,occlusion,False,low,occlusion,True,medium,none,False,low,occlusion,False,low,occlusion,False,low,occlusion,True,medium,none,True,medium,none,True,medium,none,True,medium,none,True,medium,none,True,medium,none
KVAL002,169,170,1,True,medium,none,True,medium,none,True,medium,none,True,medium,none,True,medium,none,True,medium,none,True,medium,none,False,low,occlusion,False,low,occlusion,False,low,occlusion,False,low,occlusion,True,medium,none,True,medium,none,True,medium,none,True,medium,none,True,medium,none,True,medium,none,True,medium,none,True,medium,none,False,low,occlusion,False,low,occlusion,False,low,occlusion,True,medium,none,True,medium,none,False,low,occlusion,False,low,occlusion,True,medium,none,True,medium,none,True,medium,none,True,medium,none,True,medium,none,True,medium,none
KVAL002,170,171,1,True,medium,none,True,medium,none,True,medium,none,True,medium,none,True,medium,none,True,medium,none,True,medium,none,False,low,occlusion,False,low,occlusion,False,low,occlusion,False,low,occlusion,True,medium,none,True,medium,none,True,medium,none,True,medium,none,True,medium,none,True,medium,none,True,medium,none,True,medium,none,False,low,occlusion,False,low,occlusion,False,low,occlusion,True,medium,none,True,medium,none,False,low,occlusion,False,low,occlusion,True,medium,none,True,medium,none,True,medium,none,True,medium,none,True,medium,none,True,medium,none
KVAL002,171,172,1,True,medium,none,True,medium,none,True,medium,none,True,medium,none,True,medium,none,True,medium,none,True,medium,none,False,low,occlusion,False,low,occlusion,False,low,occlusion,False,low,occlusion,True,medium,none,True,medium,none,True,medium,none,True,medium,none,True,medium,none,True,medium,none,True,medium,none,True,medium,none,False,low,occlusion,False,low,occlusion,False,low,occlusion,True,medium,none,True,medium,none,False,low,occlusion,False,low,occlusion,True,medium,none,True,medium,none,True,medium,none,True,medium,none,True,medium,none,True,medium,none
KVAL002,172,173,1,True,medium,none,True,medium,none,True,medium,none,True,medium,none,True,medium,none,True,medium,none,True,medium,none,False,low,occlusion,False,low,occlusion,False,low,occlusion,False,low,occlusion,True,medium,none,True,medium,none,True,medium,none,True,medium,none,True,medium,none,True,medium,none,True,medium,none,True,medium,none,False,low,occlusion,False,low,occlusion,False,low,occlusion,True,medium,none,False,low,occlusion,False,low,occlusion,False,low,occlusion,True,medium,none,True,medium,none,True,medium,none,False,low,occlusion,True,medium,none,True,medium,none
KVAL002,173,174,1,True,medium,none,True,medium,none,True,medium,none,True,medium,none,True,medium,none,True,medium,none,True,medium,none,False,low,occlusion,False,low,occlusion,False,low,occlusion,False,low,occlusion,True,medium,none,True,medium,none,True,medium,none,True,medium,none,True,medium,none,True,medium,none,True,medium,none,True,medium,none,False,low,occlusion,False,low,occlusion,False,low,occlusion,True,medium,none,False,low,occlusion,False,low,occlusion,False,low,occlusion,True,medium,none,True,medium,none,True,medium,none,False,low,occlusion,True,medium,none,True,medium,none
KVAL002,174,175,1,True,medium,none,True,medium,none,True,medium,none,True,medium,none,True,medium,none,True,medium,none,True,medium,none,False,low,occlusion,False,low,occlusion,False,low,occlusion,False,low,occlusion,True,medium,none,True,medium,none,True,medium,none,True,medium,none,True,medium,none,True,medium,none,True,medium,none,True,medium,none,False,low,occlusion,False,low,occlusion,False,low,occlusion,True,medium,none,False,low,occlusion,False,low,occlusion,False,low,occlusion,True,medium,none,True,medium,none,True,medium,none,True,medium,none,True,medium,none,True,medium,none
KVAL002,175,176,1,True,medium,none,True,medium,none,True,medium,none,True,medium,none,True,medium,none,True,medium,none,True,medium,none,False,low,occlusion,False,low,occlusion,False,low,occlusion,False,low,occlusion,True,medium,none,True,medium,none,True,medium,none,True,medium,none,True,medium,none,True,medium,none,True,medium,none,True,medium,none,False,low,occlusion,False,low,occlusion,False,low,occlusion,True,medium,none,False,low,occlusion,False,low,occlusion,False,low,occlusion,True,medium,none,True,medium,none,True,medium,none,True,medium,none,True,medium,none,True,medium,none
KVAL002,176,177,1,True,medium,none,True,medium,none,True,medium,none,True,medium,none,True,medium,none,True,medium,none,False,low,occlusion,False,low,occlusion,False,low,occlusion,False,low,occlusion,False,low,occlusion,True,medium,none,True,medium,none,True,medium,none,True,medium,none,True,medium,none,True,medium,none,True,medium,none,True,medium,none,False,low,occlusion,False,low,occlusion,False,low,occlusion,True,medium,none,False,low,occlusion,False,low,occlusion,False,low,occlusion,True,medium,none,True,medium,none,True,medium,none,True,medium,none,True,medium,none,True,medium,none
KVAL002,177,178,1,True,medium,none,True,medium,none,True,medium,none,True,medium,none,True,medium,none,True,medium,none,False,low,occlusion,False,low,occlusion,False,low,occlusion,False,low,occlusion,False,low,occlusion,True,medium,none,True,medium,none,True,medium,none,True,medium,none,True,medium,none,True,medium,none,True,medium,none,True,medium,none,False,low,occlusion,False,low,occlusion,False,low,occlusion,True,medium,none,False,low,occlusion,False,low,occlusion,False,low,occlusion,True,medium,none,True,medium,none,True,medium,none,True,medium,none,True,medium,none,True,medium,none
KVAL002,178,179,1,True,medium,none,True,medium,none,True,medium,none,True,medium,none,True,medium,none,True,medium,none,False,low,occlusion,False,low,occlusion,False,low,occlusion,False,low,occlusion,False,low,occlusion,True,medium,none,True,medium,none,True,medium,none,True,medium,none,True,medium,none,True,medium,none,True,medium,none,True,medium,none,False,low,occlusion,False,low,occlusion,False,low,occlusion,True,medium,none,True,medium,none,False,low,occlusion,False,low,occlusion,True,medium,none,True,medium,none,True,medium,none,True,medium,none,True,medium,none,True,medium,none
KVAL002,179,180,1,True,medium,none,True,medium,none,True,medium,none,True,medium,none,True,medium,none,True,medium,none,False,low,occlusion,False,low,occlusion,False,low,occlusion,False,low,occlusion,False,low,occlusion,True,medium,none,True,medium,none,True,medium,none,True,medium,none,True,medium,none,True,medium,none,True,medium,none,True,medium,none,False,low,occlusion,False,low,occlusion,False,low,occlusion,True,medium,none,True,medium,none,True,medium,none,False,low,occlusion,True,medium,none,True,medium,none,True,medium,none,True,medium,none,True,medium,none,True,medium,none
KVAL002,180,181,1,True,medium,none,True,medium,none,True,medium,none,True,medium,none,True,medium,none,True,medium,none,True,medium,none,False,low,occlusion,False,low,occlusion,False,low,occlusion,False,low,occlusion,True,medium,none,True,medium,none,True,medium,none,True,medium,none,True,medium,none,True,medium,none,True,medium,none,True,medium,none,False,low,occlusion,False,low,occlusion,False,low,occlusion,True,medium,none,True,medium,none,True,medium,none,False,low,occlusion,True,medium,none,True,medium,none,True,medium,none,True,medium,none,True,medium,none,True,medium,none
KVAL002,181,182,1,True,medium,none,True,medium,none,True,medium,none,True,medium,none,True,medium,none,True,medium,none,True,medium,none,False,low,occlusion,False,low,occlusion,False,low,occlusion,False,low,occlusion,True,medium,none,True,medium,none,True,medium,none,True,medium,none,True,medium,none,True,medium,none,True,medium,none,True,medium,none,False,low,occlusion,False,low,occlusion,False,low,occlusion,True,medium,none,True,medium,none,False,low,occlusion,False,low,occlusion,True,medium,none,True,medium,none,True,medium,none,True,medium,none,True,medium,none,True,medium,none
KVAL002,182,183,1,True,medium,none,True,medium,none,True,medium,none,True,medium,none,True,medium,none,True,medium,none,True,medium,none,False,low,occlusion,False,low,occlusion,False,low,occlusion,False,low,occlusion,True,medium,none,True,medium,none,True,medium,none,True,medium,none,True,medium,none,True,medium,none,True,medium,none,True,medium,none,False,low,occlusion,False,low,occlusion,False,low,occlusion,True,medium,none,True,medium,none,True,medium,none,False,low,occlusion,True,medium,none,True,medium,none,True,medium,none,True,medium,none,True,medium,none,True,medium,none
KVAL002,183,184,1,True,medium,none,True,medium,none,True,medium,none,True,medium,none,True,medium,none,True,medium,none,False,low,occlusion,False,low,occlusion,False,low,occlusion,False,low,occlusion,False,low,occlusion,True,medium,none,True,medium,none,True,medium,none,True,medium,none,True,medium,none,True,medium,none,True,medium,none,True,medium,none,False,low,occlusion,False,low,occlusion,False,low,occlusion,True,medium,none,True,medium,none,False,low,occlusion,False,low,occlusion,True,medium,none,True,medium,none,True,medium,none,True,medium,none,True,medium,none,True,medium,none
KVAL002,184,185,1,True,medium,none,True,medium,none,True,medium,none,True,medium,none,True,medium,none,True,medium,none,True,medium,none,False,low,occlusion,False,low,occlusion,False,low,occlusion,False,low,occlusion,True,medium,none,True,medium,none,True,medium,none,True,medium,none,True,medium,none,True,medium,none,True,medium,none,True,medium,none,False,low,occlusion,False,low,occlusion,False,low,occlusion,True,medium,none,True,medium,none,True,medium,none,False,low,occlusion,True,medium,none,True,medium,none,True,medium,none,True,medium,none,True,medium,none,True,medium,none
KVAL002,185,186,1,True,medium,none,True,medium,none,True,medium,none,True,medium,none,True,medium,none,True,medium,none,False,low,occlusion,False,low,occlusion,False,low,occlusion,False,low,occlusion,False,low,occlusion,True,medium,none,True,medium,none,True,medium,none,True,medium,none,True,medium,none,True,medium,none,True,medium,none,True,medium,none,False,low,occlusion,False,low,occlusion,False,low,occlusion,True,medium,none,True,medium,none,True,medium,none,False,low,occlusion,True,medium,none,True,medium,none,True,medium,none,True,medium,none,True,medium,none,True,medium,none
KVAL002,186,187,1,True,medium,none,True,medium,none,True,medium,none,True,medium,none,True,medium,none,True,medium,none,False,low,occlusion,False,low,occlusion,False,low,occlusion,False,low,occlusion,False,low,occlusion,True,medium,none,True,medium,none,True,medium,none,True,medium,none,True,medium,none,True,medium,none,True,medium,none,True,medium,none,False,low,occlusion,False,low,occlusion,False,low,occlusion,True,medium,none,True,medium,none,False,low,occlusion,False,low,occlusion,True,medium,none,True,medium,none,True,medium,none,True,medium,none,True,medium,none,True,medium,none
KVAL002,187,188,1,True,medium,none,True,medium,none,True,medium,none,True,medium,none,True,medium,none,True,medium,none,False,low,occlusion,False,low,occlusion,False,low,occlusion,False,low,occlusion,False,low,occlusion,True,medium,none,True,medium,none,True,medium,none,True,medium,none,True,medium,none,True,medium,none,True,medium,none,True,medium,none,False,low,occlusion,False,low,occlusion,False,low,occlusion,True,medium,none,True,medium,none,True,medium,none,False,low,occlusion,True,medium,none,True,medium,none,True,medium,none,True,medium,none,True,medium,none,True,medium,none
KVAL002,188,189,1,True,medium,none,True,medium,none,True,medium,none,True,medium,none,True,medium,none,True,medium,none,False,low,occlusion,False,low,occlusion,False,low,occlusion,False,low,occlusion,False,low,occlusion,True,medium,none,True,medium,none,True,medium,none,True,medium,none,True,medium,none,True,medium,none,True,medium,none,True,medium,none,False,low,occlusion,False,low,occlusion,False,low,occlusion,True,medium,none,True,medium,none,True,medium,none,False,low,occlusion,True,medium,none,True,medium,none,True,medium,none,True,medium,none,True,medium,none,True,medium,none
KVAL002,189,190,1,True,medium,none,True,medium,none,True,medium,none,True,medium,none,True,medium,none,True,medium,none,False,low,occlusion,False,low,occlusion,False,low,occlusion,False,low,occlusion,False,low,occlusion,True,medium,none,True,medium,none,True,medium,none,True,medium,none,True,medium,none,True,medium,none,True,medium,none,True,medium,none,False,low,occlusion,False,low,occlusion,False,low,occlusion,True,medium,none,True,medium,none,True,medium,none,False,low,occlusion,True,medium,none,True,medium,none,True,medium,none,True,medium,none,True,medium,none,True,medium,none
KVAL002,190,191,1,True,medium,none,True,medium,none,True,medium,none,True,medium,none,True,medium,none,True,medium,none,False,low,occlusion,False,low,occlusion,False,low,occlusion,False,low,occlusion,False,low,occlusion,True,medium,none,True,medium,none,True,medium,none,True,medium,none,True,medium,none,True,medium,none,True,medium,none,True,medium,none,False,low,occlusion,False,low,occlusion,False,low,occlusion,True,medium,none,True,medium,none,False,low,occlusion,False,low,occlusion,True,medium,none,True,medium,none,True,medium,none,True,medium,none,True,medium,none,True,medium,none
KVAL002,191,192,1,True,medium,none,True,medium,none,True,medium,none,True,medium,none,True,medium,none,True,medium,none,False,low,occlusion,False,low,occlusion,False,low,occlusion,False,low,occlusion,False,low,occlusion,True,medium,none,True,medium,none,True,medium,none,True,medium,none,True,medium,none,True,medium,none,True,medium,none,True,medium,none,False,low,occlusion,False,low,occlusion,False,low,occlusion,True,medium,none,True,medium,none,True,medium,none,False,low,occlusion,True,medium,none,True,medium,none,True,medium,none,True,medium,none,True,medium,none,True,medium,none
KVAL002,192,193,1,True,medium,none,True,medium,none,True,medium,none,True,medium,none,True,medium,none,True,medium,none,False,low,occlusion,False,low,occlusion,False,low,occlusion,False,low,occlusion,False,low,occlusion,True,medium,none,True,medium,none,True,medium,none,True,medium,none,True,medium,none,True,medium,none,True,medium,none,True,medium,none,False,low,occlusion,False,low,occlusion,False,low,occlusion,True,medium,none,True,medium,none,False,low,occlusion,False,low,occlusion,True,medium,none,True,medium,none,True,medium,none,True,medium,none,True,medium,none,True,medium,none
KVAL002,193,194,1,True,medium,none,True,medium,none,True,medium,none,True,medium,none,True,medium,none,True,medium,none,False,low,occlusion,False,low,occlusion,False,low,occlusion,False,low,occlusion,False,low,occlusion,True,medium,none,True,medium,none,True,medium,none,True,medium,none,True,medium,none,True,medium,none,True,medium,none,True,medium,none,False,low,occlusion,False,low,occlusion,False,low,occlusion,True,medium,none,True,medium,none,True,medium,none,False,low,occlusion,True,medium,none,True,medium,none,True,medium,none,True,medium,none,True,medium,none,True,medium,none
KVAL002,194,195,1,True,medium,none,True,medium,none,True,medium,none,True,medium,none,True,medium,none,True,medium,none,False,low,occlusion,False,low,occlusion,False,low,occlusion,False,low,occlusion,False,low,occlusion,True,medium,none,True,medium,none,True,medium,none,True,medium,none,True,medium,none,True,medium,none,True,medium,none,True,medium,none,False,low,occlusion,False,low,occlusion,False,low,occlusion,True,medium,none,True,medium,none,True,medium,none,False,low,occlusion,True,medium,none,True,medium,none,True,medium,none,True,medium,none,True,medium,none,True,medium,none
KVAL002,195,196,1,True,medium,none,True,medium,none,True,medium,none,True,medium,none,True,medium,none,True,medium,none,False,low,occlusion,False,low,occlusion,False,low,occlusion,False,low,occlusion,False,low,occlusion,True,medium,none,True,medium,none,True,medium,none,True,medium,none,True,medium,none,True,medium,none,True,medium,none,True,medium,none,False,low,occlusion,False,low,occlusion,False,low,occlusion,True,medium,none,True,medium,none,False,low,occlusion,False,low,occlusion,True,medium,none,True,medium,none,True,medium,none,True,medium,none,True,medium,none,True,medium,none
KVAL002,196,197,1,True,medium,none,True,medium,none,True,medium,none,True,medium,none,True,medium,none,True,medium,none,True,medium,none,False,low,occlusion,False,low,occlusion,False,low,occlusion,False,low,occlusion,True,medium,none,True,medium,none,True,medium,none,True,medium,none,True,medium,none,True,medium,none,True,medium,none,True,medium,none,False,low,occlusion,False,low,occlusion,False,low,occlusion,True,medium,none,True,medium,none,True,medium,none,False,low,occlusion,True,medium,none,True,medium,none,True,medium,none,True,medium,none,True,medium,none,True,medium,none
KVAL002,197,198,1,True,medium,none,True,medium,none,True,medium,none,True,medium,none,True,medium,none,True,medium,none,False,low,occlusion,False,low,occlusion,False,low,occlusion,False,low,occlusion,False,low,occlusion,True,medium,none,True,medium,none,True,medium,none,True,medium,none,True,medium,none,True,medium,none,True,medium,none,True,medium,none,False,low,occlusion,False,low,occlusion,False,low,occlusion,True,medium,none,True,medium,none,True,medium,none,False,low,occlusion,True,medium,none,True,medium,none,True,medium,none,True,medium,none,True,medium,none,True,medium,none
KVAL002,198,199,1,True,medium,none,True,medium,none,True,medium,none,True,medium,none,True,medium,none,True,medium,none,True,medium,none,False,low,occlusion,False,low,occlusion,False,low,occlusion,False,low,occlusion,True,medium,none,True,medium,none,True,medium,none,True,medium,none,True,medium,none,True,medium,none,True,medium,none,True,medium,none,False,low,occlusion,False,low,occlusion,False,low,occlusion,True,medium,none,True,medium,none,True,medium,none,False,low,occlusion,True,medium,none,True,medium,none,True,medium,none,True,medium,none,True,medium,none,True,medium,none
KVAL002,199,200,1,True,medium,none,True,medium,none,True,medium,none,True,medium,none,True,medium,none,True,medium,none,False,low,occlusion,False,low,occlusion,False,low,occlusion,False,low,occlusion,False,low,occlusion,True,medium,none,True,medium,none,True,medium,none,True,medium,none,True,medium,none,True,medium,none,True,medium,none,True,medium,none,False,low,occlusion,False,low,occlusion,False,low,occlusion,True,medium,none,True,medium,none,True,medium,none,False,low,occlusion,True,medium,none,True,medium,none,True,medium,none,True,medium,none,True,medium,none,True,medium,none
KVAL002,200,201,1,True,medium,none,True,medium,none,True,medium,none,True,medium,none,True,medium,none,True,medium,none,False,low,occlusion,False,low,occlusion,False,low,occlusion,False,low,occlusion,False,low,occlusion,True,medium,none,True,medium,none,True,medium,none,True,medium,none,True,medium,none,True,medium,none,True,medium,none,True,medium,none,False,low,occlusion,False,low,occlusion,False,low,occlusion,True,medium,none,True,medium,none,False,low,occlusion,False,low,occlusion,True,medium,none,True,medium,none,True,medium,none,True,medium,none,True,medium,none,True,medium,none
KVAL002,201,202,1,True,medium,none,True,medium,none,True,medium,none,True,medium,none,True,medium,none,True,medium,none,False,low,occlusion,False,low,occlusion,False,low,occlusion,False,low,occlusion,False,low,occlusion,True,medium,none,True,medium,none,True,medium,none,True,medium,none,True,medium,none,True,medium,none,True,medium,none,True,medium,none,False,low,occlusion,False,low,occlusion,False,low,occlusion,True,medium,none,False,low,occlusion,False,low,occlusion,False,low,occlusion,True,medium,none,True,medium,none,True,medium,none,True,medium,none,True,medium,none,True,medium,none
KVAL002,202,203,1,True,medium,none,True,medium,none,True,medium,none,True,medium,none,True,medium,none,True,medium,none,True,medium,none,False,low,occlusion,False,low,occlusion,False,low,occlusion,False,low,occlusion,True,medium,none,True,medium,none,True,medium,none,True,medium,none,True,medium,none,True,medium,none,True,medium,none,True,medium,none,False,low,occlusion,False,low,occlusion,False,low,occlusion,True,medium,none,True,medium,none,False,low,occlusion,False,low,occlusion,True,medium,none,True,medium,none,True,medium,none,True,medium,none,True,medium,none,True,medium,none
KVAL002,203,204,1,True,medium,none,True,medium,none,True,medium,none,True,medium,none,True,medium,none,True,medium,none,False,low,occlusion,False,low,occlusion,False,low,occlusion,False,low,occlusion,False,low,occlusion,True,medium,none,True,medium,none,True,medium,none,True,medium,none,True,medium,none,True,medium,none,True,medium,none,True,medium,none,False,low,occlusion,False,low,occlusion,False,low,occlusion,True,medium,none,True,medium,none,False,low,occlusion,False,low,occlusion,True,medium,none,True,medium,none,True,medium,none,True,medium,none,True,medium,none,True,medium,none
KVAL002,204,205,1,True,medium,none,True,medium,none,True,medium,none,True,medium,none,True,medium,none,True,medium,none,False,low,occlusion,False,low,occlusion,False,low,occlusion,False,low,occlusion,False,low,occlusion,True,medium,none,True,medium,none,True,medium,none,True,medium,none,True,medium,none,True,medium,none,True,medium,none,True,medium,none,False,low,occlusion,False,low,occlusion,False,low,occlusion,True,medium,none,True,medium,none,False,low,occlusion,False,low,occlusion,True,medium,none,True,medium,none,True,medium,none,True,medium,none,True,medium,none,True,medium,none
KVAL002,205,206,1,True,medium,none,True,medium,none,True,medium,none,True,medium,none,True,medium,none,True,medium,none,False,low,occlusion,False,low,occlusion,False,low,occlusion,False,low,occlusion,False,low,occlusion,True,medium,none,True,medium,none,True,medium,none,True,medium,none,True,medium,none,True,medium,none,True,medium,none,True,medium,none,False,low,occlusion,False,low,occlusion,False,low,occlusion,True,medium,none,True,medium,none,False,low,occlusion,False,low,occlusion,True,medium,none,True,medium,none,True,medium,none,True,medium,none,True,medium,none,True,medium,none
KVAL002,206,207,1,True,medium,none,True,medium,none,True,medium,none,True,medium,none,True,medium,none,True,medium,none,False,low,occlusion,False,low,occlusion,False,low,occlusion,False,low,occlusion,False,low,occlusion,True,medium,none,True,medium,none,True,medium,none,True,medium,none,True,medium,none,True,medium,none,True,medium,none,True,medium,none,False,low,occlusion,False,low,occlusion,False,low,occlusion,True,medium,none,True,medium,none,False,low,occlusion,False,low,occlusion,True,medium,none,True,medium,none,True,medium,none,True,medium,none,True,medium,none,True,medium,none
KVAL002,207,208,1,True,medium,none,True,medium,none,True,medium,none,True,medium,none,True,medium,none,True,medium,none,False,low,occlusion,False,low,occlusion,False,low,occlusion,False,low,occlusion,False,low,occlusion,True,medium,none,True,medium,none,True,medium,none,True,medium,none,True,medium,none,True,medium,none,True,medium,none,True,medium,none,False,low,occlusion,False,low,occlusion,False,low,occlusion,True,medium,none,True,medium,none,False,low,occlusion,False,low,occlusion,True,medium,none,True,medium,none,True,medium,none,True,medium,none,True,medium,none,True,medium,none
KVAL002,208,209,1,True,medium,none,True,medium,none,True,medium,none,True,medium,none,True,medium,none,True,medium,none,False,low,occlusion,False,low,occlusion,False,low,occlusion,False,low,occlusion,False,low,occlusion,True,medium,none,True,medium,none,True,medium,none,True,medium,none,True,medium,none,True,medium,none,True,medium,none,True,medium,none,False,low,occlusion,False,low,occlusion,False,low,occlusion,True,medium,none,True,medium,none,False,low,occlusion,False,low,occlusion,True,medium,none,True,medium,none,True,medium,none,True,medium,none,True,medium,none,True,medium,none
KVAL002,209,210,1,True,medium,none,True,medium,none,True,medium,none,True,medium,none,True,medium,none,True,medium,none,False,low,occlusion,False,low,occlusion,False,low,occlusion,False,low,occlusion,False,low,occlusion,True,medium,none,True,medium,none,True,medium,none,True,medium,none,True,medium,none,True,medium,none,True,medium,none,True,medium,none,False,low,occlusion,False,low,occlusion,False,low,occlusion,True,medium,none,True,medium,none,False,low,occlusion,False,low,occlusion,True,medium,none,True,medium,none,True,medium,none,True,medium,none,True,medium,none,True,medium,none
KVAL002,210,211,1,True,medium,none,True,medium,none,True,medium,none,True,medium,none,True,medium,none,True,medium,none,False,low,occlusion,False,low,occlusion,False,low,occlusion,False,low,occlusion,False,low,occlusion,True,medium,none,True,medium,none,True,medium,none,True,medium,none,True,medium,none,True,medium,none,True,medium,none,True,medium,none,False,low,occlusion,False,low,occlusion,False,low,occlusion,True,medium,none,True,medium,none,False,low,occlusion,False,low,occlusion,True,medium,none,True,medium,none,True,medium,none,True,medium,none,True,medium,none,True,medium,none
KVAL002,211,212,1,True,medium,none,True,medium,none,True,medium,none,True,medium,none,True,medium,none,True,medium,none,False,low,occlusion,False,low,occlusion,False,low,occlusion,False,low,occlusion,False,low,occlusion,True,medium,none,True,medium,none,True,medium,none,True,medium,none,True,medium,none,True,medium,none,True,medium,none,True,medium,none,False,low,occlusion,False,low,occlusion,False,low,occlusion,True,medium,none,True,medium,none,False,low,occlusion,False,low,occlusion,True,medium,none,True,medium,none,True,medium,none,True,medium,none,True,medium,none,True,medium,none
KVAL002,212,213,1,True,medium,none,True,medium,none,True,medium,none,True,medium,none,True,medium,none,True,medium,none,False,low,occlusion,False,low,occlusion,False,low,occlusion,False,low,occlusion,False,low,occlusion,True,medium,none,True,medium,none,True,medium,none,True,medium,none,True,medium,none,True,medium,none,True,medium,none,True,medium,none,False,low,occlusion,False,low,occlusion,False,low,occlusion,True,medium,none,True,medium,none,False,low,occlusion,False,low,occlusion,True,medium,none,True,medium,none,True,medium,none,True,medium,none,True,medium,none,True,medium,none
KVAL002,213,214,1,True,medium,none,True,medium,none,True,medium,none,True,medium,none,True,medium,none,True,medium,none,False,low,occlusion,False,low,occlusion,False,low,occlusion,False,low,occlusion,False,low,occlusion,True,medium,none,True,medium,none,True,medium,none,True,medium,none,True,medium,none,True,medium,none,True,medium,none,True,medium,none,False,low,occlusion,False,low,occlusion,False,low,occlusion,True,medium,none,True,medium,none,False,low,occlusion,False,low,occlusion,True,medium,none,True,medium,none,True,medium,none,True,medium,none,True,medium,none,True,medium,none
KVAL002,214,215,1,True,medium,none,True,medium,none,True,medium,none,True,medium,none,True,medium,none,True,medium,none,False,low,occlusion,False,low,occlusion,False,low,occlusion,False,low,occlusion,False,low,occlusion,True,medium,none,True,medium,none,True,medium,none,True,medium,none,True,medium,none,True,medium,none,True,medium,none,True,medium,none,False,low,occlusion,False,low,occlusion,False,low,occlusion,True,medium,none,True,medium,none,False,low,occlusion,False,low,occlusion,True,medium,none,True,medium,none,True,medium,none,True,medium,none,True,medium,none,True,medium,none
KVAL002,215,216,1,True,medium,none,True,medium,none,True,medium,none,True,medium,none,True,medium,none,True,medium,none,False,low,occlusion,False,low,occlusion,False,low,occlusion,False,low,occlusion,False,low,occlusion,True,medium,none,True,medium,none,True,medium,none,True,medium,none,True,medium,none,True,medium,none,True,medium,none,True,medium,none,False,low,occlusion,False,low,occlusion,False,low,occlusion,True,medium,none,True,medium,none,False,low,occlusion,False,low,occlusion,True,medium,none,True,medium,none,True,medium,none,True,medium,none,True,medium,none,True,medium,none
KVAL002,216,217,1,True,medium,none,True,medium,none,True,medium,none,True,medium,none,True,medium,none,True,medium,none,False,low,occlusion,False,low,occlusion,False,low,occlusion,False,low,occlusion,False,low,occlusion,True,medium,none,True,medium,none,True,medium,none,True,medium,none,True,medium,none,True,medium,none,True,medium,none,True,medium,none,False,low,occlusion,False,low,occlusion,False,low,occlusion,True,medium,none,True,medium,none,False,low,occlusion,False,low,occlusion,True,medium,none,True,medium,none,True,medium,none,True,medium,none,True,medium,none,True,medium,none
KVAL002,217,218,1,True,medium,none,True,medium,none,True,medium,none,True,medium,none,True,medium,none,True,medium,none,False,low,occlusion,False,low,occlusion,False,low,occlusion,False,low,occlusion,False,low,occlusion,True,medium,none,True,medium,none,True,medium,none,True,medium,none,True,medium,none,True,medium,none,True,medium,none,True,medium,none,False,low,occlusion,False,low,occlusion,False,low,occlusion,True,medium,none,True,medium,none,False,low,occlusion,False,low,occlusion,True,medium,none,True,medium,none,True,medium,none,True,medium,none,True,medium,none,True,medium,none
KVAL002,218,219,1,True,medium,none,True,medium,none,True,medium,none,True,medium,none,False,low,occlusion,False,low,occlusion,False,low,occlusion,False,low,occlusion,False,low,occlusion,False,low,occlusion,False,low,occlusion,True,medium,none,True,medium,none,True,medium,none,True,medium,none,True,medium,none,True,medium,none,True,medium,none,False,low,occlusion,False,low,occlusion,False,low,occlusion,False,low,occlusion,True,medium,none,True,medium,none,False,low,occlusion,False,low,occlusion,True,medium,none,True,medium,none,True,medium,none,True,medium,none,True,medium,none,True,medium,none
KVAL002,219,220,1,True,medium,none,True,medium,none,True,medium,none,True,medium,none,True,medium,none,True,medium,none,True,medium,none,True,medium,none,True,medium,none,False,low,bone_length_anomaly,False,low,bone_length_anomaly,True,medium,none,True,medium,none,True,medium,none,True,medium,none,True,medium,none,True,medium,none,True,medium,none,True,medium,none,False,low,occlusion,False,low,occlusion,False,low,occlusion,True,medium,none,True,medium,none,False,low,occlusion,False,low,occlusion,True,medium,none,True,medium,none,True,medium,none,True,medium,none,True,medium,none,True,medium,none
KVAL002,220,221,1,True,medium,none,True,medium,none,True,medium,none,True,medium,none,True,medium,none,True,medium,none,True,medium,none,True,medium,none,True,medium,none,False,low,bone_length_anomaly,False,low,bone_length_anomaly,True,medium,none,True,medium,none,True,medium,none,True,medium,none,True,medium,none,True,medium,none,True,medium,none,True,medium,none,False,low,occlusion,False,low,occlusion,False,low,occlusion,True,medium,none,True,medium,none,False,low,occlusion,False,low,occlusion,True,medium,none,True,medium,none,True,medium,none,True,medium,none,True,medium,none,True,medium,none
KVAL002,221,222,1,True,medium,none,True,medium,none,True,medium,none,True,medium,none,True,medium,none,True,medium,none,True,medium,none,True,medium,none,True,medium,none,False,low,bone_length_anomaly,False,low,bone_length_anomaly,True,medium,none,True,medium,none,True,medium,none,True,medium,none,True,medium,none,True,medium,none,True,medium,none,True,medium,none,False,low,occlusion,False,low,occlusion,False,low,occlusion,True,medium,none,True,medium,none,False,low,occlusion,False,low,occlusion,True,medium,none,True,medium,none,True,medium,none,True,medium,none,True,medium,none,True,medium,none
KVAL002,222,223,1,True,medium,none,True,medium,none,True,medium,none,True,medium,none,True,medium,none,True,medium,none,True,medium,none,True,medium,none,True,medium,none,False,low,bone_length_anomaly,False,low,bone_length_anomaly,True,medium,none,True,medium,none,True,medium,none,True,medium,none,True,medium,none,True,medium,none,True,medium,none,True,medium,none,False,low,occlusion,False,low,occlusion,False,low,occlusion,True,medium,none,True,medium,none,True,medium,none,True,medium,none,True,medium,none,True,medium,none,True,medium,none,True,medium,none,True,medium,none,True,medium,none
KVAL002,223,224,1,True,medium,none,True,medium,none,True,medium,none,True,medium,none,True,medium,none,True,medium,none,True,medium,none,True,medium,none,True,medium,none,False,low,bone_length_anomaly,False,low,bone_length_anomaly,True,medium,none,True,medium,none,True,medium,none,True,medium,none,True,medium,none,True,medium,none,True,medium,none,True,medium,none,False,low,occlusion,False,low,occlusion,False,low,occlusion,True,medium,none,True,medium,none,True,medium,none,True,medium,none,True,medium,none,True,medium,none,True,medium,none,True,medium,none,True,medium,none,True,medium,none
KVAL002,224,225,1,True,medium,none,True,medium,none,True,medium,none,True,medium,none,True,medium,none,True,medium,none,True,medium,none,True,medium,none,True,medium,none,False,low,bone_length_anomaly,False,low,bone_length_anomaly,True,medium,none,True,medium,none,True,medium,none,True,medium,none,True,medium,none,True,medium,none,True,medium,none,True,medium,none,False,low,occlusion,False,low,occlusion,False,low,occlusion,True,medium,none,True,medium,none,True,medium,none,True,medium,none,True,medium,none,True,medium,none,True,medium,none,True,medium,none,True,medium,none,True,medium,none
KVAL002,225,226,1,True,medium,none,True,medium,none,True,medium,none,True,medium,none,True,medium,none,True,medium,none,True,medium,none,True,medium,none,True,medium,none,False,low,occlusion,False,low,bone_length_anomaly,True,medium,none,True,medium,none,True,medium,none,True,medium,none,True,medium,none,True,medium,none,True,medium,none,True,medium,none,False,low,occlusion,False,low,occlusion,False,low,occlusion,True,medium,none,False,low,occlusion,False,low,occlusion,False,low,occlusion,True,medium,none,True,medium,none,True,medium,none,True,medium,none,True,medium,none,True,medium,none
KVAL002,226,227,1,True,medium,none,True,medium,none,True,medium,none,True,medium,none,True,medium,none,True,medium,none,True,medium,none,True,medium,none,True,medium,none,False,low,bone_length_anomaly,False,low,bone_length_anomaly,True,medium,none,True,medium,none,True,medium,none,True,medium,none,True,medium,none,True,medium,none,True,medium,none,True,medium,none,False,low,occlusion,False,low,occlusion,False,low,occlusion,True,medium,none,False,low,occlusion,False,low,occlusion,False,low,occlusion,True,medium,none,True,medium,none,True,medium,none,True,medium,none,True,medium,none,True,medium,none
KVAL002,227,228,1,True,medium,none,True,medium,none,True,medium,none,True,medium,none,True,medium,none,True,medium,none,True,medium,none,True,medium,none,True,medium,none,False,low,bone_length_anomaly,False,low,bone_length_anomaly,True,medium,none,True,medium,none,True,medium,none,True,medium,none,True,medium,none,True,medium,none,True,medium,none,True,medium,none,False,low,occlusion,False,low,occlusion,False,low,occlusion,True,medium,none,False,low,occlusion,False,low,occlusion,False,low,occlusion,True,medium,none,True,medium,none,True,medium,none,True,medium,none,True,medium,none,True,medium,none
KVAL002,228,229,1,True,medium,none,True,medium,none,True,medium,none,True,medium,none,True,medium,none,True,medium,none,True,medium,none,True,medium,none,True,medium,none,False,low,bone_length_anomaly,False,low,bone_length_anomaly,True,medium,none,True,medium,none,True,medium,none,True,medium,none,True,medium,none,True,medium,none,True,medium,none,True,medium,none,False,low,occlusion,False,low,occlusion,False,low,occlusion,True,medium,none,False,low,occlusion,False,low,occlusion,False,low,occlusion,True,medium,none,True,medium,none,True,medium,none,True,medium,none,True,medium,none,True,medium,none
KVAL002,229,230,1,True,medium,none,True,medium,none,True,medium,none,True,medium,none,True,medium,none,True,medium,none,True,medium,none,True,medium,none,True,medium,none,False,low,bone_length_anomaly,False,low,bone_length_anomaly,True,medium,none,True,medium,none,True,medium,none,True,medium,none,True,medium,none,True,medium,none,True,medium,none,True,medium,none,False,low,occlusion,False,low,occlusion,False,low,occlusion,True,medium,none,True,medium,none,True,medium,none,True,medium,none,True,medium,none,True,medium,none,True,medium,none,True,medium,none,True,medium,none,True,medium,none
KVAL002,230,231,1,True,medium,none,True,medium,none,True,medium,none,True,medium,none,True,medium,none,True,medium,none,True,medium,none,True,medium,none,True,medium,none,False,low,bone_length_anomaly,False,low,occlusion,True,medium,none,True,medium,none,True,medium,none,True,medium,none,True,medium,none,True,medium,none,True,medium,none,True,medium,none,False,low,occlusion,False,low,occlusion,False,low,occlusion,True,medium,none,False,low,occlusion,False,low,occlusion,False,low,occlusion,True,medium,none,True,medium,none,True,medium,none,True,medium,none,True,medium,none,True,medium,none
KVAL002,231,232,1,True,medium,none,True,medium,none,True,medium,none,True,medium,none,True,medium,none,True,medium,none,True,medium,none,False,low,occlusion,False,low,occlusion,False,low,occlusion,False,low,occlusion,True,medium,none,True,medium,none,True,medium,none,True,medium,none,True,medium,none,True,medium,none,True,medium,none,True,medium,none,False,low,occlusion,False,low,occlusion,False,low,occlusion,True,medium,none,False,low,occlusion,False,low,occlusion,False,low,occlusion,True,medium,none,True,medium,none,True,medium,none,True,medium,none,True,medium,none,True,medium,none
KVAL002,232,233,1,True,medium,none,True,medium,none,True,medium,none,True,medium,none,True,medium,none,True,medium,none,True,medium,none,True,medium,none,False,low,occlusion,False,low,occlusion,False,low,bone_length_anomaly,True,medium,none,True,medium,none,True,medium,none,True,medium,none,True,medium,none,True,medium,none,True,medium,none,True,medium,none,False,low,occlusion,False,low,occlusion,False,low,occlusion,True,medium,none,False,low,occlusion,False,low,occlusion,False,low,occlusion,True,medium,none,True,medium,none,True,medium,none,True,medium,none,True,medium,none,True,medium,none
KVAL002,233,234,1,True,medium,none,True,medium,none,True,medium,none,True,medium,none,True,medium,none,True,medium,none,True,medium,none,True,medium,none,False,low,occlusion,False,low,occlusion,False,low,bone_length_anomaly,True,medium,none,True,medium,none,True,medium,none,True,medium,none,True,medium,none,True,medium,none,True,medium,none,True,medium,none,False,low,occlusion,False,low,occlusion,False,low,occlusion,True,medium,none,False,low,occlusion,False,low,occlusion,False,low,occlusion,True,medium,none,True,medium,none,True,medium,none,True,medium,none,True,medium,none,True,medium,none
KVAL002,234,235,1,True,medium,none,True,medium,none,True,medium,none,True,medium,none,True,medium,none,True,medium,none,True,medium,none,True,medium,none,True,medium,none,False,low,bone_length_anomaly,False,low,bone_length_anomaly,True,medium,none,True,medium,none,True,medium,none,True,medium,none,True,medium,none,True,medium,none,True,medium,none,True,medium,none,False,low,occlusion,False,low,occlusion,False,low,occlusion,True,medium,none,False,low,occlusion,False,low,occlusion,False,low,occlusion,True,medium,none,True,medium,none,True,medium,none,True,medium,none,True,medium,none,True,medium,none
KVAL002,235,236,1,True,medium,none,True,medium,none,True,medium,none,True,medium,none,True,medium,none,True,medium,none,True,medium,none,True,medium,none,True,medium,none,False,low,bone_length_anomaly,False,low,bone_length_anomaly,True,medium,none,True,medium,none,True,medium,none,True,medium,none,True,medium,none,True,medium,none,True,medium,none,False,low,occlusion,False,low,occlusion,False,low,occlusion,False,low,occlusion,True,medium,none,False,low,occlusion,False,low,occlusion,False,low,occlusion,True,medium,none,True,medium,none,True,medium,none,True,medium,none,True,medium,none,True,medium,none
KVAL002,236,237,1,True,medium,none,True,medium,none,True,medium,none,True,medium,none,True,medium,none,True,medium,none,True,medium,none,True,medium,none,True,medium,none,False,low,occlusion,False,low,occlusion,True,medium,none,True,medium,none,True,medium,none,True,medium,none,True,medium,none,True,medium,none,True,medium,none,False,low,occlusion,False,low,occlusion,False,low,occlusion,False,low,occlusion,True,medium,none,False,low,occlusion,False,low,occlusion,False,low,occlusion,True,medium,none,True,medium,none,True,medium,none,True,medium,none,True,medium,none,True,medium,none
KVAL002,237,238,1,True,medium,none,True,medium,none,True,medium,none,True,medium,none,True,medium,none,True,medium,none,True,medium,none,True,medium,none,True,medium,none,False,low,occlusion,False,low,occlusion,True,medium,none,True,medium,none,True,medium,none,True,medium,none,True,medium,none,True,medium,none,True,medium,none,False,low,occlusion,False,low,occlusion,False,low,occlusion,False,low,occlusion,True,medium,none,False,low,occlusion,False,low,occlusion,False,low,occlusion,True,medium,none,True,medium,none,True,medium,none,True,medium,none,True,medium,none,True,medium,none
KVAL002,238,239,1,True,medium,none,True,medium,none,True,medium,none,True,medium,none,True,medium,none,True,medium,none,True,medium,none,True,medium,none,True,medium,none,False,low,bone_length_anomaly,False,low,occlusion,True,medium,none,True,medium,none,True,medium,none,True,medium,none,True,medium,none,True,medium,none,True,medium,none,True,medium,none,False,low,occlusion,False,low,occlusion,False,low,occlusion,True,medium,none,False,low,occlusion,False,low,occlusion,False,low,occlusion,True,medium,none,True,medium,none,True,medium,none,True,medium,none,True,medium,none,True,medium,none
KVAL002,239,240,1,True,medium,none,True,medium,none,True,medium,none,True,medium,none,True,medium,none,True,medium,none,True,medium,none,True,medium,none,True,medium,none,False,low,bone_length_anomaly,False,low,bone_length_anomaly,True,medium,none,True,medium,none,True,medium,none,True,medium,none,True,medium,none,True,medium,none,True,medium,none,False,low,occlusion,False,low,occlusion,False,low,occlusion,False,low,occlusion,True,medium,none,False,low,occlusion,False,low,occlusion,False,low,occlusion,True,medium,none,True,medium,none,True,medium,none,True,medium,none,True,medium,none,True,medium,none
KVAL002,240,241,1,True,medium,none,True,medium,none,True,medium,none,True,medium,none,True,medium,none,True,medium,none,True,medium,none,True,medium,none,False,low,occlusion,False,low,occlusion,False,low,bone_length_anomaly,True,medium,none,True,medium,none,True,medium,none,True,medium,none,True,medium,none,True,medium,none,True,medium,none,False,low,occlusion,False,low,occlusion,False,low,occlusion,False,low,occlusion,False,low,occlusion,False,low,occlusion,False,low,occlusion,False,low,occlusion,True,medium,none,True,medium,none,True,medium,none,True,medium,none,True,medium,none,True,medium,none
KVAL002,241,242,1,True,medium,none,True,medium,none,True,medium,none,True,medium,none,True,medium,none,True,medium,none,True,medium,none,True,medium,none,True,medium,none,False,low,bone_length_anomaly,False,low,bone_length_anomaly,True,medium,none,True,medium,none,True,medium,none,True,medium,none,True,medium,none,True,medium,none,True,medium,none,False,low,occlusion,False,low,occlusion,False,low,occlusion,False,low,occlusion,True,medium,none,False,low,occlusion,False,low,occlusion,False,low,occlusion,True,medium,none,True,medium,none,True,medium,none,True,medium,none,True,medium,none,True,medium,none
KVAL002,242,243,1,True,medium,none,True,medium,none,True,medium,none,True,medium,none,True,medium,none,True,medium,none,True,medium,none,True,medium,none,True,medium,none,False,low,bone_length_anomaly,False,low,bone_length_anomaly,True,medium,none,True,medium,none,True,medium,none,True,medium,none,True,medium,none,True,medium,none,True,medium,none,True,medium,none,False,low,occlusion,False,low,occlusion,False,low,occlusion,True,medium,none,False,low,occlusion,False,low,occlusion,False,low,occlusion,True,medium,none,True,medium,none,True,medium,none,True,medium,none,True,medium,none,True,medium,none
KVAL002,243,244,1,True,medium,none,True,medium,none,True,medium,none,True,medium,none,True,medium,none,True,medium,none,True,medium,none,True,medium,none,True,medium,none,False,low,bone_length_anomaly,False,low,bone_length_anomaly,True,medium,none,True,medium,none,True,medium,none,True,medium,none,True,medium,none,True,medium,none,True,medium,none,False,low,occlusion,False,low,occlusion,False,low,occlusion,False,low,occlusion,True,medium,none,False,low,occlusion,False,low,occlusion,False,low,occlusion,True,medium,none,True,medium,none,True,medium,none,True,medium,none,True,medium,none,True,medium,none
KVAL002,244,245,1,True,medium,none,True,medium,none,True,medium,none,True,medium,none,True,medium,none,True,medium,none,True,medium,none,True,medium,none,False,low,occlusion,False,low,occlusion,False,low,occlusion,True,medium,none,True,medium,none,True,medium,none,True,medium,none,True,medium,none,True,medium,none,True,medium,none,True,medium,none,False,low,occlusion,False,low,occlusion,False,low,occlusion,True,medium,none,False,low,occlusion,False,low,occlusion,False,low,occlusion,True,medium,none,True,medium,none,True,medium,none,True,medium,none,True,medium,none,True,medium,none
KVAL002,245,246,1,True,medium,none,True,medium,none,True,medium,none,True,medium,none,True,medium,none,True,medium,none,True,medium,none,True,medium,none,True,medium,none,False,low,bone_length_anomaly,False,low,bone_length_anomaly,True,medium,none,True,medium,none,True,medium,none,True,medium,none,True,medium,none,True,medium,none,True,medium,none,False,low,occlusion,False,low,occlusion,False,low,occlusion,False,low,occlusion,True,medium,none,False,low,occlusion,False,low,occlusion,False,low,occlusion,True,medium,none,True,medium,none,True,medium,none,True,medium,none,True,medium,none,True,medium,none
KVAL002,246,247,1,True,medium,none,True,medium,none,True,medium,none,True,medium,none,True,medium,none,True,medium,none,True,medium,none,True,medium,none,True,medium,none,False,low,bone_length_anomaly,False,low,bone_length_anomaly,True,medium,none,True,medium,none,True,medium,none,True,medium,none,True,medium,none,True,medium,none,True,medium,none,True,medium,none,False,low,occlusion,False,low,occlusion,False,low,occlusion,True,medium,none,False,low,occlusion,False,low,occlusion,False,low,occlusion,True,medium,none,True,medium,none,True,medium,none,True,medium,none,True,medium,none,True,medium,none
KVAL002,247,248,1,True,medium,none,True,medium,none,True,medium,none,True,medium,none,True,medium,none,True,medium,none,True,medium,none,True,medium,none,True,medium,none,False,low,bone_length_anomaly,False,low,bone_length_anomaly,True,medium,none,True,medium,none,True,medium,none,True,medium,none,True,medium,none,True,medium,none,True,medium,none,False,low,occlusion,False,low,occlusion,False,low,occlusion,False,low,occlusion,True,medium,none,False,low,occlusion,False,low,occlusion,False,low,occlusion,True,medium,none,True,medium,none,True,medium,none,True,medium,none,True,medium,none,True,medium,none
KVAL002,248,249,1,True,medium,none,True,medium,none,True,medium,none,True,medium,none,True,medium,none,True,medium,none,True,medium,none,True,medium,none,True,medium,none,False,low,bone_length_anomaly,False,low,bone_length_anomaly,True,medium,none,True,medium,none,True,medium,none,True,medium,none,True,medium,none,True,medium,none,True,medium,none,False,low,occlusion,False,low,occlusion,False,low,occlusion,False,low,occlusion,True,medium,none,False,low,occlusion,False,low,occlusion,False,low,occlusion,True,medium,none,True,medium,none,True,medium,none,True,medium,none,True,medium,none,True,medium,none
KVAL002,249,250,1,True,medium,none,True,medium,none,True,medium,none,True,medium,none,True,medium,none,True,medium,none,True,medium,none,True,medium,none,True,medium,none,False,low,bone_length_anomaly,False,low,bone_length_anomaly,True,medium,none,True,medium,none,True,medium,none,True,medium,none,True,medium,none,True,medium,none,True,medium,none,True,medium,none,False,low,occlusion,False,low,occlusion,False,low,occlusion,True,medium,none,False,low,occlusion,False,low,occlusion,False,low,occlusion,True,medium,none,True,medium,none,True,medium,none,True,medium,none,True,medium,none,True,medium,none
KVAL002,250,251,1,True,medium,none,True,medium,none,True,medium,none,True,medium,none,True,medium,none,True,medium,none,True,medium,none,True,medium,none,True,medium,none,False,low,bone_length_anomaly,False,low,bone_length_anomaly,True,medium,none,True,medium,none,True,medium,none,True,medium,none,True,medium,none,True,medium,none,True,medium,none,False,low,occlusion,False,low,occlusion,False,low,occlusion,False,low,occlusion,True,medium,none,False,low,occlusion,False,low,occlusion,False,low,occlusion,True,medium,none,True,medium,none,True,medium,none,True,medium,none,True,medium,none,True,medium,none
KVAL002,251,252,1,True,medium,none,True,medium,none,True,medium,none,True,medium,none,True,medium,none,True,medium,none,True,medium,none,True,medium,none,True,medium,none,False,low,bone_length_anomaly,False,low,bone_length_anomaly,True,medium,none,True,medium,none,True,medium,none,True,medium,none,True,medium,none,True,medium,none,True,medium,none,True,medium,none,False,low,occlusion,False,low,occlusion,False,low,occlusion,True,medium,none,False,low,occlusion,False,low,occlusion,False,low,occlusion,True,medium,none,True,medium,none,True,medium,none,True,medium,none,True,medium,none,True,medium,none
KVAL002,252,253,1,True,medium,none,True,medium,none,True,medium,none,True,medium,none,True,medium,none,True,medium,none,True,medium,none,True,medium,none,True,medium,none,False,low,bone_length_anomaly,False,low,bone_length_anomaly,True,medium,none,True,medium,none,True,medium,none,True,medium,none,True,medium,none,True,medium,none,True,medium,none,False,low,occlusion,False,low,occlusion,False,low,occlusion,False,low,occlusion,True,medium,none,False,low,occlusion,False,low,occlusion,False,low,occlusion,True,medium,none,True,medium,none,True,medium,none,True,medium,none,True,medium,none,True,medium,none
KVAL002,253,254,1,True,medium,none,True,medium,none,True,medium,none,True,medium,none,True,medium,none,True,medium,none,True,medium,none,True,medium,none,True,medium,none,False,low,bone_length_anomaly,False,low,bone_length_anomaly,True,medium,none,True,medium,none,True,medium,none,True,medium,none,True,medium,none,True,medium,none,True,medium,none,True,medium,none,False,low,occlusion,False,low,occlusion,False,low,occlusion,True,medium,none,False,low,occlusion,False,low,occlusion,False,low,occlusion,True,medium,none,True,medium,none,True,medium,none,True,medium,none,True,medium,none,True,medium,none
KVAL002,254,255,1,True,medium,none,True,medium,none,True,medium,none,True,medium,none,True,medium,none,True,medium,none,True,medium,none,True,medium,none,True,medium,none,False,low,bone_length_anomaly,False,low,bone_length_anomaly,True,medium,none,True,medium,none,True,medium,none,True,medium,none,True,medium,none,True,medium,none,True,medium,none,True,medium,none,False,low,occlusion,False,low,occlusion,False,low,occlusion,True,medium,none,False,low,occlusion,False,low,occlusion,False,low,occlusion,True,medium,none,True,medium,none,True,medium,none,True,medium,none,True,medium,none,True,medium,none
KVAL002,255,256,1,True,medium,none,True,medium,none,True,medium,none,True,medium,none,True,medium,none,True,medium,none,True,medium,none,True,medium,none,True,medium,none,False,low,bone_length_anomaly,False,low,bone_length_anomaly,True,medium,none,True,medium,none,True,medium,none,True,medium,none,True,medium,none,True,medium,none,True,medium,none,True,medium,none,False,low,occlusion,False,low,occlusion,False,low,occlusion,True,medium,none,False,low,occlusion,False,low,occlusion,False,low,occlusion,True,medium,none,True,medium,none,True,medium,none,True,medium,none,True,medium,none,True,medium,none
KVAL002,256,257,1,True,medium,none,True,medium,none,True,medium,none,True,medium,none,True,medium,none,True,medium,none,True,medium,none,True,medium,none,True,medium,none,False,low,bone_length_anomaly,False,low,bone_length_anomaly,True,medium,none,True,medium,none,True,medium,none,True,medium,none,True,medium,none,True,medium,none,True,medium,none,False,low,occlusion,False,low,occlusion,False,low,occlusion,False,low,occlusion,True,medium,none,False,low,occlusion,False,low,occlusion,False,low,occlusion,True,medium,none,True,medium,none,True,medium,none,True,medium,none,True,medium,none,True,medium,none
KVAL002,257,258,1,True,medium,none,True,medium,none,True,medium,none,True,medium,none,True,medium,none,True,medium,none,True,medium,none,True,medium,none,True,medium,none,False,low,bone_length_anomaly,False,low,bone_length_anomaly,True,medium,none,True,medium,none,True,medium,none,True,medium,none,True,medium,none,True,medium,none,True,medium,none,False,low,occlusion,False,low,occlusion,False,low,occlusion,False,low,occlusion,True,medium,none,False,low,occlusion,False,low,occlusion,False,low,occlusion,True,medium,none,True,medium,none,True,medium,none,True,medium,none,True,medium,none,True,medium,none
KVAL002,258,259,1,True,medium,none,True,medium,none,True,medium,none,True,medium,none,True,medium,none,True,medium,none,True,medium,none,True,medium,none,True,medium,none,False,low,bone_length_anomaly,False,low,bone_length_anomaly,True,medium,none,True,medium,none,True,medium,none,True,medium,none,True,medium,none,True,medium,none,True,medium,none,False,low,occlusion,False,low,occlusion,False,low,occlusion,False,low,occlusion,True,medium,none,False,low,occlusion,False,low,occlusion,False,low,occlusion,True,medium,none,True,medium,none,True,medium,none,True,medium,none,True,medium,none,True,medium,none
KVAL002,259,260,1,True,medium,none,True,medium,none,True,medium,none,True,medium,none,True,medium,none,True,medium,none,True,medium,none,True,medium,none,True,medium,none,False,low,bone_length_anomaly,False,low,bone_length_anomaly,True,medium,none,True,medium,none,True,medium,none,True,medium,none,True,medium,none,True,medium,none,True,medium,none,False,low,occlusion,False,low,occlusion,False,low,occlusion,False,low,occlusion,True,medium,none,False,low,occlusion,False,low,occlusion,False,low,occlusion,True,medium,none,True,medium,none,True,medium,none,True,medium,none,True,medium,none,True,medium,none
KVAL002,260,261,1,True,medium,none,True,medium,none,True,medium,none,True,medium,none,True,medium,none,True,medium,none,True,medium,none,True,medium,none,True,medium,none,False,low,bone_length_anomaly,False,low,bone_length_anomaly,True,medium,none,True,medium,none,True,medium,none,True,medium,none,True,medium,none,True,medium,none,True,medium,none,False,low,occlusion,False,low,occlusion,False,low,occlusion,False,low,occlusion,True,medium,none,False,low,occlusion,False,low,occlusion,False,low,occlusion,True,medium,none,True,medium,none,True,medium,none,True,medium,none,True,medium,none,True,medium,none
KVAL002,261,262,1,True,medium,none,True,medium,none,True,medium,none,True,medium,none,True,medium,none,True,medium,none,True,medium,none,True,medium,none,True,medium,none,False,low,bone_length_anomaly,False,low,bone_length_anomaly,True,medium,none,True,medium,none,True,medium,none,True,medium,none,True,medium,none,True,medium,none,True,medium,none,True,medium,none,False,low,occlusion,False,low,occlusion,False,low,occlusion,True,medium,none,False,low,occlusion,False,low,occlusion,False,low,occlusion,True,medium,none,True,medium,none,True,medium,none,True,medium,none,True,medium,none,True,medium,none
KVAL002,262,263,1,True,medium,none,True,medium,none,True,medium,none,True,medium,none,True,medium,none,True,medium,none,True,medium,none,True,medium,none,True,medium,none,False,low,bone_length_anomaly,False,low,bone_length_anomaly,True,medium,none,True,medium,none,True,medium,none,True,medium,none,True,medium,none,True,medium,none,True,medium,none,True,medium,none,False,low,occlusion,False,low,occlusion,False,low,occlusion,True,medium,none,False,low,occlusion,False,low,occlusion,False,low,occlusion,True,medium,none,True,medium,none,True,medium,none,True,medium,none,True,medium,none,True,medium,none
KVAL002,263,264,1,True,medium,none,True,medium,none,True,medium,none,True,medium,none,True,medium,none,True,medium,none,True,medium,none,True,medium,none,True,medium,none,False,low,bone_length_anomaly,False,low,bone_length_anomaly,True,medium,none,True,medium,none,True,medium,none,True,medium,none,True,medium,none,True,medium,none,True,medium,none,True,medium,none,False,low,occlusion,False,low,occlusion,False,low,occlusion,True,medium,none,False,low,occlusion,False,low,occlusion,False,low,occlusion,True,medium,none,True,medium,none,True,medium,none,True,medium,none,True,medium,none,True,medium,none
KVAL002,264,265,1,True,medium,none,True,medium,none,True,medium,none,True,medium,none,True,medium,none,True,medium,none,True,medium,none,True,medium,none,True,medium,none,False,low,bone_length_anomaly,False,low,bone_length_anomaly,True,medium,none,True,medium,none,True,medium,none,True,medium,none,True,medium,none,True,medium,none,True,medium,none,False,low,occlusion,False,low,occlusion,False,low,occlusion,False,low,occlusion,True,medium,none,False,low,occlusion,False,low,occlusion,False,low,occlusion,True,medium,none,True,medium,none,True,medium,none,True,medium,none,True,medium,none,True,medium,none
KVAL002,265,266,1,True,medium,none,True,medium,none,True,medium,none,True,medium,none,True,medium,none,True,medium,none,True,medium,none,True,medium,none,True,medium,none,False,low,bone_length_anomaly,False,low,bone_length_anomaly,True,medium,none,True,medium,none,True,medium,none,True,medium,none,True,medium,none,True,medium,none,True,medium,none,True,medium,none,False,low,occlusion,False,low,occlusion,False,low,occlusion,True,medium,none,False,low,occlusion,False,low,occlusion,False,low,occlusion,True,medium,none,True,medium,none,True,medium,none,True,medium,none,True,medium,none,True,medium,none
KVAL002,266,267,1,True,medium,none,True,medium,none,True,medium,none,True,medium,none,True,medium,none,True,medium,none,True,medium,none,True,medium,none,True,medium,none,False,low,bone_length_anomaly,False,low,bone_length_anomaly,True,medium,none,True,medium,none,True,medium,none,True,medium,none,True,medium,none,True,medium,none,True,medium,none,True,medium,none,False,low,occlusion,False,low,occlusion,False,low,occlusion,False,low,occlusion,False,low,occlusion,False,low,occlusion,False,low,occlusion,True,medium,none,True,medium,none,True,medium,none,True,medium,none,True,medium,none,True,medium,none
KVAL002,267,268,1,True,medium,none,True,medium,none,True,medium,none,True,medium,none,True,medium,none,True,medium,none,True,medium,none,True,medium,none,True,medium,none,False,low,bone_length_anomaly,False,low,bone_length_anomaly,True,medium,none,True,medium,none,True,medium,none,True,medium,none,True,medium,none,True,medium,none,True,medium,none,True,medium,none,False,low,occlusion,False,low,occlusion,False,low,occlusion,True,medium,none,False,low,occlusion,False,low,occlusion,False,low,occlusion,True,medium,none,True,medium,none,True,medium,none,True,medium,none,True,medium,none,True,medium,none
KVAL002,268,269,1,True,medium,none,True,medium,none,True,medium,none,True,medium,none,True,medium,none,True,medium,none,True,medium,none,True,medium,none,True,medium,none,False,low,bone_length_anomaly,False,low,bone_length_anomaly,True,medium,none,True,medium,none,True,medium,none,True,medium,none,True,medium,none,True,medium,none,True,medium,none,True,medium,none,False,low,occlusion,False,low,occlusion,False,low,occlusion,True,medium,none,False,low,occlusion,False,low,occlusion,False,low,occlusion,True,medium,none,True,medium,none,True,medium,none,True,medium,none,True,medium,none,True,medium,none
KVAL002,269,270,1,True,medium,none,True,medium,none,True,medium,none,True,medium,none,True,medium,none,True,medium,none,True,medium,none,True,medium,none,True,medium,none,False,low,bone_length_anomaly,False,low,bone_length_anomaly,True,medium,none,True,medium,none,True,medium,none,True,medium,none,True,medium,none,True,medium,none,True,medium,none,True,medium,none,False,low,occlusion,False,low,occlusion,False,low,occlusion,True,medium,none,False,low,occlusion,False,low,occlusion,False,low,occlusion,True,medium,none,True,medium,none,True,medium,none,True,medium,none,True,medium,none,True,medium,none
KVAL002,270,271,1,True,medium,none,True,medium,none,True,medium,none,True,medium,none,True,medium,none,True,medium,none,True,medium,none,True,medium,none,True,medium,none,False,low,bone_length_anomaly,False,low,bone_length_anomaly,True,medium,none,True,medium,none,True,medium,none,True,medium,none,True,medium,none,True,medium,none,True,medium,none,True,medium,none,False,low,occlusion,False,low,occlusion,False,low,occlusion,False,low,occlusion,False,low,occlusion,False,low,occlusion,False,low,occlusion,True,medium,none,True,medium,none,True,medium,none,True,medium,none,True,medium,none,True,medium,none
KVAL002,271,272,1,True,medium,none,True,medium,none,True,medium,none,True,medium,none,True,medium,none,True,medium,none,True,medium,none,True,medium,none,True,medium,none,False,low,bone_length_anomaly,False,low,bone_length_anomaly,True,medium,none,True,medium,none,True,medium,none,True,medium,none,True,medium,none,True,medium,none,True,medium,none,True,medium,none,False,low,occlusion,False,low,occlusion,False,low,occlusion,True,medium,none,False,low,occlusion,False,low,occlusion,False,low,occlusion,True,medium,none,True,medium,none,True,medium,none,True,medium,none,True,medium,none,True,medium,none
KVAL002,272,273,1,True,medium,none,True,medium,none,True,medium,none,True,medium,none,True,medium,none,True,medium,none,True,medium,none,True,medium,none,True,medium,none,False,low,bone_length_anomaly,False,low,bone_length_anomaly,True,medium,none,True,medium,none,True,medium,none,True,medium,none,True,medium,none,True,medium,none,True,medium,none,True,medium,none,False,low,occlusion,False,low,occlusion,False,low,occlusion,True,medium,none,False,low,occlusion,False,low,occlusion,False,low,occlusion,True,medium,none,True,medium,none,True,medium,none,True,medium,none,True,medium,none,True,medium,none
KVAL002,273,274,1,True,medium,none,True,medium,none,True,medium,none,True,medium,none,True,medium,none,True,medium,none,True,medium,none,True,medium,none,True,medium,none,False,low,bone_length_anomaly,False,low,bone_length_anomaly,True,medium,none,True,medium,none,True,medium,none,True,medium,none,True,medium,none,True,medium,none,True,medium,none,True,medium,none,False,low,occlusion,False,low,occlusion,False,low,occlusion,False,low,occlusion,False,low,occlusion,False,low,occlusion,False,low,occlusion,True,medium,none,True,medium,none,True,medium,none,True,medium,none,True,medium,none,True,medium,none
KVAL002,274,275,1,True,medium,none,True,medium,none,True,medium,none,True,medium,none,True,medium,none,True,medium,none,True,medium,none,True,medium,none,True,medium,none,False,low,bone_length_anomaly,False,low,bone_length_anomaly,True,medium,none,True,medium,none,True,medium,none,True,medium,none,True,medium,none,True,medium,none,True,medium,none,True,medium,none,False,low,occlusion,False,low,occlusion,False,low,occlusion,True,medium,none,False,low,occlusion,False,low,occlusion,False,low,occlusion,True,medium,none,True,medium,none,True,medium,none,True,medium,none,True,medium,none,True,medium,none
KVAL002,275,276,1,True,medium,none,True,medium,none,True,medium,none,True,medium,none,True,medium,none,True,medium,none,True,medium,none,True,medium,none,True,medium,none,False,low,bone_length_anomaly,False,low,bone_length_anomaly,True,medium,none,True,medium,none,True,medium,none,True,medium,none,True,medium,none,True,medium,none,True,medium,none,True,medium,none,False,low,occlusion,False,low,occlusion,False,low,occlusion,True,medium,none,False,low,occlusion,False,low,occlusion,False,low,occlusion,True,medium,none,True,medium,none,True,medium,none,True,medium,none,True,medium,none,True,medium,none
KVAL002,276,277,1,True,medium,none,True,medium,none,True,medium,none,True,medium,none,True,medium,none,True,medium,none,True,medium,none,True,medium,none,True,medium,none,False,low,bone_length_anomaly,False,low,bone_length_anomaly,True,medium,none,True,medium,none,True,medium,none,True,medium,none,True,medium,none,True,medium,none,True,medium,none,True,medium,none,False,low,occlusion,False,low,occlusion,False,low,occlusion,True,medium,none,False,low,occlusion,False,low,occlusion,False,low,occlusion,True,medium,none,True,medium,none,True,medium,none,True,medium,none,True,medium,none,True,medium,none
KVAL002,277,278,1,True,medium,none,True,medium,none,True,medium,none,True,medium,none,True,medium,none,True,medium,none,True,medium,none,True,medium,none,True,medium,none,False,low,bone_length_anomaly,False,low,bone_length_anomaly,True,medium,none,True,medium,none,True,medium,none,True,medium,none,True,medium,none,True,medium,none,True,medium,none,True,medium,none,False,low,occlusion,False,low,occlusion,False,low,occlusion,True,medium,none,False,low,occlusion,False,low,occlusion,False,low,occlusion,True,medium,none,True,medium,none,True,medium,none,True,medium,none,True,medium,none,True,medium,none
KVAL002,278,279,1,True,medium,none,True,medium,none,True,medium,none,True,medium,none,True,medium,none,True,medium,none,True,medium,none,True,medium,none,True,medium,none,False,low,bone_length_anomaly,False,low,bone_length_anomaly,True,medium,none,True,medium,none,True,medium,none,True,medium,none,True,medium,none,True,medium,none,True,medium,none,True,medium,none,False,low,occlusion,False,low,occlusion,False,low,occlusion,True,medium,none,False,low,occlusion,False,low,occlusion,False,low,occlusion,True,medium,none,True,medium,none,True,medium,none,True,medium,none,True,medium,none,True,medium,none
KVAL002,279,280,1,True,medium,none,True,medium,none,True,medium,none,True,medium,none,True,medium,none,True,medium,none,True,medium,none,True,medium,none,True,medium,none,False,low,bone_length_anomaly,False,low,bone_length_anomaly,True,medium,none,True,medium,none,True,medium,none,True,medium,none,True,medium,none,True,medium,none,True,medium,none,True,medium,none,False,low,occlusion,False,low,occlusion,False,low,occlusion,True,medium,none,False,low,occlusion,False,low,occlusion,False,low,occlusion,True,medium,none,True,medium,none,True,medium,none,True,medium,none,True,medium,none,True,medium,none
KVAL002,280,281,1,True,medium,none,True,medium,none,True,medium,none,True,medium,none,True,medium,none,True,medium,none,True,medium,none,True,medium,none,True,medium,none,False,low,bone_length_anomaly,False,low,bone_length_anomaly,True,medium,none,True,medium,none,True,medium,none,True,medium,none,True,medium,none,True,medium,none,True,medium,none,True,medium,none,False,low,occlusion,False,low,occlusion,False,low,occlusion,True,medium,none,False,low,occlusion,False,low,occlusion,False,low,occlusion,True,medium,none,True,medium,none,True,medium,none,True,medium,none,True,medium,none,True,medium,none
KVAL002,281,282,1,True,medium,none,True,medium,none,True,medium,none,True,medium,none,True,medium,none,True,medium,none,True,medium,none,True,medium,none,True,medium,none,False,low,bone_length_anomaly,False,low,bone_length_anomaly,True,medium,none,True,medium,none,True,medium,none,True,medium,none,True,medium,none,True,medium,none,True,medium,none,True,medium,none,False,low,occlusion,False,low,occlusion,False,low,occlusion,True,medium,none,False,low,occlusion,False,low,occlusion,False,low,occlusion,True,medium,none,True,medium,none,True,medium,none,True,medium,none,True,medium,none,True,medium,none
KVAL002,282,283,1,True,medium,none,True,medium,none,True,medium,none,True,medium,none,True,medium,none,True,medium,none,True,medium,none,True,medium,none,True,medium,none,False,low,bone_length_anomaly,False,low,bone_length_anomaly,True,medium,none,True,medium,none,True,medium,none,True,medium,none,True,medium,none,True,medium,none,True,medium,none,True,medium,none,False,low,occlusion,False,low,occlusion,False,low,occlusion,True,medium,none,False,low,occlusion,False,low,occlusion,False,low,occlusion,True,medium,none,True,medium,none,True,medium,none,True,medium,none,True,medium,none,True,medium,none
KVAL002,283,284,1,True,medium,none,True,medium,none,True,medium,none,True,medium,none,True,medium,none,True,medium,none,True,medium,none,True,medium,none,False,low,occlusion,False,low,occlusion,False,low,occlusion,True,medium,none,True,medium,none,True,medium,none,True,medium,none,True,medium,none,True,medium,none,True,medium,none,True,medium,none,False,low,occlusion,False,low,occlusion,False,low,occlusion,True,medium,none,False,low,occlusion,False,low,occlusion,False,low,occlusion,True,medium,none,True,medium,none,True,medium,none,True,medium,none,True,medium,none,True,medium,none
KVAL002,284,285,1,True,medium,none,True,medium,none,True,medium,none,True,medium,none,True,medium,none,True,medium,none,True,medium,none,True,medium,none,True,medium,none,False,low,bone_length_anomaly,False,low,occlusion,True,medium,none,True,medium,none,True,medium,none,True,medium,none,True,medium,none,True,medium,none,True,medium,none,True,medium,none,False,low,occlusion,False,low,occlusion,False,low,occlusion,True,medium,none,False,low,occlusion,False,low,occlusion,False,low,occlusion,True,medium,none,True,medium,none,True,medium,none,True,medium,none,True,medium,none,True,medium,none
KVAL002,285,286,1,True,medium,none,True,medium,none,True,medium,none,True,medium,none,True,medium,none,True,medium,none,True,medium,none,True,medium,none,True,medium,none,False,low,bone_length_anomaly,False,low,bone_length_anomaly,True,medium,none,True,medium,none,True,medium,none,True,medium,none,True,medium,none,True,medium,none,True,medium,none,True,medium,none,False,low,occlusion,False,low,occlusion,False,low,occlusion,True,medium,none,False,low,occlusion,False,low,occlusion,False,low,occlusion,True,medium,none,True,medium,none,True,medium,none,True,medium,none,True,medium,none,True,medium,none
KVAL002,286,287,1,True,medium,none,True,medium,none,True,medium,none,True,medium,none,True,medium,none,True,medium,none,True,medium,none,True,medium,none,True,medium,none,False,low,bone_length_anomaly,False,low,bone_length_anomaly,True,medium,none,True,medium,none,True,medium,none,True,medium,none,True,medium,none,True,medium,none,True,medium,none,True,medium,none,False,low,occlusion,False,low,occlusion,False,low,occlusion,True,medium,none,False,low,occlusion,False,low,occlusion,False,low,occlusion,True,medium,none,True,medium,none,True,medium,none,True,medium,none,True,medium,none,True,medium,none
KVAL002,287,288,1,True,medium,none,True,medium,none,True,medium,none,True,medium,none,True,medium,none,True,medium,none,True,medium,none,True,medium,none,True,medium,none,False,low,bone_length_anomaly,False,low,bone_length_anomaly,True,medium,none,True,medium,none,True,medium,none,True,medium,none,True,medium,none,True,medium,none,True,medium,none,True,medium,none,False,low,occlusion,False,low,occlusion,False,low,occlusion,True,medium,none,False,low,occlusion,False,low,occlusion,False,low,occlusion,True,medium,none,True,medium,none,True,medium,none,True,medium,none,True,medium,none,True,medium,none
KVAL002,288,289,1,True,medium,none,True,medium,none,True,medium,none,True,medium,none,True,medium,none,True,medium,none,True,medium,none,True,medium,none,True,medium,none,False,low,bone_length_anomaly,False,low,bone_length_anomaly,True,medium,none,True,medium,none,True,medium,none,True,medium,none,True,medium,none,True,medium,none,True,medium,none,True,medium,none,False,low,occlusion,False,low,occlusion,False,low,occlusion,True,medium,none,False,low,occlusion,False,low,occlusion,False,low,occlusion,True,medium,none,True,medium,none,True,medium,none,True,medium,none,True,medium,none,True,medium,none
KVAL002,289,290,1,True,medium,none,True,medium,none,True,medium,none,True,medium,none,True,medium,none,True,medium,none,True,medium,none,True,medium,none,True,medium,none,False,low,bone_length_anomaly,False,low,bone_length_anomaly,True,medium,none,True,medium,none,True,medium,none,True,medium,none,True,medium,none,True,medium,none,True,medium,none,True,medium,none,False,low,occlusion,False,low,occlusion,False,low,occlusion,True,medium,none,False,low,occlusion,False,low,occlusion,False,low,occlusion,True,medium,none,True,medium,none,True,medium,none,True,medium,none,True,medium,none,True,medium,none
KVAL002,290,291,1,True,medium,none,True,medium,none,True,medium,none,True,medium,none,True,medium,none,True,medium,none,True,medium,none,True,medium,none,True,medium,none,False,low,bone_length_anomaly,False,low,bone_length_anomaly,True,medium,none,True,medium,none,True,medium,none,True,medium,none,True,medium,none,True,medium,none,True,medium,none,True,medium,none,False,low,occlusion,False,low,occlusion,False,low,occlusion,True,medium,none,False,low,occlusion,False,low,occlusion,False,low,occlusion,True,medium,none,True,medium,none,True,medium,none,True,medium,none,True,medium,none,True,medium,none
KVAL002,291,292,1,True,medium,none,True,medium,none,True,medium,none,True,medium,none,True,medium,none,True,medium,none,True,medium,none,True,medium,none,True,medium,none,False,low,bone_length_anomaly,False,low,occlusion,True,medium,none,True,medium,none,True,medium,none,True,medium,none,True,medium,none,True,medium,none,True,medium,none,True,medium,none,False,low,occlusion,False,low,occlusion,False,low,occlusion,True,medium,none,False,low,occlusion,False,low,occlusion,False,low,occlusion,True,medium,none,True,medium,none,True,medium,none,True,medium,none,True,medium,none,True,medium,none
KVAL002,292,293,1,True,medium,none,True,medium,none,True,medium,none,True,medium,none,True,medium,none,True,medium,none,True,medium,none,True,medium,none,True,medium,none,False,low,bone_length_anomaly,False,low,bone_length_anomaly,True,medium,none,True,medium,none,True,medium,none,True,medium,none,True,medium,none,True,medium,none,True,medium,none,True,medium,none,False,low,occlusion,False,low,occlusion,False,low,occlusion,True,medium,none,False,low,occlusion,False,low,occlusion,False,low,occlusion,True,medium,none,True,medium,none,True,medium,none,True,medium,none,True,medium,none,True,medium,none
KVAL002,293,294,1,True,medium,none,True,medium,none,True,medium,none,True,medium,none,True,medium,none,True,medium,none,True,medium,none,True,medium,none,False,low,occlusion,False,low,occlusion,False,low,occlusion,True,medium,none,True,medium,none,True,medium,none,True,medium,none,True,medium,none,True,medium,none,True,medium,none,True,medium,none,False,low,occlusion,False,low,occlusion,False,low,occlusion,True,medium,none,False,low,occlusion,False,low,occlusion,False,low,occlusion,True,medium,none,True,medium,none,True,medium,none,True,medium,none,True,medium,none,True,medium,none
KVAL002,294,295,1,True,medium,none,True,medium,none,True,medium,none,True,medium,none,True,medium,none,True,medium,none,True,medium,none,True,medium,none,True,medium,none,False,low,bone_length_anomaly,False,low,bone_length_anomaly,True,medium,none,True,medium,none,True,medium,none,True,medium,none,True,medium,none,True,medium,none,True,medium,none,True,medium,none,False,low,occlusion,False,low,occlusion,False,low,occlusion,True,medium,none,False,low,occlusion,False,low,occlusion,False,low,occlusion,True,medium,none,True,medium,none,True,medium,none,True,medium,none,True,medium,none,True,medium,none
KVAL002,295,296,1,True,medium,none,True,medium,none,True,medium,none,True,medium,none,True,medium,none,True,medium,none,True,medium,none,True,medium,none,True,medium,none,False,low,bone_length_anomaly,False,low,bone_length_anomaly,True,medium,none,True,medium,none,True,medium,none,True,medium,none,True,medium,none,True,medium,none,True,medium,none,True,medium,none,False,low,occlusion,False,low,occlusion,False,low,occlusion,True,medium,none,False,low,occlusion,False,low,occlusion,False,low,occlusion,True,medium,none,True,medium,none,True,medium,none,True,medium,none,True,medium,none,True,medium,none
KVAL002,296,297,1,True,medium,none,True,medium,none,True,medium,none,True,medium,none,True,medium,none,True,medium,none,True,medium,none,True,medium,none,True,medium,none,False,low,bone_length_anomaly,False,low,bone_length_anomaly,True,medium,none,True,medium,none,True,medium,none,True,medium,none,True,medium,none,True,medium,none,True,medium,none,False,low,occlusion,False,low,occlusion,False,low,occlusion,False,low,occlusion,True,medium,none,False,low,occlusion,False,low,occlusion,False,low,occlusion,True,medium,none,True,medium,none,True,medium,none,True,medium,none,True,medium,none,True,medium,none
KVAL002,297,298,1,True,medium,none,True,medium,none,True,medium,none,True,medium,none,True,medium,none,True,medium,none,True,medium,none,True,medium,none,False,low,occlusion,False,low,occlusion,False,low,occlusion,True,medium,none,True,medium,none,True,medium,none,True,medium,none,True,medium,none,True,medium,none,True,medium,none,False,low,occlusion,False,low,occlusion,False,low,occlusion,False,low,occlusion,True,medium,none,False,low,occlusion,False,low,occlusion,False,low,occlusion,True,medium,none,True,medium,none,True,medium,none,True,medium,none,True,medium,none,True,medium,none
KVAL002,298,299,1,True,medium,none,True,medium,none,True,medium,none,True,medium,none,True,medium,none,True,medium,none,True,medium,none,False,low,occlusion,False,low,occlusion,False,low,occlusion,False,low,occlusion,True,medium,none,True,medium,none,True,medium,none,True,medium,none,True,medium,none,True,medium,none,True,medium,none,True,medium,none,False,low,occlusion,False,low,occlusion,False,low,occlusion,True,medium,none,False,low,occlusion,False,low,occlusion,False,low,occlusion,True,medium,none,True,medium,none,True,medium,none,True,medium,none,True,medium,none,True,medium,none
KVAL002,299,300,1,True,medium,none,True,medium,none,True,medium,none,True,medium,none,True,medium,none,True,medium,none,True,medium,none,True,medium,none,False,low,occlusion,False,low,occlusion,False,low,occlusion,True,medium,none,True,medium,none,True,medium,none,True,medium,none,True,medium,none,True,medium,none,True,medium,none,True,medium,none,False,low,occlusion,False,low,occlusion,False,low,occlusion,True,medium,none,False,low,occlusion,False,low,occlusion,False,low,occlusion,True,medium,none,True,medium,none,True,medium,none,True,medium,none,True,medium,none,True,medium,none
KVAL002,300,301,1,True,medium,none,True,medium,none,True,medium,none,True,medium,none,True,medium,none,True,medium,none,True,medium,none,True,medium,none,False,low,occlusion,False,low,occlusion,False,low,occlusion,True,medium,none,True,medium,none,True,medium,none,True,medium,none,True,medium,none,True,medium,none,True,medium,none,True,medium,none,False,low,occlusion,False,low,occlusion,False,low,occlusion,True,medium,none,False,low,occlusion,False,low,occlusion,False,low,occlusion,True,medium,none,True,medium,none,True,medium,none,True,medium,none,True,medium,none,True,medium,none
KVAL002,301,302,1,True,medium,none,True,medium,none,True,medium,none,True,medium,none,True,medium,none,True,medium,none,True,medium,none,True,medium,none,False,low,occlusion,False,low,occlusion,False,low,occlusion,True,medium,none,True,medium,none,True,medium,none,True,medium,none,True,medium,none,True,medium,none,True,medium,none,True,medium,none,False,low,occlusion,False,low,occlusion,False,low,occlusion,True,medium,none,False,low,occlusion,False,low,occlusion,False,low,occlusion,True,medium,none,True,medium,none,True,medium,none,True,medium,none,True,medium,none,True,medium,none
KVAL002,302,303,1,True,medium,none,True,medium,none,True,medium,none,True,medium,none,True,medium,none,True,medium,none,True,medium,none,True,medium,none,False,low,occlusion,False,low,occlusion,False,low,occlusion,True,medium,none,True,medium,none,True,medium,none,True,medium,none,True,medium,none,True,medium,none,True,medium,none,True,medium,none,False,low,occlusion,False,low,occlusion,False,low,occlusion,True,medium,none,False,low,occlusion,False,low,occlusion,False,low,occlusion,True,medium,none,True,medium,none,True,medium,none,True,medium,none,True,medium,none,True,medium,none
KVAL002,303,304,1,True,medium,none,True,medium,none,True,medium,none,True,medium,none,True,medium,none,True,medium,none,True,medium,none,True,medium,none,True,medium,none,False,low,bone_length_anomaly,False,low,occlusion,True,medium,none,True,medium,none,True,medium,none,True,medium,none,True,medium,none,True,medium,none,True,medium,none,True,medium,none,False,low,occlusion,False,low,occlusion,False,low,occlusion,True,medium,none,False,low,occlusion,False,low,occlusion,False,low,occlusion,True,medium,none,True,medium,none,True,medium,none,True,medium,none,True,medium,none,True,medium,none
KVAL002,304,305,1,True,medium,none,True,medium,none,True,medium,none,True,medium,none,True,medium,none,True,medium,none,True,medium,none,True,medium,none,False,low,occlusion,False,low,occlusion,False,low,occlusion,True,medium,none,True,medium,none,True,medium,none,True,medium,none,True,medium,none,True,medium,none,True,medium,none,True,medium,none,False,low,occlusion,False,low,occlusion,False,low,occlusion,True,medium,none,False,low,occlusion,False,low,occlusion,False,low,occlusion,True,medium,none,True,medium,none,True,medium,none,True,medium,none,True,medium,none,True,medium,none
KVAL002,305,306,1,True,medium,none,True,medium,none,True,medium,none,True,medium,none,True,medium,none,True,medium,none,True,medium,none,True,medium,none,True,medium,none,False,low,bone_length_anomaly,False,low,occlusion,True,medium,none,True,medium,none,True,medium,none,True,medium,none,True,medium,none,True,medium,none,True,medium,none,True,medium,none,False,low,occlusion,False,low,occlusion,False,low,occlusion,True,medium,none,False,low,occlusion,False,low,occlusion,False,low,occlusion,True,medium,none,True,medium,none,True,medium,none,True,medium,none,True,medium,none,True,medium,none
