1|1|978.955,887.706|975.097,795.172|973.382,729.682|977.907,635.346|991.29,653.769|1051.41,679.805|1119.42,798.003|1156.62,841.029|1137.84,871.299|1089.9,835.186|1085.74,836.542|962.614,646.73|909.106,641.982|835.311,718.457|893.132,745.309|916.324,746.231|921.68,727.498|972.416,745.701|1025.37,895.663|1141.67,1056.33|1112.8,1429.66|1196.11,1623.27|935.808,880.431|985.324,1032.2|965.274,1436.4|1000.52,1623.67|981.928,600.662|985.965,563.814|995.511,551.866|1017.18,570.101|971.174,554.055|942.723,573.404
2|1|978.914,887.765|975.152,795.317|973.506,729.892|978.279,635.651|991.625,654.086|1051.68,680.432|1118,799.627|1153.62,843.211|1132.34,873.318|1084.73,837.001|1082.9,837.201|962.948,646.991|909.401,642.108|835.174,718.048|892.883,744.56|916.921,745.099|924.132,726.227|971.926,745.035|1025.35,895.783|1141.29,1056.65|1112.22,1430.04|1195.1,1623.86|935.761,880.435|984.469,1032.1|963.719,1436.3|998.241,1623.63|982.376,601.003|984.954,564.086|995.018,552.179|1017.82,570.498|970.595,554.349|943.299,573.719
3|1|982.387,903.587|979.483,805.818|978.783,737.166|984.013,636.163|999.296,654.749|1067.23,679.58|1124.69,818.592|1124.21,887.376|1069.13,907.829|1098.52,906.591|1085.47,857.869|966.794,649.389|904.934,650.614|811.051,718.265|872.014,727.367|913.328,733.386|954.868,782.564|938.139,742.52|1035.63,912.22|1149.57,1109.6|1115.45,1555.85|1200.52,1825.51|933.276,895.782|964.857,1040.51|932.934,1514.78|954.024,1753.96|987.451,599.033|991.273,570.983|999.167,553.398|1021.55,561.854|973.455,559.182|942.664,574.456
4|1|979.902,934.256|980.061,827.758|981.045,752.685|988.714,634.617|1005.64,654.873|1079.86,678.1|1132.34,836.081|1047.23,923.232|986.81,904.453|1054.5,917.283|1009.46,864.766|969.306,651.83|900.52,657.779|789.266,723.844|877.475,731.673|907.933,734.823|988.795,761.267|945.913,726.42|1041.06,939.402|1150.25,1079.96|1119.23,1581.15|1189.23,1936.74|924.386,929.793|917.303,1009.19|899.742,1529.58|894.186,1830.07|992.026,591.641|970.389,562.483|980.807,541.25|1021.19,544.253|953.763,553.121|939.491,574.538
5|1|979.198,936.963|979.338,829.527|980.302,753.94|987.892,634.953|1004.95,655.351|1079.82,678.68|1131.38,837.738|1046.69,927.267|986.501,905.986|1026.5,899.816|1005.42,860.396|968.375,652.303|899.237,658.246|787.497,722.354|877.743,731.135|910.171,736.756|994.634,753.518|945.996,723.632|1040.9,942.092|1145.72,1078.22|1117.38,1590.72|1188.05,1959.16|923.186,932.519|903.356,1010.26|884.935,1537.82|872.317,1848.38|991.201,591.67|977.922,567.147|993.456,546.589|1031.95,553.521|963.891,551.19|944.2,561.032
6|1|976.727,945.068|979.155,834.997|981.106,758.448|987.754,634.984|1005.34,655.899|1081.91,679.287|1128.56,841.571|1030.68,946.488|989.868,945.014|1013.45,883.148|990.77,871.266|968,653.456|897.723,660.878|779.547,720.664|874.574,735.674|913.796,742.511|1001.53,741.75|942.988,724.23|1039.86,949.001|1139.63,1035.46|1117.54,1547.22|1180.62,1911.2|919.828,941.744|898.173,1002.75|887.902,1541|876.035,1872.28|990.691,590.126|981.825,566.859|996.921,545.394|1033.16,551.586|966.41,549.804|942.542,558.199
7|1|977.609,946.403|979.886,836.309|981.689,759.826|987.493,635.748|1005.3,656.612|1082.37,678.535|1128.59,842.109|1027.5,943.684|988.3,948.515|1012.14,883.117|990.978,871.741|967.796,654.47|897.287,661.564|778.626,719.914|874.882,732.633|915.561,743.211|1003.57,739.961|943.914,724.297|1041.15,950.057|1141.93,1012.35|1119.81,1521.16|1180.47,1877.05|920.385,943.335|900.415,990.584|892.286,1530.15|883.368,1861.23|990.095,590.682|976.009,568.753|994.019,547.718|1034.63,554.871|963.259,550.248|944.135,555.668
8|1|977.611,946.416|979.886,836.305|981.69,759.806|987.502,635.713|1005.31,656.58|1082.39,678.517|1128.57,842.132|1027.41,943.671|988.206,948.482|1012.05,883.056|990.999,871.658|967.801,654.436|897.287,661.531|778.618,719.881|874.9,732.643|915.584,743.253|1003.6,739.951|943.886,724.277|1041.15,950.073|1141.98,1012.26|1119.93,1521.2|1180.69,1877.18|920.382,943.346|900.469,990.546|892.333,1530.24|883.453,1861.42|990.107,590.641|976.133,568.677|994.08,547.624|1034.61,554.75|963.315,550.203|944.078,555.697
9|1|977.643,946.504|979.902,836.282|981.699,759.677|987.486,635.457|1005.31,656.345|1082.47,678.299|1128.77,842.107|1027.62,943.911|987.969,948.342|1012.05,883.059|991.156,871.272|967.774,654.207|897.22,661.391|778.53,720.088|874.895,733.175|915.511,744.161|1003.55,740.265|943.383,724.32|1041.22,950.163|1142.32,1011.12|1120.87,1521.04|1182.44,1877.4|920.377,943.432|900.889,989.996|892.802,1530.66|884.229,1862.44|990.089,590.339|976.957,568.813|994.404,547.445|1034.28,553.883|963.603,550.409|943.502,555.938
10|1|977.643,946.504|979.902,836.283|981.699,759.678|987.486,635.458|1005.31,656.345|1082.47,678.3|1128.76,842.112|1027.61,943.917|987.955,948.342|1012.04,883.062|991.145,871.273|967.773,654.207|897.22,661.392|778.53,720.089|874.895,733.175|915.512,744.162|1003.55,740.264|943.384,724.32|1041.22,950.163|1142.32,1011.12|1120.87,1521.04|1182.44,1877.4|920.377,943.432|900.89,989.993|892.802,1530.66|884.23,1862.43|990.088,590.339|976.959,568.814|994.405,547.446|1034.28,553.883|963.605,550.41|943.502,555.939
11|1|977.643,946.504|979.902,836.283|981.699,759.678|987.486,635.458|1005.31,656.345|1082.47,678.3|1128.76,842.112|1027.61,943.917|987.955,948.342|1012.04,883.062|991.145,871.273|967.773,654.207|897.22,661.392|778.53,720.089|874.895,733.175|915.512,744.162|1003.55,740.264|943.384,724.32|1041.22,950.163|1142.32,1011.12|1120.87,1521.04|1182.44,1877.4|920.377,943.432|900.89,989.993|892.802,1530.66|884.23,1862.43|990.088,590.339|976.959,568.814|994.405,547.446|1034.28,553.883|963.605,550.41|943.502,555.939
12|1|979.439,946.029|980.798,835.812|981.96,760.044|986.947,636.211|1004.97,656.967|1082.96,676.752|1126.9,843.726|1030.47,956.864|979.438,946.338|1010.23,891.614|990.204,871.413|967.274,654.774|896.46,660.836|777.078,722.405|873.412,732.675|916.757,746.117|1005.43,740.97|945.621,725.567|1044.23,949.477|1152.72,1000.86|1133.41,1524.86|1201.6,1896.46|921.05,943.154|901.013,990.239|896.191,1547.07|889.942,1900.19|989.363,591.278|983.076,568.845|997.05,546.734|1031.39,551.678|966.447,551.818|940.17,560.198
13|1|979.44,946.029|980.799,835.811|981.961,760.042|986.947,636.208|1004.97,656.964|1082.96,676.752|1126.9,843.722|1030.48,956.863|979.459,946.349|1010.24,891.616|990.214,871.42|967.275,654.771|896.461,660.834|777.083,722.408|873.425,732.682|916.776,746.128|1005.45,740.979|945.64,725.576|1044.23,949.477|1152.72,1000.86|1133.42,1524.87|1201.62,1896.47|921.051,943.153|901.02,990.236|896.196,1547.07|889.951,1900.2|989.363,591.275|983.075,568.843|997.054,546.733|1031.39,551.681|966.449,551.812|940.175,560.188
14|1|979.44,946.029|980.799,835.811|981.961,760.042|986.947,636.208|1004.97,656.964|1082.96,676.752|1126.9,843.722|1030.48,956.863|979.459,946.349|1010.24,891.616|990.214,871.42|967.275,654.771|896.461,660.834|777.083,722.408|873.425,732.682|916.776,746.128|1005.45,740.979|945.64,725.576|1044.23,949.477|1152.72,1000.86|1133.42,1524.87|1201.62,1896.47|921.051,943.153|901.02,990.236|896.196,1547.07|889.951,1900.2|989.363,591.275|983.075,568.843|997.054,546.733|1031.39,551.681|966.449,551.812|940.175,560.188
15|1|979.44,946.029|980.799,835.811|981.961,760.042|986.947,636.208|1004.97,656.964|1082.96,676.752|1126.9,843.722|1030.48,956.863|979.459,946.349|1010.24,891.616|990.214,871.42|967.275,654.771|896.461,660.834|777.083,722.408|873.425,732.682|916.776,746.128|1005.45,740.979|945.64,725.576|1044.23,949.477|1152.72,1000.86|1133.42,1524.87|1201.62,1896.47|921.051,943.153|901.02,990.236|896.196,1547.07|889.951,1900.2|989.363,591.275|983.075,568.843|997.054,546.733|1031.39,551.681|966.449,551.812|940.175,560.188
16|1|976.026,946.256|979.376,836.435|981.755,762.362|987.824,634.549|1006.05,656.079|1085.75,675.768|1126.13,846.387|1024.62,954.286|977.04,953.686|1005.18,889.328|1021.22,868.448|967.596,653.85|896.247,661.383|773.425,721.448|869.784,739.897|925.157,752.814|1006.4,746.596|950.227,730.765|1042.07,950.792|1156.96,956.875|1135.07,1482.57|1203.48,1854.2|916.599,942.416|898.939,950.145|889.568,1512.79|886.909,1870.66|990.622,588.172|983.61,564.775|993.151,540.42|1026.35,540.842|963.084,550.792|935.496,565.187
17|1|976.026,946.249|979.377,836.433|981.758,762.361|987.843,634.552|1006.06,656.085|1085.76,675.789|1126.08,846.413|1024.46,954.166|976.86,953.471|1005.45,889.511|1021.11,868.312|967.612,653.85|896.269,661.376|773.468,721.426|869.845,739.896|925.182,752.814|1006.78,746.695|950.264,730.741|1042.07,950.788|1156.94,956.633|1135.18,1482.37|1203.7,1853.89|916.603,942.406|898.906,949.88|889.491,1512.56|886.778,1870.31|990.647,588.177|983.822,565.048|993.598,540.695|1026.82,541.19|963.43,550.799|935.734,564.693
18|1|976.024,946.249|979.376,836.434|981.757,762.362|987.842,634.555|1006.06,656.087|1085.76,675.792|1126.08,846.414|1024.45,954.159|976.853,953.464|1005.49,889.54|1021.1,868.309|967.612,653.852|896.269,661.379|773.466,721.428|869.839,739.898|925.168,752.815|1006.82,746.707|950.25,730.738|1042.07,950.788|1156.94,956.599|1135.19,1482.35|1203.73,1853.85|916.602,942.406|898.897,949.845|889.479,1512.53|886.759,1870.27|990.646,588.18|983.84,565.083|993.644,540.73|1026.87,541.233|963.465,550.804|935.758,564.638
19|1|973.109,944.337|977.688,836.576|980.791,764.903|986.664,636.55|1005,658.079|1084.86,675.682|1126.94,846.885|1019.64,947.795|964.811,930.372|1014.75,892.088|1015.75,860.062|966.411,656.05|895.072,662.254|772.545,721.757|871.113,739.313|928.667,753.594|996.007,743.83|950.913,730.525|1039.65,949.377|1158.72,922.403|1131.2,1438.99|1192.51,1800.06|913.316,940.053|894.839,910.862|881.423,1464.07|876.854,1808.92|989.271,589.99|969.547,571.781|993.026,551.752|1039.33,561.335|961.504,549.344|948.258,546.936
20|1|973.414,944.341|978.001,836.44|981.115,764.674|987.316,636.219|1005.61,657.829|1085.54,675.915|1126.01,847.55|1016.07,945.635|961.895,926.835|1016.92,898.782|1014.13,857.909|966.995,655.673|895.66,661.826|773.204,721.466|871.909,739.608|929.134,754.311|1006.99,744.044|950.843,730.592|1040.01,949.493|1157.52,915.121|1131.61,1431.43|1194.54,1789.72|913.566,939.956|892.873,902.072|878.882,1454.29|872.09,1795.02|990.071,589.623|977.814,570.289|995.979,547.766|1036.35,553.033|964.025,550.313|942.461,553.386
21|1|973.414,944.336|978,836.434|981.114,764.667|987.314,636.211|1005.61,657.82|1085.54,675.906|1126.01,847.542|1016.05,945.595|961.874,926.777|1016.89,898.702|1014.12,857.866|966.993,655.665|895.657,661.82|773.201,721.465|871.907,739.609|929.132,754.31|1007.02,744.032|950.838,730.589|1040.01,949.488|1157.51,915.099|1131.62,1431.41|1194.55,1789.7|913.566,939.951|892.864,902.046|878.874,1454.27|872.076,1794.99|990.068,589.614|977.816,570.286|995.975,547.759|1036.34,553.016|964.021,550.312|942.451,553.386
22|1|973.414,944.336|978,836.434|981.114,764.667|987.314,636.211|1005.61,657.82|1085.54,675.906|1126.01,847.542|1016.05,945.595|961.874,926.777|1016.89,898.702|1014.12,857.866|966.993,655.665|895.657,661.82|773.201,721.465|871.907,739.609|929.132,754.31|1007.02,744.032|950.838,730.589|1040.01,949.488|1157.51,915.099|1131.62,1431.41|1194.55,1789.7|913.566,939.951|892.864,902.046|878.874,1454.27|872.076,1794.99|990.068,589.614|977.816,570.286|995.975,547.759|1036.34,553.016|964.021,550.312|942.451,553.386
23|1|973.414,944.336|978,836.434|981.114,764.666|987.314,636.21|1005.61,657.82|1085.54,675.906|1126.01,847.542|1016.05,945.594|961.873,926.776|1016.89,898.701|1014.12,857.865|966.993,655.665|895.657,661.82|773.201,721.464|871.907,739.609|929.132,754.31|1007.02,744.032|950.838,730.589|1040.01,949.487|1157.51,915.099|1131.62,1431.41|1194.56,1789.7|913.566,939.951|892.864,902.045|878.873,1454.27|872.076,1794.99|990.068,589.614|977.816,570.286|995.976,547.758|1036.34,553.015|964.022,550.312|942.451,553.386
24|1|973.414,944.336|978,836.434|981.114,764.666|987.314,636.21|1005.61,657.82|1085.54,675.906|1126.01,847.542|1016.05,945.594|961.873,926.776|1016.89,898.701|1014.12,857.865|966.993,655.665|895.657,661.82|773.201,721.464|871.907,739.609|929.132,754.31|1007.02,744.032|950.838,730.589|1040.01,949.487|1157.51,915.099|1131.62,1431.41|1194.56,1789.7|913.566,939.951|892.864,902.045|878.873,1454.27|872.076,1794.99|990.068,589.614|977.816,570.286|995.976,547.758|1036.34,553.015|964.022,550.312|942.451,553.386
25|1|978.11,936.869|980.202,832.308|981.676,762.972|987.855,634.905|1006.09,656.501|1085.74,675.922|1125.98,847.267|1014.05,942.803|959.085,916.641|1021.46,907.75|1013.12,854.371|967.579,654.224|896.523,661.96|773.948,719.726|871.051,733.938|933.758,751.593|1005.37,734.901|951.246,724.737|1044.95,940.98|1158.69,884.845|1138.38,1393.35|1206.81,1740.38|917.949,933.415|895.078,874.916|887.856,1416.65|885.367,1746.15|990.716,588.445|982.984,569.598|996.989,545.471|1032.94,546.919|965.54,551.564|939.307,557.856
26|1|978.002,936.81|980.09,832.208|981.56,762.87|987.758,634.76|1005.99,656.365|1085.71,675.799|1125.85,847.126|1014.03,942.817|959.063,916.894|1018.83,899.894|1012.68,854.676|967.472,654.081|896.382,661.612|773.576,718.014|870.678,732.229|933.45,749.994|1007.09,732.223|950.171,722.432|1044.89,940.918|1158,879.685|1140.57,1388.89|1212.01,1734.39|917.8,933.359|895.593,870.141|888.549,1411.24|886.287,1738.5|990.627,588.285|981.273,568.293|997.418,545.25|1035.23,549.415|965.649,549.36|941.283,554.509
27|1|978.299,936.412|980.448,831.954|981.956,762.765|988.256,634.801|1006.46,656.401|1086.12,675.736|1126.43,846.962|1014.5,942.474|959.599,916.524|1023.37,915.282|1012.33,854.513|967.97,654.072|896.946,661.131|774.124,714.924|871.668,728.959|935.126,747.138|1004.78,726.473|951.494,721.172|1045.15,940.58|1157.59,875.461|1141.51,1383.71|1214.39,1726.61|918.136,932.906|896.456,865.686|889.39,1404.5|886.938,1728.21|991.163,588.378|980.768,569.265|997.237,546.098|1035.8,549.787|965.486,550.09|942.004,554.458
28|1|978.496,936.062|980.707,831.77|982.247,762.781|988.391,634.947|1006.61,656.501|1086.3,675.376|1128.04,846.186|1017.31,943.122|962.109,917.568|1021.78,900.28|1013.51,854.347|968.142,654.209|897.161,660.694|774.065,709.805|871.539,723.107|934.451,741.436|1008.43,718.794|949.759,717.658|1045.35,940.244|1156.54,869.84|1141.59,1376.52|1215.49,1716.15|918.337,932.545|897.364,859.396|890.702,1394.82|888.051,1713.83|991.236,588.573|980.131,567.725|997.072,545.169|1036.2,550.418|965.349,548.776|942.61,554.095
29|1|981.224,932.827|982.423,831.078|983.351,762.734|987.776,635.182|1006.21,656.411|1085.38,674.283|1131.72,843.562|1022.23,940.302|966.997,914.516|1027.42,898.327|1013.86,853.057|967.864,654.737|897.469,661.653|774.867,704.541|867.127,710.63|934.526,734.756|1008.44,705.367|946.079,710.123|1047.73,936.28|1156.4,850.342|1143.9,1342.03|1216.54,1665.49|921.383,929.962|900.519,835.239|898.037,1348.91|896.993,1648.11|989.948,588.887|979.596,567.243|996.953,545.308|1035.66,551.861|965.264,548.16|942.299,553.388
30|1|975.083,931.709|979.284,831.217|982.202,763.093|986.944,634.885|1005.4,656.272|1085.11,674.084|1133.29,843.355|1020.09,935.131|967.48,903.587|1007.51,861.846|1013.8,851.349|966.902,654.525|896.724,662.244|771.542,701.217|863.693,702.832|935.08,726.606|1006.35,690.543|948.246,702.382|1041.96,936.448|1151.03,828.643|1130.04,1307.66|1199.39,1621.14|915.042,927.7|898.07,809.246|890.667,1308.2|889.343,1595.26|989.255,588.352|981.281,567.986|997.143,545.047|1033.98,549.511|965.365,549.113|939.927,554.511
31|1|982.163,946.033|981.467,839.823|981.921,764.312|986.821,633.446|1005.47,655.445|1087.03,674.047|1133.34,847.243|1014.06,939.45|961.174,911.087|1000.99,876.063|1013.25,847.018|966.418,653.266|898.13,658.646|765.531,692.586|867.148,687.422|945.53,710.276|1008.92,680.389|953.49,693.221|1050.01,950.759|1162.52,833.225|1153.22,1321.37|1244.91,1626.36|920.808,942.013|897.432,811.052|907.227,1322.48|917.126,1601.53|989.648,586.019|980.724,568.897|997.301,544.687|1035.54,546.977|964.747,548.668|939.47,551.248
32|1|983.776,952.937|981.533,842.95|981.108,764.672|986.459,632.436|1005.16,654.686|1088.05,674.81|1134.45,848.385|1014.79,934.95|962.836,931.822|993.549,897.398|1014.29,842.977|965.83,652.646|896.776,659.981|762.795,690.617|867.354,681.805|948.972,693.74|1004.59,660.823|951.84,683.914|1051.21,957.001|1161.44,841.831|1159.6,1326.86|1259.18,1626.6|922.643,949.505|898.236,819.436|914.804,1326.39|924.97,1599.95|989.537,584.458|978.286,555.386|997.457,534.742|1038.21,547.221|964.488,536.584|941.626,546.036
33|1|981.904,953.894|979.96,844.216|979.8,765.663|986.614,634.098|1005,656.432|1087.11,677.815|1134.56,849.014|1013.38,934.673|962.944,918.906|999.391,870.73|1012.54,848.901|965.842,654.086|896.831,661.159|761.833,682.506|862.549,673.64|944.97,682.845|1011.9,656.129|948.011,667.945|1048.62,957.994|1162.12,845.333|1154.81,1319.42|1249.48,1613.97|921.416,950.425|905.043,820.922|919.283,1317.38|933.936,1588.11|990.179,586.35|976.362,566.165|996.015,543.434|1038.54,549.917|963.083,545.256|942.252,547.927
34|1|971.183,979.312|972.974,857.688|975.805,768.125|985.113,636.271|1003.29,658.872|1086.93,681.744|1135.94,854.17|1019.41,938.719|964.234,938.058|992.543,895.165|1014.88,844.964|963.654,656.612|890.901,666.295|752.422,684.687|863.821,665.708|945.278,669.502|1009.37,644.479|947.589,653.864|1035.27,983.186|1130.65,901.608|1117.88,1357.02|1212.58,1618.03|913.109,976.032|901.778,881.911|908.296,1361.03|904.379,1599.71|989.799,588.285|977.718,570.907|995.924,545.868|1037.63,548.477|962.086,549.58|938.325,551.613
35|1|971.199,979.251|972.992,857.613|975.826,768.046|985.164,636.173|1003.34,658.782|1086.99,681.659|1135.99,854.046|1019.6,938.694|964.373,938.035|992.586,895.073|1014.99,844.929|963.699,656.51|890.944,666.121|752.503,684.162|864.025,665.095|945.501,668.661|1009.66,643.635|947.762,652.921|1035.3,983.132|1130.79,901.907|1117.63,1357.09|1212.06,1618.48|913.114,975.966|901.782,882.214|908.292,1361.22|904.364,1600.39|989.861,588.18|977.816,570.557|996.052,545.59|1037.75,548.406|962.209,549.26|938.436,551.438
36|1|968.933,982.041|971.844,858.146|975.392,765.971|984.839,635.423|1003.43,657.864|1087.35,684.854|1135.9,857.216|1029.58,946.945|967.879,944.409|990.049,902.801|1014.66,849.236|962.968,655.938|885.754,665.925|752.331,679.833|899.62,655.562|904.909,597.95|993.741,618.48|934.38,626.15|1030.11,984.792|1107.73,954.567|1083.5,1374.63|1158.66,1606.41|913.697,979.768|901.937,932.336|900.984,1365.06|873.097,1574.36|989.321,587.734|976.852,569.027|998.187,545.124|1041.71,551.639|963.295,545.747|940.321,545.539
37|1|951.948,967.281|965.716,847.921|974.643,761.596|986.229,634.937|1004.18,657.117|1085.45,687.167|1135.54,856.75|1040.33,951.665|977.412,951.189|988.687,918.325|1014.89,858.085|964.297,654.611|886.672,664.089|750.629,674.87|894.874,644.796|908.471,600.403|968.412,616.941|947.484,630.126|1009.43,975.433|1079.8,1017|1025.75,1378.25|1072.57,1597.65|900.579,960.181|885.526,999.891|864.994,1370.08|821.582,1566.3|991.448,588.636|975.369,563.552|986.924,537.079|1028.13,536.778|954.769,549.15|931.904,565.549
38|1|937.853,951.034|957.761,836.631|970.042,754.682|986.053,630.088|1003.3,652.563|1084.02,682.541|1134.6,850.903|1057.95,955.226|991.935,956.706|989.987,931.73|1016.84,865.993|963.288,649.001|884.237,654.051|756.511,654.35|901.991,623.88|912.162,570.922|983.878,582.224|952.754,602.99|992.73,963.069|1042.37,1078.93|974.272,1389.12|996.897,1606.39|889.073,940.506|855.345,1065.33|828.894,1375.13|773.519,1563.33|993.064,584.484|982.368,573.663|999.971,546.038|1041.38,543.178|965.189,550.724|939.187,548.444
39|1|937.864,951.023|957.779,836.629|970.066,754.685|986.095,630.098|1003.34,652.575|1084.06,682.58|1134.64,851.074|1057.84,955.236|991.794,956.724|989.928,931.913|1016.78,866.038|963.328,649.006|884.282,654.047|756.659,654.434|901.976,623.96|912.007,571.021|983.662,582.336|952.596,603.098|992.737,963.063|1042.03,1079.59|973.805,1388.47|995.965,1605.81|889.087,940.492|854.171,1065.3|828.078,1374.19|772.085,1562.23|993.113,584.496|982.713,573.897|1000.33,546.268|1041.57,543.349|965.535,550.862|939.329,548.326
40|1|936.489,947.239|956.456,834.629|968.163,753.373|984.976,630.411|1001.95,652.784|1082.06,681.407|1131.74,849.337|1071.5,957.349|1004.03,957.916|993.623,949.975|1021.06,876.13|962.227,648.924|883.71,652.064|757.361,647.226|870.382,598.909|936.179,561.305|1011.37,552.238|951.476,591.479|990.506,959.759|997.124,1102.03|947.574,1366.51|945.943,1582.31|888.641,936.315|763.751,1014.5|774.851,1288.64|702.305,1466.24|992.223,585.416|995.02,572.632|1011.47,546.636|1043.59,547.346|976.845,549.092|941.476,546.223
41|1|935.696,945.566|956.538,832.867|967.657,751.53|984.885,627.532|1001.99,650.227|1082.24,679.924|1132.01,849.519|1078.49,956.309|1009.86,961.156|996.467,958.646|1023.47,880.658|961.892,646.081|882.694,648.979|757.097,642.245|868.356,595.217|925.726,541.533|1012.36,521.159|943.214,574.942|989.591,959.24|960.067,1112.12|924.935,1358.06|904.204,1571.93|888.206,933.682|727.38,987.469|749.553,1254.48|666.082,1421.51|992.192,582.1|988.698,577.87|1009.62,551.768|1047.41,550.095|974.294,550.774|944.732,538.15
42|1|933.836,943.592|955.701,831.642|968.026,751.38|985.777,628|1002.76,650.599|1082.55,679.905|1130.71,849.599|1080.28,953.954|1011.81,961.446|997.271,962.871|1023.88,882.123|962.702,646.478|883.237,648.753|757.932,638.941|869.793,592.026|926.884,539.019|1011.99,520.339|945.125,573.42|987.567,957.504|949.645,1101.47|915.136,1330.78|892.328,1540.44|886.358,931.464|737.529,966.523|759.291,1221.8|675.673,1381.55|993.395,582.812|978.846,592.438|997.554,561.456|1042.2,545.383|962.469,565.392|939.248,547.166
43|1|932.516,944.582|954.987,833.447|967.942,752.967|987.246,630.332|1003.9,653.114|1084.04,681.092|1127.83,851.965|1075.34,957.566|1006.84,963.657|997.256,962.429|1024.31,883.02|963.998,648.38|884.784,648.841|765.919,632.757|872.276,577.41|928.753,523.934|1016.97,512.048|941.132,555.951|985.828,959.157|940.632,1107.13|908.425,1327.32|883.328,1535.2|885.481,931.886|732.596,980.896|753.159,1231.43|671.254,1392.34|995.37,585.448|976.058,586.952|994.735,556.91|1042.09,545.342|960.172,561.847|940.662,550.627
44|1|930.997,945.29|954.548,834|968.017,753.641|986.851,630.575|1003.67,653.403|1084.45,681.143|1128.09,852.923|1074.45,958.474|1005.61,964.383|997.416,963.282|1024.52,883.606|963.614,648.722|884.113,649.306|766.256,630.68|872.661,574.626|929.077,522.961|1017.87,511.911|942.553,555.985|984.308,960.473|935.126,1104.18|904.402,1319.68|877.728,1527|883.994,932.067|733.879,968.785|754.704,1218.06|672.701,1377.18|994.735,585.52|979.044,585.324|997.859,555.789|1043.08,546.093|962.931,560.037|940.71,549.361
45|1|939.444,951.629|957.91,838.219|968.024,755.959|986.61,631.737|1003.53,654.676|1084.82,681.749|1128.2,854.868|1072.4,958.582|1003.19,965.162|998.009,966.224|1024.94,884.686|963.354,650.101|883.748,650.255|765.74,629.281|873.524,572.649|929.932,519.255|1019.67,511.818|944.314,555.778|993.806,964.123|937.657,1118.8|914.717,1341.25|887.788,1551.28|891.467,940.768|726.176,1013.69|761.863,1255.99|684.465,1421.98|994.433,586.274|978.562,584.415|996.757,554.728|1041.89,545.312|961.888,559.835|939.526,551.202
46|1|939.719,952.065|958.281,838.317|968.464,755.831|987.231,631.231|1004.17,654.26|1085.58,681.5|1127.81,854.597|1072.76,959.518|1003.27,966.027|997.744,965.201|1024.26,883.12|963.889,649.632|884.076,649.306|766.482,626.029|874.173,568.992|931.108,515.829|1020.85,512.223|945.63,556.371|994.248,964.624|942.548,1121.17|917.513,1346.19|891.673,1557.62|891.599,941.148|737.378,1004.82|769.662,1248.24|694.22,1415.75|995.132,585.62|973.229,583.143|994.292,554.544|1044.21,547.677|959.362,557.433|942.397,547.086
47|1|939.633,952.292|958.246,838.476|968.465,755.952|987.362,631.295|1004.3,654.353|1085.76,681.61|1128.04,854.737|1073.12,960.221|1003.6,966.563|997.638,965.245|1024.34,883.257|963.984,649.688|884.111,649.18|766.478,624.653|873.847,568.323|930.469,515.471|1020.15,512.309|944.71,556.5|994.195,964.886|942.881,1121.58|917.63,1347.3|892.029,1559.04|891.483,941.346|735.162,1000.97|768.128,1245.91|691.953,1413.02|995.315,585.663|975.339,585.093|995.906,556.018|1044.53,547.664|960.829,559.107|942.183,547.528
48|1|939.054,953.432|958.254,839.359|968.893,756.739|987.572,631.575|1004.6,654.687|1086.36,681.522|1128.42,854.569|1074.86,963.467|1005.53,968.422|997.542,963.73|1024.37,883.377|964.181,650.068|884.096,649.016|768.127,622.613|872.254,566.035|929.945,512.469|1019.38,512.451|944.283,556.433|993.724,966.337|943.741,1118.21|917.612,1343.57|892.793,1555.99|890.807,942.213|742.61,989.571|772.782,1235.91|696.655,1402.71|995.434,585.755|972.953,586.752|993.688,557.253|1044,547.579|958.699,560.561|941.878,548.012
49|1|936.156,953.029|956.987,838.523|968.714,755.938|986.559,630.38|1003.78,653.437|1085.95,680.68|1128.12,854.752|1059.32,943.195|993.011,965.648|999.866,971.357|1023.32,875.095|963.256,649.061|882.99,648.699|768.177,618.82|867.859,566.268|927.224,509.925|1017.85,515.393|938.367,554.835|990.962,966.527|943.669,1113.39|914.227,1338.72|889.856,1552.26|887.763,941.281|748.801,976.287|772.985,1227.53|697.769,1396.03|994.091,584.394|967.532,588.44|990.178,559.348|1043.68,549.402|955.256,560.797|942.19,544.234
50|1|936.209,952.561|957.093,837.813|968.891,755.116|987.303,629.044|1004.5,652.268|1086.73,680.775|1128.2,856.157|1066.88,965.466|996.742,968.125|1000.41,969.521|1024.82,880.041|963.822,647.735|883.17,647.488|767.072,618.046|865.922,566.487|925.437,509.416|1017.77,518.244|937.764,554.198|991.189,966.125|951.578,1121.06|915.104,1349.77|890.727,1564.94|887.655,940.753|756.59,1014.18|775.28,1259.99|700.022,1433.32|995.072,582.852|972.505,591.532|993.83,561.069|1044.72,547.041|958.463,563.452|941.591,544.298
51|1|936.746,952.541|957.517,838.042|969.141,755.205|988.174,629.373|1005.22,652.714|1087.21,681.818|1128.44,856.805|1068.78,967.972|999.222,972.831|1000.15,965.789|1025.26,881.419|964.669,647.847|884.329,647.769|764.72,619.297|864.457,561.841|923.051,500.964|992.137,499.716|910.931,545.638|991.551,966.21|947.006,1123.9|914.449,1354.75|889.292,1569.51|888.405,940.653|748.858,1002.23|770.413,1252.65|695.801,1425.45|996.092,583.272|971.609,593.641|992.771,562.934|1044.71,547.478|957.718,565.571|942.361,545.482
52|1|936.37,950.661|957.604,836.353|969.672,754.212|988.826,628.274|1005.83,651.616|1087.23,681.398|1128.27,855.745|1075.41,972.558|1006.31,976.471|999.924,963.312|1026.27,884.605|965.312,646.771|884.973,646.454|764.731,615.48|846.589,554.321|915.329,510.701|1003.7,523.979|911.945,546.517|991.179,964.306|948.325,1121.71|914.312,1350.49|890.298,1564.65|887.937,938.775|750.631,988.306|769.85,1241.1|691.672,1410.72|996.843,582.129|974.015,592.211|994.924,561.503|1045.76,546.171|959.775,564.235|943.096,544.442
53|1|936.557,953.08|957.302,838.95|969.368,756.9|988.833,631.658|1005.72,654.956|1087.18,683.776|1128.41,857.782|1074.07,975.819|1005.21,975.63|1000.35,961.804|1026.83,885.669|965.339,649.973|885.282,647.433|762.38,615.427|843.015,554.367|910.94,511.306|986.667,527.531|894.644,540.405|991.295,966.329|951.987,1120.03|917.178,1346.42|894.674,1559.76|888.124,941.526|757.631,990.508|774.291,1242.42|697.692,1412.48|996.926,585.808|972.021,580.521|992.499,551.714|1044.04,545.271|957.87,556.066|942.874,549.177
54|1|937.719,953.817|957.772,838.873|969.371,756.23|988.37,629.365|1005.53,652.854|1087.7,682.827|1128.16,858.871|1074.41,983.234|1005.44,981.688|1000.32,957.104|1027.63,888.45|964.756,648.012|883.873,646.799|760.14,612.157|837.457,551.198|900.756,507.301|984.757,531.729|910.395,554.092|992.949,966.836|963.701,1152.96|919.426,1382.98|897.607,1599.12|888.852,942.471|769.106,1083|777.074,1319.79|706.542,1498.97|996.297,582.881|973.834,584.539|995.02,554.866|1045.72,545.075|959.667,557.811|942.676,544.326
55|1|942.896,956.549|959.347,841.508|968.806,757.075|987.527,629.145|1004.92,652.76|1087.63,682.443|1128.59,859.241|1081.75,989.983|1012.8,985.805|1000.36,954.791|1029.27,892.969|963.767,648.033|882.154,645.464|757.249,608.707|827.911,539.816|895.313,489.67|925.543,537.024|898.647,550.814|998.503,968.497|969.226,1195.29|927.111,1428.92|905.016,1646.5|893.796,946.171|775.258,1145.28|785.389,1371.73|719.669,1549.38|995.362,582.253|970.199,581.03|993.381,552.413|1046.55,546.161|957.751,553.737|943.271,540.738
56|1|943.47,959.87|958.776,845.007|968.207,759.901|987.927,631.073|1005.07,654.954|1087.87,683.45|1128.8,859.698|1088.08,992.335|1019.22,988.448|1000.72,957.952|1030.88,896.97|964.099,649.866|882.824,645.881|756.483,606.546|817.422,529.74|873.776,499.885|942.664,541.185|904.438,545.381|999.274,971.034|976.388,1234.67|932.419,1468.59|913.703,1686.72|894.078,950.163|780.257,1190.28|787.588,1407.77|730.275,1584.44|996.144,583.91|971.198,576.858|994.113,549.251|1046.81,546.541|958.775,551.035|944.318,542.851
57|1|944.074,960.801|959.648,846.099|969.081,761.51|988.001,630.845|1005.45,654.935|1089.07,683.828|1129.01,862.56|1087.99,1001.61|1019.4,997.515|1002.01,959.727|1033.26,902.282|964.171,649.958|882.324,646.274|757.234,604.311|811.04,527.763|858.448,491.317|938.292,529.162|899.608,543.297|1000.01,972.338|979.724,1259.97|934.07,1494.49|916.699,1714.74|894.577,950.767|785.436,1213.52|788.184,1428.7|732.999,1604.84|995.838,583.007|971.414,579.992|994.108,551.442|1046.62,545.871|958.518,553.319|943.339,542.174
58|1|947.497,965.658|961.072,850.268|969.664,763.779|988.527,632.99|1006.02,657.129|1090.19,685.044|1128.8,863.972|1086.74,1002.16|1018.66,996.7|1001.81,958.35|1032.9,901.815|964.689,652.09|882.879,647.425|753.95,604.367|803.711,525.75|844.214,484.573|915.894,526.161|881.4,533.85|1003.85,976.304|982.701,1281.39|942.051,1515.05|924.443,1736.07|897.644,956.415|785.928,1234.89|793.021,1447.61|742.352,1622.74|996.275,585.122|979.638,582.194|998.275,551.911|1044.65,542.908|962.582,557.263|940.058,549.365
59|1|947.939,963.529|960.851,849.83|969.229,764.294|988.236,634.41|1005.46,658.392|1088.55,686.502|1128.76,862.994|1091.23,999.479|1023.3,996.68|1002.06,961.65|1033.42,903.141|964.622,653.302|883.859,647.731|752.662,603.906|797.012,515.172|828.987,489.484|894.049,518.609|868.291,527.051|1003.71,973.619|989.568,1287.57|949.174,1518.77|933.66,1734.34|898.514,954.76|794.112,1243.29|797.216,1452.8|749.732,1624.55|996.049,586.921|977.45,582.106|995.297,552.152|1042.17,543.464|960.391,558.513|939.597,553.183
60|1|948.407,964.815|961.108,850.282|969.333,763.658|987.373,632.516|1004.93,656.635|1088.57,685.884|1128.42,863.707|1092.53,1005.55|1026.19,1000.49|1002.62,962.483|1034.38,905.951|963.795,651.655|882.396,648.219|752.864,599.666|783.955,514.175|817.739,493.639|869.737,519.791|852.887,541.277|1004.53,975.24|988.239,1300.04|949.996,1530.14|934.713,1747.37|898.775,955.772|792.93,1251.56|797.615,1460.39|750.562,1632.31|994.651,584.527|979.225,578.086|996.322,548.139|1041.05,540.208|961.185,554.883|937.661,551.087
61|1|945.99,963.498|959.797,849.922|969.187,763.231|987.767,633.094|1005.18,657.128|1088.78,686.084|1128.52,863.67|1094.9,1005.31|1027.83,1003.73|1002.8,964.565|1034.88,907.579|964.136,652.053|882.93,647.808|750.611,597.398|774.659,499.321|795.448,486.505|849.771,512.804|833.655,528.794|1001.73,974.797|987.543,1302.64|949.992,1528.61|934.623,1741.68|896.753,953.691|790.728,1251.96|793.69,1460.45|747.603,1629.8|995.302,585.469|978.434,575.533|996.36,546.537|1042.24,541.541|961.208,552.691|939.034,550.921
62|1|944.164,961.597|959.409,848.703|969.312,762.52|987.488,632.565|1005.14,656.657|1089.01,686.546|1128.77,864.34|1095.97,1009.03|1030.77,1006.77|1003.29,962.743|1035.87,909.775|963.787,651.51|882.073,647.717|751.825,595.556|760.329,508.686|785.642,489.523|827.386,496.005|817.355,528.585|999.29,974.986|965.417,1299.03|937.639,1515.36|914.817,1723.13|895.779,950.015|742.847,1212.43|764.569,1422.46|708.527,1585.56|994.684,584.942|973.732,580.61|992.286,550.212|1041.21,541.186|956.983,556.523|937.667,550.612
63|1|939.451,950.525|957.833,841.601|969.407,759.176|988.976,633.396|1005.95,657.107|1087.67,687.21|1126.76,862.15|1094.17,1001.64|1027.13,1005.26|1003.37,963.968|1035.19,907.382|965.481,651.448|885.472,646.857|751.076,594.278|751.169,499.706|765.225,478.95|805.946,483.439|792.193,505.604|992.564,965.496|944.242,1263.44|920.777,1462.56|894.307,1657.47|892.859,937.55|713.408,1132.95|741.017,1345.52|675.797,1504.55|996.648,587.31|974.195,581.814|991.071,551.511|1039.64,541.586|956.956,559.589|939.042,556.56
64|1|937.987,953.219|957.416,841.881|969.181,758.386|987.642,631.93|1004.97,655.7|1087.45,686.116|1126.17,864.026|1087.9,1002.02|1017.19,1003.5|1003.29,964.871|1034.81,906.124|964.205,650.18|883.663,647.076|751.407,592.073|742.514,504.444|759.925,480.168|784.315,473.27|779.783,514.469|991.687,968.38|923.259,1248.31|909.564,1440.21|878.331,1636.19|890.92,940.093|689.623,1086.86|725.405,1313.72|652.227,1474.16|994.736,585.545|976.467,564.807|995.095,538.452|1041.82,541.148|960.191,544.238|939.505,550.28
65|1|937.788,949.745|957.172,839.473|969.003,756.909|987.9,632.871|1004.8,656.302|1085.9,686.752|1126.47,859.87|1086.22,991.796|1020.36,1006|1003.59,965.042|1033.22,901.512|964.735,650.663|885.637,645.548|750.032,591.769|738.189,499.639|722.123,460.701|762.188,472.464|759.888,503.406|990.89,964.306|922.481,1226.07|905.851,1419.69|872.691,1614.34|891.168,937.121|705.153,1072.36|730.846,1304.59|654.787,1465.44|995.174,587.407|971.354,578.013|991.66,550.364|1042.09,546.851|957.401,554.633|941.995,550.86
66|1|934.753,948.494|956.102,838.167|969.366,755.732|988.6,632.151|1005.52,655.621|1086.8,686.232|1126.79,860.471|1080.95,991.858|1014.63,1006.01|1003.5,964.904|1032.83,900.46|965.306,649.825|885.883,645.367|749.712,587.55|735.441,502.805|717.229,467.325|761.07,471.654|758.456,502.525|987.84,963.873|916.793,1208.86|897.14,1404.26|864.615,1601.78|888.124,935.146|712.304,1051.66|732.436,1289.57|654.636,1453.2|995.986,586.831|971.949,577.498|990.25,548.591|1040.18,542.509|956.17,555.406|940.043,554.021
67|1|935.088,946.579|956.036,837.654|968.926,756.325|987.802,634.252|1004.49,657.428|1084.81,686.951|1126.48,857.374|1080.55,986.059|1018.35,1006.46|1003.66,964.866|1032.27,898.536|964.875,651.682|886.717,646.341|749.41,587.461|730.774,495.709|707.811,459.583|690.244,444.344|685.525,497.508|987.445,961.651|911.579,1191.14|896.25,1385.68|863.951,1581.41|889.096,933.496|707.426,1026.79|728.624,1269.11|647.726,1427.65|994.995,589.528|969.239,577.24|988.942,550.075|1039.94,547.566|955.382,555.335|941.661,554.82
68|1|934.973,946.465|955.848,837.537|968.674,756.195|987.326,634.082|1004.04,657.238|1084.36,686.687|1126.22,857.102|1080.1,985.557|1017.8,1005.94|1003.42,964.609|1031.89,898.182|964.453,651.538|886.365,646.286|748.618,586.957|728.557,494.784|704.259,458.193|684.532,442.361|681.695,495.869|987.312,961.492|911.075,1190.08|895.966,1385.52|863.531,1581.38|888.998,933.422|708.533,1028.84|730.069,1270.29|649.943,1429.27|994.411,589.34|968.041,576.939|987.689,549.758|1039,547.153|954.241,555.191|941.01,554.943
69|1|936.858,946.448|956.542,836.057|968.818,753.904|987.521,632.279|1004.18,655.329|1084.11,685.462|1125.64,855.487|1078.16,985.968|1018.1,1006.03|1003.17,963.996|1031.51,897.637|964.668,649.699|886.609,645.561|747.876,586.299|704.164,501.455|685.954,463.96|660.365,455.358|698.512,507.502|989.917,959.949|917.29,1186.94|899.577,1390.3|869.362,1587.96|890.081,934.704|714.174,1045.32|733.283,1289.77|656.639,1454.37|994.692,587.707|969.627,575.825|987.639,547.933|1037.48,543.438|954.408,554.943|939.71,555.909
70|1|934.565,941.367|954.859,832.988|967.454,752.049|986.358,631.781|1002.63,654.651|1081.26,684.78|1121.93,853.228|1077.27,983.552|1015.67,1005.53|1003.28,965.15|1031.7,898.681|963.849,648.864|887.169,645.064|748.144,591.347|700.883,500.203|667.772,446.354|655.323,458.003|682.156,488.507|986.525,955.341|918.994,1182.41|899.749,1387.31|870.201,1583.07|888.833,929.221|709.904,1041.1|725.59,1287.39|647.76,1448.4|993.507,587.716|973.986,569.216|989.188,542.758|1033.88,541.258|956.814,551.432|937.921,559.406
71|1|936.479,941.19|954.739,831.86|966.88,750.778|984.942,631.5|1001.29,654.047|1079.49,684.617|1122.04,851.868|1072.68,977.907|1012.77,1003.53|1003.53,965.882|1028.01,895.201|962.614,648.619|886.166,645.188|746.387,590.753|703.194,510.083|665.25,438.491|643.94,462.99|659.511,488.549|989.217,952.599|933.673,1178.67|910.711,1384.39|887.439,1580.49|889.617,931.209|716.859,1031.96|730.573,1284.99|656.511,1451.43|991.846,587.812|968.112,578.803|985.79,551.187|1034.17,545.365|953.215,557.634|938.219,556.193
72|1|935.843,939.468|954.186,830.599|966.337,749.86|984.332,630.97|1000.66,653.479|1078.66,684.338|1121.64,851.267|1071.02,976.862|1011.25,1002.58|1003.36,965.607|1026.67,894.423|962.051,648.015|885.732,644.616|745.19,589.858|698.311,508.735|652.443,441.02|633.224,461.118|651.086,487.451|988.386,950.944|937.618,1176.56|913.689,1380.73|892.276,1576.58|889.164,929.429|718.851,1028.45|730.523,1283.58|655.941,1449.92|991.169,587.416|965.466,581.535|983.867,553.622|1033.72,546.304|951.366,559.405|938.129,554.982
73|1|935.783,939.412|954.111,830.518|966.244,749.762|984.179,630.839|1000.53,653.346|1078.55,684.204|1121.56,851.228|1070.79,976.734|1010.93,1002.41|1003.2,965.558|1026.47,894.3|961.904,647.897|885.563,644.546|744.826,589.944|697.484,508.874|651.105,441.417|631.346,460.959|649.745,487.883|988.338,950.879|937.673,1176.58|913.798,1380.71|892.471,1576.61|889.093,929.381|718.557,1028.21|730.221,1283.6|655.5,1449.96|990.99,587.27|965.216,579.698|983.892,552.194|1033.87,546.233|951.356,557.771|938.265,554.398
74|1|935.538,939.207|953.779,830.204|965.827,749.359|983.506,630.277|999.911,652.782|1077.96,683.715|1120.98,850.965|1069.77,976.321|1009.65,1001.89|1002.65,965.308|1025.63,893.904|961.264,647.387|884.89,644.164|743.302,589.582|692.913,508.237|642.248,443.577|616.546,457.954|641.192,488.425|988.139,950.625|937.895,1176.36|914.436,1380.48|893.463,1576.61|888.811,929.221|717.415,1026.28|729,1283.15|653.605,1449.58|990.195,586.641|964.92,572.449|984.513,546.652|1034.44,546.027|951.846,551.411|938.735,552.174
75|1|933.46,935.914|952.316,828.468|964.295,748.584|982.354,630.125|998.553,652.575|1075.47,683.505|1119.53,848.538|1074.78,974.802|1015.07,1000.46|1002.61,965.578|1025.63,894.673|960.196,647.062|884.361,643.836|743.885,588.579|689.835,504.659|639.54,440.718|612.485,457.189|635.07,487.643|985.255,948.199|928.489,1169.44|908.867,1370.55|885.454,1564.77|887.619,925.194|715.308,1019.48|727.896,1271.33|649.528,1431.69|989.173,586.725|965.901,576.507|986.826,551.228|1035.87,550.399|954.045,553.525|940.26,549.036
76|1|933.459,935.914|952.314,828.468|964.293,748.584|982.35,630.124|998.55,652.575|1075.46,683.504|1119.53,848.536|1074.78,974.803|1015.07,1000.46|1002.61,965.579|1025.63,894.674|960.193,647.062|884.357,643.837|743.878,588.585|689.821,504.669|639.52,440.731|612.458,457.205|635.045,487.66|985.254,948.199|928.484,1169.44|908.864,1370.55|885.45,1564.77|887.618,925.194|715.303,1019.49|727.896,1271.33|649.528,1431.69|989.168,586.725|965.883,576.511|986.807,551.229|1035.86,550.392|954.027,553.531|940.252,549.041
77|1|933.378,935.976|952.191,828.504|964.129,748.609|982.044,630.135|998.275,652.569|1075.25,683.419|1119.55,848.485|1074.81,974.872|1015.06,1000.6|1002.71,965.77|1025.62,894.781|959.903,647.095|884.044,643.97|743.298,589.173|688.715,505.613|637.961,442|609.875,458.271|633.109,489.53|985.183,948.237|928.015,1169.31|908.605,1370.6|885.029,1564.85|887.528,925.276|715.633,1021.37|729.068,1272.08|651.352,1432.66|988.804,586.73|964.034,577.065|984.815,551.445|1034.74,549.755|952.157,554.208|939.403,549.743
78|1|933.283,936.005|952.061,828.486|963.96,748.567|981.746,630.064|998.012,652.488|1075.07,683.285|1119.54,848.478|1074.71,975.038|1014.85,1000.81|1002.72,966.003|1025.54,894.929|959.613,647.05|883.703,644.001|742.685,589.659|687.557,506.51|636.227,443.27|606.628,459.13|630.922,491.68|985.111,948.247|927.563,1169.27|908.329,1370.65|884.631,1564.96|887.414,925.323|715.995,1023.44|730.183,1273.06|653.104,1433.92|988.453,586.647|962.176,577.991|982.803,551.94|1033.61,549.096|950.265,555.154|938.541,550.358
79|1|934.326,939.393|952.799,830.146|963.753,748.351|981.181,628.113|998.011,650.991|1077.53,681.589|1119.81,852.004|1071.9,984.331|1009.02,1001.13|1002.46,964.888|1025.82,895.794|958.64,645.34|880.824,642.096|739.318,584.976|677.509,503.139|646.595,465.879|599.243,469.235|628.44,502.46|986.635,952.823|914.544,1168.2|900.492,1377.27|870.366,1575.93|888.388,927.753|709.536,1033.93|730.118,1281.39|649.611,1441.86|987.57,583.973|959.627,581.481|979.291,552.626|1031.62,543.646|945.993,557.66|934.018,549.7
80|1|934.325,939.393|952.798,830.145|963.751,748.349|981.178,628.11|998.008,650.988|1077.53,681.585|1119.81,852|1071.91,984.333|1009.02,1001.13|1002.47,964.889|1025.82,895.795|958.638,645.337|880.82,642.094|739.31,584.971|677.486,503.13|646.554,465.866|599.168,469.208|628.371,502.441|986.634,952.823|914.53,1168.2|900.48,1377.27|870.347,1575.94|888.386,927.753|709.53,1033.95|730.138,1281.39|649.643,1441.86|987.567,583.969|959.618,581.463|979.285,552.611|1031.62,543.642|945.988,557.643|934.017,549.692
81|1|934.325,939.393|952.798,830.145|963.751,748.349|981.178,628.11|998.008,650.988|1077.53,681.585|1119.81,852|1071.91,984.333|1009.02,1001.13|1002.47,964.889|1025.82,895.795|958.638,645.337|880.82,642.094|739.31,584.971|677.486,503.13|646.554,465.866|599.168,469.208|628.371,502.441|986.634,952.823|914.53,1168.2|900.48,1377.27|870.347,1575.94|888.386,927.753|709.53,1033.95|730.138,1281.39|649.643,1441.86|987.567,583.969|959.618,581.463|979.285,552.611|1031.62,543.642|945.988,557.643|934.017,549.692
82|1|934.325,939.393|952.798,830.145|963.751,748.349|981.178,628.11|998.008,650.988|1077.53,681.585|1119.81,852|1071.91,984.333|1009.02,1001.13|1002.47,964.889|1025.82,895.795|958.638,645.337|880.82,642.094|739.31,584.971|677.486,503.13|646.554,465.866|599.168,469.208|628.371,502.441|986.634,952.823|914.53,1168.2|900.48,1377.27|870.347,1575.94|888.386,927.753|709.53,1033.95|730.138,1281.39|649.643,1441.86|987.567,583.969|959.618,581.463|979.285,552.611|1031.62,543.642|945.988,557.643|934.017,549.692
83|1|934.314,939.404|952.784,830.157|963.734,748.363|981.145,628.126|997.978,651.003|1077.5,681.59|1119.79,851.983|1071.91,984.356|1009.04,1001.18|1002.47,964.891|1025.82,895.822|958.607,645.355|880.789,642.124|739.239,585.045|677.314,503.241|646.265,466.005|598.714,469.394|627.996,502.625|986.622,952.833|914.476,1168.2|900.442,1377.29|870.289,1575.95|888.376,927.765|709.483,1033.96|730.136,1281.35|649.645,1441.79|987.527,583.987|959.511,581.536|979.175,552.67|1031.55,543.651|945.885,557.713|933.965,549.732
84|1|934.314,939.404|952.784,830.157|963.733,748.363|981.145,628.127|997.978,651.003|1077.5,681.59|1119.79,851.984|1071.91,984.357|1009.04,1001.18|1002.47,964.891|1025.82,895.822|958.606,645.355|880.789,642.125|739.238,585.047|677.312,503.243|646.262,466.007|598.71,469.397|627.993,502.629|986.622,952.833|914.475,1168.2|900.442,1377.29|870.288,1575.95|888.376,927.765|709.482,1033.96|730.136,1281.35|649.645,1441.79|987.526,583.987|959.51,581.537|979.175,552.67|1031.54,543.651|945.884,557.714|933.965,549.732
85|1|931.3,937.395|950.589,828.949|963.068,748.154|981.01,629.326|997.527,651.889|1076.08,682.066|1118.87,850.122|1070.04,981.074|1009.86,1001.1|1002.11,964.867|1025.12,894.897|958.556,646.386|881.527,642.337|739.327,589.493|671.104,515.13|639.718,464.563|592.768,471.942|620.986,517.685|983.653,949.937|920.829,1168.42|900.513,1372.13|874.751,1567.83|884.948,926.447|711.59,1028.98|727.377,1275.29|651.934,1438.18|987.797,585.766|955.102,584.441|975.708,556.064|1030.88,547.019|943.201,560.332|935.685,550.897
86|1|931.451,936.394|950.552,828.122|962.879,747.477|980.221,628.826|996.841,651.253|1075.36,681.37|1117.55,849.732|1069.31,981.492|1008.34,1001.2|1002.21,965.292|1025.15,895.298|957.855,645.977|880.78,642.791|738.085,593.868|667.457,522.218|633.093,469.285|585.689,477.702|613.439,525.614|983.749,948.825|926.202,1169.24|903.796,1371.52|879.088,1566.98|885.142,925.543|723.183,1043.42|734.864,1288.51|661.481,1453.71|986.804,585.331|960.336,583.506|980.171,555.18|1031.41,546.574|947.053,559.431|934.41,550.352
87|1|930.056,936.002|948.954,827.522|961.761,746.817|979.324,628.809|995.826,651.056|1073.85,681.374|1115.36,849.507|1067.82,981.167|1005.96,1001.22|1002.22,965.792|1025.1,895.691|956.964,645.933|880.008,644.62|737.385,602.101|663.371,536.324|614.359,473.796|570.768,496.228|615.953,547.487|982.548,947.587|935.583,1172.1|909.275,1372.25|889.627,1567.33|883.358,925.854|725.777,1045.65|734.627,1294.24|664.35,1463.01|986.131,585.578|956.563,583.221|977.394,555.442|1030.73,547.923|944.582,558.944|934.822,549.567
88|1|929.797,935.227|949.355,827.452|961.623,746.917|978.353,628.635|995.291,650.883|1074.34,680.475|1115.93,850.07|1066.82,983.371|1006.02,1002.05|1002.12,965.305|1025.08,895.137|955.831,645.954|877.717,646.924|733.094,606.486|656.772,541.807|622.2,498.899|555.482,509.574|599.292,564.263|981.861,948.65|919.604,1163.13|903.057,1362.69|879.876,1559.54|883.861,923.539|711.275,1026.06|727.948,1274.38|650.154,1436.47|984.819,585.281|957.748,583.13|978.268,554.608|1030.49,546.512|944.611,558.525|932.126,549.182
89|1|924.37,933.545|947.088,826.342|961.378,746.363|978.258,628.071|995.247,650.306|1074.51,679.394|1115.81,849.793|1069.64,984.689|1006.79,1001.63|1002.18,965.545|1025.3,896.08|955.613,645.436|877.132,647.146|732.662,608.95|653.371,543.266|612.678,512.983|545.938,517.698|588.687,571.631|976.027,948.844|908.319,1155.17|892.054,1348.58|867.032,1545.11|878.872,920.225|702.081,1010.64|717.382,1257.26|636.391,1416.06|984.849,584.71|958.844,584.471|979.341,555.507|1031.11,546.229|945.365,559.295|931.827,548.349
90|1|924.494,933.152|947.108,826.238|961.335,746.485|978.091,628.54|995.052,650.694|1074.11,679.69|1115.27,849.692|1070.13,985.23|1007.26,1001.98|1002.26,965.995|1025.54,896.866|955.514,645.87|877.232,647.759|732.582,610.551|652.096,545.562|607.283,522.581|544.496,529.53|581.256,580.477|976.023,948.371|908.5,1157.27|889.768,1349.32|863.603,1544.54|879.101,919.899|711.655,1039.73|723.27,1279.44|644.942,1439.87|984.637,585.318|958.486,583.168|978.585,554.358|1030.18,545.835|944.795,558.707|931.339,549.747
91|1|929.172,939.548|949.619,830.673|961.816,749.57|978.117,629.305|995.519,651.788|1076.34,679.216|1116.35,852.308|1068.28,990.61|1004.89,1001.9|1002.21,965.154|1025.6,897.229|955.257,647.085|875.586,647.793|728.544,615.536|644.697,557.078|591.366,531.323|531.677,553.758|583.497,594.843|981.605,954.245|901.428,1156.67|891.953,1352.95|863.825,1551.45|883.087,926.788|703.537,1031.88|725.742,1274.48|645.099,1434.67|984.48,585.2|959.085,581.216|979.875,552.385|1031.73,545.455|945.283,556.348|930.81,548.141
92|1|932.027,939.291|950.262,831.055|961.481,749.418|977.696,629.353|995.058,651.78|1075.67,679.505|1115.98,852.21|1070.52,992.995|1007.58,1003.84|1002.09,963.576|1025.89,899.186|954.906,647.112|875.45,647.741|728.278,618.102|643.726,561.035|588.265,537.761|527.926,557.942|581.298,597.429|984.349,953.278|914.473,1179.69|896.822,1380.07|868.93,1577.02|886.073,927.16|730.58,1107.65|746.534,1332.9|674.889,1494.89|984.026,585.327|958.955,584.935|979.4,555.507|1030.92,546.06|944.896,559.547|930.139,548.798
93|1|932.318,939.414|949.849,832.438|961.685,750.79|978.064,630.436|995.382,652.766|1075.8,679.808|1115.99,852.135|1074.44,993.678|1011.28,1003.87|1002.06,963.538|1026.23,900.365|955.217,648.367|875.689,651.032|726.853,626.941|642.315,572.312|586.668,555.572|525.258,579.639|578.653,608.886|984.825,952.732|929.425,1208.85|903.582,1407.19|882.192,1601.47|886.006,927.824|749.973,1152.64|757.677,1368.26|695.487,1531.02|984.64,586.337|958.844,584.084|979.5,554.993|1031.5,546.828|945.049,559.014|930.928,549.618
94|1|926.895,939.701|947.023,832.249|960.496,751.097|977.27,631.39|994.499,653.685|1075.29,679.832|1116.18,851.886|1071.95,989.048|1007.81,1004.8|1002.2,964.552|1025.78,898.462|954.376,649.163|874.894,651.792|725.272,631.374|642.022,578.469|580.258,568.322|518.532,595.644|574.212,616.118|979.35,953.781|918.716,1199.36|902.473,1384.86|883.097,1577.86|880.561,927.422|704.431,1070.98|729.751,1298.51|663.283,1462.44|983.993,587.545|959.404,583.859|979.882,554.987|1031.06,547.735|945.36,559.089|930.274,550.831
95|1|926.734,939.591|946.975,832.177|960.507,751.081|977.163,631.347|994.422,653.647|1075.18,679.794|1116.14,851.76|1071.64,988.181|1007.46,1004.95|1002.23,964.731|1025.7,898.189|954.284,649.126|874.79,651.987|724.935,633.649|637.399,584.257|576.122,573.498|515.725,602.849|575.827,621.617|979.169,953.743|915.043,1195.16|900.23,1376.36|880.077,1568.98|880.42,927.249|704.301,1070.23|725.203,1301.49|653.874,1464.52|983.82,587.489|960.094,585.062|980.226,555.853|1030.79,547.549|945.651,560.157|929.767,551.161
96|1|930.299,943.028|947.77,834.559|959.708,752.33|975.799,631.294|993.29,653.588|1074.19,680.973|1116.28,854.14|1076.79,994.696|1010.53,1004.09|1002.15,964.356|1026.74,901.56|952.844,649.497|872.811,654.958|721.105,646.324|629.047,603.858|562.763,604.129|507.035,650.727|566.131,656.827|983.61,955.342|932.81,1218.84|909.66,1403.65|892.208,1596.65|883.064,932.28|734.901,1146.26|744.898,1368.64|680.4,1534.17|982.377,586.955|966.772,579.155|985.822,550.677|1031.14,546.012|950.587,555.053|928.07,550.031
97|1|931.426,939.757|947.818,832.955|959.741,750.903|975.999,630.854|993.332,652.939|1073.51,681.039|1113.75,853.631|1075.74,995.901|1010.62,1003.73|1002.24,964.281|1026.92,902.085|953.12,648.95|873.536,655.134|721.139,651.675|630.879,611.984|563.441,604.579|510.118,671.508|564.856,679.714|984.521,950.98|951.485,1233.99|920.688,1420.8|908.935,1609.78|884.201,929.934|760.132,1178.92|760.254,1396.14|705.156,1561.16|982.724,586.896|955.897,585.675|975.974,555.923|1028.45,546.153|941.614,560.833|927.962,551.504
98|1|934.515,942.779|949.431,835.63|960.495,752.781|975.977,631.642|993.578,653.773|1074.45,681.064|1114.13,854.912|1076.92,999.325|1011.19,1004.89|1002.14,963.098|1027.41,903.701|953.092,650.044|873.036,656.738|720.557,658.791|623.125,629.63|558.337,631.609|502.957,687.73|558.791,694.358|988.08,953.073|962.526,1249.59|932.126,1434.95|923.648,1621.61|886.804,933.772|773.17,1200.97|773.523,1413.19|724.546,1578.11|982.418,587.274|958.369,587.881|978.365,557.752|1029.36,547.065|943.506,562.346|927.456,551.281
99|1|917.28,940.342|942.739,830.663|961.401,750.716|976.849,631.069|994.512,653.067|1075.74,680.742|1110.56,855.937|1060.14,987.603|993.801,1009.24|1003.2,965.72|1025.99,898.637|953.924,649.209|873.778,656.476|721.936,660.805|622.063,640.847|560.225,641.916|498.012,707.361|550.127,704.116|970.547,954.336|924.593,1191.51|906.901,1345.66|896.841,1537.28|869.528,927.965|691.324,885.195|689.202,1145.76|605.779,1295.87|983.199,587.242|956.621,589.189|977.045,558.742|1029.86,547.154|942.194,563.275|928.033,551.11
100|1|927.801,946.135|947.788,835.791|961.205,754.271|976.029,633.074|993.875,655.345|1075.43,681.575|1110.83,856.712|1060.03,993.898|994.357,1009.95|1003.15,965.924|1026.55,900.237|953.182,651.387|872.884,658.027|719.51,665.123|614.654,652.051|551.317,652.13|492.968,714.901|554.025,725.788|981.559,958.742|924.006,1190.91|910.797,1359.81|897.815,1554.86|879.997,935.091|712.27,1056.61|727.778,1303.95|649.439,1472.92|981.975,588.668|959.18,585.801|978.27,555.647|1028.21,546.208|943.335,561.386|925.896,553.948
101|1|935.289,950.721|952.133,838.878|963.249,756.241|975.094,634.082|993.576,655.923|1075.68,681.568|1111.11,857.445|1062.12,1000.13|997.823,1010.5|1003.3,965.215|1027.03,902.331|952.585,653.146|871.987,662.292|717.207,674.674|609.674,664.705|542.285,671.589|490.751,738.185|554.868,736.47|989.766,961.685|943.676,1209.62|927.068,1390.9|916.823,1587.82|886.827,941.137|743.42,1130.22|754.337,1375.52|688.641,1550.78|980.031,589.325|957.331,584.933|978.145,555.72|1028.78,549.139|942.734,559.601|925.61,551.413
102|1|943.581,954.051|955.635,841.638|963.493,757.15|974.559,634.18|993.174,656.017|1075.6,681.646|1110.36,857.937|1062.13,1003.87|999.971,1010.99|1003.22,965.047|1026.88,903.797|952.185,653.471|871.704,663.364|716.431,676.722|608.274,662.077|540.791,673.904|489.183,742.893|553.021,738.439|998.521,962.908|963.206,1230.86|947.522,1425.35|941.154,1623.8|894.766,946.351|765.078,1176.17|780.483,1416.89|724.62,1593.08|979.192,589.121|957.824,586.786|978.239,557.184|1027.91,549.117|942.805,561.17|924.579,551.578
103|1|944.769,956.36|956.432,843.452|963.997,758.625|974.316,635.182|993.115,656.971|1075.92,681.965|1110.9,858.839|1064.1,1006.3|1000.52,1013.34|1003.52,965.278|1027.45,905.836|952.009,654.673|871.387,665.232|715.365,680.314|605.08,667.254|537.007,679.255|486.164,750.176|550.757,743.769|999.923,965.024|975.381,1243.08|957.569,1441.79|954.978,1641.1|895.763,948.831|777.395,1196.79|793.679,1430.31|744.875,1607.25|978.669,589.955|956.652,583.21|977.56,554.474|1027.78,549.623|942.079,558.232|924.473,551.665
104|1|946.009,958.513|957.165,844.977|964.341,759.723|973.993,635.769|992.975,657.528|1076.18,682.062|1111.16,859.314|1064.98,1007.94|1002.21,1015.05|1003.61,964.988|1027.77,906.751|951.725,655.455|870.875,666.4|713.933,683.258|601.828,672.26|532.906,684.614|481.775,756.248|550.83,742.957|1001.43,966.914|984.014,1252.11|965.436,1454.28|965.127,1654.69|896.765,951.22|785.432,1210.34|802.227,1440.46|757.641,1618.13|978.098,590.351|955.661,589.474|976.07,559.305|1026.57,549.929|940.501,563.585|922.827,553.124
105|1|946.923,960.488|957.584,846.665|964.393,761.219|973.391,637.013|992.493,658.695|1075.94,682.553|1110.96,859.97|1065.55,1009.43|1002.26,1015.89|1003.74,965.462|1028.05,907.934|951.224,656.846|870.404,668.315|713.32,686.601|600.552,676.661|531.772,691.172|482.002,763.853|547.496,752.136|1002.45,968.617|990.22,1258.81|971.567,1463.16|973.105,1663.94|897.578,953.436|790.913,1220.09|808.193,1447.86|766.837,1625.62|977.256,591.517|958.239,582.322|978.344,553.721|1026.49,550.042|942.658,557.995|922.429,553.713
106|1|953.608,964.713|959.893,849.797|963.788,763.093|972.945,638.049|992.017,659.83|1075.95,683.281|1111.32,861.203|1060.95,1010.35|998.885,1017.33|1003.87,965.21|1027.94,908.169|950.743,658.009|869.843,669.007|712.5,690.097|599.28,689.545|526.046,699.486|477.85,775.188|544.546,761.836|1009.71,970.104|1001.73,1267.21|985.787,1481.79|989.492,1685.36|903.612,960.083|800.038,1236.73|822.585,1461.72|787.519,1640.4|976.922,592.26|954.07,589.448|974.725,559.72|1025.5,551.816|939.205,563.847|921.978,554.68
107|1|954.3,966.791|960.153,851.231|963.711,764.111|971.932,638.51|991.271,660.208|1075.64,683.57|1111.23,862.274|1060.38,1012.34|998.575,1018.42|1003.9,965.149|1028.19,908.993|949.769,658.751|868.556,670.935|710.61,694.846|597.383,696.219|523.65,707.039|474.259,786.999|537.069,772.62|1010.7,971.941|1010.51,1273.53|994.39,1491.34|1001.24,1697.6|904.026,962.377|807.304,1246.3|830.638,1469.91|798.681,1650.16|975.584,592.51|955.278,586.357|976.324,557.389|1025.76,552.438|940.382,560.837|921.222,553.425
108|1|954.522,967.269|960.378,851.635|963.939,764.472|972.09,638.831|991.463,660.519|1075.95,683.775|1111.63,862.682|1060.88,1013.1|998.854,1019.1|1004.14,965.689|1028.47,909.616|949.913,659.102|868.631,671.487|710.65,696.277|597.367,698.607|523.329,710.174|473.365,791.566|535.369,773.627|1010.97,972.426|1013.61,1275.08|997.116,1493.43|1005.28,1700.11|904.208,962.849|809.962,1248.79|833.404,1470.79|802.761,1651.01|975.726,592.818|955.036,586.214|976.232,557.319|1025.99,552.719|940.256,560.714|921.388,553.569
109|1|954.522,967.271|960.378,851.636|963.938,764.474|972.088,638.833|991.461,660.521|1075.95,683.776|1111.63,862.682|1060.88,1013.11|998.854,1019.11|1004.14,965.691|1028.47,909.618|949.912,659.105|868.63,671.491|710.647,696.285|597.362,698.62|523.322,710.192|473.359,791.591|535.376,773.615|1010.97,972.427|1013.61,1275.08|997.122,1493.44|1005.29,1700.11|904.208,962.851|809.967,1248.8|833.411,1470.79|802.771,1651.01|975.723,592.82|955.029,586.224|976.225,557.327|1025.98,552.721|940.249,560.722|921.385,553.574
110|1|956.901,970.81|961.345,854.036|963.969,765.937|971.433,638.739|991.032,660.587|1076.41,683.168|1111.07,863.465|1057.81,1015.28|996.321,1020.53|1004.33,965.13|1028.6,910.51|949.273,659.313|867.685,672.172|709.428,698.609|594.117,703.576|523.219,713.846|473.105,801.328|552.791,763.201|1013.87,975.026|1021.14,1284.05|1005.6,1506|1016.03,1716.02|906.057,967.228|814.332,1260.95|839.625,1484.7|811.953,1667.95|974.773,592.144|954.775,587.958|975.466,558.254|1024.77,551.519|939.332,562.142|919.579,553.624
111|1|957.807,973.301|961.64,855.76|963.819,767.102|970.662,639.285|990.441,661.124|1076.27,683.729|1111.12,864.409|1056.44,1016.67|997.455,1022.11|1004.75,964.138|1028.79,911.237|948.528,660.065|866.665,673.119|708.226,700.257|594.001,705.375|518.24,715.204|470.547,806.289|551.737,755.558|1015.08,977.159|1027.65,1290.22|1012.28,1514.54|1024.32,1727.18|906.675,970.039|818.467,1268.46|844.204,1494.21|818.132,1679.91|973.776,592.462|954.357,587.648|975.516,558.222|1024.7,552.471|939.162,561.542|919.032,552.902
112|1|958.172,974.315|961.972,856.635|964.122,767.898|970.775,640|990.621,661.819|1076.61,684.361|1111.23,865.52|1056.64,1018.45|997.11,1023.28|1004.52,965.118|1029,912.509|948.636,660.835|866.661,674.132|707.894,702.352|593.234,708.723|516.974,720.518|471.393,814.902|548.851,761.859|1015.52,978.167|1030.92,1292.53|1015.48,1517.91|1028.82,1731.56|906.977,971.058|821.087,1271.43|846.567,1497.71|821.275,1684.26|973.823,593.151|954.441,587.208|975.896,558.073|1025.18,553.363|939.451,561.111|919.35,553.019
113|1|958.171,974.316|961.97,856.637|964.12,767.899|970.771,640.002|990.617,661.821|1076.6,684.363|1111.22,865.523|1056.63,1018.45|997.099,1023.28|1004.52,965.119|1028.99,912.51|948.632,660.838|866.658,674.135|707.887,702.357|593.217,708.731|516.948,720.532|471.354,814.92|548.799,761.888|1015.52,978.168|1030.92,1292.53|1015.48,1517.91|1028.83,1731.56|906.977,971.059|821.09,1271.43|846.572,1497.71|821.282,1684.26|973.818,593.154|954.433,587.205|975.887,558.072|1025.17,553.364|939.443,561.11|919.345,553.023
114|1|958.171,974.316|961.97,856.637|964.12,767.899|970.771,640.002|990.617,661.821|1076.6,684.363|1111.22,865.523|1056.63,1018.45|997.099,1023.28|1004.52,965.119|1028.99,912.51|948.632,660.838|866.658,674.135|707.887,702.357|593.217,708.731|516.948,720.532|471.354,814.92|548.799,761.888|1015.52,978.168|1030.92,1292.53|1015.48,1517.91|1028.83,1731.56|906.977,971.059|821.09,1271.43|846.572,1497.71|821.282,1684.26|973.818,593.154|954.433,587.205|975.887,558.072|1025.17,553.364|939.443,561.11|919.345,553.023
115|1|963.222,977.486|964.965,861.279|965.693,772.707|970.489,643.402|990.932,665.184|1078.63,684.956|1111.27,868.441|1052.96,1023.56|997.329,1025.02|1005.92,962.325|1029.19,915.22|948.383,664.761|865.164,677.205|705.341,704.677|593.026,705.511|510.446,726.399|467.935,828.686|534.639,775.223|1020.69,980.536|1036.61,1298.82|1023.84,1518.96|1040.38,1732.39|911.903,974.946|830.917,1280.47|858.355,1505.21|832.595,1693.03|972.805,596.046|958.026,585.506|979.369,557.038|1026.04,555.823|942.227,559.679|918.27,554.466
116|1|962.382,973.571|964.497,859.471|965.706,771.93|971.257,643.146|991.58,664.896|1078.95,684.917|1111.07,868.554|1055.27,1025.25|998.675,1025.39|1005.91,962.257|1029.39,916.447|948.99,664.41|865.591,676.8|705.162,705.896|594.669,707.341|507.761,728.288|467.342,831.088|533.47,778.263|1019.45,976.466|1042.22,1298.63|1026.71,1512.53|1045.87,1719.46|911.316,971.161|842.057,1283.66|864.366,1501.86|840.94,1685.86|973.957,595.973|956.802,585.925|977.435,556.578|1025.46,553.571|940.383,560.683|917.712,556.456
117|1|966.22,975.295|966.501,860.878|966.354,772.673|971.403,643.038|991.927,664.87|1079.71,684.748|1111.39,869.513|1055.28,1027.25|997.81,1025.65|1005.69,962.53|1029.42,917.22|949.113,664.497|865.287,676.941|704.049,706.153|594.06,707.077|503.174,729.662|463.925,831.507|533.32,778.507|1023.59,977.223|1047.79,1306.67|1034.86,1513.73|1053.83,1717.79|914.865,973.752|847.552,1293.88|873.076,1504.18|852.165,1685.67|973.891,595.541|957.976,586.083|977.796,556.081|1024.93,551.869|940.583,561.004|916.498,557.058
118|1|967.192,974.222|966.983,860.893|966.537,772.817|971.35,643.563|991.9,665.297|1079.5,685.364|1111.48,869.741|1056.52,1027.77|999.328,1026.74|1005.55,962.88|1029.53,918.137|949.112,665.009|865.325,677.327|703.844,706.601|593.5,706.152|502.965,731.366|463.101,833.325|531.624,780.42|1024.37,975.929|1052.47,1308.16|1040.32,1510.68|1059.59,1710.11|916.006,972.875|854.18,1296.75|879.175,1501.77|860.124,1679.46|973.748,596.21|956.6,585.149|978.608,556.592|1027.18,555.754|941.246,559.175|918.956,554.199
119|1|965.775,973.22|965.976,860.129|965.847,772.207|971.129,643.154|991.612,664.93|1079.29,685.243|1111.18,869.844|1056.23,1028.32|999.054,1027.61|1005.41,963.409|1029.58,918.647|948.799,664.51|864.972,677.012|703.524,707.622|593.748,708.353|502.412,732.445|463.231,835.934|529.276,779.77|1022.9,975.14|1054.18,1308.78|1041.18,1507.25|1060.64,1703.18|914.634,971.683|855.824,1297.74|879.915,1497.15|862.917,1671.71|973.709,595.869|958.277,585.245|979.512,556.278|1026.81,554.584|942.083,559.435|918.187,554.661
120|1|961.344,969.854|963.915,858.941|965.804,771.751|971.796,643.159|992.177,664.916|1079.7,685.317|1111.3,869.924|1057.64,1028.84|1000.12,1028.41|1005.17,964.001|1029.67,919.222|949.306,664.425|865.287,676.98|702.996,708.343|594.509,708.525|501.885,732.142|463.159,837.425|529.332,780.876|1018.11,972.652|1052.5,1305.41|1034.87,1497.45|1055.83,1687.52|910.443,967.524|858.414,1294.19|876.209,1490.06|859.902,1661.97|974.725,596.041|957.804,585.372|979.515,556.401|1027.99,554.876|942.003,559.401|919.246,554.471
121|1|963.141,967.383|964.625,857.157|965.72,769.993|972.136,641.588|992.419,663.365|1079.38,685.182|1111.09,869.155|1060.57,1028.67|1002.64,1029.6|1005.05,964.009|1029.76,919.903|949.595,662.78|865.689,675.672|704.026,707.9|596.256,707.738|501.373,732.589|463.581,839.951|529.55,781.101|1019.78,969.345|1052.52,1302.54|1035.4,1489.38|1055.43,1674.61|912.29,965.8|860.465,1293.05|877.551,1483.65|861.33,1652.1|975.252,594.523|958.002,585.548|979.542,556.146|1028.18,553.245|942.065,559.376|919.478,553.408
122|1|963.109,973.103|964.562,860.149|965.678,771.014|971.943,642.023|992.184,663.879|1079.17,685.451|1111.43,869.554|1060.68,1028|998.859,1028.08|1004.87,964.763|1029.59,918.76|949.503,663.263|865.885,675.894|703.723,708.431|597.297,706.572|501.798,731.231|463.976,841.997|530.744,778.777|1020.26,974.943|1056,1313.45|1038.88,1495.64|1056.19,1678.24|911.785,971.634|857.268,1304.16|876.582,1492.26|863.226,1658.99|974.975,594.76|958.837,584.699|980.2,555.746|1027.92,553.753|942.893,558.823|919.664,553.589
123|1|964.626,973.457|964.876,860.058|965.053,770.643|970.953,641.903|991.169,663.627|1077.85,686.08|1111.51,869.056|1061.18,1025.99|999.46,1028.68|1004.89,964.971|1029.54,918.06|948.652,663.175|865.384,676.047|703.724,709.384|599.004,706.508|508.659,730.987|470.994,843.07|532.751,777.628|1021.77,974.587|1059.53,1312.88|1043.49,1498.07|1060.62,1680.86|913.294,972.624|858.366,1305.34|878.655,1494.82|865.874,1661.56|973.872,594.738|959.344,584.538|980.016,555.563|1026.38,553.328|942.858,559.002|918.366,554.271
124|1|959.974,963.72|962.786,854.779|964.992,768.192|971.675,641.259|991.665,662.809|1077.32,686.027|1111.02,867.368|1064.64,1025.22|1004.52,1029.84|1004.92,964.364|1029.7,919.292|949.33,662.18|866.436,675.461|705.008,708.923|598.096,706.29|511.675,731.276|510.571,831.827|533.919,778.998|1016,966.188|1052.68,1294.65|1034.6,1478.29|1054.4,1657.17|909.64,961.677|861.851,1285.59|874.922,1476.58|859.752,1641.57|974.91,594.758|958.44,585.211|979.764,556.399|1027.5,554.144|942.728,559.405|919.994,553.807
125|1|962.178,966.875|964.065,856.956|965.544,769.672|971.692,642.144|991.713,663.668|1077.18,686.2|1110.93,867.749|1067.24,1026|1003.78,1029.5|1004.74,964.977|1029.82,919.773|949.492,663.23|866.781,676.286|706.227,709.321|598.748,705.769|514.387,724.022|506.325,835.491|532.841,771.174|1018.39,968.771|1053.51,1299.15|1036.34,1476.49|1053.89,1652.82|911.665,965.348|860.819,1290.91|876.219,1477.12|861.415,1639.97|974.756,595.442|958.746,585.212|980.055,556.743|1027.37,555.141|943.155,559.57|920.257,554.363
126|1|964.336,970.543|964.997,858.428|965.5,769.986|971.827,641.674|991.804,663.402|1077.66,686.323|1111.39,868.29|1065.01,1025.45|1000.56,1028.64|1004.71,965.29|1029.65,918.787|949.63,662.754|867.094,675.831|706.97,711.273|600.583,711.08|508.378,722.02|502.458,832.925|522.788,751.339|1020.97,971.652|1057.71,1305.52|1040.87,1484.45|1057.36,1661.21|913.415,969.725|859.653,1298.88|877.681,1483.76|865.15,1646.43|974.892,594.684|958.537,585.725|979.97,557.18|1027.48,554.901|943.171,559.828|920.68,553.541
127|1|962.675,967.675|964.067,856.035|965.163,768.059|971.761,641.206|991.539,662.714|1076.64,686.208|1111.3,866.455|1063.77,1021.02|1000.59,1029.27|1004.74,965.575|1029.39,916.938|949.663,662.054|867.755,675.281|708.024,711.744|603.307,716.985|520.78,720.059|505.378,834.172|533.204,748.799|1018.9,968.756|1058.62,1298.6|1040.01,1481.35|1057.02,1657.23|912.036,966.879|861.478,1293.61|876.622,1481.57|865.145,1644.35|974.96,594.759|957.78,585.434|979.801,557.517|1027.81,556.204|943.25,559.455|921.884,552.855
128|1|962.856,969.035|964.188,856.836|965.234,768.509|971.533,641.548|991.281,663.056|1076.19,686.563|1111.03,865.992|1062.35,1018.92|999.878,1029.31|1004.74,965.729|1029.25,916.007|949.579,662.384|867.995,675.28|709.15,711.754|609.689,716.682|519.565,718.753|504.109,830.319|532.536,743.01|1019.12,970.248|1058.43,1300.86|1040.05,1484.3|1056.18,1660.7|912.216,968.12|860.477,1294.85|876.646,1484.7|865.1,1648.07|974.567,595.074|958.367,585.362|979.707,557.452|1026.73,555.952|943.378,559.867|921.249,554.076
129|1|964.857,965.07|965.657,855.177|966.278,768.582|972.981,641.458|992.643,663.086|1077.24,686.547|1110.99,865.505|1062.32,1018.02|1001.41,1029.66|1004.83,965.442|1029.23,915.842|950.988,662.206|869.48,674.744|710.234,714.227|611.701,721.074|517.436,719.161|501.377,820.752|532.627,737.756|1020.59,965.937|1056.79,1292.04|1039.62,1476.9|1057.51,1654.22|914.674,964.462|865.716,1287.04|880.608,1477.06|867.262,1640.86|976.138,594.927|958.394,585.723|979.278,557.361|1027.1,554.68|943.138,560.617|921.987,555.267
130|1|964.859,965.065|965.631,855.196|966.229,768.619|972.846,641.518|992.511,663.133|1077.11,686.574|1111.07,865.642|1062.16,1018.06|1000.93,1029.4|1004.81,965.567|1029.03,915.749|950.88,662.266|869.43,674.835|710.143,714.235|611.342,720.908|516.985,718.805|500.325,820.017|531.817,736.909|1020.57,965.924|1056.82,1291.86|1039.66,1476.2|1057.56,1653.26|914.697,964.464|865.948,1286.91|881.057,1476.17|867.89,1639.67|975.961,594.997|957.845,585.475|978.803,557.213|1026.85,554.769|942.711,560.448|921.897,555.324
131|1|966.575,968.271|966.283,856.393|966.051,768.7|972.5,642.236|992.102,663.715|1076.69,686.97|1111.55,865.689|1059.34,1015.47|997.205,1029.87|1004.74,966.589|1029.47,914.687|950.654,662.909|869.649,675.354|710.74,714.591|616.613,721.992|526.924,718.424|498.153,825.436|540.417,741.12|1022.53,968.418|1062.25,1296.29|1045.31,1482.08|1061.57,1658.84|916.165,968.314|865.603,1293.09|883.599,1481.33|873.304,1643.89|975.552,595.965|957.37,584.983|978.611,557.358|1026.63,556.329|942.689,560.177|922.248,555.807
132|1|963.978,965.954|964.884,854.432|965.591,767.302|972.267,641.652|991.737,663.033|1075.8,686.366|1111.07,864.107|1046.93,999.151|981.39,1016.29|1005.49,970.391|1017.34,901.744|950.476,662.168|869.872,675.112|711.334,715.296|618.396,724.276|524.463,718.551|493.792,817.601|541.151,738.589|1019.66,966.721|1059.5,1292.16|1041.03,1479.46|1058.15,1656.34|913.811,965.437|864.25,1287.49|880.506,1477.79|870.769,1641.43|975.406,595.681|957.369,585.068|978.628,557.583|1026.45,556.494|942.85,560.224|922.485,555.465
133|1|962,968.819|964.211,856.026|965.942,768.211|973.007,642.007|992.327,663.527|1076.35,686.654|1111.44,864.513|1051.33,1005.42|985.858,1015.84|1005.89,969.383|1017.61,904.854|951.239,662.492|871.053,675.369|712.782,716.1|619.452,724.643|529.436,716.38|494.422,812.688|546.375,735.86|1017.9,970.244|1058.98,1297.66|1038.37,1486.72|1054.67,1665.35|911.642,967.711|860.093,1291.29|875.639,1486.85|866.19,1652.51|976.294,595.85|956.966,584.542|978.473,557.457|1027,557.004|942.983,559.943|923.909,555.629
134|1|963.202,964.388|964.66,854.305|965.799,767.843|972.904,642.779|992.171,664.164|1075.93,686.809|1111.04,863.287|1055.83,1007.19|993.28,1016.81|1006.21,967.885|1017.93,906.914|951.186,663.066|871.054,675.22|714.449,717.026|619.74,726.248|527.678,714.838|493.129,792.606|545.802,731.961|1018.45,965.617|1055.23,1287.68|1037.07,1478.43|1054.59,1656.87|913.472,963.453|862.395,1280.89|877.039,1478.13|864.514,1643.25|976.156,597.048|956.417,583.97|977.918,557.262|1026.61,557.911|942.554,559.852|923.875,556.986
135|1|963.499,965.492|964.959,854.737|966.095,767.968|973.084,642.555|992.393,663.977|1076.22,686.925|1110.9,863.847|1057.32,1009.54|994.766,1016.74|1006.3,967.536|1018.18,908.272|951.363,662.91|871.167,675.22|714.286,717.027|619.81,726.388|529.823,712.322|493.39,792.12|546.243,731.913|1018.92,966.718|1055.98,1290.21|1037.45,1479.98|1054.52,1658.77|913.614,964.561|861.554,1283.27|876.949,1478.83|864.514,1643.93|976.293,596.692|957.005,584.714|977.852,557.414|1026.11,556.631|942.469,560.693|923.128,557.648
136|1|963.554,965.717|964.993,854.975|966.113,768.224|973.1,642.837|992.401,664.247|1076.22,687.086|1111.15,863.927|1058.03,1009.88|995.54,1017.22|1006.47,967.827|1018.43,908.729|951.386,663.193|871.219,675.457|714.623,716.914|620.949,725.791|531.745,710.235|493.711,789.862|547.605,730.696|1018.96,966.924|1056.17,1290.33|1037.69,1480.45|1054.8,1659.34|913.679,964.803|861.692,1283.48|877.094,1479.05|864.704,1644.12|976.316,596.987|956.455,585.416|977.27,557.976|1025.86,556.772|941.937,561.399|923.012,558.192
137|1|963.352,966.445|964.901,854.837|966.099,768.359|973.009,643.091|992.246,664.452|1075.84,687.186|1111.1,863.683|1058.33,1009.4|995.084,1016.98|1006.44,968.057|1018.4,908.687|951.382,663.432|871.546,675.669|715.432,716.766|620.572,726.232|533.759,708.159|493.975,787.385|551.466,729.355|1018.74,967.596|1057.82,1290.38|1038.59,1481.08|1055.26,1660.34|913.462,965.581|860.695,1283.66|876.271,1479.87|864.699,1645.4|976.208,597.296|956.976,584.974|977.196,557.583|1025.07,556.417|942.052,561.499|922.601,559.384
138|1|961.848,966.597|964.239,854.438|966.076,767.822|972.981,642.332|992.224,663.747|1075.84,686.963|1110.97,863.634|1057.44,1009.36|994.502,1016.96|1006.42,968.052|1018.33,908.435|951.358,662.68|871.597,675.278|715.024,716.916|618.995,725.976|535.831,706.176|493.402,786.708|550.951,728.431|1017.35,968.263|1057.42,1291.39|1036.92,1483.66|1053.73,1664.84|911.879,965.269|858.11,1283.05|873.216,1483.11|861.168,1650.89|976.153,596.448|955.363,585.243|977.22,558.463|1026.58,558.227|942.027,560.671|924.424,556.092
139|1|961.859,966.596|964.262,854.423|966.108,767.796|973.045,642.292|992.287,663.713|1075.92,686.935|1111.03,863.604|1057.56,1009.41|994.674,1017.06|1006.5,968.054|1018.44,908.496|951.411,662.639|871.628,675.222|715.057,716.838|619.1,725.902|535.946,706.09|493.544,786.633|551.205,728.37|1017.37,968.267|1057.41,1291.47|1036.9,1483.95|1053.71,1665.27|911.881,965.265|858.054,1283.1|873.071,1483.47|860.965,1651.39|976.232,596.401|955.4,585.154|977.249,558.358|1026.64,558.122|942.049,560.595|924.46,556.072
140|1|961.859,966.597|964.262,854.423|966.108,767.796|973.046,642.291|992.288,663.712|1075.92,686.935|1111.03,863.605|1057.56,1009.41|994.674,1017.06|1006.5,968.054|1018.44,908.496|951.411,662.639|871.629,675.221|715.058,716.837|619.102,725.9|535.948,706.087|493.546,786.631|551.211,728.369|1017.37,968.267|1057.41,1291.47|1036.9,1483.96|1053.71,1665.27|911.881,965.265|858.053,1283.1|873.068,1483.48|860.961,1651.39|976.233,596.4|955.4,585.154|977.249,558.358|1026.64,558.121|942.049,560.596|924.46,556.072
141|1|961.752,966.659|964.148,854.435|965.989,767.773|972.962,642.225|992.21,663.656|1075.86,686.873|1110.79,863.333|1057.64,1009.27|995.53,1017.49|1006.23,967.629|1018.53,908.551|951.308,662.579|871.467,675.108|714.765,716.436|618.65,725.342|536.22,704.662|493.279,786.157|552.455,728.258|1017.29,968.322|1057.02,1291.65|1036.71,1485.91|1053.56,1668.17|911.748,965.335|857.445,1283.11|872.081,1485.96|859.471,1654.91|976.166,596.316|955.305,586.211|976.698,558.887|1026.01,557.322|941.491,561.676|923.672,556.811
142|1|963.798,968.977|965.138,855.61|966.125,768.461|972.458,642.176|991.878,663.644|1075.94,686.765|1111.04,864.122|1058.54,1011.32|994.74,1017.01|1006.27,967.825|1018.68,909.376|950.855,662.716|870.855,675.741|714.119,716.852|614.912,723.42|536.271,702.037|492.706,789.083|553.903,730.047|1019.68,970.172|1059.32,1295.64|1040.29,1491.29|1057.68,1676.3|913.507,968.077|855.961,1286.95|873.591,1491.33|860.659,1662.62|975.391,595.992|956.086,587.331|976.911,559.462|1025.17,556.547|941.549,562.625|922.245,557.014
143|1|963.76,968.909|965.11,855.493|966.104,768.309|972.483,641.981|991.908,663.464|1075.97,686.608|1110.9,863.719|1058.89,1011.12|995.912,1017.55|1006.09,967.355|1018.84,909.47|950.86,662.522|870.803,675.511|713.775,716.457|613.559,723.19|533.663,702.511|490.496,789.893|552.013,731.374|1019.67,970.111|1059.71,1295.55|1041.02,1493.86|1058.95,1680.16|913.445,968.002|856.131,1286.86|873.366,1493.7|860.239,1666.12|975.433,595.776|955.684,585.63|976.698,558.074|1025.28,556.233|941.341,561.169|922.428,556.593
144|1|962.143,964.371|964.117,854.206|965.611,768.423|972.177,643.14|991.599,664.494|1075.72,686.914|1110.94,864.421|1062.05,1014.48|997.737,1017.47|1006.19,967.371|1019.17,912.072|950.49,663.542|870.162,676.115|713.955,715.46|608.88,723.293|529.108,702.558|489.458,791.403|551.914,733.356|1017.4,966.027|1054.98,1286.35|1036.7,1483.5|1056.88,1667.69|912.438,963.052|859.208,1277.13|873.673,1482.94|858.112,1653.5|975.202,597.326|953.858,587.594|975.551,560.068|1025.43,558.346|940.118,562.74|922.526,557.407
145|1|962.142,964.373|964.118,854.205|965.612,768.42|972.179,643.135|991.602,664.49|1075.73,686.908|1110.95,864.419|1062.08,1014.5|997.764,1017.51|1006.21,967.382|1019.18,912.095|950.491,663.538|870.158,676.112|713.941,715.474|608.842,723.337|529.053,702.625|489.388,791.522|551.855,733.524|1017.4,966.03|1054.97,1286.38|1036.67,1483.41|1056.84,1667.55|912.436,963.053|859.194,1277.16|873.676,1482.85|858.118,1653.37|975.204,597.32|953.889,587.557|975.583,560.037|1025.44,558.34|940.146,562.706|922.53,557.392
146|1|963.615,964.295|964.81,852.551|965.7,765.94|972.069,641.312|991.468,662.488|1074.87,686.639|1110.88,863.289|1062.15,1012.72|998.917,1018.35|1006.23,966.941|1019.06,911.585|950.455,661.707|870.522,675.454|713.628,713.453|608.337,723.172|515.584,705.93|493.861,799.773|553.832,745.618|1019.1,965.435|1057.5,1287.52|1039.69,1482.9|1057.19,1665.66|913.686,963.443|858.084,1279.22|874.75,1482.19|860.502,1651.19|975.078,595.721|950.644,585.853|975.542,560.281|1028.1,562.18|940.305,559.438|926.677,550.969
147|1|963.505,965.644|964.622,853.308|965.455,766.25|971.883,640.899|991.34,662.183|1075.05,686.377|1111.01,863.951|1062.61,1014.29|998.323,1018.68|1006.3,967.537|1019.3,912.137|950.185,661.412|869.974,675.275|712.843,712.464|606.864,720.892|519.657,703.366|497.517,803.202|556.683,748.11|1019.25,966.719|1058.83,1290.61|1040.74,1487.02|1058.71,1671.4|913.338,964.851|857.628,1282.6|874.887,1485.86|860.875,1656.14|974.937,595.031|956.302,583.529|975.475,555.107|1022.87,552.067|940.101,560.344|919.456,558.786
148|1|962.875,966.404|964.441,853.334|965.59,765.943|971.932,640.34|991.557,661.679|1075.93,685.957|1111.06,864.891|1063.84,1017.83|999.383,1019.57|1006.59,966.152|1019.79,914.181|950.098,660.931|869.313,675.34|712.071,711.354|599.578,717.016|523.449,699.708|495.849,809.804|559.544,754.393|1018.94,967.862|1059.54,1293.68|1040.53,1488.87|1059.51,1674.48|912.453,965.268|854.953,1283.83|872.369,1487.74|857.887,1659.76|974.938,594.358|951.53,588.678|974.651,560.689|1026.58,557.417|938.812,562.107|922.897,552.451
149|1|962.896,966.411|964.486,853.315|965.654,765.9|972.096,640.256|991.707,661.611|1076.07,685.911|1111.16,864.824|1064.16,1017.87|999.799,1019.73|1006.76,966.166|1020.04,914.279|950.239,660.844|869.428,675.19|712.377,710.939|600.652,716.143|525.111,698.686|511.276,809.366|563.03,752.103|1018.98,967.876|1059.61,1293.81|1040.52,1489.1|1059.5,1674.82|912.459,965.27|854.883,1283.94|872.194,1488.05|857.644,1660.18|975.148,594.258|952.375,587.319|975.484,559.584|1027.01,557.22|939.606,560.955|923.226,552.187
150|1|962.896,966.411|964.486,853.314|965.654,765.899|972.096,640.255|991.708,661.61|1076.07,685.911|1111.16,864.824|1064.16,1017.87|999.8,1019.73|1006.77,966.166|1020.04,914.279|950.24,660.843|869.428,675.19|712.377,710.937|600.655,716.139|525.116,698.681|511.306,809.359|563.039,752.094|1018.98,967.876|1059.61,1293.81|1040.52,1489.1|1059.5,1674.82|912.459,965.27|854.883,1283.94|872.194,1488.05|857.643,1660.18|975.149,594.257|952.377,587.315|975.486,559.581|1027.01,557.219|939.608,560.952|923.227,552.186
151|1|963.294,965.255|964.932,852.554|966.126,765.529|972.625,640.325|992.212,661.636|1076.45,685.701|1110.93,864.496|1066.73,1019.21|1002.5,1019.86|1007.12,964.713|1020.59,915.992|950.777,660.83|870.078,675.532|711.566,706.38|586.94,708.166|525.065,685.632|534.412,773.131|566.269,738.567|1019.23,966.787|1058.53,1291.38|1040.12,1486.75|1060.11,1671.98|912.997,964.052|853.859,1280.49|870.669,1486|855.443,1658.26|975.684,594.491|958.614,584.46|979.244,556.351|1026.43,554.174|943.251,559.68|921.684,555.071
152|1|961.707,969.773|964.247,855.01|966.103,766.703|972.365,639.872|992.12,661.365|1077.41,684.5|1111.29,864.877|1064.26,1019.97|1000.05,1019.52|1007.14,964.524|1020.3,914.871|950.418,660.695|869.116,675.041|711.551,699.329|596.666,690.441|528.91,679.281|530.883,784.969|548.944,732.16|1018.35,971.937|1059.11,1301.51|1039.05,1496.52|1057.95,1684.96|910.82,968.009|848.061,1288.12|866.557,1496.07|851.951,1671.63|975.386,593.424|955.208,589.696|976.226,560.106|1025.74,553.446|940.079,563.602|920.601,554.374
153|1|963.658,970.838|965.154,855.516|966.173,766.979|972.59,640.241|992.279,661.775|1077.48,685.468|1111.31,865.558|1060.3,1017.94|996.473,1018.85|1007.07,965.023|1019.86,912.711|950.67,660.974|869.595,675.04|711.451,699.113|608.454,683.557|524.265,672.797|528.656,771.474|550.161,725.999|1020.37,972.527|1060.65,1302.13|1042.07,1502.12|1060.2,1693.5|912.727,969.5|847.158,1289.1|867.659,1500.29|852.848,1677.16|975.625,593.836|955.329,586.097|976.952,557.689|1026.58,554.422|940.916,560.52|921.947,553.685
154|1|957.154,964.645|961.993,851.483|965.733,763.82|973.885,638.441|993.108,659.976|1077.01,685.131|1110.85,863.425|1063.79,1014.61|999.443,1019.74|1007.03,965.143|1019.74,912.371|951.826,658.746|871.233,672.673|713.511,695.451|611.223,676.15|532.048,663.547|522.921,757.172|556.531,709.578|1013.16,967.726|1055.36,1292.64|1030.66,1494.36|1051.12,1682.75|906.775,962.049|848.63,1278.8|858.791,1493.54|842.955,1669.78|977.652,592.535|956.375,587.171|976.803,557.843|1026.51,551.588|941.188,562.07|922.699,554.884
155|1|956.678,962.609|961.73,849.947|965.631,762.688|973.734,637.783|992.949,659.237|1076.5,685.156|1110.87,863.367|1064.69,1015.09|999.993,1019.65|1006.99,965.044|1019.82,912.882|951.699,658.038|871.114,671.514|713.53,692.427|610.44,672.619|539.784,656.603|522.683,754.831|556.109,705.485|1012.51,965.808|1052.03,1289.63|1026.87,1487.36|1045,1673.83|906.456,959.905|846.437,1274.24|855.679,1489.73|837.694,1665.36|977.483,592.044|956.333,586.702|976.7,557.36|1026.31,551.052|941.093,561.627|922.498,554.467
156|1|954.85,956.8|961.048,846.314|965.797,760.59|974.393,636.411|993.393,657.848|1075.88,684.787|1111.23,861.463|1070.28,1013.44|1005.15,1020.4|1006.97,965.132|1020.24,914.189|952.415,656.432|872.381,670.002|716.153,689.596|612.253,669.187|548.063,648.577|522.007,741.021|561.254,695.562|1010,960.927|1043.76,1280.95|1019.31,1475.66|1035.97,1659.15|905.318,953.263|844.647,1262.8|851.242,1477.38|829.897,1649.64|978.3,590.936|954.64,592.253|974.632,561.736|1025.56,550.464|939.477,566.427|922.843,554.84
157|1|953.905,954.782|960.336,844.796|965.267,759.423|974.165,635.759|993.064,657.162|1075.26,684.475|1110.83,861.215|1070.46,1013.57|1003.98,1019.87|1006.96,965.49|1020.25,914.211|952.185,655.656|872.313,669.005|716.61,687.336|613.915,666.021|551.588,643.334|522.26,736.724|563.511,686.81|1008.86,959.024|1040.03,1277.86|1015.18,1468.47|1029.88,1649.65|904.551,951.141|841.618,1259.1|847.906,1470.11|825.901,1639.96|978.185,590.471|956.569,586.518|977.377,557.544|1027.2,551.051|942.068,561.065|924.345,552.275
158|1|949.461,948.069|957.916,841.569|964.555,757.67|973.536,636.112|992.357,657.196|1073.9,684.466|1110.75,859.421|1073.9,1011.26|1008.79,1020.78|1007.06,965.414|1020.52,914.88|951.6,655.724|871.958,669.221|717.028,685.099|615.901,663.371|563.808,640.666|522.743,736.729|563.872,682.34|1003.53,953.476|1030.15,1266.77|1004.23,1449.48|1018.7,1625.3|900.912,943.378|840.411,1246.07|842.282,1453.29|818.346,1619.16|977.587,591.614|957.669,587.073|978.264,558.262|1026.93,552.259|942.896,561.71|923.879,553.298
159|1|921.327,933.78|942.413,827.994|958.983,750.656|973.939,636.693|990.854,657.495|1068.57,685.193|1104.17,853.05|1062.52,977.673|1011.49,1019.69|1011.31,969.77|1011.81,904.889|951.888,654.113|875.034,663.175|725.776,675.825|625.593,660.657|578.788,668.171|521.767,647.184|596.309,673.259|972.733,944.339|961.068,1193.66|937.541,1328.69|941.309,1506.61|874.891,924.398|706.992,852.919|716.575,1092.65|650.256,1230.33|980.224,595.137|965.443,590.547|980.435,561.032|1022.71,550.843|947.161,568.954|924.127,565.54
160|1|924.134,934.625|944.478,828.59|960.464,750.831|975.036,635.971|991.953,656.865|1069.49,684.745|1104.73,852.562|1063.46,979.457|1011.4,1020.34|1010.96,969.533|1012.76,905.48|953.127,653.534|876.584,662.468|728.016,673.553|626.575,656.046|576.914,663.004|510.875,644.674|598.623,663.61|975.626,944.872|965.671,1183.26|931.18,1323|933.503,1502.58|877.634,925.525|736.788,1023.72|746.096,1255.76|685.118,1422.86|981.156,594.059|962.188,580.209|980.769,554.022|1026.75,553.167|947.37,558.799|928.798,559.23
161|1|923.063,935.438|943.789,829.646|959.908,751.559|975.221,635.66|991.937,656.854|1069.39,684.917|1104.63,852.437|1063.26,984.887|1007.31,1022.04|1010.64,969.236|1013.31,906.411|953.283,653.186|877.041,662.113|729.766,672.484|625.596,654.143|578.245,657.429|508.042,646.646|602.628,658.22|974.523,946.034|973.331,1196.26|928.957,1346.83|930.394,1527.7|876.642,926.035|768.542,1098.07|757.265,1335.69|704.759,1511.11|981.582,593.352|955.514,584.277|977.38,558.665|1028.67,557.413|944.372,560.56|932.653,554.694
162|1|923.094,935.45|943.826,829.653|959.948,751.558|975.276,635.643|991.989,656.843|1069.45,684.924|1104.69,852.47|1063.34,984.969|1007.39,1022.15|1010.73,969.342|1013.36,906.496|953.337,653.167|877.095,662.07|729.782,672.297|625.509,653.829|578.058,657.054|507.794,646.518|602.525,657.214|974.556,946.051|973.514,1196.41|929.01,1347.38|930.498,1528.33|876.673,926.043|769.887,1099.42|758.313,1336.89|706.518,1512.54|981.642,593.328|956.445,583.86|978.308,558.4|1029.06,557.572|945.231,560.146|932.867,554.435
163|1|932.408,941.041|948.774,833.307|961.478,753.25|975.52,634.894|992.576,656.233|1070.88,684.196|1104.96,853.301|1061.16,989.365|1002.51,1023.4|1010.24,969.057|1013.28,906.796|953.669,653.007|876.969,661.635|729.653,666.19|632.099,636.703|578.985,640.091|517.978,664.526|600.885,658.487|984.849,949.499|986.702,1216.03|944.784,1383.09|946.538,1566.94|885.125,933.572|786.464,1144.7|774.709,1390.31|728.089,1568.33|981.449,591.65|959.961,581.087|980.371,555.112|1028.52,553.816|946.963,558.077|931.029,554.3
164|1|937.698,944.438|951.395,835.957|961.771,754.319|975.211,634.63|992.502,656.202|1071.16,684.738|1104.8,854.99|1060.97,994.104|1000.57,1025.07|1009.73,968.905|1014.48,908.435|953.369,652.916|876.359,661.774|728.995,664.425|631.768,632.424|583.693,633.682|516.027,681.378|605.195,668.062|990.724,952.005|993.973,1232.85|956.714,1413.39|959.391,1598.66|890.024,937.794|795.186,1175.69|787.334,1421.63|743.684,1599.22|980.767,590.868|961.713,581.156|980.901,554.415|1027.27,551.525|947.312,558.404|928.935,554.942
165|1|940.92,945.596|952.922,837.178|961.849,754.552|975.029,634.161|992.55,655.872|1071.84,684.568|1105.17,856.182|1061.33,997.971|999.242,1025.01|1009.57,968.481|1014.71,909.366|953.058,652.573|875.35,660.929|726.395,662.115|628.721,629.059|588.298,619.078|528.299,682.042|601.655,656.685|994.306,952.943|996.645,1244.59|964.206,1434.76|966.151,1621.14|893.082,939.173|799.98,1196.83|796.255,1437.28|753.855,1612.46|980.424,590.116|959.364,580.824|981.018,554.899|1029.66,554.068|947.002,556.5|930.791,550.32
166|1|940.69,945.668|952.74,837.202|961.705,754.53|975.076,634.065|992.567,655.818|1071.88,684.531|1105.16,856.157|1061.66,998.348|999.655,1025.39|1009.55,968.555|1014.87,909.632|953.072,652.455|875.326,660.559|726.367,660.641|628.966,626.513|588.677,615.739|529.636,680.179|601.227,652.33|994.097,953.04|998.54,1246.55|965.621,1436.32|968.373,1622.08|892.834,939.223|801.894,1201.59|800.162,1433.4|760.417,1606.94|980.541,589.991|961.891,580.478|982.313,554.062|1029.1,552.357|948.219,556.699|929.684,551.666
167|1|938.169,947.559|951.303,839.337|961.284,755.796|974.796,634.915|992.381,656.748|1072.47,684.728|1105.4,857.561|1060.27,1000.73|997.256,1025.55|1009.49,968.517|1014.94,909.879|952.642,653.385|874.318,660.827|724.1,659.245|628.259,621.095|587.151,609.326|536.916,679.955|600.571,646.253|991.734,955.773|997.955,1257.19|963.879,1447.83|966.32,1632.48|890.223,940.368|801.879,1214.64|797.743,1444.32|760.199,1616.87|980.338,590.692|959.95,579.05|982.405,553.86|1031,555.502|948.091,554.574|931.538,549.236
168|1|940.117,952.277|951.976,842.42|960.859,757.832|975.148,635.387|992.687,657.615|1073.55,685.405|1105.66,859.365|1058.42,1002.26|994.833,1025.82|1009.42,968.532|1014.93,909.688|952.802,653.909|874.173,660.574|724.128,656.482|629.035,613.354|589.071,601.256|544.243,675.05|599.952,640.078|994.269,960.097|998.073,1268.9|966.713,1463.69|967.106,1649.98|891.721,945.454|797.354,1227.36|797.441,1453.85|761.174,1625.87|980.931,590.586|954.811,579.932|980.464,556.225|1033.38,560.269|946.544,553.905|935.916,545.035
169|1|940.117,952.276|951.976,842.419|960.859,757.83|975.149,635.386|992.688,657.614|1073.55,685.404|1105.66,859.364|1058.42,1002.26|994.832,1025.82|1009.42,968.53|1014.93,909.686|952.803,653.907|874.174,660.571|724.129,656.472|629.037,613.337|589.072,601.235|544.24,675.024|599.948,640.056|994.269,960.096|998.074,1268.9|966.714,1463.69|967.107,1649.99|891.721,945.453|797.353,1227.36|797.443,1453.84|761.176,1625.86|980.932,590.584|954.821,579.922|980.472,556.215|1033.38,560.264|946.552,553.896|935.916,545.034
170|1|932.827,949.533|948.614,841.519|960.599,758.038|976.522,636.003|993.719,658.415|1074.24,686.145|1105.42,859.829|1057.62,1002.24|994.243,1025.56|1009.18,968.359|1014.77,909.725|953.97,654.198|875.388,659.781|725.919,650.704|631.064,607.674|589.981,597.377|563.635,624.933|610.788,636.941|986.326,959.549|988.458,1268.43|952.078,1462.73|952.077,1646.94|885.039,940.75|794.754,1224.82|786.78,1448.66|750.43,1618.29|982.933,591.367|962.947,577.278|983.497,551.38|1031.29,552.279|949.286,554.491|931.537,553.243
171|1|932.938,947.176|948.416,840.712|960.259,757.778|975.793,636.543|992.993,658.819|1073.23,686.73|1105.35,859.386|1057.28,1001.78|995.312,1025.46|1009.04,968.045|1014.78,909.839|953.383,654.63|875.083,659.496|726.642,648.702|633.029,605.906|588.461,583.291|565.877,627.683|613.13,626.348|985.949,957.549|980.247,1265.68|946.609,1457.29|942.772,1638.34|885.684,938.09|791.802,1220.44|784.066,1441.05|745.395,1606.43|981.99,592.205|962.666,576.784|983.986,551.844|1031.48,554.818|949.828,553.801|932.121,552.502
172|1|935.442,944.885|949.628,839.037|960.498,756.285|976.525,635.037|993.613,657.38|1073.21,686.808|1105.46,859.494|1060.04,1002.72|997.142,1025.2|1009.23,967.993|1015.01,910.748|954.057,653.054|875.837,657.715|727.794,645.903|633.613,602.458|586.03,576.14|566.811,626.702|611.566,619.984|988.352,954.859|977.911,1263.18|946.545,1454.63|940.175,1634.36|888.32,936.16|792.084,1218.96|786.219,1433.47|745.978,1595.3|982.925,590.681|966.121,577.443|983.101,550.026|1027.53,547.09|949.351,556.476|928.133,557.942
173|1|934.137,942.714|948.701,837.954|959.848,755.826|976.309,634.783|993.326,657.206|1072.74,686.735|1105.56,859.082|1063.06,1002.16|999.878,1025|1009.35,967.789|1015.06,911.146|953.778,652.665|875.506,656.322|727.955,640.781|639.727,591.032|589.19,564.15|567.211,621.046|602.171,609.8|986.708,953.332|973.784,1261.11|943.566,1448.82|935.43,1626.41|887.393,933.429|791.048,1215.86|785.936,1423.03|744.773,1581.47|982.822,590.495|964.309,577.039|983.942,550.824|1030.42,550.673|949.873,554.581|930.833,553.542
174|1|933.627,943.685|948.355,838.757|959.716,756.388|976.704,635.084|993.573,657.575|1072.8,687.207|1104.99,859.416|1063.57,1001.72|1000.18,1024.97|1009.44,967.995|1015.09,911.194|954.138,652.941|876.023,656.33|729.551,640.116|645.323,587.765|593.05,561.795|571.355,616.932|606.095,586.477|986.245,954.258|972.655,1263.27|941.572,1448.79|932.852,1624.55|886.819,934.437|789.515,1218.39|784.488,1419.88|744.709,1576.51|983.466,590.715|963.419,578.119|983.675,552.062|1031.23,551.842|949.747,555.303|932.205,553.155
175|1|939.601,945.983|951.187,840.207|960.204,756.913|976.101,635.375|993.184,657.79|1072.65,687.271|1105.41,859.49|1065.24,1001.82|1001.54,1024.82|1009.53,967.96|1015.2,911.61|953.71,653.379|875.624,656.742|729.772,639.884|643.523,586.758|592.214,555.339|571.358,614.688|607.713,581.381|992.543,955.243|976.42,1265.74|950.722,1453.35|940.556,1628.64|892.574,937.914|791.593,1221.97|792.939,1420.51|753.427,1575.28|982.365,590.911|962.874,579.445|983.038,553.191|1030.22,552.267|949.08,556.371|931.097,553.326
176|1|940.003,943.94|951.413,838.994|960.325,756.079|976.149,634.717|993.28,657.122|1072.76,687.097|1105.72,859.342|1067.02,1003|1003.21,1024.5|1009.49,967.54|1015.46,912.475|953.736,652.701|875.512,656.006|730.204,635.718|646.04,579.63|600.592,544.402|571.975,605.569|610.421,573.44|992.78,953.331|978.813,1263.05|953.251,1451.13|944.017,1625.98|893.145,935.759|795.423,1219.95|797.004,1414.23|758.109,1567.98|982.367,590.304|963.628,577.986|983.722,551.837|1030.47,551.484|949.647,555.021|931.003,552.592
177|1|935.618,943.742|949.299,839.217|960.079,756.468|976.302,635.186|993.357,657.619|1072.83,687.327|1105.69,859.333|1067.05,1003.42|1003.8,1024.58|1009.44,967.363|1015.56,912.728|953.823,653.117|875.574,656.22|729.76,634.09|643.368,577.85|601.988,541.571|572.366,603.438|610.971,572.242|988.171,954.454|974.769,1264.73|947.499,1448.93|938.08,1622.04|888.986,934.392|792.729,1219.3|792.265,1411.38|754.27,1564.29|982.701,590.812|967.886,574.916|986.4,549.03|1030.15,550.076|952.312,553.27|930.223,554.565
178|1|935.734,942.856|949.297,838.579|959.94,755.989|976.161,634.172|993.259,656.681|1072.63,686.826|1105.66,859.522|1069.29,1005.4|1004.69,1024.17|1009.53,967.313|1016.01,914.01|953.639,652.191|875.208,655.013|730.787,630.047|644.47,571.048|608.853,534.018|572.056,597.169|612.781,562.954|988.302,953.626|972.664,1263.83|945.798,1446.5|935.162,1619.17|889.101,933.458|792.333,1218.25|791.361,1409.6|751.886,1561.82|982.565,589.588|964.324,575.069|985.67,550.087|1032.52,552.767|951.428,551.73|932.944,549.463
179|1|935.819,942.024|949.56,837.89|960.351,755.395|976.961,633.7|993.97,656.256|1073.23,686.662|1105.61,859.445|1068.11,1004.43|1003.29,1022.87|1009.23,966.621|1015.41,912.957|954.402,651.629|876.051,654.073|732.042,627.604|646.206,567.465|610.619,529.651|572.999,592.478|614.103,560.563|988.319,952.901|966.714,1261.95|941.996,1440.34|928.277,1611.6|889.249,932.532|744.74,1190.1|745.873,1393.25|689.566,1540.1|983.508,589.156|965.358,575.852|985.875,550.166|1032.42,551.075|951.698,552.757|932.784,550.487
180|1|935.774,941.925|949.507,837.792|960.295,755.297|976.905,633.594|993.906,656.154|1073.14,686.573|1105.45,859.295|1067.84,1004.09|1003.03,1022.46|1009.01,966.306|1015.23,912.633|954.354,651.52|876.034,653.914|732.007,626.977|646.073,566.406|610.338,528.278|572.295,590.799|613.619,559.166|988.265,952.797|965.963,1261.69|941.54,1439.67|927.469,1610.79|889.214,932.436|740.568,1186.82|740.698,1392.06|682.457,1538.32|983.447,589.046|965.711,575.694|986.158,550.041|1032.41,551.009|951.98,552.61|932.757,550.364
181|1|929.413,931.825|947.28,829.451|960.595,749.808|978.516,631.811|994.907,654.116|1071.79,686.382|1104.92,855.47|1069.23,993.015|1008.45,1022.14|1009.54,967.636|1014.27,910.157|956.157,648.84|879.356,650.839|738.261,621.415|649.658,564.696|616.181,517.373|580.667,535.692|630.432,551.697|980.414,944.599|941.825,1240.49|924.004,1402.25|905.237,1570.26|884.207,920.651|702.064,1124.03|715.899,1328.32|655.308,1474.62|985.423,588.616|968.801,577.185|986.509,550.462|1030.7,547.661|953.191,555.575|932.731,554.585
182|1|929.819,933.604|947.418,829.317|960.471,748.896|979.249,630.973|995.531,653.328|1072.54,685.471|1104.75,855.034|1065.8,988.545|1007.46,1023.65|1009.91,968.266|1013.58,907.626|956.681,647.952|879.59,649.477|738.194,617.318|655.203,556.92|616.304,512.717|582.679,533.312|628.965,546.876|981.517,945.266|938.096,1237.71|917.561,1395.16|898.423,1565.79|883.824,923.382|703.601,1121.56|715.952,1331.18|653.928,1482.91|986.597,587.81|965.702,577.267|985.843,551.12|1033.63,549.556|952.35,554.333|935.796,550.759
183|1|928.744,934.564|947.098,829.818|960.598,749.373|979.002,631.223|995.366,653.61|1072.78,685.124|1104.64,854.952|1062.4,986.525|1005.2,1023.59|1010.22,968.568|1011.94,906.366|956.498,648.238|879.418,648.724|739.746,613.658|658.221,551.242|616.986,508.475|582.402,529.523|629.611,539.853|980.48,946.591|928.319,1227.46|913.239,1381.81|893.493,1556.73|882.728,924.019|692.488,1069.34|709.623,1294.56|640.729,1450.05|986.133,587.968|969.205,576.248|988.223,550.088|1033.18,548.828|954.601,553.824|934.707,551.65
184|1|929.258,938.635|947.846,832.473|960.327,752.058|978.294,632.651|994.828,655.225|1072.99,685.265|1104.79,855.688|1059.48,988.478|1000.72,1023.64|1009.92,968.305|1010.59,905.864|955.8,649.849|878.471,649.192|739.641,611.937|658.497,548.686|617.163,505.053|583.237,529.064|632.955,534.138|980.988,951.776|916.534,1218.87|906.779,1384.7|881.972,1565.47|883.551,927.178|698.894,1075.67|716.172,1306.64|643.053,1463.12|985.153,588.927|969.485,576.384|988.544,550.438|1032.79,549.991|954.763,553.917|933.888,552.082
185|1|929.317,938.546|947.928,832.396|960.43,751.985|978.461,632.586|994.982,655.168|1073.13,685.227|1104.91,855.611|1059.66,988.428|1000.92,1023.59|1010.04,968.207|1010.75,905.823|955.959,649.773|878.636,649.066|739.915,611.627|658.939,548.227|617.723,504.502|583.953,528.475|633.501,533.6|981.043,951.699|916.259,1218.19|906.173,1385.8|881.025,1566.98|883.613,927.078|697.647,1072.63|713.646,1305.71|639.272,1461.94|985.347,588.863|970.019,576.276|989.093,550.385|1033.13,550.066|955.294,553.768|934.183,551.875
186|1|926.956,937.513|947.631,829.906|961.819,750.221|981.106,630.797|997.332,653.445|1074.9,685.187|1105.02,855.506|1058.27,989.213|999.334,1023.38|1009.71,967.94|1010.09,905.602|958.44,647.895|881.257,647.803|744.262,608.552|664.949,543.642|621.169,499.626|595.869,523.452|635.413,533.784|979.217,950.058|924.071,1202.49|903.535,1375.87|883.344,1562.81|880.422,926.501|704.116,1038.02|714.737,1281.83|640.661,1445.44|988.637,587.071|971.786,577.328|990.851,550.828|1035.82,548.352|957.2,554.436|937.259,550.658
187|1|926.354,935.167|947.481,827.937|962.019,748.613|981.018,630.152|997.2,652.617|1074.16,684.923|1104.28,854.624|1057.4,989.167|998.783,1023.03|1009.63,967.946|1009.74,905.689|958.49,647.14|881.699,646.922|746.176,607.194|668.097,541.472|626.643,500.734|600.33,521.672|637.796,533.988|978.362,947.82|928.322,1185.73|904.793,1364.85|885.428,1554.62|880.031,924.053|712.859,1016.63|717.018,1270.21|639.114,1433.93|988.432,586.779|972.235,576.929|991.337,550.714|1035.79,548.621|957.796,554.028|937.57,550.102
188|1|926.414,934.949|947.678,827.725|962.346,748.39|981.793,629.936|997.89,652.453|1074.74,684.857|1104.88,854.318|1058.5,988.906|1000.29,1023.08|1009.55,967.529|1010.35,905.567|959.194,646.867|882.405,646.322|747.908,605.746|671.777,539.295|630.808,497.671|603.836,518.195|649.07,525.988|978.425,947.666|929.127,1181.35|904.038,1365.34|884.565,1556.69|880.083,923.777|714.613,1011.58|715.5,1269.37|635.606,1433.18|989.4,586.566|973.974,576.595|992.497,550.151|1036.29,547.617|958.977,553.995|937.96,550.675
189|1|924.611,936.408|946.77,828.614|962.255,749.215|981.798,630.549|997.884,653.079|1074.93,685.041|1104.82,854.639|1057.75,989.697|999.602,1023.25|1009.36,967.356|1010.32,905.575|959.169,647.525|882.348,645.924|749.631,606.522|679.483,542.592|638.19,489.601|605.776,516.904|645.206,523.559|976.78,949.292|934.715,1172.58|904.312,1357.24|885.851,1550.59|878.067,925.071|723.644,1006.68|720.965,1267.84|640.605,1433.75|989.481,587.113|974.396,576.059|993.387,550.107|1037.12,548.911|959.79,553.344|938.713,550.243
190|1|925.972,936.781|948.403,828.798|964.186,749.504|984.738,630.724|1000.58,653.394|1077.64,685.287|1105.32,855.143|1057.17,989.079|998.986,1022.84|1009.35,967.286|1009.67,905.186|962.02,647.555|885.465,645.883|753.846,606.86|684.871,541.165|652.443,496.422|620.928,518.367|651.042,525.854|978.162,949.688|938.221,1166.53|905.522,1355.64|888.629,1550.68|879.374,925.417|725.467,1000.23|720.98,1265.19|640.864,1431.98|992.841,587.256|975.499,577.344|994.477,551.094|1039.53,548.726|961.14,554.724|941.826,551.191
191|1|927.025,936.388|949.58,828.999|964.378,749.567|984.368,630.963|1000.37,653.619|1077.74,684.875|1104.81,854.914|1055.58,990.28|997.81,1022.92|1009.02,966.999|1009.65,905.249|961.695,647.79|885.002,645.839|756.069,606.832|689.877,542.341|655.661,490.497|622.578,518.653|646.28,523.376|978.833,950.439|932.626,1153.98|901.909,1350.33|879.731,1547.25|881.119,924.093|739.653,1002.91|734.452,1263.3|652.906,1427.13|992.145,587.54|977.801,577.019|994.255,549.752|1036.59,545.46|961.031,555.766|938.531,555.008
192|1|926.951,940.441|949.549,830.135|964.527,749.267|983.903,627.971|1000.27,650.853|1078.47,683.731|1105.18,856.481|1057.52,996.742|997.905,1026.16|1008.88,966.366|1012.63,907.737|961.047,645.411|883.309,645.732|758.295,605.241|699.248,535.055|666.535,507.588|625.705,530.43|648.676,522.703|980.067,953.959|939.521,1165.59|905.8,1368.33|885.705,1570.25|879.747,928.592|729.722,1023.69|727.022,1291.45|646.556,1463.62|991.581,583.526|968.801,577.842|993.739,553.786|1044.17,554.885|960.013,551.078|947.076,538.329
193|1|927.041,940.542|949.68,830.216|964.708,749.346|984.293,628.064|1000.63,650.962|1078.81,683.901|1105.39,856.667|1058,997.107|998.481,1026.61|1009.19,966.636|1013.04,908.102|961.393,645.486|883.634,645.706|759.625,605.28|702.896,535.104|673.577,507.315|639.366,529.78|659.174,522.205|980.173,954.078|940.269,1166.08|906.043,1369.15|886.127,1571.21|879.819,928.675|731.673,1025.45|728.338,1292.85|648.581,1465.59|992.075,583.628|970.025,578.015|994.608,553.7|1044.55,554.373|960.778,551.355|947.053,538.868
194|1|937.013,953.397|955.334,839.384|966.401,755.167|985.529,629.621|1002.54,653.163|1084.11,683.784|1107.88,861.989|1059.19,1009.5|997.08,1025.97|1009.45,965.374|1013.94,911.744|962.118,647.781|882.135,645.934|763.186,605.789|715.902,535.518|690.838,510.719|619.812,533.972|703.147,522.968|991.812,965.958|946.439,1190.92|914.466,1413.36|890.699,1623.9|888.63,942.476|745.148,1102.09|746.576,1364.59|668.848,1540.72|993.116,583.593|979.809,582.131|998.211,552.57|1041.91,543.552|963.033,557.014|938.75,547.396
195|1|937.8,955.407|956.055,840.911|967.133,756.367|987.115,630.434|1004.04,654.133|1085.71,685.289|1107.96,864.363|1060.52,1014.18|998.996,1026.9|1009.42,966.006|1015.23,914.7|963.494,648.562|883.293,646.088|767.625,605.413|728.57,534.591|701.655,505.395|631.227,538.446|711.184,518.506|992.849,967.95|957.22,1209.78|919.073,1441.77|896.364,1655.43|889.186,944.502|754.752,1139.62|754.927,1392.27|684.88,1569.75|995.093,584.278|978.82,578.282|997.303,549.15|1042.92,542.504|962.206,554.277|940.003,548.649
196|1|946.477,961.447|959.807,845.01|967.833,758.127|986.562,630.197|1003.88,654.003|1086.6,685.197|1107.91,865.879|1062.35,1019.62|1002.41,1027.23|1009.57,964.768|1016.32,918.213|962.973,648.818|882.134,646.109|772.92,605.793|745.482,533.94|717.43,503.842|652.913,542.531|736.035,519.651|1002.61,971.605|970.712,1239.3|935.724,1482.42|914.811,1702.75|896.884,952.648|762.689,1176.72|770.114,1425.41|705.527,1604.6|994.064,583.304|985.364,575.727|1003.29,547.041|1044.12,542.285|967.665,551.374|939.602,546.071
197|1|947.273,961.168|960.114,845.319|968.029,758.396|986.858,630.489|1004.08,654.266|1086.08,686.65|1108.1,866.166|1066.78,1021.29|1009.28,1028.34|1009.6,963.556|1017.8,922.307|963.335,649.085|882.863,646.255|778.065,608.04|759.135,539.528|733.171,510.333|684.248,546.453|755.852,518.536|1003.23,971.233|981.608,1259.82|944.226,1507.92|924.592,1730.47|897.855,952.452|771.805,1201.52|777.016,1443.9|716.597,1621.47|994.433,583.626|980.852,580.254|998.919,550.591|1042.8,542.239|963.63,555.658|939.232,547.994
198|1|946.546,957.466|959.176,844.113|967.6,758.359|987.729,632.258|1004.49,655.872|1085.75,687.234|1108.13,865.037|1058.85,1007.98|997.092,1030.44|1008.92,967.731|1014.67,911.853|964.187,650.448|884.515,646.534|783.297,608.421|766.912,545.437|742.941,523.187|788.684,586.606|781.992,535.166|1001.8,967.076|987.642,1263.73|946.208,1510.42|930.947,1727.22|897.574,949.118|782.806,1210.32|781.89,1443.04|727.834,1617.35|995.919,586.102|980.403,583.265|998.098,553.493|1042.83,544.199|963.28,559.154|940.481,551.782
199|1|946.23,957.611|958.863,843.952|967.33,757.953|987.772,631.367|1004.52,655.045|1085.92,686.44|1108.04,864.987|1042.68,979.209|983.082,1020.88|1012.36,969.147|991.552,896.674|964.118,649.648|884.358,645.944|789.742,607.109|789.29,542.067|770.172,511.458|806.875,584.103|803.701,517.189|1001.68,967.163|989.039,1271.8|946.932,1510.89|931.345,1724.8|897.062,949.313|782.377,1217.56|783.391,1442.73|732.624,1616.52|996.181,585.036|979.883,579.103|999.088,550.467|1044.9,544.699|963.986,554.665|942.177,548.124
200|1|949.896,956.189|960.586,842.809|967.932,756.621|987.462,630.373|1004.34,653.734|1085.55,685.141|1108.26,863.504|1047.06,977.556|987.595,1019.11|1013.38,968.79|991.841,897.009|963.922,648.905|884.274,646.827|789.887,606.622|817.829,534.679|777.202,503.453|805.698,578.265|818.253,513.619|1005.47,964.36|997.453,1274.48|958.08,1509.37|944.412,1719.76|900.488,949.097|788.653,1225.77|792.237,1446.26|744.884,1618.64|995.719,584.164|980.043,578.097|999.162,549.401|1044.62,543.689|963.955,553.636|941.575,547.201
201|1|947.607,951.135|959.315,840.688|967.827,755.832|987.9,631.126|1004.53,654.175|1085.07,684.55|1108.29,861.152|1046.7,967.635|992.939,1016.93|1014.3,969.139|989.863,894.231|964.365,649.524|885.148,647.476|793.376,605.926|835.152,531.585|806.467,489.184|736.464,563.328|788.411,503.848|1002.39,959.671|1001.63,1269.55|960.02,1495.34|950.41,1697.28|898.807,943.7|798.26,1225.6|796.334,1438.46|752.437,1607.31|996.564,585.517|979.165,578.358|998.584,549.961|1045.13,545.014|963.538,554.163|942.621,548.537
202|1|952.064,947.941|962.549,838.631|970.306,754.505|989.309,630.903|1005.76,653.541|1085.07,683.596|1109.83,857.399|1061.6,990.079|999.655,1012.42|1014.16,965.006|996.083,906.221|966.3,649.275|888.686,647.824|800.781,606.762|843.293,540.187|851.842,473.334|855.563,534.628|871.43,527.265|1006.28,955.399|1009.47,1263.36|970.566,1486.31|961.363,1681.38|903.666,941.448|809.049,1225.37|806.776,1435.14|766.73,1600.09|997.652,585.731|981.257,580.628|999.833,552.263|1045,545.716|965.482,556.73|944.23,550.074
203|1|951.564,943.576|962.482,835.5|970.548,752.377|989.976,630.24|1006.23,652.677|1084.82,682.759|1109.69,854.987|1049.98,964.983|995.349,1008.64|1013.66,962.209|984.048,895.221|967.003,648.382|889.956,646.668|805.861,605.998|858.325,544.159|886.143,479.083|859.881,533.591|878.485,527.686|1005.27,951.238|993.376,1246.42|964.162,1450.24|951.26,1639.59|903.621,936.896|735.263,1120.45|758.618,1342.1|705.416,1507.89|998.514,585.606|983.273,580.428|1001.26,552.025|1045.39,545.189|967.063,556.858|944.915,550.667
204|1|945.416,932.735|960.93,826.832|972.202,746.733|992.624,627.859|1008.55,649.811|1085.13,680.693|1109.45,851.314|1051.4,950.456|1006.76,1006.69|1020.05,966.643|983.147,894.484|969.59,645.57|892.738,644.859|814.142,604.309|878.442,539.103|908.801,481.602|865.192,541.343|889.517,535.203|997.973,942.675|988.202,1212.16|951.343,1394.73|938.473,1582.84|898.499,924.018|770.228,1080.25|779.661,1301|722.349,1469.21|1001.66,584.422|985.519,578.953|999.997,549.024|1043.15,538.369|966.716,557.973|944.344,556.157
205|1|946.331,931.432|961.918,825.164|973.241,744.51|994.296,624.45|1009.96,646.744|1085.98,678.884|1109.18,849.142|1056,951.704|1008.36,1004.22|1020.15,966.352|984.676,896.2|971.345,642.077|895.169,641.184|823.223,603.67|885.721,541.43|919.429,489.736|894.228,554.603|906.512,545.178|998.923,941.548|992.408,1220.15|947.517,1411.16|931.896,1598.85|899.432,922.566|787.135,1151.4|784.148,1364.48|729.221,1530.23|1003.56,580.554|976.923,582.117|991.787,551.001|1041.08,534.575|959.833,560.802|946.008,554.801
206|1|947.022,931.44|962.387,825.335|973.565,744.796|994.206,624.795|1009.9,646.985|1085.73,679.007|1109.23,848.761|1067.84,973.736|1011.48,1011.17|1021.4,967.8|993.631,905.21|971.354,642.501|895.39,642.154|824.59,604.298|889.359,539.609|924.625,486.766|896.604,557.057|909.94,545.99|999.554,941.411|997.153,1223.47|951.756,1418.67|937.031,1605.89|900.165,922.701|796.525,1169.39|791.424,1377.38|740.363,1541.24|1003.35,580.928|976.427,590.278|993.444,559.052|1044.12,540.174|960.887,565.883|947.705,551.175
207|1|947.155,931.426|962.575,825.295|973.807,744.729|994.683,624.696|1010.33,646.915|1086.1,679.039|1109.4,848.825|1067.88,973.227|1011.43,1010.45|1021.29,967.392|993.754,904.534|971.792,642.381|895.869,641.886|826.178,603.817|892.779,539.049|929.26,486.233|908.458,548.575|916.633,545.631|999.708,941.417|997.675,1223.79|952.02,1418.98|937.419,1606.25|900.277,922.669|797.144,1170.24|792.188,1377.03|741.507,1540.81|1003.93,580.819|977.827,588.655|995.412,557.896|1045.85,540.696|962.61,564.094|948.922,549.843
208|1|952.034,936.129|964.402,829.005|973.606,747.136|992.978,625.96|1008.65,647.924|1084.6,679.307|1111.2,848.503|1077.05,978.731|1018.01,1008.11|1021.04,966.385|998.41,910.083|970.494,644.17|896.344,645.31|828.382,607.984|908.356,535.574|938.561,471.913|991.54,520.57|945.842,532.242|1005.05,944.151|1012.14,1235.92|968.675,1443.24|956.185,1631.56|904.634,929.114|807.308,1197.12|803.433,1405.37|758.852,1568.44|1001.96,581.717|975.795,575.344|995.606,547.992|1046.52,542.389|962.716,552.348|950.105,546.808
209|1|951.086,933.321|964.142,826.585|973.913,744.916|994.312,623.864|1009.77,645.942|1085.06,679.13|1111.05,848.599|1079.65,983.712|1019.88,1007.52|1021.02,966.027|1001.06,912.959|971.691,641.92|897.795,643.786|833.159,608.862|915.74,534.568|960.539,471.537|991.175,521.069|954.958,530.431|1004,941.673|1020.35,1237.68|975.009,1451.23|966.017,1639.77|903.768,926.008|815.463,1203.31|806.998,1409.88|765.042,1571.8|1003.74,579.66|981.365,581.835|1003.07,554.679|1052.48,546.819|969.547,555.5|954.809,540.271
210|1|952.59,934.093|965.34,827.305|974.946,745.336|994.948,623.814|1010.47,645.864|1085.86,679.358|1111.35,849.206|1085.11,986.013|1024.29,1006.62|1020.96,965.456|1004.02,916.235|972.378,642.042|898.627,644.306|836.692,608.957|920.337,532.255|976.052,473.074|988.793,518.776|963.562,528.877|1005.63,942.297|1025.26,1242.58|980.618,1458.91|973.205,1647.32|905.155,926.912|818.944,1209.27|810.059,1412.91|769.11,1573.6|1004.31,579.439|981.627,582.375|1003.3,554.99|1052.95,546.494|969.724,555.917|955.112,540.206
211|1|952.997,934.086|965.589,827.473|975.123,745.577|994.296,623.893|1009.86,645.799|1084.91,679.147|1111.13,848.077|1077.58,967.896|1022.47,1009.66|1023.02,968.823|995.717,908.354|971.94,642.29|898.942,645.834|836.919,608.323|922.667,530.582|978.302,476.059|989.342,521.062|963.271,532.59|1005.97,942.102|1025.51,1244.49|981.92,1460.63|975.486,1647.29|905.594,927.07|820.749,1211.73|812.136,1413.2|773.655,1573.16|1003.42,579.466|993.119,578.5|1013.27,551.975|1054.51,546.57|979.279,552.583|955.279,539.466
212|1|954.313,929.978|966.474,824.346|975.714,743.145|993.968,622.217|1009.51,643.817|1083.65,676.985|1111.32,844.324|1087.62,975.027|1029.67,1006.61|1023.11,967.644|1002.93,914.785|971.929,640.672|899.905,644.986|840.338,608.992|928.759,530.355|986.19,479.616|995.829,521.463|966.642,532.444|1006.87,937.667|1028.62,1237.2|987.554,1451.53|981.785,1635.05|907.253,923.247|826.7,1206.96|817.82,1407.21|780.178,1565.03|1002.81,578.054|993.219,570.936|1015.26,547.335|1056.11,548.949|981.654,545.17|958.682,534.194
213|1|953.316,927.501|965.604,821.935|975.431,740.864|994.365,620.493|1009.38,642.146|1082.12,677.194|1110.82,842.486|1098.59,975.008|1039.76,1003.63|1023.02,967.598|1010.26,920.196|972.619,638.58|902.207,642.22|846.923,612.773|930.965,532.161|974.344,483.976|1014.36,532.019|973.093,536.666|1005.41,933.651|1037.3,1230.13|989.952,1445.04|990.915,1624.47|906.263,922.099|835.814,1208.97|816.569,1410.63|784.071,1569.51|1003.54,576.576|1014.26,573.358|1023.05,544.433|1045.77,532.977|991.625,552.99|950.405,549.711
214|1|952.257,925.647|964.917,821.229|975.051,740.977|994.481,621.791|1009.28,643.304|1081.8,677.263|1110.81,841.314|1090.22,952.092|1043.43,1001.72|1029.54,972.792|1002.13,914.501|972.791,639.643|902.862,642.614|847.153,613.567|933.684,532.105|973.585,488.786|1020.43,533.489|975.502,536.502|1003.85,931.938|1035.55,1224.98|987.986,1433.64|989.485,1609.72|905.648,920.113|836.286,1203.57|816.004,1404.65|784.941,1562.94|1003.83,578.333|1020.99,568.94|1035.76,545.737|1055.97,547.681|1003.94,544.831|961.275,536.91
215|1|952.18,923.385|965.112,819.746|975.478,739.955|995.469,621.351|1010.12,642.8|1082.11,676.933|1111.09,840.449|1098.72,963.568|1042.87,999.838|1025.97,968.904|1008.22,918.575|973.726,639.106|903.99,642.226|847.786,614.871|935.153,532.872|975.171,489.343|1025.08,535.587|976.927,536.471|1003.54,929.785|1035.84,1220.86|988.46,1424.3|989.547,1598.88|905.781,917.752|837.324,1199.66|816.82,1399.08|784.732,1556.29|1005.08,578.11|1021.78,567.706|1036.43,544.585|1056.95,546.995|1004.58,543.892|962.13,536.944
216|1|953.361,924.174|965.642,819.667|975.543,738.992|994.953,619.437|1009.77,641.005|1082.3,675.341|1113.26,839.599|1104.15,968.628|1045.2,999.666|1026.79,969.541|1012.66,921.159|973.239,637.355|902.976,640.928|849.878,615.06|935.039,538.424|967.278,490.062|1027.13,539.521|973.463,538.144|1005.03,929.89|1038.6,1222.85|990.519,1427.27|992.842,1602.1|906.594,919.151|839.289,1204.38|818.143,1405.36|787.277,1563.75|1004.34,575.819|984.97,598.977|1006.31,571.077|1053.19,551.006|973.614,569.957|957.566,538.005
217|1|953.016,922.335|965.443,818.649|975.506,738.263|995.145,619.569|1009.78,641.028|1081.88,674.976|1114.83,837.601|1107.35,964.589|1050.26,998.19|1027.59,970.097|1014.71,922.112|973.546,637.303|903.657,639.661|848.512,617.843|935.496,547.587|967.839,493.934|1022.91,537.862|973.755,541.492|1004.16,927.479|1039.29,1216.65|990.016,1419.55|994.118,1591.74|906.562,917.81|845.079,1202.61|819.848,1404.25|791.728,1562.46|1004.62,576.282|981.956,599.603|1003.14,571.79|1051.85,551.344|970.947,570.902|957.552,539.178
218|1|954.617,922.182|966.126,818.685|975.237,737.978|993.567,618.487|1008.67,639.941|1081.45,673.365|1114.82,836.931|1110.29,966.861|1051.51,997.481|1027.61,969.398|1016.7,923.151|971.952,636.524|901.318,640.618|850.216,619.62|931.993,550.271|944.326,496.026|1020.86,537.765|970.573,543.04|1006.28,928.251|1034.9,1220.79|993.644,1422.49|993.587,1595.81|908.045,916.86|839.653,1199.74|823.1,1402.27|789.684,1558.6|1002.43,574.852|984.508,603.601|1007.61,576.892|1053.91,555.818|974.892,573.112|958.786,534.686
219|1|949.948,923.651|964.064,820.85|975.376,740.927|994.753,622.725|1009.39,644.212|1081.9,676.666|1114.41,838.316|1104.6,966.661|1047.74,998.299|1027.16,969.059|1013.66,921.498|973.293,640.208|902.596,642.252|847.784,624.985|929.802,566.115|945.781,508.231|1018.32,537.244|967.234,541.835|1000.63,929.575|1031.18,1216.85|980.547,1417.06|985.304,1586.51|903.894,918.413|843.524,1201.74|814.934,1402.07|788.66,1559.03|1003.92,579.64|985.408,603.91|1008,577.854|1054,559.51|975.976,574.441|960.821,539.817
220|1|951.546,920.368|965.983,818.504|977.331,738.962|997.153,621.311|1011.74,642.955|1082.77,677.85|1113.95,838.703|1106.79,965.573|1050.7,997.334|1027.28,969.192|1015.6,922.568|975.665,638.429|904.862,640.754|844.36,630.339|923.778,566.157|963.522,537.986|1011.6,535.341|947.019,548.559|1002.26,928.333|1020.65,1215.56|976.699,1413.02|973.817,1582.06|905.932,913.348|836.671,1189.77|813.525,1393.01|778.628,1546.07|1006.23,578.392|986.221,604.015|1008.35,577.809|1055.07,558.102|976.664,574.824|962.614,539.726
221|1|951.531,917.757|965.675,815.796|976.81,736.286|997.339,618.885|1011.81,640.525|1082.39,676.437|1114.84,837.413|1109.16,964.507|1052.79,996.708|1028.05,969.61|1017.04,923.108|975.702,635.979|904.86,638.785|844.304,631.308|925.517,574.177|969.922,546.984|1021.21,537.338|954.615,552.585|1002.29,925.416|1018.69,1212.46|973.95,1410.75|969.69,1580.12|905.833,911.006|834.858,1186.89|811.958,1384.92|776.616,1537.04|1006.78,576.043|986.02,603.806|1008.11,577.227|1055.48,555.897|976.279,574.367|962.513,537.795
222|1|952.942,917.367|966.883,815.639|977.858,736.323|997.642,619.159|1012.21,640.653|1084.09,673.959|1134.22,831.058|1136.1,952.97|1081.23,990.387|1046.12,980.941|1039.12,928.869|976.164,636.323|905.483,639.971|844.548,635.099|926.372,577.11|977.868,546.337|1049.37,537.497|974.992,564.362|1003.57,924.94|1020.13,1211.24|975.293,1409.35|971.413,1578.59|907.362,910.694|836.414,1185.45|813.832,1382.8|780.193,1534.77|1006.79,576.398|964.036,566.086|990.337,545.201|1050.82,550.044|961.756,542.144|968.28,533.237
223|1|1023.73,878.475|1015.17,787.581|1013.71,727.701|1010.54,647.339|1018.43,649.012|1038.84,609.746|1032.98,608.203|937.881,619.727|944.703,572.39|950.344,583.685|987.061,586.958|1004.69,670.208|979.709,719.246|923.48,847.013|822.3,887.938|767.871,910.726|730.272,937.734|755.877,877.644|1051.88,847.33|962.02,1057.97|1058.64,1537.01|940.579,1791.19|999.794,905.038|876.25,1137.42|975.222,1562.36|869.211,1777.03|1003.93,619.298|957.807,562.441|979.449,557.877|1032.54,581.008|960.863,569.41|977.868,616.99
224|1|1015.42,876.464|1008.66,787.805|1008.78,729.225|1008.95,650.218|1015.6,651.943|1032,613.688|1014.63,612.081|919.31,622.155|927.107,572.21|931.409,577.711|966.711,586.567|1003.3,672.66|981.934,720.811|927.872,845.868|827.042,886.995|774.982,908.767|740.88,935.421|765.713,878.274|1041.39,846.178|953.674,1056|1036.66,1514.46|917.449,1745.92|993.327,902.297|874.825,1130.66|965.323,1538.3|863.223,1736.32|1003.45,622.63|953.386,572.633|977.446,564.617|1030.15,588.54|963.705,570.585|991.25,604.069
225|1|968.253,886.938|985.251,807.723|997.504,741.755|999.632,639.513|984.532,656.759|920.388,678.484|847.514,781.579|833.411,799.982|816.424,805.124|829.277,821.279|844.711,809.46|1014.16,656.161|1066.07,669.012|1081.3,754.192|1015.66,758.704|999.193,757.083|966.409,770.694|968.595,743.311|927.173,883.797|871.15,978.831|857.884,1155.01|840.408,1162.36|1004.51,889.799|979.682,996.788|970.41,1194.61|960.233,1221.19|998.2,601.042|932.914,564.127|952.868,555.854|1003.53,582.322|951.526,551.307|1003.15,562.692
226|1|963.864,888.078|982.104,806.226|995.355,739.04|1012.73,639.522|995.69,655.032|930.129,669.751|840.232,768.947|814.499,785.012|815.086,796.967|822.317,816.507|837.756,800.286|1024.17,657.357|1075.03,675.813|1093.64,754.362|1030.6,745.876|1002.65,753.626|972.009,771.258|977.978,743.888|922.099,882.571|871.995,990.908|851.25,1169.65|834.378,1167.4|1000.89,893.054|972.515,1019.59|956.889,1225.1|946.448,1244.04|1016.55,600.783|949.671,564.338|970.712,550.786|1025.04,565.642|966.689,555.465|1015.88,575.271
227|1|962.383,892.941|981.009,809.851|994.645,741.744|1015.88,641.191|999.58,657.859|935.881,676.153|841.02,786.654|798.453,791.074|797.293,795.706|813.51,810.035|827.875,796.016|1025.37,658.419|1072.96,675.597|1087.59,748.89|1017.31,731.304|990.915,751.954|967.543,775.788|971.382,743.575|920.309,889.36|864.48,999.963|845.934,1179.68|822.951,1174.35|999.394,896.185|965.921,1034.75|959.358,1251.04|942.153,1274.06|1020,601.372|950.414,568.011|973.348,553.051|1034.84,566.757|964.147,556.781|1009.03,572.73
228|1|973.164,917.199|978.404,822.101|985.23,748.136|990.537,642.575|1005.57,660.614|1072.97,675.503|1172.03,758.048|1148.74,750.063|1155.23,739.015|1119.75,759.048|1103.11,753.033|973.709,658.438|912.41,665.59|840.202,702.387|933.386,651.704|962.661,640.211|999.954,639.443|996.069,641.762|1022.28,922.899|1098.95,1026.61|1056.91,1340.76|1090.96,1531.95|928.656,912.168|912.793,983.073|893.346,1325.53|879.355,1494.71|993.153,603.977|982.301,589.555|1005,578.031|1039.54,592.872|980.536,569.04|969.612,560.303
229|1|968.279,920.595|976.79,822.841|985.982,748.29|997.104,640.362|1011.6,659.549|1076.87,682.862|1158.46,779.169|1110.21,766.726|1162.67,740.287|1110.21,746.614|1096.2,754.646|979.024,656.079|915.467,661.465|823.959,702.243|922.724,649.254|958.627,636.906|1005.73,639.507|1002.52,638.771|1016.99,927.22|1096.94,1062.3|1039.32,1368.3|1069.17,1551.72|924.191,914.731|910.943,1002.58|877.234,1330.47|855.316,1492.23|1001.46,600.926|981.913,576.237|1001.09,560.457|1042.17,572.656|974.808,560.384|965.059,566.888
230|1|957.607,929.825|970.138,825.689|979.758,748.641|992.14,634.547|1007.19,654.765|1079,677.114|1178.3,784.141|1130.95,789.57|1160.79,742.957|1110.17,750.005|1101.09,756.472|972.793,651.617|908.781,658.277|819.412,686.695|915.914,662.886|918.923,640.083|979.842,653.103|961.16,645.739|1008.21,937.3|1046.82,1029.5|1008.98,1321.27|1025.48,1512.25|912.176,923.258|811.308,934.578|817.787,1233.82|767.688,1390.25|997.981,592.987|987.601,577.842|1007,558.583|1044.47,565.317|977.606,557.179|958.496,554.308
231|1|952.172,926.876|966.274,821.591|975.934,744.04|989.938,629.353|1004.86,649.55|1076.64,672.117|1175.55,795.877|1148.9,814.605|1156.48,784.957|1126.47,766.163|1117.38,776.373|970.032,646.887|904.622,653.514|805.88,687.334|918.297,675.385|923.068,633.203|983.843,652.199|954.552,653.082|1003.3,935.052|1013.19,998.733|978.85,1270.51|978.395,1459.47|906.44,919.709|766.599,912.839|792.274,1190.77|725.618,1337.53|996.906,587.573|979.674,578.271|996.962,554.455|1039.04,552.118|966.839,557.925|950.158,554.907
232|1|957.267,927.455|965.778,820.462|972.117,741.963|988.844,628.586|1003.51,648.303|1075.1,669.593|1167.25,802.072|1142.46,847.46|1154.71,802.951|1129.69,770.926|1118.24,783.435|968.115,646.52|903.102,657.587|807.286,694.569|907.726,688.748|979.675,652.854|999.283,661.244|972.42,644.672|1008.82,932.406|1004.65,1020.92|983.677,1280.4|986.433,1475.88|910.922,923.151|749.063,987.381|792.664,1248.19|730.661,1409.84|997.37,587.331|973.955,581.763|996.847,558.958|1045.35,559.19|965.593,557.253|954.756,546.104
233|1|954.208,930.353|963.365,821.913|970.441,742.684|988.465,628.998|1003.18,648.779|1075.5,669.702|1164.67,807.313|1135.07,862.845|1152.77,813.093|1132.82,775.633|1118.85,788.32|967.211,647.072|900.746,656.808|805.23,695.51|909.202,693.653|979.646,658.55|1006.28,665.84|978.813,642.89|1006.39,935.523|999.78,995.333|982.787,1239.36|985.584,1429.96|907.236,925.85|757.234,912.557|804.993,1169.2|746.462,1322.56|997.586,587.645|974.316,581.086|993.676,555.161|1041.7,550.723|961.798,558.623|948.195,552.805
234|1|958.924,941.114|968.064,828.792|973.437,749.549|987.147,629.492|1004.04,650.373|1082.16,672.001|1180.65,815.312|1159.28,890.345|1154.87,827.085|1130.81,771.127|1120.96,797.919|965.341,648.597|890.076,656.85|804.287,696.152|906.954,695.187|986.65,679.184|1027.43,689.247|995.841,663.791|1012.98,946.856|1007.15,988.24|982.654,1235.46|985.102,1429.59|910.554,936.137|813.329,909.666|842.649,1161.78|780.39,1313.91|993.887,585.606|974.407,586.342|993.838,557.785|1040.92,548.247|959.997,561.27|941.787,549.509
235|1|967.439,939.075|973.191,827.212|976.819,748.874|987.343,629.318|1004.61,649.475|1082.21,667.784|1184.17,806.419|1171.57,890.202|1158.19,830.042|1131.64,774.245|1123.17,804.733|966.19,649.002|891.031,659.012|806.307,699.934|908.045,702.566|986.431,685.518|1033.06,690.975|1000.03,671.079|1021.28,942.87|968.243,961.066|976.482,1200.31|978.391,1383.9|919.131,935.83|801.407,891.729|852.267,1139.38|792.53,1286.22|993.051,585.592|975.326,581.738|993.957,553.795|1039.47,546.729|960.3,557.975|940.714,550.34
236|1|956.997,946.178|965.09,830.749|973.889,750.162|986.387,627.766|1003.58,648.677|1083.15,670.368|1186.39,812.97|1168.93,893.62|1155.62,829.613|1129.13,768.283|1121.84,799.957|964.633,647.58|888.92,660.253|796.166,709.717|905.214,712.841|985.722,691.737|1038.46,693.388|1004.93,682.786|1012.21,950.829|1008.64,967.901|995.326,1206.43|1013.01,1400.29|906.966,942.136|786.404,881.137|838.461,1144.55|788.506,1304.45|992.93,582.986|975.787,581.62|994.454,552.699|1040.09,543.732|960.185,557.045|939.563,547.527
237|1|956.714,944.205|964.45,830.574|972.564,751.598|985.201,630.779|1002.19,651.49|1081.05,672.41|1183.99,812.212|1167.96,894.237|1153.31,831.452|1129.75,767.579|1121.96,800.113|963.626,650.262|888.43,662.209|796.903,716.171|902.806,720.134|983.546,697.854|1041.76,699.075|1002.6,700.968|1010.97,948.456|1042.29,993.692|1005.42,1233.8|1026.25,1430.62|907.567,940.521|846.213,965.313|860.859,1215.84|820.059,1389.77|991.703,586.628|974.875,580.482|993.479,552.862|1038.48,547.348|959.669,557.048|939.304,551.08
238|1|952.619,938.984|962.513,826.588|969.195,745.161|983.712,629.765|1000.38,650.003|1078.92,673.564|1175.02,817.747|1143.99,895.423|1147.19,834.71|1136.09,774.508|1122.19,797.548|961.873,648.162|887.949,662.101|795.837,721.174|900.168,726.09|985.336,708.589|1040.37,719.549|990.007,712.125|1006.74,944.746|1024.31,970.027|996.63,1213.67|1009.62,1407.31|904.079,933.978|801.39,884.776|839.393,1145.98|789.925,1303.68|990.641,587.638|974.622,579.481|992.861,552.208|1037.13,547.827|959.161,556.646|938.187,552.457
239|1|952.856,938.754|961.448,826.965|967.658,745.435|983.398,630.783|999.708,650.926|1078.07,674.259|1171.1,820.231|1143.4,897.093|1150.82,838.691|1136.91,786.669|1121.37,807.285|961.459,649.031|887.369,662.791|795.186,723.923|902.069,725.615|980.543,710.608|1039.16,707.032|988.943,710.466|1006.59,943.686|1035.6,1011.54|996.757,1251.7|1010.84,1451.89|904.561,934.482|824.607,993.229|847.36,1227.27|807.08,1400.43|990.942,588.977|974.755,579.779|993.251,552.922|1037.63,549.559|959.622,557.053|938.971,553.373
240|1|950.791,938.03|960.383,827.007|967.338,745.815|983.83,631.646|1000.07,652.015|1077.31,679.732|1125.06,843.31|1076.18,918.469|1107.93,878.953|1133.55,836.209|1101.41,839.641|961.757,649.512|887.314,663.216|795.756,730.039|903.975,727.597|982.515,717.188|1041.51,718.647|992.935,727.526|1004.19,943.502|1041.61,1067.27|994.18,1301.53|1007.34,1506.38|902.81,933.272|830.458,1051.17|843.293,1272.92|805.393,1450.67|991.464,590.027|975.189,575.249|992.831,549.13|1036.82,548.482|959.47,554.353|938.689,555.958
241|1|950.79,938.029|960.381,827.009|967.337,745.818|983.828,631.652|1000.07,652.02|1077.3,679.738|1125.05,843.311|1076.17,918.49|1107.92,878.987|1133.55,836.259|1101.41,839.678|961.756,649.517|887.315,663.221|795.759,730.045|903.98,727.603|982.521,717.191|1041.55,718.644|992.948,727.529|1004.18,943.501|1041.61,1067.29|994.179,1301.53|1007.34,1506.37|902.811,933.271|830.462,1051.19|843.3,1272.91|805.405,1450.66|991.462,590.033|975.179,575.27|992.822,549.149|1036.81,548.49|959.462,554.372|938.687,555.967
242|1|957.01,936.062|962.609,827.343|966.801,746.198|982.38,634.468|998.537,654.337|1074.61,680.864|1116.2,843.089|1060.92,945.766|1080.35,915.846|1120.41,878.727|1080.16,873.643|960.717,652.038|887.045,665.003|796.893,739.116|901.265,737.732|980.213,725.136|1044.44,730.718|992.66,744.314|1009.49,939.327|1047.43,1106.5|1008.58,1335.93|1023.55,1536.49|909.781,933.278|841.557,1103.04|857.154,1318.12|826.193,1494.98|989.575,593.804|973.905,570.801|991.352,547.071|1034.38,552.194|958.6,552.14|937.93,560.028
243|1|957.007,936.068|962.606,827.354|966.798,746.212|982.377,634.491|998.533,654.358|1074.61,680.9|1116.14,843.152|1060.8,945.757|1080.24,915.8|1120.31,878.649|1080.07,873.589|960.714,652.06|887.046,665.024|796.9,739.141|901.294,737.787|980.255,725.212|1044.58,730.782|992.716,744.399|1009.49,939.332|1047.45,1106.55|1008.6,1335.9|1023.58,1536.44|909.78,933.284|841.587,1103.1|857.194,1318.09|826.26,1494.92|989.573,593.83|973.903,570.92|991.343,547.166|1034.37,552.22|958.591,552.241|937.919,560.065
244|1|956.582,935.789|962.16,827.323|966.335,746.386|981.918,635.183|998.056,654.954|1073.93,682.102|1111.85,844.868|1056.45,951.448|1074.44,923.377|1114.91,887.376|1074.68,873.442|960.27,652.692|886.678,665.753|796.675,740.69|902.037,741.818|981.192,731.647|1044.71,741.319|993.589,752.016|1008.95,939.027|1050.09,1111.87|1010.5,1336.79|1026.34,1535.78|909.453,933.027|844.602,1110.57|860.335,1318.47|831.731,1493.81|989.116,594.731|972.159,579.002|989.565,553.489|1033.44,553.439|956.821,558.8|937.029,561.405
245|1|948.405,931.483|957.238,824.583|964.102,744.075|980.671,633.88|996.591,653.67|1072.06,681.217|1106.26,845.514|1031.41,921.774|1067.15,903.016|1126.14,885.435|1086.14,856.648|958.913,651.058|885.883,666.512|794.65,741.301|900.408,746.59|981.82,737.889|1052.98,749.25|990.015,755.59|1000.22,936.156|1047.79,1140.12|1001.59,1361|1017.79,1555.9|901.696,927.421|843.203,1136.46|849.18,1343.35|825.57,1517.54|988.205,593.811|966.296,576.316|990.908,555.345|1039.73,564.503|958.356,552.754|945.969,549.247
246|1|941.921,924.587|953.222,820.388|962.145,740.724|981.203,633.853|996.576,653.377|1071.52,682.064|1103.68,845.637|1023.71,927.971|1054.11,912.714|1110.19,898.544|1073.87,867.823|959.113,650.279|886.239,666.027|794.535,741.779|902.354,750.887|978.865,743.885|1044.73,751.341|989.453,757.904|992.842,930.109|1040.44,1155.29|989.57,1366.69|1005.4,1554.81|895.905,919.743|841.2,1146.31|837.713,1352.29|816.107,1522.91|989.755,595.109|977.12,576.113|992.21,550.786|1032.42,551.473|959.747,557.635|936.18,564.329
247|1|941.92,924.587|953.221,820.39|962.143,740.727|981.2,633.858|996.572,653.381|1071.52,682.069|1103.67,845.64|1023.7,927.975|1054.09,912.719|1110.17,898.55|1073.86,867.815|959.11,650.284|886.237,666.033|794.539,741.791|902.364,750.901|978.88,743.901|1044.78,751.341|989.476,757.93|992.84,930.109|1040.43,1155.3|989.559,1366.65|1005.39,1554.76|895.905,919.743|841.195,1146.32|837.715,1352.27|816.108,1522.87|989.751,595.116|977.085,576.117|992.183,550.791|1032.41,551.48|959.72,557.639|936.178,564.334
248|1|941.845,924.563|953.107,820.449|961.999,740.852|980.945,634.107|996.323,653.592|1071.2,682.282|1102.96,845.756|1022.69,927.45|1052.9,911.99|1108.67,897.647|1073.02,866.545|958.887,650.53|886.083,666.348|794.583,742.499|902.566,751.701|979.333,744.798|1047.23,751.345|990.236,759.383|992.722,930.065|1039.98,1155.9|988.909,1364.5|1004.32,1551.87|895.868,919.738|840.851,1146.59|837.76,1350.89|816.12,1520.98|989.451,595.414|975.245,576.262|990.755,551.035|1032.06,551.913|958.336,557.79|936.067,564.507
249|1|941.839,924.564|953.099,820.453|961.989,740.858|980.928,634.119|996.307,653.602|1071.18,682.296|1102.92,845.772|1022.59,927.393|1052.74,911.859|1108.44,897.434|1072.85,866.378|958.872,650.542|886.071,666.365|794.573,742.539|902.554,751.748|979.33,744.848|1047.3,751.358|990.24,759.447|992.714,930.064|1039.95,1155.92|988.88,1364.41|1004.27,1551.75|895.863,919.739|840.833,1146.6|837.76,1350.83|816.12,1520.9|989.432,595.429|975.168,576.271|990.695,551.049|1032.04,551.935|958.277,557.798|936.057,564.514
250|1|941.741,924.546|952.959,820.521|961.814,740.996|980.634,634.38|996.02,653.829|1070.81,682.632|1101.93,846.118|1020.35,926.042|1048.61,908.919|1102.25,892.65|1068.84,862.815|958.613,650.796|885.879,666.687|794.422,743.246|902.311,752.547|979.278,745.74|1049,751.377|990.278,760.573|992.572,930.027|1039.42,1156.41|988.242,1362.47|1003.21,1549.13|895.808,919.74|840.46,1146.78|837.773,1349.56|816.119,1519.14|989.083,595.739|973.744,576.391|989.626,551.301|1031.74,552.46|957.244,557.901|935.954,564.615
251|1|941.734,924.543|952.95,820.527|961.803,741.01|980.622,634.408|996.007,653.854|1070.78,682.675|1101.82,846.165|1020.12,925.926|1048.04,908.642|1101.33,892.168|1068.23,862.388|958.603,650.821|885.876,666.711|794.44,743.291|902.363,752.618|979.363,745.829|1049.3,751.369|990.375,760.666|992.56,930.023|1039.37,1156.47|988.172,1362.26|1003.09,1548.85|895.804,919.738|840.428,1146.81|837.773,1349.43|816.118,1518.96|989.071,595.773|973.653,576.41|989.567,551.333|1031.74,552.52|957.187,557.914|935.968,564.621
252|1|941.732,924.543|952.947,820.529|961.8,741.013|980.619,634.415|996.003,653.86|1070.78,682.684|1101.81,846.172|1020.07,925.881|1047.89,908.541|1101.07,891.996|1068.06,862.242|958.6,650.828|885.874,666.718|794.442,743.306|902.372,752.641|979.381,745.855|1049.37,751.366|990.395,760.692|992.557,930.022|1039.35,1156.49|988.153,1362.21|1003.06,1548.78|895.803,919.737|840.418,1146.81|837.773,1349.39|816.117,1518.91|989.068,595.782|973.627,576.414|989.55,551.341|1031.74,552.536|957.171,557.917|935.972,564.622
253|1|941.732,924.543|952.947,820.529|961.8,741.013|980.619,634.415|996.003,653.86|1070.78,682.684|1101.81,846.172|1020.07,925.881|1047.89,908.541|1101.07,891.996|1068.06,862.242|958.6,650.828|885.874,666.718|794.442,743.306|902.372,752.641|979.381,745.855|1049.37,751.366|990.395,760.692|992.557,930.022|1039.35,1156.49|988.153,1362.21|1003.06,1548.78|895.803,919.737|840.418,1146.81|837.773,1349.39|816.117,1518.91|989.068,595.782|973.627,576.414|989.55,551.341|1031.74,552.536|957.171,557.917|935.972,564.622
254|1|941.732,924.543|952.947,820.529|961.8,741.013|980.619,634.415|996.003,653.86|1070.78,682.684|1101.81,846.172|1020.07,925.881|1047.89,908.541|1101.07,891.996|1068.06,862.242|958.6,650.828|885.874,666.718|794.442,743.306|902.372,752.641|979.381,745.855|1049.37,751.366|990.395,760.692|992.557,930.022|1039.35,1156.49|988.153,1362.21|1003.06,1548.78|895.803,919.737|840.418,1146.81|837.773,1349.39|816.117,1518.91|989.068,595.782|973.627,576.414|989.55,551.341|1031.74,552.536|957.171,557.917|935.972,564.622
255|1|941.711,924.521|952.918,820.552|961.763,741.071|980.571,634.536|995.949,653.969|1070.68,682.816|1101.54,846.258|1019.36,924.99|1046.71,906.945|1099.33,889.638|1066.53,859.885|958.563,650.94|885.874,666.827|794.578,743.501|902.738,752.88|979.954,746.091|1051.31,750.777|990.897,760.459|992.513,929.995|1039.07,1156.87|987.75,1361.05|1002.36,1547.21|895.804,919.72|840.229,1146.98|837.77,1348.63|816.11,1517.85|989.016,595.929|973.116,576.424|989.246,551.447|1031.79,552.858|956.876,557.896|936.094,564.58
256|1|941.711,924.521|952.917,820.553|961.762,741.072|980.57,634.54|995.947,653.972|1070.68,682.82|1101.53,846.261|1019.34,924.969|1046.67,906.908|1099.27,889.583|1066.48,859.829|958.562,650.943|885.873,666.83|794.581,743.507|902.746,752.887|979.966,746.097|1051.35,750.766|990.911,760.459|992.512,929.995|1039.07,1156.88|987.742,1361.03|1002.34,1547.17|895.804,919.72|840.226,1146.98|837.77,1348.61|816.111,1517.83|989.014,595.933|973.108,576.426|989.241,551.451|1031.79,552.864|956.87,557.898|936.095,564.581
257|1|941.71,924.521|952.916,820.553|961.761,741.073|980.568,634.541|995.946,653.974|1070.67,682.822|1101.53,846.264|1019.32,924.962|1046.66,906.894|1099.25,889.563|1066.46,859.807|958.56,650.945|885.872,666.832|794.582,743.512|902.747,752.892|979.97,746.103|1051.37,750.763|990.915,760.461|992.511,929.995|1039.07,1156.88|987.738,1361.02|1002.33,1547.16|895.803,919.72|840.224,1146.98|837.77,1348.61|816.111,1517.82|989.012,595.935|973.102,576.428|989.237,551.453|1031.78,552.868|956.867,557.899|936.095,564.582
258|1|941.71,924.521|952.916,820.553|961.761,741.073|980.568,634.541|995.946,653.974|1070.67,682.822|1101.53,846.264|1019.32,924.962|1046.66,906.894|1099.25,889.563|1066.46,859.807|958.56,650.945|885.872,666.832|794.582,743.512|902.747,752.892|979.97,746.103|1051.37,750.763|990.915,760.461|992.511,929.995|1039.07,1156.88|987.738,1361.02|1002.33,1547.16|895.803,919.72|840.224,1146.98|837.77,1348.61|816.111,1517.82|989.012,595.935|973.102,576.428|989.237,551.453|1031.78,552.868|956.867,557.899|936.095,564.582
259|1|941.638,924.55|952.828,820.651|961.659,741.227|980.429,634.815|995.803,654.223|1070.46,683.143|1100.8,846.561|1018.06,924.42|1045.18,905.841|1097.44,887.996|1064.49,857.756|958.438,651.204|885.791,667.119|794.498,744.096|902.668,753.767|980.085,747.186|1052.89,751.196|991.137,761.67|992.405,930.016|1038.64,1157.34|987.229,1359.74|1001.48,1545.39|895.763,919.756|839.955,1147.2|837.731,1347.75|816.077,1516.6|988.855,596.259|972.555,576.643|988.922,551.78|1031.78,553.44|956.555,558.05|936.165,564.641
260|1|941.635,924.553|952.824,820.657|961.655,741.235|980.425,634.83|995.798,654.237|1070.46,683.163|1100.77,846.585|1017.98,924.335|1045.09,905.702|1097.34,887.806|1064.38,857.573|958.434,651.218|885.788,667.134|794.495,744.126|902.669,753.815|980.097,747.247|1052.99,751.221|991.16,761.742|992.401,930.019|1038.62,1157.36|987.203,1359.68|1001.43,1545.3|895.762,919.759|839.942,1147.21|837.729,1347.71|816.076,1516.53|988.85,596.276|972.534,576.655|988.913,551.798|1031.79,553.471|956.545,558.059|936.171,564.645
261|1|941.635,924.553|952.824,820.657|961.655,741.235|980.425,634.83|995.798,654.237|1070.46,683.163|1100.77,846.585|1017.98,924.335|1045.09,905.702|1097.34,887.806|1064.38,857.573|958.434,651.218|885.788,667.134|794.495,744.126|902.669,753.815|980.097,747.247|1052.99,751.221|991.16,761.742|992.401,930.019|1038.62,1157.36|987.203,1359.68|1001.43,1545.3|895.762,919.759|839.942,1147.21|837.729,1347.71|816.076,1516.53|988.85,596.276|972.534,576.655|988.913,551.798|1031.79,553.471|956.545,558.059|936.171,564.645
262|1|941.635,924.553|952.824,820.657|961.655,741.235|980.425,634.83|995.798,654.237|1070.46,683.163|1100.77,846.585|1017.98,924.335|1045.09,905.702|1097.34,887.806|1064.38,857.573|958.434,651.218|885.788,667.134|794.495,744.126|902.669,753.815|980.097,747.247|1052.99,751.221|991.16,761.742|992.401,930.019|1038.62,1157.36|987.203,1359.68|1001.43,1545.3|895.762,919.759|839.942,1147.21|837.729,1347.71|816.076,1516.53|988.85,596.276|972.534,576.655|988.913,551.798|1031.79,553.471|956.545,558.059|936.171,564.645
263|1|941.635,924.553|952.824,820.657|961.655,741.235|980.425,634.831|995.798,654.237|1070.46,683.163|1100.77,846.585|1017.98,924.334|1045.09,905.7|1097.34,887.804|1064.38,857.57|958.434,651.218|885.789,667.135|794.495,744.126|902.669,753.816|980.098,747.248|1052.99,751.221|991.161,761.743|992.401,930.019|1038.62,1157.36|987.203,1359.68|1001.43,1545.3|895.762,919.759|839.941,1147.21|837.729,1347.7|816.076,1516.53|988.85,596.277|972.534,576.656|988.913,551.798|1031.79,553.471|956.545,558.059|936.171,564.645
264|1|941.634,924.553|952.823,820.663|961.654,741.246|980.428,634.849|995.8,654.254|1070.45,683.204|1100.69,846.659|1017.72,924.045|1044.82,905.226|1097.04,887.162|1064.08,857.016|958.438,651.234|885.797,667.144|794.523,744.122|902.753,753.83|980.223,747.274|1053.34,751.112|991.301,761.719|992.396,930.019|1038.58,1157.43|987.145,1359.53|1001.33,1545.09|895.763,919.759|839.915,1147.24|837.726,1347.6|816.073,1516.39|988.855,596.298|972.516,576.67|988.916,551.824|1031.81,553.521|956.548,558.066|936.2,564.636
265|1|941.634,924.553|952.823,820.663|961.654,741.246|980.428,634.849|995.8,654.255|1070.45,683.205|1100.68,846.66|1017.72,924.042|1044.81,905.22|1097.03,887.153|1064.08,857.007|958.438,651.235|885.797,667.144|794.523,744.122|902.755,753.831|980.225,747.276|1053.34,751.11|991.303,761.719|992.396,930.019|1038.58,1157.43|987.143,1359.52|1001.33,1545.08|895.763,919.759|839.914,1147.24|837.726,1347.6|816.073,1516.39|988.855,596.299|972.516,576.673|988.916,551.826|1031.81,553.522|956.548,558.067|936.201,564.637
266|1|941.633,924.552|952.822,820.663|961.653,741.247|980.427,634.852|995.799,654.258|1070.44,683.21|1100.67,846.665|1017.69,924.016|1044.77,905.173|1096.97,887.084|1064.02,856.934|958.437,651.237|885.797,667.146|794.528,744.121|902.77,753.834|980.248,747.281|1053.41,751.089|991.326,761.713|992.395,930.018|1038.57,1157.44|987.131,1359.49|1001.31,1545.04|895.763,919.758|839.909,1147.25|837.726,1347.58|816.073,1516.36|988.855,596.302|972.511,576.675|988.916,551.831|1031.82,553.532|956.548,558.068|936.205,564.634
267|1|941.633,924.552|952.822,820.663|961.653,741.247|980.427,634.853|995.799,654.258|1070.44,683.211|1100.67,846.666|1017.68,924.011|1044.76,905.165|1096.96,887.072|1064.01,856.921|958.437,651.238|885.797,667.146|794.528,744.121|902.773,753.834|980.252,747.282|1053.42,751.085|991.331,761.712|992.394,930.017|1038.57,1157.44|987.129,1359.49|1001.3,1545.03|895.763,919.758|839.908,1147.25|837.726,1347.57|816.073,1516.35|988.855,596.303|972.511,576.678|988.916,551.834|1031.82,553.534|956.548,558.07|936.205,564.634
268|1|941.633,924.552|952.822,820.663|961.653,741.247|980.427,634.853|995.799,654.258|1070.44,683.211|1100.67,846.666|1017.68,924.011|1044.76,905.165|1096.96,887.072|1064.01,856.921|958.437,651.238|885.797,667.146|794.528,744.121|902.773,753.834|980.252,747.282|1053.42,751.085|991.331,761.712|992.394,930.017|1038.57,1157.44|987.129,1359.49|1001.3,1545.03|895.763,919.758|839.908,1147.25|837.726,1347.57|816.073,1516.35|988.855,596.303|972.511,576.678|988.916,551.834|1031.82,553.534|956.548,558.07|936.205,564.634
269|1|941.633,924.552|952.822,820.663|961.653,741.247|980.427,634.853|995.799,654.258|1070.44,683.211|1100.67,846.666|1017.68,924.011|1044.76,905.165|1096.96,887.072|1064.01,856.921|958.437,651.238|885.797,667.146|794.528,744.121|902.773,753.834|980.252,747.282|1053.42,751.085|991.331,761.712|992.394,930.017|1038.57,1157.44|987.129,1359.49|1001.3,1545.03|895.763,919.758|839.908,1147.25|837.726,1347.57|816.073,1516.35|988.855,596.303|972.511,576.678|988.916,551.834|1031.82,553.534|956.548,558.07|936.205,564.634
270|1|941.633,924.552|952.822,820.663|961.653,741.247|980.427,634.853|995.799,654.258|1070.44,683.211|1100.67,846.666|1017.68,924.011|1044.76,905.165|1096.96,887.072|1064.01,856.921|958.437,651.238|885.797,667.146|794.528,744.121|902.773,753.834|980.252,747.282|1053.42,751.085|991.331,761.712|992.394,930.017|1038.57,1157.44|987.129,1359.49|1001.3,1545.03|895.763,919.758|839.908,1147.25|837.726,1347.57|816.073,1516.35|988.855,596.303|972.511,576.678|988.916,551.834|1031.82,553.534|956.548,558.07|936.205,564.634
271|1|941.434,924.183|952.614,820.182|961.441,740.68|980.227,634.221|995.629,653.634|1070.35,682.892|1099.7,846.606|1013.14,921.965|1036.24,901.87|1084.02,882.229|1052.02,846.275|958.199,650.63|885.439,666.535|794.266,743.438|902.627,754.239|979.899,747.996|1049.31,755.1|989.501,759.743|992.263,929.633|1037.02,1161.5|985.114,1356.88|997.33,1540.9|895.501,919.404|838.102,1149.81|836.607,1346.88|815.182,1514.82|988.665,595.642|971.661,578.311|988.654,553.071|1032.28,553.685|956.119,558.819|936.356,563.116
272|1|941.402,923.997|952.61,819.897|961.462,740.316|980.294,633.733|995.714,653.173|1070.48,682.841|1098.73,847.606|1009.43,916.149|1036.34,894.75|1088.05,875.037|1045.36,834.731|958.232,650.159|885.384,666.121|794.415,743.516|902.84,754.585|980.013,747.987|1047.27,756.364|989.303,758.353|992.289,929.458|1036.13,1164.54|983.957,1356.56|994.817,1539.76|895.415,919.209|836.555,1151.83|835.481,1346.89|814.194,1514.28|988.755,595.101|970.78,578.519|988.238,553.184|1032.69,553.558|955.631,558.651|936.677,562.073
273|1|941.402,923.997|952.61,819.897|961.462,740.316|980.294,633.733|995.714,653.173|1070.48,682.841|1098.73,847.606|1009.43,916.143|1036.33,894.742|1088.04,875.029|1045.36,834.725|958.232,650.159|885.384,666.121|794.415,743.515|902.841,754.584|980.014,747.986|1047.28,756.361|989.304,758.351|992.288,929.458|1036.13,1164.54|983.956,1356.56|994.817,1539.76|895.415,919.208|836.555,1151.83|835.48,1346.89|814.194,1514.28|988.755,595.101|970.78,578.519|988.238,553.184|1032.69,553.558|955.631,558.651|936.677,562.073
274|1|941.402,923.997|952.61,819.897|961.462,740.316|980.294,633.732|995.714,653.173|1070.48,682.841|1098.73,847.606|1009.43,916.142|1036.33,894.74|1088.04,875.026|1045.36,834.723|958.232,650.159|885.384,666.121|794.415,743.515|902.841,754.583|980.015,747.985|1047.28,756.358|989.305,758.35|992.288,929.458|1036.13,1164.54|983.956,1356.56|994.816,1539.76|895.415,919.208|836.555,1151.83|835.48,1346.89|814.194,1514.28|988.755,595.1|970.78,578.519|988.238,553.184|1032.69,553.558|955.631,558.651|936.677,562.073
275|1|940.639,922.376|952.06,818.707|961.086,739.423|980.319,633.592|995.646,652.963|1070.4,682.243|1101.29,844.085|1005.9,912|1018.3,880.618|1051.86,847.096|1023.15,827.766|958.208,649.857|885.409,665.669|794.026,740.876|901.28,756.444|979.153,749.71|1048.19,758.416|986.445,756.476|991.366,927.926|1031.88,1170.07|980.366,1359.66|989.107,1540.44|894.792,917.506|834.847,1154.04|831.672,1351.23|811.977,1517.72|988.933,595.259|970.231,579.213|988.549,554.129|1033.78,554.975|955.861,558.748|937.758,560.921
276|1|940.532,922.25|952.079,818.603|961.207,739.333|980.513,633.898|995.874,653.213|1070.83,682.764|1103.27,839.653|1003.87,914.022|1007.39,886.358|1031.85,856.173|1017.58,831.34|958.339,650.109|885.388,666.106|793.581,739.678|901.852,758.254|979.793,749.993|1049.51,755.546|987.02,754.492|991.282,927.869|1029.92,1173.66|978.09,1357.17|985.527,1535.75|894.667,917.317|836.681,1154.85|831.9,1355.39|813.729,1522.24|989.155,595.728|970.903,580.083|988.657,554.556|1033.48,554.514|955.914,559.789|937.154,562.23
277|1|940.532,922.25|952.079,818.603|961.207,739.333|980.513,633.898|995.874,653.213|1070.83,682.764|1103.27,839.653|1003.87,914.022|1007.39,886.358|1031.85,856.173|1017.58,831.34|958.339,650.109|885.388,666.106|793.581,739.678|901.852,758.254|979.793,749.993|1049.51,755.546|987.02,754.492|991.282,927.869|1029.92,1173.66|978.09,1357.17|985.527,1535.75|894.667,917.317|836.681,1154.85|831.9,1355.39|813.729,1522.24|989.155,595.728|970.903,580.083|988.657,554.556|1033.48,554.514|955.914,559.789|937.154,562.23
278|1|940.55,922.196|952.123,818.215|961.274,738.673|980.429,633.034|995.913,652.352|1071.11,682.53|1101.22,838.557|1002,915.113|1008.04,893.406|1035.23,870.495|1017.77,833.227|958.178,649.334|884.969,666.01|793.507,740.716|902.327,759.239|980.427,748.796|1045.75,753.177|988.583,753.238|991.494,927.823|1029.4,1177.64|977.615,1357.04|984.49,1534.76|894.51,917.257|836.105,1156.82|831.583,1358.45|813.548,1525.89|989.027,594.777|970.182,581.599|988.37,555.503|1033.91,554.063|955.376,560.436|936.972,560.646
279|1|940.55,922.196|952.123,818.215|961.274,738.673|980.429,633.034|995.913,652.352|1071.11,682.53|1101.22,838.557|1002,915.113|1008.04,893.406|1035.23,870.495|1017.77,833.227|958.178,649.334|884.969,666.01|793.507,740.716|902.327,759.239|980.427,748.796|1045.75,753.177|988.583,753.238|991.494,927.823|1029.4,1177.64|977.615,1357.04|984.49,1534.76|894.51,917.257|836.105,1156.82|831.583,1358.45|813.548,1525.89|989.027,594.777|970.182,581.599|988.37,555.503|1033.91,554.063|955.376,560.436|936.972,560.646
280|1|940.55,922.196|952.123,818.215|961.274,738.673|980.429,633.034|995.913,652.352|1071.11,682.53|1101.22,838.557|1002,915.113|1008.04,893.406|1035.23,870.495|1017.77,833.227|958.178,649.334|884.969,666.01|793.507,740.716|902.327,759.239|980.427,748.796|1045.75,753.177|988.583,753.238|991.494,927.823|1029.4,1177.64|977.615,1357.04|984.49,1534.76|894.51,917.257|836.105,1156.82|831.583,1358.45|813.548,1525.89|989.027,594.777|970.182,581.599|988.37,555.503|1033.91,554.063|955.376,560.436|936.972,560.646
281|1|940.425,922.284|951.971,818.248|961.101,738.66|980.148,632.925|995.663,652.244|1070.92,682.488|1101.6,839.098|1001.48,915.223|1006.93,892.9|1033.44,869.309|1017.3,833.155|957.902,649.256|884.664,665.988|793.215,740.54|902.198,759.118|980.351,748.656|1045.06,753.639|988.63,753.143|991.398,927.894|1029.22,1178.69|977.424,1356.29|984.038,1533.53|894.358,917.36|835.807,1157.48|831.52,1358.83|813.5,1526.2|988.703,594.628|970.378,581.178|988.417,555.089|1033.59,553.758|955.391,560.1|936.533,560.588
282|1|940.425,922.283|951.971,818.248|961.1,738.661|980.147,632.927|995.662,652.245|1070.91,682.491|1101.62,839.121|1001.46,915.215|1006.89,892.866|1033.37,869.248|1017.29,833.143|957.901,649.258|884.664,665.988|793.224,740.532|902.225,759.108|980.39,748.646|1045.19,753.586|988.683,753.139|991.397,927.893|1029.22,1178.69|977.422,1356.27|984.034,1533.5|894.358,917.36|835.808,1157.48|831.523,1358.82|813.504,1526.19|988.702,594.63|970.379,581.18|988.417,555.091|1033.59,553.76|955.392,560.103|936.532,560.591
283|1|940.417,922.272|951.955,818.26|961.078,738.69|980.108,632.977|995.621,652.288|1070.86,682.536|1102.02,839.39|1001.27,915.061|1006.16,892.185|1031.98,867.958|1017.04,832.93|957.871,649.308|884.657,666.025|793.307,740.397|902.575,759.04|980.931,748.659|1047.15,752.955|989.383,753.21|991.377,927.877|1029.18,1178.67|977.393,1355.98|983.965,1533.09|894.361,917.352|835.853,1157.43|831.585,1358.72|813.591,1526.04|988.657,594.69|970.383,581.289|988.38,555.186|1033.5,553.794|955.367,560.225|936.468,560.708
284|1|940.333,922.127|951.84,818.43|960.951,739.045|979.953,633.602|995.439,652.835|1070.56,682.744|1103.1,840.398|1003.88,918.379|1004.58,890.111|1025.43,858.405|1014.74,834.707|957.747,649.92|884.614,666.384|792.687,740.017|900.219,760.62|980.022,749.595|1048.46,755.194|986.574,755.059|991.177,927.682|1028.95,1179.25|977.888,1355.42|983.716,1531.55|894.374,917.251|836.525,1158.88|831.995,1360.44|814.191,1527.04|988.509,595.429|970.965,581.122|988.559,555.121|1033.03,554.062|955.613,560.456|936.09,561.932
285|1|940.333,922.127|951.839,818.429|960.95,739.044|979.952,633.601|995.438,652.834|1070.56,682.744|1103.09,840.395|1003.88,918.383|1004.58,890.121|1025.43,858.421|1014.73,834.711|957.746,649.919|884.613,666.383|792.685,740.017|900.216,760.621|980.019,749.595|1048.45,755.203|986.571,755.061|991.177,927.682|1028.95,1179.25|977.887,1355.42|983.716,1531.54|894.373,917.251|836.523,1158.89|831.995,1360.43|814.19,1527.04|988.508,595.427|970.957,581.106|988.554,555.109|1033.04,554.061|955.608,560.443|936.091,561.928
286|1|940.407,914.998|952.058,815.616|961.311,738.67|979.936,634.827|995.511,653.724|1071.2,682.497|1106.61,841.844|1004.19,921.05|998.048,888.626|1010.64,851.271|1012.04,836.725|957.76,650.998|884.302,666.658|791.418,739.47|896.405,759.908|977.554,752.061|1060.64,746.848|983.884,754.643|990.293,920.805|1022.34,1171.29|974.523,1342.12|982.278,1515.29|895.371,909.896|839.984,1152.57|834.514,1347.09|814.278,1509.71|988.341,597.301|972.481,581.16|986.979,554.303|1029.12,551.435|954.545,562.777|932.83,568.82
287|1|940.407,914.994|952.059,815.611|961.312,738.665|979.944,634.822|995.518,653.72|1071.2,682.495|1106.58,841.828|1004.2,921.06|998.083,888.669|1010.71,851.35|1012.04,836.736|957.768,650.992|884.309,666.648|791.427,739.449|896.426,759.899|977.574,752.072|1060.59,747.01|983.892,754.651|990.293,920.801|1022.34,1171.32|974.503,1341.99|982.243,1515.13|895.37,909.892|839.976,1152.61|834.539,1346.95|814.311,1509.53|988.353,597.296|972.473,581.082|987.009,554.253|1029.18,551.469|954.567,562.691|932.875,568.752
288|1|940.407,914.993|952.059,815.609|961.313,738.664|979.946,634.821|995.52,653.719|1071.2,682.494|1106.57,841.823|1004.2,921.064|998.096,888.682|1010.73,851.373|1012.04,836.74|957.769,650.991|884.31,666.646|791.43,739.445|896.429,759.897|977.576,752.072|1060.57,747.044|983.89,754.651|990.294,920.8|1022.34,1171.33|974.498,1341.97|982.236,1515.09|895.37,909.89|839.974,1152.62|834.545,1346.92|814.319,1509.49|988.355,597.295|972.469,581.06|987.013,554.239|1029.19,551.475|954.57,562.669|932.884,568.738
289|1|940.407,914.993|952.059,815.609|961.313,738.664|979.946,634.821|995.52,653.719|1071.2,682.494|1106.57,841.823|1004.2,921.064|998.096,888.682|1010.73,851.373|1012.04,836.74|957.769,650.991|884.31,666.646|791.43,739.445|896.429,759.897|977.576,752.072|1060.57,747.044|983.89,754.651|990.294,920.8|1022.34,1171.33|974.498,1341.97|982.236,1515.09|895.37,909.89|839.974,1152.62|834.545,1346.92|814.319,1509.49|988.355,597.295|972.469,581.06|987.013,554.239|1029.19,551.475|954.57,562.669|932.884,568.738
290|1|940.407,914.993|952.059,815.609|961.313,738.664|979.946,634.821|995.52,653.719|1071.2,682.494|1106.57,841.823|1004.2,921.064|998.096,888.682|1010.73,851.373|1012.04,836.74|957.769,650.991|884.31,666.646|791.43,739.445|896.429,759.897|977.576,752.072|1060.57,747.044|983.89,754.651|990.294,920.8|1022.34,1171.33|974.498,1341.97|982.236,1515.09|895.37,909.89|839.974,1152.62|834.545,1346.92|814.319,1509.49|988.355,597.295|972.469,581.06|987.013,554.239|1029.19,551.475|954.57,562.669|932.884,568.738
