video_id,frame_index,source_frame_index,body_id,j00_PELVIS_valid,j00_PELVIS_quality,j00_PELVIS_reason,j01_SPINE_NAVAL_valid,j01_SPINE_NAVAL_quality,j01_SPINE_NAVAL_reason,j02_SPINE_CHEST_valid,j02_SPINE_CHEST_quality,j02_SPINE_CHEST_reason,j03_NECK_valid,j03_NECK_quality,j03_NECK_reason,j04_CLAVICLE_LEFT_valid,j04_CLAVICLE_LEFT_quality,j04_CLAVICLE_LEFT_reason,j05_SHOULDER_LEFT_valid,j05_SHOULDER_LEFT_quality,j05_SHOULDER_LEFT_reason,j06_ELBOW_LEFT_valid,j06_ELBOW_LEFT_quality,j06_ELBOW_LEFT_reason,j07_WRIST_LEFT_valid,j07_WRIST_LEFT_quality,j07_WRIST_LEFT_reason,j08_CLAVICLE_RIGHT_valid,j08_CLAVICLE_RIGHT_quality,j08_CLAVICLE_RIGHT_reason,j09_SHOULDER_RIGHT_valid,j09_SHOULDER_RIGHT_quality,j09_SHOULDER_RIGHT_reason,j10_ELBOW_RIGHT_valid,j10_ELBOW_RIGHT_quality,j10_ELBOW_RIGHT_reason,j11_WRIST_RIGHT_valid,j11_WRIST_RIGHT_quality,j11_WRIST_RIGHT_reason,j12_HIP_LEFT_valid,j12_HIP_LEFT_quality,j12_HIP_LEFT_reason,j13_KNEE_LEFT_valid,j13_KNEE_LEFT_quality,j13_KNEE_LEFT_reason,j14_ANKLE_LEFT_valid,j14_ANKLE_LEFT_quality,j14_ANKLE_LEFT_reason,j15_FOOT_LEFT_valid,j15_FOOT_LEFT_quality,j15_FOOT_LEFT_reason,j16_HIP_RIGHT_valid,j16_HIP_RIGHT_quality,j16_HIP_RIGHT_reason,j17_KNEE_RIGHT_valid,j17_KNEE_RIGHT_quality,j17_KNEE_RIGHT_reason,j18_ANKLE_RIGHT_valid,j18_ANKLE_RIGHT_quality,j18_ANKLE_RIGHT_reason,j19_FOOT_RIGHT_valid,j19_FOOT_RIGHT_quality,j19_FOOT_RIGHT_reason,j20_HEAD_valid,j20_HEAD_quality,j20_HEAD_reason,j21_NOSE_valid,j21_NOSE_quality,j21_NOSE_reason,j22_EYE_LEFT_valid,j22_EYE_LEFT_quality,j22_EYE_LEFT_reason,j23_EAR_LEFT_valid,j23_EAR_LEFT_quality,j23_EAR_LEFT_reason,j24_EYE_RIGHT_valid,j24_EYE_RIGHT_quality,j24_EYE_RIGHT_reason,j25_EAR_RIGHT_valid,j25_EAR_RIGHT_quality,j25_EAR_RIGHT_reason,j26_WRIST_THUMB_LEFT_valid,j26_WRIST_THUMB_LEFT_quality,j26_WRIST_THUMB_LEFT_reason,j27_BICEPS_LEFT_valid,j27_BICEPS_LEFT_quality,j27_BICEPS_LEFT_reason,j28_WRIST_THUMB_RIGHT_valid,j28_WRIST_THUMB_RIGHT_quality,j28_WRIST_THUMB_RIGHT_reason,j29_BICEPS_RIGHT_valid,j29_BICEPS_RIGHT_quality,j29_BICEPS_RIGHT_reason,j30_BACK_LEFT_valid,j30_BACK_LEFT_quality,j30_BACK_LEFT_reason,j31_BACK_RIGHT_valid,j31_BACK_RIGHT_quality,j31_BACK_RIGHT_reason
KVAL008,0,1,1,True,medium,none,True,medium,none,True,medium,none,True,medium,none,True,medium,none,True,medium,none,True,medium,none,False,low,occlusion,False,low,occlusion,False,low,occlusion,False,low,occlusion,True,medium,none,True,medium,none,True,medium,none,True,medium,none,True,medium,none,True,medium,none,True,medium,none,True,medium,none,False,low,occlusion,False,low,occlusion,False,low,occlusion,True,medium,none,False,low,occlusion,False,low,occlusion,False,low,occlusion,True,medium,none,True,medium,none,True,medium,none,True,medium,none,True,medium,none,True,medium,none
KVAL008,1,2,1,True,medium,none,True,medium,none,True,medium,none,True,medium,none,True,medium,none,True,medium,none,True,medium,none,False,low,occlusion,False,low,occlusion,False,low,occlusion,False,low,occlusion,True,medium,none,True,medium,none,True,medium,none,True,medium,none,True,medium,none,True,medium,none,True,medium,none,True,medium,none,False,low,occlusion,False,low,occlusion,False,low,occlusion,True,medium,none,False,low,occlusion,False,low,occlusion,False,low,occlusion,True,medium,none,True,medium,none,True,medium,none,True,medium,none,True,medium,none,True,medium,none
KVAL008,2,3,1,True,medium,none,True,medium,none,True,medium,none,True,medium,none,True,medium,none,True,medium,none,True,medium,none,False,low,occlusion,False,low,occlusion,False,low,occlusion,False,low,occlusion,True,medium,none,True,medium,none,True,medium,none,True,medium,none,True,medium,none,True,medium,none,True,medium,none,True,medium,none,False,low,occlusion,False,low,occlusion,False,low,occlusion,True,medium,none,False,low,occlusion,False,low,occlusion,False,low,occlusion,True,medium,none,True,medium,none,True,medium,none,True,medium,none,True,medium,none,True,medium,none
KVAL008,3,4,1,True,medium,none,True,medium,none,True,medium,none,True,medium,none,True,medium,none,True,medium,none,True,medium,none,False,low,occlusion,False,low,occlusion,False,low,occlusion,False,low,occlusion,True,medium,none,True,medium,none,True,medium,none,True,medium,none,True,medium,none,True,medium,none,True,medium,none,True,medium,none,False,low,occlusion,False,low,occlusion,False,low,occlusion,True,medium,none,False,low,occlusion,False,low,occlusion,False,low,occlusion,True,medium,none,True,medium,none,True,medium,none,True,medium,none,True,medium,none,True,medium,none
KVAL008,4,5,1,True,medium,none,True,medium,none,True,medium,none,True,medium,none,True,medium,none,True,medium,none,True,medium,none,False,low,occlusion,False,low,occlusion,False,low,occlusion,False,low,occlusion,True,medium,none,True,medium,none,True,medium,none,True,medium,none,True,medium,none,True,medium,none,True,medium,none,True,medium,none,False,low,occlusion,False,low,occlusion,False,low,occlusion,True,medium,none,False,low,occlusion,False,low,occlusion,False,low,occlusion,True,medium,none,True,medium,none,True,medium,none,True,medium,none,True,medium,none,True,medium,none
KVAL008,5,6,1,True,medium,none,True,medium,none,True,medium,none,True,medium,none,True,medium,none,True,medium,none,True,medium,none,False,low,occlusion,False,low,occlusion,False,low,occlusion,False,low,occlusion,True,medium,none,True,medium,none,True,medium,none,True,medium,none,True,medium,none,True,medium,none,True,medium,none,True,medium,none,False,low,occlusion,False,low,occlusion,False,low,occlusion,True,medium,none,False,low,occlusion,False,low,occlusion,False,low,occlusion,True,medium,none,True,medium,none,True,medium,none,True,medium,none,True,medium,none,True,medium,none
KVAL008,6,7,1,True,medium,none,True,medium,none,True,medium,none,True,medium,none,True,medium,none,True,medium,none,True,medium,none,False,low,occlusion,False,low,occlusion,False,low,occlusion,False,low,occlusion,True,medium,none,True,medium,none,True,medium,none,True,medium,none,True,medium,none,True,medium,none,True,medium,none,True,medium,none,False,low,occlusion,False,low,occlusion,False,low,occlusion,True,medium,none,False,low,occlusion,False,low,occlusion,False,low,occlusion,True,medium,none,True,medium,none,True,medium,none,True,medium,none,True,medium,none,True,medium,none
KVAL008,7,8,1,True,medium,none,True,medium,none,True,medium,none,True,medium,none,True,medium,none,True,medium,none,True,medium,none,False,low,occlusion,False,low,occlusion,False,low,occlusion,False,low,occlusion,True,medium,none,True,medium,none,True,medium,none,True,medium,none,True,medium,none,True,medium,none,True,medium,none,True,medium,none,False,low,occlusion,False,low,occlusion,False,low,occlusion,True,medium,none,False,low,occlusion,False,low,occlusion,False,low,occlusion,True,medium,none,True,medium,none,True,medium,none,True,medium,none,True,medium,none,True,medium,none
KVAL008,8,9,1,True,medium,none,True,medium,none,True,medium,none,True,medium,none,True,medium,none,True,medium,none,True,medium,none,False,low,occlusion,False,low,occlusion,False,low,occlusion,False,low,occlusion,True,medium,none,True,medium,none,True,medium,none,True,medium,none,True,medium,none,True,medium,none,True,medium,none,True,medium,none,False,low,occlusion,False,low,occlusion,False,low,occlusion,True,medium,none,False,low,occlusion,False,low,occlusion,False,low,occlusion,True,medium,none,True,medium,none,True,medium,none,True,medium,none,True,medium,none,True,medium,none
KVAL008,9,10,1,True,medium,none,True,medium,none,True,medium,none,True,medium,none,True,medium,none,True,medium,none,True,medium,none,False,low,occlusion,False,low,occlusion,False,low,occlusion,False,low,occlusion,True,medium,none,True,medium,none,True,medium,none,True,medium,none,True,medium,none,True,medium,none,True,medium,none,True,medium,none,False,low,occlusion,False,low,occlusion,False,low,occlusion,True,medium,none,False,low,occlusion,False,low,occlusion,False,low,occlusion,True,medium,none,True,medium,none,True,medium,none,True,medium,none,True,medium,none,True,medium,none
KVAL008,10,11,1,True,medium,none,True,medium,none,True,medium,none,True,medium,none,True,medium,none,True,medium,none,True,medium,none,False,low,occlusion,False,low,occlusion,False,low,occlusion,False,low,occlusion,True,medium,none,True,medium,none,True,medium,none,True,medium,none,True,medium,none,True,medium,none,True,medium,none,True,medium,none,False,low,occlusion,False,low,occlusion,False,low,occlusion,True,medium,none,False,low,occlusion,False,low,occlusion,False,low,occlusion,True,medium,none,True,medium,none,True,medium,none,True,medium,none,True,medium,none,True,medium,none
KVAL008,11,12,1,True,medium,none,True,medium,none,True,medium,none,True,medium,none,True,medium,none,True,medium,none,True,medium,none,False,low,occlusion,False,low,occlusion,False,low,occlusion,False,low,occlusion,True,medium,none,True,medium,none,True,medium,none,True,medium,none,True,medium,none,True,medium,none,True,medium,none,True,medium,none,False,low,occlusion,False,low,occlusion,False,low,occlusion,True,medium,none,False,low,occlusion,False,low,occlusion,False,low,occlusion,True,medium,none,True,medium,none,True,medium,none,True,medium,none,True,medium,none,True,medium,none
KVAL008,12,13,1,True,medium,none,True,medium,none,True,medium,none,True,medium,none,True,medium,none,True,medium,none,True,medium,none,False,low,occlusion,False,low,occlusion,False,low,occlusion,False,low,occlusion,True,medium,none,True,medium,none,True,medium,none,True,medium,none,True,medium,none,True,medium,none,True,medium,none,True,medium,none,False,low,occlusion,False,low,occlusion,False,low,occlusion,True,medium,none,False,low,occlusion,False,low,occlusion,False,low,occlusion,True,medium,none,True,medium,none,True,medium,none,True,medium,none,True,medium,none,True,medium,none
KVAL008,13,14,1,True,medium,none,True,medium,none,True,medium,none,True,medium,none,True,medium,none,True,medium,none,True,medium,none,False,low,occlusion,False,low,occlusion,False,low,occlusion,False,low,occlusion,True,medium,none,True,medium,none,True,medium,none,True,medium,none,True,medium,none,True,medium,none,True,medium,none,True,medium,none,False,low,occlusion,False,low,occlusion,False,low,occlusion,True,medium,none,False,low,occlusion,False,low,occlusion,False,low,occlusion,True,medium,none,True,medium,none,True,medium,none,True,medium,none,True,medium,none,True,medium,none
KVAL008,14,15,1,True,medium,none,True,medium,none,True,medium,none,True,medium,none,True,medium,none,True,medium,none,True,medium,none,False,low,occlusion,False,low,occlusion,False,low,occlusion,False,low,occlusion,True,medium,none,True,medium,none,True,medium,none,True,medium,none,True,medium,none,True,medium,none,True,medium,none,True,medium,none,False,low,occlusion,False,low,occlusion,False,low,occlusion,True,medium,none,False,low,occlusion,False,low,occlusion,False,low,occlusion,True,medium,none,True,medium,none,True,medium,none,True,medium,none,True,medium,none,True,medium,none
KVAL008,15,16,1,True,medium,none,True,medium,none,True,medium,none,True,medium,none,True,medium,none,True,medium,none,True,medium,none,False,low,occlusion,False,low,occlusion,False,low,occlusion,False,low,occlusion,True,medium,none,True,medium,none,True,medium,none,True,medium,none,True,medium,none,True,medium,none,True,medium,none,True,medium,none,False,low,occlusion,False,low,occlusion,False,low,occlusion,True,medium,none,False,low,occlusion,False,low,occlusion,False,low,occlusion,True,medium,none,True,medium,none,True,medium,none,True,medium,none,True,medium,none,True,medium,none
KVAL008,16,17,1,True,medium,none,True,medium,none,True,medium,none,True,medium,none,True,medium,none,True,medium,none,True,medium,none,False,low,occlusion,False,low,occlusion,False,low,occlusion,False,low,occlusion,True,medium,none,True,medium,none,True,medium,none,True,medium,none,True,medium,none,True,medium,none,True,medium,none,True,medium,none,False,low,occlusion,False,low,occlusion,False,low,occlusion,True,medium,none,False,low,occlusion,False,low,occlusion,False,low,occlusion,True,medium,none,True,medium,none,True,medium,none,True,medium,none,True,medium,none,True,medium,none
KVAL008,17,18,1,True,medium,none,True,medium,none,True,medium,none,True,medium,none,True,medium,none,True,medium,none,True,medium,none,False,low,occlusion,False,low,occlusion,False,low,occlusion,False,low,occlusion,True,medium,none,True,medium,none,True,medium,none,True,medium,none,True,medium,none,True,medium,none,True,medium,none,True,medium,none,False,low,occlusion,False,low,occlusion,False,low,occlusion,True,medium,none,False,low,occlusion,False,low,occlusion,False,low,occlusion,True,medium,none,True,medium,none,True,medium,none,True,medium,none,True,medium,none,True,medium,none
KVAL008,18,19,1,True,medium,none,True,medium,none,True,medium,none,True,medium,none,True,medium,none,True,medium,none,True,medium,none,False,low,occlusion,False,low,occlusion,False,low,occlusion,False,low,occlusion,True,medium,none,True,medium,none,True,medium,none,True,medium,none,True,medium,none,True,medium,none,True,medium,none,True,medium,none,False,low,occlusion,False,low,occlusion,False,low,occlusion,True,medium,none,False,low,occlusion,False,low,occlusion,False,low,occlusion,True,medium,none,True,medium,none,True,medium,none,True,medium,none,True,medium,none,True,medium,none
KVAL008,19,20,1,True,medium,none,True,medium,none,True,medium,none,True,medium,none,True,medium,none,True,medium,none,True,medium,none,False,low,occlusion,False,low,occlusion,False,low,occlusion,False,low,occlusion,True,medium,none,True,medium,none,True,medium,none,True,medium,none,True,medium,none,True,medium,none,True,medium,none,True,medium,none,False,low,occlusion,False,low,occlusion,False,low,occlusion,True,medium,none,False,low,occlusion,False,low,occlusion,False,low,occlusion,True,medium,none,True,medium,none,True,medium,none,True,medium,none,True,medium,none,True,medium,none
KVAL008,20,21,1,True,medium,none,True,medium,none,True,medium,none,True,medium,none,True,medium,none,True,medium,none,True,medium,none,False,low,occlusion,False,low,occlusion,False,low,occlusion,False,low,occlusion,True,medium,none,True,medium,none,True,medium,none,True,medium,none,True,medium,none,True,medium,none,True,medium,none,True,medium,none,False,low,occlusion,False,low,occlusion,False,low,occlusion,True,medium,none,False,low,occlusion,False,low,occlusion,False,low,occlusion,True,medium,none,True,medium,none,True,medium,none,True,medium,none,True,medium,none,True,medium,none
KVAL008,21,22,1,True,medium,none,True,medium,none,True,medium,none,True,medium,none,True,medium,none,True,medium,none,True,medium,none,False,low,occlusion,False,low,occlusion,False,low,occlusion,False,low,occlusion,True,medium,none,True,medium,none,True,medium,none,True,medium,none,True,medium,none,True,medium,none,True,medium,none,True,medium,none,False,low,occlusion,False,low,occlusion,False,low,occlusion,True,medium,none,False,low,occlusion,False,low,occlusion,False,low,occlusion,True,medium,none,True,medium,none,True,medium,none,True,medium,none,True,medium,none,True,medium,none
KVAL008,22,23,1,True,medium,none,True,medium,none,True,medium,none,True,medium,none,True,medium,none,True,medium,none,True,medium,none,False,low,occlusion,False,low,occlusion,False,low,occlusion,False,low,occlusion,True,medium,none,True,medium,none,True,medium,none,True,medium,none,True,medium,none,True,medium,none,True,medium,none,True,medium,none,False,low,occlusion,False,low,occlusion,False,low,occlusion,True,medium,none,False,low,occlusion,False,low,occlusion,False,low,occlusion,True,medium,none,True,medium,none,True,medium,none,True,medium,none,True,medium,none,True,medium,none
KVAL008,23,24,1,True,medium,none,True,medium,none,True,medium,none,True,medium,none,True,medium,none,True,medium,none,True,medium,none,False,low,occlusion,False,low,occlusion,False,low,occlusion,False,low,occlusion,True,medium,none,True,medium,none,True,medium,none,True,medium,none,True,medium,none,True,medium,none,True,medium,none,True,medium,none,False,low,occlusion,False,low,occlusion,False,low,occlusion,True,medium,none,False,low,occlusion,False,low,occlusion,False,low,occlusion,True,medium,none,True,medium,none,True,medium,none,True,medium,none,True,medium,none,True,medium,none
KVAL008,24,25,1,True,medium,none,True,medium,none,True,medium,none,True,medium,none,True,medium,none,True,medium,none,True,medium,none,False,low,occlusion,False,low,occlusion,False,low,occlusion,False,low,occlusion,True,medium,none,True,medium,none,True,medium,none,True,medium,none,True,medium,none,True,medium,none,True,medium,none,True,medium,none,False,low,occlusion,False,low,occlusion,False,low,occlusion,True,medium,none,False,low,occlusion,False,low,occlusion,False,low,occlusion,True,medium,none,True,medium,none,True,medium,none,True,medium,none,True,medium,none,True,medium,none
KVAL008,25,26,1,True,medium,none,True,medium,none,True,medium,none,True,medium,none,True,medium,none,True,medium,none,True,medium,none,False,low,occlusion,False,low,occlusion,False,low,occlusion,False,low,occlusion,True,medium,none,True,medium,none,True,medium,none,True,medium,none,True,medium,none,True,medium,none,True,medium,none,True,medium,none,False,low,occlusion,False,low,occlusion,False,low,occlusion,True,medium,none,False,low,occlusion,False,low,occlusion,False,low,occlusion,True,medium,none,True,medium,none,True,medium,none,True,medium,none,True,medium,none,True,medium,none
KVAL008,26,27,1,True,medium,none,True,medium,none,True,medium,none,True,medium,none,True,medium,none,True,medium,none,True,medium,none,False,low,occlusion,False,low,occlusion,False,low,occlusion,False,low,occlusion,True,medium,none,True,medium,none,True,medium,none,True,medium,none,True,medium,none,True,medium,none,True,medium,none,True,medium,none,False,low,occlusion,False,low,occlusion,False,low,occlusion,True,medium,none,False,low,occlusion,False,low,occlusion,False,low,occlusion,True,medium,none,True,medium,none,True,medium,none,True,medium,none,True,medium,none,True,medium,none
KVAL008,27,28,1,True,medium,none,True,medium,none,True,medium,none,True,medium,none,True,medium,none,True,medium,none,True,medium,none,False,low,occlusion,False,low,occlusion,False,low,occlusion,False,low,occlusion,True,medium,none,True,medium,none,True,medium,none,True,medium,none,True,medium,none,True,medium,none,True,medium,none,True,medium,none,False,low,occlusion,False,low,occlusion,False,low,occlusion,True,medium,none,False,low,occlusion,False,low,occlusion,False,low,occlusion,True,medium,none,True,medium,none,True,medium,none,True,medium,none,True,medium,none,True,medium,none
KVAL008,28,29,1,True,medium,none,True,medium,none,True,medium,none,True,medium,none,True,medium,none,True,medium,none,True,medium,none,True,medium,none,True,medium,none,False,low,bone_length_anomaly,False,low,bone_length_anomaly,True,medium,none,True,medium,none,True,medium,none,True,medium,none,True,medium,none,True,medium,none,True,medium,none,True,medium,none,False,low,occlusion,False,low,occlusion,False,low,occlusion,True,medium,none,False,low,occlusion,False,low,occlusion,False,low,occlusion,True,medium,none,True,medium,none,True,medium,none,True,medium,none,True,medium,none,True,medium,none
KVAL008,29,30,1,True,medium,none,True,medium,none,True,medium,none,True,medium,none,True,medium,none,True,medium,none,True,medium,none,True,medium,none,True,medium,none,False,low,bone_length_anomaly,False,low,bone_length_anomaly,True,medium,none,True,medium,none,True,medium,none,True,medium,none,True,medium,none,True,medium,none,True,medium,none,True,medium,none,False,low,occlusion,False,low,occlusion,False,low,occlusion,True,medium,none,False,low,occlusion,False,low,occlusion,False,low,occlusion,True,medium,none,True,medium,none,True,medium,none,True,medium,none,True,medium,none,True,medium,none
KVAL008,30,31,1,True,medium,none,True,medium,none,True,medium,none,True,medium,none,True,medium,none,True,medium,none,True,medium,none,True,medium,none,True,medium,none,False,low,bone_length_anomaly,False,low,bone_length_anomaly,True,medium,none,True,medium,none,True,medium,none,True,medium,none,True,medium,none,True,medium,none,True,medium,none,True,medium,none,False,low,occlusion,False,low,occlusion,False,low,occlusion,True,medium,none,False,low,occlusion,False,low,occlusion,False,low,occlusion,True,medium,none,True,medium,none,True,medium,none,True,medium,none,True,medium,none,True,medium,none
KVAL008,31,32,1,True,medium,none,True,medium,none,True,medium,none,True,medium,none,True,medium,none,True,medium,none,True,medium,none,True,medium,none,False,low,occlusion,False,low,occlusion,False,low,occlusion,True,medium,none,True,medium,none,True,medium,none,True,medium,none,True,medium,none,True,medium,none,True,medium,none,True,medium,none,False,low,occlusion,False,low,occlusion,False,low,occlusion,True,medium,none,False,low,occlusion,False,low,occlusion,False,low,occlusion,True,medium,none,True,medium,none,True,medium,none,True,medium,none,True,medium,none,True,medium,none
KVAL008,32,33,1,True,medium,none,True,medium,none,True,medium,none,True,medium,none,True,medium,none,True,medium,none,True,medium,none,False,low,occlusion,False,low,occlusion,False,low,occlusion,False,low,occlusion,True,medium,none,True,medium,none,True,medium,none,True,medium,none,True,medium,none,True,medium,none,True,medium,none,True,medium,none,False,low,occlusion,False,low,occlusion,False,low,occlusion,True,medium,none,False,low,occlusion,False,low,occlusion,False,low,occlusion,True,medium,none,True,medium,none,True,medium,none,True,medium,none,True,medium,none,True,medium,none
KVAL008,33,34,1,True,medium,none,True,medium,none,True,medium,none,True,medium,none,True,medium,none,True,medium,none,True,medium,none,False,low,occlusion,False,low,occlusion,False,low,occlusion,False,low,occlusion,True,medium,none,True,medium,none,True,medium,none,True,medium,none,True,medium,none,True,medium,none,True,medium,none,True,medium,none,False,low,occlusion,False,low,occlusion,False,low,occlusion,True,medium,none,False,low,occlusion,False,low,occlusion,False,low,occlusion,True,medium,none,True,medium,none,True,medium,none,True,medium,none,True,medium,none,True,medium,none
KVAL008,34,35,1,True,medium,none,True,medium,none,True,medium,none,True,medium,none,True,medium,none,True,medium,none,True,medium,none,True,medium,none,True,medium,none,False,low,bone_length_anomaly,False,low,bone_length_anomaly,True,medium,none,True,medium,none,True,medium,none,True,medium,none,True,medium,none,True,medium,none,True,medium,none,True,medium,none,False,low,occlusion,False,low,occlusion,False,low,occlusion,True,medium,none,False,low,occlusion,False,low,occlusion,False,low,occlusion,True,medium,none,True,medium,none,True,medium,none,True,medium,none,True,medium,none,True,medium,none
KVAL008,35,36,1,True,medium,none,True,medium,none,True,medium,none,True,medium,none,True,medium,none,True,medium,none,True,medium,none,True,medium,none,True,medium,none,False,low,bone_length_anomaly,False,low,bone_length_anomaly,True,medium,none,True,medium,none,True,medium,none,True,medium,none,True,medium,none,True,medium,none,True,medium,none,True,medium,none,False,low,occlusion,False,low,occlusion,False,low,occlusion,True,medium,none,False,low,occlusion,False,low,occlusion,False,low,occlusion,True,medium,none,True,medium,none,True,medium,none,True,medium,none,True,medium,none,True,medium,none
KVAL008,36,37,1,True,medium,none,True,medium,none,True,medium,none,True,medium,none,True,medium,none,True,medium,none,True,medium,none,True,medium,none,True,medium,none,False,low,bone_length_anomaly,False,low,bone_length_anomaly,True,medium,none,True,medium,none,True,medium,none,True,medium,none,True,medium,none,True,medium,none,True,medium,none,True,medium,none,False,low,occlusion,False,low,occlusion,False,low,occlusion,True,medium,none,False,low,occlusion,False,low,occlusion,False,low,occlusion,True,medium,none,True,medium,none,True,medium,none,True,medium,none,True,medium,none,True,medium,none
KVAL008,37,38,1,True,medium,none,True,medium,none,True,medium,none,True,medium,none,True,medium,none,True,medium,none,True,medium,none,True,medium,none,True,medium,none,False,low,bone_length_anomaly,False,low,bone_length_anomaly,True,medium,none,True,medium,none,True,medium,none,True,medium,none,True,medium,none,True,medium,none,True,medium,none,True,medium,none,False,low,occlusion,False,low,occlusion,False,low,occlusion,True,medium,none,False,low,occlusion,False,low,occlusion,False,low,occlusion,True,medium,none,True,medium,none,True,medium,none,True,medium,none,True,medium,none,True,medium,none
KVAL008,38,39,1,True,medium,none,True,medium,none,True,medium,none,True,medium,none,True,medium,none,True,medium,none,True,medium,none,True,medium,none,True,medium,none,False,low,bone_length_anomaly,False,low,bone_length_anomaly,True,medium,none,True,medium,none,True,medium,none,True,medium,none,True,medium,none,True,medium,none,True,medium,none,True,medium,none,False,low,occlusion,False,low,occlusion,False,low,occlusion,True,medium,none,False,low,occlusion,False,low,occlusion,False,low,occlusion,True,medium,none,True,medium,none,True,medium,none,True,medium,none,True,medium,none,True,medium,none
KVAL008,39,40,1,True,medium,none,True,medium,none,True,medium,none,True,medium,none,True,medium,none,True,medium,none,True,medium,none,True,medium,none,True,medium,none,False,low,bone_length_anomaly,False,low,bone_length_anomaly,True,medium,none,True,medium,none,True,medium,none,True,medium,none,True,medium,none,True,medium,none,True,medium,none,True,medium,none,False,low,occlusion,False,low,occlusion,False,low,occlusion,True,medium,none,False,low,occlusion,False,low,occlusion,False,low,occlusion,True,medium,none,True,medium,none,True,medium,none,True,medium,none,True,medium,none,True,medium,none
KVAL008,40,41,1,True,medium,none,True,medium,none,True,medium,none,True,medium,none,True,medium,none,True,medium,none,True,medium,none,True,medium,none,True,medium,none,False,low,bone_length_anomaly,False,low,bone_length_anomaly,True,medium,none,True,medium,none,True,medium,none,True,medium,none,True,medium,none,True,medium,none,True,medium,none,True,medium,none,False,low,occlusion,False,low,occlusion,False,low,occlusion,True,medium,none,False,low,occlusion,False,low,occlusion,False,low,occlusion,True,medium,none,True,medium,none,True,medium,none,True,medium,none,True,medium,none,True,medium,none
KVAL008,41,42,1,True,medium,none,True,medium,none,True,medium,none,True,medium,none,True,medium,none,True,medium,none,True,medium,none,False,low,occlusion,False,low,occlusion,False,low,occlusion,False,low,occlusion,True,medium,none,True,medium,none,True,medium,none,True,medium,none,True,medium,none,True,medium,none,True,medium,none,True,medium,none,False,low,occlusion,False,low,occlusion,False,low,occlusion,True,medium,none,False,low,occlusion,False,low,occlusion,False,low,occlusion,True,medium,none,True,medium,none,True,medium,none,True,medium,none,True,medium,none,True,medium,none
KVAL008,42,43,1,True,medium,none,True,medium,none,True,medium,none,True,medium,none,True,medium,none,True,medium,none,True,medium,none,False,low,occlusion,False,low,occlusion,False,low,occlusion,False,low,occlusion,True,medium,none,True,medium,none,True,medium,none,True,medium,none,True,medium,none,True,medium,none,True,medium,none,False,low,occlusion,False,low,occlusion,False,low,occlusion,False,low,occlusion,True,medium,none,False,low,occlusion,False,low,occlusion,False,low,occlusion,True,medium,none,True,medium,none,True,medium,none,True,medium,none,True,medium,none,True,medium,none
KVAL008,43,44,1,True,medium,none,True,medium,none,True,medium,none,True,medium,none,True,medium,none,True,medium,none,True,medium,none,False,low,occlusion,False,low,occlusion,False,low,occlusion,False,low,occlusion,True,medium,none,True,medium,none,False,low,occlusion,False,low,occlusion,False,low,occlusion,False,low,occlusion,False,low,occlusion,True,medium,none,False,low,occlusion,False,low,occlusion,False,low,occlusion,True,medium,none,False,low,occlusion,False,low,occlusion,False,low,occlusion,True,medium,none,True,medium,none,True,medium,none,True,medium,none,True,medium,none,True,medium,none
KVAL008,44,45,1,True,medium,none,True,medium,none,True,medium,none,True,medium,none,True,medium,none,True,medium,none,True,medium,none,False,low,occlusion,False,low,occlusion,False,low,occlusion,False,low,occlusion,True,medium,none,True,medium,none,True,medium,none,True,medium,none,True,medium,none,True,medium,none,True,medium,none,True,medium,none,False,low,occlusion,False,low,occlusion,False,low,occlusion,True,medium,none,False,low,occlusion,False,low,occlusion,False,low,occlusion,True,medium,none,True,medium,none,True,medium,none,True,medium,none,True,medium,none,True,medium,none
KVAL008,45,46,1,True,medium,none,True,medium,none,True,medium,none,True,medium,none,True,medium,none,True,medium,none,True,medium,none,False,low,occlusion,False,low,occlusion,False,low,occlusion,False,low,occlusion,True,medium,none,True,medium,none,True,medium,none,True,medium,none,True,medium,none,True,medium,none,True,medium,none,True,medium,none,False,low,occlusion,False,low,occlusion,False,low,occlusion,True,medium,none,False,low,occlusion,False,low,occlusion,False,low,occlusion,True,medium,none,True,medium,none,True,medium,none,True,medium,none,True,medium,none,True,medium,none
KVAL008,46,47,1,True,medium,none,True,medium,none,True,medium,none,True,medium,none,True,medium,none,True,medium,none,True,medium,none,True,medium,none,True,medium,none,False,low,occlusion,False,low,bone_length_anomaly,False,low,occlusion,False,low,occlusion,False,low,occlusion,False,low,occlusion,False,low,occlusion,False,low,occlusion,False,low,occlusion,True,medium,none,False,low,occlusion,False,low,occlusion,False,low,occlusion,True,medium,none,False,low,occlusion,False,low,occlusion,False,low,occlusion,True,medium,none,True,medium,none,True,medium,none,True,medium,none,True,medium,none,True,medium,none
KVAL008,47,48,1,True,medium,none,True,medium,none,True,medium,none,True,medium,none,True,medium,none,True,medium,none,True,medium,none,False,low,occlusion,False,low,occlusion,False,low,occlusion,False,low,occlusion,True,medium,none,True,medium,none,True,medium,none,True,medium,none,True,medium,none,True,medium,none,True,medium,none,True,medium,none,False,low,occlusion,False,low,occlusion,False,low,occlusion,True,medium,none,False,low,occlusion,False,low,occlusion,False,low,occlusion,True,medium,none,True,medium,none,True,medium,none,True,medium,none,True,medium,none,True,medium,none
KVAL008,48,49,1,True,medium,none,True,medium,none,True,medium,none,True,medium,none,False,low,occlusion,False,low,occlusion,False,low,occlusion,False,low,occlusion,False,low,occlusion,False,low,occlusion,False,low,occlusion,True,medium,none,True,medium,none,True,medium,none,True,medium,none,True,medium,none,True,medium,none,True,medium,none,False,low,occlusion,False,low,occlusion,False,low,occlusion,False,low,occlusion,True,medium,none,False,low,occlusion,False,low,occlusion,False,low,occlusion,True,medium,none,True,medium,none,True,medium,none,True,medium,none,True,medium,none,True,medium,none
KVAL008,49,50,1,True,medium,none,True,medium,none,True,medium,none,True,medium,none,False,low,occlusion,False,low,occlusion,False,low,occlusion,False,low,occlusion,False,low,occlusion,False,low,occlusion,False,low,occlusion,True,medium,none,True,medium,none,False,low,occlusion,False,low,occlusion,False,low,occlusion,False,low,occlusion,False,low,occlusion,True,medium,none,False,low,occlusion,False,low,occlusion,False,low,occlusion,False,low,occlusion,False,low,occlusion,False,low,occlusion,False,low,occlusion,True,medium,none,True,medium,none,True,medium,none,True,medium,none,True,medium,none,True,medium,none
KVAL008,50,51,1,True,medium,none,True,medium,none,True,medium,none,True,medium,none,False,low,occlusion,False,low,occlusion,False,low,occlusion,False,low,occlusion,False,low,occlusion,False,low,occlusion,False,low,occlusion,False,low,occlusion,False,low,occlusion,False,low,occlusion,False,low,occlusion,False,low,occlusion,False,low,occlusion,False,low,occlusion,True,medium,none,True,medium,none,False,low,occlusion,False,low,occlusion,True,medium,none,False,low,occlusion,False,low,occlusion,False,low,occlusion,True,medium,none,True,medium,none,True,medium,none,True,medium,none,True,medium,none,True,medium,none
KVAL008,51,52,1,True,medium,none,True,medium,none,True,medium,none,True,medium,none,False,low,occlusion,False,low,occlusion,False,low,occlusion,False,low,occlusion,False,low,occlusion,False,low,occlusion,False,low,occlusion,True,medium,none,True,medium,none,True,medium,none,True,medium,none,True,medium,none,True,medium,none,True,medium,none,False,low,occlusion,False,low,occlusion,False,low,occlusion,False,low,occlusion,True,medium,none,False,low,occlusion,False,low,occlusion,False,low,occlusion,True,medium,none,False,low,occlusion,False,low,occlusion,False,low,occlusion,False,low,occlusion,False,low,occlusion
KVAL008,52,53,1,True,medium,none,True,medium,none,True,medium,none,True,medium,none,False,low,occlusion,False,low,occlusion,False,low,occlusion,False,low,occlusion,False,low,occlusion,False,low,occlusion,False,low,occlusion,True,medium,none,True,medium,none,True,medium,none,True,medium,none,True,medium,none,True,medium,none,True,medium,none,True,medium,none,False,low,occlusion,False,low,occlusion,False,low,occlusion,True,medium,none,False,low,occlusion,False,low,occlusion,False,low,occlusion,True,medium,none,True,medium,none,True,medium,none,True,medium,none,True,medium,none,True,medium,none
KVAL008,53,54,1,True,medium,none,True,medium,none,True,medium,none,True,medium,none,True,medium,none,True,medium,none,False,low,occlusion,False,low,occlusion,False,low,occlusion,False,low,occlusion,False,low,occlusion,True,medium,none,True,medium,none,True,medium,none,True,medium,none,True,medium,none,True,medium,none,True,medium,none,True,medium,none,False,low,occlusion,False,low,occlusion,False,low,occlusion,True,medium,none,True,medium,none,False,low,occlusion,False,low,occlusion,True,medium,none,True,medium,none,True,medium,none,True,medium,none,True,medium,none,True,medium,none
KVAL008,54,55,1,True,medium,none,True,medium,none,True,medium,none,True,medium,none,True,medium,none,True,medium,none,True,medium,none,False,low,occlusion,False,low,occlusion,False,low,occlusion,False,low,occlusion,True,medium,none,True,medium,none,True,medium,none,True,medium,none,True,medium,none,True,medium,none,True,medium,none,True,medium,none,False,low,occlusion,False,low,occlusion,False,low,occlusion,True,medium,none,True,medium,none,False,low,occlusion,False,low,occlusion,True,medium,none,True,medium,none,True,medium,none,True,medium,none,True,medium,none,True,medium,none
KVAL008,55,56,1,True,medium,none,True,medium,none,True,medium,none,True,medium,none,True,medium,none,True,medium,none,True,medium,none,False,low,occlusion,False,low,occlusion,False,low,occlusion,False,low,occlusion,True,medium,none,True,medium,none,True,medium,none,True,medium,none,True,medium,none,True,medium,none,True,medium,none,True,medium,none,False,low,occlusion,False,low,occlusion,False,low,occlusion,True,medium,none,True,medium,none,False,low,occlusion,False,low,occlusion,True,medium,none,True,medium,none,True,medium,none,True,medium,none,True,medium,none,True,medium,none
KVAL008,56,57,1,True,medium,none,True,medium,none,True,medium,none,True,medium,none,True,medium,none,True,medium,none,True,medium,none,False,low,occlusion,False,low,occlusion,False,low,occlusion,False,low,occlusion,True,medium,none,True,medium,none,True,medium,none,True,medium,none,True,medium,none,True,medium,none,True,medium,none,True,medium,none,False,low,occlusion,False,low,occlusion,False,low,occlusion,True,medium,none,True,medium,none,False,low,occlusion,False,low,occlusion,True,medium,none,True,medium,none,True,medium,none,True,medium,none,True,medium,none,True,medium,none
KVAL008,57,58,1,True,medium,none,True,medium,none,True,medium,none,True,medium,none,True,medium,none,True,medium,none,True,medium,none,False,low,occlusion,False,low,occlusion,False,low,occlusion,False,low,occlusion,True,medium,none,True,medium,none,True,medium,none,True,medium,none,True,medium,none,True,medium,none,True,medium,none,True,medium,none,False,low,occlusion,False,low,occlusion,False,low,occlusion,True,medium,none,False,low,occlusion,False,low,occlusion,False,low,occlusion,True,medium,none,True,medium,none,True,medium,none,True,medium,none,True,medium,none,True,medium,none
KVAL008,58,59,1,True,medium,none,True,medium,none,True,medium,none,True,medium,none,True,medium,none,True,medium,none,True,medium,none,False,low,occlusion,False,low,occlusion,False,low,occlusion,False,low,occlusion,True,medium,none,True,medium,none,True,medium,none,True,medium,none,True,medium,none,True,medium,none,True,medium,none,True,medium,none,False,low,occlusion,False,low,occlusion,False,low,occlusion,True,medium,none,False,low,occlusion,False,low,occlusion,False,low,occlusion,True,medium,none,True,medium,none,True,medium,none,True,medium,none,True,medium,none,True,medium,none
KVAL008,59,60,1,True,medium,none,True,medium,none,True,medium,none,True,medium,none,True,medium,none,True,medium,none,True,medium,none,False,low,occlusion,False,low,occlusion,False,low,occlusion,False,low,occlusion,True,medium,none,True,medium,none,True,medium,none,True,medium,none,True,medium,none,True,medium,none,True,medium,none,True,medium,none,False,low,occlusion,False,low,occlusion,False,low,occlusion,True,medium,none,False,low,occlusion,False,low,occlusion,False,low,occlusion,True,medium,none,True,medium,none,True,medium,none,True,medium,none,True,medium,none,False,low,occlusion
KVAL008,60,61,1,True,medium,none,True,medium,none,True,medium,none,True,medium,none,True,medium,none,True,medium,none,True,medium,none,False,low,occlusion,False,low,occlusion,False,low,occlusion,False,low,occlusion,True,medium,none,True,medium,none,True,medium,none,True,medium,none,True,medium,none,True,medium,none,True,medium,none,True,medium,none,False,low,occlusion,False,low,occlusion,False,low,occlusion,True,medium,none,False,low,occlusion,False,low,occlusion,False,low,occlusion,True,medium,none,True,medium,none,True,medium,none,True,medium,none,True,medium,none,True,medium,none
KVAL008,61,62,1,True,medium,none,True,medium,none,True,medium,none,True,medium,none,True,medium,none,True,medium,none,True,medium,none,False,low,occlusion,False,low,occlusion,False,low,occlusion,False,low,occlusion,True,medium,none,True,medium,none,True,medium,none,True,medium,none,True,medium,none,True,medium,none,True,medium,none,True,medium,none,False,low,occlusion,False,low,occlusion,False,low,occlusion,True,medium,none,True,medium,none,False,low,occlusion,False,low,occlusion,True,medium,none,True,medium,none,True,medium,none,True,medium,none,True,medium,none,True,medium,none
KVAL008,62,63,1,True,medium,none,True,medium,none,True,medium,none,True,medium,none,True,medium,none,True,medium,none,True,medium,none,False,low,occlusion,False,low,occlusion,False,low,occlusion,False,low,occlusion,True,medium,none,True,medium,none,True,medium,none,True,medium,none,True,medium,none,True,medium,none,True,medium,none,True,medium,none,False,low,occlusion,False,low,occlusion,False,low,occlusion,True,medium,none,False,low,occlusion,False,low,occlusion,False,low,occlusion,True,medium,none,True,medium,none,True,medium,none,True,medium,none,True,medium,none,True,medium,none
KVAL008,63,64,1,True,medium,none,True,medium,none,True,medium,none,True,medium,none,True,medium,none,True,medium,none,True,medium,none,False,low,occlusion,False,low,occlusion,False,low,occlusion,False,low,occlusion,True,medium,none,True,medium,none,True,medium,none,True,medium,none,True,medium,none,True,medium,none,True,medium,none,True,medium,none,False,low,occlusion,False,low,occlusion,False,low,occlusion,True,medium,none,False,low,occlusion,False,low,occlusion,False,low,occlusion,True,medium,none,True,medium,none,True,medium,none,True,medium,none,True,medium,none,True,medium,none
KVAL008,64,65,1,True,medium,none,True,medium,none,True,medium,none,True,medium,none,True,medium,none,True,medium,none,True,medium,none,False,low,occlusion,False,low,occlusion,False,low,occlusion,False,low,occlusion,True,medium,none,True,medium,none,True,medium,none,True,medium,none,True,medium,none,True,medium,none,True,medium,none,True,medium,none,False,low,occlusion,False,low,occlusion,False,low,occlusion,True,medium,none,False,low,occlusion,False,low,occlusion,False,low,occlusion,True,medium,none,True,medium,none,True,medium,none,True,medium,none,True,medium,none,True,medium,none
KVAL008,65,66,1,True,medium,none,True,medium,none,True,medium,none,True,medium,none,True,medium,none,True,medium,none,True,medium,none,False,low,occlusion,False,low,occlusion,False,low,occlusion,False,low,occlusion,True,medium,none,True,medium,none,True,medium,none,True,medium,none,True,medium,none,True,medium,none,True,medium,none,True,medium,none,False,low,occlusion,False,low,occlusion,False,low,occlusion,True,medium,none,False,low,occlusion,False,low,occlusion,False,low,occlusion,True,medium,none,True,medium,none,True,medium,none,True,medium,none,True,medium,none,True,medium,none
KVAL008,66,67,1,True,medium,none,True,medium,none,True,medium,none,True,medium,none,True,medium,none,True,medium,none,True,medium,none,False,low,occlusion,False,low,occlusion,False,low,occlusion,False,low,occlusion,True,medium,none,True,medium,none,True,medium,none,True,medium,none,True,medium,none,True,medium,none,True,medium,none,True,medium,none,False,low,occlusion,False,low,occlusion,False,low,occlusion,True,medium,none,False,low,occlusion,False,low,occlusion,False,low,occlusion,True,medium,none,True,medium,none,True,medium,none,True,medium,none,True,medium,none,True,medium,none
KVAL008,67,68,1,True,medium,none,True,medium,none,True,medium,none,True,medium,none,True,medium,none,True,medium,none,True,medium,none,False,low,occlusion,False,low,occlusion,False,low,occlusion,False,low,occlusion,True,medium,none,True,medium,none,True,medium,none,True,medium,none,True,medium,none,True,medium,none,True,medium,none,True,medium,none,False,low,occlusion,False,low,occlusion,False,low,occlusion,True,medium,none,False,low,occlusion,False,low,occlusion,False,low,occlusion,True,medium,none,True,medium,none,True,medium,none,True,medium,none,True,medium,none,True,medium,none
KVAL008,68,69,1,True,medium,none,True,medium,none,True,medium,none,True,medium,none,True,medium,none,True,medium,none,True,medium,none,False,low,occlusion,False,low,occlusion,False,low,occlusion,False,low,occlusion,True,medium,none,True,medium,none,True,medium,none,True,medium,none,True,medium,none,False,low,occlusion,True,medium,none,True,medium,none,False,low,occlusion,False,low,occlusion,False,low,occlusion,True,medium,none,False,low,occlusion,False,low,occlusion,False,low,occlusion,True,medium,none,True,medium,none,True,medium,none,True,medium,none,True,medium,none,True,medium,none
KVAL008,69,70,1,True,medium,none,True,medium,none,True,medium,none,True,medium,none,True,medium,none,True,medium,none,True,medium,none,False,low,occlusion,False,low,occlusion,False,low,occlusion,False,low,occlusion,True,medium,none,True,medium,none,True,medium,none,True,medium,none,True,medium,none,False,low,occlusion,False,low,occlusion,True,medium,none,False,low,occlusion,False,low,occlusion,False,low,occlusion,True,medium,none,True,medium,none,False,low,occlusion,False,low,occlusion,True,medium,none,True,medium,none,True,medium,none,True,medium,none,True,medium,none,True,medium,none
KVAL008,70,71,1,True,medium,none,True,medium,none,True,medium,none,True,medium,none,True,medium,none,True,medium,none,True,medium,none,False,low,occlusion,False,low,occlusion,False,low,occlusion,False,low,occlusion,True,medium,none,True,medium,none,True,medium,none,True,medium,none,True,medium,none,False,low,occlusion,True,medium,none,True,medium,none,False,low,occlusion,False,low,occlusion,False,low,occlusion,True,medium,none,True,medium,none,False,low,occlusion,False,low,occlusion,True,medium,none,True,medium,none,True,medium,none,True,medium,none,True,medium,none,True,medium,none
KVAL008,71,72,1,True,medium,none,True,medium,none,True,medium,none,True,medium,none,True,medium,none,True,medium,none,True,medium,none,False,low,occlusion,False,low,occlusion,False,low,occlusion,False,low,occlusion,True,medium,none,True,medium,none,True,medium,none,True,medium,none,True,medium,none,True,medium,none,True,medium,none,True,medium,none,False,low,occlusion,False,low,occlusion,False,low,occlusion,True,medium,none,True,medium,none,False,low,occlusion,False,low,occlusion,True,medium,none,True,medium,none,True,medium,none,True,medium,none,True,medium,none,True,medium,none
KVAL008,72,73,1,True,medium,none,True,medium,none,True,medium,none,True,medium,none,True,medium,none,True,medium,none,True,medium,none,False,low,occlusion,False,low,occlusion,False,low,occlusion,False,low,occlusion,True,medium,none,True,medium,none,True,medium,none,True,medium,none,True,medium,none,True,medium,none,True,medium,none,True,medium,none,False,low,occlusion,False,low,occlusion,False,low,occlusion,True,medium,none,True,medium,none,False,low,occlusion,False,low,occlusion,True,medium,none,True,medium,none,True,medium,none,True,medium,none,True,medium,none,True,medium,none
KVAL008,73,74,1,True,medium,none,True,medium,none,True,medium,none,True,medium,none,True,medium,none,True,medium,none,True,medium,none,False,low,occlusion,False,low,occlusion,False,low,occlusion,False,low,occlusion,True,medium,none,True,medium,none,True,medium,none,True,medium,none,True,medium,none,True,medium,none,True,medium,none,True,medium,none,False,low,occlusion,False,low,occlusion,False,low,occlusion,True,medium,none,True,medium,none,False,low,occlusion,False,low,occlusion,True,medium,none,True,medium,none,True,medium,none,True,medium,none,True,medium,none,True,medium,none
KVAL008,74,75,1,True,medium,none,True,medium,none,True,medium,none,True,medium,none,True,medium,none,True,medium,none,True,medium,none,False,low,occlusion,False,low,occlusion,False,low,occlusion,False,low,occlusion,True,medium,none,True,medium,none,True,medium,none,True,medium,none,True,medium,none,True,medium,none,True,medium,none,True,medium,none,False,low,occlusion,False,low,occlusion,False,low,occlusion,True,medium,none,True,medium,none,False,low,occlusion,False,low,occlusion,True,medium,none,True,medium,none,True,medium,none,True,medium,none,True,medium,none,True,medium,none
KVAL008,75,76,1,True,medium,none,True,medium,none,True,medium,none,True,medium,none,True,medium,none,True,medium,none,True,medium,none,False,low,occlusion,False,low,occlusion,False,low,occlusion,False,low,occlusion,True,medium,none,True,medium,none,True,medium,none,True,medium,none,True,medium,none,True,medium,none,True,medium,none,True,medium,none,False,low,occlusion,False,low,occlusion,False,low,occlusion,True,medium,none,True,medium,none,False,low,occlusion,False,low,occlusion,True,medium,none,True,medium,none,True,medium,none,True,medium,none,True,medium,none,True,medium,none
KVAL008,76,77,1,True,medium,none,True,medium,none,True,medium,none,True,medium,none,True,medium,none,True,medium,none,True,medium,none,False,low,occlusion,False,low,occlusion,False,low,occlusion,False,low,occlusion,True,medium,none,True,medium,none,True,medium,none,True,medium,none,True,medium,none,True,medium,none,True,medium,none,True,medium,none,False,low,occlusion,False,low,occlusion,False,low,occlusion,True,medium,none,True,medium,none,False,low,occlusion,False,low,occlusion,True,medium,none,True,medium,none,True,medium,none,True,medium,none,True,medium,none,True,medium,none
KVAL008,77,78,1,True,medium,none,True,medium,none,True,medium,none,True,medium,none,True,medium,none,True,medium,none,True,medium,none,False,low,occlusion,False,low,occlusion,False,low,occlusion,False,low,occlusion,True,medium,none,True,medium,none,True,medium,none,True,medium,none,True,medium,none,True,medium,none,True,medium,none,True,medium,none,False,low,occlusion,False,low,occlusion,False,low,occlusion,True,medium,none,True,medium,none,False,low,occlusion,False,low,occlusion,True,medium,none,True,medium,none,True,medium,none,True,medium,none,True,medium,none,True,medium,none
KVAL008,78,79,1,True,medium,none,True,medium,none,True,medium,none,True,medium,none,True,medium,none,True,medium,none,True,medium,none,False,low,occlusion,False,low,occlusion,False,low,occlusion,False,low,occlusion,True,medium,none,True,medium,none,True,medium,none,True,medium,none,True,medium,none,True,medium,none,True,medium,none,True,medium,none,False,low,occlusion,False,low,occlusion,False,low,occlusion,True,medium,none,True,medium,none,False,low,occlusion,False,low,occlusion,True,medium,none,True,medium,none,True,medium,none,True,medium,none,True,medium,none,True,medium,none
KVAL008,79,80,1,True,medium,none,True,medium,none,True,medium,none,True,medium,none,True,medium,none,True,medium,none,True,medium,none,False,low,occlusion,False,low,occlusion,False,low,occlusion,False,low,occlusion,True,medium,none,True,medium,none,True,medium,none,True,medium,none,True,medium,none,True,medium,none,True,medium,none,True,medium,none,False,low,occlusion,False,low,occlusion,False,low,occlusion,True,medium,none,True,medium,none,False,low,occlusion,False,low,occlusion,True,medium,none,True,medium,none,True,medium,none,True,medium,none,True,medium,none,True,medium,none
KVAL008,80,81,1,True,medium,none,True,medium,none,True,medium,none,True,medium,none,True,medium,none,True,medium,none,True,medium,none,False,low,occlusion,False,low,occlusion,False,low,occlusion,False,low,occlusion,True,medium,none,True,medium,none,True,medium,none,True,medium,none,True,medium,none,True,medium,none,True,medium,none,True,medium,none,False,low,occlusion,False,low,occlusion,False,low,occlusion,True,medium,none,True,medium,none,False,low,occlusion,False,low,occlusion,True,medium,none,True,medium,none,True,medium,none,True,medium,none,True,medium,none,True,medium,none
KVAL008,81,82,1,True,medium,none,True,medium,none,True,medium,none,True,medium,none,True,medium,none,True,medium,none,True,medium,none,False,low,occlusion,False,low,occlusion,False,low,occlusion,False,low,occlusion,True,medium,none,True,medium,none,True,medium,none,True,medium,none,True,medium,none,True,medium,none,True,medium,none,True,medium,none,False,low,occlusion,False,low,occlusion,False,low,occlusion,True,medium,none,True,medium,none,False,low,occlusion,False,low,occlusion,True,medium,none,True,medium,none,True,medium,none,True,medium,none,True,medium,none,True,medium,none
KVAL008,82,83,1,True,medium,none,True,medium,none,True,medium,none,True,medium,none,True,medium,none,True,medium,none,True,medium,none,False,low,occlusion,False,low,occlusion,False,low,occlusion,False,low,occlusion,True,medium,none,True,medium,none,True,medium,none,True,medium,none,True,medium,none,True,medium,none,True,medium,none,True,medium,none,False,low,occlusion,False,low,occlusion,False,low,occlusion,True,medium,none,True,medium,none,False,low,occlusion,False,low,occlusion,True,medium,none,True,medium,none,True,medium,none,True,medium,none,True,medium,none,True,medium,none
KVAL008,83,84,1,True,medium,none,True,medium,none,True,medium,none,True,medium,none,True,medium,none,True,medium,none,True,medium,none,False,low,occlusion,False,low,occlusion,False,low,occlusion,False,low,occlusion,True,medium,none,True,medium,none,True,medium,none,True,medium,none,True,medium,none,True,medium,none,True,medium,none,True,medium,none,False,low,occlusion,False,low,occlusion,False,low,occlusion,True,medium,none,False,low,occlusion,False,low,occlusion,False,low,occlusion,True,medium,none,True,medium,none,True,medium,none,True,medium,none,True,medium,none,True,medium,none
KVAL008,84,85,1,True,medium,none,True,medium,none,True,medium,none,True,medium,none,True,medium,none,True,medium,none,True,medium,none,False,low,occlusion,False,low,occlusion,False,low,occlusion,False,low,occlusion,True,medium,none,True,medium,none,True,medium,none,True,medium,none,True,medium,none,True,medium,none,True,medium,none,True,medium,none,False,low,occlusion,False,low,occlusion,False,low,occlusion,True,medium,none,False,low,occlusion,False,low,occlusion,False,low,occlusion,True,medium,none,True,medium,none,True,medium,none,True,medium,none,True,medium,none,True,medium,none
KVAL008,85,86,1,True,medium,none,True,medium,none,True,medium,none,True,medium,none,True,medium,none,True,medium,none,True,medium,none,False,low,occlusion,False,low,occlusion,False,low,occlusion,False,low,occlusion,True,medium,none,True,medium,none,True,medium,none,True,medium,none,True,medium,none,True,medium,none,True,medium,none,True,medium,none,False,low,occlusion,False,low,occlusion,False,low,occlusion,True,medium,none,True,medium,none,False,low,occlusion,False,low,occlusion,True,medium,none,True,medium,none,True,medium,none,True,medium,none,True,medium,none,True,medium,none
KVAL008,86,87,1,True,medium,none,True,medium,none,True,medium,none,True,medium,none,True,medium,none,True,medium,none,True,medium,none,False,low,occlusion,False,low,occlusion,False,low,occlusion,False,low,occlusion,True,medium,none,True,medium,none,True,medium,none,True,medium,none,True,medium,none,True,medium,none,True,medium,none,True,medium,none,False,low,occlusion,False,low,occlusion,False,low,occlusion,False,low,occlusion,False,low,occlusion,False,low,occlusion,False,low,occlusion,True,medium,none,True,medium,none,True,medium,none,True,medium,none,True,medium,none,True,medium,none
KVAL008,87,88,1,True,medium,none,True,medium,none,True,medium,none,True,medium,none,True,medium,none,True,medium,none,True,medium,none,False,low,occlusion,False,low,occlusion,False,low,occlusion,False,low,occlusion,True,medium,none,True,medium,none,True,medium,none,True,medium,none,True,medium,none,True,medium,none,True,medium,none,True,medium,none,False,low,occlusion,False,low,occlusion,False,low,occlusion,True,medium,none,False,low,occlusion,False,low,occlusion,False,low,occlusion,True,medium,none,True,medium,none,True,medium,none,True,medium,none,True,medium,none,True,medium,none
KVAL008,88,89,1,True,medium,none,True,medium,none,True,medium,none,True,medium,none,True,medium,none,True,medium,none,True,medium,none,False,low,occlusion,False,low,occlusion,False,low,occlusion,False,low,occlusion,True,medium,none,True,medium,none,True,medium,none,True,medium,none,True,medium,none,True,medium,none,True,medium,none,True,medium,none,False,low,occlusion,False,low,occlusion,False,low,occlusion,True,medium,none,True,medium,none,False,low,occlusion,False,low,occlusion,True,medium,none,True,medium,none,True,medium,none,True,medium,none,True,medium,none,True,medium,none
KVAL008,89,90,1,True,medium,none,True,medium,none,True,medium,none,True,medium,none,True,medium,none,True,medium,none,True,medium,none,False,low,occlusion,False,low,occlusion,False,low,occlusion,False,low,occlusion,True,medium,none,True,medium,none,True,medium,none,True,medium,none,True,medium,none,True,medium,none,True,medium,none,True,medium,none,False,low,occlusion,False,low,occlusion,False,low,occlusion,True,medium,none,False,low,occlusion,False,low,occlusion,False,low,occlusion,True,medium,none,True,medium,none,True,medium,none,True,medium,none,True,medium,none,True,medium,none
KVAL008,90,91,1,True,medium,none,True,medium,none,True,medium,none,True,medium,none,True,medium,none,True,medium,none,True,medium,none,False,low,occlusion,False,low,occlusion,False,low,occlusion,False,low,occlusion,True,medium,none,True,medium,none,True,medium,none,True,medium,none,True,medium,none,True,medium,none,True,medium,none,True,medium,none,False,low,occlusion,False,low,occlusion,False,low,occlusion,True,medium,none,False,low,occlusion,False,low,occlusion,False,low,occlusion,True,medium,none,True,medium,none,True,medium,none,True,medium,none,True,medium,none,True,medium,none
KVAL008,91,92,1,True,medium,none,True,medium,none,True,medium,none,True,medium,none,True,medium,none,True,medium,none,True,medium,none,False,low,occlusion,False,low,occlusion,False,low,occlusion,False,low,occlusion,True,medium,none,True,medium,none,True,medium,none,True,medium,none,True,medium,none,True,medium,none,True,medium,none,True,medium,none,False,low,occlusion,False,low,occlusion,False,low,occlusion,True,medium,none,False,low,occlusion,False,low,occlusion,False,low,occlusion,True,medium,none,True,medium,none,True,medium,none,True,medium,none,True,medium,none,True,medium,none
KVAL008,92,93,1,True,medium,none,True,medium,none,True,medium,none,True,medium,none,True,medium,none,True,medium,none,True,medium,none,False,low,occlusion,False,low,occlusion,False,low,occlusion,False,low,occlusion,True,medium,none,True,medium,none,True,medium,none,True,medium,none,True,medium,none,True,medium,none,True,medium,none,True,medium,none,False,low,occlusion,False,low,occlusion,False,low,occlusion,True,medium,none,True,medium,none,False,low,occlusion,False,low,occlusion,True,medium,none,True,medium,none,True,medium,none,True,medium,none,True,medium,none,True,medium,none
KVAL008,93,94,1,True,medium,none,True,medium,none,True,medium,none,True,medium,none,True,medium,none,True,medium,none,True,medium,none,False,low,occlusion,False,low,occlusion,False,low,occlusion,False,low,occlusion,True,medium,none,True,medium,none,True,medium,none,True,medium,none,True,medium,none,True,medium,none,True,medium,none,True,medium,none,False,low,occlusion,False,low,occlusion,False,low,occlusion,True,medium,none,False,low,occlusion,False,low,occlusion,False,low,occlusion,True,medium,none,True,medium,none,True,medium,none,True,medium,none,True,medium,none,True,medium,none
KVAL008,94,95,1,True,medium,none,True,medium,none,True,medium,none,True,medium,none,True,medium,none,True,medium,none,True,medium,none,False,low,occlusion,False,low,occlusion,False,low,occlusion,False,low,occlusion,True,medium,none,True,medium,none,True,medium,none,True,medium,none,True,medium,none,True,medium,none,True,medium,none,True,medium,none,False,low,occlusion,False,low,occlusion,False,low,occlusion,True,medium,none,False,low,occlusion,False,low,occlusion,False,low,occlusion,True,medium,none,True,medium,none,True,medium,none,True,medium,none,True,medium,none,True,medium,none
KVAL008,95,96,1,True,medium,none,True,medium,none,True,medium,none,True,medium,none,True,medium,none,True,medium,none,True,medium,none,False,low,occlusion,False,low,occlusion,False,low,occlusion,False,low,occlusion,True,medium,none,True,medium,none,True,medium,none,True,medium,none,True,medium,none,True,medium,none,True,medium,none,True,medium,none,False,low,occlusion,False,low,occlusion,False,low,occlusion,True,medium,none,False,low,occlusion,False,low,occlusion,False,low,occlusion,True,medium,none,True,medium,none,True,medium,none,True,medium,none,True,medium,none,True,medium,none
KVAL008,96,97,1,True,medium,none,True,medium,none,True,medium,none,True,medium,none,True,medium,none,True,medium,none,True,medium,none,False,low,occlusion,False,low,occlusion,False,low,occlusion,False,low,occlusion,True,medium,none,True,medium,none,True,medium,none,True,medium,none,True,medium,none,True,medium,none,True,medium,none,True,medium,none,False,low,occlusion,False,low,occlusion,False,low,occlusion,False,low,occlusion,False,low,occlusion,False,low,occlusion,False,low,occlusion,True,medium,none,True,medium,none,True,medium,none,True,medium,none,True,medium,none,True,medium,none
KVAL008,97,98,1,True,medium,none,True,medium,none,True,medium,none,True,medium,none,True,medium,none,True,medium,none,True,medium,none,False,low,occlusion,False,low,occlusion,False,low,occlusion,False,low,occlusion,True,medium,none,True,medium,none,True,medium,none,True,medium,none,True,medium,none,True,medium,none,True,medium,none,True,medium,none,False,low,occlusion,False,low,occlusion,False,low,occlusion,False,low,occlusion,False,low,occlusion,False,low,occlusion,False,low,occlusion,True,medium,none,True,medium,none,True,medium,none,True,medium,none,True,medium,none,True,medium,none
KVAL008,98,99,1,True,medium,none,True,medium,none,True,medium,none,True,medium,none,True,medium,none,True,medium,none,True,medium,none,False,low,occlusion,False,low,occlusion,False,low,occlusion,False,low,occlusion,True,medium,none,True,medium,none,True,medium,none,True,medium,none,True,medium,none,True,medium,none,True,medium,none,True,medium,none,False,low,occlusion,False,low,occlusion,False,low,occlusion,True,medium,none,False,low,occlusion,False,low,occlusion,False,low,occlusion,True,medium,none,True,medium,none,True,medium,none,True,medium,none,True,medium,none,True,medium,none
KVAL008,99,100,1,True,medium,none,True,medium,none,True,medium,none,True,medium,none,True,medium,none,True,medium,none,True,medium,none,False,low,occlusion,False,low,occlusion,False,low,occlusion,False,low,occlusion,True,medium,none,True,medium,none,True,medium,none,True,medium,none,True,medium,none,True,medium,none,True,medium,none,True,medium,none,False,low,occlusion,False,low,occlusion,False,low,occlusion,True,medium,none,True,medium,none,False,low,occlusion,False,low,occlusion,True,medium,none,True,medium,none,True,medium,none,True,medium,none,True,medium,none,True,medium,none
KVAL008,100,101,1,True,medium,none,True,medium,none,True,medium,none,True,medium,none,True,medium,none,True,medium,none,True,medium,none,False,low,occlusion,False,low,occlusion,False,low,occlusion,False,low,occlusion,True,medium,none,True,medium,none,True,medium,none,True,medium,none,True,medium,none,True,medium,none,True,medium,none,True,medium,none,False,low,occlusion,False,low,occlusion,False,low,occlusion,True,medium,none,True,medium,none,False,low,occlusion,False,low,occlusion,True,medium,none,True,medium,none,True,medium,none,True,medium,none,True,medium,none,True,medium,none
KVAL008,101,102,1,True,medium,none,True,medium,none,True,medium,none,True,medium,none,True,medium,none,True,medium,none,True,medium,none,False,low,occlusion,False,low,occlusion,False,low,occlusion,False,low,occlusion,True,medium,none,True,medium,none,True,medium,none,True,medium,none,True,medium,none,True,medium,none,True,medium,none,True,medium,none,False,low,occlusion,False,low,occlusion,False,low,occlusion,True,medium,none,True,medium,none,False,low,occlusion,False,low,occlusion,True,medium,none,True,medium,none,True,medium,none,True,medium,none,True,medium,none,True,medium,none
KVAL008,102,103,1,True,medium,none,True,medium,none,True,medium,none,True,medium,none,True,medium,none,True,medium,none,True,medium,none,False,low,occlusion,False,low,occlusion,False,low,occlusion,False,low,occlusion,True,medium,none,True,medium,none,True,medium,none,True,medium,none,True,medium,none,True,medium,none,True,medium,none,True,medium,none,False,low,occlusion,False,low,occlusion,False,low,occlusion,True,medium,none,True,medium,none,False,low,occlusion,False,low,occlusion,True,medium,none,True,medium,none,True,medium,none,True,medium,none,True,medium,none,True,medium,none
KVAL008,103,104,1,True,medium,none,True,medium,none,True,medium,none,True,medium,none,True,medium,none,True,medium,none,True,medium,none,False,low,occlusion,False,low,occlusion,False,low,occlusion,False,low,occlusion,True,medium,none,True,medium,none,True,medium,none,True,medium,none,True,medium,none,True,medium,none,True,medium,none,True,medium,none,True,medium,none,False,low,occlusion,False,low,occlusion,True,medium,none,True,medium,none,False,low,occlusion,False,low,occlusion,True,medium,none,True,medium,none,True,medium,none,True,medium,none,True,medium,none,True,medium,none
KVAL008,104,105,1,True,medium,none,True,medium,none,True,medium,none,True,medium,none,True,medium,none,True,medium,none,True,medium,none,False,low,occlusion,False,low,occlusion,False,low,occlusion,False,low,occlusion,True,medium,none,True,medium,none,True,medium,none,True,medium,none,True,medium,none,True,medium,none,True,medium,none,True,medium,none,False,low,occlusion,False,low,occlusion,False,low,occlusion,True,medium,none,True,medium,none,False,low,occlusion,False,low,occlusion,True,medium,none,True,medium,none,True,medium,none,True,medium,none,True,medium,none,True,medium,none
KVAL008,105,106,1,True,medium,none,True,medium,none,True,medium,none,True,medium,none,True,medium,none,True,medium,none,True,medium,none,False,low,occlusion,False,low,occlusion,False,low,occlusion,False,low,occlusion,True,medium,none,True,medium,none,True,medium,none,True,medium,none,True,medium,none,True,medium,none,True,medium,none,True,medium,none,False,low,occlusion,False,low,occlusion,False,low,occlusion,True,medium,none,True,medium,none,False,low,occlusion,False,low,occlusion,True,medium,none,True,medium,none,True,medium,none,True,medium,none,True,medium,none,True,medium,none
KVAL008,106,107,1,True,medium,none,True,medium,none,True,medium,none,True,medium,none,True,medium,none,True,medium,none,True,medium,none,False,low,occlusion,False,low,occlusion,False,low,occlusion,False,low,occlusion,True,medium,none,True,medium,none,True,medium,none,True,medium,none,True,medium,none,True,medium,none,True,medium,none,True,medium,none,False,low,occlusion,False,low,occlusion,False,low,occlusion,True,medium,none,True,medium,none,False,low,occlusion,False,low,occlusion,True,medium,none,True,medium,none,True,medium,none,True,medium,none,True,medium,none,True,medium,none
KVAL008,107,108,1,True,medium,none,True,medium,none,True,medium,none,True,medium,none,True,medium,none,True,medium,none,True,medium,none,False,low,occlusion,False,low,occlusion,False,low,occlusion,False,low,occlusion,True,medium,none,True,medium,none,True,medium,none,True,medium,none,True,medium,none,True,medium,none,True,medium,none,True,medium,none,False,low,occlusion,False,low,occlusion,False,low,occlusion,True,medium,none,True,medium,none,False,low,occlusion,False,low,occlusion,True,medium,none,True,medium,none,True,medium,none,True,medium,none,True,medium,none,True,medium,none
KVAL008,108,109,1,True,medium,none,True,medium,none,True,medium,none,True,medium,none,True,medium,none,True,medium,none,True,medium,none,False,low,occlusion,False,low,occlusion,False,low,occlusion,False,low,occlusion,True,medium,none,True,medium,none,True,medium,none,True,medium,none,True,medium,none,True,medium,none,True,medium,none,True,medium,none,False,low,occlusion,False,low,occlusion,False,low,occlusion,True,medium,none,True,medium,none,False,low,occlusion,False,low,occlusion,True,medium,none,True,medium,none,True,medium,none,True,medium,none,True,medium,none,True,medium,none
KVAL008,109,110,1,True,medium,none,True,medium,none,True,medium,none,True,medium,none,True,medium,none,True,medium,none,True,medium,none,False,low,occlusion,False,low,occlusion,False,low,occlusion,False,low,occlusion,True,medium,none,True,medium,none,True,medium,none,True,medium,none,True,medium,none,True,medium,none,True,medium,none,True,medium,none,False,low,occlusion,False,low,occlusion,False,low,occlusion,True,medium,none,True,medium,none,False,low,occlusion,False,low,occlusion,True,medium,none,True,medium,none,True,medium,none,True,medium,none,True,medium,none,True,medium,none
KVAL008,110,111,1,True,medium,none,True,medium,none,True,medium,none,True,medium,none,True,medium,none,True,medium,none,True,medium,none,False,low,occlusion,False,low,occlusion,False,low,occlusion,False,low,occlusion,True,medium,none,True,medium,none,True,medium,none,True,medium,none,True,medium,none,True,medium,none,True,medium,none,True,medium,none,False,low,occlusion,False,low,occlusion,False,low,occlusion,True,medium,none,True,medium,none,False,low,occlusion,False,low,occlusion,True,medium,none,True,medium,none,True,medium,none,True,medium,none,True,medium,none,True,medium,none
KVAL008,111,112,1,True,medium,none,True,medium,none,True,medium,none,True,medium,none,True,medium,none,True,medium,none,True,medium,none,False,low,occlusion,False,low,occlusion,False,low,occlusion,False,low,occlusion,True,medium,none,True,medium,none,True,medium,none,True,medium,none,True,medium,none,True,medium,none,True,medium,none,True,medium,none,False,low,occlusion,False,low,occlusion,False,low,occlusion,True,medium,none,True,medium,none,False,low,occlusion,False,low,occlusion,True,medium,none,True,medium,none,True,medium,none,True,medium,none,True,medium,none,True,medium,none
KVAL008,112,113,1,True,medium,none,True,medium,none,True,medium,none,True,medium,none,True,medium,none,True,medium,none,True,medium,none,False,low,occlusion,False,low,occlusion,False,low,occlusion,False,low,occlusion,True,medium,none,True,medium,none,True,medium,none,True,medium,none,True,medium,none,True,medium,none,True,medium,none,True,medium,none,False,low,occlusion,False,low,occlusion,False,low,occlusion,True,medium,none,True,medium,none,False,low,occlusion,False,low,occlusion,True,medium,none,True,medium,none,True,medium,none,True,medium,none,True,medium,none,True,medium,none
KVAL008,113,114,1,True,medium,none,True,medium,none,True,medium,none,True,medium,none,True,medium,none,True,medium,none,True,medium,none,False,low,occlusion,False,low,occlusion,False,low,occlusion,False,low,occlusion,True,medium,none,True,medium,none,True,medium,none,True,medium,none,True,medium,none,True,medium,none,True,medium,none,True,medium,none,False,low,occlusion,False,low,occlusion,False,low,occlusion,True,medium,none,False,low,occlusion,False,low,occlusion,False,low,occlusion,True,medium,none,True,medium,none,True,medium,none,True,medium,none,True,medium,none,True,medium,none
KVAL008,114,115,1,True,medium,none,True,medium,none,True,medium,none,True,medium,none,True,medium,none,True,medium,none,True,medium,none,False,low,occlusion,False,low,occlusion,False,low,occlusion,False,low,occlusion,True,medium,none,True,medium,none,True,medium,none,True,medium,none,True,medium,none,True,medium,none,True,medium,none,True,medium,none,False,low,occlusion,False,low,occlusion,False,low,occlusion,True,medium,none,False,low,occlusion,False,low,occlusion,False,low,occlusion,True,medium,none,True,medium,none,True,medium,none,True,medium,none,True,medium,none,True,medium,none
KVAL008,115,116,1,True,medium,none,True,medium,none,True,medium,none,True,medium,none,True,medium,none,True,medium,none,True,medium,none,False,low,occlusion,False,low,occlusion,False,low,occlusion,False,low,occlusion,True,medium,none,True,medium,none,True,medium,none,True,medium,none,True,medium,none,True,medium,none,True,medium,none,True,medium,none,False,low,occlusion,False,low,occlusion,False,low,occlusion,True,medium,none,False,low,occlusion,False,low,occlusion,False,low,occlusion,True,medium,none,True,medium,none,True,medium,none,True,medium,none,True,medium,none,True,medium,none
KVAL008,116,117,1,True,medium,none,True,medium,none,True,medium,none,True,medium,none,True,medium,none,True,medium,none,True,medium,none,False,low,occlusion,False,low,occlusion,False,low,occlusion,False,low,occlusion,True,medium,none,True,medium,none,True,medium,none,True,medium,none,True,medium,none,True,medium,none,True,medium,none,True,medium,none,True,medium,none,False,low,occlusion,False,low,occlusion,True,medium,none,False,low,occlusion,False,low,occlusion,False,low,occlusion,True,medium,none,True,medium,none,True,medium,none,True,medium,none,True,medium,none,True,medium,none
KVAL008,117,118,1,True,medium,none,True,medium,none,True,medium,none,True,medium,none,True,medium,none,True,medium,none,True,medium,none,False,low,occlusion,False,low,occlusion,False,low,occlusion,False,low,occlusion,True,medium,none,True,medium,none,True,medium,none,True,medium,none,True,medium,none,True,medium,none,True,medium,none,True,medium,none,False,low,occlusion,False,low,occlusion,False,low,occlusion,True,medium,none,False,low,occlusion,False,low,occlusion,False,low,occlusion,True,medium,none,True,medium,none,True,medium,none,True,medium,none,True,medium,none,True,medium,none
KVAL008,118,119,1,True,medium,none,True,medium,none,True,medium,none,True,medium,none,True,medium,none,True,medium,none,True,medium,none,False,low,occlusion,False,low,occlusion,False,low,occlusion,False,low,occlusion,True,medium,none,True,medium,none,True,medium,none,True,medium,none,True,medium,none,True,medium,none,True,medium,none,True,medium,none,False,low,occlusion,False,low,occlusion,False,low,occlusion,True,medium,none,False,low,occlusion,False,low,occlusion,False,low,occlusion,True,medium,none,True,medium,none,True,medium,none,True,medium,none,True,medium,none,True,medium,none
KVAL008,119,120,1,True,medium,none,True,medium,none,True,medium,none,True,medium,none,True,medium,none,True,medium,none,True,medium,none,False,low,occlusion,False,low,occlusion,False,low,occlusion,False,low,occlusion,True,medium,none,True,medium,none,True,medium,none,True,medium,none,True,medium,none,True,medium,none,True,medium,none,True,medium,none,False,low,occlusion,False,low,occlusion,False,low,occlusion,True,medium,none,True,medium,none,False,low,occlusion,False,low,occlusion,True,medium,none,True,medium,none,True,medium,none,True,medium,none,True,medium,none,True,medium,none
KVAL008,120,121,1,True,medium,none,True,medium,none,True,medium,none,True,medium,none,True,medium,none,True,medium,none,True,medium,none,False,low,occlusion,False,low,occlusion,False,low,occlusion,False,low,occlusion,True,medium,none,True,medium,none,True,medium,none,True,medium,none,True,medium,none,True,medium,none,True,medium,none,True,medium,none,False,low,occlusion,False,low,occlusion,False,low,occlusion,True,medium,none,False,low,occlusion,False,low,occlusion,False,low,occlusion,True,medium,none,True,medium,none,True,medium,none,True,medium,none,True,medium,none,True,medium,none
KVAL008,121,122,1,True,medium,none,True,medium,none,True,medium,none,True,medium,none,True,medium,none,True,medium,none,True,medium,none,False,low,occlusion,False,low,occlusion,False,low,occlusion,False,low,occlusion,True,medium,none,True,medium,none,True,medium,none,True,medium,none,True,medium,none,True,medium,none,True,medium,none,True,medium,none,False,low,occlusion,False,low,occlusion,False,low,occlusion,True,medium,none,True,medium,none,False,low,occlusion,False,low,occlusion,True,medium,none,True,medium,none,True,medium,none,True,medium,none,True,medium,none,True,medium,none
KVAL008,122,123,1,True,medium,none,True,medium,none,True,medium,none,True,medium,none,True,medium,none,True,medium,none,True,medium,none,False,low,occlusion,False,low,occlusion,False,low,occlusion,False,low,occlusion,True,medium,none,True,medium,none,True,medium,none,True,medium,none,True,medium,none,True,medium,none,True,medium,none,True,medium,none,False,low,occlusion,False,low,occlusion,False,low,occlusion,True,medium,none,True,medium,none,False,low,occlusion,False,low,occlusion,True,medium,none,True,medium,none,True,medium,none,True,medium,none,True,medium,none,True,medium,none
KVAL008,123,124,1,True,medium,none,True,medium,none,True,medium,none,True,medium,none,True,medium,none,True,medium,none,True,medium,none,False,low,occlusion,False,low,occlusion,False,low,occlusion,False,low,occlusion,True,medium,none,True,medium,none,True,medium,none,True,medium,none,True,medium,none,True,medium,none,True,medium,none,True,medium,none,False,low,occlusion,False,low,occlusion,False,low,occlusion,True,medium,none,True,medium,none,False,low,occlusion,False,low,occlusion,True,medium,none,True,medium,none,True,medium,none,True,medium,none,True,medium,none,True,medium,none
KVAL008,124,125,1,True,medium,none,True,medium,none,True,medium,none,True,medium,none,True,medium,none,True,medium,none,True,medium,none,False,low,occlusion,False,low,occlusion,False,low,occlusion,False,low,occlusion,True,medium,none,True,medium,none,True,medium,none,True,medium,none,True,medium,none,True,medium,none,True,medium,none,True,medium,none,False,low,occlusion,False,low,occlusion,False,low,occlusion,True,medium,none,True,medium,none,False,low,occlusion,False,low,occlusion,True,medium,none,True,medium,none,True,medium,none,True,medium,none,True,medium,none,True,medium,none
KVAL008,125,126,1,True,medium,none,True,medium,none,True,medium,none,True,medium,none,True,medium,none,True,medium,none,True,medium,none,False,low,occlusion,False,low,occlusion,False,low,occlusion,False,low,occlusion,True,medium,none,True,medium,none,True,medium,none,True,medium,none,False,low,occlusion,False,low,occlusion,True,medium,none,True,medium,none,True,medium,none,False,low,occlusion,False,low,occlusion,True,medium,none,False,low,occlusion,False,low,occlusion,False,low,occlusion,True,medium,none,True,medium,none,True,medium,none,False,low,occlusion,True,medium,none,True,medium,none
KVAL008,126,127,1,True,medium,none,True,medium,none,True,medium,none,True,medium,none,True,medium,none,True,medium,none,True,medium,none,True,medium,none,True,medium,none,False,low,bone_length_anomaly,False,low,bone_length_anomaly,True,medium,none,True,medium,none,True,medium,none,True,medium,none,True,medium,none,False,low,occlusion,False,low,occlusion,True,medium,none,True,medium,none,False,low,occlusion,False,low,occlusion,True,medium,none,False,low,occlusion,False,low,occlusion,False,low,occlusion,True,medium,none,True,medium,none,True,medium,none,True,medium,none,True,medium,none,True,medium,none
KVAL008,127,128,1,True,medium,none,True,medium,none,True,medium,none,True,medium,none,True,medium,none,True,medium,none,True,medium,none,True,medium,none,True,medium,none,False,low,bone_length_anomaly,False,low,bone_length_anomaly,True,medium,none,True,medium,none,True,medium,none,False,low,occlusion,False,low,occlusion,False,low,occlusion,False,low,occlusion,True,medium,none,False,low,occlusion,False,low,occlusion,False,low,occlusion,True,medium,none,False,low,occlusion,False,low,occlusion,False,low,occlusion,True,medium,none,True,medium,none,True,medium,none,True,medium,none,True,medium,none,True,medium,none
KVAL008,128,129,1,True,medium,none,True,medium,none,True,medium,none,True,medium,none,True,medium,none,True,medium,none,True,medium,none,False,low,occlusion,False,low,occlusion,False,low,occlusion,False,low,occlusion,True,medium,none,True,medium,none,True,medium,none,True,medium,none,True,medium,none,True,medium,none,True,medium,none,True,medium,none,False,low,occlusion,False,low,occlusion,False,low,occlusion,True,medium,none,False,low,occlusion,False,low,occlusion,False,low,occlusion,True,medium,none,True,medium,none,True,medium,none,True,medium,none,True,medium,none,True,medium,none
KVAL008,129,130,1,True,medium,none,True,medium,none,True,medium,none,True,medium,none,True,medium,none,True,medium,none,True,medium,none,False,low,occlusion,False,low,occlusion,False,low,occlusion,False,low,occlusion,True,medium,none,True,medium,none,True,medium,none,True,medium,none,True,medium,none,True,medium,none,True,medium,none,True,medium,none,False,low,occlusion,False,low,occlusion,False,low,occlusion,True,medium,none,False,low,occlusion,False,low,occlusion,False,low,occlusion,True,medium,none,True,medium,none,False,low,occlusion,False,low,occlusion,True,medium,none,True,medium,none
KVAL008,130,131,1,True,medium,none,True,medium,none,True,medium,none,True,medium,none,True,medium,none,True,medium,none,True,medium,none,False,low,occlusion,False,low,occlusion,False,low,occlusion,False,low,occlusion,True,medium,none,True,medium,none,True,medium,none,True,medium,none,True,medium,none,True,medium,none,True,medium,none,True,medium,none,False,low,occlusion,False,low,occlusion,False,low,occlusion,True,medium,none,True,medium,none,False,low,occlusion,False,low,occlusion,True,medium,none,True,medium,none,False,low,occlusion,False,low,occlusion,True,medium,none,True,medium,none
KVAL008,131,132,1,True,medium,none,True,medium,none,True,medium,none,True,medium,none,True,medium,none,True,medium,none,True,medium,none,False,low,occlusion,False,low,occlusion,False,low,occlusion,False,low,occlusion,True,medium,none,True,medium,none,True,medium,none,True,medium,none,True,medium,none,True,medium,none,True,medium,none,True,medium,none,False,low,occlusion,False,low,occlusion,False,low,occlusion,True,medium,none,True,medium,none,False,low,occlusion,False,low,occlusion,True,medium,none,True,medium,none,True,medium,none,True,medium,none,True,medium,none,True,medium,none
KVAL008,132,133,1,True,medium,none,True,medium,none,True,medium,none,True,medium,none,True,medium,none,True,medium,none,True,medium,none,False,low,occlusion,False,low,occlusion,False,low,occlusion,False,low,occlusion,True,medium,none,True,medium,none,True,medium,none,True,medium,none,True,medium,none,True,medium,none,True,medium,none,True,medium,none,False,low,occlusion,False,low,occlusion,False,low,occlusion,True,medium,none,True,medium,none,False,low,occlusion,False,low,occlusion,True,medium,none,True,medium,none,True,medium,none,False,low,occlusion,True,medium,none,True,medium,none
KVAL008,133,134,1,True,medium,none,True,medium,none,True,medium,none,True,medium,none,True,medium,none,True,medium,none,True,medium,none,False,low,occlusion,False,low,occlusion,False,low,occlusion,False,low,occlusion,True,medium,none,True,medium,none,True,medium,none,True,medium,none,True,medium,none,True,medium,none,True,medium,none,True,medium,none,False,low,occlusion,False,low,occlusion,False,low,occlusion,True,medium,none,True,medium,none,False,low,occlusion,False,low,occlusion,True,medium,none,True,medium,none,False,low,occlusion,False,low,occlusion,True,medium,none,True,medium,none
KVAL008,134,135,1,True,medium,none,True,medium,none,True,medium,none,True,medium,none,True,medium,none,True,medium,none,True,medium,none,False,low,occlusion,False,low,occlusion,False,low,occlusion,False,low,occlusion,True,medium,none,True,medium,none,True,medium,none,True,medium,none,True,medium,none,True,medium,none,True,medium,none,True,medium,none,False,low,occlusion,False,low,occlusion,False,low,occlusion,True,medium,none,True,medium,none,False,low,occlusion,False,low,occlusion,True,medium,none,True,medium,none,True,medium,none,False,low,occlusion,True,medium,none,True,medium,none
KVAL008,135,136,1,True,medium,none,True,medium,none,True,medium,none,True,medium,none,True,medium,none,True,medium,none,True,medium,none,False,low,occlusion,False,low,occlusion,False,low,occlusion,False,low,occlusion,True,medium,none,True,medium,none,True,medium,none,True,medium,none,True,medium,none,True,medium,none,True,medium,none,True,medium,none,False,low,occlusion,False,low,occlusion,False,low,occlusion,True,medium,none,False,low,occlusion,False,low,occlusion,False,low,occlusion,True,medium,none,True,medium,none,True,medium,none,False,low,occlusion,True,medium,none,True,medium,none
KVAL008,136,137,1,True,medium,none,True,medium,none,True,medium,none,True,medium,none,True,medium,none,True,medium,none,True,medium,none,False,low,occlusion,False,low,occlusion,False,low,occlusion,False,low,occlusion,True,medium,none,True,medium,none,True,medium,none,True,medium,none,True,medium,none,True,medium,none,True,medium,none,True,medium,none,False,low,occlusion,False,low,occlusion,False,low,occlusion,True,medium,none,False,low,occlusion,False,low,occlusion,False,low,occlusion,True,medium,none,True,medium,none,True,medium,none,False,low,occlusion,True,medium,none,True,medium,none
KVAL008,137,138,1,True,medium,none,True,medium,none,True,medium,none,True,medium,none,True,medium,none,True,medium,none,True,medium,none,False,low,occlusion,False,low,occlusion,False,low,occlusion,False,low,occlusion,True,medium,none,True,medium,none,True,medium,none,True,medium,none,True,medium,none,True,medium,none,True,medium,none,True,medium,none,False,low,occlusion,False,low,occlusion,False,low,occlusion,True,medium,none,False,low,occlusion,False,low,occlusion,False,low,occlusion,True,medium,none,True,medium,none,True,medium,none,False,low,occlusion,True,medium,none,True,medium,none
KVAL008,138,139,1,True,medium,none,True,medium,none,True,medium,none,True,medium,none,True,medium,none,True,medium,none,True,medium,none,False,low,occlusion,False,low,occlusion,False,low,occlusion,False,low,occlusion,True,medium,none,True,medium,none,True,medium,none,True,medium,none,True,medium,none,True,medium,none,True,medium,none,True,medium,none,False,low,occlusion,False,low,occlusion,False,low,occlusion,True,medium,none,False,low,occlusion,False,low,occlusion,False,low,occlusion,True,medium,none,True,medium,none,True,medium,none,False,low,occlusion,True,medium,none,True,medium,none
KVAL008,139,140,1,True,medium,none,True,medium,none,True,medium,none,True,medium,none,True,medium,none,True,medium,none,True,medium,none,False,low,occlusion,False,low,occlusion,False,low,occlusion,False,low,occlusion,True,medium,none,True,medium,none,True,medium,none,True,medium,none,True,medium,none,True,medium,none,True,medium,none,True,medium,none,False,low,occlusion,False,low,occlusion,False,low,occlusion,True,medium,none,False,low,occlusion,False,low,occlusion,False,low,occlusion,True,medium,none,True,medium,none,True,medium,none,False,low,occlusion,True,medium,none,True,medium,none
KVAL008,140,141,1,True,medium,none,True,medium,none,True,medium,none,True,medium,none,True,medium,none,True,medium,none,True,medium,none,False,low,occlusion,False,low,occlusion,False,low,occlusion,False,low,occlusion,True,medium,none,True,medium,none,True,medium,none,True,medium,none,True,medium,none,True,medium,none,True,medium,none,True,medium,none,False,low,occlusion,False,low,occlusion,False,low,occlusion,True,medium,none,False,low,occlusion,False,low,occlusion,False,low,occlusion,True,medium,none,True,medium,none,True,medium,none,False,low,occlusion,True,medium,none,True,medium,none
KVAL008,141,142,1,True,medium,none,True,medium,none,True,medium,none,True,medium,none,True,medium,none,True,medium,none,True,medium,none,False,low,occlusion,False,low,occlusion,False,low,occlusion,False,low,occlusion,True,medium,none,True,medium,none,True,medium,none,True,medium,none,True,medium,none,True,medium,none,True,medium,none,True,medium,none,False,low,occlusion,False,low,occlusion,False,low,occlusion,True,medium,none,True,medium,none,False,low,occlusion,False,low,occlusion,True,medium,none,True,medium,none,True,medium,none,True,medium,none,True,medium,none,True,medium,none
KVAL008,142,143,1,True,medium,none,True,medium,none,True,medium,none,True,medium,none,True,medium,none,True,medium,none,True,medium,none,False,low,occlusion,False,low,occlusion,False,low,occlusion,False,low,occlusion,True,medium,none,True,medium,none,True,medium,none,True,medium,none,True,medium,none,True,medium,none,True,medium,none,True,medium,none,False,low,occlusion,False,low,occlusion,False,low,occlusion,True,medium,none,True,medium,none,False,low,occlusion,False,low,occlusion,True,medium,none,True,medium,none,True,medium,none,True,medium,none,True,medium,none,True,medium,none
KVAL008,143,144,1,True,medium,none,True,medium,none,True,medium,none,True,medium,none,True,medium,none,True,medium,none,True,medium,none,False,low,occlusion,False,low,occlusion,False,low,occlusion,False,low,occlusion,True,medium,none,True,medium,none,True,medium,none,True,medium,none,True,medium,none,True,medium,none,True,medium,none,True,medium,none,False,low,occlusion,False,low,occlusion,False,low,occlusion,True,medium,none,True,medium,none,False,low,occlusion,False,low,occlusion,True,medium,none,True,medium,none,True,medium,none,True,medium,none,True,medium,none,True,medium,none
KVAL008,144,145,1,True,medium,none,True,medium,none,True,medium,none,True,medium,none,True,medium,none,True,medium,none,True,medium,none,False,low,occlusion,False,low,occlusion,False,low,occlusion,False,low,occlusion,True,medium,none,True,medium,none,True,medium,none,True,medium,none,True,medium,none,True,medium,none,True,medium,none,True,medium,none,False,low,occlusion,False,low,occlusion,False,low,occlusion,True,medium,none,True,medium,none,False,low,occlusion,False,low,occlusion,True,medium,none,True,medium,none,True,medium,none,True,medium,none,True,medium,none,True,medium,none
KVAL008,145,146,1,True,medium,none,True,medium,none,True,medium,none,True,medium,none,True,medium,none,True,medium,none,True,medium,none,False,low,occlusion,False,low,occlusion,False,low,occlusion,False,low,occlusion,True,medium,none,True,medium,none,True,medium,none,True,medium,none,True,medium,none,True,medium,none,True,medium,none,True,medium,none,False,low,occlusion,False,low,occlusion,False,low,occlusion,True,medium,none,True,medium,none,False,low,occlusion,False,low,occlusion,True,medium,none,True,medium,none,True,medium,none,True,medium,none,True,medium,none,True,medium,none
KVAL008,146,147,1,True,medium,none,True,medium,none,True,medium,none,True,medium,none,True,medium,none,True,medium,none,True,medium,none,False,low,occlusion,False,low,occlusion,False,low,occlusion,False,low,occlusion,True,medium,none,True,medium,none,True,medium,none,True,medium,none,True,medium,none,True,medium,none,True,medium,none,True,medium,none,False,low,occlusion,False,low,occlusion,False,low,occlusion,True,medium,none,True,medium,none,False,low,occlusion,False,low,occlusion,True,medium,none,True,medium,none,True,medium,none,True,medium,none,True,medium,none,True,medium,none
KVAL008,147,148,1,True,medium,none,True,medium,none,True,medium,none,True,medium,none,True,medium,none,True,medium,none,False,low,occlusion,False,low,occlusion,False,low,occlusion,False,low,occlusion,False,low,occlusion,True,medium,none,True,medium,none,True,medium,none,True,medium,none,True,medium,none,True,medium,none,True,medium,none,True,medium,none,False,low,occlusion,False,low,occlusion,False,low,occlusion,True,medium,none,True,medium,none,False,low,occlusion,False,low,occlusion,True,medium,none,True,medium,none,True,medium,none,True,medium,none,True,medium,none,True,medium,none
KVAL008,148,149,1,True,medium,none,True,medium,none,True,medium,none,True,medium,none,True,medium,none,True,medium,none,False,low,occlusion,False,low,occlusion,False,low,occlusion,False,low,occlusion,False,low,occlusion,True,medium,none,True,medium,none,True,medium,none,True,medium,none,True,medium,none,True,medium,none,True,medium,none,True,medium,none,False,low,occlusion,False,low,occlusion,False,low,occlusion,True,medium,none,False,low,occlusion,False,low,occlusion,False,low,occlusion,True,medium,none,True,medium,none,True,medium,none,True,medium,none,True,medium,none,True,medium,none
KVAL008,149,150,1,True,medium,none,True,medium,none,True,medium,none,True,medium,none,True,medium,none,True,medium,none,False,low,occlusion,False,low,occlusion,False,low,occlusion,False,low,occlusion,False,low,occlusion,True,medium,none,True,medium,none,True,medium,none,True,medium,none,True,medium,none,True,medium,none,True,medium,none,True,medium,none,False,low,occlusion,False,low,occlusion,False,low,occlusion,True,medium,none,True,medium,none,False,low,occlusion,False,low,occlusion,True,medium,none,True,medium,none,True,medium,none,True,medium,none,True,medium,none,True,medium,none
KVAL008,150,151,1,True,medium,none,True,medium,none,True,medium,none,True,medium,none,True,medium,none,True,medium,none,False,low,occlusion,False,low,occlusion,False,low,occlusion,False,low,occlusion,False,low,occlusion,True,medium,none,True,medium,none,True,medium,none,True,medium,none,True,medium,none,True,medium,none,True,medium,none,True,medium,none,False,low,occlusion,False,low,occlusion,False,low,occlusion,True,medium,none,True,medium,none,True,medium,none,False,low,occlusion,True,medium,none,True,medium,none,True,medium,none,True,medium,none,True,medium,none,True,medium,none
KVAL008,151,152,1,True,medium,none,True,medium,none,True,medium,none,True,medium,none,True,medium,none,True,medium,none,False,low,occlusion,False,low,occlusion,False,low,occlusion,False,low,occlusion,False,low,occlusion,True,medium,none,True,medium,none,True,medium,none,True,medium,none,True,medium,none,True,medium,none,True,medium,none,True,medium,none,False,low,occlusion,False,low,occlusion,False,low,occlusion,True,medium,none,True,medium,none,True,medium,none,False,low,occlusion,True,medium,none,True,medium,none,True,medium,none,True,medium,none,True,medium,none,True,medium,none
KVAL008,152,153,1,True,medium,none,True,medium,none,True,medium,none,True,medium,none,True,medium,none,True,medium,none,False,low,occlusion,False,low,occlusion,False,low,occlusion,False,low,occlusion,False,low,occlusion,True,medium,none,True,medium,none,True,medium,none,True,medium,none,True,medium,none,True,medium,none,True,medium,none,True,medium,none,False,low,occlusion,False,low,occlusion,False,low,occlusion,True,medium,none,True,medium,none,False,low,occlusion,False,low,occlusion,True,medium,none,True,medium,none,True,medium,none,True,medium,none,True,medium,none,True,medium,none
KVAL008,153,154,1,True,medium,none,True,medium,none,True,medium,none,True,medium,none,True,medium,none,True,medium,none,False,low,occlusion,False,low,occlusion,False,low,occlusion,False,low,occlusion,False,low,occlusion,True,medium,none,True,medium,none,True,medium,none,True,medium,none,True,medium,none,True,medium,none,True,medium,none,True,medium,none,False,low,occlusion,False,low,occlusion,False,low,occlusion,True,medium,none,True,medium,none,True,medium,none,False,low,occlusion,True,medium,none,True,medium,none,True,medium,none,True,medium,none,True,medium,none,True,medium,none
KVAL008,154,155,1,True,medium,none,True,medium,none,True,medium,none,True,medium,none,True,medium,none,True,medium,none,False,low,occlusion,False,low,occlusion,False,low,occlusion,False,low,occlusion,False,low,occlusion,True,medium,none,True,medium,none,True,medium,none,True,medium,none,True,medium,none,True,medium,none,True,medium,none,False,low,occlusion,False,low,occlusion,False,low,occlusion,False,low,occlusion,True,medium,none,True,medium,none,True,medium,none,False,low,occlusion,True,medium,none,True,medium,none,True,medium,none,True,medium,none,True,medium,none,True,medium,none
KVAL008,155,156,1,True,medium,none,True,medium,none,True,medium,none,True,medium,none,True,medium,none,True,medium,none,False,low,occlusion,False,low,occlusion,False,low,occlusion,False,low,occlusion,False,low,occlusion,True,medium,none,True,medium,none,True,medium,none,True,medium,none,True,medium,none,True,medium,none,True,medium,none,True,medium,none,False,low,occlusion,False,low,occlusion,False,low,occlusion,True,medium,none,True,medium,none,True,medium,none,False,low,occlusion,True,medium,none,True,medium,none,True,medium,none,True,medium,none,True,medium,none,True,medium,none
KVAL008,156,157,1,True,medium,none,True,medium,none,True,medium,none,True,medium,none,True,medium,none,True,medium,none,False,low,occlusion,False,low,occlusion,False,low,occlusion,False,low,occlusion,False,low,occlusion,True,medium,none,True,medium,none,True,medium,none,True,medium,none,True,medium,none,True,medium,none,True,medium,none,True,medium,none,False,low,occlusion,False,low,occlusion,False,low,occlusion,True,medium,none,True,medium,none,True,medium,none,False,low,occlusion,True,medium,none,True,medium,none,True,medium,none,True,medium,none,True,medium,none,True,medium,none
KVAL008,157,158,1,True,medium,none,True,medium,none,True,medium,none,True,medium,none,True,medium,none,True,medium,none,False,low,occlusion,False,low,occlusion,False,low,occlusion,False,low,occlusion,False,low,occlusion,True,medium,none,True,medium,none,True,medium,none,True,medium,none,True,medium,none,True,medium,none,True,medium,none,True,medium,none,False,low,occlusion,False,low,occlusion,False,low,occlusion,True,medium,none,True,medium,none,True,medium,none,False,low,occlusion,True,medium,none,True,medium,none,True,medium,none,True,medium,none,True,medium,none,True,medium,none
KVAL008,158,159,1,True,medium,none,True,medium,none,True,medium,none,True,medium,none,True,medium,none,True,medium,none,False,low,occlusion,False,low,occlusion,False,low,occlusion,False,low,occlusion,False,low,occlusion,True,medium,none,True,medium,none,True,medium,none,True,medium,none,True,medium,none,True,medium,none,True,medium,none,False,low,occlusion,False,low,occlusion,False,low,occlusion,False,low,occlusion,True,medium,none,True,medium,none,True,medium,none,False,low,occlusion,True,medium,none,True,medium,none,True,medium,none,True,medium,none,True,medium,none,True,medium,none
KVAL008,159,160,1,True,medium,none,True,medium,none,True,medium,none,True,medium,none,True,medium,none,True,medium,none,False,low,occlusion,False,low,occlusion,False,low,occlusion,False,low,occlusion,False,low,occlusion,True,medium,none,True,medium,none,True,medium,none,True,medium,none,True,medium,none,True,medium,none,True,medium,none,True,medium,none,False,low,occlusion,False,low,occlusion,False,low,occlusion,True,medium,none,True,medium,none,True,medium,none,False,low,occlusion,True,medium,none,True,medium,none,True,medium,none,True,medium,none,True,medium,none,True,medium,none
KVAL008,160,161,1,True,medium,none,True,medium,none,True,medium,none,True,medium,none,True,medium,none,True,medium,none,False,low,occlusion,False,low,occlusion,False,low,occlusion,False,low,occlusion,False,low,occlusion,True,medium,none,True,medium,none,True,medium,none,True,medium,none,True,medium,none,True,medium,none,True,medium,none,True,medium,none,False,low,occlusion,False,low,occlusion,False,low,occlusion,True,medium,none,True,medium,none,True,medium,none,False,low,occlusion,True,medium,none,True,medium,none,True,medium,none,True,medium,none,True,medium,none,True,medium,none
KVAL008,161,162,1,True,medium,none,True,medium,none,True,medium,none,True,medium,none,True,medium,none,True,medium,none,False,low,occlusion,False,low,occlusion,False,low,occlusion,False,low,occlusion,False,low,occlusion,True,medium,none,True,medium,none,True,medium,none,True,medium,none,True,medium,none,True,medium,none,True,medium,none,True,medium,none,False,low,occlusion,False,low,occlusion,False,low,occlusion,True,medium,none,True,medium,none,True,medium,none,False,low,occlusion,True,medium,none,True,medium,none,True,medium,none,True,medium,none,True,medium,none,True,medium,none
KVAL008,162,163,1,True,medium,none,True,medium,none,True,medium,none,True,medium,none,True,medium,none,True,medium,none,False,low,occlusion,False,low,occlusion,False,low,occlusion,False,low,occlusion,False,low,occlusion,True,medium,none,True,medium,none,True,medium,none,True,medium,none,True,medium,none,True,medium,none,True,medium,none,True,medium,none,False,low,occlusion,False,low,occlusion,False,low,occlusion,True,medium,none,True,medium,none,True,medium,none,False,low,occlusion,True,medium,none,True,medium,none,True,medium,none,True,medium,none,True,medium,none,True,medium,none
KVAL008,163,164,1,True,medium,none,True,medium,none,True,medium,none,True,medium,none,True,medium,none,True,medium,none,False,low,occlusion,False,low,occlusion,False,low,occlusion,False,low,occlusion,False,low,occlusion,True,medium,none,True,medium,none,True,medium,none,True,medium,none,True,medium,none,True,medium,none,True,medium,none,True,medium,none,False,low,occlusion,False,low,occlusion,False,low,occlusion,True,medium,none,True,medium,none,True,medium,none,False,low,occlusion,True,medium,none,True,medium,none,True,medium,none,True,medium,none,True,medium,none,True,medium,none
KVAL008,164,165,1,True,medium,none,True,medium,none,True,medium,none,True,medium,none,True,medium,none,True,medium,none,False,low,occlusion,False,low,occlusion,False,low,occlusion,False,low,occlusion,False,low,occlusion,True,medium,none,True,medium,none,True,medium,none,True,medium,none,True,medium,none,True,medium,none,True,medium,none,True,medium,none,False,low,occlusion,False,low,occlusion,False,low,occlusion,True,medium,none,True,medium,none,True,medium,none,False,low,occlusion,True,medium,none,True,medium,none,True,medium,none,True,medium,none,True,medium,none,True,medium,none
KVAL008,165,166,1,True,medium,none,True,medium,none,True,medium,none,True,medium,none,True,medium,none,True,medium,none,False,low,occlusion,False,low,occlusion,False,low,occlusion,False,low,occlusion,False,low,occlusion,True,medium,none,True,medium,none,True,medium,none,True,medium,none,True,medium,none,True,medium,none,True,medium,none,True,medium,none,False,low,occlusion,False,low,occlusion,False,low,occlusion,True,medium,none,False,low,occlusion,False,low,occlusion,False,low,occlusion,True,medium,none,True,medium,none,True,medium,none,True,medium,none,True,medium,none,True,medium,none
KVAL008,166,167,1,True,medium,none,True,medium,none,True,medium,none,True,medium,none,True,medium,none,True,medium,none,False,low,occlusion,False,low,occlusion,False,low,occlusion,False,low,occlusion,False,low,occlusion,True,medium,none,True,medium,none,True,medium,none,True,medium,none,True,medium,none,True,medium,none,True,medium,none,True,medium,none,False,low,occlusion,False,low,occlusion,False,low,occlusion,True,medium,none,False,low,occlusion,False,low,occlusion,False,low,occlusion,True,medium,none,True,medium,none,True,medium,none,True,medium,none,True,medium,none,True,medium,none
KVAL008,167,168,1,True,medium,none,True,medium,none,True,medium,none,True,medium,none,True,medium,none,True,medium,none,False,low,occlusion,False,low,occlusion,False,low,occlusion,False,low,occlusion,False,low,occlusion,True,medium,none,True,medium,none,True,medium,none,True,medium,none,True,medium,none,True,medium,none,True,medium,none,True,medium,none,False,low,occlusion,False,low,occlusion,False,low,occlusion,True,medium,none,True,medium,none,False,low,occlusion,False,low,occlusion,True,medium,none,True,medium,none,True,medium,none,True,medium,none,True,medium,none,True,medium,none
KVAL008,168,169,1,True,medium,none,True,medium,none,True,medium,none,True,medium,none,True,medium,none,True,medium,none,False,low,occlusion,False,low,occlusion,False,low,occlusion,False,low,occlusion,False,low,occlusion,True,medium,none,True,medium,none,True,medium,none,True,medium,none,True,medium,none,True,medium,none,True,medium,none,True,medium,none,False,low,occlusion,False,low,occlusion,False,low,occlusion,True,medium,none,False,low,occlusion,False,low,occlusion,False,low,occlusion,True,medium,none,True,medium,none,True,medium,none,True,medium,none,True,medium,none,True,medium,none
KVAL008,169,170,1,True,medium,none,True,medium,none,True,medium,none,True,medium,none,True,medium,none,True,medium,none,False,low,occlusion,False,low,occlusion,False,low,occlusion,False,low,occlusion,False,low,occlusion,True,medium,none,True,medium,none,True,medium,none,True,medium,none,True,medium,none,True,medium,none,True,medium,none,True,medium,none,False,low,occlusion,False,low,occlusion,False,low,occlusion,True,medium,none,False,low,occlusion,False,low,occlusion,False,low,occlusion,True,medium,none,True,medium,none,True,medium,none,True,medium,none,True,medium,none,True,medium,none
KVAL008,170,171,1,True,medium,none,True,medium,none,True,medium,none,True,medium,none,True,medium,none,True,medium,none,False,low,occlusion,False,low,occlusion,False,low,occlusion,False,low,occlusion,False,low,occlusion,True,medium,none,True,medium,none,True,medium,none,True,medium,none,True,medium,none,True,medium,none,True,medium,none,True,medium,none,False,low,occlusion,False,low,occlusion,False,low,occlusion,True,medium,none,False,low,occlusion,False,low,occlusion,False,low,occlusion,True,medium,none,True,medium,none,True,medium,none,True,medium,none,True,medium,none,True,medium,none
KVAL008,171,172,1,True,medium,none,True,medium,none,True,medium,none,True,medium,none,True,medium,none,True,medium,none,False,low,occlusion,False,low,occlusion,False,low,occlusion,False,low,occlusion,False,low,occlusion,True,medium,none,True,medium,none,True,medium,none,True,medium,none,True,medium,none,True,medium,none,True,medium,none,True,medium,none,False,low,occlusion,False,low,occlusion,False,low,occlusion,True,medium,none,False,low,occlusion,False,low,occlusion,False,low,occlusion,True,medium,none,True,medium,none,True,medium,none,True,medium,none,True,medium,none,True,medium,none
KVAL008,172,173,1,True,medium,none,True,medium,none,True,medium,none,True,medium,none,True,medium,none,True,medium,none,False,low,occlusion,False,low,occlusion,False,low,occlusion,False,low,occlusion,False,low,occlusion,True,medium,none,True,medium,none,True,medium,none,True,medium,none,True,medium,none,True,medium,none,True,medium,none,True,medium,none,False,low,occlusion,False,low,occlusion,False,low,occlusion,True,medium,none,True,medium,none,False,low,occlusion,False,low,occlusion,True,medium,none,True,medium,none,True,medium,none,True,medium,none,True,medium,none,True,medium,none
KVAL008,173,174,1,True,medium,none,True,medium,none,True,medium,none,True,medium,none,True,medium,none,True,medium,none,False,low,occlusion,False,low,occlusion,False,low,occlusion,False,low,occlusion,False,low,occlusion,True,medium,none,True,medium,none,True,medium,none,True,medium,none,True,medium,none,True,medium,none,True,medium,none,True,medium,none,False,low,occlusion,False,low,occlusion,False,low,occlusion,True,medium,none,False,low,occlusion,False,low,occlusion,False,low,occlusion,True,medium,none,True,medium,none,True,medium,none,True,medium,none,True,medium,none,True,medium,none
KVAL008,174,175,1,True,medium,none,True,medium,none,True,medium,none,True,medium,none,True,medium,none,True,medium,none,False,low,occlusion,False,low,occlusion,False,low,occlusion,False,low,occlusion,False,low,occlusion,True,medium,none,True,medium,none,True,medium,none,True,medium,none,True,medium,none,True,medium,none,True,medium,none,True,medium,none,False,low,occlusion,False,low,occlusion,False,low,occlusion,True,medium,none,True,medium,none,False,low,occlusion,False,low,occlusion,True,medium,none,True,medium,none,True,medium,none,True,medium,none,True,medium,none,True,medium,none
KVAL008,175,176,1,True,medium,none,True,medium,none,True,medium,none,True,medium,none,True,medium,none,True,medium,none,False,low,occlusion,False,low,occlusion,False,low,occlusion,False,low,occlusion,False,low,occlusion,True,medium,none,True,medium,none,True,medium,none,True,medium,none,True,medium,none,True,medium,none,True,medium,none,True,medium,none,False,low,occlusion,False,low,occlusion,False,low,occlusion,True,medium,none,True,medium,none,False,low,occlusion,False,low,occlusion,True,medium,none,True,medium,none,True,medium,none,True,medium,none,True,medium,none,True,medium,none
KVAL008,176,177,1,True,medium,none,True,medium,none,True,medium,none,True,medium,none,True,medium,none,True,medium,none,False,low,occlusion,False,low,occlusion,False,low,occlusion,False,low,occlusion,False,low,occlusion,True,medium,none,True,medium,none,True,medium,none,True,medium,none,True,medium,none,True,medium,none,True,medium,none,True,medium,none,False,low,occlusion,False,low,occlusion,False,low,occlusion,True,medium,none,True,medium,none,False,low,occlusion,False,low,occlusion,True,medium,none,True,medium,none,True,medium,none,True,medium,none,True,medium,none,True,medium,none
KVAL008,177,178,1,True,medium,none,True,medium,none,True,medium,none,True,medium,none,True,medium,none,True,medium,none,False,low,occlusion,False,low,occlusion,False,low,occlusion,False,low,occlusion,False,low,occlusion,True,medium,none,True,medium,none,True,medium,none,True,medium,none,True,medium,none,True,medium,none,True,medium,none,True,medium,none,False,low,occlusion,False,low,occlusion,False,low,occlusion,True,medium,none,True,medium,none,False,low,occlusion,False,low,occlusion,True,medium,none,True,medium,none,True,medium,none,True,medium,none,True,medium,none,True,medium,none
KVAL008,178,179,1,True,medium,none,True,medium,none,True,medium,none,True,medium,none,True,medium,none,True,medium,none,False,low,occlusion,False,low,occlusion,False,low,occlusion,False,low,occlusion,False,low,occlusion,True,medium,none,True,medium,none,True,medium,none,True,medium,none,True,medium,none,True,medium,none,True,medium,none,True,medium,none,False,low,occlusion,False,low,occlusion,False,low,occlusion,True,medium,none,False,low,occlusion,False,low,occlusion,False,low,occlusion,True,medium,none,True,medium,none,True,medium,none,True,medium,none,True,medium,none,True,medium,none
KVAL008,179,180,1,True,medium,none,True,medium,none,True,medium,none,True,medium,none,True,medium,none,True,medium,none,False,low,occlusion,False,low,occlusion,False,low,occlusion,False,low,occlusion,False,low,occlusion,True,medium,none,True,medium,none,True,medium,none,True,medium,none,True,medium,none,True,medium,none,True,medium,none,True,medium,none,False,low,occlusion,False,low,occlusion,False,low,occlusion,True,medium,none,True,medium,none,False,low,occlusion,False,low,occlusion,True,medium,none,True,medium,none,True,medium,none,True,medium,none,True,medium,none,True,medium,none
KVAL008,180,181,1,True,medium,none,True,medium,none,True,medium,none,True,medium,none,True,medium,none,True,medium,none,False,low,occlusion,False,low,occlusion,False,low,occlusion,False,low,occlusion,False,low,occlusion,True,medium,none,True,medium,none,True,medium,none,True,medium,none,True,medium,none,True,medium,none,True,medium,none,True,medium,none,False,low,occlusion,False,low,occlusion,False,low,occlusion,True,medium,none,True,medium,none,False,low,occlusion,False,low,occlusion,True,medium,none,True,medium,none,True,medium,none,True,medium,none,True,medium,none,True,medium,none
KVAL008,181,182,1,True,medium,none,True,medium,none,True,medium,none,True,medium,none,True,medium,none,True,medium,none,False,low,occlusion,False,low,occlusion,False,low,occlusion,False,low,occlusion,False,low,occlusion,True,medium,none,True,medium,none,True,medium,none,True,medium,none,True,medium,none,True,medium,none,True,medium,none,True,medium,none,False,low,occlusion,False,low,occlusion,False,low,occlusion,True,medium,none,True,medium,none,False,low,occlusion,False,low,occlusion,True,medium,none,True,medium,none,True,medium,none,True,medium,none,True,medium,none,True,medium,none
KVAL008,182,183,1,True,medium,none,True,medium,none,True,medium,none,True,medium,none,True,medium,none,True,medium,none,False,low,occlusion,False,low,occlusion,False,low,occlusion,False,low,occlusion,False,low,occlusion,True,medium,none,True,medium,none,True,medium,none,True,medium,none,True,medium,none,True,medium,none,True,medium,none,True,medium,none,False,low,occlusion,False,low,occlusion,False,low,occlusion,True,medium,none,True,medium,none,False,low,occlusion,False,low,occlusion,True,medium,none,True,medium,none,True,medium,none,True,medium,none,True,medium,none,True,medium,none
KVAL008,183,184,1,True,medium,none,True,medium,none,True,medium,none,True,medium,none,True,medium,none,True,medium,none,False,low,occlusion,False,low,occlusion,False,low,occlusion,False,low,occlusion,False,low,occlusion,True,medium,none,True,medium,none,True,medium,none,True,medium,none,True,medium,none,True,medium,none,True,medium,none,True,medium,none,False,low,occlusion,False,low,occlusion,False,low,occlusion,True,medium,none,True,medium,none,False,low,occlusion,False,low,occlusion,True,medium,none,True,medium,none,True,medium,none,True,medium,none,True,medium,none,True,medium,none
KVAL008,184,185,1,True,medium,none,True,medium,none,True,medium,none,True,medium,none,True,medium,none,True,medium,none,True,medium,none,True,medium,none,True,medium,none,False,low,bone_length_anomaly,False,low,bone_length_anomaly,True,medium,none,True,medium,none,True,medium,none,True,medium,none,True,medium,none,True,medium,none,True,medium,none,True,medium,none,False,low,occlusion,False,low,occlusion,False,low,occlusion,True,medium,none,True,medium,none,True,medium,none,False,low,occlusion,True,medium,none,True,medium,none,True,medium,none,True,medium,none,True,medium,none,True,medium,none
KVAL008,185,186,1,True,medium,none,True,medium,none,True,medium,none,True,medium,none,True,medium,none,True,medium,none,True,medium,none,False,low,occlusion,False,low,occlusion,False,low,occlusion,False,low,occlusion,True,medium,none,True,medium,none,True,medium,none,True,medium,none,True,medium,none,True,medium,none,True,medium,none,True,medium,none,False,low,occlusion,False,low,occlusion,False,low,occlusion,True,medium,none,True,medium,none,True,medium,none,False,low,occlusion,True,medium,none,True,medium,none,True,medium,none,True,medium,none,True,medium,none,True,medium,none
KVAL008,186,187,1,True,medium,none,True,medium,none,True,medium,none,True,medium,none,True,medium,none,True,medium,none,True,medium,none,True,medium,none,True,medium,none,False,low,occlusion,False,low,bone_length_anomaly,True,medium,none,True,medium,none,True,medium,none,True,medium,none,True,medium,none,True,medium,none,True,medium,none,True,medium,none,False,low,occlusion,False,low,occlusion,False,low,occlusion,True,medium,none,True,medium,none,False,low,occlusion,False,low,occlusion,True,medium,none,True,medium,none,True,medium,none,True,medium,none,True,medium,none,True,medium,none
KVAL008,187,188,1,True,medium,none,True,medium,none,True,medium,none,True,medium,none,True,medium,none,True,medium,none,True,medium,none,True,medium,none,True,medium,none,False,low,bone_length_anomaly,False,low,bone_length_anomaly,True,medium,none,True,medium,none,True,medium,none,True,medium,none,True,medium,none,True,medium,none,True,medium,none,True,medium,none,False,low,occlusion,False,low,occlusion,False,low,occlusion,True,medium,none,False,low,occlusion,False,low,occlusion,False,low,occlusion,True,medium,none,True,medium,none,True,medium,none,True,medium,none,True,medium,none,True,medium,none
KVAL008,188,189,1,True,medium,none,True,medium,none,True,medium,none,True,medium,none,True,medium,none,True,medium,none,True,medium,none,True,medium,none,True,medium,none,False,low,bone_length_anomaly,False,low,bone_length_anomaly,True,medium,none,True,medium,none,True,medium,none,True,medium,none,True,medium,none,True,medium,none,True,medium,none,True,medium,none,False,low,occlusion,False,low,occlusion,False,low,occlusion,True,medium,none,False,low,occlusion,False,low,occlusion,False,low,occlusion,True,medium,none,True,medium,none,True,medium,none,True,medium,none,True,medium,none,True,medium,none
KVAL008,189,190,1,True,medium,none,True,medium,none,True,medium,none,True,medium,none,True,medium,none,True,medium,none,True,medium,none,True,medium,none,True,medium,none,False,low,bone_length_anomaly,False,low,bone_length_anomaly,True,medium,none,True,medium,none,True,medium,none,True,medium,none,True,medium,none,True,medium,none,True,medium,none,True,medium,none,False,low,occlusion,False,low,occlusion,False,low,occlusion,True,medium,none,False,low,occlusion,False,low,occlusion,False,low,occlusion,True,medium,none,True,medium,none,True,medium,none,True,medium,none,True,medium,none,True,medium,none
KVAL008,190,191,1,True,medium,none,True,medium,none,True,medium,none,True,medium,none,True,medium,none,True,medium,none,True,medium,none,True,medium,none,True,medium,none,False,low,bone_length_anomaly,False,low,bone_length_anomaly,True,medium,none,True,medium,none,True,medium,none,True,medium,none,True,medium,none,True,medium,none,True,medium,none,True,medium,none,False,low,occlusion,False,low,occlusion,False,low,occlusion,True,medium,none,False,low,occlusion,False,low,occlusion,False,low,occlusion,True,medium,none,True,medium,none,True,medium,none,True,medium,none,True,medium,none,True,medium,none
KVAL008,191,192,1,True,medium,none,True,medium,none,True,medium,none,True,medium,none,True,medium,none,True,medium,none,True,medium,none,True,medium,none,True,medium,none,False,low,occlusion,False,low,bone_length_anomaly,True,medium,none,True,medium,none,True,medium,none,True,medium,none,True,medium,none,True,medium,none,True,medium,none,True,medium,none,False,low,occlusion,False,low,occlusion,False,low,occlusion,True,medium,none,False,low,occlusion,False,low,occlusion,False,low,occlusion,True,medium,none,True,medium,none,True,medium,none,True,medium,none,True,medium,none,True,medium,none
KVAL008,192,193,1,True,medium,none,True,medium,none,True,medium,none,True,medium,none,True,medium,none,True,medium,none,True,medium,none,True,medium,none,True,medium,none,False,low,occlusion,False,low,bone_length_anomaly,True,medium,none,True,medium,none,True,medium,none,True,medium,none,True,medium,none,True,medium,none,True,medium,none,True,medium,none,False,low,occlusion,False,low,occlusion,False,low,occlusion,True,medium,none,False,low,occlusion,False,low,occlusion,False,low,occlusion,True,medium,none,True,medium,none,True,medium,none,True,medium,none,True,medium,none,True,medium,none
KVAL008,193,194,1,True,medium,none,True,medium,none,True,medium,none,True,medium,none,True,medium,none,True,medium,none,True,medium,none,True,medium,none,True,medium,none,False,low,occlusion,False,low,occlusion,True,medium,none,True,medium,none,True,medium,none,True,medium,none,True,medium,none,True,medium,none,True,medium,none,True,medium,none,False,low,occlusion,False,low,occlusion,False,low,occlusion,True,medium,none,False,low,occlusion,False,low,occlusion,False,low,occlusion,True,medium,none,True,medium,none,True,medium,none,True,medium,none,True,medium,none,True,medium,none
KVAL008,194,195,1,True,medium,none,True,medium,none,True,medium,none,True,medium,none,True,medium,none,True,medium,none,True,medium,none,True,medium,none,True,medium,none,False,low,occlusion,False,low,bone_length_anomaly,True,medium,none,True,medium,none,True,medium,none,True,medium,none,True,medium,none,True,medium,none,True,medium,none,True,medium,none,False,low,occlusion,False,low,occlusion,False,low,occlusion,True,medium,none,False,low,occlusion,False,low,occlusion,False,low,occlusion,True,medium,none,True,medium,none,True,medium,none,True,medium,none,True,medium,none,True,medium,none
KVAL008,195,196,1,True,medium,none,True,medium,none,True,medium,none,True,medium,none,True,medium,none,True,medium,none,True,medium,none,False,low,occlusion,False,low,occlusion,False,low,occlusion,False,low,occlusion,True,medium,none,True,medium,none,True,medium,none,True,medium,none,True,medium,none,True,medium,none,True,medium,none,True,medium,none,False,low,occlusion,False,low,occlusion,False,low,occlusion,True,medium,none,False,low,occlusion,False,low,occlusion,False,low,occlusion,True,medium,none,True,medium,none,True,medium,none,True,medium,none,True,medium,none,True,medium,none
KVAL008,196,197,1,True,medium,none,True,medium,none,True,medium,none,True,medium,none,True,medium,none,True,medium,none,True,medium,none,False,low,occlusion,False,low,occlusion,False,low,occlusion,False,low,occlusion,True,medium,none,True,medium,none,True,medium,none,True,medium,none,True,medium,none,True,medium,none,True,medium,none,True,medium,none,False,low,occlusion,False,low,occlusion,False,low,occlusion,True,medium,none,False,low,occlusion,False,low,occlusion,False,low,occlusion,True,medium,none,True,medium,none,True,medium,none,True,medium,none,True,medium,none,True,medium,none
KVAL008,197,198,1,True,medium,none,True,medium,none,True,medium,none,True,medium,none,True,medium,none,True,medium,none,True,medium,none,False,low,occlusion,False,low,occlusion,False,low,occlusion,False,low,occlusion,True,medium,none,True,medium,none,True,medium,none,True,medium,none,True,medium,none,True,medium,none,True,medium,none,True,medium,none,False,low,occlusion,False,low,occlusion,False,low,occlusion,True,medium,none,False,low,occlusion,False,low,occlusion,False,low,occlusion,True,medium,none,True,medium,none,True,medium,none,True,medium,none,True,medium,none,True,medium,none
KVAL008,198,199,1,True,medium,none,True,medium,none,True,medium,none,True,medium,none,True,medium,none,True,medium,none,True,medium,none,True,medium,none,False,low,occlusion,False,low,occlusion,False,low,occlusion,True,medium,none,True,medium,none,True,medium,none,True,medium,none,True,medium,none,True,medium,none,True,medium,none,True,medium,none,False,low,occlusion,False,low,occlusion,False,low,occlusion,True,medium,none,False,low,occlusion,False,low,occlusion,False,low,occlusion,True,medium,none,True,medium,none,True,medium,none,True,medium,none,True,medium,none,True,medium,none
KVAL008,199,200,1,True,medium,none,True,medium,none,True,medium,none,True,medium,none,True,medium,none,True,medium,none,True,medium,none,True,medium,none,False,low,occlusion,False,low,occlusion,False,low,occlusion,True,medium,none,True,medium,none,True,medium,none,True,medium,none,True,medium,none,True,medium,none,True,medium,none,True,medium,none,False,low,occlusion,False,low,occlusion,False,low,occlusion,True,medium,none,False,low,occlusion,False,low,occlusion,False,low,occlusion,True,medium,none,True,medium,none,True,medium,none,True,medium,none,True,medium,none,True,medium,none
KVAL008,200,201,1,True,medium,none,True,medium,none,True,medium,none,True,medium,none,True,medium,none,True,medium,none,True,medium,none,False,low,occlusion,False,low,occlusion,False,low,occlusion,False,low,occlusion,True,medium,none,True,medium,none,True,medium,none,True,medium,none,True,medium,none,True,medium,none,True,medium,none,True,medium,none,False,low,occlusion,False,low,occlusion,False,low,occlusion,True,medium,none,False,low,occlusion,False,low,occlusion,False,low,occlusion,True,medium,none,True,medium,none,True,medium,none,True,medium,none,True,medium,none,True,medium,none
KVAL008,201,202,1,True,medium,none,True,medium,none,True,medium,none,True,medium,none,True,medium,none,True,medium,none,True,medium,none,True,medium,none,False,low,occlusion,False,low,occlusion,False,low,occlusion,True,medium,none,True,medium,none,True,medium,none,True,medium,none,True,medium,none,True,medium,none,True,medium,none,True,medium,none,False,low,occlusion,False,low,occlusion,False,low,occlusion,True,medium,none,False,low,occlusion,False,low,occlusion,False,low,occlusion,True,medium,none,True,medium,none,True,medium,none,True,medium,none,True,medium,none,True,medium,none
KVAL008,202,203,1,True,medium,none,True,medium,none,True,medium,none,True,medium,none,True,medium,none,True,medium,none,True,medium,none,True,medium,none,False,low,occlusion,False,low,occlusion,False,low,occlusion,True,medium,none,True,medium,none,True,medium,none,True,medium,none,True,medium,none,True,medium,none,True,medium,none,True,medium,none,False,low,occlusion,False,low,occlusion,False,low,occlusion,True,medium,none,False,low,occlusion,False,low,occlusion,False,low,occlusion,True,medium,none,True,medium,none,True,medium,none,True,medium,none,True,medium,none,True,medium,none
KVAL008,203,204,1,True,medium,none,True,medium,none,True,medium,none,True,medium,none,True,medium,none,True,medium,none,True,medium,none,True,medium,none,False,low,occlusion,False,low,occlusion,False,low,occlusion,True,medium,none,True,medium,none,True,medium,none,True,medium,none,True,medium,none,True,medium,none,True,medium,none,True,medium,none,False,low,occlusion,False,low,occlusion,False,low,occlusion,True,medium,none,False,low,occlusion,False,low,occlusion,False,low,occlusion,True,medium,none,True,medium,none,True,medium,none,True,medium,none,True,medium,none,True,medium,none
KVAL008,204,205,1,True,medium,none,True,medium,none,True,medium,none,True,medium,none,True,medium,none,True,medium,none,True,medium,none,False,low,occlusion,False,low,occlusion,False,low,occlusion,False,low,occlusion,True,medium,none,True,medium,none,True,medium,none,True,medium,none,True,medium,none,True,medium,none,True,medium,none,True,medium,none,False,low,occlusion,False,low,occlusion,False,low,occlusion,True,medium,none,False,low,occlusion,False,low,occlusion,False,low,occlusion,True,medium,none,True,medium,none,True,medium,none,True,medium,none,True,medium,none,True,medium,none
KVAL008,205,206,1,True,medium,none,True,medium,none,True,medium,none,True,medium,none,True,medium,none,True,medium,none,True,medium,none,False,low,occlusion,False,low,occlusion,False,low,occlusion,False,low,occlusion,True,medium,none,True,medium,none,True,medium,none,True,medium,none,True,medium,none,True,medium,none,True,medium,none,True,medium,none,False,low,occlusion,False,low,occlusion,False,low,occlusion,True,medium,none,False,low,occlusion,False,low,occlusion,False,low,occlusion,True,medium,none,True,medium,none,True,medium,none,True,medium,none,True,medium,none,True,medium,none
KVAL008,206,207,1,True,medium,none,True,medium,none,True,medium,none,True,medium,none,True,medium,none,True,medium,none,True,medium,none,True,medium,none,False,low,occlusion,False,low,occlusion,False,low,occlusion,True,medium,none,True,medium,none,True,medium,none,True,medium,none,True,medium,none,True,medium,none,True,medium,none,True,medium,none,False,low,occlusion,False,low,occlusion,False,low,occlusion,True,medium,none,False,low,occlusion,False,low,occlusion,False,low,occlusion,True,medium,none,True,medium,none,True,medium,none,True,medium,none,True,medium,none,True,medium,none
KVAL008,207,208,1,True,medium,none,True,medium,none,True,medium,none,True,medium,none,True,medium,none,True,medium,none,True,medium,none,True,medium,none,False,low,occlusion,False,low,occlusion,False,low,occlusion,True,medium,none,True,medium,none,True,medium,none,True,medium,none,True,medium,none,True,medium,none,True,medium,none,True,medium,none,False,low,occlusion,False,low,occlusion,False,low,occlusion,True,medium,none,False,low,occlusion,False,low,occlusion,False,low,occlusion,True,medium,none,True,medium,none,True,medium,none,True,medium,none,True,medium,none,True,medium,none
KVAL008,208,209,1,True,medium,none,True,medium,none,True,medium,none,True,medium,none,True,medium,none,True,medium,none,True,medium,none,True,medium,none,False,low,occlusion,False,low,occlusion,False,low,occlusion,True,medium,none,True,medium,none,True,medium,none,True,medium,none,True,medium,none,True,medium,none,True,medium,none,True,medium,none,False,low,occlusion,False,low,occlusion,False,low,occlusion,True,medium,none,False,low,occlusion,False,low,occlusion,False,low,occlusion,True,medium,none,True,medium,none,True,medium,none,True,medium,none,True,medium,none,True,medium,none
KVAL008,209,210,1,True,medium,none,True,medium,none,True,medium,none,True,medium,none,True,medium,none,True,medium,none,True,medium,none,True,medium,none,False,low,occlusion,False,low,occlusion,False,low,occlusion,True,medium,none,True,medium,none,True,medium,none,True,medium,none,True,medium,none,True,medium,none,True,medium,none,True,medium,none,False,low,occlusion,False,low,occlusion,False,low,occlusion,True,medium,none,False,low,occlusion,False,low,occlusion,False,low,occlusion,True,medium,none,True,medium,none,True,medium,none,True,medium,none,True,medium,none,True,medium,none
KVAL008,210,211,1,True,medium,none,True,medium,none,True,medium,none,True,medium,none,True,medium,none,True,medium,none,True,medium,none,True,medium,none,False,low,occlusion,False,low,occlusion,False,low,occlusion,True,medium,none,True,medium,none,True,medium,none,True,medium,none,True,medium,none,True,medium,none,True,medium,none,True,medium,none,False,low,occlusion,False,low,occlusion,False,low,occlusion,True,medium,none,False,low,occlusion,False,low,occlusion,False,low,occlusion,True,medium,none,True,medium,none,True,medium,none,True,medium,none,True,medium,none,True,medium,none
KVAL008,211,212,1,True,medium,none,True,medium,none,True,medium,none,True,medium,none,True,medium,none,True,medium,none,True,medium,none,True,medium,none,False,low,occlusion,False,low,occlusion,False,low,occlusion,True,medium,none,True,medium,none,True,medium,none,True,medium,none,True,medium,none,True,medium,none,True,medium,none,True,medium,none,False,low,occlusion,False,low,occlusion,False,low,occlusion,True,medium,none,False,low,occlusion,False,low,occlusion,False,low,occlusion,True,medium,none,True,medium,none,True,medium,none,True,medium,none,True,medium,none,True,medium,none
KVAL008,212,213,1,True,medium,none,True,medium,none,True,medium,none,True,medium,none,True,medium,none,True,medium,none,True,medium,none,True,medium,none,False,low,occlusion,False,low,occlusion,False,low,occlusion,True,medium,none,True,medium,none,True,medium,none,True,medium,none,True,medium,none,True,medium,none,True,medium,none,True,medium,none,False,low,occlusion,False,low,occlusion,False,low,occlusion,True,medium,none,False,low,occlusion,False,low,occlusion,False,low,occlusion,True,medium,none,True,medium,none,True,medium,none,True,medium,none,True,medium,none,True,medium,none
KVAL008,213,214,1,True,medium,none,True,medium,none,True,medium,none,True,medium,none,True,medium,none,True,medium,none,True,medium,none,True,medium,none,False,low,occlusion,False,low,occlusion,False,low,occlusion,True,medium,none,True,medium,none,True,medium,none,True,medium,none,True,medium,none,True,medium,none,True,medium,none,True,medium,none,False,low,occlusion,False,low,occlusion,False,low,occlusion,True,medium,none,False,low,occlusion,False,low,occlusion,False,low,occlusion,True,medium,none,True,medium,none,True,medium,none,True,medium,none,True,medium,none,True,medium,none
KVAL008,214,215,1,True,medium,none,True,medium,none,True,medium,none,True,medium,none,True,medium,none,True,medium,none,True,medium,none,True,medium,none,False,low,occlusion,False,low,occlusion,False,low,occlusion,True,medium,none,True,medium,none,True,medium,none,True,medium,none,True,medium,none,True,medium,none,True,medium,none,True,medium,none,False,low,occlusion,False,low,occlusion,False,low,occlusion,True,medium,none,False,low,occlusion,False,low,occlusion,False,low,occlusion,True,medium,none,True,medium,none,True,medium,none,True,medium,none,True,medium,none,True,medium,none
KVAL008,215,216,1,True,medium,none,True,medium,none,True,medium,none,True,medium,none,True,medium,none,True,medium,none,True,medium,none,True,medium,none,False,low,occlusion,False,low,occlusion,False,low,occlusion,True,medium,none,True,medium,none,True,medium,none,True,medium,none,True,medium,none,True,medium,none,True,medium,none,True,medium,none,False,low,occlusion,False,low,occlusion,False,low,occlusion,True,medium,none,False,low,occlusion,False,low,occlusion,False,low,occlusion,True,medium,none,True,medium,none,True,medium,none,True,medium,none,True,medium,none,True,medium,none
KVAL008,216,217,1,True,medium,none,True,medium,none,True,medium,none,True,medium,none,True,medium,none,True,medium,none,True,medium,none,True,medium,none,False,low,occlusion,False,low,occlusion,False,low,occlusion,True,medium,none,True,medium,none,True,medium,none,True,medium,none,True,medium,none,True,medium,none,True,medium,none,True,medium,none,False,low,occlusion,False,low,occlusion,False,low,occlusion,True,medium,none,False,low,occlusion,False,low,occlusion,False,low,occlusion,True,medium,none,True,medium,none,True,medium,none,True,medium,none,True,medium,none,True,medium,none
KVAL008,217,218,1,True,medium,none,True,medium,none,True,medium,none,True,medium,none,True,medium,none,True,medium,none,True,medium,none,True,medium,none,False,low,occlusion,False,low,occlusion,False,low,occlusion,True,medium,none,True,medium,none,True,medium,none,True,medium,none,True,medium,none,True,medium,none,True,medium,none,True,medium,none,False,low,occlusion,False,low,occlusion,False,low,occlusion,True,medium,none,False,low,occlusion,False,low,occlusion,False,low,occlusion,True,medium,none,True,medium,none,True,medium,none,True,medium,none,True,medium,none,True,medium,none
KVAL008,218,219,1,True,medium,none,True,medium,none,True,medium,none,True,medium,none,True,medium,none,True,medium,none,True,medium,none,True,medium,none,False,low,occlusion,False,low,occlusion,False,low,bone_length_anomaly,True,medium,none,True,medium,none,True,medium,none,True,medium,none,True,medium,none,True,medium,none,True,medium,none,True,medium,none,False,low,occlusion,False,low,occlusion,False,low,occlusion,True,medium,none,False,low,occlusion,False,low,occlusion,False,low,occlusion,True,medium,none,True,medium,none,True,medium,none,True,medium,none,True,medium,none,True,medium,none
KVAL008,219,220,1,True,medium,none,True,medium,none,True,medium,none,True,medium,none,True,medium,none,True,medium,none,True,medium,none,True,medium,none,False,low,occlusion,False,low,occlusion,False,low,occlusion,True,medium,none,True,medium,none,True,medium,none,True,medium,none,True,medium,none,True,medium,none,True,medium,none,True,medium,none,False,low,occlusion,False,low,occlusion,False,low,occlusion,True,medium,none,False,low,occlusion,False,low,occlusion,False,low,occlusion,True,medium,none,True,medium,none,True,medium,none,True,medium,none,True,medium,none,True,medium,none
KVAL008,220,221,1,True,medium,none,True,medium,none,True,medium,none,True,medium,none,True,medium,none,True,medium,none,True,medium,none,True,medium,none,False,low,occlusion,False,low,occlusion,False,low,occlusion,True,medium,none,True,medium,none,True,medium,none,True,medium,none,True,medium,none,True,medium,none,True,medium,none,True,medium,none,False,low,occlusion,False,low,occlusion,False,low,occlusion,True,medium,none,False,low,occlusion,False,low,occlusion,False,low,occlusion,True,medium,none,True,medium,none,True,medium,none,True,medium,none,True,medium,none,True,medium,none
KVAL008,221,222,1,True,medium,none,True,medium,none,True,medium,none,True,medium,none,True,medium,none,True,medium,none,True,medium,none,True,medium,none,False,low,occlusion,False,low,occlusion,False,low,bone_length_anomaly,True,medium,none,True,medium,none,True,medium,none,True,medium,none,True,medium,none,True,medium,none,True,medium,none,True,medium,none,False,low,occlusion,False,low,occlusion,False,low,occlusion,True,medium,none,False,low,occlusion,False,low,occlusion,False,low,occlusion,True,medium,none,True,medium,none,True,medium,none,True,medium,none,True,medium,none,True,medium,none
KVAL008,222,223,1,True,medium,none,True,medium,none,True,medium,none,True,medium,none,True,medium,none,True,medium,none,True,medium,none,True,medium,none,False,low,occlusion,False,low,occlusion,False,low,bone_length_anomaly,True,medium,none,True,medium,none,True,medium,none,True,medium,none,True,medium,none,True,medium,none,True,medium,none,True,medium,none,False,low,occlusion,False,low,occlusion,False,low,occlusion,True,medium,none,False,low,occlusion,False,low,occlusion,False,low,occlusion,True,medium,none,True,medium,none,True,medium,none,True,medium,none,True,medium,none,True,medium,none
KVAL008,223,224,1,True,medium,none,True,medium,none,True,medium,none,True,medium,none,True,medium,none,True,medium,none,True,medium,none,True,medium,none,False,low,occlusion,False,low,occlusion,False,low,occlusion,True,medium,none,True,medium,none,True,medium,none,True,medium,none,True,medium,none,True,medium,none,True,medium,none,True,medium,none,False,low,occlusion,False,low,occlusion,False,low,occlusion,True,medium,none,False,low,occlusion,False,low,occlusion,False,low,occlusion,True,medium,none,True,medium,none,True,medium,none,True,medium,none,True,medium,none,True,medium,none
KVAL008,224,225,1,True,medium,none,True,medium,none,True,medium,none,True,medium,none,True,medium,none,True,medium,none,True,medium,none,True,medium,none,False,low,occlusion,False,low,occlusion,False,low,occlusion,True,medium,none,True,medium,none,True,medium,none,True,medium,none,True,medium,none,True,medium,none,True,medium,none,True,medium,none,False,low,occlusion,False,low,occlusion,False,low,occlusion,True,medium,none,False,low,occlusion,False,low,occlusion,False,low,occlusion,True,medium,none,True,medium,none,True,medium,none,True,medium,none,True,medium,none,True,medium,none
KVAL008,225,226,1,True,medium,none,True,medium,none,True,medium,none,True,medium,none,True,medium,none,True,medium,none,True,medium,none,True,medium,none,False,low,occlusion,False,low,occlusion,False,low,bone_length_anomaly,True,medium,none,True,medium,none,True,medium,none,True,medium,none,True,medium,none,True,medium,none,True,medium,none,True,medium,none,False,low,occlusion,False,low,occlusion,False,low,occlusion,True,medium,none,False,low,occlusion,False,low,occlusion,False,low,occlusion,True,medium,none,True,medium,none,True,medium,none,True,medium,none,True,medium,none,True,medium,none
KVAL008,226,227,1,True,medium,none,True,medium,none,True,medium,none,True,medium,none,True,medium,none,True,medium,none,True,medium,none,True,medium,none,False,low,occlusion,False,low,occlusion,False,low,occlusion,True,medium,none,True,medium,none,True,medium,none,True,medium,none,True,medium,none,True,medium,none,True,medium,none,True,medium,none,False,low,occlusion,False,low,occlusion,False,low,occlusion,True,medium,none,False,low,occlusion,False,low,occlusion,False,low,occlusion,True,medium,none,True,medium,none,True,medium,none,True,medium,none,True,medium,none,True,medium,none
KVAL008,227,228,1,True,medium,none,True,medium,none,True,medium,none,True,medium,none,True,medium,none,True,medium,none,True,medium,none,True,medium,none,False,low,occlusion,False,low,occlusion,False,low,occlusion,True,medium,none,True,medium,none,True,medium,none,True,medium,none,True,medium,none,True,medium,none,True,medium,none,True,medium,none,False,low,occlusion,False,low,occlusion,False,low,occlusion,True,medium,none,False,low,occlusion,False,low,occlusion,False,low,occlusion,True,medium,none,True,medium,none,True,medium,none,True,medium,none,True,medium,none,True,medium,none
KVAL008,228,229,1,True,medium,none,True,medium,none,True,medium,none,True,medium,none,True,medium,none,True,medium,none,True,medium,none,True,medium,none,False,low,occlusion,False,low,occlusion,False,low,bone_length_anomaly,True,medium,none,True,medium,none,True,medium,none,True,medium,none,True,medium,none,True,medium,none,True,medium,none,True,medium,none,False,low,occlusion,False,low,occlusion,False,low,occlusion,True,medium,none,False,low,occlusion,False,low,occlusion,False,low,occlusion,True,medium,none,True,medium,none,True,medium,none,True,medium,none,True,medium,none,True,medium,none
KVAL008,229,230,1,True,medium,none,True,medium,none,True,medium,none,True,medium,none,True,medium,none,True,medium,none,True,medium,none,False,low,occlusion,False,low,occlusion,False,low,occlusion,False,low,occlusion,True,medium,none,True,medium,none,True,medium,none,True,medium,none,True,medium,none,True,medium,none,True,medium,none,True,medium,none,False,low,occlusion,False,low,occlusion,False,low,occlusion,True,medium,none,False,low,occlusion,False,low,occlusion,False,low,occlusion,True,medium,none,True,medium,none,True,medium,none,True,medium,none,True,medium,none,True,medium,none
KVAL008,230,231,1,True,medium,none,True,medium,none,True,medium,none,True,medium,none,True,medium,none,True,medium,none,True,medium,none,True,medium,none,False,low,occlusion,False,low,occlusion,False,low,occlusion,True,medium,none,True,medium,none,True,medium,none,True,medium,none,True,medium,none,True,medium,none,True,medium,none,True,medium,none,False,low,occlusion,False,low,occlusion,False,low,occlusion,True,medium,none,False,low,occlusion,False,low,occlusion,False,low,occlusion,True,medium,none,True,medium,none,True,medium,none,True,medium,none,True,medium,none,True,medium,none
KVAL008,231,232,1,True,medium,none,True,medium,none,True,medium,none,True,medium,none,True,medium,none,True,medium,none,True,medium,none,False,low,occlusion,False,low,occlusion,False,low,occlusion,False,low,occlusion,True,medium,none,True,medium,none,True,medium,none,True,medium,none,True,medium,none,True,medium,none,True,medium,none,True,medium,none,False,low,occlusion,False,low,occlusion,False,low,occlusion,True,medium,none,False,low,occlusion,False,low,occlusion,False,low,occlusion,True,medium,none,True,medium,none,True,medium,none,True,medium,none,True,medium,none,True,medium,none
KVAL008,232,233,1,True,medium,none,True,medium,none,True,medium,none,True,medium,none,True,medium,none,True,medium,none,True,medium,none,True,medium,none,False,low,occlusion,False,low,occlusion,False,low,occlusion,True,medium,none,True,medium,none,True,medium,none,True,medium,none,True,medium,none,True,medium,none,True,medium,none,True,medium,none,False,low,occlusion,False,low,occlusion,False,low,occlusion,True,medium,none,False,low,occlusion,False,low,occlusion,False,low,occlusion,True,medium,none,True,medium,none,True,medium,none,True,medium,none,True,medium,none,True,medium,none
KVAL008,233,234,1,True,medium,none,True,medium,none,True,medium,none,True,medium,none,True,medium,none,True,medium,none,True,medium,none,True,medium,none,False,low,occlusion,False,low,occlusion,False,low,occlusion,True,medium,none,True,medium,none,True,medium,none,True,medium,none,True,medium,none,True,medium,none,True,medium,none,True,medium,none,False,low,occlusion,False,low,occlusion,False,low,occlusion,True,medium,none,False,low,occlusion,False,low,occlusion,False,low,occlusion,True,medium,none,True,medium,none,True,medium,none,True,medium,none,True,medium,none,True,medium,none
KVAL008,234,235,1,True,medium,none,True,medium,none,True,medium,none,True,medium,none,True,medium,none,True,medium,none,True,medium,none,True,medium,none,False,low,occlusion,False,low,occlusion,False,low,occlusion,True,medium,none,True,medium,none,True,medium,none,True,medium,none,True,medium,none,True,medium,none,True,medium,none,True,medium,none,False,low,occlusion,False,low,occlusion,False,low,occlusion,True,medium,none,False,low,occlusion,False,low,occlusion,False,low,occlusion,True,medium,none,True,medium,none,True,medium,none,True,medium,none,True,medium,none,True,medium,none
KVAL008,235,236,1,True,medium,none,True,medium,none,True,medium,none,True,medium,none,True,medium,none,True,medium,none,True,medium,none,True,medium,none,False,low,occlusion,False,low,occlusion,False,low,occlusion,True,medium,none,True,medium,none,True,medium,none,True,medium,none,True,medium,none,True,medium,none,True,medium,none,True,medium,none,False,low,occlusion,False,low,occlusion,False,low,occlusion,True,medium,none,False,low,occlusion,False,low,occlusion,False,low,occlusion,True,medium,none,True,medium,none,True,medium,none,True,medium,none,True,medium,none,True,medium,none
