video_id,frame_index,timestamp_sec,subject_id,source_pose_index,phase_id,phase_label,neck_x_px,neck_y_px,neck_x_norm,neck_y_norm,shoulder_width_px,rshoulder_x_px,rshoulder_y_px,rshoulder_x_norm,rshoulder_y_norm,relbow_x_px,relbow_y_px,relbow_x_norm,relbow_y_norm,rwrist_x_px,rwrist_y_px,rwrist_x_norm,rwrist_y_norm,lshoulder_x_px,lshoulder_y_px,lshoulder_x_norm,lshoulder_y_norm,neck_dx_from_first_valid_px,neck_dy_from_first_valid_px,neck_frame_dx_px,neck_frame_dy_px,neck_frame_displacement_px,rshoulder_frame_displacement_px,lshoulder_frame_displacement_px,rshoulder_frame_dx_px,rshoulder_frame_dy_px,lshoulder_frame_dx_px,lshoulder_frame_dy_px,raw_confidence,trajectory_valid,trajectory_quality,quality_reason,source_observation_status,normalization_anchor_valid,normalization_origin,normalization_scale,first_valid_anchor_frame,absolute_pixel_coordinates_preserved,relbow_coordinate_available,relbow_joint_valid,relbow_source_status,relbow_effective_status,relbow_manual_status,relbow_quality_reason,relbow_manual_confidence,rwrist_coordinate_available,rwrist_joint_valid,rwrist_source_status,rwrist_effective_status,rwrist_manual_status,rwrist_quality_reason,rwrist_manual_confidence,interpolated,filtered,source,annotation_version
pick_place_pilot_v1_E001,0,0.0,P001,null,0,idle,null,null,null,null,null,null,null,null,null,null,null,null,null,null,null,null,null,null,null,null,null,null,null,null,null,null,null,null,null,null,null,null,"[0.0,0.0,0.0,0.0,0.0]",false,missing,no_confirmed_track_identity,missing,false,Neck,shoulder_width,null,true,false,false,missing,missing,null,null,null,false,false,missing,missing,null,null,null,false,false,T06C_P001_raw_BODY_25,t07a_raw_v0.2.0
pick_place_pilot_v1_E001,1,0.033333,P001,null,0,idle,null,null,null,null,null,null,null,null,null,null,null,null,null,null,null,null,null,null,null,null,null,null,null,null,null,null,null,null,null,null,null,null,"[0.0,0.0,0.0,0.0,0.0]",false,missing,no_confirmed_track_identity,missing,false,Neck,shoulder_width,null,true,false,false,missing,missing,null,null,null,false,false,missing,missing,null,null,null,false,false,T06C_P001_raw_BODY_25,t07a_raw_v0.2.0
pick_place_pilot_v1_E001,2,0.066667,P001,0,0,idle,645.039,217.943,0.0,0.0,171.1286190471951,558.871,210.196,-0.5035277002745868,-0.0452700433342683,462.893,288.531,-1.0643807039064954,0.4124850676235091,541.299,286.486,-0.6062107003352247,0.400534991643313,729.287,225.797,0.49230806903645685,0.045895304033476435,0.0,0.0,null,null,null,null,null,null,null,null,null,"[0.776314,0.776734,0.812585,0.788861,0.774344]",true,valid,null,valid,true,Neck,shoulder_width,2,true,true,true,valid,valid,null,null,null,true,true,valid,valid,null,null,null,false,false,T06C_P001_raw_BODY_25,t07a_raw_v0.2.0
pick_place_pilot_v1_E001,3,0.1,P001,0,0,idle,645.038,217.944,0.0,0.0,171.12843672809035,558.871,210.197,-0.5035223931655066,-0.04527009156467292,462.89,288.531,-1.0643935250189827,0.41247966351821014,541.293,286.486,-0.6062405640089067,0.4005295748064821,729.287,225.796,0.4923144371023798,0.045883665801705505,-0.0009999999999763531,0.0009999999999763531,-0.0009999999999763531,0.0009999999999763531,0.0014142135623396532,0.0010000000000047748,0.0010000000000047748,0.0,0.0010000000000047748,0.0,-0.0010000000000047748,"[0.776159,0.776816,0.812993,0.790439,0.774302]",true,valid,null,valid,true,Neck,shoulder_width,2,true,true,true,valid,valid,null,null,null,true,true,valid,valid,null,null,null,false,false,T06C_P001_raw_BODY_25,t07a_raw_v0.2.0
pick_place_pilot_v1_E001,4,0.133333,P001,0,0,idle,645.038,217.942,0.0,0.0,171.1278967351612,558.873,210.195,-0.503512294861834,-0.04527023441414306,462.888,288.529,-1.0644085708708075,0.4124809650950187,541.293,286.481,-0.606242476996936,0.40051330792706147,729.288,225.799,0.492321834179882,0.04591302850031256,-0.0009999999999763531,-0.0010000000000047748,0.0,-0.001999999999981128,0.001999999999981128,0.0028284271247998897,0.003162277660174491,0.002000000000066393,-0.0020000000000095497,0.0009999999999763531,0.0030000000000143245,"[0.776129,0.776085,0.813493,0.790659,0.773787]",true,valid,null,valid,true,Neck,shoulder_width,2,true,true,true,valid,valid,null,null,null,true,true,valid,valid,null,null,null,false,false,T06C_P001_raw_BODY_25,t07a_raw_v0.2.0
pick_place_pilot_v1_E001,5,0.166667,P001,0,0,idle,645.035,217.946,0.0,0.0,171.12219531668006,558.875,210.194,-0.5034998519072971,-0.045300961606144066,462.889,288.526,-1.0644206595346626,0.4124538016204392,541.289,286.477,-0.6062685194518854,0.4004799019389389,729.284,225.801,0.49233239349277963,0.04590287066773229,-0.004000000000019099,0.002999999999985903,-0.0030000000000427463,0.003999999999990678,0.0050000000000181895,0.002236067977459624,0.004472135955008222,0.0019999999999527063,-0.0010000000000047748,-0.004000000000019099,0.001999999999981128,"[0.776446,0.776198,0.814847,0.792672,0.77419]",true,valid,null,valid,true,Neck,shoulder_width,2,true,true,true,valid,valid,null,null,null,true,true,valid,valid,null,null,null,false,false,T06C_P001_raw_BODY_25,t07a_raw_v0.2.0
pick_place_pilot_v1_E001,6,0.2,P001,0,0,idle,645.03,217.946,0.0,0.0,171.11839441158858,558.876,210.193,-0.5034759722720109,-0.045307811744375114,462.888,288.526,-1.0644209269629803,0.4124629631004775,541.293,286.475,-0.6062293908069455,0.4004771096388867,729.281,225.802,0.49235501706118323,0.04590973417564959,-0.009000000000014552,0.002999999999985903,-0.0049999999999954525,0.0,0.0049999999999954525,0.0014142135623396532,0.003162277660210442,0.0009999999999763531,-0.0009999999999763531,-0.0030000000000427463,0.0010000000000047748,"[0.775273,0.776001,0.814576,0.792815,0.773581]",true,valid,null,valid,true,Neck,shoulder_width,2,true,true,true,valid,valid,null,null,null,true,true,valid,valid,null,null,null,false,false,T06C_P001_raw_BODY_25,t07a_raw_v0.2.0
pick_place_pilot_v1_E001,7,0.233333,P001,0,0,idle,645.027,217.95,0.0,0.0,171.12038607366458,558.872,210.194,-0.5034759561780777,-0.04532481592614668,462.891,288.522,-1.0643734751836837,0.4124114117509055,541.292,286.476,-0.6062106472535876,0.40045491698751,729.279,225.803,0.49235513040352086,0.0458916683171777,-0.011999999999943611,0.0069999999999765805,-0.0029999999999290594,0.003999999999990678,0.004999999999949978,0.004123105625630455,0.002236067977459624,-0.004000000000019099,0.0009999999999763531,-0.0019999999999527063,0.0010000000000047748,"[0.774738,0.776899,0.815535,0.793919,0.773411]",true,valid,null,valid,true,Neck,shoulder_width,2,true,true,true,valid,valid,null,null,null,true,true,valid,valid,null,null,null,false,false,T06C_P001_raw_BODY_25,t07a_raw_v0.2.0
pick_place_pilot_v1_E001,8,0.266667,P001,0,0,idle,645.036,217.952,0.0,0.0,171.12680972016042,558.87,210.196,-0.5035213368431583,-0.045323114552788084,462.892,288.524,-1.0643802703846093,0.4123959309204952,541.286,286.47,-0.6062755460097684,0.40039313601443205,729.284,225.799,0.49231327421909393,0.04585488394736056,-0.0030000000000427463,0.00899999999998613,0.008999999999900865,0.0020000000000095497,0.009219544457198185,0.002828427124719501,0.006403124237423474,-0.0019999999999527063,0.0020000000000095497,0.0049999999999954525,-0.003999999999990678,"[0.774599,0.777051,0.823284,0.794333,0.774222]",true,valid,null,valid,true,Neck,shoulder_width,2,true,true,true,valid,valid,null,null,null,true,true,valid,valid,null,null,null,false,false,T06C_P001_raw_BODY_25,t07a_raw_v0.2.0
pick_place_pilot_v1_E001,9,0.3,P001,0,0,idle,645.043,217.935,0.0,0.0,171.12807911327698,558.874,210.189,-0.5035351325539104,-0.045264342591449305,462.887,288.532,-1.0644424979457823,0.4125389612611079,541.241,286.464,-0.6065749147531133,0.40045444532009106,729.289,225.795,0.4922979351870943,0.045930510298062284,0.004000000000019099,-0.008000000000009777,0.007000000000061846,-0.016999999999995907,0.01838477631087,0.008062257748312368,0.006403124237441229,0.004000000000019099,-0.007000000000005002,0.0049999999999954525,-0.004000000000019099,"[0.776887,0.776903,0.824194,0.803304,0.774153]",true,valid,null,valid,true,Neck,shoulder_width,2,true,true,true,valid,valid,null,null,null,true,true,valid,valid,null,null,null,false,false,T06C_P001_raw_BODY_25,t07a_raw_v0.2.0
pick_place_pilot_v1_E001,10,0.333333,P001,0,0,idle,645.044,217.933,0.0,0.0,171.1307018860146,558.873,210.191,-0.5035391022786551,-0.04524027491663489,462.891,288.526,-1.064408653692819,0.4125092646848375,541.233,286.467,-0.6066182096836467,0.40047752533410735,729.291,225.793,0.492296233647862,0.045929806360727375,0.0049999999999954525,-0.010000000000019327,0.0009999999999763531,-0.0020000000000095497,0.002236067977497756,0.002236067977497756,0.0028284271247797925,-0.0009999999999763531,0.0020000000000095497,0.002000000000066393,-0.001999999999981128,"[0.776837,0.77709,0.822217,0.803473,0.774628]",true,valid,null,valid,true,Neck,shoulder_width,2,true,true,true,valid,valid,null,null,null,true,true,valid,valid,null,null,null,false,false,T06C_P001_raw_BODY_25,t07a_raw_v0.2.0
pick_place_pilot_v1_E001,11,0.366667,P001,0,0,idle,645.046,216.049,0.0,0.0,171.12454453993445,558.875,210.188,-0.5035572204540815,-0.03424990854326141,462.896,288.519,-1.064429421797483,0.423492726860629,541.233,286.465,-0.6066517242111567,0.41148977307324464,729.287,225.788,0.4922788851037152,0.05691176579130216,0.007000000000061846,-1.8940000000000055,0.002000000000066393,-1.8839999999999861,1.8840010615708125,0.003605551275449674,0.006403124237441229,0.0019999999999527063,-0.0030000000000143245,-0.004000000000019099,-0.0049999999999954525,"[0.778457,0.776747,0.822295,0.802961,0.774594]",true,valid,null,valid,true,Neck,shoulder_width,2,true,true,true,valid,valid,null,null,null,true,true,valid,valid,null,null,null,false,false,T06C_P001_raw_BODY_25,t07a_raw_v0.2.0
pick_place_pilot_v1_E001,12,0.4,P001,0,0,idle,645.068,216.054,0.0,0.0,171.12572270994212,558.881,210.187,-0.503647252062081,-0.0342847346798035,462.902,288.513,-1.0645155919006468,0.4234255309636757,541.232,286.465,-0.6067819516298079,0.411457721755522,729.294,225.789,0.49218784099900026,0.05688799933660936,0.028999999999996362,-1.88900000000001,0.021999999999934516,0.0049999999999954525,0.022561028345292094,0.006082762530266521,0.007071067811810811,0.005999999999971806,-0.0009999999999763531,0.006999999999948159,0.0009999999999763531,"[0.780319,0.775282,0.83002,0.801191,0.775016]",true,valid,null,valid,true,Neck,shoulder_width,2,true,true,true,valid,valid,null,null,null,true,true,valid,valid,null,null,null,false,false,T06C_P001_raw_BODY_25,t07a_raw_v0.2.0
pick_place_pilot_v1_E001,13,0.433333,P001,0,0,idle,645.064,216.044,0.0,0.0,171.10807125907297,558.884,210.179,-0.5036582983248973,-0.034276582962120314,462.895,288.516,-1.0646429397487613,0.4235451867742165,541.227,286.469,-0.6068503913107726,0.4115819872305744,729.279,225.784,0.4921743280741618,0.05692308918176482,0.024999999999977263,-1.899000000000001,-0.004000000000019099,-0.009999999999990905,0.010770329614267656,0.008544003745341694,0.015811388300827515,0.0030000000000427463,-0.008000000000009777,-0.014999999999986358,-0.0049999999999954525,"[0.783722,0.775028,0.824865,0.804581,0.774901]",true,valid,null,valid,true,Neck,shoulder_width,2,true,true,true,valid,valid,null,null,null,true,true,valid,valid,null,null,null,false,false,T06C_P001_raw_BODY_25,t07a_raw_v0.2.0
pick_place_pilot_v1_E001,14,0.466667,P001,0,0,idle,645.071,216.042,0.0,0.0,171.10110043187908,558.888,210.179,-0.5036963513528789,-0.034266290428297104,462.898,288.512,-1.06470969234081,0.42355075342635023,541.233,286.473,-0.6068809594906222,0.41163382247235103,729.276,225.784,0.4921359347628783,0.05693709727997102,0.03200000000003911,-1.9010000000000105,0.007000000000061846,-0.0020000000000095497,0.007280109889342608,0.004000000000019099,0.0030000000000427463,0.004000000000019099,0.0,-0.0030000000000427463,0.0,"[0.785291,0.773894,0.823591,0.802815,0.77522]",true,valid,null,valid,true,Neck,shoulder_width,2,true,true,true,valid,valid,null,null,null,true,true,valid,valid,null,null,null,false,false,T06C_P001_raw_BODY_25,t07a_raw_v0.2.0
pick_place_pilot_v1_E001,15,0.5,P001,0,0,idle,645.075,216.043,0.0,0.0,171.10246112198388,558.887,210.177,-0.5037215679706336,-0.034283551279943154,462.899,288.511,-1.0647187586046558,0.423535696241888,541.231,286.475,-0.6069111999854091,0.4116363934110043,729.276,225.786,0.4921086432530657,0.05694248893973494,0.03600000000005821,-1.9000000000000057,0.004000000000019099,0.0010000000000047748,0.004123105625637348,0.0022360679775485985,0.0020000000000095497,-0.00100000000009004,-0.0020000000000095497,0.0,0.0020000000000095497,"[0.785412,0.77447,0.825604,0.802514,0.775203]",true,valid,null,valid,true,Neck,shoulder_width,2,true,true,true,valid,valid,null,null,null,true,true,valid,valid,null,null,null,false,false,T06C_P001_raw_BODY_25,t07a_raw_v0.2.0
pick_place_pilot_v1_E001,16,0.533333,P001,0,0,idle,646.934,216.047,0.0,0.0,171.10861856142722,558.892,210.173,-0.5145386640380901,-0.03432907149496538,462.904,288.506,-1.0755156668741033,0.4234678569039322,541.237,286.477,-0.6177187384752058,0.4116098919629576,729.287,225.784,0.48129077712374674,0.05690537438653013,1.8949999999999818,-1.896000000000015,1.8589999999999236,0.003999999999990678,1.8590043033838615,0.006403124237512248,0.011180339887580297,0.005000000000109139,-0.003999999999990678,0.011000000000080945,-0.0020000000000095497,"[0.785989,0.773606,0.826178,0.799271,0.775293]",true,valid,null,valid,true,Neck,shoulder_width,2,true,true,true,valid,valid,null,null,null,true,true,valid,valid,null,null,null,false,false,T06C_P001_raw_BODY_25,t07a_raw_v0.2.0
pick_place_pilot_v1_E001,17,0.566667,P001,0,0,idle,646.943,216.052,0.0,0.0,171.10988053879302,558.891,210.18,-0.5145933111678924,-0.03431712991389016,462.906,288.496,-1.0755486440672033,0.4233770707564483,541.242,286.461,-0.6177375594393926,0.411484128083634,729.288,225.783,0.48124047390314934,0.05686988950818559,1.9039999999999964,-1.8910000000000196,0.009000000000014552,0.0049999999999954525,0.010295630140997512,0.007071067811883161,0.0014142135623597504,-0.00100000000009004,0.007000000000005002,0.0009999999999763531,-0.0010000000000047748,"[0.786289,0.772703,0.824219,0.796261,0.775136]",true,valid,null,valid,true,Neck,shoulder_width,2,true,true,true,valid,valid,null,null,null,true,true,valid,valid,null,null,null,false,false,T06C_P001_raw_BODY_25,t07a_raw_v0.2.0
pick_place_pilot_v1_E001,18,0.6,P001,0,0,idle,646.94,216.051,0.0,0.0,171.1173985806236,558.888,210.179,-0.5145707025140023,-0.034315622191003196,462.914,288.491,-1.0754371064920933,0.4233350939230718,541.245,284.592,-0.6176753554969505,0.4005495675397745,729.292,225.788,0.48126023819371616,0.05690245457660077,1.9010000000000673,-1.8920000000000243,-0.0029999999999290594,-0.0010000000000047748,0.003162277660102589,0.003162277660102589,0.006403124237463423,-0.0029999999999290594,-0.0010000000000047748,0.004000000000019099,0.005000000000023874,"[0.783548,0.77302,0.819602,0.792748,0.773695]",true,valid,null,valid,true,Neck,shoulder_width,2,true,true,true,valid,valid,null,null,null,true,true,valid,valid,null,null,null,false,false,T06C_P001_raw_BODY_25,t07a_raw_v0.2.0
pick_place_pilot_v1_E001,19,0.633333,P001,0,0,idle,645.081,216.023,0.0,0.0,171.09278480695792,558.904,210.162,-0.5036857638224345,-0.034256266309610255,462.912,288.486,-1.0647380613129847,0.4235304257965009,541.259,284.585,-0.6068169392247674,0.40072993187502165,729.282,225.785,0.49213647492501256,0.057056760231089555,0.04200000000003001,-1.920000000000016,-1.8590000000000373,-0.027999999999991587,1.8592108540991628,0.023345235059828967,0.010440306508905955,0.01599999999996271,-0.016999999999995907,-0.009999999999990905,-0.0030000000000143245,"[0.785294,0.769307,0.798439,0.794619,0.773881]",true,valid,null,valid,true,Neck,shoulder_width,2,true,true,true,valid,valid,null,null,null,true,true,valid,valid,null,null,null,false,false,T06C_P001_raw_BODY_25,t07a_raw_v0.2.0
pick_place_pilot_v1_E001,20,0.666667,P001,0,0,idle,645.085,216.016,0.0,0.0,171.09541577727907,558.91,210.152,-0.5036663291562241,-0.03427327361963561,462.916,288.485,-1.0647216886110837,0.4235589812314754,541.305,284.594,-0.606562131010536,0.40081728483754586,729.29,225.782,0.49215228600637984,0.05707926162506169,0.04600000000004911,-1.927000000000021,0.004000000000019099,-0.007000000000005002,0.008062257748312368,0.011661903789692668,0.008544003745241899,0.005999999999971806,-0.010000000000019327,0.007999999999924512,-0.002999999999985903,"[0.784876,0.767337,0.793885,0.785774,0.773576]",true,valid,null,valid,true,Neck,shoulder_width,2,true,true,true,valid,valid,null,null,null,true,true,valid,valid,null,null,null,false,false,T06C_P001_raw_BODY_25,t07a_raw_v0.2.0
pick_place_pilot_v1_E001,21,0.7,P001,0,0,idle,646.935,216.012,0.0,0.0,171.1063791359048,558.907,210.142,-0.5144635778312031,-0.03430614352102931,462.928,288.472,-1.0753953238286258,0.42347924353216027,543.161,284.586,-0.6064882006390617,0.4007682258621912,729.297,225.783,0.48134967507308624,0.05710482595297728,1.8959999999999582,-1.9310000000000116,1.849999999999909,-0.003999999999990678,1.8500043243191793,0.010440306508881454,0.007071067811923355,-0.0029999999999290594,-0.009999999999990905,0.007000000000061846,0.0009999999999763531,"[0.786562,0.766758,0.789308,0.779451,0.773336]",true,valid,null,valid,true,Neck,shoulder_width,2,true,true,true,valid,valid,null,null,null,true,true,valid,valid,null,null,null,false,false,T06C_P001_raw_BODY_25,t07a_raw_v0.2.0
pick_place_pilot_v1_E001,22,0.733333,P001,0,0,idle,645.078,216.006,0.0,0.0,171.11769875147334,558.897,210.138,-0.5036358052311517,-0.034292186271874296,462.928,288.472,-1.0644720056956216,0.42348629352038925,543.181,284.587,-0.5954790225877941,0.4007826221389592,729.298,225.783,0.4921758568195733,0.057136111993884596,0.03899999999998727,-1.9370000000000118,-1.856999999999971,-0.006000000000000227,1.8570096930279851,0.010770329614257102,0.0009999999999763531,-0.009999999999990905,-0.003999999999990678,0.0009999999999763531,0.0,"[0.785948,0.769325,0.787662,0.774951,0.77179]",true,valid,null,valid,true,Neck,shoulder_width,2,true,true,true,valid,valid,null,null,null,true,true,valid,valid,null,null,null,false,false,T06C_P001_raw_BODY_25,t07a_raw_v0.2.0
pick_place_pilot_v1_E001,23,0.766667,P001,0,0,idle,645.087,216.004,0.0,0.0,171.12413082029084,558.896,210.132,-0.5036753121072977,-0.034314272171039245,462.94,288.461,-1.0644144640903102,0.4234177824756467,543.184,284.571,-0.5954917024941113,0.4006857459045734,729.303,225.782,0.49213398248573714,0.057139808121325485,0.04800000000000182,-1.9390000000000214,0.009000000000014552,-0.0020000000000095497,0.009219544457309164,0.006082762530313247,0.005099019513583688,-0.00100000000009004,-0.006000000000000227,0.0049999999999954525,-0.0009999999999763531,"[0.786102,0.769493,0.781194,0.775372,0.772256]",true,valid,null,valid,true,Neck,shoulder_width,2,true,true,true,valid,valid,null,null,null,true,true,valid,valid,null,null,null,false,false,T06C_P001_raw_BODY_25,t07a_raw_v0.2.0
pick_place_pilot_v1_E001,24,0.8,P001,0,0,idle,645.078,216.005,0.0,0.0,171.12330796826018,558.894,210.138,-0.5036368278714277,-0.03428521847583847,462.946,288.459,-1.064331926272613,0.42340228727601925,543.196,284.56,-0.5953718474101549,0.4006175477434993,729.301,225.779,0.492177255103213,0.057116707922762196,0.03899999999998727,-1.9380000000000166,-0.009000000000014552,0.0010000000000047748,0.009055385138152407,0.006324555320322019,0.003605551275449674,-0.0019999999999527063,0.006000000000000227,-0.0019999999999527063,-0.0030000000000143245,"[0.783535,0.770696,0.778906,0.771384,0.77226]",true,valid,null,valid,true,Neck,shoulder_width,2,true,true,true,valid,valid,null,null,null,true,true,valid,valid,null,null,null,false,false,T06C_P001_raw_BODY_25,t07a_raw_v0.2.0
pick_place_pilot_v1_E001,25,0.833333,P001,0,0,idle,645.076,216.014,0.0,0.0,171.13597939650208,558.888,210.146,-0.5036229102958675,-0.03428852320063306,462.944,288.456,-1.0642531199007628,0.42330081760399635,543.172,284.534,-0.5954563170138544,0.4003833690707852,729.308,225.784,0.492193402562323,0.05708910560159902,0.03700000000003456,-1.929000000000002,-0.0019999999999527063,0.009000000000014552,0.009219544457296834,0.009999999999968168,0.008602325266997798,-0.005999999999971806,0.007999999999981355,0.006999999999948159,0.0049999999999954525,"[0.782039,0.772647,0.776774,0.769578,0.771427]",true,valid,null,valid,true,Neck,shoulder_width,2,true,true,true,valid,valid,null,null,null,true,true,valid,valid,null,null,null,false,false,T06C_P001_raw_BODY_25,t07a_raw_v0.2.0
pick_place_pilot_v1_E001,26,0.866667,P001,0,0,idle,645.073,216.029,0.0,0.0,171.14964674518026,558.878,210.157,-0.5036235927984892,-0.034309156411772415,462.943,288.468,-1.0641564470838087,0.42324948591832234,543.159,284.535,-0.5954671945758485,0.4002695962440204,729.312,225.792,0.4921949977812168,0.05704364680656252,0.033999999999991815,-1.9140000000000157,-0.0030000000000427463,0.014999999999986358,0.01529705854077336,0.014866068747330222,0.008944271910016444,-0.009999999999990905,0.011000000000024102,0.004000000000019099,0.008000000000009777,"[0.77929,0.774781,0.773719,0.769979,0.771631]",true,valid,null,valid,true,Neck,shoulder_width,2,true,true,true,valid,valid,null,null,null,true,true,valid,valid,null,null,null,false,false,T06C_P001_raw_BODY_25,t07a_raw_v0.2.0
pick_place_pilot_v1_E001,27,0.9,P001,0,0,idle,645.058,216.025,0.0,0.0,171.14972933078224,558.872,210.161,-0.5035707642483487,-0.03426239715907825,462.937,288.473,-1.0641033480573814,0.4233018672204808,543.147,282.645,-0.5954493787310401,0.38924981219948673,729.307,225.786,0.4922531886519751,0.05703193360671255,0.019000000000005457,-1.9180000000000064,-0.014999999999986358,-0.003999999999990678,0.01552417469624444,0.007211102550993942,0.007810249675903918,-0.0060000000000854925,0.003999999999990678,-0.0049999999999954525,-0.006000000000000227,"[0.778335,0.77641,0.770557,0.766534,0.771444]",true,valid,null,valid,true,Neck,shoulder_width,2,true,true,true,valid,valid,null,null,null,true,true,valid,valid,null,null,null,false,false,T06C_P001_raw_BODY_25,t07a_raw_v0.2.0
pick_place_pilot_v1_E001,28,0.933333,P001,0,0,idle,645.06,216.03,0.0,0.0,171.15197912089707,558.871,210.174,-0.5035816730995463,-0.03421520469747812,462.949,288.459,-1.064030932831701,0.4231852904770569,543.145,282.642,-0.5954649225996388,0.38919795343381397,729.31,225.78,0.4922525607517989,0.056966913558813524,0.020999999999958163,-1.913000000000011,0.0019999999999527063,0.0049999999999954525,0.005385164807112717,0.013038404810408698,0.006708203932467847,-0.0009999999999763531,0.01300000000000523,0.0029999999999290594,-0.006000000000000227,"[0.775864,0.776248,0.768021,0.765618,0.771109]",true,valid,null,valid,true,Neck,shoulder_width,2,true,true,true,valid,valid,null,null,null,true,true,valid,valid,null,null,null,false,false,T06C_P001_raw_BODY_25,t07a_raw_v0.2.0
pick_place_pilot_v1_E001,29,0.966667,P001,0,0,idle,645.073,216.025,0.0,0.0,171.133689392241,558.886,210.172,-0.503623806078639,-0.03420133125620195,464.793,288.452,-1.0534454124155268,0.4232188311793841,543.149,282.638,-0.5955811527348577,0.3892453919305273,729.307,225.774,0.4922116755569644,0.05696715845151413,0.033999999999991815,-1.9180000000000064,0.013000000000033651,-0.0049999999999954525,0.013928388277213896,0.015132745950409296,0.006708203932467847,0.014999999999986358,-0.0020000000000095497,-0.0029999999999290594,-0.006000000000000227,"[0.7785,0.772241,0.763532,0.764562,0.771011]",true,valid,null,valid,true,Neck,shoulder_width,2,true,true,true,valid,valid,null,null,null,true,true,valid,valid,null,null,null,false,false,T06C_P001_raw_BODY_25,t07a_raw_v0.2.0
pick_place_pilot_v1_E001,30,1.0,P001,0,0,idle,645.08,216.022,0.0,0.0,171.13486757525484,558.89,210.171,-0.5036378688995032,-0.03418940910698447,464.809,288.457,-1.053385569838523,0.4232626642735294,543.154,282.639,-0.595588739128098,0.38926608553751246,729.312,225.775,0.4921966002221014,0.05699013963774057,0.04100000000005366,-1.9210000000000207,0.007000000000061846,-0.0030000000000143245,0.007615773105926396,0.004123105625637348,0.005099019513589262,0.004000000000019099,-0.0010000000000047748,0.0049999999999954525,0.0010000000000047748,"[0.77928,0.771053,0.765988,0.762819,0.771075]",true,valid,null,valid,true,Neck,shoulder_width,2,true,true,true,valid,valid,null,null,null,true,true,valid,valid,null,null,null,false,false,T06C_P001_raw_BODY_25,t07a_raw_v0.2.0
pick_place_pilot_v1_E001,31,1.033333,P001,0,0,idle,645.086,216.021,0.0,0.0,171.1337805636281,558.89,210.17,-0.5036761282086681,-0.034189626272088214,464.808,288.45,-1.0534331644299302,0.4232302924732657,543.144,282.62,-0.5956860163098987,0.3891633772166816,729.311,225.773,0.4921588228963649,0.056984658247377314,0.047000000000025466,-1.9220000000000255,0.005999999999971806,-0.0010000000000047748,0.006082762530271194,0.0010000000000047748,0.002236067977497756,0.0,-0.0010000000000047748,-0.0009999999999763531,-0.0020000000000095497,"[0.781665,0.771292,0.768549,0.76492,0.772188]",true,valid,null,valid,true,Neck,shoulder_width,2,true,true,true,valid,valid,null,null,null,true,true,valid,valid,null,null,null,false,false,T06C_P001_raw_BODY_25,t07a_raw_v0.2.0
pick_place_pilot_v1_E001,32,1.066667,P001,0,0,idle,646.94,216.023,0.0,0.0,171.14753993557727,558.885,210.164,-0.5144976085145332,-0.03423362089928626,464.813,288.439,-1.0641520180106336,0.4231203091044054,543.146,282.619,-0.6064591991159782,0.389114561769733,729.32,225.765,0.48133908340727055,0.056921647858140634,1.9010000000000673,-1.920000000000016,1.8540000000000418,0.0020000000000095497,1.8540010787483796,0.007810249675903918,0.012041594578809668,-0.0049999999999954525,-0.006000000000000227,0.009000000000014552,-0.008000000000009777,"[0.784007,0.773646,0.773375,0.760566,0.774414]",true,valid,null,valid,true,Neck,shoulder_width,2,true,true,true,valid,valid,null,null,null,true,true,valid,valid,null,null,null,false,false,T06C_P001_raw_BODY_25,t07a_raw_v0.2.0
pick_place_pilot_v1_E001,33,1.1,P001,0,0,idle,646.941,216.042,0.0,0.0,171.16220407554928,558.879,210.18,-0.5144944263578793,-0.03424821520417304,464.809,288.434,-1.0640900599738057,0.4229438408496243,543.162,282.599,-0.606319605198546,0.3888533707513044,729.329,225.778,0.4813445844833517,0.056881716688472986,1.9020000000000437,-1.9010000000000105,0.0009999999999763531,0.019000000000005457,0.019026297590444656,0.017088007490643473,0.015811388300789767,-0.005999999999971806,0.016000000000019554,0.008999999999900865,0.01300000000000523,"[0.780138,0.771753,0.758717,0.757652,0.771661]",true,valid,null,valid,true,Neck,shoulder_width,2,true,true,true,valid,valid,null,null,null,true,true,valid,valid,null,null,null,false,false,T06C_P001_raw_BODY_25,t07a_raw_v0.2.0
pick_place_pilot_v1_E001,34,1.133333,P001,0,0,idle,646.942,216.047,0.0,0.0,171.16302447958793,558.88,210.178,-0.5144919603269914,-0.03428894773181522,464.787,288.436,-1.064219334484376,0.42292428648123553,541.307,282.587,-0.6171601624894021,0.3887521864159115,729.33,225.785,0.4813422773434646,0.056893128814519786,1.90300000000002,-1.896000000000015,0.0009999999999763531,0.0049999999999954525,0.005099019513583688,0.002236067977497756,0.007071067811883161,0.0009999999999763531,-0.0020000000000095497,0.00100000000009004,0.007000000000005002,"[0.779341,0.770822,0.756931,0.760956,0.772241]",true,valid,null,valid,true,Neck,shoulder_width,2,true,true,true,valid,valid,null,null,null,true,true,valid,valid,null,null,null,false,false,T06C_P001_raw_BODY_25,t07a_raw_v0.2.0
pick_place_pilot_v1_E001,35,1.166667,P001,0,0,idle,646.949,216.046,0.0,0.0,171.16401350751272,558.888,210.179,-0.5144831451158672,-0.03427706490267872,462.955,288.429,-1.0749572660138875,0.4228867886229073,543.17,280.673,-0.6063131955914608,0.3775735253903906,729.34,225.775,0.4813570230776563,0.056840218925884145,1.9099999999999682,-1.8970000000000198,0.006999999999948159,-0.0010000000000047748,0.00707106781181483,0.008062257748337045,0.014142135623718088,0.008000000000038199,0.0010000000000047748,0.009999999999990905,-0.009999999999990905,"[0.779334,0.770117,0.75339,0.753691,0.772584]",true,valid,null,valid,true,Neck,shoulder_width,2,true,true,true,valid,valid,null,null,null,true,true,valid,valid,null,null,null,false,false,T06C_P001_raw_BODY_25,t07a_raw_v0.2.0
pick_place_pilot_v1_E001,36,1.2,P001,0,0,idle,646.957,216.052,0.0,0.0,171.15695150942594,558.897,210.177,-0.5144985302869823,-0.034325219911833106,462.931,288.416,-1.075188582041702,0.4227932278638112,543.158,280.636,-0.6064550641069555,0.3773378728146094,729.342,225.772,0.4813418284998076,0.056789980858386,1.9180000000000064,-1.8910000000000196,0.008000000000038199,0.006000000000000227,0.010000000000030696,0.009219544457309164,0.003605551275449674,0.009000000000014552,-0.0020000000000095497,0.0019999999999527063,-0.0030000000000143245,"[0.778632,0.767499,0.757614,0.75699,0.772587]",true,valid,null,valid,true,Neck,shoulder_width,2,true,true,true,valid,valid,null,null,null,true,true,valid,valid,null,null,null,false,false,T06C_P001_raw_BODY_25,t07a_raw_v0.2.0
pick_place_pilot_v1_E001,37,1.233333,P001,0,0,idle,646.966,216.042,0.0,0.0,171.15153048687586,558.907,210.158,-0.5145089836444814,-0.03437889210375018,462.927,288.417,-1.0752985934537838,0.42287088987235083,541.308,280.624,-0.6173359928446682,0.3773381389946277,729.345,225.77,0.48132201777954275,0.05683852181938838,1.927000000000021,-1.9010000000000105,0.009000000000014552,-0.009999999999990905,0.013453624047076685,0.021470910553584483,0.003605551275489088,0.009999999999990905,-0.019000000000005457,0.0030000000000427463,-0.001999999999981128,"[0.779032,0.762381,0.759032,0.750041,0.772432]",true,valid,null,valid,true,Neck,shoulder_width,2,true,true,true,valid,valid,null,null,null,true,true,valid,valid,null,null,null,false,false,T06C_P001_raw_BODY_25,t07a_raw_v0.2.0
pick_place_pilot_v1_E001,38,1.266667,P001,0,0,idle,646.979,216.047,0.0,0.0,171.15145569056668,558.911,210.147,-0.514561793498401,-0.034472391579694846,462.935,288.403,-1.0753282772700599,0.42276006188820314,541.312,278.698,-0.6173888476358665,0.36605589912872183,729.347,225.78,0.48125795756547457,0.05686776055002877,1.9400000000000546,-1.896000000000015,0.013000000000033651,0.0049999999999954525,0.013928388277213896,0.011704699910683241,0.010198039027167377,0.0039999999999054126,-0.01099999999999568,0.0019999999999527063,0.009999999999990905,"[0.77842,0.761889,0.764296,0.74865,0.773071]",true,valid,null,valid,true,Neck,shoulder_width,2,true,true,true,valid,valid,null,null,null,true,true,valid,valid,null,null,null,false,false,T06C_P001_raw_BODY_25,t07a_raw_v0.2.0
pick_place_pilot_v1_E001,39,1.3,P001,0,0,idle,646.982,216.046,0.0,0.0,171.14819423236693,558.915,210.144,-0.5145657562733729,-0.03448473427646496,462.934,288.403,-1.0753721406497518,0.4227739610373063,543.204,276.758,-0.6063633943990155,0.3547335119269307,729.348,225.774,0.4812554428016467,0.05683962979353646,1.9429999999999836,-1.8970000000000198,0.0029999999999290594,-0.0010000000000047748,0.003162277660102589,0.005000000000006821,0.006082762530294557,0.004000000000019099,-0.002999999999985903,0.0009999999999763531,-0.006000000000000227,"[0.779997,0.759951,0.77314,0.74792,0.7733]",true,valid,null,valid,true,Neck,shoulder_width,2,true,true,true,valid,valid,null,null,null,true,true,valid,valid,null,null,null,false,false,T06C_P001_raw_BODY_25,t07a_raw_v0.2.0
pick_place_pilot_v1_E001,40,1.333333,P001,0,0,idle,646.981,217.939,0.0,0.0,171.14513427205577,558.914,210.139,-0.5145749563642688,-0.04557535353357429,462.927,288.412,-1.0754264255472434,0.4117733191758445,541.256,276.72,-0.6177505451714299,0.34345703282782536,729.342,225.79,0.4812348323562461,0.045873346229755446,1.9420000000000073,-0.004000000000019099,-0.0009999999999763531,1.8930000000000007,1.8930002641309913,0.005099019513583688,0.01708800749061686,-0.0009999999999763531,-0.0049999999999954525,-0.005999999999971806,0.015999999999991132,"[0.781582,0.76299,0.782725,0.771786,0.775508]",true,valid,null,valid,true,Neck,shoulder_width,2,true,true,true,valid,valid,null,null,null,true,true,valid,valid,null,null,null,false,false,T06C_P001_raw_BODY_25,t07a_raw_v0.2.0
pick_place_pilot_v1_E001,41,1.366667,P001,0,0,idle,647.005,216.017,0.0,0.0,169.28738420213122,560.784,210.092,-0.5093173387158672,-0.034999654746424934,462.886,286.53,-1.0876120560771358,0.416528380613446,541.302,274.796,-0.6243997477909475,0.3472142964287117,729.343,225.779,0.4863800122381676,0.05766525394676813,1.9660000000000082,-1.9260000000000161,0.02400000000000091,-1.921999999999997,1.9221498380719408,1.870590548463243,0.011045361017180818,1.8700000000000045,-0.046999999999997044,0.0009999999999763531,-0.01099999999999568,"[0.793978,0.764586,0.791943,0.781817,0.776124]",true,valid,null,valid,true,Neck,shoulder_width,2,true,true,true,valid,valid,null,null,null,true,true,valid,valid,null,null,null,false,false,T06C_P001_raw_BODY_25,t07a_raw_v0.2.0
pick_place_pilot_v1_E001,42,1.4,P001,0,0,idle,647.008,216.01,0.0,0.0,169.27254142358706,560.797,210.085,-0.5093029222280411,-0.03500272371508432,462.881,286.502,-1.0877546851455444,0.41644084390273944,541.272,274.796,-0.6246494505887199,0.3472860955805827,729.341,225.773,0.48639312263865725,0.05767621799668681,1.969000000000051,-1.9330000000000211,0.0030000000000427463,-0.007000000000005002,0.007615773105885345,0.014764823060265402,0.006324555320322019,0.013000000000033651,-0.007000000000005002,-0.0019999999999527063,-0.006000000000000227,"[0.795309,0.761773,0.792262,0.776872,0.775982]",true,valid,null,valid,true,Neck,shoulder_width,2,true,true,true,valid,valid,null,null,null,true,true,valid,valid,null,null,null,false,false,T06C_P001_raw_BODY_25,t07a_raw_v0.2.0
pick_place_pilot_v1_E001,43,1.433333,P001,0,0,idle,647.001,216.008,0.0,0.0,169.2608711575124,560.804,210.084,-0.5092553252888907,-0.03499922905682787,462.873,286.457,-1.0878355921295737,0.4162155111114894,541.27,274.771,-0.624662978968174,0.34717415548048175,729.336,225.775,0.4864384747457665,0.057703826839641675,1.961999999999989,-1.9350000000000023,-0.007000000000061846,-0.001999999999981128,0.0072801098893348,0.00707106781181483,0.005385164807133828,0.006999999999948159,-0.0010000000000047748,-0.0049999999999954525,0.0020000000000095497,"[0.795184,0.762017,0.787052,0.770398,0.776979]",true,valid,null,valid,true,Neck,shoulder_width,2,true,true,true,valid,valid,null,null,null,true,true,valid,valid,null,null,null,false,false,T06C_P001_raw_BODY_25,t07a_raw_v0.2.0
pick_place_pilot_v1_E001,44,1.466667,P001,0,0,idle,647.003,216.043,0.0,0.0,169.27038869808263,560.807,210.091,-0.5092207837588335,-0.03516267697958809,462.808,284.59,-1.0881702429864302,0.4049556483400243,541.293,274.745,-0.624503794272893,0.346794264794318,729.348,225.788,0.4864702009214011,0.057570612763119325,1.9640000000000555,-1.9000000000000057,0.002000000000066393,0.03499999999999659,0.03505709628591659,0.007615773105885345,0.01769180601291973,0.0030000000000427463,0.007000000000005002,0.011999999999943611,0.01300000000000523,"[0.789481,0.766409,0.810202,0.767367,0.777359]",true,valid,null,valid,true,Neck,shoulder_width,2,true,true,true,valid,valid,null,null,null,true,true,valid,valid,null,null,null,false,false,T06C_P001_raw_BODY_25,t07a_raw_v0.2.0
pick_place_pilot_v1_E001,45,1.5,P001,0,0,idle,647.017,216.032,0.0,0.0,169.27335916203714,560.81,210.076,-0.5092768314326317,-0.035185690350119585,460.906,282.593,-1.0994701169830574,0.3932160401938051,537.336,272.737,-0.6479519313786865,0.3349906936372609,729.351,225.805,0.4863966805384043,0.05773501541163828,1.9780000000000655,-1.9110000000000014,0.014000000000010004,-0.01099999999999568,0.017804493814770055,0.015297058540778934,0.017262676501635467,0.0029999999999290594,-0.01500000000001478,0.0030000000000427463,0.016999999999995907,"[0.794849,0.761149,0.793035,0.80321,0.774874]",true,valid,null,valid,true,Neck,shoulder_width,2,true,true,true,valid,valid,null,null,null,true,true,valid,valid,null,null,null,false,false,T06C_P001_raw_BODY_25,t07a_raw_v0.2.0
pick_place_pilot_v1_E001,46,1.533333,P001,0,1,reach,647.008,216.043,0.0,0.0,169.28571992049413,560.796,210.092,-0.5092691813608962,-0.03515358532778139,460.902,282.588,-1.0993603009598545,0.3930928139198817,537.338,272.732,-0.6478396408835141,0.3348717188113935,729.351,225.804,0.4864143298009587,0.057659913692568385,1.969000000000051,-1.9000000000000057,-0.009000000000014552,0.01099999999999568,0.014212670403557767,0.02126029162541574,0.0010000000000047748,-0.013999999999896318,0.016000000000019554,0.0,-0.0010000000000047748,"[0.791835,0.762312,0.79021,0.800802,0.774078]",true,valid,null,valid,true,Neck,shoulder_width,2,true,true,true,valid,valid,null,null,null,true,true,valid,valid,null,null,null,false,false,T06C_P001_raw_BODY_25,t07a_raw_v0.2.0
pick_place_pilot_v1_E001,47,1.566667,P001,0,1,reach,647.006,217.95,0.0,0.0,169.29892862626158,560.789,210.076,-0.5092589817288781,-0.0465094496692437,460.892,278.743,-1.0993217825427517,0.35908673783875217,537.302,270.81,-0.6479899246272177,0.3122287921661448,729.354,225.823,0.4864059133049131,0.046503542957322425,1.9669999999999845,0.0069999999999765805,-0.002000000000066393,1.9069999999999823,1.9070010487673918,0.017464249196615683,0.019235384061683403,-0.007000000000061846,-0.016000000000019554,0.0030000000000427463,0.019000000000005457,"[0.792365,0.76881,0.79206,0.767836,0.777753]",true,valid,null,valid,true,Neck,shoulder_width,2,true,true,true,valid,valid,null,null,null,true,true,valid,valid,null,null,null,false,false,T06C_P001_raw_BODY_25,t07a_raw_v0.2.0
pick_place_pilot_v1_E001,48,1.6,P001,0,1,reach,647.015,217.94,0.0,0.0,171.18833176650793,558.899,210.071,-0.514731343490079,-0.04596691794819819,460.873,276.804,-1.0873521464879283,0.34385521134867675,531.398,266.92,-0.6753789747638618,0.28611763135121976,729.362,225.813,0.48103161675947076,0.04599028402670783,1.975999999999999,-0.0030000000000143245,0.009000000000014552,-0.009999999999990905,0.013453624047076685,1.8900066137450282,0.012806248474833632,-1.8899999999999864,-0.0049999999999954525,0.007999999999924512,-0.010000000000019327,"[0.783288,0.77052,0.809821,0.730103,0.778765]",true,valid,null,valid,true,Neck,shoulder_width,2,true,true,true,valid,valid,null,null,null,true,true,valid,valid,null,null,null,false,false,T06C_P001_raw_BODY_25,t07a_raw_v0.2.0
pick_place_pilot_v1_E001,49,1.633333,P001,0,1,reach,647.022,214.121,0.0,0.0,169.44955577988392,560.827,208.135,-0.5086764589218984,-0.03532614749238925,460.836,276.714,-1.0987694782856607,0.3693901687255451,525.636,261.056,-0.7163547844154946,0.27698508729623844,729.352,225.812,0.48586731090016627,0.06899398435240921,1.983000000000061,-3.8220000000000027,0.007000000000061846,-3.8189999999999884,3.8190064152865615,2.732266458455327,0.010049875621109488,1.9279999999999973,-1.936000000000007,-0.009999999999990905,-0.0009999999999763531,"[0.804405,0.739475,0.822511,0.784884,0.779281]",true,valid,null,valid,true,Neck,shoulder_width,2,true,true,true,valid,valid,null,null,null,true,true,valid,valid,null,null,null,false,false,T06C_P001_raw_BODY_25,t07a_raw_v0.2.0
pick_place_pilot_v1_E001,50,1.666667,P001,0,1,reach,646.941,216.024,0.0,0.0,171.4296486900676,558.825,208.147,-0.5140067699684046,-0.045948877922751014,458.922,274.824,-1.0967706078656483,0.34299784459283444,525.552,257.169,-0.7080980502938703,0.2400109917648327,729.34,225.832,0.48065781286743126,0.05721297380555301,1.9020000000000437,-1.9190000000000111,-0.08100000000001728,1.9029999999999916,1.9047230769852006,2.002035963712893,0.02332380757933659,-2.0019999999999527,0.012000000000000455,-0.011999999999943611,0.01999999999998181,"[0.779918,0.756754,0.827764,0.823817,0.776341]",true,valid,null,valid,true,Neck,shoulder_width,2,true,true,true,valid,valid,null,null,null,true,true,valid,valid,null,null,null,false,false,T06C_P001_raw_BODY_25,t07a_raw_v0.2.0
pick_place_pilot_v1_E001,51,1.7,P001,0,1,reach,645.062,216.052,0.0,0.0,171.22301273193398,558.847,210.032,-0.5035246058599487,-0.035158825346829216,457.003,274.783,-1.0983278298836174,0.34300879924329464,523.564,253.25,-0.7095891963436994,0.2172488347593617,729.339,225.837,0.4922060338463017,0.0571476920296885,0.023000000000024556,-1.8910000000000196,-1.879000000000019,0.027999999999991587,1.8792086100271228,1.8851283775913168,0.005099019513583688,0.021999999999934516,1.8850000000000193,-0.0009999999999763531,0.0049999999999954525,"[0.778767,0.742477,0.806652,0.790915,0.774777]",true,valid,null,valid,true,Neck,shoulder_width,2,true,true,true,valid,valid,null,null,null,true,true,valid,valid,null,null,null,false,false,T06C_P001_raw_BODY_25,t07a_raw_v0.2.0
pick_place_pilot_v1_E001,52,1.733333,P001,0,1,reach,645.084,217.961,0.0,0.0,171.3944079192783,558.868,208.145,-0.5030269134603568,-0.057271413456050725,456.94,274.705,-1.097725429225265,0.3310726451864446,515.758,253.181,-0.7545520391826822,0.20549095170355602,729.343,225.874,0.4916088046448021,0.046168367428456425,0.04499999999995907,0.018000000000000682,0.021999999999934516,1.9090000000000202,1.9091267637325904,1.8871168485284648,0.03721558813185273,0.02100000000007185,-1.8870000000000005,0.0039999999999054126,0.03700000000000614,"[0.762905,0.713871,0.80972,0.719291,0.76765]",true,valid,null,valid,true,Neck,shoulder_width,2,true,true,true,valid,valid,null,null,null,true,true,valid,valid,null,null,null,false,false,T06C_P001_raw_BODY_25,t07a_raw_v0.2.0
pick_place_pilot_v1_E001,53,1.766667,P001,0,1,reach,643.115,219.917,0.0,0.0,173.28027283277234,556.948,210.116,-0.4972695309820827,-0.05656154529176349,455.029,272.837,-1.0854438126463262,0.3054011811896875,511.903,243.441,-0.7572241078280665,0.13575694229603572,729.335,227.688,0.49757539384306254,0.04484642061649769,-1.9239999999999782,1.9739999999999895,-1.9689999999999372,1.9559999999999889,2.775409339178585,2.751588813758388,1.8140176404875377,-1.9200000000000728,1.9710000000000036,-0.007999999999924512,1.813999999999993,"[0.749927,0.709805,0.777404,0.739203,0.763913]",true,valid,null,valid,true,Neck,shoulder_width,2,true,true,true,valid,valid,null,null,null,true,true,valid,valid,null,null,null,false,false,T06C_P001_raw_BODY_25,t07a_raw_v0.2.0
pick_place_pilot_v1_E001,54,1.8,P001,0,1,reach,641.13,223.774,0.0,0.0,173.09764699729453,556.927,212.059,-0.48644797581399846,-0.06767856295691359,449.181,272.813,-1.1089058882643281,0.28330252230850056,507.885,241.394,-0.7697678293806188,0.10179225602226355,729.313,227.739,0.5094407782526257,0.02290614614802924,-3.908999999999992,5.830999999999989,-1.9850000000000136,3.8569999999999993,4.337819037258245,1.9431134809886772,0.05554277630802918,-0.020999999999958163,1.9429999999999836,-0.022000000000048203,0.051000000000016144,"[0.760828,0.68793,0.788515,0.792913,0.7506]",true,valid,null,valid,true,Neck,shoulder_width,2,true,true,true,valid,valid,null,null,null,true,true,valid,valid,null,null,null,false,false,T06C_P001_raw_BODY_25,t07a_raw_v0.2.0
pick_place_pilot_v1_E001,55,1.833333,P001,0,1,reach,647.012,225.819,0.0,0.0,162.71405162738716,566.699,221.91,-0.49358367760342914,-0.024023739565846136,449.129,270.872,-1.2161395897949192,0.27688450720390606,503.995,237.51,-0.8789468307722237,0.07184997167160599,729.308,227.756,0.5057707012818825,0.01190431914531705,1.9729999999999563,7.875999999999976,5.881999999999948,2.0449999999999875,6.22735489594092,13.875668812709486,0.01772004514666414,9.771999999999935,9.850999999999999,-0.0049999999999954525,0.016999999999995907,"[0.807919,0.600781,0.75004,0.732268,0.746297]",true,valid,null,valid,true,Neck,shoulder_width,2,true,true,true,valid,valid,null,null,null,true,true,valid,valid,null,null,null,false,false,T06C_P001_raw_BODY_25,t07a_raw_v0.2.0
pick_place_pilot_v1_E001,56,1.866667,P001,0,1,reach,646.993,225.733,0.0,0.0,163.04220491946248,566.664,216.033,-0.4926883811445016,-0.05949379796962081,449.181,268.925,-1.2132564086563522,0.2649130022581297,494.298,233.621,-0.936536647522808,0.04838011117364623,729.285,227.745,0.5047282085068064,0.012340363042770813,1.9540000000000646,7.789999999999992,-0.01899999999989177,-0.08599999999998431,0.08807383266324448,5.8771042189159886,0.025495097567984213,-0.03499999999996817,-5.8770000000000095,-0.023000000000024556,-0.01099999999999568,"[0.799202,0.609269,0.752278,0.744749,0.749865]",true,valid,null,valid,true,Neck,shoulder_width,2,true,true,true,valid,valid,null,null,null,true,true,valid,valid,null,null,null,false,false,T06C_P001_raw_BODY_25,t07a_raw_v0.2.0
pick_place_pilot_v1_E001,57,1.9,P001,0,1,reach,648.965,225.786,0.0,0.0,158.81845465814104,570.574,221.904,-0.4935887341854434,-0.024443003228787643,447.164,263.014,-1.2706394885555305,0.23440600829502972,492.192,227.711,-0.9871207998935395,0.012120757654666777,729.286,227.718,0.5057409743275239,0.012164833137047236,3.9260000000000446,7.842999999999989,1.97199999999998,0.05299999999999727,1.9727120925264083,7.053845830467226,0.02701851217222694,3.909999999999968,5.871000000000009,0.0009999999999763531,-0.027000000000015234,"[0.830086,0.64387,0.761712,0.806181,0.759278]",true,valid,null,valid,true,Neck,shoulder_width,2,true,true,true,valid,valid,null,null,null,true,true,valid,valid,null,null,null,false,false,T06C_P001_raw_BODY_25,t07a_raw_v0.2.0
pick_place_pilot_v1_E001,58,1.933333,P001,0,1,reach,648.956,225.793,0.0,0.0,158.78179173003429,570.552,223.783,-0.49378457785200525,-0.012658882218796746,447.158,263.013,-1.2709139870590653,0.2344097493450796,492.19,227.71,-0.9873046417472,0.012073172743001567,729.285,227.719,0.5059081342058276,0.012129854305175197,3.91700000000003,7.849999999999994,-0.009000000000014552,0.007000000000005002,0.011401754251005937,1.8791287874970044,0.0014142135623597504,-0.021999999999934516,1.8789999999999907,-0.0009999999999763531,0.0010000000000047748,"[0.829211,0.640904,0.762763,0.807383,0.758776]",true,valid,null,valid,true,Neck,shoulder_width,2,true,true,true,valid,valid,null,null,null,true,true,valid,valid,null,null,null,false,false,T06C_P001_raw_BODY_25,t07a_raw_v0.2.0
pick_place_pilot_v1_E001,59,1.966667,P001,0,1,reach,648.906,225.775,0.0,0.0,160.76847614193522,568.607,221.902,-0.4994698085531869,-0.024090543699504387,447.138,261.036,-1.2550221588333532,0.21932782375115412,482.471,225.736,-1.035246486090109,-0.0002425848707154775,729.271,227.697,0.4998803367959362,0.011955080038845116,3.866999999999962,7.831999999999994,-0.05000000000006821,-0.018000000000000682,0.0531413210224101,2.7057690219233783,0.026076809620808678,-1.94500000000005,-1.8810000000000002,-0.014000000000010004,-0.02199999999999136,"[0.820056,0.622581,0.77134,0.781566,0.760976]",true,valid,null,valid,true,Neck,shoulder_width,2,true,true,true,valid,valid,null,null,null,true,true,valid,valid,null,null,null,false,false,T06C_P001_raw_BODY_25,t07a_raw_v0.2.0
pick_place_pilot_v1_E001,60,2.0,P001,0,1,reach,647.048,225.748,0.0,0.0,162.7237579611532,566.652,221.85,-0.49406430263977047,-0.02395470734476621,445.253,259.089,-1.2401077908253213,0.20489325232987463,478.545,223.843,-1.0355156623178925,-0.011706956770595101,729.271,227.688,0.5052919194481049,0.01192204521519919,2.0090000000000146,7.804999999999978,-1.8579999999999472,-0.027000000000015234,1.8581961683309447,1.955691437829525,0.009000000000014552,-1.9549999999999272,-0.0519999999999925,0.0,-0.009000000000014552,"[0.810108,0.609484,0.788741,0.824698,0.76374]",true,valid,null,valid,true,Neck,shoulder_width,2,true,true,true,valid,valid,null,null,null,true,true,valid,valid,null,null,null,false,false,T06C_P001_raw_BODY_25,t07a_raw_v0.2.0
pick_place_pilot_v1_E001,61,2.033333,P001,0,1,reach,647.032,225.75,0.0,0.0,164.63646918286352,564.738,221.853,-0.4998527993733584,-0.023670332699321624,445.183,259.073,-1.2260284796062053,0.20240351463677078,476.6,217.93,-1.0352019868131364,-0.0474985890964063,729.271,227.689,0.4995187300127055,0.01177746346009355,1.9930000000000518,7.806999999999988,-0.01599999999996271,0.0020000000000095497,0.016124515496561284,1.914002351095722,0.0010000000000047748,-1.9139999999999873,0.0030000000000143245,0.0,0.0010000000000047748,"[0.801449,0.60579,0.7542,0.808806,0.760987]",true,valid,null,valid,true,Neck,shoulder_width,2,true,true,true,valid,valid,null,null,null,true,true,valid,valid,null,null,null,false,false,T06C_P001_raw_BODY_25,t07a_raw_v0.2.0
pick_place_pilot_v1_E001,62,2.066667,P001,0,1,reach,648.865,221.886,0.0,0.0,161.2627598734438,568.592,212.145,-0.49777766462013223,-0.060404522455429585,443.244,257.134,-1.2750680948370705,0.21857495200790333,476.488,212.151,-1.0689200664510423,-0.060367316097280264,729.271,225.854,0.49860240555910845,0.024605804856087262,3.826000000000022,3.9429999999999836,1.83299999999997,-3.8640000000000043,4.2767259673726965,10.445026567701943,1.8349999999999795,3.853999999999928,-9.707999999999998,0.0,-1.8349999999999795,"[0.788508,0.660027,0.775234,0.810224,0.766916]",true,valid,null,valid,true,Neck,shoulder_width,2,true,true,true,valid,valid,null,null,null,true,true,valid,valid,null,null,null,false,false,T06C_P001_raw_BODY_25,t07a_raw_v0.2.0
pick_place_pilot_v1_E001,63,2.1,P001,0,1,reach,648.897,223.765,0.0,0.0,159.14580719893314,570.553,214.033,-0.49227812770505236,-0.061151469657224115,441.324,249.301,-1.3042944935428467,0.16045663061722926,468.745,212.027,-1.1319933787184795,-0.07375626293017845,729.26,225.843,0.5049646070759862,0.013057208584845038,3.858000000000061,5.821999999999974,0.03200000000003911,1.8789999999999907,1.879272465610021,2.7221434569103744,0.015556349186097936,1.9610000000000127,1.8879999999999768,-0.010999999999967258,-0.011000000000024102,"[0.800853,0.677747,0.679842,0.77615,0.767403]",true,valid,null,valid,true,Neck,shoulder_width,2,true,true,true,valid,valid,null,null,null,true,true,valid,valid,null,null,null,false,false,T06C_P001_raw_BODY_25,t07a_raw_v0.2.0
pick_place_pilot_v1_E001,64,2.133333,P001,0,1,reach,648.892,219.939,0.0,0.0,159.31269893514457,570.539,212.104,-0.4918189229340543,-0.0491800092043483,490.177,239.449,-0.9962482655862365,0.12246355833782244,null,null,null,null,729.258,225.845,0.504454450506275,0.03707174656807685,3.8530000000000655,1.995999999999981,-0.0049999999999954525,-3.8259999999999934,3.8260032671183057,1.9290508028561348,0.002828427124719501,-0.014000000000010004,-1.9289999999999736,-0.0019999999999527063,0.0020000000000095497,"[0.798193,0.700136,0.0776492,0.0,0.769452]",false,missing,hand_occludes_wrist,missing,true,Neck,shoulder_width,2,true,true,false,low_quality,low_quality,low_quality,forearm_self_occlusion,not_specified,false,false,missing,missing,missing,hand_occludes_wrist,not_specified,false,false,T06C_P001_raw_BODY_25,t07a_raw_v0.2.0
pick_place_pilot_v1_E001,65,2.166667,P001,0,1,reach,648.891,219.942,0.0,0.0,159.3146914819848,570.538,212.105,-0.4918127717609776,-0.04919194788062732,488.262,239.457,-1.008249763444847,0.12249341111272673,null,null,null,null,729.259,225.846,0.5044606950708499,0.037058729142174666,3.8519999999999754,1.9989999999999952,-0.00100000000009004,0.0030000000000143245,0.003162277660210442,0.0014142135623396532,0.0014142135623597504,-0.0009999999999763531,0.0009999999999763531,0.0009999999999763531,0.0010000000000047748,"[0.798155,0.699046,0.0743248,0.0,0.76927]",false,missing,hand_occludes_wrist,missing,true,Neck,shoulder_width,2,true,true,false,low_quality,low_quality,low_quality,forearm_self_occlusion,not_specified,false,false,missing,missing,missing,hand_occludes_wrist,not_specified,false,false,T06C_P001_raw_BODY_25,t07a_raw_v0.2.0
pick_place_pilot_v1_E001,66,2.2,P001,0,1,reach,647.029,216.02,0.0,0.0,163.36920782387355,566.65,210.141,-0.4920082619648599,-0.03598597360120703,429.608,239.441,-1.330856670581393,0.1433623894733572,449.213,200.374,-1.2108524160395213,-0.09577080166090898,729.262,225.852,0.5033567897853456,0.06018269985491855,1.990000000000009,-1.9230000000000018,-1.8619999999999663,-3.921999999999997,4.341558245607198,4.355897152137577,0.006708203932467847,-3.8880000000000337,-1.9639999999999986,0.0029999999999290594,0.006000000000000227,"[0.796677,0.697027,0.649237,0.772558,0.7703]",true,valid,null,valid,true,Neck,shoulder_width,2,true,true,true,valid,valid,null,null,null,true,true,valid,valid,null,null,null,false,false,T06C_P001_raw_BODY_25,t07a_raw_v0.2.0
pick_place_pilot_v1_E001,67,2.233333,P001,0,1,reach,647.029,216.021,0.0,0.0,163.37100623121586,566.647,210.143,-0.4920212089912505,-0.03597945642619698,429.608,239.44,-1.3308420203538944,0.1433485692489128,449.212,200.374,-1.2108452078701981,-0.09577586844176678,729.261,225.852,0.5033451277371616,0.06017591631948689,1.990000000000009,-1.9220000000000255,0.0,0.0009999999999763531,0.0009999999999763531,0.0036055512754102604,0.0009999999999763531,-0.0029999999999290594,0.0020000000000095497,-0.0009999999999763531,0.0,"[0.796262,0.696437,0.648632,0.772532,0.770087]",true,valid,null,valid,true,Neck,shoulder_width,2,true,true,true,valid,valid,null,null,null,true,true,valid,valid,null,null,null,false,false,T06C_P001_raw_BODY_25,t07a_raw_v0.2.0
pick_place_pilot_v1_E001,68,2.266667,P001,0,1,reach,643.111,216.01,0.0,0.0,173.24084661822678,556.922,210.136,-0.4975096905981754,-0.03390655330232026,429.477,229.739,-1.2331618331950789,0.07924805418582835,441.317,198.339,-1.1648176740021143,-0.10200250313335063,729.271,227.692,0.49734229358663856,0.06743213409562583,-1.9279999999999973,-1.9330000000000211,-3.9180000000000064,-0.01099999999999568,3.9180154415213897,9.725002519279903,1.8400271737123919,-9.725000000000023,-0.007000000000005002,0.009999999999990905,1.8400000000000034,"[0.777596,0.7505,0.683921,0.757782,0.76686]",true,valid,null,valid,true,Neck,shoulder_width,2,true,true,true,valid,valid,null,null,null,true,true,valid,valid,null,null,null,false,false,T06C_P001_raw_BODY_25,t07a_raw_v0.2.0
pick_place_pilot_v1_E001,69,2.3,P001,0,1,reach,643.107,216.016,0.0,0.0,173.24273498764674,556.92,210.138,-0.4974927231791028,-0.03392927270756331,429.483,229.738,-1.2330906690848114,0.07920678463647246,441.281,198.349,-1.16498968926109,-0.10197830230087147,729.271,227.693,0.4973599614791582,0.06740253783705656,-1.9320000000000164,-1.927000000000021,-0.004000000000019099,0.006000000000000227,0.007211102550938762,0.0028284271247998897,0.0010000000000047748,-0.002000000000066393,0.0020000000000095497,0.0,0.0010000000000047748,"[0.777093,0.751897,0.66645,0.752009,0.766409]",true,valid,null,valid,true,Neck,shoulder_width,2,true,true,true,valid,valid,null,null,null,true,true,valid,valid,null,null,null,false,false,T06C_P001_raw_BODY_25,t07a_raw_v0.2.0
pick_place_pilot_v1_E001,70,2.333333,P001,0,1,reach,645.006,214.105,0.0,0.0,173.21884589443493,556.955,210.045,-0.5083222875971648,-0.023438558195187927,429.561,227.848,-1.243773440975926,0.07933894218632218,433.445,196.357,-1.2213509385054555,-0.10245998296753568,729.273,227.688,0.48647708951573915,0.07841525516385157,-0.03300000000001546,-3.8380000000000223,1.899000000000001,-1.9110000000000014,2.694090198935442,0.09936800289836276,0.005385164807181328,0.035000000000081855,-0.09300000000001774,0.002000000000066393,-0.005000000000023874,"[0.794231,0.741846,0.626306,0.783228,0.771209]",true,valid,null,valid,true,Neck,shoulder_width,2,true,true,true,valid,valid,null,null,null,true,true,valid,valid,null,null,null,false,false,T06C_P001_raw_BODY_25,t07a_raw_v0.2.0
pick_place_pilot_v1_E001,71,2.366667,P001,0,1,reach,645.005,215.978,0.0,0.0,173.26167045829845,556.918,210.05,-0.5084044253238412,-0.03421414548480173,433.469,227.704,-1.2209047704576623,0.06767798076160345,429.618,194.493,-1.2431312674654174,-0.12400319091446795,729.277,227.713,0.48638570652753277,0.06772992531446491,-0.033999999999991815,-1.9650000000000034,-0.0009999999999763531,1.8730000000000189,1.8730002669514147,0.037336309405226385,0.025317977802352957,-0.03700000000003456,0.005000000000023874,0.004000000000019099,0.025000000000005684,"[0.786229,0.744786,0.537035,0.764045,0.767931]",true,valid,null,valid,true,Neck,shoulder_width,2,true,true,true,valid,valid,null,null,null,true,true,valid,valid,null,null,null,false,false,T06C_P001_raw_BODY_25,t07a_raw_v0.2.0
pick_place_pilot_v1_E001,72,2.4,P001,0,1,reach,643.07,215.997,0.0,0.0,173.27985809089287,556.883,210.071,-0.4973861414105681,-0.034199012310430044,460.908,221.865,-1.0512589403463621,0.033864293661424696,427.533,194.419,-1.2438664388041074,-0.12452687945232156,729.261,227.727,0.4974092254553265,0.06769396125571092,-1.9689999999999372,-1.945999999999998,-1.9349999999999454,0.019000000000005457,1.9350932794053595,0.040816663263882905,0.021260291625533383,-0.03499999999996817,0.020999999999986585,-0.016000000000076398,0.014000000000010004,"[0.784199,0.754371,0.431395,0.703307,0.763643]",true,valid,null,valid,true,Neck,shoulder_width,2,true,true,true,valid,valid,null,null,null,true,true,valid,valid,null,null,null,false,false,T06C_P001_raw_BODY_25,t07a_raw_v0.2.0
pick_place_pilot_v1_E001,73,2.433333,P001,0,1,reach,643.066,214.115,0.0,0.0,173.45864441128313,556.892,208.2,-0.49679853254055834,-0.03410034720423113,468.711,217.948,-1.0051675463725611,0.022097486193375725,419.779,194.488,-1.2872636054422877,-0.1131508900384518,729.247,227.736,0.4968388879810364,0.07852592210800169,-1.9729999999999563,-3.828000000000003,-0.004000000000019099,-1.882000000000005,1.882004250792229,1.8710216460533093,0.016643316977094154,0.009000000000014552,-1.8710000000000093,-0.014000000000010004,0.00899999999998613,"[0.787073,0.747881,0.460425,0.665512,0.757501]",true,valid,null,valid,true,Neck,shoulder_width,2,true,true,true,valid,valid,null,null,null,true,true,valid,valid,null,null,null,false,false,T06C_P001_raw_BODY_25,t07a_raw_v0.2.0
pick_place_pilot_v1_E001,74,2.466667,P001,0,1,reach,643.085,214.086,0.0,0.0,173.42610025598802,556.918,208.166,-0.4968513959133719,-0.03413557700520116,468.717,212.175,-1.0054311302775172,-0.011019102644753259,417.771,194.456,-1.2991931414442355,-0.11318942172501652,729.239,227.713,0.4967764360314346,0.07857525470437067,-1.9539999999999509,-3.8569999999999993,0.019000000000005457,-0.028999999999996362,0.03466987164671938,0.042801869118030716,0.024351591323743392,0.025999999999953616,-0.033999999999991815,-0.007999999999924512,-0.022999999999996135,"[0.789568,0.741526,0.511233,0.665243,0.763114]",true,valid,null,valid,true,Neck,shoulder_width,2,true,true,true,valid,valid,null,null,null,true,true,valid,valid,null,null,null,false,false,T06C_P001_raw_BODY_25,t07a_raw_v0.2.0
pick_place_pilot_v1_E001,75,2.5,P001,0,1,reach,643.128,214.076,0.0,0.0,173.41463525896538,556.94,208.102,-0.49700534139631763,-0.03444922622060608,470.682,212.048,-0.994414339611424,-0.01169451469290073,417.85,190.558,-1.2990714403290442,-0.13561715806096672,729.239,227.741,0.4965613188956503,0.07879957755349574,-1.9109999999999445,-3.8670000000000186,0.043000000000006366,-0.010000000000019327,0.04414748010929881,0.06767569726276353,0.02800000000002001,0.022000000000048203,-0.06399999999999295,0.0,0.02800000000002001,"[0.788599,0.700921,0.518447,0.619098,0.758471]",true,valid,null,valid,true,Neck,shoulder_width,2,true,true,true,valid,valid,null,null,null,true,true,valid,valid,null,null,null,false,false,T06C_P001_raw_BODY_25,t07a_raw_v0.2.0
pick_place_pilot_v1_E001,76,2.533333,P001,0,1,reach,646.951,214.05,0.0,0.0,171.70003873033934,558.91,206.16,-0.5127605133407768,-0.045952231917614904,482.474,210.144,-0.9579322242222477,-0.02274897564894851,423.681,194.38,-1.300349153389843,-0.11456025371603094,729.248,227.744,0.4793068225759123,0.07975536931303127,1.9120000000000346,-3.8930000000000007,3.822999999999979,-0.025999999999982037,3.823088411219369,2.7662725823750067,0.009486832980514484,1.9699999999999136,-1.9420000000000073,0.009000000000014552,0.002999999999985903,"[0.798831,0.676969,0.538198,0.540466,0.758153]",true,valid,null,valid,true,Neck,shoulder_width,2,true,true,true,valid,valid,null,null,null,true,true,valid,valid,null,null,null,false,false,T06C_P001_raw_BODY_25,t07a_raw_v0.2.0
pick_place_pilot_v1_E001,77,2.566667,P001,0,1,reach,645.021,214.064,0.0,0.0,173.60459684294082,556.963,206.187,-0.5072331124945131,-0.04537322250243329,478.586,210.12,-0.9587015725774406,-0.022718292439964045,417.812,192.529,-1.3087729480202344,-0.1240462544864673,729.225,227.736,0.4850332395067798,0.07875367500993642,-0.018000000000029104,-3.879000000000019,-1.9300000000000637,0.013999999999981583,1.930050776534194,1.947187202094347,0.024351591323798247,-1.9470000000000027,0.027000000000015234,-0.023000000000024556,-0.008000000000009777,"[0.790561,0.691496,0.582644,0.567937,0.757053]",true,valid,null,valid,true,Neck,shoulder_width,2,true,true,true,valid,valid,null,null,null,true,true,valid,valid,null,null,null,false,false,T06C_P001_raw_BODY_25,t07a_raw_v0.2.0
pick_place_pilot_v1_E001,78,2.6,P001,0,1,reach,645.017,214.011,0.0,0.0,170.69813666235493,558.878,200.341,-0.5046276525582998,-0.08008288940517014,486.362,208.125,-0.929447755565273,-0.03448192297284795,421.69,194.405,-1.3083153944541661,-0.11485772711614972,727.364,227.733,0.4824129988184016,0.0803875207328271,-0.021999999999934516,-3.9320000000000164,-0.0039999999999054126,-0.05299999999999727,0.05315072906366341,6.151661645441851,1.8610024180532283,1.9150000000000773,-5.846000000000004,-1.86099999999999,-0.002999999999985903,"[0.790387,0.691597,0.5751,0.559955,0.753966]",true,valid,null,valid,true,Neck,shoulder_width,2,true,true,true,valid,valid,null,null,null,true,true,valid,valid,null,null,null,false,false,T06C_P001_raw_BODY_25,t07a_raw_v0.2.0
pick_place_pilot_v1_E001,79,2.633333,P001,0,1,reach,643.125,214.015,0.0,0.0,170.68266501317586,558.874,200.342,-0.4936119317887157,-0.08010772505189373,486.366,208.125,-0.9184236723037983,-0.034508483913965764,421.693,194.406,-1.2973315127397769,-0.11488571495228447,727.344,227.736,0.4934244493633771,0.08038894868990246,-1.9139999999999873,-3.9280000000000257,-1.8920000000000528,0.003999999999990678,1.8920042283251377,0.004123105625637348,0.020223748416136604,-0.004000000000019099,0.0010000000000047748,-0.01999999999998181,0.002999999999985903,"[0.787419,0.692864,0.57643,0.562599,0.753574]",true,valid,null,valid,true,Neck,shoulder_width,2,true,true,true,valid,valid,null,null,null,true,true,valid,valid,null,null,null,false,false,T06C_P001_raw_BODY_25,t07a_raw_v0.2.0
pick_place_pilot_v1_E001,80,2.666667,P001,0,1,reach,645.013,214.029,0.0,0.0,170.66805818605903,558.872,200.35,-0.5047283066060951,-0.08014973712941305,484.397,206.167,-0.9411017017894443,-0.046066030653662174,427.546,192.481,-1.2742103139353804,-0.12625678307365978,727.335,227.696,0.4823515359286161,0.0800794252026967,-0.025999999999953616,-3.9140000000000157,1.8880000000000337,0.014000000000010004,1.8880519060661778,0.008246211251233336,0.04099999999999543,-0.002000000000066393,0.007999999999981355,-0.009000000000014552,-0.03999999999999204,"[0.782406,0.690209,0.558152,0.572164,0.770416]",true,valid,null,valid,true,Neck,shoulder_width,2,true,true,true,valid,valid,null,null,null,true,true,valid,valid,null,null,null,false,false,T06C_P001_raw_BODY_25,t07a_raw_v0.2.0
pick_place_pilot_v1_E001,81,2.7,P001,0,1,reach,643.113,214.021,0.0,0.0,170.3639814191956,558.867,200.335,-0.494505935457715,-0.08033388211516593,482.444,202.285,-0.9430925402280884,-0.06888780070901564,425.618,190.513,-1.2766489617593195,-0.13798691369014485,727.306,225.873,0.4941948368348805,0.06956869580804825,-1.9259999999999309,-3.9220000000000255,-1.8999999999999773,-0.008000000000009777,1.9000168420305947,0.015811388300827515,1.8232306491500265,-0.0049999999999954525,-0.014999999999986358,-0.028999999999996362,-1.8230000000000075,"[0.782931,0.693476,0.542352,0.514531,0.766173]",true,valid,null,valid,true,Neck,shoulder_width,2,true,true,true,valid,valid,null,null,null,true,true,valid,valid,null,null,null,false,false,T06C_P001_raw_BODY_25,t07a_raw_v0.2.0
pick_place_pilot_v1_E001,82,2.733333,P001,0,1,reach,641.17,214.048,0.0,0.0,172.51905828922204,556.957,200.343,-0.4881373735464048,-0.07944049855074023,482.45,200.302,-0.920014296240312,-0.07967815345337285,429.548,194.42,-1.2266586781688966,-0.11377293728959714,727.294,227.695,0.49921441059350213,0.07910430381043052,-3.869000000000028,-3.8950000000000102,-1.9430000000000973,0.027000000000015234,1.9431875874450153,1.9100167538531903,1.822039516585744,-1.9099999999999682,0.007999999999981355,-0.012000000000057298,1.8220000000000027,"[0.779113,0.707522,0.516306,0.549942,0.766763]",true,valid,null,valid,true,Neck,shoulder_width,2,true,true,true,valid,valid,null,null,null,true,true,valid,valid,null,null,null,false,false,T06C_P001_raw_BODY_25,t07a_raw_v0.2.0
pick_place_pilot_v1_E001,83,2.766667,P001,0,1,reach,641.163,214.07,0.0,0.0,172.5656376107364,556.93,200.356,-0.4881215122909232,-0.07947120985311831,482.476,200.314,-0.9195747322416354,-0.0797145955038279,429.557,192.522,-1.2262348572392414,-0.1248684286068976,727.31,227.734,0.4992129440875441,0.07918146503084512,-3.8759999999999764,-3.873000000000019,-0.006999999999948159,0.02199999999999136,0.02308679276120644,0.029966648127584997,0.04215447781671634,-0.027000000000043656,0.01300000000000523,0.01599999999996271,0.03900000000001569,"[0.772494,0.711629,0.50786,0.565105,0.762804]",true,valid,null,valid,true,Neck,shoulder_width,2,true,true,true,valid,valid,null,null,null,true,true,valid,valid,null,null,null,false,false,T06C_P001_raw_BODY_25,t07a_raw_v0.2.0
pick_place_pilot_v1_E001,84,2.8,P001,0,1,reach,641.122,214.076,0.0,0.0,172.5937775587521,556.903,200.352,-0.4879608129055013,-0.0795161922643952,486.376,198.405,-0.8965908399989877,-0.09079701610137988,433.505,194.459,-1.2029228569919082,-0.11365994926046642,727.307,227.758,0.49935172182358717,0.07927284629564685,-3.91700000000003,-3.8670000000000186,-0.04100000000005366,0.006000000000000227,0.04143669871025445,0.02729468812784172,0.02418677324488775,-0.02699999999992997,-0.003999999999990678,-0.0029999999999290594,0.02400000000000091,"[0.775064,0.718353,0.49473,0.571053,0.754277]",true,valid,null,valid,true,Neck,shoulder_width,2,true,true,true,valid,valid,null,null,null,true,true,valid,valid,null,null,null,false,false,T06C_P001_raw_BODY_25,t07a_raw_v0.2.0
pick_place_pilot_v1_E001,85,2.833333,P001,0,1,reach,641.103,214.075,0.0,0.0,172.599531056721,556.888,200.331,-0.48792137200143687,-0.07962941681158647,488.287,198.434,-0.885378998797977,-0.09062017668437305,429.542,194.378,-1.2257333418274188,-0.11411966115670977,727.293,227.767,0.49936404503715387,0.07932814136963348,-3.9360000000000355,-3.8680000000000234,-0.019000000000005457,-0.0010000000000047748,0.019026297590446148,0.025806975801132163,0.016643316977094154,-0.014999999999986358,-0.021000000000015007,-0.014000000000010004,0.00899999999998613,"[0.776831,0.722338,0.538103,0.651986,0.748535]",true,valid,null,valid,true,Neck,shoulder_width,2,true,true,true,valid,valid,null,null,null,true,true,valid,valid,null,null,null,false,false,T06C_P001_raw_BODY_25,t07a_raw_v0.2.0
pick_place_pilot_v1_E001,86,2.866667,P001,0,1,reach,641.108,214.07,0.0,0.0,172.61672514852083,556.866,200.311,-0.4880291867866075,-0.07970838276627963,482.441,198.343,-0.9191867118524094,-0.09110936374484202,421.718,188.581,-1.2709660654912494,-0.14766240048911286,727.286,227.762,0.49924478596064054,0.07932023961304618,-3.93100000000004,-3.873000000000019,0.0049999999999954525,-0.0049999999999954525,0.007071067811859044,0.029732137494660443,0.00860232526709031,-0.022000000000048203,-0.01999999999998181,-0.007000000000061846,-0.0049999999999954525,"[0.776589,0.723773,0.577154,0.578243,0.753005]",true,valid,null,valid,true,Neck,shoulder_width,2,true,true,true,valid,valid,null,null,null,true,true,valid,valid,null,null,null,false,false,T06C_P001_raw_BODY_25,t07a_raw_v0.2.0
pick_place_pilot_v1_E001,87,2.9,P001,0,1,reach,641.119,214.051,0.0,0.0,172.8883482626865,556.888,198.43,-0.48719882424939037,-0.0903531102990552,478.549,198.353,-0.9403178504140213,-0.09079848444238962,415.861,180.825,-1.3029102438860896,-0.19218183488870186,727.271,227.756,0.49831004151361674,0.0792708134337465,-3.919999999999959,-3.8920000000000243,0.011000000000080945,-0.019000000000005457,0.021954498400145427,1.8811286505712477,0.01615549442139093,0.022000000000048203,-1.8810000000000002,-0.014999999999986358,-0.006000000000000227,"[0.778023,0.722082,0.58206,0.533851,0.751492]",true,valid,null,valid,true,Neck,shoulder_width,2,true,true,true,valid,valid,null,null,null,true,true,valid,valid,null,null,null,false,false,T06C_P001_raw_BODY_25,t07a_raw_v0.2.0
pick_place_pilot_v1_E001,88,2.933333,P001,0,1,reach,641.116,214.036,0.0,0.0,172.89194467354463,556.881,198.39,-0.48721182562352994,-0.09049582980596849,476.606,198.414,-0.9515191717614637,-0.09035701477878305,406.019,176.783,-1.3597915185922123,-0.21546984198911812,727.263,227.743,0.4982707561226361,0.07928073240127881,-3.923000000000002,-3.9070000000000107,-0.0030000000000427463,-0.014999999999986358,0.01529705854077336,0.04060788100852472,0.015264337522438639,-0.007000000000061846,-0.040000000000020464,-0.007999999999924512,-0.01300000000000523,"[0.777299,0.724101,0.592927,0.579466,0.759865]",true,valid,null,valid,true,Neck,shoulder_width,2,true,true,true,valid,valid,null,null,null,true,true,valid,valid,null,null,null,false,false,T06C_P001_raw_BODY_25,t07a_raw_v0.2.0
pick_place_pilot_v1_E001,89,2.966667,P001,0,1,reach,639.196,214.032,0.0,0.0,172.89466553077924,556.862,198.393,-0.4762090244209571,-0.09045391858672416,476.592,198.417,-0.9404801443746845,-0.09031510574408196,407.985,180.729,-1.3372940066727457,-0.1926201707713839,727.249,227.733,0.5092869680489045,0.07924478154336635,-5.842999999999961,-3.9110000000000014,-1.919999999999959,-0.003999999999990678,1.9200041666621046,0.01923538406167897,0.01720465053408811,-0.019000000000005457,0.0030000000000143245,-0.014000000000010004,-0.009999999999990905,"[0.780522,0.719346,0.546585,0.483833,0.76105]",true,valid,null,valid,true,Neck,shoulder_width,2,true,true,true,valid,valid,null,null,null,true,true,valid,valid,null,null,null,false,false,T06C_P001_raw_BODY_25,t07a_raw_v0.2.0
pick_place_pilot_v1_E001,90,3.0,P001,0,1,reach,639.153,214.012,0.0,0.0,172.9920523752464,554.923,198.341,-0.48690098096120726,-0.09058797664303779,451.094,194.527,-1.0870961840031304,-0.11263523226913366,386.497,167.022,-1.4605064020626233,-0.27163097584432067,725.399,227.738,0.49855469552392573,0.07934468555946253,-5.885999999999967,-3.9310000000000116,-0.043000000000006366,-0.020000000000010232,0.047423622805527595,1.9396971413083697,1.8500067567444407,-1.9389999999999645,-0.0519999999999925,-1.8500000000000227,0.0049999999999954525,"[0.793482,0.713333,0.607249,0.648959,0.771896]",true,valid,null,valid,true,Neck,shoulder_width,2,true,true,true,valid,valid,null,null,null,true,true,valid,valid,null,null,null,false,false,T06C_P001_raw_BODY_25,t07a_raw_v0.2.0
pick_place_pilot_v1_E001,91,3.033333,P001,0,1,reach,639.15,214.01,0.0,0.0,172.9940919713734,554.92,198.342,-0.4868952404105117,-0.09056956698031443,449.162,194.495,-1.0982340369834058,-0.1128073206293616,384.55,169.016,-1.4717265607089662,-0.26008980704060974,725.396,227.751,0.49854881757621955,0.07943045825098952,-5.88900000000001,-3.933000000000021,-0.0030000000000427463,-0.0020000000000095497,0.0036055512755048535,0.003162277660210442,0.013341664064141041,-0.0030000000000427463,0.0010000000000047748,-0.0030000000000427463,0.01300000000000523,"[0.793545,0.71432,0.614159,0.65596,0.768494]",true,valid,null,valid,true,Neck,shoulder_width,2,true,true,true,valid,valid,null,null,null,true,true,valid,valid,null,null,null,false,false,T06C_P001_raw_BODY_25,t07a_raw_v0.2.0
pick_place_pilot_v1_E001,92,3.066667,P001,0,1,reach,637.282,214.027,0.0,0.0,173.0057129837047,554.904,198.359,-0.4761576862364029,-0.09056348330806703,460.899,196.404,-1.0195212456169782,-0.10186368817577654,384.481,167.029,-1.4612292024357092,-0.27165576898854604,725.393,227.761,0.5092953202551126,0.0793846617151516,-7.756999999999948,-3.9160000000000252,-1.8679999999999382,0.016999999999995907,1.8680773538587123,0.023345235059828967,0.010440306508881454,-0.01599999999996271,0.016999999999995907,-0.0029999999999290594,0.009999999999990905,"[0.795684,0.714853,0.52741,0.567278,0.767689]",true,valid,null,valid,true,Neck,shoulder_width,2,true,true,true,valid,valid,null,null,null,true,true,valid,valid,null,null,null,false,false,T06C_P001_raw_BODY_25,t07a_raw_v0.2.0
pick_place_pilot_v1_E001,93,3.1,P001,0,1,reach,637.284,214.024,0.0,0.0,173.0029609746608,554.911,198.355,-0.47613635937748466,-0.09057070417595339,462.839,196.421,-1.008335343032368,-0.10174970359367587,384.464,167.085,-1.4613622713488108,-0.27131905567139397,725.396,227.764,0.5093092020136317,0.0794206059976769,-7.7549999999999955,-3.919000000000011,0.0019999999999527063,-0.002999999999985903,0.003605551275426026,0.008062257748263016,0.004242640687079252,0.006999999999948159,-0.004000000000019099,0.0029999999999290594,0.0030000000000143245,"[0.795987,0.717697,0.515579,0.523786,0.767802]",true,valid,null,valid,true,Neck,shoulder_width,2,true,true,true,valid,valid,null,null,null,true,true,valid,valid,null,null,null,false,false,T06C_P001_raw_BODY_25,t07a_raw_v0.2.0
pick_place_pilot_v1_E001,94,3.133333,P001,0,1,reach,637.263,214.029,0.0,0.0,173.01200005201954,554.885,198.379,-0.4761403831828511,-0.0904561533032074,462.836,196.417,-1.0081786231449554,-0.10179640715502157,384.466,176.764,-1.4611529831687484,-0.21538968388779686,725.384,227.76,0.509334612474884,0.07936443712500574,-7.775999999999954,-3.9140000000000157,-0.020999999999958163,0.0049999999999954525,0.02158703314488115,0.0353836120258748,0.012649110640626062,-0.025999999999953616,0.02400000000000091,-0.011999999999943611,-0.004000000000019099,"[0.797625,0.710711,0.507082,0.498685,0.76636]",true,valid,null,valid,true,Neck,shoulder_width,2,true,true,true,valid,valid,null,null,null,true,true,valid,valid,null,null,null,false,false,T06C_P001_raw_BODY_25,t07a_raw_v0.2.0
pick_place_pilot_v1_E001,95,3.166667,P001,0,1,reach,637.233,214.049,0.0,0.0,174.88710979371808,552.968,198.404,-0.48182510477411283,-0.08945770799490893,456.973,196.443,-1.0307220481407648,-0.10067065560615948,380.528,176.75,-1.4678325938531849,-0.21327472358594482,725.372,227.77,0.5039765372299951,0.07845632543292713,-7.80600000000004,-3.8940000000000055,-0.030000000000086402,0.020000000000010232,0.03605551275471746,1.9171630081972986,0.0156204993518697,-1.91700000000003,0.025000000000005684,-0.012000000000057298,0.010000000000019327,"[0.797127,0.699512,0.546181,0.624613,0.762025]",true,valid,null,valid,true,Neck,shoulder_width,2,true,true,true,valid,valid,null,null,null,true,true,valid,valid,null,null,null,false,false,T06C_P001_raw_BODY_25,t07a_raw_v0.2.0
pick_place_pilot_v1_E001,96,3.2,P001,0,1,reach,637.236,214.048,0.0,0.0,174.89531043741567,552.958,198.406,-0.4818768427193361,-0.08943636030536857,455.012,196.421,-1.0419032937147095,-0.10078600710284702,378.601,176.779,-1.4787989417963818,-0.21309319218902842,725.371,227.768,0.5039300355142348,0.07844692899818802,-7.802999999999997,-3.8950000000000102,0.0030000000000427463,-0.0010000000000047748,0.003162277660210442,0.010198039027178524,0.002236067977497756,-0.009999999999990905,0.0020000000000095497,-0.0009999999999763531,-0.0020000000000095497,"[0.796967,0.698256,0.556424,0.633177,0.762581]",true,valid,null,valid,true,Neck,shoulder_width,2,true,true,true,valid,valid,null,null,null,true,true,valid,valid,null,null,null,false,false,T06C_P001_raw_BODY_25,t07a_raw_v0.2.0
pick_place_pilot_v1_E001,97,3.233333,P001,0,1,reach,637.241,214.029,0.0,0.0,174.8807570489103,552.972,198.382,-0.4818654803537465,-0.08947239401316102,453.048,196.431,-1.0532491001767865,-0.10062856712747538,370.812,174.844,-1.5234895164908602,-0.2240669623190207,725.367,227.763,0.5039205083916298,0.07853351181547613,-7.798000000000002,-3.9140000000000157,0.0049999999999954525,-0.019000000000005457,0.01964688270439262,0.027784887978905437,0.006403124237441229,0.014000000000010004,-0.02400000000000091,-0.004000000000019099,-0.0049999999999954525,"[0.797541,0.704317,0.586833,0.676365,0.75512]",true,valid,null,valid,true,Neck,shoulder_width,2,true,true,true,valid,valid,null,null,null,true,true,valid,valid,null,null,null,false,false,T06C_P001_raw_BODY_25,t07a_raw_v0.2.0
pick_place_pilot_v1_E001,98,3.266667,P001,0,2,align,637.236,214.01,0.0,0.0,174.83846009674193,553.006,198.354,-0.4817589902896292,-0.08954551527928793,453.087,196.459,-1.0532522415154328,-0.10038409163686661,368.791,176.822,-1.5353887231188352,-0.21269919661511008,725.354,227.759,0.5039966604100862,0.07863830413738701,-7.802999999999997,-3.933000000000021,-0.0049999999999954525,-0.019000000000005457,0.01964688270439262,0.044045431091078814,0.013601470508664565,0.033999999999991815,-0.027999999999991587,-0.012999999999919964,-0.004000000000019099,"[0.8046,0.712519,0.608048,0.731821,0.752993]",true,valid,null,valid,true,Neck,shoulder_width,2,true,true,true,valid,valid,null,null,null,true,true,valid,valid,null,null,null,false,false,T06C_P001_raw_BODY_25,t07a_raw_v0.2.0
pick_place_pilot_v1_E001,99,3.3,P001,0,2,align,637.237,212.193,0.0,0.0,174.8634288838006,552.969,198.377,-0.481907512267744,-0.07901023151719702,447.218,196.457,-1.0866709020459073,-0.08999022894865472,366.841,178.809,-1.5463267632689635,-0.1909147053394692,725.35,227.737,0.5038961008739711,0.08889222920550875,-7.802000000000021,-5.75,0.0009999999999763531,-1.8169999999999789,1.8170002751788243,0.04356604182151469,0.022360679774992814,-0.036999999999920874,0.022999999999996135,-0.004000000000019099,-0.02199999999999136,"[0.80661,0.70551,0.702874,0.782169,0.757664]",true,valid,null,valid,true,Neck,shoulder_width,2,true,true,true,valid,valid,null,null,null,true,true,valid,valid,null,null,null,false,false,T06C_P001_raw_BODY_25,t07a_raw_v0.2.0
pick_place_pilot_v1_E001,100,3.333333,P001,0,2,align,637.256,214.012,0.0,0.0,174.84463443011342,552.99,198.392,-0.48194787489279034,-0.08933645605375111,445.285,196.481,-1.0979519081366609,-0.1002661594800455,364.899,180.661,-1.557708653100607,-0.1907464882105411,725.355,227.734,0.5038701947426005,0.07848110435144513,-7.7830000000000155,-3.9310000000000116,0.019000000000005457,1.8189999999999884,1.8190992276398663,0.025806975801085905,0.005830951894834148,0.020999999999958163,0.014999999999986358,0.0049999999999954525,-0.002999999999985903,"[0.802845,0.705789,0.738396,0.784868,0.758422]",true,valid,null,valid,true,Neck,shoulder_width,2,true,true,true,valid,valid,null,null,null,true,true,valid,valid,null,null,null,false,false,T06C_P001_raw_BODY_25,t07a_raw_v0.2.0
pick_place_pilot_v1_E001,101,3.366667,P001,0,2,align,637.244,214.021,0.0,0.0,174.84889231562207,552.975,198.401,-0.48195329626615485,-0.08933428055011126,447.196,196.518,-1.0869271030721877,-0.10010357954344422,366.87,180.838,-1.5463294986847518,-0.18978101353997096,725.345,227.739,0.5038693630438774,0.07845631629874711,-7.794999999999959,-3.9220000000000255,-0.011999999999943611,0.00899999999998613,0.014999999999946566,0.01749285568453169,0.01118033988748878,-0.014999999999986358,0.009000000000014552,-0.009999999999990905,0.0049999999999954525,"[0.800471,0.705758,0.709192,0.779765,0.758068]",true,valid,null,valid,true,Neck,shoulder_width,2,true,true,true,valid,valid,null,null,null,true,true,valid,valid,null,null,null,false,false,T06C_P001_raw_BODY_25,t07a_raw_v0.2.0
pick_place_pilot_v1_E001,102,3.4,P001,0,2,align,637.25,214.011,0.0,0.0,174.86055442265985,552.969,198.397,-0.4819897791029658,-0.08929400945543735,447.184,198.369,-1.0869575509899543,-0.08945413705020816,364.91,184.707,-1.5574696128534518,-0.16758496561304825,725.351,227.734,0.5038357581038481,0.0784796779657338,-7.788999999999987,-3.9320000000000164,0.005999999999971806,-0.009999999999990905,0.011661903789668296,0.0072111025509151135,0.007810249675882084,-0.005999999999971806,-0.004000000000019099,0.005999999999971806,-0.0049999999999954525,"[0.803929,0.706675,0.720163,0.732183,0.758855]",true,valid,null,valid,true,Neck,shoulder_width,2,true,true,true,valid,valid,null,null,null,true,true,valid,valid,null,null,null,false,false,T06C_P001_raw_BODY_25,t07a_raw_v0.2.0
pick_place_pilot_v1_E001,103,3.433333,P001,0,2,align,637.225,214.021,0.0,0.0,174.8557103728671,552.97,198.384,-0.4818544376979873,-0.0894280202039455,447.157,198.391,-1.0869991011142492,-0.08938798719624401,364.849,192.508,-1.5577186436701325,-0.12303287066876493,725.343,227.745,0.5039469389480887,0.07848757109924855,-7.8139999999999645,-3.9220000000000255,-0.024999999999977263,0.009999999999990905,0.02692582403564803,0.013038404810408698,0.013601470508754416,0.0009999999999763531,-0.01300000000000523,-0.008000000000038199,0.01099999999999568,"[0.807801,0.712327,0.725807,0.773544,0.759951]",true,valid,null,valid,true,Neck,shoulder_width,2,true,true,true,valid,valid,null,null,null,true,true,valid,valid,null,null,null,false,false,T06C_P001_raw_BODY_25,t07a_raw_v0.2.0
pick_place_pilot_v1_E001,104,3.466667,P001,0,2,align,637.246,214.018,0.0,0.0,172.98855228020153,554.862,198.369,-0.4762396061131083,-0.09046263347329615,447.153,198.439,-1.0988761828129134,-0.09005798241935468,364.911,194.435,-1.5742949253594547,-0.11320402270480914,725.336,227.757,0.5092244477386837,0.0794214404300349,-7.793000000000006,-3.9250000000000114,0.020999999999958163,-0.002999999999985903,0.021213203435553017,1.8920594599535632,0.013892443989424077,1.891999999999939,-0.014999999999986358,-0.006999999999948159,0.012000000000000455,"[0.805009,0.718585,0.709412,0.796334,0.754958]",true,valid,null,valid,true,Neck,shoulder_width,2,true,true,true,valid,valid,null,null,null,true,true,valid,valid,null,null,null,false,false,T06C_P001_raw_BODY_25,t07a_raw_v0.2.0
pick_place_pilot_v1_E001,105,3.5,P001,0,2,align,637.268,214.009,0.0,0.0,172.9683673103264,554.883,198.366,-0.4763009634714955,-0.09043850180960844,447.138,198.428,-1.099218330822789,-0.09008005476542291,366.807,194.512,-1.5636442906046508,-0.11272003258850205,725.336,227.757,0.5091566820538649,0.07948274134619324,-7.770999999999958,-3.934000000000026,0.022000000000048203,-0.009000000000014552,0.02376972864805955,0.02121320343566556,0.0,0.02100000000007185,-0.002999999999985903,0.0,0.0,"[0.804098,0.721782,0.715224,0.791888,0.750875]",true,valid,null,valid,true,Neck,shoulder_width,2,true,true,true,valid,valid,null,null,null,true,true,valid,valid,null,null,null,false,false,T06C_P001_raw_BODY_25,t07a_raw_v0.2.0
pick_place_pilot_v1_E001,106,3.533333,P001,0,2,align,637.284,212.183,0.0,0.0,172.94781122928384,554.905,198.339,-0.4763228826919751,-0.08004726918253073,445.28,198.374,-1.110184619482999,-0.07984489599404558,364.879,196.46,-1.5750705259800122,-0.09091181835863406,725.333,227.754,0.509107339226571,0.09003294051149857,-7.7549999999999955,-5.760000000000019,0.01599999999996271,-1.8259999999999934,1.8260700972306552,0.03482814953450644,0.004242640687159641,0.021999999999934516,-0.027000000000015234,-0.0030000000000427463,-0.0030000000000143245,"[0.803322,0.729004,0.717092,0.740222,0.751119]",true,valid,null,valid,true,Neck,shoulder_width,2,true,true,true,valid,valid,null,null,null,true,true,valid,valid,null,null,null,false,false,T06C_P001_raw_BODY_25,t07a_raw_v0.2.0
pick_place_pilot_v1_E001,107,3.566667,P001,0,3,grasp,637.279,212.192,0.0,0.0,172.9815561960291,554.893,198.342,-0.4762704291238836,-0.08006633946745549,447.189,198.448,-1.0989032829869039,-0.07945355737478041,364.909,202.303,-1.5745609300181127,-0.05716794447607715,725.353,227.77,0.5091525474553555,0.09005584377068754,-7.759999999999991,-5.751000000000005,-0.0049999999999954525,0.009000000000014552,0.010295630140997512,0.012369316876801751,0.025612496949729405,-0.011999999999943611,0.0030000000000143245,0.01999999999998181,0.016000000000019554,"[0.797587,0.728754,0.667573,0.704357,0.757866]",true,valid,null,valid,true,Neck,shoulder_width,2,true,true,true,valid,valid,null,null,null,true,true,valid,valid,null,null,null,false,false,T06C_P001_raw_BODY_25,t07a_raw_v0.2.0
pick_place_pilot_v1_E001,108,3.6,P001,0,3,grasp,637.284,212.189,0.0,0.0,172.97465823929235,554.902,198.341,-0.4762662972632272,-0.08005796999952863,447.227,200.303,-1.0987563261265476,-0.06871526801086063,364.917,202.301,-1.5746063774452368,-0.057164443049923484,725.355,227.769,0.5091555080754258,0.09007099744314402,-7.7549999999999955,-5.754000000000019,0.0049999999999954525,-0.0030000000000143245,0.005830951894848771,0.009055385138152407,0.002236067977561309,0.009000000000014552,-0.0010000000000047748,0.002000000000066393,-0.0010000000000047748,"[0.797698,0.731902,0.650167,0.70285,0.757897]",true,valid,null,valid,true,Neck,shoulder_width,2,true,true,true,valid,valid,null,null,null,true,true,valid,valid,null,null,null,false,false,T06C_P001_raw_BODY_25,t07a_raw_v0.2.0
pick_place_pilot_v1_E001,109,3.633333,P001,0,3,grasp,639.184,214.039,0.0,0.0,173.01740348589212,554.886,198.388,-0.487222662585349,-0.09045910807045586,449.154,202.314,-1.0983288164736276,-0.06776774916146544,364.853,206.19,-1.5855688183551373,-0.045365378521820196,725.391,227.766,0.4982562347089513,0.07933883946605005,-5.855000000000018,-3.904000000000025,1.8999999999999773,1.8499999999999943,2.6518861212352034,0.04964876634924746,0.03612478373632279,-0.016000000000076398,0.046999999999997044,0.03599999999994452,-0.0030000000000143245,"[0.784712,0.715304,0.62104,0.692696,0.760103]",true,valid,null,valid,true,Neck,shoulder_width,2,true,true,true,valid,valid,null,null,null,true,true,valid,valid,null,null,null,false,false,T06C_P001_raw_BODY_25,t07a_raw_v0.2.0
pick_place_pilot_v1_E001,110,3.666667,P001,0,3,grasp,639.182,214.04,0.0,0.0,173.01937444401995,554.884,198.388,-0.4872171123660746,-0.09046385730092996,449.149,202.307,-1.0983336439092537,-0.06781321477841888,364.854,206.189,-1.585533417176689,-0.04537642113912609,725.391,227.766,0.49826211819932736,0.07933215597448029,-5.856999999999971,-3.90300000000002,-0.0019999999999527063,0.0010000000000047748,0.002236067977459624,0.0019999999999527063,0.0,-0.0019999999999527063,0.0,0.0,0.0,"[0.784752,0.715181,0.623453,0.692356,0.760043]",true,valid,null,valid,true,Neck,shoulder_width,2,true,true,true,valid,valid,null,null,null,true,true,valid,valid,null,null,null,false,false,T06C_P001_raw_BODY_25,t07a_raw_v0.2.0
pick_place_pilot_v1_E001,111,3.7,P001,0,3,grasp,639.181,214.041,0.0,0.0,173.03106372267382,554.879,198.391,-0.487207315185413,-0.09044618731052305,449.158,204.218,-1.0982016518407358,-0.05677015322372321,364.855,206.209,-1.5854147463352422,-0.04526354881891474,725.397,227.774,0.4982689127900353,0.07936725177862064,-5.857999999999947,-3.9020000000000152,-0.0009999999999763531,0.0010000000000047748,0.0014142135623597504,0.005830951894834148,0.010000000000059118,-0.0049999999999954525,0.002999999999985903,0.0060000000000854925,0.008000000000009777,"[0.783841,0.715227,0.622365,0.688597,0.755928]",true,valid,null,valid,true,Neck,shoulder_width,2,true,true,true,valid,valid,null,null,null,true,true,valid,valid,null,null,null,false,false,T06C_P001_raw_BODY_25,t07a_raw_v0.2.0
pick_place_pilot_v1_E001,112,3.733333,P001,0,3,grasp,639.162,214.05,0.0,0.0,174.88912516220097,553.001,198.404,-0.49266070671970036,-0.08946239502021139,449.144,204.241,-1.0865055207050054,-0.056086963617106765,362.964,208.119,-1.5792748676845407,-0.033912914793868994,725.405,227.782,0.4931295752095154,0.07851831831890206,-5.876999999999953,-3.8930000000000007,-0.019000000000005457,0.009000000000014552,0.0210237960416398,1.8780449941362323,0.011313708498938296,-1.8780000000000427,0.01300000000000523,0.007999999999924512,0.008000000000009777,"[0.782724,0.70746,0.628572,0.684039,0.754384]",true,valid,null,valid,true,Neck,shoulder_width,2,true,true,true,valid,valid,null,null,null,true,true,valid,valid,null,null,null,false,false,T06C_P001_raw_BODY_25,t07a_raw_v0.2.0
pick_place_pilot_v1_E001,113,3.766667,P001,0,3,grasp,639.158,214.062,0.0,0.0,173.06107123209432,554.858,198.417,-0.4871112804273834,-0.09040161307575814,449.129,204.235,-1.0980459016409865,-0.0567834229271636,362.947,208.12,-1.5960319558496785,-0.034334700217076075,725.408,227.791,0.49837897908495593,0.07933037685631712,-5.880999999999972,-3.8810000000000002,-0.004000000000019099,0.012000000000000455,0.012649110640679988,1.8570455029427502,0.009486832980505497,1.856999999999971,0.01300000000000523,0.0030000000000427463,0.00899999999998613,"[0.780976,0.705844,0.627406,0.696793,0.751292]",true,valid,null,valid,true,Neck,shoulder_width,2,true,true,true,valid,valid,null,null,null,true,true,valid,valid,null,null,null,false,false,T06C_P001_raw_BODY_25,t07a_raw_v0.2.0
pick_place_pilot_v1_E001,114,3.8,P001,0,3,grasp,639.156,214.079,0.0,0.0,176.70142111765827,553.005,198.431,-0.4875512571154451,-0.08855616384420945,447.246,204.234,-1.0860693637105212,-0.055715454565838575,362.917,208.107,-1.563309441728053,-0.03379712490271087,727.249,227.798,0.4985415478992811,0.07763944349301566,-5.883000000000038,-3.8640000000000043,-0.002000000000066393,0.016999999999995907,0.017117242768627382,1.8530528864551659,1.8410133079367,-1.8529999999999518,0.014000000000010004,1.8410000000000082,0.007000000000005002,"[0.776166,0.701951,0.634142,0.701615,0.753434]",true,valid,null,valid,true,Neck,shoulder_width,2,true,true,true,valid,valid,null,null,null,true,true,valid,valid,null,null,null,false,false,T06C_P001_raw_BODY_25,t07a_raw_v0.2.0
pick_place_pilot_v1_E001,115,3.833333,P001,0,3,grasp,639.167,214.079,0.0,0.0,174.8701189711953,554.861,198.441,-0.482106379843471,-0.0894263702226674,447.228,204.229,-1.0976089061368817,-0.05632751929231827,361.006,208.122,-1.590671989225437,-0.0340652824796284,727.251,227.788,0.5037109857202602,0.07839532608917683,-5.871999999999957,-3.8640000000000043,0.011000000000080945,0.0,0.011000000000080945,1.8560269394596565,0.010198039027167377,1.8559999999999945,0.009999999999990905,0.0019999999999527063,-0.009999999999990905,"[0.774076,0.699167,0.635835,0.69696,0.754754]",true,valid,null,valid,true,Neck,shoulder_width,2,true,true,true,valid,valid,null,null,null,true,true,valid,valid,null,null,null,false,false,T06C_P001_raw_BODY_25,t07a_raw_v0.2.0
pick_place_pilot_v1_E001,116,3.866667,P001,0,3,grasp,639.161,214.08,0.0,0.0,174.5736120637938,554.854,200.31,-0.4829309481732663,-0.07887790048686218,449.136,204.237,-1.0885092984761051,-0.05638309182949784,362.954,208.096,-1.5821807015086944,-0.034277803668364824,727.252,227.785,0.5046066181400269,0.07850556471840553,-5.878000000000043,-3.8629999999999995,-0.0060000000000854925,0.0010000000000047748,0.006082762530383334,1.8690131085682622,0.003162277660174491,-0.006999999999948159,1.8689999999999998,0.0009999999999763531,-0.0030000000000143245,"[0.773738,0.698119,0.619291,0.697666,0.754537]",true,valid,null,valid,true,Neck,shoulder_width,2,true,true,true,valid,valid,null,null,null,true,true,valid,valid,null,null,null,false,false,T06C_P001_raw_BODY_25,t07a_raw_v0.2.0
pick_place_pilot_v1_E001,117,3.9,P001,0,3,grasp,639.161,214.075,0.0,0.0,174.57168032072101,554.857,200.309,-0.48291910718346565,-0.07885586009545913,449.151,204.236,-1.0884354189116805,-0.05636080251919386,362.947,208.097,-1.5822383074536652,-0.03424381313748753,727.254,227.778,0.5046236585347443,0.07849497681883462,-5.878000000000043,-3.8680000000000234,0.0,-0.005000000000023874,0.005000000000023874,0.003162277660102589,0.007280109889303567,0.0029999999999290594,-0.0010000000000047748,0.002000000000066393,-0.007000000000005002,"[0.774132,0.69924,0.614796,0.701262,0.754942]",true,valid,null,valid,true,Neck,shoulder_width,2,true,true,true,valid,valid,null,null,null,true,true,valid,valid,null,null,null,false,false,T06C_P001_raw_BODY_25,t07a_raw_v0.2.0
pick_place_pilot_v1_E001,118,3.933333,P001,0,3,grasp,639.157,214.062,0.0,0.0,174.85524862010865,554.867,198.442,-0.4820558757325548,-0.08933103308746591,449.165,204.235,-1.0865673263990923,-0.056200772224745656,362.963,206.224,-1.579557961111367,-0.04482564899741099,727.246,227.765,0.5037824182869256,0.0783676790267313,-5.881999999999948,-3.8810000000000002,-0.0039999999999054126,-0.012999999999976808,0.01360147050868546,1.8670267807398917,0.015264337522498221,0.009999999999990905,-1.8669999999999902,-0.008000000000038199,-0.01300000000000523,"[0.776789,0.702577,0.609327,0.700305,0.755259]",true,valid,null,valid,true,Neck,shoulder_width,2,true,true,true,valid,valid,null,null,null,true,true,valid,valid,null,null,null,false,false,T06C_P001_raw_BODY_25,t07a_raw_v0.2.0
pick_place_pilot_v1_E001,119,3.966667,P001,0,3,grasp,639.174,214.058,0.0,0.0,174.8575762184756,554.87,198.432,-0.48212952405714715,-0.08936415760719522,447.216,204.256,-1.0977962988584393,-0.05605705061216733,364.848,200.343,-1.5688539549309757,-0.0784352631244517,727.25,227.763,0.5037013660188997,0.07837807372370481,-5.865000000000009,-3.8850000000000193,0.016999999999939064,-0.004000000000019099,0.01746424919651804,0.010440306508941346,0.004472135955008222,0.0030000000000427463,-0.010000000000019327,0.004000000000019099,-0.001999999999981128,"[0.776563,0.705872,0.635424,0.731687,0.757899]",true,valid,null,valid,true,Neck,shoulder_width,2,true,true,true,valid,valid,null,null,null,true,true,valid,valid,null,null,null,false,false,T06C_P001_raw_BODY_25,t07a_raw_v0.2.0
pick_place_pilot_v1_E001,120,4.0,P001,0,3,grasp,639.199,214.048,0.0,0.0,174.83414743407542,554.9,198.411,-0.48216553366261894,-0.08943904969077184,447.231,204.253,-1.098000606960292,-0.056024524635231276,364.898,200.337,-1.568921197750745,-0.07842289507643242,727.253,227.761,0.5036430313660696,0.07843433448932363,-5.840000000000032,-3.8950000000000102,0.024999999999977263,-0.009999999999990905,0.02692582403564803,0.036619666847171065,0.0036055512755048535,0.029999999999972715,-0.020999999999986585,0.0030000000000427463,-0.0020000000000095497,"[0.77677,0.714764,0.623984,0.689111,0.759387]",true,valid,null,valid,true,Neck,shoulder_width,2,true,true,true,valid,valid,null,null,null,true,true,valid,valid,null,null,null,false,false,T06C_P001_raw_BODY_25,t07a_raw_v0.2.0
pick_place_pilot_v1_E001,121,4.033333,P001,0,4,lift,639.194,214.035,0.0,0.0,174.85745007862826,554.873,198.405,-0.4822270939104009,-0.0893870978501153,447.132,202.313,-1.098391860990969,-0.06703746391548641,364.912,196.356,-1.5686034531366173,-0.10110521451645484,727.251,227.747,0.5035930694425852,0.07841816287401042,-5.845000000000027,-3.9080000000000155,-0.0049999999999954525,-0.01300000000000523,0.013928388277187368,0.02765863337181035,0.014142135623722107,-0.02699999999992997,-0.006000000000000227,-0.002000000000066393,-0.013999999999981583,"[0.779513,0.710083,0.642607,0.759638,0.759395]",true,valid,null,valid,true,Neck,shoulder_width,2,true,true,true,valid,valid,null,null,null,true,true,valid,valid,null,null,null,false,false,T06C_P001_raw_BODY_25,t07a_raw_v0.2.0
pick_place_pilot_v1_E001,122,4.066667,P001,0,4,lift,639.193,214.027,0.0,0.0,174.84918635212458,554.875,198.401,-0.4822327272955905,-0.08936844560735416,445.201,202.266,-1.1094818571779004,-0.06726368160681515,364.914,196.331,-1.5686604308677543,-0.10120721959988106,727.247,227.729,0.5035997126270301,0.0783646769302426,-5.846000000000004,-3.9160000000000252,-0.0009999999999763531,-0.008000000000009777,0.008062257748305319,0.004472135954970091,0.018439088914590583,0.0019999999999527063,-0.003999999999990678,-0.004000000000019099,-0.018000000000000682,"[0.779238,0.710422,0.640591,0.779659,0.760963]",true,valid,null,valid,true,Neck,shoulder_width,2,true,true,true,valid,valid,null,null,null,true,true,valid,valid,null,null,null,false,false,T06C_P001_raw_BODY_25,t07a_raw_v0.2.0
pick_place_pilot_v1_E001,123,4.1,P001,0,4,lift,639.184,214.025,0.0,0.0,174.84364861212435,554.89,198.394,-0.48211073532901955,-0.08939987310992367,447.208,200.376,-1.0979866956785045,-0.07806403096905817,366.891,194.405,-1.5573513945825885,-0.11221454228243254,727.254,227.736,0.5037071732321018,0.07841863349818708,-5.855000000000018,-3.9180000000000064,-0.009000000000014552,-0.001999999999981128,0.009219544457302999,0.0165529453572366,0.009899494936638836,0.014999999999986358,-0.007000000000005002,0.007000000000061846,0.0069999999999765805,"[0.778752,0.715837,0.646851,0.773208,0.761863]",true,valid,null,valid,true,Neck,shoulder_width,2,true,true,true,valid,valid,null,null,null,true,true,valid,valid,null,null,null,false,false,T06C_P001_raw_BODY_25,t07a_raw_v0.2.0
pick_place_pilot_v1_E001,124,4.133333,P001,0,4,lift,639.21,214.031,0.0,0.0,174.77002701836497,554.963,198.398,-0.4820448988724327,-0.08944897627301553,462.854,200.341,-1.0090746280051122,-0.0783315093185941,374.684,182.722,-1.5135661675683292,-0.1791439901574772,727.253,227.736,0.5037648703387131,0.07841733639235435,-5.828999999999951,-3.912000000000006,0.026000000000067303,0.006000000000000227,0.026683328128318296,0.07310950690571556,0.0009999999999763531,0.07299999999997908,0.003999999999990678,-0.0009999999999763531,0.0,"[0.777197,0.722495,0.539515,0.670504,0.764044]",true,valid,null,valid,true,Neck,shoulder_width,2,true,true,true,valid,valid,null,null,null,true,true,valid,valid,null,null,null,false,false,T06C_P001_raw_BODY_25,t07a_raw_v0.2.0
pick_place_pilot_v1_E001,125,4.166667,P001,0,4,lift,639.189,214.028,0.0,0.0,174.77562756002334,554.957,198.391,-0.48194362781545214,-0.08946899644019171,462.846,200.327,-1.0089679119557922,-0.07839193708684952,374.677,182.721,-1.5134375638797712,-0.17912680639208806,727.252,227.733,0.5038631600378974,0.07841482357311687,-5.850000000000023,-3.9150000000000205,-0.02100000000007185,-0.0030000000000143245,0.02121320343566958,0.009219544457278336,0.003162277660183479,-0.005999999999971806,-0.007000000000005002,-0.00100000000009004,-0.002999999999985903,"[0.781666,0.725144,0.53539,0.669111,0.765597]",true,valid,null,valid,true,Neck,shoulder_width,2,true,true,true,valid,valid,null,null,null,true,true,valid,valid,null,null,null,false,false,T06C_P001_raw_BODY_25,t07a_raw_v0.2.0
pick_place_pilot_v1_E001,126,4.2,P001,0,4,lift,639.158,212.19,0.0,0.0,174.7961029914568,554.941,198.359,-0.48180135917627476,-0.07912647801236154,462.845,198.349,-1.008678093976828,-0.07918368752578249,382.453,178.787,-1.4685968142696326,-0.1910969376796265,727.252,227.729,0.5039814875295335,0.0888978629046409,-5.880999999999972,-5.753000000000014,-0.03099999999994907,-1.8379999999999939,1.8382614068733463,0.035777087639964095,0.003999999999990678,-0.01599999999996271,-0.031999999999982265,0.0,-0.003999999999990678,"[0.787523,0.730957,0.507267,0.733152,0.765162]",true,valid,null,valid,true,Neck,shoulder_width,2,true,true,true,valid,valid,null,null,null,true,true,valid,valid,null,null,null,false,false,T06C_P001_raw_BODY_25,t07a_raw_v0.2.0
pick_place_pilot_v1_E001,127,4.233333,P001,0,4,lift,639.162,214.014,0.0,0.0,174.87238904984397,554.871,198.366,-0.48201434462003345,-0.08948239390461943,458.949,196.336,-1.0305400468259962,-0.10109085886029284,380.546,170.95,-1.4788841246189333,-0.24625957381828567,727.257,227.75,0.5037673498867231,0.07854870671484228,-5.876999999999953,-3.929000000000002,0.004000000000019099,1.8240000000000123,1.8240043859596513,0.0703491293478965,0.0215870331449088,-0.07000000000005002,0.007000000000005002,0.0049999999999954525,0.020999999999986585,"[0.785243,0.716651,0.616267,0.679648,0.759351]",true,valid,null,valid,true,Neck,shoulder_width,2,true,true,true,valid,valid,null,null,null,true,true,valid,valid,null,null,null,false,false,T06C_P001_raw_BODY_25,t07a_raw_v0.2.0
pick_place_pilot_v1_E001,128,4.266667,P001,0,4,lift,639.146,212.189,0.0,0.0,176.71230214390854,553.006,198.364,-0.48745898816852307,-0.07823450791072471,462.82,194.526,-0.9978139487787671,-0.0999534259115465,382.521,165.155,-1.4522192110372327,-0.2661614354483203,727.258,227.749,0.49861836969474055,0.08805272644418645,-5.893000000000029,-5.754000000000019,-0.016000000000076398,-1.825000000000017,1.8250701356386456,1.8650010723857597,0.0014142135624401393,-1.865000000000009,-0.0020000000000095497,0.00100000000009004,-0.0010000000000047748,"[0.789508,0.714842,0.584014,0.681129,0.760668]",true,valid,null,valid,true,Neck,shoulder_width,2,true,true,true,valid,valid,null,null,null,true,true,valid,valid,null,null,null,false,false,T06C_P001_raw_BODY_25,t07a_raw_v0.2.0
pick_place_pilot_v1_E001,129,4.3,P001,0,4,lift,637.277,212.156,0.0,0.0,175.18852599984967,554.872,196.496,-0.47037897904381476,-0.08938941583430775,464.822,194.444,-0.9843966607730236,-0.10110251170225164,388.39,167.021,-1.4206809411719898,-0.2576367358672722,727.251,227.745,0.5135838633637293,0.08898413815076779,-7.761999999999944,-5.787000000000006,-1.8689999999999145,-0.03299999999998704,1.8692913095608399,2.6403370996900994,0.008062257748347621,1.8659999999999854,-1.867999999999995,-0.007000000000061846,-0.003999999999990678,"[0.802802,0.722972,0.579036,0.636407,0.758794]",true,valid,null,valid,true,Neck,shoulder_width,2,true,true,true,valid,valid,null,null,null,true,true,valid,valid,null,null,null,false,false,T06C_P001_raw_BODY_25,t07a_raw_v0.2.0
pick_place_pilot_v1_E001,130,4.333333,P001,0,4,lift,639.182,212.13,0.0,0.0,175.10263820399746,554.968,196.426,-0.4809407834386216,-0.08968454251217271,478.527,194.38,-0.9174904595831064,-0.10136911803305304,413.834,163.151,-1.286948056930278,-0.27971594547272693,727.243,227.767,0.5029107551047147,0.08930190978494931,-5.856999999999971,-5.813000000000017,1.9049999999999727,-0.02600000000001046,1.9051774195596316,0.11881077392224883,0.023409399821405334,0.09600000000000364,-0.0700000000000216,-0.007999999999924512,0.02199999999999136,"[0.804158,0.756301,0.550985,0.565919,0.751339]",true,valid,null,valid,true,Neck,shoulder_width,2,true,true,true,valid,valid,null,null,null,true,true,valid,valid,null,null,null,false,false,T06C_P001_raw_BODY_25,t07a_raw_v0.2.0
pick_place_pilot_v1_E001,131,4.366667,P001,0,4,lift,639.193,212.101,0.0,0.0,171.4422691899521,556.859,196.381,-0.4802432934947724,-0.09169267342456126,474.602,190.551,-0.9600374562100487,-0.12569828958646923,408.017,153.295,-1.3484189231295403,-0.34300759245577295,725.402,227.777,0.5028456541512728,0.09143602726484869,-5.846000000000004,-5.842000000000013,0.010999999999967258,-0.028999999999996362,0.031016124838526633,1.8915353552075858,1.8410271589523144,1.8910000000000764,-0.044999999999987494,-1.8410000000000082,0.009999999999990905,"[0.812026,0.775076,0.520103,0.541199,0.745923]",true,valid,null,valid,true,Neck,shoulder_width,2,true,true,true,valid,valid,null,null,null,true,true,valid,valid,null,null,null,false,false,T06C_P001_raw_BODY_25,t07a_raw_v0.2.0
pick_place_pilot_v1_E001,132,4.4,P001,0,4,lift,639.16,212.09,0.0,0.0,171.4309369075489,556.852,196.359,-0.480123374956458,-0.09176290046459687,476.571,186.61,-0.9484227464012676,-0.14863128242565177,413.847,155.275,-1.3143076976911652,-0.33141626024385434,725.379,227.779,0.5029372268232842,0.09151790384521391,-5.879000000000019,-5.853000000000009,-0.03300000000001546,-0.01099999999999568,0.034785054261865476,0.02308679276124091,0.023086792761255682,-0.007000000000061846,-0.02199999999999136,-0.023000000000024556,0.0020000000000095497,"[0.817561,0.779621,0.484361,0.527445,0.740645]",true,valid,null,valid,true,Neck,shoulder_width,2,true,true,true,valid,valid,null,null,null,true,true,valid,valid,null,null,null,false,false,T06C_P001_raw_BODY_25,t07a_raw_v0.2.0
pick_place_pilot_v1_E001,133,4.433333,P001,0,4,lift,639.155,212.091,0.0,0.0,171.42192348121634,556.855,196.368,-0.4801019515395767,-0.09172105691442012,476.57,186.623,-0.9484492805718361,-0.1485690947972048,413.847,155.275,-1.3143476366643865,-0.33143951978946057,725.376,227.771,0.5029753385625014,0.0914702138534697,-5.8840000000000146,-5.852000000000004,-0.0049999999999954525,0.0010000000000047748,0.005099019513589262,0.009486832980505497,0.008544003745341694,0.0030000000000427463,0.00899999999998613,-0.0030000000000427463,-0.008000000000009777,"[0.819737,0.779035,0.494633,0.523811,0.743048]",true,valid,null,valid,true,Neck,shoulder_width,2,true,true,true,valid,valid,null,null,null,true,true,valid,valid,null,null,null,false,false,T06C_P001_raw_BODY_25,t07a_raw_v0.2.0
pick_place_pilot_v1_E001,134,4.466667,P001,0,4,lift,639.221,212.12,0.0,0.0,171.45653243315053,556.845,196.415,-0.48044830273304223,-0.09159755990121439,478.542,182.744,-0.9371413134267569,-0.17133205473785879,415.824,155.294,-1.3029366500637742,-0.33143094167121323,725.412,227.76,0.5026988402066581,0.09121845506876732,-5.817999999999984,-5.8230000000000075,0.06600000000003092,0.028999999999996362,0.07209022125090109,0.04805205510693107,0.037643060449491825,-0.009999999999990905,0.046999999999997044,0.03600000000005821,-0.01099999999999568,"[0.806057,0.772747,0.470569,0.492869,0.756538]",true,valid,null,valid,true,Neck,shoulder_width,2,true,true,true,valid,valid,null,null,null,true,true,valid,valid,null,null,null,false,false,T06C_P001_raw_BODY_25,t07a_raw_v0.2.0
pick_place_pilot_v1_E001,135,4.5,P001,0,4,lift,639.216,212.098,0.0,0.0,171.43071895375107,556.864,196.401,-0.48038064882768805,-0.09156468628142878,476.556,180.775,-0.9488381136865136,-0.18271521108448707,423.637,151.378,-1.2575284133187317,-0.3541955629106426,725.404,227.75,0.5027570351802115,0.09130218956978542,-5.822999999999979,-5.844999999999999,-0.0049999999999954525,-0.02199999999999136,0.022561028345347522,0.02360084744240536,0.012806248474882457,0.019000000000005457,-0.013999999999981583,-0.008000000000038199,-0.009999999999990905,"[0.810216,0.772468,0.529634,0.520418,0.756444]",true,valid,null,valid,true,Neck,shoulder_width,2,true,true,true,valid,valid,null,null,null,true,true,valid,valid,null,null,null,false,false,T06C_P001_raw_BODY_25,t07a_raw_v0.2.0
pick_place_pilot_v1_E001,136,4.533333,P001,0,4,lift,639.179,212.082,0.0,0.0,171.45132016406285,556.845,196.378,-0.4802179412862731,-0.09159451198726701,482.461,180.751,-0.9140670357628948,-0.18273991690480515,429.595,161.117,-1.2224111182080586,-0.29725638712627744,725.4,227.759,0.5028890994685523,0.0914370328848945,-5.860000000000014,-5.861000000000018,-0.03700000000003456,-0.016000000000019554,0.04031128874153223,0.029832867780375003,0.009848857801791188,-0.019000000000005457,-0.023000000000024556,-0.004000000000019099,0.00899999999998613,"[0.818269,0.777223,0.460488,0.456427,0.75119]",true,valid,null,valid,true,Neck,shoulder_width,2,true,true,true,valid,valid,null,null,null,true,true,valid,valid,null,null,null,false,false,T06C_P001_raw_BODY_25,t07a_raw_v0.2.0
pick_place_pilot_v1_E001,137,4.566667,P001,0,4,lift,639.184,212.101,0.0,0.0,171.46085335142823,556.839,196.39,-0.48025539585542953,-0.09163024499708139,478.545,182.701,-0.9368844074906844,-0.17146771070677813,429.592,161.113,-1.222389810287586,-0.29737400114004087,725.405,227.764,0.5028611389404462,0.0913502977142948,-5.855000000000018,-5.842000000000013,0.0049999999999954525,0.019000000000005457,0.01964688270439262,0.013416407864986536,0.0070710678118791415,-0.005999999999971806,0.012000000000000455,0.0049999999999954525,0.005000000000023874,"[0.809608,0.772603,0.455994,0.394707,0.750288]",true,valid,null,valid,true,Neck,shoulder_width,2,true,true,true,valid,valid,null,null,null,true,true,valid,valid,null,null,null,false,false,T06C_P001_raw_BODY_25,t07a_raw_v0.2.0
pick_place_pilot_v1_E001,138,4.6,P001,0,4,lift,639.202,212.102,0.0,0.0,171.4258489522511,556.86,196.416,-0.48033596160247394,-0.09150311983794918,472.652,180.794,-0.9715570960735962,-0.18263290041352231,406.055,104.334,-1.3600457657056182,-0.6286566504332591,725.393,227.776,0.5027888181788013,0.09143311872625369,-5.836999999999989,-5.841000000000008,0.018000000000029104,0.0010000000000047748,0.01802775637734927,0.03342154993411866,0.016970562748437588,0.020999999999958163,0.02600000000001046,-0.011999999999943611,0.012000000000000455,"[0.808942,0.747162,0.372009,0.375287,0.746109]",true,valid,null,valid,true,Neck,shoulder_width,2,true,true,true,valid,valid,null,null,null,true,true,valid,valid,null,null,null,false,false,T06C_P001_raw_BODY_25,t07a_raw_v0.2.0
pick_place_pilot_v1_E001,139,4.633333,P001,0,4,lift,639.156,212.116,0.0,0.0,173.29386964344693,554.96,196.486,-0.4858567713516562,-0.09019361176571816,466.776,176.791,-0.9947264744833313,-0.20384448724401733,415.821,116.075,-1.2887645734930664,-0.5542088718868411,725.41,227.752,0.4977325520947053,0.09022823503319044,-5.883000000000038,-5.826999999999998,-0.04600000000004911,0.014000000000010004,0.04808326112073513,1.9012890364171127,0.029410882339671006,-1.8999999999999773,0.06999999999999318,0.016999999999939064,-0.02400000000000091,"[0.817127,0.708739,0.358233,0.477324,0.753792]",true,valid,null,valid,true,Neck,shoulder_width,2,true,true,true,valid,valid,null,null,null,true,true,valid,valid,null,null,null,false,false,T06C_P001_raw_BODY_25,t07a_raw_v0.2.0
pick_place_pilot_v1_E001,140,4.666667,P001,0,5,transport,639.158,212.08,0.0,0.0,175.1466468819772,554.93,196.373,-0.48089987161876535,-0.08967913619599126,439.329,196.409,-1.1409239260781,-0.0894735941508486,425.598,120.025,-1.2193210877962608,-0.5255881379335305,727.245,227.74,0.5029328369578068,0.08941078963705487,-5.880999999999972,-5.8629999999999995,0.002000000000066393,-0.036000000000001364,0.036055512754644935,0.11691449867319742,1.835039236637771,-0.030000000000086402,-0.11299999999999955,1.8350000000000364,-0.012000000000000455,"[0.814416,0.719827,0.433066,0.506127,0.756686]",true,valid,null,valid,true,Neck,shoulder_width,2,true,true,true,valid,valid,null,null,null,true,true,valid,valid,null,null,null,false,false,T06C_P001_raw_BODY_25,t07a_raw_v0.2.0
pick_place_pilot_v1_E001,141,4.7,P001,0,5,transport,637.294,212.071,0.0,0.0,173.32731363521447,554.942,196.367,-0.47512419290890534,-0.09060314655917835,441.283,196.405,-1.130871966391435,-0.09038390817601165,425.591,120.019,-1.2214058797769818,-0.531087674927756,725.408,227.731,0.5083676551143301,0.09034929158919587,-7.7450000000000045,-5.872000000000014,-1.8640000000000327,-0.009000000000014552,1.8640217273412139,0.013416407865050089,1.837022046683153,0.012000000000057298,-0.006000000000000227,-1.836999999999989,-0.009000000000014552,"[0.819894,0.722149,0.433497,0.503955,0.754335]",true,valid,null,valid,true,Neck,shoulder_width,2,true,true,true,valid,valid,null,null,null,true,true,valid,valid,null,null,null,false,false,T06C_P001_raw_BODY_25,t07a_raw_v0.2.0
pick_place_pilot_v1_E001,142,4.733333,P001,0,5,transport,639.179,212.032,0.0,0.0,173.61317254747692,556.846,194.494,-0.47423244902390616,-0.10101768052884352,447.193,194.465,-1.1058262295592736,-0.10118471854545523,427.61,112.167,-1.2186229702250473,-0.5752155699631061,727.255,227.695,0.5073117362446355,0.09021780876515414,-5.860000000000014,-5.911000000000001,1.884999999999991,-0.03899999999998727,1.8854034051098891,2.6708322672904696,1.8473508058839085,1.9039999999999964,-1.8729999999999905,1.84699999999998,-0.036000000000001364,"[0.815936,0.752538,0.413717,0.43541,0.762948]",true,valid,null,valid,true,Neck,shoulder_width,2,true,true,true,valid,valid,null,null,null,true,true,valid,valid,null,null,null,false,false,T06C_P001_raw_BODY_25,t07a_raw_v0.2.0
pick_place_pilot_v1_E001,143,4.766667,P001,0,5,transport,639.154,212.04,0.0,0.0,173.5955047862704,556.872,194.512,-0.47398692783724483,-0.10097035647081039,445.174,180.754,-1.1174252480721023,-0.18022356073401274,null,null,null,null,727.263,227.713,0.5075534652148928,0.09028459590181492,-5.884999999999991,-5.90300000000002,-0.024999999999977263,0.007999999999981355,0.026248809496786037,0.031622776601646044,0.01969771560360835,0.025999999999953616,0.018000000000000682,0.008000000000038199,0.018000000000000682,"[0.818896,0.744947,0.268337,0.0,0.758938]",false,missing,hand_and_box_occlude_wrist,missing,true,Neck,shoulder_width,2,true,true,false,low_quality,low_quality,low_quality,forearm_self_occlusion,not_specified,false,false,missing,missing,missing,hand_and_box_occlude_wrist,not_specified,false,false,T06C_P001_raw_BODY_25,t07a_raw_v0.2.0
pick_place_pilot_v1_E001,144,4.8,P001,0,5,transport,637.216,214.091,0.0,0.0,172.55645305232727,556.877,200.372,-0.46558096541099786,-0.07950441584378039,425.634,151.342,-1.2261610403862342,-0.3636433114499145,447.124,100.428,-1.1016220873661278,-0.6587003730630231,727.244,227.773,0.5217307055604538,0.07928999326296397,-7.822999999999979,-3.852000000000004,-1.9379999999999882,2.051000000000016,2.8217804663013775,5.860002133105428,0.06293647591024207,0.0049999999999954525,5.860000000000014,-0.019000000000005457,0.060000000000002274,"[0.758742,0.597713,0.459589,0.536292,0.734536]",true,valid,null,valid,true,Neck,shoulder_width,2,true,true,true,valid,valid,null,null,null,true,true,valid,valid,null,null,null,false,false,T06C_P001_raw_BODY_25,t07a_raw_v0.2.0
pick_place_pilot_v1_E001,145,4.833333,P001,0,5,transport,637.222,214.015,0.0,0.0,178.7245508065414,550.987,198.404,-0.4825022617812828,-0.08734670155583694,427.565,151.392,-1.173073307801686,-0.3503883474172814,455.036,92.5478,-1.019367508145008,-0.679633544758386,727.281,227.779,0.503898314996933,0.07701236309106024,-7.817000000000007,-3.9280000000000257,0.005999999999971806,-0.07600000000002183,0.07623647421020321,6.2100824471177445,0.03748332962790456,-5.889999999999986,-1.9680000000000177,0.036999999999920874,0.006000000000000227,"[0.775498,0.59078,0.755474,0.67167,0.741674]",true,valid,null,valid,true,Neck,shoulder_width,2,true,true,true,valid,valid,null,null,null,true,true,valid,valid,null,null,null,false,false,T06C_P001_raw_BODY_25,t07a_raw_v0.2.0
pick_place_pilot_v1_E001,146,4.866667,P001,0,5,transport,637.189,214.026,0.0,0.0,180.65560590526934,549.033,198.424,-0.4879782144497993,-0.0863632209021028,427.565,151.383,-1.1603514817576202,-0.34675370125435356,455.033,92.55,-1.0083052728267805,-0.6724175504617254,727.289,227.771,0.4987390208485747,0.07608399380203824,-7.850000000000023,-3.9170000000000016,-0.03300000000001546,0.011000000000024102,0.03478505426187446,1.9541023514646843,0.011313708499018684,-1.9539999999999509,0.020000000000010232,0.008000000000038199,-0.008000000000009777,"[0.777978,0.587407,0.758451,0.671774,0.74307]",true,valid,null,valid,true,Neck,shoulder_width,2,true,true,true,valid,valid,null,null,null,true,true,valid,valid,null,null,null,false,false,T06C_P001_raw_BODY_25,t07a_raw_v0.2.0
pick_place_pilot_v1_E001,147,4.9,P001,0,5,transport,641.141,210.172,0.0,0.0,175.555169174821,554.963,194.433,-0.4908884221699128,-0.08965272896252245,429.573,153.287,-1.205136829604355,-0.32402919416945725,462.793,96.519,-1.0159085650300494,-0.6473919311759045,727.331,227.733,0.4909567767507347,0.10003123281726012,-3.8980000000000246,-7.771000000000015,3.951999999999998,-3.8540000000000134,5.520110506140261,7.147935436194112,0.056639209034035694,5.92999999999995,-3.991000000000014,0.04200000000003001,-0.03799999999998249,"[0.754002,0.564857,0.769318,0.74384,0.753307]",true,valid,null,valid,true,Neck,shoulder_width,2,true,true,true,valid,valid,null,null,null,true,true,valid,valid,null,null,null,false,false,T06C_P001_raw_BODY_25,t07a_raw_v0.2.0
pick_place_pilot_v1_E001,148,4.933333,P001,0,5,transport,643.055,208.121,0.0,0.0,178.2014900975859,554.941,182.723,-0.49446275646599436,-0.14252406074770563,433.476,151.41,-1.1760788301221907,-0.31824088546590823,474.541,98.4021,-0.9456374349491639,-0.6157013610824256,727.364,227.735,0.4731105219930045,0.11006641969861798,-1.9840000000000373,-9.822000000000003,1.9139999999999873,-2.0509999999999877,2.8053514931287844,11.710020666079096,0.03306055050964909,-0.021999999999934516,-11.70999999999998,0.03300000000001546,0.0020000000000095497,"[0.721527,0.566535,0.742432,0.695126,0.757808]",true,valid,null,valid,true,Neck,shoulder_width,2,true,true,true,valid,valid,null,null,null,true,true,valid,valid,null,null,null,false,false,T06C_P001_raw_BODY_25,t07a_raw_v0.2.0
pick_place_pilot_v1_E001,149,4.966667,P001,0,5,transport,643.092,210.093,0.0,0.0,174.47517671577236,556.923,190.527,-0.49387541323642287,-0.1121420271255771,441.27,151.412,-1.1567376161984166,-0.3363286463127868,478.49,98.4461,-0.9434121409038249,-0.6399013435697941,727.38,227.756,0.4830945099847001,0.10123503143816157,-1.9470000000000027,-7.850000000000023,0.03700000000003456,1.97199999999998,1.972347078989883,8.051753846212605,0.026400757564854903,1.981999999999971,7.803999999999974,0.01599999999996271,0.020999999999986585,"[0.756175,0.573334,0.748805,0.741309,0.759242]",true,valid,null,valid,true,Neck,shoulder_width,2,true,true,true,valid,valid,null,null,null,true,true,valid,valid,null,null,null,false,false,T06C_P001_raw_BODY_25,t07a_raw_v0.2.0
pick_place_pilot_v1_E001,150,5.0,P001,0,5,transport,645.016,210.115,0.0,0.0,174.37928738528547,558.873,190.555,-0.4939978898392314,-0.1121692850870689,445.184,151.389,-1.145961788216725,-0.33677164805844617,488.289,100.333,-0.8987707333252066,-0.6295587144902146,729.236,227.765,0.4829702039894143,0.10121614937560139,-0.023000000000024556,-7.828000000000003,1.9239999999999782,0.02200000000001978,1.9241257755146666,1.9502010152802656,1.8560218209924095,1.9500000000000455,0.02800000000002001,1.8559999999999945,0.00899999999998613,"[0.749279,0.542,0.784433,0.732849,0.756078]",true,valid,null,valid,true,Neck,shoulder_width,2,true,true,true,valid,valid,null,null,null,true,true,valid,valid,null,null,null,false,false,T06C_P001_raw_BODY_25,t07a_raw_v0.2.0
pick_place_pilot_v1_E001,151,5.033333,P001,0,5,transport,645.066,210.2,0.0,0.0,175.5879733922572,556.872,194.439,-0.5022781361168618,-0.08976127291355251,447.215,155.285,-1.126791295426641,-0.3127492102054271,498.099,98.4604,-0.8369992383913508,-0.6363738805184439,729.268,227.767,0.47954309383078175,0.1000467153906718,0.027000000000043656,-7.743000000000023,0.05000000000006821,0.08499999999997954,0.09861541461659705,4.3691483151754245,0.03206243908380242,-2.00100000000009,3.883999999999986,0.03200000000003911,0.0020000000000095497,"[0.775064,0.576592,0.757642,0.736711,0.756098]",true,valid,null,valid,true,Neck,shoulder_width,2,true,true,true,valid,valid,null,null,null,true,true,valid,valid,null,null,null,false,false,T06C_P001_raw_BODY_25,t07a_raw_v0.2.0
pick_place_pilot_v1_E001,152,5.066667,P001,0,5,transport,645.018,212.018,0.0,0.0,177.16544246551018,554.928,196.395,-0.5085077470316389,-0.08818311168692737,460.955,153.34,-1.0389328609377795,-0.33120454634612606,521.662,98.4644,-0.696275742511209,-0.6409466678136518,729.298,227.743,0.47571354112361525,0.08875884473384966,-0.020999999999958163,-5.925000000000011,-0.04800000000000182,1.818000000000012,1.8186335529732327,2.757729500875659,0.03841874542457636,-1.94399999999996,1.9560000000000173,0.029999999999972715,-0.02400000000000091,"[0.768858,0.611644,0.735824,0.752202,0.763228]",true,valid,null,valid,true,Neck,shoulder_width,2,true,true,true,valid,valid,null,null,null,true,true,valid,valid,null,null,null,false,false,T06C_P001_raw_BODY_25,t07a_raw_v0.2.0
pick_place_pilot_v1_E001,153,5.1,P001,0,5,transport,645.007,212.023,0.0,0.0,177.173692519516,554.917,196.404,-0.5084840684802928,-0.08815642874451882,460.958,153.342,-1.0388054647544618,-0.3312060564157185,521.665,98.4596,-0.6961643020812113,-0.640972135225385,729.297,227.743,0.47574783141529536,0.08872649080375412,-0.03200000000003911,-5.920000000000016,-0.011000000000080945,0.0049999999999954525,0.01208304597366638,0.014212670403517771,0.0009999999999763531,-0.010999999999967258,0.00899999999998613,-0.0009999999999763531,0.0,"[0.765783,0.608898,0.735007,0.752382,0.76301]",true,valid,null,valid,true,Neck,shoulder_width,2,true,true,true,valid,valid,null,null,null,true,true,valid,valid,null,null,null,false,false,T06C_P001_raw_BODY_25,t07a_raw_v0.2.0
pick_place_pilot_v1_E001,154,5.133333,P001,0,5,transport,647.018,212.08,0.0,0.0,175.30139027971228,556.883,196.468,-0.5141716209790457,-0.08905805011066593,462.888,155.289,-1.0503624626490455,-0.3239620627616464,527.519,102.306,-0.6816774231472237,-0.6262015368209217,729.368,227.765,0.46976238961140987,0.08947447578694535,1.9790000000000418,-5.8629999999999995,2.011000000000081,0.05700000000001637,2.0118076448806748,1.9670414332189425,0.07433034373661516,1.9660000000000082,0.06399999999999295,0.07100000000002638,0.02199999999999136,"[0.805874,0.684453,0.725642,0.773815,0.76084]",true,valid,null,valid,true,Neck,shoulder_width,2,true,true,true,valid,valid,null,null,null,true,true,valid,valid,null,null,null,false,false,T06C_P001_raw_BODY_25,t07a_raw_v0.2.0
pick_place_pilot_v1_E001,155,5.166667,P001,0,5,transport,650.945,210.2,0.0,0.0,163.70384954850638,570.593,196.375,-0.49083757175906445,-0.08445128222781079,478.49,159.165,-1.0534572062638066,-0.3117519847013618,552.998,100.399,-0.5983182452345309,-0.6707294929400259,731.274,227.689,0.49069707414667735,0.10683316274012185,5.906000000000063,-7.743000000000023,3.927000000000021,-1.8800000000000239,4.353817749975331,13.71031542306733,1.9075146133122558,13.709999999999923,-0.09299999999998931,1.905999999999949,-0.0759999999999934,"[0.830872,0.711902,0.730849,0.786195,0.771244]",true,valid,null,valid,true,Neck,shoulder_width,2,true,true,true,valid,valid,null,null,null,true,true,valid,valid,null,null,null,false,false,T06C_P001_raw_BODY_25,t07a_raw_v0.2.0
pick_place_pilot_v1_E001,156,5.2,P001,0,5,transport,650.943,210.199,0.0,0.0,163.7050223695046,570.591,196.375,-0.49083405528411056,-0.08444456865102987,478.458,157.265,-1.0536329154928292,-0.3233498840403366,552.985,100.39,-0.5983811527718153,-0.6707735560619887,731.273,227.69,0.4906996672263619,0.10684461445856198,5.903999999999996,-7.744,-0.002000000000066393,-0.0009999999999763531,0.0022360679775485985,0.0019999999999527063,0.0014142135623597504,-0.0019999999999527063,0.0,-0.0009999999999763531,0.0010000000000047748,"[0.831062,0.71172,0.734128,0.78429,0.771171]",true,valid,null,valid,true,Neck,shoulder_width,2,true,true,true,valid,valid,null,null,null,true,true,valid,valid,null,null,null,false,false,T06C_P001_raw_BODY_25,t07a_raw_v0.2.0
pick_place_pilot_v1_E001,157,5.233333,P001,0,5,transport,650.854,212.057,0.0,0.0,162.95372934670758,570.641,198.34,-0.49224402731732114,-0.08417726955370924,484.373,159.147,-1.021645841843777,-0.32469339739642494,562.808,100.346,-0.5403128873023181,-0.6855381613409945,731.263,225.808,0.49344682274143137,0.0843859177395245,5.815000000000055,-5.886000000000024,-0.08899999999994179,1.8579999999999757,1.8601303717750268,1.9656360293808233,1.8820265672938887,0.049999999999954525,1.9650000000000034,-0.009999999999990905,-1.882000000000005,"[0.806788,0.694422,0.684889,0.763976,0.768359]",true,valid,null,valid,true,Neck,shoulder_width,2,true,true,true,valid,valid,null,null,null,true,true,valid,valid,null,null,null,false,false,T06C_P001_raw_BODY_25,t07a_raw_v0.2.0
pick_place_pilot_v1_E001,158,5.266667,P001,0,5,transport,650.961,212.113,0.0,0.0,159.07691850171096,574.542,198.369,-0.48039024592482316,-0.08639845509612493,490.249,161.143,-1.0102785590372838,-0.3204110343604109,574.585,100.415,-0.48011993643929246,-0.7021634631349652,731.226,225.857,0.5045672292120538,0.08639845509612493,5.9220000000000255,-5.8300000000000125,0.1069999999999709,0.056000000000011596,0.12076837334333468,3.901107791384458,0.06140032573206109,3.9010000000000673,0.028999999999996362,-0.03700000000003456,0.049000000000006594,"[0.804249,0.695629,0.730718,0.787058,0.773345]",true,valid,null,valid,true,Neck,shoulder_width,2,true,true,true,valid,valid,null,null,null,true,true,valid,valid,null,null,null,false,false,T06C_P001_raw_BODY_25,t07a_raw_v0.2.0
pick_place_pilot_v1_E001,159,5.3,P001,0,5,transport,652.922,212.041,0.0,0.0,159.3984766834363,578.461,196.49,-0.4671374629751248,-0.097560530837971,494.205,161.175,-0.9957246976406829,-0.3191122089643261,588.199,100.474,-0.40604528566818915,-0.6999251330461012,735.141,225.803,0.5158079406447905,0.08633708606470054,7.883000000000038,-5.902000000000015,1.9610000000000127,-0.07200000000000273,1.9623213294463397,4.346170958441445,3.9153723960818483,3.9189999999999827,-1.8789999999999907,3.9149999999999636,-0.054000000000002046,"[0.785578,0.686077,0.746819,0.801535,0.757717]",true,valid,null,valid,true,Neck,shoulder_width,2,true,true,true,valid,valid,null,null,null,true,true,valid,valid,null,null,null,false,false,T06C_P001_raw_BODY_25,t07a_raw_v0.2.0
pick_place_pilot_v1_E001,160,5.333333,P001,0,5,transport,662.696,202.292,0.0,0.0,150.45139824209016,590.203,194.386,-0.4818366651757675,-0.05254853123583819,507.837,163.11,-1.0292958510815409,-0.2604296168584126,605.926,102.342,-0.377331155863715,-0.6643341382522164,739.091,216.019,0.5077719508932272,0.09123876654115236,17.65700000000004,-15.65100000000001,9.774000000000001,-9.748999999999995,13.804857007589753,11.929014209061835,10.551263241906165,11.741999999999962,-2.1040000000000134,3.9500000000000455,-9.783999999999992,"[0.582677,0.64116,0.775503,0.739956,0.448214]",true,valid,null,valid,true,Neck,shoulder_width,2,true,true,true,valid,valid,null,null,null,true,true,valid,valid,null,null,null,false,false,T06C_P001_raw_BODY_25,t07a_raw_v0.2.0
pick_place_pilot_v1_E001,161,5.366667,P001,0,5,transport,662.671,204.273,0.0,0.0,152.6238386229359,588.306,194.427,-0.4872436748476895,-0.06451154740200836,507.841,163.13,-1.014454893789656,-0.2695712568312847,605.917,102.346,-0.3718554094305893,-0.6678314535897323,739.102,217.977,0.500780223388472,0.08978938102753634,17.632000000000062,-13.670000000000016,-0.024999999999977263,1.9809999999999945,1.9811577423314826,1.8974430162720965,1.9580308986326016,-1.8969999999999345,0.04099999999999682,0.010999999999967258,1.9579999999999984,"[0.59812,0.650146,0.778253,0.742197,0.461023]",true,valid,null,valid,true,Neck,shoulder_width,2,true,true,true,valid,valid,null,null,null,true,true,valid,valid,null,null,null,false,false,T06C_P001_raw_BODY_25,t07a_raw_v0.2.0
pick_place_pilot_v1_E001,162,5.4,P001,0,5,transport,662.652,204.24,0.0,0.0,152.38476850722324,588.27,194.43,-0.4881196508591622,-0.06437651279783252,509.92,165.039,-1.0022786496063767,-0.25725012010069653,619.561,102.411,-0.28277760580748224,-0.6682360776442902,739.118,216.017,0.5017955583689154,0.07728462703568527,17.613000000000056,-13.703000000000003,-0.019000000000005457,-0.03299999999998704,0.038078865529311036,0.03612478373643608,1.9600653050345118,-0.03600000000005821,0.0030000000000143245,0.016000000000076398,-1.960000000000008,"[0.62107,0.651349,0.78298,0.740407,0.510002]",true,valid,null,valid,true,Neck,shoulder_width,2,true,true,true,valid,valid,null,null,null,true,true,valid,valid,null,null,null,false,false,T06C_P001_raw_BODY_25,t07a_raw_v0.2.0
pick_place_pilot_v1_E001,163,5.433333,P001,0,5,transport,662.627,212.032,0.0,0.0,152.69730804765348,588.21,200.35,-0.48734978338174767,-0.07650429565106885,519.622,163.129,-0.9365260057850612,-0.32026104864100463,633.247,102.352,-0.1924067973145351,-0.7182837824866649,739.088,223.851,0.5007357430043116,0.0774014954887845,17.587999999999965,-5.911000000000001,-0.02500000000009095,7.792000000000002,7.792040105132932,5.920304046246261,7.834057441709248,-0.05999999999994543,5.9199999999999875,-0.030000000000086402,7.834000000000003,"[0.685667,0.641242,0.769914,0.722084,0.521113]",true,valid,null,valid,true,Neck,shoulder_width,2,true,true,true,valid,valid,null,null,null,true,true,valid,valid,null,null,null,false,false,T06C_P001_raw_BODY_25,t07a_raw_v0.2.0
pick_place_pilot_v1_E001,164,5.466667,P001,0,5,transport,664.596,212.051,0.0,0.0,157.91023402553742,586.312,204.249,-0.49575000938406444,-0.04940781734728,523.543,163.07,-0.893247995422442,-0.31018255594554267,639.153,102.403,-0.16112318594807043,-0.6943691818116587,743.005,223.818,0.49654159835720085,0.07451701957516606,19.557000000000016,-5.892000000000024,1.969000000000051,0.018999999999977035,1.9690916687651185,4.336427677247725,3.917139006979486,-1.8980000000000246,3.899000000000001,3.91700000000003,-0.03299999999998704,"[0.783013,0.67235,0.80879,0.687784,0.608087]",true,valid,null,valid,true,Neck,shoulder_width,2,true,true,true,valid,valid,null,null,null,true,true,valid,valid,null,null,null,false,false,T06C_P001_raw_BODY_25,t07a_raw_v0.2.0
pick_place_pilot_v1_E001,165,5.5,P001,0,5,transport,664.693,212.134,0.0,0.0,156.0153762454201,588.263,206.185,-0.48988761133243486,-0.03813085699092829,525.587,163.062,-0.8916172453488123,-0.31453310039650983,650.877,102.33,-0.08855537404381708,-0.7038024241102538,743.047,225.748,0.5022197291422432,0.08726062986627993,19.653999999999996,-5.809000000000026,0.09699999999997999,0.08299999999999841,0.12766362050324226,2.748544523925365,1.9304569407267076,1.9510000000000218,1.936000000000007,0.04200000000003001,1.9299999999999784,"[0.780869,0.675565,0.793356,0.621588,0.662421]",true,valid,null,valid,true,Neck,shoulder_width,2,true,true,true,valid,valid,null,null,null,true,true,valid,valid,null,null,null,false,false,T06C_P001_raw_BODY_25,t07a_raw_v0.2.0
pick_place_pilot_v1_E001,166,5.533333,P001,0,5,transport,666.55,212.163,0.0,0.0,156.00585472346856,590.167,206.231,-0.48961623995070064,-0.03802421396629573,535.349,163.049,-0.8410004882993846,-0.31482151799403973,658.759,102.312,-0.04994043341392565,-0.704146650103092,744.939,225.813,0.5024747317268963,0.08749671622385949,21.510999999999967,-5.780000000000001,1.856999999999971,0.029000000000024784,1.8572264266911274,1.9045555912075618,1.8931162140766131,1.9039999999999964,0.04599999999999227,1.891999999999939,0.06499999999999773,"[0.770952,0.672494,0.743266,0.623233,0.638148]",true,valid,null,valid,true,Neck,shoulder_width,2,true,true,true,valid,valid,null,null,null,true,true,valid,valid,null,null,null,false,false,T06C_P001_raw_BODY_25,t07a_raw_v0.2.0
pick_place_pilot_v1_E001,167,5.566667,P001,0,5,transport,666.572,215.982,0.0,0.0,157.60722506915724,588.326,210.059,-0.4964620115966514,-0.03758076444402229,539.307,163.061,-0.8074820170468502,-0.33577775369611723,664.593,102.353,-0.01255653095301733,-0.7209631408086792,744.939,227.734,0.4972297428979726,0.07456510952999326,21.533000000000015,-1.9610000000000127,0.022000000000048203,3.8189999999999884,3.8190633668479386,4.247689371882089,1.9210000000000207,-1.8410000000000082,3.828000000000003,0.0,1.9210000000000207,"[0.767846,0.687648,0.795725,0.612861,0.639618]",true,valid,null,valid,true,Neck,shoulder_width,2,true,true,true,valid,valid,null,null,null,true,true,valid,valid,null,null,null,false,false,T06C_P001_raw_BODY_25,t07a_raw_v0.2.0
pick_place_pilot_v1_E001,168,5.6,P001,0,5,transport,666.653,212.023,0.0,0.0,152.8650942040072,592.179,210.085,-0.48718774150369637,-0.012677845194754641,552.972,163.063,-0.7436687923554756,-0.3202824049201193,684.206,102.316,0.11482673720512361,-0.7176720138188627,744.93,215.99,0.512065886640771,0.02595098652610533,21.614000000000033,-5.920000000000016,0.08100000000001728,-3.959000000000003,3.959828531641241,3.8530877228528846,11.744003448568975,3.852999999999952,0.02600000000001046,-0.009000000000014552,-11.744,"[0.784367,0.690395,0.762865,0.733065,0.62749]",true,valid,null,valid,true,Neck,shoulder_width,2,true,true,true,valid,valid,null,null,null,true,true,valid,valid,null,null,null,false,false,T06C_P001_raw_BODY_25,t07a_raw_v0.2.0
pick_place_pilot_v1_E001,169,5.633333,P001,0,5,transport,666.653,212.018,0.0,0.0,152.86878240504174,592.178,210.085,-0.4871825288872306,-0.01264483153191021,552.98,163.086,-0.7435985177065881,-0.3200915139779786,684.206,102.317,0.11482396682856738,-0.7176154494992693,744.933,215.982,0.5120731569156414,0.02593073574365869,21.614000000000033,-5.925000000000011,0.0,-0.0049999999999954525,0.0049999999999954525,0.0009999999999763531,0.008544003745341694,-0.0009999999999763531,0.0,0.0030000000000427463,-0.008000000000009777,"[0.783986,0.689919,0.767525,0.732491,0.628326]",true,valid,null,valid,true,Neck,shoulder_width,2,true,true,true,valid,valid,null,null,null,true,true,valid,valid,null,null,null,false,false,T06C_P001_raw_BODY_25,t07a_raw_v0.2.0
pick_place_pilot_v1_E001,170,5.666667,P001,0,5,transport,666.689,217.972,0.0,0.0,151.9303243760113,594.097,210.163,-0.47779796625947135,-0.051398560702559666,556.848,161.146,-0.7229695615481955,-0.3740267141098294,692.058,102.318,0.16697785714729646,-0.761230521128677,745.004,227.767,0.5154665490358515,0.06447034217973767,21.649999999999977,0.028999999999996362,0.03599999999994452,5.954000000000008,5.954108833402366,1.9205845464336981,11.785213871627445,1.9189999999999827,0.07800000000000296,0.07100000000002638,11.784999999999997,"[0.773357,0.682103,0.775911,0.731608,0.718325]",true,valid,null,valid,true,Neck,shoulder_width,2,true,true,true,valid,valid,null,null,null,true,true,valid,valid,null,null,null,false,false,T06C_P001_raw_BODY_25,t07a_raw_v0.2.0
pick_place_pilot_v1_E001,171,5.7,P001,0,5,transport,668.586,219.947,0.0,0.0,150.18794966640968,598.021,210.119,-0.4698446190705424,-0.06543800632360644,558.836,161.159,-0.7307510372421454,-0.39142953965732347,697.919,102.373,0.1953086120767547,-0.7828457626670433,746.924,229.723,0.5215997699815504,0.06509177348591545,23.547000000000025,2.0039999999999907,1.8970000000000482,1.9749999999999943,2.7384729321284444,3.9242466793003508,2.7408640973240375,3.923999999999978,-0.04400000000001114,1.919999999999959,1.9560000000000173,"[0.772685,0.669283,0.760068,0.660812,0.717691]",true,valid,null,valid,true,Neck,shoulder_width,2,true,true,true,valid,valid,null,null,null,true,true,valid,valid,null,null,null,false,false,T06C_P001_raw_BODY_25,t07a_raw_v0.2.0
pick_place_pilot_v1_E001,172,5.733333,P001,0,5,transport,672.504,219.898,0.0,0.0,148.09711625821754,601.898,210.144,-0.47675472543903935,-0.0658621872352546,564.754,163.044,-0.7275631202172124,-0.38389673908890376,701.893,102.391,0.1984441071003588,-0.793445564430292,748.936,227.824,0.5160937763753316,0.0535189354138435,27.465000000000032,1.954999999999984,3.9180000000000064,-0.049000000000006594,3.9183063943494836,3.8770806027216556,2.766648694720787,3.8770000000000664,0.025000000000005684,2.0120000000000573,-1.899000000000001,"[0.734303,0.690417,0.746468,0.672944,0.695112]",true,valid,null,valid,true,Neck,shoulder_width,2,true,true,true,valid,valid,null,null,null,true,true,valid,valid,null,null,null,false,false,T06C_P001_raw_BODY_25,t07a_raw_v0.2.0
pick_place_pilot_v1_E001,173,5.766667,P001,0,5,transport,678.294,216.008,0.0,0.0,153.58379619282763,601.971,210.149,-0.49694695594172494,-0.03814855567604224,568.671,163.151,-0.7137667040236848,-0.34415740013117624,709.715,104.332,0.20458538451901745,-0.7271339996036332,754.753,225.822,0.4978324660239821,0.06389997020049115,33.254999999999995,-1.9350000000000023,5.789999999999964,-3.8899999999999864,6.975399630128691,0.0731710325196857,6.151869065576747,0.07299999999997908,0.0049999999999954525,5.817000000000007,-2.0020000000000095,"[0.756998,0.695374,0.798251,0.606853,0.71399]",true,valid,null,valid,true,Neck,shoulder_width,2,true,true,true,valid,valid,null,null,null,true,true,valid,valid,null,null,null,false,false,T06C_P001_raw_BODY_25,t07a_raw_v0.2.0
pick_place_pilot_v1_E001,174,5.8,P001,0,5,transport,680.225,215.983,0.0,0.0,157.0779019626886,601.961,212.031,-0.49824958840225914,-0.025159490613381977,572.565,163.186,-0.6853923986428907,-0.3361198446140508,713.61,106.327,0.2125378527651208,-0.6980994693069371,758.594,223.845,0.4989180465283739,0.050051597976318085,35.186000000000035,-1.960000000000008,1.93100000000004,-0.025000000000005684,1.9311618264661703,1.8820265672938887,4.319931712423251,-0.009999999999990905,1.882000000000005,3.841000000000008,-1.9770000000000039,"[0.780049,0.695383,0.817774,0.599913,0.704465]",true,valid,null,valid,true,Neck,shoulder_width,2,true,true,true,valid,valid,null,null,null,true,true,valid,valid,null,null,null,false,false,T06C_P001_raw_BODY_25,t07a_raw_v0.2.0
pick_place_pilot_v1_E001,175,5.833333,P001,0,5,transport,680.314,219.895,0.0,0.0,157.35130297839925,601.955,212.092,-0.4979876144448377,-0.04958967515554143,574.543,165.041,-0.6721965309338425,-0.34860848916853404,717.546,112.156,0.23661704285417445,-0.6847035770322799,758.705,225.835,0.49819098104806525,0.03774992572394157,35.27499999999998,1.9519999999999982,0.08899999999994179,3.912000000000006,3.913012266783742,0.06129437168289207,1.9930933244582487,-0.005999999999971806,0.06100000000000705,0.11099999999999,1.990000000000009,"[0.788805,0.705442,0.802027,0.563659,0.696416]",true,valid,null,valid,true,Neck,shoulder_width,2,true,true,true,valid,valid,null,null,null,true,true,valid,valid,null,null,null,false,false,T06C_P001_raw_BODY_25,t07a_raw_v0.2.0
pick_place_pilot_v1_E001,176,5.866667,P001,0,6,place,680.271,223.826,0.0,0.0,158.15222201727045,601.967,212.038,-0.4951179250042346,-0.07453578488902114,584.263,165.077,-0.6070607088246646,-0.37147122721794273,719.497,116.112,0.2480268661398666,-0.6810780058988831,758.64,233.618,0.4955289214427985,0.061915032714056344,35.23199999999997,5.882999999999981,-0.043000000000006366,3.930999999999983,3.9312351748527927,0.05531726674374709,7.783271420167731,0.011999999999943611,-0.054000000000002046,-0.06500000000005457,7.782999999999987,"[0.812865,0.723085,0.784624,0.498641,0.680891]",true,valid,null,valid,true,Neck,shoulder_width,2,true,true,true,valid,valid,null,null,null,true,true,valid,valid,null,null,null,false,false,T06C_P001_raw_BODY_25,t07a_raw_v0.2.0
pick_place_pilot_v1_E001,177,5.9,P001,0,6,place,680.318,223.833,0.0,0.0,156.206199764926,603.916,212.031,-0.48910990802527016,-0.07555397940517578,584.35,167.022,-0.6143674203995857,-0.3636923507869382,737.115,117.995,0.36360272566308877,-0.677553132713523,758.622,233.628,0.5012861212796887,0.0627055777218858,35.278999999999996,5.889999999999986,0.047000000000025466,0.007000000000005002,0.04751841748209281,1.9490125705085304,0.020591260281995025,1.9490000000000691,-0.007000000000005002,-0.018000000000029104,0.009999999999990905,"[0.821384,0.72519,0.787092,0.642508,0.694296]",true,valid,null,valid,true,Neck,shoulder_width,2,true,true,true,valid,valid,null,null,null,true,true,valid,valid,null,null,null,false,false,T06C_P001_raw_BODY_25,t07a_raw_v0.2.0
pick_place_pilot_v1_E001,178,5.933333,P001,0,6,place,682.212,225.701,0.0,0.0,159.43827100479987,603.919,210.121,-0.4910552498254513,-0.09771806920517188,588.168,168.996,-0.5898458344243385,-0.35565488538377893,697.987,131.818,0.09894111307519807,-0.588836039229086,760.629,239.49,0.49183298028639116,0.0864848816604697,37.173,7.757999999999981,1.8940000000000055,1.867999999999995,2.660199240658489,1.9100023560194859,6.196054631779849,0.0029999999999290594,-1.9099999999999966,2.007000000000062,5.862000000000023,"[0.818116,0.692769,0.794394,0.382547,0.719879]",true,valid,null,valid,true,Neck,shoulder_width,2,true,true,true,valid,valid,null,null,null,true,true,valid,valid,null,null,null,false,false,T06C_P001_raw_BODY_25,t07a_raw_v0.2.0
pick_place_pilot_v1_E001,179,5.966667,P001,0,6,place,680.321,225.775,0.0,0.0,157.1108157352638,603.923,212.083,-0.4862682409385031,-0.08714867869486094,590.216,174.86,-0.573512393645957,-0.3240706234113966,697.879,135.714,0.11175551420715506,-0.5732323365423508,758.633,239.444,0.49845072494536574,0.0870022852088849,35.28200000000004,7.831999999999994,-1.8909999999999627,0.07400000000001228,1.8924473572598686,1.9620040774677197,1.9965299897572102,0.004000000000019099,1.961999999999989,-1.995999999999981,-0.04600000000002069,"[0.831504,0.714014,0.725869,0.342001,0.738948]",true,valid,null,valid,true,Neck,shoulder_width,2,true,true,true,valid,valid,null,null,null,true,true,valid,valid,null,null,null,false,false,T06C_P001_raw_BODY_25,t07a_raw_v0.2.0
pick_place_pilot_v1_E001,180,6.0,P001,0,6,place,680.358,221.896,0.0,0.0,152.69877466764424,605.837,210.093,-0.48802618201880316,-0.07729597061724797,590.209,176.841,-0.5903714695564084,-0.2950580323782179,750.849,133.744,0.46163435268833647,-0.5772934340296232,756.709,233.642,0.5000105610944252,0.07692268667882704,35.31899999999996,3.9529999999999745,0.036999999999920874,-3.879000000000019,3.8791764589923132,2.7610679093423234,6.112690078844197,1.9139999999999873,-1.990000000000009,-1.9240000000000919,-5.8019999999999925,"[0.794163,0.676933,0.798195,0.611044,0.732661]",true,valid,null,valid,true,Neck,shoulder_width,2,true,true,true,valid,valid,null,null,null,true,true,valid,valid,null,null,null,false,false,T06C_P001_raw_BODY_25,t07a_raw_v0.2.0
pick_place_pilot_v1_E001,181,6.033333,P001,0,6,place,680.394,221.891,0.0,0.0,154.84593869391605,605.866,210.059,-0.48130419582601713,-0.07641143254902091,594.136,178.734,-0.557056909128926,-0.2787092794555524,758.636,137.639,0.5052893260226923,-0.5441020972887181,758.595,235.576,0.5050245467178828,0.08837816552006017,35.35500000000002,3.947999999999979,0.03600000000005821,-0.0049999999999954525,0.03634556369082952,0.04468780594300007,2.701361138389367,0.028999999999996362,-0.033999999999991815,1.886000000000081,1.9339999999999975,"[0.803029,0.661466,0.773211,0.669759,0.741704]",true,valid,null,valid,true,Neck,shoulder_width,2,true,true,true,valid,valid,null,null,null,true,true,valid,valid,null,null,null,false,false,T06C_P001_raw_BODY_25,t07a_raw_v0.2.0
pick_place_pilot_v1_E001,182,6.066667,P001,0,6,place,682.246,216.022,0.0,0.0,154.0374472457915,605.886,200.371,-0.4957236137402054,-0.10160516341864778,598.027,178.861,-0.5467436750338701,-0.24124653234939458,null,null,null,null,756.713,231.656,0.48343439424295265,0.10149480064450468,37.206999999999994,-1.9210000000000207,1.8519999999999754,-5.869,6.1542720934323265,9.68802064407378,4.348370269422802,0.01999999999998181,-9.687999999999988,-1.8820000000000618,-3.9199999999999875,"[0.802015,0.613949,0.700629,0.0,0.743827]",false,missing,suspected_self_occlusion_and_face_overlap,missing,true,Neck,shoulder_width,2,true,true,true,valid,low_quality,unstable,suspected_self_occlusion_and_face_overlap,medium,false,false,missing,missing,missing_or_unstable,suspected_self_occlusion_and_face_overlap,medium,false,false,T06C_P001_raw_BODY_25,t07a_raw_v0.2.0
pick_place_pilot_v1_E001,183,6.1,P001,0,6,place,682.216,221.834,0.0,0.0,155.49143148418176,605.903,206.192,-0.49078588621626623,-0.10059718307752068,599.932,180.825,-0.5291867160433904,-0.2637380054229669,null,null,null,null,758.592,235.58,0.49119105323671647,0.08840358512873038,37.17700000000002,3.890999999999991,-0.029999999999972715,5.812000000000012,5.812077425499434,5.821024823860484,4.350680061783459,0.01700000000005275,5.820999999999998,1.879000000000019,3.9240000000000066,"[0.776743,0.608405,0.637575,0.0,0.737345]",false,missing,suspected_self_occlusion_and_face_overlap,missing,true,Neck,shoulder_width,2,true,true,true,valid,low_quality,unstable,suspected_self_occlusion_and_face_overlap,medium,false,false,missing,missing,missing_or_unstable,suspected_self_occlusion_and_face_overlap,medium,false,false,T06C_P001_raw_BODY_25,t07a_raw_v0.2.0
pick_place_pilot_v1_E001,184,6.133333,P001,0,6,place,682.268,217.978,0.0,0.0,153.6096453872607,607.827,206.17,-0.48461149566701384,-0.07687017289982816,599.988,192.456,-0.5356434473406035,-0.16614842079517378,null,null,null,null,758.593,235.59,0.4968763504894451,0.1146542585629887,37.22900000000004,0.03499999999999659,0.05200000000002092,-3.8559999999999945,3.8563506064672026,1.9241257755146666,0.010049875621109488,1.9239999999999782,-0.02200000000001978,0.0009999999999763531,0.009999999999990905,"[0.781097,0.585186,0.68681,0.0,0.738905]",false,missing,suspected_self_occlusion_and_face_overlap,missing,true,Neck,shoulder_width,2,true,true,true,valid,low_quality,unstable,suspected_self_occlusion_and_face_overlap,medium,false,false,missing,missing,missing_or_unstable,suspected_self_occlusion_and_face_overlap,medium,false,false,T06C_P001_raw_BODY_25,t07a_raw_v0.2.0
pick_place_pilot_v1_E001,185,6.166667,P001,0,6,place,684.219,223.795,0.0,0.0,155.54246296751253,605.938,208.119,-0.5032773591630105,-0.10078276826099998,601.865,194.415,-0.5294631345602452,-0.18888732658255813,null,null,null,null,758.673,237.538,0.4786731454519325,0.08835529371082713,39.180000000000064,5.851999999999975,1.9510000000000218,5.816999999999979,6.135461677820166,2.7142074349614633,1.9496420184228784,-1.88900000000001,1.9490000000000123,0.08000000000004093,1.9480000000000075,"[0.774444,0.603721,0.649929,0.0,0.756128]",false,missing,suspected_self_occlusion_and_face_overlap,missing,true,Neck,shoulder_width,2,true,true,true,valid,low_quality,unstable,suspected_self_occlusion_and_face_overlap,medium,false,false,missing,missing,missing_or_unstable,suspected_self_occlusion_and_face_overlap,medium,false,false,T06C_P001_raw_BODY_25,t07a_raw_v0.2.0
pick_place_pilot_v1_E001,186,6.2,P001,0,6,place,684.255,223.847,0.0,0.0,153.31233376346464,607.844,210.104,-0.4984008665466496,-0.08964053747432449,601.915,196.348,-0.5370735542193031,-0.17936586917022845,770.43,169.03,0.5620878495852369,-0.3575511418707741,758.684,237.526,0.4854730090720001,0.08922308899885653,39.21600000000001,5.903999999999996,0.03599999999994452,0.05200000000002092,0.0632455532033532,2.751919511904426,0.016278820596077916,1.9060000000000628,1.9850000000000136,0.010999999999967258,-0.012000000000000455,"[0.776569,0.633184,0.74439,0.767784,0.768432]",true,valid,null,valid,true,Neck,shoulder_width,2,true,true,true,valid,valid,null,null,null,true,true,valid,valid,null,null,null,false,false,T06C_P001_raw_BODY_25,t07a_raw_v0.2.0
pick_place_pilot_v1_E001,187,6.233333,P001,0,6,place,684.241,221.868,0.0,0.0,148.7475450990705,611.733,210.133,-0.4874567842562205,-0.0788920583004184,601.871,196.479,-0.5537570381086896,-0.17068516984996368,772.356,178.74,0.5923795242557629,-0.2899409195040859,758.616,233.611,0.5000082519040159,0.07894584070062327,39.202,3.924999999999983,-0.014000000000010004,-1.9790000000000134,1.9790495193400426,3.889108123978966,3.9155905046365813,3.8889999999998963,0.028999999999996362,-0.06799999999998363,-3.9150000000000205,"[0.784766,0.651708,0.779762,0.815447,0.745169]",true,valid,null,valid,true,Neck,shoulder_width,2,true,true,true,valid,valid,null,null,null,true,true,valid,valid,null,null,null,false,false,T06C_P001_raw_BODY_25,t07a_raw_v0.2.0
pick_place_pilot_v1_E001,188,6.266667,P001,0,6,place,682.378,223.829,0.0,0.0,154.5306263819571,605.924,210.145,-0.49474982267286527,-0.08855202570768674,601.935,200.325,-0.5205634758844967,-0.15209929934474356,774.276,182.741,0.5946911764458483,-0.2658890406516686,758.663,233.608,0.49365618833023095,0.06328195406280827,37.339000000000055,5.885999999999996,-1.8629999999999427,1.9610000000000127,2.7048641370685953,5.809012394546912,0.047095647357290986,-5.808999999999969,0.012000000000000455,0.047000000000025466,-0.002999999999985903,"[0.80793,0.680503,0.726095,0.788803,0.770024]",true,valid,null,valid,true,Neck,shoulder_width,2,true,true,true,valid,valid,null,null,null,true,true,valid,valid,null,null,null,false,false,T06C_P001_raw_BODY_25,t07a_raw_v0.2.0
pick_place_pilot_v1_E001,189,6.3,P001,0,6,place,684.243,225.735,0.0,0.0,148.83009336152418,611.734,210.159,-0.48719313656457847,-0.10465625363927077,601.975,206.191,-0.5527645527988905,-0.13131752832087223,774.36,194.35,0.605502542964185,-0.2108780508775366,758.695,233.672,0.5002482919845259,0.05332926843444332,39.204000000000065,7.792000000000002,1.865000000000009,1.906000000000006,2.666657270816791,5.810016867445454,0.07155417528000446,5.810000000000059,0.013999999999981583,0.03200000000003911,0.06399999999999295,"[0.818982,0.613698,0.752587,0.797101,0.742527]",true,valid,null,valid,true,Neck,shoulder_width,2,true,true,true,valid,valid,null,null,null,true,true,valid,valid,null,null,null,false,false,T06C_P001_raw_BODY_25,t07a_raw_v0.2.0
pick_place_pilot_v1_E001,190,6.333333,P001,0,6,place,686.204,221.879,0.0,0.0,155.329701293732,609.77,198.373,-0.49207588351349196,-0.15132971868367673,603.891,212.041,-0.5299244079813443,-0.06333624489109209,776.308,196.436,0.5800822331436235,-0.16379996734743404,760.572,235.603,0.4787751433279877,0.0883539972438859,41.164999999999964,3.9359999999999786,1.960999999999899,-3.856000000000023,4.325997803975377,11.94851840187729,2.6929333448861796,-1.9640000000000555,-11.786000000000001,1.8769999999999527,1.9310000000000116,"[0.765518,0.62555,0.778409,0.824733,0.72554]",true,valid,null,valid,true,Neck,shoulder_width,2,true,true,true,valid,valid,null,null,null,true,true,valid,valid,null,null,null,false,false,T06C_P001_raw_BODY_25,t07a_raw_v0.2.0
pick_place_pilot_v1_E001,191,6.366667,P001,0,6,place,690.124,223.78,0.0,0.0,154.22855659053542,613.716,194.48,-0.49542057378425186,-0.18997778782167551,603.973,212.06,-0.5585930511476168,-0.07599111512867017,778.271,208.11,0.5715348827002461,-0.10160245512510757,760.608,241.482,0.45701004767313846,0.11477770648530028,45.085000000000036,5.836999999999989,3.9200000000000728,1.9010000000000105,4.3566272505231165,5.543136747366081,5.879110221793761,3.9460000000000264,-3.8930000000000007,0.03599999999994452,5.878999999999991,"[0.730905,0.615486,0.796262,0.789926,0.759167]",true,valid,null,valid,true,Neck,shoulder_width,2,true,true,true,valid,valid,null,null,null,true,true,valid,valid,null,null,null,false,false,T06C_P001_raw_BODY_25,t07a_raw_v0.2.0
pick_place_pilot_v1_E001,192,6.4,P001,0,6,place,690.131,223.831,0.0,0.0,150.0434922680754,617.606,192.461,-0.48335985055868397,-0.20907271302345273,603.918,212.183,-0.5745867327985635,-0.07763082439582973,776.4,210.162,0.5749599579158514,-0.09110025228937119,758.75,243.367,0.4573273986278712,0.13020224805948918,45.091999999999985,5.887999999999977,0.006999999999948159,0.05099999999998772,0.051478150704915786,4.382745828815516,2.6467695404019915,3.8899999999999864,-2.018999999999977,-1.8579999999999472,1.884999999999991,"[0.715854,0.618672,0.80784,0.834835,0.736745]",true,valid,null,valid,true,Neck,shoulder_width,2,true,true,true,valid,valid,null,null,null,true,true,valid,valid,null,null,null,false,false,T06C_P001_raw_BODY_25,t07a_raw_v0.2.0
pick_place_pilot_v1_E001,193,6.433333,P001,0,6,place,690.119,221.894,0.0,0.0,150.06139658819654,617.621,190.502,-0.483122252946582,-0.20919437452756062,603.916,214.063,-0.5744515375700594,-0.0521853066681107,780.259,214.054,0.6006874655936008,-0.052245282119523326,758.736,241.541,0.4572595055096082,0.1309264104339635,45.08000000000004,3.9509999999999934,-0.011999999999943611,-1.9369999999999834,1.937037170526145,1.9590574264171052,1.8260536684336461,0.014999999999986358,-1.9590000000000032,-0.014000000000010004,-1.8259999999999934,"[0.663791,0.630805,0.813076,0.774516,0.728981]",true,valid,null,valid,true,Neck,shoulder_width,2,true,true,true,valid,valid,null,null,null,true,true,valid,valid,null,null,null,false,false,T06C_P001_raw_BODY_25,t07a_raw_v0.2.0
pick_place_pilot_v1_E001,194,6.466667,P001,0,7,release,692.032,225.862,0.0,0.0,154.63355875423673,617.644,192.481,-0.4810598721214641,-0.21587164047005683,603.993,217.995,-0.5693395451107914,-0.0508751144536693,782.201,221.912,0.5831140454014125,-0.025544261102325334,760.661,251.283,0.4438169861244274,0.16439510417271241,46.99300000000005,7.918999999999983,1.913000000000011,3.9679999999999893,4.405064471718882,1.9791336488473794,9.930367012351539,0.023000000000024556,1.978999999999985,1.9249999999999545,9.74199999999999,"[0.695761,0.621024,0.771651,0.777736,0.671619]",true,valid,null,valid,true,Neck,shoulder_width,2,true,true,true,valid,valid,null,null,null,true,true,valid,valid,null,null,null,false,false,T06C_P001_raw_BODY_25,t07a_raw_v0.2.0
pick_place_pilot_v1_E001,195,6.5,P001,0,7,release,692.081,223.846,0.0,0.0,155.35481506860356,617.656,190.564,-0.47906464931347337,-0.21423217545785705,603.972,219.905,-0.5671468886309815,-0.025367736418466885,788.075,227.667,0.617901672102083,0.024595311051753832,760.674,251.235,0.44152477649121974,0.17629965307419165,47.04200000000003,5.902999999999992,0.04899999999997817,-2.015999999999991,2.0165953981897218,1.9170375583175214,0.04972926703660854,0.011999999999943611,-1.9170000000000016,0.013000000000033651,-0.0479999999999734,"[0.686806,0.629717,0.784411,0.775806,0.707161]",true,valid,null,valid,true,Neck,shoulder_width,2,true,true,true,valid,valid,null,null,null,true,true,valid,valid,null,null,null,false,false,T06C_P001_raw_BODY_25,t07a_raw_v0.2.0
pick_place_pilot_v1_E001,196,6.533333,P001,0,7,release,692.099,221.855,0.0,0.0,153.9183159601221,619.556,192.441,-0.47130843101736375,-0.19110136319072454,604.011,223.844,-0.5723035588748407,0.012922438681796156,782.166,225.811,0.5851610280308355,0.025701944406830417,762.574,249.333,0.45787273308174,0.17852326299567325,47.06000000000006,3.9119999999999777,0.018000000000029104,-1.9910000000000139,1.9910813644851524,2.6707918301508227,2.688420354036915,1.900000000000091,1.8770000000000095,1.8999999999999773,-1.9020000000000152,"[0.689934,0.669784,0.805391,0.774417,0.691601]",true,valid,null,valid,true,Neck,shoulder_width,2,true,true,true,valid,valid,null,null,null,true,true,valid,valid,null,null,null,false,false,T06C_P001_raw_BODY_25,t07a_raw_v0.2.0
pick_place_pilot_v1_E001,197,6.566667,P001,0,7,release,692.088,216.039,0.0,0.0,151.42414531375107,619.582,190.555,-0.47882720321628647,-0.1682954851565917,603.986,223.869,-0.5818226665070653,0.051709058576994045,780.244,225.818,0.5821792807041486,0.06458018950503515,760.712,245.433,0.45319060482600704,0.19411699461202564,47.04899999999998,-1.9040000000000248,-0.011000000000080945,-5.8160000000000025,5.816010402329077,1.8861792067563414,4.32169457504807,0.025999999999953616,-1.8859999999999957,-1.8619999999999663,-3.9000000000000057,"[0.677135,0.665223,0.81339,0.768058,0.694661]",true,valid,null,valid,true,Neck,shoulder_width,2,true,true,true,valid,valid,null,null,null,true,true,valid,valid,null,null,null,false,false,T06C_P001_raw_BODY_25,t07a_raw_v0.2.0
pick_place_pilot_v1_E001,198,6.6,P001,0,7,release,692.091,214.087,0.0,0.0,151.43688263101564,619.583,190.516,-0.4788001360056374,-0.15564900432764486,603.971,225.71,-0.5818925909529534,0.07675144785118235,780.215,225.85,0.5819190045975724,0.07767592541284152,760.722,245.406,0.45319871095883035,0.20681223395433,47.05200000000002,-3.856000000000023,0.0030000000000427463,-1.9519999999999982,1.9520023053265059,0.0390128184062774,0.02879236009776041,0.0009999999999763531,-0.03900000000001569,0.009999999999990905,-0.026999999999986812,"[0.694227,0.663048,0.82512,0.768587,0.69557]",true,valid,null,valid,true,Neck,shoulder_width,2,true,true,true,valid,valid,null,null,null,true,true,valid,valid,null,null,null,false,false,T06C_P001_raw_BODY_25,t07a_raw_v0.2.0
pick_place_pilot_v1_E001,199,6.633333,P001,0,7,release,692.059,214.045,0.0,0.0,152.10518116750657,619.607,188.543,-0.47632828444030373,-0.1676602979875865,603.983,225.718,-0.5790466789096809,0.07674294794169473,780.216,227.669,0.5795792051482895,0.08956959845435197,760.694,245.38,0.451233807245628,0.20600876156540773,47.01999999999998,-3.8980000000000246,-0.03200000000003911,-0.04200000000000159,0.05280151512980131,1.9731459652037757,0.038209946349107377,0.02400000000000091,-1.9729999999999848,-0.02800000000002001,-0.02600000000001046,"[0.701103,0.652038,0.822299,0.749841,0.680633]",true,valid,null,valid,true,Neck,shoulder_width,2,true,true,true,valid,valid,null,null,null,true,true,valid,valid,null,null,null,false,false,T06C_P001_raw_BODY_25,t07a_raw_v0.2.0
pick_place_pilot_v1_E001,200,6.666667,P001,0,7,release,692.025,215.98,0.0,0.0,153.58126717148804,619.586,188.556,-0.47166559655426565,-0.1785634439998368,603.982,225.755,-0.5732665293202175,0.06364708522091625,778.26,225.89,0.5614942602583847,0.06452609867409508,760.635,249.321,0.44673417053780684,0.2170902780921297,46.98599999999999,-1.9630000000000223,-0.033999999999991815,1.9350000000000023,1.9352986849579596,0.02469817807042412,3.941441614435005,-0.020999999999958163,0.01300000000000523,-0.05899999999996908,3.9410000000000025,"[0.692614,0.659794,0.836312,0.799855,0.681625]",true,valid,null,valid,true,Neck,shoulder_width,2,true,true,true,valid,valid,null,null,null,true,true,valid,valid,null,null,null,false,false,T06C_P001_raw_BODY_25,t07a_raw_v0.2.0
pick_place_pilot_v1_E001,201,6.7,P001,0,7,release,690.145,214.098,0.0,0.0,153.56330502434494,619.573,188.583,-0.45956291438773067,-0.1661529751261542,603.965,225.756,-0.5612017792032903,0.07591657393771124,778.256,225.888,0.5737763978577528,0.0767761542910976,760.63,249.284,0.45899637279118066,0.22913025995645128,45.105999999999995,-3.844999999999999,-1.8799999999999955,-1.8819999999999766,2.660136086744416,0.02996664812754611,0.03733630940519441,-0.013000000000033651,0.026999999999986812,-0.0049999999999954525,-0.03700000000000614,"[0.693052,0.657426,0.840186,0.79772,0.676736]",true,valid,null,valid,true,Neck,shoulder_width,2,true,true,true,valid,valid,null,null,null,true,true,valid,valid,null,null,null,false,false,T06C_P001_raw_BODY_25,t07a_raw_v0.2.0
pick_place_pilot_v1_E001,202,6.733333,P001,0,7,release,690.095,217.968,0.0,0.0,152.0378742419138,619.585,190.522,-0.46376602114160437,-0.18052080862647107,603.959,225.732,-0.5665430434981319,0.05106622306259285,778.241,227.677,0.5797634335491114,0.0638590880621733,760.595,247.37,0.4637002480567737,0.1933860240193655,45.05600000000004,0.024999999999977263,-0.049999999999954525,3.869999999999976,3.870322983938138,1.939037132186997,1.914319983701771,0.012000000000057298,1.938999999999993,-0.03499999999996817,-1.9139999999999873,"[0.67408,0.644668,0.826008,0.799568,0.654793]",true,valid,null,valid,true,Neck,shoulder_width,2,true,true,true,valid,valid,null,null,null,true,true,valid,valid,null,null,null,false,false,T06C_P001_raw_BODY_25,t07a_raw_v0.2.0
pick_place_pilot_v1_E001,203,6.766667,P001,0,7,release,690.079,217.983,0.0,0.0,152.79116553649297,619.582,190.499,-0.4613944775698586,-0.1798795100717762,603.939,225.711,-0.5637760514329353,0.05057884055576654,776.404,227.677,0.5649868544224306,0.06344607664953411,760.597,249.32,0.4615319200713693,0.20509693665839202,45.039999999999964,0.03999999999999204,-0.016000000000076398,0.01500000000001478,0.02193171219952715,0.0231948270094881,1.9500010256407445,-0.0030000000000427463,-0.022999999999996135,0.0019999999999527063,1.9499999999999886,"[0.676294,0.64361,0.824856,0.803934,0.65888]",true,valid,null,valid,true,Neck,shoulder_width,2,true,true,true,valid,valid,null,null,null,true,true,valid,valid,null,null,null,false,false,T06C_P001_raw_BODY_25,t07a_raw_v0.2.0
pick_place_pilot_v1_E001,204,6.8,P001,0,7,release,690.109,221.855,0.0,0.0,155.13369251713183,619.602,188.584,-0.45449185702979245,-0.21446662849416662,603.912,223.876,-0.555630428190066,0.013027473060224042,778.261,227.702,0.568232461754013,0.03769007173831248,760.625,253.229,0.4545498715065568,0.2022384660027048,45.07000000000005,3.9119999999999777,0.030000000000086402,3.8719999999999857,3.8721162172641326,1.915104435794552,3.909100280115638,0.01999999999998181,-1.914999999999992,0.02800000000002001,3.9090000000000202,"[0.676182,0.641463,0.826511,0.807545,0.683879]",true,valid,null,valid,true,Neck,shoulder_width,2,true,true,true,valid,valid,null,null,null,true,true,valid,valid,null,null,null,false,false,T06C_P001_raw_BODY_25,t07a_raw_v0.2.0
pick_place_pilot_v1_E001,205,6.833333,P001,0,7,release,692.037,221.906,0.0,0.0,154.3494799634907,619.612,190.514,-0.46922736647464725,-0.20338260943558314,603.912,223.878,-0.570944586407708,0.012776201127897744,778.268,227.715,0.5586737319775666,0.03763537137523262,760.638,253.247,0.44445242067693813,0.20305219044089623,46.99800000000005,3.962999999999994,1.9279999999999973,0.051000000000016144,1.9286744152396462,1.930025906561885,0.022203603311194774,0.009999999999990905,1.9300000000000068,0.013000000000033651,0.018000000000000682,"[0.676499,0.634143,0.826523,0.794985,0.687647]",true,valid,null,valid,true,Neck,shoulder_width,2,true,true,true,valid,valid,null,null,null,true,true,valid,valid,null,null,null,false,false,T06C_P001_raw_BODY_25,t07a_raw_v0.2.0
pick_place_pilot_v1_E001,206,6.866667,P001,0,7,release,693.972,225.755,0.0,0.0,154.34459848015413,619.625,192.472,-0.4816948615766404,-0.21564084734898945,603.92,223.875,-0.5834476935814443,-0.012180536400447656,780.212,227.746,0.5587497123269194,0.012899706368772081,760.663,255.166,0.4320915707884346,0.19055412557104623,48.93299999999999,7.811999999999983,1.9349999999999454,3.8489999999999895,4.308018802187347,1.9580431558063256,1.9191628383229842,0.013000000000033651,1.9579999999999984,0.024999999999977263,1.9189999999999827,"[0.693087,0.626883,0.82394,0.782661,0.705433]",true,valid,null,valid,true,Neck,shoulder_width,2,true,true,true,valid,valid,null,null,null,true,true,valid,valid,null,null,null,false,false,T06C_P001_raw_BODY_25,t07a_raw_v0.2.0
pick_place_pilot_v1_E001,207,6.9,P001,0,8,retract,690.143,227.781,0.0,0.0,155.14870516378795,619.554,192.52,-0.45497640425345737,-0.22727228024736354,603.905,223.868,-0.5558409263484346,-0.025220964595670463,776.372,225.858,0.5557829174853208,-0.012394560418470282,760.621,257.105,0.4542609616083968,0.18900576688051082,45.10400000000004,9.837999999999994,-3.828999999999951,2.0260000000000105,4.3319645658753565,0.08570297544428618,1.9394548203039135,-0.07100000000002638,0.04800000000000182,-0.04200000000003001,1.9390000000000214,"[0.729429,0.621271,0.815092,0.828079,0.747445]",true,valid,null,valid,true,Neck,shoulder_width,2,true,true,true,valid,valid,null,null,null,true,true,valid,valid,null,null,null,false,false,T06C_P001_raw_BODY_25,t07a_raw_v0.2.0
pick_place_pilot_v1_E001,208,6.933333,P001,0,8,retract,692.042,227.703,0.0,0.0,155.2304332597187,619.552,192.468,-0.46698317126201505,-0.22698512952706723,603.879,225.737,-0.5679491975165268,-0.012665042277571047,776.333,225.684,0.543005635106173,-0.013006470172134237,760.675,257.127,0.4421362393878582,0.18955045980429758,47.00300000000004,9.759999999999991,1.899000000000001,-0.07800000000000296,1.9006012206667668,0.052038447325049836,0.05830951894842532,-0.0019999999999527063,-0.05200000000002092,0.053999999999973625,0.02199999999999136,"[0.737216,0.643902,0.836978,0.808829,0.74312]",true,valid,null,valid,true,Neck,shoulder_width,2,true,true,true,valid,valid,null,null,null,true,true,valid,valid,null,null,null,false,false,T06C_P001_raw_BODY_25,t07a_raw_v0.2.0
pick_place_pilot_v1_E001,209,6.966667,P001,0,8,retract,686.239,227.806,0.0,0.0,154.55587929613034,617.636,196.37,-0.4438718236564534,-0.20339569185697795,602.023,225.695,-0.5448903036463689,-0.01365849044121657,774.33,217.978,0.5699621418556128,-0.06358865185043834,760.576,255.155,0.4809716740543379,0.176952181466996,41.200000000000045,9.863,-5.802999999999997,0.10300000000000864,5.803914024173684,4.3470288703895585,1.9744834767604462,-1.9160000000000537,3.9020000000000152,-0.0989999999999327,-1.9720000000000084,"[0.688572,0.587551,0.809289,0.760993,0.704532]",true,valid,null,valid,true,Neck,shoulder_width,2,true,true,true,valid,valid,null,null,null,true,true,valid,valid,null,null,null,false,false,T06C_P001_raw_BODY_25,t07a_raw_v0.2.0
pick_place_pilot_v1_E001,210,7.0,P001,0,8,retract,686.203,227.837,0.0,0.0,152.08668570588296,617.602,196.398,-0.45106512566567425,-0.20671763510449015,601.942,221.906,-0.5540327189649621,-0.03899749654266128,774.271,212.162,0.5790644959566856,-0.10306622126221827,758.69,253.183,0.4766163432621648,0.16665495656218104,41.16399999999999,9.893999999999977,-0.03600000000005821,0.03099999999997749,0.04750789408090823,0.044045431091078814,2.728695659101599,-0.033999999999991815,0.027999999999991587,-1.8859999999999673,-1.9720000000000084,"[0.696618,0.600125,0.799475,0.783319,0.684105]",true,valid,null,valid,true,Neck,shoulder_width,2,true,true,true,valid,valid,null,null,null,true,true,valid,valid,null,null,null,false,false,T06C_P001_raw_BODY_25,t07a_raw_v0.2.0
pick_place_pilot_v1_E001,211,7.033333,P001,0,8,retract,684.234,225.718,0.0,0.0,150.0384906149085,615.634,192.483,-0.4572160098309041,-0.22150982633717325,600.01,221.865,-0.5613492888046366,-0.025680077053621922,768.455,212.01,0.5613292939354018,-0.09136322248924243,756.755,243.438,0.48334930392050973,0.11810302761229763,39.19500000000005,7.774999999999977,-1.9689999999999372,-2.1189999999999998,2.8925977943709618,4.381808873056855,9.935252890591176,-1.967999999999961,-3.914999999999992,-1.9350000000000591,-9.745000000000005,"[0.705801,0.638381,0.773137,0.768728,0.705667]",true,valid,null,valid,true,Neck,shoulder_width,2,true,true,true,valid,valid,null,null,null,true,true,valid,valid,null,null,null,false,false,T06C_P001_raw_BODY_25,t07a_raw_v0.2.0
pick_place_pilot_v1_E001,212,7.066667,P001,0,8,retract,682.341,217.974,0.0,0.0,153.563924790297,613.72,190.506,-0.44685625281918967,-0.1788701352710905,598.039,218.001,-0.5489700794969957,0.00017582254449986058,760.696,208.182,0.5102435360844002,-0.06376497613858013,758.591,241.44,0.4965358895595112,0.15280932700857042,37.30200000000002,0.03099999999997749,-1.893000000000029,-7.744,7.97201260661322,2.7517131027779707,2.7134664177026417,-1.9139999999999873,-1.9770000000000039,1.8360000000000127,-1.9979999999999905,"[0.687825,0.595738,0.741982,0.78133,0.729741]",true,valid,null,valid,true,Neck,shoulder_width,2,true,true,true,valid,valid,null,null,null,true,true,valid,valid,null,null,null,false,false,T06C_P001_raw_BODY_25,t07a_raw_v0.2.0
pick_place_pilot_v1_E001,213,7.1,P001,0,8,retract,682.363,221.907,0.0,0.0,157.87364559355692,607.866,194.459,-0.47187736572443106,-0.17386055726276461,596.041,215.997,-0.5467790375996926,-0.03743500048903155,758.684,198.404,0.48343090902256775,-0.1488722193728781,758.604,241.386,0.4829241746673867,0.12338348130724965,37.32400000000007,3.9639999999999986,0.022000000000048203,3.933000000000021,3.933061530156904,7.063676450687738,0.05554277630800513,-5.854000000000042,3.953000000000003,0.013000000000033651,-0.054000000000002046,"[0.732346,0.610784,0.718049,0.785575,0.734745]",true,valid,null,valid,true,Neck,shoulder_width,2,true,true,true,valid,valid,null,null,null,true,true,valid,valid,null,null,null,false,false,T06C_P001_raw_BODY_25,t07a_raw_v0.2.0
pick_place_pilot_v1_E001,214,7.133333,P001,0,8,retract,680.349,227.694,0.0,0.0,159.822891683263,601.91,210.076,-0.4907870153885745,-0.11023452156600536,588.189,214.081,-0.576638296487857,-0.08517553309558584,746.97,192.457,0.4168426643914657,-0.22047530005797092,758.619,241.471,0.48972959490130774,0.08620166895305131,35.31000000000006,9.750999999999976,-2.01400000000001,5.786999999999978,6.127443594191609,16.71420428856845,0.08631338250816581,-5.956000000000017,15.61699999999999,0.014999999999986358,0.08500000000000796,"[0.833034,0.652483,0.768524,0.722786,0.745376]",true,valid,null,valid,true,Neck,shoulder_width,2,true,true,true,valid,valid,null,null,null,true,true,valid,valid,null,null,null,false,false,T06C_P001_raw_BODY_25,t07a_raw_v0.2.0
pick_place_pilot_v1_E001,215,7.166667,P001,0,8,retract,680.357,227.691,0.0,0.0,159.79444960636144,601.931,210.086,-0.4907930168613177,-0.11017278787447403,588.182,214.071,-0.5768348038812635,-0.08523449990629581,746.97,192.457,0.41686679458576253,-0.22049576870032497,758.616,241.456,0.4897479242413218,0.0861419156541968,35.317999999999984,9.74799999999999,0.007999999999924512,-0.002999999999985903,0.008544003745241899,0.023259406699299195,0.01529705854080123,0.02100000000007185,0.010000000000019327,-0.0030000000000427463,-0.01500000000001478,"[0.833422,0.648123,0.768314,0.722848,0.744242]",true,valid,null,valid,true,Neck,shoulder_width,2,true,true,true,valid,valid,null,null,null,true,true,valid,valid,null,null,null,false,false,T06C_P001_raw_BODY_25,t07a_raw_v0.2.0
pick_place_pilot_v1_E001,216,7.2,P001,0,8,retract,680.392,225.757,0.0,0.0,153.68602743580817,605.854,210.174,-0.4850018003824919,-0.10139503414849298,584.329,212.123,-0.6250600760705058,-0.08871333476099307,743.023,184.699,0.4075256615384882,-0.26715506077577006,756.727,239.444,0.49669447036675896,0.08905819369764627,35.353000000000065,7.813999999999993,0.035000000000081855,-1.9339999999999975,1.9343166752111702,3.9239868756151584,2.759794376398365,3.923000000000002,0.08799999999999386,-1.88900000000001,-2.0120000000000005,"[0.842862,0.613899,0.806573,0.670763,0.742358]",true,valid,null,valid,true,Neck,shoulder_width,2,true,true,true,valid,valid,null,null,null,true,true,valid,valid,null,null,null,false,false,T06C_P001_raw_BODY_25,t07a_raw_v0.2.0
pick_place_pilot_v1_E001,217,7.233333,P001,0,8,retract,680.301,225.782,0.0,0.0,153.27304432613064,605.843,212.167,-0.4857866582304594,-0.08882840462821594,576.498,212.132,-0.6772423713274104,-0.08905675528278716,733.228,180.805,0.3453118598426422,-0.2934436397328877,756.669,239.446,0.49824807966563234,0.08914809554461554,35.26200000000006,7.838999999999999,-0.09100000000000819,0.025000000000005684,0.09437160589924161,1.9930303560156784,0.058034472514180695,-0.011000000000080945,1.992999999999995,-0.057999999999992724,0.0020000000000095497,"[0.821787,0.621701,0.775496,0.61698,0.726895]",true,valid,null,valid,true,Neck,shoulder_width,2,true,true,true,valid,valid,null,null,null,true,true,valid,valid,null,null,null,false,false,T06C_P001_raw_BODY_25,t07a_raw_v0.2.0
pick_place_pilot_v1_E001,218,7.266667,P001,0,8,retract,680.246,225.701,0.0,0.0,152.60707897080002,605.871,212.147,-0.48736271280201215,-0.08881632550344166,570.59,212.109,-0.7185512018153603,-0.08906533099031855,713.614,178.773,0.21865302858188326,-0.30750867074114724,756.665,235.601,0.5007565868856062,0.06487248210742753,35.206999999999994,7.757999999999981,-0.055000000000063665,-0.08100000000001728,0.09790812019444456,0.03440930106819274,3.8450020806236234,0.02800000000002001,-0.020000000000010232,-0.004000000000019099,-3.844999999999999,"[0.822811,0.651648,0.843221,0.790413,0.728322]",true,valid,null,valid,true,Neck,shoulder_width,2,true,true,true,valid,valid,null,null,null,true,true,valid,valid,null,null,null,false,false,T06C_P001_raw_BODY_25,t07a_raw_v0.2.0
pick_place_pilot_v1_E001,219,7.3,P001,0,8,retract,678.395,223.776,0.0,0.0,154.24119839070238,603.938,212.031,-0.4827309485199659,-0.07614697060540986,568.593,212.19,-0.7118850290689835,-0.07511611761892543,703.851,176.806,0.16504021147137624,-0.30452304890047677,756.658,233.64,0.507406586674431,0.06395178527473484,33.355999999999995,5.832999999999998,-1.850999999999999,-1.924999999999983,2.6705478838620236,1.9364774721126938,1.9610124935859152,-1.9329999999999927,-0.11599999999998545,-0.006999999999948159,-1.9610000000000127,"[0.789467,0.672568,0.78803,0.726658,0.716598]",true,valid,null,valid,true,Neck,shoulder_width,2,true,true,true,valid,valid,null,null,null,true,true,valid,valid,null,null,null,false,false,T06C_P001_raw_BODY_25,t07a_raw_v0.2.0
pick_place_pilot_v1_E001,220,7.333333,P001,0,8,retract,676.398,217.971,0.0,0.0,152.06872828099796,603.917,210.137,-0.47663316987873433,-0.051516180141416464,556.928,214.083,-0.7856316111175675,-0.025567386825354532,695.956,176.807,0.12861289905614276,-0.2706933928186453,754.722,229.701,0.5150565858305207,0.0771361747585926,31.359000000000037,0.027999999999991587,-1.9969999999999573,-5.805000000000007,6.13889517747289,1.894116416696719,4.389056504534897,-0.020999999999958163,-1.8940000000000055,-1.9360000000000355,-3.938999999999993,"[0.734293,0.646929,0.8088,0.698025,0.692586]",true,valid,null,valid,true,Neck,shoulder_width,2,true,true,true,valid,valid,null,null,null,true,true,valid,valid,null,null,null,false,false,T06C_P001_raw_BODY_25,t07a_raw_v0.2.0
pick_place_pilot_v1_E001,221,7.366667,P001,0,8,retract,672.467,217.99,0.0,0.0,150.12373952843035,601.979,210.132,-0.46953266832692353,-0.05234348694406097,554.84,216.003,-0.7835336394463037,-0.013235748098479296,684.297,178.685,0.07880166079768938,-0.2618173522952807,750.82,229.715,0.5219227834726408,0.0781022377728575,27.427999999999997,0.046999999999997044,-3.93100000000004,0.019000000000005457,3.931045916801318,1.9380064499376555,3.902025115244577,-1.9379999999999882,-0.0049999999999954525,-3.90199999999993,0.014000000000010004,"[0.732458,0.640278,0.781122,0.697268,0.720675]",true,valid,null,valid,true,Neck,shoulder_width,2,true,true,true,valid,valid,null,null,null,true,true,valid,valid,null,null,null,false,false,T06C_P001_raw_BODY_25,t07a_raw_v0.2.0
pick_place_pilot_v1_E001,222,7.4,P001,0,8,retract,672.453,223.809,0.0,0.0,151.07844305525518,601.95,212.054,-0.46666485684006076,-0.07780726199104886,545.168,221.872,-0.8425093443241731,-0.012821154102650821,670.516,178.839,-0.012821154102651009,-0.29765993804657326,750.866,237.524,0.5190217638880577,0.09078065488789755,27.413999999999987,5.8659999999999854,-0.014000000000010004,5.818999999999988,5.819016841357298,1.9222187700675457,7.809135483521844,-0.028999999999996362,1.921999999999997,0.045999999999935426,7.8089999999999975,"[0.745853,0.629348,0.752699,0.705509,0.701263]",true,valid,null,valid,true,Neck,shoulder_width,2,true,true,true,valid,valid,null,null,null,true,true,valid,valid,null,null,null,false,false,T06C_P001_raw_BODY_25,t07a_raw_v0.2.0
pick_place_pilot_v1_E001,223,7.433333,P001,0,8,retract,668.628,221.889,0.0,0.0,151.06985761891747,600.009,210.14,-0.4542203261559659,-0.07777196712290259,539.277,225.75,-0.8562330172197252,0.02555771257651932,658.748,180.798,-0.06540020726651423,-0.271999991577767,748.918,235.6,0.5314759758530797,0.09075933621773036,23.589000000000055,3.945999999999998,-3.824999999999932,-1.9199999999999875,4.279839366144415,2.7259634993888273,2.7379700509684075,-1.941000000000031,-1.9140000000000157,-1.947999999999979,-1.9240000000000066,"[0.736933,0.622767,0.835322,0.757022,0.679807]",true,valid,null,valid,true,Neck,shoulder_width,2,true,true,true,valid,valid,null,null,null,true,true,valid,valid,null,null,null,false,false,T06C_P001_raw_BODY_25,t07a_raw_v0.2.0
pick_place_pilot_v1_E001,224,7.466667,P001,0,8,retract,668.54,216.034,0.0,0.0,144.96610778040508,601.93,206.228,-0.4594867105137496,-0.06764339713703378,525.586,227.722,-0.9861201503495349,0.08062574196794343,647.036,194.389,-0.14833812074594924,-0.1493107618836526,744.979,229.726,0.5272887654250192,0.09444966281870983,23.500999999999976,-1.9090000000000202,-0.08800000000007913,-5.855000000000018,5.855661277772155,4.358208921105042,7.072453393271649,1.9209999999999354,-3.9119999999999777,-3.9389999999999645,-5.873999999999995,"[0.693142,0.536502,0.837632,0.811185,0.688499]",true,valid,null,valid,true,Neck,shoulder_width,2,true,true,true,valid,valid,null,null,null,true,true,valid,valid,null,null,null,false,false,T06C_P001_raw_BODY_25,t07a_raw_v0.2.0
pick_place_pilot_v1_E001,225,7.5,P001,0,8,retract,666.693,216.042,0.0,0.0,144.66703599991257,601.922,208.111,-0.44772466341288075,-0.05482244068375607,525.571,227.713,-0.9754952054183598,0.08067490924475045,647.029,194.387,-0.13592592026294,-0.14968855793805777,744.965,229.727,0.541049309948172,0.09459653268909354,21.653999999999996,-1.9010000000000105,-1.84699999999998,0.008000000000009777,1.8470173253112507,1.8830169940815533,0.014035668847628519,-0.007999999999924512,1.8829999999999814,-0.014000000000010004,0.0010000000000047748,"[0.694479,0.539192,0.841352,0.808613,0.688061]",true,valid,null,valid,true,Neck,shoulder_width,2,true,true,true,valid,valid,null,null,null,true,true,valid,valid,null,null,null,false,false,T06C_P001_raw_BODY_25,t07a_raw_v0.2.0
pick_place_pilot_v1_E001,226,7.533333,P001,0,8,retract,666.676,212.07,0.0,0.0,143.76679025769477,601.917,200.341,-0.45044477854671966,-0.08158351437753003,523.495,229.682,-0.9959254132568117,0.12250395218834174,639.202,196.328,-0.19110115730311764,-0.10949677579768766,743.042,227.775,0.5311796963896722,0.10923941455359466,21.637000000000057,-5.873000000000019,-0.016999999999939064,-3.9720000000000084,3.9720363794910116,7.770001608751424,2.740115508514194,-0.0049999999999954525,-7.769999999999982,-1.9230000000000018,-1.9519999999999982,"[0.673572,0.545609,0.809971,0.781063,0.639851]",true,valid,null,valid,true,Neck,shoulder_width,2,true,true,true,valid,valid,null,null,null,true,true,valid,valid,null,null,null,false,false,T06C_P001_raw_BODY_25,t07a_raw_v0.2.0
pick_place_pilot_v1_E001,227,7.566667,P001,0,8,retract,670.543,208.16,0.0,0.0,148.36053830112638,601.899,194.426,-0.46268368115970127,-0.09257178598344125,517.689,229.785,-1.0302874453700976,0.14575978388611588,633.242,198.393,-0.2514213039877926,-0.06583286979032107,746.901,225.815,0.5146786394439782,0.1190006466825145,25.50400000000002,-9.783000000000015,3.866999999999962,-3.9099999999999966,5.499253494793605,5.9150273879332325,4.328219148795431,-0.018000000000029104,-5.9150000000000205,3.8589999999999236,-1.960000000000008,"[0.65547,0.652572,0.767317,0.751694,0.614986]",true,valid,null,valid,true,Neck,shoulder_width,2,true,true,true,valid,valid,null,null,null,true,true,valid,valid,null,null,null,false,false,T06C_P001_raw_BODY_25,t07a_raw_v0.2.0
pick_place_pilot_v1_E001,228,7.6,P001,0,8,retract,668.596,206.218,0.0,0.0,146.7684901911851,601.964,192.485,-0.4539939050487137,-0.0935691304183272,509.911,237.518,-1.0811925624723133,0.21326103415813355,631.284,206.222,-0.25422350500026447,2.7253806282319713e-05,744.917,225.733,0.5200094373157479,0.13296450739923252,23.557000000000016,-11.725000000000023,-1.9470000000000027,-1.9420000000000073,2.7499405448118397,1.9420880515568564,1.9856938333992216,0.06500000000005457,-1.940999999999974,-1.9839999999999236,-0.08199999999999363,"[0.67728,0.655944,0.785865,0.723097,0.604506]",true,valid,null,valid,true,Neck,shoulder_width,2,true,true,true,valid,valid,null,null,null,true,true,valid,valid,null,null,null,false,false,T06C_P001_raw_BODY_25,t07a_raw_v0.2.0
pick_place_pilot_v1_E001,229,7.633333,P001,0,8,retract,666.592,208.124,0.0,0.0,147.50342948216493,598.04,194.421,-0.4647485162932353,-0.09289953493357164,505.931,241.557,-1.0892017939110086,0.22665913679005323,621.545,212.182,-0.3053962891449028,0.027511224750816098,742.962,221.896,0.5177506737850738,0.09336732066738287,21.552999999999997,-9.819000000000017,-2.004000000000019,1.906000000000006,2.765655799263549,4.375599616052711,4.306343460524287,-3.924000000000092,1.9359999999999786,-1.955000000000041,-3.8370000000000175,"[0.763685,0.672973,0.820741,0.754155,0.738195]",true,valid,null,valid,true,Neck,shoulder_width,2,true,true,true,valid,valid,null,null,null,true,true,valid,valid,null,null,null,false,false,T06C_P001_raw_BODY_25,t07a_raw_v0.2.0
pick_place_pilot_v1_E001,230,7.666667,P001,0,8,retract,666.61,208.126,0.0,0.0,147.4939964608729,598.046,194.438,-0.46485959866297727,-0.09280377729564851,505.941,243.359,-1.0893256936232127,0.23887751939345267,621.545,212.179,-0.30553785971861486,0.02747908455430031,742.962,221.894,0.5176617478139497,0.0933461722535423,21.571000000000026,-9.817000000000007,0.018000000000029104,0.0020000000000095497,0.018110770276304814,0.01802775637734454,0.001999999999981128,0.0060000000000854925,0.016999999999995907,0.0,-0.001999999999981128,"[0.759813,0.668975,0.817715,0.752923,0.738139]",true,valid,null,valid,true,Neck,shoulder_width,2,true,true,true,valid,valid,null,null,null,true,true,valid,valid,null,null,null,false,false,T06C_P001_raw_BODY_25,t07a_raw_v0.2.0
pick_place_pilot_v1_E001,231,7.7,P001,0,8,retract,666.526,210.194,0.0,0.0,151.75204982141094,594.096,196.483,-0.4772917406073858,-0.09035133308667491,502.052,243.518,-1.083833794624592,0.2195950567996761,617.623,221.878,-0.32225594354442855,0.07699401763436005,742.992,225.786,0.5038877569692722,0.10274655280340149,21.486999999999966,-7.749000000000024,-0.08400000000006003,2.0679999999999836,2.0697052930308564,4.447979878551658,3.89211562007091,-3.9500000000000455,2.045000000000016,0.029999999999972715,3.891999999999996,"[0.801755,0.661621,0.783134,0.742887,0.775583]",true,valid,null,valid,true,Neck,shoulder_width,2,true,true,true,valid,valid,null,null,null,true,true,valid,valid,null,null,null,false,false,T06C_P001_raw_BODY_25,t07a_raw_v0.2.0
pick_place_pilot_v1_E001,232,7.733333,P001,0,8,retract,664.647,210.156,0.0,0.0,157.071332740892,588.311,196.458,-0.4859957489882982,-0.08720878444825131,496.23,251.253,-1.0722325777793207,0.26164545294712954,613.693,227.736,-0.32440037982013437,0.11192366992263511,742.974,223.858,0.4986715184317547,0.08723425058475241,19.60800000000006,-7.787000000000006,-1.8789999999999054,-0.03799999999998249,1.8793842076594247,5.785054018762455,1.9280840230653815,-5.784999999999968,-0.025000000000005684,-0.017999999999915417,-1.9279999999999973,"[0.836153,0.730871,0.760562,0.760821,0.783581]",true,valid,null,valid,true,Neck,shoulder_width,2,true,true,true,valid,valid,null,null,null,true,true,valid,valid,null,null,null,false,false,T06C_P001_raw_BODY_25,t07a_raw_v0.2.0
pick_place_pilot_v1_E001,233,7.766667,P001,0,8,retract,662.717,212.097,0.0,0.0,158.7115960539747,586.276,200.351,-0.48163462469373663,-0.07400845490839514,492.292,257.157,-1.0738030757503176,0.2839112019557535,603.878,241.441,-0.3707290548574028,0.18488882179737312,742.945,225.732,0.5054955151022242,0.08591054679686415,17.677999999999997,-5.846000000000004,-1.9300000000000637,1.9410000000000025,2.737221401348502,4.392797969404049,1.8742243729073587,-2.035000000000082,3.8930000000000007,-0.028999999999996362,1.8739999999999952,"[0.82836,0.716903,0.844062,0.813296,0.792854]",true,valid,null,valid,true,Neck,shoulder_width,2,true,true,true,valid,valid,null,null,null,true,true,valid,valid,null,null,null,false,false,T06C_P001_raw_BODY_25,t07a_raw_v0.2.0
pick_place_pilot_v1_E001,234,7.8,P001,0,8,retract,662.721,212.098,0.0,0.0,158.7107413913753,586.278,200.349,-0.48164981985368044,-0.07402775575868169,492.287,257.157,-1.0738655651523645,0.2839064300562115,603.879,241.442,-0.3707499535579486,0.1848898174298026,742.945,225.737,0.5054730341292426,0.08593621251107807,17.682000000000016,-5.844999999999999,0.004000000000019099,0.0010000000000047748,0.004123105625637348,0.0028284271247998897,0.0049999999999954525,0.002000000000066393,-0.0020000000000095497,0.0,0.0049999999999954525,"[0.828306,0.717991,0.846769,0.813926,0.792856]",true,valid,null,valid,true,Neck,shoulder_width,2,true,true,true,valid,valid,null,null,null,true,true,valid,valid,null,null,null,false,false,T06C_P001_raw_BODY_25,t07a_raw_v0.2.0
pick_place_pilot_v1_E001,235,7.833333,P001,0,8,retract,662.707,212.082,0.0,0.0,157.21375533966486,586.251,198.447,-0.48631876921211264,-0.0867290522419058,490.313,259.061,-1.0965579928266314,0.2988224528986061,603.922,243.506,-0.3739176630759394,0.19988072883385774,741.083,225.709,0.498531441034955,0.08667816610931074,17.668000000000006,-5.861000000000018,-0.014000000000010004,-0.016000000000019554,0.021260291625490604,1.9021916307249258,1.8622105144156762,-0.027000000000043656,-1.9019999999999868,-1.86200000000008,-0.027999999999991587,"[0.834992,0.720839,0.846688,0.795741,0.780403]",true,valid,null,valid,true,Neck,shoulder_width,2,true,true,true,valid,valid,null,null,null,true,true,valid,valid,null,null,null,false,false,T06C_P001_raw_BODY_25,t07a_raw_v0.2.0
pick_place_pilot_v1_E001,236,7.866667,P001,0,8,retract,662.636,212.082,0.0,0.0,157.19798763342993,586.206,198.396,-0.4862021527796342,-0.08706218321264009,488.345,259.168,-1.1087355673180068,0.2995330965037535,599.925,253.175,-0.39893004321553927,0.2614091987985546,741.01,225.726,0.49856872330172824,0.08679500421987879,17.59699999999998,-5.861000000000018,-0.07100000000002638,0.0,0.07100000000002638,0.06801470429251283,0.07495331880575273,-0.04499999999995907,-0.051000000000016144,-0.07299999999997908,0.016999999999995907,"[0.817281,0.724007,0.805457,0.734105,0.770945]",true,valid,null,valid,true,Neck,shoulder_width,2,true,true,true,valid,valid,null,null,null,true,true,valid,valid,null,null,null,false,false,T06C_P001_raw_BODY_25,t07a_raw_v0.2.0
pick_place_pilot_v1_E001,237,7.9,P001,0,8,retract,662.614,212.106,0.0,0.0,159.08608419343284,582.382,198.431,-0.5043307238768034,-0.08595974983816022,486.331,264.951,-1.108098177749208,0.33217864571828776,599.942,257.108,-0.3939502334082038,0.28287829339794457,739.112,225.709,0.4808591548899147,0.08550716468361944,17.575000000000045,-5.8370000000000175,-0.021999999999934516,0.02400000000000091,0.03255764119215583,3.8241601692398466,1.8980761312445011,-3.824000000000069,0.03500000000002501,-1.8980000000000246,-0.016999999999995907,"[0.812047,0.696366,0.742346,0.785826,0.759293]",true,valid,null,valid,true,Neck,shoulder_width,2,true,true,true,valid,valid,null,null,null,true,true,valid,valid,null,null,null,false,false,T06C_P001_raw_BODY_25,t07a_raw_v0.2.0
pick_place_pilot_v1_E001,238,7.933333,P001,0,8,retract,660.749,212.102,0.0,0.0,160.7052520392535,582.345,200.335,-0.4878745343111077,-0.07322100460740272,480.517,270.816,-1.121506594918111,0.3653520918262125,596.043,259.196,-0.40263774319083906,0.2930458053013535,741.033,225.718,0.49957296965247905,0.08472654021708122,15.710000000000036,-5.841000000000008,-1.865000000000009,-0.003999999999990678,1.865004289539312,1.9043594723685915,1.9210210826537506,-0.036999999999920874,1.9039999999999964,1.9210000000000491,0.00899999999998613,"[0.808869,0.683393,0.782818,0.743874,0.773128]",true,valid,null,valid,true,Neck,shoulder_width,2,true,true,true,valid,valid,null,null,null,true,true,valid,valid,null,null,null,false,false,T06C_P001_raw_BODY_25,t07a_raw_v0.2.0
pick_place_pilot_v1_E001,239,7.966667,P001,0,8,retract,658.788,212.099,0.0,0.0,164.0001467438368,578.429,202.279,-0.48999346400292143,-0.05987799520288559,480.477,272.803,-1.0872612222629066,0.3701460102643554,588.251,270.842,-0.43010327368899653,0.3581887038903371,741.005,223.845,0.5013227221584162,0.07162188713371641,13.749000000000024,-5.8440000000000225,-1.9610000000000127,-0.0030000000000143245,1.9610022947462478,4.371978042030904,1.8732092782174568,-3.9160000000000537,1.9439999999999884,-0.02800000000002001,-1.8729999999999905,"[0.80956,0.697249,0.819211,0.78488,0.770725]",true,valid,null,valid,true,Neck,shoulder_width,2,true,true,true,valid,valid,null,null,null,true,true,valid,valid,null,null,null,false,false,T06C_P001_raw_BODY_25,t07a_raw_v0.2.0
pick_place_pilot_v1_E001,240,8.0,P001,0,8,retract,658.788,212.099,0.0,0.0,164.0001467438368,578.429,202.279,-0.48999346400292143,-0.05987799520288559,480.477,272.803,-1.0872612222629066,0.3701460102643554,588.251,270.842,-0.43010327368899653,0.3581887038903371,741.005,223.845,0.5013227221584162,0.07162188713371641,13.749000000000024,-5.8440000000000225,0.0,0.0,0.0,0.0,0.0,0.0,0.0,0.0,0.0,"[0.809698,0.69725,0.819175,0.784807,0.77073]",true,valid,null,valid,true,Neck,shoulder_width,2,true,true,true,valid,valid,null,null,null,true,true,valid,valid,null,null,null,false,false,T06C_P001_raw_BODY_25,t07a_raw_v0.2.0
pick_place_pilot_v1_E001,241,8.033333,P001,0,8,retract,658.749,212.125,0.0,0.0,165.65744914431102,576.492,204.246,-0.49654875422078126,-0.047562002437549725,478.498,274.735,-1.0880947457000618,0.37794859406206277,586.238,272.84,-0.437716507012206,0.3665093258022381,740.983,223.87,0.496409913497838,0.07089931699822598,13.710000000000036,-5.818000000000012,-0.03899999999998727,0.02600000000001046,0.04687216658102707,2.7606263781975455,0.03330165161072954,-1.9370000000000118,1.967000000000013,-0.022000000000048203,0.025000000000005684,"[0.798054,0.699053,0.850672,0.784059,0.765202]",true,valid,null,valid,true,Neck,shoulder_width,2,true,true,true,valid,valid,null,null,null,true,true,valid,valid,null,null,null,false,false,T06C_P001_raw_BODY_25,t07a_raw_v0.2.0
pick_place_pilot_v1_E001,242,8.066667,P001,0,8,retract,656.815,212.122,0.0,0.0,164.00861794430193,576.467,204.265,-0.4899010857300597,-0.04790601919874906,476.546,276.779,-1.0991434612370201,0.39422928386578926,582.359,276.808,-0.45397614426142907,0.3944061038424678,739.069,225.699,0.501522426266245,0.08278223528845788,11.776000000000067,-5.820999999999998,-1.933999999999969,-0.002999999999985903,1.934002326782437,0.03140063693618317,2.6473830474640385,-0.024999999999977263,0.018999999999977035,-1.9139999999999873,1.8290000000000077,"[0.818083,0.712047,0.813964,0.738495,0.761917]",true,valid,null,valid,true,Neck,shoulder_width,2,true,true,true,valid,valid,null,null,null,true,true,valid,valid,null,null,null,false,false,T06C_P001_raw_BODY_25,t07a_raw_v0.2.0
pick_place_pilot_v1_E001,243,8.1,P001,0,8,retract,656.818,212.123,0.0,0.0,163.99765833694087,576.474,204.273,-0.4899094341635624,-0.04786653711769348,476.528,276.789,-1.0993449652164284,0.3943105081850661,582.359,276.808,-0.4540247754453935,0.39442636349783505,739.066,225.699,0.501519356032619,0.0827816697974278,11.778999999999996,-5.820000000000022,0.0029999999999290594,0.0009999999999763531,0.0031622776600936015,0.010630145812782732,0.0029999999999290594,0.007000000000061846,0.008000000000009777,-0.0029999999999290594,0.0,"[0.818721,0.712206,0.808188,0.738406,0.761904]",true,valid,null,valid,true,Neck,shoulder_width,2,true,true,true,valid,valid,null,null,null,true,true,valid,valid,null,null,null,false,false,T06C_P001_raw_BODY_25,t07a_raw_v0.2.0
pick_place_pilot_v1_E001,244,8.133333,P001,0,8,retract,656.799,212.148,0.0,0.0,165.4585484343435,574.549,206.224,-0.4971033577792934,-0.03580352937975121,476.5,278.735,-1.0896928669209582,0.4024391645525814,578.478,280.674,-0.47335722899248694,0.41415811179554834,739.064,223.869,0.4971940149266087,0.07083949491223221,11.759999999999991,-5.795000000000016,-0.019000000000005457,0.025000000000005684,0.03140063693622299,2.7408075452319225,1.830001092895861,-1.9250000000000682,1.9509999999999934,-0.002000000000066393,-1.8300000000000125,"[0.814868,0.720206,0.790888,0.722353,0.760624]",true,valid,null,valid,true,Neck,shoulder_width,2,true,true,true,valid,valid,null,null,null,true,true,valid,valid,null,null,null,false,false,T06C_P001_raw_BODY_25,t07a_raw_v0.2.0
pick_place_pilot_v1_E001,245,8.166667,P001,0,0,idle,656.786,212.159,0.0,0.0,165.26853578645876,574.54,208.104,-0.49765068473934404,-0.024535825774117035,476.564,278.702,-1.090479800903315,0.402635623794594,580.374,286.468,-0.46235055956888754,0.44962581441402544,739.055,223.868,0.4977898521851653,0.0708483314399847,11.746999999999957,-5.78400000000002,-0.013000000000033651,0.01099999999999568,0.0170293863659493,1.8800215424297908,0.009055385138152407,-0.009000000000014552,1.8800000000000239,-0.009000000000014552,-0.0010000000000047748,"[0.811,0.714007,0.79054,0.741886,0.756224]",true,valid,null,valid,true,Neck,shoulder_width,2,true,true,true,valid,valid,null,null,null,true,true,valid,valid,null,null,null,false,false,T06C_P001_raw_BODY_25,t07a_raw_v0.2.0
pick_place_pilot_v1_E001,246,8.2,P001,0,0,idle,656.793,212.133,0.0,0.0,165.44663311775187,574.553,206.171,-0.497078716261745,-0.03603578923094032,476.569,282.578,-1.089318027231964,0.42578684541656864,574.594,288.559,-0.4968309022130247,0.46193747530423307,739.05,223.872,0.4971814684282871,0.07095339312009516,11.754000000000019,-5.810000000000002,0.007000000000061846,-0.025999999999982037,0.026925824035671255,1.9330437139392587,0.006403124237441229,0.013000000000033651,-1.9330000000000211,-0.0049999999999954525,0.004000000000019099,"[0.813655,0.715353,0.781031,0.786544,0.755607]",true,valid,null,valid,true,Neck,shoulder_width,2,true,true,true,valid,valid,null,null,null,true,true,valid,valid,null,null,null,false,false,T06C_P001_raw_BODY_25,t07a_raw_v0.2.0
pick_place_pilot_v1_E001,247,8.233333,P001,0,0,idle,654.869,212.14,0.0,0.0,165.4893550081092,574.508,206.165,-0.4855961883231837,-0.03610504131644728,476.567,284.587,-1.0774227743607012,0.4377743812975161,574.586,290.431,-0.4851248589135298,0.4730878309131342,739.047,223.875,0.5086611159725359,0.07091090541397653,9.830000000000041,-5.803000000000026,-1.9239999999999782,0.0069999999999765805,1.924012733845573,0.04539823785122413,0.004242640687059154,-0.04499999999995907,-0.006000000000000227,-0.0029999999999290594,0.002999999999985903,"[0.818727,0.718297,0.77902,0.794139,0.754186]",true,valid,null,valid,true,Neck,shoulder_width,2,true,true,true,valid,valid,null,null,null,true,true,valid,valid,null,null,null,false,false,T06C_P001_raw_BODY_25,t07a_raw_v0.2.0
pick_place_pilot_v1_E001,248,8.266667,P001,0,0,idle,654.866,212.15,0.0,0.0,165.94735225968515,574.506,204.279,-0.484249967870819,-0.04743070553896491,476.516,286.529,-1.0747384491010519,0.44820841662846733,576.457,290.534,-0.4724932271127804,0.47234257692367176,739.065,225.7,0.5073838109103423,0.08165240249688387,9.826999999999998,-5.793000000000006,-0.0030000000000427463,0.010000000000019327,0.010440306508941346,1.8860010604450848,1.8250887649645864,-0.002000000000066393,-1.8859999999999957,0.018000000000029104,1.8249999999999886,"[0.816564,0.725698,0.789471,0.774986,0.756236]",true,valid,null,valid,true,Neck,shoulder_width,2,true,true,true,valid,valid,null,null,null,true,true,valid,valid,null,null,null,false,false,T06C_P001_raw_BODY_25,t07a_raw_v0.2.0
pick_place_pilot_v1_E001,249,8.3,P001,0,0,idle,654.856,212.162,0.0,0.0,163.5927832546411,574.517,206.212,-0.4910913452395263,-0.03637079754758202,476.512,288.407,-1.0901703391304116,0.4660657914311567,572.656,290.512,-0.5024671526741572,0.47893310720219207,737.154,223.87,0.5030662011043524,0.0715679491911074,9.817000000000007,-5.781000000000006,-0.009999999999990905,0.012000000000000455,0.015620499351807836,1.9330312982463511,2.6459064609317093,0.011000000000080945,1.9329999999999927,-1.9110000000000582,-1.829999999999984,"[0.815381,0.729081,0.809047,0.797133,0.751152]",true,valid,null,valid,true,Neck,shoulder_width,2,true,true,true,valid,valid,null,null,null,true,true,valid,valid,null,null,null,false,false,T06C_P001_raw_BODY_25,t07a_raw_v0.2.0
pick_place_pilot_v1_E001,250,8.333333,P001,0,0,idle,654.824,212.168,0.0,0.0,163.3896910609724,574.495,208.102,-0.49164056482623153,-0.024885290948268496,476.563,288.435,-1.091017424921123,0.46677975522665816,574.552,292.464,-0.4912917056073305,0.49143859369949966,737.124,223.85,0.503703749395597,0.07149777886317563,9.784999999999968,-5.775000000000006,-0.03200000000003911,0.006000000000000227,0.03255764119223789,1.8901280379910927,0.03605551275462287,-0.022000000000048203,1.8900000000000148,-0.029999999999972715,-0.020000000000010232,"[0.816203,0.730237,0.822503,0.765046,0.746096]",true,valid,null,valid,true,Neck,shoulder_width,2,true,true,true,valid,valid,null,null,null,true,true,valid,valid,null,null,null,false,false,T06C_P001_raw_BODY_25,t07a_raw_v0.2.0
pick_place_pilot_v1_E001,251,8.366667,P001,0,0,idle,654.826,212.163,0.0,0.0,163.37887036578508,574.504,208.109,-0.49163028132199094,-0.024813490207905083,476.574,288.469,-1.0910345970743698,0.46704937933014407,572.662,294.371,-0.5029046890582911,0.5031740017295163,737.123,223.848,0.5037187478144953,0.07152087643793063,9.787000000000035,-5.780000000000001,0.002000000000066393,-0.0049999999999954525,0.00538516480715494,0.011401754251005937,0.002236067977472335,0.009000000000014552,0.007000000000005002,-0.0009999999999763531,-0.001999999999981128,"[0.816116,0.730942,0.83509,0.783128,0.747188]",true,valid,null,valid,true,Neck,shoulder_width,2,true,true,true,valid,valid,null,null,null,true,true,valid,valid,null,null,null,false,false,T06C_P001_raw_BODY_25,t07a_raw_v0.2.0
pick_place_pilot_v1_E001,252,8.4,P001,0,0,idle,654.843,212.143,0.0,0.0,163.3438727164261,574.535,208.097,-0.49164990804043857,-0.024769830252672348,476.507,288.509,-1.0917826119477467,0.46751677139782016,572.562,294.417,-0.5037287204696332,0.5036858660920336,737.12,223.824,0.5037042322538625,0.07151171210614596,9.803999999999974,-5.800000000000011,0.016999999999939064,-0.020000000000010232,0.026248809496781704,0.03324154027714199,0.024186773244901854,0.03099999999994907,-0.012000000000000455,-0.0030000000000427463,-0.02400000000000091,"[0.816303,0.724478,0.825203,0.786842,0.745556]",true,valid,null,valid,true,Neck,shoulder_width,2,true,true,true,valid,valid,null,null,null,true,true,valid,valid,null,null,null,false,false,T06C_P001_raw_BODY_25,t07a_raw_v0.2.0
pick_place_pilot_v1_E001,253,8.433333,P001,0,0,idle,654.852,212.151,0.0,0.0,163.35733189851013,574.505,208.125,-0.49184814092040624,-0.024645358449544616,476.508,288.533,-1.0917416312284087,0.46757619699282466,572.534,298.28,-0.5039137150644828,0.5272429403628469,737.107,223.816,0.5035280574434393,0.07140787538845926,9.812999999999988,-5.792000000000002,0.009000000000014552,0.008000000000009777,0.012041594578809668,0.0410365690573407,0.015264337522507531,-0.029999999999972715,0.027999999999991587,-0.013000000000033651,-0.008000000000009777,"[0.812676,0.726508,0.820594,0.768035,0.744817]",true,valid,null,valid,true,Neck,shoulder_width,2,true,true,true,valid,valid,null,null,null,true,true,valid,valid,null,null,null,false,false,T06C_P001_raw_BODY_25,t07a_raw_v0.2.0
pick_place_pilot_v1_E001,254,8.466667,P001,0,0,idle,654.833,212.17,0.0,0.0,165.2164106255792,572.633,208.155,-0.49752926896762845,-0.024301460035340915,476.491,290.373,-1.0794448282995726,0.47333675694739025,572.531,300.237,-0.49814664105320927,0.5330402692235059,737.105,223.821,0.4979650610280387,0.07051962910878162,9.793999999999983,-5.773000000000025,-0.019000000000005457,0.018999999999977035,0.026870057685076425,1.872240369183359,0.005385164807112717,-1.8719999999999573,0.030000000000001137,-0.0019999999999527063,0.0049999999999954525,"[0.812049,0.734898,0.822582,0.771761,0.746372]",true,valid,null,valid,true,Neck,shoulder_width,2,true,true,true,valid,valid,null,null,null,true,true,valid,valid,null,null,null,false,false,T06C_P001_raw_BODY_25,t07a_raw_v0.2.0
pick_place_pilot_v1_E001,255,8.5,P001,0,0,idle,654.816,212.183,0.0,0.0,165.22129328267587,572.63,208.171,-0.49742983102903465,-0.02428258440717989,476.521,288.569,-1.0791284613355279,0.4623253969408882,570.633,302.177,-0.5095166508349014,0.5446876622980427,737.107,223.836,0.49806534233580224,0.07052965007399493,9.777000000000044,-5.760000000000019,-0.016999999999939064,0.01300000000000523,0.021400934558987467,0.016278820596098868,0.015132745950429955,-0.0030000000000427463,0.015999999999991132,0.0019999999999527063,0.01500000000001478,"[0.809794,0.736912,0.817744,0.788028,0.74762]",true,valid,null,valid,true,Neck,shoulder_width,2,true,true,true,valid,valid,null,null,null,true,true,valid,valid,null,null,null,false,false,T06C_P001_raw_BODY_25,t07a_raw_v0.2.0
pick_place_pilot_v1_E001,256,8.533333,P001,0,0,idle,652.965,212.185,0.0,0.0,165.22200604338397,572.624,208.197,-0.4862608917779638,-0.024137220552526345,476.504,290.394,-1.0680235897490853,0.47335704167315273,570.532,302.238,-0.4989226433817463,0.5450424078276467,737.104,223.838,0.5092481444506055,0.07052934581208359,7.926000000000045,-5.75800000000001,-1.850999999999999,0.0020000000000095497,1.8510010804967123,0.02668332812825652,0.0036055512753944948,-0.005999999999971806,0.02600000000001046,-0.0029999999999290594,0.001999999999981128,"[0.810818,0.742589,0.829307,0.787132,0.749367]",true,valid,null,valid,true,Neck,shoulder_width,2,true,true,true,valid,valid,null,null,null,true,true,valid,valid,null,null,null,false,false,T06C_P001_raw_BODY_25,t07a_raw_v0.2.0
pick_place_pilot_v1_E001,257,8.566667,P001,0,0,idle,652.953,214.013,0.0,0.0,165.0798231280856,572.602,210.048,-0.48674028404825453,-0.024018683354921917,476.51,290.43,-1.068834438131774,0.4629093886338125,570.563,304.063,-0.49909188439142865,0.5454936787164479,737.104,223.848,0.5097594509457841,0.05957723853610518,7.913999999999987,-3.930000000000007,-0.012000000000057298,1.828000000000003,1.8280393868842137,1.8511307355235607,0.010000000000019327,-0.022000000000048203,1.850999999999999,0.0,0.010000000000019327,"[0.81007,0.746737,0.834543,0.794886,0.749395]",true,valid,null,valid,true,Neck,shoulder_width,2,true,true,true,valid,valid,null,null,null,true,true,valid,valid,null,null,null,false,false,T06C_P001_raw_BODY_25,t07a_raw_v0.2.0
pick_place_pilot_v1_E001,258,8.6,P001,0,0,idle,652.955,212.193,0.0,0.0,165.06587931186743,572.614,210.034,-0.4867208191961201,-0.013079626201372064,476.526,290.479,-1.0688399124973833,0.4742712444653096,570.564,304.12,-0.49914010299084605,0.5569109762915787,737.101,223.846,0.5097722215565738,0.07059605563899357,7.916000000000054,-5.75,0.002000000000066393,-1.8199999999999932,1.8200010989007605,0.01843908891463066,0.0036055512755048535,0.012000000000057298,-0.014000000000010004,-0.0030000000000427463,-0.0020000000000095497,"[0.811613,0.745015,0.8361,0.798761,0.749293]",true,valid,null,valid,true,Neck,shoulder_width,2,true,true,true,valid,valid,null,null,null,true,true,valid,valid,null,null,null,false,false,T06C_P001_raw_BODY_25,t07a_raw_v0.2.0
pick_place_pilot_v1_E001,259,8.633333,P001,0,0,idle,652.952,212.192,0.0,0.0,165.23077427949076,572.612,208.192,-0.486229035422321,-0.02420856536830076,476.498,290.531,-1.0679245483745357,0.4741187005968283,570.591,304.161,-0.49846041307465466,0.5566093870893131,737.099,223.852,0.5092695375116013,0.07056796804859669,7.913000000000011,-5.751000000000005,-0.0030000000000427463,-0.0010000000000047748,0.003162277660210442,1.8420010857759948,0.006324555320322019,-0.002000000000066393,-1.8419999999999845,-0.0019999999999527063,0.006000000000000227,"[0.813164,0.746816,0.820726,0.802729,0.750322]",true,valid,null,valid,true,Neck,shoulder_width,2,true,true,true,valid,valid,null,null,null,true,true,valid,valid,null,null,null,false,false,T06C_P001_raw_BODY_25,t07a_raw_v0.2.0
pick_place_pilot_v1_E001,260,8.666667,P001,0,0,idle,652.956,214.014,0.0,0.0,165.2379331539826,572.612,208.186,-0.486232177239404,-0.03527035160001053,476.481,292.396,-1.0680053703863857,0.47435839037611943,570.588,304.155,-0.4984811806090713,0.5455224371270669,737.104,223.869,0.509253525469747,0.059641268877505704,7.91700000000003,-3.929000000000002,0.004000000000019099,1.8220000000000027,1.8220043907740755,0.006000000000000227,0.01772004514666414,0.0,-0.006000000000000227,0.0049999999999954525,0.016999999999995907,"[0.810054,0.74804,0.808004,0.803009,0.752396]",true,valid,null,valid,true,Neck,shoulder_width,2,true,true,true,valid,valid,null,null,null,true,true,valid,valid,null,null,null,false,false,T06C_P001_raw_BODY_25,t07a_raw_v0.2.0
pick_place_pilot_v1_E001,261,8.7,P001,0,0,idle,654.825,214.014,0.0,0.0,165.22712678310424,572.622,208.179,-0.49751515747113984,-0.03531502431595077,476.493,292.393,-1.079314295854692,0.47437125807367625,570.544,304.217,-0.510091784811079,0.5459333570474212,737.102,223.874,0.49796302581721946,0.05967543097776755,9.786000000000058,-3.929000000000002,1.8690000000000282,0.0,1.8690000000000282,0.012206555615729121,0.00538516480715494,0.009999999999990905,-0.007000000000005002,-0.002000000000066393,0.0049999999999954525,"[0.805299,0.745382,0.812118,0.790993,0.752712]",true,valid,null,valid,true,Neck,shoulder_width,2,true,true,true,valid,valid,null,null,null,true,true,valid,valid,null,null,null,false,false,T06C_P001_raw_BODY_25,t07a_raw_v0.2.0
pick_place_pilot_v1_E001,262,8.733333,P001,0,0,idle,654.831,214.017,0.0,0.0,165.22508676650776,572.62,208.184,-0.4975697190353344,-0.03530335564745721,476.528,290.541,-1.079152103893119,0.46315000644025645,568.664,304.22,-0.5215128143450106,0.5459400976285932,737.099,223.868,0.4979147029667429,0.05962169663691085,9.79200000000003,-3.926000000000016,0.005999999999971806,0.002999999999985903,0.006708203932467847,0.005385164807112717,0.006708203932467847,-0.0019999999999527063,0.0049999999999954525,-0.0029999999999290594,-0.006000000000000227,"[0.804051,0.744764,0.820004,0.794156,0.752288]",true,valid,null,valid,true,Neck,shoulder_width,2,true,true,true,valid,valid,null,null,null,true,true,valid,valid,null,null,null,false,false,T06C_P001_raw_BODY_25,t07a_raw_v0.2.0
pick_place_pilot_v1_E001,263,8.766667,P001,0,0,idle,654.829,214.019,0.0,0.0,165.39749392599637,572.633,208.174,-0.4969603713389804,-0.03533910859988738,476.542,290.535,-1.0779304798884723,0.4626188594745909,568.659,304.245,-0.5209873375624113,0.5455100791331804,737.099,225.703,0.49740777835975,0.07064194095484759,9.789999999999964,-3.9240000000000066,-0.002000000000066393,0.0020000000000095497,0.0028284271247998897,0.016401219466877854,1.835000000000008,0.013000000000033651,-0.009999999999990905,0.0,1.835000000000008,"[0.804449,0.744076,0.822183,0.795139,0.753235]",true,valid,null,valid,true,Neck,shoulder_width,2,true,true,true,valid,valid,null,null,null,true,true,valid,valid,null,null,null,false,false,T06C_P001_raw_BODY_25,t07a_raw_v0.2.0
pick_place_pilot_v1_E001,264,8.8,P001,0,0,idle,654.842,214.008,0.0,0.0,165.21077377096202,572.634,208.164,-0.4975946672459028,-0.03537299575935515,476.547,290.529,-1.079197172983265,0.4631719727073245,566.689,306.073,-0.5335790032810444,0.5572578464382304,737.097,223.865,0.4978791523247342,0.059663179192327574,9.802999999999997,-3.9350000000000023,0.013000000000033651,-0.01099999999999568,0.0170293863659493,0.010049875621137768,1.8380010881389537,0.0009999999999763531,-0.010000000000019327,-0.002000000000066393,-1.8379999999999939,"[0.804323,0.744484,0.823579,0.771568,0.751902]",true,valid,null,valid,true,Neck,shoulder_width,2,true,true,true,valid,valid,null,null,null,true,true,valid,valid,null,null,null,false,false,T06C_P001_raw_BODY_25,t07a_raw_v0.2.0
pick_place_pilot_v1_E001,265,8.833333,P001,0,0,idle,654.843,214.008,0.0,0.0,165.24016299011575,572.616,208.161,-0.4976211504034802,-0.03538485979555565,476.538,290.537,-1.0790657475366066,0.46313800843066066,568.586,306.082,-0.5220098941996301,0.557213200071145,737.109,223.857,0.4978571705047339,0.05960415326260076,9.803999999999974,-3.9350000000000023,0.0009999999999763531,0.0,0.0009999999999763531,0.01824828759092105,0.014422205101909056,-0.018000000000029104,-0.002999999999985903,0.012000000000057298,-0.008000000000009777,"[0.804589,0.747205,0.826769,0.774521,0.752304]",true,valid,null,valid,true,Neck,shoulder_width,2,true,true,true,valid,valid,null,null,null,true,true,valid,valid,null,null,null,false,false,T06C_P001_raw_BODY_25,t07a_raw_v0.2.0
pick_place_pilot_v1_E001,266,8.866667,P001,0,0,idle,654.837,212.193,0.0,0.0,165.23518559919367,572.618,208.159,-0.49758772444167093,-0.024413686379032976,476.537,290.535,-1.0790679924099054,0.47412419888601687,568.593,306.087,-0.5219469430028036,0.5682445882183714,737.106,223.855,0.49789032343000844,0.07057818803973243,9.798000000000002,-5.75,-0.005999999999971806,-1.8149999999999977,1.815009917328275,0.0028284271247998897,0.0036055512755048535,0.002000000000066393,-0.0020000000000095497,-0.0030000000000427463,-0.0020000000000095497,"[0.806235,0.747492,0.827266,0.775139,0.752084]",true,valid,null,valid,true,Neck,shoulder_width,2,true,true,true,valid,valid,null,null,null,true,true,valid,valid,null,null,null,false,false,T06C_P001_raw_BODY_25,t07a_raw_v0.2.0
pick_place_pilot_v1_E001,267,8.9,P001,0,0,idle,654.838,214.013,0.0,0.0,165.24537616829093,572.613,208.172,-0.49759334818699835,-0.03534743383107649,476.537,290.534,-1.0790074986328986,0.463074984452628,568.603,306.091,-0.5218602904336377,0.5572198274778046,737.112,223.86,0.4978898769077184,0.05959016965153399,9.798999999999978,-3.930000000000007,0.0009999999999763531,1.8199999999999932,1.820000274725247,0.013928388277187368,0.0078102496759002785,-0.0049999999999954525,0.01300000000000523,0.005999999999971806,0.005000000000023874,"[0.805923,0.749647,0.82803,0.777436,0.752644]",true,valid,null,valid,true,Neck,shoulder_width,2,true,true,true,valid,valid,null,null,null,true,true,valid,valid,null,null,null,false,false,T06C_P001_raw_BODY_25,t07a_raw_v0.2.0
pick_place_pilot_v1_E001,268,8.933333,P001,0,0,idle,654.835,214.016,0.0,0.0,165.23693683011672,572.613,208.187,-0.49760060660367966,-0.03527661618414584,476.54,290.525,-1.0790262965435418,0.4630260126321536,566.68,306.1,-0.5335066220129338,0.5572845985076168,737.106,223.849,0.4978971504693552,0.05950848635078182,9.79600000000005,-3.927000000000021,-0.0029999999999290594,0.002999999999985903,0.004242640687059154,0.01500000000001478,0.012529964086149325,0.0,0.01500000000001478,-0.005999999999971806,-0.011000000000024102,"[0.805189,0.750046,0.827171,0.769938,0.750996]",true,valid,null,valid,true,Neck,shoulder_width,2,true,true,true,valid,valid,null,null,null,true,true,valid,valid,null,null,null,false,false,T06C_P001_raw_BODY_25,t07a_raw_v0.2.0
pick_place_pilot_v1_E001,269,8.966667,P001,0,0,idle,654.827,214.019,0.0,0.0,165.23584851962363,572.61,208.2,-0.4975736242261968,-0.03521632897542173,476.546,290.525,-1.0789486760727174,0.4630109064433074,566.654,306.114,-0.5336190711032568,0.5573548405209579,737.104,223.84,0.49793674155538176,0.05943625483203569,9.788000000000011,-3.9240000000000066,-0.008000000000038199,0.0030000000000143245,0.008544003745358327,0.013341664064113348,0.009219544457269089,-0.0030000000000427463,0.012999999999976808,-0.0019999999999527063,-0.00899999999998613,"[0.804655,0.750425,0.824801,0.766772,0.74886]",true,valid,null,valid,true,Neck,shoulder_width,2,true,true,true,valid,valid,null,null,null,true,true,valid,valid,null,null,null,false,false,T06C_P001_raw_BODY_25,t07a_raw_v0.2.0
pick_place_pilot_v1_E001,270,9.0,P001,0,0,idle,654.856,214.041,0.0,0.0,167.00869739327948,572.618,210.033,-0.49241746857256335,-0.02399875014031032,476.481,290.538,-1.0680581477739128,0.45804201334414035,568.593,306.062,-0.5165180098187587,0.5509952561530667,739.052,223.876,0.5041414088856196,0.058889148610267374,9.817000000000007,-3.9020000000000152,0.028999999999996362,0.02199999999999136,0.036400549446394474,1.83301745763645,1.9483326204731877,0.008000000000038199,1.8329999999999984,1.947999999999979,0.036000000000001364,"[0.801064,0.759327,0.811863,0.773846,0.758133]",true,valid,null,valid,true,Neck,shoulder_width,2,true,true,true,valid,valid,null,null,null,true,true,valid,valid,null,null,null,false,false,T06C_P001_raw_BODY_25,t07a_raw_v0.2.0
pick_place_pilot_v1_E001,271,9.033333,P001,0,0,idle,654.861,214.033,0.0,0.0,167.0102761509004,572.62,210.029,-0.49243077668880675,-0.023974572656728126,474.639,290.544,-1.0791072510841324,0.4581215106241084,568.643,304.245,-0.5162436826468005,0.5401583787484424,739.056,223.867,0.5041306555527549,0.05888260427229396,9.822000000000003,-3.910000000000025,0.0049999999999954525,-0.008000000000009777,0.009433981132062485,0.004472135954970091,0.009848857801817159,0.0019999999999527063,-0.003999999999990678,0.004000000000019099,-0.009000000000014552,"[0.80154,0.757293,0.812037,0.788058,0.757912]",true,valid,null,valid,true,Neck,shoulder_width,2,true,true,true,valid,valid,null,null,null,true,true,valid,valid,null,null,null,false,false,T06C_P001_raw_BODY_25,t07a_raw_v0.2.0
pick_place_pilot_v1_E001,272,9.066667,P001,0,0,idle,654.865,214.028,0.0,0.0,167.17181765477088,572.623,208.201,-0.49196091275288517,-0.03485635367100827,474.627,290.547,-1.0781601978642854,0.4577266735115641,568.607,304.241,-0.5159841007300212,0.5396423946666672,739.06,223.858,0.5036435039180608,0.05880177734443313,9.826000000000022,-3.9150000000000205,0.004000000000019099,-0.0049999999999954525,0.006403124237441229,1.828002461705129,0.009848857801745015,0.0030000000000427463,-1.828000000000003,0.0039999999999054126,-0.00899999999998613,"[0.801769,0.755864,0.811103,0.775764,0.75769]",true,valid,null,valid,true,Neck,shoulder_width,2,true,true,true,valid,valid,null,null,null,true,true,valid,valid,null,null,null,false,false,T06C_P001_raw_BODY_25,t07a_raw_v0.2.0
pick_place_pilot_v1_E001,273,9.1,P001,0,0,idle,654.847,214.035,0.0,0.0,167.0067097963432,572.62,210.042,-0.49235746336342967,-0.023909219006046346,476.482,290.508,-1.068010981220501,0.4579037578385635,568.607,304.224,-0.5163864380369245,0.5400321945745846,739.054,223.861,0.5042132744408082,0.05883595941733322,9.807999999999993,-3.9080000000000155,-0.018000000000029104,0.007000000000005002,0.019313207915856903,1.8410024443221227,0.006708203932467847,-0.0030000000000427463,1.8410000000000082,-0.005999999999971806,0.002999999999985903,"[0.802471,0.755221,0.819857,0.778896,0.756944]",true,valid,null,valid,true,Neck,shoulder_width,2,true,true,true,valid,valid,null,null,null,true,true,valid,valid,null,null,null,false,false,T06C_P001_raw_BODY_25,t07a_raw_v0.2.0
pick_place_pilot_v1_E001,274,9.133333,P001,0,0,idle,654.868,214.042,0.0,0.0,167.01900821463403,572.62,210.054,-0.4924469428911,-0.02387752174216644,476.483,290.487,-1.06805208524984,0.45770239457871476,568.62,304.216,-0.5163963127428216,0.5399026192522861,739.068,223.853,0.5041342353787395,0.058741816903810216,9.829000000000065,-3.9010000000000105,0.02100000000007185,0.007000000000005002,0.0221359436212484,0.012000000000000455,0.016124515496596534,0.0,0.012000000000000455,0.014000000000010004,-0.007999999999981355,"[0.801557,0.759924,0.826644,0.79379,0.760326]",true,valid,null,valid,true,Neck,shoulder_width,2,true,true,true,valid,valid,null,null,null,true,true,valid,valid,null,null,null,false,false,T06C_P001_raw_BODY_25,t07a_raw_v0.2.0
pick_place_pilot_v1_E001,275,9.166667,P001,0,0,idle,654.869,214.023,0.0,0.0,166.9958446548896,572.632,210.051,-0.4924493790246667,-0.023785022963945406,476.476,290.482,-1.0682481373633193,0.45784971571004496,570.523,304.205,-0.5050784357796916,0.5400254131255084,739.058,223.835,0.5041382926262826,0.05875595300156901,9.830000000000041,-3.920000000000016,0.0009999999999763531,-0.019000000000005457,0.019026297590444656,0.012369316876801751,0.02059126028197018,0.011999999999943611,-0.0030000000000143245,-0.009999999999990905,-0.018000000000000682,"[0.805736,0.755716,0.827757,0.799966,0.756724]",true,valid,null,valid,true,Neck,shoulder_width,2,true,true,true,valid,valid,null,null,null,true,true,valid,valid,null,null,null,false,false,T06C_P001_raw_BODY_25,t07a_raw_v0.2.0
pick_place_pilot_v1_E001,276,9.2,P001,0,0,idle,654.868,214.02,0.0,0.0,166.9916174243486,572.634,210.056,-0.49244387992860844,-0.02373771846240001,474.638,290.485,-1.0792757312003929,0.457897235677956,570.55,304.155,-0.5049235482625245,0.5397576320909245,739.057,223.825,0.5041510543973244,0.05871552207967499,9.829000000000065,-3.923000000000002,-0.0009999999999763531,-0.002999999999985903,0.0031622776601475276,0.005385164807181328,0.010049875621137768,0.002000000000066393,0.005000000000023874,-0.0009999999999763531,-0.010000000000019327,"[0.80673,0.75435,0.830841,0.808614,0.756485]",true,valid,null,valid,true,Neck,shoulder_width,2,true,true,true,valid,valid,null,null,null,true,true,valid,valid,null,null,null,false,false,T06C_P001_raw_BODY_25,t07a_raw_v0.2.0
pick_place_pilot_v1_E001,277,9.233333,P001,0,0,idle,654.869,214.017,0.0,0.0,166.97982321825597,572.641,210.048,-0.4924427299969141,-0.023769338854863882,476.475,290.466,-1.0683566227449217,0.45783375815457095,570.569,304.137,-0.5048514148311993,0.5397059253213243,739.052,223.819,0.5041507313728922,0.05870170306257898,9.830000000000041,-3.926000000000016,0.0009999999999763531,-0.0030000000000143245,0.003162277660174491,0.01063014581270787,0.007810249675903918,0.006999999999948159,-0.008000000000009777,-0.0049999999999954525,-0.006000000000000227,"[0.807932,0.755278,0.831627,0.816042,0.755588]",true,valid,null,valid,true,Neck,shoulder_width,2,true,true,true,valid,valid,null,null,null,true,true,valid,valid,null,null,null,false,false,T06C_P001_raw_BODY_25,t07a_raw_v0.2.0
pick_place_pilot_v1_E001,278,9.266667,P001,0,0,idle,654.874,214.024,0.0,0.0,166.97825734208627,572.642,210.063,-0.4924713032040591,-0.02372165132784421,476.488,290.44,-1.0683187310701348,0.45764042107259206,570.569,304.153,-0.504886093207246,0.5397648857680546,739.053,223.815,0.5041315039451125,0.05863637671065939,9.835000000000036,-3.919000000000011,0.0049999999999954525,0.007000000000005002,0.008602325267044054,0.015033296378365285,0.004123105625602881,0.00100000000009004,0.014999999999986358,0.0009999999999763531,-0.003999999999990678,"[0.809201,0.758314,0.836005,0.816099,0.756701]",true,valid,null,valid,true,Neck,shoulder_width,2,true,true,true,valid,valid,null,null,null,true,true,valid,valid,null,null,null,false,false,T06C_P001_raw_BODY_25,t07a_raw_v0.2.0
pick_place_pilot_v1_E001,279,9.3,P001,0,0,idle,654.887,214.011,0.0,0.0,166.96055807585222,572.66,210.043,-0.49249356223787444,-0.023766092098214467,476.495,290.411,-1.0684679187461406,0.45759310390715485,570.518,304.117,-0.5053229395751663,0.5396843484379332,739.052,223.81,0.5041010941144728,0.058690508183065614,9.847999999999956,-3.9320000000000164,0.012999999999919964,-0.01300000000000523,0.01838477631079734,0.026907248094077317,0.005099019513583688,0.017999999999915417,-0.01999999999998181,-0.0009999999999763531,-0.0049999999999954525,"[0.809208,0.751874,0.834702,0.804327,0.755799]",true,valid,null,valid,true,Neck,shoulder_width,2,true,true,true,valid,valid,null,null,null,true,true,valid,valid,null,null,null,false,false,T06C_P001_raw_BODY_25,t07a_raw_v0.2.0
pick_place_pilot_v1_E001,280,9.333333,P001,0,0,idle,654.888,212.194,0.0,0.0,165.13171368637816,574.499,210.032,-0.4868174513871793,-0.013092578958552422,476.48,290.4,-1.0803981622744887,0.4735977012176508,568.662,304.07,-0.5221649922664906,0.5563801037909226,739.055,223.809,0.509696157818914,0.07033779121350049,9.849000000000046,-5.749000000000024,0.00100000000009004,-1.8170000000000073,1.8170002751788528,1.839032898020099,0.003162277660102589,1.8390000000000555,-0.01099999999999568,0.0029999999999290594,-0.0010000000000047748,"[0.80997,0.749355,0.832668,0.788955,0.755961]",true,valid,null,valid,true,Neck,shoulder_width,2,true,true,true,valid,valid,null,null,null,true,true,valid,valid,null,null,null,false,false,T06C_P001_raw_BODY_25,t07a_raw_v0.2.0
pick_place_pilot_v1_E001,281,9.366667,P001,0,0,idle,654.879,212.195,0.0,0.0,165.13661283010492,574.493,210.034,-0.4867848420913315,-0.013086134945878243,474.641,290.412,-1.091447843764554,0.4736502624071067,568.649,302.221,-0.522173723453531,0.5451607517989977,739.054,223.81,0.5097294812907449,0.07033570448698556,9.840000000000032,-5.748000000000019,-0.009000000000014552,0.0010000000000047748,0.009055385138152407,0.006324555320304044,0.0014142135623597504,-0.005999999999971806,0.001999999999981128,-0.0009999999999763531,0.0010000000000047748,"[0.812233,0.751117,0.833991,0.779119,0.756179]",true,valid,null,valid,true,Neck,shoulder_width,2,true,true,true,valid,valid,null,null,null,true,true,valid,valid,null,null,null,false,false,T06C_P001_raw_BODY_25,t07a_raw_v0.2.0
pick_place_pilot_v1_E001,282,9.4,P001,0,0,idle,654.88,214.012,0.0,0.0,165.28918302780733,574.5,208.2,-0.4862992152757952,-0.035162615565848813,474.637,290.372,-1.090470632731465,0.46197820450932736,568.617,302.205,-0.5218913810317982,0.5335678862007739,739.049,223.825,0.509222675423593,0.059368676281430374,9.841000000000008,-3.9310000000000116,0.0009999999999763531,1.8170000000000073,1.8170002751788528,1.834013358729977,0.015811388300827515,0.006999999999948159,-1.8340000000000032,-0.0049999999999954525,0.014999999999986358,"[0.809908,0.751361,0.831334,0.772848,0.757529]",true,valid,null,valid,true,Neck,shoulder_width,2,true,true,true,valid,valid,null,null,null,true,true,valid,valid,null,null,null,false,false,T06C_P001_raw_BODY_25,t07a_raw_v0.2.0
pick_place_pilot_v1_E001,283,9.433333,P001,0,0,idle,654.883,214.019,0.0,0.0,165.28353845740358,574.511,208.191,-0.4862674211244172,-0.035260619747089814,474.646,288.561,-1.090471571955426,0.4509947009587451,568.614,302.194,-0.5219455053125754,0.5334772042209408,739.053,223.83,0.5092461160110753,0.05935860335255631,9.844000000000051,-3.9240000000000066,0.0030000000000427463,0.007000000000005002,0.007615773105885345,0.014212670403517771,0.006403124237463423,0.010999999999967258,-0.00899999999998613,0.004000000000019099,0.005000000000023874,"[0.806834,0.748086,0.832535,0.769109,0.758149]",true,valid,null,valid,true,Neck,shoulder_width,2,true,true,true,valid,valid,null,null,null,true,true,valid,valid,null,null,null,false,false,T06C_P001_raw_BODY_25,t07a_raw_v0.2.0
pick_place_pilot_v1_E001,284,9.466667,P001,0,0,idle,654.889,214.013,0.0,0.0,165.28898708020444,574.509,208.174,-0.48629979177618526,-0.035326007516560655,474.645,288.544,-1.0904779754778149,0.45091328416112036,568.636,302.141,-0.5218314996276603,0.5331752680971842,739.054,223.839,0.5091990790599977,0.059447396790156676,9.850000000000023,-3.930000000000007,0.005999999999971806,-0.006000000000000227,0.008485281374218794,0.0171172427686141,0.00905538513812102,-0.0019999999999527063,-0.016999999999995907,0.0009999999999763531,0.00899999999998613,"[0.804746,0.746796,0.835508,0.763535,0.758711]",true,valid,null,valid,true,Neck,shoulder_width,2,true,true,true,valid,valid,null,null,null,true,true,valid,valid,null,null,null,false,false,T06C_P001_raw_BODY_25,t07a_raw_v0.2.0
pick_place_pilot_v1_E001,285,9.5,P001,0,0,idle,656.778,214.018,0.0,0.0,165.2871856436548,574.516,208.173,-0.49769133450762465,-0.035362692983358826,476.476,288.527,-1.0908407648050582,0.4507850969199457,568.674,298.298,-0.5330358772636181,0.509900387448671,739.059,223.84,0.4978062859476041,0.05942384439393508,11.739000000000033,-3.9250000000000114,1.88900000000001,0.0049999999999954525,1.889006617246228,0.00707106781181483,0.005099019513589262,0.006999999999948159,-0.0010000000000047748,0.0049999999999954525,0.0010000000000047748,"[0.802934,0.745602,0.837108,0.746336,0.759986]",true,valid,null,valid,true,Neck,shoulder_width,2,true,true,true,valid,valid,null,null,null,true,true,valid,valid,null,null,null,false,false,T06C_P001_raw_BODY_25,t07a_raw_v0.2.0
pick_place_pilot_v1_E001,286,9.533333,P001,0,0,idle,656.775,214.031,0.0,0.0,165.30368364014157,574.507,208.2,-0.4976779596702372,-0.03527447103171538,476.481,288.515,-1.090683498575214,0.45058886988960384,570.566,296.359,-0.5215189286868702,0.498040927988176,739.068,223.852,0.4978291964693784,0.05941186417466569,11.73599999999999,-3.912000000000006,-0.0030000000000427463,0.01300000000000523,0.013341664064141041,0.028460498941507505,0.015000000000009095,-0.009000000000014552,0.026999999999986812,0.009000000000014552,0.012000000000000455,"[0.80273,0.75035,0.83987,0.754709,0.762666]",true,valid,null,valid,true,Neck,shoulder_width,2,true,true,true,valid,valid,null,null,null,true,true,valid,valid,null,null,null,false,false,T06C_P001_raw_BODY_25,t07a_raw_v0.2.0
pick_place_pilot_v1_E001,287,9.566667,P001,0,0,idle,656.787,214.014,0.0,0.0,165.28277800182337,574.526,208.185,-0.49769855634379884,-0.03526683221609273,474.625,288.494,-1.1021232956163796,0.45062166125486086,570.56,296.357,-0.5216937967913925,0.49819467578825194,739.066,223.837,0.49780746061209297,0.05943147930325574,11.748000000000047,-3.929000000000002,0.012000000000057298,-0.016999999999995907,0.02080865204671451,0.024207436873816237,0.015132745950429955,0.019000000000005457,-0.014999999999986358,-0.0019999999999527063,-0.01500000000001478,"[0.80642,0.745966,0.811922,0.746961,0.760997]",true,valid,null,valid,true,Neck,shoulder_width,2,true,true,true,valid,valid,null,null,null,true,true,valid,valid,null,null,null,false,false,T06C_P001_raw_BODY_25,t07a_raw_v0.2.0
pick_place_pilot_v1_E001,288,9.6,P001,0,0,idle,656.792,214.024,0.0,0.0,165.28562410566744,574.523,208.193,-0.49773838738331694,-0.03527832521158778,474.608,288.471,-1.1022374207422263,0.45041424747506104,568.612,296.339,-0.5335007232306326,0.4980166934988602,739.067,223.833,0.4977746881809963,0.059345754073137566,11.753000000000043,-3.919000000000011,0.0049999999999954525,0.009999999999990905,0.01118033988748878,0.008544003745301777,0.004123105625602881,-0.0029999999999290594,0.008000000000009777,0.0009999999999763531,-0.003999999999990678,"[0.805168,0.745661,0.811556,0.726743,0.760984]",true,valid,null,valid,true,Neck,shoulder_width,2,true,true,true,valid,valid,null,null,null,true,true,valid,valid,null,null,null,false,false,T06C_P001_raw_BODY_25,t07a_raw_v0.2.0
pick_place_pilot_v1_E001,289,9.633333,P001,0,0,idle,656.788,214.024,0.0,0.0,165.29202166468903,574.521,208.184,-0.4977070228282807,-0.0353314088676767,474.582,288.445,-1.1023278568739552,0.45023951701050785,564.757,294.368,-0.5567782345036224,0.4860730674768176,739.07,223.839,0.4977977713099613,0.059379756513055916,11.749000000000024,-3.919000000000011,-0.004000000000019099,0.0,0.004000000000019099,0.009219544457321495,0.006708203932518689,-0.002000000000066393,-0.009000000000014552,0.0030000000000427463,0.006000000000000227,"[0.800981,0.74255,0.798288,0.718841,0.761761]",true,valid,null,valid,true,Neck,shoulder_width,2,true,true,true,valid,valid,null,null,null,true,true,valid,valid,null,null,null,false,false,T06C_P001_raw_BODY_25,t07a_raw_v0.2.0
pick_place_pilot_v1_E001,290,9.666667,P001,0,0,idle,656.791,214.029,0.0,0.0,165.28799158136079,574.522,208.182,-0.49773125810839197,-0.0353746206488443,474.583,288.411,-1.102366834134533,0.45001454303101307,568.625,294.408,-0.5334083810716614,0.486296670623132,739.066,223.847,0.4977675583861228,0.05939935446046747,11.752000000000066,-3.9140000000000157,0.0030000000000427463,0.0049999999999954525,0.0058309518948633935,0.0022360679775485985,0.008944271910016444,0.00100000000009004,-0.0020000000000095497,-0.004000000000019099,0.008000000000009777,"[0.800837,0.740423,0.793074,0.723748,0.762778]",true,valid,null,valid,true,Neck,shoulder_width,2,true,true,true,valid,valid,null,null,null,true,true,valid,valid,null,null,null,false,false,T06C_P001_raw_BODY_25,t07a_raw_v0.2.0
pick_place_pilot_v1_E001,291,9.7,P001,0,0,idle,656.8,214.035,0.0,0.0,165.2859080048871,574.524,208.197,-0.4977798833132662,-0.035320615474535064,472.678,288.403,-1.1139606650226705,0.44993551415043287,566.709,292.436,-0.5450615910785102,0.4743356584136735,739.068,223.84,0.4977314823328288,0.05932145164916357,11.760999999999967,-3.9080000000000155,0.008999999999900865,0.006000000000000227,0.010816653826309608,0.015132745950429955,0.007280109889272335,0.0019999999999527063,0.01500000000001478,0.0019999999999527063,-0.007000000000005002,"[0.800736,0.741527,0.796068,0.752508,0.762587]",true,valid,null,valid,true,Neck,shoulder_width,2,true,true,true,valid,valid,null,null,null,true,true,valid,valid,null,null,null,false,false,T06C_P001_raw_BODY_25,t07a_raw_v0.2.0
pick_place_pilot_v1_E001,292,9.733333,P001,0,0,idle,656.788,214.033,0.0,0.0,165.2885616611144,574.519,208.193,-0.49772954143477505,-0.0353321484639302,472.642,288.39,-1.1140879813422806,0.4498617402966557,568.593,292.418,-0.5335819920849896,0.4742312426960927,739.065,223.843,0.49777794163815053,0.05935074938889672,11.749000000000024,-3.910000000000025,-0.011999999999943611,-0.0020000000000095497,0.012165525060542389,0.006403124237423474,0.004242640687059154,-0.0049999999999954525,-0.003999999999990678,-0.0029999999999290594,0.002999999999985903,"[0.801253,0.742342,0.78436,0.75361,0.762451]",true,valid,null,valid,true,Neck,shoulder_width,2,true,true,true,valid,valid,null,null,null,true,true,valid,valid,null,null,null,false,false,T06C_P001_raw_BODY_25,t07a_raw_v0.2.0
pick_place_pilot_v1_E001,293,9.766667,P001,0,0,idle,654.888,214.036,0.0,0.0,165.3070489483131,574.495,208.196,-0.48632529896009863,-0.035328197056049365,472.65,286.529,-1.1024212286130688,0.43853544335345634,566.708,292.387,-0.5334315781511016,0.4739725286881031,739.059,223.852,0.5091797387679328,0.05938040792845556,9.849000000000046,-3.9070000000000107,-1.8999999999999773,0.0030000000000143245,1.9000023684195537,0.024186773244894804,0.010816653826451498,-0.02400000000000091,0.002999999999985903,-0.0060000000000854925,0.009000000000014552,"[0.801279,0.742302,0.760521,0.742684,0.761583]",true,valid,null,valid,true,Neck,shoulder_width,2,true,true,true,valid,valid,null,null,null,true,true,valid,valid,null,null,null,false,false,T06C_P001_raw_BODY_25,t07a_raw_v0.2.0
pick_place_pilot_v1_E001,294,9.8,P001,0,0,idle,656.776,214.029,0.0,0.0,165.28860803455265,574.515,208.186,-0.4976810016017787,-0.035350288622302044,472.646,286.465,-1.1139908683937165,0.4382395185084845,566.68,290.546,-0.5450829374833016,0.46292966532820307,739.06,223.847,0.4978201521474425,0.05939913292722276,11.736999999999966,-3.9140000000000157,1.88799999999992,-0.007000000000005002,1.8880129766502396,0.02236067977497756,0.005099019513583688,0.01999999999998181,-0.009999999999990905,0.0009999999999763531,-0.0049999999999954525,"[0.800473,0.737056,0.754086,0.742641,0.760285]",true,valid,null,valid,true,Neck,shoulder_width,2,true,true,true,valid,valid,null,null,null,true,true,valid,valid,null,null,null,false,false,T06C_P001_raw_BODY_25,t07a_raw_v0.2.0
pick_place_pilot_v1_E001,295,9.833333,P001,0,0,idle,656.782,214.02,0.0,0.0,165.28453128469098,574.521,208.169,-0.49769327692445275,-0.03539956192223496,472.652,284.57,-1.1140183450249743,0.42683970152344486,566.696,290.538,-0.5450358802472157,0.46294713368066565,739.06,223.85,0.49779612986457783,0.05947320008469819,11.743000000000052,-3.923000000000002,0.0060000000000854925,-0.00899999999998613,0.01081665382642785,0.018027756377306702,0.002999999999985903,0.005999999999971806,-0.016999999999995907,0.0,0.002999999999985903,"[0.802379,0.736377,0.753445,0.744622,0.760931]",true,valid,null,valid,true,Neck,shoulder_width,2,true,true,true,valid,valid,null,null,null,true,true,valid,valid,null,null,null,false,false,T06C_P001_raw_BODY_25,t07a_raw_v0.2.0
pick_place_pilot_v1_E001,296,9.866667,P001,0,0,idle,656.777,214.017,0.0,0.0,165.2834409249759,574.52,208.168,-0.49767235930995335,-0.03538769502417922,472.63,284.555,-1.114128547720558,0.4267699147915128,568.582,290.535,-0.5335985232787644,0.46295018770048746,739.058,223.848,0.49781756441861746,0.05947964263681093,11.738000000000056,-3.926000000000016,-0.0049999999999954525,-0.0030000000000143245,0.005830951894848771,0.0014142135623597504,0.0028284271246994037,-0.0009999999999763531,-0.0010000000000047748,-0.0019999999999527063,-0.001999999999981128,"[0.802785,0.736357,0.749623,0.747923,0.760588]",true,valid,null,valid,true,Neck,shoulder_width,2,true,true,true,valid,valid,null,null,null,true,true,valid,valid,null,null,null,false,false,T06C_P001_raw_BODY_25,t07a_raw_v0.2.0
pick_place_pilot_v1_E001,297,9.9,P001,0,0,idle,656.779,214.014,0.0,0.0,165.28083397962388,574.525,208.16,-0.49766205808315583,-0.03541850472948185,472.626,284.528,-1.1141824225227634,0.42663143875891324,566.693,290.552,-0.5450480726101974,0.46307849589768985,739.06,223.844,0.49782541640698463,0.05947453049040063,11.740000000000009,-3.929000000000002,0.0019999999999527063,-0.002999999999985903,0.003605551275426026,0.009433981132062485,0.004472135954995512,0.0049999999999954525,-0.008000000000009777,0.0019999999999527063,-0.004000000000019099,"[0.803803,0.734704,0.746413,0.739246,0.760628]",true,valid,null,valid,true,Neck,shoulder_width,2,true,true,true,valid,valid,null,null,null,true,true,valid,valid,null,null,null,false,false,T06C_P001_raw_BODY_25,t07a_raw_v0.2.0
pick_place_pilot_v1_E001,298,9.933333,P001,0,0,idle,654.886,214.01,0.0,0.0,165.27756286017765,574.522,208.161,-0.48623659866031943,-0.03538895358076012,472.626,282.642,-1.1027510137851513,0.4152529769455861,564.729,292.387,-0.5454884404138474,0.4742143981534008,739.054,223.842,0.5092524269080908,0.05948780844691997,9.84699999999998,-3.933000000000021,-1.893000000000029,-0.004000000000019099,1.8930042260914555,0.003162277660102589,0.006324555320304044,-0.0029999999999290594,0.0010000000000047748,-0.005999999999971806,-0.001999999999981128,"[0.805443,0.735306,0.743482,0.730363,0.758941]",true,valid,null,valid,true,Neck,shoulder_width,2,true,true,true,valid,valid,null,null,null,true,true,valid,valid,null,null,null,false,false,T06C_P001_raw_BODY_25,t07a_raw_v0.2.0
pick_place_pilot_v1_E001,299,9.966667,P001,0,0,idle,654.892,214.016,0.0,0.0,165.27974360156782,574.522,208.165,-0.48626648522485744,-0.03540058734665472,472.625,282.608,-1.1027788162558059,0.41500548406797844,562.758,292.415,-0.5574427815068685,0.47434124891307217,739.056,223.848,0.5092215063141085,0.059487023550215366,9.853000000000065,-3.927000000000021,0.0060000000000854925,0.006000000000000227,0.008485281374299183,0.003999999999990678,0.00632455532035797,0.0,0.003999999999990678,0.002000000000066393,0.006000000000000227,"[0.804189,0.735403,0.740211,0.734802,0.760209]",true,valid,null,valid,true,Neck,shoulder_width,2,true,true,true,valid,valid,null,null,null,true,true,valid,valid,null,null,null,false,false,T06C_P001_raw_BODY_25,t07a_raw_v0.2.0
pick_place_pilot_v1_E001,300,10.0,P001,0,0,idle,656.774,214.009,0.0,0.0,165.27528727550296,574.526,208.162,-0.49764245675094837,-0.03537733980914774,472.608,282.608,-1.1142984715737172,0.41505902746155887,560.857,292.416,-0.5803468962671517,0.4744024426912702,739.056,223.84,0.49784817413653254,0.05948257699054784,11.735000000000014,-3.934000000000026,1.8819999999999482,-0.007000000000005002,1.882013018020812,0.004999999999915872,0.008000000000009777,0.0039999999999054126,-0.002999999999985903,0.0,-0.008000000000009777,"[0.80508,0.733794,0.739574,0.737601,0.759703]",true,valid,null,valid,true,Neck,shoulder_width,2,true,true,true,valid,valid,null,null,null,true,true,valid,valid,null,null,null,false,false,T06C_P001_raw_BODY_25,t07a_raw_v0.2.0
pick_place_pilot_v1_E001,301,10.033333,P001,0,0,idle,656.778,212.193,0.0,0.0,165.2678926470596,574.534,208.156,-0.497640519781041,-0.02442700717810497,470.713,282.618,-1.1258387640807763,0.4261263266083823,560.847,292.426,-0.5804575738426517,0.4854723970574418,739.056,223.84,0.49784624637109687,0.07047345865825809,11.739000000000033,-5.75,0.004000000000019099,-1.815999999999974,1.8160044052809745,0.010000000000030696,0.0,0.008000000000038199,-0.006000000000000227,0.0,0.0,"[0.805471,0.733551,0.742713,0.74516,0.759817]",true,valid,null,valid,true,Neck,shoulder_width,2,true,true,true,valid,valid,null,null,null,true,true,valid,valid,null,null,null,false,false,T06C_P001_raw_BODY_25,t07a_raw_v0.2.0
pick_place_pilot_v1_E001,302,10.066667,P001,0,0,idle,656.784,212.187,0.0,0.0,165.26405448554146,574.539,208.149,-0.49765812811518195,-0.024433625403721928,470.684,282.625,-1.1260766933216042,0.4262148851380288,560.842,292.437,-0.5805376147805555,0.48558653755539366,739.056,223.845,0.49782150302501393,0.07054165551178533,11.745000000000005,-5.756,0.005999999999971806,-0.006000000000000227,0.008485281374218794,0.008602325267044054,0.0049999999999954525,0.0049999999999954525,-0.007000000000005002,0.0,0.0049999999999954525,"[0.806941,0.732466,0.744232,0.746666,0.760619]",true,valid,null,valid,true,Neck,shoulder_width,2,true,true,true,valid,valid,null,null,null,true,true,valid,valid,null,null,null,false,false,T06C_P001_raw_BODY_25,t07a_raw_v0.2.0
pick_place_pilot_v1_E001,303,10.1,P001,0,0,idle,656.774,212.186,0.0,0.0,165.26386262580215,574.535,208.159,-0.4976224002836559,-0.024367093543723645,470.7,282.607,-1.1259206764476823,0.4261125141401929,560.813,292.42,-0.5806532564065697,0.48549028641348796,739.054,223.832,0.4978704883977088,0.07046912625036111,11.735000000000014,-5.757000000000005,-0.009999999999990905,-0.0010000000000047748,0.010049875621112316,0.010770329614267656,0.013152946437981169,-0.004000000000019099,0.009999999999990905,-0.002000000000066393,-0.01300000000000523,"[0.807241,0.733866,0.737018,0.754058,0.759353]",true,valid,null,valid,true,Neck,shoulder_width,2,true,true,true,valid,valid,null,null,null,true,true,valid,valid,null,null,null,false,false,T06C_P001_raw_BODY_25,t07a_raw_v0.2.0
pick_place_pilot_v1_E001,304,10.133333,P001,0,0,idle,654.9,212.183,0.0,0.0,165.27206360725327,574.532,208.16,-0.4862769801857356,-0.024341681904330257,470.707,282.605,-1.114483573205147,0.42609742059824696,560.82,292.416,-0.5692432099327345,0.48546014522250347,739.06,223.825,0.5092209667085348,0.07044142697743301,9.86099999999999,-5.760000000000019,-1.8740000000000236,-0.0030000000000143245,1.8740024012791683,0.003162277660102589,0.009219544457278336,-0.0029999999999290594,0.0010000000000047748,0.005999999999971806,-0.007000000000005002,"[0.807791,0.734341,0.735229,0.751377,0.759175]",true,valid,null,valid,true,Neck,shoulder_width,2,true,true,true,valid,valid,null,null,null,true,true,valid,valid,null,null,null,false,false,T06C_P001_raw_BODY_25,t07a_raw_v0.2.0
pick_place_pilot_v1_E001,305,10.166667,P001,0,0,idle,654.898,212.184,0.0,0.0,165.2813074518713,574.525,208.159,-0.4862800351661308,-0.024352421105889765,470.712,282.601,-1.11437889038743,0.42604333838843156,560.813,292.419,-0.5692416247820213,0.48544509501392846,739.062,223.827,0.5092166881878516,0.07044353762381966,9.859000000000037,-5.7590000000000146,-0.0019999999999527063,0.0010000000000047748,0.002236067977459624,0.007071067811927375,0.0028284271247998897,-0.007000000000061846,-0.0010000000000047748,0.002000000000066393,0.0020000000000095497,"[0.807718,0.735322,0.733247,0.748867,0.759542]",true,valid,null,valid,true,Neck,shoulder_width,2,true,true,true,valid,valid,null,null,null,true,true,valid,valid,null,null,null,false,false,T06C_P001_raw_BODY_25,t07a_raw_v0.2.0
pick_place_pilot_v1_E001,306,10.2,P001,0,0,idle,654.899,212.183,0.0,0.0,165.2859058117177,574.521,208.159,-0.4862967571570265,-0.024345693483289882,470.712,282.603,-1.114353937775028,0.42604963595757295,560.787,292.425,-0.5693891414262863,0.4854739404786647,739.063,223.823,0.5092025214531831,0.07042342747154437,9.860000000000014,-5.760000000000019,0.0009999999999763531,-0.0010000000000047748,0.0014142135623597504,0.004000000000019099,0.004123105625602881,-0.004000000000019099,0.0,0.0009999999999763531,-0.003999999999990678,"[0.807546,0.735137,0.73432,0.753568,0.759303]",true,valid,null,valid,true,Neck,shoulder_width,2,true,true,true,valid,valid,null,null,null,true,true,valid,valid,null,null,null,false,false,T06C_P001_raw_BODY_25,t07a_raw_v0.2.0
pick_place_pilot_v1_E001,307,10.233333,P001,0,0,idle,654.899,212.172,0.0,0.0,165.27225318546368,574.528,208.148,-0.4862945742611133,-0.024347704605227265,470.719,282.597,-1.1144036367273253,0.426115083703561,558.92,292.414,-0.5807326889426213,0.48551404396934533,739.056,223.815,0.509202230731141,0.07044739679887202,9.860000000000014,-5.771000000000015,0.0,-0.01099999999999568,0.01099999999999568,0.013038404810434856,0.01063014581270787,0.007000000000061846,-0.01099999999999568,-0.006999999999948159,-0.008000000000009777,"[0.809761,0.734206,0.732479,0.756051,0.758046]",true,valid,null,valid,true,Neck,shoulder_width,2,true,true,true,valid,valid,null,null,null,true,true,valid,valid,null,null,null,false,false,T06C_P001_raw_BODY_25,t07a_raw_v0.2.0
pick_place_pilot_v1_E001,308,10.266667,P001,0,0,idle,656.778,212.174,0.0,0.0,165.2793164585333,574.525,208.148,-0.4976605770307405,-0.024358764824696552,470.712,282.606,-1.1257669984778882,0.42613922606384075,558.917,292.409,-0.5920946558642878,0.4854509427991859,739.06,223.816,0.4978360375821348,0.0704383358393235,11.739000000000033,-5.7690000000000055,1.879000000000019,0.0020000000000095497,1.879001064395673,0.0030000000000427463,0.004123105625527056,-0.0030000000000427463,0.0,0.0039999999999054126,0.0010000000000047748,"[0.808938,0.733808,0.733967,0.757189,0.758583]",true,valid,null,valid,true,Neck,shoulder_width,2,true,true,true,valid,valid,null,null,null,true,true,valid,valid,null,null,null,false,false,T06C_P001_raw_BODY_25,t07a_raw_v0.2.0
pick_place_pilot_v1_E001,309,10.3,P001,0,0,idle,654.899,212.169,0.0,0.0,165.2754292748926,574.526,208.145,-0.48629733017556115,-0.024347236716639388,470.721,282.605,-1.1143701202776362,0.4261734506394661,558.91,292.402,-0.5807820340938117,0.4854502593156379,739.057,223.814,0.5091984959241892,0.07045814402715336,9.860000000000014,-5.774000000000001,-1.879000000000019,-0.0049999999999954525,1.8790066524629634,0.0031622776601475276,0.0036055512754102604,0.0009999999999763531,-0.002999999999985903,-0.0029999999999290594,-0.0020000000000095497,"[0.810386,0.733705,0.735126,0.7594,0.758167]",true,valid,null,valid,true,Neck,shoulder_width,2,true,true,true,valid,valid,null,null,null,true,true,valid,valid,null,null,null,false,false,T06C_P001_raw_BODY_25,t07a_raw_v0.2.0
pick_place_pilot_v1_E001,310,10.333333,P001,0,0,idle,654.895,212.175,0.0,0.0,165.28846552618242,574.516,208.15,-0.48629527622583946,-0.024351366486383336,470.723,282.614,-1.114245930069611,0.4261579885551186,558.919,292.395,-0.5806575776141922,0.48533332162426523,739.06,223.82,0.5092006857953912,0.07045258701464176,9.855999999999995,-5.768000000000001,-0.004000000000019099,0.006000000000000227,0.007211102550938762,0.01118033988748878,0.006708203932467847,-0.009999999999990905,0.0049999999999954525,0.0029999999999290594,0.006000000000000227,"[0.808846,0.734659,0.736389,0.759649,0.758987]",true,valid,null,valid,true,Neck,shoulder_width,2,true,true,true,valid,valid,null,null,null,true,true,valid,valid,null,null,null,false,false,T06C_P001_raw_BODY_25,t07a_raw_v0.2.0
pick_place_pilot_v1_E001,311,10.366667,P001,0,0,idle,654.893,212.175,0.0,0.0,165.29472293149598,574.515,208.15,-0.4862708172075859,-0.024350444639833473,470.707,282.596,-1.1142884463185996,0.4260329594985616,558.893,292.383,-0.580780791409692,0.48524235122279746,739.065,223.823,0.5092237580680897,0.07046806935770927,9.854000000000042,-5.768000000000001,-0.0019999999999527063,0.0,0.0019999999999527063,0.0009999999999763531,0.005830951894946257,-0.0009999999999763531,0.0,0.005000000000109139,0.0030000000000143245,"[0.80852,0.734304,0.736233,0.769124,0.758947]",true,valid,null,valid,true,Neck,shoulder_width,2,true,true,true,valid,valid,null,null,null,true,true,valid,valid,null,null,null,false,false,T06C_P001_raw_BODY_25,t07a_raw_v0.2.0
pick_place_pilot_v1_E001,312,10.4,P001,0,0,idle,654.89,212.171,0.0,0.0,165.29320611567798,574.517,208.145,-0.4862450302025849,-0.02435671794751471,470.709,282.591,-1.1142684223276766,0.42603081914157825,558.906,292.381,-0.5806893232673281,0.4852589037680485,739.065,223.823,0.5092465805345409,0.07049291543081049,9.850999999999999,-5.77200000000002,-0.0030000000000427463,-0.004000000000019099,0.0050000000000409274,0.00538516480715494,0.0,0.002000000000066393,-0.0049999999999954525,0.0,0.0,"[0.810088,0.733611,0.735919,0.766394,0.758634]",true,valid,null,valid,true,Neck,shoulder_width,2,true,true,true,valid,valid,null,null,null,true,true,valid,valid,null,null,null,false,false,T06C_P001_raw_BODY_25,t07a_raw_v0.2.0
pick_place_pilot_v1_E001,313,10.433333,P001,0,0,idle,654.888,212.169,0.0,0.0,165.2923054772967,574.517,208.143,-0.4862355798590947,-0.02435685066146646,470.707,282.588,-1.1142744937107658,0.4260270905935923,558.901,290.562,-0.5807106369702377,0.4742689006220405,739.064,223.822,0.5092554051861882,0.070499349418298,9.849000000000046,-5.774000000000001,-0.0019999999999527063,-0.001999999999981128,0.0028284271246994037,0.0020000000000095497,0.0014142135624401393,0.0,-0.0020000000000095497,-0.00100000000009004,-0.0010000000000047748,"[0.810897,0.733768,0.736142,0.768717,0.758536]",true,valid,null,valid,true,Neck,shoulder_width,2,true,true,true,valid,valid,null,null,null,true,true,valid,valid,null,null,null,false,false,T06C_P001_raw_BODY_25,t07a_raw_v0.2.0
pick_place_pilot_v1_E001,314,10.466667,P001,0,0,idle,654.888,212.17,0.0,0.0,165.2935855621748,574.517,208.141,-0.48623181429970624,-0.02437481155906378,470.71,282.579,-1.114247714898301,0.42596329289206347,558.905,290.561,-0.580681940400502,0.4742531280532565,739.065,223.823,0.50925751119566,0.07049880344943435,9.849000000000046,-5.773000000000025,0.0,0.0009999999999763531,0.0009999999999763531,0.0020000000000095497,0.0014142135624401393,0.0,-0.0020000000000095497,0.00100000000009004,0.0010000000000047748,"[0.810832,0.734409,0.734606,0.766061,0.758928]",true,valid,null,valid,true,Neck,shoulder_width,2,true,true,true,valid,valid,null,null,null,true,true,valid,valid,null,null,null,false,false,T06C_P001_raw_BODY_25,t07a_raw_v0.2.0
pick_place_pilot_v1_E001,315,10.5,P001,0,0,idle,654.89,212.172,0.0,0.0,165.2988476487359,574.515,208.142,-0.48624053430063136,-0.02438008526571129,470.705,282.578,-1.114254591728296,0.42593158392497965,558.908,290.552,-0.5806574054524813,0.474171484646762,739.068,223.827,0.5092473492548497,0.07050865850418488,9.850999999999999,-5.771000000000015,0.0019999999999527063,0.0020000000000095497,0.002828427124719501,0.002236067977561309,0.004999999999949978,-0.002000000000066393,0.0010000000000047748,0.0029999999999290594,0.003999999999990678,"[0.81052,0.735171,0.733288,0.76919,0.759881]",true,valid,null,valid,true,Neck,shoulder_width,2,true,true,true,valid,valid,null,null,null,true,true,valid,valid,null,null,null,false,false,T06C_P001_raw_BODY_25,t07a_raw_v0.2.0
pick_place_pilot_v1_E001,316,10.533333,P001,0,0,idle,654.889,212.171,0.0,0.0,165.29614588368364,574.516,208.139,-0.4862363824051729,-0.02439258325379975,470.7,282.578,-1.1142970032078727,0.4259445955233845,558.909,290.547,-0.5806547968005236,0.47415503598705816,739.066,223.827,0.5092496231535494,0.07051586071584606,9.850000000000023,-5.77200000000002,-0.0009999999999763531,-0.0010000000000047748,0.0014142135623597504,0.0031622776601475276,0.0019999999999527063,0.0009999999999763531,-0.002999999999985903,-0.0019999999999527063,0.0,"[0.810848,0.73434,0.734214,0.769945,0.759737]",true,valid,null,valid,true,Neck,shoulder_width,2,true,true,true,valid,valid,null,null,null,true,true,valid,valid,null,null,null,false,false,T06C_P001_raw_BODY_25,t07a_raw_v0.2.0
pick_place_pilot_v1_E001,317,10.566667,P001,0,0,idle,654.889,212.17,0.0,0.0,165.29496059166473,574.515,208.14,-0.4862459188852791,-0.024380658584961242,470.701,282.579,-1.114298943783335,0.42595974945621246,558.914,290.547,-0.5806287115860187,0.4741644858346173,739.064,223.826,0.5092411752826578,0.07051636636881099,9.850000000000023,-5.773000000000025,0.0,-0.0010000000000047748,0.0010000000000047748,0.0014142135623396532,0.002236067977561309,-0.0009999999999763531,0.0009999999999763531,-0.002000000000066393,-0.0010000000000047748,"[0.811631,0.735012,0.734146,0.768966,0.759813]",true,valid,null,valid,true,Neck,shoulder_width,2,true,true,true,valid,valid,null,null,null,true,true,valid,valid,null,null,null,false,false,T06C_P001_raw_BODY_25,t07a_raw_v0.2.0
pick_place_pilot_v1_E001,318,10.6,P001,0,0,idle,654.884,212.167,0.0,0.0,165.28856033313374,574.511,208.142,-0.4862586971415981,-0.024351352518817686,470.703,282.589,-1.1142997411846844,0.42605489368451593,558.922,290.548,-0.5805725442014359,0.47420704640433453,739.055,223.813,0.5092366938786085,0.0704585966296025,9.845000000000027,-5.7760000000000105,-0.0049999999999954525,-0.002999999999985903,0.005830951894834148,0.004472135955020933,0.01581138830085448,-0.004000000000019099,0.0020000000000095497,-0.009000000000014552,-0.01300000000000523,"[0.81174,0.735097,0.73486,0.76859,0.756394]",true,valid,null,valid,true,Neck,shoulder_width,2,true,true,true,valid,valid,null,null,null,true,true,valid,valid,null,null,null,false,false,T06C_P001_raw_BODY_25,t07a_raw_v0.2.0
pick_place_pilot_v1_E001,319,10.633333,P001,0,0,idle,654.887,212.172,0.0,0.0,165.29642949561858,574.511,208.149,-0.4862536973439614,-0.024338093764491333,470.717,282.589,-1.114180146310309,0.4260043620716351,558.916,290.548,-0.5805993528888882,0.4741542224423999,739.063,223.819,0.509242699656929,0.07046129208924451,9.847999999999956,-5.771000000000015,0.0029999999999290594,0.0049999999999954525,0.005830951894804902,0.007000000000005002,0.010000000000030696,0.0,0.007000000000005002,0.008000000000038199,0.006000000000000227,"[0.81067,0.73657,0.735164,0.770092,0.758143]",true,valid,null,valid,true,Neck,shoulder_width,2,true,true,true,valid,valid,null,null,null,true,true,valid,valid,null,null,null,false,false,T06C_P001_raw_BODY_25,t07a_raw_v0.2.0
pick_place_pilot_v1_E001,320,10.666667,P001,0,0,idle,654.885,212.174,0.0,0.0,165.29472293149598,574.512,208.15,-0.48624056820803335,-0.024344394839922928,470.715,282.589,-1.114191649520031,0.42599666069909853,558.913,290.546,-0.5806113970121973,0.47413491858708723,739.062,223.823,0.5092540070676422,0.07047411915761982,9.846000000000004,-5.7690000000000055,-0.0019999999999527063,0.0020000000000095497,0.002828427124719501,0.0014142135623597504,0.004123105625630455,0.0009999999999763531,0.0010000000000047748,-0.0009999999999763531,0.004000000000019099,"[0.810031,0.736175,0.735009,0.771254,0.757947]",true,valid,null,valid,true,Neck,shoulder_width,2,true,true,true,valid,valid,null,null,null,true,true,valid,valid,null,null,null,false,false,T06C_P001_raw_BODY_25,t07a_raw_v0.2.0
pick_place_pilot_v1_E001,321,10.7,P001,0,0,idle,654.886,212.175,0.0,0.0,165.29235271179365,574.513,208.152,-0.48624754068410875,-0.02433869404118526,470.719,282.592,-1.114189476878682,0.42601486907733815,558.911,290.546,-0.5806378723844747,0.47413566758680536,739.061,223.821,0.5092492097729949,0.07045698006553355,9.84699999999998,-5.768000000000001,0.0009999999999763531,0.0010000000000047748,0.0014142135623597504,0.002236067977523177,0.002236067977497756,0.00100000000009004,0.001999999999981128,-0.0009999999999763531,-0.0020000000000095497,"[0.809174,0.736013,0.736369,0.770786,0.757743]",true,valid,null,valid,true,Neck,shoulder_width,2,true,true,true,valid,valid,null,null,null,true,true,valid,valid,null,null,null,false,false,T06C_P001_raw_BODY_25,t07a_raw_v0.2.0
pick_place_pilot_v1_E001,322,10.733333,P001,0,0,idle,654.885,212.177,0.0,0.0,165.28500508515592,574.515,208.155,-0.48625100600379845,-0.02433372584480867,470.71,282.583,-1.1142874086195045,0.4259672555518657,558.906,290.543,-0.5806878848480601,0.47412649417063174,739.056,223.82,0.5092476474598201,0.07044196171335355,9.846000000000004,-5.7660000000000196,-0.0009999999999763531,0.001999999999981128,0.002236067977472335,0.003605551275449674,0.005099019513589262,0.0019999999999527063,0.0030000000000143245,-0.0049999999999954525,-0.0010000000000047748,"[0.808407,0.736205,0.735363,0.772108,0.756786]",true,valid,null,valid,true,Neck,shoulder_width,2,true,true,true,valid,valid,null,null,null,true,true,valid,valid,null,null,null,false,false,T06C_P001_raw_BODY_25,t07a_raw_v0.2.0
pick_place_pilot_v1_E001,323,10.766667,P001,0,0,idle,654.882,212.176,0.0,0.0,165.27661439235743,574.52,208.15,-0.4862272880858092,-0.024359163060071423,472.611,280.688,-1.1028238971987823,0.4145293044142128,558.913,290.545,-0.580656860335818,0.4741687158109157,739.052,223.821,0.5092674502648342,0.07045763880639176,9.842999999999961,-5.767000000000024,-0.0030000000000427463,-0.0010000000000047748,0.003162277660210442,0.007071067811859044,0.004123105625637348,0.0049999999999954525,-0.0049999999999954525,-0.004000000000019099,0.0010000000000047748,"[0.808925,0.735153,0.736773,0.770167,0.755885]",true,valid,null,valid,true,Neck,shoulder_width,2,true,true,true,valid,valid,null,null,null,true,true,valid,valid,null,null,null,false,false,T06C_P001_raw_BODY_25,t07a_raw_v0.2.0
pick_place_pilot_v1_E001,324,10.8,P001,0,0,idle,654.882,212.175,0.0,0.0,165.27334347982435,574.521,208.15,-0.4862308603916518,-0.02435359456796707,472.612,280.688,-1.1028396725225713,0.41454355891555894,558.902,290.538,-0.5807349084803661,0.47414179655393807,739.05,223.818,0.5092654279743228,0.07044693206331433,9.842999999999961,-5.768000000000001,0.0,-0.0009999999999763531,0.0009999999999763531,0.0009999999999763531,0.003605551275489088,0.0009999999999763531,0.0,-0.002000000000066393,-0.002999999999985903,"[0.809018,0.734821,0.735638,0.774651,0.755426]",true,valid,null,valid,true,Neck,shoulder_width,2,true,true,true,valid,valid,null,null,null,true,true,valid,valid,null,null,null,false,false,T06C_P001_raw_BODY_25,t07a_raw_v0.2.0
pick_place_pilot_v1_E001,325,10.833333,P001,0,0,idle,654.888,212.177,0.0,0.0,165.27405460325582,574.522,208.154,-0.48625902107212426,-0.024341388669003736,472.621,280.687,-1.1028167756732066,0.41452362359270395,558.899,290.533,-0.5807868647648528,0.4740974025723239,739.052,223.819,0.5092390345359264,0.0704405783953621,9.849000000000046,-5.7660000000000196,0.0060000000000854925,0.001999999999981128,0.006324555320411896,0.004123105625630455,0.0022360679775485985,0.00100000000009004,0.003999999999990678,0.002000000000066393,0.0009999999999763531,"[0.80715,0.734003,0.736675,0.777335,0.755665]",true,valid,null,valid,true,Neck,shoulder_width,2,true,true,true,valid,valid,null,null,null,true,true,valid,valid,null,null,null,false,false,T06C_P001_raw_BODY_25,t07a_raw_v0.2.0
pick_place_pilot_v1_E001,326,10.866667,P001,0,0,idle,654.894,212.18,0.0,0.0,165.27765752514765,574.523,208.158,-0.48627867313385187,-0.02433480762146001,472.622,280.674,-1.1028229872647282,0.41441778051324535,558.878,290.529,-0.5809375655350799,0.4740447146528494,739.057,223.819,0.5092218831041593,0.07042089157289189,9.855000000000018,-5.763000000000005,0.005999999999971806,0.0030000000000143245,0.0067082039324805574,0.004123105625602881,0.0049999999999954525,0.0009999999999763531,0.003999999999990678,0.0049999999999954525,0.0,"[0.807796,0.735047,0.737716,0.781753,0.756414]",true,valid,null,valid,true,Neck,shoulder_width,2,true,true,true,valid,valid,null,null,null,true,true,valid,valid,null,null,null,false,false,T06C_P001_raw_BODY_25,t07a_raw_v0.2.0
pick_place_pilot_v1_E001,327,10.9,P001,0,0,idle,654.896,212.179,0.0,0.0,165.28035958939583,574.525,208.146,-0.48627072327083976,-0.024400963369266334,472.632,280.678,-1.1027565553027376,0.4144412570868753,558.894,290.533,-0.5808433635944201,0.47406721642337896,739.06,223.825,0.5092196084827483,0.07046209258578584,9.856999999999971,-5.76400000000001,0.0019999999999527063,-0.0010000000000047748,0.002236067977459624,0.012165525060589114,0.006708203932467847,0.0019999999999527063,-0.012000000000000455,0.0029999999999290594,0.006000000000000227,"[0.806873,0.733167,0.73693,0.778848,0.757494]",true,valid,null,valid,true,Neck,shoulder_width,2,true,true,true,valid,valid,null,null,null,true,true,valid,valid,null,null,null,false,false,T06C_P001_raw_BODY_25,t07a_raw_v0.2.0
pick_place_pilot_v1_E001,328,10.933333,P001,0,0,idle,656.779,212.187,0.0,0.0,165.28448482843152,574.527,208.144,-0.4976389652385045,-0.0244608561063473,472.634,280.677,-1.1141094107601572,0.4143764617174682,558.9,290.536,-0.5921850444801295,0.47402513358303267,739.065,223.835,0.4978446711765748,0.07047243431282038,11.740000000000009,-5.756,1.8830000000000382,0.008000000000009777,1.8830169940816106,0.0028284271247797925,0.011180339887565043,0.002000000000066393,-0.001999999999981128,0.005000000000109139,0.010000000000019327,"[0.803833,0.732511,0.738379,0.7762,0.759649]",true,valid,null,valid,true,Neck,shoulder_width,2,true,true,true,valid,valid,null,null,null,true,true,valid,valid,null,null,null,false,false,T06C_P001_raw_BODY_25,t07a_raw_v0.2.0
pick_place_pilot_v1_E001,329,10.966667,P001,0,0,idle,656.779,212.182,0.0,0.0,165.28443898322678,574.529,208.135,-0.49762700291675255,-0.024485063596402384,472.639,280.666,-1.1140794689008,0.4143402755957554,558.896,290.538,-0.5922094094407356,0.47406761629842037,739.066,223.836,0.4978508594408612,0.070508754917834,11.740000000000009,-5.761000000000024,0.0,-0.005000000000023874,0.005000000000023874,0.009219544457296834,0.0014142135623597504,0.0019999999999527063,-0.009000000000014552,0.0009999999999763531,0.0010000000000047748,"[0.804799,0.731895,0.738376,0.776468,0.760601]",true,valid,null,valid,true,Neck,shoulder_width,2,true,true,true,valid,valid,null,null,null,true,true,valid,valid,null,null,null,false,false,T06C_P001_raw_BODY_25,t07a_raw_v0.2.0
pick_place_pilot_v1_E001,330,11.0,P001,0,0,idle,654.896,212.17,0.0,0.0,165.28221270602592,574.528,208.123,-0.48624712051104974,-0.024485393399216335,472.651,280.661,-1.1026292364813894,0.4143882083779905,558.906,290.539,-0.5807642481815611,0.47415265512804206,739.062,223.832,0.5092259997129837,0.07055810670167068,9.856999999999971,-5.773000000000025,-1.8830000000000382,-0.012000000000000455,1.8830382364679012,0.012041594578790785,0.005656854249519391,-0.0009999999999763531,-0.012000000000000455,-0.004000000000019099,-0.004000000000019099,"[0.810144,0.731754,0.742354,0.774165,0.761123]",true,valid,null,valid,true,Neck,shoulder_width,2,true,true,true,valid,valid,null,null,null,true,true,valid,valid,null,null,null,false,false,T06C_P001_raw_BODY_25,t07a_raw_v0.2.0
pick_place_pilot_v1_E001,331,11.033333,P001,0,0,idle,656.776,212.173,0.0,0.0,165.2852494810108,574.532,208.12,-0.49758826185786603,-0.024521244410655268,472.656,280.661,-1.1139530029335922,0.4143624444107967,558.904,290.543,-0.5921399538513824,0.4741499936992486,739.068,223.84,0.4978786688975192,0.07058706107552806,11.736999999999966,-5.77000000000001,1.8799999999999955,0.0030000000000143245,1.880002393615493,0.005000000000006821,0.009999999999990905,0.004000000000019099,-0.002999999999985903,0.005999999999971806,0.008000000000009777,"[0.809349,0.732027,0.744789,0.774205,0.763096]",true,valid,null,valid,true,Neck,shoulder_width,2,true,true,true,valid,valid,null,null,null,true,true,valid,valid,null,null,null,false,false,T06C_P001_raw_BODY_25,t07a_raw_v0.2.0
pick_place_pilot_v1_E001,332,11.066667,P001,0,0,idle,656.777,212.173,0.0,0.0,165.28519912563257,574.534,208.13,-0.49758236330336814,-0.024460750396210245,472.657,280.662,-1.113953342307748,0.4143686207979323,558.903,290.541,-0.5921522345482756,0.4741380378556026,739.071,223.839,0.4978909208770028,0.07058103243190408,11.738000000000056,-5.77000000000001,0.00100000000009004,0.0,0.00100000000009004,0.010198039027167377,0.003162277660210442,0.0019999999999527063,0.009999999999990905,0.0030000000000427463,-0.0010000000000047748,"[0.810144,0.732318,0.744544,0.774767,0.763518]",true,valid,null,valid,true,Neck,shoulder_width,2,true,true,true,valid,valid,null,null,null,true,true,valid,valid,null,null,null,false,false,T06C_P001_raw_BODY_25,t07a_raw_v0.2.0
pick_place_pilot_v1_E001,333,11.1,P001,0,0,idle,656.783,212.178,0.0,0.0,165.2902715346551,574.535,208.136,-0.49759734336667094,-0.024453949784652314,472.659,280.665,-1.1139433572858293,0.41434380477523086,558.909,290.542,-0.5921340626479615,0.4740992877101664,739.077,223.846,0.4978756416571441,0.07059096637489443,11.744000000000028,-5.765000000000015,0.005999999999971806,0.0049999999999954525,0.007810249675882084,0.006082762530294557,0.009219544457278336,0.0009999999999763531,0.006000000000000227,0.005999999999971806,0.007000000000005002,"[0.809081,0.733272,0.744652,0.773779,0.764782]",true,valid,null,valid,true,Neck,shoulder_width,2,true,true,true,valid,valid,null,null,null,true,true,valid,valid,null,null,null,false,false,T06C_P001_raw_BODY_25,t07a_raw_v0.2.0
pick_place_pilot_v1_E001,334,11.133333,P001,0,0,idle,656.789,212.172,0.0,0.0,165.28463449758416,574.544,208.125,-0.49759616343043744,-0.024485034633144612,472.633,280.655,-1.114174953768565,0.4143337353055703,558.921,290.547,-0.5921179563816648,0.47418200874047717,739.079,223.849,0.49786842104311113,0.07064782540430681,11.75,-5.771000000000015,0.005999999999971806,-0.006000000000000227,0.008485281374218794,0.014212670403557767,0.003605551275426026,0.009000000000014552,-0.01099999999999568,0.0019999999999527063,0.002999999999985903,"[0.811567,0.731696,0.748207,0.770494,0.766202]",true,valid,null,valid,true,Neck,shoulder_width,2,true,true,true,valid,valid,null,null,null,true,true,valid,valid,null,null,null,false,false,T06C_P001_raw_BODY_25,t07a_raw_v0.2.0
pick_place_pilot_v1_E001,335,11.166667,P001,0,0,idle,656.805,212.178,0.0,0.0,165.2885212287895,574.554,208.133,-0.4976207627034763,-0.024472358817954263,472.639,280.653,-1.1142092544047906,0.41427559210368947,558.924,290.539,-0.5921826831792801,0.47408615805530774,739.093,223.856,0.49784461369884475,0.07065221415972082,11.765999999999963,-5.765000000000015,0.01599999999996271,0.006000000000000227,0.017088007490600226,0.012806248474864702,0.015652475842509714,0.009999999999990905,0.008000000000009777,0.014000000000010004,0.007000000000005002,"[0.81021,0.730871,0.747321,0.77104,0.768339]",true,valid,null,valid,true,Neck,shoulder_width,2,true,true,true,valid,valid,null,null,null,true,true,valid,valid,null,null,null,false,false,T06C_P001_raw_BODY_25,t07a_raw_v0.2.0
pick_place_pilot_v1_E001,336,11.2,P001,0,0,idle,656.821,212.183,0.0,0.0,165.30326299562265,574.554,208.14,-0.49767317661586963,-0.024458077395042518,472.636,280.653,-1.1142248293361114,0.4142083995148551,560.782,290.536,-0.5809867165328925,0.473995483090221,739.108,223.861,0.49779416636306173,0.07064591338592778,11.782000000000039,-5.760000000000019,0.016000000000076398,0.0049999999999954525,0.016763054614311775,0.0069999999999765805,0.015811388300827515,0.0,0.0069999999999765805,0.014999999999986358,0.0049999999999954525,"[0.808101,0.72988,0.747288,0.771578,0.769617]",true,valid,null,valid,true,Neck,shoulder_width,2,true,true,true,valid,valid,null,null,null,true,true,valid,valid,null,null,null,false,false,T06C_P001_raw_BODY_25,t07a_raw_v0.2.0
pick_place_pilot_v1_E001,337,11.233333,P001,0,0,idle,656.825,212.183,0.0,0.0,165.29885640862733,574.559,208.138,-0.49768039408956505,-0.02447082870313717,472.628,280.65,-1.1143271284627374,0.41420129266197714,558.914,290.529,-0.5923271468857534,0.4739657714650163,739.108,223.865,0.4977832381162521,0.07067199528060562,11.786000000000058,-5.760000000000019,0.004000000000019099,0.0,0.004000000000019099,0.005385164807123273,0.004000000000019099,0.0049999999999954525,-0.001999999999981128,0.0,0.004000000000019099,"[0.807837,0.728645,0.745124,0.775068,0.770005]",true,valid,null,valid,true,Neck,shoulder_width,2,true,true,true,valid,valid,null,null,null,true,true,valid,valid,null,null,null,false,false,T06C_P001_raw_BODY_25,t07a_raw_v0.2.0
pick_place_pilot_v1_E001,338,11.266667,P001,0,0,idle,656.827,212.179,0.0,0.0,165.29914186407632,574.56,208.133,-0.4976855842823873,-0.024476836082591245,472.63,280.65,-1.114325204128786,0.4142247759295867,558.915,290.531,-0.5923321736328916,0.47400125080158007,739.109,223.863,0.49777632885511064,0.07068397251334567,11.788000000000011,-5.76400000000001,0.0019999999999527063,-0.003999999999990678,0.004472135954970091,0.005099019513583688,0.0022360679775485985,0.0009999999999763531,-0.0049999999999954525,0.00100000000009004,-0.0020000000000095497,"[0.808441,0.727491,0.746091,0.774663,0.769874]",true,valid,null,valid,true,Neck,shoulder_width,2,true,true,true,valid,valid,null,null,null,true,true,valid,valid,null,null,null,false,false,T06C_P001_raw_BODY_25,t07a_raw_v0.2.0
pick_place_pilot_v1_E001,339,11.3,P001,0,0,idle,656.826,212.175,0.0,0.0,165.3020846843742,574.558,208.123,-0.4976827736751267,-0.024512697512175125,472.622,280.65,-1.114347712865914,0.41424159973992647,558.917,290.532,-0.5923034799406569,0.4740230599608824,739.109,223.863,0.4977735166323533,0.0707069122710516,11.787000000000035,-5.768000000000001,-0.0009999999999763531,-0.003999999999990678,0.004123105625602881,0.010198039027195247,0.0,-0.0019999999999527063,-0.010000000000019327,0.0,0.0,"[0.809492,0.726985,0.744223,0.773528,0.769294]",true,valid,null,valid,true,Neck,shoulder_width,2,true,true,true,valid,valid,null,null,null,true,true,valid,valid,null,null,null,false,false,T06C_P001_raw_BODY_25,t07a_raw_v0.2.0
pick_place_pilot_v1_E001,340,11.333333,P001,0,0,idle,656.826,212.173,0.0,0.0,165.3031324627577,574.564,208.118,-0.4976433221465627,-0.024530690614187764,472.63,280.649,-1.1142922536056528,0.4142450235504608,558.907,290.532,-0.5923602205303692,0.474032154337148,739.115,223.869,0.4978066584342523,0.07075486003046598,11.787000000000035,-5.77000000000001,0.0,-0.0020000000000095497,0.0020000000000095497,0.007810249675882084,0.008485281374218794,0.005999999999971806,-0.0049999999999954525,0.005999999999971806,0.006000000000000227,"[0.809474,0.725145,0.744368,0.775479,0.76953]",true,valid,null,valid,true,Neck,shoulder_width,2,true,true,true,valid,valid,null,null,null,true,true,valid,valid,null,null,null,false,false,T06C_P001_raw_BODY_25,t07a_raw_v0.2.0
pick_place_pilot_v1_E001,341,11.366667,P001,0,0,idle,656.829,212.174,0.0,0.0,165.30493280601158,574.564,208.119,-0.49765605057012724,-0.024530423449363275,472.63,280.65,-1.1142982660787317,0.4142405119897894,558.907,290.534,-0.5923719173880504,0.47403304105847166,739.117,223.868,0.49779518737390926,0.07074199058368763,11.789999999999964,-5.7690000000000055,0.0029999999999290594,0.0010000000000047748,0.003162277660102589,0.0010000000000047748,0.002236067977459624,0.0,0.0010000000000047748,0.0019999999999527063,-0.0010000000000047748,"[0.809141,0.725393,0.744432,0.774702,0.769748]",true,valid,null,valid,true,Neck,shoulder_width,2,true,true,true,valid,valid,null,null,null,true,true,valid,valid,null,null,null,false,false,T06C_P001_raw_BODY_25,t07a_raw_v0.2.0
pick_place_pilot_v1_E001,342,11.4,P001,0,0,idle,656.831,212.168,0.0,0.0,165.2989177127304,574.573,208.109,-0.4976318123446793,-0.024555514677077624,472.63,280.647,-1.114350913779842,0.41427373480453294,558.909,290.533,-0.5923934733207187,0.47408053896752633,739.119,223.868,0.4978133017362318,0.07078086270554523,11.79200000000003,-5.775000000000006,0.002000000000066393,-0.006000000000000227,0.00632455532035797,0.013453624047076685,0.002000000000066393,0.009000000000014552,-0.009999999999990905,0.002000000000066393,0.0,"[0.810149,0.72326,0.74538,0.775533,0.769866]",true,valid,null,valid,true,Neck,shoulder_width,2,true,true,true,valid,valid,null,null,null,true,true,valid,valid,null,null,null,false,false,T06C_P001_raw_BODY_25,t07a_raw_v0.2.0
pick_place_pilot_v1_E001,343,11.433333,P001,0,0,idle,656.831,212.166,0.0,0.0,165.29839902733477,574.575,208.103,-0.49762127451940785,-0.02457979039063836,472.627,280.647,-1.1143725594676746,0.4142871340736673,558.914,290.535,-0.5923650838494078,0.47410622523355744,739.12,223.867,0.4978209134765556,0.07078713447227668,11.79200000000003,-5.777000000000015,0.0,-0.0020000000000095497,0.0020000000000095497,0.00632455532035797,0.0014142135623597504,0.002000000000066393,-0.006000000000000227,0.0009999999999763531,-0.0010000000000047748,"[0.810101,0.722106,0.744307,0.774683,0.769627]",true,valid,null,valid,true,Neck,shoulder_width,2,true,true,true,valid,valid,null,null,null,true,true,valid,valid,null,null,null,false,false,T06C_P001_raw_BODY_25,t07a_raw_v0.2.0
pick_place_pilot_v1_E001,344,11.466667,P001,0,0,idle,656.828,212.166,0.0,0.0,167.1467881384504,574.578,208.102,-0.49208244391672656,-0.024313958079970496,472.617,280.651,-1.1020911741804753,0.4097296798983225,558.91,290.537,-0.5858204102545658,0.4688752974127388,740.979,223.874,0.5034556807056109,0.07004621584652929,11.788999999999987,-5.777000000000015,-0.0030000000000427463,0.0,0.0030000000000427463,0.003162277660102589,1.8590131790818856,0.0029999999999290594,-0.0010000000000047748,1.8590000000000373,0.007000000000005002,"[0.810138,0.721862,0.741901,0.774958,0.7702]",true,valid,null,valid,true,Neck,shoulder_width,2,true,true,true,valid,valid,null,null,null,true,true,valid,valid,null,null,null,false,false,T06C_P001_raw_BODY_25,t07a_raw_v0.2.0
