1|1|969.559,906.495|971.565,809.464|973.236,745.874|980.026,642.806|996.82,662.146|1072.67,684.305|1117.94,845.644|1120.19,925.558|1143.31,971.423|1106.33,1024.44|1087.6,975.219|960.87,655.485|892.363,659.006|785.768,734.232|859.072,734.131|918.481,723.971|968.788,742.315|924.137,753.133|1033.81,921.001|1128.48,1158.01|1082.37,1825.53|0,0|910.868,893.475|880.711,1011.05|793.689,1674.45|751.823,2094.75|983.912,604.938|1005.18,558.048|1022.15,554.47|1036.81,592.874|995.49,543.483|957.905,557.129
2|1|968.186,903.507|972.596,809.312|975.546,749.59|983.107,643.523|1001.39,662.774|1082.99,681.962|1118.51,857.657|1096.36,917.911|1142.75,972.084|1107.47,1021.34|1084.07,985.371|962.371,656.972|888.668,659.639|773.239,739.635|851.689,740.108|922.852,715.602|999.996,742.162|933.054,746.827|1042.16,916.364|1138.54,1155.16|1086.08,1998.62|0,0|901.346,892.189|821.332,977.022|728.506,1771.04|0,0|986.791,604.576|987.31,575.562|995.213,553.242|1022.7,558.364|965.695,562.667|932.758,580.657
3|1|968.186,903.504|972.597,809.305|975.547,749.579|983.11,643.508|1001.39,662.76|1083,681.951|1118.51,857.649|1096.36,917.903|1142.75,972.078|1107.46,1021.33|1084.07,985.363|962.373,656.957|888.668,659.624|773.237,739.626|851.692,740.108|922.861,715.605|1000.01,742.174|933.065,746.828|1042.16,916.362|1138.55,1155.14|1086.11,1998.73|0,0|901.345,892.185|821.312,977.001|728.438,1771.1|0,0|986.794,604.559|987.266,575.499|995.203,553.197|1022.73,558.372|965.675,562.6|932.776,580.599
4|1|968.187,903.503|972.598,809.303|975.548,749.576|983.111,643.504|1001.39,662.756|1083,681.947|1118.51,857.646|1096.36,917.903|1142.75,972.08|1107.46,1021.33|1084.07,985.366|962.374,656.953|888.669,659.62|773.237,739.624|851.693,740.108|922.863,715.607|1000.01,742.179|933.067,746.83|1042.16,916.362|1138.55,1155.14|1086.13,1998.76|0,0|901.345,892.184|821.307,976.995|728.419,1771.12|0,0|986.796,604.554|987.254,575.481|995.201,553.184|1022.75,558.374|965.67,562.581|932.781,580.583
5|1|968.187,903.503|972.598,809.303|975.548,749.576|983.111,643.504|1001.39,662.756|1083,681.947|1118.51,857.646|1096.36,917.903|1142.75,972.08|1107.46,1021.33|1084.07,985.366|962.374,656.953|888.669,659.62|773.237,739.624|851.693,740.108|922.863,715.607|1000.01,742.179|933.067,746.83|1042.16,916.362|1138.55,1155.14|1086.13,1998.76|0,0|901.345,892.184|821.307,976.995|728.419,1771.12|0,0|986.796,604.554|987.254,575.481|995.201,553.184|1022.75,558.374|965.67,562.581|932.781,580.583
6|1|968.187,903.502|972.598,809.302|975.548,749.575|983.111,643.501|1001.39,662.753|1083,681.945|1118.51,857.645|1096.36,917.901|1142.75,972.078|1107.46,1021.33|1084.07,985.363|962.374,656.95|888.669,659.617|773.237,739.622|851.694,740.108|922.864,715.607|1000.01,742.18|933.068,746.83|1042.16,916.361|1138.55,1155.13|1086.13,1998.78|0,0|901.345,892.184|821.303,976.991|728.406,1771.13|0,0|986.796,604.551|987.245,575.469|995.198,553.175|1022.75,558.376|965.665,562.568|932.784,580.572
7|1|968.187,903.502|972.598,809.302|975.548,749.575|983.111,643.501|1001.39,662.753|1083,681.945|1118.51,857.645|1096.36,917.901|1142.75,972.078|1107.46,1021.33|1084.07,985.363|962.374,656.95|888.669,659.617|773.237,739.622|851.694,740.108|922.864,715.607|1000.01,742.18|933.068,746.83|1042.16,916.361|1138.55,1155.13|1086.13,1998.78|0,0|901.345,892.184|821.303,976.991|728.406,1771.13|0,0|986.796,604.551|987.245,575.469|995.198,553.175|1022.75,558.376|965.665,562.568|932.784,580.572
8|1|966.746,895.562|972.753,803.701|976.582,746.201|982.826,643.886|1002.27,662.222|1088.22,680.841|1119.19,864.878|1108.48,944.414|1159.33,978.753|1102.97,1021.99|1080.35,991.409|961.381,656.884|883.792,658.763|763.775,743.754|857.17,740.59|932.476,722.019|995.857,735.464|944.222,744.924|1047.66,904.993|1132.89,1144.01|0,0|0,0|894.1,887.449|766.511,982.213|654.63,1944.7|0,0|985.9,606.025|979.523,567.827|997.116,550.007|1033.94,568.682|964.679,551.798|938.259,568.415
9|1|966.74,895.582|972.745,803.727|976.574,746.232|982.82,643.92|1002.26,662.257|1088.21,680.879|1119.18,864.953|1108.47,944.49|1159.32,978.829|1102.95,1022.07|1080.33,991.488|961.375,656.917|883.791,658.791|763.796,743.756|857.348,740.536|932.864,721.979|996.751,735.156|944.622,744.837|1047.66,905.014|1132.85,1142.66|0,0|0,0|894.095,887.467|766.316,981.485|652.824,1945.12|0,0|985.894,606.06|980.032,568.037|997.211,550.023|1033.57,568.276|964.795,552.109|937.831,568.887
10|1|966.74,895.581|972.745,803.727|976.574,746.232|982.819,643.92|1002.26,662.257|1088.21,680.879|1119.18,864.953|1108.46,944.484|1159.32,978.821|1102.95,1022.06|1080.33,991.477|961.375,656.917|883.791,658.791|763.796,743.756|857.349,740.536|932.865,721.979|996.753,735.156|944.623,744.837|1047.66,905.014|1132.85,1142.66|0,0|0,0|894.095,887.467|766.316,981.483|652.82,1945.12|0,0|985.894,606.06|980.032,568.037|997.21,550.023|1033.57,568.276|964.795,552.109|937.831,568.887
11|1|966.739,895.582|972.745,803.727|976.574,746.232|982.819,643.92|1002.26,662.257|1088.21,680.879|1119.18,864.953|1108.46,944.481|1159.32,978.817|1102.95,1022.05|1080.32,991.472|961.375,656.917|883.791,658.791|763.796,743.756|857.35,740.536|932.867,721.979|996.757,735.154|944.625,744.836|1047.66,905.014|1132.85,1142.65|0,0|0,0|894.095,887.467|766.315,981.48|652.813,1945.12|0,0|985.894,606.06|980.03,568.037|997.21,550.024|1033.57,568.277|964.794,552.109|937.832,568.886
12|1|966.739,895.582|972.745,803.727|976.574,746.232|982.819,643.92|1002.26,662.257|1088.21,680.879|1119.18,864.953|1108.46,944.481|1159.32,978.817|1102.95,1022.06|1080.32,991.472|961.375,656.917|883.791,658.791|763.796,743.756|857.35,740.536|932.867,721.978|996.758,735.153|944.625,744.836|1047.66,905.014|1132.85,1142.65|0,0|0,0|894.095,887.467|766.315,981.479|652.81,1945.12|0,0|985.894,606.06|980.03,568.038|997.21,550.024|1033.57,568.277|964.794,552.11|937.832,568.886
13|1|966.739,895.582|972.745,803.727|976.574,746.232|982.819,643.92|1002.26,662.257|1088.21,680.879|1119.18,864.953|1108.46,944.481|1159.32,978.817|1102.95,1022.06|1080.32,991.472|961.375,656.917|883.791,658.791|763.796,743.756|857.35,740.536|932.867,721.978|996.758,735.153|944.625,744.836|1047.66,905.014|1132.85,1142.65|0,0|0,0|894.095,887.467|766.315,981.479|652.81,1945.12|0,0|985.894,606.06|980.03,568.038|997.21,550.024|1033.57,568.277|964.794,552.11|937.832,568.886
14|1|966.739,895.582|972.745,803.727|976.574,746.233|982.819,643.92|1002.26,662.258|1088.21,680.879|1119.18,864.954|1108.46,944.474|1159.32,978.806|1102.94,1022.04|1080.32,991.457|961.375,656.917|883.791,658.791|763.796,743.756|857.35,740.536|932.868,721.978|996.761,735.152|944.626,744.836|1047.66,905.014|1132.85,1142.64|0,0|0,0|894.095,887.467|766.314,981.476|652.802,1945.12|0,0|985.894,606.061|980.03,568.039|997.209,550.025|1033.57,568.277|964.794,552.11|937.832,568.887
15|1|966.739,895.582|972.745,803.727|976.574,746.233|982.819,643.92|1002.26,662.258|1088.21,680.879|1119.18,864.954|1108.46,944.474|1159.32,978.806|1102.94,1022.04|1080.32,991.457|961.375,656.917|883.791,658.791|763.796,743.756|857.351,740.536|932.869,721.978|996.763,735.152|944.627,744.836|1047.66,905.014|1132.85,1142.64|0,0|0,0|894.095,887.467|766.314,981.474|652.799,1945.13|0,0|985.894,606.061|980.03,568.039|997.209,550.025|1033.57,568.277|964.793,552.11|937.832,568.886
16|1|966.739,895.582|972.745,803.727|976.574,746.233|982.819,643.92|1002.26,662.258|1088.21,680.879|1119.18,864.954|1108.46,944.474|1159.32,978.806|1102.94,1022.04|1080.32,991.457|961.375,656.917|883.791,658.791|763.796,743.756|857.351,740.536|932.869,721.978|996.763,735.152|944.627,744.836|1047.66,905.014|1132.85,1142.64|0,0|0,0|894.095,887.467|766.314,981.474|652.799,1945.13|0,0|985.894,606.061|980.03,568.039|997.209,550.025|1033.57,568.277|964.793,552.11|937.832,568.886
17|1|966.739,895.582|972.745,803.727|976.574,746.233|982.819,643.92|1002.26,662.258|1088.21,680.879|1119.18,864.954|1108.46,944.474|1159.32,978.806|1102.94,1022.04|1080.32,991.457|961.375,656.917|883.791,658.791|763.796,743.756|857.351,740.536|932.869,721.978|996.763,735.152|944.627,744.836|1047.66,905.014|1132.85,1142.64|0,0|0,0|894.095,887.467|766.314,981.474|652.799,1945.13|0,0|985.894,606.061|980.03,568.039|997.209,550.025|1033.57,568.277|964.793,552.11|937.832,568.886
18|1|966.739,895.582|972.745,803.727|976.574,746.233|982.819,643.92|1002.26,662.258|1088.21,680.879|1119.18,864.954|1108.46,944.474|1159.32,978.806|1102.94,1022.04|1080.32,991.457|961.375,656.917|883.791,658.791|763.796,743.756|857.351,740.536|932.869,721.978|996.763,735.152|944.627,744.836|1047.66,905.014|1132.85,1142.64|0,0|0,0|894.095,887.467|766.314,981.474|652.799,1945.13|0,0|985.894,606.061|980.03,568.039|997.209,550.025|1033.57,568.277|964.793,552.11|937.832,568.886
19|1|966.739,895.582|972.745,803.727|976.574,746.233|982.819,643.92|1002.26,662.258|1088.21,680.879|1119.18,864.954|1108.46,944.474|1159.32,978.806|1102.94,1022.04|1080.32,991.457|961.375,656.917|883.791,658.791|763.796,743.756|857.351,740.536|932.869,721.978|996.763,735.152|944.627,744.836|1047.66,905.014|1132.85,1142.64|0,0|0,0|894.095,887.467|766.314,981.474|652.799,1945.13|0,0|985.894,606.061|980.03,568.039|997.209,550.025|1033.57,568.277|964.793,552.11|937.832,568.886
20|1|966.739,895.582|972.745,803.727|976.574,746.233|982.819,643.92|1002.26,662.258|1088.21,680.879|1119.18,864.954|1108.46,944.474|1159.32,978.806|1102.94,1022.04|1080.32,991.457|961.375,656.917|883.791,658.791|763.796,743.756|857.351,740.536|932.869,721.978|996.763,735.152|944.627,744.836|1047.66,905.014|1132.85,1142.64|0,0|0,0|894.095,887.467|766.314,981.474|652.799,1945.13|0,0|985.894,606.061|980.03,568.039|997.209,550.025|1033.57,568.277|964.793,552.11|937.832,568.886
21|1|966.739,895.582|972.745,803.727|976.574,746.233|982.819,643.92|1002.26,662.258|1088.21,680.879|1119.18,864.954|1108.46,944.474|1159.32,978.806|1102.94,1022.04|1080.32,991.457|961.375,656.917|883.791,658.791|763.796,743.756|857.351,740.536|932.869,721.978|996.763,735.152|944.627,744.836|1047.66,905.014|1132.85,1142.64|0,0|0,0|894.095,887.467|766.314,981.474|652.799,1945.13|0,0|985.894,606.061|980.03,568.039|997.209,550.025|1033.57,568.277|964.793,552.11|937.832,568.886
22|1|966.718,895.622|972.719,803.754|976.547,746.231|982.8,643.848|1002.24,662.202|1088.18,680.891|1118.95,865.016|1107.45,941.025|1158.08,974.605|1101.43,1015.93|1079.08,986.044|961.354,656.85|883.772,658.734|763.858,743.922|857.684,740.823|933.621,722.541|998.347,735.511|945.3,745.966|1047.64,905.061|1132.76,1140.43|0,0|0,0|894.07,887.501|765.962,980.263|649.478,1946.15|0,0|985.881,605.967|980.635,568.113|997.327,549.884|1033.14,567.671|964.939,552.311|937.332,569.299
23|1|966.718,895.622|972.719,803.754|976.547,746.231|982.8,643.848|1002.24,662.202|1088.18,680.891|1118.95,865.016|1107.45,941.025|1158.08,974.605|1101.43,1015.93|1079.08,986.044|961.354,656.85|883.772,658.734|763.858,743.922|857.684,740.823|933.621,722.541|998.347,735.511|945.3,745.966|1047.64,905.061|1132.76,1140.43|0,0|0,0|894.07,887.501|765.962,980.263|649.478,1946.15|0,0|985.881,605.967|980.635,568.113|997.327,549.884|1033.14,567.671|964.939,552.311|937.332,569.299
24|1|966.718,895.622|972.719,803.754|976.547,746.231|982.8,643.848|1002.24,662.202|1088.18,680.891|1118.95,865.016|1107.45,941.026|1158.08,974.606|1101.43,1015.94|1079.08,986.045|961.354,656.85|883.772,658.734|763.858,743.922|857.685,740.824|933.623,722.542|998.35,735.511|945.301,745.966|1047.64,905.061|1132.76,1140.43|0,0|0,0|894.07,887.501|765.962,980.261|649.475,1946.15|0,0|985.881,605.967|980.635,568.113|997.327,549.884|1033.14,567.671|964.939,552.311|937.332,569.299
25|1|966.718,895.622|972.719,803.754|976.547,746.231|982.8,643.848|1002.24,662.202|1088.18,680.891|1118.95,865.016|1107.45,941.026|1158.08,974.606|1101.43,1015.94|1079.08,986.045|961.354,656.85|883.772,658.734|763.858,743.922|857.685,740.824|933.623,722.542|998.35,735.511|945.301,745.966|1047.64,905.061|1132.76,1140.43|0,0|0,0|894.07,887.501|765.962,980.261|649.475,1946.15|0,0|985.881,605.967|980.635,568.113|997.327,549.884|1033.14,567.671|964.939,552.311|937.332,569.299
26|1|966.76,895.608|972.77,803.729|976.606,746.182|982.887,643.74|1002.33,662.112|1088.28,680.836|1119.12,864.953|1107.8,941.402|1158.48,975.06|1101.87,1016.64|1079.47,986.67|961.435,656.741|883.853,658.608|763.97,743.835|858.128,740.807|934.526,722.777|1000.13,735.56|946.174,746.185|1047.69,905.068|1132.73,1138.28|0,0|0,0|894.105,887.469|765.654,978.996|646.124,1947.02|0,0|985.981,605.84|980.47,568.312|997.571,550.149|1033.7,568.073|965.135,552.226|937.883,568.607
27|1|966.763,895.591|972.776,803.71|976.615,746.16|982.907,643.717|1002.35,662.092|1088.3,680.828|1119.1,864.98|1107.68,940.934|1158.32,974.42|1101.65,1015.71|1079.27,985.803|961.453,656.716|883.873,658.571|763.997,743.756|858.254,740.704|934.748,722.673|1000.58,735.323|946.392,746.044|1047.69,905.056|1132.71,1137.79|0,0|0,0|894.108,887.447|765.583,978.695|645.367,1947.14|0,0|986.005,605.817|980.548,568.323|997.637,550.151|1033.73,568.055|965.2,552.225|937.906,568.576
28|1|966.763,895.591|972.776,803.71|976.615,746.16|982.907,643.717|1002.35,662.092|1088.3,680.828|1119.1,864.98|1107.68,940.934|1158.32,974.42|1101.65,1015.71|1079.27,985.803|961.453,656.716|883.873,658.571|763.997,743.756|858.254,740.704|934.748,722.673|1000.58,735.323|946.392,746.044|1047.69,905.056|1132.71,1137.79|0,0|0,0|894.108,887.447|765.583,978.695|645.367,1947.14|0,0|986.005,605.817|980.548,568.323|997.637,550.151|1033.73,568.055|965.2,552.225|937.906,568.576
29|1|966.824,895.53|972.839,803.611|976.681,746.025|982.982,643.54|1002.42,661.935|1088.38,680.726|1119.13,864.905|1107.81,940.996|1158.51,974.545|1101.87,1015.91|1079.47,985.973|961.525,656.532|883.96,658.344|764.212,743.436|858.952,740.339|935.714,722.23|1002.22,734.507|947.459,745.577|1047.76,905.022|1132.84,1137.07|0,0|0,0|894.161,887.362|765.551,978.229|644.022,1947.78|0,0|986.09,605.627|981.096,568.187|998.033,549.981|1033.78,567.82|965.594,552.08|937.911,568.416
30|1|970.491,891.468|975.474,798.951|978.579,742.06|983.229,637.569|1003.28,656.208|1090.46,679.634|1120.51,867.751|1117.38,950.404|1167.69,977.631|1099.78,1017.84|1077.25,990.254|961.628,650.877|882.699,657.319|762.579,745.985|867.169,732.503|937.812,718.056|1000.39,722.644|955.271,738.668|1053.85,900.026|1139.32,1108.65|0,0|0,0|895.672,884.159|763.85,971.075|622.811,2025.09|0,0|985.881,598.997|989.339,565.157|1004.81,545.658|1035.12,561.502|971.786,547.202|937.155,560.022
31|1|964.054,890.691|974.016,807.919|980.396,753.675|985.536,642.725|1004.6,662.25|1087.81,684.983|1125.21,863.008|1111.82,934.443|1154.89,972.015|1104.5,1018.56|1083,982.736|964.745,657.382|890.021,661.507|773.677,731.822|867.065,720.617|940.523,706.109|987.32,707.245|952.963,735.834|1041.6,898.827|1093.65,971.981|1150.62,1847.6|0,0|894.871,883.754|768.22,755.387|601.327,1200.83|422.532,1008.58|988.358,602.211|988.221,566.131|1003.32,547.956|1034.94,564.784|971.557,550.179|940.462,565.858
32|1|963.999,890.361|973.932,807.655|980.294,753.448|985.386,642.558|1004.47,662.066|1087.7,684.659|1125.55,862.672|1112.19,933.763|1155.29,971.19|1104.85,1017.66|1083.31,981.975|964.599,657.212|889.861,661.292|773.294,730.834|866.967,719.237|940.868,704.49|989.804,704.282|952.916,733.688|1041.57,898.485|1093.2,966.47|1153.33,1841.68|0,0|894.791,883.433|769.491,753.447|603.149,1190.28|431.561,984.535|988.191,602.06|987.127,566.343|1003.2,548.424|1035.75,565.771|971.325,549.898|941.268,564.543
33|1|963.332,889.054|973.312,806.209|979.73,751.728|985.276,640.678|1004.26,660.319|1087.33,683.366|1123.92,861.342|1103.87,905.783|1096.18,894.39|1049.27,952.74|1014.19,950.643|964.439,655.26|889.78,658.767|772.406,724.961|867.852,714.023|943.739,699.834|999.13,697.676|954.408,726.355|1040.76,897.367|1090.46,951.878|1151.17,1816.46|0,0|894.233,881.956|772.214,752.499|607.399,1183.99|438.161,966.607|988.267,600.124|988.655,567.067|1004.37,548.373|1035.88,563.87|972.467,549.893|941.255,562.522
34|1|961.64,890.137|972.312,807.651|979.276,752.43|985.634,641.07|1004.28,661.002|1086.8,684.505|1123.53,859.656|1106.17,904.509|1063.4,889.085|1013.27,944.668|997.224,907.397|964.868,655.501|891.078,657.615|772.763,715.688|869.426,708.241|946.895,692.12|1009.19,693.802|953.502,720.382|1037.94,899.174|1081.58,918.164|1119.09,1720.84|0,0|893.553,882.384|775.273,752.041|610.565,1189|428.365,987.611|988.996,600.442|991.157,568.619|1006.54,549.92|1036.64,564.899|974.88,551.14|942.608,562.613
35|1|973.756,906.459|978.05,819.866|981.468,758.575|988.708,641.057|1007.01,661.671|1087.42,685.778|1123.97,859.608|1092.93,913.109|1049.28,873.05|991.657,877.911|999.133,864.086|968.024,656.955|897.648,659.267|792.185,748.889|859.825,722.587|935.111,692.959|998.172,691.611|947.044,722.028|1047.18,914.26|1123.04,899.383|1139.12,1598.2|1281.86,2044.66|907.825,899.745|807.596,774.57|693.761,1316.84|507.356,1388.99|992.228,598.428|990.273,564.924|1009.87,548.992|1043.6,569.088|978.366,546.408|951.399,555.671
36|1|974.171,911.422|976.229,822.675|978.446,759.565|985.551,640.713|1003.67,661.912|1084.57,684.306|1123.57,857.854|1089.95,894.49|1037.41,857.78|971.539,878.91|1005.55,872.225|964.999,656.476|896.493,655.025|784.579,716.599|868.064,690.275|949.516,669.322|1019.81,675.181|950.831,686.824|1047.03,919.281|1145.34,901.318|1159.89,1581.87|1310.57,2040.76|908.513,904.628|811.582,793.038|735.039,1389.16|599.749,1577.74|989.373,597.693|991.032,566.361|1006.87,547.918|1037.3,563.05|975.34,548.689|943.814,559.422
37|1|952.275,919.141|965.087,828.618|975.034,762.333|986.709,639.175|1003.73,661.516|1082.93,686.84|1125.58,855.755|1083.67,893.585|1036.1,859.625|976.047,878.869|999.17,868.664|965.784,655.51|899.974,657.371|789.313,705.847|879.501,686.654|955.27,662.273|1030.32,675.489|958.77,684.197|1021.29,933.562|1113.06,901.884|1082.39,1515.6|1203.21,1825.15|890.388,906.475|810.751,767.103|683.998,1189.74|525.748,1063.9|992.221,594.708|997.357,566.751|1013.24,548.156|1041.27,562.16|981.879,547.792|948.336,554.907
38|1|955.527,925.351|965.429,831.099|973.084,763.169|985.748,636.371|1002.79,659.274|1081.55,686.141|1127.79,855.661|1070.78,903.746|1039.74,837.977|982.261,886.946|1004.88,870.998|964.461,653.488|899.406,659.174|789.862,701.572|886.459,675.166|959.29,651.456|1040.41,670.153|967.02,675.749|1025.03,936.881|1113.54,938.419|1090.46,1572.38|1197.5,2004.81|893.084,915.261|748.618,869.506|606.147,1462.29|427.706,1628.31|991.636,590.615|999.517,569.163|1013.83,547.643|1039.98,555.489|982.056,548.986|945.34,552.542
39|1|958.931,958.89|966.363,847.279|971.603,769.469|985.362,635.655|1002.84,659.461|1084.52,687.857|1132.28,862.743|1078.33,923.313|1044.57,856.58|977.868,893.143|1009.08,874.26|963.228,654.705|895.95,664.32|784.823,702.599|892.568,662.729|971.453,646.839|1041.46,662.743|983.56,670.298|1028.61,965.014|1108.45,943.849|1101.12,1553.23|1198.22,1954.45|896.352,953.66|772.027,891.132|691.911,1487.67|552.68,1738.47|991.66,587.272|1016.79,582.859|1022.44,553.32|1034.7,542.265|991.524,562.29|939.342,559.976
40|1|958.523,949.422|966.141,843.433|971.849,768.923|983.531,637.436|1000.91,660.591|1081.21,688.8|1167.93,847.42|1091.67,894.888|1040.22,835.141|979.803,889.075|1028.26,879.277|962.12,656.401|898.591,667.387|792.005,698.561|896.113,662.27|971.582,630.752|1054.25,656.891|983.78,667.543|1026.58,957.338|1122.02,929.576|1110.98,1496.61|1194.17,1875.77|897.282,942.558|758.476,894.009|703.707,1471.29|598.109,1768.13|989.187,589.881|1008.48,567.274|1020.92,545.974|1039.25,555.518|989.165,546.231|943.836,549.344
41|1|957.365,950.185|966.191,842.487|972.419,767.655|986.306,636.911|1003.19,660.274|1083.72,687.197|1161.54,851.518|1105.92,902.829|1060.51,840.68|993.4,874.048|1022.04,878.631|964.668,655.508|900.395,665.495|795.737,698.055|899.729,659.127|971.949,628.639|1055.72,656.762|983.136,667.331|1024.81,957.553|1118.8,934.94|1100.33,1484.49|1173.3,1853.76|896.806,943.824|753.909,907.401|713.566,1473.05|621.174,1770.53|992.839,589.611|1006.58,579.069|1020.06,554.289|1042.57,554.199|987.738,556.173|946.02,551.644
42|1|960.455,948.416|969.705,839.979|976.296,764.707|991.795,633.555|1008.45,657.273|1088.53,687.548|1177.12,843.123|1108.21,877.295|1055.52,817.242|996.124,868.632|1038,876.224|969.848,651.932|905.954,661.645|803.823,691.602|911.386,650.485|983.835,618.864|1067.53,648.061|990.664,659.265|1028.23,956.64|1129.33,930.697|1103.99,1474.81|1171.04,1843.81|899.608,941.287|757.544,909.104|721.72,1479.49|634.004,1795.04|999.015,586.1|1010.66,575.043|1023.62,549.542|1047.58,548.466|991.056,552.772|950.199,549.879
43|1|959.107,944.784|969.281,837.935|977.5,760.672|989.812,631.216|1006.78,654.148|1086.44,681.362|1175.28,821.961|1101.74,849.095|1047.73,792.852|1002.72,856.302|1038.69,864.073|968.576,649.928|907.011,660.741|816.831,685.809|917.721,644.884|985.918,595.418|1077.8,625.442|996.313,651.787|1024.51,955.527|1136.18,932.47|1101.86,1443.01|1169.26,1774.69|900.197,935.346|778.93,878.269|742.015,1408.9|672.811,1677.88|995.805,584.266|1012.08,569.612|1028.37,548.652|1049.54,556.222|996.504,545.636|955.273,539.745
44|1|966.536,953.42|973.448,843.081|980.466,759.526|991.032,630.329|1008.24,653.027|1088.15,679.341|1177.16,808.945|1110.17,825.812|1047.35,778.245|1008.84,843.242|1041.98,853.968|970.123,649.102|907.435,660.518|830.339,685.579|926.956,645.135|994.781,591.359|1081.93,621.691|1002.77,642.521|1031.14,962.207|1131.03,937.666|1107.68,1435.09|1184.71,1736.39|908.184,945.718|789.598,889.829|762.485,1409.16|692.193,1647.96|996.403,583.478|1009.84,570.327|1024.51,547.401|1047.25,550.949|992.522,547.421|952.091,543.252
45|1|966.563,953.414|973.479,843.078|980.5,759.525|991.076,630.331|1008.28,653.03|1088.19,679.351|1177.2,808.878|1110.21,825.582|1047.39,778.026|1008.87,842.964|1042.02,853.817|970.166,649.102|907.487,660.515|830.443,685.599|927.113,645.181|994.979,591.49|1082.07,621.952|1002.83,642.627|1031.17,962.206|1131.14,937.749|1107.71,1435.07|1184.73,1736.36|908.214,945.706|789.988,889.888|762.981,1409.24|693.063,1648.19|996.452,583.481|1009.93,570.302|1024.57,547.367|1047.27,550.906|992.587,547.415|952.111,543.293
46|1|930.898,915.973|958.955,820.492|977.668,744.957|993.666,624.416|1009.02,646.573|1082.42,676.888|1148.51,801.167|1099.23,808.574|1038.19,765.183|1016.67,833.691|1023.22,847.445|972.979,640.945|914.092,650.846|866.212,673.476|951.9,624.363|999.155,605.767|1083.69,630.3|1011.58,607.731|990.551,929.741|906.058,923.94|908.31,1377|894.689,1631.66|878.36,904.047|749.647,897.077|678.617,1372.11|573.37,1559.37|1000.64,580.55|1016.09,556.739|1019.89,534.072|1035.2,536.111|992.425,543.212|949.711,557.414
47|1|964.614,938.314|977.405,826.151|986.84,742.761|999.12,619.442|1015.32,641.092|1090.89,671.114|1177.65,793.729|1132.35,820.966|1069.84,780.993|1019.2,830.8|1032.46,844.65|978.528,638.09|913.869,651.755|854.243,664.387|955.299,617.314|1009.22,600.391|1101.05,624.118|1021.77,601.787|1020.33,946.351|1014.88,974.659|971.964,1375|983.903,1555.46|914.739,931.29|823.039,968.491|770.747,1390.9|675.313,1524.72|1005.45,574.409|1011.13,573.928|1021.91,545.614|1048.32,533.66|990.602,552.786|953.957,546.299
48|1|964.315,930.029|976.696,818.584|987.301,738.5|1001.92,616.775|1017.52,638.041|1091.39,668.069|1188.27,796.521|1158.07,831.361|1101.38,800.428|1036.38,825.424|1048.94,842.119|980.991,635.615|915.699,650.718|846.171,666.139|958.397,615.521|1015.47,600.128|1103.54,620.428|1023.52,606.119|1018.26,937.57|1041.66,1003.33|998.194,1348.62|1022.54,1539.36|915.747,923.401|828.593,988.622|805.478,1348.77|730.312,1509.86|1009.69,572.286|1013.49,572.675|1020.09,542.101|1046.02,524.568|989.682,554.451|953.173,552.616
49|1|963.402,917.642|975.647,808.762|987.557,731.375|1005.26,612.25|1019.68,633.047|1089.2,660.548|1186.12,791.941|1177.1,834.887|1128.57,815.239|1070.97,822.835|1074.69,842.12|984.335,630.854|919.921,645.248|855.486,660.949|970.965,612.001|1034.53,590.03|1122.87,618.955|1036.57,609.844|1015.73,924.543|1048.87,1012.68|1003.82,1307.66|1030.62,1499.91|916.022,911.547|822.942,968.038|817.699,1273.75|753.738,1439.31|1014.79,568.747|1011.51,578.774|1018.05,546.391|1048.36,520.881|988.086,560.114|956.821,552.694
50|1|964.435,915.208|976.042,807.254|988.175,730.878|1006.84,613.367|1020.65,633.583|1087.98,659.062|1175.25,796.679|1176.91,849.932|1146.88,830.152|1103.33,828.357|1093.45,843.724|986.085,632.122|924.056,647.362|858.296,655.993|979.577,612.796|1048.45,585.742|1134.34,619.449|1045.61,612.368|1016.15,921.51|1051.71,1015.02|1006.62,1279.7|1029.68,1471.48|917.494,909.638|825.312,966.72|831.919,1241.88|778.094,1407.42|1017.12,570.501|1012.15,578.564|1023.35,547.636|1057.28,527.666|991.676,556.913|961.996,546.087
51|1|964.613,915.907|976.128,808.096|988.253,731.854|1006.88,614.544|1020.63,634.68|1087.96,659.747|1175.63,796.603|1182.68,861.562|1155.92,840.325|1117.68,834.457|1100.73,845.903|986.191,633.312|924.601,648.156|860.758,655.306|983.971,612.52|1053.74,586.057|1135.79,617.764|1050.4,614.697|1016.22,922.127|1057.23,1017.89|1010.03,1270.14|1031.37,1461.69|917.756,910.409|842.759,977.091|847.602,1238.18|803.658,1406.92|1017.18,571.769|1023.02,574.903|1029.48,543.94|1054.09,524.683|999.067,556.151|961.112,552.134
52|1|966.671,914.503|977.09,808.143|989.129,732.318|1008.12,616.378|1021.21,636.101|1087.08,659.082|1184.76,785.771|1200.32,852.272|1167.01,840.844|1127.47,835.918|1118.1,848.949|987.911,635.09|928.376,647.302|868.348,654.192|994.731,614.555|1064.26,588.362|1143.71,615.909|1060.93,619.873|1017.24,919.54|1071.7,1031.47|1019.44,1273.27|1041.64,1463.07|920.557,910.053|858.445,1012.76|859.055,1260.54|821.577,1432.55|1018.83,574.171|1023.29,576.056|1031.88,546.259|1058.21,529.98|1001.08,556.235|964.72,550.885
53|1|966.776,911.968|977.419,808.282|989.076,733.268|1007.99,619.042|1020.64,638.327|1085.29,660.941|1184.92,782.655|1212.16,853.382|1177.14,841.003|1136.92,837.019|1131.35,851.605|988.22,637.617|930.891,648.314|881.411,652.752|1010.64,614.948|1078.23,593.111|1158.23,620.022|1074.62,621.654|1016.2,916.438|1085.47,1071.16|1027.14,1305.63|1048.54,1494.52|921.644,908.023|888.493,1089.86|872.033,1317.61|843.67,1490.61|1018.77,577.517|1023.14,577.278|1033.46,548.994|1060.31,536.333|1002.58,556.739|967.086,550.811
54|1|963.275,912.796|975.562,810.174|988.814,736.203|1008.85,623.95|1021.14,642.757|1085.2,661.986|1185.24,780.984|1212.71,852.986|1180.55,842.984|1143.6,837.775|1136.45,852.43|989.047,642.421|930.651,652.738|886.495,651.971|1018.11,614.85|1084.06,599.208|1167.65,624.128|1077.2,623.495|1012.03,917.884|1086.29,1051.87|1024.59,1272.26|1049.14,1454.46|918.696,908.278|910.753,1009.66|890.2,1235.01|867.771,1400.79|1020.14,583.227|1022.03,574.577|1032.59,548.016|1060.96,541.199|1001.86,555.594|968.326,555.859
55|1|964.68,913.32|976.657,810.15|989.953,735.962|1010.89,623.332|1022.97,642.145|1086.85,663.738|1174.47,793.671|1201.98,872.825|1177.8,849.241|1147.43,837.534|1131,850.031|990.941,641.951|933.727,651.868|898.893,650.648|1035.9,615.193|1103.33,597.524|1187.01,627.076|1107.53,618.32|1013.62,918.083|1086.28,1050.05|1024.84,1262.56|1046.74,1443.91|919.881,909.095|881.611,996.527|875.907,1221.67|845.476,1384.9|1022.67,582.48|1025.87,572.118|1035.09,545.25|1062.19,538.4|1004.47,554.053|969.495,556.792
56|1|965.152,914.305|977.118,811.023|990.497,736.817|1012.18,624.204|1024.08,643.057|1087.53,665.267|1172.94,797.436|1200.65,878.749|1177.97,853.109|1149.21,838.039|1130.19,849.955|992.158,642.776|935.5,652.313|904.518,651.468|1043.71,616.973|1112.13,599.368|1195.26,632.813|1117.02,619.792|1014.11,919.006|1089.93,1050.4|1026.33,1262.48|1048.05,1443.97|920.326,910.135|891.975,1004.4|881.03,1224.93|851.28,1388.5|1024.3,583.39|1030.99,570.585|1041.66,545.088|1067.25,542.305|1010.54,551.381|973.449,553.343
57|1|965.285,914.871|977.277,811.673|990.694,737.552|1012.59,625.091|1024.42,643.928|1087.78,666.473|1172.19,799.406|1199.26,880.77|1176.85,854.572|1148.35,838.591|1129.12,850.552|992.566,643.623|936.145,653.071|906.479,652.56|1046.67,618.531|1115.9,601.291|1199.48,635.169|1121.1,622.331|1014.18,919.572|1090.97,1051.3|1026.75,1262.82|1048.61,1444.11|920.507,910.701|896.713,1016.57|884.266,1227.89|856.642,1391.25|1024.8,584.349|1031.53,572.618|1041.97,546.802|1067.42,543.016|1010.92,553.388|973.758,554.843
58|1|967.585,920.307|978.553,817.054|991.137,742.72|1013.06,630.216|1024.87,649.239|1088.38,670.67|1169.66,805.431|1190.23,895.101|1176.91,856.965|1151.52,840.164|1127.38,849.174|993.083,648.502|936.426,656.765|912.945,653.475|1050.88,622.366|1126.37,614.883|1200.31,648.338|1128.38,633.16|1016.38,924.479|1099.12,1065.45|1033.44,1280.78|1055.9,1464.85|922.891,916.62|908.51,1058.23|888.966,1266.84|865.233,1435.09|1025.17,589.522|1037.89,573.571|1043.26,547.826|1062.11,543.805|1014.08,557.682|972.267,565.995
59|1|970.416,929.144|980.468,823.628|992.713,746.972|1015.17,630.626|1026.97,650.52|1091.23,674.952|1170.15,815.527|1195.18,910.249|1181.01,863.555|1153.56,841.827|1131.17,853.92|994.995,649.185|938.143,657.574|928.69,656.519|1073.95,623.845|1149.48,624.753|1233.96,665.459|1159.61,643.432|1019.84,931.857|1113.49,1115.16|1042.9,1340.76|1070.6,1531.81|924.932,926.786|917.432,1135.57|887.987,1341.97|869.369,1518.61|1027.63,588.556|1034.09,570.33|1042.84,545.16|1067.81,544.199|1012.1,553.332|974.552,561.307
60|1|976.326,930.623|986.072,828.608|997.153,753.865|1012.35,638.686|1025.92,658.629|1093.03,681.608|1169.08,818.334|1191.35,911.834|1180.61,868.128|1157.57,845.044|1133.27,856.659|993.128,656.533|928.676,662.15|891.208,723.8|1023.67,720.011|1072.42,704.703|1143.96,688.681|1092.11,670.804|1024.41,933.726|1104.75,1155.64|1041.07,1378.56|1068.49,1559.81|932.242,927.908|924.632,1165.27|892.185,1374.25|875.753,1542.33|1020.99,596.946|1035.17,571.539|1045.23,551.783|1064.42,561.121|1015.96,554.461|975.609,563.067
61|1|978.036,929.08|987.112,828.15|997.707,754.52|1011.61,640.494|1025.64,660.176|1093.59,682.557|1169.12,818.716|1187.13,913.768|1179.27,870.297|1158.45,846.509|1133.67,857.278|992.441,658.263|925.955,662.989|872.188,744.289|989.256,764.932|1035.68,740.642|1101.33,715.788|1054.67,699.6|1025.72,932.031|1096.01,1150.66|1037.45,1363.88|1062.89,1542.46|934.364,926.505|926.433,1108.14|902.402,1325.99|882.56,1495.47|1019.43,599.133|1038.13,570.41|1049.01,553.284|1065.21,567.893|1020.19,552.905|977.849,561.211
62|1|1022.17,936.627|1003.49,831.618|1003.21,756.048|1007.7,641.051|1021.11,666.178|1092.95,698.176|1158.47,857.308|1229.11,925.376|1284.93,962.692|1292.48,1016.25|1252.49,970.721|991.859,651.336|938.319,635.984|947.067,665.926|1111.92,624.481|1181.17,648.514|1264.38,696.775|1183.81,671.886|1069.46,967.641|1390.35,1100.04|1326.6,1634.89|1580.82,2038.74|977.277,907.291|1289.74,901.475|1364.33,1467.11|1667.75,1716.85|1014.18,600.408|1037.74,576.638|1048.24,557.122|1061.88,568.052|1018.51,556.906|971.683,561.025
63|1|1022.2,937.77|1003.51,831.949|1003.55,755.778|1008.92,639.843|1022.19,665.195|1093.83,698.323|1158.49,858.656|1229.22,928.288|1285.38,965.6|1292.84,1018.59|1252.9,972.028|992.953,650.191|939.41,634.943|948.326,667.64|1114.35,629.302|1185.07,654.126|1270.02,705.036|1189.61,676.866|1069.55,968.907|1392.58,1102.43|1328.14,1640.91|0,0|977.217,908.302|1292.83,903.157|1368.63,1472.63|1675.34,1727.14|1015.75,598.924|1044.37,567.887|1052,549.845|1061.18,565.024|1023.1,550.157|972.184,560.407
64|1|1022.89,942.767|1003.61,834.1|1003.67,756.154|1009.06,637.464|1022.34,663.232|1093.31,699.445|1189.29,844.225|1276.82,887.135|1326.07,953.643|1290,1021.94|1252.98,978.406|993.027,648.242|939.562,634.101|952.056,673.663|1122.81,639.418|1198.1,666.057|1288.14,722.063|1199.58,686.369|1070.65,973.882|1399.47,1106.17|1336.28,1657.67|0,0|977.433,913.262|1268.34,893.192|1360.14,1508.8|1687.04,1806.04|1016.04,595.668|1048.45,572.57|1053.16,550.348|1058.86,556.632|1024.63,554.276|969.873,561.743
65|1|1023,942.92|1003.74,834.266|1003.83,756.318|1009.35,637.617|1022.58,663.397|1093.42,699.821|1190.45,843.529|1278.12,883.667|1327.9,949.518|1292.25,1017.69|1254.79,974.728|993.32,648.386|939.97,634.277|952.779,674.332|1123.67,640.572|1199.09,667.524|1289.16,723.977|1200.1,687.35|1070.68,974.039|1399.34,1106.45|1336.19,1657.25|0,0|977.624,913.41|1271.2,894.667|1366.9,1507.98|1695,1801.66|1016.38,595.824|1048.65,573.642|1055.2,552.109|1061.77,559.677|1026.24,554.09|972.139,558.872
66|1|1023,942.922|1003.74,834.269|1003.84,756.322|1009.35,637.62|1022.58,663.4|1093.42,699.826|1190.46,843.52|1278.13,883.625|1327.92,949.465|1292.28,1017.64|1254.81,974.677|993.322,648.389|939.975,634.282|952.793,674.349|1123.68,640.597|1199.11,667.556|1289.18,724.017|1200.11,687.385|1070.68,974.041|1399.33,1106.45|1336.19,1657.24|0,0|977.626,913.413|1271.22,894.683|1366.96,1507.97|1695.06,1801.61|1016.38,595.827|1048.66,573.657|1055.22,552.126|1061.78,559.695|1026.25,554.097|972.154,558.861
67|1|1012.25,936.167|995.513,829.847|993.704,754.435|1005.59,635.266|1016.81,661.159|1085.82,699.286|1185.61,837.973|1277.18,887.81|1292.01,926.474|1292.79,982.822|1258.42,930.483|989.574,646.261|943.956,636.451|962.182,680.242|1128.45,672.026|1211.73,682.517|1287.8,745.723|1211.16,716.744|1060.79,963.509|1366.93,1088.29|1317.08,1614.78|1561.64,1984.13|966.151,910.318|1239.01,898.357|1339.57,1479.6|1636.49,1717.87|1014.94,593.489|1052.27,576.812|1052.35,551.894|1051.86,549.804|1026.21,560.169|968.144,567.469
68|1|1008.72,940.49|992.445,833.389|990.889,757.127|1002.3,637.828|1013.54,663.348|1081.74,701.261|1195.68,823.903|1294.96,853.054|1302.59,922.631|1316.71,1012.43|1264.58,949.81|986.406,649.326|941.93,639.922|964.242,683.451|1127.33,677.375|1214.65,682.672|1291.24,746.861|1208.5,723.516|1056.64,965.778|1356.85,1071.96|1317.9,1578.08|1550.94,1909.45|963.165,916.567|1216.68,899.603|1302.78,1470.41|1567.84,1704.57|1011.42,595.942|1058.12,574.098|1060.13,553.778|1053.59,562.064|1034.97,554.716|972.841,558.458
69|1|1008.19,939.886|992.734,833.058|991.976,756.732|1004.61,637.538|1015.63,663.038|1084.13,701.171|1197.77,821.573|1291.84,843.773|1303.65,913.622|1318.36,1007.26|1266.45,948.466|988.561,649.06|944.068,639.945|965.574,685.041|1127.83,681.232|1214.85,686.798|1291.94,749.497|1208.2,728.211|1055.9,965.04|1353.87,1071.67|1312.67,1571.86|1540.78,1897.01|962.852,916.102|1207.95,898.036|1263.63,1463.59|1507.33,1706.66|1014.13,595.692|1056.3,575.926|1063.03,557.221|1061.54,567.865|1036.43,554.475|978.6,553.099
70|1|996.575,923.307|989.766,824.352|990.606,754.026|1004.69,637.757|1017.04,662.032|1086.83,697.725|1191.63,810.634|1266.74,834.749|1296.55,909.887|1342.81,995.575|1266.38,946.244|987.057,649.806|943.734,641.884|978.852,688.194|1132.81,686.486|1217.58,691.641|1294.87,747.746|1211.59,734.979|1051.46,945.589|1303.01,1061.91|1288.77,1579.35|1485.56,1929.54|945.419,902.699|964.929,867.254|1046.45,1323.83|1151.72,1359.23|1013.78,596.446|1055.71,574.642|1065.71,561.066|1064.22,579.104|1040.27,552.568|986.22,547.99
71|1|996.438,923.94|990.154,823.561|991.331,752.955|1009.66,636.08|1021.91,661.275|1092.94,701.855|1194.75,815.638|1265.22,826.26|1293.81,904.521|1342.47,978.154|1266.64,933.48|990.844,647.243|944.28,637.859|977.347,688.972|1134.95,685.682|1225.23,688.078|1303.4,751.888|1213.57,734.868|1053.57,948.589|1301.41,1069.98|1288.17,1646.67|1514.82,2065.05|943.231,901.159|952.75,876.825|991.71,1278.47|1046.16,1154.51|1020.12,594.659|1058.34,577.704|1062.73,555.491|1063.39,559.099|1035.77,558.028|978.695,559.651
72|1|998.447,924.484|991.932,823.868|992.833,753.317|1010.09,635.776|1022.68,660.994|1095.15,700.633|1194.76,812.713|1261.4,811.141|1288.93,888.003|1338.33,959.558|1265.72,919.249|991.272,647.101|944.261,637.973|977.361,689.896|1135.31,686.181|1227.04,688.574|1305.16,752.992|1212.63,735.049|1056.37,949.391|1304.35,1073.3|1281.85,1664.24|0,0|944.539,901.481|941.988,894.479|937.244,1531.61|1001.39,1735.69|1020.18,594.105|1057.15,580.981|1064.74,559.17|1067.61,562.894|1036.89,558.995|981.498,554.922
73|1|1001.27,919.493|995.58,821.845|995.489,755.032|1009.41,637.677|1023.08,662.636|1097.82,700.407|1199.89,807.825|1259.81,798.563|1289.15,874.977|1343.81,942.946|1264.73,906.889|990.592,649.102|944.534,638.353|977.846,690.334|1136.12,688.236|1231.04,689.192|1309.13,756.682|1216.27,736.503|1062.29,945.531|1316.32,1077.84|1302.82,1710.98|0,0|944.801,895.594|949.384,887.75|974.316,1484.45|1060.37,1598.59|1018.19,595.968|1059.31,581.529|1066.01,560.181|1065.65,565.329|1038.7,559.385|980.647,555.606
74|1|1018.88,900.053|1004.18,811.581|996.886,753.414|1001.25,642.651|1016.4,666.788|1092.87,702.799|1201.2,804.026|1271.48,778.355|1294.04,850.463|1338.39,928.03|1266.28,892.01|983.891,652.541|941.321,637.404|976.036,692.905|1137.63,690.255|1234.53,690.573|1313.05,761.805|1220.05,740.842|1081.63,928.344|1349.45,1104.01|1375.82,1832.65|0,0|960.771,874.047|956.04,913.724|992.119,1531.14|1096.9,1592.8|1006.94,603.076|1062.9,579.223|1065.04,562.443|1051.52,577.315|1041.65,557.921|975.634,557.761
75|1|1017.85,899.246|1004.25,810.747|997.793,752.412|1003.75,641.572|1018.78,665.857|1095.77,701.911|1203.99,799.49|1271.79,763.039|1294.27,831.938|1340.47,911.24|1266.75,878.839|986.042,651.333|942.661,636.047|975.685,692.601|1136.83,690.349|1234.02,690.457|1313.46,762.13|1219.63,739.875|1081.05,927.974|1348.54,1098.98|1387.69,1846.91|0,0|959.402,872.868|951.618,908.65|974.688,1658.13|1106,2030.59|1009.93,601.981|1062.64,580.498|1064.66,561.268|1053.82,571.758|1040.3,559.599|975.119,560.294
76|1|1016.88,899.422|1003.72,810.799|997.597,752.407|1004.12,641.381|1019.21,665.739|1096.63,702.021|1207.38,795.891|1273.41,750.871|1295.48,816.925|1342.67,897.209|1267.41,867.77|986.181,651.112|942.063,635.854|975.482,693.436|1137.89,689.314|1235.57,688.382|1314.56,761.96|1220.68,739.303|1080.68,928.431|1348.28,1094.58|1405.82,1863.1|0,0|957.892,872.805|951.624,897.029|974.292,1557.76|1093.68,1701.11|1010.45,601.726|1051.53,577.112|1066.39,568.274|1066.72,594.544|1040.63,553.707|990.007,546.103
77|1|1016.79,900.18|1004.06,811.472|998.189,753.011|1005.17,642.125|1020.21,666.489|1097.6,702.876|1208.19,793.363|1272.62,740.089|1295.12,802.741|1343.64,884.038|1267.81,857.901|987.15,651.808|942.848,636.42|975.944,693.777|1138.17,689.084|1235.69,688.224|1313.66,762.086|1219.86,737.873|1080.63,929.209|1347.8,1092.75|1402.38,1860.21|0,0|957.809,873.557|944.385,907.452|948.492,1675.72|1064.4,2082.91|1011.63,602.521|1060.7,580.582|1065.5,562.481|1058.54,575.21|1039.88,558.921|977.444,558.188
78|1|1005.78,922.589|998.533,822.217|997.678,753.299|1008.22,637.232|1023.24,661.921|1101.01,698.531|1211.54,787.304|1272.82,737.477|1295.96,802.619|1345.96,878.186|1267.71,852.203|989.162,648.343|938.215,636.155|976.116,694.529|1138.64,689.29|1235.91,687.904|1313.86,762.463|1219.83,738.439|1070.87,947.121|1331.23,1072.63|1369.33,1794.55|0,0|945.635,900.139|963.811,919.923|962.759,1697.49|1066.61,2144.46|1015.65,595.836|1058.16,582.839|1064.06,560.091|1062.84,563.005|1036.48,560.522|976.647,556.606
79|1|1005.76,921.364|997.807,822.693|996.339,755.242|1006.29,640.462|1021.29,665.094|1099.22,701.063|1211.92,784.788|1271.4,733.847|1295.64,798.516|1347.52,873.682|1268,848.812|987.43,651.177|937.166,637.411|976.669,694.356|1139.55,688.601|1236.62,687.758|1314.17,762.334|1221.07,737.764|1070.86,946.58|1330.38,1071.23|1380.44,1802.76|0,0|945.611,898.284|952.271,899.065|973.825,1538.25|1062.07,1626.73|1013.56,599.534|1060.69,579.942|1066.31,560.642|1061.36,571.132|1039.86,557.773|978.221,555.796
80|1|1006.82,917.529|998.553,820.086|996.698,753.911|1006.3,639.964|1021.46,664.596|1099.89,700.909|1212.88,782.719|1273.38,729.64|1297.2,794.236|1348.57,869.961|1268.25,845.265|987.392,650.369|936.776,635.751|977.189,692.856|1141.41,684.636|1239.03,684.006|1313.74,762.219|1219.71,734.218|1072.64,943.646|1334.07,1080.76|1396.57,1847.19|0,0|946.039,893.635|952.971,912.734|978.526,1519.18|1058.94,1490.23|1013.46,599.306|1058.46,579.165|1064.9,559.901|1061.95,570.823|1037.82,556.977|977.355,555.35
81|1|1007.75,917.37|999.73,819.587|998.113,753.172|1008.4,638.868|1023.57,663.639|1102.38,700.345|1215.58,781.953|1275.3,727.024|1298.58,791.553|1350.31,867.215|1268.98,842.955|989.289,649.235|938.088,634.37|977.478,692.035|1142.42,683.551|1241.05,682.718|1315.73,762.737|1221.17,733.611|1074.01,943.88|1336.17,1084.19|1405.52,1868.63|0,0|946.598,893.125|954.853,914.029|983.977,1507.34|1064.98,1435.34|1015.78,598.095|1059.68,579.733|1064.42,558.025|1061.93,564.48|1037.09,558.421|975.985,558.54
82|1|1007.49,916.101|999.664,818.594|998.181,752.326|1008.69,638.187|1023.83,662.953|1101.99,700.604|1214.07,787.566|1275.5,734.243|1297.61,798.894|1347.49,875.99|1267.39,850.257|989.549,648.51|938.283,633.603|977.404,691.142|1142.12,682.449|1240.7,681.292|1315.33,761.532|1221.95,732.776|1073.73,942.687|1335.09,1083.54|1398.91,1865.55|0,0|946.368,891.793|947.841,923.422|954.682,1657.41|1027.65,1863.4|1016.14,597.463|1058.03,579.973|1063.8,558.223|1063.18,564.419|1035.99,558.321|976.293,557.492
83|1|1007.51,915.688|999.731,818.245|998.275,752.026|1008.88,637.964|1024,662.739|1101.82,701.048|1211.11,792.656|1273.3,743.149|1293.73,809.177|1341.88,886.453|1263.19,858.299|989.727,648.254|938.477,633.253|977.686,690.542|1142.55,681.62|1241.13,680.146|1316.03,760.208|1223.37,732.037|1073.75,942.327|1335.14,1083.59|1396.83,1865.16|0,0|946.391,891.331|949.153,926.243|956.433,1688.48|1035.9,1966.27|1016.37,597.265|1056.73,579.471|1064.03,558.559|1065.04,566.357|1035.8,557.255|977.591,555.33
84|1|1008.73,913.136|1001.52,815.643|1000.46,749.618|1011.15,634.969|1026.4,659.996|1100.23,700.746|1215.67,796.475|1287.33,735.159|1300.09,774.896|1337.09,873.723|1263.16,856|991.833,645.148|939.816,630.104|978.586,686.932|1144.79,676.904|1244.03,670.983|1315.99,757.922|1219.39,728.972|1076.09,940.93|1344.11,1036.77|1393.07,1800.15|0,0|946.638,887.748|966.224,895.764|981.896,1725.18|0,0|1018.73,594.086|1055.99,578.807|1064.42,556.688|1068.4,562.208|1035.17,556.002|978.487,552.627
85|1|1010.33,914.61|1003.17,816.444|1002.04,750.353|1012.3,635.421|1027.77,660.547|1101.52,700.697|1222.07,794.473|1291.88,724.136|1299.16,761.052|1337.95,861.733|1265.21,844.903|992.879,645.541|940.117,629.489|976.888,681.267|1143.73,667.73|1243.94,659.512|1315.09,748.373|1221.37,721.125|1078.71,942.967|1350.46,1016.45|1399.07,1782.42|0,0|947.347,888.725|961.475,901.839|968.848,1780.26|0,0|1019.74,594.451|1057.8,577.782|1064.01,554.463|1066.9,558.451|1034.9,556.248|976.528,556.247
86|1|1011.61,916.527|1004.5,817.839|1003.37,751.506|1013.27,636.271|1028.94,661.381|1103.84,701.13|1227.13,790.573|1291.85,713.897|1298.91,754.297|1341.7,853.999|1267.22,836.4|993.773,646.486|940.257,630.179|974.924,678.669|1141.24,662.041|1241.62,650.952|1313.71,739.653|1221.88,711.402|1080.52,944.968|1356.15,1010.38|1403.25,1777.38|0,0|948.165,890.582|974.274,902.849|984.268,1794.01|0,0|1020.56,595.189|1054.47,578.159|1063.14,555.558|1069.98,561.225|1033.03,555.896|977.763,554.744
87|1|1025.77,941.215|1010.28,832.807|1005.62,757.462|1013.7,635.88|1028.93,661.648|1105.51,700.642|1234.13,789.878|1303.21,724.668|1299.99,748.835|1339.53,849.729|1266.06,841.399|995.059,647.52|939.787,635.236|976.205,676.826|1143.04,655.674|1239.67,638.196|1307.77,731.772|1223.41,697.43|1092.23,963.669|1362,1019.16|1431.35,1746.06|0,0|963.881,920.525|1011.89,915.562|1057.56,1756.22|0,0|1020.87,592.83|1051.89,577.826|1061.41,554.372|1070.78,558.233|1030.64,555.184|977.024,552.884
88|1|1025.35,939.461|1010,831.342|1005.37,756.268|1013.53,635.106|1028.77,660.854|1105.71,699.735|1234.1,788.942|1304.46,725.782|1300.99,749.765|1339.24,851.406|1265.5,842.219|994.853,646.626|939.482,633.805|975.616,672.766|1142.18,649.65|1238.1,630.796|1304.6,724.45|1221.51,684.979|1091.94,962.042|1373.43,1022.99|1438.73,1745.03|0,0|963.362,918.656|1019.19,917.079|1066.56,1758.97|0,0|1020.7,592.189|1048.37,574.598|1062.2,554.408|1075.09,564.656|1030.93,550.562|981.562,545.941
89|1|1016.01,931.044|1003.66,829.854|999.364,759.257|1014.18,631.277|1028.46,657.594|1108.31,695.007|1215.19,840.112|1266.04,821.345|1300.39,772.787|1322.77,842.149|1255.47,876.597|994.37,644.733|947.284,637.669|973.537,659.942|1137.66,628.316|1236.44,615.118|1307.69,708.437|1216.67,671.219|1085.92,949.033|1358.27,985.188|1418.38,1672.28|0,0|951.588,914.717|993.899,887.546|1045.04,1660.54|0,0|1023.59,586.008|1054.1,574.013|1065.19,550.261|1075.65,553.173|1033.84,549.985|980.815,544.24
90|1|1009.52,924.315|999.355,825.487|994.742,758.045|1013.9,626.991|1028.18,653.219|1108.9,690.27|1158.73,869.121|1172.9,902.678|1231.04,856.483|1282.41,857.352|1233.39,880.354|992.766,641.887|945.653,638.832|974.11,655.528|1131.09,614.472|1232.57,601.737|1303.28,690.05|1213.4,658.847|1081.12,936.936|1338.85,951.795|1388.52,1605.63|0,0|943.974,913.03|957.733,870.039|997.378,1597.02|1108.39,2051.02|1024.45,580.397|1051.14,573.685|1064.44,549.008|1078.48,548.997|1032.22,548.124|981.956,537.731
91|1|1001.73,921|995.266,823.48|992.299,758.744|1015.02,629.65|1028.58,655.925|1108.8,692.038|1146.87,871.807|1144.7,939.967|1200.98,897.647|1258.71,872.002|1203.62,893.6|993.522,643.918|945.875,639.16|974.234,651.701|1126.75,610.276|1221.9,587.737|1298.61,667.869|1208.48,642.775|1072.47,934.659|1327.17,950.443|1357.24,1584.3|0,0|937.133,908.792|959.14,900.313|972.716,1632.22|1073.23,2127.75|1026.69,583.769|1050.14,573.547|1060.57,547.788|1075.85,546.287|1028.68,550.854|979.38,547.061
92|1|1003.4,922.109|995.943,824.624|992.476,759.889|1015.64,630.515|1029.15,656.953|1109.86,692.984|1145.03,874.36|1137.81,962.765|1192.59,922.009|1246.25,882.025|1188.38,903.346|994.06,644.672|946.461,637.573|974.355,646.114|1128,599.251|1222.12,575.775|1294.49,658.161|1205.57,630.129|1074.18,936.613|1335.75,948.556|1354.25,1579.29|0,0|938.675,909.11|962.474,889.953|971.091,1621.7|1069.09,2136.67|1027.49,584.579|1044.06,575.11|1055.35,548.55|1075.79,545.403|1022.8,552.784|977.847,549.551
93|1|1003.1,921.876|995.408,824.118|991.751,759.357|1014.11,629.611|1027.85,656.018|1108.76,692.117|1141.82,874.249|1135.3,969.976|1189.4,929.348|1243.24,888.314|1183.77,906.961|992.563,643.903|944.672,636.845|972.158,642.464|1124.86,592.249|1217.83,566.343|1289.96,648.681|1201.4,618.441|1074.23,936.155|1337.3,948.804|1354.82,1583.22|0,0|938.048,909.084|953.963,887.662|963.589,1623.94|1055.63,2148.31|1025.67,583.527|1042,572.734|1054.15,546.844|1075.1,545.562|1021.39,550.069|976.843,546.817
94|1|1003.66,920.849|995.902,823.187|992.114,758.737|1013.25,628.878|1027.29,655.18|1108.4,691.191|1138.3,874.048|1131.45,977.669|1183.7,937.008|1241.19,894.924|1179.29,910.192|991.786,643.286|943.707,637.087|972.49,639.846|1123.34,584.396|1212.5,554.996|1286.43,639.551|1198.09,608.343|1075.16,934.924|1340.34,954.963|1358.66,1598.1|0,0|938.297,908.25|951.716,896.081|961.514,1645.86|0,0|1024.33,582.725|1033.69,572.964|1048.28,547.242|1074.82,546.086|1014.9,549.625|975.643,544.778
95|1|1016.69,921.434|1002.53,824.741|994.687,759.678|1011.61,627.946|1027.08,653.83|1109.41,689.386|1139.55,875.386|1128.83,988.329|1177.32,947.026|1238.33,901.534|1173.88,915.899|990.114,643.351|938.743,638.365|973.756,633.909|1127.84,574.191|1205.55,545.114|1283.65,633.026|1195.15,597.342|1090.64,928.449|1342.3,914.84|1394.3,1569.21|0,0|949.098,915.311|917.021,853.439|960.498,1577.22|1017.28,2081.27|1020.94,580.982|1031.33,566.468|1046.42,541.963|1072.61,544.94|1012.77,543.366|972.806,541.062
96|1|1006.13,922.555|998.723,826.519|995.527,759.224|1015.03,628.706|1029.75,654.482|1110.49,690.556|1139.36,872.908|1126.74,986.496|1174,947.532|1235.26,904.061|1171.02,916.434|993.451,644.012|942.484,639.86|969.722,628.247|1113.05,551.789|1199.12,527.146|1274.63,598.301|1187.34,583.155|1078.47,931.199|1312.86,891.949|1356.35,1503.38|1608.5,1954.44|940.381,914.977|908.101,837.053|926.889,1502.58|957.41,1899.43|1025.26,582.123|1026.8,566.875|1043.32,542.628|1075.59,545.664|1009.76,544.517|976.546,543.386
97|1|1006,922.42|998.554,826.296|995.328,758.942|1014.68,628.316|1029.45,654.085|1110.28,690.055|1139.4,872.464|1126.92,986.264|1174.16,947.234|1235.41,903.671|1171.14,916.148|993.103,643.663|942.05,639.555|969.011,627.637|1112.07,550.799|1197.7,525.55|1273.39,595.92|1185.72,581.176|1078.41,931.006|1312.57,891.067|1356.5,1503.07|1608.99,1954.66|940.196,914.895|907.054,836.593|925.807,1502.79|955.384,1900.54|1024.85,581.688|1025.89,566.276|1042.21,541.85|1074.76,544.606|1008.65,544.131|975.646,543.491
98|1|1005.21,923.42|997.765,828.067|994.706,759.791|1009.73,627.456|1025.55,653.05|1107.91,688.028|1140.33,872.714|1129.65,995.823|1172.52,954.255|1234.95,904.21|1168.98,918.123|988.473,643.408|937.03,640.069|970.613,625.115|1115.08,547.874|1192.45,515.612|1274.88,596.998|1181.36,582.375|1079.6,931.32|1314.96,866.589|1352.35,1485.15|1603.39,1938.27|937.692,916.544|893.949,809.883|916.526,1476.74|936.535,1863.95|1018.38,580.213|1027.86,569.523|1043.65,544.411|1070.65,545.163|1009.89,545.466|970.755,539.938
99|1|1005.26,921.009|998.273,826.577|995.598,758.744|1013.38,627.283|1028.61,653.157|1110.76,688.293|1139.49,872.937|1126.51,994.883|1170.76,954.767|1234.7,906.822|1168.46,918.728|991.846,642.676|940.612,636.915|972.176,618.48|1117.46,541.479|1194.19,510.028|1275.19,591.672|1179.88,567.227|1079.34,929.569|1308.91,851.35|1347.23,1460.19|1592.68,1892.33|938.029,913.533|890.481,795.528|905.916,1443.7|918.261,1807.29|1023.02,580.39|1027.31,570.255|1043.59,544.681|1074.23,544.256|1009.7,546.553|974.164,541.424
100|1|1006.9,923.289|998.683,828.734|995.268,759.789|1012.88,628.219|1027.95,654.021|1109.75,688.994|1140.07,872.549|1126.94,993.695|1170.94,954.088|1234.11,906.834|1168.27,918.876|991.528,643.777|941.235,639.106|972.724,614.44|1116.59,536.749|1194.73,504.306|1272.91,586.765|1177.52,554.916|1080.41,930.514|1296.68,835.338|1345.07,1427.64|1584.46,1822.65|940.156,917.016|886.878,790.286|908.314,1414.73|918.392,1745.92|1022.55,581.293|1022.67,564.791|1039.69,540.688|1073.19,544.649|1005.89,542.479|973.601,542.124
101|1|1007.36,922.215|999.187,827.496|995.791,758.446|1013.33,626.682|1028.48,652.503|1111.13,685.79|1161.69,863.018|1160.95,980.966|1197.4,928.907|1257.25,864.664|1191.14,888.113|991.921,642.285|941.234,637.562|971.368,611.753|1114.46,532.691|1192.76,498.768|1271.44,581.072|1175.78,546.905|1081.07,929.411|1296.05,825.048|1349.93,1414.11|1593.81,1800.08|940.444,915.971|886.97,786.674|909.055,1410.93|920.701,1745.9|1022.96,579.666|1025.55,560.909|1037.62,535.074|1067.68,535.742|1004.59,541.779|968.855,547.983
102|1|1012.05,925.731|1001.72,828.262|997.117,756.733|1014.62,624.916|1029.55,650.556|1111.12,684.93|1162.14,862.831|1159.17,964.962|1196.07,928.9|1250.94,869.783|1187.38,895.875|993.389,640.86|943.561,637.167|965.63,608.461|1105.58,527.818|1188.56,486.638|1263.54,564.317|1174.19,531.946|1084.2,931.858|1282.46,819.027|1341.91,1384.7|1571.92,1729.36|946.387,920.432|894.954,788.298|924.526,1386.01|938.222,1682.84|1024.33,577.816|1023.52,558.42|1034.9,532.292|1066.7,531.945|1002.28,540.503|968.883,548.785
103|1|1012.25,927.566|1001.85,829.566|997.226,757.374|1013.45,624.929|1028.68,650.427|1110.75,683.867|1162.25,861.991|1159.11,969.192|1195.3,930.037|1248.99,872.531|1185.7,898.699|992.322,641.244|942.192,638.665|962.699,608.995|1099.65,525.638|1184.98,482.253|1259.07,558.332|1173.46,528.017|1084.47,933.416|1283.26,813.692|1337.12,1371.21|1560.92,1707.24|946.519,922.521|897.233,782.296|930.896,1371.38|949.637,1661.79|1022.7,577.571|1029.53,555.375|1039.3,530.018|1065.56,532.022|1006.92,537.759|967.83,547.73
104|1|1015.64,939.894|1002.33,836.541|996.982,757.043|1011.84,623.756|1027.21,648.948|1108.73,683.017|1162.85,859.539|1162.14,971.73|1195.5,931.845|1246.72,874.52|1184.02,901.484|990.966,640.805|941.171,639.764|957.353,607.876|1090.48,519.676|1178.99,477.387|1248.85,550.862|1168.29,527.929|1085.98,944.403|1273.31,826.242|1332.91,1366.71|1549.04,1662.82|951.33,936.04|909.691,799.249|949.749,1373.59|966.122,1635.95|1020.71,576.005|1044.96,545.616|1047.97,522.075|1059.51,528.708|1018.06,530.68|966.33,548.141
105|1|1009.15,932.326|998.477,830.523|994.823,752.218|1009.4,620.671|1024.48,645.579|1105.05,678.644|1164.47,850.409|1170.03,962.139|1199,929.748|1245.72,873.484|1184.16,901.29|988.886,637.485|940.52,636.536|952.307,605.462|1080.23,518.987|1164.99,475.601|1237.3,546.633|1155.85,528.76|1078.41,937.963|1273.39,829.243|1316.11,1352.54|1517.7,1640.93|945.9,927.439|914.999,800.719|951.224,1363.82|977.809,1625.92|1018.21,573.494|1043.44,532.092|1044.7,512.368|1054.24,527.07|1016.1,520.204|964.069,545.917
106|1|1004.08,930.289|994.872,825.555|994.06,743.938|1010.16,616.576|1023.72,640.923|1100.5,672.046|1183.45,820.474|1208,915.916|1213.24,906.174|1229.52,869.517|1168.67,877.481|990.582,632.784|947.932,631.103|949.239,599.694|1069.11,516.062|1150.33,472.105|1215.31,530.849|1134.98,525.371|1067.94,937.531|1247.61,844.879|1286.82,1320.3|1468.75,1553.85|945.428,923.861|936.366,836.793|970.152,1369.82|1010.55,1605.24|1019.88,570.878|1043.5,528.843|1041.74,509.568|1049.66,522.528|1015.45,519.866|965.447,549.407
107|1|1000.32,932.896|992.315,825.634|992.935,740.998|1009.89,615.065|1022.88,638.763|1096.83,671.529|1178.96,820.811|1207.17,899.684|1213.61,894.927|1227.51,877.097|1175.5,887.221|990.555,631.73|947.901,632.335|947.854,596.124|1063.61,515.515|1140.32,465.663|1199.49,514.57|1119.38,519.595|1061.5,938.279|1230.18,874.591|1254.39,1327.83|1409.23,1546.75|944.13,928.159|939.211,885.92|960.395,1402.03|984.093,1622.04|1020.05,569.771|1058.1,552.614|1057.8,527.192|1056.99,524.848|1031.34,536.061|972.24,544.176
108|1|999.957,931.933|992.04,825.039|992.615,740.645|1009.56,614.962|1022.58,638.663|1096.57,671.467|1178.37,820.737|1206.96,901.639|1213.59,897.03|1227.86,878.549|1175.77,888.505|990.203,631.526|947.12,631.974|944.997,595.123|1057.78,513.582|1132.92,462.222|1193.96,510.891|1113.9,518.924|1061.16,937.303|1231.02,877.418|1245.52,1327.36|1393.25,1553.02|943.763,927.21|938.294,889.752|958.243,1401.71|981.663,1630.88|1019.67,569.756|1055.83,555.556|1057.23,529.767|1058.61,526.202|1030,537.852|972.264,542.814
109|1|987.837,933.117|985.89,821.686|993.334,734.482|1011.14,609.103|1024.86,632.241|1096.83,670.37|1170.79,823.851|1204.93,932.525|1216.24,905.752|1226.81,885.318|1177.83,894.908|990.872,626.507|940.424,629.128|932.229,591.262|1033.71,517.333|1103.28,460.742|1171.43,500.052|1086.07,525.399|1045.47,937.269|1187.62,928.654|1187.29,1357.09|1305.82,1537.04|935.096,929.504|926.422,957.294|906.84,1420.47|883.163,1604.09|1021.12,563.683|1042.01,559.71|1050.62,532.373|1066.16,523.99|1019.94,538.326|972.631,533.097
110|1|980.954,926.763|984.177,815.082|992.871,735.03|1011.62,613.495|1024.98,635.117|1093.59,668.879|1153.94,821.393|1176.93,942.5|1206.26,908.435|1225.66,894.851|1176.57,897.275|991.319,631.688|935.567,637.34|925.155,593.609|1023.8,513.217|1076.9,458.127|1049.75,492.985|1060.24,511.399|1033.87,929.381|1146.41,989.116|1129.31,1362.18|1220.59,1531.35|932.555,924.527|916.283,1005|894.396,1378.61|854.798,1550.1|1022.06,569.318|1009.44,595.03|1029.01,566.618|1070.92,543.722|996.481,566.652|975.192,534.053
111|1|977.044,925.263|981.482,814.719|989.814,735.295|1008.37,614.651|1021.89,635.72|1090.62,665.824|1144.03,820.642|1159.07,941.518|1191.94,910.055|1216.54,906.434|1168.95,909.486|987.94,633.298|928.196,638.527|910.422,592.209|1009.21,511.608|1073.45,454.257|1072.06,483.594|1054.09,510.388|1029.1,927.202|1135.96,1037.3|1097.74,1364.07|1167.01,1554.44|929.392,923.641|911.973,1029.28|894.255,1343.18|859.395,1526.64|1018.78,570.739|999.193,575.522|1021.2,550.122|1068.02,542.648|988.805,548.948|973.7,530.4
112|1|976.495,923.902|981.32,814.006|989.173,734.606|1006.68,613.539|1020.55,634.739|1090.24,666.017|1143.02,821.363|1164.63,951.256|1188.35,922.923|1212.63,905.759|1166.75,914.558|986.299,632.14|925.082,638.165|908.281,590.659|985.379,508.982|1053.87,454.228|1071.73,483.28|1044.61,509.652|1028.45,925.75|1130.45,1086.57|1083.33,1387.43|1138.55,1584.24|928.987,922.364|909.25,1065.03|890.527,1348.29|860.45,1534.74|1016.52,569.442|1001.86,575.978|1016.09,546.259|1057.12,529.114|984.495,553.583|962.878,542
113|1|974.86,922.664|979.893,812.735|987.661,733.099|1005.17,612.054|1019.13,633.387|1088.84,665.578|1141.03,821.206|1163.6,953.738|1187.21,926.199|1212.38,906.72|1166.03,915.629|984.731,630.477|922.595,635.959|901.306,588.612|973.739,506.91|1037.88,450.545|1061.4,480.509|1024.2,512.38|1026.91,924.735|1123.42,1097.93|1073.18,1383.78|1119.57,1582.9|927.293,920.923|895.615,1045.77|883.127,1319.91|850.567,1506.69|1014.87,567.951|1006.78,550.387|1025.81,528.388|1064.03,534.473|993.491,528.937|969.335,528.74
114|1|966.063,926.568|976.633,815.497|988.549,734.893|1009.16,613.621|1022.92,635.453|1093.14,667.254|1140.56,825.479|1152.96,958.693|1180.94,933.631|1213.07,913.272|1164.16,918.585|987.929,631.649|921.184,634.695|890.207,585.112|959.8,507.905|1013,449.898|1063,482.806|1005.73,515.35|1018.55,931.721|1114.6,1107.78|1048.1,1380.86|1087.62,1586.4|918.115,922.016|891.026,1029.19|867.447,1305.48|834.012,1496.56|1019.88,569.474|1063.65,516.683|1069.96,510.364|1068.41,548.923|1042.83,501.801|983.426,520.953
115|1|958.692,930.327|972.889,819.877|987.095,739.412|1011.52,618.323|1024.88,640.483|1095.33,670.745|1141.61,829.931|1149.5,960.944|1178.14,936.311|1210.71,917.084|1161.68,922.066|989.415,636.06|920.474,634.297|875.394,585.23|952.799,509.282|971.594,472.205|1058.51,497.609|993.844,500.364|1010.96,936.555|1100.47,1127.88|1024.96,1387.41|1056.96,1592.79|910.904,924.789|896.659,1068.52|859.133,1336.03|824.369,1527.67|1023.67,574.321|1041.45,505.584|1054.74,502.196|1074.64,548.233|1023.71,497.461|980.645,532.822
116|1|943.243,926.637|962.076,818.786|980.87,739.64|1006.69,619.173|1019.14,641.324|1088.94,669.703|1163.87,817.863|1200.35,947.12|1192.05,936.266|1193.55,903.509|1158.56,916.17|984.969,636.592|917.021,633.714|870.709,585.169|941.792,513.178|951.165,496.786|1047.04,505.46|975.958,492.551|993.169,932.885|1087.11,1161.54|998.951,1407.93|1032.35,1604.07|897.034,921|903.423,1132.01|842.301,1394.94|822.721,1585.9|1019.66,575.55|1007.15,501.169|1023.59,496.534|1063.51,537.963|992.655,500.524|970.45,549.347
117|1|948.994,894.01|965.692,808.027|980.789,742.632|997.939,644.424|1007,662.723|1059.86,687.743|1149.08,778.931|1189.89,834.564|1195.98,874.838|1201.41,911.091|1172.18,898.385|982.598,657.912|939.853,657.02|882.85,609.549|943.835,534.938|961.277,504.51|978.279,474.07|980.638,498.383|986.7,898.372|1034.36,1114.8|981.264,1330.72|1015.4,1471.92|913.853,890.027|900.358,1113.97|846.754,1339.86|852.084,1479.61|1007.59,609.165|997.53,547.65|1020.45,551.188|1052.02,596.759|1000.62,545.605|994.929,578.471
118|1|926.235,840.331|953.563,798.799|975.965,747.186|1002.76,646.473|980.206,660.142|904.969,653.285|823.08,589.505|889.018,511.649|926.777,490.134|965.641,496.953|922.938,494.556|1016.08,667.741|1076.91,688.005|1131.7,750.094|1061.66,658.212|1015.23,664.827|978.493,683.114|1026.48,688.89|883.899,836.704|832.386,760.759|812.938,882.846|803.171,860.418|963.431,843.609|942.945,777.927|902.38,912.654|891.622,903.31|1012.96,603.807|998.351,592.721|997.294,569.059|982.293,554.321|1020.31,581.231|1065.03,588.669
119|1|941.409,867.446|961.136,806.947|976.508,743.889|991.536,639.274|971.855,654.214|904.311,649.681|831.259,581.686|901.485,507.028|918.14,479.618|966.384,473.112|940.496,475.983|1006.09,659.803|1068.18,676.945|1117.18,757.937|1048.68,682.316|1009.09,675.004|992.573,664.787|1035.77,679.888|898.752,862.346|844.995,795.737|831.502,928.804|821.572,906.494|979.322,872.076|957.822,819.273|926.707,966.917|920.808,957.303|997.599,597.639|954.796,562.725|959.083,547.329|969.529,559.002|977.099,552.284|1033.98,569.944
120|1|953.263,876.225|969.571,800.446|981.032,734.352|995.569,635.647|977.752,649.902|911.455,646.289|816.384,597.597|905.222,575.889|912.527,539.426|937.493,501.733|928.299,525.279|1008.56,654.297|1065.24,670.204|1125.87,789.097|1051.91,719.721|1015.39,693.41|998.782,656.935|1034.98,677.201|912.13,870.933|870.524,853.419|848.522,1004.1|836.25,993.57|989.933,881.034|962.109,919.246|926.854,1082.28|922.511,1080.12|1000.42,597.914|948.761,544.421|967.551,542.685|1004.27,582.904|970.906,537.417|1020.14,562.404
121|1|946.092,930.833|962.381,822.637|976.458,742.777|1000.69,626.424|1014.12,648.704|1081.69,688.224|1120.93,843.732|1105.4,955.28|1118.19,1014.68|1075.7,1077.82|1062.43,1027.07|978.987,642.245|911.184,644.2|815.043,612.189|874.753,561.225|885.423,542.843|887.243,518.475|894.91,543.833|998.227,940.24|1044.78,1144.7|971.444,1436.89|973.697,1649.48|898.961,922.484|840.334,1084.84|798.968,1381.56|751.523,1568.72|1011.28,584.101|1015.5,565.902|1026.03,542.55|1052.27,543.708|996.014,548.621|961.659,554.891
122|1|946.026,930.536|962.291,822.286|976.344,742.378|1000.49,625.934|1013.94,648.22|1081.58,687.707|1120.85,843.296|1105.31,954.774|1118.12,1014.17|1075.63,1077.37|1062.33,1026.63|978.79,641.778|910.977,643.641|815.083,610.843|875.202,559.341|886.2,540.15|888.773,514.627|896.461,539.864|998.197,939.927|1044.66,1144.41|971.453,1436.9|973.651,1649.68|898.862,922.202|835.365,1079.71|794.661,1380.39|744.434,1567.26|1011.04,583.572|1011.85,559.369|1022.76,537.399|1051.28,542.421|992.783,543.656|960.914,554.738
123|1|947.033,921.949|962.89,815.961|977.536,738.714|1002.75,624.301|1015.93,646.3|1083.09,685.054|1119.21,840.406|1099.51,945.58|1115.99,1010.11|1077.11,1076.03|1062.34,1026.83|980.927,639.935|912.037,639.826|812.749,608.037|889.808,560.955|888.794,541.978|889.061,513.931|895.195,543.307|997.681,930.612|1040.67,1117|971.103,1387.36|979.415,1587.92|901.07,914.234|844.091,1015.18|810.08,1297.13|759.042,1474.08|1013.78,582.667|970.504,566.662|996.281,547.074|1056.07,554.986|968.878,544.937|976.739,541.352
124|1|945.486,922.241|962.13,816.506|977.009,739.761|1000.54,624.627|1014.18,646.554|1082.79,683.3|1118.85,839.174|1102.04,956.312|1115.78,1014.15|1071.48,1074.68|1058.15,1025.41|978.845,640.573|909.336,640.399|814.404,605.886|838.827,550.837|859.451,513.67|863.145,472.503|852.573,501.429|996.039,931.153|1029.24,1124.86|963.583,1379.4|969.68,1578.53|899.661,914.31|813.392,1016.43|786.978,1297.31|728.459,1470.57|1010.8,582.687|982.925,563.572|999.328,539.845|1047.52,539.897|970.046,547.487|960.633,555.826
125|1|943.964,922.918|961.528,816.989|976.528,740.294|996.913,623.754|1011.3,645.457|1081.29,680.389|1115.7,837.687|1087.23,947.721|1114.96,1012.21|1072.28,1075.73|1054.13,1033.24|975.522,640.385|905.5,641.992|809.852,598.901|850.617,525.506|840.571,508.647|853.253,475.518|849.219,510.726|994.74,932.331|1023.23,1130.16|960.678,1369.71|965.078,1567.1|898.042,914.553|814.036,1008.21|789.486,1290.6|730.048,1462.62|1005.93,581.25|977.187,569.374|997.217,545.718|1047.67,545.311|967.159,548.855|959.483,547.123
126|1|943.651,923.275|961.157,817.401|976.056,740.701|996.006,624.208|1010.48,645.855|1081.03,679.615|1113.97,837.567|1068.61,926.743|1048.22,935.86|1039.87,1020.46|979.891,924.93|974.682,640.882|904.456,642.209|806.71,604.683|836.67,535.891|826.758,516.706|831.481,481.859|832.334,514.872|994.403,932.657|1022.4,1134.68|958.487,1368.01|961.443,1565.23|897.758,914.938|821.719,1029.43|793.78,1308.95|739.34,1484.47|1004.81,581.716|977.618,568.56|995.924,544.354|1044.78,542.942|965.955,549.371|956.425,550.474
127|1|944.176,925.565|961.505,818.874|976.382,741.608|995.98,623.953|1010.81,645.768|1082.74,677.45|1114.04,837.457|1068.82,941.897|1053.36,934.401|1038.23,1018.61|981.136,925.44|974.436,640.887|902.505,640.902|800.393,613.062|809.49,565.309|806.378,539.395|809.135,518.374|853.801,497.649|995.266,934.619|1015.54,1137.05|957.171,1365.34|960.321,1563.57|897.926,917.517|816.751,1023.85|793.595,1304.37|737.445,1482.57|1004.57,581.004|975.884,570.766|994.01,545.338|1044.05,541.252|963.779,550.973|954.837,550.334
128|1|943.638,925.419|961.211,819.243|976.117,742.254|994.669,624.955|1009.72,646.588|1082.12,677.387|1113.54,837.25|1056.03,928.28|1042.4,935.663|1042.59,1022.04|970.748,923.508|973.271,641.989|901.301,642.793|795.813,615.057|799.2,567.674|799.334,544.94|807.27,515.352|834.032,490.033|994.525,934.586|1008.5,1141.89|953.982,1361.01|955.846,1556.84|897.592,917.273|804.949,1021.03|785.514,1301.3|728.616,1478.15|1002.76,582.121|971.966,570.321|992.144,546.12|1044.12,545.105|961.922,549.751|955.453,548.293
129|1|941.241,922.906|959.546,817.571|974.749,741.055|993.312,624.565|1008.32,646.154|1080.36,677.245|1110.78,836.396|1043.24,920.953|1036.72,935.861|1048.06,1021.69|963.906,920.617|972,641.385|900.295,642.213|793.271,614.947|794.829,567.156|781.766,534.189|785.413,502.211|821.968,496.922|991.801,932.539|998.845,1136.51|948.654,1345.81|948.435,1539.06|895.542,914.345|792.485,990.949|776.451,1272.18|716.05,1444.13|1001.23,582.004|965.927,568.167|991.327,548.015|1046.95,554.999|962.06,545.307|962.515,539.511
130|1|941.285,923.344|959.176,818.796|974.168,742.592|993.107,627.109|1007.91,648.596|1079.88,678.36|1109.85,836.557|1063.08,949.986|1071.56,922.89|1061.66,1004.92|989.819,920.868|971.876,643.7|900.552,642.574|792.347,614.608|771.615,565.595|783.586,530.632|777.24,494.375|808.678,492.856|991.423,932.626|1002.34,1136.08|949.792,1343.56|949.612,1534.84|895.924,915.09|807.498,1010.49|784.656,1288|726.443,1461.22|1001.14,584.948|972.223,573.106|983.381,546.205|1029.37,536.051|955.81,559.269|946.291,567.984
131|1|939.293,923.954|956.65,820.183|971.496,744.497|989.161,628.26|1004.32,649.659|1076.73,678.93|1110.15,837.243|1068.15,956.603|1067.75,932.459|1058.02,1015.22|994.685,923.746|967.998,645.2|896.004,643.445|782.544,618.458|766.568,573.883|761.454,540.05|757.959,503.065|794.802,493.314|989.18,932.338|1002.11,1150.6|949.382,1348.91|951.16,1536.74|894.034,916.49|810.999,1034.46|787.797,1307.6|730.99,1480.97|996.702,585.825|968.514,566.674|985.934,542.982|1034.94,543.898|956.158,549.757|946.94,557.098
132|1|941.635,930.377|957.088,824.384|970.361,746.555|987.328,628.978|1002.83,650.446|1076.56,679.299|1110.75,839.704|1067.91,961.673|1066.63,937.637|1056.02,1021.57|995.596,924.458|966.024,646.317|893.063,645.14|775.914,620.695|765.622,575.293|746.767,546.866|740.007,515.433|788.771,505.492|992.497,937.749|1014.08,1173.47|958.175,1374.38|959.544,1563.91|895.477,923.835|833.976,1093.39|807.187,1362.11|761.592,1543.03|994.666,586.052|967.828,569.559|986.25,545.376|1035.31,545.762|955.639,550.83|945.187,554.642
133|1|938.967,930.445|955.967,824.558|970.247,746.501|986.607,628.354|1002.25,649.842|1076.16,678.934|1110.53,839.789|1068.04,965.282|1065.4,943.286|1054.11,1027.32|997.447,926.048|965.38,645.829|892.305,645.732|773.387,620.959|752.555,574.592|734.793,547.147|731.14,513.448|773.205,508.125|989.853,938.661|1016.51,1189.72|957.208,1393.05|959.595,1581.25|892.82,923.144|841.996,1122.86|810.104,1391.45|771.305,1573.3|993.687,585.209|963.353,572.494|982.59,547.721|1034.04,546.006|952.225,552.663|944.776,553.108
134|1|933.45,927.01|952.909,822.26|968.745,744.813|986.425,626.936|1001.89,648.605|1075.31,679.25|1110.23,840.403|1068.55,967.252|1064.96,945.489|1053.11,1029.58|998.351,926.836|964.939,644.183|891.544,644.625|768.339,624.669|750.082,580.634|732.822,554.474|732.405,518.881|764.454,509.482|984.083,936.619|1008.5,1197.09|947.07,1398.32|948.531,1584.61|887.617,918.461|838.977,1138.26|802.651,1402.47|764.252,1581.63|993.964,583.874|958.436,572.11|981.918,549.271|1037.84,551.488|951.793,549.674|950.308,544.971
135|1|932.352,927.958|951.944,822.676|967.856,744.943|985.11,626.707|1000.76,648.394|1074.76,679.058|1110.46,840.825|1067.87,966.801|1064.93,944.103|1053.62,1028.96|997.113,925.812|963.597,644.076|889.842,645.32|766.24,624.019|752.001,576.948|729.499,550.121|727.907,519.527|761.934,511.791|983.205,937.659|998.99,1198.21|942.981,1389.57|942.31,1575.27|886.326,919.328|805.607,1104.87|780.398,1369.64|734.021,1549.64|992.436,583.498|956.188,577.23|977.393,551.793|1033.28,547.403|947.213,554.918|944.895,548.659
136|1|932.53,926.878|951.728,821.605|967.45,744.544|985.689,627.601|1001.16,649.305|1075.16,679.155|1110.55,840.304|1066.03,961.694|1063.6,943.894|1054.73,1029.76|994.647,923.903|964.041,644.604|890.352,644.43|763.389,628.599|733.698,593.54|717.462,557.101|698.477,517.819|750.914,525.92|983.237,936.431|984.918,1173.72|939.988,1355.24|937.515,1541.52|886.631,918.379|772.14,1009.88|762.218,1278.36|702.366,1453.04|993.269,584.862|953.688,575.028|974.972,549.916|1032.65,547.059|945.344,553.901|945.783,551.097
137|1|932.37,926.79|951.525,821.531|967.206,744.481|985.302,627.562|1000.8,649.24|1074.82,679.005|1110.34,840.075|1065.7,961.29|1063.24,943.462|1054.37,1029.28|994.312,923.522|963.68,644.585|890.003,644.54|763.097,629.588|733.656,595.165|717.876,559.66|698.879,521.931|753.418,529.457|983.071,936.32|983.632,1172.45|939.396,1354.75|936.481,1541.25|886.478,918.313|764.863,1000.3|753.476,1274.09|688.57,1447.03|992.825,584.831|952.521,574.323|973.636,549.17|1031.61,546.34|944.164,553.577|945.14,551.685
138|1|930.981,925.841|951.288,820.273|967.416,743.74|983.241,626.519|999.121,647.974|1073.01,678.375|1110.24,839.126|1064.63,958.011|1061.34,942.825|1055.19,1029.56|991.523,921.634|962.034,643.831|888.68,645.337|764.271,630.54|752.092,587.508|719.903,574.143|705.169,533.167|751.585,525.583|981.743,936.453|977.433,1146.86|939.026,1324.01|933.92,1512.19|885.175,916.414|763.017,950.454|754.462,1229.73|683.417,1393.55|989.753,583.643|948.994,574.66|970.585,549.757|1028.86,546.804|941.309,553.271|943.085,549.444
139|1|929.392,922.632|950.242,818.888|964.209,742.944|980.797,627.295|996.511,648.79|1070.36,677.066|1109.61,836.013|1064.86,954.98|1061.06,943.679|1055.36,1029.84|991.907,922.047|959.56,644.127|886.492,644.188|763.577,634.074|727.831,610.911|713.897,582.041|698.326,552.051|735.568,547.784|979.524,934.777|945.06,1113.42|920.476,1304.21|904.641,1492.44|884.719,911.955|749.707,942.711|747.19,1210.04|667.819,1360.84|987.325,584.979|948.5,573.942|969.379,549.137|1026.2,546.808|939.977,553.461|939.966,551.993
140|1|929.213,923.615|950.25,819.386|964.347,743.073|980.735,626.817|996.543,648.367|1070.7,676.698|1110.07,836.463|1065.6,956.153|1060.37,943.521|1055.16,1030.18|991.332,921.753|959.47,643.78|886.18,644.37|763.803,633.862|729.643,608.771|711.023,584.691|695.388,555.839|727.863,550.849|979.558,935.863|938.043,1101.83|913.965,1298.63|895.724,1488.28|884.356,912.847|752.544,935.628|751.155,1200.45|671.673,1349.71|987.199,584.27|950.215,578.161|967.749,550.94|1022.29,541.888|938.529,558.607|935.771,556.83
141|1|930.327,921.246|951.004,819.134|964.56,744.471|979.513,630.44|995.307,651.479|1068.97,677.945|1110.16,834.597|1059.56,945.202|1059.23,942.59|1056.48,1027.73|986.988,918.311|958.763,647.206|886.588,647.883|759.86,642.592|757.041,621.414|728.304,605.457|707.133,573.283|731.318,562.111|979.651,933.44|929.957,1090.07|911.876,1283.59|892.282,1467.24|886.426,910.532|734.788,933.354|742.474,1190.27|661.621,1330.96|985.319,588.749|946.443,574.891|966.195,550.402|1022.15,548.565|937.434,556.193|937.531,558.448
142|1|930.37,921.296|951.045,819.047|964.602,744.334|979.425,630.208|995.284,651.242|1069.13,677.621|1110.45,834.523|1059.49,945.042|1059.22,942.531|1056.25,1027.75|986.817,918.016|958.649,647.025|886.301,648.039|759.105,644.924|755.111,625.183|725.371,611.206|701.681,582.422|727.644,568.347|979.771,933.487|929.653,1090.46|911.924,1283.3|892.355,1467.1|886.395,910.584|740.605,935.49|746.326,1192.31|667.404,1335.03|985.194,588.48|944.878,575.474|964.761,550.713|1021.63,548.197|936.122,556.57|937.353,558.213
143|1|930.334,921.302|950.99,819.082|964.527,744.383|979.277,630.284|995.141,651.304|1068.96,677.644|1110.26,834.463|1059.26,944.804|1059,942.246|1055.99,1027.4|986.651,917.728|958.521,647.106|886.204,648.217|758.87,645.684|754.942,626.255|725.27,612.484|701.663,583.9|727.493,569.634|979.718,933.484|929.428,1090.19|911.857,1282.99|892.273,1466.67|886.377,910.598|739.542,935.295|745.89,1191.85|666.736,1334.21|985.014,588.568|944.425,575.696|964.272,550.897|1021.26,548.219|935.703,556.82|937.169,558.434
144|1|935.166,926.297|955.335,821.916|966.307,745.39|978.377,629.229|994.797,650.187|1068.85,676.972|1110.01,834.423|1059.98,946.933|1059.64,942.403|1056.2,1027.94|987.382,918.454|958.005,646.686|885.628,650.328|757.717,648.903|726.976,629.231|704.798,625.681|697.039,609.924|704.553,592.833|985.015,938.791|909.483,1071.97|910.465,1278.03|883.21,1464.95|891.208,915.42|719.251,917.066|742.238,1175.94|657.306,1312.22|982.973,586.722|935.743,578.773|959.171,555.185|1021.07,553.792|931.479,556.479|940.233,549.89
145|1|935.183,926.29|955.339,821.93|966.299,745.423|978.327,629.29|994.751,650.237|1068.81,676.989|1110.02,834.422|1059.97,946.888|1059.58,942.294|1056.17,1027.84|987.333,918.399|957.964,646.75|885.6,650.468|757.742,649.52|727.125,630.212|705.156,627.224|697.755,612.246|705.364,594.517|985.021,938.777|909.34,1071.5|910.238,1278.22|882.843,1465.17|891.234,915.418|719.024,917.415|742.239,1176.07|657.333,1312.29|982.908,586.793|935.834,578.813|959.069,555.093|1020.82,553.442|931.353,556.657|939.868,550.348
146|1|935.165,926.286|955.298,821.952|966.238,745.457|978.199,629.347|994.627,650.281|1068.67,676.996|1109.93,834.367|1059.85,946.758|1059.41,942.114|1056.02,1027.64|987.203,918.275|957.855,646.811|885.521,650.574|757.549,649.635|726.584,630.247|704.354,627.194|696.661,612.222|704.74,594.596|984.987,938.758|909.19,1071.08|910.106,1278.24|882.642,1465.18|891.23,915.428|718.859,917.452|742.191,1176.03|657.278,1312.15|982.748,586.86|935.686,578.973|958.77,555.151|1020.45,553.24|931.074,556.904|939.519,550.711
147|1|935.143,926.293|955.263,821.97|966.188,745.482|978.1,629.382|994.533,650.308|1068.57,676.998|1109.86,834.341|1059.76,946.695|1059.26,942.016|1055.89,1027.53|987.085,918.21|957.767,646.849|885.448,650.646|757.359,649.75|726.074,630.348|703.597,627.283|695.581,612.345|703.942,594.748|984.958,938.757|909.091,1070.91|910.04,1278.25|882.548,1465.17|891.216,915.443|718.701,917.413|742.102,1175.98|657.156,1312.02|982.626,586.898|935.549,579.051|958.569,555.187|1020.23,553.164|930.886,557.021|939.321,550.879
148|1|947.029,941.022|959.482,832.192|965.6,752.684|975.154,633.906|992.399,654.786|1069.48,676.876|1110.49,837.907|1056.59,953.538|1060.2,940.79|1055.79,1028.05|985.968,917.374|954.745,652.307|880.855,657.357|747.611,660.521|703.711,638.427|667.119,637.067|674.238,627.46|691.481,621.079|999.095,949.242|921.983,1069.5|930.36,1293.46|912.959,1490.15|900.913,933.891|734.397,948.031|770.591,1209.66|693.413,1360.85|978.988,590.489|943.939,577.081|970.254,556.587|1026.47,563.916|940.096,553.183|939.88,546.183
149|1|955.148,944.084|963.043,835.242|966.336,755.143|975.348,636.233|992.622,657.011|1069.74,678.269|1110.03,839.231|1055.74,957.341|1060.7,940.743|1055.22,1027.61|986.986,918.24|955.084,654.732|881.529,660.561|746.202,667.317|702.846,642.277|644.943,644.652|677.436,627.114|691.721,620.956|1007.29,950.129|955.356,1109.08|950.816,1345.27|939.915,1546.82|908.931,938.875|773.683,1064.52|806.101,1312.47|745.755,1482|979.012,592.797|936.739,582.694|964.421,562.796|1024.8,569.629|935.688,557.735|942.548,546.848
150|1|955.165,941.981|962.106,835.261|965.67,755.953|974.959,638.433|991.974,658.966|1068.18,679.773|1109.66,838.317|1058.59,957.903|1060.96,941.722|1054.49,1026.97|990.148,920.852|954.835,656.723|881.993,661.764|744.336,671.27|692.597,648.383|634.248,667.979|671.027,623.951|688.039,631.092|1006.63,947.43|982.017,1147.36|966.4,1384.74|962.765,1582.85|909.396,937.282|805.723,1124.13|826.397,1360.98|780.495,1531.89|978.827,595.544|935.778,583.236|960.637,561.193|1020.77,564.657|931.963,560.751|937.706,555.701
151|1|955.038,942.256|961.872,835.239|965.329,755.762|974.074,637.96|991.26,658.457|1067.8,679.143|1110.12,838.026|1060.12,959.745|1061.63,943.039|1055.19,1028.51|991.365,922.178|953.956,656.401|880.818,662.184|741.992,674.939|686.621,655.186|627.676,678.127|666.847,628.784|681.658,642.196|1006.66,947.655|989.111,1156.68|973.225,1389.96|972.97,1587.67|909.129,937.6|813.523,1137.16|835.558,1365.91|795.13,1537.35|977.739,594.958|938.821,578.377|961.771,555.633|1019.2,559.174|932.246,557.95|933.25,558.646
152|1|955.241,942.419|961.94,835.272|965.281,755.729|973.517,637.812|990.825,658.25|1067.46,679.058|1109.7,838.225|1060.52,961.402|1061.83,944.134|1055.48,1029.71|992.011,923.056|953.446,656.361|880.197,662.706|740.792,677.421|682.908,659.549|623.373,683.771|665.745,630.594|678.322,651.448|1006.93,947.751|994.619,1163.24|978.622,1394.68|980.078,1591.94|909.271,937.824|819.061,1145.96|841.116,1370.55|803.743,1541.92|976.991,594.765|936.802,581.298|957.382,556.446|1014.78,554.711|928.13,561.816|928.962,563.14
153|1|955.2,942.581|961.854,835.439|965.151,755.917|973.17,638.032|990.522,658.433|1067.21,679.14|1109.65,838.301|1060.63,961.837|1061.8,944.688|1055.58,1030.32|992.027,923.653|953.127,656.613|879.859,663.23|740.22,679.148|681.372,662.433|621.645,687.602|664.158,633.539|675.635,655.61|1006.89,947.891|995.382,1164.34|979.465,1395.02|981.295,1592.07|909.232,938.005|819.813,1147.38|842.085,1370.86|805.268,1542.11|976.558,594.998|935.677,582.456|955.957,557.232|1013.63,554.44|926.841,563.011|928.111,564.044
154|1|955.216,942.487|961.744,834.708|964.949,754.827|972.491,636.392|990.101,656.774|1067.05,678.449|1109.33,838.892|1063.2,966.833|1062.77,947.823|1054.84,1033.56|994.71,926.741|952.323,655.235|878.413,663.044|738.099,684.595|671.946,676.181|611.592,709.406|660.6,643.275|670.446,669.966|1007.28,947.72|1002.78,1176.76|986.528,1408.52|989.036,1606.16|908.895,937.979|825.096,1161.83|845.142,1385.91|809.722,1557.6|975.784,593.132|936.881,583.596|956.459,557.208|1013.18,551.868|926.67,563.465|925.571,562.607
155|1|958.342,945.742|962.987,836.184|965.258,754.297|971.21,633.347|989.42,653.87|1067.43,677.474|1110.27,841.213|1067.11,975.293|1059.19,955.635|1051,1043.77|998.405,930.058|950.963,652.869|875.963,663.762|736.586,685.378|669.32,683.824|611.624,721.696|663.207,646.898|667.253,677.035|1011.46,949.96|1011.76,1203.01|996.836,1440.21|1001.55,1641.08|911.017,942.14|829.505,1186.73|851.254,1415.5|817.115,1589.59|973.941,589.112|936.222,586.909|954.493,558.208|1010.63,546.776|924.11,565.501|920.952,560.055
156|1|958.342,945.742|962.987,836.184|965.258,754.297|971.21,633.347|989.42,653.87|1067.43,677.474|1110.27,841.213|1067.11,975.294|1059.19,955.636|1051,1043.77|998.405,930.059|950.963,652.87|875.963,663.762|736.586,685.378|669.319,683.825|611.623,721.697|663.207,646.899|667.252,677.037|1011.46,949.96|1011.76,1203.01|996.836,1440.21|1001.55,1641.08|911.017,942.14|829.506,1186.73|851.254,1415.5|817.116,1589.59|973.941,589.113|936.222,586.909|954.493,558.208|1010.63,546.776|924.11,565.501|920.952,560.055
157|1|958.327,945.774|962.965,836.235|965.224,754.366|971.096,633.448|989.32,653.957|1067.36,677.526|1110.28,841.286|1067.08,975.456|1059,955.785|1050.83,1043.96|998.236,930.232|950.863,652.976|875.869,663.954|736.289,685.992|668.347,684.92|610.386,723.081|662.127,648.087|665.411,678.924|1011.43,949.992|1011.82,1203.36|997.024,1439.87|1001.81,1640.51|911.012,942.172|820.223,1180.55|842.534,1416.65|803.976,1590.94|973.791,589.226|936.076,587.078|954.448,558.416|1010.63,547.075|924.039,565.58|920.905,559.963
158|1|958.029,945.441|962.794,835.952|965.109,754.168|970.951,633.411|989.2,653.904|1067.31,677.293|1110.22,840.825|1066.33,974.414|1059.27,955.258|1050.93,1042.99|998.388,929.948|950.706,652.923|875.625,663.895|735.132,686.408|664.29,686.855|604.621,724.677|662.251,648.624|654.769,682.502|1011.11,949.745|980.313,1180.5|979.594,1419.08|975.553,1621|910.741,941.762|725.217,1058.44|752.854,1331.92|678.698,1498.9|973.617,589.245|934.816,587.351|953.868,558.873|1011,547.989|923.432,565.379|921.329,558.89
159|1|957.938,945.281|962.698,835.844|964.998,754.101|970.713,633.413|988.974,653.882|1067.08,677.201|1110.11,840.631|1065.98,973.987|1058.81,954.694|1050.41,1042.34|997.988,929.437|950.502,652.924|875.469,663.968|734.661,686.716|662.746,687.422|602.948,725.176|661.432,648.407|651.565,683.024|1010.99,949.585|977.31,1177.45|977.729,1416.98|972.717,1619.02|910.682,941.602|715.154,1037.99|735.848,1318.65|653.198,1481.12|973.316,589.272|934.349,587.371|953.369,558.9|1010.55,547.974|922.993,565.451|921.048,559.021
160|1|957.925,945.297|962.678,835.87|964.971,754.136|970.646,633.461|988.913,653.924|1067.03,677.233|1110.08,840.684|1065.8,973.95|1058.54,954.538|1050.08,1042.18|997.745,929.273|950.444,652.974|875.417,664.047|734.516,686.908|662.318,687.735|602.524,725.489|661.136,648.5|650.749,683.153|1010.97,949.599|977.013,1177.53|977.724,1416.25|972.727,1618.11|910.675,941.621|715.787,1038.13|736.984,1318.49|654.893,1481.34|973.231,589.325|934.261,587.498|953.27,559.015|1010.45,548.038|922.9,565.568|920.958,559.088
161|1|957.851,945.44|962.855,835.836|965.272,754.105|970.775,633.527|989.152,653.97|1067.64,676.936|1110.73,841.026|1064.62,973.112|1057.85,952.691|1050.48,1041.25|995.733,927.436|950.523,653.074|875.173,664.151|733.351,688.67|658.241,692.679|601.688,733.383|661.532,652.416|645.568,688.7|1010.99,949.898|968.684,1167.25|975.521,1390.8|973.553,1591.18|910.528,941.626|731.692,1018.49|767.672,1288.19|694.101,1455|973.279,589.42|935.876,588.422|954.47,559.507|1010.76,547.66|923.757,566.377|920.21,559.545
162|1|957.838,945.466|962.835,835.851|965.245,754.117|970.726,633.538|989.109,653.977|1067.6,676.924|1110.66,841|1064.53,973.044|1057.84,952.663|1050.45,1041.2|995.735,927.37|950.476,653.089|875.117,664.179|733.274,688.765|658.167,692.862|601.669,733.658|661.741,652.802|645.134,689.565|1010.98,949.918|968.425,1167.07|975.468,1390.11|973.511,1590.44|910.512,941.656|732.414,1018.9|769.309,1287.85|696.558,1455.01|973.223,589.43|935.664,588.371|954.3,559.47|1010.7,547.677|923.598,566.324|920.184,559.519
163|1|958.466,946.986|963.282,836.725|965.517,754.602|970.555,633.497|989.132,653.965|1068.11,676.726|1110.43,841.845|1064.91,975.424|1057.83,955.207|1049.61,1044.13|996.71,928.549|950.26,653.213|874.442,664.512|731.521,689.583|654.813,694.315|603.876,735.587|667.113,655.643|643.48,697.006|1011.9,951.371|983.029,1179.4|981.655,1401.48|983.033,1602.44|910.879,943.239|775.246,1114.2|812.989,1362.42|758.378,1537.81|972.875,589.186|934.665,588.925|954.26,560.105|1011.64,548.72|923.213,565.968|920.349,557.498
164|1|958.391,947.039|963.217,836.801|965.447,754.704|970.417,633.654|989.003,654.111|1067.97,676.849|1110.31,841.926|1064.83,975.632|1057.73,955.582|1049.54,1044.5|996.736,928.849|950.139,653.364|874.341,664.73|730.99,690.148|653.472,695.249|602.541,736.081|666.466,656.672|641.426,697.869|1011.81,951.433|983.828,1180.27|982.888,1401.52|984.686,1602.24|910.824,943.282|766.375,1099.46|804.483,1354.44|746.6,1529.7|972.699,589.366|935.403,589.273|954.638,560.304|1011.36,548.535|923.531,566.454|919.822,558.152
165|1|958.751,948.178|963.408,837.049|965.641,754.474|971.459,632.583|990.077,653.278|1069.14,676.998|1110.31,843.841|1065.32,980.031|1057.36,960.341|1047.54,1049.86|998.518,930.919|950.848,652.364|874.346,664.174|728.651,691.852|648.777,698.681|601.548,734.28|673.604,660.192|639.914,703.621|1012.65,952.294|1000.71,1198.07|991.427,1425.34|995.45,1627.74|910.685,944.667|804.694,1163.24|831.459,1408|785.771,1585.88|974.13,587.965|935.311,588.558|954.5,558.979|1012.35,546.202|923.27,565.609|920.382,557.142
166|1|959.17,948.198|963.941,836.64|966.213,754.271|971.823,632.931|990.547,653.546|1070.06,676.678|1110.94,843.9|1063.6,979.573|1057.59,960.922|1047.66,1050.41|998.219,930.62|951.182,652.677|874.379,664.23|728.64,691.628|648.027,701.44|603.912,732.269|675.41,660.459|640.351,703.894|1013.18,952.201|993.93,1184.2|993.288,1404.91|999.054,1606.99|910.968,944.787|770.203,1092.89|814.499,1343.09|765.701,1523.36|974.382,588.511|934.708,587.921|954.356,558.488|1012.98,546.669|923.007,564.944|920.771,557.105
167|1|959.154,948.181|963.935,836.631|966.214,754.265|971.85,632.93|990.567,653.549|1070.06,676.766|1110.7,844.099|1063.04,979.556|1057,960.683|1046.93,1050.18|997.664,930.285|951.209,652.669|874.419,664.195|728.715,691.481|648.254,701.131|604.218,731.907|675.808,660.313|640.393,703.445|1013.16,952.189|993.534,1183.71|993.081,1404.55|998.707,1606.68|910.958,944.764|764.076,1083.68|806.666,1340.71|753.592,1520.64|974.417,588.511|934.925,587.919|954.513,558.475|1013,546.619|923.155,564.973|920.761,557.181
168|1|958.881,949.511|963.71,837.744|966.055,754.85|971.99,632.718|990.71,653.478|1070.45,677.234|1110.03,845.458|1062.75,981.598|1056.75,962.443|1046.07,1052.17|998.2,931.13|951.234,652.555|874.282,664.65|728.495,692.388|662.644,686.616|603.957,729.549|677.553,659.919|637.775,701.172|1013.06,953.7|1007.99,1198.35|998.098,1421.43|1005.2,1624.38|910.558,945.936|803.401,1158.5|833.284,1402.66|788.848,1582.4|974.715,588.004|936.052,585.655|955.261,556.191|1013.16,544.939|923.772,563.304|920.486,557.383
169|1|962.927,952.962|965.207,839.634|965.875,755.081|971.848,631.354|990.863,652.303|1071.48,677.098|1110.59,847.981|1065.76,988.349|1057.51,968.827|1042.63,1058.55|1001.39,935.416|950.749,651.578|872.495,664.001|726.064,694.313|654.84,692.864|609.215,720.283|678.164,686.553|652.572,699.913|1018.01,955.792|1022.94,1218.93|1011.4,1449.43|1020.84,1656.34|913.756,950.602|823.828,1197.39|851.854,1434.7|814.016,1616.24|974.719,586.017|937.766,585.555|956.57,554.992|1013.9,541.909|924.241,562.629|918.729,555.607
170|1|962.885,953.224|965.187,839.873|965.871,755.296|971.916,631.534|990.916,652.505|1071.52,677.384|1110.51,848.412|1066.54,989.82|1057.73,970.743|1042.55,1060.5|1001.99,936.986|950.811,651.741|872.556,664.055|725.892,693.703|654.186,691.748|608.499,716.994|677.935,687.229|656.461,699.849|1017.97,956.07|1027.04,1222.07|1014.8,1451.57|1026.03,1657.92|913.714,950.85|829.261,1203.71|858.062,1433.35|823.877,1613.87|974.806,586.186|937.351,585.306|956.978,555.175|1014.94,543.235|924.546,561.937|919.671,554.347
171|1|962.887,953.229|965.195,839.875|965.884,755.296|971.949,631.531|990.947,652.506|1071.55,677.396|1110.51,848.437|1066.55,989.861|1057.75,970.798|1042.58,1060.56|1002.01,937.034|950.839,651.737|872.58,664.041|725.951,693.664|654.349,691.691|608.671,716.913|678.118,687.217|656.748,699.89|1017.97,956.078|1027.1,1222.13|1014.83,1451.59|1026.07,1657.94|913.714,950.852|828.708,1203.35|857.545,1433.47|823.098,1614.04|974.847,586.183|937.441,585.292|957.082,555.169|1015.03,543.258|924.637,561.909|919.724,554.307
172|1|962.887,953.229|965.195,839.875|965.884,755.296|971.949,631.531|990.947,652.506|1071.55,677.396|1110.51,848.437|1066.55,989.861|1057.75,970.798|1042.58,1060.56|1002.01,937.034|950.839,651.737|872.58,664.041|725.951,693.664|654.349,691.691|608.671,716.913|678.118,687.217|656.748,699.89|1017.97,956.078|1027.1,1222.13|1014.83,1451.59|1026.07,1657.94|913.714,950.852|828.708,1203.35|857.545,1433.47|823.098,1614.04|974.847,586.183|937.441,585.292|957.082,555.169|1015.03,543.258|924.637,561.909|919.724,554.307
173|1|962.621,953.547|964.995,840.09|965.743,755.418|972.137,631.479|991.074,652.524|1071.6,677.68|1110.09,848.937|1066.31,990.557|1057.55,971.434|1042.2,1061.26|1001.97,937.287|950.975,651.657|872.694,663.563|726.556,690.131|657.099,684.727|609.968,702.989|681.295,684.138|662.004,695.285|1017.74,956.423|1025.75,1223.47|1015.05,1452.77|1025.5,1659.32|913.412,951.147|800.919,1181.43|835.305,1426.52|791.999,1607.78|975.17,586.068|939.14,582.434|959.696,553.247|1017.2,544.292|926.896,558.929|921.17,552.301
174|1|960.563,958.055|963.908,843.872|965.685,758.511|972.331,633.641|991.174,654.812|1072.62,678.025|1110.83,849.88|1064.31,990.534|1056.8,971.305|1042.72,1062.37|1000.85,935.672|951.165,653.912|873.012,664.583|729.123,679.814|673.57,652.785|639.522,662.228|607.426,721.428|681.515,704.366|1015.92,961.134|1035.42,1237.5|1018.79,1470.96|1031.14,1678.92|911.049,955.472|823.752,1215.33|847.654,1456.37|815.306,1640.42|975.531,587.929|936.764,584.794|958.926,556.416|1018.51,548.834|926.393,560.353|923.583,551.695
175|1|961.298,958.655|964.279,844.211|965.807,758.59|972.521,633.23|991.36,654.49|1073.02,677.767|1111.27,849.957|1064.01,991.077|1056.56,972.204|1042.45,1063.48|1000.96,935.822|951.338,653.539|873.124,663.674|730.042,672.366|672.936,639.635|645.15,645.562|620.94,699.959|682.715,691.144|1016.78,961.538|1041.14,1245.88|1023.6,1483.92|1036.76,1693.26|911.673,956.246|833.9,1228.28|855.038,1468.14|826.819,1652.67|975.745,587.336|939.458,581.395|960.337,552.855|1017.96,545.724|927.68,558.301|922.432,553.19
176|1|959.357,957.984|963.418,843.919|965.852,758.358|973.261,632.741|992.083,654.129|1073.94,677.799|1110.47,850.526|1059.85,990.443|1057.66,973.981|1043.3,1064.38|1000.91,936.109|951.849,653.046|873.044,662.633|729.672,668.713|687.796,632.928|652.758,627.477|632.46,674.993|684.41,641.118|1014.86,961.437|1042.58,1251.78|1021.93,1489.28|1035.96,1698.41|909.692,955.065|839.802,1235.08|856.749,1471.92|830.05,1655.97|976.797,586.741|940.239,580.351|961.358,551.711|1019.41,544.887|928.458,557.132|923.238,552.239
177|1|958.351,959.735|963.322,844.041|965.778,757.835|972.526,631.681|991.675,653.185|1074.43,677.205|1110.44,851.789|1061.08,993.018|1056.41,974.03|1042.44,1066.62|1000.48,935.625|951.053,652.092|871.65,662.625|730.393,666.302|683.17,622.122|658.562,617.059|638.874,651.939|686.402,632.551|1014.34,964.3|1022.05,1244.23|1014.33,1468.19|1024.03,1677.26|908.492,955.842|762.672,1165.12|812.177,1407.96|773.58,1591.17|975.635,585.445|938.851,582.467|960.693,553.342|1019.49,545.097|927.335,557.816|922.165,549.369
178|1|958.35,959.731|963.322,844.037|965.778,757.831|972.528,631.675|991.676,653.18|1074.43,677.202|1110.44,851.787|1061.08,993.008|1056.4,974.011|1042.43,1066.6|1000.48,935.607|951.055,652.087|871.652,662.615|730.396,666.262|683.188,622.05|658.588,616.945|638.937,651.823|686.403,632.432|1014.34,964.297|1022.03,1244.22|1014.32,1468.19|1024.02,1677.26|908.492,955.839|762.529,1164.94|811.99,1407.97|773.298,1591.2|975.637,585.439|938.864,582.448|960.707,553.327|1019.5,545.093|927.348,557.799|922.171,549.359
179|1|957.316,958.279|963.013,843.327|965.998,757.674|973.796,632.344|992.628,653.908|1074.72,677.939|1110.89,851.122|1058.77,986.962|1055.35,972.616|1043.49,1066.02|998.327,932.398|952.302,652.405|873.341,661.778|731.516,660.717|684.408,612.887|672.582,595.086|658.991,620.987|689.942,614.024|1012.92,963.224|992.82,1211.69|997.343,1427.95|1002.94,1635.93|907.815,954.047|724.12,1018.29|779.816,1282.28|721.819,1462.74|977.254,586.431|943.496,583.813|963.721,554.277|1019.96,544.588|930.51,560.012|922.693,552.638
180|1|952.909,958.487|961.907,842.625|966.645,758.212|974.005,633.21|992.857,654.696|1074.9,678.178|1110.73,850.86|1056.18,982|1053.66,973.269|1045.24,1068.28|995.429,930.098|952.657,653.231|874.026,662.081|730.67,658.827|693.133,598.753|679.159,581.189|667.875,609.321|696.726,601.595|1008.51,964.782|980.212,1172.83|985.104,1384.85|990.078,1594.43|903.413,953.054|724.821,996.752|777.49,1269.83|711.339,1449.18|977.229,587.43|942.168,579.338|965.279,552.354|1023.08,549.444|932.062,555.066|926.587,548.862
181|1|948.079,957.38|960.085,841|966.109,756.469|974.439,631.573|993.113,653.204|1075.03,677.677|1110.82,850.72|1053.1,980.202|1055.97,972.234|1043.41,1066.63|991.232,930.039|952.947,651.416|874.399,660.891|732.51,653.533|698.93,595.353|684.507,569.887|668.763,604.768|699.467,598.835|1003.7,965.376|966.956,1139.99|969.067,1365.14|969.658,1579.29|898.745,950.46|723.728,984.421|770.831,1263.49|701.107,1442.83|978.02,585.816|940.426,581.341|965.406,555|1025.28,552.114|932.414,555.23|929.869,544.039
182|1|948.602,958.038|960.612,841.477|966.711,756.777|975.693,631.528|994.248,653.291|1076.02,678.135|1111.06,851.207|1054.12,980.881|1057.1,972.92|1044.49,1067.19|992.624,930.642|954.096,651.326|875.52,659.773|735.303,645.562|705.265,581.959|690.682,555.314|680.145,590.485|701.82,583.259|1004.31,966.044|972.724,1138.13|966.963,1372.74|966.621,1588.97|899.185,951.109|749.87,1040.1|791.893,1306.15|732.123,1492.49|979.558,585.646|944.629,581.272|965.982,552.741|1023.16,545.431|932.944,557.292|926.661,550.117
183|1|948.882,957.941|961.056,841.109|966.344,756.107|975.354,630.54|993.981,652.423|1076.04,677.756|1110.76,851.316|1052.94,982.707|1058.39,972.753|1044.49,1066.05|993.619,931.793|953.698,650.332|874.891,659.243|736.485,640.47|708.827,574.284|688.905,552.115|683.053,583.022|708.954,575.588|1004.54,966.449|962.81,1133.43|960.137,1378.35|954.953,1597.24|899.737,950.598|728.218,1021.38|774.225,1297.03|705.218,1479.62|979.138,584.521|945.148,581.323|966.057,552.311|1022.64,543.823|932.838,557.237|925.522,549.524
184|1|949.427,955.489|960.29,840.058|965.405,755.272|976.093,630.42|994.353,652.378|1076.04,677.59|1110.16,850.818|1053.44,985.298|1059.86,973.132|1043.69,1063.89|995.565,934.606|954.212,649.922|875.35,655.727|739.233,635.368|713.531,572.983|696.139,549.116|683.953,581.12|710.874,573.56|1004.64,963.643|977.048,1154.7|959.05,1407.57|951.888,1626.19|900.636,948.451|766.727,1104.83|793.634,1365.8|732.103,1549.09|980.631,584.675|945.067,580.096|967.569,552.177|1025.57,546.3|934.421,555.429|929.042,547.136
185|1|949.057,956.848|959.977,840.745|965.422,755.146|976.036,628.922|994.529,651.086|1076.81,677.153|1110.39,852.625|1055.45,991.861|1059.25,977.123|1040.38,1067.71|997.677,937.617|953.94,648.686|874.092,654.746|739.864,631.105|716.138,571.014|712.622,548.073|721.26,602.766|731.151,581.526|1004.73,965.241|984.413,1183.94|961.026,1440.85|954.02,1662.9|899.857,949.6|782.135,1148.43|802.647,1403.74|747.01,1588.84|980.571,582.641|947.218,581.717|967.751,551.802|1024.17,541.298|934.125,557.163|925.761,548.071
186|1|951.318,956.273|961.359,840.54|965.765,755.455|975.997,630.138|994.512,652.175|1076.58,677.897|1110.84,852.482|1057.37,990.609|1059.09,976.274|1040.3,1066.97|997.562,937.72|954.033,649.761|874.414,655.056|739.879,630.884|714.934,567.179|714.597,547.221|738.211,569.555|741.622,580.264|1006.72,964.302|967.65,1172.83|961.341,1421.05|952.582,1638.96|902.416,949.353|732.322,1063.09|777.901,1325.59|714.063,1506.76|980.279,584.196|950.393,582.018|969.895,552.085|1023.78,541.8|936.146,558.154|924.851,550.721
187|1|951.318,956.272|961.359,840.539|965.764,755.455|975.997,630.137|994.511,652.175|1076.58,677.896|1110.84,852.481|1057.37,990.607|1059.09,976.272|1040.3,1066.97|997.561,937.718|954.032,649.76|874.414,655.055|739.878,630.88|714.928,567.172|714.588,547.211|738.207,569.548|741.612,580.256|1006.72,964.301|967.648,1172.83|961.341,1421.04|952.581,1638.95|902.416,949.353|732.334,1063.11|777.918,1325.59|714.09,1506.76|980.278,584.195|950.39,582.007|969.893,552.076|1023.78,541.799|936.144,558.145|924.851,550.719
188|1|953.446,959.429|962.013,842.419|965.634,756.585|976.382,630.684|994.853,652.852|1077.22,678.001|1110.92,853.338|1055.23,989.814|1058.7,975.954|1040.91,1068.1|996.236,935.799|954.274,650.351|874.341,654.801|740.48,628.562|719.79,567.328|710.289,547.131|746.62,568.825|741.426,581.759|1009.46,966.254|967.351,1161.45|962.502,1409.71|955.177,1629|903.87,953.561|741.665,1053.78|787.655,1316.49|724.05,1499.95|980.919,584.538|952.211,583.247|972.076,553.329|1025.53,543.058|938.012,558.777|925.799,550.044
189|1|953.45,959.424|962.017,842.414|965.638,756.579|976.391,630.676|994.861,652.844|1077.23,677.995|1110.92,853.326|1055.24,989.8|1058.73,975.944|1040.94,1068.08|996.261,935.79|954.283,650.342|874.351,654.786|740.504,628.506|719.846,567.236|710.385,546.978|746.677,568.706|741.556,581.492|1009.47,966.249|967.359,1161.43|962.504,1409.71|955.18,1629|903.873,953.557|741.785,1053.99|787.825,1316.55|724.317,1500.03|980.93,584.528|952.224,583.159|972.102,553.261|1025.56,543.054|938.037,558.698|925.827,550.013
190|1|960.171,958.969|965.234,842.425|966.43,757.051|977.158,631.18|995.566,653.305|1077.77,678.342|1110.98,852.986|1056.06,989.762|1059.7,976.972|1040.7,1066.7|997.969,938.284|955.113,650.85|875.436,654.981|743.769,627.245|731.367,561.539|720.051,544.542|753.719,541.122|755.322,563.754|1016.11,963.894|988.254,1174.39|976.341,1430.57|971.83,1650.88|910.578,954.774|782.117,1128.19|817.921,1376.1|764.141,1560.39|981.727,585.059|953.832,578|974.505,549.63|1027.58,544.149|940.41,554.243|928.035,549.01
191|1|962.951,961.3|966.334,844.359|966.582,758.358|976.714,631.51|995.262,653.656|1077.88,678.035|1111.34,853.393|1058.11,992.906|1060.53,976.823|1039.93,1065.66|999.216,940.065|954.719,651.434|874.895,655.079|744.191,627.02|735.984,557.185|733.424,541.754|759.458,544.364|771.764,560.714|1019.17,965.369|1006.31,1194.66|991.847,1456.82|991.201,1680.43|913.08,957.863|803.844,1169.1|836.342,1410.53|791.494,1596.05|981.107,585.042|954.89,578.502|975.502,550.089|1027.6,544.504|941.188,554.464|927.451,548.603
192|1|958.783,961.242|963.87,844.636|965.705,758.348|976.657,631.037|995.201,653.366|1077.99,679.342|1111.3,855.47|1061.21,997.642|1061.8,980.865|1037.42,1066.73|1002.14,944.255|954.376,650.969|873.804,654.373|743.627,627.408|745.557,556.641|741.68,540.413|774.688,553.582|792.865,569.638|1015.07,966.374|1017.97,1218.62|994.905,1478.74|997.529,1703.8|908.834,956.862|815.546,1195.22|838.807,1429.22|796.989,1614.07|981.409,584.384|955.122,578.719|975.849,549.857|1028.29,543.595|941.2,554.287|927.205,547.716
193|1|960.338,963.338|964.399,845.986|965.529,759.097|976.466,630.965|995.129,653.438|1078.33,679.846|1111.16,857.369|1062.92,1003|1062.24,986.725|1033.77,1070.44|1004.09,947.113|954.076,651.018|873.03,653.61|743.336,630.908|745.164,564.373|751.742,544.217|811.224,555.047|804.52,572.338|1017.01,967.923|1024.58,1235.09|1002.18,1494.77|1004.79,1721.98|910.039,959.445|819.74,1213.1|843.238,1442.72|803.609,1627.08|981.193,584.003|957.021,577.838|977.566,548.902|1028.82,542.997|942.55,553.322|926.677,547.047
194|1|962.109,965.513|964.423,847.367|964.887,759.263|975.934,630.068|994.783,652.698|1078.79,679.243|1111.37,858.89|1060.54,1005.57|1061.7,989.951|1031.85,1074.69|1003.52,946.426|953.302,650.349|871.367,653.269|742.499,631.345|759.573,568.922|749.618,548.262|836.516,579.392|810.275,571.618|1019.41,968.799|1034.3,1249.59|1011.56,1508.89|1017.7,1738.85|911.073,962.766|826.749,1231.01|850.754,1457.52|815.448,1643.81|980.77,582.69|963.633,570.334|982.528,541.812|1029.12,539.157|946.854,547.236|924.765,546.422
195|1|961.524,964.829|964.008,848.112|964.581,761.051|975.846,633.358|994.458,655.815|1077.77,681.91|1110.98,859.179|1058.12,1001.99|1061.07,990.319|1033.17,1073.91|1003.47,946.358|953.397,653.307|872.273,655.771|741.192,635.384|769.074,573.86|756.543,544.301|850.669,582.917|816.658,572.272|1018.15,968.229|1037.35,1254.31|1014.6,1508.38|1021.79,1732.57|911.097,961.978|833.078,1236.21|854.654,1456.96|822.832,1639.31|980.687,586.58|960.624,577.375|980.999,549.21|1029.66,545.883|945.677,553.149|926.682,548.668
196|1|958.516,961.103|962.482,846.203|964.472,760.242|976.748,633.173|995.031,655.61|1077.68,682.249|1111.51,858.55|1057.77,997.611|1059.21,989.772|1033.83,1076.69|1001.79,943.562|954.264,652.916|873.714,655.636|739.151,646.476|779.342,584.572|773.851,561.746|849.135,586.436|825.117,582.108|1014.57,965.017|1041.43,1256.07|1014.08,1504.46|1023.12,1723.12|908.495,957.783|838.776,1240.88|854.231,1456.99|824.229,1636.77|982.079,586.645|960.797,576.913|982.514,549.789|1032.18,548.358|947.386,552.19|930.117,546.714
197|1|953.56,961.164|960.526,845.675|964.424,760.27|976.297,633.646|994.624,656.032|1076.87,682.689|1110.71,858.087|1057.15,992.658|1055.59,989.519|1035.5,1080.54|1000.59,940.538|953.936,653.298|873.56,656.713|743.872,651.745|781.43,606.182|795.693,563.276|867.846,600.096|844.899,599.563|1009.52,966.602|1016.38,1237.59|997.323,1464.91|1001.81,1676.78|903.669,956.489|766.952,1133.19|812.497,1364.29|770.766,1547.36|981.347,587.278|962.531,575.852|983.5,548.975|1031.29,548.357|948.407,551.74|929.16,547.92
198|1|951.271,964.077|958.33,847.574|962.554,760.894|974.158,632.715|992.813,655.22|1076.04,681.648|1109.41,859.595|1053.92,995.319|1055,988.775|1034.99,1081.92|999.241,938.792|951.518,652.807|869.827,657.565|736.886,658.25|782.579,616.762|814.83,564.76|885.897,606.563|846.422,614.128|1007.92,969.521|1018.51,1248.25|990.575,1476.67|994.837,1692.4|900.719,959.397|800.941,1203.69|825.423,1427.38|784.244,1611.22|979.251,585.749|963.027,578.49|983.402,550.01|1029.93,546.028|947.524,553.28|925.408,546.609
199|1|951.865,963.437|958.871,847.283|963.019,761.009|973.801,633.518|992.562,655.776|1075.94,681.292|1109.09,858.491|1049.87,988.361|1054.08,987.697|1036.27,1082.19|996.201,935.956|951.323,653.665|869.814,659.216|738.461,664.732|789.814,624.184|828.084,569.99|898.622,606.654|856.964,621.913|1008.33,968.844|994.333,1221.34|983.467,1439.21|985.999,1652.01|901.473,958.789|745.369,1043.74|794.599,1299.55|739.221,1485.58|978.594,586.807|964.069,578.285|984.395,550.231|1029.78,547.433|948.488,553.184|925.194,547.168
200|1|951.871,962.119|959.637,845.62|964.026,760.022|973.36,632.781|992.358,654.78|1075.61,679.526|1106.41,857.186|1038.52,985.328|1054.51,988.243|1037.94,1081.47|993.672,933.07|951.13,653.125|869.891,661.641|737.504,671.542|791.693,644.275|845.454,578.249|901.933,567.899|871.155,636.741|1008.29,967.903|1000.99,1219.72|981.406,1442.34|984.495,1655.84|901.55,957.137|785.12,1156.2|817.869,1393.84|770.746,1580.26|977.597,586.144|962.378,577.716|984.696,550.869|1031.05,550.339|948.722,551.474|926.88,543.196
201|1|953.011,966.237|960.967,848.547|965.606,761.836|975.691,633.122|994.581,655.435|1078.02,680.581|1106.7,859.387|1040.36,989.675|1055.22,987.398|1036.79,1080.22|994.522,934.769|953.312,653.543|872.12,663.707|743.615,677.944|792.312,646.342|866.52,596.921|924.992,582.992|902.58,636.544|1009.9,972.148|1010.57,1239.5|985.419,1470.86|990.315,1689.06|902.279,961.147|803.838,1206.9|827.202,1443.3|787.087,1632.09|980.271,585.967|965.123,569.859|988.597,545.357|1035.08,551.403|952.748,544.607|931.62,540.847
202|1|953.166,961.45|961.659,846.063|967.409,760.945|979.191,634.466|997.317,656.487|1079.3,682.69|1106.61,858.795|1034.15,980.68|1052.89,988.719|1039.18,1080.36|992.797,932.897|956.939,654.409|878.238,665.712|747.438,689.691|806.669,647.996|877.334,611.389|944.495,617.459|890.23,653.206|1009.04,966.977|1027.97,1243.34|995.13,1480.68|1003.18,1695.29|903.123,956.674|820.104,1226.31|833.105,1463.52|800.871,1650.55|984.689,588.2|963.215,566.526|985.795,542.574|1035.47,550.032|951.064,544.235|934.764,547.105
203|1|953.174,961.452|961.668,846.071|967.42,760.958|979.21,634.487|997.334,656.508|1079.31,682.715|1106.6,858.809|1034.15,980.676|1052.89,988.716|1039.18,1080.34|992.81,932.894|956.959,654.428|878.264,665.724|747.515,689.714|806.836,648.013|877.541,611.399|944.789,617.434|890.508,653.184|1009.04,966.98|1028.03,1243.35|995.176,1480.63|1003.26,1695.21|903.133,956.675|820.17,1226.34|833.175,1463.45|800.979,1650.44|984.712,588.224|963.279,566.688|985.841,542.702|1035.48,550.06|951.108,544.369|934.77,547.141
204|1|959.637,961.046|966.287,846.298|970.785,761.124|978.338,634.229|997.263,655.671|1079.22,682.576|1107.01,858.572|1034.6,981.749|1051.68,987.116|1035.77,1077.42|995.004,931.489|956.703,654.913|878.21,671.904|752.433,699.968|826.848,661.798|891.805,632.533|956.866,648.28|899.122,654.886|1015.49,965.715|1036.53,1258.84|1008.17,1493.24|1020.89,1706.02|909.607,957.037|834.01,1242.7|848.202,1481.09|817.987,1668.17|982.224,587.769|957.71,574.847|986.537,553.914|1039.16,563.96|952.469,547.256|942.415,536.143
205|1|959.671,960.997|966.321,846.295|970.821,761.148|978.43,634.299|997.332,655.741|1079.21,682.768|1106.59,858.87|1031.13,977.592|1044.31,968.739|1022.99,1046.14|987.48,910.58|956.799,654.966|878.352,671.875|752.998,699.968|828.044,661.567|893.412,632.066|959.318,647.471|901.381,654.345|1015.5,965.663|1036.88,1258.78|1008.45,1492.48|1021.35,1704.85|909.663,956.991|834.466,1242.68|848.732,1480.48|818.799,1667.32|982.34,587.859|957.946,574.317|986.585,553.337|1039.11,563.519|952.497,546.96|942.235,536.552
206|1|959.692,960.701|966.299,846.125|970.767,761.057|978.322,634.34|997.198,655.753|1078.93,682.956|1105.53,859.297|1024.93,970.259|1034.4,939.33|1009.22,973.566|982.46,885.123|956.735,654.983|878.435,671.871|753.631,700.187|829.116,661.265|894.956,631.625|961.594,647.026|903.541,653.734|1015.45,965.341|1037.31,1258.05|1008.88,1490.84|1022.01,1702.42|909.747,956.718|835.206,1242.06|849.64,1479.14|820.192,1665.55|982.208,587.951|958.038,573.175|986.338,552.185|1038.63,562.721|952.256,546.284|941.661,537.224
207|1|961.226,957.22|968.476,843.879|973.247,759.817|980.846,635.093|999.473,656.298|1080.37,683.596|1104.34,857.962|1004.28,933.28|992.456,879.564|932.839,876.426|970.882,853.482|959.538,655.283|883.097,674.194|769.791,754.734|839.311,741.197|870.325,689.787|932.99,662.227|886.071,683.153|1016.26,962.425|1039.64,1251.86|1010.22,1478.31|1023.21,1684.06|912.009,952.732|838.288,1234.63|853.304,1467.98|825.96,1650.1|984.59,589.456|962.666,572.49|987.387,549.725|1037.42,557.399|953.266,548.075|939.159,544.545
208|1|959.288,941.651|966.258,834.748|972.419,754.93|983.817,635.563|1000.94,655.751|1078.86,681.677|1102.5,848.545|979.639,916.696|961.994,888.164|959.083,857.528|993.36,835.262|962.505,655.148|890.316,671.039|753.184,708.019|862.899,692.556|914.286,671.437|996.58,666.949|930.487,670.497|1011.81,944.544|1056,1221.59|1019.91,1437.11|1035.3,1625.89|911.717,939.187|875.756,1226.92|876.69,1459.13|867.908,1632.54|989.877,591.989|964.364,556.704|982.785,534.854|1032.28,546.019|950.286,542.151|936.626,561.403
209|1|962.628,931.352|967.291,830.599|972.083,753.231|983.777,639.364|1000.27,658.032|1076.01,679.154|1103.85,841.229|988.719,915.996|971.797,890.492|970.061,861.074|994.74,833.798|962.861,658.832|892.226,674.922|758.225,707.181|867.034,698.474|919.219,669.19|1004.31,666.481|934.862,670.585|1012.93,930.961|1068.53,1196.13|1032.73,1389.52|1054.96,1565.33|916.675,931.853|906.585,1212.58|906.935,1425.57|907.448,1589.89|990.436,597.917|965.545,567.673|986.703,546.149|1036.75,557.572|954.008,549.784|941.303,561.555
210|1|953.746,922.429|960.81,824.147|967.5,747.535|982.225,635.474|997.658,653.842|1071.77,674.261|1103.72,833.663|990.975,910.095|975.443,890.485|974.759,870.705|993.929,828.05|961.242,654.657|892.332,669.992|765.956,708.362|874.642,702.718|940.66,664.167|994.902,647.536|951.044,680.031|1002.8,921.654|1075.37,1180.94|1029.83,1357.22|1055.78,1524.03|908.643,923.279|920.592,1201.88|913.167,1401.96|922.817,1560.26|990.448,594.739|959.842,569.102|985.831,549.433|1040.29,563.242|954.061,547.749|948.834,551.082
211|1|953.875,918.065|961.162,822.341|968.183,748.062|978.877,633.637|995.37,652.315|1070.9,669.391|1101.23,830.668|992.205,916.508|971.972,897.471|965.643,876.344|993.717,834.732|958.301,653.227|885.75,667.757|773.815,707.773|877.35,707.488|938.185,655.298|1006.83,684.349|959.327,698.364|1002.91,917.799|1066.9,1180.12|1023.59,1341.77|1050.27,1503.79|908.93,918.446|922.197,1194.75|917.33,1387.55|926.34,1544.02|985.155,591.911|967.18,567.832|986.329,544.924|1031.37,552.087|953.488,548.672|935.134,556.048
212|1|962.872,917.464|967.806,822.812|972.836,749.274|978.264,633.784|995.772,652.126|1073.61,666.885|1106.52,829.198|1008.37,926.953|964.502,894.095|925.178,853.822|975.461,854.302|958.513,654.016|884.969,668.065|773.064,710.141|872.027,709.09|933.686,684.424|1013.88,689.338|947.492,697.612|1011.9,916.529|1072.32,1181.13|1032.87,1331.88|1057.35,1489.86|918.056,918.455|934.012,1194.25|934.306,1387.38|945.932,1541.38|982.292,591.578|966.973,560.972|986.138,540.219|1029.33,552.576|953.424,543.219|933.442,554.956
213|1|957.539,916.226|964.607,821.599|971.045,747.269|975.94,632.875|993.135,650.958|1069.55,663.547|1128.8,814.596|1047.66,927.724|998.754,893.727|949.916,850.91|992.346,868.277|956.672,652.935|884.548,668.133|779.786,711.76|872.43,717.658|929.535,689.589|1011.41,699.256|943.874,699.34|1006.01,916.271|1066.36,1180.53|1025.41,1327.49|1049.36,1478.87|913.183,916.316|932.791,1189.97|929.103,1379.79|943.642,1529.56|979.805,591.074|964.348,570.827|985.107,549.335|1028.41,557.325|952.868,549.769|934.488,551.394
214|1|960.786,919.283|967.596,823.003|973.14,745.93|977.762,631.686|995.15,649.783|1072.38,664.342|1139.45,813.13|1055.82,924.295|1007.24,889.318|958.844,845.717|993.119,879.102|958.42,651.717|886.131,667.864|779.933,713.998|872.993,721.768|927.605,693.479|1008.27,712.976|945.053,716.197|1010,920.07|1065.41,1190.81|1024.89,1333.86|1044.31,1484.77|915.895,918.701|928.778,1196.57|926.723,1388.75|939.557,1539.16|981.413,589.926|968.512,565.295|986.448,543.305|1027.38,551.335|954.18,546.635|932.505,554.345
215|1|958.599,919.508|966.101,823.164|972.153,745.951|977.582,631.998|994.835,650.15|1071.94,665.467|1138.47,814.443|1057.71,928.306|1008.14,894.407|959.036,851.212|994.634,881.808|958.102,651.89|885.818,667.722|782.268,716.163|876.042,726.898|931.891,699.124|1013.01,724.216|948.839,724.712|1007.7,920.281|1063.1,1190.94|1021.1,1333.65|1039.75,1483.44|913.742,918.937|925.866,1197.3|921.853,1391.41|934.104,1541.99|981.543,590.363|969.623,569.578|987.647,546.812|1028.06,552.609|955.247,549.767|932.86,554.17
216|1|958.261,919.372|965.828,823.157|971.943,746.054|977.78,632.299|994.952,650.468|1071.81,666.55|1135.65,816.155|1054.92,929.614|1005.62,895.552|958.381,850.676|993.402,882.263|958.242,652.113|885.99,667.955|782.983,718.735|876.997,729.751|933.429,702.624|1014.36,728.782|950.582,727.743|1007.31,920.168|1061.84,1190.68|1019.45,1331.46|1037.46,1480.55|913.446,918.781|923.919,1196.99|919.495,1390.17|930.763,1540.66|981.901,590.748|969.392,569.382|987.378,546.673|1028.13,552.668|955.029,549.823|933.059,554.86
217|1|949.771,915.816|960.414,821.037|969.021,744.9|978.437,633.023|995.013,651.405|1071.41,669.018|1125.1,821.982|1041.5,932.804|993.58,897.015|950.698,848.423|984.057,878.498|958.301,652.06|885.805,667.16|784.434,721.518|876.937,733.274|934.282,711.75|1016.19,735.279|949.56,730.738|998.14,917.334|1052.46,1184.11|1004.93,1323.19|1024.42,1469.36|905.434,914.556|916.06,1190.03|905.2,1381.4|916.081,1531.19|983.863,592.245|973.578,564.912|985.333,541.371|1021.97,545.442|954.276,550.621|928.856,566.557
218|1|948.304,921.154|959.122,825.242|967.897,748.778|976.987,636.215|993.577,654.852|1070.36,670.746|1121.99,823.208|1038.08,932.44|991.03,896.55|949.194,848.066|985.606,871.379|956.991,655.13|884.867,668.193|786.653,721.09|875.82,736.67|934.832,715.9|1016.19,740.317|948.596,731.657|996.817,923.235|1047.43,1192.37|999.204,1327.75|1013.81,1472.78|903.894,919.382|907.047,1196.11|895.323,1386.9|903.804,1536.12|982.118,595.205|971.539,569.82|987.377,547.61|1025.86,554.653|955.615,552.469|931.828,562.417
219|1|949.349,916.839|959.566,821.727|968.007,745.925|977.273,634.141|993.913,652.605|1070.79,670.205|1121.79,823.881|1037.04,933.651|989.95,897.485|948.222,848.769|988.54,866.741|957.156,653.05|884.868,667.373|785.346,722.261|875.644,737.575|933.934,717.391|1014.9,745.326|949.148,731.589|997.753,918.444|1045.68,1186.62|998.204,1321.67|1013.18,1467.74|905.022,915.501|904.052,1190.69|892.82,1382.33|899.454,1533.15|982.509,593.408|958.961,566.524|988.79,553.933|1037.37,578.113|959.46,543.504|954.877,540.812
220|1|951.009,910.702|960.073,819.004|967.605,745.079|977.508,635.259|994.089,653.436|1070.78,670.505|1121.75,824.212|1036.73,933.645|989.427,897.139|947.274,847.996|985.063,870.34|957.232,653.894|884.579,667.573|783.412,721.777|875.259,738.196|932.844,719.502|1014.7,747.257|948.698,732.487|998.929,911.645|1041.85,1175.68|999.115,1306.47|1014.67,1450.23|907.17,909.969|902.96,1180.32|894.817,1363.91|898.75,1512.61|982.969,595.3|969.16,573.521|984.582,549.482|1025.17,552.508|952.682,555.908|930.654,564.512
221|1|951.01,910.701|960.073,819.002|967.605,745.077|977.509,635.257|994.09,653.434|1070.78,670.502|1121.76,824.207|1036.74,933.644|989.434,897.139|947.284,847.995|985.077,870.329|957.233,653.892|884.58,667.572|783.413,721.774|875.261,738.194|932.848,719.501|1014.7,747.262|948.703,732.487|998.93,911.644|1041.86,1175.68|999.114,1306.46|1014.67,1450.2|907.17,909.968|902.962,1180.32|894.819,1363.89|898.752,1512.58|982.97,595.298|969.172,573.496|984.601,549.467|1025.18,552.518|952.699,555.883|930.665,564.493
222|1|951.01,910.701|960.073,819.002|967.605,745.077|977.509,635.257|994.09,653.434|1070.78,670.502|1121.76,824.207|1036.74,933.644|989.434,897.139|947.284,847.995|985.077,870.329|957.233,653.892|884.58,667.572|783.413,721.774|875.261,738.194|932.848,719.501|1014.7,747.262|948.703,732.487|998.93,911.644|1041.86,1175.68|999.114,1306.46|1014.67,1450.2|907.17,909.968|902.962,1180.32|894.819,1363.89|898.752,1512.58|982.97,595.298|969.172,573.496|984.601,549.467|1025.18,552.518|952.699,555.883|930.665,564.493
223|1|951.01,910.701|960.073,819.002|967.606,745.077|977.509,635.257|994.09,653.434|1070.78,670.502|1121.76,824.207|1036.74,933.644|989.436,897.14|947.286,847.996|985.08,870.328|957.233,653.892|884.58,667.571|783.413,721.774|875.26,738.194|932.848,719.502|1014.7,747.263|948.703,732.488|998.93,911.644|1041.86,1175.68|999.113,1306.45|1014.67,1450.2|907.17,909.968|902.962,1180.32|894.819,1363.88|898.753,1512.57|982.971,595.298|969.176,573.494|984.605,549.465|1025.19,552.52|952.703,555.88|930.667,564.49
224|1|955.348,914.309|962.923,821.144|969.069,745.959|977.876,635.078|994.588,653.389|1070.66,670.798|1120.96,823.777|1036.87,933.146|989.66,897.282|947.468,848.875|987.929,867.041|957.863,653.86|885.541,667.609|782.788,720.912|871.988,739.386|927.57,713.845|1009.45,718.83|950.443,732.487|1003.65,915.21|1044.67,1181.66|1004.88,1309.67|1017.6,1451.79|911.267,913.618|905.314,1186.18|899.536,1363.62|903.232,1509.18|982.843,594.693|963.725,570.498|979.74,547.069|1023.51,551.176|948.398,554.062|930.743,565.158
225|1|955.348,914.309|962.923,821.144|969.069,745.959|977.876,635.078|994.588,653.389|1070.66,670.798|1120.96,823.777|1036.87,933.146|989.66,897.282|947.468,848.875|987.929,867.041|957.863,653.86|885.541,667.609|782.788,720.912|871.988,739.386|927.57,713.845|1009.45,718.83|950.443,732.487|1003.65,915.21|1044.67,1181.66|1004.88,1309.67|1017.6,1451.79|911.267,913.618|905.314,1186.18|899.536,1363.62|903.232,1509.18|982.843,594.693|963.725,570.498|979.74,547.069|1023.51,551.176|948.398,554.062|930.743,565.158
226|1|955.348,914.309|962.923,821.144|969.069,745.959|977.876,635.078|994.588,653.389|1070.66,670.798|1120.96,823.777|1036.87,933.146|989.66,897.282|947.468,848.875|987.929,867.041|957.863,653.86|885.541,667.609|782.788,720.912|871.988,739.386|927.57,713.845|1009.45,718.83|950.443,732.487|1003.65,915.21|1044.67,1181.66|1004.88,1309.67|1017.6,1451.79|911.267,913.618|905.314,1186.18|899.536,1363.62|903.232,1509.18|982.843,594.693|963.725,570.498|979.74,547.069|1023.51,551.176|948.398,554.062|930.743,565.158
227|1|955.348,914.309|962.923,821.144|969.069,745.959|977.876,635.078|994.588,653.389|1070.66,670.798|1120.96,823.777|1036.87,933.146|989.66,897.282|947.468,848.875|987.929,867.041|957.863,653.86|885.541,667.609|782.788,720.912|871.988,739.386|927.57,713.845|1009.45,718.83|950.443,732.487|1003.65,915.21|1044.67,1181.66|1004.88,1309.67|1017.6,1451.79|911.267,913.618|905.314,1186.18|899.536,1363.62|903.232,1509.18|982.843,594.693|963.725,570.498|979.74,547.069|1023.51,551.176|948.398,554.062|930.743,565.158
228|1|955.348,914.309|962.923,821.144|969.069,745.96|977.876,635.078|994.588,653.389|1070.66,670.798|1120.96,823.777|1036.87,933.146|989.66,897.282|947.469,848.875|987.929,867.042|957.863,653.86|885.542,667.609|782.788,720.912|871.988,739.387|927.57,713.846|1009.45,718.832|950.443,732.488|1003.65,915.21|1044.67,1181.66|1004.88,1309.67|1017.6,1451.79|911.267,913.618|905.314,1186.18|899.536,1363.62|903.232,1509.18|982.843,594.693|963.727,570.499|979.743,547.069|1023.51,551.177|948.401,554.062|930.744,565.158
229|1|955.288,914.225|962.927,821.056|969.127,745.872|978.154,635.004|994.836,653.347|1070.92,670.962|1120.42,824.185|1035.93,933.123|989.107,897.021|947.559,848.42|986.45,868.122|958.098,653.752|885.739,667.506|782.715,720.853|871.765,740.163|929.385,717.592|1012.38,738.573|949.098,734.965|1003.59,915.158|1044.98,1181.61|1005.21,1310.83|1018.27,1453.29|911.2,913.505|905.741,1186.12|899.783,1361.61|903.753,1506.65|983.207,594.626|972.01,568.141|988.87,546.469|1028.23,555.122|956.857,550.442|933.747,560.283
230|1|955.288,914.225|962.927,821.056|969.127,745.872|978.154,635.004|994.836,653.347|1070.92,670.962|1120.42,824.185|1035.93,933.123|989.107,897.021|947.559,848.42|986.45,868.122|958.098,653.752|885.739,667.506|782.715,720.853|871.765,740.163|929.385,717.592|1012.38,738.573|949.098,734.965|1003.59,915.158|1044.98,1181.61|1005.21,1310.83|1018.27,1453.29|911.2,913.505|905.741,1186.12|899.783,1361.61|903.753,1506.65|983.207,594.626|972.01,568.141|988.87,546.469|1028.23,555.122|956.857,550.442|933.747,560.283
231|1|955.288,914.225|962.927,821.056|969.127,745.872|978.154,635.004|994.836,653.347|1070.92,670.962|1120.42,824.185|1035.93,933.123|989.107,897.021|947.559,848.42|986.45,868.122|958.098,653.752|885.739,667.506|782.715,720.853|871.765,740.163|929.385,717.592|1012.38,738.573|949.098,734.965|1003.59,915.158|1044.98,1181.61|1005.21,1310.83|1018.27,1453.29|911.2,913.505|905.741,1186.12|899.783,1361.61|903.753,1506.65|983.207,594.626|972.01,568.141|988.87,546.469|1028.23,555.122|956.857,550.442|933.747,560.283
232|1|954.815,914.734|962.498,821.501|968.733,746.268|977.428,635.312|994.198,653.645|1070.63,671.218|1120.58,824.624|1035.2,933.168|988.476,896.749|946.995,847.948|984.179,870.343|957.402,654.1|884.993,667.866|782.626,720.184|872.225,739.52|929.779,719.609|1011.29,743.075|947.113,732.906|1003.16,915.716|1045.46,1182.33|1005.43,1312.82|1018.87,1455.66|910.692,913.969|905.913,1186.84|899.822,1361.33|904.392,1506.17|982.322,594.899|967.147,572.912|986.186,550.789|1028.81,557.864|954.041,553.292|934.611,558.209
233|1|954.815,914.734|962.498,821.501|968.733,746.268|977.428,635.312|994.199,653.644|1070.63,671.217|1120.58,824.623|1035.2,933.169|988.478,896.75|946.997,847.949|984.18,870.345|957.402,654.1|884.993,667.866|782.626,720.184|872.225,739.521|929.78,719.611|1011.29,743.081|947.112,732.908|1003.16,915.716|1045.46,1182.33|1005.43,1312.82|1018.87,1455.66|910.692,913.969|905.913,1186.84|899.822,1361.33|904.392,1506.16|982.322,594.899|967.152,572.908|986.19,550.785|1028.81,557.864|954.045,553.288|934.611,558.208
234|1|954.815,914.734|962.498,821.501|968.733,746.268|977.428,635.312|994.199,653.644|1070.63,671.217|1120.58,824.623|1035.2,933.169|988.478,896.75|946.997,847.949|984.18,870.345|957.402,654.1|884.993,667.866|782.626,720.184|872.225,739.521|929.78,719.611|1011.29,743.081|947.112,732.908|1003.16,915.716|1045.46,1182.33|1005.43,1312.82|1018.87,1455.66|910.692,913.969|905.913,1186.84|899.822,1361.33|904.392,1506.16|982.322,594.899|967.152,572.908|986.19,550.785|1028.81,557.864|954.045,553.288|934.611,558.208
235|1|954.568,914.457|962.318,821.141|968.595,745.802|977.012,634.625|993.847,652.966|1070.47,670.246|1122.26,823.276|1038.1,933.181|990.726,897.438|948.315,849.244|985.159,872.253|957.017,653.476|884.598,667.551|782.559,719.967|872.443,738.347|930.208,719.991|1011.45,746.927|946.659,732.527|1002.96,915.477|1045.61,1182.2|1005.54,1312.88|1019.26,1455.61|910.405,913.658|906.026,1186.79|899.904,1361.12|904.953,1505.76|981.792,594.117|969.791,571.619|987.224,549.098|1027.36,555.452|955.068,552.668|932.669,559.032
236|1|954.543,914.426|962.287,821.113|968.558,745.776|976.967,634.604|993.803,652.943|1070.41,670.237|1122.14,823.274|1037.95,933.141|990.6,897.389|948.223,849.183|985.062,872.167|956.975,653.454|884.56,667.534|782.513,719.904|872.4,738.299|930.239,720.018|1011.44,747.236|946.626,732.542|1002.94,915.444|1045.6,1182.14|1005.55,1312.85|1019.28,1455.57|910.381,913.628|906.023,1186.74|899.92,1361.08|904.984,1505.71|981.743,594.097|969.398,571.65|986.899,549.114|1027.27,555.421|954.753,552.696|932.627,559.031
237|1|954.543,914.426|962.287,821.113|968.558,745.776|976.967,634.604|993.803,652.943|1070.41,670.237|1122.14,823.274|1037.95,933.141|990.6,897.389|948.223,849.183|985.062,872.167|956.975,653.454|884.56,667.534|782.513,719.904|872.4,738.299|930.239,720.018|1011.44,747.236|946.626,732.542|1002.94,915.444|1045.6,1182.14|1005.55,1312.85|1019.28,1455.57|910.381,913.628|906.023,1186.74|899.92,1361.08|904.984,1505.71|981.743,594.097|969.398,571.65|986.899,549.114|1027.27,555.421|954.753,552.696|932.627,559.031
238|1|951.599,915.312|960.767,821.759|968.111,746.072|977.081,634.333|993.808,652.894|1070.13,670.912|1120.12,824.249|1035.91,933.931|988.771,898.182|946.703,849.993|982.483,874.454|957.016,653.112|884.714,667.668|783.396,720.423|872.883,734.094|931.666,719.103|1000.64,736.104|948.68,732.296|1000.06,917.13|1042.04,1184.51|1000.72,1315.06|1014.65,1457.77|907.38,913.786|902.704,1187.52|895.238,1364.85|900.392,1509.91|982.052,593.613|964.392,572.893|986.229,552.026|1031.12,561.208|954.189,551.621|938.066,552.833
239|1|951.727,913.207|961.048,820.205|968.533,744.961|977.752,633.954|994.379,652.418|1070.3,670.78|1119.36,823.626|1036.87,934.128|989.463,899.44|946.772,852.436|985.062,872.348|957.701,652.605|885.588,667.193|783.287,720.171|872.023,736.097|932.692,718.322|1007.63,741.396|947.15,736.976|999.967,915.091|1039.73,1181.01|998.78,1311.37|1012.17,1453.32|907.713,911.618|901.82,1183.59|893.793,1361.11|898.141,1505.68|982.822,593.513|971.401,570.534|986.037,547.062|1024.59,550.917|954.487,553.512|930.852,563.218
240|1|951.727,913.206|961.048,820.205|968.533,744.962|977.752,633.954|994.379,652.418|1070.3,670.781|1119.36,823.627|1036.87,934.129|989.463,899.441|946.772,852.437|985.06,872.352|957.701,652.605|885.589,667.193|783.288,720.17|872.024,736.099|932.695,718.327|1007.63,741.409|947.152,736.98|999.967,915.091|1039.72,1181.01|998.778,1311.36|1012.17,1453.31|907.713,911.618|901.819,1183.59|893.792,1361.11|898.139,1505.68|982.823,593.514|971.401,570.537|986.039,547.065|1024.59,550.92|954.488,553.513|930.854,563.216
241|1|951.727,913.206|961.048,820.205|968.533,744.962|977.752,633.954|994.379,652.418|1070.3,670.781|1119.36,823.627|1036.87,934.129|989.463,899.441|946.772,852.437|985.06,872.352|957.701,652.605|885.589,667.193|783.288,720.17|872.024,736.099|932.695,718.327|1007.63,741.409|947.152,736.98|999.967,915.091|1039.72,1181.01|998.778,1311.36|1012.17,1453.31|907.713,911.618|901.819,1183.59|893.792,1361.11|898.139,1505.68|982.823,593.514|971.401,570.537|986.039,547.065|1024.59,550.92|954.488,553.513|930.854,563.216
