video_id,frame_index,timestamp_sec,joint_name,speed_ms,velocity_x,velocity_y,velocity_z,accel_ms2,jerk_ms3,reference_valid
KVAL007,0,0.301866,Neck,2.201445,0.5835,0.06855,2.1216,32.386893,19.766669,True
KVAL007,1,0.3352,Neck,1.123186,0.28605,-0.0009,1.08615,32.685287,235.203643,True
KVAL007,2,0.368511,Neck,0.043571,-0.00561,-0.03432,0.02625,16.7944,486.004387,True
KVAL007,3,0.401844,Neck,0.004557,0.00033,0.002775,0.0036,0.654207,251.116749,True
KVAL007,4,0.435177,Neck,0.003322,0.00024,0.00192,0.0027,0.06836,9.879515,True
KVAL007,5,0.468522,Neck,0.0,0.0,0.0,0.0,0.049826,1.025406,True
KVAL007,6,0.501844,Neck,0.0,0.0,0.0,0.0,0.0,0.747393,True
KVAL007,7,0.535177,Neck,0.0,0.0,0.0,0.0,0.0,0.0,True
KVAL007,8,0.568511,Neck,0.0,0.0,0.0,0.0,0.0,0.0,True
KVAL007,9,0.601855,Neck,0.0,0.0,0.0,0.0,0.0,0.0,True
KVAL007,10,0.635166,Neck,0.0,0.0,0.0,0.0,0.0,0.0,True
KVAL007,11,0.6685,Neck,0.0,0.0,0.0,0.0,0.0,0.0,True
KVAL007,12,0.701844,Neck,0.0,0.0,0.0,0.0,0.0,0.0,True
KVAL007,13,0.735177,Neck,0.0,0.0,0.0,0.0,0.0,0.0,True
KVAL007,14,0.768511,Neck,0.0,0.0,0.0,0.0,0.0,0.0,True
KVAL007,15,0.801855,Neck,0.0,0.0,0.0,0.0,0.0,3.820864,True
KVAL007,16,0.835166,Neck,0.0,0.0,0.0,0.0,0.254724,3.825112,True
KVAL007,17,0.8685,Neck,0.016982,0.00027,0.01068,0.0132,0.255007,7.635364,True
KVAL007,18,0.901844,Neck,0.017,0.00027,0.01071,0.0132,0.2543,7.648099,True
KVAL007,19,0.935177,Neck,4.5e-05,0.0,4.5e-05,0.0,0.254866,12.2468,True
KVAL007,20,0.9685,Neck,1.5e-05,0.0,1.5e-05,0.0,0.579057,24.075052,True
KVAL007,21,1.001844,Neck,0.038615,7.5e-05,0.00921,0.0375,1.415263,27.10053,True
KVAL007,22,1.035177,Neck,0.09435,0.020175,-0.00822,0.0918,2.337458,17.748769,True
KVAL007,23,1.068511,Neck,0.192466,0.05493,0.04032,0.18,2.02163,62.879543,True
KVAL007,24,1.101844,Neck,0.218887,0.001545,0.04503,0.2142,2.00606,75.488379,True
KVAL007,25,1.135177,Neck,0.110223,-0.039675,-0.01308,0.102,3.050685,33.83628,True
KVAL007,26,1.168522,Neck,0.01753,-0.00666,-0.000705,0.0162,1.433199,19.12758,True
KVAL007,27,1.201855,Neck,0.019533,0.00417,-0.00816,0.01725,3.514659,41.083732,True
KVAL007,28,1.2352,Neck,0.221491,-0.0051,-0.13083,-0.17865,3.596916,113.631016,True
KVAL007,29,1.268533,Neck,0.228888,-0.00954,-0.122835,-0.1929,4.358823,68.399194,True
KVAL007,30,1.301844,Neck,0.14495,0.123345,0.074085,-0.01755,3.498576,230.973807,True
KVAL007,31,1.335177,Neck,0.344794,0.044955,0.051495,-0.33795,11.798638,64.910608,True
KVAL007,32,1.3685,Neck,0.774903,-0.048,-0.083445,-0.7689,3.12138,271.585886,True
KVAL007,33,1.401833,Neck,0.514451,-0.037575,-0.02634,-0.5124,6.741578,70.687007,True
KVAL007,34,1.435166,Neck,0.444681,-0.026865,0.1803,-0.4056,2.272764,116.834394,True
KVAL007,35,1.468511,Neck,0.521207,0.016245,0.11523,-0.50805,5.405451,154.496155,True
KVAL007,36,1.501833,Neck,0.162688,-0.048825,-0.06384,-0.14145,9.477982,61.559516,True
KVAL007,37,1.535177,Neck,0.118893,-0.036735,-0.05727,0.0975,3.819568,134.52797,True
KVAL007,38,1.568511,Neck,0.116172,0.00633,-0.045975,0.1065,1.406154,53.178439,True
KVAL007,39,1.601844,Neck,0.163326,-0.032235,0.01281,0.1596,2.286009,66.364743,True
KVAL007,40,1.635166,Neck,0.205995,-0.07683,0.056625,0.18255,3.134211,95.95251,True
KVAL007,41,1.668511,Neck,0.074816,0.004485,-0.068715,-0.02925,4.163984,70.190751,True
KVAL007,42,1.701833,Neck,0.1179,0.02628,-0.11448,-0.0102,1.668213,82.686593,True
KVAL007,43,1.735177,Neck,0.102503,-0.055545,-0.057945,0.06375,1.675906,34.24281,True
KVAL007,44,1.7685,Neck,0.061534,-0.051045,-0.034005,-0.00495,0.914011,49.378539,True
KVAL007,45,1.801844,Neck,0.054323,-0.01113,-0.01863,0.0498,1.664871,40.735318,True
KVAL007,46,1.835166,Neck,0.108098,0.03336,-0.099945,0.02415,2.713517,57.693806,True
KVAL007,47,1.868511,Neck,0.158733,0.07905,-0.117225,-0.07215,2.533143,75.310784,True
KVAL007,48,1.901833,Neck,0.097952,0.020415,0.020415,-0.0936,2.524165,59.847161,True
KVAL007,49,1.935177,Neck,0.049031,-0.013455,0.020205,-0.0426,1.473194,50.326563,True
KVAL007,50,1.9685,Neck,0.048265,0.011925,-0.04278,-0.0189,1.692427,46.94021,True
KVAL007,51,2.001833,Neck,0.155472,0.009615,0.02676,-0.15285,1.664515,60.050964,True
KVAL007,52,2.035177,Neck,0.114579,0.01473,0.016995,-0.11235,2.387902,55.699241,True
KVAL007,53,2.068511,Neck,0.042765,0.039495,0.016095,0.00315,2.541105,27.471761,True
KVAL007,54,2.101833,Neck,0.100635,0.029625,0.08688,0.04125,1.016557,56.940798,True
KVAL007,55,2.135166,Neck,0.082463,0.02433,0.054555,0.05685,1.517178,32.021731,True
KVAL007,56,2.1685,Neck,0.023943,0.02295,-0.00633,0.00255,1.198776,28.176493,True
KVAL007,57,2.201833,Neck,0.013724,0.006195,-0.00741,0.00975,0.873734,17.966094,True
KVAL007,58,2.235166,Neck,0.038523,-0.02082,0.01962,-0.0258,0.840889,24.601348,True
KVAL007,59,2.268511,Neck,0.043076,-0.02676,0.00894,-0.03255,0.840275,21.829736,True
KVAL007,60,2.301833,Neck,0.02966,0.000405,-0.02877,-0.0072,0.622321,21.43932,True
KVAL007,61,2.335177,Neck,0.01203,-0.009585,-0.00708,0.00165,0.655389,6.431037,True
KVAL007,62,2.368511,Neck,0.019171,-0.01566,0.01023,0.0042,0.265296,6.72499,True
KVAL007,63,2.401855,Neck,0.015175,0.003165,-0.00546,0.0138,0.210248,11.477476,True
KVAL007,64,2.435177,Neck,0.032305,-0.02223,0.021705,0.00885,0.633157,13.117128,True
KVAL007,65,2.468511,Neck,0.045004,-0.03303,0.010245,0.0288,0.727969,22.364372,True
KVAL007,66,2.501833,Neck,0.038983,-0.00795,-0.017235,0.03405,1.195292,22.455873,True
KVAL007,67,2.535166,Neck,0.076592,0.013275,0.07377,0.01575,1.15838,49.763329,True
KVAL007,68,2.5685,Neck,0.085669,0.02892,0.04047,0.06975,2.264332,39.244318,True
KVAL007,69,2.601844,Neck,0.095625,0.00903,-0.06846,0.06615,1.45964,54.147958,True
KVAL007,70,2.635166,Neck,0.050532,-0.01929,-0.034755,0.0312,1.414202,35.740027,True
KVAL007,71,2.668511,Neck,0.049519,-0.0249,0.015495,0.0399,1.093346,27.009193,True
KVAL007,72,2.701844,Neck,0.034777,-0.00057,0.03285,0.0114,0.449768,22.361699,True
KVAL007,73,2.735177,Neck,0.033644,-0.010575,-0.00915,0.0306,0.437906,18.726886,True
KVAL007,74,2.7685,Neck,0.035957,-0.01203,0.014235,0.03075,1.044054,27.012704,True
KVAL007,75,2.801844,Neck,0.04878,0.019665,0.04461,-0.00165,1.529811,38.130497,True
KVAL007,76,2.835166,Neck,0.066731,0.0132,-0.014655,-0.06375,1.76788,36.501646,True
KVAL007,77,2.868511,Neck,0.077405,-0.004185,-0.06174,-0.0465,1.061814,43.305699,True
KVAL007,78,2.901833,Neck,0.044008,-0.00165,-0.043965,-0.00105,1.128078,16.722166,True
KVAL007,79,2.935166,Neck,0.021073,-0.000765,0.00831,-0.01935,0.50996,23.610797,True
KVAL007,80,2.9685,Neck,0.023166,-0.005385,-0.01518,0.01665,0.762372,12.796516,True
KVAL007,81,3.001844,Neck,0.031815,-0.003645,-0.025875,0.01815,0.75139,26.912747,True
KVAL007,82,3.035166,Neck,0.031132,-0.016365,0.01467,-0.02205,1.052729,8.673215,True
KVAL007,83,3.068511,Neck,0.045039,-0.017025,0.010515,-0.04035,0.193372,21.684766,True
KVAL007,84,3.101844,Neck,0.041586,-0.014265,0.023505,-0.0312,0.515847,15.276971,True
KVAL007,85,3.135177,Neck,0.026905,-0.01623,0.02016,-0.00735,0.832799,9.504751,True
KVAL007,86,3.168522,Neck,0.017758,-0.007575,-0.00915,0.0132,0.40357,16.014882,True
KVAL007,87,3.201855,Neck,0.0,0.0,0.0,0.0,0.266369,6.05355,True
KVAL007,88,3.235188,Neck,0.0,0.0,0.0,0.0,0.0,6.272113,True
KVAL007,89,3.268533,Neck,0.0,0.0,0.0,0.0,0.162053,4.538633,True
KVAL007,90,3.301866,Neck,0.010804,-0.00828,-0.00291,0.0063,0.302576,2.842746,True
KVAL007,91,3.335166,Neck,0.020172,-0.016455,-0.007425,0.009,0.067607,8.890294,True
KVAL007,92,3.368511,Neck,0.010697,-0.00915,-0.004995,0.0024,0.290223,2.781066,True
KVAL007,93,3.401844,Neck,0.001127,-0.000975,-0.00048,-0.0003,0.16046,22.923292,True
KVAL007,94,3.435177,Neck,0.0,0.0,0.0,0.0,1.643917,25.900124,True
KVAL007,95,3.468511,Neck,0.109862,-0.01227,0.028275,-0.10545,1.728615,57.025745,True
KVAL007,96,3.501855,Neck,0.115241,-0.022785,0.001905,-0.11295,2.274444,56.338165,True
KVAL007,97,3.535177,Neck,0.076326,0.00684,-0.07596,0.003,2.094789,46.799876,True
KVAL007,98,3.568522,Neck,0.053578,0.017355,-0.04959,0.0105,1.026612,39.416144,True
KVAL007,99,3.601833,Neck,0.009034,-0.00255,-0.00837,-0.00225,0.670078,14.985382,True
KVAL007,100,3.635177,Neck,0.017127,-0.006735,-0.01509,-0.0045,0.034843,8.668379,True
KVAL007,101,3.6685,Neck,0.00823,-0.004185,-0.00672,-0.00225,0.167698,1.976877,True
KVAL007,102,3.701833,Neck,0.012701,-0.00351,-0.006225,-0.0105,0.126593,2.270926,True
KVAL007,103,3.735177,Neck,0.012837,-0.003525,-0.00624,-0.01065,0.220609,1.966394,True
KVAL007,104,3.768511,Neck,0.025029,-0.00255,-0.002715,-0.02475,0.254899,2.949746,True
KVAL007,105,3.801844,Neck,0.027617,-0.003015,-0.00288,-0.0273,0.186082,7.835733,True
KVAL007,106,3.835177,Neck,0.034778,-0.012315,-0.00285,-0.0324,0.473807,19.843377,True
KVAL007,107,3.8685,Neck,0.047088,-0.033735,-0.008805,-0.03165,1.292389,19.621615,True
KVAL007,108,3.901844,Neck,0.076247,-0.04113,0.062085,0.01635,1.066756,38.88844,True
KVAL007,109,3.935166,Neck,0.060939,-0.025035,0.0555,-0.00255,1.310011,28.791445,True
KVAL007,110,3.968511,Neck,0.040684,-0.025365,-0.01014,-0.03015,0.866172,21.439124,True
KVAL007,111,4.001833,Neck,0.028479,-0.02001,0.000765,-0.02025,0.401679,11.79362,True
KVAL007,112,4.035166,Neck,0.02851,-0.000375,-0.00066,-0.0285,0.67685,7.073566,True
KVAL007,113,4.0685,Neck,0.056276,0.006825,-0.00948,-0.05505,0.266619,21.051404,True
KVAL007,114,4.101833,Neck,0.044896,0.00435,-0.00807,-0.04395,0.763737,13.327581,True
KVAL007,115,4.135166,Neck,0.007349,-0.002415,0.002565,-0.00645,0.622993,12.008405,True
KVAL007,116,4.168511,Neck,0.009418,-0.004035,0.00618,-0.00585,0.115739,9.61596,True
KVAL007,117,4.201833,Neck,0.014283,-0.00381,0.009075,-0.01035,0.081967,1.410249,True
KVAL007,118,4.235177,Neck,0.005513,0.00021,0.002955,-0.00465,0.08215,18.683015,True
KVAL007,119,4.2685,Neck,0.018131,-0.000555,0.011385,-0.0141,1.226778,11.580223,True
KVAL007,120,4.301844,Neck,0.087053,0.02058,0.029295,-0.07935,0.84563,37.915147,True
KVAL007,121,4.335166,Neck,0.071351,0.021135,0.018105,-0.0657,1.301006,19.229136,True
KVAL007,122,4.368511,Neck,0.000329,0.0,0.000135,-0.0003,0.718858,37.697867,True
KVAL007,123,4.401844,Neck,0.077733,0.007905,0.06063,-0.048,1.302406,37.779524,True
KVAL007,124,4.435177,Neck,0.087126,0.003705,0.065265,-0.0576,2.314781,58.345987,True
KVAL007,125,4.4685,Neck,0.085973,0.003645,-0.019935,0.08355,2.621424,37.356554,True
KVAL007,126,4.501844,Neck,0.094101,-0.00141,-0.028875,0.08955,0.609596,50.496314,True
KVAL007,127,4.535166,Neck,0.08146,-0.032775,-0.029715,0.0684,0.864562,26.848796,True
KVAL007,128,4.568511,Neck,0.054419,-0.03105,-0.012525,0.0429,1.708447,23.244596,True
KVAL007,129,4.601844,Neck,0.037207,-0.00741,0.01416,-0.0336,2.049001,13.251692,True
KVAL007,130,4.635177,Neck,0.089702,-0.00126,0.04707,-0.07635,0.864846,42.944872,True
KVAL007,131,4.6685,Neck,0.094238,-0.00621,0.04074,-0.08475,1.227468,27.035041,True
KVAL007,132,4.701844,Neck,0.073652,0.01923,-0.03117,-0.0639,0.982916,32.523393,True
KVAL007,133,4.735177,Neck,0.04774,-0.00978,-0.01146,-0.0453,1.339911,14.313591,True
KVAL007,134,4.768522,Neck,0.044459,-0.04353,0.00087,-0.009,0.124013,35.274462,True
KVAL007,135,4.801833,Neck,0.049798,-0.01779,-0.013365,-0.04455,1.200748,4.435934,True
KVAL007,136,4.835177,Neck,0.093354,-0.03096,0.001905,-0.08805,0.346917,46.905565,True
KVAL007,137,4.8685,Neck,0.067439,-0.034545,-0.004425,-0.05775,1.93486,23.573419,True
KVAL007,138,4.901844,Neck,0.072098,-0.0594,0.017865,0.03675,1.431729,42.697786,True
KVAL007,139,4.935166,Neck,0.064049,-0.049695,0.02493,0.0318,1.089731,32.770883,True
KVAL007,140,4.968511,Neck,0.00505,-0.00198,0.001155,-0.0045,0.880173,17.875915,True
KVAL007,141,5.001833,Neck,0.017954,-0.00588,0.01581,-0.00615,0.228818,13.174764,True
KVAL007,142,5.035166,Neck,0.017954,-0.00588,0.01581,-0.00615,0.269313,5.705719,True
KVAL007,143,5.0685,Neck,0.0,0.0,0.0,0.0,0.171558,10.288249,True
KVAL007,144,5.101844,Neck,0.013727,-0.00867,0.005175,-0.0093,0.444,10.159286,True
KVAL007,145,5.135177,Neck,0.0296,-0.01428,0.014565,-0.02145,0.558294,15.375004,True
KVAL007,146,5.168522,Neck,0.04559,0.00234,0.0333,-0.03105,0.839676,23.640661,True
KVAL007,147,5.201833,Neck,0.057879,0.0204,-0.01782,-0.05115,1.134773,18.861073,True
KVAL007,148,5.235177,Neck,0.054302,0.01236,-0.04167,-0.03255,0.564401,25.831501,True
KVAL007,149,5.2685,Neck,0.061878,-0.015945,-0.01161,-0.05865,0.741845,17.823996,True
KVAL007,150,5.301833,Neck,0.061986,-0.01734,-0.0117,-0.05835,0.810582,15.741721,True
KVAL007,151,5.335166,Neck,0.009481,0.002475,-0.00018,-0.00915,0.43181,16.417573,True
KVAL007,152,5.368511,Neck,0.035254,-0.002505,-0.003885,-0.03495,0.284987,12.931263,True
KVAL007,153,5.401833,Neck,0.027174,-0.00447,-0.002355,-0.0267,1.156201,19.049335,True
KVAL007,154,5.435166,Neck,0.042709,-0.0096,0.00234,0.04155,1.010609,31.92374,True
KVAL007,155,5.4685,Neck,0.041837,-0.01098,-0.001275,0.04035,0.975286,30.872338,True
KVAL007,156,5.501844,Neck,0.022839,0.000675,0.00285,-0.02265,1.049956,28.731862,True
KVAL007,157,5.535166,Neck,0.028496,0.00243,-0.001545,-0.02835,0.958091,31.513662,True
KVAL007,158,5.568511,Neck,0.04427,-0.01632,0.01791,0.03705,1.063088,27.551853,True
KVAL007,159,5.601844,Neck,0.043809,-0.017565,0.01215,0.03825,0.899994,26.778244,True
KVAL007,160,5.635188,Neck,0.016894,0.002385,-0.012375,-0.01125,0.725921,17.133619,True
KVAL007,161,5.6685,Neck,0.004818,0.00126,1.5e-05,-0.00465,0.251891,2.780283,True
KVAL007,162,5.701833,Neck,0.000136,1.5e-05,-0.000135,0.0,0.801549,17.156017,True
KVAL007,163,5.735166,Neck,0.058239,0.0156,-0.004245,-0.05595,0.955129,17.857318,True
KVAL007,164,5.768511,Neck,0.063682,0.019545,-0.001005,-0.0606,0.737522,20.225734,True
KVAL007,165,5.801844,Neck,0.068773,0.00705,0.04404,-0.05235,0.643009,36.753194,True
KVAL007,166,5.835188,Neck,0.060781,-0.002805,0.03408,-0.05025,1.975917,32.999621,True
KVAL007,167,5.868511,Neck,0.063077,-0.011445,-0.038355,0.04875,1.919112,41.514456,True
KVAL007,168,5.901855,Neck,0.067698,-0.005805,-0.044655,0.05055,0.794498,44.033676,True
KVAL007,169,5.935177,Neck,0.010781,-0.000915,-0.00891,0.006,1.026448,7.495429,True
KVAL007,170,5.968511,Neck,0.006779,0.000345,0.00531,0.0042,0.294988,16.682986,True
KVAL007,171,6.001844,Neck,0.010427,0.00246,0.00216,-0.0099,0.167539,5.315972,True
KVAL007,172,6.035177,Neck,0.005565,-0.003,-0.004665,0.00045,0.227047,10.993133,True
KVAL007,173,6.0685,Neck,0.021951,0.009315,-0.008745,-0.01785,0.75979,8.651986,True
KVAL007,174,6.101844,Neck,0.049753,0.020025,-0.010785,-0.04425,0.376805,28.114341,True
KVAL007,175,6.135177,Neck,0.00571,0.00177,-0.00186,0.0051,1.122394,6.333274,True
KVAL007,176,6.168511,Neck,0.025922,-0.002565,0.005505,0.0252,0.053354,22.570914,True
KVAL007,177,6.201833,Neck,0.002713,0.001905,-0.001005,0.00165,0.388582,0.612886,True
KVAL007,178,6.235177,Neck,0.000604,-1.5e-05,-0.000585,0.00015,0.040615,12.042265,True
KVAL007,179,6.268511,Neck,1.5e-05,0.0,-1.5e-05,0.0,0.431923,6.514681,True
KVAL007,180,6.301855,Neck,0.028614,0.004605,0.01464,0.02415,0.415186,8.412575,True
KVAL007,181,6.335166,Neck,0.027672,0.00321,0.013395,0.024,0.279106,8.054671,True
KVAL007,182,6.368511,Neck,0.030984,-0.007005,0.001395,0.03015,0.233034,22.503381,True
KVAL007,183,6.401844,Neck,0.027083,-0.001875,-0.000975,0.027,1.409938,19.697672,True
KVAL007,184,6.435177,Neck,0.064107,0.009855,-0.0228,-0.0591,1.2573,36.700519,True
KVAL007,185,6.468511,Neck,0.056989,0.00564,-0.0072,-0.05625,1.049927,32.149773,True
KVAL007,186,6.501855,Neck,0.009212,-0.000885,0.00885,0.0024,0.886025,17.442411,True
KVAL007,187,6.535177,Neck,0.003784,7.5e-05,-0.002925,0.0024,0.191335,11.629416,True
KVAL007,188,6.568511,Neck,0.004145,0.00099,-0.003735,0.0015,0.191515,8.530722,True
KVAL007,189,6.601833,Neck,0.012543,-0.005085,0.00627,0.0096,0.394418,6.061748,True
KVAL007,190,6.635177,Neck,0.024177,-0.00171,0.018,0.01605,0.21867,14.117683,True
KVAL007,191,6.6685,Neck,0.006356,0.004965,-0.002205,0.0033,0.68615,10.442656,True
KVAL007,192,6.701844,Neck,0.043553,0.00252,-0.02226,0.03735,0.617181,20.553242,True
KVAL007,193,6.735166,Neck,0.04154,-0.019815,-0.02997,0.02085,0.875656,24.789757,True
KVAL007,194,6.768511,Neck,0.030411,-0.01728,-0.017985,-0.0174,1.195596,38.723512,True
KVAL007,195,6.801844,Neck,0.063559,0.000255,0.04251,0.04725,1.77409,30.443309,True
KVAL007,196,6.835188,Neck,0.099891,-0.01974,0.01056,0.09735,1.005055,49.75156,True
KVAL007,197,6.8685,Neck,0.079891,-0.0147,-0.01566,0.07695,1.593035,33.015101,True
KVAL007,198,6.901844,Neck,0.016014,0.01587,-0.00042,-0.0021,1.358771,29.114508,True
KVAL007,199,6.935166,Neck,0.032156,0.030105,0.010935,0.00285,0.423191,29.122159,True
KVAL007,200,6.9685,Neck,0.031809,0.018,0.016665,0.02025,1.026822,20.652477,True
KVAL007,201,7.001844,Neck,0.050578,0.000795,-0.04947,-0.0105,1.038822,35.045528,True
KVAL007,202,7.035177,Neck,0.047224,-0.00885,-0.045825,0.0072,1.378626,37.002854,True
KVAL007,203,7.068522,Neck,0.043305,0.00042,0.04242,-0.0087,1.505786,32.043704,True
KVAL007,204,7.101855,Neck,0.053669,0.00774,0.0498,-0.01845,0.830885,37.471332,True
KVAL007,205,7.135188,Neck,0.019757,0.005235,-0.00579,0.01815,1.259873,28.905658,True
KVAL007,206,7.168533,Neck,0.07028,-0.02592,-0.012075,-0.0642,1.425492,53.458016,True
KVAL007,207,7.201866,Neck,0.077034,-0.028275,-0.012825,-0.0705,2.605935,79.255549,True
KVAL007,208,7.235166,Neck,0.11189,0.088875,-0.015645,0.06615,3.931263,33.784344,True
KVAL007,209,7.2685,Neck,0.193275,0.14394,-0.023895,0.12675,0.930536,87.328274,True
KVAL007,210,7.301844,Neck,0.144462,0.072675,-0.003555,0.1248,2.15118,31.910799,True
KVAL007,211,7.335177,Neck,0.092369,0.00699,0.000825,0.0921,1.47633,34.477121,True
KVAL007,212,7.368522,Neck,0.059435,0.006615,-0.02289,0.05445,0.676489,20.019104,True
KVAL007,213,7.401855,Neck,0.055658,0.018015,-0.013695,0.05085,0.493525,13.714442,True
KVAL007,214,7.435188,Neck,0.078343,-0.01455,-0.04728,0.06075,1.019289,19.310827,True
KVAL007,215,7.468533,Neck,0.072466,-0.0162,-0.06621,0.0246,0.974601,26.178434,True
KVAL007,216,7.501866,Neck,0.027258,-0.008745,-0.025815,-0.0003,0.921387,14.585257,True
KVAL007,217,7.535177,Neck,0.016457,-0.01359,-0.00849,0.00375,0.363076,9.902308,True
KVAL007,218,7.568511,Neck,0.005247,-0.00297,-0.00261,0.00345,0.744074,8.788221,True
KVAL007,219,7.601833,Neck,0.034307,0.020055,0.01827,-0.021,0.320725,30.310581,True
KVAL007,220,7.635166,Neck,0.026075,-0.0048,-0.015315,0.02055,1.28522,12.73008,True
KVAL007,221,7.6685,Neck,0.051449,-0.026415,-0.02916,0.03315,0.528109,30.671644,True
KVAL007,222,7.701844,Neck,0.009633,-0.001545,0.004455,-0.0084,1.136078,23.45391,True
KVAL007,223,7.735166,Neck,0.072086,0.0216,0.019335,0.066,1.076768,37.822614,True
KVAL007,224,7.7685,Neck,0.062819,0.00414,-0.00594,0.0624,1.444868,30.849198,True
KVAL007,225,7.801844,Neck,0.034085,-0.027345,-0.018855,-0.00765,0.982093,27.21971,True
KVAL007,226,7.835188,Neck,0.004641,-0.00321,-0.002175,-0.00255,0.542078,10.957047,True
KVAL007,227,7.8685,Neck,0.01332,-0.00336,0.00807,-0.01005,0.400429,11.331869,True
KVAL007,228,7.901833,Neck,0.027769,-0.00672,0.0165,-0.0213,0.579259,10.537919,True
KVAL007,229,7.935166,Neck,0.048254,0.00264,0.004185,-0.048,0.583077,24.320872,True
KVAL007,230,7.968511,Neck,0.050072,0.002355,-0.009,-0.0492,1.070476,25.408623,True
KVAL007,231,8.001844,Neck,0.026588,0.01458,-0.00384,0.0219,1.196346,28.346434,True
KVAL007,232,8.035177,Neck,0.031985,0.013605,0.00585,0.02835,0.851956,27.939825,True
KVAL007,233,8.0685,Neck,0.032791,-0.005265,0.01914,-0.0261,0.712757,23.115842,True
KVAL007,234,8.101833,Neck,0.024335,0.0024,0.018,-0.0162,0.701416,19.926967,True
KVAL007,235,8.135177,Neck,0.023889,0.021225,0.00501,0.00975,0.616182,10.414699,True
KVAL007,236,8.168511,Neck,0.025519,0.01245,0.005445,0.0216,0.234955,19.384461,True
KVAL007,237,8.201833,Neck,0.031765,0.031335,-0.004545,0.00255,0.744372,11.080358,True
KVAL007,238,8.235177,Neck,0.03734,0.026565,0.0039,-0.02595,0.582012,18.643195,True
KVAL007,239,8.268511,Neck,0.012688,-0.00384,0.004035,-0.0114,0.607569,12.171901,True
KVAL007,240,8.301855,Neck,0.020988,0.00387,-0.02043,-0.00285,0.488829,18.634634,True
KVAL007,241,8.335166,Neck,0.028418,-0.009945,-0.02655,-0.00195,0.690258,22.289124,True
KVAL007,242,8.3685,Neck,0.03197,0.007365,0.02067,-0.02325,1.013714,19.452952,True
KVAL007,243,8.401844,Neck,0.045031,0.02001,0.0273,-0.0297,0.633143,33.995978,True
KVAL007,244,8.435177,Neck,0.010332,-0.003615,-0.00708,0.0066,1.265087,19.158208,True
KVAL007,245,8.4685,Neck,0.039851,-0.01902,-0.029385,0.01905,0.681942,29.054454,True
KVAL007,246,8.501844,Neck,0.036904,0.013005,0.003585,-0.03435,0.711449,30.60588,True
KVAL007,247,8.535177,Neck,0.016054,0.01314,0.00381,0.0084,1.365467,16.203868,True
KVAL007,248,8.568511,Neck,0.054236,-0.01425,-0.00369,0.0522,0.48025,27.570561,True
KVAL007,249,8.601833,Neck,0.029726,-0.013785,0.006585,0.0255,0.508722,15.846475,True
KVAL007,250,8.635177,Neck,0.026738,-0.014625,-0.011505,0.0192,0.605449,11.107436,True
KVAL007,251,8.6685,Neck,0.014009,0.007365,0.00798,-0.00885,0.99927,4.049219,True
KVAL007,252,8.701833,Neck,0.040292,0.01767,0.01146,-0.03435,0.505929,24.525084,True
KVAL007,253,8.735166,Neck,0.0437,0.01158,0.003405,-0.042,0.638124,18.867134,True
KVAL007,254,8.768511,Neck,0.005337,0.001155,-0.00507,0.0012,0.758734,10.991914,True
KVAL007,255,8.801844,Neck,0.009958,0.005775,-0.00045,0.0081,0.189391,16.710515,True
KVAL007,256,8.835177,Neck,0.013882,0.01347,-0.00249,0.00225,0.442704,6.535581,True
KVAL007,257,8.8685,Neck,0.030771,0.029115,0.001065,-0.0099,0.37696,17.939776,True
KVAL007,258,8.901844,Neck,0.025227,0.01185,0.004785,-0.02175,0.827715,19.985379,True
KVAL007,259,8.935166,Neck,0.035143,-0.013845,-0.032295,-0.0006,0.995307,20.66122,True
KVAL007,260,8.968511,Neck,0.041268,-0.01869,-0.013185,0.03435,0.744123,27.837796,True
KVAL007,261,9.001833,Neck,0.024783,-0.012825,0.014685,0.0153,0.867453,17.524019,True
KVAL007,262,9.035177,Neck,0.019566,0.014265,-0.004935,-0.01245,0.639288,19.841857,True
KVAL007,263,9.068511,Neck,0.033641,0.022155,-0.008055,0.024,0.498152,15.850613,True
KVAL007,264,9.101844,Neck,0.023564,0.010545,-0.004665,0.02055,0.477509,12.181794,True
KVAL007,265,9.135166,Neck,0.002504,0.002415,-0.000645,0.00015,0.352425,6.782365,True
KVAL007,266,9.168511,Neck,0.000142,0.000135,-4.5e-05,0.0,0.037128,5.271,True
KVAL007,267,9.201844,Neck,3e-05,3e-05,0.0,0.0,0.002135,24.683074,True
KVAL007,268,9.235188,Neck,0.0,0.0,0.0,0.0,1.6086,32.983467,True
KVAL007,269,9.2685,Neck,0.107269,0.102285,-0.032115,-0.0036,2.196894,87.98814,True
KVAL007,270,9.301844,Neck,0.14646,0.116715,-0.084585,0.02595,5.193487,125.030368,True
KVAL007,271,9.335177,Neck,0.331413,0.105945,0.313965,0.006,6.759103,151.430486,True
KVAL007,272,9.368511,Neck,0.374436,0.089955,0.36297,-0.01905,5.029111,216.575003,True
KVAL007,273,9.401844,Neck,0.006193,-0.001305,-0.00369,0.0048,7.841449,37.386085,True
KVAL007,274,9.435177,Neck,0.14994,-0.026415,-0.14667,-0.0165,3.202244,136.621258,True
KVAL007,275,9.468522,Neck,0.215167,-0.04569,-0.19359,-0.08205,1.776201,69.964941,True
KVAL007,276,9.501855,Neck,0.128485,-0.001455,-0.07296,-0.10575,1.493982,49.986395,True
KVAL007,277,9.535188,Neck,0.121004,-0.00153,-0.111765,-0.04635,1.914756,55.369493,True
KVAL007,278,9.568533,Neck,0.086902,0.044475,-0.073455,0.01335,4.877811,176.989455,True
KVAL007,279,9.601866,Neck,0.218195,0.01959,0.21273,-0.0444,10.276085,275.513882,True
KVAL007,280,9.635177,Neck,0.618823,-0.483165,0.182055,-0.3411,16.146989,206.735851,True
KVAL007,281,9.668511,Neck,1.04676,-0.83424,-0.090135,-0.6258,4.683888,694.988045,True
KVAL007,282,9.701833,Neck,0.505989,-0.380655,-0.11166,-0.3141,31.823327,337.234545,True
KVAL007,283,9.735177,Neck,1.254643,0.185535,-0.12828,1.2342,23.365698,682.262611,True
KVAL007,284,9.7685,Neck,1.174184,0.180945,-0.255165,1.13175,14.956472,514.20696,True
KVAL007,285,9.801844,Neck,0.468501,0.12696,-0.363435,0.267,11.158876,189.352617,True
KVAL007,286,9.835166,Neck,0.457376,0.09381,-0.21213,0.3942,6.724013,109.906505,True
KVAL007,287,9.868511,Neck,0.101997,0.063105,-0.05823,-0.05505,4.943963,171.901785,True
KVAL007,288,9.901833,Neck,0.220053,0.17712,-0.07743,0.10515,6.76702,102.750586,True
KVAL007,289,9.935166,Neck,0.434615,0.301635,0.07632,0.30345,4.608656,140.547733,True
KVAL007,290,9.9685,Neck,0.427439,0.30063,0.157575,0.2598,2.890474,157.270343,True
KVAL007,291,10.001833,Neck,0.258009,0.13272,0.06546,0.21135,6.071227,51.66667,True
KVAL007,292,10.035166,Neck,0.101751,0.091725,-0.03153,-0.03075,4.688445,91.582316,True
KVAL007,293,10.0685,Neck,0.096575,0.04869,-0.050205,-0.0666,1.525384,134.785299,True
KVAL007,294,10.101844,Neck,8.1e-05,7.5e-05,3e-05,0.0,4.736602,85.192787,True
KVAL007,295,10.135177,Neck,0.293398,0.231855,0.160665,0.0807,4.694518,100.242794,True
KVAL007,296,10.168511,Neck,0.313045,0.268305,0.12903,0.09675,2.162783,104.702859,True
KVAL007,297,10.201855,Neck,0.169895,0.133935,0.05514,0.0888,2.329814,75.411835,True
KVAL007,298,10.235166,Neck,0.166203,0.12006,0.09225,0.06855,3.81758,59.415762,True
KVAL007,299,10.2685,Neck,0.312844,0.02847,0.283035,0.1302,3.473628,116.184253,True
KVAL007,300,10.301844,Neck,0.326397,0.02925,0.291525,0.14385,4.046709,135.860601,True
KVAL007,301,10.335177,Neck,0.093574,0.080745,0.045045,0.0144,5.813689,53.939448,True
KVAL007,302,10.3685,Neck,0.083484,0.0291,-0.030285,-0.07215,4.644565,82.986453,True
KVAL007,303,10.401844,Neck,0.240363,-0.07863,-0.12393,-0.19035,5.592355,77.50484,True
KVAL007,304,10.435166,Neck,0.418808,-0.21174,-0.0801,-0.35235,4.614957,121.31477,True
KVAL007,305,10.468511,Neck,0.457557,-0.23343,0.051495,-0.39015,3.123224,118.62742,True
KVAL007,306,10.501833,Neck,0.316125,-0.086175,0.07563,-0.2946,3.622018,105.855477,True
KVAL007,307,10.535177,Neck,0.377841,-0.227895,-0.15198,-0.26025,4.708875,101.871271,True
KVAL007,308,10.568511,Neck,0.276818,-0.19755,-0.156315,-0.11475,5.905519,114.71972,True
KVAL007,309,10.601844,Neck,0.021542,0.021255,0.002235,0.0027,4.33646,90.462902,True
KVAL007,310,10.635177,Neck,0.015542,0.01533,0.00021,0.00255,0.167017,66.591753,True
KVAL007,311,10.668511,Neck,0.010494,0.010335,0.000255,0.0018,0.129732,2.078962,True
KVAL007,312,10.701833,Neck,0.0069,0.006765,0.000165,0.00135,0.028935,0.908602,True
KVAL007,313,10.735177,Neck,0.008565,0.00843,0.00021,0.0015,0.069769,1.360962,True
KVAL007,314,10.768511,Neck,0.002256,0.002235,6e-05,0.0003,0.119662,1.927042,True
KVAL007,315,10.801844,Neck,0.00059,0.00057,1.5e-05,0.00015,0.05906,91.994364,True
KVAL007,316,10.835177,Neck,0.006185,0.006135,-0.00024,0.00075,6.112565,44.39336,True
KVAL007,317,10.868511,Neck,0.40765,-0.00225,-0.021045,0.4071,2.937873,366.847616,True
KVAL007,318,10.901833,Neck,0.193603,-0.049935,-0.069405,-0.1737,18.368474,123.795461,True
KVAL007,319,10.935177,Neck,0.820164,-0.005685,-0.08382,-0.81585,9.886172,328.340431,True
KVAL007,320,10.9685,Neck,0.802842,0.24063,-0.043425,-0.7647,3.60258,334.039695,True
KVAL007,321,11.001844,Neck,0.585799,0.017595,-0.021225,-0.58515,12.419668,80.776595,True
KVAL007,322,11.035166,Neck,0.195804,-0.187065,-0.01284,-0.0564,8.784769,201.655209,True
KVAL007,323,11.068511,Neck,0.000261,0.000135,0.000165,-0.00015,2.937473,133.860707,True
KVAL007,324,11.101833,Neck,3.4e-05,3e-05,-1.5e-05,0.0,1.503084,24.1089,True
KVAL007,325,11.135177,Neck,0.100312,0.099255,-0.014295,0.00255,1.491294,45.472254,True
KVAL007,326,11.1685,Neck,0.099451,0.09834,-0.01452,0.003,1.528446,52.871892,True
KVAL007,327,11.201844,Neck,0.001842,-0.001695,-0.000705,-0.00015,2.03876,12.838137,True
KVAL007,328,11.235166,Neck,0.038665,-0.037095,-0.005175,0.0096,1.230954,30.788182,True
KVAL007,329,11.2685,Neck,0.083608,-0.073335,-0.01548,0.03705,0.235285,24.964476,True
KVAL007,330,11.301844,Neck,0.045429,-0.037725,-0.01932,0.01635,0.469166,7.405033,True
KVAL007,331,11.335177,Neck,0.05717,-0.04221,-0.01722,0.0345,0.455348,8.500207,True
KVAL007,332,11.3685,Neck,0.061403,-0.041355,-0.008685,0.04455,0.885776,19.812515,True
KVAL007,333,11.401833,Neck,0.007229,0.004425,-0.005715,0.00015,0.957027,21.229964,True
KVAL007,334,11.435177,Neck,0.00714,0.0045,-0.005535,0.0003,0.60915,22.900998,True
KVAL007,335,11.468511,Neck,0.03955,-0.00843,-0.002655,0.03855,0.61424,17.94207,True
KVAL007,336,11.501833,Neck,0.040048,-0.008625,-0.00291,0.039,0.589123,16.930794,True
KVAL007,337,11.535166,Neck,0.002399,0.001635,-0.00165,0.0006,0.590737,12.644655,True
KVAL007,338,11.5685,Neck,0.033486,0.003885,-0.03033,0.01365,0.445904,13.053876,True
KVAL007,339,11.601833,Neck,0.031705,0.00537,-0.02943,0.0105,0.669105,13.982317,True
KVAL007,340,11.635166,Neck,0.051481,0.04617,-0.016305,0.0159,0.820793,13.089636,True
KVAL007,341,11.6685,Neck,0.064573,0.059595,-0.0243,0.00525,0.531187,20.178828,True
KVAL007,342,11.701844,Neck,0.040829,0.03888,0.00504,-0.0114,0.806902,13.033004,True
KVAL007,343,11.735177,Neck,0.040946,0.034005,0.020475,-0.01005,0.669984,20.58404,True
KVAL007,344,11.7685,Neck,0.085294,0.08286,0.00894,-0.01815,0.834423,24.776963,True
KVAL007,345,11.801833,Neck,0.093626,0.089175,0.02316,-0.01665,0.996605,42.27952,True
KVAL007,346,11.835166,Neck,0.029556,0.01797,0.020985,-0.0105,2.059111,26.681571,True
KVAL007,347,11.868511,Neck,0.084224,-0.027705,0.069735,0.03825,2.129129,44.573703,True
KVAL007,348,11.901844,Neck,0.132014,-0.042825,0.04995,0.11445,1.022811,93.093238,True
KVAL007,349,11.935177,Neck,0.065339,0.02967,0.034005,0.04725,4.229395,29.95106,True
KVAL007,350,11.9685,Neck,0.195757,0.098835,0.119865,-0.1191,1.641726,101.678275,True
KVAL007,351,12.001833,Neck,0.06674,0.024765,0.01431,-0.0603,2.710194,28.472828,True
KVAL007,352,12.035166,Neck,0.021944,0.021135,0.00468,-0.0036,0.507306,52.396071,True
KVAL007,353,12.068511,Neck,0.079245,0.0393,0.04395,-0.05295,0.888893,9.825427,True
KVAL007,354,12.101844,Neck,0.078391,0.06108,0.04761,-0.01215,1.00391,31.766532,True
KVAL007,355,12.135177,Neck,0.10529,0.067035,0.08106,-0.00465,1.655285,26.732306,True
KVAL007,356,12.168511,Neck,0.102612,-0.020985,0.08697,0.05025,1.408305,89.177562,True
KVAL007,357,12.201844,Neck,0.080272,-0.012105,0.06627,0.04365,4.617004,82.942539,True
KVAL007,358,12.235166,Neck,0.268477,0.058725,0.087165,-0.24705,4.470867,113.932095,True
KVAL007,359,12.2685,Neck,0.26723,0.047565,0.088845,-0.2475,3.926438,92.436297,True
KVAL007,360,12.301833,Neck,0.20922,-0.144795,-0.042045,-0.14505,3.380436,106.055727,True
KVAL007,361,12.335177,Neck,0.279493,-0.123795,-0.05748,-0.2439,4.761661,49.396139,True
KVAL007,362,12.3685,Neck,0.491359,-0.15426,-0.07185,-0.46095,1.638837,108.31068,True
KVAL007,363,12.401844,Neck,0.387047,-0.167685,-0.058185,-0.34395,2.847514,43.821771,True
KVAL007,364,12.435166,Neck,0.332655,-0.07422,0.03084,-0.3228,1.872538,84.853232,True
KVAL007,365,12.468511,Neck,0.341533,-0.08301,0.03243,-0.3297,6.529064,106.74204,True
KVAL007,366,12.501833,Neck,0.171242,-0.10776,-0.095925,0.09225,6.654542,127.825,True
KVAL007,367,12.535177,Neck,0.16449,-0.097935,-0.09051,0.0963,3.577004,126.098589,True
KVAL007,368,12.568511,Neck,0.145279,0.120045,-0.078225,0.024,3.403387,87.980781,True
KVAL007,369,12.601844,Neck,0.148804,0.118395,-0.085665,0.02805,2.546182,92.802398,True
KVAL007,370,12.635188,Neck,0.042385,-0.032355,-0.00354,0.02715,2.917182,43.973958,True
KVAL007,371,12.668522,Neck,0.081097,-0.06606,-0.025155,0.03975,0.862035,57.718592,True
KVAL007,372,12.701855,Neck,0.067215,-0.038235,-0.055215,0.0027,1.074654,26.835971,True
KVAL007,373,12.7352,Neck,0.03292,-0.008925,-0.031545,-0.003,0.995044,4.287871,True
KVAL007,374,12.768533,Neck,0.00898,-0.0048,0.00189,0.00735,1.163801,25.030201,True
KVAL007,375,12.801844,Neck,0.079957,0.06237,-0.037605,-0.033,1.29819,38.597699,True
KVAL007,376,12.835177,Neck,0.078749,0.060975,-0.037605,-0.0327,1.465843,46.552796,True
KVAL007,377,12.868522,Neck,0.017769,-0.01407,0.00825,0.00705,1.806889,30.48513,True
KVAL007,378,12.901855,Neck,0.04249,-0.034935,0.011175,0.02145,2.502936,33.71698,True
KVAL007,379,12.935188,Neck,0.177624,-0.04212,0.02625,0.17055,2.216042,51.358971,True
KVAL007,380,12.968533,Neck,0.169842,-0.013065,0.036765,0.1653,1.283877,42.455468,True
KVAL007,381,13.001866,Neck,0.138668,0.03429,0.02508,0.132,0.88236,32.773173,True
KVAL007,382,13.035166,Neck,0.131522,0.02235,0.00642,0.12945,1.99695,24.293386,True
KVAL007,383,13.068511,Neck,0.009575,-0.003735,-0.00411,0.0078,1.915293,29.677677,True
KVAL007,384,13.101844,Neck,0.006335,0.005145,0.00216,0.003,0.162347,46.605067,True
KVAL007,385,13.135177,Neck,0.00479,0.003945,0.001275,0.0024,1.294665,21.806938,True
KVAL007,386,13.1685,Neck,0.088931,-0.013395,0.03624,0.0801,1.369341,38.831485,True
KVAL007,387,13.201844,Neck,0.093035,-0.01836,0.029655,0.08625,1.294361,57.947501,True
KVAL007,388,13.235177,Neck,0.008324,0.00684,0.0039,0.0027,2.511082,7.825867,True
KVAL007,389,13.268522,Neck,0.0792,0.03546,-0.048345,-0.05175,1.26367,56.864758,True
KVAL007,390,13.301833,Neck,0.081612,0.026115,-0.05592,-0.0534,1.34156,38.617576,True
KVAL007,391,13.335177,Neck,0.03089,-0.022035,-0.019095,0.0102,1.38739,31.385332,True
KVAL007,392,13.368511,Neck,0.036736,-0.02499,-0.02184,0.01575,0.881162,32.478228,True
KVAL007,393,13.401855,Neck,0.032318,0.028245,-0.00282,-0.01545,0.935096,17.972986,True
KVAL007,394,13.435166,Neck,0.029968,0.023115,-0.002565,-0.0189,0.515314,17.246742,True
KVAL007,395,13.4685,Neck,0.024951,0.00594,0.0225,-0.009,0.455485,11.092999,True
KVAL007,396,13.501833,Neck,0.025718,0.011475,0.02226,-0.00585,0.389162,10.628629,True
KVAL007,397,13.535177,Neck,0.004155,-0.00411,0.000105,-0.0006,0.388993,7.439502,True
KVAL007,398,13.5685,Neck,0.00718,-0.004395,0.001755,-0.0054,0.152313,18.820976,True
KVAL007,399,13.601844,Neck,0.010135,-0.000555,0.0021,-0.0099,1.231475,28.507365,True
KVAL007,400,13.635166,Neck,0.088276,-0.070995,0.042615,-0.0306,1.948932,30.232557,True
KVAL007,401,13.668511,Neck,0.136792,-0.085725,0.073455,-0.07725,0.906947,61.007516,True
KVAL007,402,13.701844,Neck,0.058367,-0.01278,0.034905,-0.045,2.119736,19.401947,True
KVAL007,403,13.735177,Neck,0.007735,0.000975,-0.00765,-0.0006,0.796023,37.011476,True
KVAL007,404,13.768511,Neck,0.016541,-0.012645,0.010455,0.0021,0.809365,9.807403,True
KVAL007,405,13.801844,Neck,0.048231,-0.018615,0.02934,0.03345,0.744743,14.503229,True
KVAL007,406,13.835177,Neck,0.061395,-0.037605,0.02121,0.04365,0.288409,22.888705,True
KVAL007,407,13.868511,Neck,0.045381,-0.028125,0.01263,0.0333,0.81379,15.974217,True
KVAL007,408,13.901833,Neck,0.013646,0.001425,-0.001395,0.0135,0.815186,28.060565,True
KVAL007,409,13.935177,Neck,0.045852,0.005385,0.045195,0.00555,2.000504,64.455941,True
KVAL007,410,13.968511,Neck,0.120075,-0.006165,0.039855,-0.1131,4.613168,20.197055,True
KVAL007,411,14.001844,Neck,0.300274,0.01884,0.00891,-0.29955,1.359406,167.085049,True
KVAL007,412,14.035188,Neck,0.197008,0.05004,0.05361,-0.18285,6.562919,97.209795,True
KVAL007,413,14.068522,Neck,0.173047,0.05622,0.104805,0.1257,5.612909,97.48961,True
KVAL007,414,14.101855,Neck,0.245305,0.14757,0.08376,0.17715,1.702236,24.713583,True
KVAL007,415,14.1352,Neck,0.225878,0.160605,0.06471,0.14505,6.548845,137.871149,True
KVAL007,416,14.168533,Neck,0.641642,0.185445,0.059205,0.6114,9.422674,176.149669,True
KVAL007,417,14.201844,Neck,0.775713,0.147885,-0.07173,0.7581,5.820102,301.934982,True
KVAL007,418,14.235177,Neck,0.319682,-0.0003,-0.092025,0.30615,10.848409,66.083206,True
KVAL007,419,14.2685,Neck,0.07074,0.042255,-0.03642,0.0435,4.968509,143.699635,True
KVAL007,420,14.301844,Neck,0.068036,0.0369,-0.05328,-0.0207,1.632588,84.187311,True
KVAL007,421,14.335166,Neck,0.09397,-0.00777,-0.08451,-0.04035,0.713097,34.680441,True
KVAL007,422,14.368511,Neck,0.057924,0.011055,-0.05352,0.0192,1.027882,36.971403,True
KVAL007,423,14.401833,Neck,0.069885,-0.04566,-0.052455,0.0069,1.820727,29.465031,True
KVAL007,424,14.435177,Neck,0.10833,0.01968,-0.035325,-0.1005,1.332426,67.64745,True
KVAL007,425,14.468511,Neck,0.032188,0.016545,0.00075,-0.0276,2.998851,58.351389,True
KVAL007,426,14.501844,Neck,0.114127,-0.10116,0.021075,0.04845,3.006246,48.786071,True
KVAL007,427,14.535166,Neck,0.169142,-0.06963,0.036135,0.14985,2.115146,86.925505,True
KVAL007,428,14.568511,Neck,0.166557,-0.02706,-0.01137,0.16395,2.805221,73.510179,True
KVAL007,429,14.601844,Neck,0.037876,0.010185,0.03102,-0.0192,3.126236,46.321213,True
KVAL007,430,14.635177,Neck,0.045686,0.01011,0.022845,-0.03825,0.880065,63.614069,True
KVAL007,431,14.668511,Neck,0.031065,-0.01272,-0.022935,-0.01665,1.216956,15.368695,True
KVAL007,432,14.701855,Neck,0.03628,-0.01242,-0.024645,0.02355,0.795145,36.112169,True
KVAL007,433,14.735177,Neck,0.05212,-0.025425,-0.029835,0.03435,1.288868,28.460641,True
KVAL007,434,14.768511,Neck,0.063433,-0.01134,-0.01146,-0.06135,1.10282,25.295242,True
KVAL007,435,14.801833,Neck,0.042987,-0.00522,-0.022905,-0.036,0.644211,14.285616,True
KVAL007,436,14.835177,Neck,0.064438,0.012945,-0.043335,-0.0459,2.015376,28.630942,True
KVAL007,437,14.868511,Neck,0.163114,0.04536,0.00849,-0.15645,1.358674,85.534136,True
KVAL007,438,14.901844,Neck,0.119685,0.00087,0.008205,-0.1194,3.691278,63.096893,True
KVAL007,439,14.935166,Neck,0.100569,-0.043035,-0.06828,0.06,2.918115,69.135,True
KVAL007,440,14.9685,Neck,0.084756,-0.021045,-0.050415,0.0648,1.167143,58.504336,True
KVAL007,441,15.001833,Neck,0.034226,-0.00576,-0.005415,0.0333,1.157628,8.159567,True
KVAL007,442,15.035166,Neck,0.02489,-0.00351,0.011295,0.0219,0.745167,32.385043,True
KVAL007,443,15.068511,Neck,0.032084,0.006795,0.031275,0.00225,1.934048,34.209526,True
KVAL007,444,15.101844,Neck,0.104647,-0.010635,-0.050205,-0.0912,2.3601,50.392235,True
KVAL007,445,15.135166,Neck,0.14515,0.0033,-0.033045,-0.1413,1.534762,67.957413,True
KVAL007,446,15.168511,Neck,0.049434,0.017685,0.03033,-0.0348,2.192188,27.442113,True
KVAL007,447,15.201833,Neck,0.001155,-0.000555,0.000465,0.0009,0.741589,33.107402,True
KVAL007,448,15.235177,Neck,1.5e-05,-1.5e-05,0.0,0.0,0.017326,11.125039,True
KVAL007,449,15.2685,Neck,0.0,0.0,0.0,0.0,0.000225,0.259897,True
KVAL007,450,15.301844,Neck,0.0,0.0,0.0,0.0,0.0,0.003375,True
KVAL007,451,15.335166,Neck,0.0,0.0,0.0,0.0,0.0,20.481198,True
KVAL007,452,15.3685,Neck,0.0,0.0,0.0,0.0,1.365413,22.146507,True
KVAL007,453,15.401844,Neck,0.091028,-0.089025,0.01647,0.00945,1.476434,110.386978,True
KVAL007,454,15.435177,Neck,0.098429,-0.09651,0.01818,0.0066,6.750863,108.487358,True
KVAL007,455,15.4685,Neck,0.425416,0.038385,0.04578,-0.4212,6.592335,201.416636,True
KVAL007,456,15.501844,Neck,0.416165,0.03693,0.0624,-0.4098,6.713433,190.135173,True
KVAL007,457,15.535177,Neck,0.033648,-0.027495,-0.005985,0.01845,6.157926,103.590051,True
KVAL007,458,15.568511,Neck,0.007274,-0.00321,-0.00171,-0.0063,1.273389,84.880662,True
KVAL007,459,15.601833,Neck,0.085397,-0.02316,0.078615,0.024,1.233719,51.314002,True
KVAL007,460,15.635177,Neck,0.079139,-0.038835,0.056025,0.0402,2.850469,37.154851,True
KVAL007,461,15.6685,Neck,0.205268,-0.02415,0.015525,0.20325,2.236618,99.830962,True
KVAL007,462,15.701844,Neck,0.170062,-0.03513,-0.026625,0.16425,4.083733,73.571767,True
KVAL007,463,15.735177,Neck,0.086105,-0.03636,-0.04863,-0.06105,2.81471,78.238771,True
KVAL007,464,15.768522,Neck,0.034109,-0.0252,-0.006495,-0.02205,1.290434,47.136637,True
KVAL007,465,15.801844,Neck,0.00018,-0.00018,0.0,0.0,0.512308,19.317885,True
KVAL007,466,15.835177,Neck,0.000168,-7.5e-05,1.5e-05,0.00015,0.003035,57.067753,True
KVAL007,467,15.868511,Neck,0.000157,-4.5e-05,1.5e-05,0.00015,3.833135,63.238695,True
KVAL007,468,15.901844,Neck,0.255692,-0.11607,-0.094515,0.2073,4.216551,107.463452,True
KVAL007,469,15.935166,Neck,0.281239,-0.14601,-0.094995,0.2208,3.341165,183.44745,True
KVAL007,470,15.968511,Neck,0.041593,-0.033195,0.002835,0.0249,8.12262,21.178538,True
KVAL007,471,16.001833,Neck,0.282271,-0.00411,0.116445,-0.2571,3.705689,239.642661,True
KVAL007,472,16.035166,Neck,0.229837,-0.03531,0.122715,-0.1911,8.386164,146.422411,True
KVAL007,473,16.068511,Neck,0.325166,0.00933,0.120675,0.3018,6.356022,195.586139,True
KVAL007,474,16.101844,Neck,0.25479,0.04314,0.111195,0.22515,4.866616,148.386992,True
KVAL007,475,16.135166,Neck,0.001048,-0.00072,0.000135,0.00075,3.807795,101.452807,True
KVAL007,476,16.1685,Neck,0.001547,-0.00105,0.000435,0.00105,1.923408,171.071285,True
KVAL007,477,16.201833,Neck,0.129081,-0.01917,0.036735,0.12225,7.939229,64.254807,True
KVAL007,478,16.235177,Neck,0.530242,0.032415,-0.02622,0.5286,5.757184,208.443939,True
KVAL007,479,16.2685,Neck,0.496598,0.050835,-0.034965,0.49275,5.958237,205.928723,True
KVAL007,480,16.301833,Neck,0.133589,0.011475,0.00348,0.13305,8.000215,66.274024,True
KVAL007,481,16.335177,Neck,0.037979,-0.0021,0.01236,-0.03585,1.808555,152.641226,True
KVAL007,482,16.368511,Neck,0.060425,-0.04674,0.02436,0.02955,2.295186,39.897403,True
KVAL007,483,16.401844,Neck,0.119278,-0.042405,0.00282,0.11145,2.312767,83.095232,True
KVAL007,484,16.435177,Neck,0.102761,0.02172,-0.078345,-0.06285,3.27903,57.188903,True
KVAL007,485,16.468522,Neck,0.1028,0.016605,-0.032805,-0.096,1.821112,49.753055,True
KVAL007,486,16.501855,Neck,0.08115,0.000435,0.040965,-0.07005,1.41777,20.554014,True
KVAL007,487,16.535188,Neck,0.141584,0.025155,0.055845,-0.12765,0.636992,51.451071,True
KVAL007,488,16.568533,Neck,0.1199,0.01023,0.07572,-0.0924,2.208218,38.92791,True
KVAL007,489,16.601866,Neck,0.025244,-0.013725,-0.019815,-0.0075,1.987652,36.026167,True
KVAL007,490,16.635166,Neck,0.023073,-0.02019,-0.00123,0.0111,0.734962,35.022624,True
KVAL007,491,16.668511,Neck,0.02889,-0.008055,0.02334,0.015,0.404009,17.184329,True
KVAL007,492,16.701844,Neck,0.009078,-0.00126,0.006105,-0.0066,0.438035,6.827748,True
KVAL007,493,16.735177,Neck,0.003491,-4.5e-05,0.001785,-0.003,0.176598,4.73218,True
KVAL007,494,16.7685,Neck,0.012503,-0.00297,-0.004575,-0.01125,0.170215,26.304506,True
KVAL007,495,16.801844,Neck,0.013051,-0.003375,-0.004695,-0.0117,1.626655,25.139738,True
KVAL007,496,16.835166,Neck,0.108435,0.02997,0.09054,-0.0516,1.614603,48.916063,True
KVAL007,497,16.8685,Neck,0.107504,0.02955,0.090075,-0.0507,1.63983,48.318398,True
KVAL007,498,16.901833,Neck,0.001088,-0.00084,-0.000525,0.00045,1.612566,24.797716,True
KVAL007,499,16.935177,Neck,0.0,0.0,0.0,0.0,0.01632,24.188492,True
KVAL007,500,16.9685,Neck,0.0,0.0,0.0,0.0,0.0,0.244798,True
KVAL007,501,17.001844,Neck,0.0,0.0,0.0,0.0,0.0,0.0,True
KVAL007,502,17.035166,Neck,0.0,0.0,0.0,0.0,0.0,7.379085,True
KVAL007,503,17.068511,Neck,0.0,0.0,0.0,0.0,0.491939,7.580882,True
KVAL007,504,17.101833,Neck,0.032796,-0.019425,-0.0252,0.00795,0.505392,14.516363,True
KVAL007,505,17.135166,Neck,0.033693,-0.020235,-0.02574,0.00795,0.47585,15.120522,True
KVAL007,506,17.1685,Neck,0.001191,-0.00102,-0.000615,0.0,0.502644,6.985665,True
KVAL007,507,17.201844,Neck,0.000223,-0.00021,-7.5e-05,0.0,0.012608,12.263503,True
KVAL007,508,17.235166,Neck,0.000568,-0.00048,-4.5e-05,0.0003,0.626325,9.666899,True
KVAL007,509,17.2685,Neck,0.041724,0.0144,-0.023265,-0.0315,0.639107,18.754566,True
KVAL007,510,17.301833,Neck,0.042237,0.014475,-0.023325,-0.0321,0.624009,19.095762,True
KVAL007,511,17.335166,Neck,0.000738,-0.000585,1.5e-05,-0.00045,0.633955,8.2033,True
KVAL007,512,17.3685,Neck,0.000331,-0.000285,7.5e-05,-0.00015,0.361366,8.650853,True
KVAL007,513,17.401844,Neck,0.024556,-0.01506,0.018585,-0.00555,0.425945,9.385414,True
KVAL007,514,17.435177,Neck,0.028673,-0.01917,0.02037,-0.0063,0.289858,11.958278,True
KVAL007,515,17.468511,Neck,0.013682,-0.01017,0.00024,-0.00915,0.384581,5.068043,True
KVAL007,516,17.501833,Neck,0.010405,-0.005955,-0.0015,-0.0084,0.199591,5.984214,True
KVAL007,517,17.535177,Neck,0.000414,-0.000375,-9e-05,-0.00015,0.150888,25.132575,True
KVAL007,518,17.5685,Neck,0.000414,-0.000375,-9e-05,-0.00015,1.73493,24.683915,True
KVAL007,519,17.601833,Neck,0.115538,-0.013185,0.085305,0.0768,1.729124,52.815155,True
KVAL007,520,17.635166,Neck,0.115153,-0.01368,0.08511,0.07635,1.790218,58.777809,True
KVAL007,521,17.668511,Neck,0.012148,-0.005715,-0.009585,0.0048,2.192787,22.377748,True
KVAL007,522,17.701844,Neck,0.033029,-0.008715,-0.02178,-0.02325,0.515438,34.28179,True
KVAL007,523,17.735188,Neck,0.031939,-0.002235,-0.01263,-0.02925,0.259861,11.369734,True
KVAL007,524,17.7685,Neck,0.027396,0.007395,-0.015765,-0.02115,0.278585,8.132768,True
KVAL007,525,17.801844,Neck,0.019623,0.00711,-0.01266,-0.0132,0.508639,7.190149,True
KVAL007,526,17.835177,Neck,0.007206,0.00126,0.002955,0.00645,0.203331,15.804807,True
KVAL007,527,17.868522,Neck,0.026385,-0.00198,-0.012315,-0.02325,0.551798,7.765203,True
KVAL007,528,17.901833,Neck,0.02974,-0.0003,-0.01671,-0.0246,0.341385,14.931315,True
KVAL007,529,17.935166,Neck,0.005239,0.00237,-0.003915,-0.00255,0.443992,4.470066,True
KVAL007,530,17.968511,Neck,0.00072,0.000405,0.00039,-0.00045,0.078584,7.21459,True
KVAL007,531,18.001844,Neck,0.0,0.0,0.0,0.0,0.03945,1.62612,True
KVAL007,532,18.035166,Neck,0.002897,-0.000285,-0.000435,-0.00285,0.043369,1.225961,True
KVAL007,533,18.068511,Neck,0.002891,-0.00027,-0.000405,-0.00285,0.042501,1.266196,True
KVAL007,534,18.101833,Neck,0.000384,7.5e-05,0.000345,-0.00015,0.041693,0.679373,True
KVAL007,535,18.135177,Neck,0.000708,0.00012,0.00063,-0.0003,0.009756,1.306452,True
KVAL007,0,0.301866,RShoulder,3.325596,-1.02639,2.20197,2.271,35.270928,314.101523,True
KVAL007,1,0.3352,RShoulder,2.264791,-1.083255,1.38675,1.42575,41.922564,280.396644,True
KVAL007,2,0.368511,RShoulder,0.703286,-0.574845,0.2862,0.2868,33.681379,534.430619,True
KVAL007,3,0.401844,RShoulder,0.019624,-0.00912,0.014175,0.01005,10.331603,500.864324,True
KVAL007,4,0.435177,RShoulder,0.019744,-0.004335,0.01374,0.0135,0.294362,151.768497,True
KVAL007,5,0.468522,RShoulder,0.0,0.0,0.0,0.0,0.296162,4.415435,True
KVAL007,6,0.501844,RShoulder,0.0,0.0,0.0,0.0,0.0,4.442424,True
KVAL007,7,0.535177,RShoulder,0.0,0.0,0.0,0.0,0.0,0.0,True
KVAL007,8,0.568511,RShoulder,0.0,0.0,0.0,0.0,0.0,0.0,False
KVAL007,9,0.601855,RShoulder,0.0,0.0,0.0,0.0,0.0,0.0,True
KVAL007,10,0.635166,RShoulder,0.0,0.0,0.0,0.0,0.0,0.0,True
KVAL007,11,0.6685,RShoulder,0.0,0.0,0.0,0.0,0.0,0.0,True
KVAL007,12,0.701844,RShoulder,0.0,0.0,0.0,0.0,0.0,0.0,False
KVAL007,13,0.735177,RShoulder,0.0,0.0,0.0,0.0,0.0,0.0,True
KVAL007,14,0.768511,RShoulder,0.0,0.0,0.0,0.0,0.0,0.0,True
KVAL007,15,0.801855,RShoulder,0.0,0.0,0.0,0.0,0.0,30.169442,True
KVAL007,16,0.835166,RShoulder,0.0,0.0,0.0,0.0,2.011296,30.201622,True
KVAL007,17,0.8685,RShoulder,0.134086,-0.118485,0.038985,0.0492,2.013441,60.225831,True
KVAL007,18,0.901844,RShoulder,0.134229,-0.118545,0.039105,0.04935,2.00376,60.322344,True
KVAL007,19,0.935177,RShoulder,0.000524,-0.000375,0.00021,0.0003,2.008048,133.350046,True
KVAL007,20,0.9685,RShoulder,0.00036,-0.000315,9e-05,0.00015,6.947959,249.990915,True
KVAL007,21,1.001844,RShoulder,0.463665,-0.42348,0.00648,0.1887,15.089615,235.110776,True
KVAL007,22,1.035177,RShoulder,1.006261,-0.491505,0.026745,0.87765,11.752687,362.664363,True
KVAL007,23,1.068511,RShoulder,0.751868,0.130545,-0.076365,0.7365,9.507642,304.143421,True
KVAL007,24,1.101844,RShoulder,0.479185,-0.13428,-0.208635,0.40995,8.619541,114.790852,True
KVAL007,25,1.135177,RShoulder,0.516694,-0.325695,-0.10155,0.38805,6.950869,177.956697,True
KVAL007,26,1.168522,RShoulder,0.030121,0.007575,0.01062,0.02715,7.691352,155.588849,True
KVAL007,27,1.201855,RShoulder,0.011007,-0.00357,0.00924,0.0048,4.557358,150.432072,True
KVAL007,28,1.2352,RShoulder,0.314803,0.153855,-0.207435,0.18,4.893265,390.802768,False
KVAL007,29,1.268533,RShoulder,0.320723,0.15768,-0.216525,0.1764,21.634625,505.133534,False
KVAL007,30,1.301844,RShoulder,1.140717,-0.207675,0.83403,-0.75,29.087632,461.295919,False
KVAL007,31,1.335177,RShoulder,1.644449,-0.13962,1.144485,-1.17255,9.54544,794.333908,False
KVAL007,32,1.3685,RShoulder,0.614598,0.097635,0.330405,-0.50895,23.88658,138.422058,False
KVAL007,33,1.401833,RShoulder,0.069265,0.021045,0.01167,-0.06495,10.174987,323.6731,False
KVAL007,34,1.435166,RShoulder,0.129309,-0.019995,0.07056,0.1065,4.273111,86.97654,False
KVAL007,35,1.468511,RShoulder,0.218137,-0.05094,0.02874,0.21015,8.893982,112.10874,False
KVAL007,36,1.501833,RShoulder,0.679574,0.202665,-0.02133,0.6483,7.127474,304.485615,False
KVAL007,37,1.535177,RShoulder,0.571244,0.35004,0.18441,0.41205,11.610889,212.409279,False
KVAL007,38,1.568511,RShoulder,0.221545,0.12108,0.15576,-0.1008,7.248909,244.213175,False
KVAL007,39,1.601844,RShoulder,0.125129,0.054585,-0.04254,0.10425,5.09142,109.573015,False
KVAL007,40,1.635166,RShoulder,0.183595,0.059025,-0.04056,0.16905,3.887813,401.377681,False
KVAL007,41,1.668511,RShoulder,0.155421,0.014595,0.128265,-0.08655,21.909245,249.453106,False
KVAL007,42,1.701833,RShoulder,1.29191,0.12468,0.408255,-1.21935,19.611267,549.250684,False
KVAL007,43,1.735177,RShoulder,1.419198,0.180105,0.33999,-1.36605,14.725008,603.463764,False
KVAL007,44,1.7685,RShoulder,0.315186,0.050505,0.056175,-0.306,20.647598,195.656926,False
KVAL007,45,1.801844,RShoulder,0.043426,0.00957,0.01653,-0.039,1.70184,306.94126,False
KVAL007,46,1.835166,RShoulder,0.202542,0.04218,0.03138,-0.1956,2.46297,58.297006,False
KVAL007,47,1.868511,RShoulder,0.158197,0.03534,-0.145095,-0.0522,5.501019,77.086532,False
KVAL007,48,1.901833,RShoulder,0.188025,0.00039,-0.13929,0.1263,2.842187,113.861487,False
KVAL007,49,1.935177,RShoulder,0.0513,-0.01521,0.007275,0.04845,2.212448,56.7492,False
KVAL007,50,1.9685,RShoulder,0.056976,-0.030525,-0.04491,0.01725,1.18669,23.900009,False
KVAL007,51,2.001833,RShoulder,0.029378,-0.00249,-0.00837,-0.02805,1.615663,21.641157,False
KVAL007,52,2.035177,RShoulder,0.05288,0.025755,0.031365,-0.0339,0.404263,37.849196,False
KVAL007,53,2.068511,RShoulder,0.024671,-0.00123,0.016665,-0.01815,0.947737,25.26431,False
KVAL007,54,2.101833,RShoulder,0.018231,-0.016485,0.00561,0.0054,1.4357,19.92367,False
KVAL007,55,2.135166,RShoulder,0.075367,-0.04074,-0.0552,0.0312,2.02713,21.151688,False
KVAL007,56,2.1685,RShoulder,0.139936,-0.06615,-0.10671,0.0618,0.235808,61.705946,False
KVAL007,57,2.201833,RShoulder,0.077448,-0.03099,-0.056085,0.0435,2.096305,16.348368,False
KVAL007,58,2.235166,RShoulder,0.008375,0.002505,0.00231,0.00765,1.039813,34.841295,False
KVAL007,59,2.268511,RShoulder,0.017291,-0.00369,0.00177,0.0168,0.318192,13.647954,False
KVAL007,60,2.301833,RShoulder,0.026593,-0.010095,0.00033,0.0246,0.256429,9.739212,False
KVAL007,61,2.335177,RShoulder,0.029927,-0.00216,0.016905,0.0246,0.36396,13.2857,False
KVAL007,62,2.368511,RShoulder,0.019832,0.002595,0.016125,0.01125,0.676498,6.634701,False
KVAL007,63,2.401855,RShoulder,0.016867,0.003405,-0.00081,-0.0165,0.151556,26.269031,False
KVAL007,64,2.435177,RShoulder,0.028393,0.001845,0.019185,0.02085,1.094526,7.15279,False
KVAL007,65,2.468511,RShoulder,0.06065,0.0015,0.04617,0.0393,0.342029,40.652571,False
KVAL007,66,2.501833,RShoulder,0.025109,0.002295,0.024975,-0.0012,1.710209,9.642621,False
KVAL007,67,2.535166,RShoulder,0.061138,-0.012765,-0.05979,-0.0003,0.350863,83.588567,False
KVAL007,68,2.5685,RShoulder,0.012829,-0.002865,0.00576,0.0111,3.966143,44.96637,False
KVAL007,69,2.601844,RShoulder,0.203423,0.04179,0.198495,-0.0153,2.680089,70.113665,False
KVAL007,70,2.635166,RShoulder,0.182938,0.04194,0.178005,-0.00465,1.028569,50.180133,False
KVAL007,71,2.668511,RShoulder,0.168477,0.025695,0.16158,0.0402,1.178329,17.9532,False
KVAL007,72,2.701844,RShoulder,0.171718,0.007155,0.159465,0.0633,1.775011,31.921612,False
KVAL007,73,2.735177,RShoulder,0.088522,-0.016095,0.054405,0.06795,1.964005,24.842143,False
KVAL007,74,2.7685,RShoulder,0.05409,-0.009855,0.03123,0.04305,0.857978,20.055225,False
KVAL007,75,2.801844,RShoulder,0.031746,-0.00603,0.01608,0.0267,0.627877,15.128066,False
KVAL007,76,2.835166,RShoulder,0.041359,-0.0171,-0.009465,0.03645,0.187028,19.333598,False
KVAL007,77,2.868511,RShoulder,0.042783,-0.013755,0.017985,0.0363,0.793389,16.580703,False
KVAL007,78,2.901833,RShoulder,0.027439,0.00423,0.02676,0.00435,0.930626,22.36727,False
KVAL007,79,2.935166,RShoulder,0.01927,0.006795,-0.007605,-0.01635,0.942515,13.170882,False
KVAL007,80,2.9685,RShoulder,0.036324,0.00111,-0.03264,-0.0159,0.464595,17.541157,False
KVAL007,81,3.001844,RShoulder,0.041587,-0.0078,-0.03429,-0.0222,0.25902,12.381862,False
KVAL007,82,3.035166,RShoulder,0.023744,-0.00627,-0.01704,-0.0153,0.368729,13.354805,False
KVAL007,83,3.068511,RShoulder,0.019567,-0.00249,-0.01113,-0.0159,1.049051,9.834367,False
KVAL007,84,3.101844,RShoulder,0.050995,0.018165,0.04749,-0.0039,1.004833,29.019788,False
KVAL007,85,3.135177,RShoulder,0.050214,0.017295,0.044325,0.01605,0.901186,26.274073,False
KVAL007,86,3.168522,RShoulder,0.009115,-0.003165,-0.008415,0.0015,0.753284,15.563557,False
KVAL007,87,3.201855,RShoulder,1.5e-05,-1.5e-05,0.0,0.0,0.136722,11.30043,False
KVAL007,88,3.235188,RShoulder,0.0,0.0,0.0,0.0,0.000225,13.271442,False
KVAL007,89,3.268533,RShoulder,0.0,0.0,0.0,0.0,0.824007,15.487899,False
KVAL007,90,3.301866,RShoulder,0.054934,-0.017175,-0.024255,-0.0462,1.032437,21.186559,False
KVAL007,91,3.335166,RShoulder,0.068829,-0.02733,-0.03351,-0.05355,0.596558,30.363191,False
KVAL007,92,3.368511,RShoulder,0.018228,-0.011655,-0.010485,-0.0093,0.991788,6.404361,False
KVAL007,93,3.401844,RShoulder,0.002751,-0.0015,-0.00123,-0.00195,0.273422,16.393374,False
KVAL007,94,3.435177,RShoulder,0.0,0.0,0.0,0.0,0.301267,11.676359,False
KVAL007,95,3.468511,RShoulder,0.020556,0.00648,0.00882,-0.0174,0.560251,14.522778,False
KVAL007,96,3.501855,RShoulder,0.03735,-0.00642,-0.006855,-0.03615,0.91026,8.927306,False
KVAL007,97,3.535177,RShoulder,0.065844,-0.01335,-0.03546,-0.05385,0.214205,23.98665,False
KVAL007,98,3.568522,RShoulder,0.040295,-0.00045,-0.019785,-0.0351,0.702884,7.94723,False
KVAL007,99,3.601833,RShoulder,0.019195,-0.003255,-0.0084,-0.01695,0.430969,6.23485,False
KVAL007,100,3.635177,RShoulder,0.016764,-0.00759,-0.012465,-0.00825,0.390542,7.263359,False
KVAL007,101,3.6685,RShoulder,0.010536,-0.004335,-0.004065,0.0087,0.119101,10.879188,False
KVAL007,102,3.701833,RShoulder,0.017434,-0.009345,-0.00651,-0.0132,0.34148,6.630591,False
KVAL007,103,3.735177,RShoulder,0.017605,-0.00942,-0.006555,-0.01335,0.40874,9.46436,False
KVAL007,104,3.768511,RShoulder,0.011295,4.5e-05,0.00831,0.00765,0.319934,9.300387,False
KVAL007,105,3.801844,RShoulder,0.007371,-0.002115,0.0069,0.0015,0.214881,9.475806,False
KVAL007,106,3.835177,RShoulder,0.007489,-0.00456,0.003285,-0.00495,0.355804,6.230613,False
KVAL007,107,3.8685,RShoulder,0.022828,-0.022005,-0.0051,-0.0033,0.596553,7.726996,False
KVAL007,108,3.901844,RShoulder,0.043391,-0.02481,-0.02211,-0.0279,0.469668,14.467978,False
KVAL007,109,3.935166,RShoulder,0.03876,-0.014115,-0.02379,-0.02715,0.455726,16.830186,False
KVAL007,110,3.968511,RShoulder,0.028105,-0.01485,-0.02385,0.00075,0.702168,9.868297,False
KVAL007,111,4.001833,RShoulder,0.016366,-0.0015,-0.007035,0.0147,0.765737,6.362085,False
KVAL007,112,4.035166,RShoulder,0.028443,0.01356,0.013335,0.02115,0.866225,19.653309,False
KVAL007,113,4.0685,RShoulder,0.071998,-0.011325,0.00054,0.0711,0.748078,31.748585,False
KVAL007,114,4.101833,RShoulder,0.053648,-0.0231,-0.00741,0.04785,1.255614,23.707386,False
KVAL007,115,4.135166,RShoulder,0.012424,-0.002595,0.000105,-0.01215,0.902303,20.905802,False
KVAL007,116,4.168511,RShoulder,0.007021,0.000255,0.001275,-0.0069,0.184723,15.603374,False
KVAL007,117,4.201833,RShoulder,0.006836,0.00333,0.005325,-0.0027,0.179524,1.65375,False
KVAL007,118,4.235177,RShoulder,0.006795,0.00312,0.004185,0.00435,0.085704,3.708394,False
KVAL007,119,4.2685,RShoulder,0.010306,0.004455,0.009195,0.00135,0.359427,6.030399,False
KVAL007,120,4.301844,RShoulder,0.028263,-0.0069,0.011775,0.02475,0.419163,11.68075,False
KVAL007,121,4.335166,RShoulder,0.026266,-0.01128,0.002835,0.02355,0.423167,11.468887,False
KVAL007,122,4.368511,RShoulder,0.000136,1.5e-05,0.000135,0.0,0.405158,5.357755,False
KVAL007,123,4.401844,RShoulder,0.010889,-0.00114,-0.01056,0.0024,0.141884,13.419836,False
KVAL007,124,4.435177,RShoulder,0.009328,-0.000885,-0.00897,-0.0024,1.033767,20.167574,False
KVAL007,125,4.4685,RShoulder,0.077788,-0.030555,-0.068565,-0.0204,1.477856,28.125106,False
KVAL007,126,4.501844,RShoulder,0.107386,-0.04152,-0.094845,-0.0285,0.859184,47.196847,False
KVAL007,127,4.535166,RShoulder,0.030082,-0.0147,-0.02364,0.0114,1.674001,13.426139,False
KVAL007,128,4.568511,RShoulder,0.012715,-0.00147,0.00087,0.0126,0.582749,25.73392,False
KVAL007,129,4.601844,RShoulder,0.013303,0.002175,0.001395,-0.01305,0.075417,10.945217,False
KVAL007,130,4.635177,RShoulder,0.007858,-0.000825,-0.00048,0.0078,0.244024,3.012136,False
KVAL007,131,4.6685,RShoulder,0.007439,0.00678,0.001695,0.00255,0.274794,8.974374,False
KVAL007,132,4.701844,RShoulder,0.011713,-0.001005,-0.00705,-0.0093,0.360431,6.415008,False
KVAL007,133,4.735177,RShoulder,0.019417,-0.002445,-0.00501,-0.0186,0.229054,18.368096,False
KVAL007,134,4.768522,RShoulder,0.011371,0.004545,0.00708,-0.00765,0.874373,2.819968,False
KVAL007,135,4.801833,RShoulder,0.039145,0.004815,0.017565,0.03465,0.380862,22.783807,False
KVAL007,136,4.835177,RShoulder,0.031436,0.01623,0.0267,0.00345,0.652287,11.492939,False
KVAL007,137,4.8685,RShoulder,0.01179,0.00306,0.008295,-0.0078,0.433033,10.570339,False
KVAL007,138,4.901844,RShoulder,0.011266,-0.002295,0.00543,0.0096,0.063999,7.209812,False
KVAL007,139,4.935166,RShoulder,0.012495,0.005445,0.01017,-0.0048,0.146207,1.025189,False
KVAL007,140,4.968511,RShoulder,0.002795,0.00066,0.00261,0.00075,0.131642,4.209127,False
KVAL007,141,5.001833,RShoulder,0.017708,0.009735,0.01473,0.00135,0.227293,5.622643,False
KVAL007,142,5.035166,RShoulder,0.017708,0.009735,0.01473,0.00135,0.26543,5.6908,False
KVAL007,143,5.0685,RShoulder,1.5e-05,0.0,1.5e-05,0.0,0.158303,6.188392,False
KVAL007,144,5.101844,RShoulder,0.009115,0.003135,0.007185,0.00465,0.295904,2.040781,False
KVAL007,145,5.135177,RShoulder,0.01973,-0.000315,0.00384,-0.01935,0.292053,21.121156,False
KVAL007,146,5.168522,RShoulder,0.014603,-0.008295,-0.007965,0.009,1.114455,7.249818,False
KVAL007,147,5.201833,RShoulder,0.054831,-0.00585,-0.002715,0.05445,0.259183,22.911912,False
KVAL007,148,5.235177,RShoulder,0.021263,-0.00102,0.001935,0.02115,0.484542,1.438083,False
KVAL007,149,5.2685,RShoulder,0.035932,0.004245,0.01731,0.0312,0.295276,14.690141,False
KVAL007,150,5.301833,RShoulder,0.036243,0.005025,0.017745,0.0312,1.052592,34.491346,False
KVAL007,151,5.335166,RShoulder,0.034926,0.00489,-0.01359,-0.0318,2.035134,10.069546,False
KVAL007,152,5.368511,RShoulder,0.099915,0.001815,-0.05847,-0.081,0.625517,50.889765,False
KVAL007,153,5.401833,RShoulder,0.071383,-0.00285,-0.04971,-0.05115,1.366595,31.05288,False
KVAL007,154,5.435166,RShoulder,0.015176,0.00453,0.003315,-0.0141,1.445046,19.29833,False
KVAL007,155,5.4685,RShoulder,0.038246,0.01197,0.03534,-0.0084,0.131349,42.265299,False
KVAL007,156,5.501844,RShoulder,0.019437,0.004545,0.01206,-0.01455,1.42547,15.00377,False
KVAL007,157,5.535166,RShoulder,0.060295,-0.02055,-0.05328,-0.01935,0.901288,42.842177,False
KVAL007,158,5.568511,RShoulder,0.041315,-0.01863,-0.029445,0.0222,1.550028,24.881657,False
KVAL007,159,5.601844,RShoulder,0.051673,-0.00015,0.024585,0.04545,0.902808,31.150955,False
KVAL007,160,5.635188,RShoulder,0.040371,0.002205,0.026415,0.03045,0.59918,20.942786,False
KVAL007,161,5.6685,RShoulder,0.013691,0.00192,0.01098,0.00795,0.592831,2.478799,False
KVAL007,162,5.701833,RShoulder,0.000875,0.000165,0.00042,0.00075,0.449721,6.223753,False
KVAL007,163,5.735166,RShoulder,0.019081,0.001185,-0.00234,-0.0189,0.664665,19.862695,False
KVAL007,164,5.768511,RShoulder,0.04355,0.003315,-0.002535,-0.04335,0.962481,33.553144,False
KVAL007,165,5.801844,RShoulder,0.048049,0.0126,-0.02058,0.04155,1.598703,29.265709,False
KVAL007,166,5.835188,RShoulder,0.066896,0.008445,-0.028665,0.05985,0.996423,41.74712,False
KVAL007,167,5.868511,RShoulder,0.020104,0.004575,0.00897,-0.0174,1.195231,18.981639,False
KVAL007,168,5.901855,RShoulder,0.015724,0.00813,0.00384,-0.0129,0.302249,18.587451,False
KVAL007,169,5.935177,RShoulder,0.01095,0.00432,-0.007845,-0.0063,0.121569,7.221018,False
KVAL007,170,5.968511,RShoulder,0.012013,0.0033,0.008235,-0.0081,0.298607,4.614256,False
KVAL007,171,6.001844,RShoulder,0.010176,0.002775,0.007365,0.00645,0.201845,8.272201,False
KVAL007,172,6.035177,RShoulder,0.022542,0.00603,0.00555,-0.021,0.268236,9.600057,False
KVAL007,173,6.0685,RShoulder,0.009321,-6e-05,-0.000615,-0.0093,0.553338,3.818153,False
KVAL007,174,6.101844,RShoulder,0.027474,-0.00756,-0.025575,-0.0066,0.501934,14.985741,False
KVAL007,175,6.135177,RShoulder,0.041168,-0.0027,-0.02298,-0.03405,0.546923,20.864412,False
KVAL007,176,6.168511,RShoulder,0.011232,0.001875,0.005775,0.00945,0.897319,9.951912,False
KVAL007,177,6.201833,RShoulder,0.019191,0.00297,0.005955,0.018,0.13443,17.716534,False
KVAL007,178,6.235177,RShoulder,0.002902,0.001965,0.00087,0.00195,0.28793,3.246273,False
KVAL007,179,6.268511,RShoulder,1.5e-05,0.0,-1.5e-05,0.0,0.169511,8.854664,False
KVAL007,180,6.301855,RShoulder,0.011498,0.002895,0.010305,-0.0042,0.325113,5.570259,False
KVAL007,181,6.335166,RShoulder,0.021663,0.005685,0.01596,0.0135,0.225851,4.83864,False
KVAL007,182,6.368511,RShoulder,0.012293,0.003435,0.00594,0.0102,0.06957,8.204456,False
KVAL007,183,6.401844,RShoulder,0.022794,0.0015,0.01683,0.0153,0.337225,8.68096,False
KVAL007,184,6.435177,RShoulder,0.02292,0.00489,0.021615,-0.00585,0.541462,10.870746,False
KVAL007,185,6.468511,RShoulder,0.025979,0.005295,0.014985,-0.02055,0.401589,16.216945,False
KVAL007,186,6.501855,RShoulder,0.022365,0.0024,0.011715,0.0189,0.554559,7.029457,False
KVAL007,187,6.535177,RShoulder,0.016207,0.003585,0.00498,0.015,0.356083,7.816818,False
KVAL007,188,6.568511,RShoulder,0.019515,-0.00639,-0.010065,0.01545,0.352656,9.853904,False
KVAL007,189,6.601833,RShoulder,0.025548,-0.009735,-0.013965,0.01905,0.303812,17.803778,False
KVAL007,190,6.635177,RShoulder,0.016979,0.00129,0.008655,0.01455,0.84058,1.772826,False
KVAL007,191,6.6685,RShoulder,0.044134,0.01725,0.03513,0.0204,0.346748,18.04094,False
KVAL007,192,6.701844,RShoulder,0.037334,0.009885,0.029025,0.0213,0.386763,6.076853,False
KVAL007,193,6.735166,RShoulder,0.026283,-0.00315,0.01971,0.0171,0.170999,26.88619,False
KVAL007,194,6.768511,RShoulder,0.035395,0.00384,0.03291,0.01245,1.817464,20.777273,False
KVAL007,195,6.801844,RShoulder,0.09801,0.024825,-0.028905,-0.0903,1.433129,65.463173,False
KVAL007,196,6.835188,RShoulder,0.074172,0.029055,-0.014205,-0.06675,2.585383,48.419441,False
KVAL007,197,6.8685,RShoulder,0.089056,0.009165,0.075945,0.0456,1.795285,60.405555,False
KVAL007,198,6.901844,RShoulder,0.05422,-0.00126,0.041685,0.03465,1.509826,43.327869,False
KVAL007,199,6.935166,RShoulder,0.01276,-0.00249,-0.00681,-0.0105,1.142113,24.7061,False
KVAL007,200,6.9685,RShoulder,0.022983,-0.00177,-0.011535,-0.0198,0.18716,19.04846,False
KVAL007,201,7.001844,RShoulder,0.01334,0.00276,0.004365,-0.0123,0.130647,11.697891,False
KVAL007,202,7.035177,RShoulder,0.015507,-0.003465,-0.00504,-0.01425,0.716787,10.216705,False
KVAL007,203,7.068522,RShoulder,0.035419,-0.005295,0.00393,0.0348,0.793662,16.283066,False
KVAL007,204,7.101855,RShoulder,0.037804,0.00477,0.02103,0.03105,0.388282,48.811721,False
KVAL007,205,7.135188,RShoulder,0.012975,0.00189,-0.00528,0.0117,2.52024,30.758973,False
KVAL007,206,7.168533,RShoulder,0.134914,0.04965,-0.04029,-0.1188,2.436633,60.974643,False
KVAL007,207,7.201866,RShoulder,0.153752,0.043635,-0.04857,-0.1392,1.809768,75.318382,False
KVAL007,208,7.235166,RShoulder,0.07692,-0.02451,-0.067485,-0.0276,2.676645,11.940279,False
KVAL007,209,7.2685,RShoulder,0.071612,-0.038955,-0.05709,0.01875,1.624412,41.302846,False
KVAL007,210,7.301844,RShoulder,0.112187,-0.08466,-0.04368,0.05925,0.549153,47.753148,False
KVAL007,211,7.335177,RShoulder,0.0954,-0.06972,-0.065115,0.0006,1.615307,22.830869,False
KVAL007,212,7.368522,RShoulder,0.038708,-0.014115,-0.0294,-0.02085,1.056721,23.883509,False
KVAL007,213,7.401855,RShoulder,0.030583,-0.010245,-0.02805,-0.0066,0.262049,12.141603,False
KVAL007,214,7.435188,RShoulder,0.025521,-0.00078,-0.02259,-0.01185,0.372573,4.33657,False
KVAL007,215,7.468533,RShoulder,0.010161,-0.002775,-0.004455,-0.0087,0.240459,6.417842,False
KVAL007,216,7.501866,RShoulder,0.016373,0.000375,-0.006885,-0.01485,0.085004,6.614553,False
KVAL007,217,7.535177,RShoulder,0.009573,-0.00537,-0.00672,-0.0042,0.343031,3.551951,False
KVAL007,218,7.568511,RShoulder,0.011185,-0.00771,-0.004905,0.00645,0.198944,6.9085,False
KVAL007,219,7.601833,RShoulder,0.003836,0.00276,0.002595,0.0006,0.149629,6.420113,False
KVAL007,220,7.635166,RShoulder,0.001797,1.5e-05,-0.00099,0.0015,0.317117,3.729894,False
KVAL007,221,7.6685,RShoulder,0.021043,0.010305,-0.00483,-0.0177,0.359605,10.510782,False
KVAL007,222,7.701844,RShoulder,0.022769,0.01308,-0.00117,-0.0186,0.387661,11.164598,False
KVAL007,223,7.735166,RShoulder,0.010266,0.0063,0.006045,0.0054,0.408345,5.884398,False
KVAL007,224,7.7685,RShoulder,0.012814,0.00651,0.00954,0.00555,0.111106,14.599146,False
KVAL007,225,7.801844,RShoulder,0.00763,-0.00108,0.00543,0.00525,0.578199,9.642019,False
KVAL007,226,7.835188,RShoulder,0.029797,0.00336,-0.008535,-0.02835,0.643058,17.285546,False
KVAL007,227,7.8685,RShoulder,0.03567,-0.002295,-0.01686,-0.03135,0.592284,20.012505,False
KVAL007,228,7.901833,RShoulder,0.010068,-0.003945,0.00144,0.00915,0.707828,9.463108,False
KVAL007,229,7.935166,RShoulder,0.016481,-0.007425,-0.00468,0.01395,0.288526,11.405825,False
KVAL007,230,7.968511,RShoulder,0.02435,-0.016515,-0.012705,0.0126,0.162798,9.825093,False
KVAL007,231,8.001844,RShoulder,0.015078,-0.011715,0.003795,0.0087,0.387453,5.293451,False
KVAL007,232,8.035177,RShoulder,0.005443,-0.00324,0.00225,-0.00375,0.29277,7.935992,False
KVAL007,233,8.0685,RShoulder,0.004779,0.002535,-0.00012,-0.00405,0.184263,8.004538,False
KVAL007,234,8.101833,RShoulder,0.008474,-0.001935,-3e-05,0.00825,0.265411,5.984949,False
KVAL007,235,8.135177,RShoulder,0.013142,-0.003405,-0.002475,0.01245,0.257134,0.572737,False
KVAL007,236,8.168511,RShoulder,0.012305,-0.00204,-0.011145,-0.0048,0.249112,15.984649,False
KVAL007,237,8.201833,RShoulder,0.029609,-0.01074,-0.005685,0.027,0.80963,13.094392,False
KVAL007,238,8.235177,RShoulder,0.043749,0.00294,0.02103,0.03825,0.639784,26.636881,False
KVAL007,239,8.268511,RShoulder,0.021159,0.013125,0.01659,-0.00045,0.990479,13.513151,False
KVAL007,240,8.301855,RShoulder,0.024745,0.00696,-0.00147,-0.0237,0.517788,21.022604,False
KVAL007,241,8.335166,RShoulder,0.022403,0.001245,-0.008835,-0.02055,0.457156,12.583182,False
KVAL007,242,8.3685,RShoulder,0.007903,-0.00258,-0.005595,0.00495,0.337397,9.625418,False
KVAL007,243,8.401844,RShoulder,0.005332,0.004065,0.00303,-0.00165,0.265024,6.200896,False
KVAL007,244,8.435177,RShoulder,0.010707,0.00576,0.009015,-0.00045,0.465606,8.826535,False
KVAL007,245,8.4685,RShoulder,0.028091,0.000375,-0.01038,0.0261,0.383552,18.208579,False
KVAL007,246,8.501844,RShoulder,0.019749,0.0108,-0.015465,-0.00585,0.753509,7.67696,False
KVAL007,247,8.535177,RShoulder,0.024094,0.011535,0.00357,-0.02085,0.254244,15.520326,False
KVAL007,248,8.568511,RShoulder,0.023308,0.006495,-0.00852,-0.0207,0.287249,12.58807,False
KVAL007,249,8.601833,RShoulder,0.008782,0.00498,-0.00513,-0.0051,0.654905,5.769558,False
KVAL007,250,8.635177,RShoulder,0.020589,-0.002655,0.00498,0.0198,0.100638,15.051068,False
KVAL007,251,8.6685,RShoulder,0.01183,0.00564,-0.001005,-0.01035,0.350431,4.210741,False
KVAL007,252,8.701833,RShoulder,0.004298,-0.000255,-0.00396,-0.00165,0.213262,1.044861,False
KVAL007,253,8.735166,RShoulder,0.016027,-0.00357,-0.011835,-0.0102,0.32431,5.386102,False
KVAL007,254,8.768511,RShoulder,0.025164,-0.001185,-0.014685,-0.0204,0.179168,11.486263,False
KVAL007,255,8.801844,RShoulder,0.004252,-0.00057,-0.003735,-0.00195,0.441799,2.460308,False
KVAL007,256,8.835177,RShoulder,0.006231,0.0,-0.00168,0.006,0.241746,3.230325,False
KVAL007,257,8.8685,RShoulder,0.014204,-0.00306,-0.001395,0.0138,0.24703,2.982958,False
KVAL007,258,8.901844,RShoulder,0.021104,-0.003615,0.006795,0.01965,0.147488,6.370253,False
KVAL007,259,8.935166,RShoulder,0.019887,-0.00186,0.007185,0.01845,0.247399,6.090865,False
KVAL007,260,8.968511,RShoulder,0.018432,0.009675,0.011235,0.01095,0.326535,8.013706,False
KVAL007,261,9.001833,RShoulder,0.010024,0.006495,0.007455,-0.00165,0.378062,6.28698,False
KVAL007,262,9.035177,RShoulder,0.008025,-0.005055,-0.006225,0.0003,0.160945,8.535637,False
KVAL007,263,9.068511,RShoulder,0.002773,0.001815,-0.001815,0.00105,0.201007,2.862326,False
KVAL007,264,9.101844,RShoulder,0.005454,0.00372,0.003885,0.0009,0.051454,4.218265,False
KVAL007,265,9.135166,RShoulder,0.003015,0.000855,0.001035,0.0027,0.080709,1.3103,False
KVAL007,266,9.168511,RShoulder,7.5e-05,6e-05,4.5e-05,0.0,0.04509,1.19424,False
KVAL007,267,9.201844,RShoulder,2.1e-05,1.5e-05,1.5e-05,0.0,0.001125,5.933557,False
KVAL007,268,9.235188,RShoulder,0.0,0.0,0.0,0.0,0.420145,94.397737,False
KVAL007,269,9.2685,RShoulder,0.027994,-0.001575,-0.026925,-0.0075,6.292669,2205.270631,False
KVAL007,270,9.301844,RShoulder,0.419511,0.31281,-0.098115,-0.26175,147.236927,2380.451284,False
KVAL007,271,9.335177,RShoulder,9.830427,-5.78328,-6.347475,4.78545,154.561856,4434.215984,False
KVAL007,272,9.368511,RShoulder,10.038431,-6.135015,-6.192915,4.9779,148.381492,4846.372071,False
KVAL007,273,9.401844,RShoulder,0.110605,-0.038445,0.08238,-0.063,176.857249,2574.381216,False
KVAL007,274,9.435177,RShoulder,5.472367,3.597165,-3.92091,-1.27815,94.645519,3231.013323,False
KVAL007,275,9.468522,RShoulder,6.238894,4.37682,-4.257,-1.28265,68.360932,2780.034832,True
KVAL007,276,9.501855,RShoulder,1.201457,1.169415,-0.274875,-0.02025,90.899893,860.051573,True
KVAL007,277,9.535188,RShoulder,0.620498,0.562155,0.252315,0.07305,16.858998,1201.652256,True
KVAL007,278,9.568533,RShoulder,0.299647,0.10437,-0.067305,0.2727,19.366651,306.369194,True
KVAL007,279,9.601866,RShoulder,0.916682,-0.572685,0.201945,0.6867,31.858612,330.037484,True
KVAL007,280,9.635177,RShoulder,2.06481,-1.35549,1.443255,0.58575,19.712137,807.207491,False
KVAL007,281,9.668511,RShoulder,1.844619,-1.34478,1.21197,0.354,22.195796,352.106972,False
KVAL007,282,9.701833,RShoulder,0.686349,-0.56196,0.221655,0.3258,14.751003,661.209499,False
KVAL007,283,9.735177,RShoulder,1.730892,-0.90867,1.38177,-0.5109,24.755947,415.915165,False
KVAL007,284,9.7685,RShoulder,1.962105,-1.05702,1.589595,-0.4536,17.115801,637.81417,False
KVAL007,285,9.801844,RShoulder,0.807819,-0.48579,0.60885,0.2142,18.005329,237.559359,False
KVAL007,286,9.835166,RShoulder,0.861205,-0.468435,0.713055,0.11745,7.761821,156.773324,False
KVAL007,287,9.868511,RShoulder,0.319029,-0.18417,0.259725,-0.0201,15.286049,61.676145,False
KVAL007,288,9.901833,RShoulder,0.169973,0.14136,-0.094275,-0.0045,7.108164,269.228148,False
KVAL007,289,9.935166,RShoulder,0.159265,0.12387,-0.09819,0.0195,3.099662,143.459345,False
KVAL007,290,9.9685,RShoulder,0.061332,-0.053025,-0.026925,0.015,2.56598,78.543579,False
KVAL007,291,10.001833,RShoulder,0.030401,-0.016845,-0.010665,-0.02295,2.49899,49.897107,False
KVAL007,292,10.035166,RShoulder,0.148522,0.04173,-0.10182,-0.09975,1.02776,69.649665,False
KVAL007,293,10.0685,RShoulder,0.084685,0.009315,-0.068295,-0.0492,2.226805,88.652136,False
KVAL007,294,10.101844,RShoulder,9.6e-05,6e-05,-7.5e-05,0.0,6.258398,205.21579,False
KVAL007,295,10.135177,RShoulder,0.465894,0.1521,-0.02991,-0.43935,11.829766,88.859129,False
KVAL007,296,10.168511,RShoulder,0.788675,0.187125,-0.102255,-0.7593,1.760409,305.34579,False
KVAL007,297,10.201855,RShoulder,0.531216,0.154515,-0.13587,-0.48975,8.619406,100.498728,False
KVAL007,298,10.235166,RShoulder,0.250328,0.14301,-0.08598,-0.1866,5.429792,129.575574,False
KVAL007,299,10.2685,RShoulder,0.170863,0.03315,-0.035565,-0.1638,1.670011,87.607988,False
KVAL007,300,10.301844,RShoulder,0.19469,0.04257,-0.03795,-0.18615,1.309756,59.285441,False
KVAL007,301,10.335177,RShoulder,0.19487,0.106695,-0.07791,-0.14325,3.077828,97.492713,False
KVAL007,302,10.3685,RShoulder,0.394134,0.066855,-0.14094,-0.36195,5.847791,49.812626,False
KVAL007,303,10.401844,RShoulder,0.524166,-0.03204,-0.15897,-0.49845,3.904733,72.719078,False
KVAL007,304,10.435166,RShoulder,0.585774,-0.10194,-0.13794,-0.5601,1.872378,96.595708,False
KVAL007,305,10.468511,RShoulder,0.590369,-0.10695,-0.092715,-0.57315,3.04583,36.376048,False
KVAL007,306,10.501833,RShoulder,0.419019,-0.045015,-0.00609,-0.41655,2.500493,58.431111,False
KVAL007,307,10.535177,RShoulder,0.656368,-0.030945,0.031095,-0.6549,1.457354,166.370562,False
KVAL007,308,10.568511,RShoulder,0.501762,0.00072,0.00333,-0.50175,9.63168,128.207804,False
KVAL007,309,10.601844,RShoulder,0.029529,0.022185,-0.010605,-0.01635,7.257729,143.737593,False
KVAL007,310,10.635177,RShoulder,0.026052,0.016665,-0.00813,-0.0183,0.192657,106.450414,False
KVAL007,311,10.668511,RShoulder,0.017208,0.011325,-0.005565,-0.0117,0.224664,2.295816,False
KVAL007,312,10.701833,RShoulder,0.011177,0.007605,-0.00417,-0.00705,0.053641,1.712293,False
KVAL007,313,10.735177,RShoulder,0.01381,0.009435,-0.0051,-0.0087,0.114368,2.164775,False
KVAL007,314,10.768511,RShoulder,0.003554,0.002445,-0.00126,-0.00225,0.193352,3.315111,False
KVAL007,315,10.801844,RShoulder,0.00092,0.000615,-0.00033,-0.0006,0.107223,328.551707,False
KVAL007,316,10.835177,RShoulder,0.010679,0.006735,-0.003525,-0.0075,21.744255,652.695,False
KVAL007,317,10.868511,RShoulder,1.450386,0.740265,0.228705,-1.2261,43.605996,255.349113,False
KVAL007,318,10.901833,RShoulder,2.916263,1.86804,0.566445,-2.1666,22.907612,806.602432,False
KVAL007,319,10.935177,RShoulder,2.753795,2.146455,0.715215,-1.5699,17.974619,463.759446,False
KVAL007,320,10.9685,RShoulder,2.638639,2.242725,0.88341,-1.0734,15.51352,445.867032,False
KVAL007,321,11.001844,RShoulder,2.303132,1.98063,1.01433,-0.59385,26.752504,507.136277,False
KVAL007,322,11.035166,RShoulder,0.937338,0.761145,0.52701,-0.1467,34.258888,242.166573,False
KVAL007,323,11.068511,RShoulder,0.021243,0.01245,0.01653,-0.0048,14.0328,663.260574,False
KVAL007,324,11.101833,RShoulder,0.0019,0.001155,0.00144,-0.00045,10.173074,370.313796,False
KVAL007,325,11.135177,RShoulder,0.69827,0.564,0.4077,-0.05715,10.674055,302.223729,False
KVAL007,326,11.1685,RShoulder,0.713417,0.573375,0.420435,-0.05865,9.975376,227.865983,False
KVAL007,327,11.201844,RShoulder,0.035471,0.019845,0.02898,-0.00495,4.562612,307.834373,False
KVAL007,328,11.235166,RShoulder,0.416797,0.302955,0.28128,-0.0531,10.578298,99.30972,False
KVAL007,329,11.2685,RShoulder,0.739574,0.548955,0.492045,-0.05925,2.168433,230.00274,False
KVAL007,330,11.301844,RShoulder,0.555598,0.40164,0.383085,-0.0249,4.77497,108.508202,False
KVAL007,331,11.335177,RShoulder,0.424969,0.29754,0.303285,-0.0093,5.129508,14.027603,False
KVAL007,332,11.3685,RShoulder,0.214571,0.153795,0.149505,0.006,4.40839,61.514455,False
KVAL007,333,11.401833,RShoulder,0.131264,0.087645,0.09768,-0.0027,1.067165,60.418687,False
KVAL007,334,11.435177,RShoulder,0.145313,0.094905,0.11004,0.0,0.397478,6.284378,False
KVAL007,335,11.468511,RShoulder,0.106039,0.07041,0.079125,0.0051,0.839618,16.481305,False
KVAL007,336,11.501833,RShoulder,0.089738,0.06198,0.064845,0.00255,1.46513,4.853938,False
KVAL007,337,11.535166,RShoulder,0.00858,0.00423,0.00741,0.0009,0.988994,27.301272,False
KVAL007,338,11.5685,RShoulder,0.042927,0.03984,0.004095,0.01545,0.531067,4.429602,False
KVAL007,339,11.601833,RShoulder,0.039655,0.037215,0.003645,0.0132,0.744316,17.271693,False
KVAL007,340,11.635166,RShoulder,0.04683,0.014565,-0.03786,0.0234,0.790288,19.114222,False
KVAL007,341,11.6685,RShoulder,0.039853,0.005685,-0.03837,0.00915,0.779819,17.997433,False
KVAL007,342,11.701844,RShoulder,0.016478,-0.006705,-0.0075,-0.01305,0.514189,21.040662,False
KVAL007,343,11.735177,RShoulder,0.00565,0.00156,-0.005355,0.0009,1.219777,19.184752,False
KVAL007,344,11.7685,RShoulder,0.069884,0.043095,0.054975,0.0021,1.610949,25.195577,False
KVAL007,345,11.801833,RShoulder,0.103901,0.061905,0.083355,-0.0039,0.471762,42.932694,False
KVAL007,346,11.835166,RShoulder,0.042245,0.019545,0.03663,-0.0078,1.261723,10.009031,False
KVAL007,347,11.868511,RShoulder,0.023374,0.00363,0.022995,0.0021,0.338044,19.999079,False
KVAL007,348,11.901844,RShoulder,0.060522,0.01347,0.05829,-0.00915,0.257201,7.812392,False
KVAL007,349,11.935177,RShoulder,0.022235,0.017295,0.01374,-0.00255,0.21796,38.576877,False
KVAL007,350,11.9685,RShoulder,0.056926,0.023805,0.04962,-0.01455,2.554346,19.619726,False
KVAL007,351,12.001833,RShoulder,0.191233,0.10299,0.15867,-0.02805,1.26954,55.025057,False
KVAL007,352,12.035166,RShoulder,0.141525,0.062655,0.12195,-0.0351,1.549433,22.257532,False
KVAL007,353,12.068511,RShoulder,0.153254,0.00948,0.1377,-0.0666,0.781827,30.524956,False
KVAL007,354,12.101844,RShoulder,0.15217,0.023835,0.134205,-0.06765,1.13969,25.375849,False
KVAL007,355,12.135177,RShoulder,0.08038,0.019875,0.071685,-0.03045,1.060828,14.889987,False
KVAL007,356,12.168511,RShoulder,0.094171,0.02871,0.08862,-0.0138,0.309418,34.853491,False
KVAL007,357,12.201844,RShoulder,0.063886,0.004905,0.058755,-0.0246,2.949744,35.21831,False
KVAL007,358,12.235166,RShoulder,0.111258,0.02922,-0.10731,0.003,2.597483,69.651161,False
KVAL007,359,12.2685,RShoulder,0.119875,-0.0519,-0.10482,-0.02625,2.455676,66.752834,False
KVAL007,360,12.301833,RShoulder,0.123286,-0.108585,-0.0345,-0.0471,2.945237,125.11104,False
KVAL007,361,12.335177,RShoulder,0.175607,0.1272,-0.108285,0.05415,6.193589,67.116178,False
KVAL007,362,12.3685,RShoulder,0.293266,0.285915,0.01908,0.0624,2.925861,181.765914,False
KVAL007,363,12.401844,RShoulder,0.144756,0.12177,0.078225,-0.0027,6.220611,55.224469,False
KVAL007,364,12.435166,RShoulder,0.191264,-0.062475,0.110265,-0.14325,3.603676,157.00251,False
KVAL007,365,12.468511,RShoulder,0.204677,-0.061065,0.122595,-0.1521,5.482265,132.312127,False
KVAL007,366,12.501833,RShoulder,0.186323,-0.021705,-0.144465,0.11565,5.975544,68.570409,False
KVAL007,367,12.535177,RShoulder,0.200721,-0.00792,-0.14778,0.1356,4.643303,69.534828,False
KVAL007,368,12.568511,RShoulder,0.417774,0.226095,-0.18999,0.2955,4.141248,127.029483,False
KVAL007,369,12.601844,RShoulder,0.411721,0.21603,-0.19845,0.2889,4.016599,118.207385,False
KVAL007,370,12.635188,RShoulder,0.150703,0.07587,-0.0621,0.11445,4.081493,48.50871,False
KVAL007,371,12.668522,RShoulder,0.15745,0.08271,-0.02016,0.13245,3.181585,35.728169,False
KVAL007,372,12.701855,RShoulder,0.171331,0.106755,0.130395,0.0309,2.577802,76.201393,False
KVAL007,373,12.7352,RShoulder,0.146521,0.093915,0.11043,0.0213,2.350356,49.023975,False
KVAL007,374,12.768533,RShoulder,0.024765,-0.004545,0.022035,0.01035,0.708528,59.602646,False
KVAL007,375,12.801844,RShoulder,0.124307,0.09486,0.068205,0.04245,1.693374,27.417312,False
KVAL007,376,12.835177,RShoulder,0.12279,0.09417,0.066195,0.04275,2.005743,56.836604,False
KVAL007,377,12.868522,RShoulder,0.017086,-0.00609,-0.012975,0.0093,2.201321,31.206596,False
KVAL007,378,12.901855,RShoulder,0.053974,-0.00282,-0.04341,0.03195,0.469719,46.060949,False
KVAL007,379,12.935188,RShoulder,0.045388,0.00471,-0.03291,0.0309,0.946252,18.919713,False
KVAL007,380,12.968533,RShoulder,0.043414,0.012075,0.01761,0.0378,0.908529,21.032809,False
KVAL007,381,13.001866,RShoulder,0.0454,-0.00978,0.025665,0.03615,0.626035,21.752387,False
KVAL007,382,13.035166,RShoulder,0.023153,-0.01851,0.00267,0.01365,0.615685,15.667963,False
KVAL007,383,13.068511,RShoulder,0.011387,0.00474,-0.00249,0.01005,0.522332,8.982862,False
KVAL007,384,13.101844,RShoulder,0.018548,0.015975,0.00324,0.00885,0.153463,14.826515,False
KVAL007,385,13.135177,RShoulder,0.015331,0.013605,0.00153,0.0069,0.48371,9.639067,False
KVAL007,386,13.1685,RShoulder,0.01536,-0.01527,-0.000195,0.00165,0.518493,15.151414,False
KVAL007,387,13.201844,RShoulder,0.024566,-0.019545,0.010695,0.01035,0.576058,19.645287,False
KVAL007,388,13.235177,RShoulder,0.031467,0.0102,0.02064,0.02145,0.817704,12.486529,False
KVAL007,389,13.268522,RShoulder,0.040576,0.03456,0.016785,0.01305,0.477753,19.489719,False
KVAL007,390,13.301833,RShoulder,0.028428,0.027885,0.00552,-0.0003,0.557831,11.179972,False
KVAL007,391,13.335177,RShoulder,0.010657,0.00873,-0.006045,-0.0009,0.429625,10.277196,False
KVAL007,392,13.368511,RShoulder,0.005542,0.001395,-0.005355,0.0003,0.254964,6.222845,False
KVAL007,393,13.401855,RShoulder,0.009488,0.00117,0.00801,0.00495,0.133807,12.899673,False
KVAL007,394,13.435166,RShoulder,0.00625,-0.003375,0.00033,0.00525,0.924094,10.165128,False
KVAL007,395,13.4685,RShoulder,0.061321,-0.05694,-0.00225,0.02265,0.773855,27.59109,False
KVAL007,396,13.501833,RShoulder,0.056669,-0.051615,0.006405,0.0225,0.918602,24.865322,False
KVAL007,397,13.535177,RShoulder,0.008752,0.00246,0.001575,0.00825,0.903144,12.14123,False
KVAL007,398,13.5685,RShoulder,0.021395,0.008385,0.008295,0.01785,0.289049,23.044296,False
KVAL007,399,13.601844,RShoulder,0.026804,0.014595,0.01194,0.01905,0.649194,19.646479,False
KVAL007,400,13.635166,RShoulder,0.039461,-0.032475,-0.00543,0.02175,1.089149,14.985277,False
KVAL007,401,13.668511,RShoulder,0.060593,-0.05592,-0.004965,0.0228,0.352845,26.440629,False
KVAL007,402,13.701844,RShoulder,0.020059,-0.011355,0.003315,0.0162,0.674139,9.520552,False
KVAL007,403,13.735177,RShoulder,0.024565,-0.011775,0.00333,0.0213,0.328854,11.315293,False
KVAL007,404,13.768511,RShoulder,0.040524,-0.03,0.01071,0.02505,0.124913,9.902145,False
KVAL007,405,13.801844,RShoulder,0.022729,-0.01602,-0.001545,0.01605,0.344023,5.77985,False
KVAL007,406,13.835177,RShoulder,0.023503,-0.014565,-0.00465,0.01785,0.293641,6.847276,False
KVAL007,407,13.868511,RShoulder,0.015747,0.00015,0.00903,0.0129,0.524692,24.376001,False
KVAL007,408,13.901833,RShoulder,0.014287,0.013245,0.00528,-0.0009,1.349538,39.020907,False
KVAL007,409,13.935177,RShoulder,0.092827,-0.08508,-0.007785,0.0363,2.137351,39.25962,False
KVAL007,410,13.968511,RShoulder,0.1283,-0.112485,-0.061485,0.00525,2.358727,49.343642,False
KVAL007,411,14.001844,RShoulder,0.178005,-0.08424,-0.155955,-0.01635,1.468765,76.42697,False
KVAL007,412,14.035188,RShoulder,0.099437,-0.02517,-0.092505,-0.0264,3.140467,45.932638,False
KVAL007,413,14.068522,RShoulder,0.059769,0.03507,0.013425,-0.0465,2.697632,37.779446,False
KVAL007,414,14.101855,RShoulder,0.109295,0.016875,0.07452,-0.07815,1.311981,53.862858,False
KVAL007,415,14.1352,RShoulder,0.128214,0.018975,0.08505,-0.09405,0.971087,18.137388,False
KVAL007,416,14.168533,RShoulder,0.044874,0.003255,0.029565,-0.0336,0.294581,43.291688,False
KVAL007,417,14.201844,RShoulder,0.136242,0.004635,0.0837,-0.1074,1.931425,21.466361,False
KVAL007,418,14.235177,RShoulder,0.173477,0.010515,0.10479,-0.13785,1.264059,63.675146,False
KVAL007,419,14.2685,RShoulder,0.052029,0.003015,0.033075,-0.04005,2.314236,10.080555,False
KVAL007,420,14.301844,RShoulder,0.01993,0.00618,0.011955,-0.0147,0.643135,23.776718,False
KVAL007,421,14.335166,RShoulder,0.015916,0.009105,0.00033,-0.01305,0.823141,10.74416,False
KVAL007,422,14.368511,RShoulder,0.036119,-0.00795,-0.031665,0.01545,1.095626,10.698776,False
KVAL007,423,14.401833,RShoulder,0.05949,-0.02346,-0.035175,0.04185,0.79726,19.035967,False
KVAL007,424,14.435177,RShoulder,0.077558,-0.036225,-0.032385,0.06045,0.26277,24.890184,False
KVAL007,425,14.468511,RShoulder,0.050094,-0.03138,-0.02535,0.0297,0.894291,6.891682,False
KVAL007,426,14.501844,RShoulder,0.022031,-0.01671,-0.011955,0.00795,0.484548,10.816854,False
KVAL007,427,14.535166,RShoulder,0.018288,-0.010065,-0.00741,0.01335,0.328535,14.753802,False
KVAL007,428,14.568511,RShoulder,0.010557,0.00354,-0.009945,-0.00015,1.361373,4.106511,False
KVAL007,429,14.601844,RShoulder,0.073824,0.047805,-0.00078,-0.05625,0.35443,44.292519,False
KVAL007,430,14.635177,RShoulder,0.027648,0.012315,-0.01125,-0.02205,1.592763,16.757403,False
KVAL007,431,14.668511,RShoulder,0.033458,-0.024645,-0.00843,0.021,0.810531,22.669545,False
KVAL007,432,14.701855,RShoulder,0.028232,-0.018015,0.0186,0.01125,0.325014,18.134785,False
KVAL007,433,14.735177,RShoulder,0.042722,-0.030045,0.01128,0.0282,0.433476,13.751838,False
KVAL007,434,14.768511,RShoulder,0.007215,-0.00042,-0.00375,0.00615,0.658542,5.13115,False
KVAL007,435,14.801833,RShoulder,0.005308,0.00165,-0.004515,0.00225,0.132442,5.840699,False
KVAL007,436,14.835177,RShoulder,0.014434,-7.5e-05,-0.01251,0.0072,0.395018,7.5017,False
KVAL007,437,14.868511,RShoulder,0.029971,0.02514,-0.016305,0.0006,0.444318,18.358666,False
KVAL007,438,14.901844,RShoulder,0.031169,0.024525,-0.001185,0.0192,0.863461,15.638836,False
KVAL007,439,14.935166,RShoulder,0.037602,-0.02232,-0.002595,0.03015,0.643558,19.290741,False
KVAL007,440,14.9685,RShoulder,0.027925,-0.0183,-0.003195,0.02085,0.446427,13.1112,False
KVAL007,441,15.001833,RShoulder,0.011356,0.0003,0.001515,0.01125,0.324761,8.064456,False
KVAL007,442,15.035166,RShoulder,0.008149,-0.00657,0.00303,0.00375,0.21125,5.369276,False
KVAL007,443,15.068511,RShoulder,0.012938,-0.01101,0.005565,0.0039,0.348546,9.289145,False
KVAL007,444,15.101844,RShoulder,0.026414,-0.00483,0.025965,0.00045,0.545359,8.698918,False
KVAL007,445,15.135166,RShoulder,0.038987,0.00549,0.037605,0.0087,0.264175,16.414636,False
KVAL007,446,15.168511,RShoulder,0.018227,-0.001515,0.013365,0.0123,0.563541,5.45194,False
KVAL007,447,15.201833,RShoulder,0.001998,-7.5e-05,0.001125,0.00165,0.273197,8.149342,False
KVAL007,448,15.235177,RShoulder,3.4e-05,-3e-05,1.5e-05,0.0,0.029843,4.094934,False
KVAL007,449,15.2685,RShoulder,2.1e-05,-1.5e-05,1.5e-05,0.0,0.000503,0.445679,False
KVAL007,450,15.301844,RShoulder,0.0,0.0,0.0,0.0,0.000318,0.007547,False
KVAL007,451,15.335166,RShoulder,0.0,0.0,0.0,0.0,0.0,15.769277,False
KVAL007,452,15.3685,RShoulder,0.0,0.0,0.0,0.0,1.051131,21.461324,False
KVAL007,453,15.401844,RShoulder,0.070075,-0.063525,-0.015495,0.0252,1.430755,78.421158,False
KVAL007,454,15.435177,RShoulder,0.095384,-0.093285,-0.01767,0.00915,4.390335,119.837736,False
KVAL007,455,15.4685,RShoulder,0.244286,0.217545,-0.05136,0.09855,6.608232,138.593837,False
KVAL007,456,15.501844,RShoulder,0.350267,0.332205,0.058035,0.09465,5.039928,277.751646,False
KVAL007,457,15.535177,RShoulder,0.111152,-0.042585,0.02775,-0.09885,12.348013,54.155876,False
KVAL007,458,15.568511,RShoulder,0.513544,-0.320595,-0.02064,-0.40065,8.01346,238.589889,False
KVAL007,459,15.601833,RShoulder,0.640108,-0.37362,0.045045,-0.5178,3.713012,256.062917,False
KVAL007,460,15.635177,RShoulder,0.267454,-0.181185,-0.01446,-0.1962,9.17453,51.751434,False
KVAL007,461,15.6685,RShoulder,0.116599,-0.06075,-0.09876,-0.0123,6.791004,113.976949,False
KVAL007,462,15.701844,RShoulder,0.203128,0.153855,-0.087915,0.0993,3.642021,162.161741,False
KVAL007,463,15.735177,RShoulder,0.174177,0.166395,-0.031395,0.0408,4.020481,91.532709,False
KVAL007,464,15.768522,RShoulder,0.095465,-0.04803,-0.042105,-0.07095,2.619709,78.128679,False
KVAL007,465,15.801844,RShoulder,0.000831,-0.000525,-0.00057,-0.0003,1.430054,39.379779,False
KVAL007,466,15.835177,RShoulder,0.000192,-0.00015,-0.00012,0.0,0.01044,36.080813,False
KVAL007,467,15.868511,RShoulder,0.00015,-0.00012,-9e-05,0.0,1.772334,54.504322,False
KVAL007,468,15.901844,RShoulder,0.118283,-0.10755,0.008745,0.04845,3.624597,48.493323,False
KVAL007,469,15.935166,RShoulder,0.241763,-0.20364,-0.058275,-0.11655,3.008097,134.433148,False
KVAL007,470,15.968511,RShoulder,0.248957,-0.218985,-0.047235,-0.1086,7.475172,105.844795,False
KVAL007,471,16.001833,RShoulder,0.506489,-0.36684,0.271905,0.21915,4.532154,94.516828,False
KVAL007,472,16.035166,RShoulder,0.313997,-0.25464,0.111585,0.14595,5.165487,70.33649,False
KVAL007,473,16.068511,RShoulder,0.774959,-0.578385,0.19179,0.4788,7.879758,242.033051,False
KVAL007,474,16.101844,RShoulder,0.831663,-0.582855,0.326985,0.495,11.461877,302.256449,False
KVAL007,475,16.135166,RShoulder,0.018471,-0.017385,-0.006195,-0.00075,12.288518,662.542261,True
KVAL007,476,16.1685,RShoulder,0.021195,-0.020655,-0.004755,0.0,33.040077,847.996182,True
KVAL007,477,16.201833,RShoulder,2.209301,-1.29567,1.07487,1.4307,44.784395,802.300778,True
KVAL007,478,16.235177,RShoulder,2.991838,-1.24281,1.44705,2.3049,20.776656,1300.94411,True
KVAL007,479,16.2685,RShoulder,0.910104,-0.270525,0.43938,0.7497,43.633247,248.991899,True
KVAL007,480,16.301833,RShoulder,1.16971,-1.15473,-0.111405,-0.1497,15.995841,1194.138727,True
KVAL007,481,16.335177,RShoulder,0.375246,-0.319665,-0.089925,-0.17475,48.274409,737.299523,True
KVAL007,482,16.368511,RShoulder,2.184598,1.58259,0.863775,1.2336,34.81128,1289.184822,True
KVAL007,483,16.401844,RShoulder,1.984443,0.98586,0.821835,1.5135,37.775069,997.757078,True
KVAL007,484,16.435177,RShoulder,0.419114,-0.41814,-0.026835,-0.00975,32.160952,633.869293,True
KVAL007,485,16.468522,RShoulder,0.652563,-0.57936,0.000105,0.3003,6.172891,419.271889,True
KVAL007,486,16.501855,RShoulder,0.534468,-0.36603,0.1302,0.36705,9.23447,244.424592,True
KVAL007,487,16.535188,RShoulder,0.614186,-0.51606,-0.16461,-0.2895,10.182943,212.533574,False
KVAL007,488,16.568533,RShoulder,0.487658,-0.37941,-0.21726,-0.216,7.366205,236.116014,False
KVAL007,489,16.601866,RShoulder,0.126654,-0.111675,-0.00771,-0.05925,6.350916,79.351803,False
KVAL007,490,16.635166,RShoulder,0.151081,-0.143115,0.04506,0.0177,2.983482,85.09646,False
KVAL007,491,16.668511,RShoulder,0.136333,-0.04332,0.05745,0.1158,2.101134,67.646481,False
KVAL007,492,16.701844,RShoulder,0.05918,-0.01581,0.001815,0.057,1.797581,44.180571,False
KVAL007,493,16.735177,RShoulder,0.020559,-0.0057,-0.00315,0.0195,1.90839,31.297909,False
KVAL007,494,16.7685,RShoulder,0.08672,0.02718,0.071955,-0.04005,1.528583,112.110811,False
KVAL007,495,16.801844,RShoulder,0.08689,0.026115,0.070995,-0.04275,7.988704,117.763858,False
KVAL007,496,16.835166,RShoulder,0.538259,-0.00393,-0.18528,-0.50535,7.953433,239.578937,True
KVAL007,497,16.8685,RShoulder,0.538693,-0.003705,-0.186135,-0.5055,8.037616,239.716171,True
KVAL007,498,16.901833,RShoulder,0.002969,-0.00108,-0.0021,-0.0018,8.080239,120.021454,True
KVAL007,499,16.935177,RShoulder,3.4e-05,-1.5e-05,-3e-05,0.0,0.044539,121.201229,True
KVAL007,500,16.9685,RShoulder,0.0,0.0,0.0,0.0,0.000503,0.66808,True
KVAL007,501,17.001844,RShoulder,0.0,0.0,0.0,0.0,0.0,0.007547,True
KVAL007,502,17.035166,RShoulder,0.0,0.0,0.0,0.0,0.0,10.015029,True
KVAL007,503,17.068511,RShoulder,0.0,0.0,0.0,0.0,0.667669,9.563736,False
KVAL007,504,17.101833,RShoulder,0.044511,-0.03474,-0.024735,0.01275,0.637582,20.434075,False
KVAL007,505,17.135166,RShoulder,0.042505,-0.03297,-0.023355,0.0132,0.694644,19.078831,False
KVAL007,506,17.1685,RShoulder,0.001931,0.001455,0.00126,0.00015,0.634354,10.963316,True
KVAL007,507,17.201844,RShoulder,0.000451,-0.000315,-0.00012,-0.0003,0.040946,5.32469,False
KVAL007,508,17.235166,RShoulder,0.000899,-0.000735,-0.000255,-0.00045,0.586883,9.760811,False
KVAL007,509,17.2685,RShoulder,0.039129,0.01182,0.02817,-0.02445,0.627859,17.117229,False
KVAL007,510,17.301833,RShoulder,0.041709,0.01326,0.02997,-0.0258,0.554272,18.888902,False
KVAL007,511,17.335166,RShoulder,0.002284,0.00018,0.001395,-0.0018,0.631404,63.27769,False
KVAL007,512,17.3685,RShoulder,0.00082,-0.000735,-0.00033,-0.00015,4.366002,64.035214,False
KVAL007,513,17.401844,RShoulder,0.290916,-0.0864,-0.226305,-0.1611,4.446599,132.301945,False
KVAL007,514,17.435177,RShoulder,0.297006,-0.091455,-0.23451,-0.15765,4.455646,136.300294,True
KVAL007,515,17.468511,RShoulder,0.010684,0.004605,-0.000885,0.0096,4.640681,68.396646,False
KVAL007,516,17.501833,RShoulder,0.013905,0.00987,0.0075,0.0063,0.165846,72.55367,True
KVAL007,517,17.535177,RShoulder,0.000719,-0.000585,-0.00039,-0.00015,0.219001,18.909015,True
KVAL007,518,17.5685,RShoulder,0.000719,-0.000585,-0.00039,-0.00015,1.206971,17.559948,False
KVAL007,519,17.601833,RShoulder,0.080916,-0.054255,-0.032145,0.0507,1.253584,26.846583,False
KVAL007,520,17.635166,RShoulder,0.084049,-0.05799,-0.03516,0.04965,0.669017,25.897781,False
KVAL007,521,17.668511,RShoulder,0.052544,-0.04158,-0.031125,0.00795,0.634453,18.106389,False
KVAL007,522,17.701844,RShoulder,0.066241,-0.057705,-0.03165,0.0075,0.97448,22.030692,False
KVAL007,523,17.735188,RShoulder,0.033234,-0.008895,0.02322,0.02205,1.034522,23.549309,False
KVAL007,524,17.7685,RShoulder,0.062935,-0.035655,0.019635,0.048,0.602668,27.264498,True
KVAL007,525,17.801844,RShoulder,0.039668,-0.03327,-0.00864,0.0198,1.125455,4.220403,False
KVAL007,526,17.835177,RShoulder,0.014177,0.013245,-0.00159,-0.0048,0.680285,32.90136,False
KVAL007,527,17.868522,RShoulder,0.073995,-0.045705,-0.051705,0.0267,1.493506,22.195127,False
KVAL007,528,17.901833,RShoulder,0.092326,-0.044085,-0.076335,0.02745,0.921889,43.26743,False
KVAL007,529,17.935166,RShoulder,0.024798,0.00219,-0.02469,-0.00075,1.396066,12.943178,False
KVAL007,530,17.968511,RShoulder,0.001509,0.000675,1.5e-05,-0.00135,0.371974,21.798079,False
KVAL007,531,18.001844,RShoulder,0.0,0.0,0.0,0.0,0.215802,7.884472,False
KVAL007,532,18.035166,RShoulder,0.015494,-0.00126,-0.00693,-0.0138,0.237065,6.58431,True
KVAL007,533,18.068511,RShoulder,0.015804,-0.001215,-0.007035,-0.0141,0.223322,6.978341,False
KVAL007,534,18.101833,RShoulder,0.000764,-6e-05,0.000135,-0.00075,0.228338,3.345721,False
KVAL007,535,18.135177,RShoulder,0.001041,-0.00021,0.00048,-0.0009,0.01215,6.832501,False
KVAL007,0,0.301866,RElbow,1.947728,0.08997,-0.97986,1.6809,30.900999,413.153855,True
KVAL007,1,0.3352,RElbow,1.58531,0.04122,0.04446,1.58415,26.776882,561.326514,False
KVAL007,2,0.368511,RElbow,0.913475,-0.00594,0.53457,0.7407,23.601685,460.824671,True
KVAL007,3,0.401844,RElbow,0.019735,-0.00615,0.014655,0.0117,13.396089,351.391691,False
KVAL007,4,0.435177,RElbow,0.02101,-0.003975,0.014475,0.0147,0.296029,196.357245,True
KVAL007,5,0.468522,RElbow,0.0,0.0,0.0,0.0,0.315149,4.440439,True
KVAL007,6,0.501844,RElbow,0.0,0.0,0.0,0.0,0.0,4.727229,True
KVAL007,7,0.535177,RElbow,0.0,0.0,0.0,0.0,0.0,0.0,True
KVAL007,8,0.568511,RElbow,0.0,0.0,0.0,0.0,0.0,0.0,True
KVAL007,9,0.601855,RElbow,0.0,0.0,0.0,0.0,0.0,0.0,False
KVAL007,10,0.635166,RElbow,0.0,0.0,0.0,0.0,0.0,0.0,True
KVAL007,11,0.6685,RElbow,0.0,0.0,0.0,0.0,0.0,0.0,True
KVAL007,12,0.701844,RElbow,0.0,0.0,0.0,0.0,0.0,0.0,False
KVAL007,13,0.735177,RElbow,0.0,0.0,0.0,0.0,0.0,0.0,False
KVAL007,14,0.768511,RElbow,0.0,0.0,0.0,0.0,0.0,0.0,True
KVAL007,15,0.801855,RElbow,0.0,0.0,0.0,0.0,0.0,22.585556,False
KVAL007,16,0.835166,RElbow,0.0,0.0,0.0,0.0,1.505704,22.627914,True
KVAL007,17,0.8685,RElbow,0.10038,-0.05007,0.060315,0.0627,1.508528,45.068879,True
KVAL007,18,0.901844,RElbow,0.100569,-0.050115,0.060435,0.06285,1.498888,45.195956,True
KVAL007,19,0.935177,RElbow,0.000455,-0.00021,0.00027,0.0003,1.504536,111.446719,True
KVAL007,20,0.9685,RElbow,0.000269,-0.000165,0.00015,0.00015,5.943617,260.049041,True
KVAL007,21,1.001844,RElbow,0.396692,-0.20886,0.190575,0.27825,15.909538,72.656115,True
KVAL007,22,1.035177,RElbow,1.06088,-0.354345,0.43671,0.89955,9.110987,391.873791,True
KVAL007,23,1.068511,RElbow,0.973864,-0.5058,0.19908,0.80805,14.194892,260.514006,True
KVAL007,24,1.101844,RElbow,1.003958,-0.861675,-0.23076,0.46065,9.791567,361.176189,True
KVAL007,25,1.135177,RElbow,0.632382,-0.531045,-0.191055,0.2853,14.527224,188.455495,True
KVAL007,26,1.168522,RElbow,0.035864,-0.03273,-0.008835,0.0117,9.394951,171.548027,True
KVAL007,27,1.201855,RElbow,0.009029,-0.00753,0.004365,0.0024,5.028241,100.653991,True
KVAL007,28,1.2352,RElbow,0.312499,0.071775,0.22905,-0.2001,4.668712,80.535676,False
KVAL007,29,1.268533,RElbow,0.310844,0.07611,0.223215,-0.2025,9.078001,128.36104,False
KVAL007,30,1.301844,RElbow,0.890834,0.13245,0.43551,-0.76575,12.308937,290.749415,False
KVAL007,31,1.335177,RElbow,1.100666,0.193515,0.47016,-0.9762,10.470458,432.967706,False
KVAL007,32,1.3685,RElbow,0.209015,0.05646,0.03681,-0.19785,16.622322,93.599524,False
KVAL007,33,1.401833,RElbow,0.010392,-0.005025,0.002655,0.0087,7.652743,192.285728,False
KVAL007,34,1.435166,RElbow,0.318433,-0.227955,-0.034815,0.2196,15.620122,48.619136,False
KVAL007,35,1.468511,RElbow,1.049526,-0.87717,-0.194625,0.5424,10.843669,483.709635,False
KVAL007,36,1.501833,RElbow,1.038605,-0.660945,-0.10722,0.79395,16.748353,526.208308,False
KVAL007,37,1.535177,RElbow,0.193066,-0.037275,-0.057645,-0.18045,24.457385,204.573914,True
KVAL007,38,1.568511,RElbow,0.700715,-0.001215,-0.07443,-0.69675,5.880746,423.417165,False
KVAL007,39,1.601844,RElbow,0.403625,0.19485,0.25074,-0.24915,10.088693,65.595537,False
KVAL007,40,1.635166,RElbow,0.654951,0.371235,0.385635,-0.3774,2.303566,225.368446,False
KVAL007,41,1.668511,RElbow,0.525989,0.341055,0.282645,-0.28365,5.41539,118.223812,False
KVAL007,42,1.701833,RElbow,0.755912,0.312525,0.175995,-0.6654,7.63884,172.766012,False
KVAL007,43,1.735177,RElbow,0.814826,0.29493,0.0927,-0.7539,7.874772,285.412045,False
KVAL007,44,1.7685,RElbow,0.23504,0.12087,0.027825,-0.19965,12.47812,72.596701,False
KVAL007,45,1.801844,RElbow,0.017699,-0.010545,-0.00273,0.01395,3.168697,105.425808,False
KVAL007,46,1.835166,RElbow,0.024504,0.00894,-0.000825,-0.0228,5.553935,35.850814,False
KVAL007,47,1.868511,RElbow,0.387425,-0.153585,-0.096645,0.3423,5.395358,204.050506,False
KVAL007,48,1.901833,RElbow,0.335752,-0.11409,-0.06288,0.30945,8.065531,156.642007,False
KVAL007,49,1.935177,RElbow,0.155896,0.096825,0.057135,-0.108,5.060521,181.568863,False
KVAL007,50,1.9685,RElbow,0.034055,-0.0306,-0.0078,-0.01275,4.19826,97.296831,False
KVAL007,51,2.001833,RElbow,0.126373,-0.10011,-0.04491,0.0627,1.565095,57.829839,False
KVAL007,52,2.035177,RElbow,0.121299,-0.097095,-0.039015,0.06135,1.313962,34.455224,False
KVAL007,53,2.068511,RElbow,0.188314,-0.179775,-0.04938,0.02655,2.433778,13.195113,False
KVAL007,54,2.101833,RElbow,0.256302,-0.2508,-0.051675,0.01095,0.869198,57.418861,False
KVAL007,55,2.135166,RElbow,0.227329,-0.226005,-0.015225,0.0192,1.489661,45.263963,False
KVAL007,56,2.1685,RElbow,0.164528,-0.163275,-0.005535,0.0195,2.275823,24.663721,False
KVAL007,57,2.201833,RElbow,0.077687,-0.074385,-0.017415,0.0141,2.809704,14.432814,False
KVAL007,58,2.235166,RElbow,0.022868,0.022665,0.00255,-0.00165,1.382464,50.261569,False
KVAL007,59,2.268511,RElbow,0.016124,0.01578,-0.002565,0.0021,0.571696,23.064294,False
KVAL007,60,2.301833,RElbow,0.018203,-0.011355,-0.0096,0.0105,0.201644,15.449808,False
KVAL007,61,2.335177,RElbow,0.005638,0.004215,0.001455,-0.00345,0.479315,2.55401,False
KVAL007,62,2.368511,RElbow,0.013802,0.009345,0.005925,-0.00825,0.046342,2.558677,False
KVAL007,63,2.401855,RElbow,0.007452,0.0033,0.00294,-0.006,0.324735,14.114024,False
KVAL007,64,2.435177,RElbow,0.03535,0.022305,0.0138,-0.0237,0.981848,9.314499,False
KVAL007,65,2.468511,RElbow,0.072613,0.014775,0.03693,-0.06075,0.557487,41.512871,False
KVAL007,66,2.501833,RElbow,0.052387,-0.005475,0.0252,-0.0456,1.80096,20.382401,False
KVAL007,67,2.535166,RElbow,0.050897,-0.029505,-0.03027,0.02835,0.921726,75.766067,False
KVAL007,68,2.5685,RElbow,0.011136,-0.00501,-0.007695,0.0063,3.291417,50.407406,False
KVAL007,69,2.601844,RElbow,0.168548,0.096645,0.097335,-0.09795,2.578634,43.641321,False
KVAL007,70,2.635166,RElbow,0.160854,0.089145,0.100605,-0.08835,0.531609,7.141947,False
KVAL007,71,2.668511,RElbow,0.196629,0.111615,0.12945,-0.0972,2.159204,8.444966,False
KVAL007,72,2.701844,RElbow,0.304482,0.175785,0.193215,-0.15645,0.116351,73.471723,False
KVAL007,73,2.735177,RElbow,0.199538,0.11652,0.125835,-0.102,2.746205,20.776907,False
KVAL007,74,2.7685,RElbow,0.122271,0.07698,0.078465,-0.05355,1.332271,30.640542,False
KVAL007,75,2.801844,RElbow,0.112715,0.07326,0.07242,-0.04575,0.706365,10.525472,False
KVAL007,76,2.835166,RElbow,0.075533,0.05073,0.047145,-0.03015,0.648751,4.268228,False
KVAL007,77,2.868511,RElbow,0.070139,0.049605,0.04314,-0.02445,0.854271,18.781824,False
KVAL007,78,2.901833,RElbow,0.021341,0.006345,0.016245,-0.0123,1.852712,3.747297,False
KVAL007,79,2.935166,RElbow,0.054054,-0.045165,-0.02703,0.0123,0.91917,34.931788,False
KVAL007,80,2.9685,RElbow,0.041635,-0.029535,-0.024855,0.0156,0.507741,19.103318,False
KVAL007,81,3.001844,RElbow,0.02633,-0.017775,-0.01857,-0.0057,0.395405,6.380755,False
KVAL007,82,3.035166,RElbow,0.024939,-0.017175,-0.01695,-0.0063,0.124977,9.001654,False
KVAL007,83,3.068511,RElbow,0.020145,-0.01422,-0.011535,-0.0084,0.900013,8.45844,False
KVAL007,84,3.101844,RElbow,0.04392,0.02571,0.016605,-0.0315,0.671119,25.505133,False
KVAL007,85,3.135177,RElbow,0.030171,0.021495,0.014475,-0.01545,0.814664,16.563858,False
KVAL007,86,3.168522,RElbow,0.011825,-0.00927,-0.006765,0.00285,0.452667,14.668241,False
KVAL007,87,3.201855,RElbow,1.5e-05,0.0,-1.5e-05,0.0,0.177369,6.791619,False
KVAL007,88,3.235188,RElbow,0.0,0.0,0.0,0.0,0.000225,11.101498,False
KVAL007,89,3.268533,RElbow,0.0,0.0,0.0,0.0,0.640215,12.59659,False
KVAL007,90,3.301866,RElbow,0.042681,-0.01956,-0.02136,-0.03135,0.839652,15.886755,False
KVAL007,91,3.335166,RElbow,0.055977,-0.030705,-0.02991,-0.036,0.428845,24.643244,False
KVAL007,92,3.368511,RElbow,0.017106,-0.012615,-0.00978,-0.00615,0.803233,4.490379,False
KVAL007,93,3.401844,RElbow,0.002434,-0.00147,-0.00123,-0.0015,0.256587,16.644102,False
KVAL007,94,3.435177,RElbow,0.0,0.0,0.0,0.0,0.405177,16.070453,False
KVAL007,95,3.468511,RElbow,0.028732,-0.02394,-0.015705,0.0024,0.8261,8.931842,False
KVAL007,96,3.501855,RElbow,0.055073,-0.047685,-0.02739,-0.003,0.959931,15.422383,False
KVAL007,97,3.535177,RElbow,0.091107,-0.06777,-0.05202,0.03165,0.633734,34.251,False
KVAL007,98,3.568522,RElbow,0.07027,-0.044025,-0.040335,0.03705,1.324766,21.753486,False
KVAL007,99,3.601833,RElbow,0.014014,-0.004995,-0.006945,-0.0111,0.907755,21.985797,False
KVAL007,100,3.635177,RElbow,0.017467,-0.011625,-0.011865,-0.0054,0.255006,12.256627,False
KVAL007,101,3.6685,RElbow,0.010033,-0.00663,-0.00492,0.0057,0.115695,7.014141,False
KVAL007,102,3.701833,RElbow,0.013959,-0.00999,-0.00495,-0.0084,0.219877,3.977029,False
KVAL007,103,3.735177,RElbow,0.014125,-0.010065,-0.00501,-0.00855,0.290871,5.865005,False
KVAL007,104,3.768511,RElbow,0.00633,0.00291,0.005325,0.0018,0.228882,6.318878,False
KVAL007,105,3.801844,RElbow,0.005165,0.001035,0.00396,-0.00315,0.142664,10.431871,False
KVAL007,106,3.835177,RElbow,0.006209,0.000315,0.000795,-0.00615,0.489588,38.313612,False
KVAL007,107,3.8685,RElbow,0.031164,-0.030675,-0.00372,-0.00405,2.64437,24.935382,False
KVAL007,108,3.901844,RElbow,0.177079,-0.147765,-0.08682,-0.04455,2.055942,71.162458,False
KVAL007,109,3.935166,RElbow,0.163387,-0.127665,-0.0912,-0.0456,2.105193,64.720233,False
KVAL007,110,3.968511,RElbow,0.038392,-0.02784,-0.0261,-0.0042,2.268599,18.589396,False
KVAL007,111,4.001833,RElbow,0.015718,-0.00972,-0.01125,0.0051,0.907141,34.991151,False
KVAL007,112,4.035166,RElbow,0.023437,0.016545,0.011775,0.0117,0.168564,27.149768,False
KVAL007,113,4.0685,RElbow,0.025548,-0.00981,-0.02148,0.00975,0.903849,9.13979,False
KVAL007,114,4.101833,RElbow,0.038082,-0.024945,-0.02811,-0.00615,0.448024,22.001341,False
KVAL007,115,4.135166,RElbow,0.01023,-0.00387,0.000615,-0.00945,0.580538,6.779716,False
KVAL007,116,4.168511,RElbow,0.006078,-0.0015,0.00267,-0.00525,0.158695,7.943884,False
KVAL007,117,4.201833,RElbow,0.007804,0.00117,0.00717,-0.00285,0.134241,1.317841,False
KVAL007,118,4.235177,RElbow,0.005872,0.002715,0.00462,0.0024,0.074436,5.014701,False
KVAL007,119,4.2685,RElbow,0.011178,0.00429,0.010305,-0.0006,0.276799,2.607196,False
KVAL007,120,4.301844,RElbow,0.021901,0.005175,0.0198,-0.0078,0.111749,8.980881,False
KVAL007,121,4.335166,RElbow,0.0122,0.00087,0.00981,-0.0072,0.326091,8.020282,False
KVAL007,122,4.368511,RElbow,0.000204,-6e-05,0.000195,0.0,0.612785,14.030739,False
KVAL007,123,4.401844,RElbow,0.046816,-0.0351,0.01995,-0.0237,0.751032,22.257436,False
KVAL007,124,4.435177,RElbow,0.050197,-0.035805,0.022005,-0.02745,1.962418,36.443749,False
KVAL007,125,4.4685,RElbow,0.166684,-0.15759,-0.016455,-0.05175,2.889715,54.191273,False
KVAL007,126,4.501844,RElbow,0.230266,-0.218835,-0.022275,-0.0681,1.655794,94.791689,False
KVAL007,127,4.535166,RElbow,0.05796,-0.0522,0.002655,-0.02505,3.45258,15.685044,False
KVAL007,128,4.568511,RElbow,0.003449,0.00027,-0.003435,-0.00015,0.782905,50.399882,False
KVAL007,129,4.601844,RElbow,0.013147,-0.009675,-0.008325,0.00315,0.216835,15.489287,False
KVAL007,130,4.635177,RElbow,0.011876,0.00711,0.008865,-0.00345,0.435463,4.405501,False
KVAL007,131,4.6685,RElbow,0.022334,-0.009675,0.018855,-0.00705,0.310545,9.984202,False
KVAL007,132,4.701844,RElbow,0.026915,-0.00435,0.022875,-0.0135,0.327184,11.562079,False
KVAL007,133,4.735177,RElbow,0.012854,0.008835,0.007395,-0.0057,0.491486,6.007453,False
KVAL007,134,4.768522,RElbow,0.007308,-0.00384,-0.00507,0.0036,0.246054,8.969506,False
KVAL007,135,4.801833,RElbow,0.01842,0.01074,0.01095,0.0102,0.246966,8.531461,False
KVAL007,136,4.835177,RElbow,0.01434,0.006675,0.004545,0.01185,0.352942,9.952817,False
KVAL007,137,4.8685,RElbow,0.026281,0.012495,0.020115,-0.0114,0.705088,7.898585,False
KVAL007,138,4.901844,RElbow,0.047562,0.02697,0.03495,-0.0177,0.191184,20.534989,False
KVAL007,139,4.935166,RElbow,0.015212,0.01083,0.009945,-0.0039,0.679184,3.216085,False
KVAL007,140,4.968511,RElbow,0.002683,0.000465,0.002625,-0.0003,0.09027,13.875502,False
KVAL007,141,5.001833,RElbow,0.019748,0.016395,0.01086,-0.0018,0.269929,5.606891,False
KVAL007,142,5.035166,RElbow,0.019748,0.016395,0.01086,-0.0018,0.296217,6.72696,False
KVAL007,143,5.0685,RElbow,0.0,0.0,0.0,0.0,0.178722,0.814858,False
KVAL007,144,5.101844,RElbow,0.008106,0.005805,0.005655,-0.00015,0.314882,2.252541,False
KVAL007,145,5.135177,RElbow,0.020992,-0.01845,-0.00909,0.0042,0.223248,23.625826,False
KVAL007,146,5.168522,RElbow,0.011034,-0.00693,0.0039,-0.00765,1.27494,10.675116,False
KVAL007,147,5.201833,RElbow,0.065606,0.03873,0.044535,-0.02865,0.555508,26.498974,False
KVAL007,148,5.235177,RElbow,0.037624,0.021345,0.025935,-0.01695,0.54682,9.16862,False
KVAL007,149,5.2685,RElbow,0.036289,0.028845,0.021945,-0.0018,0.255786,15.507289,False
KVAL007,150,5.301833,RElbow,0.036747,0.0288,0.02274,-0.00195,1.370002,48.481588,False
KVAL007,151,5.335166,RElbow,0.055818,-0.040815,-0.03402,0.0171,3.225992,5.053927,False
KVAL007,152,5.368511,RElbow,0.17925,-0.130605,-0.11091,0.05265,1.059101,89.425793,False
KVAL007,153,5.401833,RElbow,0.126312,-0.0897,-0.08145,0.0357,2.737327,60.492997,False
KVAL007,154,5.435166,RElbow,0.004765,0.004455,-0.00078,-0.0015,2.974628,37.567671,False
KVAL007,155,5.4685,RElbow,0.072136,0.048075,0.04767,-0.0249,0.36342,81.004445,False
KVAL007,156,5.501844,RElbow,0.025022,0.004995,0.018915,-0.0156,2.43476,10.490696,False
KVAL007,157,5.535166,RElbow,0.091932,-0.076125,-0.05016,0.01185,0.375991,76.613923,False
KVAL007,158,5.568511,RElbow,0.013135,-0.00984,-7.5e-05,-0.0087,2.67284,27.468853,False
KVAL007,159,5.601844,RElbow,0.087809,0.060465,0.056865,-0.02865,1.464579,49.654348,False
KVAL007,160,5.635188,RElbow,0.092546,0.065595,0.058515,-0.02895,0.646599,42.646636,False
KVAL007,161,5.6685,RElbow,0.044839,0.032595,0.0276,-0.01365,1.38465,9.554654,False
KVAL007,162,5.701833,RElbow,0.000658,0.00012,0.000465,0.00045,1.279159,4.000151,False
KVAL007,163,5.735166,RElbow,0.040496,-0.02748,-0.02715,0.01215,1.136048,35.06152,False
KVAL007,164,5.768511,RElbow,0.075484,-0.04959,-0.05139,0.02445,1.235614,46.238058,False
KVAL007,165,5.801844,RElbow,0.060409,0.01722,-0.01491,-0.05595,2.026988,30.0418,False
KVAL007,166,5.835188,RElbow,0.075572,0.03231,0.003015,-0.06825,0.876652,44.54273,False
KVAL007,167,5.868511,RElbow,0.010291,0.006195,0.00759,-0.00315,1.076261,12.752296,False
KVAL007,168,5.901855,RElbow,0.012542,0.01014,0.00738,-0.00015,0.184316,16.500135,False
KVAL007,169,5.935177,RElbow,0.002588,-0.001035,-0.00075,0.00225,0.142652,4.973272,False
KVAL007,170,5.968511,RElbow,0.009931,0.001605,0.008925,-0.00405,0.149632,3.79398,False
KVAL007,171,6.001844,RElbow,0.008453,0.00393,0.00747,-0.00045,0.194716,4.220247,False
KVAL007,172,6.035177,RElbow,0.004174,-0.00213,-0.00099,0.00345,0.137944,4.376776,False
KVAL007,173,6.0685,RElbow,0.002492,-0.001935,0.000465,-0.0015,0.368705,5.840144,False
KVAL007,174,6.101844,RElbow,0.027125,-0.02364,-0.012885,0.0033,0.51083,12.555728,False
KVAL007,175,6.135177,RElbow,0.035052,-0.02883,-0.018915,0.0063,0.469525,16.917965,False
KVAL007,176,6.168511,RElbow,0.007935,0.002985,0.00324,0.0066,0.626271,7.779703,False
KVAL007,177,6.201833,RElbow,0.01041,0.005265,0.00516,0.00735,0.089428,11.19703,False
KVAL007,178,6.235177,RElbow,0.002267,0.001515,0.001185,0.0012,0.156376,4.964997,False
KVAL007,179,6.268511,RElbow,2.1e-05,-1.5e-05,-1.5e-05,0.0,0.312391,8.362382,False
KVAL007,180,6.301855,RElbow,0.022287,0.01659,0.01362,-0.006,0.424908,8.76914,False
KVAL007,181,6.335166,RElbow,0.028306,0.02043,0.01923,0.00375,0.293286,7.979852,False
KVAL007,182,6.368511,RElbow,0.012782,0.00549,0.00741,0.00885,0.188597,4.897711,False
KVAL007,183,6.401844,RElbow,0.025732,0.01728,0.01719,-0.00825,0.287076,11.716207,False
KVAL007,184,6.435177,RElbow,0.009791,-0.00618,-0.006765,0.00345,0.743818,8.944686,False
KVAL007,185,6.468511,RElbow,0.024016,-0.01317,-0.01764,0.0096,0.315793,17.380882,False
KVAL007,186,6.501855,RElbow,0.012879,0.010005,0.006645,0.00465,0.430163,9.729477,False
KVAL007,187,6.535177,RElbow,0.010598,0.00348,0.00567,0.00825,0.332956,7.980662,False
KVAL007,188,6.568511,RElbow,0.011174,-0.006945,-0.00768,0.0042,0.179664,13.748576,False
KVAL007,189,6.601833,RElbow,0.002643,0.00135,0.000315,-0.00225,0.592585,11.329519,False
KVAL007,190,6.635177,RElbow,0.028488,0.02079,0.01848,-0.00615,0.659311,11.978077,False
KVAL007,191,6.6685,RElbow,0.045217,0.034845,0.02877,-0.00165,0.258966,11.061415,False
KVAL007,192,6.701844,RElbow,0.020938,0.0138,0.013125,0.0087,0.13646,16.591396,False
KVAL007,193,6.735166,RElbow,0.041659,0.0282,0.029655,-0.0078,0.872253,48.811415,False
KVAL007,194,6.768511,RElbow,0.072116,0.049155,0.048345,-0.02115,3.281149,43.494587,False
KVAL007,195,6.801844,RElbow,0.17747,-0.1185,-0.118305,0.0588,2.037995,130.356248,False
KVAL007,196,6.835188,RElbow,0.064004,-0.040185,-0.042615,0.0258,5.409479,57.929259,False
KVAL007,197,6.8685,RElbow,0.183208,0.124305,0.122745,-0.0552,1.824334,127.438794,False
KVAL007,198,6.901844,RElbow,0.057757,0.03732,0.04017,-0.01815,3.08657,48.394704,False
KVAL007,199,6.935166,RElbow,0.022589,-0.01539,-0.01458,0.0078,1.40376,53.851756,False
KVAL007,200,6.9685,RElbow,0.035849,-0.02364,-0.025125,0.00975,0.505662,28.923776,False
KVAL007,201,7.001844,RElbow,0.01122,0.00759,0.006255,-0.0054,0.525756,0.846802,False
KVAL007,202,7.035177,RElbow,0.003395,0.000765,-0.002775,-0.0018,0.501839,7.195663,False
KVAL007,203,7.068522,RElbow,0.044485,0.03159,0.027495,-0.015,0.999942,18.672851,False
KVAL007,204,7.101855,RElbow,0.065774,0.045225,0.04386,-0.0189,0.752126,71.411804,False
KVAL007,205,7.135188,RElbow,0.011132,0.00246,-0.00507,0.0096,3.783595,36.877655,False
KVAL007,206,7.168533,RElbow,0.189267,-0.150015,-0.115275,-0.0054,2.999435,93.993208,False
KVAL007,207,7.201866,RElbow,0.19998,-0.15837,-0.12099,-0.0165,2.497689,82.780123,False
KVAL007,208,7.235166,RElbow,0.036174,-0.035475,0.00558,-0.00435,2.645788,62.764614,False
KVAL007,209,7.2685,RElbow,0.082085,-0.07131,0.02436,0.03255,2.621305,52.671275,False
KVAL007,210,7.301844,RElbow,0.208158,-0.19176,0.072465,0.03615,1.457822,92.186995,False
KVAL007,211,7.335177,RElbow,0.16332,-0.15786,0.041025,-0.0084,3.524817,70.504858,False
KVAL007,212,7.368522,RElbow,0.03124,0.019605,-0.013245,-0.0204,3.412636,50.651376,False
KVAL007,213,7.401855,RElbow,0.079172,0.06615,0.01698,-0.04005,0.371148,66.136628,False
KVAL007,214,7.435188,RElbow,0.046552,0.03597,0.002985,-0.0294,1.111356,18.608094,False
KVAL007,215,7.468533,RElbow,0.005265,0.004515,-0.00021,-0.0027,0.918471,8.267414,False
KVAL007,216,7.501866,RElbow,0.015737,-0.0147,-0.003555,0.00435,0.581591,15.06916,False
KVAL007,217,7.535177,RElbow,0.033942,-0.03018,-0.01158,0.01035,0.096218,21.995,False
KVAL007,218,7.568511,RElbow,0.01007,-0.00843,-0.00441,0.0033,0.885648,8.074511,False
KVAL007,219,7.601833,RElbow,0.02519,0.02106,0.009645,-0.0099,0.615047,16.508764,False
KVAL007,220,7.635166,RElbow,0.030951,0.025965,0.01212,-0.0117,0.216289,15.04901,False
KVAL007,221,7.6685,RElbow,0.010952,0.009345,0.00285,-0.00495,0.38865,1.436391,False
KVAL007,222,7.701844,RElbow,0.005487,0.00447,0.00045,-0.00315,0.306718,2.969081,False
KVAL007,223,7.735166,RElbow,0.009741,-0.007125,-0.005265,0.00405,0.199459,8.42475,False
KVAL007,224,7.7685,RElbow,0.008342,-0.005475,-0.005055,0.00375,0.255608,6.605031,False
KVAL007,225,7.801844,RElbow,0.007882,0.007515,0.000765,-0.00225,0.254142,6.589974,False
KVAL007,226,7.835188,RElbow,0.011117,0.002325,-0.001245,-0.0108,0.223942,6.498568,False
KVAL007,227,7.8685,RElbow,0.01079,-0.005175,-0.003735,-0.0087,0.215127,8.448844,False
KVAL007,228,7.901833,RElbow,0.005485,0.00279,0.003975,0.00255,0.345551,4.803076,False
KVAL007,229,7.935166,RElbow,0.015078,0.011745,0.00945,-0.0003,0.106811,13.955514,False
KVAL007,230,7.968511,RElbow,0.005246,0.00378,0.000525,-0.0036,0.614734,6.082369,False
KVAL007,231,8.001844,RElbow,0.026185,-0.022065,-0.01296,0.00555,0.374727,14.659269,False
KVAL007,232,8.035177,RElbow,0.020667,-0.01686,-0.01119,0.0042,0.367858,11.094479,False
KVAL007,233,8.0685,RElbow,0.003647,-0.000675,-0.003255,-0.0015,0.365854,2.637985,False
KVAL007,234,8.101833,RElbow,0.003809,0.00336,0.001335,-0.0012,0.21656,11.344401,False
KVAL007,235,8.135177,RElbow,0.012324,0.01032,0.005955,-0.00315,0.394267,3.061834,False
KVAL007,236,8.168511,RElbow,0.022817,-0.016425,-0.01578,0.00135,0.369508,29.957205,False
KVAL007,237,8.201833,RElbow,0.036682,0.03165,0.01287,-0.01335,1.607181,9.148425,False
KVAL007,238,8.235177,RElbow,0.085084,0.072075,0.04128,-0.01845,0.247037,48.67726,False
KVAL007,239,8.268511,RElbow,0.022168,0.0195,0.01023,-0.00255,1.639799,17.116222,False
KVAL007,240,8.301855,RElbow,0.024288,-0.021405,-0.01074,0.00405,1.345939,23.65962,False
KVAL007,241,8.335166,RElbow,0.06773,-0.05913,-0.02835,0.01695,0.088663,39.113401,False
KVAL007,242,8.3685,RElbow,0.028805,-0.02568,-0.01023,0.0081,1.263666,11.995096,False
KVAL007,243,8.401844,RElbow,0.016992,0.01233,0.00897,-0.0075,0.725066,10.648061,False
KVAL007,244,8.435177,RElbow,0.019563,0.017385,0.006075,-0.0066,0.912547,14.044974,False
KVAL007,245,8.4685,RElbow,0.075264,0.06297,0.004755,-0.04095,0.580278,37.758352,False
KVAL007,246,8.501844,RElbow,0.043795,0.01716,-0.020565,-0.03465,1.638593,18.572857,False
KVAL007,247,8.535177,RElbow,0.039406,-0.032595,-0.021585,0.00495,0.703049,41.286502,False
KVAL007,248,8.568511,RElbow,0.004944,-0.0048,0.000915,0.00075,1.162645,17.377961,False
KVAL007,249,8.601833,RElbow,0.038284,0.03111,0.019995,-0.0099,0.670386,24.767349,False
KVAL007,250,8.635177,RElbow,0.040788,0.03414,0.019275,-0.01125,0.489471,21.014494,False
KVAL007,251,8.6685,RElbow,0.007108,0.005475,0.00054,-0.0045,0.732066,3.113393,False
KVAL007,252,8.701833,RElbow,0.008157,-0.006555,-0.00477,0.0009,0.59145,4.829818,False
KVAL007,253,8.735166,RElbow,0.033297,-0.030945,-0.01125,0.00495,0.476265,14.130302,False
KVAL007,254,8.768511,RElbow,0.039356,-0.037275,-0.011415,0.0054,0.351955,20.425115,False
KVAL007,255,8.801844,RElbow,0.009859,-0.009345,-0.00276,0.0015,0.889143,6.004372,False
KVAL007,256,8.835177,RElbow,0.020299,0.017175,0.009375,-0.0054,0.744591,9.767423,False
KVAL007,257,8.8685,RElbow,0.040063,0.033255,0.019215,-0.0114,0.242979,11.288703,False
KVAL007,258,8.901844,RElbow,0.03608,0.032715,0.012375,-0.00885,0.15792,1.16151,False
KVAL007,259,8.935166,RElbow,0.041467,0.039045,0.0108,-0.00885,0.181137,7.584147,False
KVAL007,260,8.968511,RElbow,0.04795,0.044145,0.016245,-0.0093,0.435948,14.08581,False
KVAL007,261,9.001833,RElbow,0.012549,0.011235,0.003855,-0.00405,0.761482,2.743495,False
KVAL007,262,9.035177,RElbow,0.00918,0.0006,-0.00888,-0.00225,0.380567,9.879328,False
KVAL007,263,9.068511,RElbow,0.014218,-0.00795,-0.011625,0.00195,0.206755,9.068153,False
KVAL007,264,9.101844,RElbow,0.012204,-0.010725,-0.004185,0.00405,0.231943,5.500075,False
KVAL007,265,9.135166,RElbow,0.002375,0.00138,0.000705,0.0018,0.184327,3.809257,False
KVAL007,266,9.168511,RElbow,9.1e-05,9e-05,1.5e-05,0.0,0.035431,2.783894,False
KVAL007,267,9.201844,RElbow,2.1e-05,1.5e-05,1.5e-05,0.0,0.001369,3.693683,False
KVAL007,268,9.235188,RElbow,0.0,0.0,0.0,0.0,0.242823,64.703049,False
KVAL007,269,9.2685,RElbow,0.016188,0.011115,-0.011205,-0.0036,4.31225,1886.515179,False
KVAL007,270,9.301844,RElbow,0.287483,0.27864,-0.02772,-0.0651,125.748769,1995.734976,False
KVAL007,271,9.335177,RElbow,8.382004,-4.6017,-5.164455,4.734,130.218991,3785.620082,False
KVAL007,272,9.368511,RElbow,8.498137,-4.894935,-5.0787,4.7397,126.629101,4033.719953,False
KVAL007,273,9.401844,RElbow,0.092945,-0.026745,0.06837,-0.057,146.008844,2325.506354,False
KVAL007,274,9.435177,RElbow,4.547547,2.966355,-3.366675,-0.7392,82.930664,2612.813231,False
KVAL007,275,9.468522,RElbow,5.471113,3.23727,-4.25913,-1.14585,49.443332,2445.136735,True
KVAL007,276,9.501855,RElbow,1.277624,0.793305,-0.908685,-0.42105,80.703235,468.186391,True
KVAL007,277,9.535188,RElbow,0.952243,0.85512,0.38058,0.1752,21.858983,1084.559255,True
KVAL007,278,9.568533,RElbow,0.388291,0.178545,0.220365,0.2652,23.401759,218.114979,True
KVAL007,279,9.601866,RElbow,0.886393,-0.69177,0.406965,0.3762,30.139875,363.761266,True
KVAL007,280,9.635177,RElbow,2.106,-1.192065,1.67901,0.44175,16.911357,796.478411,False
KVAL007,281,9.668511,RElbow,1.801917,-1.0548,1.452165,0.15975,23.518844,361.570394,False
KVAL007,282,9.701833,RElbow,0.576307,-0.454125,0.350265,0.0567,10.529629,566.893189,False
KVAL007,283,9.735177,RElbow,1.326935,-0.68877,1.089075,-0.31665,16.335993,156.011529,False
KVAL007,284,9.7685,RElbow,1.567274,-0.816075,1.288035,-0.3624,9.07434,416.141095,False
KVAL007,285,9.801844,RElbow,0.739173,-0.468585,0.554985,-0.1371,11.561573,48.289734,False
KVAL007,286,9.835166,RElbow,0.802928,-0.47151,0.616905,-0.20445,8.414644,78.760437,False
KVAL007,287,9.868511,RElbow,0.180196,-0.09711,0.14454,-0.04635,16.005578,48.374571,False
KVAL007,288,9.901833,RElbow,0.266715,0.184665,-0.188265,0.0399,5.198788,298.53722,False
KVAL007,289,9.935166,RElbow,0.172647,0.130335,-0.113205,-0.0021,3.930332,108.09894,False
KVAL007,290,9.9685,RElbow,0.014167,-0.00414,-0.01236,-0.00555,2.064749,92.62096,False
KVAL007,291,10.001833,RElbow,0.055348,0.018945,-0.039045,-0.03435,2.586384,37.776389,False
KVAL007,292,10.035166,RElbow,0.182181,0.08397,-0.139485,-0.08175,0.592905,79.733851,False
KVAL007,293,10.0685,RElbow,0.090879,0.02934,-0.076965,-0.0384,2.731446,81.224773,False
KVAL007,294,10.101844,RElbow,9.6e-05,6e-05,-7.5e-05,0.0,5.60202,175.254409,False
KVAL007,295,10.135177,RElbow,0.432777,0.335265,-0.111885,-0.24975,9.389034,109.278834,False
KVAL007,296,10.168511,RElbow,0.625991,0.39909,-0.141345,-0.4611,2.381653,240.21044,False
KVAL007,297,10.201855,RElbow,0.36263,0.1881,-0.079365,-0.2997,6.651669,48.56023,False
KVAL007,298,10.235166,RElbow,0.192694,0.1476,-0.06852,-0.1032,3.242548,99.627422,False
KVAL007,299,10.2685,RElbow,0.154093,0.05097,-0.05589,-0.13425,1.510885,54.638723,False
KVAL007,300,10.301844,RElbow,0.172739,0.06057,-0.055095,-0.1521,0.803666,38.540077,False
KVAL007,301,10.335177,RElbow,0.166175,0.10251,-0.05061,-0.1206,2.938594,97.803144,False
KVAL007,302,10.3685,RElbow,0.360019,0.054675,-0.08415,-0.34575,6.013202,31.566866,False
KVAL007,303,10.401844,RElbow,0.504438,-0.03954,-0.10959,-0.4908,4.171677,66.612882,False
KVAL007,304,10.435166,RElbow,0.604116,-0.08073,-0.148845,-0.5799,1.670672,111.823923,False
KVAL007,305,10.468511,RElbow,0.615815,-0.04788,-0.13422,-0.5991,3.384367,69.376741,False
KVAL007,306,10.501833,RElbow,0.414546,0.01224,-0.02826,-0.4134,5.333153,103.395096,False
KVAL007,307,10.535177,RElbow,0.864813,0.09843,0.06204,-0.85695,4.717446,259.74675,False
KVAL007,308,10.568511,RElbow,0.713543,0.11205,0.040935,-0.7035,12.746271,225.902958,False
KVAL007,309,10.601844,RElbow,0.028412,0.02388,-0.007665,-0.01335,10.442923,190.220959,False
KVAL007,310,10.635177,RElbow,0.024964,0.018945,-0.005895,-0.01515,0.184328,154.284372,False
KVAL007,311,10.668511,RElbow,0.016466,0.01275,-0.00405,-0.0096,0.214953,2.178099,False
KVAL007,312,10.701833,RElbow,0.010733,0.00852,-0.00318,-0.0057,0.048672,1.68446,False
KVAL007,313,10.735177,RElbow,0.013362,0.010575,-0.003855,-0.0072,0.107583,2.120027,False
KVAL007,314,10.768511,RElbow,0.003575,0.002745,-0.000915,-0.0021,0.186351,3.090833,False
KVAL007,315,10.801844,RElbow,0.000945,0.00069,-0.00024,-0.0006,0.098969,270.836521,False
KVAL007,316,10.835177,RElbow,0.010172,0.007665,-0.002625,-0.00615,17.890786,599.366407,False
KVAL007,317,10.868511,RElbow,1.193586,0.82599,0.17238,-0.8442,40.046218,206.674625,False
KVAL007,318,10.901833,RElbow,2.678856,2.102535,0.527985,-1.5738,24.790331,693.377352,False
KVAL007,319,10.935177,RElbow,2.732851,2.32098,0.76713,-1.2219,13.320363,544.527652,False
KVAL007,320,10.9685,RElbow,2.524635,2.18436,0.973005,-0.8097,16.102347,422.372848,False
KVAL007,321,11.001844,RElbow,2.077849,1.816965,0.96396,-0.29475,27.140007,415.659065,False
KVAL007,322,11.035166,RElbow,0.797953,0.67917,0.418005,0.027,30.923701,270.872104,False
KVAL007,323,11.068511,RElbow,0.017903,0.0108,0.014145,-0.00195,11.946761,590.871427,False
KVAL007,324,11.101833,RElbow,0.001607,0.001005,0.001245,-0.00015,8.699693,315.634664,False
KVAL007,325,11.135177,RElbow,0.59653,0.493155,0.330855,0.0564,9.110296,258.69695,False
KVAL007,326,11.1685,RElbow,0.608864,0.500925,0.34143,0.0567,8.546941,197.972516,False
KVAL007,327,11.201844,RElbow,0.029142,0.01653,0.02397,-0.0012,4.095411,256.445171,False
KVAL007,328,11.235166,RElbow,0.337187,0.267615,0.203955,0.0219,8.557821,86.259803,False
KVAL007,329,11.2685,RElbow,0.597817,0.473235,0.35976,0.0633,1.717693,187.773456,False
KVAL007,330,11.301844,RElbow,0.44821,0.343155,0.282735,0.05655,3.97286,88.912098,False
KVAL007,331,11.335177,RElbow,0.335653,0.248145,0.22119,0.0465,4.249763,12.981581,False
KVAL007,332,11.3685,RElbow,0.165584,0.120555,0.109515,0.02985,3.423883,53.293412,False
KVAL007,333,11.401833,RElbow,0.107431,0.07788,0.072495,0.01485,0.70749,47.608905,False
KVAL007,334,11.435177,RElbow,0.118908,0.08376,0.082425,0.01815,0.267744,2.600888,False
KVAL007,335,11.468511,RElbow,0.091045,0.06222,0.06423,0.0171,0.619557,15.395104,False
KVAL007,336,11.501833,RElbow,0.077716,0.055365,0.052725,0.01395,1.263021,1.825887,False
KVAL007,337,11.535166,RElbow,0.007032,0.003615,0.00594,0.00105,0.539069,26.565736,False
KVAL007,338,11.5685,RElbow,0.042315,0.02694,0.03114,0.00975,0.509365,0.395624,False
KVAL007,339,11.601833,RElbow,0.040918,0.02511,0.031425,0.0075,0.514682,16.346303,False
KVAL007,340,11.635166,RElbow,0.012014,-4.5e-05,0.01023,0.0063,0.581311,8.567777,False
KVAL007,341,11.6685,RElbow,0.003758,0.002385,0.001635,-0.0024,0.310241,11.309071,False
KVAL007,342,11.701844,RElbow,0.012373,0.007215,-0.00015,-0.01005,0.181868,19.007268,False
KVAL007,343,11.735177,RElbow,0.014481,0.00606,0.01311,-0.00105,1.096037,17.458156,False
KVAL007,344,11.7685,RElbow,0.074768,0.045105,0.05853,0.0114,1.331074,25.021679,False
KVAL007,345,11.801833,RElbow,0.102608,0.06213,0.081195,0.0087,0.581603,36.435383,False
KVAL007,346,11.835166,RElbow,0.038948,0.019875,0.033285,-0.00375,1.100272,12.886157,False
KVAL007,347,11.868511,RElbow,0.029754,0.016635,0.023685,0.0069,0.279438,19.842245,False
KVAL007,348,11.901844,RElbow,0.055456,0.02988,0.04647,0.0048,0.277232,4.989547,False
KVAL007,349,11.935177,RElbow,0.043513,0.02514,0.03519,-0.0048,0.297865,19.85796,False
KVAL007,350,11.9685,RElbow,0.070058,0.040815,0.056295,-0.00855,1.496383,5.34207,False
KVAL007,351,12.001833,RElbow,0.142267,0.08817,0.1113,0.00885,0.43625,39.525473,False
KVAL007,352,12.035166,RElbow,0.097541,0.06213,0.07515,-0.00255,1.178364,10.687512,False
KVAL007,353,12.068511,RElbow,0.077618,0.044475,0.05724,-0.02775,0.506772,19.754698,False
KVAL007,354,12.101844,RElbow,0.107608,0.053535,0.087375,-0.03285,0.266509,18.102273,False
KVAL007,355,12.135177,RElbow,0.080304,0.035535,0.06957,-0.0186,0.766867,11.714465,False
KVAL007,356,12.168511,RElbow,0.066011,0.03915,0.0531,0.00225,0.651404,14.233445,False
KVAL007,357,12.201844,RElbow,0.037326,0.020205,0.03024,-0.0084,1.402995,21.777974,False
KVAL007,358,12.235166,RElbow,0.03598,-0.02937,-0.00831,0.01905,1.736982,18.291507,False
KVAL007,359,12.2685,RElbow,0.091599,-0.09039,-0.003555,-0.0144,1.85963,41.762283,False
KVAL007,360,12.301833,RElbow,0.149976,-0.145725,-0.030975,-0.01725,1.260671,94.984277,False
KVAL007,361,12.335177,RElbow,0.088012,-0.047355,0.06591,-0.03405,4.850181,30.203822,False
KVAL007,362,12.3685,RElbow,0.216201,0.108495,0.132915,-0.13155,1.902374,99.883832,False
KVAL007,363,12.401844,RElbow,0.102439,0.06342,0.02193,-0.0774,1.822277,41.098387,False
KVAL007,364,12.435166,RElbow,0.103534,0.02319,0.067335,-0.07515,0.981857,58.766135,False
KVAL007,365,12.468511,RElbow,0.112439,0.023985,0.07404,-0.08115,4.883901,88.208258,False
KVAL007,366,12.501833,RElbow,0.247952,0.011325,-0.247605,0.0066,5.089091,86.204653,False
KVAL007,367,12.535177,RElbow,0.250795,0.022515,-0.24867,0.02355,2.056003,87.324124,False
KVAL007,368,12.568511,RElbow,0.219668,-0.02763,-0.18171,0.1203,1.850928,36.326029,False
KVAL007,369,12.601844,RElbow,0.222331,-0.03537,-0.187665,0.11385,1.891934,28.37804,False
KVAL007,370,12.635188,RElbow,0.117853,0.00582,-0.06177,0.1002,2.507324,32.548697,False
KVAL007,371,12.668522,RElbow,0.188215,-0.00474,-0.03909,0.18405,3.196245,27.584942,False
KVAL007,372,12.701855,RElbow,0.2418,0.017505,0.121455,0.20835,2.514088,94.662416,False
KVAL007,373,12.7352,RElbow,0.178396,0.02214,0.117945,0.132,3.372158,68.903195,False
KVAL007,374,12.768533,RElbow,0.0218,-0.00474,0.019065,0.00945,2.791949,46.909053,False
KVAL007,375,12.801844,RElbow,0.022181,0.00717,-0.019605,0.0075,0.636573,39.559853,False
KVAL007,376,12.835177,RElbow,0.023716,0.007095,-0.0216,0.00675,0.347865,7.85286,False
KVAL007,377,12.868522,RElbow,0.022254,0.0072,-0.014625,-0.01515,0.680536,21.262353,False
KVAL007,378,12.901855,RElbow,0.059279,0.025905,-0.04641,-0.02625,1.544984,13.4072,False
KVAL007,379,12.935188,RElbow,0.124846,0.02172,-0.092355,-0.08115,0.286372,63.923634,False
KVAL007,380,12.968533,RElbow,0.048844,0.007575,-0.042765,-0.02235,2.73068,13.176906,False
KVAL007,381,13.001866,RElbow,0.062775,0.00897,0.026385,0.05625,0.925211,53.109304,False
KVAL007,382,13.035166,RElbow,0.017821,0.005175,0.005325,0.0162,0.826002,15.140747,False
KVAL007,383,13.068511,RElbow,0.010794,0.003795,-0.002655,0.00975,0.163852,13.012907,False
KVAL007,384,13.101844,RElbow,0.017655,0.013965,0.00465,0.00975,0.147584,6.516481,False
KVAL007,385,13.135177,RElbow,0.014391,0.011775,0.00276,0.0078,0.388687,8.806464,False
KVAL007,386,13.1685,RElbow,0.009574,-0.002475,-0.004725,-0.00795,0.565874,26.645089,False
KVAL007,387,13.201844,RElbow,0.047761,0.012975,0.01296,0.0441,1.406278,15.224863,False
KVAL007,388,13.235177,RElbow,0.084378,0.03009,0.026055,0.0744,0.453688,41.457489,False
KVAL007,389,13.268522,RElbow,0.019256,0.009135,0.000195,0.01695,1.358308,4.30906,False
KVAL007,390,13.301833,RElbow,0.008604,0.00045,-0.00741,-0.00435,0.215246,22.378094,False
KVAL007,391,13.335177,RElbow,0.006792,0.005955,0.00129,0.003,0.151972,2.852913,False
KVAL007,392,13.368511,RElbow,0.002722,0.000315,-0.000135,0.0027,0.106438,4.20483,False
KVAL007,393,13.401855,RElbow,0.001387,-0.00081,0.000405,0.00105,0.156169,14.435966,False
KVAL007,394,13.435166,RElbow,0.01011,-0.006495,-0.007725,0.0006,0.911521,19.18086,False
KVAL007,395,13.4685,RElbow,0.061695,0.008595,0.039975,0.0462,1.143485,26.045819,False
KVAL007,396,13.501833,RElbow,0.069381,0.015,0.048975,0.0468,0.826324,28.685787,False
KVAL007,397,13.535177,RElbow,0.008206,0.001815,0.000915,0.00795,0.773951,16.171634,False
KVAL007,398,13.5685,RElbow,0.020161,0.00708,0.00732,0.0174,0.278245,16.840536,False
KVAL007,399,13.601844,RElbow,0.025375,0.01272,0.011175,0.0189,0.374614,4.687404,False
KVAL007,400,13.635166,RElbow,0.044016,0.021045,0.02262,0.03135,0.059526,16.776879,False
KVAL007,401,13.668511,RElbow,0.02346,0.00948,0.012765,0.01725,0.747375,3.573292,False
KVAL007,402,13.701844,RElbow,0.009519,0.0003,-0.009495,-0.0006,0.21976,10.896276,False
KVAL007,403,13.735177,RElbow,0.014637,0.009345,-0.0006,0.01125,0.115387,5.477917,False
KVAL007,404,13.768511,RElbow,0.008597,-0.00516,-0.005445,-0.0042,0.485579,3.363236,False
KVAL007,405,13.801844,RElbow,0.021819,-0.011385,-0.0171,-0.00735,0.133115,10.492275,False
KVAL007,406,13.835177,RElbow,0.014276,-0.00597,-0.01296,0.00045,0.231772,4.847315,False
KVAL007,407,13.868511,RElbow,0.006819,-0.005115,-0.00399,-0.0021,0.201674,20.128418,False
KVAL007,408,13.901833,RElbow,0.001206,-0.000675,-0.00066,-0.00075,1.539056,11.725535,False
KVAL007,409,13.935177,RElbow,0.095862,0.07287,0.0468,0.0411,0.886154,77.850092,False
KVAL007,410,13.968511,RElbow,0.05789,0.03948,0.02433,0.03465,3.659275,133.542675,False
KVAL007,411,14.001844,RElbow,0.149114,-0.11673,-0.049305,-0.0786,8.094227,59.571107,False
KVAL007,412,14.035188,RElbow,0.487901,-0.29424,0.008475,-0.3891,6.060634,174.802223,False
KVAL007,413,14.068522,RElbow,0.532691,-0.32823,-0.00165,-0.41955,3.563806,185.622799,False
KVAL007,414,14.101855,RElbow,0.250531,-0.145845,0.00117,-0.2037,6.487235,12.630987,False
KVAL007,415,14.1352,RElbow,0.129413,-0.021615,0.04731,-0.1185,3.691213,73.937961,False
KVAL007,416,14.168533,RElbow,0.0607,0.028515,0.040875,-0.03465,1.577912,69.252908,False
KVAL007,417,14.201844,RElbow,0.10526,0.05706,0.070965,-0.0528,1.007003,51.088361,False
KVAL007,418,14.235177,RElbow,0.106772,-0.000135,0.049125,-0.0948,1.996958,31.359547,False
KVAL007,419,14.2685,RElbow,0.086371,-0.055695,0.001425,-0.066,1.196363,42.173664,False
KVAL007,420,14.301844,RElbow,0.028471,-0.00723,0.01002,-0.02565,0.92695,20.68877,False
KVAL007,421,14.335166,RElbow,0.033449,-0.006675,0.012855,-0.03015,1.197395,16.422048,False
KVAL007,422,14.368511,RElbow,0.08555,-0.08085,-0.02019,-0.01935,0.182763,71.474788,False
KVAL007,423,14.401833,RElbow,0.041765,-0.017775,0.01509,-0.03465,3.57402,30.75597,False
KVAL007,424,14.435177,RElbow,0.165343,0.127365,0.090105,-0.05475,1.911991,84.96391,False
KVAL007,425,14.468511,RElbow,0.125274,0.097155,0.070185,-0.03645,2.120887,59.060523,False
KVAL007,426,14.501844,RElbow,0.024046,0.017205,0.01446,-0.00855,2.080256,12.02826,False
KVAL007,427,14.535166,RElbow,0.013411,-0.01029,-0.007665,0.0039,1.33536,8.955361,False
KVAL007,428,14.568511,RElbow,0.065071,-0.048555,-0.03993,0.0168,1.511256,7.432137,False
KVAL007,429,14.601844,RElbow,0.114114,-0.081975,-0.07227,0.03285,0.84726,36.455115,False
KVAL007,430,14.635177,RElbow,0.121506,-0.090015,-0.076365,0.0288,0.9234,55.06822,False
KVAL007,431,14.668511,RElbow,0.053585,-0.041175,-0.033285,0.00825,2.824159,20.625138,False
KVAL007,432,14.701855,RElbow,0.066892,0.04626,0.04578,-0.01545,2.265408,50.077346,False
KVAL007,433,14.735177,RElbow,0.097742,0.06702,0.067545,-0.02235,0.51492,49.32315,False
KVAL007,434,14.768511,RElbow,0.032591,0.02265,0.022485,-0.0066,1.024679,7.432241,False
KVAL007,435,14.801833,RElbow,0.029626,0.020205,0.021285,-0.00405,0.041858,14.701113,False
KVAL007,436,14.835177,RElbow,0.031431,0.021255,0.02277,-0.0042,0.179853,10.729267,False
KVAL007,437,14.868511,RElbow,0.02903,0.02433,0.01494,0.00525,0.72389,12.526033,False
KVAL007,438,14.901844,RElbow,0.071874,0.055155,0.037455,0.02685,0.834229,13.558247,False
KVAL007,439,14.935166,RElbow,0.083761,0.05997,0.053655,0.02325,0.22786,25.196181,False
KVAL007,440,14.9685,RElbow,0.065797,0.046365,0.043785,0.0162,0.849499,7.595085,False
KVAL007,441,15.001833,RElbow,0.027515,0.019335,0.016125,0.0111,0.533591,16.783143,False
KVAL007,442,15.035166,RElbow,0.030532,0.022785,0.019785,0.00465,0.290453,24.047921,False
KVAL007,443,15.068511,RElbow,0.044542,0.033105,0.029025,0.00675,1.072797,19.796279,False
KVAL007,444,15.101844,RElbow,0.101648,0.076395,0.060765,0.02835,1.520453,26.233765,False
KVAL007,445,15.135166,RElbow,0.14388,0.10761,0.07836,0.0546,0.700993,54.812965,False
KVAL007,446,15.168511,RElbow,0.058301,0.041985,0.029145,0.02805,2.139878,6.498172,False
KVAL007,447,15.201833,RElbow,0.002116,-7.5e-05,0.00111,0.0018,0.874722,31.827416,False
KVAL007,448,15.235177,RElbow,3.4e-05,-3e-05,1.5e-05,0.0,0.031616,13.124016,False
KVAL007,449,15.2685,RElbow,2.1e-05,-1.5e-05,1.5e-05,0.0,0.000503,0.472416,False
KVAL007,450,15.301844,RElbow,0.0,0.0,0.0,0.0,0.000318,0.007547,False
KVAL007,451,15.335166,RElbow,0.0,0.0,0.0,0.0,0.0,10.476151,False
KVAL007,452,15.3685,RElbow,0.0,0.0,0.0,0.0,0.698274,16.875332,False
KVAL007,453,15.401844,RElbow,0.046552,-0.04308,-0.014895,0.00945,1.125022,37.605926,False
KVAL007,454,15.435177,RElbow,0.075001,-0.072585,-0.01713,-0.00795,2.757588,71.042037,False
KVAL007,455,15.4685,RElbow,0.209745,-0.09741,-0.174195,-0.0645,4.602213,67.162806,False
KVAL007,456,15.501844,RElbow,0.315954,0.004065,-0.294585,-0.11415,4.058421,125.14337,False
KVAL007,457,15.535177,RElbow,0.342083,0.14238,-0.290565,-0.111,3.969327,184.422251,False
KVAL007,458,15.568511,RElbow,0.098121,0.04272,-0.03489,-0.08115,8.968441,38.76891,False
KVAL007,459,15.601833,RElbow,0.287193,-0.08751,0.260655,-0.08295,2.926974,181.444615,False
KVAL007,460,15.635177,RElbow,0.147978,-0.06045,0.126975,-0.04605,3.55949,68.282194,False
KVAL007,461,15.6685,RElbow,0.081386,-0.01539,0.070005,0.03855,2.057295,46.07877,False
KVAL007,462,15.701844,RElbow,0.054624,-0.000465,0.037935,0.0393,2.812717,37.675029,False
KVAL007,463,15.735177,RElbow,0.109328,0.05799,-0.082995,-0.04125,1.920414,66.523586,False
KVAL007,464,15.768522,RElbow,0.078819,0.04323,-0.05079,-0.042,1.636217,46.211695,False
KVAL007,465,15.801844,RElbow,0.000781,-0.000495,-0.000525,-0.0003,1.181312,24.499618,False
KVAL007,466,15.835177,RElbow,0.000237,-0.00015,-0.000105,-0.00015,0.00907,15.661397,False
KVAL007,467,15.868511,RElbow,0.000206,-0.00012,-7.5e-05,-0.00015,2.189682,34.304651,False
KVAL007,468,15.901844,RElbow,0.145882,-0.06408,0.090015,0.09525,2.280131,105.613269,False
KVAL007,469,15.935166,RElbow,0.152202,-0.123675,-0.022545,-0.0858,5.482927,226.255583,False
KVAL007,470,15.968511,RElbow,0.29942,-0.223215,-0.105825,-0.1692,14.333569,288.354554,False
KVAL007,471,16.001833,RElbow,0.927947,-0.369495,0.67026,0.5247,14.173557,282.421803,True
KVAL007,472,16.035166,RElbow,0.783692,-0.22344,0.55494,0.50625,6.035926,257.907369,False
KVAL007,473,16.068511,RElbow,0.772195,-0.54675,0.31845,0.44265,5.629402,174.424458,False
KVAL007,474,16.101844,RElbow,0.821569,-0.558075,0.39201,0.4581,11.417638,220.501771,False
KVAL007,475,16.135166,RElbow,0.052014,-0.032445,-0.039315,0.01035,12.144277,817.657312,True
KVAL007,476,16.1685,RElbow,0.058517,-0.037785,-0.04209,0.015,43.576523,999.925137,True
KVAL007,477,16.201833,RElbow,2.92708,-1.94745,0.50238,2.1267,55.370474,1150.411132,True
KVAL007,478,16.235177,RElbow,3.715387,-2.088825,0.780015,2.97195,33.439033,1705.634201,True
KVAL007,479,16.2685,RElbow,0.825808,-0.206595,0.26373,0.7548,58.345969,383.34631,True
KVAL007,480,16.301833,RElbow,0.195929,0.02373,-0.029085,-0.1923,14.256614,948.347756,True
KVAL007,481,16.335177,RElbow,0.174641,-0.09294,-0.081375,-0.12345,5.376392,264.800281,True
KVAL007,482,16.368511,RElbow,0.261,-0.24324,-0.08574,0.04005,3.49149,91.330833,True
KVAL007,483,16.401844,RElbow,0.177273,-0.13239,-0.054765,0.1044,2.381346,123.626219,True
KVAL007,484,16.435177,RElbow,0.354393,-0.285435,-0.201165,-0.06045,5.660918,88.634519,True
KVAL007,485,16.468522,RElbow,0.441522,-0.387585,-0.136815,-0.16125,3.904565,218.439721,True
KVAL007,486,16.501855,RElbow,0.278696,-0.266475,0.058425,-0.057,14.77617,251.145588,True
KVAL007,487,16.535188,RElbow,1.006716,0.105645,0.01068,-1.0011,16.228563,426.09197,True
KVAL007,488,16.568533,RElbow,1.04243,0.233265,0.019965,-1.0158,14.812959,586.863503,True
KVAL007,489,16.601866,RElbow,0.131,0.095625,0.087975,-0.01665,24.04985,75.223374,True
KVAL007,490,16.635166,RElbow,0.648542,0.246135,0.14292,0.58275,10.09779,480.940867,True
KVAL007,491,16.668511,RElbow,0.670085,0.1302,0.05628,0.6549,8.896582,295.148812,True
KVAL007,492,16.701844,RElbow,0.08833,-0.03363,-0.00609,0.08145,9.705953,186.500368,True
KVAL007,493,16.735177,RElbow,0.031492,-0.013965,-0.00717,0.0273,4.24501,217.372455,True
KVAL007,494,16.7685,RElbow,0.369245,-0.07452,-0.014655,0.36135,5.083845,134.788117,True
KVAL007,495,16.801844,RElbow,0.36861,-0.074955,-0.014925,0.3606,4.773095,147.582835,True
KVAL007,496,16.835166,RElbow,0.070428,0.009435,-0.04212,0.05565,4.77934,62.035138,True
KVAL007,497,16.8685,RElbow,0.069689,0.010185,-0.041895,0.05475,1.053904,62.386803,True
KVAL007,498,16.901833,RElbow,0.000753,-0.00045,-0.000585,-0.00015,1.045225,15.772672,True
KVAL007,499,16.935177,RElbow,2.1e-05,-1.5e-05,-1.5e-05,0.0,0.011297,15.676845,True
KVAL007,500,16.9685,RElbow,0.0,0.0,0.0,0.0,0.000318,0.169457,True
KVAL007,501,17.001844,RElbow,0.0,0.0,0.0,0.0,0.0,0.004773,True
KVAL007,502,17.035166,RElbow,0.0,0.0,0.0,0.0,0.0,12.999964,True
KVAL007,503,17.068511,RElbow,0.0,0.0,0.0,0.0,0.866664,12.811168,False
KVAL007,504,17.101833,RElbow,0.057778,-0.03669,-0.03837,0.0228,0.854078,26.185938,True
KVAL007,505,17.135166,RElbow,0.056939,-0.035865,-0.038505,0.02175,0.879257,25.612697,True
KVAL007,506,17.1685,RElbow,0.001921,0.000555,-0.000375,-0.0018,0.853481,13.449287,True
KVAL007,507,17.201844,RElbow,0.000832,-0.00027,-0.00024,-0.00075,0.022152,11.716992,False
KVAL007,508,17.235166,RElbow,0.001168,-0.000615,-0.00042,-0.0009,0.18154,2.761975,False
KVAL007,509,17.2685,RElbow,0.011529,0.00123,0.01041,0.0048,0.179538,5.880228,False
KVAL007,510,17.301833,RElbow,0.011358,0.00222,0.01113,0.00045,0.214555,5.345068,True
KVAL007,511,17.335166,RElbow,0.005103,-4.5e-05,0.000165,-0.0051,0.17705,6.715433,False
KVAL007,512,17.3685,RElbow,0.000659,-0.00057,-0.00033,0.0,0.543724,8.096592,True
KVAL007,513,17.401844,RElbow,0.036693,0.018345,-0.03102,-0.0069,0.677181,11.796611,True
KVAL007,514,17.435177,RElbow,0.045261,0.015045,-0.042465,-0.00435,0.304883,17.018047,True
KVAL007,515,17.468511,RElbow,0.027363,-0.001395,-0.026235,-0.00765,0.469087,6.907928,True
KVAL007,516,17.501833,RElbow,0.017839,0.002055,-0.014595,-0.01005,0.404789,5.222259,True
KVAL007,517,17.535177,RElbow,0.000566,-0.000435,-0.00033,-0.00015,0.263121,31.528395,True
KVAL007,518,17.5685,RElbow,0.000566,-0.000435,-0.00033,-0.00015,1.725702,29.679256,True
KVAL007,519,17.601833,RElbow,0.115504,-0.039285,-0.108615,0.00075,1.782105,40.773332,True
KVAL007,520,17.635166,RElbow,0.119269,-0.041835,-0.11169,-0.00045,1.009635,29.345733,True
KVAL007,521,17.668511,RElbow,0.052418,-0.03156,-0.041775,0.00255,1.018078,27.873933,True
KVAL007,522,17.701844,RElbow,0.143433,-0.05031,-0.11604,-0.06765,1.188945,50.123128,True
KVAL007,523,17.735188,RElbow,0.102908,-0.0174,-0.075435,-0.0678,2.529956,51.28829,True
KVAL007,524,17.7685,RElbow,0.057546,-0.0342,0.007905,0.0456,2.241005,44.241581,True
KVAL007,525,17.801844,RElbow,0.066982,-0.03972,0.00945,0.0531,0.716713,67.353721,True
KVAL007,526,17.835177,RElbow,0.011559,-0.00162,0.00333,0.01095,2.379095,37.851461,True
KVAL007,527,17.868522,RElbow,0.133712,-0.02235,-0.130335,-0.0198,2.488068,58.708878,True
KVAL007,528,17.901833,RElbow,0.161844,-0.022665,-0.160005,-0.00885,1.605109,73.669977,True
KVAL007,529,17.935166,RElbow,0.031229,0.000735,-0.029895,0.009,2.42704,18.788281,True
KVAL007,530,17.968511,RElbow,0.002087,0.00105,-0.000105,-0.0018,0.468435,38.720435,True
KVAL007,531,18.001844,RElbow,0.0,0.0,0.0,0.0,0.293063,9.220005,True
KVAL007,532,18.035166,RElbow,0.021352,0.004575,-0.009435,-0.0186,0.323178,8.917619,True
KVAL007,533,18.068511,RElbow,0.021545,0.00465,-0.00954,-0.01875,0.301498,9.219205,True
KVAL007,534,18.101833,RElbow,0.001418,0.000435,1.5e-05,-0.00135,0.291794,4.917198,False
KVAL007,535,18.135177,RElbow,0.002517,0.00072,0.00024,-0.0024,0.03333,9.52153,True
KVAL007,0,0.301866,RWrist,2.287867,0.35568,0.29511,2.2407,33.750909,18.654856,True
KVAL007,1,0.3352,RWrist,1.164001,0.16851,0.116325,1.14585,34.014895,246.349338,True
KVAL007,2,0.368511,RWrist,0.041347,-0.00924,-0.03045,0.0264,17.404571,506.43762,True
KVAL007,3,0.401844,RWrist,0.004303,0.00033,0.00255,0.00345,0.617887,260.23774,True
KVAL007,4,0.435177,RWrist,0.003113,0.00024,0.00177,0.00255,0.064542,9.286501,True
KVAL007,5,0.468522,RWrist,0.0,0.0,0.0,0.0,0.0467,0.968125,True
KVAL007,6,0.501844,RWrist,0.0,0.0,0.0,0.0,0.0,0.700506,True
KVAL007,7,0.535177,RWrist,0.0,0.0,0.0,0.0,0.0,0.0,True
KVAL007,8,0.568511,RWrist,0.0,0.0,0.0,0.0,0.0,0.0,True
KVAL007,9,0.601855,RWrist,0.0,0.0,0.0,0.0,0.0,0.0,True
KVAL007,10,0.635166,RWrist,0.0,0.0,0.0,0.0,0.0,0.0,True
KVAL007,11,0.6685,RWrist,0.0,0.0,0.0,0.0,0.0,0.0,True
KVAL007,12,0.701844,RWrist,0.0,0.0,0.0,0.0,0.0,0.0,True
KVAL007,13,0.735177,RWrist,0.0,0.0,0.0,0.0,0.0,0.0,True
KVAL007,14,0.768511,RWrist,0.0,0.0,0.0,0.0,0.0,0.0,True
KVAL007,15,0.801855,RWrist,0.0,0.0,0.0,0.0,0.0,3.582632,True
KVAL007,16,0.835166,RWrist,0.0,0.0,0.0,0.0,0.238842,3.584714,True
KVAL007,17,0.8685,RWrist,0.015923,7.5e-05,0.009735,0.0126,0.238981,7.134431,True
KVAL007,18,0.901844,RWrist,0.015932,9e-05,0.00975,0.0126,0.236788,7.140694,True
KVAL007,19,0.935177,RWrist,0.000154,1.5e-05,3e-05,0.00015,0.237067,11.664637,True
KVAL007,20,0.9685,RWrist,0.000151,0.0,1.5e-05,0.00015,0.559124,24.627686,True
KVAL007,21,1.001844,RWrist,0.037426,-0.002715,0.007335,0.0366,1.458661,37.915364,True
KVAL007,22,1.035177,RWrist,0.097392,0.00687,-0.00696,0.0969,3.069253,36.565568,True
KVAL007,23,1.068511,RWrist,0.241231,0.02499,0.06486,0.231,3.577593,69.865912,True
KVAL007,24,1.101844,RWrist,0.326143,-0.027315,0.088905,0.3126,1.797436,123.414081,True
KVAL007,25,1.135177,RWrist,0.162324,-0.048855,0.0096,0.1545,4.671904,32.784866,True
KVAL007,26,1.168522,RWrist,0.016332,-0.006435,-0.00057,0.015,2.24959,39.715521,True
KVAL007,27,1.201855,RWrist,0.017825,0.003465,-0.00873,0.01515,2.22313,19.356767,True
KVAL007,28,1.2352,RWrist,0.136762,-0.012405,-0.08259,-0.1083,2.283174,78.895542,True
KVAL007,29,1.268533,RWrist,0.14272,-0.01617,-0.0741,-0.1209,3.463642,50.427006,True
KVAL007,30,1.301844,RWrist,0.157529,0.141435,0.066015,-0.0213,3.719241,201.484514,True
KVAL007,31,1.335177,RWrist,0.329753,0.07005,0.04821,-0.3186,10.877145,63.5672,True
KVAL007,32,1.3685,RWrist,0.712261,-0.038475,-0.097185,-0.70455,2.660067,261.831809,True
KVAL007,33,1.401833,RWrist,0.445665,-0.02634,-0.03246,-0.4437,6.983955,66.683849,True
KVAL007,34,1.435166,RWrist,0.371969,-0.017535,0.175305,-0.3276,2.11303,119.444227,True
KVAL007,35,1.468511,RWrist,0.427518,0.017175,0.09855,-0.41565,4.816438,123.727014,True
KVAL007,36,1.501833,RWrist,0.130718,-0.04764,-0.05673,-0.1077,7.778905,59.613475,True
KVAL007,37,1.535177,RWrist,0.097827,-0.035985,-0.041985,0.0807,3.141781,101.662365,True
KVAL007,38,1.568511,RWrist,0.101635,0.002685,-0.03693,0.09465,1.67318,42.848757,True
KVAL007,39,1.601844,RWrist,0.180099,-0.03858,0.01746,0.17505,2.544605,75.995089,True
KVAL007,40,1.635166,RWrist,0.224601,-0.08664,0.064875,0.1968,3.402471,105.129219,True
KVAL007,41,1.668511,RWrist,0.088418,-0.01548,-0.08271,-0.02715,4.503742,68.388648,True
KVAL007,42,1.701833,RWrist,0.133716,0.01167,-0.13305,-0.00645,1.268129,85.659875,True
KVAL007,43,1.735177,RWrist,0.099014,-0.05922,-0.066465,0.04335,1.698032,25.475373,True
KVAL007,44,1.7685,RWrist,0.071532,-0.05313,-0.04179,-0.0234,0.97394,50.893311,True
KVAL007,45,1.801844,RWrist,0.058014,-0.012225,-0.022515,0.05205,1.753167,43.886929,True
KVAL007,46,1.835166,RWrist,0.118033,0.0252,-0.11196,0.0276,2.583606,58.98477,True
KVAL007,47,1.868511,RWrist,0.156907,0.06498,-0.130755,-0.05745,2.420281,73.524817,True
KVAL007,48,1.901833,RWrist,0.080216,0.01779,0.0102,-0.07755,2.558909,54.538394,True
KVAL007,49,1.935177,RWrist,0.049372,-0.01527,0.01908,-0.0429,1.238654,48.50692,True
KVAL007,50,1.9685,RWrist,0.045882,0.00684,-0.042765,-0.01515,1.336087,39.05325,True
KVAL007,51,2.001833,RWrist,0.127013,0.01977,0.01428,-0.12465,1.368358,48.816943,True
KVAL007,52,2.035177,RWrist,0.092181,0.02208,0.00843,-0.0891,2.043685,46.706201,True
KVAL007,53,2.068511,RWrist,0.043116,0.040125,0.012165,0.01005,2.27114,23.834969,True
KVAL007,54,2.101833,RWrist,0.096959,0.02931,0.081705,0.0432,1.047618,51.252066,True
KVAL007,55,2.135166,RWrist,0.084,0.0183,0.056505,0.0594,1.315733,32.309029,True
KVAL007,56,2.1685,RWrist,0.017088,0.01521,0.00297,0.0072,1.186731,21.869848,True
KVAL007,57,2.201833,RWrist,0.008076,0.001755,-0.00114,0.0078,0.725942,15.720034,True
KVAL007,58,2.235166,RWrist,0.036243,-0.015885,0.01989,-0.0258,0.708459,22.587734,True
KVAL007,59,2.268511,RWrist,0.039699,-0.02241,0.00954,-0.03135,0.870672,20.276298,True
KVAL007,60,2.301833,RWrist,0.029425,-0.000825,-0.0294,0.0009,0.656647,21.931084,True
KVAL007,61,2.335177,RWrist,0.014097,-0.009705,-0.007545,0.0069,0.640052,8.387459,True
KVAL007,62,2.368511,RWrist,0.018758,-0.01518,0.010755,0.0024,0.217509,8.206304,True
KVAL007,63,2.401855,RWrist,0.014671,0.00294,-0.004935,0.0135,0.253798,12.135798,True
KVAL007,64,2.435177,RWrist,0.031427,-0.018855,0.01857,0.01695,0.704377,8.743414,True
KVAL007,65,2.468511,RWrist,0.051842,-0.032985,0.013065,0.0378,0.525345,24.061007,True
KVAL007,66,2.501833,RWrist,0.038052,-0.01149,-0.01074,0.03465,1.207469,20.527838,True
KVAL007,67,2.535166,RWrist,0.07355,0.016125,0.07092,0.01095,1.072503,46.549928,True
KVAL007,68,2.5685,RWrist,0.076495,0.02805,0.045285,0.0549,2.025768,36.267093,True
KVAL007,69,2.601844,RWrist,0.0797,0.00624,-0.055815,0.05655,1.346809,49.081089,True
KVAL007,70,2.635166,RWrist,0.046454,-0.01719,-0.028845,0.0321,1.354292,34.397331,True
KVAL007,71,2.668511,RWrist,0.058147,-0.030165,0.02562,0.0426,1.097107,28.10141,True
KVAL007,72,2.701844,RWrist,0.040164,-0.00588,0.039045,0.00735,0.589966,23.683745,True
KVAL007,73,2.735177,RWrist,0.029126,-0.01068,-0.00462,0.0267,0.503379,17.106163,True
KVAL007,74,2.7685,RWrist,0.033715,-0.01044,0.01377,0.02895,0.957923,25.489761,True
KVAL007,75,2.801844,RWrist,0.043724,0.020445,0.03732,-0.01005,1.478111,36.306999,True
KVAL007,76,2.835166,RWrist,0.064864,0.0168,-0.025335,-0.0573,1.757869,33.635592,True
KVAL007,77,2.868511,RWrist,0.085171,0.008565,-0.07599,-0.0375,0.96179,45.065414,True
KVAL007,78,2.901833,RWrist,0.051437,0.00741,-0.050895,0.00075,1.261379,17.146019,True
KVAL007,79,2.935166,RWrist,0.017554,0.00021,0.005085,-0.0168,0.735625,24.561176,True
KVAL007,80,2.9685,RWrist,0.025874,-0.008535,-0.009855,0.02235,0.738676,15.396788,True
KVAL007,81,3.001844,RWrist,0.032782,-0.0054,-0.020985,0.0246,0.757952,26.971506,True
KVAL007,82,3.035166,RWrist,0.029621,-0.01425,0.014415,-0.0216,1.075666,10.13356,True
KVAL007,83,3.068511,RWrist,0.043263,-0.015225,0.01035,-0.03915,0.275567,22.500371,True
KVAL007,84,3.101844,RWrist,0.036189,0.000435,0.01581,-0.03255,0.488069,14.651402,True
KVAL007,85,3.135177,RWrist,0.016775,-0.00099,0.013395,-0.01005,0.769951,6.3981,True
KVAL007,86,3.168522,RWrist,0.016229,-0.006945,-0.007755,0.01245,0.251629,15.071054,True
KVAL007,87,3.201855,RWrist,0.0,0.0,0.0,0.0,0.243433,3.774429,True
KVAL007,88,3.235188,RWrist,0.0,0.0,0.0,0.0,0.0,5.882634,True
KVAL007,89,3.268533,RWrist,0.0,0.0,0.0,0.0,0.157007,4.324983,True
KVAL007,90,3.301866,RWrist,0.010467,-0.00765,-0.00234,0.00675,0.288332,2.834126,True
KVAL007,91,3.335166,RWrist,0.019222,-0.015315,-0.006315,0.00975,0.06758,8.473238,True
KVAL007,92,3.368511,RWrist,0.010053,-0.00858,-0.004395,0.00285,0.276636,2.596242,True
KVAL007,93,3.401844,RWrist,0.001018,-0.000915,-0.00042,-0.00015,0.150789,23.497347,True
KVAL007,94,3.435177,RWrist,0.0,0.0,0.0,0.0,1.709502,26.445385,True
KVAL007,95,3.468511,RWrist,0.114048,-0.003135,0.023295,-0.1116,1.78234,62.872993,True
KVAL007,96,3.501855,RWrist,0.118823,-0.014685,-0.001665,-0.1179,2.565053,62.319772,True
KVAL007,97,3.535177,RWrist,0.080231,-0.003585,-0.07497,0.02835,2.424334,53.419535,True
KVAL007,98,3.568522,RWrist,0.06136,0.007965,-0.05001,0.03465,1.103556,47.714568,True
KVAL007,99,3.601833,RWrist,0.00883,-0.00279,-0.00807,-0.00225,0.816242,16.313981,True
KVAL007,100,3.635177,RWrist,0.016732,-0.006825,-0.01473,-0.00405,0.029011,10.349393,True
KVAL007,101,3.6685,RWrist,0.007992,-0.004035,-0.00666,-0.0018,0.163285,2.002948,True
KVAL007,102,3.701833,RWrist,0.01219,-0.0036,-0.006135,-0.0099,0.12416,2.263347,True
KVAL007,103,3.735177,RWrist,0.012317,-0.003615,-0.006135,-0.01005,0.217954,1.925165,True
KVAL007,104,3.768511,RWrist,0.02433,-0.002955,-0.002685,-0.024,0.250119,3.063448,True
KVAL007,105,3.801844,RWrist,0.026778,-0.00345,-0.002865,-0.0264,0.191716,7.841043,True
KVAL007,106,3.835177,RWrist,0.034111,-0.013515,-0.00273,-0.0312,0.480847,20.17272,True
KVAL007,107,3.8685,RWrist,0.047051,-0.034755,-0.00834,-0.0306,1.333379,18.832539,True
KVAL007,108,3.901844,RWrist,0.080921,-0.04932,0.06126,0.01905,1.054713,38.452238,True
KVAL007,109,3.935166,RWrist,0.063908,-0.033465,0.054435,0.00105,1.23789,27.419755,True
KVAL007,110,3.968511,RWrist,0.035728,-0.02607,-0.005295,-0.02385,0.794821,18.262965,True
KVAL007,111,4.001833,RWrist,0.02568,-0.020685,0.00534,-0.01425,0.394198,8.114533,True
KVAL007,112,4.035166,RWrist,0.027025,-0.000315,-0.001125,-0.027,0.769277,7.939677,True
KVAL007,113,4.0685,RWrist,0.056744,0.001875,-0.018675,-0.05355,0.339375,22.796289,True
KVAL007,114,4.101833,RWrist,0.046314,-0.000525,-0.01707,-0.04305,0.780879,14.979523,True
KVAL007,115,4.135166,RWrist,0.006981,-0.002205,0.00246,-0.00615,0.665955,11.908979,True
KVAL007,116,4.168511,RWrist,0.008677,-0.003345,0.006045,-0.00525,0.107319,10.312145,True
KVAL007,117,4.201833,RWrist,0.013227,-0.002985,0.00876,-0.00945,0.07551,1.270175,True
KVAL007,118,4.235177,RWrist,0.005173,0.000375,0.002775,-0.00435,0.079023,19.670105,True
KVAL007,119,4.2685,RWrist,0.017122,3e-05,0.010905,-0.0132,1.311808,14.358097,True
KVAL007,120,4.301844,RWrist,0.091949,0.032355,0.012195,-0.0852,1.022119,40.295386,True
KVAL007,121,4.335166,RWrist,0.079354,0.03234,0.001485,-0.07245,1.374797,24.778347,True
KVAL007,122,4.368511,RWrist,0.000329,0.0,0.000135,-0.0003,0.846241,37.688253,True
KVAL007,123,4.401844,RWrist,0.075866,0.0168,0.051975,-0.05265,1.262878,34.449975,True
KVAL007,124,4.435177,RWrist,0.0845,0.012975,0.05664,-0.06135,2.065275,53.630397,True
KVAL007,125,4.4685,RWrist,0.069033,0.001365,-0.012915,0.0678,2.336058,33.229921,True
KVAL007,126,4.501844,RWrist,0.076295,-0.002415,-0.0192,0.0738,0.453783,45.321616,True
KVAL007,127,4.535166,RWrist,0.063913,-0.026805,-0.011595,0.05685,0.772376,21.205568,True
KVAL007,128,4.568511,RWrist,0.041702,-0.024885,0.0033,0.0333,1.403225,18.141692,True
KVAL007,129,4.601844,RWrist,0.034165,-0.005565,0.01446,-0.03045,1.684921,7.919004,True
KVAL007,130,4.635177,RWrist,0.08024,0.00207,0.04065,-0.06915,0.886302,36.516145,True
KVAL007,131,4.6685,RWrist,0.092097,0.002355,0.032205,-0.08625,1.191513,30.111841,True
KVAL007,132,4.701844,RWrist,0.070031,0.016155,-0.036645,-0.05745,1.146795,33.31523,True
KVAL007,133,4.735177,RWrist,0.032555,-0.017355,-0.010035,-0.02565,1.379647,19.761726,True
KVAL007,134,4.768522,RWrist,0.042851,-0.042165,0.007455,-0.00165,0.214521,34.571959,True
KVAL007,135,4.801833,RWrist,0.044657,-0.016725,-0.01107,-0.0399,1.086101,6.10483,True
KVAL007,136,4.835177,RWrist,0.077172,-0.02646,0.005295,-0.0723,0.44218,38.437402,True
KVAL007,137,4.8685,RWrist,0.066428,-0.03903,0.002385,-0.0537,1.508789,20.380018,True
KVAL007,138,4.901844,RWrist,0.076617,-0.06825,0.0312,0.01545,1.222276,36.525829,True
KVAL007,139,4.935166,RWrist,0.064011,-0.04992,0.034485,0.0204,1.131261,28.041971,True
KVAL007,140,4.968511,RWrist,0.004765,-0.001905,0.0012,-0.0042,0.822112,19.12311,True
KVAL007,141,5.001833,RWrist,0.018323,-0.00468,0.016965,-0.0051,0.24049,11.432528,True
KVAL007,142,5.035166,RWrist,0.018323,-0.00468,0.016965,-0.0051,0.274841,6.050523,True
KVAL007,143,5.0685,RWrist,0.0,0.0,0.0,0.0,0.176778,10.637502,True
KVAL007,144,5.101844,RWrist,0.012489,-0.007605,0.00591,-0.00795,0.472182,11.031198,True
KVAL007,145,5.135177,RWrist,0.031479,-0.01344,0.01599,-0.02355,0.640307,15.972333,True
KVAL007,146,5.168522,RWrist,0.050963,0.00486,0.030945,-0.0402,0.867496,24.086923,True
KVAL007,147,5.201833,RWrist,0.060265,0.02061,-0.020475,-0.0528,1.100398,19.516674,True
KVAL007,148,5.235177,RWrist,0.051035,0.00984,-0.04128,-0.02835,0.53265,23.314966,True
KVAL007,149,5.2685,RWrist,0.051252,-0.014115,-0.01866,-0.0456,0.568639,14.011139,True
KVAL007,150,5.301833,RWrist,0.051372,-0.015435,-0.018675,-0.0453,0.720737,13.40579,True
KVAL007,151,5.335166,RWrist,0.003437,6e-05,-0.00192,-0.00285,0.484366,13.698721,True
KVAL007,152,5.368511,RWrist,0.019337,-0.003525,-0.007995,-0.01725,0.194473,6.520466,True
KVAL007,153,5.401833,RWrist,0.016132,-0.00297,-0.00468,-0.01515,0.780955,12.371118,True
KVAL007,154,5.435166,RWrist,0.034342,-0.010995,0.01185,0.0303,0.652766,23.903684,True
KVAL007,155,5.4685,RWrist,0.030156,-0.015195,0.011745,0.02325,0.827954,21.452708,True
KVAL007,156,5.501844,RWrist,0.024376,-0.001485,0.005505,-0.0237,0.779363,25.605244,True
KVAL007,157,5.535166,RWrist,0.023516,0.00264,-0.003525,-0.0231,0.89005,25.191755,True
KVAL007,158,5.568511,RWrist,0.042186,-0.013995,0.02508,0.0309,0.903331,26.917231,True
KVAL007,159,5.601844,RWrist,0.038717,-0.01464,0.020715,0.02925,0.929507,23.488817,True
KVAL007,160,5.635188,RWrist,0.020233,0.001635,-0.01278,-0.0156,0.664989,18.42354,True
KVAL007,161,5.6685,RWrist,0.006639,0.000345,-0.00063,-0.0066,0.302197,1.293625,True
KVAL007,162,5.701833,RWrist,0.000136,1.5e-05,-0.000135,0.0,0.618381,14.999787,True
KVAL007,163,5.735166,RWrist,0.047296,0.01527,-0.016275,-0.0417,0.723023,18.209556,True
KVAL007,164,5.768511,RWrist,0.048247,0.019845,-0.013965,-0.0417,0.778508,18.099173,True
KVAL007,165,5.801844,RWrist,0.051374,0.008325,0.03492,-0.03675,0.673727,30.102957,True
KVAL007,166,5.835188,RWrist,0.046945,-0.001185,0.02565,-0.0393,1.485076,28.722934,True
KVAL007,167,5.868511,RWrist,0.047874,-0.01098,-0.02766,0.0375,1.503163,30.308992,True
KVAL007,168,5.901855,RWrist,0.053781,-0.006285,-0.03534,0.04005,0.545006,34.528868,True
KVAL007,169,5.935177,RWrist,0.013045,-0.000585,-0.011055,0.0069,0.809701,3.747808,True
KVAL007,170,5.968511,RWrist,0.006527,0.000675,0.00468,0.0045,0.312776,14.040425,True
KVAL007,171,6.001844,RWrist,0.00975,0.002355,0.00174,-0.0093,0.132969,6.937493,True
KVAL007,172,6.035177,RWrist,0.008883,-0.002235,-0.00288,0.0081,0.222685,13.055516,True
KVAL007,173,6.0685,RWrist,0.017047,0.011175,-0.010125,-0.00795,0.824143,6.738099,True
KVAL007,174,6.101844,RWrist,0.047975,0.021495,-0.01683,-0.03945,0.26311,28.109813,True
KVAL007,175,6.135177,RWrist,0.003305,0.001125,-0.00081,0.003,1.054008,4.301596,True
KVAL007,176,6.168511,RWrist,0.02299,-0.003765,0.008925,0.02085,0.02573,20.920333,True
KVAL007,177,6.201833,RWrist,0.002674,0.00186,-0.0012,0.0015,0.346207,0.684759,True
KVAL007,178,6.235177,RWrist,0.00059,-1.5e-05,-0.00057,0.00015,0.040108,10.42482,True
KVAL007,179,6.268511,RWrist,0.0,0.0,0.0,0.0,0.377753,5.369851,True
KVAL007,180,6.301855,RWrist,0.024822,0.00285,0.019455,0.01515,0.353715,7.7199,True
KVAL007,181,6.335166,RWrist,0.023581,0.001515,0.018255,0.01485,0.280666,6.919647,True
KVAL007,182,6.368511,RWrist,0.028114,-0.006525,0.007665,0.02625,0.214196,21.398079,True
KVAL007,183,6.401844,RWrist,0.023961,-0.001125,0.006795,0.02295,1.316824,17.858093,True
KVAL007,184,6.435177,RWrist,0.06067,0.00846,-0.033825,-0.04965,1.115329,34.942291,True
KVAL007,185,6.468511,RWrist,0.050478,0.004035,-0.018855,-0.04665,1.024259,28.358576,True
KVAL007,186,6.501855,RWrist,0.010015,-0.000735,0.009765,0.0021,0.775615,17.630727,True
KVAL007,187,6.535177,RWrist,0.00382,0.000105,-0.00297,0.0024,0.212795,9.047448,True
KVAL007,188,6.568511,RWrist,0.004859,0.001185,-0.00429,0.00195,0.18011,8.891767,True
KVAL007,189,6.601833,RWrist,0.01299,-0.001425,0.00342,0.01245,0.401803,5.531629,True
KVAL007,190,6.635177,RWrist,0.024524,0.000885,0.01839,0.0162,0.196931,12.951961,True
KVAL007,191,6.6685,RWrist,0.003662,0.00354,0.00072,0.0006,0.56225,9.764978,True
KVAL007,192,6.701844,RWrist,0.034106,-0.000975,-0.01647,0.02985,0.551014,17.139088,True
KVAL007,193,6.735166,RWrist,0.034009,-0.022365,-0.02337,0.0105,0.820638,23.399349,True
KVAL007,194,6.768511,RWrist,0.032776,-0.018705,-0.015645,-0.0219,1.11583,36.346067,True
KVAL007,195,6.801844,RWrist,0.055389,0.003825,0.040995,0.03705,1.665946,27.210737,True
KVAL007,196,6.835188,RWrist,0.08816,-0.02079,0.019605,0.0834,0.927081,44.51363,True
KVAL007,197,6.8685,RWrist,0.074945,-0.024465,-0.00237,0.0708,1.346494,31.008231,True
KVAL007,198,6.901844,RWrist,0.010101,0.00987,0.00195,0.0009,1.243521,24.143463,True
KVAL007,199,6.935166,RWrist,0.026413,0.023865,0.01032,0.00465,0.328787,25.873126,True
KVAL007,200,6.9685,RWrist,0.027623,0.01497,0.014475,0.01815,0.959245,18.14532,True
KVAL007,201,7.001844,RWrist,0.048345,-6e-05,-0.04785,-0.0069,0.954235,32.009754,True
KVAL007,202,7.035177,RWrist,0.045819,-0.010065,-0.043485,0.01035,1.219271,34.137456,True
KVAL007,203,7.068522,RWrist,0.036003,0.00591,0.03297,-0.0132,1.39333,28.203102,True
KVAL007,204,7.101855,RWrist,0.04796,0.013035,0.040215,-0.02265,0.738502,36.290445,True
KVAL007,205,7.135188,RWrist,0.01863,0.00495,-0.00594,0.01695,1.076541,18.56019,True
KVAL007,206,7.168533,RWrist,0.038311,-0.0171,-0.024915,-0.02355,0.839891,36.954782,True
KVAL007,207,7.201866,RWrist,0.043533,-0.019455,-0.025365,-0.02955,1.907341,57.401337,True
KVAL007,208,7.235166,RWrist,0.105695,0.09087,-0.03237,0.0432,3.156378,26.596547,True
KVAL007,209,7.2685,RWrist,0.185285,0.157605,-0.055455,0.0801,0.771072,79.942476,True
KVAL007,210,7.301844,RWrist,0.126738,0.08319,-0.0222,0.093,2.407531,26.349665,True
KVAL007,211,7.335177,RWrist,0.083063,0.006345,-0.001845,0.0828,1.32454,41.079044,True
KVAL007,212,7.368522,RWrist,0.056783,0.0066,-0.0273,0.04935,0.674764,16.828851,True
KVAL007,213,7.401855,RWrist,0.052407,0.016635,-0.02262,0.04425,0.430431,11.094496,True
KVAL007,214,7.435188,RWrist,0.072973,-0.016305,-0.042945,0.0567,0.753993,18.326499,True
KVAL007,215,7.468533,RWrist,0.062262,-0.01713,-0.054435,0.0249,0.937017,19.831728,True
KVAL007,216,7.501866,RWrist,0.021528,-0.00909,-0.0195,-0.00075,0.798192,13.884814,True
KVAL007,217,7.535177,RWrist,0.015299,-0.01371,-0.006405,0.00225,0.275373,9.523258,True
KVAL007,218,7.568511,RWrist,0.0051,-0.003045,-0.00261,0.00315,0.707419,5.754558,True
KVAL007,219,7.601833,RWrist,0.034127,0.02022,0.01257,-0.02445,0.169427,27.66971,True
KVAL007,220,7.635166,RWrist,0.015993,-0.004845,-0.009585,0.01185,1.142617,8.163006,True
KVAL007,221,7.6685,RWrist,0.042146,-0.02631,-0.018405,0.0273,0.375424,25.617244,True
KVAL007,222,7.701844,RWrist,0.009839,-0.00123,0.00378,-0.009,0.836335,17.388727,True
KVAL007,223,7.735166,RWrist,0.049683,0.01629,0.012825,0.04515,0.798871,28.159124,True
KVAL007,224,7.7685,RWrist,0.043671,-0.00213,-0.009375,0.0426,1.088552,22.139692,True
KVAL007,225,7.801844,RWrist,0.032017,-0.02802,-0.01452,-0.0054,0.678279,22.723477,True
KVAL007,226,7.835188,RWrist,0.004174,-0.003645,-0.000945,-0.0018,0.536993,7.473821,True
KVAL007,227,7.8685,RWrist,0.01285,-0.003315,0.011385,-0.00495,0.371146,11.805538,True
KVAL007,228,7.901833,RWrist,0.025666,-0.0063,0.01962,-0.0153,0.526168,12.034198,True
KVAL007,229,7.935166,RWrist,0.03837,0.00234,0.00192,-0.03825,0.609447,20.378278,True
KVAL007,230,7.968511,RWrist,0.042534,0.001005,-0.010905,-0.0411,0.86794,23.701068,True
KVAL007,231,8.001844,RWrist,0.022134,0.011655,-0.00159,0.01875,1.058647,24.712362,True
KVAL007,232,8.035177,RWrist,0.029606,0.011505,0.007935,0.0261,0.814426,24.654327,True
KVAL007,233,8.0685,RWrist,0.034636,-0.00711,0.01989,-0.02745,0.643255,23.441135,True
KVAL007,234,8.101833,RWrist,0.024601,0.004095,0.01941,-0.01455,0.772688,18.173211,True
KVAL007,235,8.135177,RWrist,0.028234,0.026055,0.00564,0.0093,0.572915,11.355998,True
KVAL007,236,8.168511,RWrist,0.024917,0.01524,0.00507,0.01905,0.296425,18.067672,True
KVAL007,237,8.201833,RWrist,0.037094,0.035805,-0.0096,0.00135,0.732611,12.932285,True
KVAL007,238,8.235177,RWrist,0.040374,0.029865,-0.00102,-0.02715,0.657175,18.991699,True
KVAL007,239,8.268511,RWrist,0.012162,-0.004095,0.00381,-0.0108,0.636803,13.528846,True
KVAL007,240,8.301855,RWrist,0.019862,0.001275,-0.019725,-0.00195,0.479398,18.470167,True
KVAL007,241,8.335166,RWrist,0.025676,-0.009645,-0.023175,0.0054,0.663539,22.22124,True
KVAL007,242,8.3685,RWrist,0.031612,0.008925,0.01731,-0.0249,1.020226,18.191095,True
KVAL007,243,8.401844,RWrist,0.047033,0.01875,0.021315,-0.0375,0.576316,33.476724,True
KVAL007,244,8.435177,RWrist,0.006841,-0.00261,-0.003525,0.00525,1.215499,17.405166,True
KVAL007,245,8.4685,RWrist,0.035367,-0.01794,-0.02403,0.01875,0.628786,27.075828,True
KVAL007,246,8.501844,RWrist,0.03611,0.01515,-0.002265,-0.0327,0.650234,28.864276,True
KVAL007,247,8.535177,RWrist,0.017396,0.016095,-9e-05,0.0066,1.299206,14.872726,True
KVAL007,248,8.568511,RWrist,0.050941,-0.01203,0.000255,0.0495,0.497416,27.980916,True
KVAL007,249,8.601833,RWrist,0.024915,-0.01185,0.01524,0.01575,0.59468,14.076011,True
KVAL007,250,8.635177,RWrist,0.017567,-0.01407,-0.003105,0.01005,0.48465,8.170881,True
KVAL007,251,8.6685,RWrist,0.013598,0.007275,0.00714,-0.009,0.730787,3.437467,True
KVAL007,252,8.701833,RWrist,0.031745,0.018555,0.00363,-0.0255,0.416842,17.958186,True
KVAL007,253,8.735166,RWrist,0.036165,0.01146,-0.00414,-0.03405,0.469888,15.077444,True
KVAL007,254,8.768511,RWrist,0.004153,0.00072,-0.00399,-0.0009,0.598682,9.061767,True
KVAL007,255,8.801844,RWrist,0.007629,0.005595,0.000945,0.0051,0.210931,14.252625,True
KVAL007,256,8.835177,RWrist,0.015225,0.01473,-0.00384,0.0003,0.480756,6.081209,True
KVAL007,257,8.8685,RWrist,0.035563,0.03426,-0.005895,-0.0075,0.329199,17.785538,True
KVAL007,258,8.901844,RWrist,0.025889,0.014715,4.5e-05,-0.0213,0.781021,15.933665,True
KVAL007,259,8.935166,RWrist,0.030257,-0.01347,-0.02658,-0.00525,0.779961,19.24293,True
KVAL007,260,8.968511,RWrist,0.026162,-0.01587,-0.002025,0.0207,0.737021,22.017349,True
KVAL007,261,9.001833,RWrist,0.024603,-0.01104,0.02169,0.0036,0.69025,18.860076,True
KVAL007,262,9.035177,RWrist,0.020472,0.012825,-0.00501,-0.01515,0.702912,16.515581,True
KVAL007,263,9.068511,RWrist,0.029773,0.022695,-0.00762,0.0177,0.468572,16.31165,True
KVAL007,264,9.101844,RWrist,0.020359,0.011955,-0.003735,0.01605,0.418684,10.92728,True
KVAL007,265,9.135166,RWrist,0.002358,0.00222,-0.000795,0.0,0.304203,5.882121,True
KVAL007,266,9.168511,RWrist,0.000128,0.00012,-4.5e-05,0.0,0.035159,4.5455,True
KVAL007,267,9.201844,RWrist,1.5e-05,1.5e-05,0.0,0.0,0.001922,24.213388,True
KVAL007,268,9.235188,RWrist,0.0,0.0,0.0,0.0,1.579235,32.151657,True
KVAL007,269,9.2685,RWrist,0.105296,0.097005,-0.039885,-0.0093,2.14163,164.12078,True
KVAL007,270,9.301844,RWrist,0.142775,0.11031,-0.089565,0.01395,11.965327,176.707336,True
KVAL007,271,9.335177,RWrist,0.873353,0.823815,0.287805,-0.03525,12.304991,376.112119,True
KVAL007,272,9.368511,RWrist,0.877417,0.80961,0.33405,-0.05295,13.131417,396.319436,True
KVAL007,273,9.401844,RWrist,0.006908,-0.00066,-0.003615,0.00585,14.122678,187.906929,True
KVAL007,274,9.435177,RWrist,0.1294,-0.008895,-0.128925,-0.0066,2.788581,228.210649,True
KVAL007,275,9.468522,RWrist,0.186362,-0.010695,-0.165555,-0.0849,1.976278,60.386762,True
KVAL007,276,9.501855,RWrist,0.12737,0.02028,-0.056175,-0.1125,1.268979,55.558337,True
KVAL007,277,9.535188,RWrist,0.107934,0.01329,-0.100935,-0.03585,1.980828,56.502287,True
KVAL007,278,9.568533,RWrist,0.082448,0.05178,-0.062235,0.0156,4.660217,161.196502,True
KVAL007,279,9.601866,RWrist,0.212807,0.01602,0.209715,-0.0324,9.28054,264.402729,True
KVAL007,280,9.635177,RWrist,0.551681,-0.449235,0.12828,-0.2934,15.100482,198.772983,False
KVAL007,281,9.668511,RWrist,0.937924,-0.808155,-0.214785,-0.4248,5.324741,618.70626,True
KVAL007,282,9.701833,RWrist,0.457097,-0.390045,-0.18888,-0.14535,28.42334,285.099151,True
KVAL007,283,9.735177,RWrist,1.226017,0.121305,-0.055245,1.21875,20.790217,624.230941,True
KVAL007,284,9.7685,RWrist,1.169089,0.10563,-0.188175,1.149,14.575084,477.785578,True
KVAL007,285,9.801844,RWrist,0.45311,0.11493,-0.33117,0.2871,11.502392,179.613705,True
KVAL007,286,9.835166,RWrist,0.429102,0.08955,-0.172635,0.3825,6.659744,111.705395,True
KVAL007,287,9.868511,RWrist,0.10821,0.06219,-0.062685,-0.06255,4.776909,172.602873,True
KVAL007,288,9.901833,RWrist,0.196396,0.16215,-0.05811,0.09435,6.731293,106.228596,True
KVAL007,289,9.935166,RWrist,0.405844,0.22875,0.11007,0.31665,4.473641,136.923774,True
KVAL007,290,9.9685,RWrist,0.393006,0.232125,0.17817,0.26235,2.584309,151.063151,True
KVAL007,291,10.001833,RWrist,0.240432,0.10617,0.085275,0.19815,5.756746,41.851119,True
KVAL007,292,10.035166,RWrist,0.083714,0.076005,-0.027885,-0.0213,4.418796,88.344209,True
KVAL007,293,10.0685,RWrist,0.088171,0.045315,-0.05106,-0.0558,1.254838,125.412523,True
KVAL007,294,10.101844,RWrist,8.1e-05,7.5e-05,3e-05,0.0,4.325788,70.096097,True
KVAL007,295,10.135177,RWrist,0.259046,0.18438,0.167745,0.0705,3.979908,91.853156,True
KVAL007,296,10.168511,RWrist,0.265401,0.206415,0.14037,0.09015,2.008611,86.363687,True
KVAL007,297,10.201855,RWrist,0.145034,0.1002,0.064335,0.0828,1.809064,72.854225,True
KVAL007,298,10.235166,RWrist,0.150254,0.09816,0.09711,0.05925,3.798074,57.818453,True
KVAL007,299,10.2685,RWrist,0.305274,-0.026115,0.28131,0.11565,3.603311,117.340425,True
KVAL007,300,10.301844,RWrist,0.318258,-0.027375,0.289785,0.1287,4.108593,134.967324,True
KVAL007,301,10.335177,RWrist,0.079725,0.065115,0.04359,0.0147,5.640268,58.627224,True
KVAL007,302,10.3685,RWrist,0.067837,0.011865,-0.034815,-0.057,4.3391,86.112828,True
KVAL007,303,10.401844,RWrist,0.223767,-0.08544,-0.13098,-0.16005,5.228659,75.121208,True
KVAL007,304,10.435166,RWrist,0.392619,-0.21609,-0.094785,-0.3138,4.535636,111.367846,True
KVAL007,305,10.468511,RWrist,0.437275,-0.254415,0.027225,-0.3546,2.780301,98.916366,True
KVAL007,306,10.501833,RWrist,0.293972,-0.111285,0.05085,-0.2673,3.931793,117.330082,True
KVAL007,307,10.535177,RWrist,0.532112,-0.41715,-0.166275,-0.28545,5.408008,164.675922,True
KVAL007,308,10.568511,RWrist,0.441347,-0.38091,-0.16041,-0.1548,8.220131,171.27934,True
KVAL007,309,10.601844,RWrist,0.018556,0.01842,0.00078,0.0021,6.791528,125.226854,True
KVAL007,310,10.635177,RWrist,0.012946,0.012795,-0.00081,0.0018,0.148228,103.284319,True
KVAL007,311,10.668511,RWrist,0.008755,0.00864,-0.00042,0.00135,0.107787,1.877523,True
KVAL007,312,10.701833,RWrist,0.005772,0.00567,-0.000255,0.00105,0.023561,0.757723,True
KVAL007,313,10.735177,RWrist,0.007188,0.00708,-0.000315,0.0012,0.057858,1.15265,True
KVAL007,314,10.768511,RWrist,0.001916,0.00189,-9e-05,0.0003,0.100336,1.60331,True
KVAL007,315,10.801844,RWrist,0.000504,0.00048,-3e-05,0.00015,0.049507,58.075484,True
KVAL007,316,10.835177,RWrist,0.005201,0.005145,-0.000615,0.00045,3.907736,114.044891,True
KVAL007,317,10.868511,RWrist,0.260399,-0.13326,-0.00987,0.2235,7.581372,315.818736,True
KVAL007,318,10.901833,RWrist,0.502969,-0.20352,-0.045975,-0.45765,17.483662,145.62199,True
KVAL007,319,10.935177,RWrist,0.939344,-0.033825,-0.06327,-0.9366,8.525867,332.224658,True
KVAL007,320,10.9685,RWrist,0.86009,0.226125,-0.02829,-0.82935,4.880055,317.799441,True
KVAL007,321,11.001844,RWrist,0.627,0.02817,0.01212,-0.62625,13.066387,76.445516,True
KVAL007,322,11.035166,RWrist,0.175351,-0.166575,0.01404,-0.05295,9.402636,206.137675,True
KVAL007,323,11.068511,RWrist,0.000257,0.000105,0.00018,-0.00015,2.630482,145.831314,True
KVAL007,324,11.101833,RWrist,1.5e-05,1.5e-05,0.0,0.0,1.397786,22.935095,True
KVAL007,325,11.135177,RWrist,0.093255,0.089025,-0.02532,-0.0114,1.386139,42.261858,True
KVAL007,326,11.1685,RWrist,0.092424,0.08814,-0.0255,-0.0111,1.419729,49.489078,True
KVAL007,327,11.201844,RWrist,0.001738,-0.001635,-0.00057,-0.00015,1.917242,10.326993,True
KVAL007,328,11.235166,RWrist,0.037056,-0.035745,-0.001815,0.0096,1.132741,29.576346,True
KVAL007,329,11.2685,RWrist,0.076917,-0.06768,-0.00537,0.03615,0.175734,23.761106,True
KVAL007,330,11.301844,RWrist,0.03858,-0.033225,-0.011265,0.01605,0.47194,5.906017,True
KVAL007,331,11.335177,RWrist,0.048498,-0.037035,-0.00897,0.03,0.384614,5.934637,True
KVAL007,332,11.3685,RWrist,0.053785,-0.03636,-0.00162,0.0396,0.759976,17.327032,True
KVAL007,333,11.401833,RWrist,0.006717,0.00426,-0.005115,0.0009,0.841231,19.335734,True
KVAL007,334,11.435177,RWrist,0.006696,0.00438,-0.00492,0.0012,0.593291,20.998002,True
KVAL007,335,11.468511,RWrist,0.038766,-0.009825,3e-05,0.0375,0.592158,17.60059,True
KVAL007,336,11.501833,RWrist,0.038969,-0.01005,-0.00027,0.03765,0.581861,16.10578,True
KVAL007,337,11.535166,RWrist,0.002349,0.00153,-0.001725,0.00045,0.588784,13.497637,True
KVAL007,338,11.5685,RWrist,0.037486,0.001185,-0.03261,0.01845,0.502555,11.528797,True
KVAL007,339,11.601833,RWrist,0.035328,0.002565,-0.03174,0.0153,0.464758,12.05007,True
KVAL007,340,11.635166,RWrist,0.043188,0.030255,-0.022275,0.0213,0.604788,10.549536,True
KVAL007,341,11.6685,RWrist,0.053554,0.04263,-0.03051,0.01095,0.635985,16.415663,True
KVAL007,342,11.701844,RWrist,0.036736,0.03435,0.002655,-0.01275,0.823243,11.794627,True
KVAL007,343,11.735177,RWrist,0.036948,0.03012,0.01782,-0.01185,0.656126,18.438387,True
KVAL007,344,11.7685,RWrist,0.080006,0.07749,0.00669,-0.01875,0.808477,23.598455,True
KVAL007,345,11.801833,RWrist,0.087925,0.0837,0.021165,-0.01665,0.936504,41.762466,True
KVAL007,346,11.835166,RWrist,0.028748,0.017235,0.020625,-0.0102,2.094804,28.167635,True
KVAL007,347,11.868511,RWrist,0.096813,-0.027495,0.08367,0.0402,2.290117,44.519812,True
KVAL007,348,11.901844,RWrist,0.146187,-0.048495,0.07179,0.11775,1.019584,91.641376,True
KVAL007,349,11.935177,RWrist,0.067582,0.02028,0.03699,0.0528,4.004219,27.714563,True
KVAL007,350,11.9685,RWrist,0.180119,0.09342,0.11307,-0.10455,1.475056,92.773528,True
KVAL007,351,12.001833,RWrist,0.055578,0.02352,0.023475,-0.04455,2.389255,21.577072,True
KVAL007,352,12.035166,RWrist,0.028052,0.02514,0.012315,-0.0018,0.514454,49.802988,True
KVAL007,353,12.068511,RWrist,0.085967,0.04713,0.045885,-0.05535,0.96797,9.586659,True
KVAL007,354,12.101844,RWrist,0.090443,0.069675,0.048105,-0.0318,0.75786,36.606985,True
KVAL007,355,12.135177,RWrist,0.108378,0.07236,0.07689,-0.02445,1.782011,25.14279,True
KVAL007,356,12.168511,RWrist,0.104151,-0.01341,0.09588,0.0384,1.449933,80.823512,True
KVAL007,357,12.201844,RWrist,0.081765,-0.00612,0.075015,0.03195,3.858434,73.002483,True
KVAL007,358,12.235166,RWrist,0.226947,0.058155,0.071325,-0.20745,3.687348,98.257482,True
KVAL007,359,12.2685,RWrist,0.22556,0.047715,0.073335,-0.2079,3.544759,87.242086,True
KVAL007,360,12.301833,RWrist,0.176909,-0.13245,-0.03156,-0.11295,3.656744,94.733029,True
KVAL007,361,12.335177,RWrist,0.245892,-0.13998,-0.080595,-0.1854,4.661877,64.171266,True
KVAL007,362,12.3685,RWrist,0.457344,-0.16572,-0.12093,-0.40875,2.020353,106.919054,True
KVAL007,363,12.401844,RWrist,0.361156,-0.151005,-0.074505,-0.3195,3.025733,41.827997,True
KVAL007,364,12.435166,RWrist,0.322742,-0.06504,0.026595,-0.315,1.928509,87.520202,True
KVAL007,365,12.468511,RWrist,0.331156,-0.073755,0.028245,-0.3216,5.770388,98.712611,True
KVAL007,366,12.501833,RWrist,0.124412,-0.08682,-0.06837,0.05715,5.906145,109.413898,True
KVAL007,367,12.535177,RWrist,0.117028,-0.07701,-0.063255,0.06135,3.197771,108.005426,True
KVAL007,368,12.568511,RWrist,0.137843,0.121635,-0.063585,0.01275,3.033637,82.948828,True
KVAL007,369,12.601844,RWrist,0.14024,0.119985,-0.07077,0.0162,2.456938,86.897196,True
KVAL007,370,12.635188,RWrist,0.039715,-0.029475,-0.001905,0.02655,2.801869,45.880902,True
KVAL007,371,12.668522,RWrist,0.074581,-0.059145,-0.023055,0.03915,1.089745,58.334294,True
KVAL007,372,12.701855,RWrist,0.068801,-0.026355,-0.061935,-0.01425,1.269301,31.45548,True
KVAL007,373,12.7352,RWrist,0.043665,-0.000675,-0.038835,-0.01995,1.061004,2.592942,True
KVAL007,374,12.768533,RWrist,0.008615,-0.00438,0.001785,0.0072,1.435847,38.885204,True
KVAL007,375,12.801844,RWrist,0.122022,0.0678,-0.055995,-0.0846,1.938633,52.044646,True
KVAL007,376,12.835177,RWrist,0.120976,0.06651,-0.05595,-0.08415,2.076036,65.007442,True
KVAL007,377,12.868522,RWrist,0.017252,-0.013155,0.0084,0.00735,2.399533,20.143345,True
KVAL007,378,12.901855,RWrist,0.04093,-0.03288,0.01158,0.02145,2.058948,30.084946,True
KVAL007,379,12.935188,RWrist,0.148042,-0.03612,0.01977,0.1422,1.779445,45.990956,True
KVAL007,380,12.968533,RWrist,0.13957,-0.008535,0.029265,0.1362,1.380157,35.121611,True
KVAL007,381,13.001866,RWrist,0.115614,0.04545,0.03192,0.1014,0.872537,33.566646,True
KVAL007,382,13.035166,RWrist,0.10599,0.033885,0.01398,0.09945,1.68019,21.05551,True
KVAL007,383,13.068511,RWrist,0.009405,-0.00375,-0.00426,0.0075,1.526215,25.389809,True
KVAL007,384,13.101844,RWrist,0.005503,0.004425,0.001605,0.00285,0.153062,37.538034,True
KVAL007,385,13.135177,RWrist,0.00413,0.00336,0.00084,0.00225,1.120587,19.857097,True
KVAL007,386,13.1685,RWrist,0.076952,-0.01401,0.038055,0.0654,1.249663,32.729494,True
KVAL007,387,13.201844,RWrist,0.084811,-0.0189,0.03414,0.0753,1.061985,56.086179,True
KVAL007,388,13.235177,RWrist,0.0101,0.006135,0.00549,0.00585,2.511865,10.163217,True
KVAL007,389,13.268522,RWrist,0.087592,0.029385,-0.06522,-0.05055,1.461905,57.83474,True
KVAL007,390,13.301833,RWrist,0.090846,0.020415,-0.07182,-0.05175,1.372958,42.575652,True
KVAL007,391,13.335177,RWrist,0.025768,-0.018315,-0.015375,0.0096,1.430142,29.762152,True
KVAL007,392,13.368511,RWrist,0.031535,-0.02085,-0.018045,0.0153,0.816786,30.968225,True
KVAL007,393,13.401855,RWrist,0.032524,0.029145,-0.00309,-0.0141,0.867292,14.265296,True
KVAL007,394,13.435166,RWrist,0.030111,0.024285,-0.002985,-0.01755,0.464628,12.840067,True
KVAL007,395,13.4685,RWrist,0.037366,0.016095,0.022905,-0.02475,0.394655,13.537816,True
KVAL007,396,13.501833,RWrist,0.038001,0.021345,0.022845,-0.0216,0.579205,12.516477,True
KVAL007,397,13.535177,RWrist,0.003883,-0.003825,0.0003,-0.0006,0.550195,10.702681,True
KVAL007,398,13.5685,RWrist,0.007099,-0.00414,0.002025,-0.0054,0.150859,21.847252,True
KVAL007,399,13.601844,RWrist,0.01019,-0.000585,0.00234,-0.0099,1.294431,30.159741,True
KVAL007,400,13.635166,RWrist,0.092702,-0.05985,0.05526,-0.04425,2.079023,29.65448,True
KVAL007,401,13.668511,RWrist,0.146135,-0.072525,0.09177,-0.0876,0.776889,65.05943,True
KVAL007,402,13.701844,RWrist,0.059517,-0.01017,0.04077,-0.04215,2.26013,14.343449,True
KVAL007,403,13.735177,RWrist,0.008113,0.007695,0.001245,0.00225,0.783653,38.32261,True
KVAL007,404,13.768511,RWrist,0.025267,-0.003555,0.024045,0.0069,0.767769,10.81849,True
KVAL007,405,13.801844,RWrist,0.050688,-0.01464,0.033975,0.03465,0.73891,12.362513,True
KVAL007,406,13.835177,RWrist,0.063675,-0.03738,0.02946,0.0423,0.254096,22.964332,True
KVAL007,407,13.868511,RWrist,0.050237,-0.027375,0.02283,0.0354,0.838758,12.966869,True
KVAL007,408,13.901833,RWrist,0.016936,0.003045,0.00057,0.01665,0.63672,27.908494,True
KVAL007,409,13.935177,RWrist,0.052824,-0.00495,0.050985,0.0129,1.738368,55.436469,True
KVAL007,410,13.968511,RWrist,0.100955,-0.01473,0.04797,-0.0876,3.911155,22.718472,True
KVAL007,411,14.001844,RWrist,0.242746,0.004695,0.00036,-0.2427,0.851864,147.723839,True
KVAL007,412,14.035188,RWrist,0.136769,0.02262,0.038415,-0.1293,5.955866,79.90682,True
KVAL007,413,14.068522,RWrist,0.175985,0.03399,0.100515,0.1404,4.84431,93.629354,True
KVAL007,414,14.101855,RWrist,0.226928,0.12312,0.074415,0.1755,1.761491,29.486871,True
KVAL007,415,14.1352,RWrist,0.208256,0.142275,0.055095,0.14175,6.264288,137.933008,True
KVAL007,416,14.168533,RWrist,0.618018,0.16188,0.078135,0.5913,9.077626,168.995299,True
KVAL007,417,14.201844,RWrist,0.749101,0.115455,-0.037485,0.7392,5.542824,291.890985,True
KVAL007,418,14.235177,RWrist,0.313756,-0.01626,-0.07263,0.3048,10.483989,67.006491,True
KVAL007,419,14.2685,RWrist,0.06935,0.044145,-0.03048,0.04395,4.996971,137.377162,True
KVAL007,420,14.301844,RWrist,0.069294,0.043665,-0.04908,-0.02205,1.750522,85.021991,True
KVAL007,421,14.335166,RWrist,0.099704,-0.004155,-0.089025,-0.0447,0.811263,40.929926,True
KVAL007,422,14.368511,RWrist,0.067075,0.006945,-0.065175,0.01425,1.36072,29.271234,True
KVAL007,423,14.401833,RWrist,0.075757,-0.054165,-0.049185,0.01965,1.291662,32.857036,True
KVAL007,424,14.435177,RWrist,0.075019,0.003705,-0.034905,-0.0663,1.174112,48.342316,True
KVAL007,425,14.468511,RWrist,0.016764,0.006765,-0.01074,-0.01095,2.370418,54.46667,True
KVAL007,426,14.501844,RWrist,0.106727,-0.0951,0.02037,0.04395,2.863876,39.488161,True
KVAL007,427,14.535166,RWrist,0.175704,-0.077115,0.04338,0.1518,2.052263,82.55731,True
KVAL007,428,14.568511,RWrist,0.170445,-0.038715,-0.005475,0.1659,2.667342,69.971565,True
KVAL007,429,14.601844,RWrist,0.028817,0.008115,0.027435,-0.00345,2.892036,41.685161,True
KVAL007,430,14.635177,RWrist,0.027834,0.01014,0.017415,-0.0192,0.801516,57.045026,True
KVAL007,431,14.668511,RWrist,0.027094,-0.013425,-0.02091,-0.0108,1.084634,13.950101,True
KVAL007,432,14.701855,RWrist,0.044879,-0.02418,-0.028185,0.0252,0.812942,32.230504,True
KVAL007,433,14.735177,RWrist,0.063306,-0.036945,-0.03756,0.0351,1.258443,29.097692,True
KVAL007,434,14.768511,RWrist,0.065501,-0.01806,-0.023655,-0.05835,1.138923,23.393301,True
KVAL007,435,14.801833,RWrist,0.046543,-0.00834,-0.02976,-0.0348,0.657941,12.364633,True
KVAL007,436,14.835177,RWrist,0.067335,0.01755,-0.046035,-0.0459,1.93254,24.991947,True
KVAL007,437,14.868511,RWrist,0.154641,0.052635,-0.00408,-0.14535,1.161141,79.086433,True
KVAL007,438,14.901844,RWrist,0.104702,0.007095,0.00357,-0.1044,3.344656,53.672904,True
KVAL007,439,14.935166,RWrist,0.086443,-0.03705,-0.05889,0.0513,2.515067,63.220138,True
KVAL007,440,14.9685,RWrist,0.071758,-0.0162,-0.043275,0.0549,1.109587,53.14065,True
KVAL007,441,15.001833,RWrist,0.022978,-0.00381,0.00066,0.02265,1.200285,6.241664,True
KVAL007,442,15.035166,RWrist,0.022357,0.000495,0.020325,0.0093,0.72673,35.363428,True
KVAL007,443,15.068511,RWrist,0.040115,0.013575,0.03759,-0.00345,2.005725,37.286454,True
KVAL007,444,15.101844,RWrist,0.114567,0.00261,-0.060105,-0.0975,2.410409,54.636249,True
KVAL007,445,15.135166,RWrist,0.147924,0.01203,-0.04815,-0.13935,1.681505,69.140058,True
KVAL007,446,15.168511,RWrist,0.045094,0.017655,0.02835,-0.0303,2.234391,28.525144,True
KVAL007,447,15.201833,RWrist,0.001121,-0.000495,0.00045,0.0009,0.676452,33.748766,True
KVAL007,448,15.235177,RWrist,3.4e-05,-3e-05,1.5e-05,0.0,0.016723,10.147309,True
KVAL007,449,15.2685,RWrist,1.5e-05,-1.5e-05,0.0,0.0,0.000503,0.249408,True
KVAL007,450,15.301844,RWrist,0.0,0.0,0.0,0.0,0.000225,0.007547,True
KVAL007,451,15.335166,RWrist,0.0,0.0,0.0,0.0,0.0,19.70836,True
KVAL007,452,15.3685,RWrist,0.0,0.0,0.0,0.0,1.313675,21.236096,True
KVAL007,453,15.401844,RWrist,0.087578,-0.08388,0.01761,0.018,1.41574,86.50544,True
KVAL007,454,15.435177,RWrist,0.094383,-0.090915,0.01962,0.01605,5.032416,80.839379,True
KVAL007,455,15.4685,RWrist,0.304363,0.00981,0.009705,-0.30405,4.603324,154.331049,True
KVAL007,456,15.501844,RWrist,0.277652,3e-05,0.01827,-0.27705,5.293676,137.196025,True
KVAL007,457,15.535177,RWrist,0.058876,-0.03642,-0.009375,0.0453,4.625824,78.407078,True
KVAL007,458,15.568511,RWrist,0.034278,-0.01476,-0.00813,0.02985,1.108862,66.983737,True
KVAL007,459,15.601833,RWrist,0.095515,-0.037665,0.062775,0.06135,1.035807,31.151274,True
KVAL007,460,15.635177,RWrist,0.084422,-0.042825,0.050985,0.0519,1.533765,33.550842,True
KVAL007,461,15.6685,RWrist,0.159302,-0.035475,0.01968,0.15405,1.71526,62.244746,True
KVAL007,462,15.701844,RWrist,0.149096,-0.037875,-0.01782,0.1431,2.906028,59.769399,True
KVAL007,463,15.735177,RWrist,0.057261,-0.02487,-0.042585,-0.0291,2.43969,53.36112,True
KVAL007,464,15.768522,RWrist,0.02931,-0.02232,-0.0051,-0.0183,0.857912,40.530356,True
KVAL007,465,15.801844,RWrist,0.000181,-0.00018,1.5e-05,0.0,0.440456,12.835915,True
KVAL007,466,15.835177,RWrist,0.000164,-6e-05,3e-05,0.00015,0.003035,53.081095,True
KVAL007,467,15.868511,RWrist,0.000159,-4.5e-05,3e-05,0.00015,3.558435,59.301584,True
KVAL007,468,15.901844,RWrist,0.237368,-0.107415,-0.08547,0.19365,3.954127,99.029589,True
KVAL007,469,15.935166,RWrist,0.263741,-0.13413,-0.086055,0.21015,3.051995,154.582645,True
KVAL007,470,15.968511,RWrist,0.040602,-0.029805,0.00258,0.02745,6.432403,22.592257,True
KVAL007,471,16.001833,RWrist,0.186292,-0.01647,0.08283,-0.16605,2.337343,184.19125,True
KVAL007,472,16.035166,RWrist,0.142394,-0.04491,0.09066,-0.1002,6.377429,96.362126,True
KVAL007,473,16.068511,RWrist,0.279739,0.00396,0.108405,0.25785,4.397365,156.224989,True
KVAL007,474,16.101844,RWrist,0.209234,0.034905,0.097515,0.1818,4.183011,109.809815,True
KVAL007,475,16.135166,RWrist,0.001124,-0.00066,0.000135,0.0009,3.122316,95.922861,True
KVAL007,476,16.1685,RWrist,0.001606,-0.000975,0.000435,0.0012,2.248799,177.185073,True
KVAL007,477,16.201833,RWrist,0.150767,0.013095,0.02781,0.1476,9.079125,55.723497,True
KVAL007,478,16.235177,RWrist,0.606332,0.05772,-0.053535,0.6012,5.727319,247.145625,True
KVAL007,479,16.2685,RWrist,0.525415,0.044115,-0.04038,0.522,7.40537,216.58518,True
KVAL007,480,16.301833,RWrist,0.117939,0.01218,0.021345,0.11535,8.714569,83.066133,True
KVAL007,481,16.335177,RWrist,0.065354,-0.00099,0.040095,-0.0516,2.06997,164.047957,True
KVAL007,482,16.368511,RWrist,0.077671,-0.045225,0.063075,-0.003,2.326144,52.030004,True
KVAL007,483,16.401844,RWrist,0.10637,-0.04083,0.017775,0.0966,2.357556,62.451474,True
KVAL007,484,16.435177,RWrist,0.088151,0.017295,-0.07596,-0.04125,2.108671,58.598119,True
KVAL007,485,16.468522,RWrist,0.058682,-0.00126,-0.05643,-0.01605,1.560529,43.618888,True
KVAL007,486,16.501855,RWrist,0.022688,-0.0186,0.01296,-0.0009,2.181313,29.255202,True
KVAL007,487,16.535188,RWrist,0.120252,0.003135,0.05853,-0.105,1.550036,61.357541,True
KVAL007,488,16.568533,RWrist,0.112122,-0.005535,0.07947,-0.0789,1.948261,51.727164,True
KVAL007,489,16.601866,RWrist,0.026739,-0.01662,-0.02058,-0.0039,1.898837,33.513251,True
KVAL007,490,16.635166,RWrist,0.029969,-0.02532,-0.002055,0.0159,0.727058,34.426327,True
KVAL007,491,16.668511,RWrist,0.030142,-0.010395,0.022875,0.01665,0.496475,17.145783,True
KVAL007,492,16.701844,RWrist,0.008147,-0.00153,0.00546,-0.00585,0.458514,8.351355,True
KVAL007,493,16.735177,RWrist,0.003109,-0.00018,0.00153,-0.0027,0.127522,6.090981,True
KVAL007,494,16.7685,RWrist,0.008547,-0.004395,-0.002475,-0.0069,0.115665,27.442948,True
KVAL007,495,16.801844,RWrist,0.00913,-0.00477,-0.002565,-0.00735,1.724236,26.260382,True
KVAL007,496,16.835166,RWrist,0.115297,0.026235,0.09393,-0.0615,1.709488,51.965138,True
KVAL007,497,16.8685,RWrist,0.114311,0.02586,0.09351,-0.06045,1.742443,51.322145,True
KVAL007,498,16.901833,RWrist,0.001082,-0.00078,-0.00045,0.0006,1.71472,26.332288,True
KVAL007,499,16.935177,RWrist,1.5e-05,-1.5e-05,0.0,0.0,0.016231,25.721559,True
KVAL007,500,16.9685,RWrist,0.0,0.0,0.0,0.0,0.000225,0.243468,True
KVAL007,501,17.001844,RWrist,0.0,0.0,0.0,0.0,0.0,0.003375,True
KVAL007,502,17.035166,RWrist,0.0,0.0,0.0,0.0,0.0,6.776288,True
KVAL007,503,17.068511,RWrist,0.0,0.0,0.0,0.0,0.451753,6.955086,True
KVAL007,504,17.101833,RWrist,0.030117,-0.018465,-0.02226,0.0084,0.463672,13.328326,True
KVAL007,505,17.135166,RWrist,0.030911,-0.019215,-0.02271,0.0084,0.436826,13.863848,True
KVAL007,506,17.1685,RWrist,0.001084,-0.000945,-0.00051,0.00015,0.460587,6.41023,True
KVAL007,507,17.201844,RWrist,0.000253,-0.000195,-6e-05,0.00015,0.010896,10.573522,True
KVAL007,508,17.235166,RWrist,0.000529,-0.000435,-1.5e-05,0.0003,0.479517,7.342049,True
KVAL007,509,17.2685,RWrist,0.031854,0.01737,-0.024285,-0.0111,0.487157,14.412193,True
KVAL007,510,17.301833,RWrist,0.032141,0.0174,-0.02436,-0.0117,0.481335,14.585454,True
KVAL007,511,17.335166,RWrist,0.000645,-0.00057,3e-05,-0.0003,0.48522,3.866862,True
KVAL007,512,17.3685,RWrist,0.00027,-0.000255,9e-05,0.0,0.393192,4.134546,True
KVAL007,513,17.401844,RWrist,0.026616,-0.01479,0.0213,-0.006,0.458769,10.28411,True
KVAL007,514,17.435177,RWrist,0.03081,-0.019035,0.02331,-0.0066,0.315098,12.926406,True
KVAL007,515,17.468511,RWrist,0.013574,-0.010245,0.00099,-0.00885,0.415009,5.211622,True
KVAL007,516,17.501833,RWrist,0.010197,-0.00591,-0.00099,-0.00825,0.199807,6.330928,True
KVAL007,517,17.535177,RWrist,0.00035,-0.000345,-6e-05,0.0,0.149922,24.76627,True
KVAL007,518,17.5685,RWrist,0.00035,-0.000345,-6e-05,0.0,1.633035,24.040007,True
KVAL007,519,17.601833,RWrist,0.10892,-0.032715,0.094755,0.0426,1.631087,50.011983,True
KVAL007,520,17.635166,RWrist,0.108792,-0.033195,0.094575,0.0423,1.704852,54.472701,True
KVAL007,521,17.668511,RWrist,0.011788,-0.005415,-0.00906,0.00525,2.009132,23.254715,True
KVAL007,522,17.701844,RWrist,0.030405,-0.00801,-0.021075,-0.0204,0.482659,31.319876,True
KVAL007,523,17.735188,RWrist,0.029376,-0.001845,-0.012435,-0.02655,0.282462,11.063862,True
KVAL007,524,17.7685,RWrist,0.024699,0.009225,-0.013785,-0.0183,0.2998,8.022122,True
KVAL007,525,17.801844,RWrist,0.01651,0.00918,-0.00918,-0.0102,0.478939,7.570165,True
KVAL007,526,17.835177,RWrist,0.008201,0.001455,0.004425,0.00675,0.206566,14.701649,True
KVAL007,527,17.868522,RWrist,0.022933,-0.00021,-0.01104,-0.0201,0.508487,7.120358,True
KVAL007,528,17.901833,RWrist,0.025879,0.001545,-0.015045,-0.021,0.292909,13.381892,True
KVAL007,529,17.935166,RWrist,0.004862,0.002415,-0.00357,-0.00225,0.383974,3.791578,True
KVAL007,530,17.968511,RWrist,0.000808,0.00039,0.000375,-0.0006,0.072931,6.206285,True
KVAL007,531,18.001844,RWrist,0.0,0.0,0.0,0.0,0.032407,1.482778,True
KVAL007,532,18.035166,RWrist,0.002582,-0.00018,-0.00036,-0.00255,0.038678,1.046713,True
KVAL007,533,18.068511,RWrist,0.002579,-0.000165,-0.000345,-0.00255,0.03764,1.124194,True
KVAL007,534,18.101833,RWrist,0.000364,0.000105,0.000315,-0.00015,0.03697,0.608718,True
KVAL007,535,18.135177,RWrist,0.000695,0.00018,0.0006,-0.0003,0.00992,1.163156,True
KVAL007,0,0.301866,LShoulder,1.492767,1.42485,-0.12306,0.4278,22.013608,11.729084,True
KVAL007,1,0.3352,LShoulder,0.759654,0.718305,-0.073755,0.23595,22.201389,160.086479,True
KVAL007,2,0.368511,LShoulder,0.025742,0.00576,-0.0114,0.02235,11.381556,330.45066,True
KVAL007,3,0.401844,LShoulder,0.005006,6e-05,0.003315,0.00375,0.361646,170.531721,True
KVAL007,4,0.435177,LShoulder,0.004259,0.00018,0.00249,0.00345,0.075083,5.209938,True
KVAL007,5,0.468522,LShoulder,0.0,0.0,0.0,0.0,0.063878,1.126244,True
KVAL007,6,0.501844,LShoulder,0.0,0.0,0.0,0.0,0.0,0.958167,True
KVAL007,7,0.535177,LShoulder,0.0,0.0,0.0,0.0,0.0,0.0,True
KVAL007,8,0.568511,LShoulder,0.0,0.0,0.0,0.0,0.0,0.0,True
KVAL007,9,0.601855,LShoulder,0.0,0.0,0.0,0.0,0.0,0.0,True
KVAL007,10,0.635166,LShoulder,0.0,0.0,0.0,0.0,0.0,0.0,True
KVAL007,11,0.6685,LShoulder,0.0,0.0,0.0,0.0,0.0,0.0,True
KVAL007,12,0.701844,LShoulder,0.0,0.0,0.0,0.0,0.0,0.0,True
KVAL007,13,0.735177,LShoulder,0.0,0.0,0.0,0.0,0.0,0.0,True
KVAL007,14,0.768511,LShoulder,0.0,0.0,0.0,0.0,0.0,0.0,True
KVAL007,15,0.801855,LShoulder,0.0,0.0,0.0,0.0,0.0,4.33914,True
KVAL007,16,0.835166,LShoulder,0.0,0.0,0.0,0.0,0.289276,4.364283,True
KVAL007,17,0.8685,LShoulder,0.019285,-0.002835,0.015405,0.01125,0.290952,8.644633,True
KVAL007,18,0.901844,LShoulder,0.019397,-0.002835,0.015435,0.0114,0.287034,8.720019,True
KVAL007,19,0.935177,LShoulder,0.000168,-1.5e-05,7.5e-05,0.00015,0.290383,11.744537,True
KVAL007,20,0.9685,LShoulder,4.7e-05,-1.5e-05,4.5e-05,0.0,0.49852,13.981299,True
KVAL007,21,1.001844,LShoulder,0.033371,-0.00849,0.028335,0.01545,0.686776,18.507646,True
KVAL007,22,1.035177,LShoulder,0.045828,0.00453,0.0456,0.0006,1.21865,15.67084,True
KVAL007,23,1.068511,LShoulder,0.092977,0.023325,0.082425,-0.03615,1.338371,49.468358,True
KVAL007,24,1.101844,LShoulder,0.123592,-0.05121,0.107895,0.0318,2.160524,46.159668,True
KVAL007,25,1.135177,LShoulder,0.104309,-0.06471,0.04176,0.07035,1.800224,50.527756,True
KVAL007,26,1.168522,LShoulder,0.020108,-0.003195,-0.00144,0.0198,1.493409,30.099469,True
KVAL007,27,1.201855,LShoulder,0.020098,0.00633,-0.004845,0.01845,2.15945,16.387317,True
KVAL007,28,1.2352,LShoulder,0.128461,0.094425,-0.026085,-0.0831,2.160827,42.106157,True
KVAL007,29,1.268533,LShoulder,0.134233,0.08805,-0.021555,-0.099,0.691762,45.283582,True
KVAL007,30,1.301844,LShoulder,0.090912,0.07752,-0.02529,-0.0402,0.89538,32.305054,True
KVAL007,31,1.335177,LShoulder,0.083622,0.070485,-0.0036,-0.04485,2.169957,31.905605,True
KVAL007,32,1.3685,LShoulder,0.093772,-0.03255,0.067095,-0.05685,2.176051,36.510441,True
KVAL007,33,1.401833,LShoulder,0.104376,-0.061065,0.054105,-0.0651,0.588961,56.16485,True
KVAL007,34,1.435166,LShoulder,0.101066,0.00087,0.086985,-0.05145,1.609849,48.748995,True
KVAL007,35,1.468511,LShoulder,0.092106,0.04248,0.02835,-0.07665,2.92804,56.19856,True
KVAL007,36,1.501833,LShoulder,0.110018,0.00297,-0.10665,-0.02685,3.282812,60.566564,True
KVAL007,37,1.535177,LShoulder,0.141685,0.01479,-0.10287,0.0963,2.095734,86.028008,True
KVAL007,38,1.568511,LShoulder,0.116784,0.04038,-0.05229,0.0963,2.525869,58.643041,True
KVAL007,39,1.601844,LShoulder,0.03228,0.007065,0.031005,-0.00555,2.787481,34.45901,True
KVAL007,40,1.635166,LShoulder,0.093922,-0.02583,0.090255,-0.00285,0.540016,62.845998,True
KVAL007,41,1.668511,LShoulder,0.051139,-0.02349,0.039375,-0.02265,1.578017,39.066963,True
KVAL007,42,1.701833,LShoulder,0.032462,-0.02694,-0.01395,0.01155,2.485665,25.041013,True
KVAL007,43,1.735177,LShoulder,0.147963,-0.094095,-0.030285,0.1101,1.185566,66.422945,True
KVAL007,44,1.7685,LShoulder,0.109076,-0.08016,-0.029235,0.06795,1.962998,39.496366,True
KVAL007,45,1.801844,LShoulder,0.026738,-0.026445,0.002565,0.003,1.448372,24.252113,True
KVAL007,46,1.835166,LShoulder,0.018812,-0.01758,-0.006405,-0.00195,1.686358,9.812664,True
KVAL007,47,1.868511,LShoulder,0.090782,0.059535,-0.052335,-0.04425,1.222109,46.614955,True
KVAL007,48,1.901833,LShoulder,0.076755,0.02715,-0.023175,-0.06795,1.435433,32.367903,True
KVAL007,49,1.935177,LShoulder,0.011418,-0.00252,-0.00411,0.01035,1.04626,31.950895,True
KVAL007,50,1.9685,LShoulder,0.03919,0.023325,-0.03147,0.0012,0.89374,16.593358,True
KVAL007,51,2.001833,LShoulder,0.054655,-0.0111,-0.037275,-0.0384,0.268187,26.613213,True
KVAL007,52,2.035177,LShoulder,0.03643,0.0063,-0.03582,-0.0021,1.024849,18.760928,True
KVAL007,53,2.068511,LShoulder,0.042494,0.03996,0.00126,-0.0144,1.029759,9.297144,True
KVAL007,54,2.101833,LShoulder,0.051145,0.047265,0.018735,0.00555,0.738792,18.67479,True
KVAL007,55,2.135166,LShoulder,0.073945,0.06927,0.008025,0.0246,0.590304,22.447759,True
KVAL007,56,2.1685,LShoulder,0.075088,0.074145,-0.004905,-0.0108,0.764218,30.665149,True
KVAL007,57,2.201833,LShoulder,0.033651,0.032325,-0.001005,-0.0093,1.559016,9.940688,True
KVAL007,58,2.235166,LShoulder,0.029737,-0.02913,0.00453,-0.0039,0.97059,31.01565,True
KVAL007,59,2.268511,LShoulder,0.033863,-0.03231,-0.004035,-0.0093,0.539118,20.550592,True
KVAL007,60,2.301833,LShoulder,0.0134,0.002715,-0.01209,-0.0051,0.553495,15.399658,True
KVAL007,61,2.335177,LShoulder,0.023022,-0.0111,0.004545,0.01965,0.569549,10.945008,True
KVAL007,62,2.368511,LShoulder,0.027866,-0.016725,0.00747,0.021,0.362486,19.406386,True
KVAL007,63,2.401855,LShoulder,0.006569,0.004695,-0.003345,0.00315,0.883629,10.029385,True
KVAL007,64,2.435177,LShoulder,0.046638,-0.0261,0.01101,-0.03705,0.716858,25.133043,True
KVAL007,65,2.468511,LShoulder,0.043091,-0.0111,0.002685,-0.04155,0.932384,20.567322,True
KVAL007,66,2.501833,LShoulder,0.022861,0.01941,-0.011985,-0.0015,0.761966,18.242513,True
KVAL007,67,2.535166,LShoulder,0.03403,0.008505,0.032505,-0.0054,0.843495,15.833351,True
KVAL007,68,2.5685,LShoulder,0.054351,0.03324,0.03825,0.01965,0.631883,28.717086,True
KVAL007,69,2.601844,LShoulder,0.024195,0.021675,-0.00453,0.00975,1.120282,16.00354,True
KVAL007,70,2.635166,LShoulder,0.020515,-0.01482,-0.01299,-0.0057,0.441617,32.654187,True
KVAL007,71,2.668511,LShoulder,0.027859,0.017865,0.020865,-0.00465,1.177728,8.089754,True
KVAL007,72,2.701844,LShoulder,0.063352,0.01965,0.054975,-0.0246,0.506851,27.740679,True
KVAL007,73,2.735177,LShoulder,0.031817,-0.01386,0.02382,-0.0159,0.801141,10.150894,True
KVAL007,74,2.7685,LShoulder,0.049324,-0.02931,0.03786,-0.01185,0.364635,13.788746,True
KVAL007,75,2.801844,LShoulder,0.047543,-0.01038,0.045945,-0.00645,0.62478,30.432535,True
KVAL007,76,2.835166,LShoulder,0.032269,-0.025545,-0.00291,-0.0195,1.713764,6.241783,True
KVAL007,77,2.868511,LShoulder,0.091753,-0.07857,-0.045465,-0.01335,0.683509,44.235794,True
KVAL007,78,2.901833,LShoulder,0.063852,-0.04521,-0.04338,-0.0123,1.281904,26.371449,True
KVAL007,79,2.935166,LShoulder,0.019092,-0.007605,0.00198,-0.0174,1.212924,19.776015,True
KVAL007,80,2.9685,LShoulder,0.027686,0.02046,-0.00672,0.0174,0.674536,27.912918,True
KVAL007,81,3.001844,LShoulder,0.027215,0.01572,-0.01302,0.018,0.764176,23.232127,True
KVAL007,82,3.035166,LShoulder,0.023391,-0.0174,0.002385,-0.01545,0.878304,4.717512,True
KVAL007,83,3.068511,LShoulder,0.033916,-0.01629,-0.00168,-0.0297,0.984352,10.767537,True
KVAL007,84,3.101844,LShoulder,0.088723,-0.06768,-0.002805,-0.0573,0.801398,34.892414,True
KVAL007,85,3.135177,LShoulder,0.078937,-0.068595,-0.00861,-0.0381,1.354417,29.354138,True
KVAL007,86,3.168522,LShoulder,0.014842,-0.00462,-0.012465,0.0066,1.184052,21.196623,True
KVAL007,87,3.201855,LShoulder,0.0,0.0,0.0,0.0,0.222628,17.760777,True
KVAL007,88,3.235188,LShoulder,0.0,0.0,0.0,0.0,0.0,4.723656,True
KVAL007,89,3.268533,LShoulder,0.0,0.0,0.0,0.0,0.139823,4.224066,True
KVAL007,90,3.301866,LShoulder,0.009322,-0.007965,-0.003915,-0.00285,0.281604,1.888282,True
KVAL007,91,3.335166,LShoulder,0.018774,-0.01527,-0.00981,-0.0048,0.039243,8.1697,True
KVAL007,92,3.368511,LShoulder,0.010818,-0.008145,-0.006525,-0.00285,0.263124,2.853833,True
KVAL007,93,3.401844,LShoulder,0.001383,-0.00084,-0.00063,-0.0009,0.162277,24.597214,True
KVAL007,94,3.435177,LShoulder,0.0,0.0,0.0,0.0,1.478297,25.92732,True
KVAL007,95,3.468511,LShoulder,0.099726,-0.045075,0.001155,-0.08895,1.612111,56.697994,True
KVAL007,96,3.501855,LShoulder,0.107474,-0.049155,-0.02139,-0.09315,2.374019,59.629995,True
KVAL007,97,3.535177,LShoulder,0.077167,0.052215,-0.05136,0.0243,2.417447,51.598928,True
KVAL007,98,3.568522,LShoulder,0.069366,0.056295,-0.028815,0.0285,1.131883,52.370435,True
KVAL007,99,3.601833,LShoulder,0.009677,-0.00135,-0.00759,-0.00585,1.113886,16.613764,True
KVAL007,100,3.635177,LShoulder,0.018801,-0.005295,-0.01467,-0.0105,0.043562,16.531598,True
KVAL007,101,3.6685,LShoulder,0.009344,-0.003945,-0.00708,-0.00465,0.1571,2.458003,True
KVAL007,102,3.701833,LShoulder,0.01467,-0.002985,-0.004905,-0.0135,0.139608,1.631693,True
KVAL007,103,3.735177,LShoulder,0.014812,-0.003,-0.004905,-0.01365,0.08607,0.541317,True
KVAL007,104,3.768511,LShoulder,0.018149,-0.00063,-0.002235,-0.018,0.1151,2.357157,True
KVAL007,105,3.801844,LShoulder,0.020692,-0.001005,-0.002205,-0.02055,0.11142,7.700221,True
KVAL007,106,3.835177,LShoulder,0.020548,-0.00795,-0.00135,-0.0189,0.446285,14.99707,True
KVAL007,107,3.8685,LShoulder,0.033072,-0.029775,-0.004995,-0.0135,0.988063,18.130739,True
KVAL007,108,3.901844,LShoulder,0.050506,-0.007215,0.033885,0.03675,0.897079,30.331533,True
KVAL007,109,3.935166,LShoulder,0.033075,0.01056,0.025005,0.0189,1.052154,21.205691,True
KVAL007,110,3.968511,LShoulder,0.020226,-0.00063,-0.016695,-0.0114,0.580512,17.314795,True
KVAL007,111,4.001833,LShoulder,0.008117,0.003885,-0.00681,-0.0021,0.206657,10.840127,True
KVAL007,112,4.035166,LShoulder,0.01669,0.001005,-0.003885,-0.0162,0.23018,7.203099,True
KVAL007,113,4.0685,LShoulder,0.009177,-0.007815,0.00033,0.0048,0.412519,5.97046,True
KVAL007,114,4.101833,LShoulder,0.013806,-0.011175,0.00342,0.00735,0.206741,9.698867,True
KVAL007,115,4.135166,LShoulder,0.008369,-0.00243,0.001815,-0.0078,0.239841,2.900537,True
KVAL007,116,4.168511,LShoulder,0.009193,-0.004545,0.003465,-0.0072,0.073009,4.260428,True
KVAL007,117,4.201833,LShoulder,0.01245,-0.004635,0.00543,-0.0102,0.094398,1.270296,True
KVAL007,118,4.235177,LShoulder,0.003612,-9e-05,0.00201,-0.003,0.065453,18.588484,True
KVAL007,119,4.2685,LShoulder,0.013853,-0.001485,0.008355,-0.01095,1.145511,14.799229,True
KVAL007,120,4.301844,LShoulder,0.078613,-0.06024,0.015255,-0.04815,0.946128,34.839489,True
KVAL007,121,4.335166,LShoulder,0.069979,-0.058755,0.007065,-0.03735,1.177469,20.495119,True
KVAL007,122,4.368511,LShoulder,0.000192,0.0,0.00012,-0.00015,0.481571,30.980909,True
KVAL007,123,4.401844,LShoulder,0.052842,-0.03132,0.023625,-0.0354,0.914038,14.973341,True
KVAL007,124,4.435177,LShoulder,0.061093,-0.03456,0.025665,-0.04335,1.051365,33.740688,True
KVAL007,125,4.4685,LShoulder,0.020546,0.005865,0.001275,0.01965,1.339191,18.417262,True
KVAL007,126,4.501844,LShoulder,0.029487,0.007005,-0.01389,0.02505,0.417638,27.429823,True
KVAL007,127,4.535166,LShoulder,0.027746,-0.013815,-0.01806,0.0159,0.506809,13.162877,True
KVAL007,128,4.568511,LShoulder,0.016428,-0.0147,-0.007335,0.0,0.64568,7.208713,True
KVAL007,129,4.601844,LShoulder,0.022418,-0.002835,-0.001305,-0.0222,0.570469,16.722444,True
KVAL007,130,4.635177,LShoulder,0.03499,-0.008475,0.013725,-0.03105,0.62834,16.671045,True
KVAL007,131,4.6685,LShoulder,0.041843,-0.041265,0.003195,-0.00615,0.610473,27.857488,True
KVAL007,132,4.701844,LShoulder,0.018514,0.01026,-0.013545,-0.00735,1.232094,12.257949,True
KVAL007,133,4.735177,LShoulder,0.049296,0.034755,-0.01419,-0.03195,0.372175,28.631115,True
KVAL007,134,4.768522,LShoulder,0.02427,-0.01413,-0.01806,-0.00795,0.688038,7.183434,True
KVAL007,135,4.801833,LShoulder,0.028452,-0.01026,-0.012795,-0.02325,0.230024,15.699537,True
KVAL007,136,4.835177,LShoulder,0.033654,-0.00909,-0.02493,-0.0207,0.729798,21.991815,True
KVAL007,137,4.8685,LShoulder,0.031948,0.00273,-0.022365,0.02265,1.239961,17.38793,True
KVAL007,138,4.901844,LShoulder,0.05793,-0.020655,0.01047,0.0531,0.720358,31.832544,True
KVAL007,139,4.935166,LShoulder,0.040969,-0.029715,0.01296,0.02505,0.908571,18.376361,True
KVAL007,140,4.968511,LShoulder,0.003776,-0.001515,0.00024,-0.00345,0.663841,12.935718,True
KVAL007,141,5.001833,LShoulder,0.011213,-0.001515,0.007095,-0.00855,0.128161,11.227984,True
KVAL007,142,5.035166,LShoulder,0.011213,-0.001515,0.007095,-0.00855,0.168199,3.702523,True
KVAL007,143,5.0685,LShoulder,0.0,0.0,0.0,0.0,0.140102,5.44382,True
KVAL007,144,5.101844,LShoulder,0.01064,-0.00603,-0.00108,-0.0087,0.236679,3.654608,True
KVAL007,145,5.135177,LShoulder,0.015779,-0.009885,-0.001905,-0.01215,0.184558,5.643716,True
KVAL007,146,5.168522,LShoulder,0.022177,-0.01191,0.003885,-0.0183,0.168254,9.662691,True
KVAL007,147,5.201833,LShoulder,0.010973,0.0006,0.001845,-0.0108,0.464432,13.289244,True
KVAL007,148,5.235177,LShoulder,0.009859,0.008595,-0.00285,0.0039,0.761141,18.212128,True
KVAL007,149,5.2685,LShoulder,0.054024,-0.01926,-0.04092,-0.02955,0.880742,27.901709,True
KVAL007,150,5.301833,LShoulder,0.054841,-0.020385,-0.041565,-0.0294,1.174642,24.27112,True
KVAL007,151,5.335166,LShoulder,0.034517,0.007905,-0.003165,0.03345,0.740376,32.474335,True
KVAL007,152,5.368511,LShoulder,0.01508,0.00906,-0.011505,-0.0036,1.068396,8.051959,True
KVAL007,153,5.401833,LShoulder,0.038311,0.00204,-0.00828,-0.03735,0.51647,32.964161,True
KVAL007,154,5.435166,LShoulder,0.030781,0.00951,-0.0012,0.02925,1.138113,18.116991,True
KVAL007,155,5.4685,LShoulder,0.039051,0.0129,0.009735,0.03555,0.745804,31.673358,True
KVAL007,156,5.501844,LShoulder,0.02423,0.00867,0.013305,-0.0183,0.973872,18.379153,True
KVAL007,157,5.535166,LShoulder,0.027646,0.002985,-0.00318,-0.0273,0.497584,26.427808,True
KVAL007,158,5.568511,LShoulder,0.012306,-0.00213,0.003675,0.01155,0.818639,5.755452,True
KVAL007,159,5.601844,LShoulder,0.027531,-0.008835,0.008205,0.02475,0.135898,16.89787,True
KVAL007,160,5.635188,LShoulder,0.018944,-0.00846,9e-05,0.01695,0.313916,6.07816,True
KVAL007,161,5.6685,LShoulder,0.006934,-0.00153,0.00042,0.00675,0.284175,8.011875,True
KVAL007,162,5.701833,LShoulder,0.000105,0.0,-0.000105,0.0,0.701109,8.770753,True
KVAL007,163,5.735166,LShoulder,0.040683,-0.008355,0.011055,-0.03825,0.798242,16.092813,True
KVAL007,164,5.768511,LShoulder,0.053186,-0.002745,0.015345,-0.05085,0.404658,21.103215,True
KVAL007,165,5.801844,LShoulder,0.019879,0.00762,0.002775,-0.01815,0.62274,6.988983,True
KVAL007,166,5.835188,LShoulder,0.017757,-0.007005,-0.00567,-0.0153,0.415904,5.050994,True
KVAL007,167,5.868511,LShoulder,0.009005,-0.006,0.003015,0.006,0.471916,7.585779,True
KVAL007,168,5.901855,LShoulder,0.017192,-0.000615,-0.007515,0.01545,0.214533,11.020367,True
KVAL007,169,5.935177,LShoulder,0.012718,-0.005835,-0.010935,0.00285,0.298934,6.32692,True
KVAL007,170,5.968511,LShoulder,0.005012,-0.001155,0.004875,-0.00015,0.26747,4.934876,True
KVAL007,171,6.001844,LShoulder,0.00784,0.002505,0.00108,-0.00735,0.249325,2.297232,True
KVAL007,172,6.035177,LShoulder,0.014863,0.00927,-0.00126,-0.01155,0.199457,4.806808,True
KVAL007,173,6.0685,LShoulder,0.021069,0.008745,0.003195,-0.0189,0.190482,10.219885,True
KVAL007,174,6.101844,LShoulder,0.019699,-0.00051,-0.00129,-0.01965,0.488807,12.07913,True
KVAL007,175,6.135177,LShoulder,0.013277,0.00306,-0.002085,0.01275,0.654535,9.572008,True
KVAL007,176,6.168511,LShoulder,0.024226,0.0057,0.00372,0.02325,0.156699,15.206258,True
KVAL007,177,6.201833,LShoulder,0.002933,0.00123,-0.000765,0.00255,0.360926,1.731046,True
KVAL007,178,6.235177,LShoulder,0.000822,3e-05,-0.000765,0.0003,0.04399,10.060497,True
KVAL007,179,6.268511,LShoulder,0.0,0.0,0.0,0.0,0.378828,5.578936,True
KVAL007,180,6.301855,LShoulder,0.02479,0.011205,0.01938,0.01065,0.350895,10.631684,True
KVAL007,181,6.335166,LShoulder,0.023393,0.009945,0.017445,0.012,0.35634,9.663578,True
KVAL007,182,6.368511,LShoulder,0.013544,0.009045,-0.00423,0.00915,0.350485,7.999147,True
KVAL007,183,6.401844,LShoulder,0.018486,0.016425,-0.004485,0.0072,0.486224,12.727039,True
KVAL007,184,6.435177,LShoulder,0.021136,-0.01656,-0.008085,-0.01035,0.675458,12.243235,True
KVAL007,185,6.468511,LShoulder,0.02713,-0.01977,0.004605,-0.018,0.374695,16.732549,True
KVAL007,186,6.501855,LShoulder,0.00937,0.002205,0.007545,-0.0051,0.44665,7.786427,True
KVAL007,187,6.535177,LShoulder,0.004323,-0.000315,-0.002775,0.0033,0.197109,9.101687,True
KVAL007,188,6.568511,LShoulder,0.004062,-0.000465,-0.00399,0.0006,0.245176,3.424421,True
KVAL007,189,6.601833,LShoulder,0.017717,-0.010155,-0.014205,-0.003,0.13068,10.424689,True
KVAL007,190,6.635177,LShoulder,0.008777,0.00063,-0.000975,0.0087,0.457604,3.02535,True
KVAL007,191,6.6685,LShoulder,0.017686,0.01176,-0.000495,0.0132,0.251079,12.609587,True
KVAL007,192,6.701844,LShoulder,0.023469,0.01392,-0.00333,0.0186,0.482173,12.898963,True
KVAL007,193,6.735166,LShoulder,0.024535,-0.019575,0.006675,0.0132,0.613214,8.447824,True
KVAL007,194,6.768511,LShoulder,0.023187,-0.022545,0.004995,0.0021,0.27389,17.624263,True
KVAL007,195,6.801844,LShoulder,0.030496,-0.01488,0.024195,0.0111,0.591496,15.388846,True
KVAL007,196,6.835188,LShoulder,0.032086,0.002865,0.00072,0.03195,0.947173,15.534196,True
KVAL007,197,6.8685,LShoulder,0.052555,0.03945,0.002265,0.03465,0.774043,15.586415,True
KVAL007,198,6.901844,LShoulder,0.03972,0.03705,0.01359,-0.0045,0.501908,16.370496,True
KVAL007,199,6.935166,LShoulder,0.052784,0.052335,-0.005055,0.00465,0.318702,18.462206,True
KVAL007,200,6.9685,LShoulder,0.024624,0.02187,0.00705,0.00885,0.901462,4.681753,True
KVAL007,201,7.001844,LShoulder,0.013726,-0.00726,-0.001515,0.01155,0.598743,11.742364,True
KVAL007,202,7.035177,LShoulder,0.029319,-0.00852,-0.013485,0.0246,0.763884,20.74703,True
KVAL007,203,7.068522,LShoulder,0.049413,-0.03855,0.023985,-0.0195,1.050969,25.259629,True
KVAL007,204,7.101855,LShoulder,0.050419,-0.0312,0.031275,-0.0243,0.922187,23.607084,True
KVAL007,205,7.135188,LShoulder,0.016533,0.00378,-0.003315,0.01575,0.795469,28.24946,True
KVAL007,206,7.168533,LShoulder,0.054453,-0.03561,-0.020295,-0.03585,1.101733,26.602881,True
KVAL007,207,7.201866,LShoulder,0.060337,-0.03705,-0.021285,-0.0426,1.18652,28.708552,True
KVAL007,208,7.235166,LShoulder,0.028735,0.00186,0.010065,0.02685,0.895188,28.378512,True
KVAL007,209,7.2685,LShoulder,0.039203,-0.03657,-0.00222,0.01395,0.735889,11.857555,True
KVAL007,210,7.301844,LShoulder,0.035744,-0.034875,-0.00783,-0.0003,0.534643,17.729523,True
KVAL007,211,7.335177,LShoulder,0.032009,-0.005565,-0.00117,0.0315,0.504441,12.990284,True
KVAL007,212,7.368522,LShoulder,0.030506,-0.01215,-0.01557,0.02325,0.483601,8.410013,True
KVAL007,213,7.401855,LShoulder,0.0186,-0.00573,-0.017325,0.0036,0.444948,8.644566,True
KVAL007,214,7.435188,LShoulder,0.04668,-0.002415,-0.043065,0.01785,0.360627,13.718002,True
KVAL007,215,7.468533,LShoulder,0.038585,0.006855,-0.036075,0.01185,0.580839,12.846579,True
KVAL007,216,7.501866,LShoulder,0.013527,0.003705,-0.01215,-0.00465,0.496416,9.235581,True
KVAL007,217,7.535177,LShoulder,0.012628,-0.008355,-0.00945,-0.0006,0.244129,5.892848,True
KVAL007,218,7.568511,LShoulder,0.006944,-0.003255,-0.001845,0.00585,0.418417,6.801316,True
KVAL007,219,7.601833,LShoulder,0.018235,0.00237,0.013785,-0.0117,0.248107,13.76409,True
KVAL007,220,7.635166,LShoulder,0.011318,-0.00261,-0.002805,-0.01065,0.49964,6.277679,True
KVAL007,221,7.6685,LShoulder,0.017189,-0.00855,-0.01485,0.00135,0.176506,14.510761,True
KVAL007,222,7.701844,LShoulder,0.003974,-0.003555,0.00177,0.00015,0.627651,4.160083,True
KVAL007,223,7.735166,LShoulder,0.032056,0.00168,0.01596,0.02775,0.43116,20.531374,True
KVAL007,224,7.7685,LShoulder,0.029746,-0.008295,0.001935,0.0285,0.75454,16.945611,True
KVAL007,225,7.801844,LShoulder,0.021778,-0.015225,-0.010275,-0.0117,0.699026,18.60059,True
KVAL007,226,7.835188,LShoulder,0.017138,0.000975,-0.0006,-0.0171,0.528059,15.079478,True
KVAL007,227,7.8685,LShoulder,0.014249,0.00915,0.010545,0.00285,0.3801,10.87336,True
KVAL007,228,7.901833,LShoulder,0.017052,0.006435,0.01572,0.0015,0.240028,10.447677,True
KVAL007,229,7.935166,LShoulder,0.011203,0.008565,-0.00213,-0.0069,0.377481,8.540415,True
KVAL007,230,7.968511,LShoulder,0.012631,0.008565,-0.00924,-0.0009,0.347329,11.480473,True
KVAL007,231,8.001844,LShoulder,0.024473,0.02007,0.01173,0.00765,0.413557,8.455838,True
KVAL007,232,8.035177,LShoulder,0.025285,0.01935,0.0153,0.00555,0.260459,10.133872,True
KVAL007,233,8.0685,LShoulder,0.013105,0.00909,-0.00162,0.0093,0.267607,5.745283,True
KVAL007,234,8.101833,LShoulder,0.010245,0.009915,0.00198,-0.00165,0.179973,6.739892,True
KVAL007,235,8.135177,LShoulder,0.010443,0.009285,0.004695,-0.0009,0.314541,4.899635,True
KVAL007,236,8.168511,LShoulder,0.018111,0.002205,0.00213,0.01785,0.170854,9.788185,True
KVAL007,237,8.201833,LShoulder,0.006326,0.00141,0.00045,0.00615,0.34955,4.541322,True
KVAL007,238,8.235177,LShoulder,0.006977,0.00243,0.00369,-0.0054,0.189665,7.484555,True
KVAL007,239,8.268511,LShoulder,0.006513,-0.00243,0.001515,-0.00585,0.312347,6.079712,True
KVAL007,240,8.301855,LShoulder,0.019366,0.012,-0.01473,-0.00375,0.300171,12.47333,True
KVAL007,241,8.335166,LShoulder,0.017814,0.00171,-0.01764,-0.0018,0.559537,11.741234,True
KVAL007,242,8.3685,LShoulder,0.020616,-0.004575,0.0123,0.0159,0.516026,14.728025,True
KVAL007,243,8.401844,LShoulder,0.017982,0.005025,0.015,0.00855,0.437566,15.673472,True
KVAL007,244,8.435177,LShoulder,0.008559,0.00177,-0.00534,-0.00645,0.555036,8.648052,True
KVAL007,245,8.4685,LShoulder,0.022081,-0.01254,-0.0174,0.00525,0.234713,12.230036,True
KVAL007,246,8.501844,LShoulder,0.014568,-0.00276,-0.01269,0.0066,0.332682,9.392324,True
KVAL007,247,8.535177,LShoulder,0.011356,-0.00441,-0.00339,-0.0099,0.450329,9.708922,True
KVAL007,248,8.568511,LShoulder,0.020461,-0.01596,0.009915,-0.0081,0.446478,13.119467,True
KVAL007,249,8.601833,LShoulder,0.019457,-0.002625,0.00798,0.01755,0.436368,12.308533,True
KVAL007,250,8.635177,LShoulder,0.013713,-0.00201,-0.005025,0.0126,0.399674,13.183771,True
KVAL007,251,8.6685,LShoulder,0.011518,0.005445,0.006495,-0.0078,0.523152,5.286429,True
KVAL007,252,8.701833,LShoulder,0.02177,0.0045,-4.5e-05,-0.0213,0.230711,13.739123,True
KVAL007,253,8.735166,LShoulder,0.017341,0.0,-0.004845,-0.01665,0.394348,8.689542,True
KVAL007,254,8.768511,LShoulder,0.00569,0.00216,-0.00216,0.0048,0.378188,8.162858,True
KVAL007,255,8.801844,LShoulder,0.00994,0.007125,0.00066,0.0069,0.157367,9.258991,True
KVAL007,256,8.835177,LShoulder,0.008487,0.005385,-0.004305,-0.00495,0.251107,6.502199,True
KVAL007,257,8.8685,LShoulder,0.010308,0.0009,-0.00864,-0.00555,0.284933,7.733863,True
KVAL007,258,8.901844,LShoulder,0.011527,-0.00729,-0.001185,0.00885,0.433093,10.381694,True
KVAL007,259,8.935166,LShoulder,0.032382,-0.0045,-0.0285,0.0147,0.707245,9.854633,True
KVAL007,260,8.968511,LShoulder,0.053576,0.002565,-0.03354,0.0417,0.374433,21.832456,True
KVAL007,261,9.001833,LShoulder,0.026942,0.00159,-0.007065,0.02595,0.781672,5.059484,True
KVAL007,262,9.035177,LShoulder,0.013776,0.01341,-0.000195,0.00315,0.209149,14.218241,True
KVAL007,263,9.068511,LShoulder,0.028038,0.01455,-0.00237,0.02385,0.197724,7.397841,True
KVAL007,264,9.101844,LShoulder,0.014225,0.00504,-0.00258,0.01305,0.391861,5.339929,True
KVAL007,265,9.135166,LShoulder,0.002315,0.002055,0.00018,0.00105,0.212749,5.464409,True
KVAL007,266,9.168511,LShoulder,0.00012,0.00012,0.0,0.0,0.034521,3.181972,True
KVAL007,267,9.201844,LShoulder,1.5e-05,1.5e-05,0.0,0.0,0.0018,19.540412,True
KVAL007,268,9.235188,LShoulder,0.0,0.0,0.0,0.0,1.26868,32.453231,True
KVAL007,269,9.2685,LShoulder,0.084592,0.07788,-0.00639,0.0324,2.162234,833.105408,True
KVAL007,270,9.301844,LShoulder,0.144149,0.10527,-0.0717,0.0675,54.35262,848.799206,True
KVAL007,271,9.335177,LShoulder,3.54456,-3.45498,-0.653715,-0.44685,55.019446,1612.425523,True
KVAL007,272,9.368511,LShoulder,3.566252,-3.483495,-0.58764,-0.48795,53.143712,1595.980622,True
KVAL007,273,9.401844,LShoulder,0.00608,-0.00096,0.000225,-0.006,51.407954,852.214502,True
KVAL007,274,9.435177,LShoulder,0.293818,-0.13599,-0.21582,0.1458,5.53302,762.662903,True
KVAL007,275,9.468522,LShoulder,0.366656,-0.213825,-0.25299,0.1572,2.544386,138.442088,True
KVAL007,276,9.501855,LShoulder,0.13262,-0.09,-0.083535,0.0501,3.739838,25.340363,True
KVAL007,277,9.535188,LShoulder,0.133236,-0.06474,-0.115845,0.01185,1.844172,46.655499,True
KVAL007,278,9.568533,LShoulder,0.067393,-0.00609,-0.056835,-0.0357,5.556062,159.365581,True
KVAL007,279,9.601866,LShoulder,0.24888,0.029625,0.22017,-0.1122,10.656239,214.735109,True
KVAL007,280,9.635177,LShoulder,0.69094,-0.38136,0.45942,-0.3477,15.274044,200.468972,True
KVAL007,281,9.668511,LShoulder,1.165189,-0.62595,0.53244,-0.82605,5.066769,641.394608,True
KVAL007,282,9.701833,LShoulder,0.674496,-0.246975,0.24969,-0.57585,27.499807,300.888747,True
KVAL007,283,9.735177,LShoulder,0.70046,0.542505,-0.12189,0.426,19.285998,513.28987,True
KVAL007,284,9.7685,LShoulder,0.667238,0.54267,-0.189195,0.339,8.828602,373.825663,True
KVAL007,285,9.801844,LShoulder,0.395613,0.120345,-0.36459,0.0954,7.174063,152.906997,True
KVAL007,286,9.835166,LShoulder,0.368966,0.106095,-0.30366,0.18075,4.84569,118.281729,True
KVAL007,287,9.868511,LShoulder,0.072869,0.026385,-0.0666,0.01335,2.535504,124.93392,True
KVAL007,288,9.901833,LShoulder,0.221378,0.1215,-0.159375,0.09405,5.062948,61.813694,True
KVAL007,289,9.935166,LShoulder,0.376005,0.33651,-0.08349,0.1455,4.6573,112.949614,True
KVAL007,290,9.9685,LShoulder,0.39346,0.35373,0.03252,0.1692,2.570085,141.447839,True
KVAL007,291,10.001833,LShoulder,0.211912,0.17979,-0.02433,0.1095,5.26086,36.0638,True
KVAL007,292,10.035166,LShoulder,0.136463,0.10959,-0.0351,-0.07335,3.441604,80.648041,True
KVAL007,293,10.0685,LShoulder,0.088864,0.04239,-0.024225,-0.07425,2.045683,130.684786,True
KVAL007,294,10.101844,LShoulder,0.000105,0.000105,0.0,0.0,6.434327,186.981178,True
KVAL007,295,10.135177,LShoulder,0.480943,0.46548,0.032415,-0.11655,10.535795,109.541719,True
KVAL007,296,10.168511,LShoulder,0.702486,0.668895,-0.01098,-0.21435,1.183361,265.086185,True
KVAL007,297,10.201855,LShoulder,0.430013,0.420975,-0.02418,-0.0843,7.20464,57.17237,True
KVAL007,298,10.235166,LShoulder,0.245103,0.24393,0.022935,0.0069,3.477999,132.823382,True
KVAL007,299,10.2685,LShoulder,0.393266,0.359925,0.14661,0.06015,3.000768,82.279667,True
KVAL007,300,10.301844,LShoulder,0.416359,0.37989,0.15438,0.07215,3.490288,102.646871,True
KVAL007,301,10.335177,LShoulder,0.164471,0.157515,0.04725,0.0027,3.981363,60.214821,True
KVAL007,302,10.3685,LShoulder,0.237595,0.21141,0.04251,-0.09975,3.340967,42.890552,True
KVAL007,303,10.401844,LShoulder,0.26873,0.157515,0.012795,-0.21735,3.724147,59.411595,True
KVAL007,304,10.435166,LShoulder,0.366521,0.131745,0.088785,-0.3303,3.142538,83.098007,True
KVAL007,305,10.468511,LShoulder,0.408853,0.188685,0.202305,-0.30105,2.281518,169.635107,True
KVAL007,306,10.501833,LShoulder,0.310596,0.150105,0.176145,-0.20715,9.55729,140.268388,True
KVAL007,307,10.535177,LShoulder,0.6334,0.621195,0.00591,0.1236,10.116541,266.071081,True
KVAL007,308,10.568511,LShoulder,0.650093,0.601065,-0.043065,0.2439,9.16149,285.923134,True
KVAL007,309,10.601844,LShoulder,0.024608,0.02178,0.009465,0.00645,9.471353,135.177693,True
KVAL007,310,10.635177,LShoulder,0.02006,0.017865,0.00597,0.0069,0.170587,139.720997,True
KVAL007,311,10.668511,LShoulder,0.01343,0.01191,0.00411,0.00465,0.169081,2.004841,True
KVAL007,312,10.701833,LShoulder,0.00879,0.007785,0.002595,0.00315,0.038399,1.198182,True
KVAL007,313,10.735177,LShoulder,0.010871,0.00966,0.003285,0.00375,0.089442,1.701633,True
KVAL007,314,10.768511,LShoulder,0.002833,0.00252,0.00093,0.0009,0.151822,2.482002,True
KVAL007,315,10.801844,LShoulder,0.000751,0.000645,0.00024,0.0003,0.076247,283.029521,True
KVAL007,316,10.835177,LShoulder,0.007906,0.00723,0.002115,0.0024,18.761106,314.97328,True
KVAL007,317,10.868511,LShoulder,1.2513,0.562335,0.00729,1.1178,21.052049,516.935536,True
KVAL007,318,10.901833,LShoulder,1.409082,0.687735,-0.0006,1.22985,15.738166,616.953636,True
KVAL007,319,10.935177,LShoulder,0.228566,0.180105,0.00285,0.1407,20.146931,194.988925,True
KVAL007,320,10.9685,LShoulder,0.177076,0.16956,0.05037,-0.00825,4.012049,298.149419,True
KVAL007,321,11.001844,LShoulder,0.092985,-0.036075,-0.08511,0.01005,5.645642,74.031536,True
KVAL007,322,11.035166,LShoulder,0.207696,-0.15819,-0.12684,0.045,1.393649,130.848396,True
KVAL007,323,11.068511,LShoulder,0.000601,-3e-05,0.0,0.0006,3.11481,12.871161,True
KVAL007,324,11.101833,LShoulder,0.000151,0.0,-1.5e-05,0.00015,1.297051,32.627017,True
KVAL007,325,11.135177,LShoulder,0.086663,0.06114,0.052905,0.0312,1.290332,39.328154,True
KVAL007,326,11.1685,LShoulder,0.086069,0.06015,0.05253,0.0321,1.324833,43.585697,True
KVAL007,327,11.201844,LShoulder,0.001914,-0.001485,-0.00117,0.0003,1.64676,15.551677,True
KVAL007,328,11.235166,LShoulder,0.037212,-0.032715,-0.00411,0.01725,0.693727,29.20843,True
KVAL007,329,11.2685,LShoulder,0.047792,-0.046785,-0.001755,0.0096,0.654045,18.800148,True
KVAL007,330,11.301844,LShoulder,0.024488,-0.01215,-0.002175,-0.02115,0.575392,15.174757,True
KVAL007,331,11.335177,LShoulder,0.016705,-0.013395,-0.00399,-0.00915,0.373814,5.912264,True
KVAL007,332,11.3685,LShoulder,0.016038,-0.01566,-0.000285,0.00345,0.313142,9.557431,True
KVAL007,333,11.401833,LShoulder,0.00907,0.006915,-0.000465,-0.00585,0.363934,8.241173,True
KVAL007,334,11.435177,LShoulder,0.008797,0.00693,-0.00045,-0.0054,0.504022,10.735073,True
KVAL007,335,11.468511,LShoulder,0.028631,0.007005,-0.000765,0.02775,0.49728,13.858025,True
KVAL007,336,11.501833,LShoulder,0.028603,0.006885,-0.00081,0.02775,0.423941,17.566223,True
KVAL007,337,11.535166,LShoulder,0.001917,0.00165,-0.000975,0.0,0.682476,3.652548,True
KVAL007,338,11.5685,LShoulder,0.0208,0.00567,-0.011325,-0.0165,0.325087,21.202576,True
KVAL007,339,11.601833,LShoulder,0.022539,0.006885,-0.009885,-0.01905,0.959679,16.70982,True
KVAL007,340,11.635166,LShoulder,0.06021,0.055665,0.02244,0.0048,1.068199,19.453216,True
KVAL007,341,11.6685,LShoulder,0.075923,0.07203,0.018615,-0.01515,0.341686,25.422748,True
KVAL007,342,11.701844,LShoulder,0.040827,0.038235,0.012855,-0.0063,0.752112,14.829438,True
KVAL007,343,11.735177,LShoulder,0.038391,0.028245,0.024555,0.00855,0.654209,22.693868,True
KVAL007,344,11.7685,LShoulder,0.081484,0.072105,0.0375,0.00585,0.867847,22.735293,True
KVAL007,345,11.801833,LShoulder,0.094763,0.079875,0.05058,0.00645,0.883204,23.674523,True
KVAL007,346,11.835166,LShoulder,0.028314,0.016965,0.021495,-0.0072,0.873788,30.191662,True
KVAL007,347,11.868511,LShoulder,0.077195,0.026565,0.07245,-0.0021,1.279446,21.567835,True
KVAL007,348,11.901844,LShoulder,0.110979,0.057345,0.094365,0.0111,0.739638,22.914128,True
KVAL007,349,11.935177,LShoulder,0.110085,0.06663,0.08271,-0.02895,0.55619,27.802188,True
KVAL007,350,11.9685,LShoulder,0.11152,0.06699,0.08595,-0.0237,1.389989,20.456227,True
KVAL007,351,12.001833,LShoulder,0.049676,0.047775,-0.00642,-0.012,1.368161,30.761419,True
KVAL007,352,12.035166,LShoulder,0.052988,0.04413,-0.002175,-0.02925,0.94363,42.803155,True
KVAL007,353,12.068511,LShoulder,0.040846,0.008475,0.03963,0.0051,1.538429,21.825515,True
KVAL007,354,12.101844,LShoulder,0.107057,0.030885,0.099435,-0.0249,1.220504,31.789996,True
KVAL007,355,12.135177,LShoulder,0.115023,0.04569,0.099285,-0.03585,0.714645,31.529015,True
KVAL007,356,12.168511,LShoulder,0.063578,0.01701,0.06126,0.0,0.887908,23.784888,True
KVAL007,357,12.201844,LShoulder,0.057579,0.026055,0.050655,-0.0084,1.766316,27.684403,True
KVAL007,358,12.235166,LShoulder,0.073145,-0.02238,-0.0303,-0.0627,1.914632,55.250363,True
KVAL007,359,12.2685,LShoulder,0.103139,-0.02313,-0.02724,-0.09675,5.005354,64.177245,True
KVAL007,360,12.301833,LShoulder,0.405124,-0.046875,-0.16626,-0.36645,5.56061,90.871566,True
KVAL007,361,12.335177,LShoulder,0.471066,-0.10782,-0.02889,-0.45765,4.770406,106.036433,True
KVAL007,362,12.3685,LShoulder,0.576477,-0.2841,-0.003165,-0.5016,2.857302,138.069026,True
KVAL007,363,12.401844,LShoulder,0.45058,-0.2271,-0.14259,-0.3621,4.905674,71.632155,True
KVAL007,364,12.435166,LShoulder,0.255354,-0.11052,-0.039405,-0.2268,3.020746,50.759699,True
KVAL007,365,12.468511,LShoulder,0.261553,-0.120855,-0.03468,-0.22935,6.434245,85.31225,True
KVAL007,366,12.501833,LShoulder,0.265955,-0.09174,-0.172335,0.1806,6.555573,85.984265,True
KVAL007,367,12.535177,LShoulder,0.265266,-0.08091,-0.174315,0.18285,3.200723,84.092362,True
KVAL007,368,12.568511,LShoulder,0.360112,0.0984,-0.236085,0.2535,3.048229,108.166013,True
KVAL007,369,12.601844,LShoulder,0.363802,0.09711,-0.23982,0.25575,4.154446,113.738153,True
KVAL007,370,12.635188,LShoulder,0.238556,-0.109635,-0.06033,0.2031,4.831385,57.20391,True
KVAL007,371,12.668522,LShoulder,0.408336,-0.206295,-0.15153,0.31815,1.513108,122.822001,True
KVAL007,372,12.701855,LShoulder,0.258969,-0.18501,-0.101445,0.15015,5.076274,70.157997,True
KVAL007,373,12.7352,LShoulder,0.097408,-0.09042,-0.00522,0.03585,3.869987,50.822668,True
KVAL007,374,12.768533,LShoulder,0.005667,-0.002685,0.00471,0.00165,2.212072,57.633358,True
KVAL007,375,12.801844,LShoulder,0.131996,-0.04902,0.1176,-0.0345,1.907454,59.222706,True
KVAL007,376,12.835177,LShoulder,0.131902,-0.050325,0.11703,-0.0342,1.908134,58.649101,True
KVAL007,377,12.868522,LShoulder,0.01676,-0.014865,0.00243,0.00735,2.06176,74.879492,True
KVAL007,378,12.901855,LShoulder,0.04907,-0.040035,-0.00516,0.0279,4.992511,62.220746,True
KVAL007,379,12.935188,LShoulder,0.346433,-0.173295,-0.008625,0.29985,4.363777,120.740861,True
KVAL007,380,12.968533,LShoulder,0.332611,-0.14928,0.0117,0.297,3.289179,107.897718,True
KVAL007,381,13.001866,LShoulder,0.179011,0.005265,0.0252,0.17715,3.027854,45.638794,True
KVAL007,382,13.035166,LShoulder,0.165064,0.003255,0.00774,0.16485,2.594258,34.782327,True
KVAL007,383,13.068511,LShoulder,0.008129,-0.00327,-0.003135,0.00675,2.416787,38.429009,True
KVAL007,384,13.101844,LShoulder,0.007636,0.003945,0.005355,0.00375,0.149125,49.783988,True
KVAL007,385,13.135177,LShoulder,0.005444,0.00285,0.00366,0.00285,1.222522,19.835393,True
KVAL007,386,13.1685,LShoulder,0.088845,0.02502,0.06621,0.0537,1.371989,34.477215,True
KVAL007,387,13.201844,LShoulder,0.096642,0.024015,0.06978,0.0624,1.076283,54.177231,True
KVAL007,388,13.235177,LShoulder,0.017111,0.004305,0.012555,0.0108,2.265447,8.815501,True
KVAL007,389,13.268522,LShoulder,0.06178,-0.021585,-0.010905,-0.05685,1.249659,45.873748,True
KVAL007,390,13.301833,LShoulder,0.068475,-0.026925,-0.01653,-0.06075,0.874571,33.025748,True
KVAL007,391,13.335177,LShoulder,0.01266,-0.01107,-0.006135,0.0003,0.976395,12.576736,True
KVAL007,392,13.368511,LShoulder,0.015059,-0.011535,-0.00945,0.0021,0.544775,14.840956,True
KVAL007,393,13.401855,LShoulder,0.03897,0.004155,-0.03615,0.01395,0.499293,21.280234,True
KVAL007,394,13.435166,LShoulder,0.041575,-0.00192,-0.04002,0.0111,0.917123,20.906107,True
KVAL007,395,13.4685,LShoulder,0.040549,-0.03435,0.01113,0.01845,0.928154,21.229471,True
KVAL007,396,13.501833,LShoulder,0.038189,-0.027915,0.015225,0.02115,0.568328,20.80164,True
KVAL007,397,13.535177,LShoulder,0.004534,-0.00411,-0.00189,-0.0003,0.545448,8.263649,True
KVAL007,398,13.5685,LShoulder,0.0067,-0.00594,-0.00078,-0.003,0.082404,23.542436,True
KVAL007,399,13.601844,LShoulder,0.006531,-0.004005,0.00078,-0.0051,1.088577,17.695482,True
KVAL007,400,13.635166,LShoulder,0.077425,-0.07476,0.012165,0.01605,1.185279,33.683619,True
KVAL007,401,13.668511,LShoulder,0.083793,-0.082335,0.00189,-0.01545,1.183534,39.714792,True
KVAL007,402,13.701844,LShoulder,0.028626,-0.010845,-0.0102,-0.02445,1.574292,22.281842,True
KVAL007,403,13.735177,LShoulder,0.054768,0.00051,-0.049515,0.0234,0.964397,31.576877,True
KVAL007,404,13.768511,LShoulder,0.056191,0.007935,-0.05145,0.02115,0.828092,24.815859,True
KVAL007,405,13.801844,LShoulder,0.030261,-0.00246,0.00525,0.0297,1.035629,15.046618,True
KVAL007,406,13.835177,LShoulder,0.048195,-0.001485,0.012015,0.04665,0.474612,25.253072,True
KVAL007,407,13.868511,LShoulder,0.035424,0.02802,0.004005,0.0213,0.841577,26.720207,True
KVAL007,408,13.901833,LShoulder,0.020778,0.020475,-0.001605,-0.00315,1.980179,79.74909,True
KVAL007,409,13.935177,LShoulder,0.142381,0.08682,0.106275,-0.03795,6.048112,128.28086,True
KVAL007,410,13.968511,LShoulder,0.41585,0.217485,0.08799,-0.34335,9.196848,75.400859,True
KVAL007,411,14.001844,LShoulder,0.668245,0.22803,0.017175,-0.6279,1.783153,282.271816,True
KVAL007,412,14.035188,LShoulder,0.500498,0.181725,0.1359,-0.4461,9.708053,146.236721,True
KVAL007,413,14.068522,LShoulder,0.260331,0.1482,0.213405,-0.01635,8.298113,130.425673,True
KVAL007,414,14.101855,LShoulder,0.312652,0.180975,0.23532,0.0981,1.381928,55.416006,True
KVAL007,415,14.1352,LShoulder,0.276374,0.181545,0.196995,0.06795,5.999397,83.154838,True
KVAL007,416,14.168533,LShoulder,0.631537,0.336075,0.26262,0.46575,6.903776,194.087026,True
KVAL007,417,14.201844,LShoulder,0.638819,0.403875,0.15801,0.46905,7.462236,233.487009,True
KVAL007,418,14.235177,LShoulder,0.186771,0.14943,-0.028725,0.1083,9.045064,82.31437,True
KVAL007,419,14.2685,LShoulder,0.088137,0.075075,-0.04572,0.00645,2.586214,118.099289,True
KVAL007,420,14.301844,LShoulder,0.060438,0.036045,-0.043875,-0.0207,1.850503,43.796585,True
KVAL007,421,14.335166,LShoulder,0.066238,-0.045285,-0.043755,-0.02055,1.231778,44.433853,True
KVAL007,422,14.368511,LShoulder,0.059135,-0.02298,-0.040635,0.0363,1.744108,26.806813,True
KVAL007,423,14.401833,LShoulder,0.125292,-0.027225,-0.08715,0.0858,0.924552,47.673236,True
KVAL007,424,14.435177,LShoulder,0.099413,0.018765,-0.08388,0.04995,1.564336,50.818181,True
KVAL007,425,14.468511,LShoulder,0.028312,-0.01803,-0.005955,0.021,2.485825,11.748551,True
KVAL007,426,14.501844,LShoulder,0.095135,-0.090285,0.015285,-0.0258,1.172559,65.666951,True
KVAL007,427,14.535166,LShoulder,0.065683,0.010395,0.064755,0.0036,2.25942,31.723962,True
KVAL007,428,14.568511,LShoulder,0.069203,0.0438,0.03609,0.0396,1.105879,52.31128,True
KVAL007,429,14.601844,LShoulder,0.029659,0.011385,-0.002175,-0.0273,1.38067,17.962052,True
KVAL007,430,14.635177,LShoulder,0.024691,-0.005745,-0.01701,-0.01695,0.631206,31.053814,True
KVAL007,431,14.668511,LShoulder,0.024743,-0.00939,-0.022695,0.003,0.775649,12.809021,True
KVAL007,432,14.701855,LShoulder,0.029079,-0.00603,0.0123,0.02565,0.805077,23.339699,True
KVAL007,433,14.735177,LShoulder,0.04996,-0.034095,0.013575,0.0339,0.935288,18.387735,True
KVAL007,434,14.768511,LShoulder,0.053607,-0.05142,-0.000465,-0.01515,0.489708,29.202415,True
KVAL007,435,14.801833,LShoulder,0.040747,-0.039465,-0.005895,0.00825,1.326297,13.065152,True
KVAL007,436,14.835177,LShoulder,0.082953,-0.03153,-0.062145,0.045,1.191744,31.322885,True
KVAL007,437,14.868511,LShoulder,0.091275,-0.03681,-0.082635,-0.01215,1.001841,28.509842,True
KVAL007,438,14.901844,LShoulder,0.085558,-0.042165,-0.07164,-0.02025,0.838299,31.170961,True
KVAL007,439,14.935166,LShoulder,0.063873,-0.022905,-0.050625,0.0315,1.215669,4.765806,True
KVAL007,440,14.9685,LShoulder,0.03432,-0.006495,-0.017745,0.02865,0.733845,14.13117,True
KVAL007,441,15.001833,LShoulder,0.070353,0.00612,-0.028455,0.06405,0.445368,20.888008,True
KVAL007,442,15.035166,LShoulder,0.051988,0.017655,-0.01686,0.0459,1.023587,40.577473,True
KVAL007,443,15.068511,LShoulder,0.020119,0.01848,0.00522,0.006,2.273818,36.10949,True
KVAL007,444,15.101844,LShoulder,0.121132,-0.093465,-0.06075,-0.0474,2.195948,61.387038,True
KVAL007,445,15.135166,LShoulder,0.126984,-0.097905,-0.05676,-0.0576,1.886185,61.500473,True
KVAL007,446,15.168511,LShoulder,0.009131,0.006765,0.00261,-0.00555,1.905211,29.440518,True
KVAL007,447,15.201833,LShoulder,0.00109,-0.00066,0.000435,0.00075,0.137136,28.587124,True
KVAL007,448,15.235177,LShoulder,1.5e-05,-1.5e-05,0.0,0.0,0.016345,2.059538,True
KVAL007,449,15.2685,LShoulder,0.0,0.0,0.0,0.0,0.000225,0.24517,True
KVAL007,450,15.301844,LShoulder,0.0,0.0,0.0,0.0,0.0,0.003375,True
KVAL007,451,15.335166,LShoulder,0.0,0.0,0.0,0.0,0.0,19.809824,True
KVAL007,452,15.3685,LShoulder,0.0,0.0,0.0,0.0,1.320655,20.780045,True
KVAL007,453,15.401844,LShoulder,0.088044,-0.08706,-0.01302,0.00165,1.385336,193.657118,True
KVAL007,454,15.435177,LShoulder,0.092356,-0.090975,-0.01182,-0.01065,12.478413,198.497276,True
KVAL007,455,15.4685,LShoulder,0.811663,0.117615,0.09165,-0.79785,12.931879,365.987199,True
KVAL007,456,15.501844,LShoulder,0.851636,0.13725,0.095595,-0.83505,12.070592,354.574271,True
KVAL007,457,15.535177,LShoulder,0.142108,0.049935,-0.130215,-0.0273,10.772582,248.974121,True
KVAL007,458,15.568511,LShoulder,0.139057,0.04671,0.03975,-0.1248,6.570196,138.749728,False
KVAL007,459,15.601833,LShoulder,0.324954,-0.02958,0.277305,-0.1668,2.266217,266.728741,True
KVAL007,460,15.635177,LShoulder,0.11219,-0.042315,0.102,-0.0198,12.474528,79.834967,True
KVAL007,461,15.6685,LShoulder,0.579764,-0.039405,-0.11364,0.56715,5.194685,394.225071,True
KVAL007,462,15.701844,LShoulder,0.267867,0.00471,-0.12672,0.23595,14.345202,145.382776,True
KVAL007,463,15.735177,LShoulder,0.384934,0.02319,-0.027495,-0.38325,4.655621,300.949843,True
KVAL007,464,15.768522,LShoulder,0.057983,-0.020835,-0.01425,-0.0522,5.77189,80.413069,True
KVAL007,465,15.801844,LShoulder,0.000225,-0.000165,-3e-05,-0.00015,0.87142,86.511862,True
KVAL007,466,15.835177,LShoulder,0.000168,-7.5e-05,1.5e-05,0.00015,0.004815,66.023311,True
KVAL007,467,15.868511,LShoulder,0.000162,-6e-05,1.5e-05,0.00015,4.899413,50.156284,True
KVAL007,468,15.901844,LShoulder,0.326791,-0.13236,-0.048945,0.29475,3.345615,171.098884,True
KVAL007,469,15.935166,LShoulder,0.223185,-0.159675,-0.030105,0.153,6.556018,116.035428,True
KVAL007,470,15.968511,LShoulder,0.130873,-0.03252,0.024645,-0.12435,4.540837,124.732765,True
KVAL007,471,16.001833,LShoulder,0.129629,0.00627,0.11862,-0.0519,2.396856,167.199719,True
KVAL007,472,16.035166,LShoulder,0.124244,-0.02577,0.121515,0.00255,7.139606,61.270255,True
KVAL007,473,16.068511,LShoulder,0.423832,-0.068985,0.057915,0.41415,5.21501,200.594428,True
KVAL007,474,16.101844,LShoulder,0.347661,-0.032385,0.04944,0.3426,6.350708,153.854916,True
KVAL007,475,16.135166,LShoulder,0.000843,-0.000735,0.000285,0.0003,5.207453,87.943906,True
KVAL007,476,16.1685,LShoulder,0.001349,-0.00111,0.000705,0.0003,1.39166,101.261273,True
KVAL007,477,16.201833,LShoulder,0.092742,-0.040365,-0.07422,-0.03825,2.917277,71.601936,True
KVAL007,478,16.235177,LShoulder,0.193706,0.05958,-0.159045,0.09315,3.881387,77.779253,True
KVAL007,479,16.2685,LShoulder,0.22302,0.114,-0.090915,0.16875,2.319314,105.874844,True
KVAL007,480,16.301833,LShoulder,0.062446,0.034665,-0.012555,0.0504,3.417261,22.793298,True
KVAL007,481,16.335177,LShoulder,0.061197,0.054255,0.010605,-0.02625,0.804795,68.706053,True
KVAL007,482,16.368511,LShoulder,0.05595,0.02127,0.03732,0.03585,1.974514,23.625739,True
KVAL007,483,16.401844,LShoulder,0.088161,-0.025125,0.03951,0.0747,1.207773,69.210072,True
KVAL007,484,16.435177,LShoulder,0.058114,0.046365,0.0069,-0.03435,2.692157,28.06311,True
KVAL007,485,16.468522,LShoulder,0.119726,0.0816,0.05418,-0.06885,1.306005,51.355878,True
KVAL007,486,16.501855,LShoulder,0.119924,0.053835,0.090555,-0.0573,1.227446,40.624763,True
KVAL007,487,16.535188,LShoulder,0.130367,0.11817,0.054885,0.00435,1.621277,43.231292,True
KVAL007,488,16.568533,LShoulder,0.096308,0.087405,0.030765,0.02625,2.052021,38.409072,True
KVAL007,489,16.601866,LShoulder,0.015308,-0.009105,0.006885,-0.0102,1.463683,34.359262,True
KVAL007,490,16.635166,LShoulder,0.018336,-0.006885,0.0159,0.006,0.405081,22.675903,True
KVAL007,491,16.668511,LShoulder,0.019751,0.00069,0.013965,0.01395,0.230774,10.373624,True
KVAL007,492,16.701844,LShoulder,0.007819,-0.001005,0.006315,-0.0045,0.30643,5.123642,True
KVAL007,493,16.735177,LShoulder,0.003202,9e-05,0.001935,-0.00255,0.472926,5.298268,True
KVAL007,494,16.7685,LShoulder,0.026176,0.01569,-0.02043,-0.00465,0.409052,15.829509,True
KVAL007,495,16.801844,LShoulder,0.026129,0.01533,-0.020535,-0.0051,0.764974,15.052157,True
KVAL007,496,16.835166,LShoulder,0.047281,0.04059,0.02034,0.0132,0.763359,21.559824,True
KVAL007,497,16.8685,LShoulder,0.046852,0.040275,0.019665,0.01365,0.723691,21.215698,True
KVAL007,498,16.901833,LShoulder,0.001041,-0.00069,-0.000765,-0.00015,0.703068,11.073173,True
KVAL007,499,16.935177,LShoulder,2.1e-05,-1.5e-05,-1.5e-05,0.0,0.015616,10.550337,True
KVAL007,500,16.9685,LShoulder,0.0,0.0,0.0,0.0,0.000318,0.234241,True
KVAL007,501,17.001844,LShoulder,0.0,0.0,0.0,0.0,0.0,0.004773,True
KVAL007,502,17.035166,LShoulder,0.0,0.0,0.0,0.0,0.0,6.570529,True
KVAL007,503,17.068511,LShoulder,0.0,0.0,0.0,0.0,0.438035,6.868739,True
KVAL007,504,17.101833,LShoulder,0.029202,-0.01296,-0.025725,-0.0048,0.457916,12.813299,True
KVAL007,505,17.135166,LShoulder,0.030528,-0.013485,-0.02688,-0.00525,0.416192,13.707734,True
KVAL007,506,17.1685,LShoulder,0.001475,-0.000705,-0.001215,-0.00045,0.455935,5.971306,True
KVAL007,507,17.201844,LShoulder,0.00019,-0.00018,-6e-05,0.0,0.019145,10.601455,True
KVAL007,508,17.235166,LShoulder,0.000467,-0.000465,-4.5e-05,0.0,0.648552,9.899269,True
KVAL007,509,17.2685,LShoulder,0.043089,0.036345,-0.003,-0.02295,0.657854,19.444916,True
KVAL007,510,17.301833,LShoulder,0.043469,0.036495,-0.00318,-0.0234,0.647815,19.683082,True
KVAL007,511,17.335166,LShoulder,0.000783,-0.000495,-9e-05,-0.0006,0.654354,10.84012,True
KVAL007,512,17.3685,LShoulder,0.000326,-0.00027,0.000105,-0.00015,0.215742,10.671945,True
KVAL007,513,17.401844,LShoulder,0.015124,-0.005385,-0.002265,-0.01395,0.247201,4.254049,True
KVAL007,514,17.435177,LShoulder,0.016734,-0.0084,-0.001455,-0.0144,0.087431,5.432748,True
KVAL007,515,17.468511,LShoulder,0.011901,-0.006885,-0.004305,-0.0087,0.127583,2.400802,True
KVAL007,516,17.501833,LShoulder,0.010402,-0.00378,-0.005085,-0.00825,0.171887,1.989132,True
KVAL007,517,17.535177,LShoulder,0.000445,-0.0003,-0.000135,-0.0003,0.149861,5.733803,True
KVAL007,518,17.5685,LShoulder,0.000445,-0.0003,-0.000135,-0.0003,0.539933,5.864307,True
KVAL007,519,17.601833,LShoulder,0.03559,0.012495,0.00642,0.0327,0.5301,16.527029,True
KVAL007,520,17.635166,LShoulder,0.034935,0.011985,0.00681,0.0321,0.564847,20.104967,True
KVAL007,521,17.668511,LShoulder,0.005932,-0.005325,-0.002505,0.00075,0.810578,6.154202,True
KVAL007,522,17.701844,LShoulder,0.019211,-0.005835,-0.00612,-0.01725,0.310445,18.786304,True
KVAL007,523,17.735188,LShoulder,0.019578,0.00036,-0.0045,-0.01905,0.456291,14.494513,True
KVAL007,524,17.7685,LShoulder,0.014554,0.01095,-0.00513,0.0081,0.691158,6.837731,True
KVAL007,525,17.801844,LShoulder,0.028396,0.01392,6e-05,0.02475,0.200165,19.430221,True
KVAL007,526,17.835177,LShoulder,0.016643,0.004665,0.004065,0.01545,0.641107,6.957402,True
KVAL007,527,17.868522,LShoulder,0.019446,-0.0018,0.015195,-0.012,0.406675,14.017021,True
KVAL007,528,17.901833,LShoulder,0.018974,0.000255,0.017295,-0.0078,0.303722,9.75031,True
KVAL007,529,17.935166,LShoulder,0.005079,0.00273,0.00273,0.0033,0.277106,4.998029,True
KVAL007,530,17.968511,LShoulder,0.000618,0.00036,0.00048,-0.00015,0.076184,4.384119,True
KVAL007,531,18.001844,LShoulder,0.0,0.0,0.0,0.0,0.041293,0.89456,True
KVAL007,532,18.035166,LShoulder,0.002856,-7.5e-05,0.000165,-0.00285,0.042865,1.226779,True
KVAL007,533,18.068511,LShoulder,0.002858,-7.5e-05,0.000195,-0.00285,0.040675,1.218165,True
KVAL007,534,18.101833,LShoulder,0.000432,0.0,0.000405,-0.00015,0.039162,0.68276,True
KVAL007,535,18.135177,LShoulder,0.000808,0.0,0.00075,-0.0003,0.011286,1.284382,True
