video_id,frame_index,timestamp_sec,joint_name,speed_ms,velocity_x,velocity_y,velocity_z,accel_ms2,jerk_ms3,reference_valid
KVAL0011,0,0.0,Neck,0.037819,0.01809,0.01425,0.03,22.202561,198.865204,True
KVAL0011,1,0.301866,Neck,0.773333,0.162495,0.018165,0.75585,15.7056,436.257575,True
KVAL0011,2,0.335177,Neck,1.080153,0.277455,-0.02745,1.04355,6.919481,496.760837,True
KVAL0011,3,0.368522,Neck,0.319643,0.10353,-0.03021,0.3009,17.412887,35.443589,True
KVAL0011,4,0.401833,Neck,0.081175,-0.02598,0.009225,-0.07635,5.506762,285.144763,True
KVAL0011,5,0.435166,Neck,0.049693,-0.01119,0.01965,-0.04425,1.609829,91.507109,True
KVAL0011,6,0.468511,Neck,0.034204,-0.00552,0.01785,0.02865,0.669284,33.016839,True
KVAL0011,7,0.501844,Neck,0.012442,-0.00045,-0.00711,-0.0102,0.668843,9.606472,True
KVAL0011,8,0.535166,Neck,0.010603,-0.000615,-0.00624,-0.00855,0.186753,29.014482,True
KVAL0011,9,0.5685,Neck,1.5e-05,0.0,1.5e-05,0.0,1.282448,14.512221,True
KVAL0011,10,0.601833,Neck,0.075764,-0.01143,0.018405,0.0726,1.13615,36.275305,True
KVAL0011,11,0.635177,Neck,0.075747,-0.011415,0.018345,0.0726,1.136709,34.085313,True
KVAL0011,12,0.6685,Neck,6.2e-05,1.5e-05,-6e-05,0.0,1.136204,21.83176,True
KVAL0011,13,0.701833,Neck,0.0,0.0,0.0,0.0,0.768784,21.686934,True
KVAL0011,14,0.735166,Neck,0.051307,0.022515,-0.040965,0.02115,0.767035,23.128902,True
KVAL0011,15,0.768511,Neck,0.051136,0.02295,-0.04089,0.0204,0.773193,34.020827,True
KVAL0011,16,0.801844,Neck,0.00087,0.00042,0.000135,-0.00075,1.644346,15.980601,True
KVAL0011,17,0.835188,Neck,0.08001,-0.02793,0.04923,0.05655,0.968514,45.639763,True
KVAL0011,18,0.8685,Neck,0.064013,-0.01191,0.040995,0.0477,1.465163,28.981616,True
KVAL0011,19,0.901844,Neck,0.020144,0.01596,-0.00837,-0.009,0.963628,26.132747,True
KVAL0011,20,0.935166,Neck,0.00025,-4.5e-05,-0.000195,-0.00015,0.302066,14.503671,True
KVAL0011,21,0.968511,Neck,1.5e-05,0.0,-1.5e-05,0.0,0.003579,11.587674,True
KVAL0011,22,1.001833,Neck,1.5e-05,0.0,-1.5e-05,0.0,0.525778,8.490937,True
KVAL0011,23,1.035177,Neck,0.035066,0.0135,-0.03225,-0.0027,0.563773,14.989582,True
KVAL0011,24,1.068511,Neck,0.037599,0.011235,-0.03585,0.0015,0.504417,18.285606,True
KVAL0011,25,1.101855,Neck,0.016755,0.010365,-0.002625,0.0129,0.750952,7.218923,True
KVAL0011,26,1.135166,Neck,0.035116,0.01662,0.00453,0.0306,0.644777,19.47812,True
KVAL0011,27,1.1685,Neck,0.050473,-0.010635,0.00933,0.04845,0.823996,24.35256,True
KVAL0011,28,1.201844,Neck,0.038655,-0.035655,-0.001545,0.01485,1.115291,42.02189,True
KVAL0011,29,1.235177,Neck,0.049205,-0.02373,-0.04302,-0.0027,2.854838,50.199636,True
KVAL0011,30,1.268511,Neck,0.176541,-0.016305,-0.059805,-0.1653,3.74798,51.213691,True
KVAL0011,31,1.301855,Neck,0.245825,-0.011805,0.017025,-0.24495,4.372435,35.6217,True
KVAL0011,32,1.335166,Neck,0.423939,-0.04401,0.094815,-0.41085,1.55961,140.033993,True
KVAL0011,33,1.368511,Neck,0.344268,-0.044505,0.051315,-0.3375,5.013476,37.391615,True
KVAL0011,34,1.401833,Neck,0.101456,-0.009075,-0.02025,-0.099,1.534845,146.267163,True
KVAL0011,35,1.435177,Neck,0.356167,0.01665,-0.02892,-0.3546,5.324865,46.40414,True
KVAL0011,36,1.468511,Neck,0.454968,0.01839,-0.124905,-0.4371,2.879659,175.256038,True
KVAL0011,37,1.501855,Neck,0.216442,-0.00765,-0.11364,-0.18405,6.360651,32.071764,True
KVAL0011,38,1.535177,Neck,0.04613,-0.026535,0.00789,-0.0369,2.218057,108.876129,True
KVAL0011,39,1.568522,Neck,0.082438,-0.029715,-0.060075,-0.048,1.264226,44.744618,True
KVAL0011,40,1.601833,Neck,0.09119,0.01737,-0.056115,-0.06975,2.287489,48.142397,True
KVAL0011,41,1.635177,Neck,0.106726,0.05397,0.066435,-0.06375,2.092178,57.153939,True
KVAL0011,42,1.668511,Neck,0.065859,0.025365,0.060435,0.00645,2.00687,37.865301,True
KVAL0011,43,1.701855,Neck,0.058523,-0.013905,0.0327,0.0465,0.901901,41.674373,True
KVAL0011,44,1.735166,Neck,0.046593,0.010095,0.01512,0.0429,1.055041,20.014423,True
KVAL0011,45,1.768511,Neck,0.020696,0.017865,-0.01041,0.0009,0.650605,24.641223,True
KVAL0011,46,1.801844,Neck,0.011403,0.00804,0.008085,0.00015,0.765393,20.806303,True
KVAL0011,47,1.835177,Neck,0.045282,-0.01797,-0.02178,0.0354,1.108525,21.895127,True
KVAL0011,48,1.8685,Neck,0.065463,-0.005415,-0.05979,0.0261,0.874843,29.335455,True
KVAL0011,49,1.901833,Neck,0.064112,0.03963,-0.02412,0.04425,0.926573,37.215141,True
KVAL0011,50,1.935177,Neck,0.041451,0.03642,-0.018255,0.00765,2.049144,20.174154,True
KVAL0011,51,1.968511,Neck,0.085428,0.013575,0.054345,-0.0645,0.981352,55.771109,True
KVAL0011,52,2.001833,Neck,0.028082,-0.010965,0.025755,-0.00225,1.960126,12.631234,True
KVAL0011,53,2.035177,Neck,0.068994,-0.0312,-0.059025,-0.0174,0.351558,52.392109,True
KVAL0011,54,2.0685,Neck,0.046697,-0.01125,0.040395,-0.02055,2.05653,22.665031,True
KVAL0011,55,2.101844,Neck,0.078912,0.01296,0.03954,0.06705,1.241758,34.823444,True
KVAL0011,56,2.135166,Neck,0.074678,0.01569,0.044865,0.0576,1.022492,24.718484,True
KVAL0011,57,2.168511,Neck,0.085698,0.00573,0.084015,0.0159,1.076735,40.635692,True
KVAL0011,58,2.201833,Neck,0.07957,-0.02529,-0.01158,0.07455,1.812113,44.085618,True
KVAL0011,59,2.235177,Neck,0.058587,-0.00966,-0.03126,0.0486,2.344612,60.388608,True
KVAL0011,60,2.2685,Neck,0.079067,0.000525,0.00156,-0.07905,2.827943,43.699941,True
KVAL0011,61,2.301844,Neck,0.135129,0.024855,0.00771,-0.1326,0.605697,83.888619,True
KVAL0011,62,2.335166,Neck,0.044717,0.002535,-0.014715,-0.04215,2.775935,11.893281,True
KVAL0011,63,2.3685,Neck,0.052338,-0.02415,-0.01257,0.0447,0.417019,65.477047,True
KVAL0011,64,2.401844,Neck,0.045403,0.02154,0.005415,-0.0396,1.642791,20.14713,True
KVAL0011,65,2.435177,Neck,0.062366,-0.003945,0.032715,-0.05295,1.270362,46.794745,True
KVAL0011,66,2.4685,Neck,0.056224,-0.02991,0.04533,0.01455,1.560567,35.209755,True
KVAL0011,67,2.501833,Neck,0.049028,-0.00606,-0.046425,0.01455,1.517184,28.319092,True
KVAL0011,68,2.535166,Neck,0.065849,-0.021915,-0.054285,0.03015,0.990746,32.653334,True
KVAL0011,69,2.568511,Neck,0.074795,-0.05997,-0.018585,0.04065,0.763889,27.66875,True
KVAL0011,70,2.601833,Neck,0.051725,-0.047895,-0.01911,0.00405,0.945169,15.855074,True
KVAL0011,71,2.635177,Neck,0.024795,-0.018225,-0.015525,-0.00645,0.435572,15.386278,True
KVAL0011,72,2.668511,Neck,0.026763,-0.019335,-0.01641,0.00855,0.879035,20.349279,True
KVAL0011,73,2.701844,Neck,0.075564,-0.04455,-0.016365,-0.0588,1.178147,28.517342,True
KVAL0011,74,2.735166,Neck,0.074193,-0.028935,-0.003045,-0.06825,1.037889,31.162956,True
KVAL0011,75,2.768511,Neck,0.00793,-0.007395,0.00027,-0.00285,0.912956,20.542574,True
KVAL0011,76,2.801833,Neck,0.017189,-0.01449,-0.001335,-0.00915,0.776074,13.000914,True
KVAL0011,77,2.835166,Neck,0.053066,-0.020025,-0.047655,0.012,0.787173,23.504305,True
KVAL0011,78,2.8685,Neck,0.051219,-0.0129,-0.046125,0.01815,0.795153,23.010753,True
KVAL0011,79,2.901844,Neck,0.000178,-6e-05,-7.5e-05,-0.00015,0.768279,11.883232,True
KVAL0011,80,2.935166,Neck,0.0,0.0,0.0,0.0,0.013981,11.457216,True
KVAL0011,81,2.968511,Neck,0.001005,-0.00081,0.00039,-0.00045,0.01508,13.385643,True
KVAL0011,82,3.001833,Neck,0.001005,-0.00081,0.00039,-0.00045,0.90022,14.243494,True
KVAL0011,83,3.035166,Neck,0.060648,-0.00438,0.028695,-0.05325,0.961342,25.675928,True
KVAL0011,84,3.068511,Neck,0.064881,-0.023085,0.01701,-0.0582,0.945235,9.698995,True
KVAL0011,85,3.101844,Neck,0.04687,-0.04017,-0.011925,-0.021,0.709063,29.444216,True
KVAL0011,86,3.135166,Neck,0.10479,-0.045765,-0.003585,-0.0942,1.270471,23.608156,True
KVAL0011,87,3.168511,Neck,0.109192,-0.02697,-0.016275,-0.10455,0.903273,36.393481,True
KVAL0011,88,3.201844,Neck,0.048689,-0.007005,-0.00177,-0.04815,1.298634,10.181231,True
KVAL0011,89,3.235177,Neck,0.045319,-0.00399,0.029115,-0.0345,0.758418,16.980619,True
KVAL0011,90,3.2685,Neck,0.021255,-0.009345,0.018975,-0.0021,0.239905,17.57527,True
KVAL0011,91,3.301844,Neck,0.032582,-0.001635,0.02649,-0.0189,0.641128,6.031556,True
KVAL0011,92,3.335177,Neck,0.059374,-0.010665,0.04767,-0.03375,0.307457,20.650185,True
KVAL0011,93,3.368511,Neck,0.035259,-0.02145,0.0213,-0.01815,0.843192,7.085852,True
KVAL0011,94,3.401844,Neck,0.042058,-0.034785,-0.00207,-0.02355,0.507305,19.560348,True
KVAL0011,95,3.435177,Neck,0.038754,-0.0276,-0.011295,-0.02475,0.631829,16.279108,True
KVAL0011,96,3.4685,Neck,0.013989,0.00399,0.008145,-0.01065,0.757916,14.645197,True
KVAL0011,97,3.501833,Neck,0.03911,0.01932,0.005235,-0.0336,0.640364,26.77099,True
KVAL0011,98,3.535177,Neck,0.055952,0.00045,0.03345,-0.04485,1.33485,28.793791,True
KVAL0011,99,3.568511,Neck,0.085633,-0.041475,0.069885,-0.027,1.386555,34.758624,True
KVAL0011,100,3.601833,Neck,0.058662,-0.033765,0.02547,0.04065,1.364305,32.126558,True
KVAL0011,101,3.635166,Neck,0.057546,-0.01752,0.02535,0.0486,0.760492,31.382962,True
KVAL0011,102,3.668511,Neck,0.03943,-0.013365,0.03684,-0.00435,0.743461,19.96673,True
KVAL0011,103,3.701844,Neck,0.047669,-0.02163,0.04242,0.00225,0.638803,18.08809,True
KVAL0011,104,3.735177,Neck,0.067141,-0.02415,0.052875,0.0336,0.495005,24.394586,True
KVAL0011,105,3.768511,Neck,0.058005,-0.033765,0.034695,0.03195,0.99938,21.116359,True
KVAL0011,106,3.801833,Neck,0.035666,-0.020265,0.018105,-0.0231,0.995277,26.396142,True
KVAL0011,107,3.835177,Neck,0.017773,0.003465,0.00747,-0.01575,0.948727,32.413882,True
KVAL0011,108,3.8685,Neck,0.039599,-0.01497,-0.0021,0.0366,1.216016,21.505625,True
KVAL0011,109,3.901844,Neck,0.066339,-0.032775,0.010575,0.0567,0.563048,34.020328,True
KVAL0011,110,3.935177,Neck,0.036747,-0.015285,0.02931,0.01605,1.057477,14.123918,True
KVAL0011,111,3.968522,Neck,0.017313,0.002475,0.01665,-0.00405,0.54992,19.161782,True
KVAL0011,112,4.001844,Neck,0.000108,-9e-05,6e-05,0.0,0.967917,25.315115,True
KVAL0011,113,4.035188,Neck,0.081273,-0.006885,0.07878,-0.01875,1.458239,34.776261,True
KVAL0011,114,4.0685,Neck,0.097251,0.010605,0.07254,-0.0639,1.429862,39.209338,True
KVAL0011,115,4.101844,Neck,0.049851,0.020925,-0.008715,-0.0444,1.159838,27.470241,True
KVAL0011,116,4.135166,Neck,0.022189,0.00198,0.00951,-0.01995,0.538647,18.804566,True
KVAL0011,117,4.1685,Neck,0.025314,-0.00663,0.00252,-0.0243,0.4891,21.452448,True
KVAL0011,118,4.201844,Neck,0.047212,0.009915,-0.0096,-0.04515,0.923928,22.440438,True
KVAL0011,119,4.235177,Neck,0.0753,0.02283,-0.036465,-0.0618,1.133551,44.28197,True
KVAL0011,120,4.268511,Neck,0.038688,0.003765,-0.026055,0.02835,2.089017,40.35323,True
KVAL0011,121,4.301844,Neck,0.066742,-0.026925,0.00756,0.0606,1.574558,56.041062,True
KVAL0011,122,4.335166,Neck,0.07817,-0.007035,-0.01797,-0.07575,1.689652,61.893452,True
KVAL0011,123,4.3685,Neck,0.046649,0.01677,0.005355,-0.0432,2.580477,44.913777,True
KVAL0011,124,4.401833,Neck,0.094241,0.00453,0.00999,0.0936,1.362011,56.106586,True
KVAL0011,125,4.435166,Neck,0.047481,0.0021,-0.021465,0.0423,1.162385,30.419312,True
KVAL0011,126,4.468511,Neck,0.019401,-0.00666,-0.002835,0.018,0.739412,16.368715,True
KVAL0011,127,4.501844,Neck,0.031133,0.028545,0.00588,0.01095,0.660359,20.698509,True
KVAL0011,128,4.535177,Neck,0.031052,0.03057,-0.00072,-0.0054,0.775192,20.843532,True
KVAL0011,129,4.568522,Neck,0.047156,-0.01077,0.018195,0.04215,0.734135,17.684516,True
KVAL0011,130,4.601844,Neck,0.020987,-0.01332,0.003195,0.0159,0.492337,17.943504,True
KVAL0011,131,4.635188,Neck,0.043647,0.01236,-0.005085,0.04155,0.555348,19.985618,True
KVAL0011,132,4.668511,Neck,0.031397,0.014925,0.026115,0.009,1.11963,14.552993,True
KVAL0011,133,4.701844,Neck,0.032684,0.00141,0.01254,-0.03015,0.453884,28.248378,True
KVAL0011,134,4.735177,Neck,0.023942,0.004845,0.001485,0.0234,0.786475,2.838584,True
KVAL0011,135,4.768511,Neck,0.025557,-0.001515,0.01257,0.0222,0.351052,14.333979,True
KVAL0011,136,4.801844,Neck,0.043164,-0.00225,-0.011475,0.04155,0.469126,15.321558,True
KVAL0011,137,4.835188,Neck,0.026651,0.00111,-0.01845,0.0192,0.693241,11.797097,True
KVAL0011,138,4.8685,Neck,0.003738,0.00147,-0.00096,-0.0033,0.437066,14.410839,True
KVAL0011,139,4.901844,Neck,0.005038,-0.001995,-0.001575,-0.00435,0.321715,10.579247,True
KVAL0011,140,4.935166,Neck,0.018243,-0.01362,-0.002625,0.01185,0.310103,18.87234,True
KVAL0011,141,4.9685,Neck,0.018537,-0.01104,-0.005595,0.0138,0.998929,19.906194,True
KVAL0011,142,5.001844,Neck,0.054815,-0.00717,0.022095,-0.04965,1.043906,29.031844,True
KVAL0011,143,5.035177,Neck,0.055246,-0.007695,0.02652,-0.04785,1.080448,35.384702,True
KVAL0011,144,5.068511,Neck,0.046184,-0.00264,-0.04245,-0.018,1.396381,19.465425,True
KVAL0011,145,5.101844,Neck,0.05234,-0.00681,-0.05184,0.0024,0.362327,31.434432,True
KVAL0011,146,5.135166,Neck,0.023172,-0.003225,-0.02253,-0.00435,0.715895,2.979276,True
KVAL0011,147,5.168511,Neck,0.030078,0.00471,-0.014985,-0.02565,0.328677,10.292532,True
KVAL0011,148,5.201833,Neck,0.004561,0.003825,-0.00198,-0.0015,0.333146,12.34229,True
KVAL0011,149,5.235166,Neck,0.017842,0.012225,0.001575,-0.0129,0.761907,19.181378,True
KVAL0011,150,5.268511,Neck,0.05,0.006855,-0.008745,0.04875,1.412119,27.043473,True
KVAL0011,151,5.301844,Neck,0.080418,0.000105,-0.00171,0.0804,1.137765,49.3209,True
KVAL0011,152,5.335166,Neck,0.051512,0.035415,-0.03327,-0.0171,1.970035,19.561537,True
KVAL0011,153,5.3685,Neck,0.072405,0.02646,-0.057165,-0.0357,0.413156,35.913759,True
KVAL0011,154,5.401844,Neck,0.050612,0.011775,-0.047115,-0.01425,0.450424,19.548757,True
KVAL0011,155,5.435177,Neck,0.049694,0.00999,-0.04698,-0.01275,1.242151,33.855784,True
KVAL0011,156,5.4685,Neck,0.081792,-0.021015,-0.00684,-0.07875,2.034239,43.431897,True
KVAL0011,157,5.501844,Neck,0.130422,-0.007005,0.02178,-0.1284,1.758324,91.971877,True
KVAL0011,158,5.535177,Neck,0.042809,0.035295,-0.0033,0.024,4.188924,22.554574,True
KVAL0011,159,5.568511,Neck,0.149744,0.031935,-0.024105,0.1443,0.868019,78.905848,True
KVAL0011,160,5.601844,Neck,0.0748,0.006675,-0.007725,0.0741,1.090066,5.713077,True
KVAL0011,161,5.635177,Neck,0.078431,0.00816,-0.018,0.0759,0.74459,4.02561,True
KVAL0011,162,5.6685,Neck,0.122942,0.000285,-0.02388,0.1206,0.830704,41.620804,True
KVAL0011,163,5.701844,Neck,0.031547,-0.011145,-0.017175,0.024,2.054532,13.042848,True
KVAL0011,164,5.735166,Neck,0.020922,-0.00339,-0.01317,-0.0159,0.559016,51.920418,True
KVAL0011,165,5.768511,Neck,0.02187,-0.00537,0.01758,0.01185,1.527006,18.573646,True
KVAL0011,166,5.801844,Neck,0.081787,0.002715,0.03072,0.07575,0.912488,42.361304,True
KVAL0011,167,5.835177,Neck,0.071931,0.0093,0.01083,0.0705,1.374504,35.508872,True
KVAL0011,168,5.8685,Neck,0.036573,0.03225,0.01443,-0.00945,1.480675,25.021306,True
KVAL0011,169,5.901844,Neck,0.04084,0.01476,0.02715,-0.0267,0.739605,32.679425,True
KVAL0011,170,5.935177,Neck,0.023034,6e-05,-0.02259,-0.0045,1.070952,15.983081,True
KVAL0011,171,5.968511,Neck,0.043364,0.012135,-0.041175,-0.00615,0.395459,28.459898,True
KVAL0011,172,6.001844,Neck,0.007715,0.00432,0.00108,0.0063,1.096315,10.980841,True
KVAL0011,173,6.035177,Neck,0.041725,-0.00432,0.01377,0.03915,0.398017,31.854596,True
KVAL0011,174,6.068511,Neck,0.019284,-0.01323,-0.00858,-0.0111,1.140612,9.727561,True
KVAL0011,175,6.101855,Neck,0.034736,0.00423,-0.004365,-0.0342,0.279901,28.091726,True
KVAL0011,176,6.135177,Neck,0.012812,0.0003,-0.012765,0.00105,0.906415,1.181404,True
KVAL0011,177,6.168522,Neck,0.041771,0.015885,-0.03486,0.01665,0.325259,26.197425,True
KVAL0011,178,6.201833,Neck,0.026319,0.01782,-0.01359,0.0138,1.005494,21.499788,True
KVAL0011,179,6.235177,Neck,0.073525,0.035955,-0.04401,-0.04665,1.364855,30.928001,True
KVAL0011,180,6.2685,Neck,0.098396,0.05448,-0.061095,-0.0546,1.080291,56.618798,True
KVAL0011,181,6.301844,Neck,0.022986,0.01176,-0.01383,0.0141,2.422821,10.095084,True
KVAL0011,182,6.335177,Neck,0.064597,-0.02178,0.039015,0.04665,0.821203,61.096669,True
KVAL0011,183,6.368522,Neck,0.047176,-0.01224,0.031725,0.0327,1.832575,37.473232,True
KVAL0011,184,6.401844,Neck,0.087046,0.0672,-0.043725,0.0339,1.742265,39.533473,True
KVAL0011,185,6.435177,Neck,0.094729,0.06141,-0.05742,0.04365,0.904433,43.936281,True
KVAL0011,186,6.468522,Neck,0.028442,0.01653,-0.02031,0.0111,1.192762,34.061574,True
KVAL0011,187,6.501855,Neck,0.039206,0.019125,0.009075,0.033,1.616272,24.476015,True
KVAL0011,188,6.535188,Neck,0.120714,0.071985,0.01782,0.09525,0.644483,50.323375,True
KVAL0011,189,6.568533,Neck,0.073202,0.061785,0.009465,0.0381,1.913309,30.371488,True
KVAL0011,190,6.601866,Neck,0.091353,-0.018165,-0.065625,0.0609,1.606216,54.312658,True
KVAL0011,191,6.635166,Neck,0.103456,0.00033,-0.06915,0.07695,1.791451,54.823749,True
KVAL0011,192,6.668511,Neck,0.08075,0.04011,0.038595,0.0585,2.138467,33.985335,True
KVAL0011,193,6.701833,Neck,0.121688,0.069285,0.05547,0.08325,0.590553,51.536109,True
KVAL0011,194,6.735166,Neck,0.090432,0.02691,0.013005,0.08535,1.371958,32.416001,True
KVAL0011,195,6.7685,Neck,0.081399,-0.003945,0.000705,0.0813,1.631821,36.176499,True
KVAL0011,196,6.801844,Neck,0.05884,0.02733,0.04917,-0.01725,1.641689,33.4589,True
KVAL0011,197,6.835177,Neck,0.037876,0.02121,0.021075,-0.02325,1.611532,15.171776,True
KVAL0011,198,6.868522,Neck,0.072347,-0.0078,-0.044445,-0.05655,1.838552,43.919059,True
KVAL0011,199,6.901844,Neck,0.141085,-0.0009,-0.0048,-0.141,1.371765,63.487008,True
KVAL0011,200,6.935188,Neck,0.046221,0.043875,0.01263,-0.0072,2.454126,62.144119,True
KVAL0011,201,6.9685,Neck,0.055912,0.04995,-0.02109,0.01365,3.10836,49.975881,True
KVAL0011,202,7.001844,Neck,0.219639,0.073005,-0.07032,-0.19485,2.017305,108.236778,True
KVAL0011,203,7.035177,Neck,0.173617,0.10248,-0.13683,-0.0303,4.268792,67.904525,True
KVAL0011,204,7.068511,Neck,0.12158,0.040875,-0.07338,0.0879,2.569649,69.370123,True
KVAL0011,205,7.101833,Neck,0.024916,0.008385,0.00612,-0.02265,1.81026,47.330958,True
KVAL0011,206,7.135166,Neck,0.090369,-0.02655,0.02655,0.0822,1.605608,52.981473,True
KVAL0011,207,7.168511,Neck,0.082831,-0.00591,-0.020835,0.07995,1.901835,36.48246,True
KVAL0011,208,7.201844,Neck,0.071695,0.047835,-0.05121,0.01515,0.831643,39.757151,True
KVAL0011,209,7.235166,Neck,0.029108,0.00063,0.00027,0.0291,1.162277,35.637205,True
KVAL0011,210,7.268511,Neck,0.046051,-0.023655,-0.037785,-0.01155,1.615788,36.33416,True
KVAL0011,211,7.301844,Neck,0.128069,0.00549,-0.08268,0.09765,1.529893,70.090713,True
KVAL0011,212,7.335188,Neck,0.081289,0.01509,-0.01146,0.07905,3.132266,37.092093,True
KVAL0011,213,7.3685,Neck,0.088235,0.02343,0.0219,-0.0822,1.035287,84.70761,True
KVAL0011,214,7.401844,Neck,0.064056,0.012555,-0.056715,0.027,2.529741,21.477441,True
KVAL0011,215,7.435177,Neck,0.083149,-0.00501,-0.0438,0.0705,0.904428,50.841813,True
KVAL0011,216,7.468511,Neck,0.04063,-0.032955,-0.02283,0.0066,1.80113,46.690758,True
KVAL0011,217,7.501855,Neck,0.119803,-0.006405,0.073935,0.09405,2.627364,75.793386,True
KVAL0011,218,7.535188,Neck,0.146226,0.089475,0.06582,0.0951,3.456963,81.875619,True
KVAL0011,219,7.568522,Neck,0.121296,0.06078,-0.091155,-0.05205,2.920975,224.42343,True
KVAL0011,220,7.601866,Neck,0.065156,0.010515,-0.050895,-0.0393,13.893035,242.644267,True
KVAL0011,221,7.6352,Neck,0.899883,0.285255,0.6729,-0.525,15.600484,497.21758,True
KVAL0011,222,7.668511,Neck,1.03048,0.232275,0.731535,-0.6876,19.545795,551.02455,True
KVAL0011,223,7.701844,Neck,0.430211,-0.241665,-0.180765,0.3066,21.264539,472.82499,True
KVAL0011,224,7.735188,Neck,0.426748,0.10797,-0.245895,0.33165,12.9809,327.196645,True
KVAL0011,225,7.768522,Neck,0.456761,0.36993,0.0381,-0.2652,24.234439,608.559607,True
KVAL0011,226,7.801855,Neck,1.866466,-0.468675,0.08208,1.8048,28.554169,1048.966087,True
KVAL0011,227,7.8352,Neck,1.531046,-0.38358,-0.014115,1.48215,46.169006,983.494161,True
KVAL0011,228,7.868533,Neck,1.240121,0.00171,-0.20022,-1.22385,38.071751,835.363671,True
KVAL0011,229,7.901844,Neck,1.091371,-0.210225,-0.265305,-1.03755,9.522084,715.983105,True
KVAL0011,230,7.935177,Neck,0.623149,-0.09702,-0.138135,-0.59985,10.393418,48.044155,True
KVAL0011,231,7.968511,Neck,0.419256,-0.047325,-0.00468,-0.41655,11.226516,64.323842,True
KVAL0011,232,8.001855,Neck,0.135768,-0.036675,0.020205,0.12915,9.003066,184.387745,True
KVAL0011,233,8.035188,Neck,0.184341,-0.02139,0.005925,0.183,1.321627,156.062146,True
KVAL0011,234,8.068522,Neck,0.082747,-0.016065,-0.04152,0.06975,1.49613,37.39627,True
KVAL0011,235,8.101855,Neck,0.108758,-0.04866,0.03381,0.0912,1.875181,16.288255,True
KVAL0011,236,8.1352,Neck,0.079854,-0.06411,0.04746,-0.00375,1.223213,32.85857,True
KVAL0011,237,8.168533,Neck,0.045918,-0.042555,-1.5e-05,0.01725,1.348244,16.00245,True
KVAL0011,238,8.201833,Neck,0.079518,0.00111,0.045,-0.06555,1.428054,28.590829,True
KVAL0011,239,8.235177,Neck,0.064295,0.00876,0.020955,-0.06015,0.660885,28.879585,True
KVAL0011,240,8.2685,Neck,0.094274,-0.03594,0.066825,-0.05595,0.967164,22.308453,True
KVAL0011,241,8.301844,Neck,0.094751,-0.03597,0.06723,-0.05625,1.022029,30.879574,True
KVAL0011,242,8.335177,Neck,0.026295,-0.011355,0.01689,-0.01665,1.327927,11.082949,True
KVAL0011,243,8.368511,Neck,0.048564,-0.040845,-0.01428,-0.02205,0.727366,25.614923,True
KVAL0011,244,8.401844,Neck,0.039107,-0.01719,-0.031245,-0.01605,0.841582,20.100643,True
KVAL0011,245,8.435177,Neck,0.01618,0.0123,-0.000495,-0.0105,0.66121,16.256811,True
KVAL0011,246,8.4685,Neck,0.00974,-0.00603,0.005955,0.0048,0.376526,9.676735,True
KVAL0011,247,8.501844,Neck,0.01011,-0.006345,0.00612,0.00495,0.038946,5.175191,True
KVAL0011,248,8.535177,Neck,0.011967,-0.007245,0.006405,0.00705,0.037008,3.023188,True
KVAL0011,249,8.568511,Neck,0.012181,-0.007125,0.006765,0.0072,0.165888,3.182552,True
KVAL0011,250,8.601833,Neck,0.001001,-0.000345,0.000825,0.00045,0.179228,2.287936,True
KVAL0011,251,8.635166,Neck,0.000246,-7.5e-05,0.00018,0.00015,0.015016,3.588285,True
KVAL0011,252,8.6685,Neck,0.0,0.0,0.0,0.0,0.063695,1.258337,True
KVAL0011,253,8.701844,Neck,0.004489,-0.001065,0.00285,0.0033,0.069718,1.921514,True
KVAL0011,254,8.735166,Neck,0.004648,-0.00111,0.00291,0.00345,0.064409,2.083611,True
KVAL0011,255,8.768511,Neck,0.000198,-7.5e-05,0.000105,0.00015,0.069191,2.557261,True
KVAL0011,256,8.801844,Neck,5.4e-05,-3e-05,4.5e-05,0.0,0.111681,2.721025,True
KVAL0011,257,8.835188,Neck,0.007613,-0.003255,0.00645,0.0024,0.118596,3.310669,True
KVAL0011,258,8.868511,Neck,0.007958,-0.003375,0.006795,0.0024,0.109057,3.569392,True
KVAL0011,259,8.901844,Neck,0.000365,-0.00012,0.000345,0.0,0.119363,1.560641,True
KVAL0011,260,8.935177,Neck,0.0,0.0,0.0,0.0,0.005348,1.898374,True
KVAL0011,261,8.968522,Neck,2.1e-05,1.5e-05,1.5e-05,0.0,0.009485,0.197517,True
KVAL0011,262,9.001844,Neck,0.000632,9e-05,0.000435,0.00045,0.009277,0.273729,True
KVAL0011,263,9.035177,Neck,0.00063,7.5e-05,0.000435,0.00045,0.008787,0.245796,True
KVAL0011,264,9.0685,Neck,7.6e-05,-1.5e-05,7.5e-05,0.0,0.007158,0.153331,True
KVAL0011,265,9.101844,Neck,0.000168,-1.5e-05,7.5e-05,0.00015,0.002434,0.076218,True
KVAL0011,266,9.135177,Neck,0.000151,0.0,1.5e-05,0.00015,0.002526,0.068339,True
KVAL0011,267,9.168522,Neck,0.0,0.0,0.0,0.0,0.002261,4.202695,True
KVAL0011,268,9.201833,Neck,0.0,0.0,0.0,0.0,0.282259,7.341895,True
KVAL0011,269,9.235177,Neck,0.018817,-0.00492,-0.01482,-0.0105,0.490957,5.554263,True
KVAL0011,270,9.268511,Neck,0.03273,-0.003465,-0.02628,-0.0192,0.111415,14.728718,True
KVAL0011,271,9.301855,Neck,0.014462,0.001455,-0.01146,-0.0087,0.490957,2.225187,True
KVAL0011,272,9.335166,Neck,0.0,0.0,0.0,0.0,0.156623,6.413748,True
KVAL0011,273,9.368511,Neck,0.00403,0.00054,-0.0033,-0.00225,0.10052,1.250669,True
KVAL0011,274,9.401833,Neck,0.006701,0.005205,0.003885,0.00165,0.192546,6.913867,True
KVAL0011,275,9.435177,Neck,0.009413,0.004665,0.007185,0.0039,0.378493,9.087063,True
KVAL0011,276,9.4685,Neck,0.020469,-0.001905,-0.020325,0.0015,0.425779,10.228122,True
KVAL0011,277,9.501833,Neck,0.020469,-0.001905,-0.020325,0.0015,0.307037,10.194157,True
KVAL0011,278,9.535177,Neck,0.0,0.0,0.0,0.0,0.277576,5.497584,True
KVAL0011,279,9.568511,Neck,0.007162,-0.00666,-0.002565,-0.0006,0.10748,4.081413,True
KVAL0011,280,9.601833,Neck,0.007165,-0.006675,-0.002535,-0.0006,0.110996,5.359986,True
KVAL0011,281,9.635177,Neck,0.002588,-0.0009,0.001215,0.0021,0.302658,4.55984,True
KVAL0011,282,9.6685,Neck,0.018693,-0.0048,0.015915,-0.00855,0.282257,3.088634,True
KVAL0011,283,9.701844,Neck,0.018588,-0.003945,0.014715,-0.01065,0.366952,1.868312,True
KVAL0011,284,9.735166,Neck,0.040913,-0.001065,0.02889,-0.02895,0.349373,14.592972,True
KVAL0011,285,9.7685,Neck,0.040834,-0.00084,0.028785,-0.02895,0.615396,14.365766,True
KVAL0011,286,9.801844,Neck,0.000296,0.000255,-0.00015,0.0,0.612841,9.256882,True
KVAL0011,287,9.835177,Neck,6.7e-05,6e-05,-3e-05,0.0,0.004438,9.19768,True
KVAL0011,288,9.8685,Neck,0.0,0.0,0.0,0.0,0.001006,0.066565,True
KVAL0011,289,9.901844,Neck,0.0,0.0,0.0,0.0,0.0,0.030187,True
KVAL0011,0,0.0,RShoulder,0.218538,-0.19689,0.07995,0.051,50.302028,721.22848,True
KVAL0011,1,0.301866,RShoulder,1.729127,0.24525,1.533195,0.76095,34.135731,1092.700949,True
KVAL0011,2,0.335177,RShoulder,2.401247,-0.481815,1.892715,1.39695,32.481077,950.90782,False
KVAL0011,3,0.368522,RShoulder,2.089329,-1.34304,0.304485,1.57125,33.31297,746.680639,False
KVAL0011,4,0.401833,RShoulder,1.647046,-0.771765,-0.309,1.42185,23.795946,691.93432,True
KVAL0011,5,0.435166,RShoulder,0.622526,-0.283695,-0.21492,0.51075,24.549767,269.73693,True
KVAL0011,6,0.468511,RShoulder,0.032346,-0.031695,-0.0033,-0.00555,9.372944,365.824877,True
KVAL0011,7,0.501844,RShoulder,0.006102,-0.00219,-0.002535,-0.0051,0.479496,141.098925,True
KVAL0011,8,0.535166,RShoulder,0.001227,-0.00018,-0.00018,-0.0012,0.086496,42.746129,False
KVAL0011,9,0.5685,RShoulder,0.000375,-0.000225,-1.5e-05,-0.0003,2.735105,40.743513,False
KVAL0011,10,0.601833,RShoulder,0.182363,-0.04338,0.175515,-0.02385,2.735362,82.04159,True
KVAL0011,11,0.635177,RShoulder,0.182434,-0.043155,0.175725,-0.02325,2.734407,82.078049,False
KVAL0011,12,0.6685,RShoulder,0.000674,0.000225,0.00021,0.0006,2.736511,77.690948,False
KVAL0011,13,0.701833,RShoulder,0.0,0.0,0.0,0.0,4.31447,78.944074,True
KVAL0011,14,0.735166,RShoulder,0.288129,-0.10062,0.021885,0.2691,4.370425,128.825913,False
KVAL0011,15,0.768511,RShoulder,0.291362,-0.09426,0.02718,0.27435,4.275235,101.32118,False
KVAL0011,16,0.801844,RShoulder,0.010909,0.007095,0.006015,0.0057,6.755824,182.956099,True
KVAL0011,17,0.835188,RShoulder,0.61049,0.239175,0.19365,0.52725,9.340067,229.59341,True
KVAL0011,18,0.8685,RShoulder,0.633096,0.283845,0.32295,0.4647,9.356107,282.752324,True
KVAL0011,19,0.901844,RShoulder,0.149349,0.044715,0.1284,-0.0618,9.510204,150.969784,True
KVAL0011,20,0.935166,RShoulder,0.001786,-0.00069,-0.00162,0.0003,2.241433,142.881721,True
KVAL0011,21,0.968511,RShoulder,0.000151,-1.5e-05,-1.5e-05,0.00015,0.026214,81.685452,True
KVAL0011,22,1.001833,RShoulder,0.000151,-1.5e-05,-1.5e-05,0.00015,3.336212,27.123604,True
KVAL0011,23,1.035177,RShoulder,0.222393,0.103455,0.19686,-0.00135,1.820888,72.54928,True
KVAL0011,24,1.068511,RShoulder,0.1215,0.050445,0.05235,0.09735,1.959107,48.344152,True
KVAL0011,25,1.101855,RShoulder,0.170442,0.03612,0.13644,-0.09555,1.555968,137.183342,True
KVAL0011,26,1.135166,RShoulder,0.069466,0.068655,0.00951,0.00465,8.578768,278.974345,True
KVAL0011,27,1.1685,RShoulder,0.417177,0.1158,-0.295365,0.2709,17.724276,207.519981,True
KVAL0011,28,1.201844,RShoulder,1.161769,-0.279615,-0.63039,0.93495,13.683058,659.14683,False
KVAL0011,29,1.235177,RShoulder,1.075314,-0.5769,-0.277005,0.86415,27.212417,423.385791,True
KVAL0011,30,1.268511,RShoulder,0.866982,-0.35232,0.75783,-0.2307,14.943104,573.684177,False
KVAL0011,31,1.301855,RShoulder,0.126052,-0.03639,-0.112515,0.04365,14.389375,178.3314,False
KVAL0011,32,1.335166,RShoulder,0.368457,-0.034635,-0.140865,-0.3387,12.653251,277.620066,False
KVAL0011,33,1.368511,RShoulder,0.752556,-0.18837,0.399285,-0.60945,4.450581,204.643077,False
KVAL0011,34,1.401833,RShoulder,0.236923,-0.065505,0.117045,-0.1953,1.434214,151.61212,False
KVAL0011,35,1.435177,RShoulder,0.690533,-0.110925,0.348465,-0.58575,9.103352,55.279395,False
KVAL0011,36,1.468511,RShoulder,0.833629,-0.02562,0.41835,-0.7206,4.710833,204.825199,False
KVAL0011,37,1.501855,RShoulder,0.395907,0.01686,0.18747,-0.3483,4.772634,152.620951,False
KVAL0011,38,1.535177,RShoulder,0.535921,0.064005,0.23178,-0.47895,6.123858,42.115714,False
KVAL0011,39,1.568522,RShoulder,0.798088,0.11811,0.32706,-0.71835,2.110415,242.012323,False
KVAL0011,40,1.601833,RShoulder,0.402485,0.06492,0.141255,-0.37125,10.043302,55.770384,False
KVAL0011,41,1.635177,RShoulder,0.130612,0.012045,0.035025,-0.12525,5.631279,144.48348,False
KVAL0011,42,1.668511,RShoulder,0.02996,0.001965,-0.00165,-0.02985,0.589812,92.658136,False
KVAL0011,43,1.701855,RShoulder,0.100247,0.01245,0.046845,-0.08775,0.555411,22.211885,False
KVAL0011,44,1.735166,RShoulder,0.063845,0.00456,0.01812,-0.06105,1.783689,26.885789,False
KVAL0011,45,1.768511,RShoulder,0.020785,-0.00738,-0.015735,0.0114,1.23723,54.914563,False
KVAL0011,46,1.801844,RShoulder,0.02826,-0.00387,-0.02697,0.0075,2.182759,49.911683,False
KVAL0011,47,1.835177,RShoulder,0.126537,0.04626,0.116595,-0.01665,2.272187,84.152882,False
KVAL0011,48,1.8685,RShoulder,0.124818,0.059055,0.101565,-0.04215,3.464557,87.268557,False
KVAL0011,49,1.901833,RShoulder,0.110356,0.006915,-0.11007,0.0039,3.559683,60.083658,False
KVAL0011,50,1.935177,RShoulder,0.118019,-0.007995,-0.110835,0.03975,0.628506,54.654881,False
KVAL0011,51,1.968511,RShoulder,0.07606,0.005865,-0.072465,0.02235,0.294631,21.813209,False
KVAL0011,52,2.001833,RShoulder,0.118967,0.010665,-0.113445,0.0342,0.889575,31.542374,False
KVAL0011,53,2.035177,RShoulder,0.134584,0.002445,-0.131175,0.03,2.086271,67.515325,False
KVAL0011,54,2.0685,RShoulder,0.041394,0.00687,0.00372,-0.04065,3.731982,32.483425,False
KVAL0011,55,2.101844,RShoulder,0.146154,0.029235,0.055875,-0.13185,0.567599,79.015928,False
KVAL0011,56,2.135166,RShoulder,0.074949,0.0204,-0.015195,-0.0705,1.793997,25.110255,False
KVAL0011,57,2.168511,RShoulder,0.037172,-4.5e-05,0.032355,-0.0183,1.235149,35.962597,False
KVAL0011,58,2.201833,RShoulder,0.085113,0.014505,0.06504,-0.05295,0.605127,35.260451,False
KVAL0011,59,2.235177,RShoulder,0.069561,0.013035,0.039435,-0.0558,1.141478,23.503459,False
KVAL0011,60,2.2685,RShoulder,0.050872,0.0123,-0.010875,-0.04815,1.068009,38.606397,False
KVAL0011,61,2.301844,RShoulder,0.022004,0.01188,-0.01536,-0.01035,1.782097,22.08718,False
KVAL0011,62,2.335166,RShoulder,0.075444,0.001665,0.058305,0.04785,0.587746,52.304187,False
KVAL0011,63,2.3685,RShoulder,0.022022,0.004545,0.02154,0.0006,1.708829,17.152036,False
KVAL0011,64,2.401844,RShoulder,0.043069,0.002775,-0.01305,-0.04095,0.581355,27.682877,False
KVAL0011,65,2.435177,RShoulder,0.023343,0.000495,-0.010485,-0.02085,0.211761,6.343213,False
KVAL0011,66,2.4685,RShoulder,0.032197,-0.002865,-0.01527,-0.0282,0.273506,5.854813,False
KVAL0011,67,2.501833,RShoulder,0.03471,-0.011055,-0.024555,-0.0219,0.437397,21.486299,False
KVAL0011,68,2.535166,RShoulder,0.012847,-0.00345,0.007425,-0.0099,1.19725,4.252612,False
KVAL0011,69,2.568511,RShoulder,0.046572,0.007905,0.042885,0.01635,0.438024,30.162831,False
KVAL0011,70,2.601833,RShoulder,0.023304,0.002385,0.01497,0.0177,0.820961,17.500443,False
KVAL0011,71,2.635177,RShoulder,0.009737,-0.006855,-0.00681,-0.0012,0.749732,12.421152,False
KVAL0011,72,2.668511,RShoulder,0.028328,-0.0159,-0.012555,-0.0198,0.16663,18.233528,False
KVAL0011,73,2.701844,RShoulder,0.016383,-0.013095,-0.00276,-0.00945,0.469036,5.294983,False
KVAL0011,74,2.735166,RShoulder,0.005817,-0.000975,0.005685,0.00075,0.233905,10.226638,False
KVAL0011,75,2.768511,RShoulder,0.007687,0.0018,0.00135,-0.00735,0.272118,7.226814,False
KVAL0011,76,2.801833,RShoulder,0.017239,0.001635,0.002685,-0.01695,0.319937,10.933489,False
KVAL0011,77,2.835166,RShoulder,0.018401,-0.0051,-0.01767,-0.0006,0.519379,8.812984,False
KVAL0011,78,2.8685,RShoulder,0.021654,-0.004845,-0.018945,0.0093,0.277617,12.402356,False
KVAL0011,79,2.901844,RShoulder,0.000198,0.000105,7.5e-05,0.00015,0.324804,3.969832,False
KVAL0011,80,2.935166,RShoulder,0.0,0.0,0.0,0.0,0.047484,5.009189,False
KVAL0011,81,2.968511,RShoulder,0.003337,0.00021,0.00108,0.00315,0.050049,8.682744,False
KVAL0011,82,3.001833,RShoulder,0.003337,0.00021,0.00108,0.00315,0.532468,8.865187,False
KVAL0011,83,3.035166,RShoulder,0.032231,-0.00885,-0.010245,-0.02925,0.542469,17.561901,False
KVAL0011,84,3.068511,RShoulder,0.032948,-0.006885,-0.00279,-0.0321,0.662142,15.336293,False
KVAL0011,85,3.101844,RShoulder,0.019187,0.002205,0.01896,0.00195,0.48022,13.091449,False
KVAL0011,86,3.135166,RShoulder,0.002012,-0.00192,4.5e-05,-0.0006,0.332783,5.289917,False
KVAL0011,87,3.168511,RShoulder,0.008004,-0.000375,-0.002325,0.00765,0.34635,4.717487,False
KVAL0011,88,3.201844,RShoulder,0.022408,0.00342,0.018,0.0129,0.136896,19.502494,False
KVAL0011,89,3.235177,RShoulder,0.007661,0.000735,-0.00762,0.0003,0.986902,5.526076,False
KVAL0011,90,3.2685,RShoulder,0.047014,-0.00309,-0.046785,0.00345,0.355668,30.440402,False
KVAL0011,91,3.301844,RShoulder,0.030587,-0.00261,-0.02814,0.0117,1.043615,17.221986,False
KVAL0011,92,3.335177,RShoulder,0.024213,0.0024,0.02235,0.009,0.802995,20.243308,False
KVAL0011,93,3.368511,RShoulder,0.024101,0.00354,0.023835,0.00045,0.333629,19.022447,False
KVAL0011,94,3.401844,RShoulder,0.01751,-0.000315,0.001935,0.0174,0.466474,5.989765,False
KVAL0011,95,3.435177,RShoulder,0.011313,0.00066,-0.0057,0.00975,0.478549,16.027395,False
KVAL0011,96,3.4685,RShoulder,0.024901,6e-05,-0.0249,0.00015,0.632819,24.197154,False
KVAL0011,97,3.501833,RShoulder,0.038637,0.020595,0.03147,0.00885,1.220984,20.532572,False
KVAL0011,98,3.535177,RShoulder,0.057818,0.02061,0.053475,-0.00765,0.758457,34.966813,False
KVAL0011,99,3.568511,RShoulder,0.014708,0.001785,-0.012525,-0.0075,1.110149,15.095156,False
KVAL0011,100,3.601833,RShoulder,0.017824,0.00159,-0.01773,-0.0009,0.255314,21.208421,False
KVAL0011,101,3.635166,RShoulder,0.00528,0.004815,0.001695,0.00135,0.338071,2.752173,False
KVAL0011,102,3.668511,RShoulder,0.012116,0.00873,0.00159,0.00825,0.076368,9.328883,False
KVAL0011,103,3.701844,RShoulder,0.008694,0.0048,0.005295,0.00495,0.371047,7.152631,False
KVAL0011,104,3.735177,RShoulder,0.016808,0.00489,-0.00099,-0.01605,0.401011,8.56283,False
KVAL0011,105,3.768511,RShoulder,0.019705,0.002805,-0.011505,-0.01575,0.221631,11.03532,False
KVAL0011,106,3.801833,RShoulder,0.010545,0.00528,0.008025,-0.00435,0.349939,7.450291,False
KVAL0011,107,3.835177,RShoulder,0.011353,0.004665,0.00909,-0.00495,0.319352,14.651066,False
KVAL0011,108,3.8685,RShoulder,0.015008,0.00384,-0.01314,-0.00615,0.653463,7.828667,False
KVAL0011,109,3.901844,RShoulder,0.036882,0.012855,-0.03357,-0.00825,0.209756,22.62369,False
KVAL0011,110,3.935177,RShoulder,0.004211,0.00417,-0.000375,-0.00045,0.859764,3.20851,False
KVAL0011,111,3.968522,RShoulder,0.020668,-0.005025,0.01998,0.00165,0.06582,32.112665,False
KVAL0011,112,4.001844,RShoulder,0.000181,-0.00018,-1.5e-05,0.0,1.285061,14.671457,False
KVAL0011,113,4.035188,RShoulder,0.065429,0.03,-0.057735,-0.0069,0.940982,37.073299,False
KVAL0011,114,4.0685,RShoulder,0.062658,0.030255,-0.054375,0.00735,1.20228,31.868446,False
KVAL0011,115,4.101844,RShoulder,0.021489,-0.004125,0.010215,0.01845,1.188529,18.824495,False
KVAL0011,116,4.135166,RShoulder,0.019185,-0.007335,0.01536,0.00885,0.334753,16.649785,False
KVAL0011,117,4.1685,RShoulder,0.017897,-0.00624,0.01653,-0.00285,0.180137,9.073397,False
KVAL0011,118,4.201844,RShoulder,0.023405,-0.00825,0.02187,-0.0012,0.279417,4.578463,False
KVAL0011,119,4.235177,RShoulder,0.024325,-0.00705,0.017145,0.01575,0.126586,9.59672,False
KVAL0011,120,4.268511,RShoulder,0.018693,-0.00609,0.016875,0.00525,0.360937,4.289013,False
KVAL0011,121,4.301844,RShoulder,0.018671,-0.00396,0.01635,-0.0081,0.357262,12.192148,False
KVAL0011,122,4.335166,RShoulder,0.008835,0.00129,-0.00573,0.0066,0.466249,11.28448,False
KVAL0011,123,4.3685,RShoulder,0.02292,-0.00213,0.007365,0.0216,0.395936,16.726169,False
KVAL0011,124,4.401833,RShoulder,0.021016,-0.00441,0.01998,0.0048,0.667786,12.572457,False
KVAL0011,125,4.435166,RShoulder,0.023224,-0.00111,0.004275,-0.0228,0.571181,12.201356,False
KVAL0011,126,4.468511,RShoulder,0.027158,-0.000555,-0.000375,-0.02715,0.223658,9.264298,False
KVAL0011,127,4.501844,RShoulder,0.015511,0.001245,-0.00726,-0.01365,0.182674,10.526991,False
KVAL0011,128,4.535177,RShoulder,0.021823,0.0006,-0.00978,-0.0195,0.488795,25.494711,False
KVAL0011,129,4.568522,RShoulder,0.042643,-0.00384,0.00879,-0.04155,1.57225,29.112976,False
KVAL0011,130,4.601844,RShoulder,0.094519,0.01338,0.093375,-0.006,1.674615,52.261766,False
KVAL0011,131,4.635188,RShoulder,0.08854,0.025965,0.07083,0.04635,2.085747,41.882355,False
KVAL0011,132,4.668511,RShoulder,0.067628,0.018225,-0.030105,0.05775,1.418815,43.080519,False
KVAL0011,133,4.701844,RShoulder,0.048838,0.010845,-0.02244,0.042,0.856968,29.654349,False
KVAL0011,134,4.735177,RShoulder,0.014704,0.006285,0.00321,0.0129,0.797657,9.776875,False
KVAL0011,135,4.768511,RShoulder,0.011204,0.002955,0.01074,0.0012,0.290278,13.34607,False
KVAL0011,136,4.801844,RShoulder,0.005788,-0.00153,0.00285,-0.0048,0.168073,6.525774,False
KVAL0011,137,4.835188,RShoulder,0.00134,0.001245,-0.00021,-0.00045,0.146165,5.895383,False
KVAL0011,138,4.8685,RShoulder,0.004848,0.001935,0.001455,0.0042,0.344282,4.314117,False
KVAL0011,139,4.901844,RShoulder,0.022241,-0.004515,-0.001095,0.02175,0.390739,3.868912,False
KVAL0011,140,4.935166,RShoulder,0.030076,-0.003375,0.00537,0.0294,0.167915,3.821616,False
KVAL0011,141,4.9685,RShoulder,0.03119,-0.001695,0.004935,0.03075,0.179093,5.017622,False
KVAL0011,142,5.001844,RShoulder,0.041076,0.00012,0.004755,0.0408,0.207491,13.594264,False
KVAL0011,143,5.035177,RShoulder,0.019472,0.003405,0.0066,0.018,0.743602,3.537491,False
KVAL0011,144,5.068511,RShoulder,0.012436,0.000765,-0.010695,-0.0063,0.382228,13.625241,False
KVAL0011,145,5.101844,RShoulder,0.006985,0.001605,0.00081,-0.00675,0.213035,10.844262,False
KVAL0011,146,5.135166,RShoulder,0.01693,0.007905,-0.013905,0.00555,0.476208,5.640432,False
KVAL0011,147,5.168511,RShoulder,0.02824,0.010665,-0.023385,0.0117,0.250262,6.889582,False
KVAL0011,148,5.201833,RShoulder,0.007611,0.004065,0.002325,0.006,0.044061,10.752742,False
KVAL0011,149,5.235166,RShoulder,0.029224,0.008535,-0.024555,0.01335,0.476627,9.854854,False
KVAL0011,150,5.268511,RShoulder,0.032983,0.008985,-0.027465,0.0159,0.634595,17.525399,False
KVAL0011,151,5.301844,RShoulder,0.019773,-0.002175,-0.000345,-0.01965,0.711897,16.032623,False
KVAL0011,152,5.335166,RShoulder,0.015821,-0.003135,0.00789,-0.01335,0.529519,16.898876,False
KVAL0011,153,5.3685,RShoulder,0.016133,-0.000975,0.00546,0.01515,0.523922,6.884111,False
KVAL0011,154,5.401844,RShoulder,0.022562,-0.000285,0.00699,0.02145,0.166302,11.144924,False
KVAL0011,155,5.435177,RShoulder,0.025036,0.000315,0.01551,0.01965,0.224225,25.624446,False
KVAL0011,156,5.4685,RShoulder,0.01062,0.00228,0.007875,0.00675,1.817833,25.941937,False
KVAL0011,157,5.501844,RShoulder,0.13397,0.09321,0.093225,0.02385,1.727222,62.914312,False
KVAL0011,158,5.535177,RShoulder,0.123216,0.08352,0.0885,0.01935,2.410709,56.973445,False
KVAL0011,159,5.568511,RShoulder,0.030128,-0.015195,-0.01722,-0.0195,2.087082,38.280702,False
KVAL0011,160,5.601844,RShoulder,0.023332,-0.005985,-0.010515,-0.01995,0.143506,26.971416,False
KVAL0011,161,5.635177,RShoulder,0.022641,-0.00945,-0.00969,-0.01815,0.318929,4.2115,False
KVAL0011,162,5.6685,RShoulder,0.042176,-0.022665,-0.01887,-0.03015,0.140503,13.684946,False
KVAL0011,163,5.701844,RShoulder,0.02818,-0.015,-0.017085,-0.01665,0.617837,7.930834,False
KVAL0011,164,5.735166,RShoulder,0.007773,-0.003615,-0.00567,0.0039,0.422264,12.540874,False
KVAL0011,165,5.768511,RShoulder,0.001912,-0.00165,0.000855,0.00045,0.254576,8.002437,False
KVAL0011,166,5.801844,RShoulder,0.014318,-0.00333,-0.00486,-0.01305,0.130566,6.297349,False
KVAL0011,167,5.835177,RShoulder,0.008209,-0.00186,-0.002325,-0.00765,0.167189,2.697003,False
KVAL0011,168,5.8685,RShoulder,0.006993,-0.005265,-0.004095,-0.0021,0.182075,1.996865,False
KVAL0011,169,5.901844,RShoulder,0.017263,-0.00849,-0.012465,-0.0084,0.186196,12.086244,False
KVAL0011,170,5.935177,RShoulder,0.009536,0.001575,-0.004515,0.00825,0.687427,2.739371,False
KVAL0011,171,5.968511,RShoulder,0.031964,0.00822,0.00519,0.03045,0.252023,13.994162,False
KVAL0011,172,6.001844,RShoulder,0.021885,0.0054,0.006765,0.0201,0.276244,6.992901,False
KVAL0011,173,6.035177,RShoulder,0.015367,0.004395,0.00762,0.0126,0.216852,5.10829,False
KVAL0011,174,6.068511,RShoulder,0.013371,0.00189,-0.00489,0.0123,0.363913,3.615096,False
KVAL0011,175,6.101855,RShoulder,0.012117,-0.001755,-0.011985,-0.0003,0.070378,6.0455,False
KVAL0011,176,6.135177,RShoulder,0.009363,0.00135,-0.001455,0.00915,0.098058,6.202225,False
KVAL0011,177,6.168522,RShoulder,0.014676,-0.0042,-0.012855,0.0057,0.394999,8.704576,False
KVAL0011,178,6.201833,RShoulder,0.024079,-0.01107,-0.02115,-0.00315,0.547497,20.323868,False
KVAL0011,179,6.235177,RShoulder,0.023531,0.00684,0.02193,0.0051,0.993958,8.370191,False
KVAL0011,180,6.2685,RShoulder,0.042503,0.01866,0.03807,-0.003,0.120392,24.345808,False
KVAL0011,181,6.301844,RShoulder,0.024623,0.01437,0.019695,0.00345,0.629702,8.127211,False
KVAL0011,182,6.335177,RShoulder,0.000908,4.5e-05,0.00051,-0.00075,0.498488,7.241732,False
KVAL0011,183,6.368522,RShoulder,0.008697,-0.003855,-0.00765,-0.0015,0.161045,6.541859,False
KVAL0011,184,6.401844,RShoulder,0.010551,-0.00453,-0.008625,-0.00405,0.213878,4.52426,False
KVAL0011,185,6.435177,RShoulder,0.019934,-0.009435,-0.01005,-0.0144,0.180352,8.203453,False
KVAL0011,186,6.468522,RShoulder,0.00986,-0.003,-0.005655,0.0075,0.337162,4.705614,False
KVAL0011,187,6.501855,RShoulder,0.013016,-0.00516,-0.00918,0.00765,0.136494,9.290061,False
KVAL0011,188,6.535188,RShoulder,0.007021,-0.004305,-0.00534,-0.0015,0.282596,5.520218,False
KVAL0011,189,6.568533,RShoulder,0.017191,-0.00768,-0.0108,-0.01095,0.449684,6.647366,False
KVAL0011,190,6.601866,RShoulder,0.035866,-0.010905,-0.025845,-0.02235,0.201977,18.752111,False
KVAL0011,191,6.635166,RShoulder,0.009802,0.00336,-0.008475,-0.0036,0.838066,8.550378,False
KVAL0011,192,6.668511,RShoulder,0.031154,0.013665,-0.01122,0.02565,0.676603,9.491392,False
KVAL0011,193,6.701833,RShoulder,0.040975,0.007065,0.000975,0.04035,0.421186,10.690887,False
KVAL0011,194,6.735166,RShoulder,0.048113,0.00498,0.00384,0.0477,0.531925,26.380361,False
KVAL0011,195,6.7685,RShoulder,0.065986,0.007065,-0.0294,0.05865,1.538085,52.163161,False
KVAL0011,196,6.801844,RShoulder,0.064679,-0.016545,0.044475,-0.04395,3.002905,43.964479,False
KVAL0011,197,6.835177,RShoulder,0.140183,0.05274,0.076245,-0.10515,1.791869,79.506168,False
KVAL0011,198,6.868522,RShoulder,0.096554,0.09447,0.017955,-0.0087,2.329569,43.743202,False
KVAL0011,199,6.901844,RShoulder,0.057417,0.04326,0.011835,0.03585,1.791483,72.3555,False
KVAL0011,200,6.935188,RShoulder,0.075366,0.019275,-0.063765,0.03525,3.739335,60.808307,False
KVAL0011,201,6.9685,RShoulder,0.211673,-0.018525,-0.17661,-0.1152,2.278918,146.639302,False
KVAL0011,202,7.001844,RShoulder,0.130397,0.12339,0.01986,-0.0372,6.067695,52.421861,False
KVAL0011,203,7.035177,RShoulder,0.215744,0.143655,0.11853,0.1089,1.465751,142.394394,False
KVAL0011,204,7.068511,RShoulder,0.048005,0.026205,0.00984,-0.039,3.52601,22.340017,False
KVAL0011,205,7.101833,RShoulder,0.058373,0.02091,0.00231,-0.05445,1.233517,66.505655,False
KVAL0011,206,7.135166,RShoulder,0.036691,-0.00549,-0.01746,0.0318,1.505868,20.70995,False
KVAL0011,207,7.168511,RShoulder,0.043947,-0.00291,-0.013095,0.04185,0.166698,38.162615,False
KVAL0011,208,7.201844,RShoulder,0.027884,0.00021,-0.00981,0.0261,1.364991,15.063693,False
KVAL0011,209,7.235166,RShoulder,0.073767,0.042675,0.05922,0.01065,1.169919,40.293988,False
KVAL0011,210,7.268511,RShoulder,0.060743,0.044355,0.037815,-0.0171,1.379601,10.298817,False
KVAL0011,211,7.301844,RShoulder,0.023223,0.000765,-0.0225,0.0057,1.576411,38.903082,False
KVAL0011,212,7.335188,RShoulder,0.165061,0.13263,0.08565,-0.04815,1.264741,79.527716,False
KVAL0011,213,7.3685,RShoulder,0.073715,0.06375,0.032085,0.01845,3.737492,35.38017,False
KVAL0011,214,7.401844,RShoulder,0.086662,-0.05478,-0.048735,0.0462,1.360573,79.707179,False
KVAL0011,215,7.435177,RShoulder,0.067985,0.03036,0.003105,-0.06075,1.689566,30.181426,False
KVAL0011,216,7.468511,RShoulder,0.041196,0.01527,-0.01488,-0.03525,1.086199,32.314914,False
KVAL0011,217,7.501855,RShoulder,0.025275,-0.009405,-0.02268,-0.006,0.517033,24.931758,False
KVAL0011,218,7.535188,RShoulder,0.01528,-0.007785,-0.00771,-0.01065,0.612839,130.917856,False
KVAL0011,219,7.568522,RShoulder,0.029388,0.017145,0.002835,-0.0237,8.247057,2501.151232,False
KVAL0011,220,7.601866,RShoulder,0.55105,0.36237,0.089865,-0.4053,166.604906,2423.174396,False
KVAL0011,221,7.6352,RShoulder,11.119241,-1.56807,-7.745865,-7.82178,162.689331,8169.583764,False
KVAL0011,222,7.668511,RShoulder,10.963526,-2.186985,-7.927215,-7.25088,383.649498,7810.141954,True
KVAL0011,223,7.701844,RShoulder,15.360828,-3.557895,5.84973,13.75053,366.670001,9474.604867,True
KVAL0011,224,7.735188,RShoulder,14.600277,-3.39903,5.708355,13.00113,251.055366,11127.936869,False
KVAL0011,225,7.768522,RShoulder,1.479846,-0.23544,-0.550905,-1.35315,391.175379,2119.618069,False
KVAL0011,226,7.801855,RShoulder,11.929259,6.59796,-2.75565,-9.54885,154.612515,8500.332478,False
KVAL0011,227,7.8352,RShoulder,11.303489,6.55053,-2.658885,-8.81985,178.655664,4894.627673,False
KVAL0011,228,7.868533,RShoulder,0.265508,-0.179865,-0.165435,-0.1038,172.649081,2610.146666,False
KVAL0011,229,7.901844,RShoulder,0.639119,0.341325,0.38196,0.3822,17.040452,2595.876808,False
KVAL0011,230,7.935177,RShoulder,0.886002,0.441405,0.43983,0.62985,4.050486,447.730399,False
KVAL0011,231,7.968511,RShoulder,0.388413,0.160395,0.20478,0.28845,12.839086,47.975616,False
KVAL0011,232,8.001855,RShoulder,0.032559,0.02379,0.00636,0.0213,6.306893,174.745305,False
KVAL0011,233,8.035188,RShoulder,0.036305,-0.02262,-0.025875,-0.0117,1.297267,66.37069,False
KVAL0011,234,8.068522,RShoulder,0.061292,-0.031095,-0.05133,-0.01245,2.054996,63.567442,False
KVAL0011,235,8.101855,RShoulder,0.169213,-0.04821,-0.130185,-0.09675,3.308076,149.793982,False
KVAL0011,236,8.1352,RShoulder,0.179579,0.100155,0.091005,-0.11805,8.036487,269.54854,False
KVAL0011,237,8.168533,RShoulder,0.376188,0.133005,0.34374,0.0753,18.608841,82.425668,False
KVAL0011,238,8.201833,RShoulder,1.266349,0.01485,1.16358,0.4995,9.855838,368.473987,False
KVAL0011,239,8.235177,RShoulder,0.985568,-0.02484,0.927705,0.3318,6.790462,169.165997,False
KVAL0011,240,8.2685,RShoulder,0.898904,-0.20751,0.817995,0.3096,3.26981,103.107161,False
KVAL0011,241,8.301844,RShoulder,0.895777,-0.209775,0.815055,0.30675,10.67637,213.912927,False
KVAL0011,242,8.335177,RShoulder,0.197747,-0.09753,0.165015,0.0486,14.655106,154.652024,False
KVAL0011,243,8.368511,RShoulder,0.258151,0.062085,0.0555,-0.24435,1.887947,346.139262,False
KVAL0011,244,8.401844,RShoulder,0.218009,-0.10377,0.17574,-0.07665,9.163478,68.448277,False
KVAL0011,245,8.435177,RShoulder,0.446043,-0.26154,0.287385,0.219,3.332016,229.922366,False
KVAL0011,246,8.4685,RShoulder,0.030877,-0.0255,-0.012015,0.0126,6.514283,51.673633,False
KVAL0011,247,8.501844,RShoulder,0.035474,-0.02919,-0.015855,0.01245,1.796408,99.613088,False
KVAL0011,248,8.535177,RShoulder,0.145942,-0.116505,-0.08772,-0.00555,1.928131,53.993048,True
KVAL0011,249,8.568511,RShoulder,0.159879,-0.129585,-0.09321,-0.009,1.812273,63.448165,True
KVAL0011,250,8.601833,RShoulder,0.02565,-0.02208,-0.01236,-0.0042,2.309196,21.594048,True
KVAL0011,251,8.635166,RShoulder,0.005968,-0.00495,-0.00321,-0.0009,0.384754,43.969588,True
KVAL0011,252,8.6685,RShoulder,0.0,0.0,0.0,0.0,0.666094,16.750772,True
KVAL0011,253,8.701844,RShoulder,0.049688,-0.02988,-0.038985,0.0075,0.76484,20.757994,True
KVAL0011,254,8.735166,RShoulder,0.050989,-0.03081,-0.03993,0.0075,0.718259,22.831727,False
KVAL0011,255,8.768511,RShoulder,0.001831,-0.00132,-0.00126,0.00015,0.757277,19.339233,False
KVAL0011,256,8.801844,RShoulder,0.000523,-0.00039,-0.000315,0.00015,0.596569,20.989694,False
KVAL0011,257,8.835188,RShoulder,0.041476,-0.03015,-0.022665,0.01725,0.662087,17.584924,False
KVAL0011,258,8.868511,RShoulder,0.044659,-0.03198,-0.025965,0.01725,0.576005,19.979665,False
KVAL0011,259,8.901844,RShoulder,0.003773,-0.00183,-0.0033,0.0,0.669891,7.987991,False
KVAL0011,260,8.935177,RShoulder,0.0,0.0,0.0,0.0,0.055793,12.449131,False
KVAL0011,261,8.968522,RShoulder,5.4e-05,-3e-05,-4.5e-05,0.0,0.200853,3.847814,False
KVAL0011,262,9.001844,RShoulder,0.01339,-0.005595,-0.011895,-0.00255,0.201521,5.672098,False
KVAL0011,263,9.035177,RShoulder,0.013487,-0.00567,-0.012,-0.0024,0.177506,5.677819,False
KVAL0011,264,9.0685,RShoulder,0.001777,-0.001185,-0.00129,0.0003,0.177169,2.382666,False
KVAL0011,265,9.101844,RShoulder,0.001843,-0.001245,-0.00135,0.00015,0.022733,2.293371,False
KVAL0011,266,9.135177,RShoulder,0.000267,-0.000165,-0.00021,0.0,0.027638,0.282635,False
KVAL0011,267,9.168522,RShoulder,0.0,0.0,0.0,0.0,0.004006,56.093775,False
KVAL0011,268,9.201833,RShoulder,0.0,0.0,0.0,0.0,3.715305,64.260869,False
KVAL0011,269,9.235177,RShoulder,0.247687,-0.23418,-0.07881,0.01725,4.280135,122.987927,True
KVAL0011,270,9.268511,RShoulder,0.285342,-0.16707,-0.22407,-0.05745,4.829371,128.36565,True
KVAL0011,271,9.301855,RShoulder,0.176709,0.067095,-0.14541,-0.0747,4.277575,279.647429,False
KVAL0011,272,9.335166,RShoulder,0.000197,-3e-05,-0.000195,0.0,14.565487,367.0461,False
KVAL0011,273,9.368511,RShoulder,0.919706,-0.601815,-0.35775,0.5964,23.165741,322.381509,False
KVAL0011,274,9.401833,RShoulder,1.544407,-0.94062,-0.047445,1.224,10.778908,701.785955,True
KVAL0011,275,9.435177,RShoulder,0.77778,-0.33882,0.31026,0.6276,23.817161,212.413644,True
KVAL0011,276,9.4685,RShoulder,0.289732,0.066465,0.27906,0.04065,10.709408,378.172853,True
KVAL0011,277,9.501833,RShoulder,0.289732,0.066465,0.27906,0.04065,4.345977,175.638188,True
KVAL0011,278,9.535177,RShoulder,0.0,0.0,0.0,0.0,4.942358,56.811488,True
KVAL0011,279,9.568511,RShoulder,0.051003,-0.0369,-0.02745,-0.02205,0.795026,75.928425,True
KVAL0011,280,9.601833,RShoulder,0.053002,-0.03822,-0.028785,-0.0228,0.307953,38.751239,True
KVAL0011,281,9.635177,RShoulder,0.038886,-0.02865,-0.026085,-0.0033,3.16065,41.864105,True
KVAL0011,282,9.6685,RShoulder,0.254467,-0.15426,-0.20229,0.006,2.708738,56.843021,False
KVAL0011,283,9.701844,RShoulder,0.218064,-0.12681,-0.177195,0.00855,2.411932,48.689295,True
KVAL0011,284,9.735166,RShoulder,0.317983,-0.289395,-0.124065,0.0444,2.611232,98.284167,True
KVAL0011,285,9.7685,RShoulder,0.316397,-0.288105,-0.12279,0.045,4.805326,104.008907,True
KVAL0011,286,9.801844,RShoulder,0.002863,0.00183,0.00207,0.00075,4.75399,72.615474,False
KVAL0011,287,9.835177,RShoulder,0.000634,0.00042,0.00045,0.00015,0.042944,71.430508,True
KVAL0011,288,9.8685,RShoulder,0.0,0.0,0.0,0.0,0.009503,0.644157,False
KVAL0011,289,9.901844,RShoulder,0.0,0.0,0.0,0.0,0.0,0.285103,True
KVAL0011,0,0.0,RElbow,0.154568,-0.09981,0.04827,0.1077,35.456435,782.078472,True
KVAL0011,1,0.301866,RElbow,1.283247,0.127815,0.65628,1.0953,41.304632,733.734183,True
KVAL0011,2,0.335177,RElbow,2.90439,-1.35516,1.08183,2.32995,26.78914,1227.316147,True
KVAL0011,3,0.368522,RElbow,2.062699,-1.62555,0.341625,1.22295,40.691032,753.819403,True
KVAL0011,4,0.401833,RElbow,0.440894,-0.419715,0.1311,-0.03225,26.916527,571.176048,True
KVAL0011,5,0.435166,RElbow,0.402616,-0.323715,0.239265,-0.0078,6.664393,358.254423,True
KVAL0011,6,0.468511,RElbow,0.046285,0.003675,-0.002865,-0.04605,6.160164,101.332079,True
KVAL0011,7,0.501844,RElbow,0.015364,0.004425,-0.006795,0.01305,0.956368,94.355051,True
KVAL0011,8,0.535166,RElbow,0.018514,0.003825,-0.003855,0.0177,0.235213,16.937345,True
KVAL0011,9,0.5685,RElbow,0.000395,-0.000255,-3e-05,-0.0003,0.406343,6.656831,False
KVAL0011,10,0.601833,RElbow,0.024128,-0.020655,0.005685,0.0111,0.361967,10.790253,True
KVAL0011,11,0.635177,RElbow,0.024193,-0.020415,0.005925,0.01155,0.361146,10.872472,False
KVAL0011,12,0.6685,RElbow,0.000564,0.00024,0.00024,0.00045,0.362889,151.691839,False
KVAL0011,13,0.701833,RElbow,0.0,0.0,0.0,0.0,10.426697,151.406982,True
KVAL0011,14,0.735166,RElbow,0.695342,0.692505,-0.060375,0.0171,10.400075,313.338726,False
KVAL0011,15,0.768511,RElbow,0.693338,0.690225,-0.06276,0.0192,10.462611,336.894096,True
KVAL0011,16,0.801844,RElbow,0.003979,-0.00243,-0.002475,0.00195,12.200611,137.238983,True
KVAL0011,17,0.835188,RElbow,0.206549,-0.11622,-0.168225,0.02925,3.968926,205.808163,True
KVAL0011,18,0.8685,RElbow,0.268035,-0.153315,-0.219825,0.00375,2.253345,119.655293,True
KVAL0011,19,0.901844,RElbow,0.069329,-0.037455,-0.052545,-0.02535,4.008142,24.737397,True
KVAL0011,20,0.935166,RElbow,0.00093,-0.00021,-0.000855,0.0003,1.039639,59.941321,True
KVAL0011,21,0.968511,RElbow,2.1e-05,-1.5e-05,-1.5e-05,0.0,0.013695,31.947703,True
KVAL0011,22,1.001833,RElbow,2.1e-05,-1.5e-05,-1.5e-05,0.0,1.15967,17.368144,True
KVAL0011,23,1.035177,RElbow,0.07733,-0.021495,-0.07428,0.0006,1.145579,33.754371,True
KVAL0011,24,1.068511,RElbow,0.076392,-0.03171,-0.06924,-0.006,1.158204,36.689288,True
KVAL0011,25,1.101855,RElbow,0.037052,-0.019335,-0.00402,-0.03135,1.332317,38.420613,True
KVAL0011,26,1.135166,RElbow,0.029215,0.01971,-0.00222,0.02145,1.846351,29.749098,True
KVAL0011,27,1.1685,RElbow,0.087072,0.03861,-0.013875,0.0768,1.340311,44.682164,True
KVAL0011,28,1.201844,RElbow,0.110271,0.012555,-0.041475,0.1014,1.79335,60.797556,True
KVAL0011,29,1.235177,RElbow,0.128344,-0.01005,-0.118965,0.0471,3.373442,59.849682,True
KVAL0011,30,1.268511,RElbow,0.204292,0.00927,-0.19377,-0.06405,2.732017,101.853482,False
KVAL0011,31,1.301855,RElbow,0.069937,-0.019575,0.02694,-0.0615,3.686792,74.586546,False
KVAL0011,32,1.335166,RElbow,0.044896,0.012765,0.043005,0.0018,2.373042,48.587247,True
KVAL0011,33,1.368511,RElbow,0.101547,0.057315,-0.07941,0.02685,0.816857,116.925905,False
KVAL0011,34,1.401833,RElbow,0.089899,-0.007155,0.086085,-0.0249,5.563135,54.189191,False
KVAL0011,35,1.435177,RElbow,0.281243,-0.01167,0.25416,-0.11985,4.294223,109.117685,False
KVAL0011,36,1.468511,RElbow,0.369712,0.0342,0.31044,-0.19785,1.8315,92.741398,False
KVAL0011,37,1.501855,RElbow,0.186091,0.03372,0.14085,-0.11685,2.259648,59.41244,False
KVAL0011,38,1.535177,RElbow,0.261105,0.07968,0.16752,-0.18375,2.99437,24.582152,False
KVAL0011,39,1.568522,RElbow,0.377947,0.12789,0.24078,-0.26175,1.484178,114.72512,False
KVAL0011,40,1.601833,RElbow,0.164206,0.05241,0.09276,-0.12495,4.691932,8.10531,False
KVAL0011,41,1.635177,RElbow,0.067185,0.014235,0.034605,-0.0558,1.843657,65.996377,False
KVAL0011,42,1.668511,RElbow,0.041425,0.011295,0.022125,-0.03315,0.309819,15.639827,False
KVAL0011,43,1.701855,RElbow,0.046579,0.010725,0.024555,-0.0381,0.802103,14.791427,False
KVAL0011,44,1.735166,RElbow,0.012304,-0.00495,-0.00798,0.00795,1.293847,16.269288,False
KVAL0011,45,1.768511,RElbow,0.039696,-0.01062,-0.021255,0.0318,0.284271,17.239132,False
KVAL0011,46,1.801844,RElbow,0.006695,0.00198,0.00405,-0.00495,2.209983,25.004017,False
KVAL0011,47,1.835177,RElbow,0.184317,-0.01254,-0.13869,0.12075,1.604049,120.321346,False
KVAL0011,48,1.8685,RElbow,0.106593,0.006435,-0.08496,-0.06405,5.905424,58.458647,False
KVAL0011,49,1.901833,RElbow,0.221108,0.027555,0.07956,-0.20445,2.461903,116.472848,False
KVAL0011,50,1.935177,RElbow,0.102667,0.026055,0.07797,-0.0615,2.074926,40.137115,False
KVAL0011,51,1.968511,RElbow,0.100632,0.02832,0.070065,-0.06645,0.22445,39.995867,False
KVAL0011,52,2.001833,RElbow,0.088989,0.02454,0.06378,-0.057,0.939929,25.884383,False
KVAL0011,53,2.035177,RElbow,0.161763,0.044355,0.12414,-0.09375,1.512143,6.176889,False
KVAL0011,54,2.0685,RElbow,0.18875,0.0603,0.145335,-0.10425,0.783259,40.244644,False
KVAL0011,55,2.101844,RElbow,0.211604,0.073935,0.154545,-0.1242,1.173612,55.204456,False
KVAL0011,56,2.135166,RElbow,0.112356,0.0366,0.078105,-0.072,2.915146,14.102075,False
KVAL0011,57,2.168511,RElbow,0.017782,0.002385,0.014475,-0.01005,0.284125,63.047786,False
KVAL0011,58,2.201833,RElbow,0.099151,0.025155,0.063015,-0.0723,1.312057,8.382245,False
KVAL0011,59,2.235177,RElbow,0.104594,0.02418,0.06795,-0.07575,0.453949,43.111903,False
KVAL0011,60,2.2685,RElbow,0.081789,0.027255,0.064575,-0.04215,1.567761,32.781188,False
KVAL0011,61,2.301844,RElbow,0.008313,0.006195,-0.004755,-0.00285,2.337086,6.964284,False
KVAL0011,62,2.335166,RElbow,0.0743,-0.019035,-0.063555,0.03345,1.885273,24.549855,False
KVAL0011,63,2.3685,RElbow,0.125799,-0.034875,-0.09807,0.07065,0.759329,42.333309,False
KVAL0011,64,2.401844,RElbow,0.122738,-0.03516,-0.09423,0.07035,0.937546,28.252689,False
KVAL0011,65,2.435177,RElbow,0.063354,-0.01695,-0.050565,0.0342,1.130004,5.104211,False
KVAL0011,66,2.4685,RElbow,0.048702,-0.01806,-0.040215,0.0207,0.706599,4.632195,False
KVAL0011,67,2.501833,RElbow,0.02404,-0.0159,-0.01803,0.00015,0.871594,21.177715,False
KVAL0011,68,2.535166,RElbow,0.013223,-0.004875,0.007485,-0.00975,0.973285,41.958079,False
KVAL0011,69,2.568511,RElbow,0.087611,-0.07353,-0.047235,0.00615,2.04232,25.86252,False
KVAL0011,70,2.601833,RElbow,0.133298,-0.10461,-0.07974,0.0216,0.756715,55.443336,False
KVAL0011,71,2.635177,RElbow,0.038019,-0.03282,-0.01893,-0.00315,1.658617,6.495255,False
KVAL0011,72,2.668511,RElbow,0.030285,-0.022995,-0.01407,-0.0138,0.449667,18.064536,False
KVAL0011,73,2.701844,RElbow,0.027351,-0.01932,0.00249,-0.0192,0.515464,8.411062,False
KVAL0011,74,2.735166,RElbow,0.017484,-0.00093,0.01224,-0.01245,0.33784,10.070084,False
KVAL0011,75,2.768511,RElbow,0.006658,-0.000765,0.000435,-0.0066,0.175637,7.783322,False
KVAL0011,76,2.801833,RElbow,0.015619,-0.002955,0.001065,-0.0153,0.304971,6.142266,False
KVAL0011,77,2.835166,RElbow,0.025437,0.002775,0.01494,-0.0204,0.240072,10.267807,False
KVAL0011,78,2.8685,RElbow,0.019023,0.00504,0.01437,-0.0114,0.382746,7.086846,False
KVAL0011,79,2.901844,RElbow,0.000172,6e-05,6e-05,0.00015,0.285339,5.522428,False
KVAL0011,80,2.935166,RElbow,0.0,0.0,0.0,0.0,0.035422,4.210205,False
KVAL0011,81,2.968511,RElbow,0.002523,4.5e-05,0.00114,0.00225,0.037841,5.870921,False
KVAL0011,82,3.001833,RElbow,0.002523,4.5e-05,0.00114,0.00225,0.373751,5.124777,False
KVAL0011,83,3.035166,RElbow,0.023828,-0.01473,-0.01872,-0.0006,0.316549,13.438316,False
KVAL0011,84,3.068511,RElbow,0.019612,-0.014415,-0.012015,-0.0057,0.54078,8.902431,False
KVAL0011,85,3.101844,RElbow,0.016158,-0.001155,0.013755,-0.0084,0.278531,9.49465,False
KVAL0011,86,3.135166,RElbow,0.004134,-0.001245,-0.00237,0.00315,0.142452,8.635826,False
KVAL0011,87,3.168511,RElbow,0.008899,0.003795,0.00657,-0.00465,0.600012,5.383181,False
KVAL0011,88,3.201844,RElbow,0.0361,0.007995,0.0297,-0.0189,0.235284,6.51232,False
KVAL0011,89,3.235177,RElbow,0.024252,0.00534,0.01953,-0.01335,0.196581,5.569617,False
KVAL0011,90,3.2685,RElbow,0.048138,0.00513,0.03921,-0.02745,0.606234,17.258052,False
KVAL0011,91,3.301844,RElbow,0.064579,0.010305,0.05361,-0.0345,0.962841,34.018802,False
KVAL0011,92,3.335177,RElbow,0.016231,-0.00135,-0.011475,0.0114,1.662787,32.72411,False
KVAL0011,93,3.368511,RElbow,0.04637,-0.00885,-0.036195,0.0276,1.223229,53.886817,False
KVAL0011,94,3.401844,RElbow,0.065736,0.017145,0.052365,-0.03585,1.931735,23.172467,False
KVAL0011,95,3.435177,RElbow,0.082545,0.021885,0.065955,-0.04455,0.322819,64.748841,False
KVAL0011,96,3.4685,RElbow,0.044519,0.012315,0.03684,-0.02175,2.386576,22.385379,False
KVAL0011,97,3.501833,RElbow,0.077151,-0.01527,-0.055005,0.0519,1.814547,69.942657,False
KVAL0011,98,3.535177,RElbow,0.077291,-0.01386,-0.055005,0.0525,2.277259,60.410739,False
KVAL0011,99,3.568511,RElbow,0.075862,0.018615,0.06438,-0.03555,2.217958,35.581859,False
KVAL0011,100,3.601833,RElbow,0.071715,0.00369,0.06111,-0.03735,0.205866,36.114726,False
KVAL0011,101,3.635166,RElbow,0.070439,0.005595,0.060105,-0.0363,0.276499,7.309696,False
KVAL0011,102,3.668511,RElbow,0.060498,0.01605,0.051225,-0.0279,0.449028,7.153712,False
KVAL0011,103,3.701844,RElbow,0.042575,0.01113,0.03672,-0.01845,0.527889,3.691374,False
KVAL0011,104,3.735177,RElbow,0.027442,0.002925,0.026475,-0.0066,0.350591,9.418418,False
KVAL0011,105,3.768511,RElbow,0.020418,0.002235,0.019605,-0.00525,0.151714,4.557377,False
KVAL0011,106,3.801833,RElbow,0.030138,0.009855,0.024915,-0.0138,0.141679,5.946386,False
KVAL0011,107,3.835177,RElbow,0.013461,0.005325,0.010725,-0.00615,0.263662,6.586942,False
KVAL0011,108,3.8685,RElbow,0.018173,0.002535,0.017985,0.0006,0.304068,8.585684,False
KVAL0011,109,3.901844,RElbow,0.031826,0.006075,0.030915,-0.0045,0.334957,6.221648,False
KVAL0011,110,3.935177,RElbow,0.038933,0.007185,0.036795,-0.0105,0.114751,13.697629,False
KVAL0011,111,3.968522,RElbow,0.024628,0.00348,0.023775,-0.0054,0.584918,7.696976,False
KVAL0011,112,4.001844,RElbow,0.000182,-0.00018,-3e-05,0.0,0.42013,25.745808,False
KVAL0011,113,4.035188,RElbow,0.052018,0.0024,0.04869,-0.01815,1.134945,9.521669,False
KVAL0011,114,4.0685,RElbow,0.075621,0.00576,0.07074,-0.0261,0.215499,26.83607,False
KVAL0011,115,4.101844,RElbow,0.038267,0.003495,0.036675,-0.01035,0.655486,1.483373,False
KVAL0011,116,4.135166,RElbow,0.03226,0.001905,0.031245,-0.0078,0.166122,7.397865,False
KVAL0011,117,4.1685,RElbow,0.027313,0.00249,0.02577,-0.0087,0.175594,1.810589,False
KVAL0011,118,4.201844,RElbow,0.020767,0.002175,0.01962,-0.00645,0.051231,4.205555,False
KVAL0011,119,4.235177,RElbow,0.024062,0.00306,0.022755,-0.0072,0.445443,12.625471,False
KVAL0011,120,4.268511,RElbow,0.008973,-0.001155,-0.00807,0.00375,0.890579,10.995388,False
KVAL0011,121,4.301844,RElbow,0.035361,-0.003285,-0.03264,0.0132,0.2878,28.721771,False
KVAL0011,122,4.335166,RElbow,0.010309,0.001845,0.009855,-0.0024,1.024283,8.80234,False
KVAL0011,123,4.3685,RElbow,0.032952,0.00459,0.03063,-0.01125,0.299101,35.105038,False
KVAL0011,124,4.401833,RElbow,0.009753,-0.00063,-0.00885,0.00405,1.316242,5.460919,False
KVAL0011,125,4.435166,RElbow,0.05484,-0.00669,-0.04983,0.0219,0.661242,27.301816,False
KVAL0011,126,4.468511,RElbow,0.05382,-0.00618,-0.04884,0.02175,0.504016,21.354898,False
KVAL0011,127,4.501844,RElbow,0.021239,-0.0027,-0.01932,0.0084,0.774284,7.76248,False
KVAL0011,128,4.535177,RElbow,0.013417,-0.00513,-0.007845,-0.0096,0.144917,88.827576,False
KVAL0011,129,4.568522,RElbow,0.022856,0.005745,-0.02169,0.00435,5.410016,72.988633,False
KVAL0011,130,4.601844,RElbow,0.3699,-0.243315,-0.278595,-0.003,4.792338,181.930841,False
KVAL0011,131,4.635188,RElbow,0.327516,-0.250365,-0.206715,-0.04305,6.747524,155.28869,False
KVAL0011,132,4.668511,RElbow,0.100527,0.00909,0.09195,-0.0396,5.611317,113.050568,False
KVAL0011,133,4.701844,RElbow,0.066497,0.01002,0.0612,-0.024,0.981952,93.884621,False
KVAL0011,134,4.735177,RElbow,0.035985,0.009315,0.03273,-0.0117,0.872769,6.306503,False
KVAL0011,135,4.768511,RElbow,0.009036,0.004395,0.00765,-0.00195,0.628507,10.398509,False
KVAL0011,136,4.801844,RElbow,0.005925,-0.001875,-0.005325,0.0018,0.184471,11.155674,False
KVAL0011,137,4.835188,RElbow,0.004885,0.0012,-0.002685,0.0039,0.127085,3.765369,False
KVAL0011,138,4.8685,RElbow,0.003972,0.00255,0.001875,0.0024,0.080112,2.074502,False
KVAL0011,139,4.901844,RElbow,0.00594,0.002175,0.00246,0.00495,0.238392,2.874894,False
KVAL0011,140,4.935166,RElbow,0.018018,0.004725,0.017385,-0.0003,0.255717,4.536051,False
KVAL0011,141,4.9685,RElbow,0.019071,0.006255,0.018,-0.00075,0.527958,4.256339,False
KVAL0011,142,5.001844,RElbow,0.052161,0.008835,0.049305,-0.01455,0.510928,21.741025,False
KVAL0011,143,5.035177,RElbow,0.050709,0.005415,0.04662,-0.0192,0.925142,18.720562,False
KVAL0011,144,5.068511,RElbow,0.009528,-0.00207,-0.008985,0.0024,0.744332,27.549611,False
KVAL0011,145,5.101844,RElbow,0.002673,0.00234,0.00048,-0.0012,0.913767,20.384072,False
KVAL0011,146,5.135166,RElbow,0.051428,0.013935,0.04662,-0.01665,0.629169,24.653237,False
KVAL0011,147,5.168511,RElbow,0.043366,0.014655,0.03981,-0.009,0.733839,11.620858,False
KVAL0011,148,5.201833,RElbow,0.007346,0.00543,0.003045,0.0039,0.158909,13.139152,False
KVAL0011,149,5.235166,RElbow,0.034272,0.010425,0.03048,-0.0117,0.14442,20.28781,False
KVAL0011,150,5.268511,RElbow,0.012673,0.005325,0.011475,-0.00075,1.475135,15.742232,False
KVAL0011,151,5.301844,RElbow,0.064199,-0.013155,-0.057885,0.02445,0.912524,37.226376,False
KVAL0011,152,5.335166,RElbow,0.048736,-0.010305,-0.044955,0.01575,1.007649,32.707092,False
KVAL0011,153,5.3685,RElbow,0.003371,-0.000885,0.003165,-0.00075,1.268893,9.899946,False
KVAL0011,154,5.401844,RElbow,0.035884,0.009345,0.03261,-0.0117,0.359681,23.937447,False
KVAL0011,155,5.435177,RElbow,0.026696,0.00828,0.02373,-0.009,0.327307,70.265116,False
KVAL0011,156,5.4685,RElbow,0.014251,0.005415,0.01239,-0.0045,4.353768,56.495683,False
KVAL0011,157,5.501844,RElbow,0.266971,-0.16755,-0.142455,0.15135,4.034942,136.182217,False
KVAL0011,158,5.535177,RElbow,0.256092,-0.153405,-0.145845,0.14415,4.729602,124.357688,False
KVAL0011,159,5.568511,RElbow,0.048695,0.029655,0.02148,-0.0321,4.257702,80.540282,False
KVAL0011,160,5.601844,RElbow,0.02911,0.01134,0.01386,-0.02295,0.64956,61.20914,False
KVAL0011,161,5.635177,RElbow,0.008369,-0.001005,0.006045,-0.0057,0.383567,20.444137,False
KVAL0011,162,5.6685,RElbow,0.043612,0.022485,0.034845,-0.0135,0.772199,9.828465,False
KVAL0011,163,5.701844,RElbow,0.057337,0.028845,0.04605,-0.0183,0.309218,22.028579,False
KVAL0011,164,5.735166,RElbow,0.024395,0.007605,0.021165,-0.00945,0.697868,2.597851,False
KVAL0011,165,5.768511,RElbow,0.010877,0.00453,0.00915,-0.00375,0.342658,7.354744,False
KVAL0011,166,5.801844,RElbow,0.002069,0.00123,0.00072,-0.0015,0.21506,4.844911,False
KVAL0011,167,5.835177,RElbow,0.003694,-0.000105,-0.00354,0.00105,0.073711,4.560583,False
KVAL0011,168,5.8685,RElbow,0.003569,-0.003495,0.000705,-0.00015,0.111216,5.296644,False
KVAL0011,169,5.901844,RElbow,0.004529,-0.00336,0.00255,-0.00165,0.311511,4.381204,False
KVAL0011,170,5.935177,RElbow,0.020377,0.004455,0.01788,-0.0087,0.356827,7.266228,False
KVAL0011,171,5.968511,RElbow,0.025745,0.00504,0.02316,-0.01005,0.173859,8.970671,False
KVAL0011,172,6.001844,RElbow,0.008812,0.00144,0.00777,-0.0039,0.244842,6.424448,False
KVAL0011,173,6.035177,RElbow,0.009568,0.00276,0.00798,-0.0045,0.254616,6.608985,False
KVAL0011,174,6.068511,RElbow,0.025712,0.006795,0.022395,-0.01065,0.197587,2.530026,False
KVAL0011,175,6.101855,RElbow,0.02271,0.00684,0.019485,-0.00945,0.094481,7.373766,False
KVAL0011,176,6.135177,RElbow,0.03162,0.01065,0.02676,-0.01305,0.298344,15.35479,False
KVAL0011,177,6.168522,RElbow,0.006957,-0.00357,0.003105,-0.0051,0.931408,10.452004,False
KVAL0011,178,6.201833,RElbow,0.030765,-0.015645,-0.024255,0.01065,0.95964,4.926119,False
KVAL0011,179,6.235177,RElbow,0.060007,-0.021855,-0.047055,0.03015,1.118164,9.420595,False
KVAL0011,180,6.2685,RElbow,0.103914,-0.031035,-0.08541,0.0504,0.472473,31.017508,False
KVAL0011,181,6.301844,RElbow,0.088812,-0.04623,-0.06411,0.0405,1.066626,21.61263,False
KVAL0011,182,6.335177,RElbow,0.071074,-0.061815,-0.029925,0.0183,1.019235,20.086927,False
KVAL0011,183,6.368522,RElbow,0.027331,-0.024795,-0.008715,0.0075,0.888771,13.070559,False
KVAL0011,184,6.401844,RElbow,0.012011,-0.010365,-0.0039,0.00465,0.167487,9.74612,False
KVAL0011,185,6.435177,RElbow,0.021645,-0.021375,-0.00306,-0.0015,0.249402,7.775309,False
KVAL0011,186,6.468522,RElbow,0.005605,0.00549,-0.00042,0.00105,0.520901,8.39918,False
KVAL0011,187,6.501855,RElbow,0.013688,0.012615,-0.00081,0.00525,0.311463,14.058774,False
KVAL0011,188,6.535188,RElbow,0.016059,-0.01416,-0.006495,0.0039,0.418589,26.36627,False
KVAL0011,189,6.568533,RElbow,0.015629,-0.014235,-0.00645,0.00015,1.468621,30.532824,False
KVAL0011,190,6.601866,RElbow,0.083287,0.062715,0.05376,0.01065,1.650788,28.568597,False
KVAL0011,191,6.635166,RElbow,0.095075,0.07203,0.06057,0.0135,0.797925,30.371011,False
KVAL0011,192,6.668511,RElbow,0.081168,0.025905,0.07365,-0.0222,1.294587,14.772427,False
KVAL0011,193,6.701833,RElbow,0.133738,0.04275,0.1194,-0.04245,0.768613,18.636945,False
KVAL0011,194,6.735166,RElbow,0.132251,0.046995,0.11817,-0.0363,0.36372,69.394695,False
KVAL0011,195,6.7685,RElbow,0.153653,0.05067,0.140895,-0.0345,3.86188,200.394884,False
KVAL0011,196,6.801844,RElbow,0.125587,-0.03165,-0.116355,0.0351,13.075897,84.691663,False
KVAL0011,197,6.835177,RElbow,0.733959,-0.54474,-0.46908,0.14805,7.133389,347.78042,False
KVAL0011,198,6.868522,RElbow,0.556879,-0.47787,-0.27174,0.08895,10.139371,267.912027,False
KVAL0011,199,6.901844,RElbow,0.060062,-0.03504,-0.043125,0.0228,10.970048,159.581037,False
KVAL0011,200,6.935188,RElbow,0.198868,0.08682,0.1674,-0.06315,1.835867,285.512096,False
KVAL0011,201,6.9685,RElbow,0.132104,-0.12498,0.00894,-0.04185,8.123482,57.28533,False
KVAL0011,202,7.001844,RElbow,0.35402,-0.271365,-0.215655,0.072,2.165515,274.705176,False
KVAL0011,203,7.035177,RElbow,0.023472,0.013245,0.01932,-0.0015,10.439468,69.489366,False
KVAL0011,204,7.068511,RElbow,0.379101,0.212655,0.13743,-0.28215,4.794855,211.190903,False
KVAL0011,205,7.101833,RElbow,0.333084,0.183375,0.095085,-0.2613,4.129513,114.902029,False
KVAL0011,206,7.135166,RElbow,0.135523,0.0981,0.085785,-0.0372,3.271225,64.362443,False
KVAL0011,207,7.168511,RElbow,0.219333,0.149745,0.151155,-0.05325,0.455917,87.25904,False
KVAL0011,208,7.201844,RElbow,0.163399,0.11481,0.11103,-0.0345,5.38292,51.193763,False
KVAL0011,209,7.235166,RElbow,0.140455,-0.10989,-0.08217,0.03,2.979544,196.004179,False
KVAL0011,210,7.268511,RElbow,0.035722,-0.022425,-0.027675,0.0027,7.703434,49.466427,False
KVAL0011,211,7.301844,RElbow,0.373161,0.29805,0.20847,-0.0834,0.416027,211.196782,False
KVAL0011,212,7.335188,RElbow,0.020103,-0.0162,-0.00219,0.0117,6.395534,60.442825,False
KVAL0011,213,7.3685,RElbow,0.068643,-0.043875,-0.041205,-0.033,4.167575,141.03472,False
KVAL0011,214,7.401844,RElbow,0.258663,0.21276,0.0984,-0.10935,3.031145,100.830736,False
KVAL0011,215,7.435177,RElbow,0.148863,0.132075,0.05811,-0.0366,2.562641,83.771194,False
KVAL0011,216,7.468511,RElbow,0.090727,0.08202,0.03231,-0.02145,2.602367,15.153713,False
KVAL0011,217,7.501855,RElbow,0.024744,-0.02121,-0.00945,0.00855,1.739042,61.570964,False
KVAL0011,218,7.535188,RElbow,0.025508,-0.02187,-0.008265,0.0102,1.503063,145.374906,False
KVAL0011,219,7.568522,RElbow,0.07561,0.068715,0.02601,-0.01785,7.988152,2039.901653,False
KVAL0011,220,7.601866,RElbow,0.507566,0.470865,0.06807,-0.17685,135.738506,2044.507347,False
KVAL0011,221,7.6352,RElbow,9.036197,-0.759465,-6.611265,-6.112875,135.34666,6974.248333,False
KVAL0011,222,7.668511,RElbow,8.993838,-1.50822,-6.68406,-5.82561,334.54115,6651.427707,True
KVAL0011,223,7.701844,RElbow,14.040883,-3.631005,5.478075,12.407775,316.252028,8499.593197,True
KVAL0011,224,7.735188,RElbow,13.079976,-3.42303,5.11659,11.54076,234.503614,9748.968743,False
KVAL0011,225,7.768522,RElbow,1.719186,-0.24843,-0.62568,-1.5819,346.867537,2019.675102,False
KVAL0011,226,7.801855,RElbow,10.43425,5.9376,-2.24946,-8.28,138.476807,7395.182518,False
KVAL0011,227,7.8352,RElbow,10.415866,5.826735,-2.08371,-8.3784,149.34417,4582.907555,False
KVAL0011,228,7.868533,RElbow,0.731854,-0.144645,-0.02853,-0.71685,169.185521,2004.342182,False
KVAL0011,229,7.901844,RElbow,1.469335,0.56163,0.544155,1.24395,31.91198,2698.377446,False
KVAL0011,230,7.935177,RElbow,1.445893,0.48735,0.6402,1.20135,17.154789,749.097671,False
KVAL0011,231,7.968511,RElbow,0.366658,0.064185,0.254925,0.2556,18.046932,232.253103,False
KVAL0011,232,8.001855,RElbow,0.320071,0.06618,0.283905,0.13215,2.683653,232.556634,False
KVAL0011,233,8.035188,RElbow,0.336365,0.08805,0.31251,0.0879,4.08515,108.073137,False
KVAL0011,234,8.068522,RElbow,0.048759,0.01884,0.040305,0.01995,6.389726,40.445506,False
KVAL0011,235,8.101855,RElbow,0.090101,-0.022725,-0.08616,-0.01335,1.395529,145.769311,False
KVAL0011,236,8.1352,RElbow,0.047912,0.005655,-0.04596,-0.0123,3.38031,264.803687,False
KVAL0011,237,8.168533,RElbow,0.138207,-0.00993,0.13521,0.02685,16.404908,133.763746,False
KVAL0011,238,8.201833,RElbow,1.048083,-0.33672,0.86556,0.4857,11.323877,281.647394,False
KVAL0011,239,8.235177,RElbow,0.874822,-0.324195,0.68157,0.44235,2.691807,167.533646,False
KVAL0011,240,8.2685,RElbow,0.898578,-0.372915,0.720225,0.38685,1.285143,137.264061,False
KVAL0011,241,8.301844,RElbow,0.896185,-0.37506,0.71781,0.3837,10.919927,266.796934,False
KVAL0011,242,8.335177,RElbow,0.29619,-0.07392,0.065235,0.2793,17.078012,127.328697,False
KVAL0011,243,8.368511,RElbow,0.36481,0.149865,-0.273585,0.18915,4.962115,395.458217,True
KVAL0011,244,8.401844,RElbow,0.106383,-0.01374,-0.105465,0.0024,9.673583,96.321117,False
KVAL0011,245,8.435177,RElbow,0.346374,-0.23553,0.235065,0.09615,1.639082,218.856959,False
KVAL0011,246,8.4685,RElbow,0.058372,-0.00981,-0.010635,0.05655,5.038957,38.157017,True
KVAL0011,247,8.501844,RElbow,0.060737,-0.012615,-0.01332,0.0579,1.227943,80.352272,True
KVAL0011,248,8.535177,RElbow,0.108848,-0.076155,-0.05832,0.05145,1.318875,37.208548,True
KVAL0011,249,8.568511,RElbow,0.117712,-0.084795,-0.06315,0.05175,1.373709,43.758892,True
KVAL0011,250,8.601833,RElbow,0.018236,-0.014835,-0.009975,0.0036,1.704167,16.824185,True
KVAL0011,251,8.635166,RElbow,0.004229,-0.00324,-0.002565,0.0009,0.273534,37.038471,True
KVAL0011,252,8.6685,RElbow,0.0,0.0,0.0,0.0,0.801923,16.771333,True
KVAL0011,253,8.701844,RElbow,0.057097,-0.025995,-0.03663,0.03525,0.87735,24.41153,True
KVAL0011,254,8.735166,RElbow,0.05849,-0.02679,-0.037515,0.036,0.82577,26.173469,True
KVAL0011,255,8.768511,RElbow,0.002062,-0.001155,-0.001215,0.0012,0.867549,26.661223,True
KVAL0011,256,8.801844,RElbow,0.000664,-0.00036,-0.00033,0.00045,0.969912,28.461307,True
KVAL0011,257,8.835188,RElbow,0.06665,-0.033285,-0.02736,0.05085,1.045426,28.719871,True
KVAL0011,258,8.868511,RElbow,0.070355,-0.035205,-0.030375,0.0528,0.94484,31.511329,True
KVAL0011,259,8.901844,RElbow,0.004072,-0.00192,-0.003015,0.00195,1.05533,13.394733,True
KVAL0011,260,8.935177,RElbow,0.0,0.0,0.0,0.0,0.059308,17.960221,True
KVAL0011,261,8.968522,RElbow,0.000159,-3e-05,-4.5e-05,0.00015,0.176505,3.524807,True
KVAL0011,262,9.001844,RElbow,0.011767,-0.00552,-0.010035,0.0027,0.177196,4.871775,True
KVAL0011,263,9.035177,RElbow,0.011899,-0.00561,-0.01014,0.0027,0.148698,4.898544,True
KVAL0011,264,9.0685,RElbow,0.002155,-0.00111,-0.00126,0.00135,0.149697,1.903886,True
KVAL0011,265,9.101844,RElbow,0.002206,-0.00114,-0.00132,0.00135,0.027918,1.846356,True
KVAL0011,266,9.135177,RElbow,0.000298,-0.00015,-0.00021,0.00015,0.033083,0.3532,True
KVAL0011,267,9.168522,RElbow,0.0,0.0,0.0,0.0,0.004477,87.124628,True
KVAL0011,268,9.201833,RElbow,0.0,0.0,0.0,0.0,5.776475,154.691524,True
KVAL0011,269,9.235177,RElbow,0.385098,-0.210255,-0.140265,0.29055,10.308557,108.270803,True
KVAL0011,270,9.268511,RElbow,0.687237,-0.32334,-0.319545,0.5154,1.853705,309.215703,True
KVAL0011,271,9.301855,RElbow,0.309174,-0.11307,-0.179385,0.225,10.305823,210.808579,True
KVAL0011,272,9.335166,RElbow,0.000202,-1.5e-05,-0.000135,0.00015,12.47173,514.417775,False
KVAL0011,273,9.368511,RElbow,1.049648,-0.3966,0.0564,0.9702,25.716867,274.51826,True
KVAL0011,274,9.401833,RElbow,1.714583,-0.48018,0.264075,1.62465,7.044187,761.930052,True
KVAL0011,275,9.435177,RElbow,0.691673,-0.08361,0.207645,0.65445,25.083264,109.238177,True
KVAL0011,276,9.4685,RElbow,0.062831,0.006195,0.04863,0.0393,9.625282,367.013766,True
KVAL0011,277,9.501833,RElbow,0.062831,0.006195,0.04863,0.0393,0.942466,130.47206,True
KVAL0011,278,9.535177,RElbow,0.0,0.0,0.0,0.0,1.182639,11.111954,True
KVAL0011,279,9.568511,RElbow,0.020221,-0.011535,-0.0048,-0.0159,0.31463,20.567588,True
KVAL0011,280,9.601833,RElbow,0.020975,-0.011865,-0.00519,-0.0165,0.244527,16.621624,True
KVAL0011,281,9.635177,RElbow,0.007723,-0.00591,-0.004935,-0.0006,1.024823,15.524379,True
KVAL0011,282,9.6685,RElbow,0.06898,-0.056925,0.0366,0.01335,0.994699,12.476939,True
KVAL0011,283,9.701844,RElbow,0.067248,-0.051405,0.04125,0.01335,0.234071,12.093561,True
KVAL0011,284,9.735166,RElbow,0.080397,-0.05988,0.04842,0.0231,0.230474,20.793398,True
KVAL0011,285,9.7685,RElbow,0.080717,-0.05976,0.048735,0.02385,1.19817,21.293714,True
KVAL0011,286,9.801844,RElbow,0.001188,0.000135,0.00054,0.00105,1.209176,17.85896,True
KVAL0011,287,9.835177,RElbow,0.000332,7.5e-05,0.00012,0.0003,0.017826,18.114297,True
KVAL0011,288,9.8685,RElbow,0.0,0.0,0.0,0.0,0.004976,0.267393,True
KVAL0011,289,9.901844,RElbow,0.0,0.0,0.0,0.0,0.0,0.149265,True
KVAL0011,0,0.0,RWrist,0.037015,0.01557,0.01242,0.0312,22.653579,152.59587,True
KVAL0011,1,0.301866,RWrist,0.788913,0.1014,0.071445,0.7791,17.588992,421.00707,True
KVAL0011,2,0.335177,RWrist,1.206634,0.157545,0.130185,1.1892,5.438239,543.667719,True
KVAL0011,3,0.368522,RWrist,0.430473,0.04101,0.076395,0.42165,18.663379,15.858292,True
KVAL0011,4,0.401833,RWrist,0.06275,-0.0324,0.038925,-0.03705,6.38878,295.92158,True
KVAL0011,5,0.435166,RWrist,0.05461,-0.01428,0.05271,0.0,1.130407,94.341313,True
KVAL0011,6,0.468511,RWrist,0.040104,-0.00468,0.024375,0.0315,0.924028,25.158949,True
KVAL0011,7,0.501844,RWrist,0.011658,-0.000615,-0.006585,-0.0096,0.748368,15.719585,True
KVAL0011,8,0.535166,RWrist,0.00994,-0.000735,-0.005715,-0.0081,0.174992,22.26314,True
KVAL0011,9,0.5685,RWrist,1.5e-05,0.0,1.5e-05,0.0,0.749002,6.815712,True
KVAL0011,10,0.601833,RWrist,0.04076,-0.01206,0.01446,0.03615,0.608856,20.425052,True
KVAL0011,11,0.635177,RWrist,0.040596,-0.012045,0.014385,0.036,0.613858,18.266866,True
KVAL0011,12,0.6685,RWrist,0.000168,1.5e-05,-7.5e-05,-0.00015,0.608935,22.544021,True
KVAL0011,13,0.701833,RWrist,0.0,0.0,0.0,0.0,1.013363,22.308539,True
KVAL0011,14,0.735166,RWrist,0.067442,0.008295,-0.0213,0.06345,1.004008,30.4945,True
KVAL0011,15,0.768511,RWrist,0.066934,0.0087,-0.021315,0.06285,1.019614,27.644629,True
KVAL0011,16,0.801844,RWrist,0.000717,0.00039,4.5e-05,-0.0006,1.281749,28.188665,True
KVAL0011,17,0.835188,RWrist,0.092021,-0.02934,0.05505,0.06765,1.137305,41.071116,True
KVAL0011,18,0.8685,RWrist,0.075306,-0.01494,0.045585,0.05805,1.648521,34.053745,True
KVAL0011,19,0.901844,RWrist,0.019821,0.01434,-0.0096,-0.00975,1.132963,28.877484,True
KVAL0011,20,0.935166,RWrist,0.00025,-4.5e-05,-0.000195,-0.00015,0.297201,17.043013,True
KVAL0011,21,0.968511,RWrist,1.5e-05,0.0,-1.5e-05,0.0,0.003579,13.162061,True
KVAL0011,22,1.001833,RWrist,1.5e-05,0.0,-1.5e-05,0.0,0.611662,9.470171,True
KVAL0011,23,1.035177,RWrist,0.040791,0.014445,-0.035505,-0.01395,0.628483,18.092056,True
KVAL0011,24,1.068511,RWrist,0.041913,0.011805,-0.03894,-0.01005,0.616368,21.285075,True
KVAL0011,25,1.101855,RWrist,0.015396,0.009735,-0.00351,0.0114,0.854224,5.426652,True
KVAL0011,26,1.135166,RWrist,0.032371,0.01677,0.00363,0.02745,0.771268,16.619956,True
KVAL0011,27,1.1685,RWrist,0.059474,-0.002265,0.017325,0.05685,0.713745,34.891299,True
KVAL0011,28,1.201844,RWrist,0.043003,-0.030555,0.008295,0.0291,1.636719,49.206488,True
KVAL0011,29,1.235177,RWrist,0.060389,-0.03597,-0.03663,-0.0318,3.148247,33.109733,True
KVAL0011,30,1.268511,RWrist,0.181654,-0.027255,-0.048945,-0.1728,2.742105,45.524646,True
KVAL0011,31,1.301855,RWrist,0.20671,-0.01515,0.01641,-0.2055,3.207397,27.295399,True
KVAL0011,32,1.335166,RWrist,0.349496,-0.054165,0.08958,-0.33345,1.301829,120.507913,True
KVAL0011,33,1.368511,RWrist,0.284456,-0.05313,0.053145,-0.27435,4.967003,44.535317,True
KVAL0011,34,1.401833,RWrist,0.032228,-0.01665,-0.01659,-0.02205,1.880769,153.271665,True
KVAL0011,35,1.435177,RWrist,0.256147,0.01389,-0.050175,-0.2508,5.99713,27.802312,True
KVAL0011,36,1.468511,RWrist,0.425963,0.007245,-0.17115,-0.39,1.908732,179.838424,True
KVAL0011,37,1.501855,RWrist,0.213473,-0.023415,-0.13506,-0.16365,5.995228,35.77347,True
KVAL0011,38,1.535177,RWrist,0.038719,-0.025275,-0.00219,-0.02925,2.197895,103.446636,True
KVAL0011,39,1.568522,RWrist,0.084071,-0.034155,-0.0693,-0.03315,1.127137,43.220522,True
KVAL0011,40,1.601833,RWrist,0.086855,0.01128,-0.05823,-0.06345,2.266803,45.755173,True
KVAL0011,41,1.635177,RWrist,0.094398,0.049905,0.053445,-0.0597,2.04751,53.657778,True
KVAL0011,42,1.668511,RWrist,0.059111,0.021615,0.05289,0.01515,1.815487,35.173275,True
KVAL0011,43,1.701855,RWrist,0.060312,-0.015225,0.04098,0.04155,0.588942,39.38582,True
KVAL0011,44,1.735166,RWrist,0.04086,0.006585,0.02184,0.0339,1.073572,13.217738,True
KVAL0011,45,1.768511,RWrist,0.01788,0.01497,-0.00972,0.00105,0.545898,24.256134,True
KVAL0011,46,1.801844,RWrist,0.012396,0.00693,0.01026,-0.0006,0.709462,18.698358,True
KVAL0011,47,1.835177,RWrist,0.041881,-0.01722,-0.014295,0.0354,1.080623,19.603298,True
KVAL0011,48,1.8685,RWrist,0.061374,-0.00843,-0.054615,0.0267,0.806237,27.836677,True
KVAL0011,49,1.901833,RWrist,0.063192,0.03375,-0.02808,0.04545,0.878076,37.489176,True
KVAL0011,50,1.935177,RWrist,0.042357,0.03546,-0.022665,0.0048,2.049357,21.607823,True
KVAL0011,51,1.968511,RWrist,0.083622,0.015705,0.04929,-0.0657,1.071747,53.330265,True
KVAL0011,52,2.001833,RWrist,0.03213,-0.01326,0.029235,-0.00135,1.783326,14.982981,True
KVAL0011,53,2.035177,RWrist,0.061893,-0.03738,-0.04587,-0.01815,0.571948,47.819776,True
KVAL0011,54,2.0685,RWrist,0.058848,-0.015735,0.043185,-0.03675,1.804346,29.773707,True
KVAL0011,55,2.101844,RWrist,0.064159,0.00969,0.04587,0.0438,1.470745,27.438776,True
KVAL0011,56,2.135166,RWrist,0.07858,0.014145,0.053175,0.0561,0.716441,28.3035,True
KVAL0011,57,2.168511,RWrist,0.08015,0.01071,0.078885,0.0093,1.092828,37.305276,True
KVAL0011,58,2.201833,RWrist,0.073028,-0.02112,-0.009195,0.0693,1.811132,35.459841,True
KVAL0011,59,2.235177,RWrist,0.067373,-0.011415,-0.02844,0.06,1.79524,55.219375,True
KVAL0011,60,2.2685,RWrist,0.048629,-0.0003,-0.004155,-0.04845,2.394343,35.106883,True
KVAL0011,61,2.301844,RWrist,0.099654,0.03174,-0.015705,-0.09315,0.678668,71.319784,True
KVAL0011,62,2.335166,RWrist,0.035923,0.009945,-0.031575,-0.01395,2.364128,16.111424,True
KVAL0011,63,2.3685,RWrist,0.061778,-0.01752,-0.017655,0.05655,0.484494,59.533908,True
KVAL0011,64,2.401844,RWrist,0.040832,0.0261,-0.008775,-0.03015,1.675711,20.054984,True
KVAL0011,65,2.435177,RWrist,0.05105,0.00315,0.023325,-0.0453,1.190979,44.353932,True
KVAL0011,66,2.4685,RWrist,0.0467,-0.020265,0.0405,0.0114,1.373076,36.942386,True
KVAL0011,67,2.501833,RWrist,0.04862,-0.004845,-0.0465,0.01335,1.558803,23.531973,True
KVAL0011,68,2.535166,RWrist,0.067946,-0.01428,-0.062715,0.0219,0.808037,34.123658,True
KVAL0011,69,2.568511,RWrist,0.065537,-0.048825,-0.02502,0.03585,0.791345,22.082765,True
KVAL0011,70,2.601833,RWrist,0.048288,-0.04281,-0.01995,0.01005,0.756565,14.752854,True
KVAL0011,71,2.635177,RWrist,0.024165,-0.01692,-0.017085,-0.0024,0.369234,13.676508,True
KVAL0011,72,2.668511,RWrist,0.025651,-0.018765,-0.014715,0.00945,0.97087,19.618139,True
KVAL0011,73,2.701844,RWrist,0.077306,-0.04059,-0.0204,-0.06255,1.240593,30.484278,True
KVAL0011,74,2.735166,RWrist,0.077528,-0.025425,-0.00846,-0.07275,1.081454,33.400705,True
KVAL0011,75,2.768511,RWrist,0.007388,-0.006945,0.000765,-0.0024,0.999478,19.431742,True
KVAL0011,76,2.801833,RWrist,0.015743,-0.013755,-0.00036,-0.00765,0.97214,11.98561,True
KVAL0011,77,2.835166,RWrist,0.065599,-0.030165,-0.04098,0.0414,1.01983,29.279078,True
KVAL0011,78,2.8685,RWrist,0.065798,-0.02334,-0.03993,0.0468,0.982871,29.896962,True
KVAL0011,79,2.901844,RWrist,9.6e-05,-6e-05,-7.5e-05,0.0,0.986973,14.703557,True
KVAL0011,80,2.935166,RWrist,0.0,0.0,0.0,0.0,0.013509,14.760443,True
KVAL0011,81,2.968511,RWrist,0.00091,-0.00075,0.00042,-0.0003,0.013657,15.803944,True
KVAL0011,82,3.001833,RWrist,0.00091,-0.00075,0.00042,-0.0003,1.060254,16.569162,True
KVAL0011,83,3.035166,RWrist,0.071112,-0.00096,0.02367,-0.06705,1.112565,28.502846,True
KVAL0011,84,3.068511,RWrist,0.074709,-0.017565,0.01401,-0.07125,0.964267,15.007565,True
KVAL0011,85,3.101844,RWrist,0.04767,-0.037635,-0.010905,-0.02715,0.537131,25.2663,True
KVAL0011,86,3.135166,RWrist,0.096113,-0.04749,-0.001335,-0.08355,0.882687,19.485325,True
KVAL0011,87,3.168511,RWrist,0.092089,-0.031455,-0.01245,-0.08565,0.813957,28.084243,True
KVAL0011,88,3.201844,RWrist,0.047852,-0.00717,-0.002415,-0.04725,1.160245,13.143599,True
KVAL0011,89,3.235177,RWrist,0.050606,-0.008145,0.038265,-0.0321,0.846934,18.48793,True
KVAL0011,90,3.2685,RWrist,0.03238,-0.014325,0.029025,-0.0009,0.172899,20.173116,True
KVAL0011,91,3.301844,RWrist,0.044282,-0.00069,0.02952,-0.033,0.686222,7.936293,True
KVAL0011,92,3.335177,RWrist,0.064946,-0.012105,0.04737,-0.04275,0.467398,18.703442,True
KVAL0011,93,3.368511,RWrist,0.031073,-0.021825,0.01752,-0.0135,0.717762,10.483436,True
KVAL0011,94,3.401844,RWrist,0.048099,-0.03573,0.00735,-0.03135,0.485763,17.916929,True
KVAL0011,95,3.435177,RWrist,0.04572,-0.027015,-0.004575,-0.0366,0.679015,16.934471,True
KVAL0011,96,3.4685,RWrist,0.02011,0.005985,0.012525,-0.01455,0.77749,12.501897,True
KVAL0011,97,3.501833,RWrist,0.024999,0.019005,0.00585,-0.01515,0.337548,28.740187,True
KVAL0011,98,3.535177,RWrist,0.041148,0.002415,0.030825,-0.02715,1.503086,16.682992,True
KVAL0011,99,3.568511,RWrist,0.101473,-0.03099,0.09087,-0.03285,0.992287,40.652167,True
KVAL0011,100,3.601833,RWrist,0.062495,-0.023655,0.0489,0.0309,1.417643,23.364657,True
KVAL0011,101,3.635166,RWrist,0.057363,-0.013905,0.036165,0.0423,0.573584,31.024408,True
KVAL0011,102,3.668511,RWrist,0.047444,-0.01068,0.04596,-0.00495,0.672841,15.566763,True
KVAL0011,103,3.701844,RWrist,0.053649,-0.018345,0.050415,0.0,0.482787,15.543184,True
KVAL0011,104,3.735177,RWrist,0.067532,-0.02322,0.05973,0.0213,0.426691,19.383757,True
KVAL0011,105,3.768511,RWrist,0.060777,-0.03435,0.044655,0.0228,0.831389,19.56548,True
KVAL0011,106,3.801833,RWrist,0.038113,-0.01917,0.02487,-0.0216,0.975807,21.81629,True
KVAL0011,107,3.835177,RWrist,0.017437,0.00357,0.00786,-0.01515,0.844968,30.988127,True
KVAL0011,108,3.8685,RWrist,0.035263,-0.01545,0.005595,0.0312,1.147255,18.89352,True
KVAL0011,109,3.901844,RWrist,0.064498,-0.03315,0.023475,0.0501,0.505153,31.492434,True
KVAL0011,110,3.935177,RWrist,0.042057,-0.01512,0.035745,0.0162,0.957615,15.179481,True
KVAL0011,111,3.968522,RWrist,0.018236,0.00252,0.01788,-0.00255,0.628735,22.398408,True
KVAL0011,112,4.001844,RWrist,0.000185,-9e-05,6e-05,0.00015,1.10816,27.866867,True
KVAL0011,113,4.035188,RWrist,0.091666,-0.005505,0.09069,-0.01215,1.491306,39.35877,True
KVAL0011,114,4.0685,RWrist,0.099376,0.009345,0.081285,-0.0564,1.578747,40.118541,True
KVAL0011,115,4.101844,RWrist,0.046713,0.0177,-0.00735,-0.0426,1.185292,28.609342,True
KVAL0011,116,4.135166,RWrist,0.02146,0.003105,0.013365,-0.0165,0.514446,17.273787,True
KVAL0011,117,4.1685,RWrist,0.021166,-0.007065,-0.000285,-0.01995,0.566556,21.406504,True
KVAL0011,118,4.201844,RWrist,0.044507,0.005085,-0.0147,-0.0417,0.961917,19.801058,True
KVAL0011,119,4.235177,RWrist,0.076526,0.01938,-0.041655,-0.0612,0.93432,42.837275,True
KVAL0011,120,4.268511,RWrist,0.032994,0.004305,-0.026265,0.0195,1.92915,34.342424,True
KVAL0011,121,4.301844,RWrist,0.054641,-0.02268,0.010455,0.0486,1.36808,51.312786,True
KVAL0011,122,4.335166,RWrist,0.076382,-0.00312,-0.026955,-0.0714,1.536034,55.351364,True
KVAL0011,123,4.3685,RWrist,0.048242,0.02022,6e-05,-0.0438,2.352707,41.859123,True
KVAL0011,124,4.401833,RWrist,0.081048,0.005955,0.01539,0.07935,1.330838,50.492426,True
KVAL0011,125,4.435166,RWrist,0.047302,0.003435,-0.0261,0.0393,1.016782,30.749115,True
KVAL0011,126,4.468511,RWrist,0.018175,-0.001425,-0.008115,0.0162,0.788494,14.236153,True
KVAL0011,127,4.501844,RWrist,0.031696,0.03093,0.003705,0.00585,0.594342,21.99627,True
KVAL0011,128,4.535177,RWrist,0.031392,0.030555,-0.00288,-0.0066,0.826247,19.350281,True
KVAL0011,129,4.568522,RWrist,0.046215,-0.00831,0.0174,0.042,0.700751,19.323767,True
KVAL0011,130,4.601844,RWrist,0.01974,-0.00969,-0.00183,0.0171,0.52883,17.42578,True
KVAL0011,131,4.635188,RWrist,0.036254,0.013335,-0.008775,0.03255,0.541193,15.978893,True
KVAL0011,132,4.668511,RWrist,0.027848,0.016575,0.02103,0.00765,0.883485,13.570247,True
KVAL0011,133,4.701844,RWrist,0.024605,0.003165,0.009075,-0.02265,0.379523,21.701214,True
KVAL0011,134,4.735177,RWrist,0.022042,0.004455,0.00351,0.0213,0.602379,1.675078,True
KVAL0011,135,4.768511,RWrist,0.021355,0.00027,0.012585,0.01725,0.326028,11.557022,True
KVAL0011,136,4.801844,RWrist,0.038202,-0.00111,-0.01089,0.0366,0.457537,13.685317,True
KVAL0011,137,4.835188,RWrist,0.025913,0.00045,-0.01788,0.01875,0.61759,11.908552,True
KVAL0011,138,4.8685,RWrist,0.003687,0.00129,-0.00102,-0.0033,0.425048,12.820929,True
KVAL0011,139,4.901844,RWrist,0.00505,-0.00237,-0.0015,-0.0042,0.306599,9.772555,True
KVAL0011,140,4.935166,RWrist,0.017167,-0.013185,0.002055,0.0108,0.285281,15.192097,True
KVAL0011,141,4.9685,RWrist,0.016777,-0.01068,-0.001005,0.0129,0.780059,16.169248,True
KVAL0011,142,5.001844,RWrist,0.043214,-0.00807,0.018105,-0.0384,0.831234,23.45388,True
KVAL0011,143,5.035177,RWrist,0.04426,-0.008175,0.022545,-0.0372,0.974866,29.095655,True
KVAL0011,144,5.068511,RWrist,0.046453,-0.000675,-0.043005,-0.01755,1.213512,19.688291,True
KVAL0011,145,5.101844,RWrist,0.049822,-0.00726,-0.04929,0.0,0.478086,27.244935,True
KVAL0011,146,5.135166,RWrist,0.019845,-0.0084,-0.01797,0.0006,0.613306,6.693914,True
KVAL0011,147,5.168511,RWrist,0.02263,0.001485,-0.013635,-0.018,0.298511,7.885018,True
KVAL0011,148,5.201833,RWrist,0.004333,0.003345,-0.002085,-0.0018,0.289982,11.775679,True
KVAL0011,149,5.235166,RWrist,0.015779,0.012735,-0.00054,-0.0093,0.690771,17.600852,True
KVAL0011,150,5.268511,RWrist,0.044458,0.003615,-0.002325,0.04425,1.250639,27.228559,True
KVAL0011,151,5.301844,RWrist,0.072564,-0.003405,0.00516,0.0723,1.2319,47.035844,True
KVAL0011,152,5.335166,RWrist,0.059568,0.03324,-0.045675,-0.0189,1.991252,20.861519,True
KVAL0011,153,5.3685,RWrist,0.080825,0.024495,-0.069015,-0.0342,0.334571,36.219617,True
KVAL0011,154,5.401844,RWrist,0.056927,0.01389,-0.053985,-0.01155,0.435415,17.015221,True
KVAL0011,155,5.435177,RWrist,0.058005,0.01149,-0.055575,-0.012,1.071301,26.900023,True
KVAL0011,156,5.4685,RWrist,0.068833,-0.01845,-0.01773,-0.0639,1.504709,39.711388,True
KVAL0011,157,5.501844,RWrist,0.115714,-0.005835,-0.03783,-0.1092,1.591639,75.39174,True
KVAL0011,158,5.535177,RWrist,0.065229,0.035505,-0.05034,0.02145,3.556168,27.495163,True
KVAL0011,159,5.568511,RWrist,0.129557,0.03141,-0.019305,0.1242,1.003574,67.952198,True
KVAL0011,160,5.601844,RWrist,0.062843,0.00432,-0.007455,0.06225,1.028249,10.779348,True
KVAL0011,161,5.635177,RWrist,0.062312,0.008505,-0.00312,0.06165,0.700526,9.511281,True
KVAL0011,162,5.6685,RWrist,0.108675,-0.000255,-0.00402,0.1086,0.541475,36.729532,True
KVAL0011,163,5.701844,RWrist,0.038988,-0.014745,-0.00957,0.0348,1.75421,10.213569,True
KVAL0011,164,5.735166,RWrist,0.015206,-0.00696,-0.010935,-0.00795,0.540462,45.56206,True
KVAL0011,165,5.768511,RWrist,0.025565,-0.00993,0.0192,0.01365,1.369412,17.80177,True
KVAL0011,166,5.801844,RWrist,0.079403,-0.00705,0.03525,0.0708,0.773122,40.673733,True
KVAL0011,167,5.835177,RWrist,0.064621,0.00318,0.013335,0.06315,1.404485,30.414378,True
KVAL0011,168,5.8685,RWrist,0.030686,0.02778,0.006585,-0.01125,1.291329,24.90775,True
KVAL0011,169,5.901844,RWrist,0.03101,0.013965,0.016545,-0.0222,0.65158,27.706501,True
KVAL0011,170,5.935177,RWrist,0.026894,0.002055,-0.026805,-0.00075,0.978439,14.3025,True
KVAL0011,171,5.968511,RWrist,0.04728,0.00936,-0.04611,-0.00465,0.363886,28.802271,True
KVAL0011,172,6.001844,RWrist,0.00345,0.00189,-0.002625,0.0012,1.127167,6.715317,True
KVAL0011,173,6.035177,RWrist,0.038245,-0.001905,0.01731,0.03405,0.182359,30.64198,True
KVAL0011,174,6.068511,RWrist,0.011197,-0.009495,-0.005655,-0.0018,1.034705,4.26748,True
KVAL0011,175,6.101855,RWrist,0.031308,0.00294,-0.00666,-0.03045,0.145221,24.553292,True
KVAL0011,176,6.135177,RWrist,0.012595,-0.002295,-0.012015,-0.003,0.803085,4.842785,True
KVAL0011,177,6.168522,RWrist,0.03972,0.013545,-0.034635,0.01395,0.382357,20.447945,True
KVAL0011,178,6.201833,RWrist,0.026571,0.016815,-0.015525,0.0135,0.920485,22.136774,True
KVAL0011,179,6.235177,RWrist,0.083784,0.04176,-0.065805,-0.03075,1.437387,30.883454,True
KVAL0011,180,6.2685,RWrist,0.108823,0.055335,-0.08421,-0.0411,1.150623,60.915792,True
KVAL0011,181,6.301844,RWrist,0.021668,0.00795,-0.01395,0.01455,2.62594,6.988001,True
KVAL0011,182,6.335177,RWrist,0.069707,-0.021135,0.04512,0.04875,0.857369,66.764086,True
KVAL0011,183,6.368522,RWrist,0.049964,-0.01293,0.036435,0.03165,1.899598,39.599425,True
KVAL0011,184,6.401844,RWrist,0.080041,0.062505,-0.045645,0.0204,1.830613,38.677084,True
KVAL0011,185,6.435177,RWrist,0.092434,0.05988,-0.06147,0.03435,0.751332,46.201005,True
KVAL0011,186,6.468522,RWrist,0.032838,0.01785,-0.02403,0.0135,1.253274,27.760167,True
KVAL0011,187,6.501855,RWrist,0.033513,0.016035,0.00936,0.0279,1.43219,26.205043,True
KVAL0011,188,6.535188,RWrist,0.109009,0.06714,0.017145,0.08415,0.697528,45.242746,True
KVAL0011,189,6.568533,RWrist,0.073955,0.060075,0.00675,0.0426,1.731516,28.268805,True
KVAL0011,190,6.601866,RWrist,0.080924,-0.023235,-0.05016,0.0591,1.390239,50.492946,True
KVAL0011,191,6.635166,RWrist,0.082645,-0.007215,-0.05388,0.06225,1.764032,50.84437,True
KVAL0011,192,6.668511,RWrist,0.08558,0.025605,0.05682,0.05865,2.120144,33.598251,True
KVAL0011,193,6.701833,RWrist,0.120616,0.05034,0.073845,0.081,0.534703,49.836853,True
KVAL0011,194,6.735166,RWrist,0.08186,0.02058,0.025545,0.075,1.238717,28.932677,True
KVAL0011,195,6.7685,RWrist,0.067422,-0.003735,0.01326,0.066,1.571967,28.970658,True
KVAL0011,196,6.801844,RWrist,0.056094,0.029115,0.038445,-0.02865,1.52502,26.780391,True
KVAL0011,197,6.835177,RWrist,0.040235,0.01875,0.012975,-0.03315,1.381528,9.479295,True
KVAL0011,198,6.868522,RWrist,0.076729,-0.006495,-0.037545,-0.0666,1.728814,39.702623,True
KVAL0011,199,6.901844,RWrist,0.146437,0.005565,-0.00486,-0.14625,1.335643,61.4298,True
KVAL0011,200,6.935188,RWrist,0.062318,0.05682,0.008475,-0.02415,2.440177,54.215333,True
KVAL0011,201,6.9685,RWrist,0.068637,0.062985,-0.026925,0.00435,2.655221,48.092197,True
KVAL0011,202,7.001844,RWrist,0.207261,0.077415,-0.089325,-0.17025,2.014232,90.196694,True
KVAL0011,203,7.035177,RWrist,0.184713,0.10353,-0.14937,-0.033,3.555886,70.269556,True
KVAL0011,204,7.068511,RWrist,0.105052,0.04266,-0.07191,0.0636,2.732271,60.392402,True
KVAL0011,205,7.101833,RWrist,0.029498,0.01038,0.007035,-0.0267,1.936275,45.532379,True
KVAL0011,206,7.135166,RWrist,0.065273,-0.0201,0.039765,0.0477,1.103797,54.057642,True
KVAL0011,207,7.168511,RWrist,0.04498,-0.00195,-0.01068,0.04365,1.778564,24.329596,True
KVAL0011,208,7.201844,RWrist,0.067912,0.04512,-0.050325,0.0066,0.539348,36.57375,True
KVAL0011,209,7.235166,RWrist,0.018086,0.00609,0.00885,0.01455,1.002679,31.848146,True
KVAL0011,210,7.268511,RWrist,0.042615,-0.010935,-0.03258,-0.0252,1.652693,32.160486,True
KVAL0011,211,7.301844,RWrist,0.111314,0.017145,-0.08787,0.06615,1.303021,62.248726,True
KVAL0011,212,7.335188,RWrist,0.06379,0.021255,-0.024225,0.05505,2.618409,28.065287,True
KVAL0011,213,7.3685,RWrist,0.081594,0.02553,0.01239,-0.0765,0.661616,72.988727,True
KVAL0011,214,7.401844,RWrist,0.060606,0.011115,-0.05433,0.02445,2.293528,16.973075,True
KVAL0011,215,7.435177,RWrist,0.076328,-0.00342,-0.042735,0.06315,0.821303,45.063137,True
KVAL0011,216,7.468511,RWrist,0.040012,-0.030615,-0.019785,0.0165,1.752086,41.987148,True
KVAL0011,217,7.501855,RWrist,0.118532,-0.00501,0.069345,0.096,2.37144,75.357123,True
KVAL0011,218,7.535188,RWrist,0.138516,0.090345,0.04545,0.09465,3.396105,74.291257,True
KVAL0011,219,7.568522,RWrist,0.12272,0.057585,-0.100935,-0.03945,2.69181,283.668215,True
KVAL0011,220,7.601866,RWrist,0.062418,0.011595,-0.050295,-0.0351,18.106127,297.718649,True
KVAL0011,221,7.6352,RWrist,1.185158,0.66435,0.791145,-0.5808,19.186085,624.405892,True
KVAL0011,222,7.668511,RWrist,1.27046,0.614265,0.834315,-0.7353,24.131874,668.47336,True
KVAL0011,223,7.701844,RWrist,0.652501,0.252,-0.313305,0.5139,26.616239,517.573155,True
KVAL0011,224,7.735188,RWrist,0.861943,0.52548,-0.337875,0.59385,10.857728,517.589281,True
KVAL0011,225,7.768522,RWrist,0.286651,0.25905,0.0504,-0.1119,29.415669,528.316489,True
KVAL0011,226,7.801855,RWrist,1.888439,-1.182825,0.059835,1.4709,27.459474,1023.695494,True
KVAL0011,227,7.8352,RWrist,1.566165,-1.07916,-0.03111,1.1346,42.869961,908.659013,True
KVAL0011,228,7.868533,RWrist,1.151406,-0.03633,-0.189045,-1.1352,34.76884,770.649429,True
KVAL0011,229,7.901844,RWrist,1.066948,-0.23334,-0.238005,-1.01355,8.781167,653.475852,True
KVAL0011,230,7.935177,RWrist,0.584825,-0.116865,-0.127785,-0.5586,10.529499,55.406489,True
KVAL0011,231,7.968511,RWrist,0.380378,-0.06963,0.000465,-0.37395,11.55828,51.255162,True
KVAL0011,232,8.001855,RWrist,0.206329,-0.06486,0.050865,0.18915,9.039359,207.588114,True
KVAL0011,233,8.035188,RWrist,0.23117,-0.02301,0.047805,0.225,2.478371,169.02953,True
KVAL0011,234,8.068522,RWrist,0.057398,-0.016725,-0.023445,0.04965,2.258623,46.414702,True
KVAL0011,235,8.101855,RWrist,0.105274,-0.06081,0.030735,0.08025,0.931827,32.022987,True
KVAL0011,236,8.1352,RWrist,0.08601,-0.06588,0.014355,0.0534,0.931877,37.198987,True
KVAL0011,237,8.168533,RWrist,0.086372,-0.05169,-0.02829,0.06315,1.994246,32.746538,True
KVAL0011,238,8.201833,RWrist,0.06982,-0.002775,0.0312,-0.0624,1.990758,35.110254,True
KVAL0011,239,8.235177,RWrist,0.050887,0.00711,0.010875,-0.0492,0.573704,32.737223,True
KVAL0011,240,8.2685,RWrist,0.079829,-0.024765,0.058905,-0.04785,0.869815,18.527913,True
KVAL0011,241,8.301844,RWrist,0.080302,-0.02478,0.059295,-0.04815,0.855611,30.644949,True
KVAL0011,242,8.335177,RWrist,0.023262,-0.01062,0.01515,-0.0141,1.371344,10.228222,True
KVAL0011,243,8.368511,RWrist,0.051188,-0.04284,-0.02385,-0.0147,1.134815,25.094999,True
KVAL0011,244,8.401844,RWrist,0.063144,-0.027525,-0.05679,0.0021,0.764393,31.69454,True
KVAL0011,245,8.435177,RWrist,0.018984,0.004665,-0.01818,0.00285,0.999274,14.089831,True
KVAL0011,246,8.4685,RWrist,0.009521,-0.005385,0.00597,0.0051,0.398055,14.978752,True
KVAL0011,247,8.501844,RWrist,0.009867,-0.005655,0.00615,0.00525,0.040508,5.767096,True
KVAL0011,248,8.535177,RWrist,0.011826,-0.006555,0.006375,0.0075,0.03871,3.02383,True
KVAL0011,249,8.568511,RWrist,0.012029,-0.006435,0.00669,0.00765,0.164522,3.174941,True
KVAL0011,250,8.601833,RWrist,0.000937,-0.0003,0.000765,0.00045,0.177147,2.277907,True
KVAL0011,251,8.635166,RWrist,0.000225,-7.5e-05,0.00015,0.00015,0.014053,3.54098,True
KVAL0011,252,8.6685,RWrist,0.0,0.0,0.0,0.0,0.062038,1.216967,True
KVAL0011,253,8.701844,RWrist,0.004358,-0.0009,0.0027,0.0033,0.067862,1.865997,True
KVAL0011,254,8.735166,RWrist,0.004524,-0.00093,0.002775,0.00345,0.062362,2.028296,True
KVAL0011,255,8.768511,RWrist,0.000201,-6e-05,0.00012,0.00015,0.067359,2.483408,True
KVAL0011,256,8.801844,RWrist,5.4e-05,-3e-05,4.5e-05,0.0,0.107832,2.650615,True
KVAL0011,257,8.835188,RWrist,0.00737,-0.002925,0.006135,0.00285,0.114671,3.202996,True
KVAL0011,258,8.868511,RWrist,0.007694,-0.003015,0.00648,0.00285,0.10573,3.451292,True
KVAL0011,259,8.901844,RWrist,0.000357,-9e-05,0.000345,0.0,0.115415,1.514461,True
KVAL0011,260,8.935177,RWrist,0.0,0.0,0.0,0.0,0.005348,1.820543,True
KVAL0011,261,8.968522,RWrist,0.0,0.0,0.0,0.0,0.007329,0.17862,True
KVAL0011,262,9.001844,RWrist,0.000489,9e-05,0.000375,0.0003,0.007503,0.18773,True
KVAL0011,263,9.035177,RWrist,0.0005,9e-05,0.00039,0.0003,0.005272,0.193232,True
KVAL0011,264,9.0685,RWrist,0.000168,-1.5e-05,7.5e-05,0.00015,0.005465,0.060374,True
KVAL0011,265,9.101844,RWrist,0.000168,-1.5e-05,7.5e-05,0.00015,0.002434,0.060374,True
KVAL0011,266,9.135177,RWrist,1.5e-05,0.0,1.5e-05,0.0,0.002526,0.035397,True
KVAL0011,267,9.168522,RWrist,0.0,0.0,0.0,0.0,0.000225,4.062474,True
KVAL0011,268,9.201833,RWrist,0.0,0.0,0.0,0.0,0.272822,7.098424,True
KVAL0011,269,9.235177,RWrist,0.018188,-0.005655,-0.014475,-0.00945,0.473411,5.397964,True
KVAL0011,270,9.268511,RWrist,0.031561,-0.00483,-0.02568,-0.0177,0.110353,14.20234,True
KVAL0011,271,9.301855,RWrist,0.013939,0.000825,-0.011205,-0.00825,0.473411,2.597325,True
KVAL0011,272,9.335166,RWrist,0.0,0.0,0.0,0.0,0.157946,6.25613,True
KVAL0011,273,9.368511,RWrist,0.007259,-0.00057,-0.00711,0.00135,0.160485,2.379392,True
KVAL0011,274,9.401833,RWrist,0.010699,0.002505,-0.001035,0.01035,0.2351,5.454265,True
KVAL0011,275,9.435177,RWrist,0.011285,0.003075,0.006075,0.009,0.286616,9.150188,True
KVAL0011,276,9.4685,RWrist,0.019275,-0.003855,-0.018225,0.00495,0.38387,8.29384,True
KVAL0011,277,9.501833,RWrist,0.019275,-0.003855,-0.018225,0.00495,0.289121,9.211891,True
KVAL0011,278,9.535177,RWrist,0.0,0.0,0.0,0.0,0.262774,5.181082,True
KVAL0011,279,9.568511,RWrist,0.006832,-0.006555,-0.00183,-0.0006,0.102621,4.00958,True
KVAL0011,280,9.601833,RWrist,0.006841,-0.006585,-0.0018,-0.00045,0.106352,5.16405,True
KVAL0011,281,9.635177,RWrist,0.002558,-0.000765,0.001245,0.0021,0.294967,4.609525,True
KVAL0011,282,9.6685,RWrist,0.018445,-0.00363,0.01551,-0.0093,0.281588,1.760922,True
KVAL0011,283,9.701844,RWrist,0.018401,-0.002925,0.014265,-0.01125,0.195494,2.179163,True
KVAL0011,284,9.735166,RWrist,0.030407,0.000405,0.02514,-0.0171,0.191358,9.699119,True
KVAL0011,285,9.7685,RWrist,0.030324,0.000615,0.025035,-0.0171,0.458123,9.619222,True
KVAL0011,286,9.801844,RWrist,0.000279,0.000225,-0.000165,0.0,0.455217,6.902525,True
KVAL0011,287,9.835177,RWrist,5.4e-05,4.5e-05,-3e-05,0.0,0.004185,6.833649,True
KVAL0011,288,9.8685,RWrist,0.0,0.0,0.0,0.0,0.000811,0.062779,True
KVAL0011,289,9.901844,RWrist,0.0,0.0,0.0,0.0,0.0,0.024337,True
KVAL0011,0,0.0,LShoulder,0.034529,0.01323,0.02967,0.0117,12.981591,91.924979,True
KVAL0011,1,0.301866,LShoulder,0.44906,0.39684,0.003075,0.21015,10.757614,232.304676,True
KVAL0011,2,0.335177,LShoulder,0.730751,0.69363,-0.04671,0.22515,2.976194,318.172383,True
KVAL0011,3,0.368522,LShoulder,0.307052,0.3042,-0.020625,0.0363,10.463514,42.511994,True
KVAL0011,4,0.401833,LShoulder,0.057296,0.04554,0.02676,-0.0222,3.891391,153.077522,True
KVAL0011,5,0.435166,LShoulder,0.067695,0.05601,-0.005295,-0.03765,0.901656,49.722097,True
KVAL0011,6,0.468511,LShoulder,0.02156,0.011445,-0.01821,-0.0015,0.939468,15.12766,True
KVAL0011,7,0.501844,LShoulder,0.008957,0.00162,-0.005835,-0.0066,0.251005,13.172224,True
KVAL0011,8,0.535166,LShoulder,0.007631,0.00141,-0.005355,-0.00525,0.132792,14.436183,True
KVAL0011,9,0.5685,LShoulder,0.000153,-3e-05,0.0,-0.00015,0.74884,11.624841,True
KVAL0011,10,0.601833,LShoulder,0.050204,0.016425,-0.03507,0.03195,0.756453,22.434497,True
KVAL0011,11,0.635177,LShoulder,0.050325,0.0165,-0.03507,0.0321,0.751269,22.669822,True
KVAL0011,12,0.6685,LShoulder,0.000168,7.5e-05,0.0,0.00015,0.754869,28.660127,True
KVAL0011,13,0.701833,LShoulder,0.0,0.0,0.0,0.0,1.279675,28.692239,True
KVAL0011,14,0.735166,LShoulder,0.085446,0.072105,-0.021765,0.04035,1.279844,38.458687,True
KVAL0011,15,0.768511,LShoulder,0.085323,0.07227,-0.021285,0.04005,1.284256,42.948411,True
KVAL0011,16,0.801844,LShoulder,0.000645,0.000135,0.000555,-0.0003,1.586808,17.543524,True
KVAL0011,17,0.835188,LShoulder,0.022494,-0.021915,-0.00261,-0.00435,0.115504,31.745618,True
KVAL0011,18,0.8685,LShoulder,0.007945,-0.005835,0.00273,-0.00465,0.583867,3.509495,True
KVAL0011,19,0.901844,LShoulder,0.016846,0.01602,0.00519,-0.00045,0.118756,12.510859,True
KVAL0011,20,0.935166,LShoulder,0.000272,-3e-05,-0.000225,-0.00015,0.252686,1.777151,True
KVAL0011,21,0.968511,LShoulder,0.0,0.0,0.0,0.0,0.004081,6.988527,True
KVAL0011,22,1.001833,LShoulder,0.0,0.0,0.0,0.0,0.317694,6.225996,True
KVAL0011,23,1.035177,LShoulder,0.02118,0.007425,0.001185,0.0198,0.417163,6.642502,True
KVAL0011,24,1.068511,LShoulder,0.027811,0.00765,-0.001425,0.0267,0.158518,7.076457,True
KVAL0011,25,1.101855,LShoulder,0.015778,0.010485,-0.003975,0.0111,0.19563,8.83082,True
KVAL0011,26,1.135166,LShoulder,0.029965,0.01737,-0.00912,0.02265,0.590115,12.790672,True
KVAL0011,27,1.1685,LShoulder,0.039185,-0.015165,-0.03375,0.0129,0.771367,27.227291,True
KVAL0011,28,1.201844,LShoulder,0.041191,-0.027045,-0.03015,0.0075,1.357119,40.688468,True
KVAL0011,29,1.235177,LShoulder,0.084582,0.048825,-0.00303,0.069,1.947546,53.143051,True
KVAL0011,30,1.268511,LShoulder,0.103379,0.07878,0.019455,0.06405,2.60906,77.703429,True
KVAL0011,31,1.301855,LShoulder,0.110613,-0.00903,0.08634,-0.06855,3.938951,44.066053,True
KVAL0011,32,1.335166,LShoulder,0.204406,-0.046035,0.158715,-0.1203,0.429382,96.051619,True
KVAL0011,33,1.368511,LShoulder,0.097964,-0.009975,0.088845,-0.04005,2.484835,21.272347,True
KVAL0011,34,1.401833,LShoulder,0.075021,0.009945,0.073635,0.01035,1.113765,55.985293,True
KVAL0011,35,1.435177,LShoulder,0.162372,-0.051045,0.12492,-0.0903,2.589973,74.425152,True
KVAL0011,36,1.468511,LShoulder,0.114418,-0.085005,-0.056595,-0.0516,4.0157,55.110103,True
KVAL0011,37,1.501855,LShoulder,0.116788,-0.0252,-0.105165,0.0441,1.220768,70.748306,True
KVAL0011,38,1.535177,LShoulder,0.052913,-0.04455,-0.025905,0.012,0.724115,15.105084,True
KVAL0011,39,1.568522,LShoulder,0.07782,-0.03816,-0.0609,0.02985,0.928319,23.82826,True
KVAL0011,40,1.601833,LShoulder,0.044912,0.015465,-0.034245,0.0246,1.891683,25.537705,True
KVAL0011,41,1.635177,LShoulder,0.050823,0.040245,0.026565,-0.01605,1.429392,35.075075,True
KVAL0011,42,1.668511,LShoulder,0.064975,0.038745,0.02688,-0.0447,0.49488,40.437625,True
KVAL0011,43,1.701855,LShoulder,0.025734,0.01917,0.01572,0.0069,1.377535,7.205846,True
KVAL0011,44,1.735166,LShoulder,0.056979,0.032745,0.010425,0.04545,0.299922,29.89016,True
KVAL0011,45,1.768511,LShoulder,0.027382,0.024075,-0.00276,0.01275,0.683607,7.041568,True
KVAL0011,46,1.801844,LShoulder,0.019199,0.01893,0.000585,0.00315,0.459177,6.104562,True
KVAL0011,47,1.835177,LShoulder,0.022516,0.004755,-0.021975,-0.0012,0.416767,19.227364,True
KVAL0011,48,1.8685,LShoulder,0.023941,0.00732,-0.018255,-0.01365,0.846821,15.403095,True
KVAL0011,49,1.901833,LShoulder,0.041935,0.03063,0.02709,0.0093,0.622189,19.891628,True
KVAL0011,50,1.935177,LShoulder,0.022424,0.012945,0.015105,0.01035,0.889633,16.04741,True
KVAL0011,51,1.968511,LShoulder,0.056198,-0.006135,0.0444,-0.0339,0.7174,29.611694,True
KVAL0011,52,2.001833,LShoulder,0.046963,0.00612,0.03192,-0.0339,1.263894,20.965938,True
KVAL0011,53,2.035177,LShoulder,0.033403,0.011265,-0.03141,-0.0015,0.685478,32.174579,True
KVAL0011,54,2.0685,LShoulder,0.017974,0.00486,0.015045,0.00855,1.014205,20.73284,True
KVAL0011,55,2.101844,LShoulder,0.046614,0.033495,0.032415,0.00045,0.869722,18.484262,True
KVAL0011,56,2.135166,LShoulder,0.065888,0.05214,0.03633,-0.0174,0.908159,33.707116,True
KVAL0011,57,2.168511,LShoulder,0.066486,-0.015915,0.06186,-0.01845,1.411166,28.778567,True
KVAL0011,58,2.201833,LShoulder,0.043532,-0.0387,0.01992,0.00075,1.144896,34.80882,True
KVAL0011,59,2.235177,LShoulder,0.011865,0.00513,-0.01002,-0.00375,1.134647,35.248953,True
KVAL0011,60,2.2685,LShoulder,0.06404,0.001515,0.012195,-0.06285,1.488201,26.721274,True
KVAL0011,61,2.301844,LShoulder,0.097562,-0.038685,0.021885,-0.08685,0.806177,38.536999,True
KVAL0011,62,2.335166,LShoulder,0.063072,-0.04278,-0.01224,-0.0447,1.171774,17.368873,True
KVAL0011,63,2.3685,LShoulder,0.048129,-0.043815,-0.01137,-0.01635,0.412691,24.213406,True
KVAL0011,64,2.401844,LShoulder,0.041206,-0.020295,0.000915,-0.03585,0.463569,14.494689,True
KVAL0011,65,2.435177,LShoulder,0.051627,-0.031335,0.002565,-0.04095,0.741065,19.604578,True
KVAL0011,66,2.4685,LShoulder,0.059973,-0.05871,0.0105,-0.0063,0.918517,19.854565,True
KVAL0011,67,2.501833,LShoulder,0.037834,-0.015015,-0.03435,0.0051,0.96188,32.689978,True
KVAL0011,68,2.535166,LShoulder,0.094334,-0.076185,-0.04575,-0.03165,1.533526,24.21864,True
KVAL0011,69,2.568511,LShoulder,0.116358,-0.1119,-0.02049,-0.02445,0.656345,42.34321,True
KVAL0011,70,2.601833,LShoulder,0.064079,-0.062475,-0.01053,-0.0096,1.328299,11.805319,True
KVAL0011,71,2.635177,LShoulder,0.031646,-0.024195,-0.010395,-0.01755,0.71265,30.855314,True
KVAL0011,72,2.668511,LShoulder,0.021638,-0.01611,-0.014445,0.0,0.836796,20.010715,True
KVAL0011,73,2.701844,LShoulder,0.073535,-0.07077,-0.015375,0.01275,0.659311,27.625191,True
KVAL0011,74,2.735166,LShoulder,0.05864,-0.05754,-0.004185,0.0105,1.030145,21.419028,True
KVAL0011,75,2.768511,LShoulder,0.007527,-0.00561,-0.00222,-0.0045,0.783791,13.574068,True
KVAL0011,76,2.801833,LShoulder,0.017314,-0.01062,-0.005655,-0.01245,1.106326,14.245297,True
KVAL0011,77,2.835166,LShoulder,0.069994,0.055275,-0.04254,0.00585,1.24,32.308711,True
KVAL0011,78,2.8685,LShoulder,0.073187,0.0603,-0.039165,0.01365,1.049682,34.915191,True
KVAL0011,79,2.901844,LShoulder,0.000189,-4.5e-05,-0.000105,-0.00015,1.097802,15.599055,True
KVAL0011,80,2.935166,LShoulder,0.0,0.0,0.0,0.0,0.010421,16.31129,True
KVAL0011,81,2.968511,LShoulder,0.00076,-0.00069,0.000105,-0.0003,0.0116,9.815566,True
KVAL0011,82,3.001833,LShoulder,0.000773,-0.000705,0.000105,-0.0003,0.664152,12.794253,True
KVAL0011,83,3.035166,LShoulder,0.045023,-0.036735,0.01008,-0.024,0.864206,15.796032,True
KVAL0011,84,3.068511,LShoulder,0.058365,-0.053325,-0.006015,-0.02295,0.661203,22.342428,True
KVAL0011,85,3.101844,LShoulder,0.05422,-0.051195,-0.01551,0.00885,0.686464,19.638951,True
KVAL0011,86,3.135166,LShoulder,0.031454,-0.022635,-0.0204,0.0078,1.153607,10.020718,True
KVAL0011,87,3.168511,LShoulder,0.053009,0.01881,-0.0453,0.0201,0.290321,20.187016,True
KVAL0011,88,3.201844,LShoulder,0.019068,-0.005325,-0.0183,-0.0006,0.774607,8.911552,True
KVAL0011,89,3.235177,LShoulder,0.043442,0.04323,-0.00426,0.00045,0.748982,19.878204,True
KVAL0011,90,3.2685,LShoulder,0.042756,0.039015,-0.003675,0.0171,0.886376,21.899718,True
KVAL0011,91,3.301844,LShoulder,0.022915,-0.011205,0.01446,0.0138,0.764471,17.67815,True
KVAL0011,92,3.335177,LShoulder,0.012131,-0.008685,0.0078,0.0033,0.630702,7.130154,True
KVAL0011,93,3.368511,LShoulder,0.030329,-0.017685,-0.001395,-0.0246,0.399192,17.632613,True
KVAL0011,94,3.401844,LShoulder,0.037697,-0.026595,0.026595,-0.00255,0.661612,15.357422,True
KVAL0011,95,3.435177,LShoulder,0.049472,-0.03999,0.02907,-0.0018,0.628512,32.229338,True
KVAL0011,96,3.4685,LShoulder,0.00888,0.006645,0.002355,0.0054,1.544344,17.309401,True
KVAL0011,97,3.501833,LShoulder,0.062934,0.047715,-0.00894,-0.04005,0.893716,38.219774,True
KVAL0011,98,3.535177,LShoulder,0.056232,0.01647,0.00933,-0.05295,1.01659,29.383914,True
KVAL0011,99,3.568511,LShoulder,0.01954,-0.002205,0.01905,-0.00375,1.065381,16.389512,True
KVAL0011,100,3.601833,LShoulder,0.018121,0.005925,0.002445,0.01695,0.300797,20.530708,True
KVAL0011,101,3.635166,LShoulder,0.01657,0.00681,0.009735,0.01155,0.317049,7.983987,True
KVAL0011,102,3.668511,LShoulder,0.016522,0.013395,0.009555,-0.0015,0.235429,7.196214,True
KVAL0011,103,3.701844,LShoulder,0.013752,9e-05,0.01359,-0.0021,0.429256,4.781994,True
KVAL0011,104,3.735177,LShoulder,0.030284,-0.00711,0.02793,-0.0093,0.21084,10.013327,True
KVAL0011,105,3.768511,LShoulder,0.025255,-0.006825,0.023895,0.0045,0.270107,9.707162,True
KVAL0011,106,3.801833,LShoulder,0.015428,-0.00135,0.010935,-0.0108,0.438082,3.274169,True
KVAL0011,107,3.835177,LShoulder,0.01477,0.005565,0.00411,-0.01305,0.439178,8.7372,True
KVAL0011,108,3.8685,LShoulder,0.017994,0.010785,-0.01425,-0.0021,0.267657,15.713269,True
KVAL0011,109,3.901844,LShoulder,0.008879,0.00792,-0.000945,0.0039,0.647133,6.876081,True
KVAL0011,110,3.935177,LShoulder,0.028689,0.00468,0.027945,0.0045,0.247709,15.970723,True
KVAL0011,111,3.968522,LShoulder,0.016524,0.007485,0.014655,-0.0015,0.429905,9.669599,True
KVAL0011,112,4.001844,LShoulder,0.000101,-9e-05,4.5e-05,0.0,0.593143,16.322411,True
KVAL0011,113,4.035188,LShoulder,0.04895,0.04647,0.01317,-0.00795,0.848204,15.127095,True
KVAL0011,114,4.0685,LShoulder,0.056469,0.055005,0.01272,0.0012,0.524234,22.296182,True
KVAL0011,115,4.101844,LShoulder,0.031941,0.02748,-0.004125,0.01575,0.644948,15.559013,True
KVAL0011,116,4.135166,LShoulder,0.016479,0.01239,0.01014,-0.0039,0.815796,7.842043,True
KVAL0011,117,4.1685,LShoulder,0.024422,-0.012405,0.010635,-0.01815,0.244979,16.957442,True
KVAL0011,118,4.201844,LShoulder,0.011286,0.003345,-0.001665,-0.01065,0.327415,7.187084,True
KVAL0011,119,4.235177,LShoulder,0.006966,0.001335,-0.001785,-0.0066,0.376129,14.052401,True
KVAL0011,120,4.268511,LShoulder,0.014899,-0.01131,0.003615,0.009,0.671127,18.057288,True
KVAL0011,121,4.301844,LShoulder,0.042015,-0.036345,0.021045,0.0012,1.036421,16.299014,True
KVAL0011,122,4.335166,LShoulder,0.069936,-0.04965,0.01104,-0.048,0.462283,37.899806,True
KVAL0011,123,4.3685,LShoulder,0.019569,-0.01401,0.003525,0.0132,1.493807,12.355599,True
KVAL0011,124,4.401833,LShoulder,0.033675,0.01164,0.008445,0.03045,0.540141,36.082969,True
KVAL0011,125,4.435166,LShoulder,0.027361,-0.01554,-0.00093,-0.0225,0.92694,14.323636,True
KVAL0011,126,4.468511,LShoulder,0.03738,-0.03594,0.00522,-0.00885,0.533081,26.507048,True
KVAL0011,127,4.501844,LShoulder,0.015991,0.013515,0.007605,-0.0039,0.895102,13.026238,True
KVAL0011,128,4.535177,LShoulder,0.022499,0.022155,0.00039,0.0039,0.406422,25.755483,True
KVAL0011,129,4.568522,LShoulder,0.016458,-0.013155,0.009885,0.0003,0.828982,8.938273,True
KVAL0011,130,4.601844,LShoulder,0.032926,-0.031575,-0.00513,-0.0078,0.336699,20.082439,True
KVAL0011,131,4.635188,LShoulder,0.016448,-0.00606,-0.006585,0.0138,0.543701,12.200083,True
KVAL0011,132,4.668511,LShoulder,0.015332,0.001275,0.009645,-0.01185,0.515775,10.136667,True
KVAL0011,133,4.701844,LShoulder,0.019952,-0.005415,0.005325,-0.01845,0.452541,14.48351,True
KVAL0011,134,4.735177,LShoulder,0.020726,0.00888,0.00729,0.01725,0.469664,9.954512,True
KVAL0011,135,4.768511,LShoulder,0.016322,-0.00762,0.006765,0.01275,0.305535,10.842836,True
KVAL0011,136,4.801844,LShoulder,0.012646,-0.00753,-0.00228,0.0099,0.311082,6.345004,True
KVAL0011,137,4.835188,LShoulder,0.006215,0.00201,-0.00585,-0.0006,0.225468,5.831923,True
KVAL0011,138,4.8685,LShoulder,0.002625,0.00159,-0.00075,-0.00195,0.084641,3.301787,True
KVAL0011,139,4.901844,LShoulder,0.001998,-0.0012,-0.00141,0.00075,0.074181,2.668705,True
KVAL0011,140,4.935166,LShoulder,0.006616,0.0,-0.004215,-0.0051,0.093298,2.936715,True
KVAL0011,141,4.9685,LShoulder,0.00671,0.002415,-0.006195,-0.0009,0.146646,5.043801,True
KVAL0011,142,5.001844,LShoulder,0.007053,-0.00567,0.00333,-0.00255,0.259399,4.401115,True
KVAL0011,143,5.035177,LShoulder,0.012431,-0.006765,0.00657,-0.0081,0.261167,10.414772,True
KVAL0011,144,5.068511,LShoulder,0.021244,-0.020085,-0.006435,-0.00255,0.500877,13.395935,True
KVAL0011,145,5.101844,LShoulder,0.026085,-0.013395,-0.01125,0.01935,0.691848,18.169654,True
KVAL0011,146,5.135166,LShoulder,0.029662,0.025005,-0.015945,-0.0006,0.793485,15.932953,True
KVAL0011,147,5.168511,LShoulder,0.031999,0.02184,-0.011955,-0.0201,0.39299,17.282147,True
KVAL0011,148,5.201833,LShoulder,0.004251,0.003645,-0.00099,0.00195,0.371252,17.580708,True
KVAL0011,149,5.235166,LShoulder,0.010251,0.009,-0.004905,-0.00015,0.861725,7.060857,True
KVAL0011,150,5.268511,LShoulder,0.061316,0.03663,-0.0309,0.03825,0.404816,32.153206,True
KVAL0011,151,5.301844,LShoulder,0.033825,0.026835,-0.00447,0.0201,1.281867,16.163251,True
KVAL0011,152,5.335166,LShoulder,0.024334,-0.01152,0.01386,-0.01635,0.73441,24.720953,True
KVAL0011,153,5.3685,LShoulder,0.025674,-0.02148,-0.00654,0.01245,0.547254,9.37644,True
KVAL0011,154,5.401844,LShoulder,0.028184,-0.025335,-0.00738,0.0099,0.267218,15.604916,True
KVAL0011,155,5.435177,LShoulder,0.033111,-0.029115,-0.01575,-0.00075,0.696729,32.836416,True
KVAL0011,156,5.4685,LShoulder,0.058708,-0.050055,-0.00876,-0.0294,2.341256,16.910655,True
KVAL0011,157,5.501844,LShoulder,0.180524,-0.16569,0.013665,-0.07035,0.93881,87.87587,True
KVAL0011,158,5.535177,LShoulder,0.10412,-0.10389,0.00675,-0.0015,3.540708,36.134561,True
KVAL0011,159,5.568511,LShoulder,0.070409,0.027,-0.00315,0.06495,1.642023,55.655176,True
KVAL0011,160,5.601844,LShoulder,0.026892,0.001995,0.00549,0.02625,0.562853,14.03108,True
KVAL0011,161,5.635177,LShoulder,0.052337,0.038895,-0.0153,0.0315,0.748087,10.448638,True
KVAL0011,162,5.6685,LShoulder,0.066796,0.046095,-0.00201,0.0483,0.564692,23.827678,True
KVAL0011,163,5.701844,LShoulder,0.026091,0.02343,0.00894,0.0072,0.923138,10.463665,True
KVAL0011,164,5.735166,LShoulder,0.018134,0.01647,-0.005175,-0.00555,0.205064,24.759354,True
KVAL0011,165,5.768511,LShoulder,0.025501,0.016995,0.00459,0.01845,0.781303,5.943808,True
KVAL0011,166,5.801844,LShoulder,0.056748,0.04254,0.02178,0.0306,0.235578,17.770384,True
KVAL0011,167,5.835177,LShoulder,0.036056,0.02709,0.016545,0.0171,0.444785,13.379251,True
KVAL0011,168,5.8685,LShoulder,0.029249,0.017805,0.017955,0.0147,0.814913,5.327047,True
KVAL0011,169,5.901844,LShoulder,0.037365,-0.01035,0.02985,-0.01995,0.797415,21.470143,True
KVAL0011,170,5.935177,LShoulder,0.033599,-0.02637,0.014745,-0.0147,0.731558,19.544529,True
KVAL0011,171,5.968511,LShoulder,0.021573,-0.00915,0.0012,0.0195,0.542438,16.06637,True
KVAL0011,172,6.001844,LShoulder,0.020589,-0.00789,0.0102,0.01605,0.35218,20.729904,True
KVAL0011,173,6.035177,LShoulder,0.012735,-0.002535,0.01248,0.0,0.917352,5.307347,True
KVAL0011,174,6.068511,LShoulder,0.043895,-0.00609,-0.004845,-0.0432,0.349692,30.761744,True
KVAL0011,175,6.101855,LShoulder,0.019448,0.001935,0.00027,-0.01935,1.152496,14.017619,True
KVAL0011,176,6.135177,LShoulder,0.033625,0.00105,-0.004545,0.0333,0.693902,24.085475,True
KVAL0011,177,6.168522,LShoulder,0.030049,0.01257,-0.014295,0.02325,0.488147,30.021651,True
KVAL0011,178,6.201833,LShoulder,0.014036,0.012465,-0.00579,0.00285,1.353915,10.129095,True
KVAL0011,179,6.235177,LShoulder,0.064595,-0.039765,-0.009015,-0.0501,0.635459,43.733455,True
KVAL0011,180,6.2685,LShoulder,0.03729,-0.016005,-0.026685,-0.02055,1.569816,23.409085,True
KVAL0011,181,6.301844,LShoulder,0.048011,0.02706,-0.027885,0.0282,0.946601,26.481691,True
KVAL0011,182,6.335177,LShoulder,0.033092,0.014205,-0.003345,0.0297,0.548157,16.783645,True
KVAL0011,183,6.368522,LShoulder,0.040434,0.01284,0.00429,0.0381,0.575199,13.928221,True
KVAL0011,184,6.401844,LShoulder,0.04695,0.04614,-0.00153,0.00855,0.456514,19.211118,True
KVAL0011,185,6.435177,LShoulder,0.029784,0.02604,-0.006525,0.0129,0.730579,15.15037,True
KVAL0011,186,6.468522,LShoulder,0.019144,-0.00138,-0.00678,0.01785,0.574998,30.123781,True
KVAL0011,187,6.501855,LShoulder,0.055228,0.02424,0.005205,0.04935,1.410728,18.122869,True
KVAL0011,188,6.535188,LShoulder,0.102305,0.07653,0.013185,0.0666,0.791306,36.540038,True
KVAL0011,189,6.568533,LShoulder,0.073465,0.069525,-0.002955,0.02355,1.10273,21.914855,True
KVAL0011,190,6.601866,LShoulder,0.060668,0.025845,-0.034425,0.04275,0.722661,45.254938,True
KVAL0011,191,6.635166,LShoulder,0.061015,0.031815,-0.02052,0.04785,1.97451,45.718302,True
KVAL0011,192,6.668511,LShoulder,0.16702,0.144885,0.00483,0.08295,2.556467,48.282617,True
KVAL0011,193,6.701833,LShoulder,0.214297,0.17817,0.037695,0.11295,1.413413,81.20656,True
KVAL0011,194,6.735166,LShoulder,0.085865,0.06456,0.03531,0.04425,2.937828,5.066352,True
KVAL0011,195,6.7685,LShoulder,0.03647,0.01005,0.032715,0.0126,1.311809,48.171117,True
KVAL0011,196,6.801844,LShoulder,0.056439,-0.018465,0.049215,0.02055,0.777319,33.761782,True
KVAL0011,197,6.835177,LShoulder,0.050242,0.002955,-0.00234,0.0501,1.4982,21.577043,True
KVAL0011,198,6.868522,LShoulder,0.050003,-0.00252,-0.048855,0.01035,1.120211,28.486071,True
KVAL0011,199,6.901844,LShoulder,0.049811,-0.020445,-0.04494,-0.0066,0.69908,23.259439,True
KVAL0011,200,6.935188,LShoulder,0.064187,-0.003465,-0.03381,0.05445,0.477164,30.462667,True
KVAL0011,201,6.9685,LShoulder,0.045823,-0.00261,-0.041385,0.0195,1.333691,12.704492,True
KVAL0011,202,7.001844,LShoulder,0.074971,-0.000855,-0.07005,-0.0267,0.95829,34.422618,True
KVAL0011,203,7.035177,LShoulder,0.103593,0.034425,-0.090285,0.03735,0.995265,38.476955,True
KVAL0011,204,7.068511,LShoulder,0.051651,0.01899,-0.038775,0.02835,1.639472,13.748685,True
KVAL0011,205,7.101833,LShoulder,0.009469,0.001755,0.0033,-0.0087,1.116577,33.284974,True
KVAL0011,206,7.135166,LShoulder,0.073231,-0.01809,0.010365,0.0702,1.072931,32.704017,True
KVAL0011,207,7.168511,LShoulder,0.062851,-0.017025,0.004935,0.0603,1.168685,21.680697,True
KVAL0011,208,7.201844,LShoulder,0.033614,0.03174,0.001605,0.01095,0.409259,35.679645,True
KVAL0011,209,7.235166,LShoulder,0.040747,0.00171,0.002235,0.04065,1.496013,21.31226,True
KVAL0011,210,7.268511,LShoulder,0.07883,-0.048255,-0.055125,0.0291,1.176674,34.23293,True
KVAL0011,211,7.301844,LShoulder,0.085606,-0.061185,-0.04464,0.0399,1.015404,36.767295,True
KVAL0011,212,7.335188,LShoulder,0.045048,-0.04446,0.0069,0.00225,1.50684,31.389122,True
KVAL0011,213,7.3685,LShoulder,0.035658,-0.004695,-0.007695,-0.0345,1.285309,37.377688,True
KVAL0011,214,7.401844,LShoulder,0.057656,0.01707,-0.04464,0.03225,1.121175,26.4709,True
KVAL0011,215,7.435177,LShoulder,0.054431,-0.000705,-0.04551,0.02985,0.574229,32.550675,True
KVAL0011,216,7.468511,LShoulder,0.052439,-0.0177,-0.046575,0.01635,1.309934,39.596498,True
KVAL0011,217,7.501855,LShoulder,0.046246,0.002475,0.04128,0.0207,2.480786,33.444319,True
KVAL0011,218,7.535188,LShoulder,0.113227,0.0261,0.10593,-0.0303,1.280086,80.417782,True
KVAL0011,219,7.568522,LShoulder,0.050072,0.005385,-0.00759,-0.0492,3.014351,722.30443,True
KVAL0011,220,7.601866,LShoulder,0.107047,0.02823,-0.094725,-0.0411,49.310343,738.744503,True
KVAL0011,221,7.6352,LShoulder,3.328233,-1.25916,-1.526655,-2.676,50.440378,1901.078802,False
KVAL0011,222,7.668511,LShoulder,3.42098,-1.45566,-1.37877,-2.77185,83.840997,1841.204126,True
KVAL0011,223,7.701844,LShoulder,3.53214,-2.62467,1.5408,1.7925,78.031273,2132.197533,True
KVAL0011,224,7.735188,LShoulder,3.044027,-2.233065,1.24383,1.653,63.579157,1922.874938,False
KVAL0011,225,7.768522,LShoulder,0.81601,0.3807,-0.08277,-0.717,87.805791,1177.879674,False
KVAL0011,226,7.801855,LShoulder,4.032077,3.520125,0.20682,1.9554,57.307705,2198.989529,False
KVAL0011,227,7.8352,LShoulder,3.756309,3.37218,0.22428,1.6395,67.038063,1705.889932,True
KVAL0011,228,7.868533,LShoulder,0.846518,0.04335,0.003495,-0.8454,57.04863,1116.535811,True
KVAL0011,229,7.901844,LShoulder,0.261476,-0.00603,-0.25839,-0.0396,13.404819,857.561287,True
KVAL0011,230,7.935177,LShoulder,0.2003,-0.088665,-0.178545,0.0195,3.015097,231.856978,True
KVAL0011,231,7.968511,LShoulder,0.077524,-0.031545,-0.05901,-0.03915,5.294936,71.512625,True
KVAL0011,232,8.001855,LShoulder,0.184907,0.17313,0.05805,0.0291,3.560367,117.856273,True
KVAL0011,233,8.035188,LShoulder,0.19573,0.173205,-0.0438,0.07995,2.589118,109.162575,True
KVAL0011,234,8.068522,LShoulder,0.063761,0.030075,-0.03771,0.0417,4.131914,56.179611,True
KVAL0011,235,8.101855,LShoulder,0.116534,-0.032505,0.11025,-0.0192,3.331209,63.963294,True
KVAL0011,236,8.1352,LShoulder,0.160399,-0.114285,0.07371,-0.08505,1.258316,53.633458,True
KVAL0011,237,8.168533,LShoulder,0.097608,-0.077985,0.042915,-0.04005,1.391766,40.564957,True
KVAL0011,238,8.201833,LShoulder,0.181174,-0.0537,0.142845,-0.09765,1.697501,48.572198,True
KVAL0011,239,8.235177,LShoulder,0.165897,-0.033405,0.126135,-0.10245,2.027982,53.922726,True
KVAL0011,240,8.2685,LShoulder,0.080263,-0.06897,0.02559,-0.0321,1.904215,33.155619,True
KVAL0011,241,8.301844,LShoulder,0.080863,-0.069135,0.026265,-0.0327,0.756989,24.058259,True
KVAL0011,242,8.335177,LShoulder,0.041081,-0.0195,0.028305,-0.0225,0.357641,21.170239,True
KVAL0011,243,8.368511,LShoulder,0.067046,-0.0636,0.006795,-0.0201,0.792348,12.500373,True
KVAL0011,244,8.401844,LShoulder,0.057726,-0.05772,-0.000735,-0.00045,0.821779,21.80554,True
KVAL0011,245,8.435177,LShoulder,0.024311,-0.013485,0.020085,-0.0024,0.765885,12.006513,True
KVAL0011,246,8.4685,LShoulder,0.010124,-0.007275,0.005415,0.0045,0.255292,11.884289,True
KVAL0011,247,8.501844,LShoulder,0.010403,-0.007605,0.00561,0.00435,0.057557,4.722017,True
KVAL0011,248,8.535177,LShoulder,0.012875,-0.00918,0.00846,0.00315,0.060401,3.304778,True
KVAL0011,249,8.568511,LShoulder,0.013495,-0.0093,0.00915,0.00345,0.172912,3.763748,True
KVAL0011,250,8.601833,LShoulder,0.001439,-0.000705,0.001245,0.00015,0.198746,2.296062,True
KVAL0011,251,8.635166,LShoulder,0.000262,-0.000135,0.000225,0.0,0.021579,3.955905,True
KVAL0011,252,8.6685,LShoulder,0.0,0.0,0.0,0.0,0.070715,1.430877,True
KVAL0011,253,8.701844,LShoulder,0.004919,-0.0021,0.003285,0.003,0.076454,2.114068,True
KVAL0011,254,8.735166,LShoulder,0.005097,-0.00216,0.003375,0.00315,0.070245,2.280414,True
KVAL0011,255,8.768511,LShoulder,0.000237,-0.000105,0.00015,0.00015,0.075575,3.006754,True
KVAL0011,256,8.801844,LShoulder,7.5e-05,-4.5e-05,6e-05,0.0,0.13607,3.202406,True
KVAL0011,257,8.835188,LShoulder,0.009275,-0.00498,0.00768,0.0015,0.14498,4.02419,True
KVAL0011,258,8.868511,LShoulder,0.009739,-0.00519,0.00813,0.00135,0.132262,4.366057,True
KVAL0011,259,8.901844,LShoulder,0.000519,-0.00021,0.00045,-0.00015,0.146091,1.885248,True
KVAL0011,260,8.935177,LShoulder,0.0,0.0,0.0,0.0,0.007587,2.398792,True
KVAL0011,261,8.968522,LShoulder,1.5e-05,0.0,1.5e-05,0.0,0.015177,0.338797,True
KVAL0011,262,9.001844,LShoulder,0.001012,-0.000225,0.000975,-0.00015,0.015177,0.429793,True
KVAL0011,263,9.035177,LShoulder,0.001026,-0.000225,0.00099,-0.00015,0.013606,0.433001,True
KVAL0011,264,9.0685,LShoulder,0.000211,-6e-05,0.000135,0.00015,0.013815,0.195342,True
KVAL0011,265,9.101844,LShoulder,0.000211,-6e-05,0.000135,0.00015,0.00289,0.192493,True
KVAL0011,266,9.135177,LShoulder,3e-05,0.0,3e-05,0.0,0.003158,0.040076,True
KVAL0011,267,9.168522,LShoulder,0.0,0.0,0.0,0.0,0.00045,3.259036,True
KVAL0011,268,9.201833,LShoulder,0.0,0.0,0.0,0.0,0.219959,6.626978,True
KVAL0011,269,9.235177,LShoulder,0.014664,-0.00354,-0.0081,-0.0117,0.441952,4.085943,True
KVAL0011,270,9.268511,LShoulder,0.029463,-0.002175,-0.01008,-0.0276,0.133452,13.25832,True
KVAL0011,271,9.301855,LShoulder,0.016081,0.001365,-0.00198,-0.0159,0.441936,7.995121,True
KVAL0011,272,9.335166,LShoulder,1.5e-05,-1.5e-05,0.0,0.0,0.425694,5.299886,True
KVAL0011,273,9.368511,LShoulder,0.01687,-0.000525,-0.01365,0.0099,0.190907,12.208163,True
KVAL0011,274,9.401833,LShoulder,0.012716,0.009435,-0.001455,0.0084,0.451882,4.276976,True
KVAL0011,275,9.435177,LShoulder,0.015807,0.009945,0.012195,-0.0015,0.116164,10.793936,True
KVAL0011,276,9.4685,LShoulder,0.009075,0.006915,-0.00543,0.00225,0.274087,2.495168,True
KVAL0011,277,9.501833,LShoulder,0.009075,0.006915,-0.00543,0.00225,0.136132,5.81396,True
KVAL0011,278,9.535177,LShoulder,0.0,0.0,0.0,0.0,0.215984,1.609394,True
KVAL0011,279,9.568511,LShoulder,0.006898,-0.005085,-0.001215,-0.0045,0.103909,4.484506,True
KVAL0011,280,9.601833,LShoulder,0.006927,-0.005145,-0.001125,-0.0045,0.103748,3.654489,True
KVAL0011,281,9.635177,LShoulder,0.001895,-0.001275,0.001185,0.00075,0.181195,2.173167,True
KVAL0011,282,9.6685,LShoulder,0.011136,-0.007965,0.00624,0.00465,0.111874,12.016002,True
KVAL0011,283,9.701844,LShoulder,0.009343,-0.006765,0.00513,0.0039,0.629897,10.539066,True
KVAL0011,284,9.735166,LShoulder,0.032909,0.011745,-0.00735,-0.02985,0.604477,16.856267,True
KVAL0011,285,9.7685,LShoulder,0.032702,0.011925,-0.00735,-0.02955,0.498562,16.403536,True
KVAL0011,286,9.801844,LShoulder,0.000497,0.00021,-3e-05,0.00045,0.492271,7.553308,True
KVAL0011,287,9.835177,LShoulder,0.000157,4.5e-05,-1.5e-05,0.00015,0.007462,7.410231,True
KVAL0011,288,9.8685,LShoulder,0.0,0.0,0.0,0.0,0.00236,0.111936,True
KVAL0011,289,9.901844,LShoulder,0.0,0.0,0.0,0.0,0.0,0.070795,True
