video_id,frame_index,source_frame_index,body_id,j00_PELVIS_valid,j00_PELVIS_quality,j00_PELVIS_reason,j01_SPINE_NAVAL_valid,j01_SPINE_NAVAL_quality,j01_SPINE_NAVAL_reason,j02_SPINE_CHEST_valid,j02_SPINE_CHEST_quality,j02_SPINE_CHEST_reason,j03_NECK_valid,j03_NECK_quality,j03_NECK_reason,j04_CLAVICLE_LEFT_valid,j04_CLAVICLE_LEFT_quality,j04_CLAVICLE_LEFT_reason,j05_SHOULDER_LEFT_valid,j05_SHOULDER_LEFT_quality,j05_SHOULDER_LEFT_reason,j06_ELBOW_LEFT_valid,j06_ELBOW_LEFT_quality,j06_ELBOW_LEFT_reason,j07_WRIST_LEFT_valid,j07_WRIST_LEFT_quality,j07_WRIST_LEFT_reason,j08_CLAVICLE_RIGHT_valid,j08_CLAVICLE_RIGHT_quality,j08_CLAVICLE_RIGHT_reason,j09_SHOULDER_RIGHT_valid,j09_SHOULDER_RIGHT_quality,j09_SHOULDER_RIGHT_reason,j10_ELBOW_RIGHT_valid,j10_ELBOW_RIGHT_quality,j10_ELBOW_RIGHT_reason,j11_WRIST_RIGHT_valid,j11_WRIST_RIGHT_quality,j11_WRIST_RIGHT_reason,j12_HIP_LEFT_valid,j12_HIP_LEFT_quality,j12_HIP_LEFT_reason,j13_KNEE_LEFT_valid,j13_KNEE_LEFT_quality,j13_KNEE_LEFT_reason,j14_ANKLE_LEFT_valid,j14_ANKLE_LEFT_quality,j14_ANKLE_LEFT_reason,j15_FOOT_LEFT_valid,j15_FOOT_LEFT_quality,j15_FOOT_LEFT_reason,j16_HIP_RIGHT_valid,j16_HIP_RIGHT_quality,j16_HIP_RIGHT_reason,j17_KNEE_RIGHT_valid,j17_KNEE_RIGHT_quality,j17_KNEE_RIGHT_reason,j18_ANKLE_RIGHT_valid,j18_ANKLE_RIGHT_quality,j18_ANKLE_RIGHT_reason,j19_FOOT_RIGHT_valid,j19_FOOT_RIGHT_quality,j19_FOOT_RIGHT_reason,j20_HEAD_valid,j20_HEAD_quality,j20_HEAD_reason,j21_NOSE_valid,j21_NOSE_quality,j21_NOSE_reason,j22_EYE_LEFT_valid,j22_EYE_LEFT_quality,j22_EYE_LEFT_reason,j23_EAR_LEFT_valid,j23_EAR_LEFT_quality,j23_EAR_LEFT_reason,j24_EYE_RIGHT_valid,j24_EYE_RIGHT_quality,j24_EYE_RIGHT_reason,j25_EAR_RIGHT_valid,j25_EAR_RIGHT_quality,j25_EAR_RIGHT_reason,j26_WRIST_THUMB_LEFT_valid,j26_WRIST_THUMB_LEFT_quality,j26_WRIST_THUMB_LEFT_reason,j27_BICEPS_LEFT_valid,j27_BICEPS_LEFT_quality,j27_BICEPS_LEFT_reason,j28_WRIST_THUMB_RIGHT_valid,j28_WRIST_THUMB_RIGHT_quality,j28_WRIST_THUMB_RIGHT_reason,j29_BICEPS_RIGHT_valid,j29_BICEPS_RIGHT_quality,j29_BICEPS_RIGHT_reason,j30_BACK_LEFT_valid,j30_BACK_LEFT_quality,j30_BACK_LEFT_reason,j31_BACK_RIGHT_valid,j31_BACK_RIGHT_quality,j31_BACK_RIGHT_reason
KVAL0011,0,1,1,True,medium,none,True,medium,none,True,medium,none,True,medium,none,True,medium,none,True,medium,none,True,medium,none,True,medium,none,True,medium,none,True,medium,none,True,medium,none,True,medium,none,True,medium,none,True,medium,none,True,medium,none,True,medium,none,True,medium,none,True,medium,none,False,low,occlusion,False,low,occlusion,False,low,occlusion,False,low,occlusion,False,low,occlusion,False,low,occlusion,False,low,occlusion,False,low,occlusion,True,medium,none,True,medium,none,True,medium,none,True,medium,none,True,medium,none,True,medium,none
KVAL0011,1,2,1,True,medium,none,True,medium,none,True,medium,none,True,medium,none,True,medium,none,True,medium,none,True,medium,none,True,medium,none,True,medium,none,True,medium,none,True,medium,none,True,medium,none,True,medium,none,True,medium,none,True,medium,none,True,medium,none,True,medium,none,True,medium,none,False,low,occlusion,False,low,occlusion,False,low,occlusion,False,low,occlusion,False,low,occlusion,False,low,occlusion,False,low,occlusion,False,low,occlusion,True,medium,none,True,medium,none,True,medium,none,True,medium,none,True,medium,none,True,medium,none
KVAL0011,2,3,1,True,medium,none,True,medium,none,True,medium,none,True,medium,none,True,medium,none,True,medium,none,True,medium,none,True,medium,none,False,low,occlusion,False,low,occlusion,True,medium,none,True,medium,none,True,medium,none,True,medium,none,True,medium,none,True,medium,none,True,medium,none,True,medium,none,False,low,occlusion,False,low,occlusion,False,low,occlusion,False,low,occlusion,True,medium,none,False,low,occlusion,False,low,occlusion,False,low,occlusion,True,medium,none,True,medium,none,True,medium,none,True,medium,none,True,medium,none,True,medium,none
KVAL0011,3,4,1,True,medium,none,True,medium,none,True,medium,none,True,medium,none,True,medium,none,True,medium,none,True,medium,none,True,medium,none,False,low,occlusion,False,low,occlusion,True,medium,none,True,medium,none,True,medium,none,True,medium,none,True,medium,none,True,medium,none,True,medium,none,True,medium,none,False,low,occlusion,False,low,occlusion,False,low,occlusion,False,low,occlusion,False,low,occlusion,False,low,occlusion,False,low,occlusion,False,low,occlusion,True,medium,none,True,medium,none,True,medium,none,True,medium,none,True,medium,none,True,medium,none
KVAL0011,4,5,1,True,medium,none,True,medium,none,True,medium,none,True,medium,none,True,medium,none,True,medium,none,True,medium,none,True,medium,none,True,medium,none,True,medium,none,True,medium,none,True,medium,none,True,medium,none,True,medium,none,True,medium,none,True,medium,none,True,medium,none,True,medium,none,False,low,occlusion,False,low,occlusion,False,low,occlusion,False,low,occlusion,False,low,occlusion,False,low,occlusion,False,low,occlusion,False,low,occlusion,True,medium,none,True,medium,none,True,medium,none,True,medium,none,True,medium,none,True,medium,none
KVAL0011,5,6,1,True,medium,none,True,medium,none,True,medium,none,True,medium,none,True,medium,none,True,medium,none,True,medium,none,True,medium,none,True,medium,none,True,medium,none,True,medium,none,True,medium,none,True,medium,none,True,medium,none,True,medium,none,True,medium,none,True,medium,none,True,medium,none,False,low,occlusion,False,low,occlusion,False,low,occlusion,False,low,occlusion,False,low,occlusion,False,low,occlusion,False,low,occlusion,False,low,occlusion,True,medium,none,True,medium,none,True,medium,none,True,medium,none,True,medium,none,True,medium,none
KVAL0011,6,7,1,True,medium,none,True,medium,none,True,medium,none,True,medium,none,True,medium,none,True,medium,none,True,medium,none,True,medium,none,True,medium,none,True,medium,none,True,medium,none,True,medium,none,True,medium,none,True,medium,none,True,medium,none,True,medium,none,True,medium,none,True,medium,none,True,medium,none,False,low,occlusion,False,low,occlusion,False,low,occlusion,True,medium,none,False,low,occlusion,False,low,occlusion,False,low,occlusion,True,medium,none,True,medium,none,True,medium,none,True,medium,none,True,medium,none,True,medium,none
KVAL0011,7,8,1,True,medium,none,True,medium,none,True,medium,none,True,medium,none,True,medium,none,True,medium,none,True,medium,none,True,medium,none,True,medium,none,True,medium,none,True,medium,none,True,medium,none,True,medium,none,True,medium,none,True,medium,none,True,medium,none,True,medium,none,True,medium,none,False,low,occlusion,False,low,occlusion,False,low,occlusion,False,low,occlusion,False,low,occlusion,False,low,occlusion,False,low,occlusion,False,low,occlusion,True,medium,none,True,medium,none,True,medium,none,True,medium,none,True,medium,none,True,medium,none
KVAL0011,8,9,1,True,medium,none,True,medium,none,True,medium,none,True,medium,none,True,medium,none,True,medium,none,True,medium,none,True,medium,none,False,low,occlusion,False,low,occlusion,True,medium,none,True,medium,none,True,medium,none,True,medium,none,True,medium,none,True,medium,none,True,medium,none,True,medium,none,True,medium,none,False,low,occlusion,False,low,occlusion,False,low,occlusion,True,medium,none,False,low,occlusion,False,low,occlusion,False,low,occlusion,True,medium,none,True,medium,none,True,medium,none,True,medium,none,True,medium,none,True,medium,none
KVAL0011,9,10,1,True,medium,none,True,medium,none,True,medium,none,True,medium,none,True,medium,none,True,medium,none,True,medium,none,False,low,occlusion,False,low,occlusion,False,low,occlusion,False,low,occlusion,True,medium,none,True,medium,none,True,medium,none,True,medium,none,True,medium,none,True,medium,none,True,medium,none,True,medium,none,False,low,occlusion,False,low,occlusion,False,low,occlusion,True,medium,none,False,low,occlusion,False,low,occlusion,False,low,occlusion,True,medium,none,True,medium,none,True,medium,none,True,medium,none,True,medium,none,True,medium,none
KVAL0011,10,11,1,True,medium,none,True,medium,none,True,medium,none,True,medium,none,True,medium,none,True,medium,none,True,medium,none,True,medium,none,True,medium,none,True,medium,none,True,medium,none,True,medium,none,True,medium,none,True,medium,none,True,medium,none,True,medium,none,True,medium,none,True,medium,none,True,medium,none,False,low,occlusion,False,low,occlusion,False,low,occlusion,True,medium,none,False,low,occlusion,False,low,occlusion,False,low,occlusion,True,medium,none,True,medium,none,True,medium,none,True,medium,none,True,medium,none,True,medium,none
KVAL0011,11,12,1,True,medium,none,True,medium,none,True,medium,none,True,medium,none,True,medium,none,True,medium,none,True,medium,none,False,low,occlusion,False,low,occlusion,False,low,occlusion,False,low,occlusion,True,medium,none,True,medium,none,True,medium,none,True,medium,none,True,medium,none,True,medium,none,True,medium,none,True,medium,none,False,low,occlusion,False,low,occlusion,False,low,occlusion,True,medium,none,False,low,occlusion,False,low,occlusion,False,low,occlusion,True,medium,none,True,medium,none,True,medium,none,True,medium,none,True,medium,none,True,medium,none
KVAL0011,12,13,1,True,medium,none,True,medium,none,True,medium,none,True,medium,none,True,medium,none,True,medium,none,True,medium,none,True,medium,none,False,low,occlusion,False,low,occlusion,False,low,occlusion,True,medium,none,True,medium,none,True,medium,none,True,medium,none,True,medium,none,True,medium,none,True,medium,none,True,medium,none,False,low,occlusion,False,low,occlusion,False,low,occlusion,True,medium,none,False,low,occlusion,False,low,occlusion,False,low,occlusion,True,medium,none,True,medium,none,True,medium,none,True,medium,none,True,medium,none,True,medium,none
KVAL0011,13,14,1,True,medium,none,True,medium,none,True,medium,none,True,medium,none,True,medium,none,True,medium,none,True,medium,none,True,medium,none,True,medium,none,True,medium,none,True,medium,none,True,medium,none,True,medium,none,True,medium,none,True,medium,none,True,medium,none,True,medium,none,True,medium,none,False,low,occlusion,False,low,occlusion,False,low,occlusion,False,low,occlusion,True,medium,none,False,low,occlusion,False,low,occlusion,False,low,occlusion,True,medium,none,True,medium,none,True,medium,none,True,medium,none,True,medium,none,True,medium,none
KVAL0011,14,15,1,True,medium,none,True,medium,none,True,medium,none,True,medium,none,True,medium,none,True,medium,none,True,medium,none,False,low,occlusion,False,low,occlusion,False,low,occlusion,False,low,occlusion,True,medium,none,True,medium,none,True,medium,none,True,medium,none,True,medium,none,True,medium,none,True,medium,none,False,low,occlusion,False,low,occlusion,False,low,occlusion,False,low,occlusion,True,medium,none,False,low,occlusion,False,low,occlusion,False,low,occlusion,True,medium,none,True,medium,none,True,medium,none,True,medium,none,True,medium,none,True,medium,none
KVAL0011,15,16,1,True,medium,none,True,medium,none,True,medium,none,True,medium,none,True,medium,none,True,medium,none,True,medium,none,True,medium,none,False,low,occlusion,False,low,occlusion,True,medium,none,True,medium,none,True,medium,none,True,medium,none,True,medium,none,True,medium,none,True,medium,none,True,medium,none,True,medium,none,False,low,occlusion,False,low,occlusion,False,low,occlusion,True,medium,none,False,low,occlusion,False,low,occlusion,False,low,occlusion,True,medium,none,True,medium,none,True,medium,none,True,medium,none,True,medium,none,True,medium,none
KVAL0011,16,17,1,True,medium,none,True,medium,none,True,medium,none,True,medium,none,True,medium,none,True,medium,none,True,medium,none,True,medium,none,True,medium,none,True,medium,none,True,medium,none,True,medium,none,True,medium,none,True,medium,none,True,medium,none,True,medium,none,True,medium,none,True,medium,none,True,medium,none,False,low,occlusion,False,low,occlusion,False,low,occlusion,True,medium,none,False,low,occlusion,False,low,occlusion,False,low,occlusion,True,medium,none,True,medium,none,True,medium,none,True,medium,none,True,medium,none,True,medium,none
KVAL0011,17,18,1,True,medium,none,True,medium,none,True,medium,none,True,medium,none,True,medium,none,True,medium,none,True,medium,none,True,medium,none,True,medium,none,True,medium,none,True,medium,none,True,medium,none,True,medium,none,True,medium,none,True,medium,none,True,medium,none,True,medium,none,True,medium,none,True,medium,none,False,low,occlusion,False,low,occlusion,False,low,occlusion,True,medium,none,False,low,occlusion,False,low,occlusion,False,low,occlusion,True,medium,none,True,medium,none,True,medium,none,True,medium,none,True,medium,none,True,medium,none
KVAL0011,18,19,1,True,medium,none,True,medium,none,True,medium,none,True,medium,none,True,medium,none,True,medium,none,True,medium,none,True,medium,none,True,medium,none,True,medium,none,True,medium,none,True,medium,none,True,medium,none,True,medium,none,True,medium,none,True,medium,none,True,medium,none,True,medium,none,True,medium,none,False,low,occlusion,False,low,occlusion,False,low,occlusion,True,medium,none,False,low,occlusion,False,low,occlusion,False,low,occlusion,True,medium,none,True,medium,none,True,medium,none,True,medium,none,True,medium,none,True,medium,none
KVAL0011,19,20,1,True,medium,none,True,medium,none,True,medium,none,True,medium,none,True,medium,none,True,medium,none,True,medium,none,True,medium,none,True,medium,none,True,medium,none,True,medium,none,True,medium,none,True,medium,none,True,medium,none,True,medium,none,True,medium,none,True,medium,none,True,medium,none,True,medium,none,False,low,occlusion,False,low,occlusion,False,low,occlusion,True,medium,none,False,low,occlusion,False,low,occlusion,False,low,occlusion,True,medium,none,True,medium,none,True,medium,none,True,medium,none,True,medium,none,True,medium,none
KVAL0011,20,21,1,True,medium,none,True,medium,none,True,medium,none,True,medium,none,True,medium,none,True,medium,none,True,medium,none,True,medium,none,True,medium,none,True,medium,none,True,medium,none,True,medium,none,True,medium,none,True,medium,none,True,medium,none,True,medium,none,True,medium,none,True,medium,none,True,medium,none,False,low,occlusion,False,low,occlusion,False,low,occlusion,True,medium,none,False,low,occlusion,False,low,occlusion,False,low,occlusion,True,medium,none,True,medium,none,True,medium,none,True,medium,none,True,medium,none,True,medium,none
KVAL0011,21,22,1,True,medium,none,True,medium,none,True,medium,none,True,medium,none,True,medium,none,True,medium,none,True,medium,none,True,medium,none,True,medium,none,True,medium,none,True,medium,none,True,medium,none,True,medium,none,True,medium,none,True,medium,none,True,medium,none,True,medium,none,True,medium,none,False,low,occlusion,False,low,occlusion,False,low,occlusion,False,low,occlusion,True,medium,none,False,low,occlusion,False,low,occlusion,False,low,occlusion,True,medium,none,True,medium,none,True,medium,none,True,medium,none,True,medium,none,True,medium,none
KVAL0011,22,23,1,True,medium,none,True,medium,none,True,medium,none,True,medium,none,True,medium,none,True,medium,none,True,medium,none,True,medium,none,True,medium,none,True,medium,none,True,medium,none,True,medium,none,True,medium,none,True,medium,none,True,medium,none,True,medium,none,True,medium,none,True,medium,none,True,medium,none,False,low,occlusion,False,low,occlusion,False,low,occlusion,True,medium,none,False,low,occlusion,False,low,occlusion,False,low,occlusion,True,medium,none,True,medium,none,True,medium,none,True,medium,none,True,medium,none,True,medium,none
KVAL0011,23,24,1,True,medium,none,True,medium,none,True,medium,none,True,medium,none,True,medium,none,True,medium,none,True,medium,none,True,medium,none,True,medium,none,True,medium,none,True,medium,none,True,medium,none,True,medium,none,True,medium,none,True,medium,none,True,medium,none,True,medium,none,True,medium,none,True,medium,none,False,low,occlusion,False,low,occlusion,False,low,occlusion,True,medium,none,False,low,occlusion,False,low,occlusion,False,low,occlusion,True,medium,none,True,medium,none,True,medium,none,True,medium,none,True,medium,none,True,medium,none
KVAL0011,24,25,1,True,medium,none,True,medium,none,True,medium,none,True,medium,none,True,medium,none,True,medium,none,True,medium,none,True,medium,none,True,medium,none,True,medium,none,True,medium,none,True,medium,none,True,medium,none,True,medium,none,True,medium,none,True,medium,none,True,medium,none,True,medium,none,True,medium,none,False,low,occlusion,False,low,occlusion,False,low,occlusion,True,medium,none,False,low,occlusion,False,low,occlusion,False,low,occlusion,True,medium,none,True,medium,none,True,medium,none,True,medium,none,True,medium,none,True,medium,none
KVAL0011,25,26,1,True,medium,none,True,medium,none,True,medium,none,True,medium,none,True,medium,none,True,medium,none,True,medium,none,True,medium,none,True,medium,none,True,medium,none,True,medium,none,True,medium,none,True,medium,none,True,medium,none,True,medium,none,True,medium,none,True,medium,none,True,medium,none,False,low,occlusion,False,low,occlusion,False,low,occlusion,False,low,occlusion,False,low,occlusion,False,low,occlusion,False,low,occlusion,False,low,occlusion,True,medium,none,True,medium,none,True,medium,none,True,medium,none,True,medium,none,True,medium,none
KVAL0011,26,27,1,True,medium,none,True,medium,none,True,medium,none,True,medium,none,True,medium,none,True,medium,none,True,medium,none,True,medium,none,True,medium,none,True,medium,none,True,medium,none,True,medium,none,True,medium,none,True,medium,none,True,medium,none,True,medium,none,True,medium,none,True,medium,none,True,medium,none,False,low,occlusion,False,low,occlusion,False,low,occlusion,True,medium,none,False,low,occlusion,False,low,occlusion,False,low,occlusion,True,medium,none,True,medium,none,True,medium,none,True,medium,none,True,medium,none,True,medium,none
KVAL0011,27,28,1,True,medium,none,True,medium,none,True,medium,none,True,medium,none,True,medium,none,True,medium,none,True,medium,none,True,medium,none,True,medium,none,True,medium,none,True,medium,none,True,medium,none,True,medium,none,True,medium,none,True,medium,none,True,medium,none,True,medium,none,True,medium,none,True,medium,none,False,low,occlusion,False,low,occlusion,False,low,occlusion,True,medium,none,False,low,occlusion,False,low,occlusion,False,low,occlusion,True,medium,none,True,medium,none,True,medium,none,True,medium,none,True,medium,none,True,medium,none
KVAL0011,28,29,1,True,medium,none,True,medium,none,True,medium,none,True,medium,none,True,medium,none,True,medium,none,True,medium,none,True,medium,none,True,medium,none,False,low,occlusion,True,medium,none,True,medium,none,True,medium,none,True,medium,none,True,medium,none,True,medium,none,True,medium,none,True,medium,none,True,medium,none,False,low,occlusion,False,low,occlusion,False,low,occlusion,True,medium,none,False,low,occlusion,False,low,occlusion,False,low,occlusion,True,medium,none,True,medium,none,True,medium,none,True,medium,none,True,medium,none,True,medium,none
KVAL0011,29,30,1,True,medium,none,True,medium,none,True,medium,none,True,medium,none,True,medium,none,True,medium,none,True,medium,none,True,medium,none,True,medium,none,True,medium,none,True,medium,none,True,medium,none,True,medium,none,True,medium,none,True,medium,none,True,medium,none,True,medium,none,True,medium,none,True,medium,none,False,low,occlusion,False,low,occlusion,False,low,occlusion,True,medium,none,False,low,occlusion,False,low,occlusion,False,low,occlusion,True,medium,none,True,medium,none,True,medium,none,True,medium,none,True,medium,none,True,medium,none
KVAL0011,30,31,1,True,medium,none,True,medium,none,True,medium,none,True,medium,none,True,medium,none,True,medium,none,True,medium,none,False,low,occlusion,False,low,occlusion,False,low,occlusion,False,low,occlusion,True,medium,none,True,medium,none,True,medium,none,True,medium,none,True,medium,none,True,medium,none,True,medium,none,False,low,occlusion,False,low,occlusion,False,low,occlusion,False,low,occlusion,True,medium,none,False,low,occlusion,False,low,occlusion,False,low,occlusion,True,medium,none,True,medium,none,True,medium,none,True,medium,none,True,medium,none,True,medium,none
KVAL0011,31,32,1,True,medium,none,True,medium,none,True,medium,none,True,medium,none,True,medium,none,True,medium,none,True,medium,none,False,low,occlusion,False,low,occlusion,False,low,occlusion,False,low,occlusion,True,medium,none,True,medium,none,True,medium,none,True,medium,none,True,medium,none,True,medium,none,True,medium,none,False,low,occlusion,False,low,occlusion,False,low,occlusion,False,low,occlusion,False,low,occlusion,False,low,occlusion,False,low,occlusion,False,low,occlusion,True,medium,none,True,medium,none,True,medium,none,True,medium,none,True,medium,none,True,medium,none
KVAL0011,32,33,1,True,medium,none,True,medium,none,True,medium,none,True,medium,none,True,medium,none,True,medium,none,True,medium,none,True,medium,none,False,low,occlusion,False,low,occlusion,True,medium,none,True,medium,none,True,medium,none,True,medium,none,True,medium,none,True,medium,none,True,medium,none,True,medium,none,False,low,occlusion,False,low,occlusion,False,low,occlusion,False,low,occlusion,False,low,occlusion,False,low,occlusion,False,low,occlusion,False,low,occlusion,True,medium,none,True,medium,none,True,medium,none,True,medium,none,True,medium,none,True,medium,none
KVAL0011,33,34,1,True,medium,none,True,medium,none,True,medium,none,True,medium,none,True,medium,none,True,medium,none,True,medium,none,False,low,occlusion,False,low,occlusion,False,low,occlusion,False,low,occlusion,True,medium,none,True,medium,none,True,medium,none,True,medium,none,True,medium,none,True,medium,none,True,medium,none,False,low,occlusion,False,low,occlusion,False,low,occlusion,False,low,occlusion,False,low,occlusion,False,low,occlusion,False,low,occlusion,False,low,occlusion,True,medium,none,True,medium,none,True,medium,none,True,medium,none,True,medium,none,True,medium,none
KVAL0011,34,35,1,True,medium,none,True,medium,none,True,medium,none,True,medium,none,True,medium,none,True,medium,none,True,medium,none,False,low,occlusion,False,low,occlusion,False,low,occlusion,False,low,occlusion,True,medium,none,True,medium,none,True,medium,none,True,medium,none,True,medium,none,True,medium,none,True,medium,none,False,low,occlusion,False,low,occlusion,False,low,occlusion,False,low,occlusion,False,low,occlusion,False,low,occlusion,False,low,occlusion,False,low,occlusion,True,medium,none,True,medium,none,True,medium,none,True,medium,none,True,medium,none,True,medium,none
KVAL0011,35,36,1,True,medium,none,True,medium,none,True,medium,none,True,medium,none,True,medium,none,True,medium,none,True,medium,none,False,low,occlusion,False,low,occlusion,False,low,occlusion,False,low,occlusion,True,medium,none,True,medium,none,True,medium,none,True,medium,none,True,medium,none,True,medium,none,True,medium,none,False,low,occlusion,False,low,occlusion,False,low,occlusion,False,low,occlusion,False,low,occlusion,False,low,occlusion,False,low,occlusion,False,low,occlusion,True,medium,none,True,medium,none,True,medium,none,True,medium,none,True,medium,none,True,medium,none
KVAL0011,36,37,1,True,medium,none,True,medium,none,True,medium,none,True,medium,none,True,medium,none,True,medium,none,True,medium,none,False,low,occlusion,False,low,occlusion,False,low,occlusion,False,low,occlusion,True,medium,none,True,medium,none,True,medium,none,True,medium,none,True,medium,none,True,medium,none,True,medium,none,False,low,occlusion,False,low,occlusion,False,low,occlusion,False,low,occlusion,True,medium,none,False,low,occlusion,False,low,occlusion,False,low,occlusion,True,medium,none,True,medium,none,True,medium,none,True,medium,none,True,medium,none,True,medium,none
KVAL0011,37,38,1,True,medium,none,True,medium,none,True,medium,none,True,medium,none,True,medium,none,True,medium,none,True,medium,none,False,low,occlusion,False,low,occlusion,False,low,occlusion,False,low,occlusion,True,medium,none,True,medium,none,True,medium,none,True,medium,none,True,medium,none,True,medium,none,True,medium,none,True,medium,none,False,low,occlusion,False,low,occlusion,False,low,occlusion,True,medium,none,False,low,occlusion,False,low,occlusion,False,low,occlusion,True,medium,none,True,medium,none,True,medium,none,True,medium,none,True,medium,none,True,medium,none
KVAL0011,38,39,1,True,medium,none,True,medium,none,True,medium,none,True,medium,none,True,medium,none,True,medium,none,True,medium,none,False,low,occlusion,False,low,occlusion,False,low,occlusion,False,low,occlusion,True,medium,none,True,medium,none,True,medium,none,False,low,occlusion,False,low,occlusion,False,low,occlusion,False,low,occlusion,True,medium,none,False,low,occlusion,False,low,occlusion,False,low,occlusion,True,medium,none,True,medium,none,False,low,occlusion,False,low,occlusion,True,medium,none,True,medium,none,True,medium,none,True,medium,none,True,medium,none,True,medium,none
KVAL0011,39,40,1,True,medium,none,True,medium,none,True,medium,none,True,medium,none,True,medium,none,True,medium,none,True,medium,none,False,low,occlusion,False,low,occlusion,False,low,occlusion,False,low,occlusion,True,medium,none,True,medium,none,True,medium,none,True,medium,none,True,medium,none,True,medium,none,True,medium,none,True,medium,none,False,low,occlusion,False,low,occlusion,False,low,occlusion,True,medium,none,True,medium,none,False,low,occlusion,False,low,occlusion,True,medium,none,True,medium,none,True,medium,none,True,medium,none,True,medium,none,True,medium,none
KVAL0011,40,41,1,True,medium,none,True,medium,none,True,medium,none,True,medium,none,True,medium,none,True,medium,none,True,medium,none,False,low,occlusion,False,low,occlusion,False,low,occlusion,False,low,occlusion,True,medium,none,True,medium,none,True,medium,none,True,medium,none,True,medium,none,True,medium,none,True,medium,none,True,medium,none,False,low,occlusion,False,low,occlusion,False,low,occlusion,True,medium,none,True,medium,none,False,low,occlusion,False,low,occlusion,True,medium,none,True,medium,none,True,medium,none,True,medium,none,True,medium,none,True,medium,none
KVAL0011,41,42,1,True,medium,none,True,medium,none,True,medium,none,True,medium,none,True,medium,none,True,medium,none,True,medium,none,False,low,occlusion,False,low,occlusion,False,low,occlusion,False,low,occlusion,True,medium,none,True,medium,none,True,medium,none,True,medium,none,True,medium,none,True,medium,none,True,medium,none,True,medium,none,False,low,occlusion,False,low,occlusion,False,low,occlusion,True,medium,none,True,medium,none,False,low,occlusion,False,low,occlusion,True,medium,none,True,medium,none,True,medium,none,True,medium,none,True,medium,none,True,medium,none
KVAL0011,42,43,1,True,medium,none,True,medium,none,True,medium,none,True,medium,none,True,medium,none,True,medium,none,True,medium,none,False,low,occlusion,False,low,occlusion,False,low,occlusion,False,low,occlusion,True,medium,none,True,medium,none,True,medium,none,True,medium,none,True,medium,none,True,medium,none,True,medium,none,True,medium,none,False,low,occlusion,False,low,occlusion,False,low,occlusion,True,medium,none,True,medium,none,False,low,occlusion,False,low,occlusion,True,medium,none,True,medium,none,True,medium,none,True,medium,none,True,medium,none,True,medium,none
KVAL0011,43,44,1,True,medium,none,True,medium,none,True,medium,none,True,medium,none,True,medium,none,True,medium,none,True,medium,none,False,low,occlusion,False,low,occlusion,False,low,occlusion,False,low,occlusion,True,medium,none,True,medium,none,True,medium,none,True,medium,none,True,medium,none,True,medium,none,True,medium,none,True,medium,none,False,low,occlusion,False,low,occlusion,False,low,occlusion,True,medium,none,True,medium,none,False,low,occlusion,False,low,occlusion,True,medium,none,True,medium,none,True,medium,none,True,medium,none,True,medium,none,True,medium,none
KVAL0011,44,45,1,True,medium,none,True,medium,none,True,medium,none,True,medium,none,True,medium,none,True,medium,none,True,medium,none,False,low,occlusion,False,low,occlusion,False,low,occlusion,False,low,occlusion,True,medium,none,True,medium,none,True,medium,none,True,medium,none,True,medium,none,True,medium,none,True,medium,none,True,medium,none,False,low,occlusion,False,low,occlusion,False,low,occlusion,True,medium,none,True,medium,none,False,low,occlusion,False,low,occlusion,True,medium,none,True,medium,none,True,medium,none,True,medium,none,True,medium,none,True,medium,none
KVAL0011,45,46,1,True,medium,none,True,medium,none,True,medium,none,True,medium,none,True,medium,none,True,medium,none,True,medium,none,False,low,occlusion,False,low,occlusion,False,low,occlusion,False,low,occlusion,True,medium,none,True,medium,none,True,medium,none,True,medium,none,True,medium,none,True,medium,none,True,medium,none,True,medium,none,False,low,occlusion,False,low,occlusion,False,low,occlusion,True,medium,none,True,medium,none,False,low,occlusion,False,low,occlusion,True,medium,none,True,medium,none,True,medium,none,True,medium,none,True,medium,none,True,medium,none
KVAL0011,46,47,1,True,medium,none,True,medium,none,True,medium,none,True,medium,none,True,medium,none,True,medium,none,True,medium,none,False,low,occlusion,False,low,occlusion,False,low,occlusion,False,low,occlusion,True,medium,none,True,medium,none,True,medium,none,True,medium,none,True,medium,none,True,medium,none,True,medium,none,True,medium,none,False,low,occlusion,False,low,occlusion,False,low,occlusion,True,medium,none,True,medium,none,False,low,occlusion,False,low,occlusion,True,medium,none,True,medium,none,True,medium,none,True,medium,none,True,medium,none,True,medium,none
KVAL0011,47,48,1,True,medium,none,True,medium,none,True,medium,none,True,medium,none,True,medium,none,True,medium,none,True,medium,none,False,low,occlusion,False,low,occlusion,False,low,occlusion,False,low,occlusion,True,medium,none,True,medium,none,True,medium,none,True,medium,none,True,medium,none,True,medium,none,True,medium,none,True,medium,none,False,low,occlusion,False,low,occlusion,False,low,occlusion,True,medium,none,True,medium,none,False,low,occlusion,False,low,occlusion,True,medium,none,True,medium,none,True,medium,none,True,medium,none,True,medium,none,True,medium,none
KVAL0011,48,49,1,True,medium,none,True,medium,none,True,medium,none,True,medium,none,True,medium,none,True,medium,none,True,medium,none,True,medium,none,False,low,occlusion,False,low,occlusion,False,low,occlusion,True,medium,none,True,medium,none,True,medium,none,True,medium,none,True,medium,none,True,medium,none,True,medium,none,True,medium,none,False,low,occlusion,False,low,occlusion,False,low,occlusion,True,medium,none,True,medium,none,False,low,occlusion,False,low,occlusion,True,medium,none,True,medium,none,True,medium,none,True,medium,none,True,medium,none,True,medium,none
KVAL0011,49,50,1,True,medium,none,True,medium,none,True,medium,none,True,medium,none,True,medium,none,True,medium,none,True,medium,none,False,low,occlusion,False,low,occlusion,False,low,occlusion,False,low,occlusion,True,medium,none,True,medium,none,True,medium,none,True,medium,none,True,medium,none,True,medium,none,True,medium,none,True,medium,none,False,low,occlusion,False,low,occlusion,False,low,occlusion,True,medium,none,True,medium,none,False,low,occlusion,False,low,occlusion,True,medium,none,True,medium,none,True,medium,none,True,medium,none,True,medium,none,True,medium,none
KVAL0011,50,51,1,True,medium,none,True,medium,none,True,medium,none,True,medium,none,True,medium,none,True,medium,none,True,medium,none,False,low,occlusion,False,low,occlusion,False,low,occlusion,False,low,occlusion,True,medium,none,True,medium,none,True,medium,none,True,medium,none,True,medium,none,True,medium,none,True,medium,none,True,medium,none,False,low,occlusion,False,low,occlusion,False,low,occlusion,True,medium,none,True,medium,none,False,low,occlusion,False,low,occlusion,True,medium,none,True,medium,none,True,medium,none,True,medium,none,True,medium,none,True,medium,none
KVAL0011,51,52,1,True,medium,none,True,medium,none,True,medium,none,True,medium,none,True,medium,none,True,medium,none,True,medium,none,False,low,occlusion,False,low,occlusion,False,low,occlusion,False,low,occlusion,True,medium,none,True,medium,none,True,medium,none,True,medium,none,True,medium,none,True,medium,none,True,medium,none,True,medium,none,False,low,occlusion,False,low,occlusion,False,low,occlusion,True,medium,none,True,medium,none,False,low,occlusion,False,low,occlusion,True,medium,none,True,medium,none,True,medium,none,True,medium,none,True,medium,none,True,medium,none
KVAL0011,52,53,1,True,medium,none,True,medium,none,True,medium,none,True,medium,none,True,medium,none,True,medium,none,True,medium,none,False,low,occlusion,False,low,occlusion,False,low,occlusion,False,low,occlusion,True,medium,none,True,medium,none,True,medium,none,True,medium,none,True,medium,none,True,medium,none,True,medium,none,True,medium,none,False,low,occlusion,False,low,occlusion,False,low,occlusion,True,medium,none,True,medium,none,False,low,occlusion,False,low,occlusion,True,medium,none,True,medium,none,True,medium,none,True,medium,none,True,medium,none,True,medium,none
KVAL0011,53,54,1,True,medium,none,True,medium,none,True,medium,none,True,medium,none,True,medium,none,True,medium,none,True,medium,none,False,low,occlusion,False,low,occlusion,False,low,occlusion,False,low,occlusion,True,medium,none,True,medium,none,True,medium,none,True,medium,none,True,medium,none,True,medium,none,True,medium,none,True,medium,none,False,low,occlusion,False,low,occlusion,False,low,occlusion,True,medium,none,False,low,occlusion,False,low,occlusion,False,low,occlusion,True,medium,none,True,medium,none,True,medium,none,True,medium,none,True,medium,none,True,medium,none
KVAL0011,54,55,1,True,medium,none,True,medium,none,True,medium,none,True,medium,none,True,medium,none,True,medium,none,True,medium,none,False,low,occlusion,False,low,occlusion,False,low,occlusion,False,low,occlusion,True,medium,none,True,medium,none,True,medium,none,True,medium,none,True,medium,none,True,medium,none,True,medium,none,True,medium,none,False,low,occlusion,False,low,occlusion,False,low,occlusion,True,medium,none,False,low,occlusion,False,low,occlusion,False,low,occlusion,True,medium,none,True,medium,none,True,medium,none,True,medium,none,True,medium,none,True,medium,none
KVAL0011,55,56,1,True,medium,none,True,medium,none,True,medium,none,True,medium,none,True,medium,none,True,medium,none,True,medium,none,False,low,occlusion,False,low,occlusion,False,low,occlusion,False,low,occlusion,True,medium,none,True,medium,none,True,medium,none,True,medium,none,True,medium,none,True,medium,none,True,medium,none,True,medium,none,False,low,occlusion,False,low,occlusion,False,low,occlusion,True,medium,none,False,low,occlusion,False,low,occlusion,False,low,occlusion,True,medium,none,True,medium,none,True,medium,none,True,medium,none,True,medium,none,True,medium,none
KVAL0011,56,57,1,True,medium,none,True,medium,none,True,medium,none,True,medium,none,True,medium,none,True,medium,none,True,medium,none,False,low,occlusion,False,low,occlusion,False,low,occlusion,False,low,occlusion,True,medium,none,True,medium,none,True,medium,none,True,medium,none,True,medium,none,True,medium,none,True,medium,none,True,medium,none,False,low,occlusion,False,low,occlusion,False,low,occlusion,True,medium,none,False,low,occlusion,False,low,occlusion,False,low,occlusion,True,medium,none,True,medium,none,True,medium,none,True,medium,none,True,medium,none,True,medium,none
KVAL0011,57,58,1,True,medium,none,True,medium,none,True,medium,none,True,medium,none,True,medium,none,True,medium,none,True,medium,none,False,low,occlusion,False,low,occlusion,False,low,occlusion,False,low,occlusion,True,medium,none,True,medium,none,True,medium,none,True,medium,none,True,medium,none,True,medium,none,True,medium,none,True,medium,none,False,low,occlusion,False,low,occlusion,False,low,occlusion,True,medium,none,False,low,occlusion,False,low,occlusion,False,low,occlusion,True,medium,none,True,medium,none,True,medium,none,True,medium,none,True,medium,none,True,medium,none
KVAL0011,58,59,1,True,medium,none,True,medium,none,True,medium,none,True,medium,none,True,medium,none,True,medium,none,True,medium,none,False,low,occlusion,False,low,occlusion,False,low,occlusion,False,low,occlusion,True,medium,none,True,medium,none,True,medium,none,True,medium,none,True,medium,none,True,medium,none,True,medium,none,True,medium,none,False,low,occlusion,False,low,occlusion,False,low,occlusion,True,medium,none,False,low,occlusion,False,low,occlusion,False,low,occlusion,True,medium,none,True,medium,none,True,medium,none,True,medium,none,True,medium,none,True,medium,none
KVAL0011,59,60,1,True,medium,none,True,medium,none,True,medium,none,True,medium,none,True,medium,none,True,medium,none,True,medium,none,False,low,occlusion,False,low,occlusion,False,low,occlusion,False,low,occlusion,True,medium,none,True,medium,none,True,medium,none,True,medium,none,True,medium,none,True,medium,none,True,medium,none,True,medium,none,False,low,occlusion,False,low,occlusion,False,low,occlusion,True,medium,none,False,low,occlusion,False,low,occlusion,False,low,occlusion,True,medium,none,True,medium,none,True,medium,none,True,medium,none,True,medium,none,True,medium,none
KVAL0011,60,61,1,True,medium,none,True,medium,none,True,medium,none,True,medium,none,True,medium,none,True,medium,none,True,medium,none,False,low,occlusion,False,low,occlusion,False,low,occlusion,False,low,occlusion,True,medium,none,True,medium,none,True,medium,none,True,medium,none,True,medium,none,True,medium,none,True,medium,none,True,medium,none,False,low,occlusion,False,low,occlusion,False,low,occlusion,True,medium,none,False,low,occlusion,False,low,occlusion,False,low,occlusion,True,medium,none,True,medium,none,True,medium,none,True,medium,none,True,medium,none,True,medium,none
KVAL0011,61,62,1,True,medium,none,True,medium,none,True,medium,none,True,medium,none,True,medium,none,True,medium,none,True,medium,none,False,low,occlusion,False,low,occlusion,False,low,occlusion,False,low,occlusion,True,medium,none,True,medium,none,True,medium,none,True,medium,none,True,medium,none,True,medium,none,True,medium,none,True,medium,none,False,low,occlusion,False,low,occlusion,False,low,occlusion,True,medium,none,True,medium,none,False,low,occlusion,False,low,occlusion,True,medium,none,True,medium,none,True,medium,none,True,medium,none,True,medium,none,True,medium,none
KVAL0011,62,63,1,True,medium,none,True,medium,none,True,medium,none,True,medium,none,True,medium,none,True,medium,none,True,medium,none,False,low,occlusion,False,low,occlusion,False,low,occlusion,False,low,occlusion,True,medium,none,True,medium,none,True,medium,none,True,medium,none,True,medium,none,True,medium,none,True,medium,none,True,medium,none,False,low,occlusion,False,low,occlusion,False,low,occlusion,True,medium,none,True,medium,none,False,low,occlusion,False,low,occlusion,True,medium,none,True,medium,none,True,medium,none,True,medium,none,True,medium,none,True,medium,none
KVAL0011,63,64,1,True,medium,none,True,medium,none,True,medium,none,True,medium,none,True,medium,none,True,medium,none,True,medium,none,False,low,occlusion,False,low,occlusion,False,low,occlusion,False,low,occlusion,True,medium,none,True,medium,none,True,medium,none,True,medium,none,True,medium,none,True,medium,none,True,medium,none,True,medium,none,False,low,occlusion,False,low,occlusion,False,low,occlusion,True,medium,none,True,medium,none,False,low,occlusion,False,low,occlusion,True,medium,none,True,medium,none,True,medium,none,True,medium,none,True,medium,none,True,medium,none
KVAL0011,64,65,1,True,medium,none,True,medium,none,True,medium,none,True,medium,none,True,medium,none,True,medium,none,True,medium,none,False,low,occlusion,False,low,occlusion,False,low,occlusion,False,low,occlusion,True,medium,none,True,medium,none,True,medium,none,True,medium,none,True,medium,none,True,medium,none,True,medium,none,True,medium,none,False,low,occlusion,False,low,occlusion,False,low,occlusion,True,medium,none,True,medium,none,False,low,occlusion,False,low,occlusion,True,medium,none,True,medium,none,True,medium,none,True,medium,none,True,medium,none,True,medium,none
KVAL0011,65,66,1,True,medium,none,True,medium,none,True,medium,none,True,medium,none,True,medium,none,True,medium,none,True,medium,none,False,low,occlusion,False,low,occlusion,False,low,occlusion,False,low,occlusion,True,medium,none,True,medium,none,True,medium,none,True,medium,none,True,medium,none,False,low,occlusion,False,low,occlusion,True,medium,none,False,low,occlusion,False,low,occlusion,False,low,occlusion,True,medium,none,True,medium,none,False,low,occlusion,False,low,occlusion,True,medium,none,True,medium,none,True,medium,none,True,medium,none,True,medium,none,True,medium,none
KVAL0011,66,67,1,True,medium,none,True,medium,none,True,medium,none,True,medium,none,True,medium,none,True,medium,none,True,medium,none,False,low,occlusion,False,low,occlusion,False,low,occlusion,False,low,occlusion,True,medium,none,True,medium,none,True,medium,none,True,medium,none,True,medium,none,True,medium,none,True,medium,none,True,medium,none,False,low,occlusion,False,low,occlusion,False,low,occlusion,True,medium,none,True,medium,none,False,low,occlusion,False,low,occlusion,True,medium,none,True,medium,none,True,medium,none,True,medium,none,True,medium,none,True,medium,none
KVAL0011,67,68,1,True,medium,none,True,medium,none,True,medium,none,True,medium,none,True,medium,none,True,medium,none,True,medium,none,False,low,occlusion,False,low,occlusion,False,low,occlusion,False,low,occlusion,True,medium,none,True,medium,none,True,medium,none,True,medium,none,True,medium,none,True,medium,none,True,medium,none,True,medium,none,False,low,occlusion,False,low,occlusion,False,low,occlusion,True,medium,none,True,medium,none,False,low,occlusion,False,low,occlusion,True,medium,none,True,medium,none,True,medium,none,True,medium,none,True,medium,none,True,medium,none
KVAL0011,68,69,1,True,medium,none,True,medium,none,True,medium,none,True,medium,none,True,medium,none,True,medium,none,True,medium,none,False,low,occlusion,False,low,occlusion,False,low,occlusion,False,low,occlusion,True,medium,none,True,medium,none,True,medium,none,True,medium,none,True,medium,none,True,medium,none,True,medium,none,True,medium,none,False,low,occlusion,False,low,occlusion,False,low,occlusion,True,medium,none,True,medium,none,False,low,occlusion,False,low,occlusion,True,medium,none,True,medium,none,True,medium,none,True,medium,none,True,medium,none,True,medium,none
KVAL0011,69,70,1,True,medium,none,True,medium,none,True,medium,none,True,medium,none,True,medium,none,True,medium,none,True,medium,none,False,low,occlusion,False,low,occlusion,False,low,occlusion,False,low,occlusion,True,medium,none,True,medium,none,True,medium,none,True,medium,none,True,medium,none,True,medium,none,True,medium,none,True,medium,none,False,low,occlusion,False,low,occlusion,False,low,occlusion,True,medium,none,True,medium,none,False,low,occlusion,False,low,occlusion,True,medium,none,True,medium,none,True,medium,none,True,medium,none,True,medium,none,True,medium,none
KVAL0011,70,71,1,True,medium,none,True,medium,none,True,medium,none,True,medium,none,True,medium,none,True,medium,none,True,medium,none,False,low,occlusion,False,low,occlusion,False,low,occlusion,False,low,occlusion,True,medium,none,True,medium,none,True,medium,none,True,medium,none,True,medium,none,True,medium,none,True,medium,none,True,medium,none,False,low,occlusion,False,low,occlusion,False,low,occlusion,True,medium,none,True,medium,none,False,low,occlusion,False,low,occlusion,True,medium,none,True,medium,none,True,medium,none,True,medium,none,True,medium,none,True,medium,none
KVAL0011,71,72,1,True,medium,none,True,medium,none,True,medium,none,True,medium,none,True,medium,none,True,medium,none,True,medium,none,False,low,occlusion,False,low,occlusion,False,low,occlusion,False,low,occlusion,True,medium,none,True,medium,none,True,medium,none,True,medium,none,True,medium,none,True,medium,none,True,medium,none,True,medium,none,False,low,occlusion,False,low,occlusion,False,low,occlusion,True,medium,none,True,medium,none,False,low,occlusion,False,low,occlusion,True,medium,none,True,medium,none,True,medium,none,True,medium,none,True,medium,none,True,medium,none
KVAL0011,72,73,1,True,medium,none,True,medium,none,True,medium,none,True,medium,none,True,medium,none,True,medium,none,True,medium,none,False,low,occlusion,False,low,occlusion,False,low,occlusion,False,low,occlusion,True,medium,none,True,medium,none,True,medium,none,True,medium,none,True,medium,none,True,medium,none,True,medium,none,True,medium,none,False,low,occlusion,False,low,occlusion,False,low,occlusion,True,medium,none,True,medium,none,False,low,occlusion,False,low,occlusion,True,medium,none,True,medium,none,True,medium,none,True,medium,none,True,medium,none,True,medium,none
KVAL0011,73,74,1,True,medium,none,True,medium,none,True,medium,none,True,medium,none,True,medium,none,True,medium,none,True,medium,none,False,low,occlusion,False,low,occlusion,False,low,occlusion,False,low,occlusion,True,medium,none,True,medium,none,True,medium,none,True,medium,none,True,medium,none,True,medium,none,True,medium,none,True,medium,none,False,low,occlusion,False,low,occlusion,False,low,occlusion,True,medium,none,True,medium,none,False,low,occlusion,False,low,occlusion,True,medium,none,True,medium,none,True,medium,none,True,medium,none,True,medium,none,True,medium,none
KVAL0011,74,75,1,True,medium,none,True,medium,none,True,medium,none,True,medium,none,True,medium,none,True,medium,none,True,medium,none,False,low,occlusion,False,low,occlusion,False,low,occlusion,False,low,occlusion,True,medium,none,True,medium,none,True,medium,none,True,medium,none,True,medium,none,True,medium,none,True,medium,none,True,medium,none,False,low,occlusion,False,low,occlusion,False,low,occlusion,True,medium,none,True,medium,none,False,low,occlusion,False,low,occlusion,True,medium,none,True,medium,none,True,medium,none,True,medium,none,True,medium,none,True,medium,none
KVAL0011,75,76,1,True,medium,none,True,medium,none,True,medium,none,True,medium,none,True,medium,none,True,medium,none,True,medium,none,False,low,occlusion,False,low,occlusion,False,low,occlusion,False,low,occlusion,True,medium,none,True,medium,none,True,medium,none,True,medium,none,True,medium,none,True,medium,none,True,medium,none,True,medium,none,False,low,occlusion,False,low,occlusion,False,low,occlusion,True,medium,none,True,medium,none,False,low,occlusion,False,low,occlusion,True,medium,none,True,medium,none,True,medium,none,True,medium,none,True,medium,none,True,medium,none
KVAL0011,76,77,1,True,medium,none,True,medium,none,True,medium,none,True,medium,none,True,medium,none,True,medium,none,True,medium,none,False,low,occlusion,False,low,occlusion,False,low,occlusion,False,low,occlusion,True,medium,none,True,medium,none,True,medium,none,True,medium,none,True,medium,none,True,medium,none,True,medium,none,True,medium,none,False,low,occlusion,False,low,occlusion,False,low,occlusion,True,medium,none,True,medium,none,False,low,occlusion,False,low,occlusion,True,medium,none,True,medium,none,True,medium,none,True,medium,none,True,medium,none,True,medium,none
KVAL0011,77,78,1,True,medium,none,True,medium,none,True,medium,none,True,medium,none,True,medium,none,True,medium,none,True,medium,none,False,low,occlusion,False,low,occlusion,False,low,occlusion,False,low,occlusion,True,medium,none,True,medium,none,True,medium,none,True,medium,none,True,medium,none,True,medium,none,True,medium,none,True,medium,none,False,low,occlusion,False,low,occlusion,False,low,occlusion,True,medium,none,True,medium,none,False,low,occlusion,False,low,occlusion,True,medium,none,True,medium,none,True,medium,none,True,medium,none,True,medium,none,True,medium,none
KVAL0011,78,79,1,True,medium,none,True,medium,none,True,medium,none,True,medium,none,True,medium,none,True,medium,none,True,medium,none,False,low,occlusion,False,low,occlusion,False,low,occlusion,False,low,occlusion,True,medium,none,True,medium,none,True,medium,none,True,medium,none,True,medium,none,True,medium,none,True,medium,none,True,medium,none,False,low,occlusion,False,low,occlusion,False,low,occlusion,True,medium,none,True,medium,none,False,low,occlusion,False,low,occlusion,True,medium,none,True,medium,none,True,medium,none,True,medium,none,True,medium,none,True,medium,none
KVAL0011,79,80,1,True,medium,none,True,medium,none,True,medium,none,True,medium,none,True,medium,none,True,medium,none,True,medium,none,False,low,occlusion,False,low,occlusion,False,low,occlusion,False,low,occlusion,True,medium,none,True,medium,none,True,medium,none,True,medium,none,True,medium,none,True,medium,none,True,medium,none,True,medium,none,False,low,occlusion,False,low,occlusion,False,low,occlusion,True,medium,none,True,medium,none,False,low,occlusion,False,low,occlusion,True,medium,none,True,medium,none,True,medium,none,True,medium,none,True,medium,none,True,medium,none
KVAL0011,80,81,1,True,medium,none,True,medium,none,True,medium,none,True,medium,none,True,medium,none,True,medium,none,True,medium,none,False,low,occlusion,False,low,occlusion,False,low,occlusion,False,low,occlusion,True,medium,none,True,medium,none,True,medium,none,True,medium,none,True,medium,none,True,medium,none,True,medium,none,True,medium,none,False,low,occlusion,False,low,occlusion,False,low,occlusion,True,medium,none,True,medium,none,False,low,occlusion,False,low,occlusion,True,medium,none,True,medium,none,True,medium,none,True,medium,none,True,medium,none,True,medium,none
KVAL0011,81,82,1,True,medium,none,True,medium,none,True,medium,none,True,medium,none,True,medium,none,True,medium,none,True,medium,none,False,low,occlusion,False,low,occlusion,False,low,occlusion,False,low,occlusion,True,medium,none,True,medium,none,True,medium,none,True,medium,none,True,medium,none,True,medium,none,True,medium,none,True,medium,none,False,low,occlusion,False,low,occlusion,False,low,occlusion,True,medium,none,True,medium,none,False,low,occlusion,False,low,occlusion,True,medium,none,True,medium,none,True,medium,none,True,medium,none,True,medium,none,True,medium,none
KVAL0011,82,83,1,True,medium,none,True,medium,none,True,medium,none,True,medium,none,True,medium,none,True,medium,none,True,medium,none,False,low,occlusion,False,low,occlusion,False,low,occlusion,False,low,occlusion,True,medium,none,True,medium,none,True,medium,none,True,medium,none,True,medium,none,True,medium,none,True,medium,none,True,medium,none,False,low,occlusion,False,low,occlusion,False,low,occlusion,True,medium,none,True,medium,none,False,low,occlusion,False,low,occlusion,True,medium,none,True,medium,none,True,medium,none,True,medium,none,True,medium,none,True,medium,none
KVAL0011,83,84,1,True,medium,none,True,medium,none,True,medium,none,True,medium,none,True,medium,none,True,medium,none,True,medium,none,False,low,occlusion,False,low,occlusion,False,low,occlusion,False,low,occlusion,True,medium,none,True,medium,none,True,medium,none,True,medium,none,True,medium,none,True,medium,none,True,medium,none,True,medium,none,False,low,occlusion,False,low,occlusion,False,low,occlusion,True,medium,none,True,medium,none,False,low,occlusion,False,low,occlusion,True,medium,none,True,medium,none,True,medium,none,True,medium,none,True,medium,none,True,medium,none
KVAL0011,84,85,1,True,medium,none,True,medium,none,True,medium,none,True,medium,none,True,medium,none,True,medium,none,True,medium,none,False,low,occlusion,False,low,occlusion,False,low,occlusion,False,low,occlusion,True,medium,none,True,medium,none,True,medium,none,True,medium,none,True,medium,none,True,medium,none,True,medium,none,True,medium,none,False,low,occlusion,False,low,occlusion,False,low,occlusion,True,medium,none,True,medium,none,False,low,occlusion,False,low,occlusion,True,medium,none,True,medium,none,True,medium,none,True,medium,none,True,medium,none,True,medium,none
KVAL0011,85,86,1,True,medium,none,True,medium,none,True,medium,none,True,medium,none,True,medium,none,True,medium,none,True,medium,none,False,low,occlusion,False,low,occlusion,False,low,occlusion,False,low,occlusion,True,medium,none,True,medium,none,True,medium,none,True,medium,none,True,medium,none,True,medium,none,True,medium,none,True,medium,none,False,low,occlusion,False,low,occlusion,False,low,occlusion,True,medium,none,True,medium,none,False,low,occlusion,False,low,occlusion,True,medium,none,True,medium,none,True,medium,none,True,medium,none,True,medium,none,True,medium,none
KVAL0011,86,87,1,True,medium,none,True,medium,none,True,medium,none,True,medium,none,True,medium,none,True,medium,none,True,medium,none,False,low,occlusion,False,low,occlusion,False,low,occlusion,False,low,occlusion,True,medium,none,True,medium,none,True,medium,none,True,medium,none,True,medium,none,True,medium,none,True,medium,none,True,medium,none,False,low,occlusion,False,low,occlusion,False,low,occlusion,True,medium,none,True,medium,none,False,low,occlusion,False,low,occlusion,True,medium,none,True,medium,none,True,medium,none,True,medium,none,True,medium,none,True,medium,none
KVAL0011,87,88,1,True,medium,none,True,medium,none,True,medium,none,True,medium,none,True,medium,none,True,medium,none,True,medium,none,False,low,occlusion,False,low,occlusion,False,low,occlusion,False,low,occlusion,True,medium,none,True,medium,none,True,medium,none,True,medium,none,True,medium,none,True,medium,none,True,medium,none,True,medium,none,False,low,occlusion,False,low,occlusion,False,low,occlusion,True,medium,none,True,medium,none,False,low,occlusion,False,low,occlusion,True,medium,none,True,medium,none,True,medium,none,True,medium,none,True,medium,none,True,medium,none
KVAL0011,88,89,1,True,medium,none,True,medium,none,True,medium,none,True,medium,none,True,medium,none,True,medium,none,True,medium,none,False,low,occlusion,False,low,occlusion,False,low,occlusion,False,low,occlusion,True,medium,none,True,medium,none,True,medium,none,True,medium,none,True,medium,none,True,medium,none,True,medium,none,True,medium,none,False,low,occlusion,False,low,occlusion,False,low,occlusion,True,medium,none,True,medium,none,False,low,occlusion,False,low,occlusion,True,medium,none,True,medium,none,True,medium,none,True,medium,none,True,medium,none,True,medium,none
KVAL0011,89,90,1,True,medium,none,True,medium,none,True,medium,none,True,medium,none,True,medium,none,True,medium,none,True,medium,none,False,low,occlusion,False,low,occlusion,False,low,occlusion,False,low,occlusion,True,medium,none,True,medium,none,True,medium,none,True,medium,none,True,medium,none,True,medium,none,True,medium,none,True,medium,none,False,low,occlusion,False,low,occlusion,False,low,occlusion,True,medium,none,True,medium,none,False,low,occlusion,False,low,occlusion,True,medium,none,True,medium,none,True,medium,none,True,medium,none,True,medium,none,True,medium,none
KVAL0011,90,91,1,True,medium,none,True,medium,none,True,medium,none,True,medium,none,True,medium,none,True,medium,none,True,medium,none,False,low,occlusion,False,low,occlusion,False,low,occlusion,False,low,occlusion,True,medium,none,True,medium,none,True,medium,none,True,medium,none,True,medium,none,True,medium,none,True,medium,none,True,medium,none,False,low,occlusion,False,low,occlusion,False,low,occlusion,True,medium,none,True,medium,none,False,low,occlusion,False,low,occlusion,True,medium,none,True,medium,none,True,medium,none,True,medium,none,True,medium,none,True,medium,none
KVAL0011,91,92,1,True,medium,none,True,medium,none,True,medium,none,True,medium,none,True,medium,none,True,medium,none,True,medium,none,False,low,occlusion,False,low,occlusion,False,low,occlusion,False,low,occlusion,True,medium,none,True,medium,none,True,medium,none,True,medium,none,True,medium,none,True,medium,none,True,medium,none,True,medium,none,False,low,occlusion,False,low,occlusion,False,low,occlusion,True,medium,none,False,low,occlusion,False,low,occlusion,False,low,occlusion,True,medium,none,True,medium,none,True,medium,none,True,medium,none,True,medium,none,True,medium,none
KVAL0011,92,93,1,True,medium,none,True,medium,none,True,medium,none,True,medium,none,True,medium,none,True,medium,none,True,medium,none,False,low,occlusion,False,low,occlusion,False,low,occlusion,False,low,occlusion,True,medium,none,True,medium,none,True,medium,none,True,medium,none,True,medium,none,True,medium,none,True,medium,none,True,medium,none,False,low,occlusion,False,low,occlusion,False,low,occlusion,True,medium,none,False,low,occlusion,False,low,occlusion,False,low,occlusion,True,medium,none,True,medium,none,True,medium,none,True,medium,none,True,medium,none,True,medium,none
KVAL0011,93,94,1,True,medium,none,True,medium,none,True,medium,none,True,medium,none,True,medium,none,True,medium,none,True,medium,none,False,low,occlusion,False,low,occlusion,False,low,occlusion,False,low,occlusion,True,medium,none,True,medium,none,True,medium,none,True,medium,none,True,medium,none,True,medium,none,True,medium,none,True,medium,none,False,low,occlusion,False,low,occlusion,False,low,occlusion,True,medium,none,True,medium,none,False,low,occlusion,False,low,occlusion,True,medium,none,True,medium,none,True,medium,none,True,medium,none,True,medium,none,True,medium,none
KVAL0011,94,95,1,True,medium,none,True,medium,none,True,medium,none,True,medium,none,True,medium,none,True,medium,none,True,medium,none,False,low,occlusion,False,low,occlusion,False,low,occlusion,False,low,occlusion,True,medium,none,True,medium,none,True,medium,none,True,medium,none,True,medium,none,True,medium,none,True,medium,none,True,medium,none,False,low,occlusion,False,low,occlusion,False,low,occlusion,True,medium,none,True,medium,none,False,low,occlusion,False,low,occlusion,True,medium,none,True,medium,none,True,medium,none,True,medium,none,True,medium,none,True,medium,none
KVAL0011,95,96,1,True,medium,none,True,medium,none,True,medium,none,True,medium,none,True,medium,none,True,medium,none,True,medium,none,False,low,occlusion,False,low,occlusion,False,low,occlusion,False,low,occlusion,True,medium,none,True,medium,none,True,medium,none,True,medium,none,True,medium,none,True,medium,none,True,medium,none,True,medium,none,False,low,occlusion,False,low,occlusion,False,low,occlusion,True,medium,none,False,low,occlusion,False,low,occlusion,False,low,occlusion,True,medium,none,True,medium,none,True,medium,none,True,medium,none,True,medium,none,True,medium,none
KVAL0011,96,97,1,True,medium,none,True,medium,none,True,medium,none,True,medium,none,True,medium,none,True,medium,none,True,medium,none,False,low,occlusion,False,low,occlusion,False,low,occlusion,False,low,occlusion,True,medium,none,True,medium,none,True,medium,none,True,medium,none,True,medium,none,True,medium,none,True,medium,none,True,medium,none,False,low,occlusion,False,low,occlusion,False,low,occlusion,True,medium,none,False,low,occlusion,False,low,occlusion,False,low,occlusion,True,medium,none,True,medium,none,True,medium,none,True,medium,none,True,medium,none,True,medium,none
KVAL0011,97,98,1,True,medium,none,True,medium,none,True,medium,none,True,medium,none,True,medium,none,True,medium,none,True,medium,none,False,low,occlusion,False,low,occlusion,False,low,occlusion,False,low,occlusion,True,medium,none,True,medium,none,True,medium,none,True,medium,none,True,medium,none,True,medium,none,True,medium,none,True,medium,none,False,low,occlusion,False,low,occlusion,False,low,occlusion,True,medium,none,False,low,occlusion,False,low,occlusion,False,low,occlusion,True,medium,none,True,medium,none,True,medium,none,True,medium,none,True,medium,none,True,medium,none
KVAL0011,98,99,1,True,medium,none,True,medium,none,True,medium,none,True,medium,none,True,medium,none,True,medium,none,True,medium,none,False,low,occlusion,False,low,occlusion,False,low,occlusion,False,low,occlusion,True,medium,none,True,medium,none,True,medium,none,True,medium,none,True,medium,none,True,medium,none,True,medium,none,True,medium,none,False,low,occlusion,False,low,occlusion,False,low,occlusion,True,medium,none,True,medium,none,True,medium,none,False,low,occlusion,True,medium,none,True,medium,none,True,medium,none,True,medium,none,True,medium,none,True,medium,none
KVAL0011,99,100,1,True,medium,none,True,medium,none,True,medium,none,True,medium,none,True,medium,none,True,medium,none,True,medium,none,False,low,occlusion,False,low,occlusion,False,low,occlusion,False,low,occlusion,True,medium,none,True,medium,none,True,medium,none,True,medium,none,True,medium,none,True,medium,none,True,medium,none,True,medium,none,False,low,occlusion,False,low,occlusion,False,low,occlusion,True,medium,none,False,low,occlusion,False,low,occlusion,False,low,occlusion,True,medium,none,True,medium,none,True,medium,none,True,medium,none,True,medium,none,True,medium,none
KVAL0011,100,101,1,True,medium,none,True,medium,none,True,medium,none,True,medium,none,True,medium,none,True,medium,none,True,medium,none,False,low,occlusion,False,low,occlusion,False,low,occlusion,False,low,occlusion,True,medium,none,True,medium,none,True,medium,none,True,medium,none,True,medium,none,True,medium,none,True,medium,none,True,medium,none,False,low,occlusion,False,low,occlusion,False,low,occlusion,True,medium,none,False,low,occlusion,False,low,occlusion,False,low,occlusion,True,medium,none,True,medium,none,True,medium,none,True,medium,none,True,medium,none,True,medium,none
KVAL0011,101,102,1,True,medium,none,True,medium,none,True,medium,none,True,medium,none,True,medium,none,True,medium,none,True,medium,none,False,low,occlusion,False,low,occlusion,False,low,occlusion,False,low,occlusion,True,medium,none,True,medium,none,True,medium,none,True,medium,none,True,medium,none,True,medium,none,True,medium,none,True,medium,none,False,low,occlusion,False,low,occlusion,False,low,occlusion,True,medium,none,False,low,occlusion,False,low,occlusion,False,low,occlusion,True,medium,none,True,medium,none,True,medium,none,True,medium,none,True,medium,none,True,medium,none
KVAL0011,102,103,1,True,medium,none,True,medium,none,True,medium,none,True,medium,none,True,medium,none,True,medium,none,True,medium,none,False,low,occlusion,False,low,occlusion,False,low,occlusion,False,low,occlusion,True,medium,none,True,medium,none,True,medium,none,True,medium,none,True,medium,none,True,medium,none,True,medium,none,True,medium,none,False,low,occlusion,False,low,occlusion,False,low,occlusion,True,medium,none,False,low,occlusion,False,low,occlusion,False,low,occlusion,True,medium,none,True,medium,none,True,medium,none,True,medium,none,True,medium,none,True,medium,none
KVAL0011,103,104,1,True,medium,none,True,medium,none,True,medium,none,True,medium,none,True,medium,none,True,medium,none,True,medium,none,False,low,occlusion,False,low,occlusion,False,low,occlusion,False,low,occlusion,True,medium,none,True,medium,none,True,medium,none,True,medium,none,True,medium,none,True,medium,none,True,medium,none,True,medium,none,False,low,occlusion,False,low,occlusion,False,low,occlusion,True,medium,none,False,low,occlusion,False,low,occlusion,False,low,occlusion,True,medium,none,True,medium,none,True,medium,none,True,medium,none,True,medium,none,True,medium,none
KVAL0011,104,105,1,True,medium,none,True,medium,none,True,medium,none,True,medium,none,True,medium,none,True,medium,none,True,medium,none,False,low,occlusion,False,low,occlusion,False,low,occlusion,False,low,occlusion,True,medium,none,True,medium,none,True,medium,none,True,medium,none,True,medium,none,True,medium,none,True,medium,none,True,medium,none,False,low,occlusion,False,low,occlusion,False,low,occlusion,True,medium,none,False,low,occlusion,False,low,occlusion,False,low,occlusion,True,medium,none,True,medium,none,True,medium,none,True,medium,none,True,medium,none,True,medium,none
KVAL0011,105,106,1,True,medium,none,True,medium,none,True,medium,none,True,medium,none,True,medium,none,True,medium,none,True,medium,none,False,low,occlusion,False,low,occlusion,False,low,occlusion,False,low,occlusion,True,medium,none,True,medium,none,True,medium,none,True,medium,none,True,medium,none,True,medium,none,True,medium,none,True,medium,none,False,low,occlusion,False,low,occlusion,False,low,occlusion,True,medium,none,False,low,occlusion,False,low,occlusion,False,low,occlusion,True,medium,none,True,medium,none,True,medium,none,True,medium,none,True,medium,none,True,medium,none
KVAL0011,106,107,1,True,medium,none,True,medium,none,True,medium,none,True,medium,none,True,medium,none,True,medium,none,True,medium,none,False,low,occlusion,False,low,occlusion,False,low,occlusion,False,low,occlusion,True,medium,none,True,medium,none,True,medium,none,True,medium,none,True,medium,none,True,medium,none,True,medium,none,True,medium,none,False,low,occlusion,False,low,occlusion,False,low,occlusion,True,medium,none,False,low,occlusion,False,low,occlusion,False,low,occlusion,True,medium,none,True,medium,none,True,medium,none,True,medium,none,True,medium,none,True,medium,none
KVAL0011,107,108,1,True,medium,none,True,medium,none,True,medium,none,True,medium,none,True,medium,none,True,medium,none,True,medium,none,False,low,occlusion,False,low,occlusion,False,low,occlusion,False,low,occlusion,True,medium,none,True,medium,none,True,medium,none,True,medium,none,True,medium,none,True,medium,none,True,medium,none,True,medium,none,False,low,occlusion,False,low,occlusion,False,low,occlusion,True,medium,none,False,low,occlusion,False,low,occlusion,False,low,occlusion,True,medium,none,True,medium,none,True,medium,none,True,medium,none,True,medium,none,True,medium,none
KVAL0011,108,109,1,True,medium,none,True,medium,none,True,medium,none,True,medium,none,True,medium,none,True,medium,none,True,medium,none,False,low,occlusion,False,low,occlusion,False,low,occlusion,False,low,occlusion,True,medium,none,True,medium,none,True,medium,none,True,medium,none,True,medium,none,True,medium,none,True,medium,none,True,medium,none,False,low,occlusion,False,low,occlusion,False,low,occlusion,True,medium,none,False,low,occlusion,False,low,occlusion,False,low,occlusion,True,medium,none,True,medium,none,True,medium,none,True,medium,none,True,medium,none,True,medium,none
KVAL0011,109,110,1,True,medium,none,True,medium,none,True,medium,none,True,medium,none,True,medium,none,True,medium,none,True,medium,none,False,low,occlusion,False,low,occlusion,False,low,occlusion,False,low,occlusion,True,medium,none,True,medium,none,True,medium,none,True,medium,none,True,medium,none,True,medium,none,True,medium,none,True,medium,none,False,low,occlusion,False,low,occlusion,False,low,occlusion,True,medium,none,False,low,occlusion,False,low,occlusion,False,low,occlusion,True,medium,none,True,medium,none,True,medium,none,True,medium,none,True,medium,none,True,medium,none
KVAL0011,110,111,1,True,medium,none,True,medium,none,True,medium,none,True,medium,none,True,medium,none,True,medium,none,True,medium,none,False,low,occlusion,False,low,occlusion,False,low,occlusion,False,low,occlusion,True,medium,none,True,medium,none,True,medium,none,True,medium,none,True,medium,none,True,medium,none,True,medium,none,True,medium,none,False,low,occlusion,False,low,occlusion,False,low,occlusion,True,medium,none,False,low,occlusion,False,low,occlusion,False,low,occlusion,True,medium,none,True,medium,none,True,medium,none,True,medium,none,True,medium,none,True,medium,none
KVAL0011,111,112,1,True,medium,none,True,medium,none,True,medium,none,True,medium,none,True,medium,none,True,medium,none,True,medium,none,False,low,occlusion,False,low,occlusion,False,low,occlusion,False,low,occlusion,True,medium,none,True,medium,none,True,medium,none,True,medium,none,True,medium,none,True,medium,none,True,medium,none,True,medium,none,False,low,occlusion,False,low,occlusion,False,low,occlusion,True,medium,none,False,low,occlusion,False,low,occlusion,False,low,occlusion,True,medium,none,True,medium,none,True,medium,none,True,medium,none,True,medium,none,True,medium,none
KVAL0011,112,113,1,True,medium,none,True,medium,none,True,medium,none,True,medium,none,True,medium,none,True,medium,none,True,medium,none,False,low,occlusion,False,low,occlusion,False,low,occlusion,False,low,occlusion,True,medium,none,True,medium,none,True,medium,none,True,medium,none,True,medium,none,True,medium,none,True,medium,none,True,medium,none,False,low,occlusion,False,low,occlusion,False,low,occlusion,True,medium,none,False,low,occlusion,False,low,occlusion,False,low,occlusion,True,medium,none,True,medium,none,True,medium,none,True,medium,none,True,medium,none,True,medium,none
KVAL0011,113,114,1,True,medium,none,True,medium,none,True,medium,none,True,medium,none,True,medium,none,True,medium,none,True,medium,none,False,low,occlusion,False,low,occlusion,False,low,occlusion,False,low,occlusion,True,medium,none,True,medium,none,True,medium,none,True,medium,none,True,medium,none,True,medium,none,True,medium,none,True,medium,none,False,low,occlusion,False,low,occlusion,False,low,occlusion,True,medium,none,False,low,occlusion,False,low,occlusion,False,low,occlusion,True,medium,none,True,medium,none,True,medium,none,True,medium,none,True,medium,none,True,medium,none
KVAL0011,114,115,1,True,medium,none,True,medium,none,True,medium,none,True,medium,none,True,medium,none,True,medium,none,True,medium,none,False,low,occlusion,False,low,occlusion,False,low,occlusion,False,low,occlusion,True,medium,none,True,medium,none,True,medium,none,True,medium,none,True,medium,none,True,medium,none,True,medium,none,True,medium,none,False,low,occlusion,False,low,occlusion,False,low,occlusion,True,medium,none,False,low,occlusion,False,low,occlusion,False,low,occlusion,True,medium,none,True,medium,none,True,medium,none,True,medium,none,True,medium,none,True,medium,none
KVAL0011,115,116,1,True,medium,none,True,medium,none,True,medium,none,True,medium,none,True,medium,none,True,medium,none,True,medium,none,False,low,occlusion,False,low,occlusion,False,low,occlusion,False,low,occlusion,True,medium,none,True,medium,none,True,medium,none,True,medium,none,True,medium,none,True,medium,none,True,medium,none,True,medium,none,False,low,occlusion,False,low,occlusion,False,low,occlusion,True,medium,none,False,low,occlusion,False,low,occlusion,False,low,occlusion,True,medium,none,True,medium,none,True,medium,none,True,medium,none,True,medium,none,True,medium,none
KVAL0011,116,117,1,True,medium,none,True,medium,none,True,medium,none,True,medium,none,True,medium,none,True,medium,none,True,medium,none,False,low,occlusion,False,low,occlusion,False,low,occlusion,False,low,occlusion,True,medium,none,True,medium,none,True,medium,none,True,medium,none,True,medium,none,True,medium,none,True,medium,none,True,medium,none,False,low,occlusion,False,low,occlusion,False,low,occlusion,True,medium,none,False,low,occlusion,False,low,occlusion,False,low,occlusion,True,medium,none,True,medium,none,True,medium,none,True,medium,none,True,medium,none,True,medium,none
KVAL0011,117,118,1,True,medium,none,True,medium,none,True,medium,none,True,medium,none,True,medium,none,True,medium,none,True,medium,none,False,low,occlusion,False,low,occlusion,False,low,occlusion,False,low,occlusion,True,medium,none,True,medium,none,True,medium,none,True,medium,none,True,medium,none,True,medium,none,True,medium,none,True,medium,none,False,low,occlusion,False,low,occlusion,False,low,occlusion,True,medium,none,False,low,occlusion,False,low,occlusion,False,low,occlusion,True,medium,none,True,medium,none,True,medium,none,True,medium,none,True,medium,none,True,medium,none
KVAL0011,118,119,1,True,medium,none,True,medium,none,True,medium,none,True,medium,none,True,medium,none,True,medium,none,True,medium,none,False,low,occlusion,False,low,occlusion,False,low,occlusion,False,low,occlusion,True,medium,none,True,medium,none,True,medium,none,True,medium,none,True,medium,none,True,medium,none,True,medium,none,True,medium,none,False,low,occlusion,False,low,occlusion,False,low,occlusion,True,medium,none,False,low,occlusion,False,low,occlusion,False,low,occlusion,True,medium,none,True,medium,none,True,medium,none,True,medium,none,True,medium,none,True,medium,none
KVAL0011,119,120,1,True,medium,none,True,medium,none,True,medium,none,True,medium,none,True,medium,none,True,medium,none,True,medium,none,False,low,occlusion,False,low,occlusion,False,low,occlusion,False,low,occlusion,True,medium,none,True,medium,none,True,medium,none,True,medium,none,True,medium,none,True,medium,none,True,medium,none,True,medium,none,False,low,occlusion,False,low,occlusion,False,low,occlusion,True,medium,none,False,low,occlusion,False,low,occlusion,False,low,occlusion,True,medium,none,True,medium,none,True,medium,none,True,medium,none,True,medium,none,True,medium,none
KVAL0011,120,121,1,True,medium,none,True,medium,none,True,medium,none,True,medium,none,True,medium,none,True,medium,none,True,medium,none,False,low,occlusion,False,low,occlusion,False,low,occlusion,False,low,occlusion,True,medium,none,True,medium,none,True,medium,none,True,medium,none,True,medium,none,True,medium,none,True,medium,none,True,medium,none,False,low,occlusion,False,low,occlusion,False,low,occlusion,True,medium,none,False,low,occlusion,False,low,occlusion,False,low,occlusion,True,medium,none,True,medium,none,True,medium,none,True,medium,none,True,medium,none,True,medium,none
KVAL0011,121,122,1,True,medium,none,True,medium,none,True,medium,none,True,medium,none,True,medium,none,True,medium,none,True,medium,none,False,low,occlusion,False,low,occlusion,False,low,occlusion,False,low,occlusion,True,medium,none,True,medium,none,True,medium,none,True,medium,none,True,medium,none,True,medium,none,True,medium,none,True,medium,none,False,low,occlusion,False,low,occlusion,False,low,occlusion,True,medium,none,False,low,occlusion,False,low,occlusion,False,low,occlusion,True,medium,none,True,medium,none,True,medium,none,True,medium,none,True,medium,none,True,medium,none
KVAL0011,122,123,1,True,medium,none,True,medium,none,True,medium,none,True,medium,none,True,medium,none,True,medium,none,True,medium,none,False,low,occlusion,False,low,occlusion,False,low,occlusion,False,low,occlusion,True,medium,none,True,medium,none,True,medium,none,True,medium,none,True,medium,none,True,medium,none,True,medium,none,True,medium,none,False,low,occlusion,False,low,occlusion,False,low,occlusion,True,medium,none,False,low,occlusion,False,low,occlusion,False,low,occlusion,True,medium,none,True,medium,none,True,medium,none,True,medium,none,True,medium,none,True,medium,none
KVAL0011,123,124,1,True,medium,none,True,medium,none,True,medium,none,True,medium,none,True,medium,none,True,medium,none,True,medium,none,False,low,occlusion,False,low,occlusion,False,low,occlusion,False,low,occlusion,True,medium,none,True,medium,none,True,medium,none,True,medium,none,True,medium,none,True,medium,none,True,medium,none,True,medium,none,False,low,occlusion,False,low,occlusion,False,low,occlusion,True,medium,none,False,low,occlusion,False,low,occlusion,False,low,occlusion,True,medium,none,True,medium,none,True,medium,none,True,medium,none,True,medium,none,True,medium,none
KVAL0011,124,125,1,True,medium,none,True,medium,none,True,medium,none,True,medium,none,True,medium,none,True,medium,none,True,medium,none,False,low,occlusion,False,low,occlusion,False,low,occlusion,False,low,occlusion,True,medium,none,True,medium,none,True,medium,none,True,medium,none,True,medium,none,True,medium,none,True,medium,none,True,medium,none,False,low,occlusion,False,low,occlusion,False,low,occlusion,True,medium,none,False,low,occlusion,False,low,occlusion,False,low,occlusion,True,medium,none,True,medium,none,True,medium,none,True,medium,none,True,medium,none,True,medium,none
KVAL0011,125,126,1,True,medium,none,True,medium,none,True,medium,none,True,medium,none,True,medium,none,True,medium,none,True,medium,none,False,low,occlusion,False,low,occlusion,False,low,occlusion,False,low,occlusion,True,medium,none,True,medium,none,True,medium,none,True,medium,none,True,medium,none,True,medium,none,True,medium,none,True,medium,none,False,low,occlusion,False,low,occlusion,False,low,occlusion,True,medium,none,False,low,occlusion,False,low,occlusion,False,low,occlusion,True,medium,none,True,medium,none,True,medium,none,True,medium,none,True,medium,none,True,medium,none
KVAL0011,126,127,1,True,medium,none,True,medium,none,True,medium,none,True,medium,none,True,medium,none,True,medium,none,True,medium,none,False,low,occlusion,False,low,occlusion,False,low,occlusion,False,low,occlusion,True,medium,none,True,medium,none,True,medium,none,True,medium,none,True,medium,none,True,medium,none,True,medium,none,True,medium,none,False,low,occlusion,False,low,occlusion,False,low,occlusion,True,medium,none,False,low,occlusion,False,low,occlusion,False,low,occlusion,True,medium,none,True,medium,none,True,medium,none,True,medium,none,True,medium,none,True,medium,none
KVAL0011,127,128,1,True,medium,none,True,medium,none,True,medium,none,True,medium,none,True,medium,none,True,medium,none,True,medium,none,False,low,occlusion,False,low,occlusion,False,low,occlusion,False,low,occlusion,True,medium,none,True,medium,none,True,medium,none,True,medium,none,True,medium,none,True,medium,none,True,medium,none,True,medium,none,False,low,occlusion,False,low,occlusion,False,low,occlusion,True,medium,none,False,low,occlusion,False,low,occlusion,False,low,occlusion,True,medium,none,True,medium,none,True,medium,none,True,medium,none,True,medium,none,True,medium,none
KVAL0011,128,129,1,True,medium,none,True,medium,none,True,medium,none,True,medium,none,True,medium,none,True,medium,none,True,medium,none,False,low,occlusion,False,low,occlusion,False,low,occlusion,False,low,occlusion,True,medium,none,True,medium,none,True,medium,none,True,medium,none,True,medium,none,True,medium,none,True,medium,none,True,medium,none,False,low,occlusion,False,low,occlusion,False,low,occlusion,True,medium,none,False,low,occlusion,False,low,occlusion,False,low,occlusion,True,medium,none,True,medium,none,True,medium,none,True,medium,none,True,medium,none,True,medium,none
KVAL0011,129,130,1,True,medium,none,True,medium,none,True,medium,none,True,medium,none,True,medium,none,True,medium,none,True,medium,none,False,low,occlusion,False,low,occlusion,False,low,occlusion,False,low,occlusion,True,medium,none,True,medium,none,True,medium,none,True,medium,none,True,medium,none,True,medium,none,True,medium,none,True,medium,none,False,low,occlusion,False,low,occlusion,False,low,occlusion,True,medium,none,False,low,occlusion,False,low,occlusion,False,low,occlusion,True,medium,none,True,medium,none,True,medium,none,True,medium,none,True,medium,none,True,medium,none
KVAL0011,130,131,1,True,medium,none,True,medium,none,True,medium,none,True,medium,none,True,medium,none,True,medium,none,True,medium,none,False,low,occlusion,False,low,occlusion,False,low,occlusion,False,low,occlusion,True,medium,none,True,medium,none,True,medium,none,True,medium,none,True,medium,none,True,medium,none,True,medium,none,True,medium,none,False,low,occlusion,False,low,occlusion,False,low,occlusion,True,medium,none,False,low,occlusion,False,low,occlusion,False,low,occlusion,True,medium,none,True,medium,none,True,medium,none,True,medium,none,True,medium,none,True,medium,none
KVAL0011,131,132,1,True,medium,none,True,medium,none,True,medium,none,True,medium,none,True,medium,none,True,medium,none,True,medium,none,True,medium,none,False,low,occlusion,False,low,occlusion,False,low,occlusion,True,medium,none,True,medium,none,True,medium,none,True,medium,none,True,medium,none,True,medium,none,True,medium,none,True,medium,none,False,low,occlusion,False,low,occlusion,False,low,occlusion,True,medium,none,False,low,occlusion,False,low,occlusion,False,low,occlusion,True,medium,none,True,medium,none,True,medium,none,True,medium,none,True,medium,none,True,medium,none
KVAL0011,132,133,1,True,medium,none,True,medium,none,True,medium,none,True,medium,none,True,medium,none,True,medium,none,True,medium,none,False,low,occlusion,False,low,occlusion,False,low,occlusion,False,low,occlusion,True,medium,none,True,medium,none,True,medium,none,True,medium,none,True,medium,none,True,medium,none,True,medium,none,True,medium,none,False,low,occlusion,False,low,occlusion,False,low,occlusion,True,medium,none,False,low,occlusion,False,low,occlusion,False,low,occlusion,True,medium,none,True,medium,none,True,medium,none,True,medium,none,True,medium,none,True,medium,none
KVAL0011,133,134,1,True,medium,none,True,medium,none,True,medium,none,True,medium,none,True,medium,none,True,medium,none,True,medium,none,False,low,occlusion,False,low,occlusion,False,low,occlusion,False,low,occlusion,True,medium,none,True,medium,none,True,medium,none,True,medium,none,True,medium,none,True,medium,none,True,medium,none,True,medium,none,False,low,occlusion,False,low,occlusion,False,low,occlusion,True,medium,none,False,low,occlusion,False,low,occlusion,False,low,occlusion,True,medium,none,True,medium,none,True,medium,none,True,medium,none,True,medium,none,True,medium,none
KVAL0011,134,135,1,True,medium,none,True,medium,none,True,medium,none,True,medium,none,True,medium,none,True,medium,none,True,medium,none,False,low,occlusion,False,low,occlusion,False,low,occlusion,False,low,occlusion,True,medium,none,True,medium,none,True,medium,none,True,medium,none,True,medium,none,True,medium,none,True,medium,none,True,medium,none,False,low,occlusion,False,low,occlusion,False,low,occlusion,True,medium,none,False,low,occlusion,False,low,occlusion,False,low,occlusion,True,medium,none,True,medium,none,True,medium,none,True,medium,none,True,medium,none,True,medium,none
KVAL0011,135,136,1,True,medium,none,True,medium,none,True,medium,none,True,medium,none,True,medium,none,True,medium,none,True,medium,none,False,low,occlusion,False,low,occlusion,False,low,occlusion,False,low,occlusion,True,medium,none,True,medium,none,True,medium,none,True,medium,none,True,medium,none,True,medium,none,True,medium,none,True,medium,none,False,low,occlusion,False,low,occlusion,False,low,occlusion,True,medium,none,False,low,occlusion,False,low,occlusion,False,low,occlusion,True,medium,none,True,medium,none,True,medium,none,True,medium,none,True,medium,none,True,medium,none
KVAL0011,136,137,1,True,medium,none,True,medium,none,True,medium,none,True,medium,none,True,medium,none,True,medium,none,True,medium,none,False,low,occlusion,False,low,occlusion,False,low,occlusion,False,low,occlusion,True,medium,none,True,medium,none,True,medium,none,True,medium,none,True,medium,none,True,medium,none,True,medium,none,True,medium,none,False,low,occlusion,False,low,occlusion,False,low,occlusion,True,medium,none,False,low,occlusion,False,low,occlusion,False,low,occlusion,True,medium,none,True,medium,none,True,medium,none,True,medium,none,True,medium,none,True,medium,none
KVAL0011,137,138,1,True,medium,none,True,medium,none,True,medium,none,True,medium,none,True,medium,none,True,medium,none,True,medium,none,False,low,occlusion,False,low,occlusion,False,low,occlusion,False,low,occlusion,True,medium,none,True,medium,none,True,medium,none,True,medium,none,True,medium,none,True,medium,none,True,medium,none,True,medium,none,False,low,occlusion,False,low,occlusion,False,low,occlusion,True,medium,none,False,low,occlusion,False,low,occlusion,False,low,occlusion,True,medium,none,True,medium,none,True,medium,none,True,medium,none,True,medium,none,True,medium,none
KVAL0011,138,139,1,True,medium,none,True,medium,none,True,medium,none,True,medium,none,True,medium,none,True,medium,none,True,medium,none,False,low,occlusion,False,low,occlusion,False,low,occlusion,False,low,occlusion,True,medium,none,True,medium,none,True,medium,none,True,medium,none,True,medium,none,True,medium,none,True,medium,none,True,medium,none,False,low,occlusion,False,low,occlusion,False,low,occlusion,True,medium,none,False,low,occlusion,False,low,occlusion,False,low,occlusion,True,medium,none,True,medium,none,True,medium,none,True,medium,none,True,medium,none,True,medium,none
KVAL0011,139,140,1,True,medium,none,True,medium,none,True,medium,none,True,medium,none,True,medium,none,True,medium,none,True,medium,none,False,low,occlusion,False,low,occlusion,False,low,occlusion,False,low,occlusion,True,medium,none,True,medium,none,True,medium,none,True,medium,none,True,medium,none,True,medium,none,True,medium,none,True,medium,none,False,low,occlusion,False,low,occlusion,False,low,occlusion,True,medium,none,False,low,occlusion,False,low,occlusion,False,low,occlusion,True,medium,none,True,medium,none,True,medium,none,True,medium,none,True,medium,none,True,medium,none
KVAL0011,140,141,1,True,medium,none,True,medium,none,True,medium,none,True,medium,none,True,medium,none,True,medium,none,True,medium,none,False,low,occlusion,False,low,occlusion,False,low,occlusion,False,low,occlusion,True,medium,none,True,medium,none,True,medium,none,True,medium,none,True,medium,none,True,medium,none,True,medium,none,True,medium,none,False,low,occlusion,False,low,occlusion,False,low,occlusion,True,medium,none,False,low,occlusion,False,low,occlusion,False,low,occlusion,True,medium,none,True,medium,none,True,medium,none,True,medium,none,True,medium,none,True,medium,none
KVAL0011,141,142,1,True,medium,none,True,medium,none,True,medium,none,True,medium,none,True,medium,none,True,medium,none,True,medium,none,False,low,occlusion,False,low,occlusion,False,low,occlusion,False,low,occlusion,True,medium,none,True,medium,none,True,medium,none,True,medium,none,True,medium,none,True,medium,none,True,medium,none,True,medium,none,False,low,occlusion,False,low,occlusion,False,low,occlusion,True,medium,none,False,low,occlusion,False,low,occlusion,False,low,occlusion,True,medium,none,True,medium,none,True,medium,none,True,medium,none,True,medium,none,True,medium,none
KVAL0011,142,143,1,True,medium,none,True,medium,none,True,medium,none,True,medium,none,True,medium,none,True,medium,none,True,medium,none,False,low,occlusion,False,low,occlusion,False,low,occlusion,False,low,occlusion,True,medium,none,True,medium,none,True,medium,none,True,medium,none,True,medium,none,True,medium,none,True,medium,none,True,medium,none,False,low,occlusion,False,low,occlusion,False,low,occlusion,True,medium,none,False,low,occlusion,False,low,occlusion,False,low,occlusion,True,medium,none,True,medium,none,True,medium,none,True,medium,none,True,medium,none,True,medium,none
KVAL0011,143,144,1,True,medium,none,True,medium,none,True,medium,none,True,medium,none,True,medium,none,True,medium,none,True,medium,none,False,low,occlusion,False,low,occlusion,False,low,occlusion,False,low,occlusion,True,medium,none,True,medium,none,True,medium,none,True,medium,none,True,medium,none,True,medium,none,True,medium,none,True,medium,none,False,low,occlusion,False,low,occlusion,False,low,occlusion,True,medium,none,False,low,occlusion,False,low,occlusion,False,low,occlusion,True,medium,none,True,medium,none,True,medium,none,True,medium,none,True,medium,none,True,medium,none
KVAL0011,144,145,1,True,medium,none,True,medium,none,True,medium,none,True,medium,none,True,medium,none,True,medium,none,True,medium,none,False,low,occlusion,False,low,occlusion,False,low,occlusion,False,low,occlusion,True,medium,none,True,medium,none,True,medium,none,True,medium,none,True,medium,none,True,medium,none,True,medium,none,True,medium,none,False,low,occlusion,False,low,occlusion,False,low,occlusion,True,medium,none,False,low,occlusion,False,low,occlusion,False,low,occlusion,True,medium,none,True,medium,none,True,medium,none,True,medium,none,True,medium,none,True,medium,none
KVAL0011,145,146,1,True,medium,none,True,medium,none,True,medium,none,True,medium,none,True,medium,none,True,medium,none,True,medium,none,False,low,occlusion,False,low,occlusion,False,low,occlusion,False,low,occlusion,True,medium,none,True,medium,none,True,medium,none,True,medium,none,True,medium,none,True,medium,none,True,medium,none,True,medium,none,False,low,occlusion,False,low,occlusion,False,low,occlusion,True,medium,none,False,low,occlusion,False,low,occlusion,False,low,occlusion,True,medium,none,True,medium,none,True,medium,none,True,medium,none,True,medium,none,True,medium,none
KVAL0011,146,147,1,True,medium,none,True,medium,none,True,medium,none,True,medium,none,True,medium,none,True,medium,none,True,medium,none,False,low,occlusion,False,low,occlusion,False,low,occlusion,False,low,occlusion,True,medium,none,True,medium,none,True,medium,none,True,medium,none,True,medium,none,True,medium,none,True,medium,none,True,medium,none,False,low,occlusion,False,low,occlusion,False,low,occlusion,True,medium,none,False,low,occlusion,False,low,occlusion,False,low,occlusion,True,medium,none,True,medium,none,True,medium,none,True,medium,none,True,medium,none,True,medium,none
KVAL0011,147,148,1,True,medium,none,True,medium,none,True,medium,none,True,medium,none,True,medium,none,True,medium,none,True,medium,none,False,low,occlusion,False,low,occlusion,False,low,occlusion,False,low,occlusion,True,medium,none,True,medium,none,True,medium,none,True,medium,none,True,medium,none,True,medium,none,True,medium,none,True,medium,none,False,low,occlusion,False,low,occlusion,False,low,occlusion,True,medium,none,False,low,occlusion,False,low,occlusion,False,low,occlusion,True,medium,none,True,medium,none,True,medium,none,True,medium,none,True,medium,none,True,medium,none
KVAL0011,148,149,1,True,medium,none,True,medium,none,True,medium,none,True,medium,none,True,medium,none,True,medium,none,True,medium,none,False,low,occlusion,False,low,occlusion,False,low,occlusion,False,low,occlusion,True,medium,none,True,medium,none,True,medium,none,True,medium,none,True,medium,none,True,medium,none,True,medium,none,True,medium,none,False,low,occlusion,False,low,occlusion,False,low,occlusion,True,medium,none,False,low,occlusion,False,low,occlusion,False,low,occlusion,True,medium,none,True,medium,none,True,medium,none,True,medium,none,True,medium,none,True,medium,none
KVAL0011,149,150,1,True,medium,none,True,medium,none,True,medium,none,True,medium,none,True,medium,none,True,medium,none,True,medium,none,False,low,occlusion,False,low,occlusion,False,low,occlusion,False,low,occlusion,True,medium,none,True,medium,none,True,medium,none,True,medium,none,True,medium,none,True,medium,none,True,medium,none,True,medium,none,False,low,occlusion,False,low,occlusion,False,low,occlusion,True,medium,none,False,low,occlusion,False,low,occlusion,False,low,occlusion,True,medium,none,True,medium,none,True,medium,none,True,medium,none,True,medium,none,True,medium,none
KVAL0011,150,151,1,True,medium,none,True,medium,none,True,medium,none,True,medium,none,True,medium,none,True,medium,none,True,medium,none,False,low,occlusion,False,low,occlusion,False,low,occlusion,False,low,occlusion,True,medium,none,True,medium,none,True,medium,none,True,medium,none,True,medium,none,True,medium,none,True,medium,none,True,medium,none,False,low,occlusion,False,low,occlusion,False,low,occlusion,True,medium,none,False,low,occlusion,False,low,occlusion,False,low,occlusion,True,medium,none,True,medium,none,True,medium,none,True,medium,none,True,medium,none,True,medium,none
KVAL0011,151,152,1,True,medium,none,True,medium,none,True,medium,none,True,medium,none,True,medium,none,True,medium,none,True,medium,none,False,low,occlusion,False,low,occlusion,False,low,occlusion,False,low,occlusion,True,medium,none,True,medium,none,True,medium,none,True,medium,none,True,medium,none,True,medium,none,True,medium,none,True,medium,none,False,low,occlusion,False,low,occlusion,False,low,occlusion,True,medium,none,False,low,occlusion,False,low,occlusion,False,low,occlusion,True,medium,none,True,medium,none,True,medium,none,True,medium,none,True,medium,none,True,medium,none
KVAL0011,152,153,1,True,medium,none,True,medium,none,True,medium,none,True,medium,none,True,medium,none,True,medium,none,True,medium,none,False,low,occlusion,False,low,occlusion,False,low,occlusion,False,low,occlusion,True,medium,none,True,medium,none,True,medium,none,True,medium,none,True,medium,none,True,medium,none,True,medium,none,True,medium,none,False,low,occlusion,False,low,occlusion,False,low,occlusion,True,medium,none,False,low,occlusion,False,low,occlusion,False,low,occlusion,True,medium,none,True,medium,none,True,medium,none,True,medium,none,True,medium,none,True,medium,none
KVAL0011,153,154,1,True,medium,none,True,medium,none,True,medium,none,True,medium,none,True,medium,none,True,medium,none,True,medium,none,False,low,occlusion,False,low,occlusion,False,low,occlusion,False,low,occlusion,True,medium,none,True,medium,none,True,medium,none,True,medium,none,True,medium,none,True,medium,none,True,medium,none,True,medium,none,False,low,occlusion,False,low,occlusion,False,low,occlusion,True,medium,none,False,low,occlusion,False,low,occlusion,False,low,occlusion,True,medium,none,True,medium,none,True,medium,none,True,medium,none,True,medium,none,True,medium,none
KVAL0011,154,155,1,True,medium,none,True,medium,none,True,medium,none,True,medium,none,True,medium,none,True,medium,none,True,medium,none,False,low,occlusion,False,low,occlusion,False,low,occlusion,False,low,occlusion,True,medium,none,True,medium,none,True,medium,none,True,medium,none,True,medium,none,True,medium,none,True,medium,none,True,medium,none,False,low,occlusion,False,low,occlusion,False,low,occlusion,True,medium,none,False,low,occlusion,False,low,occlusion,False,low,occlusion,True,medium,none,True,medium,none,True,medium,none,True,medium,none,True,medium,none,True,medium,none
KVAL0011,155,156,1,True,medium,none,True,medium,none,True,medium,none,True,medium,none,True,medium,none,True,medium,none,True,medium,none,False,low,occlusion,False,low,occlusion,False,low,occlusion,False,low,occlusion,True,medium,none,True,medium,none,True,medium,none,True,medium,none,True,medium,none,True,medium,none,True,medium,none,True,medium,none,False,low,occlusion,False,low,occlusion,False,low,occlusion,True,medium,none,False,low,occlusion,False,low,occlusion,False,low,occlusion,True,medium,none,True,medium,none,True,medium,none,True,medium,none,True,medium,none,True,medium,none
KVAL0011,156,157,1,True,medium,none,True,medium,none,True,medium,none,True,medium,none,True,medium,none,True,medium,none,True,medium,none,False,low,occlusion,False,low,occlusion,False,low,occlusion,False,low,occlusion,True,medium,none,True,medium,none,True,medium,none,True,medium,none,True,medium,none,True,medium,none,True,medium,none,True,medium,none,False,low,occlusion,False,low,occlusion,False,low,occlusion,True,medium,none,False,low,occlusion,False,low,occlusion,False,low,occlusion,True,medium,none,True,medium,none,True,medium,none,True,medium,none,True,medium,none,True,medium,none
KVAL0011,157,158,1,True,medium,none,True,medium,none,True,medium,none,True,medium,none,True,medium,none,True,medium,none,True,medium,none,False,low,occlusion,False,low,occlusion,False,low,occlusion,False,low,occlusion,True,medium,none,True,medium,none,True,medium,none,True,medium,none,True,medium,none,True,medium,none,True,medium,none,True,medium,none,False,low,occlusion,False,low,occlusion,False,low,occlusion,True,medium,none,False,low,occlusion,False,low,occlusion,False,low,occlusion,True,medium,none,True,medium,none,True,medium,none,True,medium,none,True,medium,none,True,medium,none
KVAL0011,158,159,1,True,medium,none,True,medium,none,True,medium,none,True,medium,none,True,medium,none,True,medium,none,True,medium,none,False,low,occlusion,False,low,occlusion,False,low,occlusion,False,low,occlusion,True,medium,none,True,medium,none,True,medium,none,True,medium,none,True,medium,none,True,medium,none,True,medium,none,True,medium,none,False,low,occlusion,False,low,occlusion,False,low,occlusion,True,medium,none,True,medium,none,True,medium,none,False,low,occlusion,True,medium,none,True,medium,none,True,medium,none,True,medium,none,True,medium,none,True,medium,none
KVAL0011,159,160,1,True,medium,none,True,medium,none,True,medium,none,True,medium,none,True,medium,none,True,medium,none,True,medium,none,False,low,occlusion,False,low,occlusion,False,low,occlusion,False,low,occlusion,True,medium,none,True,medium,none,True,medium,none,True,medium,none,True,medium,none,True,medium,none,True,medium,none,True,medium,none,False,low,occlusion,False,low,occlusion,False,low,occlusion,True,medium,none,False,low,occlusion,False,low,occlusion,False,low,occlusion,True,medium,none,True,medium,none,True,medium,none,True,medium,none,True,medium,none,True,medium,none
KVAL0011,160,161,1,True,medium,none,True,medium,none,True,medium,none,True,medium,none,True,medium,none,True,medium,none,True,medium,none,False,low,occlusion,False,low,occlusion,False,low,occlusion,False,low,occlusion,True,medium,none,True,medium,none,True,medium,none,True,medium,none,True,medium,none,True,medium,none,True,medium,none,True,medium,none,False,low,occlusion,False,low,occlusion,False,low,occlusion,True,medium,none,False,low,occlusion,False,low,occlusion,False,low,occlusion,True,medium,none,True,medium,none,True,medium,none,True,medium,none,True,medium,none,True,medium,none
KVAL0011,161,162,1,True,medium,none,True,medium,none,True,medium,none,True,medium,none,True,medium,none,True,medium,none,True,medium,none,False,low,occlusion,False,low,occlusion,False,low,occlusion,False,low,occlusion,True,medium,none,True,medium,none,True,medium,none,True,medium,none,True,medium,none,True,medium,none,True,medium,none,True,medium,none,False,low,occlusion,False,low,occlusion,False,low,occlusion,True,medium,none,False,low,occlusion,False,low,occlusion,False,low,occlusion,True,medium,none,True,medium,none,True,medium,none,True,medium,none,True,medium,none,True,medium,none
KVAL0011,162,163,1,True,medium,none,True,medium,none,True,medium,none,True,medium,none,True,medium,none,True,medium,none,True,medium,none,False,low,occlusion,False,low,occlusion,False,low,occlusion,False,low,occlusion,True,medium,none,True,medium,none,True,medium,none,True,medium,none,True,medium,none,True,medium,none,True,medium,none,True,medium,none,False,low,occlusion,False,low,occlusion,False,low,occlusion,True,medium,none,False,low,occlusion,False,low,occlusion,False,low,occlusion,True,medium,none,True,medium,none,True,medium,none,True,medium,none,True,medium,none,True,medium,none
KVAL0011,163,164,1,True,medium,none,True,medium,none,True,medium,none,True,medium,none,True,medium,none,True,medium,none,True,medium,none,False,low,occlusion,False,low,occlusion,False,low,occlusion,False,low,occlusion,True,medium,none,True,medium,none,True,medium,none,True,medium,none,True,medium,none,True,medium,none,True,medium,none,True,medium,none,False,low,occlusion,False,low,occlusion,False,low,occlusion,True,medium,none,False,low,occlusion,False,low,occlusion,False,low,occlusion,True,medium,none,True,medium,none,True,medium,none,True,medium,none,True,medium,none,True,medium,none
KVAL0011,164,165,1,True,medium,none,True,medium,none,True,medium,none,True,medium,none,True,medium,none,True,medium,none,True,medium,none,False,low,occlusion,False,low,occlusion,False,low,occlusion,False,low,occlusion,True,medium,none,True,medium,none,True,medium,none,True,medium,none,True,medium,none,True,medium,none,True,medium,none,True,medium,none,False,low,occlusion,False,low,occlusion,False,low,occlusion,True,medium,none,False,low,occlusion,False,low,occlusion,False,low,occlusion,True,medium,none,True,medium,none,True,medium,none,True,medium,none,True,medium,none,True,medium,none
KVAL0011,165,166,1,True,medium,none,True,medium,none,True,medium,none,True,medium,none,True,medium,none,True,medium,none,True,medium,none,False,low,occlusion,False,low,occlusion,False,low,occlusion,False,low,occlusion,True,medium,none,True,medium,none,True,medium,none,True,medium,none,True,medium,none,True,medium,none,True,medium,none,True,medium,none,False,low,occlusion,False,low,occlusion,False,low,occlusion,True,medium,none,False,low,occlusion,False,low,occlusion,False,low,occlusion,True,medium,none,True,medium,none,True,medium,none,True,medium,none,True,medium,none,True,medium,none
KVAL0011,166,167,1,True,medium,none,True,medium,none,True,medium,none,True,medium,none,True,medium,none,True,medium,none,True,medium,none,False,low,occlusion,False,low,occlusion,False,low,occlusion,False,low,occlusion,True,medium,none,True,medium,none,True,medium,none,True,medium,none,True,medium,none,True,medium,none,True,medium,none,True,medium,none,False,low,occlusion,False,low,occlusion,False,low,occlusion,True,medium,none,False,low,occlusion,False,low,occlusion,False,low,occlusion,True,medium,none,True,medium,none,True,medium,none,True,medium,none,True,medium,none,True,medium,none
KVAL0011,167,168,1,True,medium,none,True,medium,none,True,medium,none,True,medium,none,True,medium,none,True,medium,none,True,medium,none,False,low,occlusion,False,low,occlusion,False,low,occlusion,False,low,occlusion,True,medium,none,True,medium,none,True,medium,none,True,medium,none,True,medium,none,True,medium,none,True,medium,none,True,medium,none,False,low,occlusion,False,low,occlusion,False,low,occlusion,True,medium,none,False,low,occlusion,False,low,occlusion,False,low,occlusion,True,medium,none,True,medium,none,True,medium,none,True,medium,none,True,medium,none,True,medium,none
KVAL0011,168,169,1,True,medium,none,True,medium,none,True,medium,none,True,medium,none,True,medium,none,True,medium,none,True,medium,none,False,low,occlusion,False,low,occlusion,False,low,occlusion,False,low,occlusion,True,medium,none,True,medium,none,True,medium,none,True,medium,none,True,medium,none,True,medium,none,True,medium,none,True,medium,none,False,low,occlusion,False,low,occlusion,False,low,occlusion,True,medium,none,False,low,occlusion,False,low,occlusion,False,low,occlusion,True,medium,none,True,medium,none,True,medium,none,True,medium,none,True,medium,none,True,medium,none
KVAL0011,169,170,1,True,medium,none,True,medium,none,True,medium,none,True,medium,none,True,medium,none,True,medium,none,True,medium,none,False,low,occlusion,False,low,occlusion,False,low,occlusion,False,low,occlusion,True,medium,none,True,medium,none,True,medium,none,True,medium,none,True,medium,none,True,medium,none,True,medium,none,True,medium,none,False,low,occlusion,False,low,occlusion,False,low,occlusion,True,medium,none,False,low,occlusion,False,low,occlusion,False,low,occlusion,True,medium,none,True,medium,none,True,medium,none,True,medium,none,True,medium,none,True,medium,none
KVAL0011,170,171,1,True,medium,none,True,medium,none,True,medium,none,True,medium,none,True,medium,none,True,medium,none,True,medium,none,False,low,occlusion,False,low,occlusion,False,low,occlusion,False,low,occlusion,True,medium,none,True,medium,none,True,medium,none,True,medium,none,True,medium,none,True,medium,none,True,medium,none,True,medium,none,False,low,occlusion,False,low,occlusion,False,low,occlusion,True,medium,none,False,low,occlusion,False,low,occlusion,False,low,occlusion,True,medium,none,True,medium,none,True,medium,none,True,medium,none,True,medium,none,True,medium,none
KVAL0011,171,172,1,True,medium,none,True,medium,none,True,medium,none,True,medium,none,True,medium,none,True,medium,none,True,medium,none,False,low,occlusion,False,low,occlusion,False,low,occlusion,False,low,occlusion,True,medium,none,True,medium,none,True,medium,none,True,medium,none,True,medium,none,True,medium,none,True,medium,none,True,medium,none,False,low,occlusion,False,low,occlusion,False,low,occlusion,True,medium,none,False,low,occlusion,False,low,occlusion,False,low,occlusion,True,medium,none,True,medium,none,True,medium,none,True,medium,none,True,medium,none,True,medium,none
KVAL0011,172,173,1,True,medium,none,True,medium,none,True,medium,none,True,medium,none,True,medium,none,True,medium,none,True,medium,none,False,low,occlusion,False,low,occlusion,False,low,occlusion,False,low,occlusion,True,medium,none,True,medium,none,True,medium,none,True,medium,none,True,medium,none,True,medium,none,True,medium,none,True,medium,none,False,low,occlusion,False,low,occlusion,False,low,occlusion,True,medium,none,False,low,occlusion,False,low,occlusion,False,low,occlusion,True,medium,none,True,medium,none,True,medium,none,True,medium,none,True,medium,none,True,medium,none
KVAL0011,173,174,1,True,medium,none,True,medium,none,True,medium,none,True,medium,none,True,medium,none,True,medium,none,True,medium,none,False,low,occlusion,False,low,occlusion,False,low,occlusion,False,low,occlusion,True,medium,none,True,medium,none,True,medium,none,True,medium,none,True,medium,none,True,medium,none,True,medium,none,True,medium,none,False,low,occlusion,False,low,occlusion,False,low,occlusion,True,medium,none,False,low,occlusion,False,low,occlusion,False,low,occlusion,True,medium,none,True,medium,none,True,medium,none,True,medium,none,True,medium,none,True,medium,none
KVAL0011,174,175,1,True,medium,none,True,medium,none,True,medium,none,True,medium,none,True,medium,none,True,medium,none,True,medium,none,False,low,occlusion,False,low,occlusion,False,low,occlusion,False,low,occlusion,True,medium,none,True,medium,none,True,medium,none,True,medium,none,True,medium,none,True,medium,none,True,medium,none,True,medium,none,False,low,occlusion,False,low,occlusion,False,low,occlusion,True,medium,none,False,low,occlusion,False,low,occlusion,False,low,occlusion,True,medium,none,True,medium,none,True,medium,none,True,medium,none,True,medium,none,True,medium,none
KVAL0011,175,176,1,True,medium,none,True,medium,none,True,medium,none,True,medium,none,True,medium,none,True,medium,none,True,medium,none,False,low,occlusion,False,low,occlusion,False,low,occlusion,False,low,occlusion,True,medium,none,True,medium,none,True,medium,none,True,medium,none,True,medium,none,True,medium,none,True,medium,none,True,medium,none,False,low,occlusion,False,low,occlusion,False,low,occlusion,True,medium,none,False,low,occlusion,False,low,occlusion,False,low,occlusion,True,medium,none,True,medium,none,True,medium,none,True,medium,none,True,medium,none,True,medium,none
KVAL0011,176,177,1,True,medium,none,True,medium,none,True,medium,none,True,medium,none,True,medium,none,True,medium,none,True,medium,none,False,low,occlusion,False,low,occlusion,False,low,occlusion,False,low,occlusion,True,medium,none,True,medium,none,True,medium,none,True,medium,none,True,medium,none,True,medium,none,True,medium,none,True,medium,none,False,low,occlusion,False,low,occlusion,False,low,occlusion,True,medium,none,False,low,occlusion,False,low,occlusion,False,low,occlusion,True,medium,none,True,medium,none,True,medium,none,True,medium,none,True,medium,none,True,medium,none
KVAL0011,177,178,1,True,medium,none,True,medium,none,True,medium,none,True,medium,none,True,medium,none,True,medium,none,True,medium,none,False,low,occlusion,False,low,occlusion,False,low,occlusion,False,low,occlusion,True,medium,none,True,medium,none,True,medium,none,True,medium,none,True,medium,none,True,medium,none,True,medium,none,True,medium,none,False,low,occlusion,False,low,occlusion,False,low,occlusion,True,medium,none,False,low,occlusion,False,low,occlusion,False,low,occlusion,True,medium,none,True,medium,none,True,medium,none,True,medium,none,True,medium,none,True,medium,none
KVAL0011,178,179,1,True,medium,none,True,medium,none,True,medium,none,True,medium,none,True,medium,none,True,medium,none,True,medium,none,False,low,occlusion,False,low,occlusion,False,low,occlusion,False,low,occlusion,True,medium,none,True,medium,none,True,medium,none,True,medium,none,True,medium,none,True,medium,none,False,low,occlusion,True,medium,none,False,low,occlusion,False,low,occlusion,False,low,occlusion,True,medium,none,True,medium,none,False,low,occlusion,False,low,occlusion,True,medium,none,True,medium,none,True,medium,none,True,medium,none,True,medium,none,True,medium,none
KVAL0011,179,180,1,True,medium,none,True,medium,none,True,medium,none,True,medium,none,True,medium,none,True,medium,none,True,medium,none,False,low,occlusion,False,low,occlusion,False,low,occlusion,False,low,occlusion,True,medium,none,True,medium,none,True,medium,none,True,medium,none,True,medium,none,True,medium,none,False,low,occlusion,True,medium,none,False,low,occlusion,False,low,occlusion,False,low,occlusion,True,medium,none,True,medium,none,False,low,occlusion,False,low,occlusion,True,medium,none,True,medium,none,True,medium,none,True,medium,none,True,medium,none,True,medium,none
KVAL0011,180,181,1,True,medium,none,True,medium,none,True,medium,none,True,medium,none,True,medium,none,True,medium,none,True,medium,none,False,low,occlusion,False,low,occlusion,False,low,occlusion,False,low,occlusion,True,medium,none,True,medium,none,True,medium,none,True,medium,none,True,medium,none,True,medium,none,True,medium,none,True,medium,none,False,low,occlusion,False,low,occlusion,False,low,occlusion,True,medium,none,True,medium,none,False,low,occlusion,False,low,occlusion,True,medium,none,True,medium,none,True,medium,none,True,medium,none,True,medium,none,True,medium,none
KVAL0011,181,182,1,True,medium,none,True,medium,none,True,medium,none,True,medium,none,True,medium,none,True,medium,none,True,medium,none,False,low,occlusion,False,low,occlusion,False,low,occlusion,False,low,occlusion,True,medium,none,True,medium,none,True,medium,none,True,medium,none,True,medium,none,True,medium,none,True,medium,none,True,medium,none,False,low,occlusion,False,low,occlusion,False,low,occlusion,True,medium,none,True,medium,none,False,low,occlusion,False,low,occlusion,True,medium,none,True,medium,none,True,medium,none,True,medium,none,True,medium,none,True,medium,none
KVAL0011,182,183,1,True,medium,none,True,medium,none,True,medium,none,True,medium,none,True,medium,none,True,medium,none,True,medium,none,False,low,occlusion,False,low,occlusion,False,low,occlusion,False,low,occlusion,True,medium,none,True,medium,none,True,medium,none,True,medium,none,True,medium,none,True,medium,none,True,medium,none,True,medium,none,False,low,occlusion,False,low,occlusion,False,low,occlusion,True,medium,none,True,medium,none,False,low,occlusion,False,low,occlusion,True,medium,none,True,medium,none,True,medium,none,True,medium,none,True,medium,none,True,medium,none
KVAL0011,183,184,1,True,medium,none,True,medium,none,True,medium,none,True,medium,none,True,medium,none,True,medium,none,True,medium,none,False,low,occlusion,False,low,occlusion,False,low,occlusion,False,low,occlusion,True,medium,none,True,medium,none,True,medium,none,True,medium,none,True,medium,none,True,medium,none,True,medium,none,True,medium,none,False,low,occlusion,False,low,occlusion,False,low,occlusion,True,medium,none,True,medium,none,False,low,occlusion,False,low,occlusion,True,medium,none,True,medium,none,True,medium,none,True,medium,none,True,medium,none,True,medium,none
KVAL0011,184,185,1,True,medium,none,True,medium,none,True,medium,none,True,medium,none,True,medium,none,True,medium,none,True,medium,none,False,low,occlusion,False,low,occlusion,False,low,occlusion,False,low,occlusion,True,medium,none,True,medium,none,True,medium,none,True,medium,none,True,medium,none,True,medium,none,False,low,occlusion,True,medium,none,False,low,occlusion,False,low,occlusion,False,low,occlusion,True,medium,none,True,medium,none,False,low,occlusion,False,low,occlusion,True,medium,none,True,medium,none,True,medium,none,True,medium,none,True,medium,none,True,medium,none
KVAL0011,185,186,1,True,medium,none,True,medium,none,True,medium,none,True,medium,none,True,medium,none,True,medium,none,True,medium,none,False,low,occlusion,False,low,occlusion,False,low,occlusion,False,low,occlusion,True,medium,none,True,medium,none,True,medium,none,True,medium,none,True,medium,none,True,medium,none,False,low,occlusion,True,medium,none,False,low,occlusion,False,low,occlusion,False,low,occlusion,True,medium,none,True,medium,none,False,low,occlusion,False,low,occlusion,True,medium,none,True,medium,none,True,medium,none,True,medium,none,True,medium,none,True,medium,none
KVAL0011,186,187,1,True,medium,none,True,medium,none,True,medium,none,True,medium,none,True,medium,none,True,medium,none,True,medium,none,False,low,occlusion,False,low,occlusion,False,low,occlusion,False,low,occlusion,True,medium,none,True,medium,none,True,medium,none,True,medium,none,True,medium,none,True,medium,none,False,low,occlusion,True,medium,none,False,low,occlusion,False,low,occlusion,False,low,occlusion,True,medium,none,True,medium,none,False,low,occlusion,False,low,occlusion,True,medium,none,True,medium,none,True,medium,none,True,medium,none,True,medium,none,True,medium,none
KVAL0011,187,188,1,True,medium,none,True,medium,none,True,medium,none,True,medium,none,True,medium,none,True,medium,none,True,medium,none,False,low,occlusion,False,low,occlusion,False,low,occlusion,False,low,occlusion,True,medium,none,True,medium,none,True,medium,none,True,medium,none,True,medium,none,True,medium,none,True,medium,none,True,medium,none,False,low,occlusion,False,low,occlusion,False,low,occlusion,True,medium,none,True,medium,none,False,low,occlusion,False,low,occlusion,True,medium,none,True,medium,none,True,medium,none,True,medium,none,True,medium,none,True,medium,none
KVAL0011,188,189,1,True,medium,none,True,medium,none,True,medium,none,True,medium,none,True,medium,none,True,medium,none,True,medium,none,False,low,occlusion,False,low,occlusion,False,low,occlusion,False,low,occlusion,True,medium,none,True,medium,none,True,medium,none,True,medium,none,True,medium,none,True,medium,none,False,low,occlusion,True,medium,none,False,low,occlusion,False,low,occlusion,False,low,occlusion,True,medium,none,True,medium,none,False,low,occlusion,False,low,occlusion,True,medium,none,True,medium,none,True,medium,none,True,medium,none,True,medium,none,True,medium,none
KVAL0011,189,190,1,True,medium,none,True,medium,none,True,medium,none,True,medium,none,True,medium,none,True,medium,none,True,medium,none,False,low,occlusion,False,low,occlusion,False,low,occlusion,False,low,occlusion,True,medium,none,True,medium,none,True,medium,none,True,medium,none,True,medium,none,True,medium,none,False,low,occlusion,True,medium,none,False,low,occlusion,False,low,occlusion,False,low,occlusion,True,medium,none,True,medium,none,False,low,occlusion,False,low,occlusion,True,medium,none,True,medium,none,True,medium,none,True,medium,none,True,medium,none,True,medium,none
KVAL0011,190,191,1,True,medium,none,True,medium,none,True,medium,none,True,medium,none,True,medium,none,True,medium,none,True,medium,none,False,low,occlusion,False,low,occlusion,False,low,occlusion,False,low,occlusion,True,medium,none,True,medium,none,True,medium,none,True,medium,none,True,medium,none,True,medium,none,False,low,occlusion,True,medium,none,False,low,occlusion,False,low,occlusion,False,low,occlusion,True,medium,none,True,medium,none,False,low,occlusion,False,low,occlusion,True,medium,none,True,medium,none,True,medium,none,True,medium,none,True,medium,none,True,medium,none
KVAL0011,191,192,1,True,medium,none,True,medium,none,True,medium,none,True,medium,none,True,medium,none,True,medium,none,True,medium,none,False,low,occlusion,False,low,occlusion,False,low,occlusion,False,low,occlusion,True,medium,none,True,medium,none,True,medium,none,True,medium,none,True,medium,none,False,low,occlusion,False,low,occlusion,True,medium,none,False,low,occlusion,False,low,occlusion,False,low,occlusion,True,medium,none,True,medium,none,False,low,occlusion,False,low,occlusion,True,medium,none,True,medium,none,True,medium,none,True,medium,none,True,medium,none,True,medium,none
KVAL0011,192,193,1,True,medium,none,True,medium,none,True,medium,none,True,medium,none,True,medium,none,True,medium,none,True,medium,none,False,low,occlusion,False,low,occlusion,False,low,occlusion,False,low,occlusion,True,medium,none,True,medium,none,True,medium,none,True,medium,none,True,medium,none,False,low,occlusion,True,medium,none,True,medium,none,False,low,occlusion,False,low,occlusion,False,low,occlusion,True,medium,none,True,medium,none,False,low,occlusion,False,low,occlusion,True,medium,none,True,medium,none,True,medium,none,True,medium,none,True,medium,none,True,medium,none
KVAL0011,193,194,1,True,medium,none,True,medium,none,True,medium,none,True,medium,none,True,medium,none,True,medium,none,True,medium,none,False,low,occlusion,False,low,occlusion,False,low,occlusion,False,low,occlusion,True,medium,none,True,medium,none,True,medium,none,True,medium,none,True,medium,none,False,low,occlusion,True,medium,none,True,medium,none,False,low,occlusion,False,low,occlusion,False,low,occlusion,True,medium,none,False,low,occlusion,False,low,occlusion,False,low,occlusion,True,medium,none,True,medium,none,True,medium,none,True,medium,none,True,medium,none,True,medium,none
KVAL0011,194,195,1,True,medium,none,True,medium,none,True,medium,none,True,medium,none,True,medium,none,True,medium,none,True,medium,none,False,low,occlusion,False,low,occlusion,False,low,occlusion,False,low,occlusion,True,medium,none,True,medium,none,True,medium,none,True,medium,none,True,medium,none,False,low,occlusion,True,medium,none,True,medium,none,False,low,occlusion,False,low,occlusion,False,low,occlusion,True,medium,none,False,low,occlusion,False,low,occlusion,False,low,occlusion,True,medium,none,True,medium,none,True,medium,none,True,medium,none,True,medium,none,True,medium,none
KVAL0011,195,196,1,True,medium,none,True,medium,none,True,medium,none,True,medium,none,True,medium,none,True,medium,none,True,medium,none,False,low,occlusion,False,low,occlusion,False,low,occlusion,False,low,occlusion,True,medium,none,True,medium,none,True,medium,none,True,medium,none,True,medium,none,False,low,occlusion,True,medium,none,True,medium,none,False,low,occlusion,False,low,occlusion,False,low,occlusion,True,medium,none,False,low,occlusion,False,low,occlusion,False,low,occlusion,True,medium,none,True,medium,none,True,medium,none,True,medium,none,True,medium,none,True,medium,none
KVAL0011,196,197,1,True,medium,none,True,medium,none,True,medium,none,True,medium,none,True,medium,none,True,medium,none,True,medium,none,False,low,occlusion,False,low,occlusion,False,low,occlusion,False,low,occlusion,True,medium,none,True,medium,none,True,medium,none,True,medium,none,True,medium,none,False,low,occlusion,True,medium,none,True,medium,none,False,low,occlusion,False,low,occlusion,False,low,occlusion,True,medium,none,False,low,occlusion,False,low,occlusion,False,low,occlusion,True,medium,none,True,medium,none,True,medium,none,True,medium,none,True,medium,none,True,medium,none
KVAL0011,197,198,1,True,medium,none,True,medium,none,True,medium,none,True,medium,none,True,medium,none,True,medium,none,True,medium,none,True,medium,none,False,low,occlusion,False,low,occlusion,False,low,occlusion,True,medium,none,True,medium,none,True,medium,none,True,medium,none,True,medium,none,True,medium,none,True,medium,none,True,medium,none,False,low,occlusion,False,low,occlusion,False,low,occlusion,True,medium,none,False,low,occlusion,False,low,occlusion,False,low,occlusion,True,medium,none,True,medium,none,True,medium,none,True,medium,none,True,medium,none,True,medium,none
KVAL0011,198,199,1,True,medium,none,True,medium,none,True,medium,none,True,medium,none,True,medium,none,True,medium,none,True,medium,none,True,medium,none,False,low,occlusion,False,low,occlusion,False,low,occlusion,True,medium,none,True,medium,none,True,medium,none,True,medium,none,True,medium,none,False,low,occlusion,True,medium,none,True,medium,none,False,low,occlusion,False,low,occlusion,False,low,occlusion,True,medium,none,False,low,occlusion,False,low,occlusion,False,low,occlusion,True,medium,none,True,medium,none,True,medium,none,True,medium,none,True,medium,none,True,medium,none
KVAL0011,199,200,1,True,medium,none,True,medium,none,True,medium,none,True,medium,none,True,medium,none,True,medium,none,True,medium,none,True,medium,none,False,low,occlusion,False,low,occlusion,False,low,occlusion,True,medium,none,True,medium,none,True,medium,none,True,medium,none,True,medium,none,False,low,occlusion,True,medium,none,True,medium,none,False,low,occlusion,False,low,occlusion,False,low,occlusion,True,medium,none,False,low,occlusion,False,low,occlusion,False,low,occlusion,True,medium,none,True,medium,none,True,medium,none,True,medium,none,True,medium,none,True,medium,none
KVAL0011,200,201,1,True,medium,none,True,medium,none,True,medium,none,True,medium,none,True,medium,none,True,medium,none,True,medium,none,True,medium,none,False,low,occlusion,False,low,occlusion,False,low,occlusion,True,medium,none,True,medium,none,True,medium,none,True,medium,none,True,medium,none,False,low,occlusion,True,medium,none,True,medium,none,False,low,occlusion,False,low,occlusion,False,low,occlusion,True,medium,none,False,low,occlusion,False,low,occlusion,False,low,occlusion,True,medium,none,True,medium,none,True,medium,none,True,medium,none,True,medium,none,True,medium,none
KVAL0011,201,202,1,True,medium,none,True,medium,none,True,medium,none,True,medium,none,True,medium,none,True,medium,none,True,medium,none,False,low,occlusion,False,low,occlusion,False,low,occlusion,False,low,occlusion,True,medium,none,True,medium,none,True,medium,none,True,medium,none,True,medium,none,True,medium,none,True,medium,none,True,medium,none,False,low,occlusion,False,low,occlusion,False,low,occlusion,True,medium,none,False,low,occlusion,False,low,occlusion,False,low,occlusion,True,medium,none,True,medium,none,True,medium,none,True,medium,none,True,medium,none,True,medium,none
KVAL0011,202,203,1,True,medium,none,True,medium,none,True,medium,none,True,medium,none,True,medium,none,True,medium,none,True,medium,none,True,medium,none,False,low,occlusion,False,low,occlusion,False,low,occlusion,True,medium,none,True,medium,none,True,medium,none,True,medium,none,True,medium,none,True,medium,none,True,medium,none,True,medium,none,False,low,occlusion,False,low,occlusion,False,low,occlusion,True,medium,none,True,medium,none,False,low,occlusion,False,low,occlusion,True,medium,none,True,medium,none,True,medium,none,True,medium,none,True,medium,none,True,medium,none
KVAL0011,203,204,1,True,medium,none,True,medium,none,True,medium,none,True,medium,none,True,medium,none,True,medium,none,True,medium,none,True,medium,none,False,low,occlusion,False,low,occlusion,False,low,occlusion,True,medium,none,True,medium,none,True,medium,none,True,medium,none,True,medium,none,True,medium,none,True,medium,none,True,medium,none,False,low,occlusion,False,low,occlusion,False,low,occlusion,True,medium,none,True,medium,none,False,low,occlusion,False,low,occlusion,True,medium,none,True,medium,none,True,medium,none,True,medium,none,True,medium,none,True,medium,none
KVAL0011,204,205,1,True,medium,none,True,medium,none,True,medium,none,True,medium,none,True,medium,none,True,medium,none,True,medium,none,True,medium,none,False,low,occlusion,False,low,occlusion,False,low,occlusion,True,medium,none,True,medium,none,True,medium,none,True,medium,none,True,medium,none,True,medium,none,True,medium,none,True,medium,none,False,low,occlusion,False,low,occlusion,False,low,occlusion,True,medium,none,False,low,occlusion,False,low,occlusion,False,low,occlusion,True,medium,none,True,medium,none,True,medium,none,True,medium,none,True,medium,none,True,medium,none
KVAL0011,205,206,1,True,medium,none,True,medium,none,True,medium,none,True,medium,none,True,medium,none,True,medium,none,True,medium,none,False,low,occlusion,False,low,occlusion,False,low,occlusion,False,low,occlusion,True,medium,none,True,medium,none,True,medium,none,True,medium,none,True,medium,none,True,medium,none,True,medium,none,True,medium,none,False,low,occlusion,False,low,occlusion,False,low,occlusion,True,medium,none,False,low,occlusion,False,low,occlusion,False,low,occlusion,True,medium,none,True,medium,none,True,medium,none,True,medium,none,True,medium,none,True,medium,none
KVAL0011,206,207,1,True,medium,none,True,medium,none,True,medium,none,True,medium,none,True,medium,none,True,medium,none,True,medium,none,True,medium,none,False,low,occlusion,False,low,occlusion,False,low,occlusion,True,medium,none,True,medium,none,True,medium,none,True,medium,none,True,medium,none,True,medium,none,True,medium,none,True,medium,none,False,low,occlusion,False,low,occlusion,False,low,occlusion,True,medium,none,False,low,occlusion,False,low,occlusion,False,low,occlusion,True,medium,none,True,medium,none,True,medium,none,True,medium,none,True,medium,none,True,medium,none
KVAL0011,207,208,1,True,medium,none,True,medium,none,True,medium,none,True,medium,none,True,medium,none,True,medium,none,True,medium,none,False,low,occlusion,False,low,occlusion,False,low,occlusion,False,low,occlusion,True,medium,none,True,medium,none,True,medium,none,True,medium,none,True,medium,none,True,medium,none,True,medium,none,True,medium,none,False,low,occlusion,False,low,occlusion,False,low,occlusion,True,medium,none,False,low,occlusion,False,low,occlusion,False,low,occlusion,True,medium,none,True,medium,none,True,medium,none,True,medium,none,True,medium,none,True,medium,none
KVAL0011,208,209,1,True,medium,none,True,medium,none,True,medium,none,True,medium,none,True,medium,none,True,medium,none,True,medium,none,False,low,occlusion,False,low,occlusion,False,low,occlusion,False,low,occlusion,True,medium,none,True,medium,none,True,medium,none,True,medium,none,True,medium,none,True,medium,none,True,medium,none,True,medium,none,False,low,occlusion,False,low,occlusion,False,low,occlusion,True,medium,none,False,low,occlusion,False,low,occlusion,False,low,occlusion,True,medium,none,True,medium,none,True,medium,none,True,medium,none,True,medium,none,True,medium,none
KVAL0011,209,210,1,True,medium,none,True,medium,none,True,medium,none,True,medium,none,True,medium,none,True,medium,none,True,medium,none,False,low,occlusion,False,low,occlusion,False,low,occlusion,False,low,occlusion,True,medium,none,True,medium,none,True,medium,none,True,medium,none,True,medium,none,True,medium,none,True,medium,none,True,medium,none,False,low,occlusion,False,low,occlusion,False,low,occlusion,True,medium,none,False,low,occlusion,False,low,occlusion,False,low,occlusion,True,medium,none,False,low,occlusion,False,low,occlusion,False,low,occlusion,False,low,occlusion,False,low,occlusion
KVAL0011,210,211,1,True,medium,none,True,medium,none,True,medium,none,True,medium,none,True,medium,none,True,medium,none,True,medium,none,True,medium,none,False,low,occlusion,False,low,occlusion,False,low,occlusion,True,medium,none,True,medium,none,True,medium,none,True,medium,none,True,medium,none,True,medium,none,True,medium,none,True,medium,none,False,low,occlusion,False,low,occlusion,False,low,occlusion,True,medium,none,False,low,occlusion,False,low,occlusion,False,low,occlusion,True,medium,none,True,medium,none,True,medium,none,True,medium,none,True,medium,none,True,medium,none
KVAL0011,211,212,1,True,medium,none,True,medium,none,True,medium,none,True,medium,none,True,medium,none,True,medium,none,True,medium,none,False,low,occlusion,False,low,occlusion,False,low,occlusion,False,low,occlusion,True,medium,none,True,medium,none,True,medium,none,True,medium,none,True,medium,none,True,medium,none,True,medium,none,True,medium,none,False,low,occlusion,False,low,occlusion,False,low,occlusion,True,medium,none,False,low,occlusion,False,low,occlusion,False,low,occlusion,True,medium,none,True,medium,none,True,medium,none,True,medium,none,True,medium,none,True,medium,none
KVAL0011,212,213,1,True,medium,none,True,medium,none,True,medium,none,True,medium,none,True,medium,none,True,medium,none,True,medium,none,False,low,occlusion,False,low,occlusion,False,low,occlusion,False,low,occlusion,True,medium,none,True,medium,none,True,medium,none,True,medium,none,True,medium,none,True,medium,none,True,medium,none,True,medium,none,False,low,occlusion,False,low,occlusion,False,low,occlusion,True,medium,none,False,low,occlusion,False,low,occlusion,False,low,occlusion,True,medium,none,True,medium,none,True,medium,none,True,medium,none,True,medium,none,True,medium,none
KVAL0011,213,214,1,True,medium,none,True,medium,none,True,medium,none,True,medium,none,True,medium,none,True,medium,none,True,medium,none,True,medium,none,False,low,occlusion,False,low,occlusion,False,low,occlusion,True,medium,none,True,medium,none,True,medium,none,True,medium,none,True,medium,none,True,medium,none,True,medium,none,True,medium,none,False,low,occlusion,False,low,occlusion,False,low,occlusion,True,medium,none,False,low,occlusion,False,low,occlusion,False,low,occlusion,True,medium,none,True,medium,none,True,medium,none,True,medium,none,True,medium,none,True,medium,none
KVAL0011,214,215,1,True,medium,none,True,medium,none,True,medium,none,True,medium,none,True,medium,none,True,medium,none,True,medium,none,False,low,occlusion,False,low,occlusion,False,low,occlusion,False,low,occlusion,True,medium,none,True,medium,none,True,medium,none,True,medium,none,True,medium,none,True,medium,none,True,medium,none,True,medium,none,False,low,occlusion,False,low,occlusion,False,low,occlusion,True,medium,none,False,low,occlusion,False,low,occlusion,False,low,occlusion,True,medium,none,False,low,occlusion,False,low,occlusion,False,low,occlusion,False,low,occlusion,False,low,occlusion
KVAL0011,215,216,1,True,medium,none,True,medium,none,True,medium,none,True,medium,none,True,medium,none,True,medium,none,True,medium,none,False,low,occlusion,False,low,occlusion,False,low,occlusion,False,low,occlusion,True,medium,none,True,medium,none,True,medium,none,True,medium,none,True,medium,none,True,medium,none,True,medium,none,True,medium,none,False,low,occlusion,False,low,occlusion,False,low,occlusion,True,medium,none,False,low,occlusion,False,low,occlusion,False,low,occlusion,True,medium,none,True,medium,none,True,medium,none,True,medium,none,True,medium,none,True,medium,none
KVAL0011,216,217,1,True,medium,none,True,medium,none,True,medium,none,True,medium,none,True,medium,none,True,medium,none,True,medium,none,False,low,occlusion,False,low,occlusion,False,low,occlusion,False,low,occlusion,True,medium,none,True,medium,none,True,medium,none,True,medium,none,True,medium,none,True,medium,none,True,medium,none,True,medium,none,False,low,occlusion,False,low,occlusion,False,low,occlusion,True,medium,none,False,low,occlusion,False,low,occlusion,False,low,occlusion,True,medium,none,True,medium,none,True,medium,none,True,medium,none,True,medium,none,True,medium,none
KVAL0011,217,218,1,True,medium,none,True,medium,none,True,medium,none,True,medium,none,True,medium,none,True,medium,none,True,medium,none,False,low,occlusion,False,low,occlusion,False,low,occlusion,False,low,occlusion,True,medium,none,True,medium,none,True,medium,none,True,medium,none,True,medium,none,True,medium,none,True,medium,none,True,medium,none,False,low,occlusion,False,low,occlusion,False,low,occlusion,True,medium,none,False,low,occlusion,False,low,occlusion,False,low,occlusion,True,medium,none,True,medium,none,True,medium,none,True,medium,none,True,medium,none,True,medium,none
KVAL0011,218,219,1,True,medium,none,True,medium,none,True,medium,none,True,medium,none,True,medium,none,True,medium,none,True,medium,none,False,low,occlusion,False,low,occlusion,False,low,occlusion,False,low,occlusion,True,medium,none,True,medium,none,True,medium,none,True,medium,none,True,medium,none,True,medium,none,True,medium,none,True,medium,none,False,low,occlusion,False,low,occlusion,False,low,occlusion,True,medium,none,False,low,occlusion,False,low,occlusion,False,low,occlusion,True,medium,none,False,low,occlusion,False,low,occlusion,False,low,occlusion,False,low,occlusion,False,low,occlusion
KVAL0011,219,220,1,True,medium,none,True,medium,none,True,medium,none,True,medium,none,True,medium,none,True,medium,none,True,medium,none,False,low,occlusion,False,low,occlusion,False,low,occlusion,False,low,occlusion,True,medium,none,True,medium,none,True,medium,none,True,medium,none,True,medium,none,False,low,occlusion,True,medium,none,True,medium,none,False,low,occlusion,False,low,occlusion,False,low,occlusion,True,medium,none,False,low,occlusion,False,low,occlusion,False,low,occlusion,True,medium,none,False,low,occlusion,False,low,occlusion,False,low,occlusion,False,low,occlusion,False,low,occlusion
KVAL0011,220,221,1,True,medium,none,True,medium,none,True,medium,none,True,medium,none,True,medium,none,True,medium,none,True,medium,none,False,low,occlusion,False,low,occlusion,False,low,occlusion,False,low,occlusion,True,medium,none,True,medium,none,True,medium,none,True,medium,none,True,medium,none,False,low,occlusion,True,medium,none,True,medium,none,False,low,occlusion,False,low,occlusion,False,low,occlusion,True,medium,none,False,low,occlusion,False,low,occlusion,False,low,occlusion,True,medium,none,False,low,occlusion,False,low,occlusion,False,low,occlusion,False,low,occlusion,False,low,occlusion
KVAL0011,221,222,1,True,medium,none,True,medium,none,True,medium,none,True,medium,none,False,low,occlusion,False,low,occlusion,False,low,occlusion,False,low,occlusion,False,low,occlusion,False,low,occlusion,False,low,occlusion,True,medium,none,True,medium,none,True,medium,none,True,medium,none,True,medium,none,True,medium,none,True,medium,none,False,low,occlusion,False,low,occlusion,False,low,occlusion,False,low,occlusion,False,low,occlusion,False,low,occlusion,False,low,occlusion,False,low,occlusion,True,medium,none,True,medium,none,True,medium,none,False,low,occlusion,False,low,occlusion,False,low,occlusion
KVAL0011,222,223,1,True,medium,none,True,medium,none,True,medium,none,True,medium,none,True,medium,none,True,medium,none,True,medium,none,True,medium,none,True,medium,none,True,medium,none,True,medium,none,True,medium,none,True,medium,none,True,medium,none,False,low,occlusion,False,low,occlusion,False,low,occlusion,False,low,occlusion,True,medium,none,False,low,occlusion,False,low,occlusion,False,low,occlusion,True,medium,none,False,low,occlusion,False,low,occlusion,False,low,occlusion,True,medium,none,True,medium,none,True,medium,none,True,medium,none,False,low,occlusion,False,low,occlusion
KVAL0011,223,224,1,True,medium,none,True,medium,none,True,medium,none,True,medium,none,True,medium,none,True,medium,none,True,medium,none,True,medium,none,True,medium,none,True,medium,none,True,medium,none,True,medium,none,True,medium,none,True,medium,none,False,low,occlusion,False,low,occlusion,False,low,occlusion,False,low,occlusion,True,medium,none,False,low,occlusion,False,low,occlusion,False,low,occlusion,True,medium,none,False,low,occlusion,False,low,occlusion,False,low,occlusion,True,medium,none,True,medium,none,True,medium,none,True,medium,none,True,medium,none,True,medium,none
KVAL0011,224,225,1,True,medium,none,True,medium,none,True,medium,none,True,medium,none,False,low,occlusion,False,low,occlusion,False,low,occlusion,False,low,occlusion,False,low,occlusion,False,low,occlusion,False,low,occlusion,True,medium,none,True,medium,none,True,medium,none,False,low,occlusion,False,low,occlusion,False,low,occlusion,False,low,occlusion,True,medium,none,False,low,occlusion,False,low,occlusion,False,low,occlusion,True,medium,none,False,low,occlusion,False,low,occlusion,False,low,occlusion,True,medium,none,True,medium,none,True,medium,none,True,medium,none,True,medium,none,True,medium,none
KVAL0011,225,226,1,True,medium,none,True,medium,none,True,medium,none,True,medium,none,False,low,occlusion,False,low,occlusion,False,low,occlusion,False,low,occlusion,False,low,occlusion,False,low,occlusion,False,low,occlusion,True,medium,none,True,medium,none,False,low,occlusion,False,low,occlusion,False,low,occlusion,False,low,occlusion,False,low,occlusion,True,medium,none,False,low,occlusion,False,low,occlusion,False,low,occlusion,True,medium,none,False,low,occlusion,False,low,occlusion,False,low,occlusion,True,medium,none,True,medium,none,True,medium,none,True,medium,none,True,medium,none,True,medium,none
KVAL0011,226,227,1,True,medium,none,True,medium,none,True,medium,none,True,medium,none,False,low,occlusion,False,low,occlusion,False,low,occlusion,False,low,occlusion,False,low,occlusion,False,low,occlusion,False,low,occlusion,True,medium,none,True,medium,none,False,low,occlusion,False,low,occlusion,False,low,occlusion,False,low,occlusion,False,low,occlusion,True,medium,none,False,low,occlusion,False,low,occlusion,False,low,occlusion,True,medium,none,False,low,occlusion,False,low,occlusion,False,low,occlusion,True,medium,none,True,medium,none,True,medium,none,True,medium,none,True,medium,none,True,medium,none
KVAL0011,227,228,1,True,medium,none,True,medium,none,True,medium,none,True,medium,none,True,medium,none,True,medium,none,True,medium,none,False,low,occlusion,False,low,occlusion,False,low,occlusion,False,low,occlusion,True,medium,none,True,medium,none,True,medium,none,True,medium,none,True,medium,none,True,medium,none,True,medium,none,False,low,occlusion,False,low,occlusion,False,low,occlusion,False,low,occlusion,True,medium,none,False,low,occlusion,False,low,occlusion,False,low,occlusion,True,medium,none,True,medium,none,True,medium,none,True,medium,none,True,medium,none,True,medium,none
KVAL0011,228,229,1,True,medium,none,True,medium,none,True,medium,none,True,medium,none,True,medium,none,True,medium,none,False,low,occlusion,False,low,occlusion,False,low,occlusion,False,low,occlusion,False,low,occlusion,True,medium,none,True,medium,none,True,medium,none,True,medium,none,True,medium,none,True,medium,none,True,medium,none,True,medium,none,False,low,occlusion,False,low,occlusion,False,low,occlusion,True,medium,none,False,low,occlusion,False,low,occlusion,False,low,occlusion,True,medium,none,True,medium,none,True,medium,none,True,medium,none,True,medium,none,True,medium,none
KVAL0011,229,230,1,True,medium,none,True,medium,none,True,medium,none,True,medium,none,True,medium,none,True,medium,none,False,low,occlusion,False,low,occlusion,False,low,occlusion,False,low,occlusion,False,low,occlusion,True,medium,none,True,medium,none,True,medium,none,True,medium,none,True,medium,none,True,medium,none,True,medium,none,True,medium,none,False,low,occlusion,False,low,occlusion,False,low,occlusion,True,medium,none,True,medium,none,False,low,occlusion,False,low,occlusion,True,medium,none,True,medium,none,True,medium,none,True,medium,none,True,medium,none,True,medium,none
KVAL0011,230,231,1,True,medium,none,True,medium,none,True,medium,none,True,medium,none,True,medium,none,True,medium,none,True,medium,none,False,low,occlusion,False,low,occlusion,False,low,occlusion,False,low,occlusion,True,medium,none,True,medium,none,True,medium,none,True,medium,none,True,medium,none,True,medium,none,True,medium,none,True,medium,none,False,low,occlusion,False,low,occlusion,False,low,occlusion,True,medium,none,True,medium,none,False,low,occlusion,False,low,occlusion,True,medium,none,True,medium,none,True,medium,none,True,medium,none,True,medium,none,True,medium,none
KVAL0011,231,232,1,True,medium,none,True,medium,none,True,medium,none,True,medium,none,True,medium,none,True,medium,none,True,medium,none,False,low,occlusion,False,low,occlusion,False,low,occlusion,False,low,occlusion,True,medium,none,True,medium,none,True,medium,none,True,medium,none,True,medium,none,True,medium,none,True,medium,none,True,medium,none,False,low,occlusion,False,low,occlusion,False,low,occlusion,True,medium,none,True,medium,none,False,low,occlusion,False,low,occlusion,True,medium,none,True,medium,none,True,medium,none,True,medium,none,True,medium,none,True,medium,none
KVAL0011,232,233,1,True,medium,none,True,medium,none,True,medium,none,True,medium,none,True,medium,none,True,medium,none,True,medium,none,False,low,occlusion,False,low,occlusion,False,low,occlusion,False,low,occlusion,True,medium,none,True,medium,none,True,medium,none,True,medium,none,True,medium,none,True,medium,none,True,medium,none,False,low,occlusion,False,low,occlusion,False,low,occlusion,False,low,occlusion,True,medium,none,True,medium,none,False,low,occlusion,False,low,occlusion,True,medium,none,True,medium,none,True,medium,none,True,medium,none,True,medium,none,True,medium,none
KVAL0011,233,234,1,True,medium,none,True,medium,none,True,medium,none,True,medium,none,True,medium,none,True,medium,none,False,low,occlusion,False,low,occlusion,False,low,occlusion,False,low,occlusion,False,low,occlusion,True,medium,none,True,medium,none,True,medium,none,True,medium,none,True,medium,none,True,medium,none,True,medium,none,True,medium,none,False,low,occlusion,False,low,occlusion,False,low,occlusion,True,medium,none,True,medium,none,False,low,occlusion,False,low,occlusion,True,medium,none,True,medium,none,True,medium,none,True,medium,none,True,medium,none,True,medium,none
KVAL0011,234,235,1,True,medium,none,True,medium,none,True,medium,none,True,medium,none,True,medium,none,True,medium,none,False,low,occlusion,False,low,occlusion,False,low,occlusion,False,low,occlusion,False,low,occlusion,True,medium,none,True,medium,none,True,medium,none,True,medium,none,True,medium,none,True,medium,none,True,medium,none,True,medium,none,True,medium,none,False,low,occlusion,False,low,occlusion,True,medium,none,True,medium,none,False,low,occlusion,False,low,occlusion,True,medium,none,True,medium,none,True,medium,none,True,medium,none,True,medium,none,True,medium,none
KVAL0011,235,236,1,True,medium,none,True,medium,none,True,medium,none,True,medium,none,True,medium,none,True,medium,none,False,low,occlusion,False,low,occlusion,False,low,occlusion,False,low,occlusion,False,low,occlusion,True,medium,none,True,medium,none,True,medium,none,True,medium,none,True,medium,none,True,medium,none,True,medium,none,True,medium,none,False,low,occlusion,False,low,occlusion,False,low,occlusion,True,medium,none,True,medium,none,False,low,occlusion,False,low,occlusion,True,medium,none,True,medium,none,True,medium,none,True,medium,none,True,medium,none,True,medium,none
KVAL0011,236,237,1,True,medium,none,True,medium,none,True,medium,none,True,medium,none,True,medium,none,True,medium,none,False,low,occlusion,False,low,occlusion,False,low,occlusion,False,low,occlusion,False,low,occlusion,True,medium,none,True,medium,none,True,medium,none,True,medium,none,True,medium,none,True,medium,none,True,medium,none,True,medium,none,False,low,occlusion,False,low,occlusion,False,low,occlusion,True,medium,none,False,low,occlusion,False,low,occlusion,False,low,occlusion,True,medium,none,True,medium,none,True,medium,none,True,medium,none,True,medium,none,True,medium,none
KVAL0011,237,238,1,True,medium,none,True,medium,none,True,medium,none,True,medium,none,True,medium,none,True,medium,none,False,low,occlusion,False,low,occlusion,False,low,occlusion,False,low,occlusion,False,low,occlusion,True,medium,none,True,medium,none,True,medium,none,True,medium,none,True,medium,none,True,medium,none,True,medium,none,True,medium,none,False,low,occlusion,False,low,occlusion,False,low,occlusion,True,medium,none,True,medium,none,False,low,occlusion,False,low,occlusion,True,medium,none,True,medium,none,True,medium,none,True,medium,none,True,medium,none,True,medium,none
KVAL0011,238,239,1,True,medium,none,True,medium,none,True,medium,none,True,medium,none,True,medium,none,True,medium,none,True,medium,none,False,low,occlusion,False,low,occlusion,False,low,occlusion,False,low,occlusion,True,medium,none,True,medium,none,True,medium,none,True,medium,none,True,medium,none,True,medium,none,True,medium,none,True,medium,none,False,low,occlusion,False,low,occlusion,False,low,occlusion,True,medium,none,False,low,occlusion,False,low,occlusion,False,low,occlusion,True,medium,none,True,medium,none,True,medium,none,True,medium,none,True,medium,none,True,medium,none
KVAL0011,239,240,1,True,medium,none,True,medium,none,True,medium,none,True,medium,none,True,medium,none,True,medium,none,True,medium,none,False,low,occlusion,False,low,occlusion,False,low,occlusion,False,low,occlusion,True,medium,none,True,medium,none,True,medium,none,True,medium,none,True,medium,none,True,medium,none,True,medium,none,True,medium,none,False,low,occlusion,False,low,occlusion,False,low,occlusion,True,medium,none,False,low,occlusion,False,low,occlusion,False,low,occlusion,True,medium,none,True,medium,none,True,medium,none,True,medium,none,True,medium,none,True,medium,none
KVAL0011,240,241,1,True,medium,none,True,medium,none,True,medium,none,True,medium,none,True,medium,none,True,medium,none,True,medium,none,True,medium,none,False,low,occlusion,False,low,occlusion,False,low,occlusion,True,medium,none,True,medium,none,True,medium,none,True,medium,none,True,medium,none,True,medium,none,True,medium,none,True,medium,none,False,low,occlusion,False,low,occlusion,False,low,occlusion,True,medium,none,False,low,occlusion,False,low,occlusion,False,low,occlusion,True,medium,none,True,medium,none,True,medium,none,True,medium,none,True,medium,none,True,medium,none
KVAL0011,241,242,1,True,medium,none,True,medium,none,True,medium,none,True,medium,none,True,medium,none,True,medium,none,True,medium,none,True,medium,none,False,low,occlusion,False,low,occlusion,False,low,occlusion,True,medium,none,True,medium,none,True,medium,none,True,medium,none,True,medium,none,True,medium,none,True,medium,none,True,medium,none,False,low,occlusion,False,low,occlusion,False,low,occlusion,False,low,occlusion,False,low,occlusion,False,low,occlusion,False,low,occlusion,True,medium,none,True,medium,none,True,medium,none,True,medium,none,True,medium,none,True,medium,none
KVAL0011,242,243,1,True,medium,none,True,medium,none,True,medium,none,True,medium,none,True,medium,none,True,medium,none,True,medium,none,False,low,occlusion,False,low,occlusion,False,low,occlusion,False,low,occlusion,True,medium,none,True,medium,none,True,medium,none,True,medium,none,True,medium,none,True,medium,none,True,medium,none,True,medium,none,False,low,occlusion,False,low,occlusion,False,low,occlusion,True,medium,none,False,low,occlusion,False,low,occlusion,False,low,occlusion,True,medium,none,True,medium,none,True,medium,none,True,medium,none,True,medium,none,True,medium,none
KVAL0011,243,244,1,True,medium,none,True,medium,none,True,medium,none,True,medium,none,True,medium,none,True,medium,none,True,medium,none,True,medium,none,False,low,occlusion,False,low,occlusion,True,medium,none,True,medium,none,True,medium,none,True,medium,none,True,medium,none,True,medium,none,True,medium,none,True,medium,none,True,medium,none,False,low,occlusion,False,low,occlusion,False,low,occlusion,True,medium,none,False,low,occlusion,False,low,occlusion,False,low,occlusion,True,medium,none,True,medium,none,True,medium,none,True,medium,none,True,medium,none,True,medium,none
KVAL0011,244,245,1,True,medium,none,True,medium,none,True,medium,none,True,medium,none,True,medium,none,True,medium,none,True,medium,none,True,medium,none,False,low,occlusion,False,low,occlusion,False,low,occlusion,True,medium,none,True,medium,none,True,medium,none,True,medium,none,True,medium,none,True,medium,none,True,medium,none,True,medium,none,False,low,occlusion,False,low,occlusion,False,low,occlusion,True,medium,none,False,low,occlusion,False,low,occlusion,False,low,occlusion,True,medium,none,True,medium,none,True,medium,none,True,medium,none,True,medium,none,True,medium,none
KVAL0011,245,246,1,True,medium,none,True,medium,none,True,medium,none,True,medium,none,True,medium,none,True,medium,none,True,medium,none,True,medium,none,False,low,occlusion,False,low,occlusion,False,low,occlusion,True,medium,none,True,medium,none,True,medium,none,True,medium,none,True,medium,none,True,medium,none,True,medium,none,True,medium,none,False,low,occlusion,False,low,occlusion,False,low,occlusion,True,medium,none,False,low,occlusion,False,low,occlusion,False,low,occlusion,True,medium,none,True,medium,none,True,medium,none,True,medium,none,True,medium,none,True,medium,none
KVAL0011,246,247,1,True,medium,none,True,medium,none,True,medium,none,True,medium,none,True,medium,none,True,medium,none,True,medium,none,True,medium,none,False,low,occlusion,False,low,occlusion,True,medium,none,True,medium,none,True,medium,none,True,medium,none,True,medium,none,True,medium,none,True,medium,none,True,medium,none,True,medium,none,False,low,occlusion,False,low,occlusion,False,low,occlusion,True,medium,none,False,low,occlusion,False,low,occlusion,False,low,occlusion,True,medium,none,True,medium,none,True,medium,none,True,medium,none,True,medium,none,True,medium,none
KVAL0011,247,248,1,True,medium,none,True,medium,none,True,medium,none,True,medium,none,True,medium,none,True,medium,none,True,medium,none,True,medium,none,False,low,occlusion,False,low,occlusion,True,medium,none,True,medium,none,True,medium,none,True,medium,none,True,medium,none,True,medium,none,True,medium,none,True,medium,none,True,medium,none,False,low,occlusion,False,low,occlusion,False,low,occlusion,True,medium,none,False,low,occlusion,False,low,occlusion,False,low,occlusion,True,medium,none,True,medium,none,True,medium,none,True,medium,none,True,medium,none,True,medium,none
KVAL0011,248,249,1,True,medium,none,True,medium,none,True,medium,none,True,medium,none,True,medium,none,True,medium,none,True,medium,none,True,medium,none,True,medium,none,True,medium,none,True,medium,none,True,medium,none,True,medium,none,True,medium,none,True,medium,none,True,medium,none,True,medium,none,True,medium,none,True,medium,none,False,low,occlusion,False,low,occlusion,False,low,occlusion,True,medium,none,False,low,occlusion,False,low,occlusion,False,low,occlusion,True,medium,none,True,medium,none,True,medium,none,True,medium,none,True,medium,none,True,medium,none
KVAL0011,249,250,1,True,medium,none,True,medium,none,True,medium,none,True,medium,none,True,medium,none,True,medium,none,True,medium,none,True,medium,none,True,medium,none,True,medium,none,True,medium,none,True,medium,none,True,medium,none,True,medium,none,True,medium,none,True,medium,none,True,medium,none,True,medium,none,True,medium,none,False,low,occlusion,False,low,occlusion,False,low,occlusion,True,medium,none,False,low,occlusion,False,low,occlusion,False,low,occlusion,True,medium,none,True,medium,none,True,medium,none,True,medium,none,True,medium,none,True,medium,none
KVAL0011,250,251,1,True,medium,none,True,medium,none,True,medium,none,True,medium,none,True,medium,none,True,medium,none,True,medium,none,True,medium,none,True,medium,none,True,medium,none,True,medium,none,True,medium,none,True,medium,none,True,medium,none,True,medium,none,True,medium,none,True,medium,none,True,medium,none,True,medium,none,False,low,occlusion,False,low,occlusion,False,low,occlusion,True,medium,none,False,low,occlusion,False,low,occlusion,False,low,occlusion,True,medium,none,True,medium,none,True,medium,none,True,medium,none,True,medium,none,True,medium,none
KVAL0011,251,252,1,True,medium,none,True,medium,none,True,medium,none,True,medium,none,True,medium,none,True,medium,none,True,medium,none,True,medium,none,True,medium,none,True,medium,none,True,medium,none,True,medium,none,True,medium,none,True,medium,none,True,medium,none,True,medium,none,True,medium,none,True,medium,none,True,medium,none,False,low,occlusion,False,low,occlusion,False,low,occlusion,True,medium,none,False,low,occlusion,False,low,occlusion,False,low,occlusion,True,medium,none,True,medium,none,True,medium,none,True,medium,none,True,medium,none,True,medium,none
KVAL0011,252,253,1,True,medium,none,True,medium,none,True,medium,none,True,medium,none,True,medium,none,True,medium,none,True,medium,none,True,medium,none,True,medium,none,True,medium,none,True,medium,none,True,medium,none,True,medium,none,True,medium,none,True,medium,none,True,medium,none,True,medium,none,True,medium,none,True,medium,none,False,low,occlusion,False,low,occlusion,False,low,occlusion,True,medium,none,False,low,occlusion,False,low,occlusion,False,low,occlusion,True,medium,none,True,medium,none,True,medium,none,True,medium,none,True,medium,none,True,medium,none
KVAL0011,253,254,1,True,medium,none,True,medium,none,True,medium,none,True,medium,none,True,medium,none,True,medium,none,True,medium,none,True,medium,none,True,medium,none,True,medium,none,True,medium,none,True,medium,none,True,medium,none,True,medium,none,True,medium,none,True,medium,none,True,medium,none,True,medium,none,True,medium,none,False,low,occlusion,False,low,occlusion,False,low,occlusion,True,medium,none,False,low,occlusion,False,low,occlusion,False,low,occlusion,True,medium,none,True,medium,none,True,medium,none,True,medium,none,True,medium,none,True,medium,none
KVAL0011,254,255,1,True,medium,none,True,medium,none,True,medium,none,True,medium,none,True,medium,none,True,medium,none,True,medium,none,True,medium,none,True,medium,none,False,low,occlusion,True,medium,none,True,medium,none,True,medium,none,True,medium,none,True,medium,none,True,medium,none,True,medium,none,True,medium,none,True,medium,none,False,low,occlusion,False,low,occlusion,False,low,occlusion,True,medium,none,False,low,occlusion,False,low,occlusion,False,low,occlusion,True,medium,none,True,medium,none,True,medium,none,True,medium,none,True,medium,none,True,medium,none
KVAL0011,255,256,1,True,medium,none,True,medium,none,True,medium,none,True,medium,none,True,medium,none,True,medium,none,True,medium,none,True,medium,none,True,medium,none,False,low,occlusion,True,medium,none,True,medium,none,True,medium,none,True,medium,none,True,medium,none,True,medium,none,True,medium,none,True,medium,none,True,medium,none,False,low,occlusion,False,low,occlusion,False,low,occlusion,True,medium,none,False,low,occlusion,False,low,occlusion,False,low,occlusion,True,medium,none,True,medium,none,True,medium,none,True,medium,none,True,medium,none,True,medium,none
KVAL0011,256,257,1,True,medium,none,True,medium,none,True,medium,none,True,medium,none,True,medium,none,True,medium,none,True,medium,none,True,medium,none,True,medium,none,False,low,occlusion,True,medium,none,True,medium,none,True,medium,none,True,medium,none,True,medium,none,True,medium,none,True,medium,none,True,medium,none,True,medium,none,False,low,occlusion,False,low,occlusion,False,low,occlusion,True,medium,none,False,low,occlusion,False,low,occlusion,False,low,occlusion,True,medium,none,True,medium,none,True,medium,none,True,medium,none,True,medium,none,True,medium,none
KVAL0011,257,258,1,True,medium,none,True,medium,none,True,medium,none,True,medium,none,True,medium,none,True,medium,none,True,medium,none,True,medium,none,True,medium,none,False,low,occlusion,True,medium,none,True,medium,none,True,medium,none,True,medium,none,True,medium,none,True,medium,none,True,medium,none,True,medium,none,True,medium,none,False,low,occlusion,False,low,occlusion,False,low,occlusion,True,medium,none,False,low,occlusion,False,low,occlusion,False,low,occlusion,True,medium,none,True,medium,none,True,medium,none,True,medium,none,True,medium,none,True,medium,none
KVAL0011,258,259,1,True,medium,none,True,medium,none,True,medium,none,True,medium,none,True,medium,none,True,medium,none,True,medium,none,True,medium,none,True,medium,none,False,low,occlusion,True,medium,none,True,medium,none,True,medium,none,True,medium,none,True,medium,none,True,medium,none,True,medium,none,True,medium,none,True,medium,none,False,low,occlusion,False,low,occlusion,False,low,occlusion,True,medium,none,False,low,occlusion,False,low,occlusion,False,low,occlusion,True,medium,none,True,medium,none,True,medium,none,True,medium,none,True,medium,none,True,medium,none
KVAL0011,259,260,1,True,medium,none,True,medium,none,True,medium,none,True,medium,none,True,medium,none,True,medium,none,True,medium,none,True,medium,none,True,medium,none,False,low,occlusion,True,medium,none,True,medium,none,True,medium,none,True,medium,none,True,medium,none,True,medium,none,True,medium,none,True,medium,none,True,medium,none,False,low,occlusion,False,low,occlusion,False,low,occlusion,True,medium,none,False,low,occlusion,False,low,occlusion,False,low,occlusion,True,medium,none,True,medium,none,True,medium,none,True,medium,none,True,medium,none,True,medium,none
KVAL0011,260,261,1,True,medium,none,True,medium,none,True,medium,none,True,medium,none,True,medium,none,True,medium,none,True,medium,none,True,medium,none,True,medium,none,False,low,occlusion,True,medium,none,True,medium,none,True,medium,none,True,medium,none,True,medium,none,True,medium,none,True,medium,none,True,medium,none,True,medium,none,False,low,occlusion,False,low,occlusion,False,low,occlusion,True,medium,none,False,low,occlusion,False,low,occlusion,False,low,occlusion,True,medium,none,True,medium,none,True,medium,none,True,medium,none,True,medium,none,True,medium,none
KVAL0011,261,262,1,True,medium,none,True,medium,none,True,medium,none,True,medium,none,True,medium,none,True,medium,none,True,medium,none,True,medium,none,False,low,occlusion,False,low,occlusion,True,medium,none,True,medium,none,True,medium,none,True,medium,none,True,medium,none,True,medium,none,True,medium,none,True,medium,none,True,medium,none,False,low,occlusion,False,low,occlusion,False,low,occlusion,True,medium,none,False,low,occlusion,False,low,occlusion,False,low,occlusion,True,medium,none,True,medium,none,True,medium,none,True,medium,none,True,medium,none,True,medium,none
KVAL0011,262,263,1,True,medium,none,True,medium,none,True,medium,none,True,medium,none,True,medium,none,True,medium,none,True,medium,none,True,medium,none,True,medium,none,False,low,occlusion,True,medium,none,True,medium,none,True,medium,none,True,medium,none,True,medium,none,True,medium,none,True,medium,none,True,medium,none,True,medium,none,False,low,occlusion,False,low,occlusion,False,low,occlusion,True,medium,none,False,low,occlusion,False,low,occlusion,False,low,occlusion,True,medium,none,True,medium,none,True,medium,none,True,medium,none,True,medium,none,True,medium,none
KVAL0011,263,264,1,True,medium,none,True,medium,none,True,medium,none,True,medium,none,True,medium,none,True,medium,none,True,medium,none,True,medium,none,True,medium,none,False,low,occlusion,True,medium,none,True,medium,none,True,medium,none,True,medium,none,True,medium,none,True,medium,none,True,medium,none,True,medium,none,True,medium,none,False,low,occlusion,False,low,occlusion,False,low,occlusion,True,medium,none,False,low,occlusion,False,low,occlusion,False,low,occlusion,True,medium,none,True,medium,none,True,medium,none,True,medium,none,True,medium,none,True,medium,none
KVAL0011,264,265,1,True,medium,none,True,medium,none,True,medium,none,True,medium,none,True,medium,none,True,medium,none,True,medium,none,True,medium,none,True,medium,none,False,low,occlusion,True,medium,none,True,medium,none,True,medium,none,True,medium,none,True,medium,none,True,medium,none,True,medium,none,True,medium,none,True,medium,none,False,low,occlusion,False,low,occlusion,False,low,occlusion,True,medium,none,False,low,occlusion,False,low,occlusion,False,low,occlusion,True,medium,none,True,medium,none,True,medium,none,True,medium,none,True,medium,none,True,medium,none
KVAL0011,265,266,1,True,medium,none,True,medium,none,True,medium,none,True,medium,none,True,medium,none,True,medium,none,True,medium,none,True,medium,none,True,medium,none,False,low,occlusion,True,medium,none,True,medium,none,True,medium,none,True,medium,none,True,medium,none,True,medium,none,True,medium,none,True,medium,none,True,medium,none,False,low,occlusion,False,low,occlusion,False,low,occlusion,True,medium,none,False,low,occlusion,False,low,occlusion,False,low,occlusion,True,medium,none,True,medium,none,True,medium,none,True,medium,none,True,medium,none,True,medium,none
KVAL0011,266,267,1,True,medium,none,True,medium,none,True,medium,none,True,medium,none,True,medium,none,True,medium,none,True,medium,none,True,medium,none,True,medium,none,False,low,occlusion,True,medium,none,True,medium,none,True,medium,none,True,medium,none,True,medium,none,True,medium,none,True,medium,none,True,medium,none,True,medium,none,False,low,occlusion,False,low,occlusion,False,low,occlusion,True,medium,none,False,low,occlusion,False,low,occlusion,False,low,occlusion,True,medium,none,True,medium,none,True,medium,none,True,medium,none,True,medium,none,True,medium,none
KVAL0011,267,268,1,True,medium,none,True,medium,none,True,medium,none,True,medium,none,True,medium,none,True,medium,none,True,medium,none,True,medium,none,True,medium,none,False,low,occlusion,True,medium,none,True,medium,none,True,medium,none,True,medium,none,True,medium,none,True,medium,none,True,medium,none,True,medium,none,True,medium,none,False,low,occlusion,False,low,occlusion,False,low,occlusion,True,medium,none,False,low,occlusion,False,low,occlusion,False,low,occlusion,True,medium,none,True,medium,none,True,medium,none,True,medium,none,True,medium,none,True,medium,none
KVAL0011,268,269,1,True,medium,none,True,medium,none,True,medium,none,True,medium,none,True,medium,none,True,medium,none,True,medium,none,True,medium,none,True,medium,none,False,low,occlusion,True,medium,none,True,medium,none,True,medium,none,True,medium,none,True,medium,none,True,medium,none,True,medium,none,True,medium,none,True,medium,none,False,low,occlusion,False,low,occlusion,False,low,occlusion,True,medium,none,False,low,occlusion,False,low,occlusion,False,low,occlusion,True,medium,none,True,medium,none,True,medium,none,True,medium,none,True,medium,none,True,medium,none
KVAL0011,269,270,1,True,medium,none,True,medium,none,True,medium,none,True,medium,none,True,medium,none,True,medium,none,True,medium,none,True,medium,none,True,medium,none,True,medium,none,True,medium,none,True,medium,none,True,medium,none,True,medium,none,True,medium,none,True,medium,none,True,medium,none,True,medium,none,True,medium,none,False,low,occlusion,False,low,occlusion,False,low,occlusion,True,medium,none,False,low,occlusion,False,low,occlusion,False,low,occlusion,True,medium,none,True,medium,none,True,medium,none,True,medium,none,True,medium,none,True,medium,none
KVAL0011,270,271,1,True,medium,none,True,medium,none,True,medium,none,True,medium,none,True,medium,none,True,medium,none,True,medium,none,True,medium,none,True,medium,none,True,medium,none,True,medium,none,True,medium,none,True,medium,none,True,medium,none,True,medium,none,True,medium,none,True,medium,none,True,medium,none,True,medium,none,False,low,occlusion,False,low,occlusion,False,low,occlusion,True,medium,none,False,low,occlusion,False,low,occlusion,False,low,occlusion,True,medium,none,True,medium,none,True,medium,none,True,medium,none,True,medium,none,True,medium,none
KVAL0011,271,272,1,True,medium,none,True,medium,none,True,medium,none,True,medium,none,True,medium,none,True,medium,none,True,medium,none,True,medium,none,False,low,occlusion,False,low,occlusion,True,medium,none,True,medium,none,True,medium,none,True,medium,none,True,medium,none,True,medium,none,True,medium,none,True,medium,none,True,medium,none,False,low,occlusion,False,low,occlusion,False,low,occlusion,True,medium,none,False,low,occlusion,False,low,occlusion,False,low,occlusion,True,medium,none,True,medium,none,True,medium,none,True,medium,none,True,medium,none,True,medium,none
KVAL0011,272,273,1,True,medium,none,True,medium,none,True,medium,none,True,medium,none,True,medium,none,True,medium,none,True,medium,none,True,medium,none,False,low,occlusion,False,low,occlusion,False,low,occlusion,True,medium,none,True,medium,none,True,medium,none,True,medium,none,True,medium,none,True,medium,none,True,medium,none,True,medium,none,False,low,occlusion,False,low,occlusion,False,low,occlusion,True,medium,none,False,low,occlusion,False,low,occlusion,False,low,occlusion,True,medium,none,True,medium,none,True,medium,none,True,medium,none,True,medium,none,True,medium,none
KVAL0011,273,274,1,True,medium,none,True,medium,none,True,medium,none,True,medium,none,True,medium,none,True,medium,none,True,medium,none,True,medium,none,False,low,occlusion,False,low,occlusion,True,medium,none,True,medium,none,True,medium,none,True,medium,none,True,medium,none,True,medium,none,True,medium,none,True,medium,none,True,medium,none,False,low,occlusion,False,low,occlusion,False,low,occlusion,True,medium,none,False,low,occlusion,False,low,occlusion,False,low,occlusion,True,medium,none,True,medium,none,True,medium,none,True,medium,none,True,medium,none,True,medium,none
KVAL0011,274,275,1,True,medium,none,True,medium,none,True,medium,none,True,medium,none,True,medium,none,True,medium,none,True,medium,none,True,medium,none,True,medium,none,True,medium,none,True,medium,none,True,medium,none,True,medium,none,True,medium,none,True,medium,none,True,medium,none,True,medium,none,True,medium,none,True,medium,none,False,low,occlusion,False,low,occlusion,False,low,occlusion,True,medium,none,False,low,occlusion,False,low,occlusion,False,low,occlusion,True,medium,none,True,medium,none,True,medium,none,True,medium,none,True,medium,none,True,medium,none
KVAL0011,275,276,1,True,medium,none,True,medium,none,True,medium,none,True,medium,none,True,medium,none,True,medium,none,True,medium,none,True,medium,none,True,medium,none,True,medium,none,True,medium,none,True,medium,none,True,medium,none,True,medium,none,True,medium,none,True,medium,none,True,medium,none,True,medium,none,True,medium,none,False,low,occlusion,False,low,occlusion,False,low,occlusion,True,medium,none,False,low,occlusion,False,low,occlusion,False,low,occlusion,True,medium,none,True,medium,none,True,medium,none,True,medium,none,True,medium,none,True,medium,none
KVAL0011,276,277,1,True,medium,none,True,medium,none,True,medium,none,True,medium,none,True,medium,none,True,medium,none,True,medium,none,True,medium,none,True,medium,none,True,medium,none,True,medium,none,True,medium,none,True,medium,none,True,medium,none,True,medium,none,True,medium,none,True,medium,none,True,medium,none,True,medium,none,False,low,occlusion,False,low,occlusion,False,low,occlusion,True,medium,none,False,low,occlusion,False,low,occlusion,False,low,occlusion,True,medium,none,True,medium,none,True,medium,none,True,medium,none,True,medium,none,True,medium,none
KVAL0011,277,278,1,True,medium,none,True,medium,none,True,medium,none,True,medium,none,True,medium,none,True,medium,none,True,medium,none,True,medium,none,True,medium,none,True,medium,none,True,medium,none,True,medium,none,True,medium,none,True,medium,none,True,medium,none,True,medium,none,True,medium,none,True,medium,none,True,medium,none,False,low,occlusion,False,low,occlusion,False,low,occlusion,True,medium,none,False,low,occlusion,False,low,occlusion,False,low,occlusion,True,medium,none,True,medium,none,True,medium,none,True,medium,none,True,medium,none,True,medium,none
KVAL0011,278,279,1,True,medium,none,True,medium,none,True,medium,none,True,medium,none,True,medium,none,True,medium,none,True,medium,none,True,medium,none,True,medium,none,True,medium,none,True,medium,none,True,medium,none,True,medium,none,True,medium,none,True,medium,none,True,medium,none,True,medium,none,True,medium,none,True,medium,none,False,low,occlusion,False,low,occlusion,False,low,occlusion,True,medium,none,False,low,occlusion,False,low,occlusion,False,low,occlusion,True,medium,none,True,medium,none,True,medium,none,True,medium,none,True,medium,none,True,medium,none
KVAL0011,279,280,1,True,medium,none,True,medium,none,True,medium,none,True,medium,none,True,medium,none,True,medium,none,True,medium,none,True,medium,none,True,medium,none,True,medium,none,True,medium,none,True,medium,none,True,medium,none,True,medium,none,True,medium,none,True,medium,none,True,medium,none,True,medium,none,True,medium,none,False,low,occlusion,False,low,occlusion,False,low,occlusion,True,medium,none,False,low,occlusion,False,low,occlusion,False,low,occlusion,True,medium,none,True,medium,none,True,medium,none,True,medium,none,True,medium,none,True,medium,none
KVAL0011,280,281,1,True,medium,none,True,medium,none,True,medium,none,True,medium,none,True,medium,none,True,medium,none,True,medium,none,True,medium,none,True,medium,none,True,medium,none,True,medium,none,True,medium,none,True,medium,none,True,medium,none,True,medium,none,True,medium,none,True,medium,none,True,medium,none,True,medium,none,False,low,occlusion,False,low,occlusion,False,low,occlusion,True,medium,none,False,low,occlusion,False,low,occlusion,False,low,occlusion,True,medium,none,True,medium,none,True,medium,none,True,medium,none,True,medium,none,True,medium,none
KVAL0011,281,282,1,True,medium,none,True,medium,none,True,medium,none,True,medium,none,True,medium,none,True,medium,none,True,medium,none,True,medium,none,True,medium,none,True,medium,none,True,medium,none,True,medium,none,True,medium,none,True,medium,none,True,medium,none,True,medium,none,True,medium,none,True,medium,none,True,medium,none,False,low,occlusion,False,low,occlusion,False,low,occlusion,True,medium,none,False,low,occlusion,False,low,occlusion,False,low,occlusion,True,medium,none,True,medium,none,True,medium,none,True,medium,none,True,medium,none,True,medium,none
KVAL0011,282,283,1,True,medium,none,True,medium,none,True,medium,none,True,medium,none,True,medium,none,True,medium,none,True,medium,none,True,medium,none,True,medium,none,False,low,occlusion,True,medium,none,True,medium,none,True,medium,none,True,medium,none,True,medium,none,True,medium,none,True,medium,none,True,medium,none,True,medium,none,False,low,occlusion,False,low,occlusion,False,low,occlusion,True,medium,none,False,low,occlusion,False,low,occlusion,False,low,occlusion,True,medium,none,True,medium,none,True,medium,none,True,medium,none,True,medium,none,True,medium,none
KVAL0011,283,284,1,True,medium,none,True,medium,none,True,medium,none,True,medium,none,True,medium,none,True,medium,none,True,medium,none,True,medium,none,True,medium,none,True,medium,none,True,medium,none,True,medium,none,True,medium,none,True,medium,none,True,medium,none,True,medium,none,True,medium,none,True,medium,none,True,medium,none,False,low,occlusion,False,low,occlusion,False,low,occlusion,True,medium,none,False,low,occlusion,False,low,occlusion,False,low,occlusion,True,medium,none,True,medium,none,True,medium,none,True,medium,none,True,medium,none,True,medium,none
KVAL0011,284,285,1,True,medium,none,True,medium,none,True,medium,none,True,medium,none,True,medium,none,True,medium,none,True,medium,none,True,medium,none,True,medium,none,True,medium,none,True,medium,none,True,medium,none,True,medium,none,True,medium,none,True,medium,none,True,medium,none,True,medium,none,True,medium,none,True,medium,none,False,low,occlusion,False,low,occlusion,False,low,occlusion,True,medium,none,False,low,occlusion,False,low,occlusion,False,low,occlusion,True,medium,none,True,medium,none,True,medium,none,True,medium,none,True,medium,none,True,medium,none
KVAL0011,285,286,1,True,medium,none,True,medium,none,True,medium,none,True,medium,none,True,medium,none,True,medium,none,True,medium,none,True,medium,none,True,medium,none,True,medium,none,True,medium,none,True,medium,none,True,medium,none,True,medium,none,True,medium,none,True,medium,none,True,medium,none,True,medium,none,True,medium,none,False,low,occlusion,False,low,occlusion,False,low,occlusion,True,medium,none,False,low,occlusion,False,low,occlusion,False,low,occlusion,True,medium,none,True,medium,none,True,medium,none,True,medium,none,True,medium,none,True,medium,none
KVAL0011,286,287,1,True,medium,none,True,medium,none,True,medium,none,True,medium,none,True,medium,none,True,medium,none,True,medium,none,True,medium,none,True,medium,none,False,low,occlusion,True,medium,none,True,medium,none,True,medium,none,True,medium,none,True,medium,none,True,medium,none,True,medium,none,True,medium,none,True,medium,none,False,low,occlusion,False,low,occlusion,False,low,occlusion,True,medium,none,False,low,occlusion,False,low,occlusion,False,low,occlusion,True,medium,none,True,medium,none,True,medium,none,True,medium,none,True,medium,none,True,medium,none
KVAL0011,287,288,1,True,medium,none,True,medium,none,True,medium,none,True,medium,none,True,medium,none,True,medium,none,True,medium,none,True,medium,none,True,medium,none,True,medium,none,True,medium,none,True,medium,none,True,medium,none,True,medium,none,True,medium,none,True,medium,none,True,medium,none,True,medium,none,True,medium,none,False,low,occlusion,False,low,occlusion,False,low,occlusion,True,medium,none,False,low,occlusion,False,low,occlusion,False,low,occlusion,True,medium,none,True,medium,none,True,medium,none,True,medium,none,True,medium,none,True,medium,none
KVAL0011,288,289,1,True,medium,none,True,medium,none,True,medium,none,True,medium,none,True,medium,none,True,medium,none,True,medium,none,True,medium,none,False,low,occlusion,False,low,occlusion,True,medium,none,True,medium,none,True,medium,none,True,medium,none,True,medium,none,True,medium,none,True,medium,none,True,medium,none,True,medium,none,False,low,occlusion,False,low,occlusion,False,low,occlusion,True,medium,none,False,low,occlusion,False,low,occlusion,False,low,occlusion,True,medium,none,True,medium,none,True,medium,none,True,medium,none,True,medium,none,True,medium,none
KVAL0011,289,290,1,True,medium,none,True,medium,none,True,medium,none,True,medium,none,True,medium,none,True,medium,none,True,medium,none,True,medium,none,True,medium,none,True,medium,none,True,medium,none,True,medium,none,True,medium,none,True,medium,none,True,medium,none,True,medium,none,True,medium,none,True,medium,none,True,medium,none,False,low,occlusion,False,low,occlusion,False,low,occlusion,True,medium,none,False,low,occlusion,False,low,occlusion,False,low,occlusion,True,medium,none,True,medium,none,True,medium,none,True,medium,none,True,medium,none,True,medium,none
