1|1|967.478,900.913|967.064,803.401|967.86,734.902|976.027,637.117|989.259,656.716|1051.31,685.427|1120.66,809.626|1158.61,852.858|1143.83,906.578|1093.4,860.285|1085.27,861.772|959.722,648.311|904.257,640.906|822.414,712.211|885.005,738.334|918.423,735.389|953.042,731.326|974.03,752.444|1015.85,911.053|1133.37,1092.18|1090.73,1497.61|1174.75,1721.21|922.461,891.611|965.639,1060.22|926.102,1499.52|954.774,1714.98|981.454,601.372|987.735,559.083|1007.54,556.416|1029.91,591.826|983.968,546.264|961.469,558.436
2|1|973.032,933.631|975.003,826.32|977.489,752.167|987.172,638.528|1004.09,658.759|1080.48,682.427|1125.87,846.773|1103.62,913.093|1039.15,914.971|1061.27,903.442|1081.45,826.732|967.12,653.867|895.996,656.548|785.63,717.785|873.571,720.357|929.098,733.928|1001.58,733.622|946.885,745.594|1037.42,943.047|1153.5,1136.88|1091.71,1696.6|1157.01,2151.24|914.385,925.287|903.315,1018.15|855.496,1578.65|832.866,1934.61|991.452,597.134|997.166,583.179|1002.66,557.9|1024.88,551.806|974.821,568.646|939.17,576.979
3|1|972.694,933.998|974.655,826.041|977.143,751.485|986.908,637.095|1003.93,657.433|1080.6,681.859|1124.62,846.687|1097.28,908.062|1031.91,897.034|1032.24,913.904|1077.23,845.706|966.731,652.556|895.192,655.519|784.45,717.512|874.214,719.618|931.449,731.283|1005.15,728.692|942.697,742.244|1037.58,943.392|1145.18,1140.06|1089.85,1727.68|0,0|913.588,925.676|886.875,1013.14|834.898,1595.23|796.071,1964.75|991.205,595.442|979.67,569.174|995.829,549.182|1033.75,558.223|965.773,552.818|944.723,562.897
4|1|972.693,934|974.655,826.053|977.143,751.507|986.911,637.129|1003.94,657.466|1080.59,681.894|1124.57,846.751|1097.21,908.057|1031.83,897.063|1032.02,913.976|1077.15,845.746|966.734,652.588|895.2,655.546|784.468,717.513|874.252,719.589|931.53,731.237|1005.31,728.544|942.764,742.191|1037.58,943.396|1145.11,1140|1089.84,1727.75|0,0|913.589,925.678|886.788,1013.03|834.765,1595.22|795.83,1964.69|991.209,595.481|979.677,569.238|995.835,549.242|1033.75,558.266|965.781,552.876|944.73,562.937
5|1|972.693,934.003|974.658,826.081|977.146,751.559|986.918,637.207|1003.94,657.542|1080.58,681.993|1124.51,846.785|1097.21,908.392|1031.81,897.709|1031.77,914.484|1076.88,846.3|966.743,652.66|895.222,655.608|784.546,717.539|874.437,719.548|931.851,731.157|1005.83,728.221|943.047,742.095|1037.57,943.403|1144.97,1139.86|1089.84,1727.87|0,0|913.596,925.677|886.618,1012.77|834.482,1595.18|795.321,1964.49|991.218,595.569|979.709,569.384|995.862,549.378|1033.76,558.369|965.811,553.008|944.747,563.022
6|1|972.693,934.003|974.658,826.081|977.146,751.559|986.918,637.207|1003.94,657.542|1080.58,681.993|1124.51,846.785|1097.21,908.392|1031.81,897.709|1031.77,914.484|1076.88,846.3|966.743,652.66|895.222,655.608|784.546,717.539|874.437,719.548|931.851,731.157|1005.83,728.221|943.047,742.095|1037.57,943.403|1144.97,1139.86|1089.84,1727.87|0,0|913.596,925.677|886.618,1012.77|834.482,1595.18|795.321,1964.49|991.218,595.569|979.709,569.384|995.862,549.378|1033.76,558.369|965.811,553.008|944.747,563.022
7|1|972.693,934.003|974.658,826.081|977.146,751.559|986.918,637.207|1003.94,657.542|1080.58,681.993|1124.51,846.785|1097.21,908.392|1031.81,897.709|1031.77,914.484|1076.88,846.3|966.743,652.66|895.222,655.608|784.546,717.539|874.437,719.548|931.851,731.157|1005.83,728.221|943.047,742.095|1037.57,943.403|1144.97,1139.86|1089.84,1727.87|0,0|913.596,925.677|886.618,1012.77|834.482,1595.18|795.321,1964.49|991.218,595.569|979.709,569.384|995.862,549.378|1033.76,558.369|965.811,553.008|944.747,563.022
8|1|972.693,934.003|974.658,826.081|977.146,751.559|986.918,637.207|1003.94,657.542|1080.58,681.993|1124.51,846.785|1097.21,908.392|1031.81,897.709|1031.77,914.484|1076.88,846.3|966.743,652.66|895.222,655.608|784.546,717.539|874.437,719.548|931.851,731.157|1005.83,728.221|943.047,742.095|1037.57,943.403|1144.97,1139.86|1089.84,1727.87|0,0|913.596,925.677|886.618,1012.77|834.482,1595.18|795.321,1964.49|991.218,595.569|979.709,569.384|995.862,549.378|1033.76,558.369|965.811,553.008|944.747,563.022
9|1|972.693,934.003|974.658,826.081|977.146,751.559|986.918,637.207|1003.94,657.542|1080.58,681.993|1124.51,846.785|1097.21,908.392|1031.81,897.709|1031.77,914.484|1076.88,846.3|966.743,652.66|895.222,655.608|784.546,717.539|874.437,719.548|931.851,731.157|1005.83,728.221|943.047,742.095|1037.57,943.403|1144.97,1139.86|1089.84,1727.87|0,0|913.596,925.677|886.618,1012.77|834.482,1595.18|795.321,1964.49|991.218,595.569|979.709,569.384|995.862,549.378|1033.76,558.369|965.811,553.008|944.747,563.022
10|1|972.693,934.003|974.658,826.081|977.146,751.559|986.918,637.207|1003.94,657.542|1080.58,681.993|1124.51,846.785|1097.21,908.392|1031.81,897.709|1031.77,914.484|1076.88,846.3|966.743,652.66|895.222,655.608|784.546,717.539|874.437,719.548|931.851,731.157|1005.83,728.221|943.047,742.095|1037.57,943.403|1144.97,1139.86|1089.84,1727.87|0,0|913.596,925.677|886.618,1012.77|834.482,1595.18|795.321,1964.49|991.218,595.569|979.709,569.384|995.862,549.378|1033.76,558.369|965.811,553.008|944.747,563.022
11|1|972.693,934.003|974.658,826.081|977.146,751.559|986.918,637.207|1003.94,657.542|1080.58,681.993|1124.51,846.785|1097.21,908.392|1031.81,897.709|1031.77,914.484|1076.88,846.3|966.743,652.66|895.222,655.608|784.546,717.539|874.437,719.548|931.851,731.157|1005.83,728.221|943.047,742.095|1037.57,943.403|1144.97,1139.86|1089.84,1727.87|0,0|913.596,925.677|886.618,1012.77|834.482,1595.18|795.321,1964.49|991.218,595.569|979.709,569.384|995.862,549.378|1033.76,558.369|965.811,553.008|944.747,563.022
12|1|972.693,934.003|974.658,826.081|977.146,751.559|986.918,637.207|1003.94,657.542|1080.58,681.993|1124.51,846.785|1097.21,908.392|1031.81,897.709|1031.77,914.484|1076.88,846.3|966.743,652.66|895.222,655.608|784.546,717.539|874.437,719.548|931.851,731.157|1005.83,728.221|943.047,742.095|1037.57,943.403|1144.97,1139.86|1089.84,1727.87|0,0|913.596,925.677|886.618,1012.77|834.482,1595.18|795.321,1964.49|991.218,595.569|979.709,569.384|995.862,549.378|1033.76,558.369|965.811,553.008|944.747,563.022
13|1|972.693,934.003|974.658,826.081|977.146,751.559|986.918,637.207|1003.94,657.542|1080.58,681.993|1124.51,846.785|1097.21,908.392|1031.81,897.709|1031.77,914.484|1076.88,846.3|966.743,652.66|895.222,655.608|784.546,717.539|874.437,719.548|931.851,731.157|1005.83,728.221|943.047,742.095|1037.57,943.403|1144.97,1139.86|1089.84,1727.87|0,0|913.596,925.677|886.618,1012.77|834.482,1595.18|795.321,1964.49|991.218,595.569|979.709,569.384|995.862,549.378|1033.76,558.369|965.811,553.008|944.747,563.022
14|1|972.693,934.003|974.658,826.081|977.146,751.559|986.918,637.207|1003.94,657.542|1080.58,681.993|1124.51,846.785|1097.21,908.392|1031.81,897.709|1031.77,914.484|1076.88,846.3|966.743,652.66|895.222,655.608|784.546,717.539|874.437,719.548|931.851,731.157|1005.83,728.221|943.047,742.095|1037.57,943.403|1144.97,1139.86|1089.84,1727.87|0,0|913.596,925.677|886.618,1012.77|834.482,1595.18|795.321,1964.49|991.218,595.569|979.709,569.384|995.862,549.378|1033.76,558.369|965.811,553.008|944.747,563.022
15|1|972.693,934.003|974.658,826.081|977.146,751.559|986.918,637.207|1003.94,657.542|1080.58,681.993|1124.51,846.785|1097.21,908.392|1031.81,897.709|1031.77,914.484|1076.88,846.3|966.743,652.66|895.222,655.608|784.546,717.539|874.437,719.548|931.851,731.157|1005.83,728.221|943.047,742.095|1037.57,943.403|1144.97,1139.86|1089.84,1727.87|0,0|913.596,925.677|886.618,1012.77|834.482,1595.18|795.321,1964.49|991.218,595.569|979.709,569.384|995.862,549.378|1033.76,558.369|965.811,553.008|944.747,563.022
16|1|972.693,934.003|974.658,826.081|977.146,751.559|986.918,637.207|1003.94,657.542|1080.58,681.993|1124.51,846.785|1097.21,908.392|1031.81,897.709|1031.77,914.484|1076.88,846.3|966.743,652.66|895.222,655.608|784.546,717.539|874.437,719.548|931.851,731.157|1005.83,728.221|943.047,742.095|1037.57,943.403|1144.97,1139.86|1089.84,1727.87|0,0|913.596,925.677|886.618,1012.77|834.482,1595.18|795.321,1964.49|991.218,595.569|979.709,569.384|995.862,549.378|1033.76,558.369|965.811,553.008|944.747,563.022
17|1|972.693,934.003|974.658,826.081|977.146,751.559|986.918,637.207|1003.94,657.542|1080.58,681.993|1124.51,846.785|1097.21,908.392|1031.81,897.709|1031.77,914.484|1076.88,846.3|966.743,652.66|895.222,655.608|784.546,717.539|874.437,719.548|931.851,731.157|1005.83,728.221|943.047,742.095|1037.57,943.403|1144.97,1139.86|1089.84,1727.87|0,0|913.596,925.677|886.618,1012.77|834.482,1595.18|795.321,1964.49|991.218,595.569|979.709,569.384|995.862,549.378|1033.76,558.369|965.811,553.008|944.747,563.022
18|1|972.693,934.003|974.658,826.081|977.146,751.559|986.918,637.207|1003.94,657.542|1080.58,681.993|1124.51,846.785|1097.21,908.392|1031.81,897.709|1031.77,914.484|1076.88,846.3|966.743,652.66|895.222,655.608|784.546,717.539|874.437,719.548|931.851,731.157|1005.83,728.221|943.047,742.095|1037.57,943.403|1144.97,1139.86|1089.84,1727.87|0,0|913.596,925.677|886.618,1012.77|834.482,1595.18|795.321,1964.49|991.218,595.569|979.709,569.384|995.862,549.378|1033.76,558.369|965.811,553.008|944.747,563.022
19|1|972.577,934.011|974.562,826.236|977.053,751.839|986.916,637.642|1003.91,657.968|1080.41,682.628|1123.32,847.403|1095.19,908.649|1029.66,898.811|1025.86,915.743|1074.22,848.573|966.745,653.053|895.286,655.906|784.73,717.448|874.942,719.236|932.872,730.784|1007.78,726.819|943.724,741.709|1037.41,943.424|1143.95,1139.13|1089.46,1728.39|0,0|913.521,925.672|885.492,1011.43|832.761,1594.81|792.321,1963.09|991.248,596.059|979.863,570.323|995.873,550.177|1033.62,558.756|965.856,553.916|944.673,563.702
20|1|972.577,934.011|974.562,826.237|977.053,751.84|986.916,637.643|1003.91,657.969|1080.41,682.629|1123.32,847.404|1095.19,908.652|1029.66,898.817|1025.86,915.748|1074.22,848.578|966.745,653.054|895.287,655.907|784.73,717.448|874.943,719.235|932.874,730.783|1007.79,726.817|943.725,741.708|1037.41,943.424|1143.95,1139.13|1089.46,1728.39|0,0|913.521,925.672|885.49,1011.42|832.759,1594.81|792.317,1963.09|991.248,596.059|979.863,570.324|995.873,550.178|1033.62,558.757|965.856,553.917|944.673,563.703
21|1|972.576,934.01|974.562,826.237|977.052,751.84|986.916,637.644|1003.91,657.969|1080.41,682.63|1123.32,847.406|1095.19,908.652|1029.66,898.818|1025.84,915.751|1074.21,848.583|966.745,653.055|895.287,655.907|784.731,717.447|874.944,719.234|932.877,730.781|1007.79,726.812|943.727,741.706|1037.41,943.423|1143.95,1139.12|1089.46,1728.39|0,0|913.521,925.672|885.487,1011.42|832.755,1594.81|792.31,1963.09|991.248,596.06|979.863,570.325|995.874,550.18|1033.62,558.759|965.857,553.917|944.674,563.703
22|1|972.576,934.01|974.562,826.237|977.052,751.84|986.916,637.644|1003.91,657.969|1080.41,682.63|1123.32,847.406|1095.19,908.652|1029.66,898.818|1025.84,915.751|1074.21,848.583|966.745,653.055|895.287,655.907|784.731,717.447|874.944,719.234|932.877,730.781|1007.79,726.812|943.727,741.706|1037.41,943.423|1143.95,1139.12|1089.46,1728.39|0,0|913.521,925.672|885.487,1011.42|832.755,1594.81|792.31,1963.09|991.248,596.06|979.863,570.325|995.874,550.18|1033.62,558.759|965.857,553.917|944.674,563.703
23|1|971.764,934.041|973.922,826.336|976.504,752.07|986.879,638.017|1003.8,658.386|1079.99,683.806|1119.44,848.751|1084.27,902.607|1018.37,893.15|1004.88,913.264|1063.12,854.791|966.626,653.331|895.131,655.891|784.242,715.128|874.913,716.232|933.301,725.77|1006.89,721.371|943.101,738.484|1036.7,943.535|1138.15,1141.39|1084.01,1740.07|0,0|912.623,925.631|878.637,1008.54|822.357,1598.89|775.341,1968.26|991.379,596.485|980.083,571.782|995.724,551.193|1033.3,558.674|965.732,555.328|944.321,564.715
24|1|969.784,934.822|972.757,826.904|975.866,752.519|987.626,637.31|1004.5,657.961|1080.63,684.577|1119.75,846.648|1071.19,898.676|1006.16,886.454|1000.24,904.629|1053.68,859.723|967.004,652.701|894.822,655.271|781.647,711.946|872.998,713.576|934.411,719.619|1007.86,714.815|942.397,736.745|1035.63,944.567|1123.78,1159.26|1064.76,1786.41|0,0|909.893,926.201|864.662,1007.32|799.344,1614.69|740.889,1998.11|992.534,595.387|976.932,571.187|996.797,552.002|1038.61,562.81|966.419,552.497|949.745,557.801
25|1|952.495,924.873|965.661,824.824|974.199,759.8|988.887,639.638|1005.56,661.206|1081.23,687.413|1121.72,849.265|1059.16,912.497|1002.02,891.522|1009.29,899.285|1036.75,855.429|967.592,655.819|896.324,658.279|779.943,710.828|870.081,714.741|934.097,711.006|1000.57,712.204|950.18,735.279|1021,933.64|1089.56,1111.38|1023.33,1764.75|0,0|891.324,917.303|790.443,979.103|721.917,1598.94|621.499,2009.24|994.619,596.057|976.441,570.518|999.084,552.662|1043.5,566.919|968.487,550.675|954.8,554.499
26|1|946.291,924.72|961.456,827.5|971.306,763.417|987.456,639.118|1003.97,661.48|1078.38,689.106|1122.62,846.349|1049.08,914.768|999.911,895.644|993.312,889.186|1013.66,844.041|965.841,656.101|895.502,660.044|777.499,712.234|867.642,714.96|933.236,704.371|1001.3,699.642|951.718,730.157|1014.28,933.222|1068.38,1039.09|1000.88,1661.48|0,0|885.726,917.402|736.229,895.719|671.325,1464.18|554.612,1786.43|993.648,594.084|975.861,572.772|998.516,553.607|1043.04,564.957|967.411,551.586|952.92,552.042
27|1|946.187,924.457|961.31,827.328|971.131,763.334|987.186,639.102|1003.71,661.44|1078.16,689.023|1122.26,845.983|1049.14,914.645|999.842,895.844|993.599,889.366|1012.33,843.586|965.592,656.084|895.298,659.979|777.418,711.52|868.149,713.787|934.283,702.874|1003.41,696.733|952.875,727.976|1014.16,932.916|1067.62,1036.92|1000.55,1659.54|0,0|885.631,917.175|733.014,894.646|666.219,1462.17|545.681,1782.28|993.347,594.092|975.868,572.901|997.192,552.756|1041.26,562.291|965.977,552.407|950.399,554.306
28|1|946.184,924.389|961.302,827.277|971.12,763.302|987.172,639.088|1003.69,661.423|1078.14,688.997|1122.22,845.969|1049.13,914.597|999.802,895.818|993.615,889.356|1012.19,843.515|965.579,656.066|895.296,659.926|777.445,711.197|868.376,713.336|934.662,702.329|1004.06,695.836|953.277,727.262|1014.16,932.848|1067.53,1036.51|1000.5,1659.23|0,0|885.626,917.108|732.845,893.505|663.978,1461.33|541.665,1780.33|993.333,594.084|975.929,572.809|997.006,552.52|1040.97,561.802|965.782,552.472|950.004,554.715
29|1|946.374,923.954|961.44,826.844|971.222,762.934|987.332,638.774|1003.84,661.119|1078.32,688.773|1121.85,845.984|1049.1,915.123|999.886,896.509|993.432,889.747|1011.99,843.761|965.729,655.718|895.487,659.23|777.656,708.364|869.935,710.027|937.376,698.917|1008.74,690.485|955.61,723.097|1014.39,932.437|1067.26,1033.89|1000.43,1657.72|0,0|885.776,916.651|734.545,892.752|664.585,1461.56|542.429,1781|993.527,593.788|976.653,572.243|995.787,550.825|1038.9,557.937|964.565,553.08|947.348,557.716
30|1|956.777,934.439|966.956,831.651|973.474,765.77|987.145,633.816|1004.88,656.975|1082.56,688.093|1121.53,850.35|1046.42,952.442|1005.27,925.168|1000.17,877.342|1015.95,856.152|965.094,652.788|893.774,657.472|766.242,702.732|872.125,695.081|949.284,679.865|1001.87,681.829|964.855,707.609|1027.29,938.813|1082.64,958.544|1046.2,1579.87|1052.59,2073.08|893.893,930.811|739.458,878.706|698.86,1459.08|576.028,1803.26|992.302,585.983|974.016,573.081|995.805,549.525|1041.91,552.73|962.788,549.674|945.976,545.219
31|1|956.777,934.44|966.956,831.654|973.473,765.775|987.145,633.824|1004.88,656.982|1082.56,688.099|1121.53,850.364|1046.41,952.446|1005.26,925.163|1000.17,877.345|1015.95,856.155|965.094,652.795|893.775,657.475|766.244,702.713|872.132,695.052|949.295,679.823|1001.93,681.758|964.867,707.552|1027.29,938.814|1082.65,958.499|1046.24,1579.83|1052.66,2073.02|893.893,930.812|739.47,878.707|698.89,1459.07|576.085,1803.24|992.302,585.992|974.022,573.107|995.79,549.535|1041.89,552.703|962.773,549.708|945.946,545.263
32|1|968.339,944.723|975.554,838.516|980.213,765.579|992.126,636.81|1009.68,659.223|1086.05,687.116|1125.73,862.345|1061.9,967.586|995.053,948.07|992.188,927.674|1024.35,885.746|970.81,655.495|899.862,663.124|807.977,758.276|888.422,751.79|950.697,701.458|986.527,670.045|964.388,707.826|1036.1,948.489|1106.16,970.123|1075.56,1553.27|1111.49,1960.94|907.82,941.61|772.888,918.146|730.386,1479.41|612.016,1781.74|996.666,590.11|977.833,573.041|994.061,548.148|1037.89,547.908|962.611,554.644|944.848,559.813
33|1|973.72,965.348|976.286,848.388|978.06,766.029|989.359,635.882|1007.04,658.576|1085.79,688.062|1129.28,862.139|1074.55,937.419|1004.7,949.637|996.196,949.947|1027.89,890.136|968.006,655.006|896.073,660.284|761.437,703.111|855.9,692.06|935.521,680.552|1008.46,670.177|937.568,667.54|1039.52,967.638|1101.12,997.572|1087.84,1554.96|1135.16,1916.13|914.634,963.532|801.88,962.774|784.556,1496.78|690.606,1777.26|993.993,588.638|972.006,565.492|991.081,542.546|1038.12,548.415|959.121,546.999|944.32,554.547
34|1|976.975,962.47|976.202,845.001|976.387,760.466|991.166,633.3|1007.81,656.046|1085.04,690.128|1128.97,859.352|1076.41,918.867|1013.49,948.055|997.791,952.395|1027.64,890.074|969.485,651.982|899.455,661.217|760.526,696.207|860.929,683.656|938.545,662.91|1003.17,640.297|942.114,659.995|1039.12,964.325|1108.42,1004.95|1098.97,1504.43|1159.58,1807.43|920.712,961.008|836.644,981.675|835.492,1459.96|780.964,1715.53|997.77,587.004|981.842,573.943|993.345,546.163|1033.61,538.661|962.43,557.348|940.919,564.22
35|1|977.324,969.339|976.412,849.618|976.418,762.024|988.426,634.742|1005.72,657.084|1083.61,690.535|1131.49,859.648|1076.08,924.956|1010.8,948.248|997.329,951.615|1027.62,890.153|967.027,653.993|895.086,665.103|758.465,694.455|861.538,680.309|936.231,654.784|1008.88,659.002|937.527,663.887|1038.6,970.326|1110.21,1023.05|1096.76,1492.1|1152.82,1779.73|921.946,968.659|851.593,1001.96|859.215,1443.35|814.768,1686.56|993.848,588.35|979.073,570.984|994.959,545.509|1036.79,545.481|962.512,551.955|940.811,557.016
36|1|967.283,968.36|971.842,850.38|976.363,763.735|990.606,640.909|1007.4,662.687|1085.44,694.011|1131.61,860.272|1061.45,930.853|1000.05,952.219|996.654,954.247|1016.37,885.544|968.866,659.698|895.913,672.179|756.244,695.131|859.65,675.807|926.058,644.989|1007.28,658.58|940.81,667.574|1024.03,971.585|1085.41,1050.87|1055.99,1449.59|1112.5,1674.05|916.051,965.629|872.815,1036.39|866.632,1410.41|828.297,1611.35|997.118,596.142|978.929,569.492|994.339,545.445|1038.05,550.079|962.133,553.506|942.57,567.171
37|1|961.979,956.109|970.63,841.668|976.615,761.803|989.762,639.63|1007.12,661.265|1085.88,691.958|1126.93,860.479|1028.64,930.972|972.658,939.496|994.526,949.635|985.958,873.943|967.86,658.55|891.769,669.809|754.69,691.929|863.342,675.043|931.812,636.404|1006.91,640.738|945.821,668.183|1016.73,961.43|1064.64,1078.23|1021.45,1410.71|1062.01,1619.24|912.837,951.5|877.947,1065.76|868.916,1380.29|828.621,1567.18|995.656,595.026|972.074,569.116|990.901,545.073|1039.74,551.051|957.86,551.17|942.705,561.93
38|1|962.321,957.631|970.491,842.477|976.264,761.305|988.703,638.19|1006.22,659.841|1085.64,689.471|1126.28,857.72|1018.17,943.829|967.026,946.022|1004.91,942.796|984.922,870.929|966.872,657.37|890.617,667.719|754.543,688.04|865.419,671.467|927.494,627.786|1008.85,639.618|947.452,663.973|1017.39,962.666|1062.43,1105.21|1018.65,1397.35|1044.74,1614.29|912.874,953.279|877.24,1098.59|874.602,1385.53|843.703,1581.18|994.37,593.225|967.786,569.126|986.508,544.273|1037.1,548.172|953.706,551.207|940.716,561.388
39|1|964.772,961.234|971.669,844.844|976.601,761.953|988.067,637.17|1005.85,658.971|1085.87,687.29|1128.92,858.161|1035.92,952.919|969.832,949.535|1010.24,952.293|984.458,873.299|966.311,656.672|889.502,666.31|753.638,686.055|868.874,667.82|926.367,622.389|1004.02,624.314|949.203,655.096|1020.39,965.597|1062.83,1133.23|1022.78,1412.78|1042.52,1633.26|914.819,957.487|873.399,1130.56|877.414,1401.96|848.298,1599.06|993.33,591.579|971.049,573.207|989.43,547.203|1037.55,548.024|956.082,553.336|939.59,558.371
40|1|964.751,961.582|971.809,844.814|976.87,761.525|988.832,636.224|1006.57,658.196|1086.76,686.999|1129.65,858.474|1038.54,955.513|972.072,954.33|1010.84,952.132|985.652,875.487|966.963,655.703|890.004,664.911|754.573,683.762|871.164,663.12|926.998,616.104|1008.66,624.731|948.632,652.317|1020.55,966.043|1064.86,1148.66|1023.27,1423.77|1041.08,1645.4|914.636,957.749|872.059,1146.01|875.861,1410.03|848.42,1607.1|994.28,590.437|972.124,572.884|992.309,547.566|1041.1,549.946|958.617,551.56|942.64,553.846
41|1|964.287,965.476|971.457,848.808|975.425,764.296|986.521,637.714|1004.65,660.001|1086.23,688.638|1131.81,861.621|1054.85,970.548|986.675,963.244|1012.5,948.526|993.834,888.542|964.654,657.26|886.116,663.643|762.589,678.797|872.393,660.352|920.989,594.156|1003.07,593.147|949.179,642.272|1020.23,970.705|1055,1189.49|1014.38,1464.72|1026.27,1690.5|914.356,960.981|860.156,1169.96|866.231,1426.64|831.268,1620.21|991.214,591.443|973.406,572.381|994.066,547.944|1040.45,552.817|959.882,550.474|940.79,552.453
42|1|962.428,969.601|969.881,852.075|973.767,766.767|985.389,638.63|1003.6,661.262|1085.75,690.882|1137.53,862.989|1075.85,977.768|1006.57,969.559|1013.14,947.445|1003.59,899.162|963.285,658.29|884.045,664.382|759.387,679.515|871.343,655.173|918.202,588.146|990.78,605.334|950.303,639.224|1018.79,975.252|1047.1,1226.86|1006.66,1499.82|1012.9,1731.08|912.212,964.743|845.495,1199.27|854.042,1445.65|815.89,1637.61|990.228,591.803|977.842,571.224|995.3,545.739|1037.39,549.074|960.971,550.849|936.443,556.426
43|1|947.281,960.956|962.157,846.409|971.273,762.029|986.732,634.795|1004.28,657.897|1085.39,690.385|1137.55,862.096|1087.15,981.422|1017.54,976.709|1013.46,956.292|1010.48,906.338|964.004,653.766|884.469,658.171|759.035,671.971|871.91,648.783|920.843,588.606|1000.98,607.7|947.014,633.282|1002.54,971.38|1023.94,1248.48|973.392,1512.23|971.411,1739.83|898.312,951.887|825.563,1212.42|821.93,1448.49|776.883,1632.32|993.043,588.25|972.637,569.668|993.471,544.501|1041.81,548.327|959.05,547.711|941.479,549.834
44|1|946.71,958.702|961.565,844.73|970.705,760.729|986.487,633.783|1003.91,656.878|1084.53,690.248|1142.04,863.878|1084.76,973.51|1012.67,986.552|1022.86,989.46|1020.33,917.507|963.773,652.654|884.481,656.513|760.65,670.093|875.174,643.873|921.89,584.828|1000.47,577.246|945.316,628.701|1001.75,969.079|1013.28,1253.46|964.462,1513.25|954.369,1737.61|897.914,949.671|813.213,1220.68|810.972,1451.31|764.135,1630.62|992.927,587.339|981.352,575.425|1000.34,548.914|1042.61,548.353|965.623,552.028|941.007,549.114
45|1|934.87,949.853|954.148,840.112|966.898,758.715|984.316,632.349|1001.26,655.505|1080.76,688.801|1146.38,856.681|1098.3,959.886|1028.4,982.722|1026.56,998.582|1026.98,922.104|961.512,650.915|882.811,654.126|763.896,663.411|870.569,630.706|923.621,565.904|980.964,605.099|953.904,617.985|988.448,962.764|995.428,1256.88|941.591,1504.76|929.903,1717.88|887.356,938.568|804.283,1220.01|790.841,1446.14|741.895,1617.97|991.501,586.144|986.975,567.61|1007.07,544.542|1044.77,551.926|972.555,544.216|944.144,543.176
46|1|934.874,949.816|954.151,840.088|966.904,758.693|984.343,632.343|1001.27,655.499|1080.73,688.816|1146.27,856.646|1098.23,959.714|1028.34,982.528|1026.46,998.434|1026.91,921.983|961.543,650.9|882.874,654.044|764.11,662.86|871.007,630.125|923.826,565.219|981.593,604.192|954.32,617.118|988.442,962.724|994.415,1257.28|940.505,1502.17|928.02,1714.14|887.37,938.533|803.402,1220.06|790.538,1444.1|741.311,1615.23|991.534,586.145|985.632,568.879|1005.49,545.167|1044.04,551.008|970.976,545.528|943.335,544.168
47|1|932.774,947.744|952.676,838.627|965.868,757.584|983.796,631.574|1000.59,654.803|1079.63,688.899|1145.45,856.357|1096.39,954.678|1028.04,981.383|1027.19,1000.26|1026.42,921.746|961.001,649.93|882.558,653.258|761.622,660.494|874.165,625.374|923.183,565.619|979.563,566.501|947.938,615.439|986.045,961.029|982.387,1262.79|929.081,1496.8|911.372,1702.54|885.549,936.129|794.085,1220.08|780.726,1438.28|731.003,1605.58|991.062,585.488|992.837,565.68|1011.41,543.089|1044.4,551.433|977.187,542.659|944.121,542.554
48|1|929.504,941.633|951.078,834.332|965.806,753.85|985.703,628.128|1002.15,651.623|1080,688.543|1139.3,858.091|1092.45,952.779|1024.19,981.375|1029.33,1004.09|1027.43,922.29|962.599,646.146|884.142,650.418|762.879,654.936|873.244,619.24|919.742,565.796|1002.29,567.293|945.144,596.411|982.249,956.128|968.826,1264.4|915.337,1493.49|894.527,1693.43|882.786,928.955|786.389,1215.3|770.026,1429.28|717.741,1591.21|993.735,582.113|993.371,564.884|1011.82,541.158|1046.29,546.837|977.447,541.659|945.557,540.441
49|1|930.56,940.541|951.483,833.67|965.984,752.288|987.176,626.595|1003.54,650.35|1082.35,686.768|1133.97,858.729|1093.09,966.534|1047.64,986.064|1029.08,993.42|1017.8,911.648|963.724,644.424|884.606,646.539|762.63,650.164|871.361,615.277|922.481,562.204|1008.23,571.544|943.768,597.243|983.285,955.547|957.37,1269.32|907.141,1488.64|880.848,1683.32|884.005,927.451|778.236,1212.69|765.579,1416.68|711.193,1574.27|995.649,580.543|993.789,562.597|1012.24,538.417|1047.97,543.903|977.517,539.568|946.225,539.386
50|1|931.465,939.182|951.377,834.177|965.48,753.405|986.668,628.954|1002.89,652.496|1081.5,687.713|1133.97,857.65|1103.16,967.608|1053.86,983.606|1028.79,993.963|1020.8,914.38|963.349,646.61|884.697,646.572|761.489,647.07|866.909,612.974|913.95,547.845|977.47,553.918|936.732,585.035|983.598,954.024|951.979,1265.09|904.899,1475.19|875.827,1661.46|885.457,926.24|778.261,1207.38|767.626,1399.14|713.754,1551.25|995.159,583.39|991.037,584.596|1004.72,553.917|1040.28,540.252|970.785,561.422|939.307,553.141
51|1|928.668,938.525|949.717,833.917|965.042,752.862|986.661,627.43|1002.97,651.152|1082.18,686.567|1134,858.515|1107.03,972.421|1055.21,987.03|1028.14,992.859|1022.84,916.17|963.086,645.247|883.669,645.189|762.703,640.647|866.759,600.817|919.961,539.472|996.468,554.162|941.832,591.788|980.965,954.084|948.088,1268.19|900.575,1469.03|871.336,1652.48|882.495,924.946|774.875,1208.48|763.955,1393.3|710.728,1544.19|995.411,581.492|988.078,583.594|1005.81,554.086|1045.23,543.423|970.854,557.823|942.505,545.014
52|1|928.672,936.568|949.948,832.551|965.399,751.976|987.186,627.132|1003.42,650.831|1082.46,686.362|1132.87,857.596|1102.97,969.155|1054.89,983.804|1027.16,991.185|1019.35,914.162|963.637,644.801|884.428,644.442|762.22,637.158|864.522,599.677|916.921,540.542|994.964,553.79|946.275,583.95|980.688,952.315|933.094,1261.61|895.016,1445.92|860.367,1622.48|882.762,922.826|706.867,1156.19|716.086,1345.93|650.011,1489.75|995.939,581.396|985.028,579.728|1005.17,552.072|1047.51,546.189|970.211,553.549|945.521,541.428
53|1|928.838,932.615|951.128,828.891|966.185,750.667|987.248,628.502|1003.48,651.726|1081.9,685.052|1127.95,855.573|1095.82,956.645|1047.48,988.275|1028.11,992.955|1017.78,912.929|963.929,645.901|885.329,643.738|764.116,631.446|861.999,595.178|914.333,539.49|993.617,549.848|936.374,584.902|980.227,948.352|914.287,1236.44|891.56,1394.42|854.001,1570.09|883.454,918.87|683.131,1069.18|710.36,1271.3|636.938,1416.56|995.69,583.747|977.803,582.006|998.375,554.123|1045.16,547.505|963.864,556.348|944.479,545.052
54|1|925.343,932.801|950.228,827.707|966.707,750.191|987.944,627.804|1004.18,651.111|1082.71,684.83|1128.06,856.097|1088.65,955.765|1043.14,989.562|1028.61,993.555|1014.46,911.257|964.577,645.19|885.893,643.628|764.552,628.674|862.562,590.345|914.764,539.084|995.091,544.49|934.268,578.596|976.959,949.007|910.687,1219.72|884.299,1371.72|847.91,1553.39|879.651,918.612|699.948,1046.36|716.719,1261.07|638.076,1413.71|996.429,582.953|975.023,590.242|996.003,560.99|1045.3,548.428|961.569,562.953|944.787,544.752
55|1|924.694,932.76|950.442,827.298|967.662,750.719|988.922,629.191|1005.08,652.399|1083.67,685.145|1126.53,856.442|1081.84,954.575|1037.18,988.121|1028.12,994.217|1009,909.995|965.625,646.416|887.345,643.557|764.604,626.555|858.428,586.849|910.929,542.352|993.287,542.96|940.009,570.623|976.326,948.607|913.362,1191.59|885.533,1344.01|852.66,1530.2|878.831,918.841|721.9,993.056|729.682,1223.44|648.186,1376.65|997.381,584.668|975.953,584.58|992.907,554.311|1040.48,541.76|959.337,561.358|941.405,553.572
56|1|925.843,938.541|950.765,831.137|967.321,753.225|989.163,631.522|1005.2,654.846|1084.7,685.63|1126.56,857.108|1075.33,954.627|1034.35,985.312|1027.76,993.751|1002.32,908.429|965.81,648.651|887.626,644.614|763.412,625.292|851.844,578.4|909.686,541.079|992.024,537.921|946.571,566.451|978.045,953.747|916.069,1181.57|889.944,1344.35|859.247,1534.96|879.466,925.191|714.902,1003.95|726.378,1242.42|645.674,1401.12|997.82,586.963|969.847,581.929|989.715,553.515|1042.19,546.291|956.36,558.511|944.435,552.366
57|1|924.915,939.373|951.334,832.048|968.135,754.198|989.891,631.537|1006.12,655.064|1086.48,685.447|1126.25,858.838|1070.95,959.637|1031.85,984.813|1025.92,990.603|998.062,908.917|966.388,648.796|887.635,644.292|763.125,621.916|854.82,573.03|910.548,538.862|996.239,536.992|951.852,563.408|976.972,956.136|919.032,1165.17|886.007,1336.13|853.851,1531.26|878.874,924.707|738.659,991.717|741.488,1230.92|657.438,1387.66|998.454,586.602|970.823,586.788|991.833,557.901|1044.88,548.66|957.904,561.315|945.751,549.677
58|1|924.314,942.375|951.346,833.735|968.476,755.344|990.13,631.254|1006.57,654.981|1087.9,685.457|1126.25,860.85|1065.24,968.485|1034.04,982.664|1024.14,986.759|994.422,907.853|966.45,648.774|887,643.85|762.78,617.493|856.388,570.286|911.701,534.256|997.568,533.743|929.632,556.218|976.93,959.376|929.917,1161.68|885.697,1340.98|854.425,1540.91|877.767,927.499|758.633,1003.39|750.975,1246.48|665.756,1408.15|998.677,585.781|968.982,585.834|990.765,556.889|1045.57,548.051|956.622,559.938|945.983,547.931
59|1|924.321,942.361|951.352,833.718|968.482,755.321|990.139,631.224|1006.57,654.953|1087.91,685.43|1126.26,860.807|1065.27,968.446|1034.1,982.633|1024.18,986.722|994.45,907.824|966.46,648.743|887.017,643.807|762.802,617.304|856.387,570.073|911.684,534.028|997.532,533.491|930.062,556.222|976.937,959.361|929.833,1161.46|885.653,1341.12|854.343,1541.1|877.774,927.485|757.675,1003.01|750.522,1246.15|665.173,1407.67|998.688,585.748|969.157,585.815|990.874,556.843|1045.56,547.943|956.724,559.945|945.934,547.981
60|1|927.949,942.14|952.683,833.717|968.34,755.458|989.284,632.083|1005.76,655.557|1086.69,685.654|1126.08,860.054|1065.32,970.496|1036.64,982.18|1024.24,986.737|995.516,908.01|965.786,649.635|886.678,644.245|761.867,613.723|851.849,561.136|907.091,530.967|993.565,511.056|936.139,554.249|980.601,957.826|939.986,1159.2|893.897,1345.3|865.663,1545.64|881.316,928.408|769.711,1012.17|760.005,1257.81|676.015,1420.63|997.601,586.892|970.191,586.53|990.406,557.048|1043.17,547.043|956.378,561.589|943.55,551.371
61|1|927.676,941.972|952.442,833.426|968.095,755.092|989.049,631.596|1005.56,655.098|1086.58,685.272|1126.06,859.776|1065.04,970.397|1036.79,982.163|1023.94,986.497|995.205,907.663|965.521,649.166|886.308,643.703|761.053,612.467|850.344,560.236|905.239,530.107|992.748,511.594|925.065,549.667|980.385,957.679|934.299,1156.28|893.96,1342.61|865.623,1542.98|880.994,928.222|750.309,984.672|747.767,1237.78|660.723,1397.18|997.365,586.352|970.28,584.905|989.909,555.224|1042.27,545.2|955.902,560.533|942.572,551.842
62|1|927.708,940.392|952.671,832.063|968.391,754.023|989.305,630.853|1005.85,654.331|1086.83,685.147|1125.86,860.014|1063.84,971.991|1038.11,982.265|1023.65,986.282|994.949,907.369|965.749,648.381|886.417,643.026|761.487,610.039|848.347,559.003|898.958,528.778|989.448,517.081|915.717,544.791|980.344,956.217|938,1148.36|895.016,1334.8|868.048,1535.55|881.095,926.539|776.521,989.964|768.473,1233.79|688.492,1395.63|997.589,585.712|969.66,586.34|988.409,555.755|1041.01,543.196|954.569,562.173|941.52,553.015
63|1|925.728,942.248|951.43,833.105|967.807,754.541|988.639,631.294|1005.19,654.765|1086,685.422|1126.39,859.796|1066.03,972.55|1039,982.038|1023.75,986.934|995.414,907.787|965.11,648.841|885.872,643.158|761.691,607.47|846.708,555.405|894.59,522.543|978.983,526.968|917.003,546.421|978.566,958.175|936.919,1147.07|895.888,1332.18|869.741,1533.65|878.897,928.296|771.838,990.244|767.026,1232.58|690.524,1397.36|996.887,586.131|968.886,583.667|987.603,553.567|1040.13,542.901|953.842,560.217|940.896,553.579
64|1|925.728,942.247|951.43,833.104|967.807,754.539|988.638,631.291|1005.19,654.762|1086,685.418|1126.39,859.793|1066.03,972.552|1039,982.044|1023.75,986.936|995.414,907.789|965.109,648.839|885.871,643.156|761.679,607.464|846.668,555.396|894.526,522.533|978.896,526.957|916.938,546.426|978.567,958.174|936.92,1147.06|895.887,1332.19|869.74,1533.65|878.897,928.295|771.657,990.084|766.894,1232.51|690.31,1397.25|996.885,586.128|968.896,583.628|987.624,553.539|1040.15,542.91|953.859,560.176|940.907,553.553
65|1|925.859,942.25|951.569,833.054|967.947,754.427|988.756,631.065|1005.31,654.556|1086.18,685.272|1126.76,859.884|1066.14,972.734|1038.34,982.027|1023.98,987.209|995.584,908.021|965.232,648.624|886.003,642.934|761.799,606.713|845.869,553.891|891.757,520.79|970.644,523.607|916.336,545.38|978.718,958.191|935.891,1146.44|895.905,1331.51|869.606,1532.98|879.015,928.287|757.321,983.994|758.132,1229.37|677.534,1391.52|996.984,585.857|970.977,578.991|990.3,550.049|1041.82,543.215|956.245,555.892|941.977,551.72
66|1|929.961,943.248|953.371,834.102|967.17,755.047|987.689,632.219|1004.24,655.693|1085.12,685.97|1126.88,859.213|1070.11,973.431|1041.16,981.764|1023.79,987.568|996.535,908.833|964.311,649.62|885.585,642.421|762.174,603.355|843.123,547.221|885.902,505.763|956.936,517.426|923.906,540.185|982.595,958.725|926.75,1149.3|896.337,1338.84|865.06,1538.87|883.53,929.755|742.235,1002.1|751.712,1242.45|670.915,1403.07|995.641,587.201|972.774,576.073|992.31,548.433|1041.85,545.325|958.115,553.496|941.743,551.797
67|1|929.938,946.174|953.487,836.067|967.089,755.976|987.325,631.509|1004.11,655.247|1085.95,685.478|1126.75,860.981|1070.08,980.43|1041.7,985.282|1023.95,988.942|996.416,910.782|963.838,649.16|884.514,642.48|761.57,602.188|837.903,546.191|878.458,500.142|960.153,519.316|911.284,539.906|982.901,962.183|926.477,1160.34|892.284,1354.45|859.003,1556.95|883.334,932.249|746.706,1030.88|755.008,1264.62|673.979,1428.07|995.087,585.861|968.198,577.03|990.696,550.007|1043.91,548.007|956.223,552.334|943.747,546.189
68|1|929.933,946.163|953.481,836.055|967.081,755.962|987.31,631.493|1004.09,655.23|1085.94,685.461|1126.76,860.98|1070.05,980.401|1041.65,985.251|1023.92,988.936|996.361,910.777|963.824,649.145|884.502,642.467|761.531,602.129|837.805,546.132|878.338,500.101|959.997,519.336|911.168,539.874|982.896,962.171|926.441,1160.33|892.253,1354.51|858.959,1557.02|883.329,932.238|746.061,1029.84|754.33,1264.29|672.923,1427.58|995.068,585.843|968.26,576.972|990.755,549.963|1043.92,548|956.276,552.28|943.74,546.154
69|1|934.231,949.493|955.215,838.948|967.502,758.578|987.88,634.653|1004.5,658.306|1086.37,686.89|1126.47,861.25|1068.43,976.391|1040.08,979.787|1023.28,985.727|994.933,908.823|964.517,652.168|885.895,643.384|757.921,601.129|837.576,533.744|858.309,494.291|903.081,502.446|899.348,527.333|987.523,963.703|933.324,1157.48|902.713,1354.25|872.204,1556.63|887.199,937.115|758.937,1015.31|769.55,1251.34|693.517,1415.98|995.686,589.251|965.923,580.121|987.179,552.497|1041.45,548.784|953.433,556.732|942.945,552.722
70|1|936.165,951.991|956.392,840.239|968.214,758.791|988.454,633.23|1005.21,657.07|1087.27,687.067|1126.62,862.804|1068.53,980.915|1043.55,985.706|1023.74,989.031|996.106,910.292|964.998,651.036|885.724,644.091|758.6,598.838|831.292,529.876|858.633,485.487|913.028,508.863|892.499,535.061|990.038,965.876|945.746,1190.03|906.485,1393.34|877.894,1597.94|888.63,939.904|762.694,1103.85|769.989,1325.47|700.389,1497.15|996.243,587.219|973.465,583.771|991.173,553.728|1040.17,543.531|957.104,560.663|939.889,555.054
71|1|937.663,951.695|957.3,840.651|968.597,758.402|988.171,631.756|1005.13,655.713|1087.23,686.676|1127.06,863.37|1072.56,987.529|1045.88,996.91|1025.54,996.733|999.821,915.245|964.771,649.764|885.264,643.547|761.029,596.318|823.563,532.068|860.89,480.67|920.305,517.39|885.209,530.914|991.172,966.533|943.484,1223.21|903.144,1436.73|870.635,1641.45|890.701,938.834|762.709,1152.32|767.813,1370.15|699.722,1538.06|995.592,585.318|973.637,577.717|993.119,549.244|1042.32,543.844|958.602,554.185|941.273,549.666
72|1|937.581,951.645|957.11,840.629|968.315,758.386|987.599,631.762|1004.59,655.68|1086.66,686.519|1126.92,862.938|1073.59,989.204|1048.21,1000.1|1025.96,998.729|1000.63,916.757|964.272,649.794|884.881,643.73|759.848,595.753|820.84,531.542|857.711,482.519|920.5,517.793|888.957,531.521|991.053,966.423|943.513,1228.85|903.641,1441.2|871.55,1645.07|890.656,938.838|763.343,1161.59|770.573,1372.24|705.157,1539|994.881,585.332|973.566,578.35|992.823,549.761|1041.52,543.873|958.331,554.78|940.495,549.896
73|1|943.607,960.548|959.186,846.707|968.039,761.387|987.078,632.423|1004.43,656.715|1088.03,687.588|1127.18,866.913|1079.8,999.235|1051.37,1017.39|1026.78,1004.67|1005.51,923.403|963.502,650.824|883.016,644.668|760.14,593.101|805.696,516.964|846.151,497.62|901.128,496.968|889.92,534.179|998.433,973.761|946.095,1262.89|911.729,1484.89|879.08,1695.02|895.557,949.135|759.618,1195.09|773.356,1406.28|710.536,1573.44|994.182,585.122|972.461,578.552|991.743,549.276|1041.09,542.664|956.764,554.701|938.675,549.72
74|1|945.421,959.912|959.872,846.928|968.141,761.757|987.567,633.157|1004.75,657.412|1087.68,688.946|1127.45,867.258|1086.7,1003.88|1055.76,1027.18|1026.19,1006.08|1009.64,929.178|964.026,651.443|883.905,644.819|759.16,593.131|797.248,508.253|835.154,491.982|892.635,507.932|879.941,533.182|999.941,972.865|953.265,1277.02|919.053,1503.88|887.249,1713.9|897.675,948.732|765.955,1212.24|777.343,1420.84|716.939,1584.54|994.848,586.014|971.177,578.864|990.728,549.896|1041.19,543.725|956.082,555.269|939.766,550.734
75|1|947.698,962.103|960.558,848.272|967.941,761.937|986.597,632.042|1004.07,656.417|1087.56,688.648|1127.04,868.387|1087.7,1008.79|1057.1,1034.78|1025.77,1006.23|1011.53,931.554|963.053,650.613|882.425,644.528|758.023,590.532|805.888,506.827|833.789,489.525|883.851,508.103|865.25,541.879|1002.67,974.604|958.779,1291.84|926.893,1521.27|894.917,1734.19|899.602,951.333|768.65,1227.44|783.215,1433.33|724.848,1596.25|993.496,584.403|969.105,579.51|989.761,550.436|1041.27,543.822|954.759,554.675|939.114,547.283
76|1|946.887,959.564|959.903,847.601|967.69,762.223|987.028,633.765|1004.16,657.985|1086.53,690.601|1127.14,868.326|1093.66,1008.19|1057.72,1033.54|1025.57,1006.89|1013.6,934.135|963.586,652.008|883.841,644.303|756.327,589.613|798.942,498.502|820.677,489.762|842.458,499.391|854.442,546.935|1001.08,972.346|963.952,1292.59|931.386,1521.35|899.863,1729|899.486,948.546|775.491,1229.93|786.422,1430.43|730.132,1588.84|994.226,586.685|968.669,579.03|988.622,550.394|1040.22,544.764|954.26,555.563|939.69,551.258
77|1|948.42,960.274|960.54,848.374|967.757,762.964|987.432,633.929|1004.54,658.278|1087.19,690.642|1127.56,869.081|1096.94,1010.58|1056.77,1035.65|1025.38,1006.56|1015.29,936.086|963.91,652.197|884.055,644.479|757.417,587.773|791.079,497.811|808.522,466.747|852.138,514.637|841.408,535.735|1002.84,972.545|966.646,1296.95|934.384,1524.59|904.26,1731.07|900.769,949.693|778.099,1235.47|789.987,1429.38|735.956,1586.39|994.745,586.646|967.391,582.604|985.509,552.308|1037.49,541.919|951.643,559.778|937.843,555.058
78|1|945.96,950.839|959.023,843.109|967.662,759.611|987.655,633.133|1004.47,657.17|1085.56,690.519|1126.39,865.634|1097.59,1007.32|1063.99,1035.08|1024.58,1005.64|1016.21,937.102|964.295,650.971|885.336,643.165|759.438,585.775|786.188,500.132|799.882,464.723|838.747,511.12|831.066,540.837|998.932,964.2|964.92,1282.76|931.815,1505.52|903.263,1701.1|899.604,939.303|786.292,1221.95|791.796,1410.86|738.349,1562.84|995.115,586.765|966.204,581.333|986.04,552.337|1039.39,544.747|952.315,557.929|940.571,552.484
79|1|949.013,946.352|960.144,839.817|967.847,756.595|987.3,631.305|1003.98,655.07|1083.88,688.7|1126.41,862.03|1102.98,1004.43|1064.12,1032.9|1024.58,1006.79|1017.83,938.756|964.271,649.003|886.191,642.232|761.544,586.187|777.64,501.901|788.428,470.311|818.914,503.756|815.121,528.218|1001.67,958.482|967.762,1273.49|937.895,1491.24|909.829,1678.56|902.879,935.875|792.353,1216.37|798.96,1400.06|747.723,1548.69|994.508,585.362|965.117,580.638|984.116,551.596|1037.07,542.86|951.053,557.888|939.912,552.779
80|1|948.725,944.353|960.103,838.518|967.965,755.836|987.58,631.267|1004.15,654.967|1083.67,688.669|1126.35,861.354|1102.48,1001.85|1062.2,1031.68|1024.79,1006.99|1016.57,938.154|964.605,648.813|886.85,642.143|761.038,586.416|769.906,502.341|775.237,468.71|801.595,493.611|805.62,521.105|1001.06,956.624|959.804,1267.67|936.404,1471.68|906.784,1652.71|902.87,933.752|753.687,1186.09|775.744,1368.04|720.192,1513.14|994.827,585.583|963.178,580.042|983.026,551.54|1037.52,543.982|950.208,557.185|941.239,552.077
81|1|946.538,945.297|958.921,839.395|967.587,756.595|987.292,631.652|1003.88,655.428|1083.66,688.826|1124.28,862.241|1099.25,1003.19|1060.91,1032.46|1024.97,1006.72|1015.55,937.129|964.282,649.228|886.432,642.28|760.545,586.244|763.809,505.087|756.496,477.476|768.641,487.44|806.263,522.323|998.808,958.275|958.796,1271.38|931.974,1472.99|901.483,1652.72|900.775,934.086|776.591,1205.72|787.14,1383.73|733.807,1529.09|994.546,585.834|962.75,579.719|983.119,551.524|1037.92,544.886|950.196,556.636|941.479,551.415
82|1|950.04,947.204|960.596,840.27|968.034,756.439|987.331,630.628|1004.15,654.53|1084.43,688.341|1124.92,863.267|1095.88,1006.34|1060.92,1035.42|1024.88,1005.56|1015.05,936.593|964.244,648.384|885.847,641.436|761.235,583.895|757.913,511.098|748.67,489.076|768.613,491.169|807.206,523.79|1002.89,959.36|959.915,1275.09|934.92,1480.61|903.36,1661.19|903.786,936.718|784.799,1214.77|797.863,1391.68|747.163,1537.57|994.373,584.462|962.183,579.628|983.181,551.227|1038.71,544.278|949.907,555.743|941.4,548.89
83|1|949.972,947.152|960.494,840.214|967.911,756.38|987.114,630.56|1003.94,654.45|1084.22,688.224|1124.81,863.218|1095.6,1006.04|1060.37,1034.86|1024.64,1005.32|1014.68,936.242|964.053,648.327|885.704,641.434|760.845,583.535|756.792,510.379|747.022,487.976|766.351,489.69|805.457,522.685|1002.8,959.289|959.88,1274.95|935.029,1480.5|903.51,1661.06|903.73,936.682|783.211,1213.8|796.527,1391.48|745.228,1537.14|994.108,584.39|961.759,579.963|982.607,551.432|1038.16,544.042|949.393,556.11|940.978,549.121
84|1|950.431,947.54|960.389,840.849|967.627,756.867|986.669,631.243|1003.5,655.078|1083.78,688.477|1124.73,862.863|1094.12,1005.24|1061.45,1034.75|1024.61,1004.95|1014.22,935.802|963.648,649.006|885.371,642.172|758.301,584.005|750.378,512.911|739.61,485.088|768.375,480.109|737.312,517.985|1003.22,959.495|961.049,1275.02|937.126,1481.97|906.345,1661.75|904.235,937.23|790.011,1217.34|803.999,1391.99|755.999,1537.35|993.607,585.154|962.043,582.527|981.827,553.242|1036.51,543.637|948.707,558.919|939.334,551.593
85|1|950.335,947.483|960.273,840.735|967.486,756.711|986.444,630.994|1003.31,654.835|1083.69,688.219|1124.8,862.823|1094.06,1005.3|1061.06,1034.74|1024.56,1005.04|1014,935.77|963.418,648.785|885.066,641.992|757.713,583.793|749.021,512.49|737.017,484.06|764.373,479.292|732.892,516.116|1003.16,959.437|961.036,1275.23|937.269,1481.83|906.555,1661.6|904.11,937.174|786.689,1215.86|801.265,1391.35|752.094,1536.24|993.347,584.866|961.189,582.15|981.027,552.828|1036.1,543.207|947.939,558.571|939.012,551.362
86|1|947.323,941.557|960.064,836.697|967.99,755.385|986.106,632.233|1002.68,655.533|1081.21,688.48|1123.89,858.98|1102.37,993.143|1059.32,1034.6|1025.56,1007.59|1015.58,937.185|963.67,649.694|886.82,644.481|756.634,586.617|747.737,484.618|727.76,483.598|691.233,476.154|715.046,518.556|997.845,955.91|940.389,1259.02|932.824,1447.83|896.177,1621.08|903.412,929.222|726.609,1147.6|766.867,1329.8|708.793,1467.85|992.632,587.078|959.349,585.029|979.115,556.47|1034.16,546.873|947.024,561.783|939.893,553.964
87|1|947.334,941.476|960,836.523|967.879,755.136|985.771,631.848|1002.38,655.133|1080.97,687.925|1123.73,858.373|1102.11,992.204|1059.15,1034|1025.39,1007.1|1015.11,936.784|963.377,649.358|886.55,644.413|755.582,585.972|744.863,483.164|724.097,481.035|689.527,475.779|711.645,520.532|997.879,955.782|939.391,1258.45|930.607,1448.91|893.34,1622.79|903.406,929.183|739.339,1160.98|776.429,1338|720.747,1477.76|992.194,586.638|960.147,583.431|980.665,555.545|1035.26,547.794|948.312,559.826|940.488,551.86
88|1|947.334,941.476|960,836.523|967.879,755.136|985.77,631.848|1002.38,655.133|1080.97,687.925|1123.73,858.373|1102.11,992.204|1059.15,1034|1025.39,1007.1|1015.11,936.784|963.377,649.358|886.55,644.413|755.582,585.972|744.862,483.164|724.096,481.035|689.525,475.778|711.644,520.532|997.878,955.782|939.391,1258.45|930.606,1448.91|893.339,1622.79|903.406,929.183|739.338,1160.98|776.428,1338|720.745,1477.76|992.194,586.638|960.147,583.431|980.665,555.544|1035.26,547.794|948.311,559.826|940.488,551.861
89|1|947.334,941.476|960,836.523|967.879,755.136|985.77,631.848|1002.38,655.133|1080.97,687.925|1123.73,858.373|1102.11,992.204|1059.15,1034|1025.39,1007.1|1015.11,936.784|963.377,649.358|886.55,644.413|755.582,585.972|744.862,483.164|724.096,481.035|689.525,475.778|711.644,520.532|997.878,955.782|939.391,1258.45|930.606,1448.91|893.339,1622.79|903.406,929.183|739.338,1160.98|776.428,1338|720.745,1477.76|992.194,586.638|960.147,583.431|980.665,555.544|1035.26,547.794|948.311,559.826|940.488,551.861
90|1|947.334,941.476|960,836.523|967.879,755.136|985.77,631.848|1002.38,655.133|1080.97,687.925|1123.73,858.373|1102.11,992.204|1059.15,1034|1025.39,1007.1|1015.11,936.784|963.377,649.358|886.55,644.413|755.582,585.972|744.862,483.164|724.096,481.035|689.525,475.778|711.644,520.532|997.878,955.782|939.391,1258.45|930.606,1448.91|893.339,1622.79|903.406,929.183|739.338,1160.98|776.428,1338|720.745,1477.76|992.194,586.638|960.147,583.431|980.665,555.544|1035.26,547.794|948.311,559.826|940.488,551.861
91|1|947.334,941.476|960,836.523|967.879,755.136|985.77,631.848|1002.38,655.133|1080.97,687.925|1123.73,858.373|1102.11,992.204|1059.15,1034|1025.39,1007.1|1015.11,936.784|963.377,649.358|886.55,644.413|755.582,585.972|744.862,483.164|724.096,481.035|689.525,475.778|711.644,520.532|997.878,955.782|939.391,1258.45|930.606,1448.91|893.339,1622.79|903.406,929.183|739.338,1160.98|776.428,1338|720.745,1477.76|992.194,586.638|960.147,583.431|980.665,555.544|1035.26,547.794|948.311,559.826|940.488,551.861
92|1|947.219,941.386|959.839,836.423|967.679,755.031|985.414,631.726|1002.05,654.993|1080.64,687.761|1123.39,858.464|1101.28,991.624|1057.83,1033.09|1024.68,1006.73|1014.23,936.163|963.055,649.256|886.268,644.409|754.87,585.801|743.034,482.857|721.038,480.469|684.875,474.737|708.89,520.75|997.752,955.664|939.038,1258.16|930.261,1449.09|892.839,1623.06|903.305,929.118|734.672,1156.41|770.54,1337.08|712.223,1475.86|991.762,586.508|958.627,583.574|978.953,555.491|1034.09,547.162|946.786,560.148|939.77,552.352
93|1|947.089,941.25|959.668,836.269|967.471,754.867|985.065,631.535|1001.72,654.789|1080.34,687.51|1123.07,858.25|1100.71,991.239|1057.12,1032.64|1024.19,1006.37|1013.68,935.785|962.733,649.086|885.964,644.334|754.167,585.602|741.373,482.549|718.397,479.935|680.971,473.806|706.504,520.879|997.617,955.505|938.589,1257.85|929.857,1449.18|892.229,1623.22|903.18,929.003|730.44,1152.08|765.111,1335.95|704.451,1473.79|991.347,586.305|957.503,583.702|977.756,555.495|1033.26,546.764|945.7,560.319|939.228,552.443
94|1|947.073,941.241|959.648,836.256|967.447,754.852|985.024,631.514|1001.69,654.767|1080.3,687.484|1123.04,858.239|1100.64,991.209|1057.03,1032.6|1024.12,1006.35|1013.61,935.745|962.695,649.068|885.924,644.328|754.072,585.596|741.156,482.54|718.056,479.908|680.474,473.747|706.191,520.901|997.601,955.494|938.536,1257.83|929.81,1449.2|892.158,1623.25|903.164,928.995|729.996,1151.64|764.523,1335.84|703.613,1473.58|991.298,586.282|957.358,583.703|977.606,555.482|1033.17,546.712|945.563,560.327|939.164,552.453
95|1|947.073,941.241|959.648,836.256|967.447,754.852|985.024,631.514|1001.69,654.767|1080.3,687.484|1123.04,858.239|1100.64,991.209|1057.03,1032.6|1024.12,1006.35|1013.61,935.745|962.695,649.068|885.924,644.328|754.072,585.596|741.156,482.54|718.056,479.908|680.474,473.747|706.191,520.901|997.601,955.494|938.536,1257.83|929.81,1449.2|892.158,1623.25|903.164,928.995|729.996,1151.64|764.523,1335.84|703.613,1473.58|991.298,586.282|957.358,583.703|977.606,555.482|1033.17,546.712|945.563,560.327|939.164,552.453
96|1|947.073,941.241|959.648,836.256|967.447,754.852|985.024,631.514|1001.69,654.767|1080.3,687.484|1123.04,858.239|1100.64,991.209|1057.03,1032.6|1024.12,1006.35|1013.61,935.745|962.695,649.068|885.924,644.328|754.072,585.596|741.156,482.54|718.056,479.908|680.474,473.747|706.191,520.901|997.601,955.494|938.536,1257.83|929.81,1449.2|892.158,1623.25|903.164,928.995|729.996,1151.64|764.523,1335.84|703.613,1473.58|991.298,586.282|957.358,583.703|977.606,555.482|1033.17,546.712|945.563,560.327|939.164,552.453
97|1|942.896,938.951|958.008,835.152|967.36,755.079|984.62,632.692|1001.12,655.714|1078.86,687.735|1121.01,856.127|1097.47,986.03|1056.93,1032.93|1024.51,1007.18|1012.41,934.874|962.566,650.12|886.72,645.854|755.043,585.18|731.787,491.444|703.939,484.729|662.307,478.028|696.986,484.164|992.73,954.117|926.396,1249.65|916.161,1436.64|877.126,1607.95|899.554,925.899|723.629,1140.91|753.104,1327.59|689.52,1463.72|990.751,587.834|950.412,584.67|972.501,557.754|1031.97,551.054|941.614,560.899|941.607,551.947
98|1|942.6,938.506|957.701,834.457|967.012,754.209|984.179,631.565|1000.75,654.618|1078.69,686.765|1120.34,855.868|1096.23,985.45|1055.04,1032.84|1023.92,1006.7|1011.25,934.344|962.079,649.061|885.982,644.889|753.729,585.36|728.399,492.201|700.451,483.812|662.363,477.298|693.651,489.034|992.561,953.667|922.139,1248.37|912.52,1437.11|871.29,1608.62|899.15,925.459|710.501,1126.15|736.995,1321.25|667.353,1454.88|990.283,586.599|950.511,583.634|971.468,555.904|1030.29,547.577|940.52,560.514|939.467,552.798
99|1|936.432,938.37|955.577,833.268|967.087,752.791|984.897,629.454|1001.66,652.896|1080.93,685.46|1119.64,858.2|1087.3,990.79|1051.22,1038.39|1024,1006.35|1008.96,931.626|962.414,646.914|885.136,644.029|753.431,583.552|709.477,499.311|690.935,484.649|650.468,471.682|694.961,486.105|986.371,955.752|894.498,1238.46|890.258,1420.16|846.72,1596.77|893.1,923.43|688.929,1088.47|723.88,1290.99|650.639,1430.59|991.131,584.158|952.813,585.861|970.903,555.391|1028.29,540.526|939.63,563.298|935.786,555.206
100|1|936.432,938.37|955.577,833.268|967.087,752.791|984.897,629.454|1001.66,652.896|1080.93,685.46|1119.64,858.2|1087.3,990.79|1051.22,1038.39|1024,1006.35|1008.96,931.626|962.414,646.914|885.136,644.029|753.431,583.552|709.477,499.311|690.935,484.649|650.468,471.682|694.961,486.105|986.371,955.752|894.498,1238.46|890.258,1420.16|846.72,1596.77|893.1,923.43|688.929,1088.47|723.88,1290.99|650.639,1430.59|991.131,584.158|952.813,585.861|970.903,555.391|1028.29,540.526|939.63,563.298|935.786,555.206
101|1|936.329,938.255|955.474,833.074|966.981,752.535|984.79,629.096|1001.56,652.556|1080.9,685.144|1119.69,858.072|1087.14,990.582|1050.8,1038.17|1023.89,1006.23|1008.74,931.436|962.296,646.572|884.978,643.645|753.14,582.676|708.818,498.031|689.784,482.764|650.288,468.963|692.436,484.004|986.301,955.64|892.748,1237.41|887.938,1421.76|843.169,1598.75|892.971,923.312|688.944,1088.16|722.001,1292.89|647.794,1433.05|991.018,583.758|952.944,584.882|972.112,554.969|1029.89,541.73|940.502,561.641|936.692,552.716
102|1|936.161,938.046|955.319,832.842|966.829,752.283|984.614,628.808|1001.39,652.275|1080.75,684.846|1119.77,857.653|1086.88,989.999|1050.81,1037.72|1023.64,1005.83|1008.39,931.086|962.126,646.289|884.82,643.333|752.774,581.907|707.771,496.898|687.759,480.928|650.472,466.13|688.218,482.685|986.133,955.435|887.317,1233.33|882.672,1421.86|835.255,1599.31|892.805,923.1|680.121,1066.34|705.467,1283.69|623.779,1421.59|990.822,583.453|951.872,584.589|973.02,555.687|1032.14,544.765|941.144,560.022|938.657,548.784
103|1|936.161,938.046|955.319,832.842|966.829,752.283|984.614,628.808|1001.39,652.275|1080.75,684.846|1119.77,857.653|1086.88,989.999|1050.81,1037.72|1023.64,1005.83|1008.39,931.086|962.126,646.289|884.82,643.333|752.774,581.907|707.771,496.898|687.759,480.928|650.472,466.13|688.218,482.685|986.133,955.435|887.317,1233.33|882.672,1421.86|835.255,1599.31|892.805,923.1|680.121,1066.34|705.467,1283.69|623.779,1421.59|990.822,583.453|951.872,584.589|973.02,555.687|1032.14,544.765|941.144,560.022|938.657,548.784
104|1|936.027,937.949|955.196,832.691|966.703,752.093|984.475,628.539|1001.27,652.021|1080.69,684.663|1119.64,857.689|1086.32,989.98|1049.92,1037.68|1023.21,1005.75|1007.92,930.958|961.974,646.033|884.613,643.041|752.355,581.288|706.788,496.068|685.922,479.723|647.703,464.393|685.207,481.222|986.025,955.356|885.257,1231.98|880.355,1422.58|831.845,1600.37|892.649,922.988|680.917,1064.27|703.056,1284.88|620.05,1423.88|990.673,583.149|951.103,585.15|972.17,556.035|1031.65,544.397|940.364,560.475|938.316,548.695
105|1|936.026,937.95|955.196,832.691|966.702,752.093|984.475,628.538|1001.27,652.021|1080.69,684.663|1119.64,857.691|1086.32,989.981|1049.91,1037.68|1023.21,1005.75|1007.91,930.958|961.973,646.032|884.612,643.041|752.353,581.287|706.784,496.067|685.913,479.721|647.691,464.39|685.195,481.221|986.024,955.357|885.251,1231.98|880.348,1422.59|831.834,1600.38|892.648,922.989|680.928,1064.3|703.08,1284.9|620.083,1423.9|990.672,583.148|951.098,585.15|972.164,556.034|1031.65,544.394|940.359,560.476|938.314,548.697
106|1|935.892,938.088|955.09,832.738|966.597,752.083|984.392,628.413|1001.22,651.923|1080.76,684.606|1119.73,857.769|1086.43,990.528|1050.08,1038.33|1023.19,1006.04|1008.06,931.209|961.849,645.928|884.334,642.873|751.988,581.061|706.183,495.873|684.446,479.146|646.025,463.259|683.142,480.892|985.953,955.532|883.423,1231.17|878.054,1423.53|828.721,1601.85|892.46,923.095|683.537,1068.68|706.353,1288.25|624.293,1428.82|990.606,582.978|950.115,585.707|970.849,556.194|1030.78,543.525|939.175,561.137|937.689,549.289
107|1|935.87,938.105|955.071,832.746|966.578,752.085|984.375,628.404|1001.2,651.917|1080.76,684.613|1119.72,857.834|1086.35,990.57|1049.95,1038.35|1023.1,1006.09|1007.98,931.215|961.828,645.921|884.297,642.859|751.942,581.062|706.139,495.893|684.375,479.148|646.017,463.237|683.059,480.956|985.936,955.553|883.24,1231.1|877.807,1423.65|828.393,1602.03|892.432,923.108|683.503,1068.38|705.981,1288.34|623.709,1428.94|990.59,582.964|949.979,585.651|970.705,556.124|1030.7,543.446|939.045,561.103|937.648,549.318
108|1|935.334,938.549|954.545,832.955|966.021,752.146|983.903,628.278|1000.78,651.838|1080.52,684.588|1119.56,858.107|1086.3,991.494|1049.85,1038.94|1022.98,1006.32|1008.09,931.349|961.278,645.824|883.485,642.471|751.358,580.803|706.124,496.106|683.455,478.83|646.232,462.136|683.466,482.23|985.527,956.013|879.922,1228.45|873.474,1422.83|823.402,1602.88|891.785,923.539|687.758,1071.11|709.906,1291.7|626.69,1433.96|990.167,582.765|948.666,585.752|969.642,556.151|1030.33,543.388|937.957,560.983|937.236,548.792
109|1|934.698,938.293|953.821,832.651|965.197,751.836|982.973,628.014|999.867,651.548|1079.55,684.421|1117.89,858.153|1084.19,991.301|1047.5,1039.21|1022,1005.88|1006.47,931.079|960.358,645.578|882.522,642.109|750.8,580.779|706.335,496.481|683.315,478.733|645.9,461.353|684.365,483.955|984.906,955.667|875.731,1221.95|869.68,1418.61|818.263,1599.99|891.13,923.359|688.309,1051.08|707.72,1278.98|620.852,1421.71|989.204,582.518|948.394,585.948|969.507,556.392|1029.89,543.638|937.662,560.925|936.399,548.116
110|1|929.897,945.941|951.02,836.943|963.366,755.037|982.147,630.937|999.018,654.676|1080.04,685.976|1116.4,861.822|1071.45,997.306|1043.07,1036.63|1021.81,1005.68|1000.85,927.47|959.195,648.429|880.858,642.004|749.544,580.706|707.706,499.633|677.207,467.007|643.324,471.736|676.661,499.231|981.777,962.387|877.558,1210.91|868.823,1404.57|823.531,1594.23|884.617,931.741|700.723,1049.8|721.84,1280.19|639.292,1434.61|988.831,585.364|953.015,594.977|972.291,563.563|1029.53,545.344|939.644,569.364|933.326,553.177
111|1|929.725,945.44|950.855,836.419|963.184,754.513|981.919,630.387|998.823,654.125|1079.92,685.466|1116.16,861.453|1070.88,996.835|1042.26,1036.19|1021.37,1005.14|1000.22,926.988|958.944,647.901|880.471,641.531|749.193,581.005|707.909,500.474|677.691,468.021|644.027,473.22|677.858,500.934|981.638,961.888|878.272,1207.66|867.476,1407.39|821.651,1598.9|884.414,931.238|699.132,1036.54|715.238,1276.52|629.059,1431.34|988.597,584.797|949.502,587.204|970.224,557.129|1029.78,544.337|937.771,562.406|934.516,550.924
112|1|930.684,947.5|951.349,837.472|963.115,755.107|981.096,630.494|998.277,654.223|1080.06,685.277|1116.07,862.542|1066.75,1000.33|1043.11,1035.7|1021.05,1004.37|999.472,926.159|958.09,648.215|879.048,641.88|747.898,581.915|707.841,503.71|685.968,464.674|642.287,477.201|674.728,505.764|983.075,963.596|882.539,1197.09|871.433,1400.41|827.429,1596.29|884.94,933.603|705.83,1041.82|725.003,1282.24|639.286,1439.96|987.497,584.718|949.251,586.646|969.374,556.017|1028.4,542.644|936.63,562.204|932.19,551.865
113|1|930.66,947.387|951.336,837.362|963.102,755.01|981.086,630.413|998.276,654.141|1080.09,685.176|1116.14,862.405|1066.99,1000.43|1043.53,1036|1021.24,1004.46|999.724,926.315|958.066,648.136|878.97,641.823|747.773,582.297|707.736,504.47|685.726,465.689|641.712,478.715|674.483,507.374|983.06,963.492|882.94,1196.54|871.314,1401.03|827.339,1597.31|884.907,933.481|704.466,1037.82|722.644,1280.57|635.699,1437.88|987.494,584.641|948.899,586.757|969.307,556.207|1028.68,542.997|936.529,562.092|932.427,551.308
114|1|930.685,947.311|951.38,837.31|963.146,754.996|981.105,630.456|998.314,654.176|1080.19,685.144|1116.47,862.295|1067.54,1000.62|1044.3,1036.42|1021.67,1004.67|1000.27,926.597|958.072,648.181|878.897,641.949|747.561,583.483|707.512,506.511|685.365,468.317|641.168,482.418|674.418,511.076|983.091,963.432|883.464,1195.38|871.133,1401.72|827.084,1598.57|884.926,933.391|707.256,1031.4|721.601,1278.48|633.54,1436.58|987.515,584.706|948.725,587.53|969.49,557.036|1029.17,543.796|936.627,562.454|932.747,550.682
115|1|923.842,943.385|947.867,834.438|961.81,753.676|981.425,629.988|998.309,653.816|1079.73,685.178|1115.85,861.792|1061.69,1000.82|1049.36,1033.99|1020.44,1003.05|999.212,925.032|958.137,647.363|879.021,641.091|747.754,584.955|704.882,517.296|694.704,476.224|639.901,487.718|675.144,519.116|975.914,960.619|887.896,1179.05|864.583,1381.97|823.878,1580.6|878.252,928.454|727.175,1030.68|732.667,1270.59|648.628,1431.97|988.535,584.548|951.608,581.238|969.767,550.405|1027.06,537.953|937.278,559.329|931.211,555.554
116|1|923.785,943.444|947.81,834.508|961.746,753.763|981.328,630.096|998.221,653.919|1079.67,685.274|1115.84,861.978|1061.57,1001.08|1049.05,1034.19|1020.35,1003.3|999.039,925.212|958.042,647.471|878.914,641.216|747.552,585.256|704.503,517.782|694.107,476.802|638.779,488.516|674.697,519.599|975.853,960.684|887.593,1178.64|864.199,1381.95|823.261,1580.61|878.198,928.509|723.971,1028.29|730.261,1269.21|645.131,1429.74|988.425,584.664|951.343,583.262|969.506,552.129|1026.94,538.519|937.015,560.893|931.06,555.548
117|1|923.784,943.445|947.81,834.508|961.746,753.763|981.328,630.096|998.221,653.919|1079.67,685.274|1115.84,861.978|1061.57,1001.08|1049.05,1034.19|1020.35,1003.3|999.039,925.212|958.042,647.471|878.914,641.216|747.552,585.257|704.502,517.784|694.106,476.803|638.776,488.519|674.695,519.601|975.853,960.684|887.593,1178.64|864.198,1381.95|823.261,1580.61|878.198,928.509|723.966,1028.28|730.257,1269.21|645.126,1429.73|988.424,584.664|951.342,583.264|969.505,552.131|1026.94,538.52|937.014,560.895|931.06,555.548
118|1|923.757,943.49|947.765,834.62|961.678,753.937|981.162,630.359|998.065,654.158|1079.52,685.44|1115.83,862.104|1061.56,1001.26|1048.88,1034.35|1020.39,1003.51|998.977,925.435|957.899,647.733|878.797,641.564|747.239,586.105|703.705,519.037|692.702,478.383|635.645,491.053|671.571,522.147|975.794,960.722|887.176,1177.88|863.866,1381.43|822.706,1580|878.198,928.56|720.255,1024.36|727.111,1266.98|640.547,1426.34|988.217,584.963|950.553,585.459|968.803,554.081|1026.64,539.365|936.375,562.63|930.92,555.678
119|1|923.773,943.506|947.786,834.668|961.701,754.015|981.176,630.482|998.08,654.273|1079.53,685.532|1115.88,862.147|1061.69,1001.39|1049.05,1034.57|1020.53,1003.64|999.105,925.635|957.914,647.851|878.808,641.718|747.207,586.614|703.617,519.832|692.5,479.371|635.127,492.554|671.503,523.533|975.799,960.743|887.104,1177.74|863.8,1381.24|822.591,1579.74|878.224,928.572|719.078,1022.9|725.934,1266.16|638.802,1425.09|988.229,585.104|950.515,585.974|968.869,554.585|1026.8,539.76|936.416,562.981|931.021,555.601
120|1|923.774,943.507|947.787,834.669|961.702,754.017|981.176,630.485|998.08,654.276|1079.53,685.534|1115.88,862.149|1061.7,1001.39|1049.06,1034.58|1020.53,1003.65|999.108,925.64|957.914,647.853|878.808,641.722|747.206,586.625|703.615,519.849|692.497,479.393|635.122,492.586|671.507,523.564|975.799,960.744|887.104,1177.74|863.8,1381.23|822.59,1579.73|878.224,928.573|719.069,1022.88|725.922,1266.16|638.783,1425.08|988.229,585.107|950.515,585.985|968.87,554.595|1026.8,539.766|936.416,562.99|931.021,555.603
121|1|923.813,943.67|947.834,834.924|961.747,754.364|981.166,630.967|998.078,654.731|1079.54,685.92|1115.98,862.458|1061.9,1001.86|1049.26,1035.17|1020.75,1004.12|999.322,926.187|957.912,648.324|878.796,642.324|747.036,588.402|703.319,522.566|692.012,482.74|634.26,497.289|672.283,528.853|975.805,960.919|886.918,1177.59|863.696,1380.76|822.41,1579.04|878.292,928.724|717.363,1021.15|724.436,1264.91|636.667,1423.12|988.203,585.645|950.181,587.829|968.632,556.291|1026.82,540.757|936.187,564.481|931.059,555.929
122|1|922.169,934.819|947.139,829.428|962.061,751.327|982.132,631.723|998.391,654.898|1077.22,686.297|1113.85,857.658|1064.12,994.018|1051.15,1032.82|1020.11,1003.78|999.386,926.803|959.277,648.419|882.027,643.042|751.577,601.329|705.575,545.564|690.322,500.657|632.593,511.468|679.095,552.759|972.691,952.074|890.789,1156.04|864.179,1352.78|824.995,1546.14|877.844,919.831|734.86,1009.47|735.007,1244.8|652.675,1399.17|989.528,587.859|948.756,581.596|962.866,550.838|1019.06,535.834|933.392,564.509|930.991,568.332
123|1|922.169,934.822|947.14,829.431|962.061,751.331|982.133,631.729|998.391,654.904|1077.22,686.303|1113.85,857.664|1064.12,994.026|1051.15,1032.83|1020.11,1003.79|999.383,926.814|959.277,648.425|882.026,643.05|751.573,601.358|705.568,545.613|690.313,500.725|632.581,511.571|679.081,552.852|972.691,952.076|890.789,1156.04|864.178,1352.77|824.991,1546.13|877.844,919.833|734.815,1009.43|734.971,1244.78|652.621,1399.13|989.528,587.865|948.794,581.627|962.911,550.866|1019.09,535.862|933.426,564.521|930.992,568.31
124|1|922.169,934.822|947.14,829.431|962.061,751.331|982.133,631.729|998.391,654.904|1077.22,686.303|1113.85,857.664|1064.12,994.026|1051.15,1032.83|1020.11,1003.79|999.383,926.814|959.277,648.425|882.026,643.05|751.573,601.358|705.568,545.613|690.313,500.725|632.581,511.571|679.081,552.852|972.691,952.076|890.789,1156.04|864.178,1352.77|824.991,1546.13|877.844,919.833|734.815,1009.43|734.971,1244.78|652.621,1399.13|989.528,587.865|948.794,581.627|962.911,550.866|1019.09,535.862|933.426,564.521|930.992,568.31
125|1|922.762,932.484|947.507,828.757|962.417,751.832|982.526,634.339|998.445,657.137|1076.08,687.41|1113.7,855.617|1066.48,989.291|1049.03,1031.56|1020.04,1003.17|997.697,928.235|959.988,650.694|883.978,646.088|753.475,611.994|707.485,563.48|687.578,518.005|630.37,537.23|685.027,571.217|972.5,949.438|890.616,1145.06|865.244,1338.28|827.591,1528.32|879.093,917.745|728.537,1004.73|731.607,1236.72|649.599,1385.88|989.968,591.31|949.875,584.057|964.029,554.127|1019.42,540.307|934.986,567.329|932.627,571.637
126|1|922.723,932.589|947.456,828.871|962.343,751.975|982.355,634.538|998.298,657.317|1075.98,687.517|1113.79,855.748|1066.49,989.476|1048.93,1031.75|1020.07,1003.36|997.671,928.402|959.823,650.901|883.778,646.425|752.994,613.483|706.757,565.993|686.575,521.594|630.173,542.726|684.949,576.102|972.46,949.54|890.426,1145|865.209,1338.07|827.525,1528.05|879.055,917.852|726.991,1003.6|730.398,1235.97|647.862,1384.63|989.761,591.533|950.926,585.03|965.686,555.133|1020.85,541.706|936.142,567.407|932.744,570.136
127|1|923.564,936.717|947.686,830.675|962.439,752.493|982.599,633.491|998.519,656.441|1076.23,687.42|1114.08,856.274|1061.41,986.065|1043.64,1030.42|1018.54,999.875|989.957,928.17|960.052,650.096|883.875,646.425|752.939,615.968|720.681,578.402|689.384,546.515|637.21,561.932|681.261,595.982|974.415,952.42|892.7,1149.65|869.248,1347.7|832.202,1540.14|878.755,923.032|717.193,1012.57|725.135,1251.05|644.832,1406.39|990.087,589.902|942.853,590.633|964.822,562.665|1028.21,552.537|934.946,566.409|940.428,555.097
128|1|924.131,936.927|948.048,830.696|962.646,752.409|982.206,633.305|998.255,656.177|1076.14,686.854|1114.23,855.903|1060.15,984.034|1040.68,1030.39|1018.03,998.795|986.903,928.285|959.728,650.028|883.46,646.806|751.89,619.142|717.652,584.186|687.173,558.231|638.997,569.803|688.247,594.886|975.075,952.489|896.881,1148.8|871.502,1350.34|835.53,1544.15|879.234,923.363|720.859,1012.6|726.59,1254.4|645.389,1410.7|989.473,589.677|947.601,588.638|968.602,560.451|1028.71,550.676|937.864,565.141|938.423,556.044
129|1|926.819,940.391|949.603,832.191|963.644,753.109|981.132,632.227|997.618,654.982|1075.53,686.594|1114.11,856.088|1061.22,987.016|1042.18,1028.87|1017.75,998.37|987.397,928.704|958.919,649.566|882.378,649.577|752.425,625.233|713.247,592.868|685.516,577.756|638.164,583.321|683.822,610.115|978.76,954.649|907.769,1161.72|881.873,1367.15|850.117,1563.82|880.874,927.934|723.872,1027.16|727.727,1278.92|646.793,1442.04|987.63,587.943|944.85,595.155|964.283,565.221|1024.39,548.779|933.965,570.86|934.788,556.7
130|1|929.084,941.057|950.145,832.308|963.768,753.346|980.837,632.775|997.404,655.417|1075.5,686.531|1114.17,856.042|1059.24,986.018|1041.83,1029.52|1017.91,998.593|986.916,928.106|958.672,650.151|882.07,650.205|750.15,628.05|711.074,599.276|679.91,586.168|639.272,594.058|686.98,617.973|981.47,953.704|922.281,1163.25|895.685,1368.74|870.757,1566.33|882.49,929.966|730.925,1018.8|733.047,1279.49|653.978,1446.45|987.205,588.612|945.769,595.033|966.854,566.117|1026.97,552.355|935.924,569.674|936.089,554.035
131|1|929.081,941.094|950.148,832.345|963.774,753.391|980.847,632.828|997.416,655.47|1075.53,686.588|1114.19,856.129|1059.23,986.143|1041.8,1029.68|1017.9,998.704|986.909,928.212|958.677,650.204|882.058,650.27|750.132,628.324|711.11,599.78|680.01,586.89|639.55,595.235|687.24,618.847|981.469,953.745|922.509,1163.46|895.855,1368.79|871.073,1566.38|882.485,930|731.703,1020.15|733.962,1280.2|655.451,1447.45|987.217,588.67|945.772,595.341|966.785,566.348|1026.89,552.343|935.858,569.973|935.994,554.213
132|1|932.305,940.132|951.684,833.46|963.607,754.449|980.857,634.79|997.318,657.379|1075.31,687.2|1113.9,855.617|1059.75,985.494|1042.61,1028.64|1017.85,998.411|987.277,928.628|958.75,651.944|882.468,651.392|748.933,632.169|713.586,605.591|674.245,603.233|645.319,623.642|689.977,617.826|983.798,953.303|927.371,1180.42|896.364,1390.16|868.717,1584.98|886.822,928.65|753.873,1096.9|750.73,1340.28|677.997,1504.93|987.222,590.977|948.093,596.683|967.784,567.234|1025.94,552.468|936.852,572.324|934.777,558.737
133|1|933.287,937.577|952.033,831.8|963.668,752.962|980.66,634.57|996.96,656.814|1073.79,686.734|1113.81,853.035|1061.66,979.38|1040.81,1029.77|1018.24,998.746|986.441,929.32|958.764,651.645|883.183,652.837|748.302,637.769|712.698,609.996|674.169,607.622|649.317,629.571|691.82,617.805|984.313,950.484|925.548,1183.88|899.002,1394.25|871.423,1586.36|888.247,926.331|739.284,1094.07|746.217,1330.74|676.735,1492.44|987.063,591.253|946.71,597.784|965.894,568.367|1024.21,552.685|935.642,573.808|934.848,560.105
134|1|929.599,935.627|950.501,830.566|963.728,752.107|981.736,633.433|998.1,655.972|1075.78,686.628|1113.57,855.493|1062.68,986.434|1039.79,1029.87|1017.82,998.214|987.084,930.055|959.433,650.399|882.857,651.413|746.49,640.543|694.114,616.297|659.659,614.954|643.223,650.253|692.75,631.704|980.482,950.108|920.622,1187.21|891.659,1390.61|864.079,1582.51|884.736,923.008|731.027,1086.69|736.817,1318.46|664.473,1478.32|988.501,589.977|947.155,596.697|968.995,568.151|1029.43,555.172|937.858,570.734|938.141,553.917
135|1|930.914,939.4|950.661,832.949|963.148,753.196|980.277,634.068|996.898,656.577|1075.44,686.194|1113.91,855.895|1062.39,986.699|1038.01,1031.75|1018.17,998.844|986.891,929.805|958.018,651.229|881.071,652.651|744.632,645.062|692.638,623.354|658.022,621.817|638.864,662.477|688.341,647.328|982.329,953.287|915.858,1191.42|893.402,1392.72|864.764,1584.59|885.6,927.312|721.163,1084.57|733.82,1317.45|661.641,1477.74|986.673,590.443|946.028,598.625|966.611,568.963|1026.33,553.422|935.363,573.072|934.4,556.6
136|1|931.1,939.091|950.772,832.517|963.167,752.711|979.872,633.469|996.617,655.941|1075.2,685.855|1113.96,855.712|1062.36,986.942|1038.65,1031.56|1018.08,998.75|986.886,929.729|957.629,650.723|880.5,652.478|743.69,645.238|691.239,624.085|656.59,624.896|638.155,671.417|686.691,652.234|982.596,952.95|915.101,1192.13|894.43,1391.6|865.661,1583.18|885.716,927.027|717.612,1082.01|731.458,1315.91|658.152,1475.65|986.108,589.793|946.653,599.837|967.01,569.803|1026.1,552.975|935.493,573.93|933.351,556.092
137|1|931.04,939.151|950.69,832.518|963.044,752.709|979.548,633.481|996.366,655.925|1075.12,685.687|1113.98,855.537|1062.75,987.467|1039.54,1032.44|1018.31,999.106|987.414,930.223|957.294,650.776|880.015,652.811|742.743,647.488|689.255,628.298|653.617,631.144|634.814,680.906|683.379,659.965|982.584,953.009|914.881,1192.84|894.641,1391.36|865.938,1582.86|885.611,927.09|714.818,1078.32|727.878,1314.67|652.862,1473.97|985.717,589.81|945.323,600.089|965.831,569.992|1025.58,553.043|934.352,574.054|932.939,555.956
138|1|935.682,939.998|953.156,832.529|963.607,752.363|978.609,633.535|995.806,655.757|1074.9,684.812|1113.67,855.398|1061.53,986.837|1037.63,1035.07|1018.9,1000.12|987.204,929.782|956.478,650.998|878.793,653.733|740.668,649.675|679.109,636.82|646.931,640.474|627.405,694.467|676.917,672.882|987.598,952.761|907.697,1176.49|900.516,1374.87|871.589,1567.55|889.939,928.905|706.402,1036.4|731.092,1277.33|653.466,1434.23|984.18,590.006|943.182,600.722|964.538,570.767|1025.17,554.356|932.732,573.973|931.8,554.641
139|1|930.822,941.919|950.1,833.83|962.131,753.128|978.103,633.278|995.292,655.668|1075.1,684.659|1113.28,856.968|1064.8,993.68|1036.11,1034.37|1018.49,999.71|988.057,931.472|955.606,650.914|877.149,654.297|739.394,653.107|670.451,635.645|642.217,649.404|622.128,713.64|667.884,691.778|983.104,955.501|914.529,1184.98|898.081,1380.56|872.455,1575.5|884.713,930.096|715.008,1072.94|733.473,1307.95|658.668,1469.9|984.229,589.379|946.038,599.261|966.19,568.325|1025.02,550.833|933.817,573.195|929.802,555.947
140|1|933.992,947.093|950.226,837.906|960.767,755.539|976.021,634.317|993.409,656.716|1073.74,685.146|1113.84,857.964|1065.74,995.995|1035.19,1034.83|1018.75,1000.23|988.581,931.919|953.552,652.342|874.801,656.371|736.688,655.309|677.947,635.634|642.534,651.072|620.578,722.973|663.025,702.885|987.054,958.975|931.436,1212.53|909.159,1415.31|885.407,1610.85|887.106,936.752|740.55,1143.95|752.708,1373.36|687.384,1538.74|981.945,589.929|943.122,601.88|964.45,571.328|1024.23,553.992|931.84,574.616|928.603,554.311
141|1|933.954,947.14|950.181,837.948|960.713,755.581|975.939,634.367|993.337,656.76|1073.69,685.164|1113.84,857.998|1065.78,996.13|1035.23,1035.03|1018.79,1000.35|988.605,932.062|953.469,652.397|874.698,656.468|736.556,655.689|677.781,636.306|642.381,652.008|620.505,724.185|662.957,704.039|987.021,959.02|932.061,1213.13|909.708,1415.6|886.347,1611.13|887.062,936.802|741.605,1145.5|754.351,1373.5|689.933,1539.04|981.854,589.981|943.131,602.227|964.455,571.638|1024.19,554.13|931.816,574.897|928.481,554.347
142|1|933.954,947.14|950.181,837.948|960.713,755.581|975.939,634.367|993.337,656.76|1073.69,685.164|1113.84,857.998|1065.78,996.13|1035.23,1035.03|1018.79,1000.35|988.605,932.062|953.469,652.397|874.698,656.468|736.556,655.689|677.781,636.306|642.381,652.008|620.505,724.185|662.957,704.039|987.021,959.02|932.061,1213.13|909.708,1415.6|886.347,1611.13|887.062,936.802|741.605,1145.5|754.351,1373.5|689.933,1539.04|981.854,589.981|943.131,602.227|964.455,571.638|1024.19,554.13|931.816,574.897|928.481,554.347
143|1|934.223,947.935|950.358,838.683|960.809,756.292|975.69,635.053|993.161,657.403|1073.68,685.493|1114.33,858.309|1066.67,996.948|1035.96,1035.58|1019.28,1001.12|989.428,932.668|953.265,653.137|874.471,657.617|735.629,658.591|675.199,640.522|639.052,657.006|617.089,729.764|660.498,708.043|987.313,959.783|938.39,1219.35|914.852,1421.69|894.22,1617.18|887.313,937.625|750.975,1158.93|764.583,1380.59|705.588,1546.92|981.466,590.664|943.203,604.981|965.146,574.628|1024.92,556.782|932.305,576.824|928.783,553.759
144|1|934.223,947.935|950.358,838.683|960.809,756.292|975.69,635.053|993.161,657.403|1073.68,685.493|1114.33,858.309|1066.67,996.948|1035.96,1035.58|1019.28,1001.12|989.428,932.668|953.265,653.137|874.471,657.617|735.629,658.591|675.199,640.522|639.052,657.006|617.089,729.764|660.498,708.043|987.313,959.783|938.39,1219.35|914.852,1421.69|894.22,1617.18|887.313,937.625|750.975,1158.93|764.583,1380.59|705.588,1546.92|981.466,590.664|943.203,604.981|965.146,574.628|1024.92,556.782|932.305,576.824|928.783,553.759
145|1|934.223,947.935|950.358,838.683|960.809,756.292|975.69,635.053|993.161,657.403|1073.68,685.493|1114.33,858.309|1066.67,996.948|1035.96,1035.58|1019.28,1001.12|989.428,932.669|953.265,653.137|874.471,657.617|735.629,658.592|675.198,640.524|639.051,657.008|617.089,729.767|660.497,708.046|987.313,959.783|938.391,1219.35|914.853,1421.69|894.221,1617.19|887.313,937.625|750.976,1158.93|764.584,1380.59|705.59,1546.92|981.466,590.664|943.203,604.981|965.145,574.628|1024.92,556.781|932.304,576.825|928.782,553.76
146|1|934.301,948.085|950.352,838.835|960.726,756.466|975.323,635.277|992.852,657.579|1073.46,685.464|1114.28,858.244|1066.91,997.292|1036.34,1035.95|1019.42,1001.42|989.719,932.971|952.935,653.399|874.123,658.174|734.986,660.64|674.038,643.819|637.82,660.693|616.304,733.823|663.949,709.369|987.394,959.892|941.5,1222.01|917.514,1424.09|898.147,1619.41|887.389,937.811|755.106,1164.47|769.019,1383.08|712.353,1549.52|980.988,590.909|941.637,609.069|962.458,577.724|1022.52,556.173|929.939,580.933|926.884,556.073
147|1|942.119,949.908|953.025,840.356|960.438,756.849|975.088,635.684|992.606,657.936|1073.31,685.436|1113.84,858.429|1063.75,996.678|1034.93,1037.09|1019.33,1001.72|988.499,932.117|952.677,653.849|873.792,658.147|732.055,662.603|670.998,656.078|637.631,664.557|615.434,736.496|665.123,715.844|995.897,958.287|959.286,1236.4|934.48,1447.88|920.004,1642.72|894.341,942.625|774.562,1191.28|788.084,1406.02|739.782,1572.82|980.84,591.337|941.402,606.128|962.591,575.186|1022.77,555.957|930.019,578.398|927.154,555.954
148|1|941.529,947.551|952.616,839.64|960.598,756.69|975.446,636.724|992.768,658.701|1073.05,685.674|1113.77,857.224|1066.69,996.265|1036.95,1034.35|1018.98,1000.81|989.386,933.302|953.125,654.775|874.829,659.554|734.849,665.388|662.614,654.646|633.574,670.246|613.608,743.798|665.003,721.168|994.855,955.68|975.105,1243.5|946.063,1452.99|936.997,1643.8|894.037,940.471|789.059,1202.88|796.126,1414.05|754.153,1579.47|981.409,592.857|940.643,608.513|961.771,577.751|1022.5,558.083|929.665,580.8|928.144,557.671
149|1|935.524,943.84|950.127,837.541|960.991,755.35|976.002,634.903|993.411,657.019|1073.4,685.54|1113.68,857.93|1068.63,1000.18|1038.48,1033.19|1018.86,1000.48|990.486,934.947|953.543,652.998|874.781,658.249|733.057,667.348|663.77,665.4|634.496,680.003|612.952,748.607|665.94,726.814|988.521,953.872|975.331,1250.7|940.424,1450.93|933.38,1637.95|888.305,935.061|795.463,1208.38|793.516,1416.1|752.144,1580.44|982.006,590.826|944.359,606.437|963.327,574.236|1021.57,551.985|930.971,579.916|926.016,559.285
150|1|935.523,943.842|950.125,837.543|960.99,755.353|975.998,634.906|993.408,657.021|1073.4,685.542|1113.68,857.933|1068.63,1000.18|1038.48,1033.2|1018.86,1000.49|990.484,934.953|953.54,653.001|874.777,658.254|733.051,667.368|663.758,665.434|634.481,680.048|612.936,748.663|665.937,726.866|988.52,953.874|975.326,1250.71|940.422,1450.89|933.377,1637.9|888.305,935.062|795.461,1208.38|793.522,1416.09|752.152,1580.42|982.002,590.829|944.349,606.459|963.32,574.256|1021.57,551.996|930.963,579.933|926.012,559.285
151|1|935.103,939.917|949.649,834.317|960.321,752.981|975.347,634.388|992.712,656.246|1072.69,683.815|1113.67,855.314|1070.54,999.438|1042.14,1032.8|1018.98,1000.8|991.936,936.145|952.916,652.217|874.262,656.913|733.076,669.197|662.095,674.039|631.792,690.002|608.462,758.139|670.993,734.086|987.748,949.907|950.17,1118.39|925.69,1317.59|915.764,1514.17|888.204,931.174|731.055,1065.53|758.659,1284.85|698.858,1450.25|981.356,591.001|940.26,609.572|960.975,578.095|1021.99,556.034|928.745,581.486|927.084,556.513
152|1|935.081,939.908|949.62,834.308|960.285,752.975|975.283,634.388|992.653,656.241|1072.64,683.787|1113.66,855.278|1070.58,999.441|1042.17,1032.84|1019.02,1000.83|991.932,936.198|952.856,652.219|874.204,656.941|732.967,669.342|661.864,674.287|631.462,690.339|608.057,758.598|670.671,734.402|987.724,949.894|950.32,1120.14|926.035,1317.05|916.283,1513.08|888.182,931.168|730.166,1063.54|757.188,1284.35|696.446,1449.64|981.279,591.002|940.271,609.587|961.008,578.124|1021.99,556.088|928.758,581.482|927.03,556.467
153|1|935.149,940.969|949.679,834.46|960.177,752.816|975.461,634.379|992.852,656.291|1072.86,683.605|1113.77,855.735|1068.6,998.539|1038.79,1030.09|1019.32,1000.7|989.862,934.056|952.918,652.136|873.979,656.49|730.688,671.557|660.036,681.514|629.147,694.363|605.972,761.367|670.205,734.783|988.024,950.964|955.513,1188.93|927.048,1372.07|916.217,1564.28|888.066,932.227|763.425,1136.49|778.535,1344.26|722.236,1510.81|981.546,591.044|944.186,607.505|963.218,575.066|1021.48,552.278|930.621,580.693|925.249,559.333
154|1|929.773,940.328|947.744,832.899|960.374,751.969|975.196,634.212|992.713,656.036|1073.04,683.294|1113.63,855.712|1063.25,994.507|1034.94,1021.6|1019.34,999.285|985.316,929.457|952.697,651.883|873.674,656.912|730.155,672.004|657.796,681.05|626.289,694.716|605.355,762.816|669.919,734.689|982.553,951.871|938.024,1184.82|920.87,1358.93|909.448,1550.15|882.783,930.21|718.995,1038.14|746.921,1269.73|683.72,1436|981.033,591.122|935.129,610.537|959.416,581.158|1024.65,562.892|927.187,580.186|930.563,550.438
155|1|929.856,940.371|947.826,832.943|960.458,752.018|975.283,634.272|992.799,656.094|1073.13,683.325|1113.8,855.721|1063.22,994.274|1034.86,1021.22|1019.31,999.032|985.323,929.16|952.783,651.942|873.761,656.99|730.215,672.176|657.721,681.332|626.019,695.126|604.848,763.426|669.689,735.004|982.636,951.914|936.7,1176.96|918.742,1360.55|906.21,1554.15|882.866,930.254|723.107,1046.16|751.528,1273.52|690.495,1440.31|981.124,591.188|936.086,610.931|959.866,581.141|1024.47,562.017|927.532,580.79|929.953,551.373
156|1|933.199,944.652|949.217,835.703|960.383,753.649|974.753,634.32|992.428,656.228|1073.3,683.179|1114.05,856.539|1063.76,995.862|1033.77,1022.41|1019.61,999.746|985.539,929.439|952.235,652.379|872.873,657.931|731.106,673.461|657.994,680.88|624.633,697.068|603.29,773.842|667.257,736.704|986.633,955.107|950.115,1202.83|924.293,1387.84|912.13,1580.84|885.61,935.503|754.922,1129.34|767.737,1351.67|710.207,1522.66|980.497,590.643|940.963,610.159|961.667,578.17|1022.13,555.317|928.797,581.702|925.412,556.045
157|1|935.523,945.825|949.964,837.101|960.17,754.554|974.781,634.223|992.492,656.281|1073.51,683.675|1113.99,857.961|1065.96,999.82|1034.09,1029.11|1019.96,1001.11|987.762,932.088|952.137,652.439|872.455,658.495|731.692,673.267|655.805,678.867|624.079,694.405|600.684,778.376|667.669,736.688|989.188,955.573|960.051,1225.33|930.67,1416.09|920.694,1608.2|887.712,937.304|772.727,1170.72|779.12,1390.4|727.305,1560.92|980.662,590.168|941.104,610.605|961.537,578.235|1022.03,554.397|928.586,582.099|924.985,556.055
158|1|935.643,946.592|950.188,837.371|960.369,754.758|974.796,634.442|992.576,656.531|1073.78,683.802|1113.96,858.275|1063.39,998.195|1032.62,1027.57|1019.89,1000.69|985.812,930.69|952.16,652.636|872.372,658.371|728.605,673.582|657.464,679.632|624.988,695.306|600.35,779.082|667.432,736.017|989.42,956.349|953.486,1223.63|933.052,1409.61|923.107,1601.26|887.736,938.064|740.211,1123.41|762.162,1351.75|706.316,1523.42|980.547,590.388|941.232,611.179|962.276,579.09|1022.94,555.779|929.098,582.194|925.409,555.142
159|1|935.371,945.903|950.033,836.796|960.3,754.284|974.904,634.151|992.647,656.231|1073.78,683.596|1113.8,857.93|1061.45,995.908|1031.27,1026.25|1018.96,998.614|983.943,929.236|952.24,652.301|872.447,657.918|729.263,672.805|658.743,678.967|626.199,694.921|600.674,779.202|667.409,736.779|989.104,955.708|945.185,1216.32|930.097,1400.68|918.522,1592.96|887.5,937.331|717.653,1068.24|739.696,1315.3|672.167,1486.17|980.735,590.163|940.667,610.375|961.999,578.477|1023.19,555.792|928.882,581.342|925.9,554.477
160|1|939.728,949.979|952.05,839.653|960.575,756.217|974.068,635.23|992.018,657.224|1073.63,683.937|1114.55,858.387|1064.45,998.248|1032.34,1025.99|1018.87,998.651|985.333,930.825|951.569,653.707|871.75,659.618|729.912,673.662|655.065,677.25|625.281,695.232|600.443,781.391|667.288,737.112|993.922,958.457|959.292,1228.41|938.148,1418.51|927.931,1611.3|891.423,942.587|755.292,1153.38|769.627,1385.3|712.459,1557.29|979.502,590.936|940.266,611.573|961.282,579.496|1021.86,556.259|928.116,582.639|924.376,555.74
161|1|940.019,948.217|952.009,838.971|960.576,755.597|974.119,634.687|992.04,656.636|1073.28,683.899|1113.9,858.204|1065.66,1000.07|1034.45,1030.15|1018.82,999.039|987.006,932.712|951.621,653.185|871.901,660.008|730.081,674.008|655.38,677.806|625.354,696.276|600.427,781.513|667.373,736.915|994.041,956.507|971.352,1240.03|944.149,1435.61|936.966,1627.16|891.83,940.986|779.236,1188.19|786.558,1411.88|737.881,1582.96|979.619,590.422|941.461,610.255|962.647,578.369|1022.65,555.899|929.308,581.327|924.767,554.827
162|1|938.565,947.119|951.078,838.902|960.354,755.485|974.177,634.687|992.038,656.625|1073.17,683.902|1114.06,858.259|1067.83,1001.87|1034.54,1033.31|1018.9,999.474|988.659,934.402|951.632,653.162|871.894,659.813|730.403,674.169|655.693,678.554|624.474,695.538|600.165,781.385|666.787,736.454|992.425,955.601|978.179,1249.7|947.341,1444.6|942.173,1633.22|890.474,939.71|791.48,1205.87|794.202,1422.68|751.124,1591.87|979.826,590.469|941.767,611.743|962.223,579.341|1021.91,555.156|929.007,583.009|924.152,556.16
163|1|938.565,947.119|951.078,838.902|960.354,755.485|974.177,634.687|992.038,656.625|1073.17,683.902|1114.06,858.259|1067.83,1001.87|1034.54,1033.31|1018.9,999.474|988.659,934.402|951.632,653.162|871.894,659.813|730.403,674.169|655.693,678.554|624.474,695.538|600.165,781.385|666.787,736.454|992.425,955.601|978.179,1249.7|947.341,1444.6|942.173,1633.22|890.474,939.71|791.48,1205.87|794.202,1422.68|751.124,1591.87|979.826,590.469|941.767,611.743|962.223,579.341|1021.91,555.156|929.007,583.009|924.152,556.16
164|1|938.564,947.113|951.077,838.896|960.354,755.479|974.178,634.682|992.038,656.62|1073.18,683.898|1114.05,858.253|1067.84,1001.88|1034.56,1033.34|1018.91,999.482|988.665,934.42|951.633,653.156|871.895,659.807|730.4,674.161|655.688,678.544|624.467,695.523|600.158,781.365|666.766,736.425|992.424,955.595|978.21,1249.74|947.377,1444.45|942.229,1633.01|890.473,939.703|790.867,1205.49|793.623,1422.67|750.27,1591.85|979.828,590.463|941.771,611.729|962.236,579.333|1021.93,555.166|929.018,582.99|924.164,556.136
165|1|935.147,942.126|949.566,835.049|960.208,753.177|974.888,634.494|992.531,656.302|1073.02,684.468|1113.74,857.961|1065.24,997.719|1033.7,1034.46|1019.02,999.724|987.263,932.762|952.274,652.481|872.787,658.716|728.539,674.433|658.02,678.419|628.338,696.956|600.21,781.561|666.148,734.871|988.429,951.303|967.437,1234.11|942.565,1411.94|937.345,1597.36|887.516,934.083|747.01,1136.09|765.87,1356.26|715.216,1525.73|980.82,591.068|941.56,611.08|962.339,578.972|1022.78,555.849|929.295,582.43|925.579,556.306
166|1|934.77,943.244|949.668,835.389|960.55,753.227|975.063,634.63|992.753,656.459|1073.33,684.68|1113.93,858.275|1062.2,995.291|1032.83,1035.99|1019.21,1000.21|986.144,931.292|952.472,652.576|872.976,658.739|728.415,674.354|659.547,681.22|631.186,694.114|600.417,783.797|667.347,734.431|988.171,952.758|959.674,1228.48|937.784,1398.62|929.936,1584.12|887.072,934.908|740.13,1119.73|759.967,1344.59|704.602,1514.68|980.872,591.23|941.466,610.975|962.196,578.823|1022.7,555.756|929.167,582.402|925.536,556.579
167|1|939.967,944.042|952.297,835.347|960.342,753.686|975.231,636.423|992.83,658.189|1073.45,684.631|1113.41,857.593|1061.79,999.497|1042.17,1032.26|1019.51,997.792|988.199,932.872|952.616,654.036|873.188,658.93|727.599,675.055|659.863,686.661|631.101,692.433|601.556,785.474|668.846,734.853|993.344,952.888|946.856,1108.87|930.686,1293.69|918.918,1486.41|892.493,936.334|775.281,1125.2|794.067,1332.72|738.76,1502.14|981.112,593.544|941.185,610.919|962.034,578.958|1022.81,557.328|929.084,582.731|925.94,558.798
168|1|939.639,943.275|952.093,834.718|960.209,753.196|974.975,636.121|992.572,657.833|1073.11,684.465|1113.48,857.234|1061.39,998.938|1041.69,1032.06|1019.43,997.475|987.851,932.551|952.402,653.727|873.066,658.738|728.408,674.811|661.223,686.144|632.435,692.277|601.045,787.703|670.125,734.999|992.937,952.177|951.953,1113.93|934.299,1303.69|924.856,1500.16|892.238,935.518|750.768,1064.26|781.878,1284.23|721.332,1451.84|980.811,593.311|941.381,610.437|962.273,578.58|1022.74,557.224|929.278,582.265|925.784,558.439
169|1|941.609,947.228|953.205,836.739|960.609,753.86|974.699,634.743|992.495,656.619|1073.16,684.749|1113.76,858.428|1063.39,1000.91|1040.02,1033.76|1019.8,998.62|988.515,933.328|952.159,652.798|872.588,659.136|728.075,676.311|659.48,684.681|631.968,691.605|600.72,791.652|670.321,735.05|995.578,955.647|963.954,1176.13|941.667,1370.87|932.451,1569.81|893.631,939.906|773.871,1132.18|797.378,1342.71|744.335,1514.74|980.305,591.143|941.841,610.859|962.376,578.578|1022.29,555.337|929.217,582.368|924.73,556.756
170|1|941.235,945.964|952.96,835.687|960.446,752.982|974.687,634.167|992.427,656.02|1072.99,684.102|1113.87,857.498|1063.73,999.914|1040.04,1032.66|1019.88,997.938|988.36,932.947|952.15,652.152|872.679,658.414|728.691,675.847|660.787,684.626|633.333,691.853|601.627,791.68|671.667,734.278|995.101,954.439|950.059,1127.28|932.988,1346.6|920.772,1551.97|893.349,938.593|721.832,1034.93|750.541,1284.88|676.024,1452.03|980.353,590.676|941.713,610.994|962.262,578.744|1022.26,555.211|929.168,582.411|924.873,556.265
171|1|941.182,945.844|952.918,835.659|960.406,753.03|974.655,634.354|992.373,656.188|1072.88,684.263|1113.74,857.608|1063.85,1000.24|1039.94,1032.92|1020.03,998.324|988.46,933.251|952.137,652.31|872.748,658.559|728.885,676.041|661.047,684.906|633.512,692.333|601.536,792.179|671.866,734.427|994.996,954.321|949.301,1107.15|931.45,1333.13|919.619,1540.03|893.344,938.47|731.399,1037.94|761.36,1282.05|691.018,1450.73|980.318,590.918|941.556,611.768|962.205,579.599|1022.3,555.923|929.145,583.046|925.02,556.323
172|1|941.212,945.866|952.957,835.683|960.45,753.059|974.7,634.4|992.421,656.233|1072.95,684.315|1113.77,857.709|1063.89,1000.45|1039.93,1033.23|1020.07,998.544|988.45,933.489|952.18,652.353|872.784,658.603|728.932,676.171|661.136,685.16|633.62,692.681|601.549,792.525|671.918,734.741|995.026,954.349|950.292,1107.52|932.427,1330.87|921.445,1537.33|893.374,938.486|734.215,1040.51|765.181,1281.76|696.582,1450.9|980.364,590.971|941.084,611.561|961.826,579.447|1022.25,555.988|928.825,582.845|925.149,556.262
173|1|941.209,945.852|952.975,835.673|960.483,753.061|974.768,634.447|992.488,656.277|1073.03,684.327|1113.84,857.691|1064.03,1000.51|1040.29,1033.49|1020.15,998.592|988.659,933.656|952.235,652.392|872.809,658.632|728.958,676.416|661.171,685.785|633.479,693.702|601.342,794.117|671.878,735.256|995.026,954.347|951.544,1117.28|934.843,1329.01|925.466,1533.18|893.368,938.462|735.687,1037.66|766.73,1278.73|698.274,1447.83|980.449,591.035|941.346,611.592|962.24,579.553|1022.64,556.299|929.162,582.773|925.368,556.035
174|1|938.08,946.606|952.253,835.402|960.998,752.88|974.569,634.196|992.491,655.994|1073.41,684.286|1113.92,858.566|1064.56,1001.34|1037.02,1034.49|1020.45,999.259|988.338,933.381|952.088,652.222|872.468,659.063|730.622,676.105|661.97,681.657|633.696,695.058|598.715,797.879|672.093,734.224|992.001,956.402|951.334,1150.08|933.957,1353.88|924.247,1557.5|890.23,938.076|743.555,1056.7|772.77,1293.35|707.059,1465.35|979.92,590.745|940.435,611.404|961.385,579.21|1022.13,555.805|928.215,582.493|924.597,555.695
175|1|933.811,942.716|950.691,833.036|961.456,751.947|975.184,634.06|993.033,655.75|1073.51,684.51|1113.91,858.02|1065.53,999.857|1038.71,1033.66|1020.18,998.743|988.565,933.706|952.715,651.955|873.29,658.793|732.425,676.277|663.676,683.891|634.304,695.815|598.835,797.423|672.212,734.199|987.135,953.876|948.21,1158.9|926.982,1355.2|917.015,1555.79|886.465,932.968|743.224,1047.68|765.505,1285.39|698.479,1455.94|980.615,590.914|941.304,611.631|962.261,579.51|1022.87,556.146|929.116,582.718|925.415,555.825
176|1|933.612,941.312|950.693,831.965|961.594,751.151|975.467,633.715|993.263,655.365|1073.49,684.274|1113.71,857.621|1064.09,997.646|1036.42,1034.24|1020.07,998.008|987.147,932.639|953.001,651.513|873.687,658.362|732.641,676.506|663.997,684.976|634.225,696.391|598.777,797.346|672.237,734.069|986.792,952.573|934.064,1148.43|922.813,1338.58|911.038,1537.68|886.393,931.473|723.375,982.725|751.059,1232.07|676.649,1394.27|980.951,590.737|941.447,611.561|962.219,579.367|1022.84,555.733|929.179,582.765|925.621,555.993
177|1|932.637,943.019|950.281,833.333|961.434,752.389|975.257,633.98|993.106,655.779|1073.58,684.391|1113.9,858.198|1064.14,998.419|1035.59,1034.62|1020.14,998.176|987.109,932.595|952.765,651.918|873.286,658.645|731.988,676.987|664.222,686.677|635.968,696.927|598.493,798.267|672.099,734.574|985.914,954.694|936.641,1158.03|919.557,1347.39|905.797,1546.58|885.371,932.823|736.779,1043.88|758.554,1282.48|687.029,1450.71|980.705,590.631|941.085,611.877|962.503,580.013|1023.49,556.912|929.309,582.596|925.999,554.727
178|1|932.668,942.945|950.321,833.279|961.481,752.348|975.34,633.961|993.178,655.763|1073.61,684.386|1113.79,858.094|1064.2,998.415|1036.01,1034.79|1020.14,998.133|987.287,932.705|952.847,651.889|873.383,658.579|732.099,676.74|664.302,686.292|636.025,696.491|598.434,797.724|671.895,734.347|985.934,954.624|936.419,1149.42|918.099,1347.5|903.573,1548.61|885.411,932.745|733.563,1036.67|754.299,1280.07|680.55,1447.83|980.801,590.621|941.159,612.087|962.429,580.132|1023.37,556.728|929.275,582.862|925.944,554.98
179|1|932.671,942.921|950.322,833.255|961.48,752.324|975.339,633.936|993.177,655.737|1073.61,684.352|1113.82,858.042|1064.3,998.411|1036.13,1034.83|1020.23,998.143|987.363,932.75|952.846,651.864|873.384,658.553|732.11,676.697|664.334,686.228|636.067,696.412|598.481,797.635|671.956,734.26|985.936,954.599|936.032,1146|917.328,1347.73|902.376,1549.61|885.414,932.722|733.534,1036.11|754.108,1279.9|680.261,1447.68|980.8,590.595|941.133,611.992|962.381,580.026|1023.33,556.63|929.236,582.795|925.919,554.998
180|1|932.671,942.921|950.322,833.255|961.481,752.324|975.339,633.936|993.177,655.737|1073.61,684.352|1113.82,858.042|1064.3,998.411|1036.13,1034.83|1020.23,998.143|987.362,932.749|952.846,651.864|873.384,658.553|732.11,676.697|664.333,686.228|636.065,696.411|598.479,797.635|671.954,734.261|985.936,954.599|936.032,1145.97|917.323,1347.73|902.367,1549.62|885.414,932.722|733.504,1036.05|754.067,1279.88|680.197,1447.66|980.8,590.595|941.133,611.991|962.38,580.025|1023.33,556.63|929.235,582.793|925.919,554.998
181|1|932.671,942.921|950.322,833.255|961.481,752.324|975.339,633.936|993.177,655.737|1073.61,684.352|1113.82,858.042|1064.3,998.411|1036.13,1034.83|1020.23,998.143|987.362,932.749|952.846,651.864|873.384,658.553|732.11,676.697|664.333,686.228|636.065,696.411|598.479,797.635|671.954,734.261|985.936,954.599|936.032,1145.97|917.323,1347.73|902.367,1549.62|885.414,932.722|733.504,1036.05|754.067,1279.88|680.197,1447.66|980.8,590.595|941.133,611.991|962.38,580.025|1023.33,556.63|929.235,582.793|925.919,554.998
182|1|939.813,946.962|953.083,836.438|961.568,754.007|975.525,634.581|993.377,656.489|1074.06,685.178|1113.8,859.602|1065.25,1001.56|1035.18,1034.82|1020.4,998.781|988.204,933.573|952.975,652.704|873.31,659.189|730.725,676.396|664.717,681.108|634.624,695.085|598.656,797.739|671.857,733.832|993.731,956.24|953.553,1182.76|931.047,1384.97|919.091,1585.58|891.891,938.878|761.482,1118.72|778.788,1347.45|716.511,1519.82|981.083,590.859|941.439,612.184|962.334,579.962|1023.15,556.133|929.226,583.202|925.748,555.901
183|1|939.786,946.892|953.047,836.37|961.524,753.942|975.465,634.526|993.32,656.43|1073.99,685.09|1113.69,859.414|1065.37,1001.54|1035.55,1035.03|1020.48,998.737|988.383,933.713|952.917,652.651|873.252,659.148|730.683,676.423|664.731,681.204|634.751,695.21|598.848,797.847|672.051,734.05|993.702,956.164|952.825,1177.61|929.985,1386.16|917.56,1588.28|891.864,938.814|758.428,1114.38|775.704,1346.51|711.962,1518.85|981.017,590.808|941.389,612.144|962.292,579.926|1023.1,556.101|929.179,583.155|925.689,555.834
184|1|943.218,950.309|954.618,838.614|961.876,755.219|975.202,634.645|993.227,656.646|1074.4,684.974|1113.87,860.089|1065.48,1003.16|1034.45,1035.25|1020.54,998.901|988.467,933.824|952.704,653.019|872.815,659.181|731.234,676.478|661.656,682.99|634.984,693.866|598.22,797.741|671.224,734.239|997.661,958.412|959.749,1194.98|942.219,1400.93|932.955,1602.4|894.77,943.264|752.959,1108.19|780.163,1342.48|720.672,1517.51|980.491,590.488|941.29,612.205|962.384,580.018|1023.08,556.193|929.103,582.994|925.253,555.133
185|1|943.79,950.698|955.068,838.832|962.242,755.302|975.366,634.487|993.449,656.494|1074.66,684.881|1114.05,860|1066.32,1003.79|1036.45,1036.2|1020.52,999.343|989.264,934.764|952.878,652.932|872.916,659.21|730.956,676.449|661.273,682.68|634.85,694.066|598.434,797.929|671.559,734.486|998.316,958.745|971.501,1206.86|949.023,1412.5|941.846,1613.25|895.268,943.702|776.571,1148.43|796.608,1371.48|744.265,1546.71|980.579,590.236|941.435,612.283|962.547,580.049|1023.26,556.032|929.216,582.987|925.283,554.841
186|1|932.376,941.878|949.588,832.716|961.323,751.892|975.666,633.638|993.433,655.398|1073.73,684.641|1113.59,858.805|1064.48,999.911|1035.02,1037.71|1020.82,1000.19|988.151,933.408|953.05,651.576|873.438,658.591|730.812,676.392|663.424,683.935|635.207,695.438|598.5,797.446|671.76,734.282|985.766,952.638|956.886,1185.24|933.939,1374.71|928.662,1572.06|884.771,932.446|735.318,1044.43|760.194,1283.87|697.482,1456.47|981.421,590.354|941.049,612.285|962.028,580.024|1023.35,555.87|928.969,583.15|926.062,555.294
187|1|932.667,942.847|949.764,833.539|961.411,752.606|975.647,634.163|993.45,655.943|1073.91,685.119|1113.74,859.391|1064.49,1000.79|1035.71,1037.9|1020.86,1000.56|988.587,933.669|953.034,652.141|873.361,659.093|730.575,676.487|663.236,683.61|635.083,695.058|598.665,797.287|672.164,734.023|986.122,953.56|959.978,1191.37|931.614,1374.82|924.301,1570.43|885.006,933.457|762.206,1105.11|774.76,1329.65|716.728,1503.64|981.353,590.813|941.396,611.637|962.24,579.312|1023.25,555.605|929.125,582.761|925.815,555.993
188|1|932.66,942.685|949.751,833.39|961.392,752.463|975.627,634.026|993.426,655.805|1073.86,684.983|1113.6,859.178|1064.52,1000.67|1035.92,1037.92|1020.88,1000.44|988.647,933.686|953.019,652.002|873.365,658.939|730.584,676.204|663.196,683.187|634.978,694.559|598.432,796.66|671.848,733.583|986.108,953.394|953.549,1178.66|926.487,1377.36|916.232,1576.57|885.006,933.299|756.187,1097.08|768.129,1328.73|706.563,1502.55|981.332,590.677|941.404,611.473|962.263,579.171|1023.26,555.511|929.149,582.594|925.832,555.826
189|1|932.672,942.685|949.764,833.392|961.406,752.467|975.649,634.036|993.446,655.815|1073.87,684.991|1113.61,859.166|1064.63,1000.75|1036.09,1038.09|1020.99,1000.53|988.75,933.836|953.039,652.01|873.384,658.943|730.608,676.218|663.219,683.226|634.987,694.64|598.445,796.782|671.824,733.677|986.119,953.396|953.346,1177.4|926.187,1377.15|915.854,1576.62|885.018,933.299|755.261,1095.49|766.873,1328.7|704.648,1502.56|981.357,590.689|941.441,611.52|962.301,579.218|1023.29,555.54|929.185,582.634|925.857,555.833
190|1|932.626,942.299|949.75,833.086|961.409,752.217|975.668,633.863|993.45,655.64|1073.83,684.807|1113.5,858.765|1064.08,999.79|1036.12,1037.25|1020.51,999.592|988.292,933.211|953.071,651.813|873.47,658.678|730.609,675.597|662.896,682.358|634.749,693.785|598.215,795.603|671.388,732.455|986.033,953.031|948.742,1179.23|925.924,1368.32|915.374,1565.64|885.011,932.892|723.393,1033.97|734.794,1293.51|656.545,1462.96|981.375,590.543|941.46,611.657|962.273,579.347|1023.23,555.479|929.191,582.76|925.875,555.764
191|1|931.714,942.054|950.164,832.517|961.454,752.329|975.421,634.312|993.17,656.072|1073.44,684.374|1113.59,857.67|1064.66,1000.22|1036.62,1036.61|1020.44,999.397|988.821,933.89|952.983,652.15|873.79,658.854|732.507,675.381|663.548,681.814|635.981,692.825|598.954,792.873|671.778,730.74|984.741,954.129|943.74,1115.12|922.319,1311.86|909.127,1512.43|884.703,931.51|739.073,1029.4|755.289,1275.54|680.415,1442.94|980.915,591.118|941.868,612.514|961.978,580.04|1022,555.404|929.113,584.055|925.105,557.508
192|1|932.26,943.865|950.519,833.858|961.693,753.287|975.586,634.654|993.393,656.491|1073.81,684.745|1113.82,858.372|1065.42,1001.3|1037.27,1036.42|1020.53,999.768|989.345,934.296|953.115,652.605|873.747,659.269|731.79,675.559|662.581,681.327|635.62,692.732|598.932,793.323|671.989,730.193|985.494,955.858|947.334,1147.43|921.925,1342.67|908.522,1543.73|885.067,933.394|759.737,1085.14|771.377,1316.86|705.033,1488.82|981.056,591.23|941.364,611.468|962.36,579.483|1023.13,556.48|929.345,582.659|926.056,556.107
193|1|932.3,943.592|950.527,833.512|961.679,752.895|975.635,634.216|993.445,656.057|1073.88,684.324|1113.72,858.038|1066.74,1002.32|1038.99,1037.64|1021.25,1000.89|990.574,935.451|953.136,652.181|873.698,658.889|732.006,675.561|663.062,681.712|635.721,692.894|599.162,793.787|672.268,729.575|985.577,955.557|945.386,1106.87|917.072,1329.6|901.763,1536.57|885.067,933.146|766.792,1089.82|776.582,1318.98|712.724,1492.21|981.146,590.77|941.566,611.253|962.368,579.099|1023.03,555.692|929.341,582.504|925.862,555.985
194|1|937.578,946.714|952.53,835.892|961.651,753.555|975.669,633.685|993.535,655.673|1074.31,684.56|1113.79,859.194|1064.25,1003.61|1039.09,1038.64|1020.97,1000.91|990.025,934.852|953.086,651.866|873.355,658.854|729.44,675.045|665.393,680.224|633.881,690.724|597.965,793.085|669.869,727.113|991.364,957.344|954.34,1167.21|926.617,1382.7|913.217,1587.95|889.941,937.461|773.645,1131.19|787.332,1354.92|728.474,1528.41|981.249,589.785|941.343,612.039|962.428,579.855|1023.53,555.7|929.284,582.774|926.037,554.49
195|1|935.159,943.924|950.58,834.702|960.82,752.608|974.757,632.907|992.627,654.782|1072.97,684.584|1113.78,859.01|1068.22,1005.75|1038.46,1040.98|1021.05,1001.61|992.005,937.161|952.175,651.155|872.455,658.837|731.088,674.273|660.769,681.104|633.004,689.213|598.491,793.65|669.74,724.534|988.686,954.685|962.42,1203.18|929.431,1413.38|918.582,1613.91|887.644,934.534|781.076,1160.59|787.193,1380.87|733.158,1552.73|980.385,589.07|937.173,612.023|960.474,581.293|1024.29,559.459|927.477,581.413|927.72,550.003
196|1|935.277,944.954|950.637,835.374|960.842,753.007|974.927,632.895|992.82,654.848|1073.33,684.77|1113.71,859.723|1068.35,1007.05|1038.79,1042.69|1021.14,1002.44|992.532,937.778|952.27,651.198|872.334,658.817|730.913,673.759|661.294,679.921|632.936,688.016|598.345,793.569|670.111,722.182|988.974,955.684|965.134,1217.75|932.834,1421.64|922.146,1619.77|887.609,935.591|782.198,1173.63|789,1388.78|737.669,1559.66|980.626,588.902|941.488,610.587|962.592,578.306|1023.33,554.431|929.214,581.343|925.221,553.532
197|1|940.183,944.363|952.206,836.484|960.67,753.979|974.744,634.774|992.371,656.526|1072.29,685.615|1113.74,858.034|1063.15,995.761|1034.97,1023.13|1022.58,1001.85|985.97,929.913|952.355,652.917|873.351,658.81|730.028,673.612|730.957,660.797|664.121,678.028|598.113,764.238|681.508,702.244|993.526,953.107|977.367,1231.03|947.006,1432.81|937.505,1625.51|892.709,936.741|793.767,1193.86|802.187,1402.74|757.34,1569.58|980.452,591.16|941.342,609.175|962.374,577.71|1022.54,556.326|929.569,580.844|926.154,555.942
198|1|945.458,950.507|954.166,840.072|960.297,755.258|974.015,633.376|991.984,655.503|1073.29,684.731|1114.22,860.037|1070.43,1003.73|1035.49,1034.06|1022.81,1003.01|990.468,935.083|951.411,651.997|871.409,659.322|731.181,671.894|662.349,664.615|644.923,682.745|592.43,784.101|677.085,709.399|1000.05,957.34|987.467,1254.06|960.455,1459.95|955.044,1654.31|896.817,944.584|795.036,1216.3|808.311,1422.31|767.735,1590.65|979.584,588.729|939.014,609.387|961.126,577.864|1022.98,555.815|927.86,579.787|925.455,551.679
199|1|945.062,952.953|953.833,841.916|960.019,756.635|974.061,634.101|992.049,656.391|1073.81,685.641|1114.28,861.902|1071.2,1007.76|1036.58,1039.72|1022.93,1005.05|992.291,937.338|951.334,652.763|871.005,659.683|730.432,671.716|664.294,663.199|642.59,676.723|592.359,779.862|674.156,706.729|999.909,959.848|993.163,1263.7|965.774,1470.49|961.992,1665.18|896.198,946.978|797.176,1226.27|810.511,1430|772.435,1598.06|979.741,589.215|943.476,608.14|963.381,575.275|1021.96,551.663|929.778,580.003|923.045,555.759
200|1|942.161,951.174|952.77,841.393|960.553,756.427|974.703,633.357|992.799,655.785|1074.92,685.34|1114.39,862.534|1069.53,1009.12|1038.25,1042.29|1022.65,1004.56|992.375,937.521|951.836,652.081|871.05,659.305|728.508,672.039|675.28,664.483|635.517,670.052|595.459,776.264|676.038,702.898|996.879,959.173|993.045,1269.71|962.672,1474.35|960.097,1667.49|893.406,944.214|800.926,1231.84|808.555,1435.05|770.82,1602.35|980.406,588.251|943.7,607.052|964.292,574.273|1023.6,551.297|930.36,578.421|923.91,553.617
201|1|940.528,952.929|951.886,843.307|960.422,758.116|975.361,634.578|993.336,657.224|1076.03,685.419|1114.33,863.397|1067,1009.78|1036.18,1042.74|1022.83,1004.89|991.504,936.432|952.363,653.208|871.406,658.452|727.708,672.01|670.569,668.735|633.328,664.881|598.359,771.37|677.932,698.426|995.305,961.101|991.56,1275.78|959.948,1475.91|956.646,1665.72|891.659,945.807|800.671,1238.4|805.91,1439.25|770.228,1605.08|981.33,589.31|939.552,610.33|962.127,578.594|1025.16,556.484|928.589,580.272|926.909,551.552
202|1|940.714,951.853|952.028,842.474|960.534,757.446|975.47,634.086|993.426,656.698|1075.82,685.631|1114.07,863.391|1065.74,1009.38|1036.67,1042.57|1022.62,1004.34|991.169,936.02|952.489,652.697|871.601,657.996|728.093,669.269|670.771,663.965|633.616,658.961|597.109,764.432|675.819,690.756|995.411,959.991|990.965,1275.82|959.672,1471.74|955.341,1658.8|891.912,944.76|801.14,1238.34|806.014,1437.31|770.634,1601.83|981.449,588.881|943.241,612.149|963.441,578.914|1023.55,552.83|929.828,583.046|924.497,555.055
203|1|942.462,949.542|952.764,841.138|960.701,755.956|975.398,632.423|993.482,655.026|1075.66,685.325|1114.28,863.991|1068.5,1011.24|1033.8,1043.69|1023.01,1005.38|991.895,936.854|952.359,651.134|871.18,657.489|726.815,668.749|675.075,657.411|634.072,653.937|597.974,760.182|675.104,684.992|997.188,957.199|993.26,1275.46|963.079,1469.2|959.657,1654.78|893.612,942.876|805.236,1240.19|809.601,1438.02|773.492,1601.46|981.307,587.126|945.041,608.201|968.057,576.631|1028.21,555.282|933.469,577.621|927.284,548.117
204|1|942.228,949.192|952.503,840.808|960.419,755.64|975.079,632.094|993.158,654.699|1075.31,684.986|1113.91,863.503|1067.71,1010.21|1033.27,1042.44|1022.49,1004.35|991.209,935.903|952.062,650.802|870.928,657.013|726.508,667.099|674.7,654.657|634.003,650.208|598.086,755.969|676.036,679.206|996.933,956.839|990.564,1274.99|962.175,1463.65|957.545,1647.45|893.398,942.535|774.957,1223.96|783.162,1433.32|736.901,1596.01|980.962,586.789|943.228,608.771|964.788,576.213|1025.27,552.407|930.659,578.971|925.165,550.51
205|1|941.902,945.11|952.1,839.542|960.155,755.732|975.425,634.268|993.086,656.573|1074.12,686.41|1114.05,861.791|1075.24,1006.11|1035.63,1040.65|1022.64,1004.88|993.509,938.568|952.606,652.575|872.564,657.281|731.299,659.607|680.402,629.575|652.145,632.585|601.911,727.884|674.382,662.275|995.629,952.759|991.746,1265.72|962.449,1450.71|958.75,1628.54|893.931,938.443|798.094,1227.15|798.302,1425.5|758.564,1584.34|981.591,589.792|945.003,607.634|964.502,574.82|1022.93,551.464|931.217,580.039|924.832,557.118
206|1|941.903,945.1|952.101,839.532|960.157,755.722|975.43,634.258|993.089,656.563|1074.12,686.4|1114.05,861.775|1075.25,1006.09|1035.64,1040.63|1022.64,1004.87|993.516,938.554|952.611,652.564|872.571,657.266|731.314,659.568|680.431,629.508|652.184,632.493|601.952,727.771|674.437,662.146|995.63,952.749|991.745,1265.7|962.447,1450.63|958.747,1628.45|893.933,938.432|797.328,1226.79|797.488,1425.58|757.372,1584.4|981.596,589.781|945.021,607.582|964.552,574.789|1022.99,551.498|931.259,579.973|924.873,557.047
207|1|941.976,944.854|952.195,839.302|960.272,755.499|975.639,634.019|993.262,656.34|1074.2,686.229|1114.03,861.448|1075.31,1005.54|1035.86,1040.05|1022.69,1004.36|993.614,938.142|952.826,652.305|872.863,656.883|731.893,658.329|681.762,627.314|653.982,629.361|603.69,723.885|676.92,657.838|995.679,952.513|991.369,1265.25|962.16,1448.9|958.138,1626.29|894.029,938.178|780.203,1217.71|779.155,1425.46|730.87,1583.28|981.839,589.535|945.34,606.175|965.565,573.904|1024.2,552.163|932.151,578.345|925.944,555.54
208|1|936.96,938.469|950.66,834.038|960.492,752.623|974.345,633.721|992.238,655.839|1072.76,685.59|1114.27,859.28|1063.72,990.073|1036.07,1039.08|1025.52,1005.09|985.984,932.488|951.865,651.497|872.333,655.747|731.79,659.278|715.056,657.785|661.574,642.768|608.766,736.655|678.333,670.221|989.324,950.163|938.863,1242.33|938.346,1398.04|920.979,1573.77|890.699,928.293|681.632,1079.39|729.098,1282.45|669.658,1430.59|979.548,590.154|937.086,601.117|965.417,575.256|1029.63,567.45|932.39,569.903|934.882,542.241
209|1|936.982,938.32|950.691,833.87|960.539,752.429|974.458,633.448|992.33,655.587|1072.81,685.392|1114.27,859.092|1063.55,989.457|1035.81,1038.2|1025.33,1004.55|985.681,931.952|951.978,651.223|872.478,655.359|732.101,657.871|715.744,655.454|663.132,638.943|608.592,731.233|680.343,665.628|989.344,950.014|938.068,1241.77|937.636,1397.97|919.811,1573.78|890.724,928.143|679.63,1074.02|724.241,1281.16|662.353,1429.09|979.684,589.848|937.17,600.832|965.206,574.704|1029.39,566.44|932.177,569.772|934.534,542.466
210|1|931.162,931.245|948.755,827.303|961.491,749.315|978.149,633.051|994.934,654.97|1072.7,685.969|1112.43,855.714|1065.55,980.176|1035.71,1033.74|1024.34,1001.98|984.215,932.852|955.793,650.06|878.448,652.87|738.785,652.333|697.222,629.724|679.54,618.684|622.708,675.739|690.181,629.68|982.732,941.895|938.987,1199.83|923.277,1341.27|910.068,1519.6|885.05,921.873|714.241,988.962|739.313,1213.62|668.84,1363.97|984.593,590.515|942.008,601.622|963.662,571.842|1025.27,555.498|932.118,574.691|932.661,554.755
211|1|924.991,924.869|946.5,822.023|962.595,746.087|980.585,632.434|996.385,654.022|1071.16,685.257|1111.07,848.614|1062.8,963.246|1043.12,1025.56|1023.27,1001.07|982.08,932.72|958.777,648.766|884.277,650.973|750.235,646.008|713.055,619.891|670.765,602.977|626.74,623.757|697.462,603.54|975.135,936.571|936.037,1169.39|914.106,1312.37|901.657,1488.09|879.963,914.508|722.257,960.635|731.768,1201.68|660.93,1353.11|987.558,590.899|936.613,599.733|947.852,567.524|1006.17,540.589|923.371,582.595|931.624,577.652
212|1|921.138,924.243|944.632,821.199|962.327,746.064|981.179,632.923|996.675,654.517|1071.2,685.622|1111.07,848.091|1056.8,961.116|1040.91,1021.72|1019.86,998.413|974.599,936.118|959.381,649.045|885.381,650.664|751.47,646.035|729.469,620.805|675.91,621.437|631.166,644.039|702.727,616.316|971.006,936.772|952.492,1118.08|912.761,1273.39|901.243,1452.42|876.307,913.127|764.829,954.947|754.923,1201.94|687.552,1357.22|988.509,591.592|939.593,607.281|964.953,582.985|1029.68,571.621|936.302,578.153|946.339,548.49
213|1|921.007,924.062|944.447,821.023|962.076,745.818|980.805,632.492|996.298,654.099|1070.76,685.134|1110.89,847.431|1056.48,959.644|1040.59,1020|1019.72,997.514|974.202,935.035|959.06,648.642|885.184,650.162|751.456,643.563|730.045,616.075|677.478,613.277|633.581,631.951|704.993,603.84|970.866,936.575|952.066,1117.52|912.449,1274.33|900.904,1453.75|876.191,912.961|759.169,955.063|752.388,1202.37|683.999,1357.07|988.068,591.084|937.889,602.966|960.547,576.302|1025.05,562.574|932.336,576.133|942.087,553.442
214|1|919.67,921.995|943.82,819.655|961.798,744.936|981.411,631.946|996.625,653.666|1070.54,684.889|1109.16,846.489|1058.2,963.414|1040.93,1019.06|1019.2,997.232|975.593,935.747|959.669,647.841|886.27,648.821|753.604,633.288|719.818,596.603|678.058,584.099|653.044,585.444|704.671,566.957|969.194,934.993|951.627,1071.75|911.194,1243.03|901.543,1421.75|875.201,910.469|724.393,949.091|722.987,1200.91|645.842,1348.75|988.946,590.651|937.866,600.714|965.818,580.168|1031.45,576.839|938.528,571.575|953.073,542.871
215|1|916.155,920.546|943.183,818.932|961.2,744.948|981.53,631.913|996.54,653.771|1070.48,684.37|1109.32,845.42|1062.13,966.812|1041.6,1016.1|1019.21,996.126|977.547,936.595|959.775,647.646|886.678,648.881|757.693,632.311|710.434,592.275|687.018,584.71|651.195,578.927|703.493,561.218|965.098,936.01|942.669,1063.15|898.383,1246.61|881.099,1428.5|872.63,906.937|733.19,952.188|720.999,1203.16|640.784,1349.12|989.276,590.591|943.2,597.234|962.284,568.945|1022.67,553.508|934.299,574.034|939.661,560.319
216|1|916,921.215|943.148,818.753|961.224,744.115|980.728,629.926|996.013,651.847|1070.32,682.973|1109.14,845.14|1062.17,968.428|1041.3,1017.1|1019.18,996.243|977.418,936.388|958.981,645.968|885.444,647.785|756.854,630.402|712.428,588.372|682.437,579.327|651.375,575.362|704.539,553.749|965.337,936.738|937.572,1071.83|894.144,1260.12|875.072,1445.74|872.131,907.558|734.419,952.286|721.502,1207.11|639.478,1354.6|988.144,588.147|943.75,595.567|962.219,566.687|1021.62,550.029|933.833,572.472|937.343,558.818
217|1|915.768,921.732|943.47,818.662|961.803,743.85|980.807,629.07|996.269,651.008|1070.69,682.775|1109.28,845.76|1063.3,970.483|1040.34,1017.5|1019.09,996.057|977.776,936.629|959.049,645.295|885.203,647.776|756.716,626.884|718.685,578.55|680.428,565.845|653.835,560.951|705.206,549.305|965.361,937.487|944.007,1063.05|896.882,1256.02|878.498,1443.3|871.674,907.871|740.966,949.256|725.619,1206.85|643.036,1355.24|988.041,587.06|947.188,596.985|960.155,565.57|1014.75,541.463|932.827,577.212|932.371,567.813
218|1|915.636,922.186|943.28,818.885|961.559,743.935|980.351,628.816|995.884,650.769|1070.49,682.455|1109.4,845.707|1061.73,968.604|1039.2,1018.88|1019.24,996.164|976.677,936.127|958.594,645.131|884.626,647.452|756.498,622.874|719.306,571.278|679.386,555.515|641.011,546.784|705.576,537.11|965.337,937.905|931.011,1089.31|890.434,1280.59|870.361,1469.99|871.443,908.357|737.088,950.736|721.081,1213.15|637.883,1363.63|987.506,586.677|943.553,596.725|962.254,567.546|1021.79,549.647|933.5,572.754|936.454,556.556
219|1|915.475,922.06|943.127,818.771|961.414,743.824|980.222,628.706|995.749,650.66|1070.33,682.363|1109.14,845.549|1061.31,968.107|1039.1,1018.33|1018.83,995.774|976.253,935.84|958.465,645.02|884.506,647.347|756.415,622.773|719.558,571.112|679.708,554.958|640.723,545.571|707.314,536.301|965.172,937.777|929.405,1092.16|889.525,1282.45|869.047,1471.73|871.286,908.232|735.971,951.873|719.9,1214.63|636.387,1365.25|987.384,586.567|942.812,594.51|963.477,566.643|1024.16,552.394|934.443,569.691|938.542,552.892
220|1|915.475,922.059|943.127,818.77|961.413,743.823|980.221,628.705|995.748,650.659|1070.32,682.362|1109.14,845.547|1061.31,968.103|1039.1,1018.32|1018.83,995.772|976.251,935.837|958.465,645.018|884.506,647.345|756.414,622.766|719.555,571.099|679.703,554.94|640.715,545.544|707.305,536.277|965.171,937.776|929.415,1092.14|889.526,1282.46|869.049,1471.74|871.286,908.232|735.963,951.884|719.901,1214.63|636.389,1365.25|987.383,586.565|942.809,594.505|963.471,566.636|1024.15,552.386|934.439,569.688|938.538,552.895
221|1|914.641,920.593|942.742,818.121|961.479,743.906|981.1,629.484|996.369,651.427|1070.5,682.989|1109.34,845.248|1063.01,967.808|1039.04,1017.74|1018.97,995.902|977.318,936.517|959.323,645.568|885.748,647.263|756.641,621.182|715.661,567.444|681.346,550.104|650.107,539.171|709.128,529.682|963.969,936.483|940.11,1076.19|892.091,1269.67|873.247,1457.68|870.752,906.601|738.161,957.86|718.398,1217.78|635.861,1367.95|988.599,587.62|945.228,589.618|965.697,562.373|1025.35,551.331|936.716,566.338|939.957,554.808
222|1|914.626,921.859|942.687,818.515|961.623,743.92|979.997,628.055|995.634,649.989|1070.26,682.262|1109.37,845.88|1064.33,970.346|1038.46,1018.09|1018.83,995.686|977.564,936.675|958.261,644.603|884.166,647.451|756.424,619.281|718.533,559.886|683.025,536.619|650.705,526.531|710.16,521.016|964.401,937.625|932.824,1107.69|888.717,1297.07|869.626,1487.63|870.283,907.961|733.696,964.355|712.04,1231.02|627.66,1384.52|987.072,585.642|943.383,590.424|964.271,562.911|1024.52,550.688|935.018,566.129|938.407,551.768
223|1|914.597,921.882|942.593,818.582|961.497,744.025|979.939,628.243|995.548,650.171|1070.11,682.338|1109.54,845.85|1064.74,969.344|1036.89,1019.27|1019.55,995.991|977.791,936.751|958.207,644.768|884.165,647.485|756.075,619.248|717.781,560.229|684.328,539.187|652.234,526.022|711.554,518.805|964.35,937.602|932.757,1114.02|888.364,1302.67|868.976,1493.18|870.269,908.025|742.687,967.031|717.556,1234.57|634.924,1390.01|987.042,585.865|945.558,590.556|963.104,561.32|1020.61,545.147|934.214,568.547|934.789,558.248
224|1|914.597,921.882|942.593,818.582|961.497,744.025|979.939,628.243|995.548,650.171|1070.11,682.338|1109.54,845.85|1064.74,969.344|1036.89,1019.27|1019.55,995.991|977.791,936.751|958.207,644.768|884.165,647.485|756.075,619.248|717.781,560.229|684.328,539.187|652.234,526.022|711.554,518.805|964.35,937.602|932.757,1114.02|888.364,1302.67|868.976,1493.18|870.269,908.025|742.687,967.031|717.556,1234.57|634.924,1390.01|987.042,585.865|945.558,590.556|963.104,561.32|1020.61,545.147|934.214,568.547|934.789,558.248
225|1|912.441,922.449|940.495,819.292|960.228,744.793|980.805,629.1|995.856,651.227|1070.05,682.974|1109.23,845.444|1063.75,965.99|1038.38,1018.36|1019.85,996.214|977.43,936.404|958.906,645.302|885.408,646.246|760.003,612.325|722.288,547.948|691.238,522.076|662.281,508.843|712.497,501.662|962.118,937.866|934.839,1125.94|884.624,1316.02|866.603,1506.72|868.039,908.819|738.75,978.041|710.158,1246.5|630.687,1405.93|988.822,586.789|944.399,592.61|964.45,564.916|1024.47,551.296|935.856,568.81|940.005,554.483
226|1|911.978,922.542|940.048,818.971|959.773,744.215|980.062,628.015|995.247,650.183|1069.61,682.36|1108.96,845.47|1063.92,967.563|1038.16,1019.25|1019.86,996.401|977.512,936.419|958.124,644.352|884.31,645.245|758.993,610.004|721.38,544.614|690.112,518.592|663.209,500.613|713.791,495.279|961.861,937.954|935.873,1131.86|884.584,1322.97|866.081,1514.67|867.39,908.915|740.33,985.269|709.559,1256.33|629.692,1418.08|987.97,585.503|946.319,585.16|965.846,557.668|1024.13,546.87|936.724,563.011|938.177,554.547
227|1|911.697,923.247|939.834,819.528|959.583,744.679|979.645,628.288|994.902,650.463|1069.45,682.549|1109.29,845.792|1064.27,968.77|1038.61,1019.09|1019.78,996.406|977.809,936.481|957.716,644.682|883.799,645.429|758.718,608.833|721.69,542.677|689.81,517.161|664.097,499.812|714.638,496.453|961.641,938.703|934.5,1137.56|884.092,1328.21|864.96,1519.89|867.058,909.584|731.019,989.625|701.062,1262.8|618.984,1424.57|987.447,585.705|945.448,584.329|966.563,557.807|1025.71,549.581|937.194,561.313|939.455,551.782
228|1|911.766,923.158|939.951,819.361|959.742,744.437|979.927,627.92|995.173,650.136|1069.74,682.371|1109.41,845.931|1064.14,968.691|1037.43,1019.56|1020.12,996.499|977.638,936.531|957.969,644.312|884.012,644.82|759.16,606.715|722.956,539.497|691.558,513.363|666.46,495.451|717.567,493.418|961.75,938.643|935.105,1138.7|884.003,1329.68|864.665,1521.58|867.092,909.469|736.996,992.275|704.708,1265.84|624.234,1429.27|987.773,585.286|946.505,583.751|966.762,556.746|1025.18,547.548|937.379,561.322|938.684,552.948
229|1|912.469,924.354|940.362,820.322|960.015,745.365|979.511,628.63|994.965,650.795|1069.84,683.004|1109.28,847.157|1063.82,971.221|1037.95,1019.16|1019.76,996.111|977.556,936.423|957.574,645.172|883.304,645.529|759.625,604.469|724.168,537.407|691.871,511.29|668.441,491.423|718.836,493.425|962.58,939.671|936.111,1140.86|885.621,1331.28|866.268,1523.3|867.662,910.809|742.112,987.668|708.738,1263.3|627.431,1426.77|987.086,585.916|946.393,584.06|966.72,556.969|1024.98,547.977|937.06,561.556|937.719,553.371
230|1|912.499,924.406|940.416,820.336|960.094,745.369|979.66,628.619|995.113,650.796|1070.02,683.052|1109.4,847.294|1064.03,971.629|1038.24,1019.67|1019.89,996.396|977.777,936.701|957.698,645.158|883.377,645.482|759.792,604.682|724.567,537.94|692.186,512.081|668.589,492.728|719.814,495.129|962.629,939.736|936.303,1141.37|885.732,1331.33|866.432,1523.36|867.673,910.849|742.072,988.703|709.106,1263.82|627.995,1427.49|987.269,585.9|946.556,584.01|966.925,556.912|1025.23,547.964|937.232,561.477|937.889,553.283
231|1|914.658,924.323|941.395,820.062|960.13,745.192|979.663,628.791|995.167,650.96|1070.24,682.927|1109.45,847.393|1063.69,975.745|1039.38,1018.32|1019.33,995.581|978.147,936.935|957.666,645.268|883.208,644.077|759.352,602.763|724.001,542.736|689.382,515.13|666.709,494.207|723.482,493.301|964.91,939.029|948.686,1100.68|895.359,1295.37|877.691,1487.79|869.714,911.322|753.26,981.951|723.352,1251.63|643.471,1413.25|987.215,586.192|947.404,584.327|966.841,556.629|1024.35,546.51|937.052,562.343|936.518,555.23
232|1|914.504,924.346|941.275,819.872|960.051,744.839|979.801,628.212|995.298,650.44|1070.39,682.654|1109.09,847.41|1063.43,975.963|1039.63,1018.37|1019.01,995.454|977.969,936.789|957.733,644.705|883.131,643.308|759.901,601.212|725.469,540.608|689.992,512.549|665.623,492.407|724.847,494.368|964.863,939.061|945.877,1113.52|894.241,1302.18|876.328,1494.07|869.462,911.337|751.776,983.904|724.168,1252.03|644.868,1414.47|987.454,585.525|947.469,583.918|967.496,556.42|1025.42,546.819|937.551,561.434|937.274,553.412
233|1|914.912,925.712|941.672,821.022|960.501,745.801|980.268,628.634|995.802,650.953|1071.07,683.424|1109.29,848.798|1061.41,976.282|1039.45,1019.5|1018.72,995.611|977.034,936.15|958.164,645.193|883.435,643.669|760.614,598.999|735.083,534.434|690.783,508.837|668.092,493.7|725.145,489.485|965.382,940.438|943.643,1133.03|892.431,1321.21|874.049,1513.73|869.767,912.692|752.507,998.326|724.337,1266.27|646.556,1431.66|987.911,585.747|947.987,583.988|968.116,556.515|1026.09,547.099|938.097,561.446|937.752,553.437
234|1|914.86,925.716|941.646,820.966|960.499,745.705|980.358,628.476|995.887,650.815|1071.2,683.311|1109.47,848.796|1061.59,976.287|1039.4,1019.53|1018.86,995.649|977.119,936.121|958.227,645.036|883.444,643.456|760.961,598.587|736.059,533.843|692.357,508.31|670.295,492.951|726.246,487.972|965.361,940.454|943.132,1136.26|892.192,1322.82|873.681,1515.06|869.687,912.686|745.842,1000.08|719.622,1267.39|640.342,1432.12|988.046,585.565|948.602,583.961|968.772,556.485|1026.53,547.085|938.637,561.301|937.877,553.056
235|1|915.701,927.2|941.387,822.179|960.114,746.737|980.066,629.447|995.621,651.77|1071.41,683.335|1109.53,849.04|1061.74,975.784|1039.58,1019.58|1018.86,995.686|977,936|957.857,646.058|882.872,643.569|761.596,596.559|735.585,530.689|698.211,506.103|669.732,489.834|725.672,487.467|966.38,941.053|944.054,1144.16|894.783,1328.63|878.698,1520.19|870.229,914.924|750.993,992.286|724.051,1262.09|647.13,1428.78|987.861,586.533|948.516,583.485|968.837,556.142|1026.65,547.66|938.553,561.025|937.634,553.863
236|1|919.763,927.304|943.64,822.233|961.067,746.432|980.477,629.242|996.099,651.506|1071.64,683.403|1109.45,848.841|1062.01,976.038|1040.18,1018.8|1018.73,995.486|977.289,936.211|958.399,645.875|883.613,643.514|763.14,595.941|735.371,530.76|698.011,505.176|669.298,491.426|727.02,487.562|970.53,940.24|946.053,1150.59|900.642,1334.3|884.988,1524.77|874.209,915.849|753.247,996.753|729.343,1266.4|653.039,1432.85|988.003,586.354|948.686,582.861|968.92,555.635|1026.6,547.38|938.745,560.604|937.88,553.889
237|1|919.087,926.783|943.488,822.157|961.729,746.411|980.965,629.665|996.547,651.785|1071.82,683.542|1109.48,848.415|1062.2,975.61|1041.02,1017.86|1018.65,995.304|977.521,936.371|958.968,646.295|884.424,643.772|763.463,597.732|732.967,533.733|698.78,508.934|668.73,491.172|728.354,488.374|969.632,939.812|952.186,1157.8|902.5,1337.99|887.883,1526.8|873.662,915.225|759.684,1011.12|732.01,1279.96|659.166,1449.37|988.494,586.958|948.499,582.481|969.006,555.629|1027.06,548.27|939.025,560.38|938.951,554.212
238|1|919.73,926.084|943.779,821.838|961.856,746.034|980.99,629.484|996.554,651.567|1071.64,683.456|1109.28,848.069|1060.15,973.495|1041.04,1017.51|1018.64,994.977|976.461,935.348|959.05,646.085|884.666,643.685|763.047,597.599|741.561,533.132|708.697,543.394|692.447,541.484|749.659,497.289|970.163,938.894|957.325,1161.51|905.049,1339.74|891.18,1527.62|874.392,914.718|773.135,1018.76|742.666,1286.29|673.332,1457.15|988.462,586.847|952.693,582.712|971.273,555.125|1026.14,545.937|941.048,561.535|936.956,556.81
239|1|922.055,923.457|945.396,820.142|962.991,744.995|982.301,629.472|997.67,651.401|1071.85,683.549|1109.38,846.492|1065.02,973.787|1043.42,1013.75|1018.02,994.466|979.123,937.279|960.492,645.882|886.74,643.426|764.669,599.932|721.746,535.743|702.716,516.891|679.947,521.347|737.832,480.763|972.085,935.893|957.635,1158.93|908.534,1335.08|895.584,1520.55|877.072,912.423|769.547,1008.7|742.014,1274.43|671.962,1441.72|989.86,587.222|954.586,577.703|972.322,550.929|1026.17,544.226|942.557,558.589|938.163,559.237
240|1|921.884,923.547|945.214,820.231|962.796,745.117|982.148,629.643|997.52,651.565|1071.78,683.629|1109.46,846.643|1065.91,974.865|1044.23,1014.71|1018.68,995.362|980.101,937.857|960.318,646.052|886.516,643.476|765.5,599.59|724.742,535.443|705.459,516.21|681.806,520.091|735.594,481.916|971.92,935.97|958.382,1153.39|908.906,1332.96|896.109,1519.31|876.894,912.523|758.269,1018.58|735.655,1278.44|664.038,1444.09|989.736,587.414|951.878,582.624|970.526,555.342|1026.34,546.47|940.888,561.873|938.822,557.841
241|1|921.884,923.546|945.213,820.23|962.796,745.116|982.148,629.641|997.52,651.564|1071.78,683.627|1109.47,846.642|1065.92,974.873|1044.24,1014.73|1018.69,995.372|980.107,937.87|960.317,646.05|886.514,643.475|765.497,599.6|724.74,535.462|705.449,516.24|681.786,520.123|735.546,481.962|971.92,935.97|958.387,1153.42|908.911,1332.93|896.118,1519.27|876.893,912.523|758.332,1018.58|735.675,1278.47|664.076,1444.15|989.735,587.412|951.874,582.621|970.531,555.343|1026.35,546.481|940.891,561.863|938.83,557.823
242|1|921.746,924.259|945.13,820.395|962.712,744.817|982.314,628.763|997.723,650.842|1072.3,682.998|1109.72,846.885|1064.9,974.032|1041.85,1017.2|1019.11,995.751|979.021,937.216|960.372,645.205|886.285,642.266|765.392,601.505|735.984,543.641|705.725,531.276|679.716,515.128|730.613,487|972.04,936.74|955.948,1159.92|907.886,1336.04|893.705,1522.2|876.534,913.188|756.461,1011.35|733.575,1274.36|661.31,1441.21|989.963,586.303|950.02,585.223|969.789,557.77|1027.44,547.742|940.099,562.861|939.944,554.606
243|1|922.331,923.462|945.591,819.776|963.054,744.437|981.721,628.498|997.323,650.452|1071.85,682.864|1109.54,846.69|1061.25,972.025|1043.07,1016.61|1018.81,995.301|977.12,936.074|959.906,645.053|885.788,642.136|765.478,602.297|745.611,551.211|706.427,524.695|668.904,517.936|763.574,491.509|972.569,935.892|958.044,1156.84|908.962,1331.63|893.87,1517.49|877.173,912.437|773.331,1008|748.031,1269.42|677.665,1436.39|988.977,586.07|949.03,582.139|970.533,556.005|1028.84,549.815|940.566,559.251|941.031,551.27
244|1|922.361,923.087|945.4,820.037|962.775,745.117|982.654,629.644|997.926,651.655|1072.03,683.498|1109.37,846.302|1062.71,970.232|1042.82,1015.94|1018.96,995.35|977.723,936.535|960.751,645.958|887.008,642.459|766.201,601.115|742.195,546.982|706.756,522.531|670.331,512.233|745.343,491.806|972.341,935.346|958.529,1159.76|907.884,1334.77|893.792,1519.41|877.415,912.211|779.236,1030.93|751.888,1287.02|685.89,1455.48|990.43,587.414|952.664,579.805|972.322,553.455|1028.47,547.472|942.505,559.036|940.701,556.135
245|1|922.35,923.116|945.384,820.054|962.754,745.136|982.609,629.662|997.891,651.669|1072.03,683.499|1109.44,846.346|1062.76,970.375|1042.82,1016.12|1019.02,995.496|977.745,936.674|960.703,645.983|886.935,642.504|766.156,601.358|742.256,547.412|706.767,522.845|669.809,512.03|745.952,493.34|972.337,935.37|958.566,1158.78|907.854,1335.3|893.728,1520.32|877.397,912.244|777.653,1030.89|750.735,1286.67|684.204,1454.84|990.377,587.433|952.415,581.052|971.971,554.441|1028.22,547.581|942.177,560.052|940.481,556.266
246|1|923.05,923.594|945.897,820.314|963.146,745.188|982.491,629.341|997.89,651.319|1072.14,683.28|1109.61,846.405|1063.73,972.225|1043.2,1016.32|1019.25,995.849|978.602,936.969|960.64,645.805|886.767,642.802|766.226,601.327|742.279,545.517|705.457,522.986|668.538,509.095|750.214,495.316|973.143,935.752|964.895,1167.72|910.163,1344.27|896.47,1529.06|878,912.807|793.768,1063.98|761.74,1315.19|701.782,1486.88|990.076,586.971|949.979,583.24|970.737,556.791|1028.72,549.603|941.044,560.889|941.504,553.639
247|1|923.935,923.492|946.129,819.796|962.742,744.308|981.773,628.405|997.254,650.34|1071.45,682.729|1109.23,845.938|1066.43,976.514|1046.44,1012.34|1018.96,994.421|980.949,937.607|959.939,644.943|885.966,641.746|769.134,605.747|756.026,555.661|707.128,538.625|656.885,524.775|745.749,502.263|974.214,935.392|970.601,1131.55|915.869,1313.32|901.495,1500.73|878.747,912.944|795.37,1048.42|767.593,1297.08|705.755,1467.22|989.251,586.004|951.528,584.253|971.22,557.005|1027.57,547.641|941.228,561.939|939.267,554.042
248|1|926.773,922.136|947.776,818.913|963.366,743.951|983.082,629.483|998.279,651.267|1071.97,682.714|1109.14,844.599|1064.35,970.856|1044.56,1014.34|1019.81,995.128|979.493,936.439|961.285,645.719|887.878,642.398|767.893,606.941|749.792,557.835|710.066,536.387|661.147,515.95|759.435,494.611|976.786,933.479|967.785,1113.99|919.602,1299.35|907.688,1485.94|881.845,912.092|781.802,1003.14|766.085,1251.67|701.591,1414.82|990.87,587.64|957.377,588.145|969.219,558.043|1018.95,539.457|941.197,570.91|934.603,569.774
249|1|926.512,922.709|947.558,819.129|963.156,743.668|982.328,628.572|997.634,650.4|1071.31,682.602|1109.12,844.588|1064.14,970.724|1045.24,1013.82|1019.6,995.028|979.301,936.368|960.626,644.936|887.212,642.565|767.58,607.891|746.127,557.035|706.344,533.907|662.899,510.384|759.482,491.892|976.669,934.105|966.371,1144.21|917.752,1328.73|905.013,1515.78|881.468,912.621|768.771,1029.08|752.337,1280.77|686.114,1446.82|989.843,586.475|951.996,574.944|971.84,549.506|1027.86,546.151|942.239,555.171|940.797,555.335
250|1|926.946,923.083|947.889,819.634|963.424,744.275|982.421,629.343|997.73,651.11|1071.34,683.16|1109.35,844.999|1064.4,970.464|1044,1014.07|1020.2,995.073|979.251,936.475|960.773,645.711|887.473,643.464|768.686,609.637|749.305,559.399|711.134,534.813|668.943,509.638|760.921,492.767|977.033,934.425|968.156,1148.07|918.849,1331.88|906.224,1518.39|881.962,913.043|780.205,1031.22|759.473,1283.64|695.719,1451.15|989.879,587.317|951.866,582.237|971.563,555.805|1027.72,548.594|941.997,560.899|940.681,555.734
251|1|930.262,925.225|949.239,821.072|963.598,745.014|981.716,628.865|997.258,650.638|1071.11,682.911|1109.17,845.295|1067.49,973.355|1045.23,1012.53|1019.87,994.851|980.879,937.603|960.122,645.585|886.489,644.342|768.385,611.725|749.91,560.94|716.74,530.838|681.708,496.952|767.879,488.33|980.75,935.354|978.561,1169.8|925.771,1358.68|915.059,1545.63|884.841,916.259|800.359,1079.58|773.976,1330.24|716.459,1502.14|988.895,586.388|948.873,582.759|971.166,557.513|1029.51,552.558|941.489,559.384|942.777,549.981
252|1|930.272,925.223|949.259,821.065|963.628,745.008|981.778,628.856|997.316,650.633|1071.18,682.914|1109.27,845.326|1067.63,973.441|1045.34,1012.64|1020,994.954|980.983,937.696|960.175,645.575|886.531,644.302|768.563,611.634|750.51,560.875|717.67,530.71|683.376,496.674|768.04,488.301|980.764,935.357|978.89,1170.17|926.019,1358.72|915.48,1545.61|884.847,916.254|799.03,1077.78|772.631,1329.89|714.381,1501.74|988.972,586.378|949.06,583.326|971.043,557.799|1029.25,552.097|941.356,560.008|942.395,550.501
253|1|930.386,925.332|949.392,821.246|963.787,745.248|982.039,629.204|997.547,650.974|1071.39,683.211|1109.49,845.566|1067.8,973.506|1045.26,1012.61|1020.18,995.001|981.16,937.707|960.431,645.895|886.831,644.565|769.546,612.304|753.948,561.996|723.305,530.524|692.745,494.93|770.876,490.216|980.842,935.472|979.387,1171.36|927.289,1359.09|917.149,1545.61|884.992,916.356|790.974,1066.73|766.493,1323.39|705.229,1494.63|989.283,586.772|950.071,585.129|970.28,558.376|1027.46,549.613|940.699,562.639|940.438,554.092
254|1|929.971,923.566|949.305,819.895|963.805,744.27|982.566,629.336|997.909,651.066|1071.49,682.958|1109.19,844.535|1066.26,971.872|1046.52,1011.68|1019.99,994.773|980.651,937.424|960.964,645.74|887.699,643.815|770.488,612.532|760.026,566.384|741.623,531.39|724.293,495.047|783.464,491.614|980.183,933.969|976.449,1118.88|928.208,1308.99|918.167,1496.93|884.83,914.36|788.719,1022.06|772.047,1273.63|709.942,1440.36|989.934,587.309|951.339,584.539|971.422,558.015|1028.1,549.92|941.887,562.405|941.208,554.852
255|1|929.556,923.613|948.997,819.908|963.595,744.278|982.575,629.335|997.891,651.081|1071.47,683.036|1109.06,844.78|1065.26,970.691|1045.12,1012.48|1020.03,994.559|979.595,937.02|960.917,645.73|887.567,643.951|770.526,613.18|760.191,567.132|741.065,534.488|725.967,500.314|783.972,496.021|979.789,934.052|976.076,1141.76|926.888,1328.27|916.96,1515.65|884.391,914.372|781.918,1033.9|766.426,1284.06|703.814,1451.33|990.058,587.31|950.49,584.653|970.924,558.218|1028.31,550.328|941.451,562.31|941.656,554.362
256|1|930.041,923.63|949.35,819.871|963.87,744.166|982.614,629.118|997.969,650.838|1071.55,682.855|1109.27,844.608|1064.43,969.312|1044.6,1012.73|1019.99,994.377|978.77,936.723|960.995,645.568|887.667,643.886|771.067,613.994|764.524,567.541|749.985,532.954|743.913,496.578|791.612,492.468|980.298,933.998|978.408,1152.16|928.034,1339.08|917.791,1526.15|884.852,914.454|790.791,1044.83|771.783,1294.62|711.778,1463.95|990.014,587.052|950.568,582.299|971.373,556.369|1028.78,550.174|941.864,560.217|942.137,553.578
257|1|929.954,923.751|949.296,820.052|963.893,744.407|982.814,629.319|998.141,651.05|1071.75,683.051|1109.37,844.844|1064.96,969.62|1044.96,1012.44|1020.01,994.396|979.123,936.848|961.156,645.769|887.791,644.134|772.322,614.16|768.818,567.097|755.897,530.373|752.428,490.831|799.479,494.264|980.199,934.102|983.507,1161.54|929.28,1349.63|919.518,1536.28|884.763,914.587|805.985,1074.21|780.915,1319.06|726.565,1490.7|990.316,587.245|949.398,581.147|971.079,555.822|1029.59,551.304|941.709,558.914|943.552,552.516
258|1|931.118,922.553|950.11,819.149|964.385,743.757|983.187,629.012|998.467,650.682|1071.81,682.679|1109.18,843.985|1066.47,968.944|1043.77,1012.12|1019.97,994.167|979.64,937.313|961.623,645.403|888.542,643.789|776.22,614.108|776.511,567.236|763.063,528.807|762.573,483.965|812.752,493.681|981.22,932.766|978.269,1134.22|930.406,1322.79|920.72,1509.95|886.069,913.514|787.361,1021.28|773.192,1270.49|712.882,1436.94|990.619,587.06|950.938,582.757|971.762,556.913|1029.21,550.568|942.412,560.611|943.032,553.537
259|1|931.56,920.125|950.797,817.536|965.045,742.867|984.069,629.361|999.161,650.872|1071.81,682.687|1109.01,842.57|1068.17,967.411|1044.61,1010.48|1019.81,994.047|980.812,938.066|962.617,645.518|890.107,644.026|779.934,614.345|781.214,569.353|770.349,536.472|766.036,500.432|816.602,495.6|981.248,930.596|977.381,1098.77|928.865,1291.05|918.966,1476.86|886.933,910.861|794.882,1013.57|778.661,1258.28|717.061,1419.9|991.584,587.876|952.308,586.326|970.619,559.067|1026.64,548.235|941.886,565.351|941.59,558.918
260|1|931.328,920.267|950.505,817.578|964.724,742.85|983.716,629.21|998.825,650.717|1071.45,682.607|1108.6,842.506|1068.52,967.982|1045.64,1010.23|1019.73,994.151|981.297,938.123|962.25,645.413|889.691,643.724|781.647,612.278|786.909,566.149|779.573,530.961|781.211,492.708|821.86,491.55|981.065,930.688|981.668,1099.96|929.993,1293.7|920.417,1480.27|886.65,911.049|806.719,1023.87|787.009,1265.34|728.408,1428.7|991.248,587.678|952.129,583.715|971.694,557.387|1028.16,549.488|942.668,562.411|942.605,556.473
261|1|932.089,920.604|951.048,817.39|965.066,742.222|983.473,627.971|998.738,649.468|1071.52,681.417|1108.98,841.583|1071.11,969.151|1046.5,1009.06|1019.66,994.074|982.789,938.793|962.042,644.376|889.283,643.251|781.731,614.292|787.322,568.136|782.324,530.925|790.61,490.454|825.802,496.651|982.065,930.943|981.267,1101.32|931.196,1297.14|921.167,1485.02|887.208,911.463|799.279,1032.91|782.253,1276.86|721.756,1441.55|990.807,586.2|952.151,582.438|973.116,556.842|1029.96,550.678|943.721,560.024|943.721,552.106
262|1|933.041,921.512|951.344,818.4|965.257,743.296|982.881,628.656|998.255,649.994|1071.32,681.064|1109.29,841.085|1073.43,967.793|1044.81,1009.91|1020.19,994.544|983.534,939.151|961.573,645.318|888.808,644.561|784.721,614.246|793.237,564.729|793.044,530.958|803.506,493.128|831.094,499.316|982.99,931.283|987.898,1135.77|935.498,1328.03|928.545,1515.44|888.093,912.862|804.213,1038.66|784.832,1285.59|726.762,1452.75|990.051,586.765|953.718,584.117|972.722,557.413|1027.5,548.47|943.282,562.615|940.675,555.882
263|1|933.096,921.806|951.359,818.562|965.266,743.383|982.911,628.609|998.303,649.956|1071.45,681.057|1109.23,841.307|1073.27,967.989|1044.59,1010.08|1020,994.513|983.361,939.07|961.571,645.308|888.714,644.499|785.961,613.767|797.382,564.038|798.957,529.327|809.835,490.988|842.511,495.974|983.111,931.54|989.838,1140.14|937.026,1329.63|930.696,1516.64|888.083,913.189|807.952,1041.53|787.833,1288.17|731.294,1456.43|990.114,586.67|952.76,585.027|972.164,558.295|1027.74,549.075|942.749,563.066|941.049,555.144
264|1|933.274,921.637|951.591,818.397|965.567,743.211|983.503,628.439|998.833,649.814|1071.88,681.051|1109.28,841.318|1073.43,967.72|1044.99,1009.66|1019.93,994.202|983.566,938.713|962.12,645.108|889.294,644.093|788.32,612.804|803.01,562.688|806.766,527.063|820.011,487.917|853.744,491.995|983.288,931.391|988.112,1136.13|936.245,1329.9|929.081,1517.8|888.257,913.001|806.776,1038.06|786.304,1287.15|728.668,1455.3|990.845,586.504|952.9,584.779|972.279,558.014|1028.17,548.715|942.966,562.908|941.745,555.166
265|1|934.746,921.285|952.5,818.092|966.127,742.88|983.833,628.273|999.14,649.549|1071.95,680.908|1109.36,840.754|1072.62,965.689|1045.13,1009.86|1020.08,994.393|982.955,938.413|962.539,644.974|890.005,644.034|795.227,610.405|817.891,561.096|819.774,532.033|830.598,495.938|856.501,489.258|984.717,930.716|992.617,1141.97|940.963,1334.11|933.93,1521.1|889.751,912.935|810.099,1025.84|791.457,1276.65|734.578,1444.29|991.14,586.404|950.673,585.558|970.123,558.729|1027.34,548.747|941.33,563.667|942.354,555.358
266|1|934.766,921.266|952.533,818.07|966.173,742.856|983.931,628.247|999.228,649.53|1072.03,680.914|1109.39,840.77|1072.67,965.718|1045.21,1009.89|1020.11,994.395|983.02,938.421|962.629,644.942|890.096,643.961|795.476,610.202|818.416,560.865|820.498,531.701|831.652,495.463|857.454,489.075|984.74,930.704|992.289,1141.43|940.766,1334.28|933.582,1521.42|889.771,912.911|810.048,1025.74|791.372,1276.62|734.438,1444.25|991.26,586.378|951.042,585.492|970.61,558.743|1027.74,548.971|941.75,563.505|942.603,555.05
267|1|934.767,921.265|952.535,818.069|966.175,742.855|983.936,628.245|999.233,649.529|1072.03,680.914|1109.39,840.771|1072.67,965.719|1045.21,1009.9|1020.12,994.395|983.023,938.421|962.634,644.94|890.1,643.957|795.489,610.192|818.443,560.855|820.538,531.687|831.708,495.446|857.509,489.069|984.741,930.703|992.282,1141.41|940.761,1334.29|933.573,1521.43|889.771,912.91|810.053,1025.74|791.375,1276.62|734.443,1444.26|991.266,586.377|951.059,585.489|970.63,558.743|1027.76,548.977|941.767,563.499|942.612,555.04
268|1|934.768,921.265|952.535,818.069|966.176,742.854|983.937,628.245|999.234,649.529|1072.03,680.914|1109.39,840.771|1072.67,965.72|1045.21,1009.9|1020.12,994.396|983.024,938.421|962.634,644.94|890.101,643.956|795.492,610.191|818.449,560.854|820.546,531.686|831.72,495.445|857.52,489.07|984.741,930.703|992.281,1141.41|940.76,1334.29|933.571,1521.43|889.772,912.909|810.053,1025.74|791.374,1276.62|734.441,1444.26|991.268,586.377|951.061,585.489|970.633,558.743|1027.76,548.978|941.77,563.499|942.614,555.038
269|1|934.768,921.265|952.535,818.069|966.176,742.854|983.937,628.245|999.234,649.529|1072.03,680.914|1109.39,840.771|1072.67,965.72|1045.21,1009.9|1020.12,994.396|983.024,938.421|962.634,644.94|890.101,643.956|795.492,610.191|818.449,560.854|820.546,531.686|831.72,495.445|857.52,489.07|984.741,930.703|992.281,1141.41|940.76,1334.29|933.571,1521.43|889.772,912.909|810.053,1025.74|791.374,1276.62|734.441,1444.26|991.268,586.377|951.061,585.489|970.633,558.743|1027.76,548.978|941.77,563.499|942.614,555.038
270|1|934.768,921.265|952.535,818.069|966.176,742.854|983.937,628.245|999.234,649.529|1072.03,680.914|1109.39,840.771|1072.67,965.72|1045.21,1009.9|1020.12,994.396|983.024,938.421|962.634,644.94|890.101,643.956|795.492,610.191|818.449,560.854|820.546,531.686|831.72,495.445|857.52,489.07|984.741,930.703|992.281,1141.41|940.76,1334.29|933.571,1521.43|889.772,912.909|810.053,1025.74|791.374,1276.62|734.441,1444.26|991.268,586.377|951.061,585.489|970.633,558.743|1027.76,548.978|941.77,563.499|942.614,555.038
271|1|936.451,918.54|954.566,815.769|968.617,740.821|988.304,626.865|1003.16,648.272|1075.19,680.583|1110.08,840.327|1073.57,963.727|1046.39,1007.42|1020.05,993.086|983.586,937.881|966.769,643.227|894.649,642.019|804.531,613.545|851.511,569.617|844.718,537.013|841.427,498.288|860.042,484.057|986.242,928.143|989.555,1093.23|938.377,1305.68|929.346,1495.9|891.602,910.032|815.696,1025.11|795.482,1271.75|739.377,1437.61|996.496,585.248|964.652,577.678|984.372,552.487|1036.79,548.199|954.327,556.485|948.514,552.25
272|1|937.193,917.515|955.215,814.441|969.226,739.16|988.875,624.63|1003.75,646.106|1076.13,677.696|1122.03,835.017|1089.68,955.08|1054.81,1001.78|1036.88,994.287|997.176,938.031|967.328,641.088|895.162,640.147|806.339,614.211|864.944,571.093|857.696,539.275|853.157,502.559|863.936,484.509|987.141,927.071|999.465,1107.21|943.506,1307.86|936.911,1496.79|892.2,909.05|823.069,1038.35|802.802,1278.59|750.333,1446.18|997.092,582.781|960.433,567.404|980.947,543.547|1036.21,543.862|951.563,548.239|949.943,550.471
273|1|959.38,837.798|969.686,771.069|976.904,717.972|992.88,640.379|978.513,650.635|927.322,652.602|825.931,668.446|802.494,660.347|788.438,649.906|784.136,662.833|800.052,666.728|1002.03,655.668|1042.81,681.079|1064.61,785.115|1046.73,807.49|1049.83,819.621|1027.57,827.9|1032.16,795.855|926.382,833.92|854.335,906.295|848.519,1061.81|821.76,1092.44|988.823,841.313|960.487,953.827|945.922,1115.53|932.026,1136.62|998.077,611.611|946.464,617.031|947.205,607.563|975.465,608.475|952.671,600.073|993.355,579.389
274|1|959.412,837.894|969.718,771.078|976.926,717.922|992.807,640.229|978.45,650.521|927.263,652.64|825.874,669.556|801.12,663.062|786.602,653.037|782.144,666.157|798.601,669.53|1001.98,655.515|1042.88,680.753|1065.6,784.81|1047.31,806.512|1050.24,818.352|1027.8,826.668|1032.21,794.824|926.382,834.025|853.542,907.996|848.436,1064.21|821.228,1095.68|988.879,841.401|959.994,955.374|945.742,1118.01|931.394,1139.91|997.945,611.425|946.205,616.937|946.994,607.461|975.423,608.332|952.395,599.951|993.097,579.179
275|1|959.412,837.894|969.72,771.075|976.931,717.916|992.817,640.219|978.459,650.51|927.271,652.616|825.868,669.474|801.091,663.006|786.569,652.986|782.093,666.12|798.553,669.498|1001.99,655.506|1042.89,680.745|1065.63,784.804|1047.32,806.506|1050.24,818.344|1027.8,826.662|1032.21,794.817|926.38,834.024|853.515,908.025|848.416,1064.26|821.194,1095.75|988.881,841.402|959.964,955.406|945.713,1118.07|931.346,1139.98|997.957,611.415|946.212,616.925|947.003,607.447|975.437,608.317|952.404,599.939|993.109,579.169
276|1|957.819,842.843|968.356,771.862|975.561,715.637|991.672,633.91|976.459,644.919|921.698,643.177|824.558,609.378|871.936,563.351|894.675,538.758|919.369,509.812|913.423,536.2|1001.58,649.95|1045.67,675.126|1074.93,784.744|1052.89,793.303|1053.84,812.11|1025.15,827.996|1029.49,796.197|922.965,839.177|840.272,928.119|830.269,1097.04|801.107,1123.84|988.827,846.168|951.933,969.717|936.751,1144.65|916.245,1165.78|997.128,603.212|951.427,572.57|954.234,569.613|973.281,596.514|965.748,561.756|1013.48,567.707
277|1|956.984,848.074|968.332,774.738|976.105,716.615|990.938,631.864|975.288,643.472|918.391,641.546|831.658,595.18|889.165,534.445|912.122,507.864|950.326,496.521|923.509,498.998|1001.65,648.402|1048.3,671.933|1078.7,785.654|1051.77,798.889|1055.38,815.964|1022.61,828.91|1027.94,796.927|921.551,845.147|834.266,938.299|820.873,1114.56|790.861,1140.65|988.284,850.724|951.114,977.004|932.775,1157.08|911.814,1174.9|996.399,599.808|945.915,566.88|951.303,564.873|975.684,594.903|961.635,555.823|1012.31,562.328
278|1|957.159,850.36|968.633,775.7|976.595,716.606|991.743,630.737|975.777,642.491|917.953,639.559|838.523,587.715|899.652,525.307|925.301,499.995|965.844,498.875|944.381,498.314|1002.64,647.581|1050.37,671.1|1080.28,787.603|1055.84,806.284|1057.46,822.056|1021.01,830.858|1027.42,797.565|921.102,847.428|838.088,974.018|823.433,1163.24|791.209,1189.81|988.997,853.015|955.041,986.725|934.768,1171.22|913.968,1189.11|997.414,598.029|945.911,570.307|948.715,566.682|971.768,592.959|960.055,557.411|1011.18,558.96
279|1|957.477,851.125|968.791,774.974|976.582,714.684|990.915,627.021|974.773,639.218|915.666,636.539|839.795,585.346|904.338,523.532|931.92,499.619|972.618,506.85|957.65,514.977|1002.26,644.046|1051.13,667.272|1082.01,785.891|1057.16,809.771|1057.94,825.289|1019.73,832.41|1026.99,797.924|920.685,848.413|836.74,965.898|817.015,1154.1|786.732,1179.81|989.943,853.587|958.585,991.616|938.459,1180.14|917.362,1196.95|996.283,593.564|940.638,573.238|944.476,565.613|971.804,583.674|954.596,558.385|1006.9,555.351
280|1|957.812,853.203|969.734,776.526|978.016,715.828|993.62,627.571|977.203,639.656|917.632,637.105|840.516,594.405|904.684,533.383|929.804,506.959|969.893,497.872|951.618,508.509|1004.82,644.88|1053.8,668.7|1082.62,788.666|1056.69,815.904|1057.47,829.875|1018.64,833.807|1027.93,798.375|920.779,850.22|838.558,972.279|818.924,1163.62|788.319,1190.45|990.487,855.906|958.721,995.169|937.034,1185.08|916.3,1201.45|999.438,593.966|965.193,553.836|960.527,552.403|963.359,586.033|977.974,544.253|1022.69,556.755
281|1|957.843,858.714|969.012,783.36|977.004,723.52|991.858,636.22|975.7,648.379|916.643,646.11|833.998,615.395|897.633,568.958|917.587,539.82|950.275,518.31|930.68,532.705|1003.06,653.167|1051.49,674.874|1097.3,778.937|1071.51,780.014|1058.64,810.835|1025.96,824.36|1020.88,797.624|921.325,856.477|865.143,989.682|847.647,1179.22|823.249,1206.13|990.055,860.756|960.347,994.134|938.051,1175.25|918.082,1188.6|997.202,602.822|981.253,559.418|967.691,560.648|954.605,597.853|986.263,551.259|1014.95,566.02
282|1|954.873,854.35|962.492,780.761|967.559,721.746|973.082,635.401|958.422,649.172|900.084,657.387|820.962,673.551|882.171,620.953|894.994,588.195|917.528,556.332|905.197,575.872|985.89,650.607|1035.67,662.971|1066.01,733.266|1026.43,657.642|1003.71,655.297|1011.35,693.479|1041.87,669.54|919.015,854.862|863.824,981.085|858.791,1163.1|836.611,1175.11|986.42,853.966|909.002,947.116|884.067,1117.36|855.38,1129.73|974.728,601.794|951.119,555.384|965.171,548.724|979.216,566.168|971.101,558.649|1004.46,597.145
283|1|952.38,849.913|956.27,777.104|957.826,717.7|955.743,632.157|944.028,649.412|886.414,670.754|821.666,693.369|841.624,613.117|870.88,592.727|899.081,565.917|889.434,589.82|968.384,643.955|992.092,633.304|912.574,616.912|945.284,584.516|958.888,601.731|981.799,639.722|999.847,585.554|916.981,854.602|860.721,989.866|867.192,1160.09|848.743,1154.54|983.306,845.88|967.485,985.68|967.132,1160.7|949.887,1164.01|952.018,598.111|953.718,546.039|971.97,548.74|981.467,570.504|967.889,561.034|973.996,613.076
284|1|952.581,849.367|956.642,776.221|958.253,716.542|956.392,630.396|944.691,647.67|887.096,669.359|821.133,693.671|839.654,613.496|868.73,592.833|896.678,565.841|887.495,589.691|968.948,642.345|992.349,631.994|912.19,616.456|945.046,582.194|960.161,597.749|983.314,635.645|997.176,571.481|917.058,853.944|860.188,989.712|865.823,1160.49|847.422,1154.61|983.612,845.431|968.793,986.747|969.162,1163.44|952.463,1167.56|952.695,596.219|954.993,543.961|973.29,546.971|982.672,569.055|968.959,559.179|974.361,611.416
285|1|954.7,850.803|967.213,775.831|974.39,715.869|963.855,627.045|958.59,641.588|911.977,664.563|818.978,737.883|824.89,676.843|826.163,640.691|861.546,618.527|860.514,632.679|973.055,641.284|976.224,652.975|906.533,676.678|881.299,632.491|902.154,632.015|934.461,635.971|906.097,618.303|922.095,851.38|832.556,950.383|830.584,1122.98|804.897,1138.57|982.905,850.356|955.971,982.869|965.085,1170.06|940.582,1207.25|955.568,595.739|960.814,531.858|977.281,543.445|981.167,590.225|975.072,541.962|979.62,587.078
286|1|954.597,848.672|967.433,772.019|974.862,710.828|964.269,619.988|959.599,635.335|912.454,660.295|822.16,741.971|811.916,682.632|815.746,645.711|853.476,626.559|853.166,640.483|972.956,634.219|972.596,642.503|885.617,636.393|894.064,599.348|914.235,617.177|945.014,642.109|923.407,602.866|921.555,849.309|822.528,948.966|816.298,1124.01|787.176,1136.74|983.127,848.176|954.307,984.741|967.927,1177.07|942.134,1219.01|955.637,587.643|935.426,533.954|955.79,533.198|980.089,556.777|951.383,543.615|971.694,590.931
287|1|954.555,846.935|970.149,767.745|978.89,704.844|969.061,612.091|964.307,626.545|917.59,648.266|829.113,741.598|801.753,704.325|807.711,668.18|843.106,642.65|840.668,655.217|977.582,627.6|976.924,641.763|901.54,679.098|857.839,635.65|875.181,637.003|910.279,634.888|893.122,612.358|920.727,845.664|812.081,942.73|798.041,1125.05|765.938,1140.5|983.736,848.087|948.472,991.324|962.565,1192.98|934.928,1242.32|960.622,579.534|952.635,522.984|973.26,527.022|993.334,554.588|965.417,536.846|973.526,588.436
288|1|952.606,847.176|968.769,767.658|977.792,704.54|968.081,611.527|963.499,625.887|917.619,646.642|831.131,742.98|794.318,716.833|800.696,681.274|835.222,654.731|832.662,665.754|976.404,627.193|974.903,641.697|896.189,676.025|840.3,637.133|851.883,637.498|888.502,629.603|878.762,614.811|918.714,845.606|806.789,939.018|789.928,1121.86|755.913,1138.84|981.829,848.587|944.515,991.485|958.383,1194.04|930.299,1245.69|959.632,578.909|966.005,522.409|982.753,527.333|987.03,555.605|980.152,537.079|984.272,589.481
289|1|954.001,842.099|968.614,763.114|978.4,701.356|971.684,609.612|965.927,623.945|918.791,645.315|840.294,743.801|802.289,712.352|799.06,676.792|835.597,652.94|836.384,661.17|980.166,624.992|983.487,638.325|907.85,637.751|898.114,585.273|873.649,599.381|880.695,640.008|874.104,609.031|919.747,839.47|846.954,985.398|821.214,1169.79|790.076,1172.57|983.667,844.433|958.455,1012.27|964.596,1223.14|936.088,1267.67|964.53,577.158|970.66,525.325|987.699,529.421|993.663,552.847|983.782,540.536|986.451,591.627
290|1|953.879,846.275|970.924,764.879|981.805,701.702|975.297,608.467|970.392,622.07|923.151,639.589|834.973,732.205|797.093,699.498|797.629,663.023|840.812,650.988|840.509,657.983|982.913,624.866|982.842,640.324|901.318,622.193|915.276,567.632|889.132,572.212|885.776,614.832|889.54,599.066|921.209,842.743|806.087,968.609|789.31,1170.43|747.532,1192.57|981.95,849.362|942.585,1010.32|958.795,1223.96|924.648,1279.61|967.955,575.833|977.51,531.406|992.909,531.876|993.576,545.791|991.598,546.307|994.951,595.64
291|1|952.525,846.659|972.012,767.097|984.998,705.338|983.863,613.11|979.599,626.342|933.73,641.583|846.364,719.513|801.756,676.243|800.199,638.049|840.632,649.03|841.735,656.529|989.165,629.638|980.405,643.691|892.951,587.133|967.972,548.631|992.422,554.989|977.055,550.997|1025.62,543.659|921.247,842.024|801.34,980.74|780.208,1189.56|731.768,1209.7|979.392,850.689|941.173,1018.56|948.587,1234.19|913.295,1286.71|978.267,580.368|952.396,531.64|974.778,528.745|1014.34,561.355|956.929,526.491|963.356,552.075
292|1|951.447,847.977|973.032,768.605|987.185,707.02|987.33,615.2|983.297,627.714|938.74,640.97|845.076,714.1|799.059,673.022|799.72,634.852|838.827,649.925|840.32,657.484|992.008,632.201|981.696,647.841|892.194,597.898|947.216,537.557|968.739,533.09|1004.97,534.699|990.749,539.69|920.516,842.162|787.742,973.657|757.457,1185.25|704.818,1209.16|978.014,853.019|934.346,1022.98|936.331,1241.63|898.034,1294.23|982.158,582.742|941.734,546.794|961.158,536.006|1009.09,551.909|943.349,540.463|957.084,562.077
293|1|951.17,848.367|973.391,769.113|987.886,707.628|989.034,615.994|985.207,628.278|941.648,640.494|845.692,711.968|799.529,669.311|801.506,631.162|839.859,648.622|842.348,654.96|993.198,633.145|981.335,649.153|892.168,595.82|960.269,547.867|998.593,552.058|1040.18,557.984|1012.55,541.255|920.738,842.334|789.522,980.225|760.567,1195.54|706.06,1221.42|977.285,853.59|931.123,1024.47|931.389,1244.15|891.677,1297.81|984.184,583.576|949.447,549.76|970.903,541|1015.98,561.872|952.862,539.57|964.137,553.599
294|1|951.249,848.37|973.968,768.573|989.005,706.627|991.079,613.887|987.12,626.557|943.416,639.444|845.629,709.547|799.113,663.85|802.694,625.287|840.014,645.942|843.388,651.839|995.084,631.071|982.858,646.381|897.826,584.132|971.798,543.456|1011.88,541.113|1054.43,540.59|1020.89,541.026|920.728,842.417|788.516,982.604|759.111,1200.3|703.707,1226.05|977.415,853.52|929.996,1025.58|929.371,1247.37|888.859,1301.07|986.494,580.916|947.882,548.121|967.958,536.959|1015.53,553.063|949.463,539.129|961.69,555.686
295|1|951.249,848.37|973.968,768.573|989.005,706.627|991.08,613.887|987.12,626.557|943.417,639.444|845.63,709.547|799.113,663.849|802.695,625.286|840.014,645.942|843.389,651.839|995.085,631.071|982.858,646.382|897.827,584.132|971.799,543.456|1011.88,541.113|1054.43,540.588|1020.89,541.026|920.729,842.417|788.517,982.605|759.113,1200.31|703.709,1226.06|977.415,853.52|929.996,1025.59|929.37,1247.37|888.859,1301.07|986.495,580.916|947.886,548.12|967.963,536.959|1015.53,553.067|949.468,539.127|961.694,555.682
296|1|951.249,848.37|973.969,768.574|989.007,706.627|991.082,613.888|987.123,626.557|943.42,639.444|845.631,709.545|799.114,663.846|802.696,625.284|840.016,645.94|843.391,651.837|995.087,631.072|982.86,646.383|897.831,584.13|971.804,543.457|1011.89,541.112|1054.43,540.587|1020.89,541.026|920.729,842.417|788.517,982.604|759.111,1200.3|703.707,1226.06|977.415,853.521|929.995,1025.59|929.368,1247.38|888.857,1301.07|986.498,580.916|947.89,548.12|967.967,536.96|1015.53,553.069|949.472,539.127|961.698,555.683
297|1|951.713,849.889|976.593,771.838|993.389,711.285|1000.38,620.497|996.856,632.328|963.602,640.869|857.509,705.037|800.856,655.253|807.58,620.016|843.803,644.882|855.896,647.334|1002.41,637.862|985.96,653.576|908.357,584.122|982.104,545.542|1019.84,536.209|1061.16,528.65|1028.54,543.599|923.326,843.165|796.609,989.501|766.354,1208.69|708.868,1237.06|976.007,855.684|922.268,1026.88|914.102,1247.05|870.381,1299.56|997.541,587.989|962.158,556.059|980.404,544.405|1025.79,558.459|961.297,547.961|969.614,565.512
298|1|951.426,849.912|977.209,771.457|994.466,710.557|1001.82,619.226|998.807,631.054|972.518,638.969|863.016,702.705|800.2,648.199|807.542,614.826|843.608,642.027|857.55,646.193|1003.25,636.759|984.734,653.092|908.686,580.201|985.996,545.351|1025.93,539.813|1067.94,536.46|1031.55,547.489|923.676,843.147|787.823,983.998|749.691,1205.18|687.809,1233.47|975.125,855.728|917.769,1028.53|906.597,1251.27|860.619,1303.7|999.034,586.486|967.311,557.457|987.19,546.624|1031.13,562.92|967.571,546.213|974.044,557.432
299|1|951.475,851.321|978.376,773.459|996.446,713.123|1005.64,622.799|1002.84,634.138|982.03,639.817|870.538,698.426|806.404,640.627|813.27,609.976|847.647,639.437|862.32,644.13|1006.28,640.453|986.153,657.332|913.374,582.127|990.339,546.921|1029,538.729|1069.12,531.992|1035.47,546.769|924.722,843.915|782.035,978.163|738.392,1200.04|672.607,1230.75|974.309,857.679|913,1032.84|897.814,1257.98|848.414,1311.61|1003.52,590.375|973.603,561.028|992.965,550.299|1035.74,566.57|973.148,550.131|977.918,561.925
300|1|951.555,851.439|978.625,773.62|996.888,713.33|1006.56,623.019|1003.72,634.363|983.194,639.982|871.308,697.831|807.391,639.366|814.407,608.727|848.54,638.51|863.235,643.352|1007.09,640.672|986.803,657.378|915.025,581.103|992.725,547.275|1032.02,540.579|1073.65,535.817|1038.36,547.978|924.873,843.974|781.582,977.668|737.353,1199.59|671.249,1230.33|974.328,857.848|912.562,1033.1|896.908,1258.43|847.217,1312.06|1004.61,590.564|974.906,561.1|994.316,550.456|1036.99,566.925|974.477,550.18|979.113,561.961
301|1|948.867,857.342|978.622,781.574|997.14,722.534|1006.61,634.301|1005.94,645.147|997.714,646.272|881.138,681.24|814.912,622.991|819.327,603.829|848.197,637.977|863.874,641.818|1005.09,651.726|978.473,667.792|926.986,576.227|1003.66,538.127|1041.77,533.268|1080.15,529.628|1047.47,542.684|927.371,849.863|764.339,953.469|724.446,1174.17|647.702,1220.57|967.105,863.712|886.689,1024.63|863.693,1242.6|807.256,1295.18|1004.65,602.526|994.423,553.516|1012.27,551.776|1042.54,584.719|991.92,549.221|982.51,575.411
302|1|948.937,857.647|978.905,781.963|997.613,723.007|1007.53,634.868|1006.91,645.7|999.736,646.778|883.168,680.49|816.864,621.309|820.928,602.342|849.375,636.942|865.116,641.07|1005.82,652.28|978.798,668.023|928.433,575.682|1006.3,539.786|1045.73,537.348|1087.13,537.13|1052.37,542.232|927.677,850.087|763.769,952.654|722.689,1173.52|645.188,1219.81|966.973,864.085|885.407,1024.52|861.223,1242.42|804.303,1294.58|1005.74,603.092|997.271,552.851|1014.96,551.952|1044.07,586.228|994.651,549.014|984.08,575.961
303|1|948.98,858.402|979.473,782.901|998.69,724.139|1009.83,636.126|1009.28,647.004|1004.6,648.36|888.168,679.339|821.509,617.735|824.379,599.167|851.936,634.725|867.663,639.696|1007.66,653.471|979.731,668.125|932.87,573.556|1012.24,541.077|1051.86,538.193|1093.28,537.205|1058.54,542.526|928.283,850.663|762.442,951.002|718.849,1172.34|639.713,1218.45|966.53,864.987|882.578,1025.45|856.735,1244.16|798.356,1296.54|1008.48,604.29|1001.21,552.213|1018.32,551.993|1046.69,587.207|997.848,549.402|985.924,578.33
304|1|948.094,859.097|979.005,782.753|998.245,723.239|1008.84,633.634|1008.76,645.143|1009.21,648.715|892.73,679.728|823.098,613.273|823.001,594.541|850.413,630.997|865.94,637.533|1006.4,650.915|977.046,663.78|935.953,564.33|1019.12,538.945|1059.22,538.985|1101.36,541.19|1065.68,545.363|928.004,851.854|758.007,950.556|712.17,1174.98|630.656,1221.46|965.092,865.246|877.705,1025.21|850.203,1245.56|790.884,1297.2|1007.24,601.145|988.484,568.401|1003.52,557.553|1039.03,573.341|982.089,559.995|975.135,577.318
305|1|947.169,860.15|978.322,782.85|997.401,722.422|1007.02,631.066|1007.32,643.263|1012.01,649.053|895.378,680.973|823.445,610.24|821.19,590.944|848.157,627.913|863.874,635.031|1004.53,648.282|974.237,659.673|938.88,555.947|1025.22,537.262|1066.75,539.173|1108.22,542.871|1070.36,545.236|927.422,853.652|753.817,950.693|706.834,1177.6|624.018,1224.5|963.84,865.656|873.837,1024.93|846.107,1246.64|786.712,1297.92|1005,597.896|983.29,563.895|995.847,551.85|1032.26,564.571|974.645,558.058|968.323,580.35
306|1|945.118,864.467|976.491,785.937|994.688,724.104|1000.9,630.275|1002.48,643.631|1015.88,652.905|900.531,684.431|827.029,606.644|819.341,589.488|843.205,624.902|859.873,631.033|998.249,647.226|965.585,657.262|938.233,548.158|1027.45,536.739|1070.31,540.097|1113.1,546.316|1072.4,548.917|927.173,859.871|746.804,949.891|701.351,1179.54|616.21,1230.49|960.198,868.347|865.565,1027.21|843.235,1251.66|783.142,1305.79|997.587,596.204|979.021,561.323|991.94,549.395|1027.17,563.702|969.855,554.565|960.678,576.185
307|1|944.382,868.398|976.082,789.901|993.818,727.7|998.211,633.082|1001.12,647.261|1021.28,658.4|909.73,688.436|833.898,608.13|820.81,591.586|840.486,623.633|859.028,629.031|994.851,649.563|959.08,657.013|933.007,547.26|1025.56,537.373|1069.58,538.177|1113.84,540.395|1077.32,537.214|929.267,865.661|744.129,945.487|700.31,1174.16|613.359,1228.36|957.037,870.7|854,1019.83|834.082,1239.98|774.296,1294.42|994.287,598.646|980.673,562.455|993.089,551.117|1025.41,567.257|970.511,555.333|957.265,576.954
308|1|944.112,870.228|976.054,791.459|993.754,728.803|997.864,633.33|1001.24,648.263|1023.27,661.106|912.171,692.816|834.416,611.505|820.303,593.924|838.881,624.397|858.398,629.648|994.14,649.439|956.827,653.843|930.348,546.206|1025.55,537.843|1070.27,540.249|1114.15,544.605|1077.06,546.717|930.169,868.749|742.332,943.659|698.085,1171.7|610.791,1226.25|955.762,871.474|848.376,1015.33|829.579,1233.42|770.237,1287.56|993.822,598.46|980.349,562.903|992.795,551.085|1025.25,566.678|969.937,555.364|956.293,576.403
309|1|946.048,881.404|976.931,795.885|990.055,727.914|989.128,626.665|1001.42,643.67|1048.68,658.596|962.055,702.404|855.002,631.814|843.168,617.756|835.198,624.604|859.112,631.53|978.073,642.805|921.068,650.695|915.969,605.561|1016.92,540.922|1069.04,529.157|1125.19,524.138|1059.72,550.603|958.971,889.281|754.211,928.885|730.895,1177.52|626.884,1272.18|935.365,874.901|768.333,985.344|791.86,1205.85|726.242,1292.55|984.742,589.61|967.999,571.589|979.453,552.139|1014.96,552.593|955.039,559.295|941.317,568.649
310|1|946.129,881.443|977.069,795.948|990.306,728.006|989.802,626.761|1002.04,643.817|1049.37,658.936|962.976,702.512|856.089,631.596|844.098,617.453|835.901,624.234|859.889,631.257|978.659,642.854|921.576,650.394|917.315,605.741|1019.02,542.142|1071.6,531.674|1127.94,527.807|1062.18,553.233|959.12,889.328|754.505,928.811|730.992,1177.56|626.867,1272.33|935.39,874.934|768.127,985.011|791.104,1205.64|725.26,1292.18|985.582,589.691|969.054,571.601|980.555,552.2|1015.96,552.802|956.109,559.254|942.235,568.553
311|1|946.154,881.459|977.104,795.956|990.37,728.013|990.009,626.759|1002.24,643.834|1049.63,659.018|963.396,702.558|856.516,631.547|844.422,617.364|836.102,624.113|860.147,631.169|978.829,642.838|921.701,650.24|917.875,605.828|1019.92,542.68|1072.74,532.828|1129.17,529.491|1063.32,554.465|959.19,889.345|754.63,928.843|731.068,1177.72|626.875,1272.61|935.376,874.949|768.008,985.002|790.851,1205.73|724.916,1292.28|985.846,589.68|969.391,571.491|980.973,552.143|1016.38,552.909|956.495,559.097|942.583,568.362
312|1|946.206,881.491|977.178,795.977|990.504,728.038|990.436,626.771|1002.64,643.883|1050.14,659.2|964.213,702.635|857.38,631.415|845.096,617.159|836.543,623.854|860.688,630.978|979.183,642.82|921.97,649.947|919.029,605.975|1021.76,543.728|1074.99,535.137|1131.57,532.883|1065.5,556.925|959.331,889.379|754.883,928.884|731.208,1177.98|626.886,1273.09|935.355,874.98|767.792,984.989|790.396,1205.89|724.295,1292.48|986.391,589.675|970.064,571.316|981.786,552.06|1017.2,553.113|957.256,558.841|943.277,568.048
313|1|946.206,881.491|977.178,795.977|990.504,728.038|990.436,626.771|1002.64,643.883|1050.14,659.2|964.213,702.635|857.38,631.415|845.096,617.159|836.543,623.854|860.688,630.978|979.183,642.82|921.97,649.947|919.029,605.975|1021.76,543.728|1074.99,535.137|1131.57,532.883|1065.5,556.925|959.331,889.379|754.883,928.884|731.208,1177.98|626.886,1273.09|935.355,874.98|767.792,984.989|790.396,1205.89|724.295,1292.48|986.391,589.675|970.064,571.316|981.786,552.06|1017.2,553.113|957.256,558.841|943.277,568.048
314|1|946.241,881.514|977.23,795.991|990.595,728.054|990.716,626.779|1002.91,643.913|1050.48,659.315|964.738,702.662|857.947,631.295|845.546,616.995|836.846,623.661|861.053,630.828|979.416,642.809|922.148,649.764|919.78,606.009|1022.9,544.301|1076.38,536.344|1133.02,534.594|1066.95,558.264|959.424,889.401|755.043,928.904|731.287,1178.16|626.878,1273.4|935.343,875.003|767.655,984.992|790.116,1206.01|723.912,1292.64|986.747,589.671|970.54,571.219|982.335,552.016|1017.72,553.235|957.773,558.695|943.718,567.86
315|1|946.25,881.52|977.243,795.995|990.618,728.059|990.785,626.781|1002.97,643.922|1050.56,659.345|964.863,702.676|858.081,631.273|845.653,616.962|836.918,623.617|861.14,630.796|979.473,642.806|922.192,649.718|919.965,606.029|1023.19,544.459|1076.73,536.661|1133.38,535.034|1067.32,558.622|959.446,889.407|755.081,928.909|731.303,1178.2|626.874,1273.47|935.341,875.009|767.623,984.99|790.047,1206.04|723.818,1292.67|986.835,589.67|970.644,571.209|982.449,552.013|1017.83,553.253|957.882,558.677|943.817,567.833
316|1|946.253,881.522|977.247,795.996|990.626,728.06|990.808,626.781|1002.99,643.924|1050.59,659.355|964.904,702.68|858.126,631.266|845.689,616.949|836.943,623.602|861.17,630.784|979.493,642.805|922.207,649.702|920.028,606.034|1023.28,544.51|1076.84,536.762|1133.5,535.173|1067.45,558.737|959.453,889.41|755.093,928.911|731.309,1178.21|626.872,1273.49|935.34,875.011|767.614,984.992|790.029,1206.05|723.792,1292.68|986.864,589.67|970.678,571.205|982.486,552.011|1017.86,553.257|957.918,558.67|943.85,567.824
317|1|946.253,881.522|977.247,795.996|990.626,728.06|990.808,626.781|1002.99,643.924|1050.59,659.355|964.904,702.68|858.126,631.266|845.689,616.949|836.943,623.602|861.17,630.784|979.493,642.805|922.207,649.702|920.028,606.034|1023.28,544.51|1076.84,536.762|1133.5,535.173|1067.45,558.737|959.453,889.41|755.093,928.911|731.309,1178.21|626.872,1273.49|935.34,875.011|767.614,984.992|790.029,1206.05|723.792,1292.68|986.864,589.67|970.678,571.205|982.486,552.011|1017.86,553.257|957.918,558.67|943.85,567.824
318|1|946.289,881.54|977.298,796.003|990.712,728.064|991.062,626.772|1003.24,643.937|1050.9,659.45|965.399,702.724|858.64,631.183|846.088,616.819|837.203,623.437|861.493,630.66|979.704,642.78|922.365,649.514|920.749,606.065|1024.37,545.053|1078.16,537.786|1134.87,536.522|1068.95,559.947|959.542,889.43|755.233,928.935|731.373,1178.39|626.85,1273.8|935.332,875.028|767.481,984.991|789.76,1206.17|723.423,1292.83|987.186,589.649|971.035,571.129|982.882,551.959|1018.26,553.288|958.297,558.573|944.208,567.718
319|1|956.469,894.638|977.441,802.055|984.306,730.594|990.191,626.109|1004.95,643.92|1069.88,658.594|1048.83,711.603|941.11,654.184|900.166,626.864|864.232,633.603|896.323,638.727|973.892,642.345|912.816,648.583|930.093,608.496|1030.89,537.599|1091.52,534.709|1153.63,548.279|1092.92,537.6|991.08,903.275|821.94,965.507|800.037,1241.76|697.174,1375.07|927.262,887.41|747.278,1017.47|775.428,1255.44|698.119,1365.56|991.061,587.734|968.915,584.362|978.622,560.496|1016.85,548.151|954.77,570.388|944.37,571.347
320|1|962.059,904.748|978.135,807.399|983.449,733.714|989.189,623.764|1004.88,642.465|1074.91,658.254|1117.86,730.626|1026.52,678.683|972.655,655.156|916.024,650.193|957.749,656.482|971.527,640.945|909.893,647.089|934.149,615.617|1057.96,548.99|1122.37,537.011|1190.48,537.849|1123.35,551.103|1005.83,915.725|897.087,1035.12|867.4,1313.94|792.027,1478.52|924.33,895.387|768.251,1068.58|790.241,1299.74|718.693,1429.28|991.981,583.517|955.636,575.896|974.241,553.867|1025.76,550.505|948.697,557.297|950.34,553.862
321|1|963.97,907.583|979.318,808.615|984.9,734.467|990.997,622.118|1006.78,641.133|1076.78,658.602|1144.59,746.147|1088.54,713.008|1031.26,684.058|967.025,670.65|1011.01,678.589|972.967,639.851|911.351,647.889|937.058,619.94|1059.99,548.235|1119.57,536.577|1178.43,537.045|1129.38,557.462|1010.01,918.685|940.693,1073.6|911.001,1350.32|856.679,1529.48|923.99,898.053|786.512,1095.3|804.241,1320.74|738.284,1458.46|994.565,581.024|953.821,579.794|966.77,553.342|1018.4,538.082|942.687,564.085|945.727,563.258
322|1|964.931,908.922|979.75,808.905|988.563,736.403|1000.6,621.385|1014.82,640.8|1082.15,660.431|1177.23,766.272|1157.43,761.038|1102.4,725.285|1033.31,698.958|1072.73,709.427|981.766,639.843|924.149,650.92|938.264,629.622|1066.08,549.606|1119.93,540.565|1168.16,543.355|1137.35,566.345|1013.76,918.873|997.054,1100.65|947.63,1364.86|924.746,1550.8|921.603,900.219|818.582,1122.07|818.791,1319.2|767.083,1467.76|1008.05,579.454|958.339,584.931|982.139,562.194|1045.02,555.845|955.979,559.43|968.454,539.576
323|1|971.48,911.078|980.895,809.261|985.75,736.418|992.562,620.769|1007.65,639.277|1075.15,654.971|1179.06,764.615|1191.4,789.601|1145.34,754.666|1075.13,728.014|1108.43,731.336|974.528,640.459|917.341,651.809|932.754,621.868|1052.6,543.041|1115.15,544.77|1203.31,531.061|1109.03,534.698|1021.13,917.819|1018.26,1061.89|986.376,1312.68|972.858,1498.79|927.306,905.211|834.718,1051.16|852.769,1252.73|804.169,1404.96|998.227,578.463|958.588,579.237|970.818,550.231|1023.11,531.693|944.855,562.765|944.698,561.558
324|1|971.481,911.089|980.895,809.271|985.752,736.427|992.567,620.777|1007.65,639.285|1075.15,654.971|1179.09,764.705|1191.91,790.281|1145.99,755.497|1075.79,728.881|1108.98,732.048|974.532,640.467|917.346,651.817|932.773,621.881|1052.64,543.06|1115.2,544.795|1203.37,531.076|1109.08,534.708|1021.13,917.831|1018.49,1061.83|986.586,1312.65|973.232,1498.78|927.305,905.223|834.592,1051.83|852.979,1252.73|804.502,1404.9|998.233,578.47|958.647,579.077|971.156,550.159|1023.61,532.01|945.06,562.408|944.862,561.004
325|1|971.481,911.09|980.896,809.272|985.752,736.427|992.568,620.777|1007.66,639.284|1075.14,654.971|1179.09,764.713|1191.97,790.345|1146.06,755.576|1075.86,728.964|1109.04,732.117|974.533,640.467|917.347,651.816|932.777,621.88|1052.64,543.06|1115.21,544.796|1203.38,531.076|1109.1,534.708|1021.13,917.832|1018.51,1061.83|986.607,1312.64|973.268,1498.78|927.305,905.223|834.58,1051.89|852.998,1252.73|804.533,1404.89|998.234,578.47|958.668,579.062|971.21,550.154|1023.67,532.052|945.095,562.366|944.882,560.931
326|1|971.481,911.09|980.896,809.272|985.752,736.427|992.568,620.777|1007.66,639.284|1075.14,654.971|1179.09,764.713|1191.97,790.345|1146.06,755.576|1075.86,728.964|1109.04,732.117|974.533,640.467|917.347,651.816|932.777,621.88|1052.64,543.06|1115.21,544.796|1203.38,531.076|1109.1,534.708|1021.13,917.832|1018.51,1061.83|986.607,1312.64|973.268,1498.78|927.305,905.223|834.58,1051.89|852.998,1252.73|804.533,1404.89|998.234,578.47|958.668,579.062|971.21,550.154|1023.67,532.052|945.095,562.366|944.882,560.931
327|1|973.745,911.344|981.605,809.219|986.241,735.762|996.879,620.156|1011.06,639.113|1077.59,657.198|1181.35,770.414|1214.97,811.345|1177.55,778.755|1107.72,752.367|1135.19,749.909|978.432,639.353|921.252,650.182|934.94,621.187|1055.71,545.306|1126.16,542.906|1210.08,542.596|1116.54,544.209|1023.61,916.901|1042.31,1079.64|1004.88,1336.33|1002.15,1527.34|929.214,906.516|843.92,1113.89|856.369,1302.66|813.753,1457.95|1004.19,577.96|961.562,579.927|973.147,550.556|1026.49,530.196|948.117,564.034|950.575,563.013
328|1|973.727,911.342|981.583,809.215|986.215,735.755|996.838,620.146|1011.03,639.103|1077.55,657.181|1181.31,770.445|1215.32,811.848|1178.05,779.428|1108.27,753.099|1135.62,750.485|978.393,639.345|921.21,650.178|934.876,621.165|1055.62,545.259|1126.07,542.838|1209.99,542.477|1116.46,544.145|1023.6,916.896|1042.47,1079.7|1005.05,1336.38|1002.46,1527.41|929.196,906.516|843.936,1114.09|856.511,1302.51|813.977,1457.76|1004.14,577.949|961.782,579.726|973.9,550.491|1027.49,530.823|948.559,563.389|950.773,561.848
329|1|973.713,911.336|981.567,809.203|986.196,735.741|996.805,620.125|1011,639.08|1077.53,657.147|1181.3,770.49|1215.73,812.51|1178.63,780.303|1108.9,754.045|1136.12,751.227|978.361,639.328|921.172,650.173|934.822,621.179|1055.55,545.26|1126,542.828|1209.93,542.442|1116.4,544.149|1023.58,916.889|1042.7,1079.79|1005.27,1336.45|1002.86,1527.52|929.179,906.511|843.968,1114.36|856.69,1302.34|814.26,1457.53|1004.1,577.925|961.981,579.507|974.63,550.42|1028.47,531.445|948.995,562.739|951.001,560.688
330|1|972.907,911.665|980.629,809.334|985.123,735.748|995.209,619.927|1009.51,638.825|1076.08,656.986|1179.52,771.96|1224.83,825.631|1193.91,796.218|1125.92,769.568|1149.96,761.551|976.823,639.263|919.698,650.301|934.362,621.695|1055.36,545.609|1125.9,542.993|1210.06,542.148|1116.48,544.691|1022.86,917.136|1050.25,1085.14|1013,1342.32|1014.44,1534.45|928.295,906.913|846.874,1124.64|860.087,1305.96|820.26,1460.93|1002.32,577.634|962.52,580.848|977.175,552.116|1031.26,534.703|950.169,561.72|950.222,555.49
331|1|973.444,912.011|980.712,809.395|984.841,735.6|993.557,619.478|1008.1,638.215|1075.51,657.058|1178.51,773.606|1232.3,838.262|1208.48,810.702|1140.65,782.733|1161.23,770.58|975.376,639.087|918.595,650.708|935.307,621.944|1056.55,545.317|1127.71,542.932|1212.61,541.923|1120.12,545.788|1023.53,917.248|1060.67,1096.74|1024.46,1357.15|1026.99,1550.27|928.719,907.471|851.87,1136.36|862.703,1318.32|824.211,1473.95|1000.18,577.033|961.667,581.86|976.108,552.819|1029.51,534.389|948.851,562.352|947.697,554.849
332|1|973.629,912.005|980.856,809.252|984.958,735.371|993.541,619.097|1008.13,637.831|1075.67,656.911|1178.16,774.661|1236.17,845.376|1215.79,819.935|1149.19,791.903|1168.1,776.71|975.359,638.766|918.527,650.569|935.273,622.019|1056.52,545.403|1127.87,543.12|1213.12,541.838|1120.64,546.294|1023.79,917.221|1065.23,1100.91|1029.05,1361.36|1033.16,1554.81|928.84,907.484|853.655,1140.12|864.08,1320.53|826.44,1476.17|1000.12,576.587|963.478,579.338|977.678,550.459|1029.96,533.164|950.115,560.338|947.283,554.688
333|1|975.97,913.359|981.602,810.08|984.668,735.604|991.673,618.757|1006.53,637.4|1074.99,656.895|1177.58,775.346|1241,852.162|1225.1,828.568|1157.9,800.403|1174.3,782.409|973.741,638.691|917.253,651.488|936.87,621.881|1056.47,545.241|1129.99,541.819|1216.84,542.037|1126.63,548.052|1026.37,917.677|1073.07,1115.22|1040.8,1381.6|1046.77,1575.69|930.929,909.638|858.207,1151.4|868.587,1335.63|832.692,1492.6|997.687,575.997|965.894,580.953|979.066,551.544|1028.29,532.538|950.975,561.726|943.905,554.774
334|1|975.972,913.364|981.606,810.083|984.673,735.606|991.681,618.756|1006.54,637.4|1075,656.894|1177.59,775.359|1241.05,852.244|1225.17,828.687|1157.99,800.536|1174.37,782.511|973.747,638.691|917.257,651.494|936.869,621.907|1056.47,545.278|1129.99,541.864|1216.83,542.095|1126.6,548.099|1026.38,917.682|1073.12,1115.26|1040.84,1381.62|1046.84,1575.72|930.931,909.642|858.222,1151.43|868.604,1335.63|832.721,1492.6|997.695,575.996|965.917,580.97|979.104,551.562|1028.33,532.562|951.004,561.725|943.92,554.74
335|1|976.201,913.153|981.818,809.856|984.885,735.374|991.864,618.509|1006.73,637.141|1075.31,656.882|1177.36,776.173|1242.78,856.728|1229.21,834.548|1163.03,806.12|1178.41,786.287|973.926,638.466|917.407,651.404|936.959,622.32|1056.42,545.88|1129.91,542.343|1216.88,541.907|1127.66,548.842|1026.62,917.462|1077.09,1118.39|1045.19,1384.75|1053.07,1578.74|931.144,909.44|860.389,1153.66|870.333,1337.02|835.466,1493.94|997.872,575.737|965.124,582.186|979.556,552.973|1030.07,534.291|951.137,561.744|944.977,552.198
336|1|976.211,913.138|981.829,809.847|984.899,735.372|991.874,618.516|1006.74,637.144|1075.32,656.881|1177.31,776.246|1242.94,857.217|1229.56,835.28|1163.51,806.943|1178.76,786.907|973.937,638.475|917.423,651.446|937.014,622.538|1056.46,546.141|1129.96,542.608|1216.95,542.146|1127.68,549.145|1026.63,917.446|1077.35,1118.52|1045.44,1384.75|1053.45,1578.71|931.157,909.424|860.503,1153.75|870.456,1336.91|835.655,1493.8|997.881,575.748|964.921,582.189|979.269,552.938|1029.85,534.14|950.914,561.83|944.918,552.416
337|1|976.026,914.112|981.523,810.447|984.53,735.648|991.444,618.427|1006.36,637.098|1075.46,656.825|1177.32,777.117|1244.35,861.02|1232.81,839.749|1167.07,810.682|1181.63,789.685|973.477,638.465|916.938,651.647|937.471,623.655|1057,547.244|1130.78,542.438|1218.22,541.661|1125.59,550.027|1026.62,918.345|1080.74,1124.25|1049.53,1393.25|1058.82,1587.99|930.811,910.466|861.33,1158.65|870.535,1343.04|836.535,1500.67|997.448,575.52|965.305,584.005|979.666,554.443|1029.95,534.494|951.066,563.079|944.281,551.873
338|1|976.027,914.109|981.524,810.444|984.531,735.646|991.446,618.424|1006.36,637.095|1075.46,656.823|1177.32,777.116|1244.35,861.03|1232.82,839.766|1167.08,810.702|1181.64,789.699|973.478,638.462|916.94,651.643|937.475,623.648|1057.01,547.235|1130.79,542.425|1218.23,541.642|1125.6,550.014|1026.62,918.342|1080.75,1124.25|1049.54,1393.24|1058.83,1587.99|930.812,910.463|861.318,1158.62|870.511,1343.07|836.5,1500.71|997.449,575.517|965.319,583.992|979.707,554.441|1030,534.529|951.096,563.047|944.305,551.816
339|1|976.055,914.044|981.557,810.38|984.57,735.579|991.514,618.356|1006.42,637.032|1075.53,656.784|1177.33,777.146|1244.43,861.288|1232.99,840.141|1167.31,811.105|1181.82,790.002|973.543,638.389|917.018,651.544|937.686,623.568|1057.33,547.162|1131.23,542.358|1218.75,541.587|1126.02,549.99|1026.65,918.279|1080.92,1124.27|1049.68,1393.17|1059.05,1587.91|930.839,910.396|860.867,1157.93|869.901,1343.57|835.584,1501.4|997.53,575.448|965.894,583.652|981.251,554.534|1031.79,535.928|952.248,562.018|945.205,549.813
340|1|976.884,912.906|981.619,809.207|984.207,733.989|991.589,617.119|1006.47,635.813|1075.78,656.358|1174.88,778.953|1240.93,865.708|1232.99,843.658|1169.13,810.798|1183.01,791.331|973.517,637.031|916.686,649.524|939.135,623.881|1058.86,549.72|1132.65,540.982|1220.13,542.226|1128.6,551.655|1027.48,916.658|1081,1111.66|1051.44,1375.03|1060.78,1569.15|931.637,909.688|851.315,1124.76|868.692,1316.42|832.491,1476.89|997.715,574.339|968.113,588.341|982.664,558.434|1031.78,535.812|953.619,565.976|944.79,549.661
341|1|976.927,912.909|981.678,809.197|984.284,733.972|991.727,617.088|1006.59,635.789|1075.91,656.383|1174.91,779.129|1240.93,866.099|1233.06,844.108|1169.24,811.197|1183.12,791.669|973.644,636.997|916.819,649.475|939.434,623.94|1059.33,549.855|1133.22,541.162|1220.81,542.464|1129.24,551.861|1027.53,916.67|1081.14,1111.55|1051.54,1375.1|1060.94,1569.26|931.672,909.685|851.355,1124.73|868.599,1316.78|832.292,1477.34|997.879,574.303|968.32,587.836|983.63,558.289|1033.11,536.791|954.335,565.026|945.597,548.213
342|1|977.786,916.625|981.132,811.454|983.505,733.957|993.558,616.428|1008.23,635.622|1078.11,657.313|1175.27,783.307|1239.96,872.004|1235.58,846.989|1169.58,808.372|1182.95,791.834|974.818,636.057|916.217,647.951|939.046,625.373|1062.67,553.003|1136.43,538.855|1225.35,544.493|1134.25,553.432|1029.02,919.224|1091.65,1128.22|1061.58,1395.55|1076.87,1592.79|931.789,914.435|863.775,1158.34|874.699,1354.92|842.728,1518.93|1000.63,573.457|969.711,587.527|984.881,557.518|1035.29,535.152|955.565,564.692|947.614,547.839
343|1|978.047,916.475|981.479,811.215|983.944,733.66|994.289,616.039|1008.92,635.275|1079.04,657.196|1175.8,783.871|1239.85,873.498|1235.85,848.325|1169.37,808.884|1183.29,791.781|975.488,635.662|916.863,647.568|940.295,625.93|1064.43,553.96|1138.35,539.853|1227.63,545.884|1135.5,555.149|1029.34,919.116|1095.01,1130.35|1064.33,1396.67|1081.14,1593.83|932,914.248|866.35,1161.22|876.63,1356.24|845.946,1520.21|1001.49,573.035|973.116,584.387|990.504,555.703|1040.52,537.755|960.196,560.381|950.651,542.927
344|1|977.971,917.682|981.547,812.197|984.159,734.442|995.255,616.637|1009.77,636.009|1079.76,657.869|1176,785.243|1239,874.576|1235.26,848.683|1169.35,808.071|1183.46,791.92|976.319,636.173|917.607,647.526|942.299,626.795|1067.71,555.866|1141.97,540.923|1232.19,548.047|1138.98,557.216|1029.36,920.383|1096.86,1131.1|1066.36,1397.89|1083.76,1595.53|931.83,915.401|864.821,1153.7|875.61,1352.65|844.713,1518.54|1002.75,573.59|979.659,580.437|995.661,551.719|1041.96,535.556|965.02,557.79|950.925,544.968
345|1|978.092,918.016|981.743,812.499|984.436,734.733|995.779,616.919|1010.24,636.308|1080.2,658.234|1176.13,786.032|1238.78,875.538|1235.15,849.543|1169.43,808.566|1183.65,792.512|976.807,636.442|918.19,647.719|943.986,627.722|1070.35,557.216|1145.43,542.304|1236.43,549.68|1141.95,558.691|1029.49,920.749|1097.33,1130.76|1066.86,1397.97|1084.45,1595.67|931.933,915.705|865.298,1149.24|874.792,1353.52|843.234,1520.78|1003.39,573.877|980.791,586.418|995.006,556.258|1040.31,534.631|964.747,563.9|949.815,548.539
346|1|979.859,919.04|983.634,813.154|986.509,735.103|998.87,617.008|1013.18,636.559|1082.8,659.464|1178.11,788.591|1241.47,878.808|1238.13,852.623|1171.85,811.251|1185.84,795.047|979.703,636.465|921.004,647.644|947.736,629.772|1075.14,561.055|1151.08,546.091|1243.83,554.901|1147.04,564.145|1031.44,921.846|1101.5,1136.54|1069.56,1405.56|1087.6,1604.14|933.531,916.665|870.123,1166.17|877.304,1365.24|846.03,1530.67|1006.91,573.886|983.97,583.061|1000.27,554.044|1046.79,536.67|969.376,559.705|955.054,544.714
347|1|980.271,920.048|984.123,814.095|987.084,736.023|999.67,617.911|1013.94,637.469|1083.57,660.386|1178.79,789.901|1242.39,880.85|1239.31,854.931|1173.12,813.463|1187.01,796.914|980.464,637.369|921.809,648.578|949.252,631.708|1077.5,563.721|1154.23,549.747|1247.43,559.522|1149.2,568.903|1031.88,922.894|1102.89,1139|1070.51,1407.65|1088.92,1606.25|933.917,917.638|871.245,1169.92|878.454,1365.23|847.863,1529.93|1007.81,574.794|984.078,584.209|999.557,554.709|1046.2,536.117|968.929,561.411|954.992,547.292
348|1|980.271,920.049|984.123,814.095|987.084,736.023|999.67,617.911|1013.94,637.469|1083.57,660.387|1178.79,789.901|1242.39,880.851|1239.31,854.932|1173.12,813.464|1187.01,796.916|980.465,637.37|921.81,648.578|949.253,631.709|1077.51,563.723|1154.23,549.749|1247.43,559.524|1149.2,568.905|1031.88,922.894|1102.89,1139|1070.51,1407.65|1088.92,1606.25|933.917,917.638|871.245,1169.92|878.454,1365.23|847.864,1529.93|1007.81,574.794|984.079,584.209|999.558,554.709|1046.2,536.118|968.93,561.411|954.992,547.292
349|1|990.24,929.219|987.892,821.195|987.341,740.486|998.42,620.972|1013.14,640.425|1084.75,663.471|1183.18,794.011|1246.98,885.837|1244.05,857.905|1173.34,814.773|1187.85,798.158|979.244,641.034|920.102,654.375|951.082,637.276|1085.46,571.734|1164.38,560.198|1259.74,572.996|1157.81,581.821|1042.28,927.603|1125.47,1161.31|1099.5,1431|1127.17,1631.09|943.006,930.839|891.439,1197.22|901.078,1399.96|881.25,1569.96|1006.07,577.313|990.162,588.52|1004.68,558.2|1046.65,538.171|973.066,565.214|952.389,549.889
350|1|992.466,932.77|988.842,823.571|987.423,741.504|997.635,620.174|1012.85,639.933|1085.99,664.392|1185.75,796.352|1250.26,890.969|1249.08,861.553|1174.1,816.948|1188.63,799.436|978.27,640.502|918.254,653.069|951.694,638.629|1089.07,576.17|1166.04,570.129|1260.83,589.654|1159.85,586.544|1044.91,930.029|1143.45,1178.09|1119.89,1449.31|1153.78,1650.03|944.726,935.421|907.901,1214.29|914.558,1427.16|899.08,1600.4|1004.87,575.816|997.974,583.694|1013,554.16|1049.83,538.05|980.349,559.595|952.822,544.922
351|1|992.299,933.791|989.13,824.943|988.137,743.214|999.627,622.482|1014.59,642.235|1087.79,667.04|1186.45,800.214|1247.65,894.432|1248,863.269|1174.37,815.607|1189.33,800.147|980.085,642.643|920.133,654.973|954.265,643.536|1091.8,583.971|1169.93,577.754|1265.74,596.997|1165.6,593.823|1044.56,931.233|1146.84,1171.88|1122.08,1435.42|1157.46,1633.36|944.712,936.275|896.188,1177.37|909.942,1397.49|892.613,1575.86|1007.37,578.39|998.144,584.761|1013.14,555.286|1051.39,539.757|980.623,561.147|954.786,548.026
352|1|992.817,931.959|989.68,825.366|989.234,744.856|1002.15,625.298|1016.76,644.741|1089.02,668.091|1188.88,800.024|1251.47,895.119|1249.99,865.637|1175.73,820.002|1191.04,802.63|982.433,645.483|921.36,657.68|956.152,646.3|1094.5,587.49|1175,580.966|1272.17,599.988|1168.13,600.318|1043.84,928.075|1151.4,1171.05|1123.99,1426.55|1165.88,1616.64|946.061,935.668|924.488,1203.02|922.871,1417.22|910.266,1591.24|1010.56,581.669|1002.45,583.273|1014.71,553.305|1051.1,538.143|982.72,562.129|955.333,555.498
353|1|992.293,931.917|989.669,824.692|990.056,744.083|1000.81,623.063|1016.11,642.561|1089.88,666.79|1190.06,800.41|1255.37,900.627|1257.85,871.64|1180.85,825.195|1194.14,806.225|981.149,643.683|918.541,657.385|957.687,650.517|1097.87,593.477|1178.16,590.178|1276.08,612.603|1172.74,610.391|1043.51,928.02|1159.45,1175.71|1126.69,1421.79|1170.45,1609.42|945.288,935.644|940.602,1198.86|934.414,1412.71|925.694,1589.48|1008.32,578.809|994.656,582.24|1010.59,552.838|1052.28,539.173|977.727,558.746|954.944,547.676
354|1|996.535,929.921|992.286,825.052|991.478,745.43|1003.07,625.501|1017.94,644.755|1091.05,668.047|1192.02,799.695|1258.23,898.759|1257.22,871.348|1179.97,827.542|1194.54,806.823|983.531,646.026|922.297,660.045|960.496,653.36|1097.2,597.242|1180.29,594.641|1279.16,617.865|1175.2,617.622|1046.44,924.01|1160.59,1176.75|1132.45,1416|1179.14,1596.15|950.525,935.517|947.401,1214.3|940.186,1422.43|936.31,1593.69|1011.04,581.692|998.767,585.904|1013.46,556.08|1053.68,540.896|980.931,563.023|956.957,552.478
355|1|998.629,926.904|993.593,823.712|992.181,745.006|1002.62,624.944|1017.69,644.018|1090.24,668.474|1193.12,799.366|1264.34,898.085|1260.82,874.155|1182.56,834.033|1197.02,809.676|983.259,645.718|922.102,661.103|961.67,656.573|1100.78,602.721|1183.5,600.851|1282.49,624.9|1176.74,623.492|1048.01,919.957|1160.25,1178.66|1136.19,1410.82|1183.71,1585.36|953.049,933.461|955.123,1220.23|946.855,1419.98|944.546,1587|1010.19,581.044|996.391,585.137|1013.18,556.15|1055.25,543.073|980.234,561.009|957.9,548.444
356|1|1008.79,934.039|1000.13,829.171|994.784,747.977|1005.75,627.572|1020.41,646.845|1092.59,672.337|1195.01,803.757|1266.89,897.502|1259.1,876.398|1182.5,836.228|1198.04,811.999|986.612,648.158|927.521,663.637|964.589,660.91|1103.6,606.799|1184.74,610.061|1281.7,639.638|1179.59,633.147|1057.75,924.92|1173.75,1190.17|1151.94,1421.43|1199.31,1593.45|963.399,942.638|967.605,1241.14|960.313,1432.93|965.098,1596.08|1013.65,583.62|1000.91,585.345|1015.68,556.145|1056.03,542.768|983.373,562.985|959.994,554.252
357|1|1008.73,934.698|1000.1,829.895|994.791,748.762|1005.56,628.482|1020.24,647.673|1092.46,672.779|1195.19,804.065|1267.83,898.799|1260.56,878.432|1184.25,838.629|1199.32,813.725|986.455,649.117|927.43,664.968|964.86,663.886|1103.75,610.344|1184.9,613.922|1282.01,643.628|1178.16,638.771|1057.66,925.573|1175.69,1189.88|1154.44,1420.32|1203.18,1591.16|963.375,943.302|970.323,1242.03|962.958,1432.01|969.148,1594.4|1013.38,584.575|997.213,589.933|1011.3,559.689|1053.47,542.597|979.431,567.745|958.443,557.589
358|1|1006.82,942.678|1000.2,835.841|996.16,753.16|1004.77,631.382|1019.83,650.65|1093.36,674.961|1199.02,805.1|1272.26,900.173|1263.81,877.357|1184.51,841.635|1200.22,814.934|985.998,652.357|927.615,668.727|965.914,669.98|1108.44,618.568|1188.63,625.47|1285.16,658.987|1184.16,650.033|1056.2,934.486|1177.69,1203.28|1155.09,1436.98|1205.16,1607.7|960.968,950.431|973.062,1256.67|963.007,1457.17|973.274,1621.15|1011.79,586.923|993.875,590.375|1011,561.636|1055.53,548.834|978.523,566.63|959.596,554.768
359|1|1006.87,942.857|1000.27,835.944|996.292,753.216|1004.96,631.389|1020.03,650.645|1093.66,674.966|1199.57,805.276|1273.04,900.738|1264.62,877.784|1184.99,842.403|1200.58,815.496|986.163,652.403|927.701,668.861|966.17,671.348|1108.99,621.196|1189.18,629.494|1285.7,664.596|1183.28,653.2|1056.29,934.657|1177.59,1203.9|1154.68,1436.79|1204.52,1607.34|960.981,950.618|973.314,1257.25|963.392,1460.13|973.763,1624.68|1012.03,586.907|995.158,588.464|1011.45,559.599|1055.02,547.202|979.014,565.5|959.009,555.912
360|1|1001.98,933.864|997.389,830.233|996.742,752.184|1007.87,635.16|1022.38,653.525|1092.77,673.766|1195.46,802.73|1261.87,892.424|1251.08,881.99|1185.9,835.298|1198.36,814.26|988.81,655.68|929.471,670.326|968.803,673.478|1110.61,634.397|1189.93,638.677|1285.06,669.483|1182.93,661.446|1051.08,928.043|1160.55,1170.22|1128.73,1364.38|1164.39,1539.01|956.751,939.369|882.86,1106.81|909.13,1308.14|900.41,1479.52|1015.79,592.496|995.898,588.949|1010.93,560.552|1055.39,549.781|979.453,568.336|961.805,564.56
361|1|1001.86,934.114|997.241,830.399|996.594,752.309|1007.58,635.243|1022.15,653.576|1093.24,673.959|1195.6,803.795|1259.7,894.903|1247.99,883.911|1182.18,836.515|1195.91,815.395|988.52,655.819|929.073,670.724|968.292,674.987|1110.02,636.341|1189.26,641.237|1284.48,672.702|1181.88,664.842|1050.99,928.271|1159.41,1169.38|1128.48,1366.98|1163.93,1542.87|956.582,939.639|889.028,1113.47|914.654,1310.82|906.822,1481.9|1015.45,592.557|994.567,588.395|1010.07,560.179|1055.35,550.086|978.527,567.683|961.702,564.054
362|1|1002.43,930.805|996.277,826.8|994.776,749.093|1001.78,633.271|1017.36,650.807|1092.85,667.138|1194.32,799.067|1244.71,904.381|1250.22,884.051|1180.29,833.774|1190.71,812.641|983.086,654.365|922.523,668.719|968.609,676.799|1113.27,642.686|1190.66,647.051|1285.2,677.511|1181.73,670.206|1051.62,924.636|1158.6,1118.03|1122.24,1304.54|1160.06,1483.51|957.143,936.625|892.592,976.085|928.268,1201.41|911.442,1366.28|1007.93,590.908|992.929,590.062|1010.34,562.468|1053.01,553.425|977.741,566.681|956.913,557.254
363|1|989.699,926.804|986.559,822.175|988.081,744.854|1002.61,632.645|1017.07,650.469|1091.36,673.466|1181.73,811.574|1221.72,921.039|1248.63,895.291|1188.44,829.573|1193.96,819.378|982.521,652.362|921.829,667.704|971.098,681.087|1114.96,653.032|1192.99,656.508|1288.47,685.529|1187.95,681.358|1038.79,922.462|1163.89,1093.89|1113.2,1294.5|1153.96,1473.68|944.46,930.945|912.71,1030.94|928.019,1248.44|914.996,1419.74|1011.48,591.81|994.829,588.853|1010.98,560.798|1054.18,551.325|978.711,566.873|958.662,560.838
364|1|984.834,912.82|980.32,811.155|981.817,736.894|995.709,629.912|1010,646.562|1083.44,667.672|1165.11,804.994|1191.01,915.389|1242.85,905.171|1195.74,834.318|1198.62,821.468|976.014,649.191|917.154,666.479|974.25,684.097|1115.75,663.075|1190.24,665.269|1282.32,691.477|1188.16,690.107|1032.34,907.856|1153.86,1050.3|1107.7,1245|1149.01,1413.58|940.989,917.533|908.311,968.123|928.054,1189.7|917.677,1349.21|1004.25,591.036|993.493,590.914|1010.82,564.144|1050.38,555.81|978.531,567.241|955.209,556.383
365|1|984.828,912.826|980.317,811.158|981.818,736.897|995.716,629.92|1010.01,646.568|1083.45,667.694|1165.06,805.053|1190.8,915.382|1242.62,905.152|1195.56,834.275|1198.49,821.47|976.019,649.199|917.153,666.495|974.239,684.163|1115.73,663.195|1190.22,665.437|1282.3,691.706|1188.02,690.283|1032.34,907.862|1153.83,1050.19|1107.71,1244.97|1149.03,1413.58|940.981,917.538|908.726,967.919|928.456,1189.08|918.32,1348.47|1004.25,591.046|993.526,590.732|1010.86,563.995|1050.41,555.795|978.565,567.088|955.227,556.367
366|1|981.105,899.213|978.024,805.28|979.315,736.594|992.858,631.213|1007.15,647.284|1079.81,666.213|1160.7,802.617|1197.53,919.942|1247.8,909.625|1194.48,842.579|1201.07,826.077|973.257,650.607|913.491,667.755|980.558,689.137|1122.25,669.247|1196.65,679.784|1287.6,713.733|1195.29,702.892|1027.47,893.633|1144.11,1068.57|1103.24,1253.13|1145.51,1412.65|938.473,904.468|936.247,1081.47|935.968,1255.6|924.28,1409.64|1001.34,592.955|992.169,591.16|1008.82,564.341|1047.18,556.591|976.494,568.002|951.723,558.9
367|1|980.825,899.364|977.712,805.395|978.97,736.683|992.473,631.292|1006.78,647.357|1079.38,666.451|1160.11,802.845|1197.95,920.516|1248.5,910.103|1194.54,843.383|1201.08,826.523|972.866,650.696|913.01,667.956|979.873,690.069|1121.18,670.678|1195.06,682.213|1285.68,717.173|1190.51,705.601|1027.21,893.767|1145.56,1074.46|1100.78,1250.07|1141.02,1407.6|938.174,904.634|939.262,1097.2|937.427,1252.82|927.884,1403.17|1000.94,593.029|995.887,586.461|1012.61,560.979|1048.3,557.467|980.182,563.65|952.624,557.139
368|1|983.835,901.847|979.364,806.905|978.874,736.027|987.785,626.838|1002.52,642.917|1074.6,658.262|1160.56,791.056|1210.17,907.664|1242.06,900.91|1191.27,832.589|1201.07,812.149|969.253,647.416|910.64,667.513|981.551,691.764|1122.76,673.094|1196.64,686.524|1287.82,722.737|1188.61,709.436|1030.68,895.58|1148.89,1102|1111.59,1280.72|1151.29,1440.53|940.765,907.736|942.275,1143.65|941.784,1295.58|937.841,1446.9|994.754,586.936|995.204,579.869|1013.3,556.16|1045.65,556.12|980.878,555.719|950.445,546.646
369|1|983.811,901.992|979.367,807.087|978.908,736.256|987.844,627.165|1002.58,643.22|1074.64,658.407|1160.92,791.076|1210.89,907.784|1242.76,901.157|1191.82,832.95|1201.46,812.359|969.308,647.737|910.679,667.918|981.395,692.567|1122.44,674.403|1196.14,688.234|1287.17,724.889|1187.98,711.141|1030.64,895.732|1148.94,1102.41|1111.46,1280.62|1151.16,1440.17|940.756,907.874|942.413,1144.38|941.839,1295.06|937.989,1445.96|994.823,587.304|995.346,582.726|1013.3,558.416|1045.59,556.46|980.852,558.209|950.25,547.483
370|1|978.718,902.244|976.229,803.206|983.184,732.697|993.204,623.273|1007.32,638.902|1077.38,647.649|1167.79,778.883|1211.24,892.931|1242.68,890.58|1199.41,818.282|1197.54,800.844|974.796,644.48|917.997,665.142|994.752,699.614|1142.98,696.716|1222.84,717.072|1317.8,761.468|1213.37,734.974|1023.59,894.906|1157.85,1050.82|1104.56,1216.34|1158.28,1366.73|936.725,909.229|1000.65,947.089|998.633,1127.49|1019.69,1271.04|1001.13,583.208|984.897,596.055|1006.31,569.05|1051.14,555.897|973.317,568.074|954.982,543.653
371|1|978.713,902.238|976.22,803.199|983.17,732.688|993.181,623.26|1007.3,638.89|1077.34,647.625|1167.79,778.833|1211.3,892.86|1242.75,890.502|1199.46,818.222|1197.58,800.784|974.774,644.469|917.971,665.131|994.698,699.574|1142.91,696.656|1222.76,716.999|1317.71,761.386|1213.27,734.88|1023.59,894.898|1157.87,1050.75|1104.59,1216.28|1158.34,1366.66|936.719,909.225|1000.52,946.818|998.649,1127.11|1019.75,1270.6|1001.11,583.194|984.946,595.984|1006.35,568.987|1051.12,555.873|973.356,568.011|954.965,543.631
372|1|979.096,901.918|975.999,803.006|982.437,732.525|991.691,623.129|1005.92,638.696|1071.5,644.916|1166.48,771.157|1217.29,880.277|1241,887.252|1201.85,813.537|1196.36,796.504|973.435,644.383|916.423,665.278|989.975,697.43|1136,693.23|1215.92,713.34|1310.16,757.763|1205.89,729.364|1023.92,894.37|1153.37,1027.04|1109.15,1188.03|1170.54,1331.83|937.158,909.1|980.134,900.169|1023.36,1088.89|1052.64,1226.78|999.296,583.055|993.897,591.499|1012.16,563.879|1049.02,551.55|979.07,565.155|951.776,546.015
373|1|979.446,900.16|975.734,801.594|981.625,731.257|990.115,622.138|1004.42,637.605|1066.67,640.905|1163.38,763.506|1217.92,872.35|1235.8,888.429|1202.11,815.683|1194.75,796.907|972.053,643.396|915.076,664.74|986.223,696.213|1129.3,691.262|1207.83,711.113|1301.07,754.966|1199.86,727.579|1024.12,892.433|1142,999.621|1108.04,1154.04|1176.3,1288.96|937.657,907.505|979.2,888.916|1047.52,1069.37|1077.39,1203.02|997.393,582.143|998.05,588.835|1014.11,560.88|1046.18,548.399|981.344,563.563|949.194,547.075
374|1|985.702,892.97|975.832,796.43|978.98,727.358|989.939,620.609|1002.99,635.616|1062.75,640.472|1156.13,761.528|1211.05,872.938|1232.12,890.373|1207.61,820.712|1194.72,801.2|972.237,641.54|919.053,664.42|989.568,697.852|1129.76,695.669|1206.22,714.504|1297.83,756.669|1200.77,729.187|1027.94,881.815|1138.72,965.154|1114.66,1119.36|1189.78,1241.86|945.97,903.575|976.496,888.871|1075.97,1084.15|1101.25,1217.2|998.455,581.548|996.122,594.242|1012.36,565.889|1046.12,549.327|980.112,568.613|950.59,547.975
375|1|985.654,892.926|975.743,796.447|978.84,727.405|989.708,620.696|1002.77,635.697|1062.63,640.665|1155.57,761.949|1210.3,873.689|1231.5,891.333|1207.25,821.81|1194.39,802.109|972.03,641.616|918.851,664.478|989.068,697.667|1128.92,695.272|1205.18,713.948|1296.61,755.942|1199.82,728.434|1027.86,881.765|1139,963.39|1114.94,1117.84|1190.6,1239.58|945.946,903.534|976.793,885.79|1069.1,1072.56|1095.34,1203.74|998.181,581.65|996.279,593.202|1012.47,565.053|1045.89,549.327|980.261,567.724|950.48,547.881
376|1|985.655,892.924|975.745,796.448|978.842,727.407|989.711,620.701|1002.77,635.702|1062.63,640.674|1155.55,761.966|1210.28,873.715|1231.49,891.368|1207.25,821.85|1194.39,802.143|972.033,641.621|918.857,664.481|989.075,697.671|1128.92,695.275|1205.18,713.949|1296.61,755.94|1199.83,728.439|1027.86,881.764|1139.01,963.345|1114.94,1117.8|1190.62,1239.52|945.948,903.532|976.84,885.74|1069.09,1072.41|1095.45,1203.53|998.185,581.656|996.298,593.198|1012.49,565.053|1045.9,549.338|980.282,567.721|950.491,547.881
377|1|979.666,888.372|966.245,793.047|975.86,725.291|992.582,618.952|1003.33,634.489|1060.76,645.74|1151.73,764.588|1202.59,871.554|1233.6,895.031|1212.02,825.286|1194.63,800.977|975.17,639.051|932.203,663.271|997.577,704.76|1140.27,707.016|1216.61,728.394|1306.49,772.629|1212.46,741.599|1014.25,874.065|1160.26,953.94|1120.08,1103.24|1205.25,1203.9|946.408,902.211|993.446,884.745|1117.47,1103.55|1173.23,1214.17|1003.69,580.234|990.471,581.622|1007.73,555.595|1048.03,546.532|976.602,558.47|956.167,546.678
378|1|979.651,888.367|966.221,793.049|975.825,725.294|992.523,618.957|1003.28,634.492|1060.7,645.724|1151.69,764.539|1202.56,871.479|1233.56,894.944|1211.98,825.21|1194.63,800.911|975.114,639.057|932.138,663.284|997.437,704.732|1140.06,706.96|1216.34,728.312|1306.2,772.527|1212.11,741.498|1014.23,874.058|1160.27,953.894|1120.08,1103.17|1205.25,1203.8|946.395,902.208|993.273,884.405|1117,1102.86|1172.84,1213.34|1003.62,580.239|990.511,581.803|1007.74,555.744|1047.96,546.554|976.612,558.628|956.087,546.714
379|1|979.494,888.596|965.997,793.353|975.498,725.624|991.934,619.334|1002.74,634.848|1060.09,645.84|1151.25,764.279|1202.22,870.794|1233.19,894.049|1211.52,824.437|1195.18,800.329|974.565,639.438|931.426,663.734|995.517,704.597|1136.95,706.511|1212.45,727.482|1301.98,771.438|1207.01,740.288|1014.06,874.276|1160.98,953.579|1119.89,1102.23|1205.05,1202.25|946.257,902.446|992.206,881.96|1106.59,1097.74|1159.89,1210.45|1002.91,580.631|992.301,586.298|1009.01,559.571|1047.52,547.547|977.832,562.523|955.311,547.653
380|1|979.105,888.564|965.497,793.44|974.827,725.734|990.905,619.486|1001.78,634.981|1058.85,645.486|1150.36,763.191|1201.84,868.712|1232.79,891.691|1211.25,822.379|1196.26,798.652|973.598,639.589|930.328,663.904|993.239,703.913|1133.4,705.118|1208.07,725.457|1297.13,768.899|1201.81,737.843|1013.64,874.237|1161.99,952.373|1119.04,1100.05|1203.94,1199.3|945.894,902.42|990.151,879.194|1091.33,1088.82|1141.26,1204.26|1001.72,580.79|993.73,590.962|1010.01,563.626|1046.73,548.591|978.807,566.561|954.274,548.37
381|1|974.413,888.875|960.664,793.936|971.82,726.765|989.789,620.674|999.665,636.45|1051.4,645.337|1142.98,758.813|1196.52,853.474|1222.2,884.735|1211.24,822.224|1197.25,796.071|972.837,640.329|930.26,663.072|990.228,701.972|1125.37,702.867|1195.52,720.329|1281.91,760.826|1190.74,734.57|1007.95,875.134|1157.53,932.908|1110.1,1082.97|1196.56,1175.22|942.103,902.188|983.606,867.57|1080.14,1072.28|1136,1178.9|1001.44,582.148|999.429,592.621|1013.44,565.033|1045.11,548.572|982.908,569.31|953.932,552.381
382|1|974.537,889.422|960.844,794.499|972.023,727.353|990.089,621.295|999.936,637.089|1051.23,645.857|1142.69,759.243|1196.59,853.414|1221.68,884.713|1211.39,822.966|1196.88,796.54|973.135,640.914|930.573,663.516|990.395,702.091|1125.45,702.807|1195.5,720.087|1281.76,760.447|1190.93,734.025|1008.06,875.706|1157.73,930.186|1109.16,1080.61|1195.57,1172.56|942.241,902.708|990.083,859.364|1073.93,1060.8|1132.65,1164.56|1001.77,582.793|1000.71,593.215|1014.84,565.804|1045.91,549.711|984.306,569.757|954.752,552.548
383|1|975.014,894.266|961.077,798.264|974.822,730.567|991.151,621.91|1000.93,638.214|1050.92,646.337|1145.78,756.938|1201.97,848.224|1218.68,882.099|1210.22,823.273|1197.01,796.995|974.84,641.769|932.037,662.291|988.745,701.48|1125.92,701.276|1193.31,718.881|1278.19,760.105|1188.84,731.607|1006.7,880.248|1164.8,932.282|1109.59,1084.29|1198.52,1172.68|944.328,907.909|1019.08,873.786|1117.59,1087.2|1185.89,1185.47|1002.31,582.408|1001.69,592.849|1015.43,565.296|1046.06,548.84|984.978,569.607|955.017,552.748
384|1|974.888,893.998|960.927,798.029|974.634,730.331|990.913,621.686|1000.7,637.995|1050.7,646.119|1145.59,756.6|1201.87,847.768|1218.6,881.644|1210.17,822.956|1196.94,796.683|974.612,641.533|931.806,661.99|988.37,700.904|1125.34,700.51|1192.56,717.95|1277.27,759.019|1188.06,730.685|1006.57,879.996|1164.7,931.584|1109.49,1083.51|1198.54,1171.52|944.206,907.624|1007.04,862.229|1102.03,1069.27|1168.24,1166.49|1002.05,582.185|1001.35,592.763|1015.11,565.21|1045.78,548.674|984.669,569.509|954.779,552.545
385|1|974.877,894.055|960.941,798.078|974.665,730.38|990.972,621.731|1000.75,638.046|1050.75,646.201|1145.6,756.716|1201.94,847.864|1218.71,881.723|1210.33,823.025|1197.08,796.764|974.665,641.573|931.847,661.995|988.349,700.807|1125.26,700.405|1192.39,717.752|1277.05,758.757|1187.87,730.346|1006.56,880.063|1164.73,931.506|1109.37,1083.36|1198.43,1171.32|944.191,907.672|1007.53,860.682|1097.26,1067.07|1162.09,1166.01|1002.11,582.231|1001.25,592.866|1015.06,565.321|1045.87,548.778|984.612,569.587|954.861,552.549
386|1|974.767,894.13|960.922,798.126|974.711,730.434|991.14,621.785|1000.9,638.118|1050.86,646.345|1145.61,756.962|1202.29,847.974|1219.12,881.768|1210.93,823.052|1197.56,796.853|974.811,641.606|931.962,661.942|988.344,700.651|1125.18,700.369|1192.12,717.66|1276.64,758.687|1187.44,730.167|1006.47,880.173|1164.94,931.282|1108.47,1082.85|1197.2,1171.09|944.065,907.713|1009.14,859.777|1086.24,1066.15|1147.01,1169.79|1002.33,582.291|1001.44,593.087|1015.36,565.575|1046.22,549.046|984.893,569.717|955.195,552.438
387|1|974.763,894.133|960.92,798.129|974.711,730.439|991.145,621.791|1000.91,638.124|1050.86,646.355|1145.61,756.976|1202.31,847.976|1219.16,881.762|1210.98,823.042|1197.6,796.849|974.815,641.61|931.967,661.941|988.351,700.647|1125.19,700.369|1192.12,717.658|1276.64,758.686|1187.45,730.167|1006.47,880.177|1164.96,931.262|1108.41,1082.81|1197.11,1171.07|944.061,907.715|1008.88,859.673|1086.2,1066.08|1146.99,1169.65|1002.33,582.297|1001.46,593.107|1015.38,565.595|1046.24,549.058|984.916,569.735|955.206,552.444
388|1|973.134,900.591|960.086,802.836|974.318,733.88|990.435,623.47|1000.27,640.277|1051.72,649.114|1150.03,758.215|1211.44,844.607|1218.24,882.251|1210.06,823.011|1197.53,796.669|974.142,643.321|931.138,662.094|988.172,700.449|1126.17,700.039|1193.16,717.537|1278.16,759.286|1188.39,731.337|1005.49,887.282|1170.36,935.195|1104.32,1093.75|1188.43,1192.41|941.786,913.554|1002.59,862.726|1068.99,1091.99|1126.61,1205.27|1001.52,583.355|1001.42,593.474|1016.02,566.349|1046.68,551.131|985.335,569.633|955.226,551.945
389|1|972.296,899.532|959.352,801.895|974.067,733.302|990.21,623.185|1000.02,639.821|1051.65,649.27|1150.94,757.763|1213.38,846.23|1218.43,882.388|1209.78,823.521|1197.72,797.154|973.92,643.145|931.086,662.302|988.207,700.352|1126.34,700.431|1193.84,717.679|1279.3,759.315|1189.46,732.378|1004.64,886.225|1168.02,939.526|1104.95,1097.02|1189.71,1195.62|940.958,912.492|1003.58,866.188|1093.18,1103.16|1150.15,1213.49|1001.34,583.16|999.272,594.021|1015.29,567.397|1047.73,552.966|984.398,569.367|956.139,549.845
390|1|972.361,900.055|959.54,802.364|974.355,733.776|990.738,623.647|1000.5,640.319|1051.86,649.637|1151.03,758.229|1213.96,846.404|1218.8,882.45|1210.35,823.95|1198.17,797.416|974.415,643.569|931.585,662.574|988.805,700.547|1127.18,700.654|1194.98,717.877|1280.62,759.513|1190.31,732.465|1004.72,886.787|1168.33,939.43|1104.32,1096.62|1189.02,1195.11|941.01,912.978|1003.34,860.834|1079.42,1089.05|1136.01,1200.3|1001.96,583.633|1001.31,592.761|1016.25,565.869|1047.41,551.603|985.475,568.859|955.827,551.594
391|1|967.074,892.969|955.893,796.359|972.633,729.13|991.857,620.977|1000.96,637.68|1050.97,648.838|1145.88,758.578|1206.03,847.383|1219.03,881.954|1211.52,824.349|1197.97,797.015|975.27,640.191|933.131,659.854|989.151,698.568|1124.04,701.444|1189.39,716.691|1270.64,758.037|1184.17,731.247|998.894,880.818|1158.15,934.715|1097.81,1088.5|1186.25,1177.17|936.253,904.803|993.354,857.579|1086.59,1075.05|1148.89,1171.15|1004.08,581.807|1001.69,594.183|1015.68,566.635|1047.39,548.998|985.432,570.816|957.009,552.517
392|1|966.966,893.221|955.852,796.545|972.656,729.298|991.97,621.099|1001.06,637.815|1050.98,648.97|1145.67,758.995|1206.03,847.679|1219.16,882.099|1211.9,824.282|1198.23,797.054|975.362,640.315|933.208,659.941|989.286,698.54|1124.4,701.386|1189.85,716.542|1271.21,757.857|1184.61,731.19|998.811,881.075|1158.49,934.826|1096.25,1088.24|1183.83,1178.01|936.121,905.051|1002.44,858.33|1071.6,1073.83|1129.43,1177.78|1004.23,581.915|1001.94,594.136|1015.91,566.59|1047.58,549.052|985.649,570.775|957.141,552.587
393|1|967.266,892.519|955.646,795.782|972.416,728.385|990.855,620.128|1000.04,636.73|1050.5,648.578|1145.3,758.526|1203.93,848.875|1219.5,882.08|1212,824.021|1198.25,797.06|974.437,639.491|933.305,660.3|989.047,698.598|1124.03,700.516|1189.75,716.03|1270.71,758.154|1184.29,730.999|998.981,880.445|1160.6,935.154|1099.81,1093.51|1187.16,1185.97|936.537,904.282|1006.97,858.791|1114.42,1099.59|1176.67,1190.88|1002.81,580.875|1003.05,591.829|1017.51,564.93|1047.65,549.289|987.165,568.104|957.137,549.822
394|1|967.255,892.511|955.631,795.779|972.396,728.383|990.826,620.13|1000.01,636.731|1050.48,648.569|1145.27,758.513|1203.89,848.844|1219.46,882.038|1211.96,823.977|1198.21,797.022|974.41,639.493|933.276,660.291|988.991,698.541|1123.95,700.425|1189.65,715.896|1270.59,757.976|1184.19,730.84|998.969,880.437|1160.57,935.08|1099.85,1093.49|1187.22,1185.92|936.527,904.274|1006.42,857.716|1112.26,1096.92|1174.24,1189.09|1002.78,580.878|1002.94,592.125|1017.34,565.15|1047.52,549.232|987.007,568.403|957.013,549.985
395|1|969.039,892.306|957.352,795.63|974.023,728.21|992.138,619.989|1001.4,636.58|1050.6,647.046|1144.82,756.871|1203.1,847.008|1218.28,880.796|1212.01,824.421|1198.19,797.072|975.76,639.352|934.419,659.866|988.977,698.457|1124.26,699.75|1189.92,714.267|1270.38,755.729|1183.67,729.972|1000.69,880.284|1158.39,937.332|1099.58,1090.16|1185.7,1182.77|938.377,904.017|994.157,863.538|1111.66,1098.91|1166.06,1199.88|1003.95,580.736|1002.5,594.096|1016.33,566.429|1047.37,548.102|986.111,570.643|957.001,551.661
396|1|968.829,892.168|957.112,795.545|973.764,728.16|991.886,619.999|1001.13,636.575|1050.33,646.875|1144.33,756.782|1202.17,846.474|1217.65,880.15|1211.7,823.936|1197.85,796.597|975.516,639.359|934.245,659.855|988.992,698.479|1124.38,699.816|1190.11,714.514|1270.55,756.139|1183.9,730.268|1000.47,880.137|1157.14,934.959|1099.09,1087.2|1186.27,1177.93|938.18,903.887|984.9,852.509|1093.75,1075.32|1152.29,1170.56|1003.7,580.769|1002.44,593.737|1016.49,566.266|1047.47,548.511|986.247,570.18|957.105,551.186
397|1|964.88,892.394|956.482,796.307|974.34,729.48|992.421,620.993|1001.21,637.589|1049.09,647.504|1144.98,754.883|1207.69,842.962|1214,874.22|1208.54,824.005|1198.1,798.812|976.506,640.398|935.551,659.449|988.158,699.017|1124.81,698.358|1190.08,713.904|1270.33,755.844|1183.18,730.33|995.93,880.312|1166.33,949.674|1097.96,1106.69|1182.36,1199.82|934.774,904.171|1035.2,880.16|1103.02,1095.85|1163.75,1203.62|1004.37,581.663|1004.15,593.431|1017.02,565.721|1046.8,547.717|987.079,570.725|956.96,553.743
398|1|964.877,892.395|956.477,796.309|974.334,729.482|992.413,620.995|1001.2,637.591|1049.09,647.504|1144.96,754.885|1207.68,842.966|1213.99,874.226|1208.55,824.015|1198.1,798.821|976.498,640.401|935.542,659.454|988.145,699.025|1124.78,698.371|1190.05,713.918|1270.29,755.864|1183.14,730.335|995.927,880.313|1166.31,949.671|1097.93,1106.65|1182.33,1199.78|934.771,904.172|1034.61,879.74|1102.79,1095.39|1163.46,1203.1|1004.36,581.666|1004.13,593.443|1017.02,565.735|1046.8,547.731|987.073,570.732|956.957,553.736
399|1|964.847,892.394|956.402,796.317|974.225,729.486|992.238,620.997|1001.04,637.585|1048.92,647.424|1144.82,754.745|1207.61,842.818|1213.97,874.106|1208.56,824.003|1198.09,798.79|976.334,640.412|935.39,659.484|988.015,698.98|1124.63,698.22|1189.88,713.66|1270.11,755.49|1183.01,730.014|995.894,880.296|1165.93,949.471|1097.74,1106.09|1182.2,1199.09|934.743,904.186|1027.7,873.339|1102.45,1089.93|1163.04,1196|1004.16,581.664|1003.76,593.492|1016.74,565.816|1046.68,547.865|986.782,570.725|956.824,553.605
400|1|964.81,892.512|956.358,796.413|974.191,729.577|992.224,621.07|1001.02,637.656|1048.85,647.473|1144.67,754.888|1207.55,843.029|1213.99,874.323|1208.76,824.29|1198.26,799.059|976.314,640.494|935.381,659.565|988.124,699.042|1124.89,698.291|1190.23,713.712|1270.57,755.524|1183.53,730.128|995.864,880.398|1165.31,949.421|1097.31,1105.37|1181.87,1198.25|934.698,904.32|1020.29,868.873|1096.03,1084.34|1154.92,1190.78|1004.15,581.732|1003.56,593.646|1016.77,566.041|1046.92,548.235|986.758,570.74|956.987,553.342
401|1|964.801,892.64|956.339,796.5|974.181,729.639|992.229,621.083|1001.03,637.674|1048.78,647.459|1144.58,754.937|1207.63,843.121|1214.18,874.439|1209.11,824.476|1198.53,799.224|976.315,640.52|935.413,659.565|988.416,698.906|1125.49,698.015|1191.07,713.319|1271.67,754.986|1184.65,729.861|995.867,880.507|1164.87,949.441|1096.99,1104.83|1181.63,1197.65|934.677,904.468|1014.48,867.158|1092.67,1082.38|1150.27,1189.31|1004.17,581.727|1003.45,593.691|1016.8,566.123|1047.09,548.409|986.75,570.693|957.093,553.122
402|1|963.412,899.774|955.726,802.036|974.109,734.216|989.095,622.964|998.438,639.787|1045.67,647.971|1145.27,753.742|1215.51,839.148|1212.29,869.993|1206.66,823.722|1198.98,800|973.639,643.026|932.553,662.019|989.55,699.377|1129.19,694.318|1196.44,709.901|1279.16,752.442|1190.64,733.506|994.99,887.399|1170.3,970.178|1097.38,1126.66|1180.41,1225.49|932.758,911.851|1032.15,894.531|1083.6,1113.76|1144.26,1231.13|999.986,582.511|1003.08,593.454|1016.48,565.935|1044.54,549.405|986.064,570.018|953.46,552.533
403|1|964.78,902.049|956.183,804.032|974.303,736.084|988.505,624.339|998.053,641.026|1045.39,647.538|1146.87,752.204|1217.88,835.711|1212.78,868.117|1205.7,823.906|1198.82,799.758|973.091,644.737|931.851,663.678|990.098,699.319|1131.33,693.322|1200.19,707.495|1284.05,749.513|1193.35,729.887|996.399,889.033|1160.44,970.248|1091.65,1115.12|1174.81,1212.91|934.072,914.754|980.392,884.821|1064.28,1110.6|1117.81,1229.23|999.148,583.656|1002.26,594.069|1016.69,566.952|1045.23,551.852|985.922,569.938|953.481,551.67
404|1|965.176,902.146|956.47,804.178|974.504,736.236|988.586,624.509|998.143,641.189|1045.3,647.552|1147.01,751.796|1218.39,834.614|1213.3,867.205|1205.81,823.722|1198.99,799.494|973.206,644.905|932.028,663.707|990.397,698.736|1131.73,692.133|1200.69,706.866|1284.88,748.997|1195.41,728.959|996.761,889.099|1159.4,968.564|1090.63,1111.79|1173.73,1209.06|934.503,914.879|979.226,880.218|1058.38,1095.35|1112.1,1212.74|999.183,583.832|1002.06,593.344|1016.84,566.578|1045.62,552.509|986.064,569.14|953.963,551.13
405|1|969.583,902.351|959.2,804.337|976.361,736.101|988.548,623.992|998.453,640.441|1045.3,645.441|1148.67,748.468|1220.67,831.787|1213.69,864.908|1204.76,823.85|1199.16,799.626|973.44,644.793|932.222,664.09|991.013,697.495|1132.83,688.476|1201,704.305|1286,746.734|1195.81,728.346|1000.99,888.617|1160.28,963.127|1094.36,1102.61|1178.66,1198.33|939.068,915.759|978.893,878.52|1072.49,1095.69|1124.8,1212.16|998.474,583.064|1001.74,592.624|1016.31,565.591|1044.88,551.193|985.413,568.439|952.8,550.614
406|1|971.793,903.394|960.163,805.507|976.678,737.244|988.017,624.982|998.066,641.285|1045.53,645.376|1150.77,746.951|1223.87,828.439|1214.81,863.741|1203.83,824.029|1198.77,799.237|973.042,646.004|931.729,665.179|990.823,696.653|1132.99,686.11|1200.88,703.343|1286.67,746.166|1196.38,728.699|1003.07,889.021|1163.09,959.308|1095.8,1099.14|1178.66,1196.27|941.399,917.425|976.132,883.192|1059.17,1102.77|1110.86,1222.41|997.652,583.955|1001.05,592.497|1015.73,565.607|1044.29,552.029|984.751,568.315|952.022,551.074
407|1|971.905,903.281|960.161,805.591|976.531,737.419|987.674,625.338|997.731,641.602|1045.09,645.651|1150.52,746.618|1223.88,827.13|1215.1,862.568|1203.65,823.577|1198.63,798.768|972.759,646.335|931.533,665.468|990.532,696.632|1132.4,685.551|1200.45,703.684|1286.45,746.568|1198.11,727.738|1003.12,888.9|1163.88,958.487|1095.7,1098.1|1178.12,1194.92|941.581,917.319|983.83,885.945|1054.7,1095.99|1107.38,1216.05|997.221,584.376|1000.34,592.722|1014.99,565.902|1043.67,552.43|984.083,568.643|951.609,551.606
408|1|975.437,905.396|960.539,807.569|975.559,739.156|986.279,625.964|996.494,642.252|1045.29,645.863|1153.36,746.493|1229.05,825.739|1219.8,863.205|1202.77,823.561|1198.42,798.533|971.327,647.333|928.998,666.373|989.612,696.734|1133.96,682.715|1202.24,703.255|1288.88,748.912|1199.65,727.729|1006.62,889.37|1169.38,955.657|1102.19,1097.59|1184.74,1196.26|945.117,921.046|978.857,888.439|1048.13,1100.28|1100.57,1223.78|995.75,584.555|998.616,594.625|1013.63,567.287|1042.9,552.687|982.304,569.953|949.701,551.432
409|1|976.358,904.389|961.19,806.935|976.037,738.77|986.374,625.926|996.636,642.054|1046.18,645.814|1155.02,745.685|1231.47,824.442|1222.43,863.16|1203.5,823.943|1198.38,798.569|971.502,647.363|929.193,666.598|989.592,696.607|1133.46,682.249|1201.25,702.774|1287.45,748.419|1199.58,725.948|1007.41,888.219|1173.4,954.141|1104.55,1096.79|1186.49,1195.18|946.173,920.176|985.523,891.37|1044.02,1094.83|1097.04,1218.39|995.701,584.617|1000.5,591.975|1015.1,565.054|1042.9,552.311|983.894,567.711|949.933,551.178
410|1|976.374,904.404|961.187,806.943|976.021,738.768|986.327,625.909|996.598,642.037|1046.16,645.799|1155.05,745.646|1231.52,824.377|1222.49,863.102|1203.52,823.875|1198.39,798.504|971.457,647.351|929.129,666.586|989.442,696.502|1133.25,682.085|1200.96,702.517|1287.14,748.085|1199.22,725.76|1007.42,888.225|1173.51,954.124|1104.63,1096.77|1186.58,1195.13|946.187,920.199|985.246,890.676|1043.88,1093.97|1096.99,1217.35|995.642,584.593|1000.39,591.836|1015,564.925|1042.82,552.252|983.788,567.59|949.852,551.15
411|1|983.938,907.908|965.968,810.79|975.94,741.894|986.615,627.965|997.223,644.201|1050.01,650.313|1159.77,753.364|1242.65,832.721|1228.87,863.983|1198.34,823.054|1201.74,800.749|971.276,649.686|925.533,668.151|987.244,696.602|1132.18,675.662|1200.56,698.517|1287.96,746.347|1199.67,721.464|1016.51,889.762|1183.61,960.898|1116.63,1108.13|1197.34,1214.28|952.363,925.572|979.867,902.833|1025.78,1103.43|1068.9,1235.59|996.068,586.263|999.518,590.989|1014.95,564.316|1044.24,553.786|983.18,566.478|949.958,551.252
412|1|985.495,905.106|966.965,808.799|976.583,740.494|986.19,627.652|997.18,643.394|1056.76,649.713|1168.01,754.145|1249.46,843.014|1229.17,873.976|1197.19,820.297|1200.05,799.515|970.832,649.597|924.401,668.291|986.306,695.894|1132.01,673.789|1200.03,695.701|1286.98,742.752|1199.09,718.433|1017.85,886.659|1192.55,959.001|1124.78,1108.59|1206.23,1212.5|954.145,923.055|994.538,896.589|1033.11,1083.91|1081.67,1210.61|995.181,586.266|998.796,590.604|1014.12,563.891|1043.29,553.495|982.312,566.177|948.881,551.339
413|1|982.544,901.535|966.478,805.808|976.8,738.4|987.839,628.235|999.268,643.523|1062.43,651.466|1171.74,759.792|1250.22,855.584|1219.75,883.958|1193.66,814.446|1196.57,798.755|971.604,649.852|922.903,668.86|987.508,693.08|1133.01,670.844|1199.53,692.084|1284.47,738.34|1198.45,713.989|1015.68,884.196|1195.02,967.716|1121.86,1112.31|1196.55,1218.51|950.518,918.369|993.871,917.544|1025.19,1099.54|1071.51,1229.55|997.101,587.897|994.004,592.179|1011.65,566.236|1045.96,557.304|979.634,567.055|951.713,550.901
414|1|983.919,904.097|967.913,807.923|977.173,739.899|988.695,630.018|1000.52,645.405|1066.72,655.933|1173.99,768.391|1246.56,865.776|1215.26,891.78|1195.99,815.375|1189.67,803.481|971.928,651.452|921.554,670.244|986.862,690.597|1131.11,667.067|1198.77,685.632|1284.97,729.339|1197.93,707.796|1017.77,886.954|1199.23,977.073|1121.64,1121.76|1191.72,1233.49|951.245,920.723|982.095,916.65|1007.26,1103|1048.07,1236.57|997.959,589.839|996.308,591.171|1013.34,565.35|1046.59,557.92|981.266,566.658|952.002,553.109
415|1|984.078,908.536|968.291,811.833|977.596,743.558|990.24,633.06|1002.08,648.734|1069.04,660.782|1176.91,773.661|1244.7,868.029|1208.99,892.388|1196.23,815.706|1184.64,802.437|973.091,654.386|921.368,672.6|982.742,689.974|1127.09,663.928|1194.19,681.293|1280.1,724.539|1195.15,699.977|1018.23,891.202|1202.94,992.699|1125.02,1145.08|1192.98,1262.66|951.113,925.349|1003.56,957.081|1013.69,1161.58|1055.57,1305.99|999.895,592.729|997.229,590.099|1013.87,564.445|1047.77,558.923|981.694,566.5|952.794,556.564
416|1|984.575,910.519|970.021,813.248|980.106,744.791|995.136,633.888|1006.74,650.106|1074.22,666.132|1180.11,781.686|1244.47,875.294|1208.42,895.269|1198.15,820.414|1184.5,805.454|977.439,654.745|924.257,671.798|980.755,688.316|1124.93,661.302|1191.72,679.311|1276.83,723.627|1195.15,694.067|1019.04,893.687|1206.09,1006.69|1126.4,1164.04|1194.31,1284.51|951.317,926.845|1023.55,977.853|1021.99,1186.85|1066.27,1334.88|1005.62,593.524|1001.68,586.081|1014.45,559.248|1047.71,552.36|982.995,565.992|953.666,564.31
417|1|986.782,914.054|972.337,816.393|982.215,747.549|997.267,636.022|1008.99,652.497|1076.66,669.302|1183.09,784.286|1246.33,876.855|1209.15,896.192|1198.76,821.521|1185.1,806.209|979.453,656.786|925.301,673.296|977.922,687.358|1121.45,657.891|1187.88,676.562|1272.04,721.881|1194.53,685.734|1021.37,897.214|1212.95,1017.85|1134.05,1184.3|1202.84,1306.97|953.406,930.387|1078.79,1014.4|1052.4,1221.42|1105.98,1369.38|1007.69,595.459|994.036,588.569|1012.76,563.789|1054.36,561.218|980.749,565.723|960.403,558.86
418|1|1013.3,942.309|993.78,835.575|991.144,755.17|1002.31,636.607|1015.76,654.805|1086.26,676.81|1194.93,796.109|1257.17,880.552|1212.52,900.708|1198.86,822.456|1186.58,808.094|984.157,657.741|928.179,675.524|969.656,687.659|1113.93,644.617|1184.34,669.254|1273.44,705.486|1192.37,676.822|1050.99,926.222|1264.01,1068.5|1178.72,1264.55|1246.9,1413.6|976.923,957.94|1127.76,1080.82|1093.93,1315.89|1154.5,1487.38|1010.93,593.394|1001.4,591.79|1011.36,561.821|1047.16,546.485|980.5,573.127|954.124,571.619
419|1|1015.37,950.181|997.649,838.856|993.045,755.029|1002.4,632.945|1016.85,651.866|1091.38,675.419|1201.76,798.267|1262.94,885.933|1215.89,906.918|1200.72,827.475|1189.04,810.737|983.873,654.453|928.035,672.962|966.787,682.675|1109.3,633.86|1182.01,650.69|1275.19,696.074|1185.6,666.976|1057.45,936.007|1272.46,1106.75|1204.04,1334.46|1280.13,1496.08|975.016,963.899|1119.98,1136.45|1098.79,1405.26|1162,1587.09|1010.17,588.364|998.192,589.903|1013.16,560.372|1053.44,547.161|980.341,567.154|955.996,558.326
420|1|1015.35,952.338|997.946,840.215|993.284,755.799|1001.69,632.616|1016.53,651.738|1091.93,675.412|1202.93,797.858|1266.03,885.034|1218.98,908.995|1201.63,829.984|1187.93,811.811|983.119,654.252|926.041,673.003|964.958,681.525|1108.06,629.992|1180.68,646.218|1273.22,691.244|1186.66,657.905|1057.88,938.18|1265.31,1130|1212.6,1373.43|1294.14,1534.53|974.569,966.039|1112.24,1168.78|1099.32,1455.43|1164.29,1642.24|1009.04,587.615|998.408,590.094|1014.75,561.001|1054.87,548.839|981.41,566.062|956.318,554.761
421|1|1020.36,950.462|1002.22,838.759|996.848,754.543|1004.13,631.371|1019.16,650.414|1094.48,673.468|1206.23,794.667|1269.21,879.476|1221.61,909.203|1201.53,829.825|1186.89,811.463|985.744,653.077|928.441,671.434|965.987,676.785|1108.56,623.113|1180.16,640.639|1272.27,682.172|1187.96,649.223|1062.68,936.025|1262.6,1140.69|1218.27,1387.22|1299.66,1547.67|979.795,964.426|1110.95,1184.34|1103.63,1476.08|1168.5,1665.17|1011.02,586.334|997.97,590.494|1012.94,560.405|1053.97,545.201|980.108,567.374|956.462,556.779
422|1|1020.83,949.956|1002.43,838.167|996.761,753.836|1003.31,630.295|1018.48,649.341|1093.54,673.581|1206.24,794.107|1272.72,877.692|1226.52,910.429|1202.21,830.842|1187.9,812.635|985.035,652.111|927.826,670.691|965.991,672.95|1108.72,616.539|1182.09,635.854|1275.5,674.071|1189.86,644.591|1063.2,935.356|1259.85,1146.48|1219.59,1395.06|1301.63,1555.15|980.207,964.078|1110.4,1193.67|1105.56,1488.62|1170.92,1679.67|1009.94,585.096|999.747,588.772|1013.95,558.569|1052.91,543.338|981.089,565.94|955.118,556.089
423|1|1017.11,944.543|1000.91,833.943|996.64,750.475|1003.85,627.679|1018.78,646.767|1092.66,671.625|1204.73,791.03|1273.36,872.148|1230.68,909.268|1202.22,830.001|1186.95,812.495|985.6,649.19|928.815,668.104|965.604,668.699|1108.17,607.237|1181.82,632.934|1273.96,660.473|1190.02,640.441|1059.32,930.627|1246.41,1147.53|1210.22,1394.03|1293.02,1550.5|976.679,957.995|1101.78,1198.49|1097.11,1491.86|1161.4,1679.4|1010.7,582.76|1000.47,586.706|1014.19,556.549|1052.78,540.806|981.701,564.276|955.917,554.692
424|1|1011.84,944.835|998.187,834.196|995.377,750.732|1003.74,627.978|1018.47,647.269|1092.32,671.784|1204.73,790.155|1272.04,867.527|1230.87,908.278|1201.48,828.847|1183.69,811.652|985.311,649.238|928.065,666.033|964.49,666.701|1110.24,600.695|1184.09,629.943|1275.25,651.911|1190.64,640.208|1054.32,931.81|1238.04,1151.19|1198.22,1395.55|1278.75,1552.21|971.168,957.426|1093.85,1202.8|1084.65,1494.45|1146.4,1681.5|1010.99,583.123|1000.15,584.467|1014.52,555.041|1053.66,541.668|981.986,562.154|956.892,553.895
425|1|1008.43,942.39|997.615,832.151|994.452,748.782|1001.85,625.399|1017.12,644.618|1090.93,667.78|1202.78,789.827|1273.15,873.315|1233.93,907.057|1200.24,827.495|1186.47,813.697|983.212,647.015|924.364,663.96|964.014,662.101|1105.83,597.725|1180.1,619.696|1273.62,649.741|1188.25,627.646|1055.06,930.975|1228.9,1163.58|1194.27,1401.77|1267.81,1566.11|964.383,953.313|1057.68,1220.02|1054.93,1497.99|1098.77,1687.84|1008.65,580.226|1001.12,584.811|1014.66,554.285|1051.74,538.147|981.741,561.979|953.6,551.755
426|1|1003.05,936.001|996.061,829.794|994.294,748.463|1004.78,626.394|1019.62,645.557|1092.75,668.145|1204.01,793.237|1274.19,880.08|1238.39,905.173|1198.54,826.285|1191.59,817.392|985.541,647.739|923.934,662.393|960.016,659.929|1105.33,594.243|1184,619.848|1280.47,643.425|1189.89,631.941|1050.15,925.23|1206.1,1165.01|1176.68,1396.34|1246.6,1559.7|958.795,946.26|1031.19,1222.48|1022.01,1474.3|1051.32,1654.59|1012.76,581.753|1006.77,577.262|1017.91,547.367|1052.88,535.14|985.518,557.422|955.708,556.335
427|1|998.358,933.45|993.011,827.761|992.37,746.813|1002.62,625.417|1017.42,644.542|1090.04,667.495|1198.45,793.801|1269.7,881.032|1239.69,903.97|1198.04,825.694|1192.44,818.111|983.516,646.548|922.099,660.13|959.089,657.207|1104.95,589.781|1180.22,618.092|1272.5,636.232|1186.69,628.315|1045.34,923.644|1196.24,1163.33|1157.38,1379.88|1220.38,1543.85|954.237,942.795|1005.82,1198.4|995.058,1432.59|1014.74,1612.68|1010.42,581.027|1004.14,578.633|1017.07,549.292|1052.9,537.606|984.42,557.318|955.434,552.666
428|1|998.744,936.769|992.64,830.598|991.243,749.242|1000.31,627.333|1015.37,646.45|1089.11,668.817|1198.38,794.844|1270.67,883.218|1238.52,903.568|1197.49,825.507|1192.68,818.314|981.355,648.61|919.698,662.138|955.656,656.024|1101.37,583.701|1174.38,615.493|1263.98,633.676|1181.83,623.421|1045.92,926.679|1193.19,1172.5|1152.67,1388.73|1211.65,1553.07|954.447,946.381|1007.21,1227.4|991.39,1457.02|1011.81,1633.34|1007.63,582.753|1001,581.669|1014.5,552.309|1050.81,540.284|981.726,559.766|953.12,553.556
429|1|998.15,943.592|992.988,834.543|990.89,750.787|999.347,627.061|1015.03,646.678|1090.51,670.241|1198.58,800.07|1268.86,890.236|1235.32,903.26|1197.28,825.116|1191.8,817.629|980.031,648.376|916.96,661.033|952.137,656.467|1101.2,580.445|1170.27,614.878|1254.71,632.111|1178.77,615.504|1048.19,935.798|1191.73,1196.6|1153.2,1418.62|1204.53,1590.09|951.573,950.997|988.643,1251.39|977.513,1481.43|991.465,1659.71|1006.19,581.813|1000.13,584.132|1014.24,554.188|1050.7,540.408|981.012,561.055|951.845,551.613
430|1|999.318,945.393|993.671,835.708|990.751,751.252|998.856,626.918|1014.67,646.655|1090.75,670.298|1198.19,801.261|1266.61,889.905|1233.27,902.961|1197.66,824.945|1189.7,815.844|979.531,648.284|916.584,660.81|951.475,656.329|1101.24,577.002|1169.79,614.76|1252.78,630.579|1178.97,614.637|1049.82,937.576|1186.69,1206.04|1153.03,1434.22|1202.74,1607.97|952.363,952.814|978.892,1261.9|969.122,1490.83|980.855,1668.61|1005.54,581.445|1000.12,582.545|1013.72,552.579|1049.58,539.17|980.549,559.92|950.754,551.841
431|1|999.559,943.468|993.783,834.466|990.835,750.766|999.827,628.395|1015.47,647.768|1091.14,670.191|1196.49,802.302|1256.03,887.765|1233.59,903.534|1200.71,825.737|1186.71,813.147|980.388,649.576|916.994,661.578|948.336,655.811|1097.85,578.952|1165.43,609.679|1248.69,627.828|1172.59,606.088|1050.12,936.231|1187.08,1199.36|1149.98,1418.21|1194.63,1593.38|952.692,950.328|959.814,1233.11|959.364,1455.29|965.076,1633.21|1006.79,583.65|999.391,581.076|1014.02,552.212|1051.4,542.132|980.848,558.685|952.904,552.514
432|1|999.692,942.537|993.752,833.678|990.674,750.101|999.363,627.887|1015.05,647.218|1090.59,669.6|1194.96,802.278|1251.55,886.102|1230.97,902.162|1198.63,824.559|1184.23,811.179|979.987,649.054|916.549,660.821|946.878,654.309|1095.77,577.493|1163.7,606.793|1247.05,622.465|1169.97,602.839|1050.19,935.281|1185.36,1194.91|1149.98,1414.38|1194.09,1592.78|952.887,949.415|942.731,1177.78|950.74,1431.47|950.462,1620.94|1006.18,583.19|999.075,580.223|1013.42,551.402|1050.43,541.388|980.365,558.091|952.21,552.458
433|1|999.714,942.902|993.669,833.636|990.623,749.846|999.303,627.394|1015.1,646.727|1090.71,669.221|1195.27,802.869|1250.49,887.348|1231.16,902.607|1199.03,825.003|1184.28,811.16|979.814,648.668|915.711,660.46|943.255,654.101|1091.62,578.491|1161.24,602.378|1246.68,613.636|1149.7,590.012|1050.4,935.605|1188.57,1187.63|1147.51,1403.17|1193.12,1583.85|952.734,949.819|946.46,1176.87|956.08,1423.74|954.457,1613.58|1006.11,582.591|996.568,580.512|1011.23,551.283|1050.04,540.381|978.056,558.225|951.549,552.117
434|1|993.23,944.754|989.199,833.96|988.422,749.914|998.782,626.833|1014.41,646.62|1090.2,670.083|1193.53,803.338|1252.87,897.058|1229.58,900.926|1197.52,825.48|1187.06,813.949|978.919,647.812|915.024,659.449|942.947,653.838|1080.39,588.977|1156.8,585.604|1253.85,608.942|1156.58,589.057|1044.55,938.971|1186.74,1193.7|1143.66,1424.81|1190.27,1608.19|945.708,950.265|957.691,1225.54|952.287,1473.53|954.304,1662.26|1006.16,581.846|996.013,581.373|1010.02,551.483|1048.98,538.636|976.987,559.294|950.696,552.858
435|1|989.406,941.707|987.293,832.368|987.381,748.876|998.143,626.119|1013.74,645.905|1089.09,669.742|1191.16,803.416|1252.39,899.915|1230,900.724|1197,825.309|1188.39,815.245|978.183,647.01|914.883,659.456|943.041,653.811|1077.18,587.473|1157.46,585.162|1256.65,608.946|1159.37,589.058|1041.01,937.074|1172.9,1199.51|1136.96,1434.43|1182.71,1617.3|941.808,946.137|948.26,1237.53|941.688,1479.82|941.061,1663.21|1005.64,581.248|995.502,581.196|1009.76,551.341|1048.83,538.485|976.662,558.867|950.417,551.827
436|1|987.277,940.19|985.481,831.705|985.221,748.11|998.397,626.306|1013.43,646.179|1088.12,670.078|1189.24,804.171|1249.19,899.216|1230.9,901.533|1197.4,825.198|1188.44,815.303|978.181,646.806|914.998,658.393|941.1,652.559|1075.16,588.147|1157.49,584.705|1257.15,607.489|1160.65,586.453|1038.51,935.338|1163.87,1202.09|1129.88,1437.54|1174.33,1617.93|939.964,944.825|943.114,1242.9|932.874,1473.63|932.883,1651.08|1006.86,581.847|994.677,580.775|1008.85,551.036|1049.04,538.45|976.013,558.982|951.373,553.168
437|1|987.331,938.517|985.539,830.199|985.328,746.744|997.974,625.108|1013.09,644.838|1087.38,669.473|1187.95,804.268|1248.73,900.244|1231.88,902.555|1197.05,825.029|1189.59,816.504|977.845,645.726|914.737,658.133|939.932,652.736|1074.24,588.586|1157.88,584.655|1258.12,606.985|1164.04,583.121|1038.51,933.665|1160.18,1203.22|1125.81,1434.58|1167.79,1613.59|940.068,943.153|940.984,1243.64|930.471,1467.95|929.84,1642.59|1006.26,580.678|993.263,580.114|1008.44,550.621|1049.6,538.594|975.368,557.621|951.527,550.456
438|1|984.919,933.12|984.52,827.008|984.955,744.448|999.024,624.402|1013.55,643.857|1086.49,667.373|1187.97,800.372|1247.16,892.714|1233.69,904.449|1197.27,824.405|1189.71,816.648|978.972,644.812|917.732,657.729|939.312,653.175|1073.33,589.833|1157.99,585.339|1257.99,607.048|1166.28,580.984|1035.34,928.485|1150.53,1196.3|1117.43,1422.01|1158.72,1596.5|938.32,937.552|938.325,1236.16|925.969,1453.74|926.31,1623.23|1008.01,580.585|993.562,581.406|1008.16,551.563|1049.82,537.867|975.522,559.303|952.817,551.944
439|1|982.784,927.658|983.629,823.527|985.385,742.687|1000.21,625.389|1014.37,644.229|1085.84,665.979|1186.4,798.013|1240.6,888.026|1234.88,904.722|1198.4,824.111|1190.89,817.306|980.248,645.605|919.797,658.775|939.008,652.469|1072.09,592.822|1157.3,586.88|1256.23,607.097|1166.09,579.758|1032.34,923.571|1148.68,1176.82|1105.63,1379.19|1142.79,1552.32|936.974,931.579|928.746,1179.77|923.24,1386.79|920.173,1560.3|1009.53,582.603|992.414,577.477|1006.81,548.697|1049.68,538.388|974.749,557.113|954.316,554.962
440|1|982.576,927.176|983.283,822.953|984.943,742.063|999.273,624.687|1013.55,643.463|1084.78,664.36|1185.69,796.128|1240.96,886.77|1235.67,904.823|1198.35,824.139|1192.44,818.509|979.366,645.006|918.808,658.495|937.806,653.182|1070.86,593.009|1156.87,586.239|1256.19,605.468|1166.72,576.672|1032.18,923.039|1148.5,1174.08|1103.73,1373.29|1139.96,1547.32|936.723,931.143|935.361,1177.26|929.499,1389.48|926.878,1564.77|1008.41,581.849|990.878,580.546|1006.25,551.42|1049.93,539.553|973.893,558.748|953.918,552.624
441|1|986.123,927.851|984.352,821.755|985.226,740.807|998.225,622.453|1012.67,641.286|1084.66,663.791|1185.75,796.068|1242.61,890.184|1235.29,904.085|1196.74,823.613|1193.97,820.124|978.587,643.003|918.755,657.226|934.446,655.99|1065.61,597.746|1153.4,587.036|1253.99,601.957|1164.61,570.184|1035.84,922.844|1158.71,1170.3|1111.31,1373.64|1148.25,1549.98|940.105,932.63|940.168,1188.47|935.241,1404.07|934.127,1580.61|1006.9,579.202|991.407,581.986|1006.05,552.024|1048.24,537.059|973.674,559.694|951.966,550.899
442|1|986.216,927.909|984.427,821.82|985.287,740.877|998.237,622.533|1012.69,641.357|1084.34,663.573|1185.51,795.596|1243.22,889.293|1235.77,904.093|1197.04,823.713|1194.85,820.836|978.612,643.089|918.798,657.381|934.61,656.316|1066.25,597.621|1154.45,585.898|1254.95,599.599|1165.79,566.979|1035.92,922.897|1159.69,1168.44|1114.26,1375.12|1152.74,1552.12|940.204,932.693|937.448,1181.42|934.436,1404.37|932.477,1582.96|1006.89,579.286|991.068,581.432|1006.2,551.765|1048.81,537.701|973.739,558.954|952.407,550.141
443|1|989.805,930.516|986.115,823.461|985.366,741.604|997.918,622.241|1012.37,641.151|1084.54,662.515|1188.97,793.038|1246.63,884.839|1235.72,904.244|1196.6,823.575|1194.91,820.927|978.403,643.025|919.382,658.173|930.765,659.686|1064.49,601.607|1152.66,582.284|1254.37,587.903|1163.75,565.372|1039.62,924.361|1166.85,1173.72|1124.33,1389.18|1165.62,1566.68|943.619,936.37|949.986,1212.87|944.394,1433.59|947.943,1609.58|1006.54,578.604|990.84,583.432|1005.56,553.03|1048.04,536.673|973.039,560.68|951.348,550.307
444|1|991.699,932.694|987.517,825.194|986.316,742.974|998.051,623.039|1012.68,641.97|1084.81,662.81|1190.79,792.436|1250.96,883.627|1236.15,904.293|1196.63,823.838|1196.08,821.916|978.628,643.977|919.399,659.366|929.958,660.373|1063.13,600.924|1151.89,580.334|1253.42,584.593|1163.74,564.5|1041.68,926.325|1171.2,1178.63|1131.54,1397.97|1174.55,1575.07|945.361,938.747|956.783,1224.19|950.698,1441.57|956.802,1615.68|1006.36,579.178|991.441,581.502|1006.06,551.429|1048.03,536.706|973.473,559.167|951.139,550.706
445|1|1002.13,933.732|992.662,826.119|987.263,743.6|998.214,623.6|1012.89,642.413|1085.28,662.73|1192.28,791.586|1251.74,879.468|1236.37,903.121|1195.95,823.839|1196.69,822.513|979,644.673|920.077,659.968|928.643,660.241|1059.81,604.855|1148.69,581.251|1249.58,582.663|1161.54,563.674|1051.4,924.418|1182.67,1170.34|1147.99,1387.96|1193.53,1565.88|956.302,942.545|954.638,1197.11|963.327,1410.43|970.989,1588.29|1006.27,579.701|991.681,577.925|1006.68,548.757|1048.51,537.24|974.041,556.085|951.628,550.257
446|1|989.123,920.252|985.858,817.262|985.12,737.709|997.733,620.787|1011.53,639.118|1081.11,660.285|1186.97,784.701|1248.44,873.641|1236.84,899.338|1196.41,825.303|1200,825.083|978.812,641.362|921.731,656.883|925.373,661.901|1056.4,609.225|1141.13,583.624|1239.23,581.099|1151.07,565.64|1037.27,913.508|1163.87,1154.99|1132.4,1376.14|1182.79,1546.56|944.418,926.652|965.325,1200.48|956.342,1413.43|964.985,1582.74|1006.54,578.054|990.343,578.26|1006.66,549.953|1049.6,538.775|974.424,555.588|954.198,546.825
447|1|989.228,920.391|986.15,817.687|985.642,738.413|998.592,622.065|1012.32,640.269|1081.46,660.385|1186.65,784.64|1246.93,871.981|1236.99,897.361|1196.21,825.877|1201.99,826.398|979.633,642.598|922.513,658.291|924.388,662.157|1055.22,610.9|1139.99,585.3|1237.54,581.178|1150.36,567.194|1037.24,913.726|1159.4,1154.05|1123.83,1362.97|1169.86,1533.63|944.644,926.715|938.853,1177.13|938.925,1386.17|941.092,1558.69|1007.53,579.559|991.707,581.404|1004.51,551.424|1045.61,535.455|973.187,560.829|951.904,554.73
448|1|989.218,920.387|986.137,817.692|985.626,738.424|998.568,622.085|1012.29,640.288|1081.43,660.402|1186.6,784.647|1246.88,872|1236.95,897.388|1196.18,825.922|1201.96,826.44|979.611,642.618|922.499,658.31|924.4,662.189|1055.24,610.913|1140.01,585.301|1237.52,581.182|1150.43,567.198|1037.23,913.722|1159.32,1154.04|1123.71,1362.84|1169.69,1533.5|944.638,926.712|938.939,1176.99|938.992,1386.13|941.187,1558.67|1007.5,579.583|991.68,581.329|1004.52,551.383|1045.64,535.523|973.19,560.746|951.917,554.677
449|1|989.218,920.387|986.137,817.692|985.626,738.424|998.567,622.085|1012.29,640.288|1081.43,660.402|1186.6,784.647|1246.88,872|1236.95,897.389|1196.18,825.922|1201.96,826.44|979.611,642.618|922.498,658.31|924.399,662.19|1055.24,610.914|1140.01,585.301|1237.52,581.185|1150.42,567.199|1037.23,913.723|1159.32,1154.04|1123.71,1362.84|1169.69,1533.5|944.638,926.713|938.939,1176.99|938.992,1386.13|941.187,1558.67|1007.5,579.583|991.679,581.329|1004.52,551.383|1045.64,535.524|973.19,560.746|951.917,554.677
450|1|989.218,920.387|986.137,817.692|985.625,738.425|998.567,622.086|1012.29,640.288|1081.43,660.402|1186.6,784.647|1246.88,872|1236.95,897.389|1196.18,825.922|1201.96,826.441|979.61,642.618|922.498,658.311|924.398,662.191|1055.24,610.915|1140.01,585.303|1237.52,581.19|1150.42,567.2|1037.23,913.723|1159.32,1154.04|1123.71,1362.84|1169.69,1533.5|944.638,926.712|938.936,1176.99|938.989,1386.13|941.184,1558.67|1007.5,579.584|991.678,581.328|1004.52,551.383|1045.64,535.524|973.189,560.745|951.916,554.677
451|1|989.218,920.387|986.137,817.692|985.625,738.425|998.567,622.086|1012.29,640.288|1081.43,660.402|1186.6,784.647|1246.88,872|1236.95,897.389|1196.18,825.922|1201.96,826.441|979.61,642.618|922.498,658.311|924.398,662.191|1055.24,610.915|1140.01,585.303|1237.52,581.19|1150.42,567.2|1037.23,913.723|1159.32,1154.04|1123.71,1362.84|1169.69,1533.5|944.638,926.712|938.936,1176.99|938.989,1386.13|941.184,1558.67|1007.5,579.584|991.678,581.328|1004.52,551.383|1045.64,535.524|973.189,560.745|951.916,554.677
452|1|989.218,920.387|986.137,817.692|985.625,738.425|998.567,622.086|1012.29,640.288|1081.43,660.402|1186.6,784.647|1246.88,872|1236.95,897.389|1196.18,825.922|1201.96,826.441|979.61,642.618|922.498,658.311|924.398,662.191|1055.24,610.915|1140.01,585.303|1237.52,581.19|1150.42,567.2|1037.23,913.723|1159.32,1154.04|1123.71,1362.84|1169.69,1533.5|944.638,926.712|938.936,1176.99|938.989,1386.13|941.184,1558.67|1007.5,579.584|991.678,581.328|1004.52,551.383|1045.64,535.524|973.189,560.745|951.916,554.677
453|1|989.218,920.387|986.137,817.692|985.625,738.425|998.567,622.086|1012.29,640.288|1081.43,660.402|1186.6,784.647|1246.88,872|1236.95,897.389|1196.18,825.922|1201.96,826.441|979.61,642.618|922.498,658.311|924.398,662.191|1055.24,610.915|1140.01,585.303|1237.52,581.19|1150.42,567.2|1037.23,913.723|1159.32,1154.04|1123.71,1362.84|1169.69,1533.5|944.638,926.712|938.936,1176.99|938.989,1386.13|941.184,1558.67|1007.5,579.584|991.678,581.328|1004.52,551.383|1045.64,535.524|973.189,560.745|951.916,554.677
454|1|989.218,920.387|986.137,817.692|985.625,738.425|998.567,622.086|1012.29,640.288|1081.43,660.402|1186.6,784.647|1246.88,872|1236.95,897.389|1196.18,825.922|1201.96,826.441|979.61,642.618|922.498,658.311|924.398,662.191|1055.24,610.915|1140.01,585.303|1237.52,581.19|1150.42,567.2|1037.23,913.723|1159.32,1154.04|1123.71,1362.84|1169.69,1533.5|944.638,926.712|938.936,1176.99|938.989,1386.13|941.184,1558.67|1007.5,579.584|991.678,581.328|1004.52,551.383|1045.64,535.524|973.189,560.745|951.916,554.677
455|1|987.218,918.862|983.775,816.826|983.008,738.134|994.687,622.809|1008.65,640.659|1077.76,659.839|1181.16,783.873|1239.23,869.988|1232.95,894.675|1192.32,824.723|1199.44,825.469|975.934,643.389|918.26,660.336|915.052,669.754|1041.71,620.439|1126.69,597.403|1222.03,600.362|1139.41,578.15|1034.98,912.14|1145.55,1150.94|1113.36,1351.74|1153.58,1523.83|942.883,925.235|837.857,1085.55|850.472,1343.7|815.655,1523|1003.04,580.655|984.156,582.046|998.303,552.67|1041.71,538.016|967.042,561.016|948.531,554.22
456|1|987.093,918.831|983.613,816.82|982.822,738.153|994.366,622.882|1008.36,640.701|1077.66,659.901|1180.97,784.108|1238.28,870.29|1231.57,894.887|1190.9,824.761|1198.06,825.519|975.628,643.478|917.871,660.58|914.063,670.53|1040.15,621.445|1125.18,598.739|1220.54,602.007|1137.86,579.524|1034.85,912.098|1144.87,1150.79|1112.92,1351.34|1152.91,1523.5|942.765,925.215|836.344,1081.6|848.321,1342.29|812.461,1521.8|1002.66,580.743|983.6,582.083|997.811,552.731|1041.34,538.151|966.552,561.037|948.191,554.24
457|1|981.513,910.243|980.21,809.178|982.403,732.729|997.063,624.555|1011.9,641.626|1087.31,664.728|1182.49,802.286|1199.14,903.038|1244.5,894.728|1202.74,820.877|1194.64,816.291|976.575,643.911|910.579,656.99|879.69,681.649|1017.99,648.654|1100.79,627.834|1191.82,613.502|1109.56,599.19|1029.22,905.195|1129.79,1117.72|1085.41,1281.82|1119.06,1448.83|937.341,915.05|812.301,987.284|850.134,1222.54|814.103,1385.8|1005.77,585.183|981.65,580.784|998.017,552.2|1045.92,542.197|966.119,559.704|951.461,556.05
458|1|979.24,911.748|978.709,810.071|981.504,733.33|996.656,625.377|1011.74,642.744|1088.29,665.021|1181.13,805.775|1177.3,897.12|1237.18,901.655|1207.89,827.185|1199.27,810.114|975.814,644.375|908.27,656.354|873.851,682.837|1011.6,652.209|1093.69,629.854|1184.98,617.081|1102.66,606.556|1027.28,907.292|1118.93,1101.57|1070.9,1253.62|1100.72,1419.13|934.795,916.005|815.431,950.581|855.914,1180.35|823.122,1338.04|1005.3,586.116|980.08,581.316|996.582,552.642|1045.26,542.733|964.653,560.305|950.745,557.053
459|1|979.216,913.369|978.955,810.602|981.944,733.133|995.812,624.299|1011.4,641.798|1089.54,659.055|1183.6,799.57|1166.68,885.146|1226.18,897.622|1201.87,823.499|1203.42,801.111|974.932,643.478|906.181,655.61|869.419,684.905|1007.79,654.231|1089.62,629.404|1182.16,621.656|1099.46,610.287|1027.77,909.242|1112.3,1089.28|1065.84,1237.44|1095.31,1402.5|934.319,917.321|819.598,940.823|862.709,1171.08|833.606,1329.66|1003.83,584.66|979.314,581.105|995.768,551.953|1044.24,541.136|963.505,559.664|948.75,555.439
460|1|978.858,916.76|978.872,812.468|982.072,734.239|996.524,625.297|1012.5,643.332|1091.12,666.954|1181.45,812.963|1157.32,893.822|1217.32,905.301|1195.87,830.409|1202.71,809|975.141,644.002|904.488,655.43|863.274,686.685|1001.82,658.396|1083.95,632.619|1176.87,629.973|1094.45,614.662|1028.22,913.328|1112.96,1094.7|1063.27,1242.27|1088.59,1410.81|933.312,920.068|812.171,944.688|858.105,1174.49|825.8,1334.02|1004.38,585.637|978.792,580.487|995.403,551.26|1044.76,541.183|962.941,559.288|948.739,556.444
461|1|976.205,918.337|976.531,814|980.026,735.959|994.765,627.813|1010.82,645.868|1089.48,671.508|1177.85,818.781|1145.41,897.773|1203.15,909.011|1188.43,831.815|1200.33,816.707|973.238,646.252|901.89,657.058|856.571,686.948|994.534,661.559|1077,637.348|1169.64,636.357|1087.26,617.603|1025.64,915.123|1110.04,1089.31|1059.14,1240.51|1084.19,1410.34|930.61,921.442|817.333,928.556|860.068,1159.54|827.095,1316.54|1002.59,588.496|978.446,579.465|995.547,551.152|1044.25,544.315|962.778,558.598|947.534,558.026
462|1|976.201,918.336|976.525,814|980.018,735.96|994.75,627.813|1010.81,645.868|1089.47,671.499|1177.84,818.765|1145.37,897.737|1203.1,908.965|1188.4,831.778|1200.3,816.673|973.224,646.254|901.875,657.063|856.539,686.954|994.488,661.563|1076.95,637.354|1169.6,636.517|1087.22,617.607|1025.63,915.122|1110.02,1089.3|1059.14,1240.5|1084.18,1410.34|930.606,921.442|817.348,928.56|860.066,1159.54|827.096,1316.53|1002.57,588.497|978.407,579.45|995.51,551.141|1044.23,544.313|962.744,558.587|947.518,558.028
463|1|963.187,925.344|968.113,818.724|974.966,739.228|993.391,628.589|1008.37,647.297|1084.35,665.69|1168.69,809.906|1156.17,881.49|1169.7,903.831|1184.97,826.156|1199.07,820.267|971.604,647.057|901.232,656.84|844.129,690.165|982.152,667.943|1065.37,649.371|1157.62,645.93|1074.37,623.252|1013.41,924.988|1090.17,1079.16|1036.25,1228.11|1062.83,1398.22|916.904,925.818|812.822,920.013|873.417,1107.95|856.736,1256.61|1003.01,588.384|980.164,580.682|989.884,550.296|1033.62,535.667|959.758,565.011|942.812,571.352
464|1|966.599,924.478|971.389,817.002|978.13,737.182|992.944,626.711|1008.9,645.196|1088.15,665.561|1177.51,812.671|1135.71,890.56|1181.66,909.039|1195.49,825.594|1199.79,818.409|971.487,645.406|900.316,657.108|838.174,690.855|974.453,672.064|1056.72,652.392|1148.82,649.008|1066.67,633.33|1017.29,924.737|1088.32,1074.95|1037.36,1231.37|1059.08,1404.74|920,924.387|806.097,920.543|855.115,1146.98|831.705,1305.94|1000.85,586.479|974.056,577.877|993.927,550.771|1045.24,546.432|961.028,555.375|948.829,551.695
465|1|966.561,923.978|971.212,816.53|977.845,736.754|991.875,626.412|1008,644.787|1087.55,665.003|1177.25,811.49|1130.54,882.97|1178.41,904.984|1193.73,823.96|1202.7,816.021|970.524,645.187|899.122,657.344|834.583,692.368|969.483,673.925|1052.26,656.657|1144.32,660.778|1062.92,636.449|1017.26,924.203|1088.08,1070.61|1038.23,1227.82|1062.31,1400.67|919.963,923.918|803.955,916.808|873.196,1107.7|861.88,1257.14|999.446,586.215|975.154,580.541|992.828,552.009|1041.84,543.75|960.025,558.58|945.157,554.676
466|1|966.559,923.978|971.209,816.529|977.841,736.754|991.868,626.412|1007.99,644.786|1087.55,665.002|1177.24,811.486|1130.51,882.946|1178.38,904.951|1193.71,823.931|1202.68,815.996|970.518,645.187|899.115,657.346|834.569,692.372|969.462,673.925|1052.24,656.652|1144.3,660.704|1062.89,636.444|1017.25,924.202|1088.07,1070.6|1038.23,1227.82|1062.31,1400.67|919.961,923.918|803.952,916.802|873.212,1107.65|861.908,1257.08|999.437,586.215|975.136,580.54|992.81,552.008|1041.83,543.748|960.008,558.58|945.148,554.679
467|1|966.559,923.978|971.209,816.53|977.841,736.754|991.867,626.412|1007.99,644.786|1087.55,665.002|1177.24,811.486|1130.51,882.945|1178.38,904.949|1193.7,823.93|1202.68,815.994|970.517,645.187|899.115,657.346|834.568,692.373|969.46,673.925|1052.24,656.652|1144.3,660.691|1062.89,636.443|1017.25,924.202|1088.07,1070.6|1038.23,1227.82|1062.31,1400.67|919.961,923.918|803.952,916.801|873.213,1107.65|861.911,1257.08|999.436,586.215|975.135,580.539|992.809,552.007|1041.82,543.748|960.007,558.58|945.147,554.679
468|1|966.558,923.978|971.208,816.53|977.839,736.754|991.865,626.413|1007.99,644.787|1087.54,665.003|1177.24,811.485|1130.51,882.941|1178.37,904.943|1193.7,823.925|1202.67,815.99|970.515,645.188|899.112,657.348|834.565,692.375|969.456,673.925|1052.23,656.655|1144.29,660.737|1062.89,636.446|1017.25,924.202|1088.07,1070.6|1038.23,1227.82|1062.32,1400.66|919.961,923.918|803.95,916.799|873.214,1107.64|861.913,1257.07|999.433,586.216|975.129,580.54|992.803,552.008|1041.82,543.748|960.002,558.581|945.144,554.681
469|1|966.558,923.978|971.208,816.53|977.839,736.754|991.865,626.413|1007.99,644.787|1087.54,665.003|1177.24,811.485|1130.51,882.941|1178.37,904.943|1193.7,823.925|1202.67,815.99|970.515,645.188|899.112,657.348|834.565,692.375|969.456,673.925|1052.23,656.655|1144.29,660.737|1062.89,636.446|1017.25,924.202|1088.07,1070.6|1038.23,1227.82|1062.32,1400.66|919.961,923.918|803.95,916.799|873.214,1107.64|861.913,1257.07|999.433,586.216|975.129,580.54|992.803,552.008|1041.82,543.748|960.002,558.581|945.144,554.681
470|1|980.922,928.647|976.374,817.656|975.359,735.321|986.505,622.384|1003.09,641.246|1080.1,662.482|1166.79,803.524|1152.09,874.779|1152.9,893.479|1186.98,823.814|1197.96,820.042|965.769,641.375|893.509,655.324|821.768,696.516|947.794,692.604|1027.9,677.59|1117.03,686.275|1038.72,670.231|1033.6,926.181|1075.06,1034.53|1055.7,1216.57|1083.17,1397.5|932.807,931.057|792.864,896.44|905.373,1053.56|911.33,1193.16|992.627,581.104|978.357,574.813|992.676,546.313|1033.77,537.224|960.334,554.343|937.655,552.644
471|1|980.773,927.473|975.968,816.927|974.702,734.883|985.188,622.372|1001.85,641.11|1079.72,663.466|1167.76,807.535|1139.46,876.726|1151.12,897.758|1183.67,821.725|1196.98,815.548|964.607,641.346|892.449,655.682|818.168,696.653|941.068,693.778|1021.05,681.8|1109.01,695.611|1031.86,675.183|1033.29,924.892|1079.3,1020.82|1062.46,1216.8|1099.21,1398.1|932.817,929.987|790.546,895.872|924.798,980.703|974.738,1088.21|990.997,581.248|974.249,579.703|989.827,550.846|1032.96,539.595|957.442,557.76|937.011,551.429
472|1|980.686,927.43|975.855,816.965|974.56,734.974|985.035,622.525|1001.69,641.255|1079.4,663.697|1166.03,808.06|1136.81,877.005|1141.87,896.72|1176,822.167|1187.72,815.708|964.472,641.482|892.369,655.809|818.034,696.638|940.75,693.693|1020.7,681.848|1108.51,695.689|1031.57,675.257|1033.17,924.837|1079.38,1020.01|1062.69,1216.62|1099.85,1397.8|932.762,929.955|790.7,895.496|924.293,982.982|972.787,1091.79|990.834,581.426|974.136,579.817|989.753,551.029|1032.85,539.899|957.387,557.868|936.966,551.521
473|1|972.771,910.784|974.138,806.4|973.725,733.387|985.311,627.341|1002.52,645.549|1080.37,668.717|1147.28,820.383|1120.81,908.344|1131.23,899.736|1160.71,834.792|1171.09,847.286|963.91,645.03|888.231,656.983|806.811,702.358|935.815,703.109|1017.9,705.127|1098.5,672.083|1031.25,696.762|1023.92,912.636|1034.43,1002.55|1019.38,1186.71|1040.42,1358.99|926.983,909.267|782.114,890.007|901.914,988.747|894.019,1108.6|991.033,588.81|973.922,579.766|991.223,551.798|1035.97,546.491|957.52,557.761|936.758,555.643
474|1|972.318,910.575|973.465,806.554|972.797,733.673|983.714,627.801|1000.95,645.932|1078.36,668.984|1144.05,820.572|1111.2,896.488|1126.58,889.413|1160.05,826.839|1170.02,841.261|962.529,645.487|887.258,657.744|804.578,702.529|930.759,702.446|1011.91,705.153|1096.18,684.204|1024.85,697.237|1023.25,912.324|1021.7,1004.89|1012.67,1180.25|1028.04,1350.31|926.728,909.151|775.784,891.977|889.339,1019.01|870.857,1143.38|989.122,589.335|972.156,572.182|989.711,546.27|1034.16,546.798|956.275,551.917|935.797,555.671
475|1|955.168,910.493|963.893,809.234|969.255,736.855|985.401,632.757|1000.93,650.932|1075.21,670.59|1140.61,817.932|1075.05,886.117|1066.09,860.123|1123.95,839.73|1137.48,859.142|964.06,649.666|890.358,657.076|807.623,704.288|920.412,703.745|997.491,708.796|1078.34,690.034|1008.44,699.316|1004.73,916.031|1033.64,927.833|994.582,1121.25|1041.85,1223.94|910.784,905.668|786.255,839.988|727.846,973.425|647.668,922.906|993.183,595.086|974.102,573.452|991.055,549.345|1035.61,552.487|959.077,555.507|941.228,563.605
476|1|955.158,910.483|963.881,809.23|969.239,736.854|985.372,632.762|1000.9,650.935|1075.18,670.599|1140.57,817.938|1074.91,886.109|1065.64,860.087|1123.12,839.427|1135.81,857.089|964.034,649.671|890.337,657.087|807.562,704.299|920.294,703.764|997.359,708.829|1078.25,690.279|1008.3,699.358|1004.72,916.021|1033.61,927.614|994.585,1121.32|1041.88,1223.91|910.777,905.659|786.202,839.988|727.234,973.28|647.333,922.356|993.149,595.094|974.06,573.477|991.012,549.367|1035.57,552.498|959.037,555.53|941.197,563.617
477|1|955.157,910.482|963.879,809.229|969.236,736.854|985.369,632.763|1000.89,650.936|1075.18,670.601|1140.56,817.942|1074.88,886.106|1065.57,860.078|1123,839.38|1135.61,856.834|964.031,649.672|890.334,657.088|807.555,704.3|920.28,703.767|997.343,708.835|1078.25,690.32|1008.29,699.366|1004.72,916.019|1033.6,927.591|994.585,1121.32|1041.88,1223.9|910.776,905.658|786.223,839.972|727.161,973.261|647.29,922.293|993.144,595.095|974.053,573.48|991.005,549.37|1035.57,552.499|959.03,555.533|941.192,563.619
478|1|955.141,910.471|963.859,809.228|969.211,736.86|985.325,632.782|1000.85,650.951|1075.13,670.629|1140.47,817.972|1074.67,886.152|1064.98,860.117|1122,839.151|1133.61,854.573|963.992,649.689|890.302,657.114|807.463,704.312|920.115,703.823|997.16,708.943|1078.17,690.884|1008.13,699.498|1004.69,916.007|1033.55,927.365|994.578,1121.38|1041.89,1223.85|910.765,905.649|786.527,839.811|726.398,973.046|646.863,921.602|993.092,595.118|973.975,573.523|990.929,549.412|1035.5,552.525|958.96,555.577|941.145,563.649
479|1|958.224,897.59|967.509,801.069|973.109,731.862|984.411,634.387|1000.13,650.879|1073.61,667.464|1143.72,806.916|1058.79,906.574|1020.51,897.638|1046.52,879.578|1025.87,857.022|964.58,650.793|894.137,659.664|801.342,703.819|899.805,717.995|970.255,721.529|1048.11,724.071|974.833,722.354|1005.52,903.542|1021.16,876.331|987.544,1100.44|1030.32,1218.73|915.924,892.389|836.822,735.594|713.528,950.835|623.124,917.916|990.095,599.285|967.731,577.45|991.94,559.27|1039.34,572.185|961.542,556.142|951.686,556.052
480|1|955.433,893.484|966.872,795.205|974.967,723.278|986.125,631.775|1001.87,647.483|1077.06,663.702|1148.29,806.117|1061.73,907.766|1010.72,898.411|1044.56,887.119|1015.4,859.048|966.361,647.078|899.348,663.424|800.394,702.346|894.608,720.356|965.193,724.945|1042.8,721.282|969.517,724.56|1003.72,900.062|1031.44,820.763|993.314,1095.12|1012.98,1242.27|912.118,887.709|813.784,724.514|713.897,901.591|625.587,860.331|991.521,599.083|965.497,587.301|988.64,565.974|1038.26,570.303|958.222,564.466|950.135,558.274
481|1|954.99,900.789|966.926,801.551|975.3,727.964|986.044,632.969|1001.86,649.282|1077.5,663.372|1147.24,806.609|1059.54,906.227|1010.04,900.393|1030.36,892.338|1014.28,861.316|966.365,648.764|899.133,663.746|797.369,703.92|893.309,722.028|959.296,726.298|1034.4,729.062|963.662,723.775|1003.95,907.669|1034.66,811.369|990.982,1096.94|1009.86,1237.26|911.112,894.754|813.524,727.914|698.569,908.905|623.714,864.593|991.247,598.842|957.45,594.064|983.39,573.779|1038,577.042|954.202,568.726|954.172,554.225
482|1|956.434,901.764|968.241,802.128|976.389,728.081|986.462,631.956|1002.47,648.46|1078.25,663.112|1146.5,807.693|1058.04,907.909|1011.06,899.057|989.174,883.233|1016.97,859.779|966.847,647.928|899.271,663.462|794.715,709.029|888.34,724.383|957.881,725.889|1035.41,732.234|960.051,723.642|1005.65,908.593|1048.57,797.656|991.363,1071.02|1006.49,1202.36|912.349,895.78|821.239,736.504|781.572,995.474|702.047,1032.92|991.34,597.356|957.759,574.486|974.116,550.985|1025.31,551.838|945.525,560.351|940.455,573.26
483|1|962.601,914.621|971.812,811.501|977.627,734.627|985.997,633.488|1002.63,650.578|1079.94,663.864|1147.23,811.703|1050.9,906.591|1003.25,898.239|1015.32,890.024|1010.34,858.794|966.335,650.492|897.203,666.404|785.341,711.453|882.893,728.829|950.754,727.689|1028.31,736.986|953.331,727.47|1013.51,920.048|1060.06,784.148|1000.5,1050.7|1014.46,1181.9|917.052,909.907|834.47,754.016|839.245,1031.96|773.445,1116.03|990.248,596.887|974.178,574.286|990.475,551.502|1032.2,556.051|959.36,557.01|940.156,565.604
484|1|964.113,921.554|972.516,816.763|977.467,738.202|984.467,632.995|1001.45,650.736|1078.98,664.658|1145.1,813.831|1046.43,908.71|997.511,895.047|1060.21,910.027|1005.82,855.237|964.959,650.594|895.369,666.798|782.822,715.073|880.21,729.101|948.523,731.315|1025.56,732.014|953.155,727.766|1015.94,926.467|1064.21,781.302|1003.97,1045.94|1015.92,1182.58|917.789,917.31|838.64,766.13|860.473,1042.75|804.728,1148.26|988.059,594.762|968.969,570.029|990.614,550.405|1035.87,562.016|959.33,550.366|944.86,555.161
485|1|963.892,921.672|972.262,817.001|977.163,738.535|984.091,633.627|1001.08,651.312|1078.5,665.449|1143.42,814.921|1043.95,908.245|995.469,894.604|1056.57,910.684|1004.09,855.04|964.608,651.186|895.048,667.511|782.068,716.515|878.667,731.234|946.917,733.9|1023.98,736.499|951.665,730.299|1015.66,926.554|1063.81,781.817|1003.68,1045.73|1015.53,1182.38|917.628,917.457|838.841,768.071|862.096,1043.52|807.801,1150.58|987.645,595.516|970.015,574.486|990.771,553.66|1034.93,562.137|959.347,554.209|943.3,556.757
486|1|966.415,920.039|974.447,813.962|979.041,734.636|985.436,629.657|1002.87,647.284|1081.13,665.002|1138.05,820.913|1027.88,905.717|980.36,885.459|1041.05,908.759|992.938,846.301|965.687,647.404|894.977,666.129|775.497,719.042|873.787,735.716|941.581,737.374|1019.47,745.248|946.97,731.277|1018.9,924.806|1068.49,779.909|1006.52,1043.61|1016.5,1185.1|919.514,915.93|843.532,770.013|872.108,1045.46|822.6,1161.2|988.792,591.496|976.764,576.605|990.285,550.494|1028.99,547.361|958.741,558.486|934.989,563.516
487|1|953.787,914.312|967.92,808.858|977.329,731.655|984.886,632.215|1002.54,649.363|1082.36,667.862|1135.61,828.966|1015.6,898.342|971.235,886.902|1029.17,906.544|986.742,850.226|964.556,648.811|892.805,667.976|768.876,719.611|871.626,744.734|942.762,744.647|1023.25,745.102|950.312,735.626|1005.1,922.538|1072.55,795.617|992.652,1051.05|996.488,1194.88|907.922,907.106|845.616,781.087|853.929,1055.2|800.162,1173.15|988.471,596.341|973.807,577.154|991.626,552.68|1034.32,555.845|958.574,557.105|937.144,561.404
488|1|953.88,915.114|968.123,808.666|977.588,730.95|985.536,631.376|1003.35,648.634|1083.79,668.951|1132.87,833.641|1009.9,901.827|964.42,886.843|1023.22,909.999|980.926,849.661|964.908,647.954|892.169,667.643|764.599,721.505|868.619,747.368|940.899,746.351|1022.58,746.38|948.651,738.616|1005.66,923.42|1074.08,798.578|991.811,1048.34|991.861,1196.46|907.596,907.839|841.26,783.091|853.495,1053.22|798.642,1175.63|989.269,595.46|973.059,577.43|990.867,552.004|1034.87,553.651|957.438,557.125|936.601,561.05
489|1|957.524,918.999|969.297,810.737|977.202,733.952|986.098,634.575|1004.3,651.678|1087.38,670.218|1127.69,841.851|989.395,887.754|953.876,878.363|1006.59,902.422|993.099,861.91|964.702,651.351|888.899,669.595|754.293,722.586|868.9,752.13|944.889,742.387|1030.75,740.627|952.671,740.396|1009.95,925.984|1076.35,814.22|998.188,1059.8|1004.03,1211.41|910.554,912.894|841.424,795.406|862.646,1062.63|810.658,1188.22|990.417,598.826|972.525,574.662|989.464,548.753|1034.93,552.211|955.223,556.149|934.068,566.531
490|1|957.518,919.003|969.289,810.743|977.192,733.961|986.083,634.591|1004.28,651.693|1087.36,670.241|1127.64,841.88|989.329,887.743|953.811,878.345|1006.52,902.415|993.105,861.953|964.688,651.366|888.886,669.613|754.261,722.639|868.822,752.197|944.802,742.496|1030.69,741.151|952.573,740.564|1009.94,925.986|1076.34,814.301|998.185,1059.79|1004.03,1211.42|910.549,912.898|841.402,795.486|862.682,1062.62|810.727,1188.25|990.399,598.845|972.518,574.737|989.463,548.818|1034.93,552.248|955.22,556.204|934.059,566.534
491|1|956.809,918.669|968.569,810.1|976.443,733.213|985.521,633.725|1003.78,650.906|1087.06,670.526|1122.33,843.762|982.342,885.415|947.493,875.626|1001.63,902.82|997.737,866.547|964.002,650.479|887.788,668.794|752.083,724.553|867.01,754.382|942.615,742.612|1029.52,752.982|949.24,751.77|1009.39,925.627|1077.28,821.207|998.848,1059.26|1004.48,1214.14|909.694,912.587|838.869,800.428|864.907,1061.31|816.41,1191.47|989.894,597.93|972.04,578.538|990.842,552.133|1037.27,554.339|955.986,557.493|935.167,562.132
492|1|956.38,919.584|968.097,810.835|975.948,733.909|985.212,634.539|1003.47,651.711|1087.05,670.91|1119.6,845.145|981.518,885.791|939.657,869.544|1000,904.334|1003.67,862.306|963.622,651.27|887.261,669.713|751.351,724.586|867.338,756.728|942.594,743.48|1029.65,748.862|949.084,753.432|1009.03,926.505|1077.39,822.333|998.646,1057.25|1004.22,1212.67|909.197,913.535|838.018,801.488|865.263,1058.95|817.163,1190.51|989.671,598.805|972.219,578.823|991.045,552.507|1037.29,555.166|956.083,557.806|934.893,562.801
493|1|956.297,919.674|968.021,810.916|975.875,734.004|985.165,634.726|1003.43,651.885|1087.02,671.102|1119.09,845.413|981.381,885.739|938.995,869.297|999.462,904.05|1002.61,861.697|963.564,651.441|887.177,669.879|751.165,724.718|867.072,757.292|942.302,744.27|1029.27,748.05|948.76,754.306|1008.95,926.596|1077.34,822.661|998.554,1057.07|1004.08,1212.55|909.112,913.623|837.818,801.817|865.276,1058.77|817.199,1190.46|989.634,599.033|972.054,578.956|990.948,552.667|1037.31,555.424|955.973,557.93|934.887,562.954
494|1|956.267,919.7|967.996,810.933|975.856,734.026|985.167,634.8|1003.43,651.952|1087.04,671.186|1118.88,845.552|981.288,885.566|938.639,868.983|999.179,903.666|1001.94,861.079|963.558,651.505|887.149,669.938|751.05,724.758|866.838,757.572|941.938,744.646|1028.82,747.807|948.279,754.7|1008.93,926.625|1077.35,822.791|998.525,1056.98|1004.03,1212.51|909.077,913.648|837.742,801.932|865.276,1058.68|817.199,1190.44|989.646,599.129|972.05,579.016|990.969,552.732|1037.35,555.529|955.98,557.979|934.902,563.011
495|1|956.266,919.701|967.996,810.933|975.856,734.027|985.167,634.802|1003.43,651.954|1087.04,671.188|1118.87,845.555|981.289,885.557|938.621,868.964|999.167,903.641|1001.9,861.038|963.557,651.507|887.148,669.941|751.05,724.768|866.841,757.583|941.942,744.652|1028.82,747.691|948.289,754.699|1008.93,926.626|1077.35,822.796|998.524,1056.98|1004.03,1212.5|909.077,913.649|837.74,801.937|865.278,1058.67|817.202,1190.44|989.645,599.132|972.049,579.015|990.967,552.733|1037.35,555.531|955.979,557.98|934.901,563.015
496|1|956.629,919.974|968.239,810.799|976.039,733.811|985.052,634.602|1003.48,651.676|1087.71,670.323|1119.59,845.566|987.723,898.787|940.259,872.967|1000.51,907.653|997.828,856.357|963.374,651.405|886.592,670.32|749.562,724.484|867.054,759.147|942.904,747.365|1029.8,744.904|950.634,755.207|1009.49,926.836|1079.15,819.959|999.937,1053.4|1005.73,1209.34|909.253,913.978|837.169,799.65|866.029,1054.99|817.548,1187.47|989.439,598.945|971.306,578.087|990.541,551.797|1037.54,555.127|955.31,556.992|934.478,562.44
497|1|956.622,919.973|968.232,810.797|976.03,733.808|985.035,634.6|1003.47,651.673|1087.7,670.321|1119.57,845.575|987.704,898.789|940.227,872.937|1000.45,907.618|997.773,856.312|963.357,651.403|886.573,670.324|749.529,724.509|867.005,759.175|942.84,747.383|1029.69,744.629|950.569,755.22|1009.48,926.835|1079.15,819.958|999.937,1053.38|1005.74,1209.32|909.245,913.978|837.144,799.658|866.027,1054.96|817.547,1187.45|989.418,598.943|971.233,578.105|990.476,551.808|1037.51,555.121|955.246,557.006|934.454,562.443
498|1|965.773,915.011|971.695,809.023|976.331,737.379|986.399,638.485|1004.64,655.295|1089.37,671.179|1120.31,846.679|991.78,917.847|942.013,884.222|1001.25,905.469|998.146,853.75|964.487,655.448|886.901,671.816|749.241,725.145|871.431,762.125|946.206,744.677|1032.29,734.5|954.014,755.796|1017.54,918.467|1082.74,852.481|1015.7,1074.14|1034.43,1229.77|919.157,912.046|841.714,825.732|882.372,1070.46|840.249,1204.23|991.449,603.009|970.969,576.348|990.229,551.034|1038.67,557.507|955.123,556.997|935.903,567.532
499|1|965.766,915.002|971.684,809.012|976.315,737.365|986.363,638.462|1004.6,655.272|1089.34,671.146|1120.3,846.648|991.784,917.834|942.008,884.207|1001.21,905.391|998.126,853.724|964.454,655.428|886.867,671.801|749.173,725.122|871.305,762.08|946.056,744.633|1032.22,734.911|953.857,755.729|1017.54,918.457|1082.75,852.586|1015.72,1074.11|1034.49,1229.76|919.15,912.038|841.69,825.845|882.434,1070.44|840.378,1204.26|991.404,602.983|970.938,576.363|990.183,551.034|1038.61,557.468|955.079,557.009|935.843,567.525
500|1|965.766,915.002|971.684,809.012|976.315,737.365|986.362,638.462|1004.6,655.272|1089.34,671.146|1120.3,846.648|991.783,917.834|942.007,884.207|1001.21,905.39|998.125,853.724|964.453,655.428|886.866,671.801|749.172,725.122|871.303,762.079|946.054,744.632|1032.22,734.917|953.854,755.728|1017.54,918.456|1082.75,852.588|1015.72,1074.11|1034.49,1229.76|919.15,912.038|841.69,825.846|882.435,1070.44|840.38,1204.26|991.403,602.983|970.937,576.363|990.183,551.034|1038.61,557.467|955.078,557.01|935.842,567.525
501|1|965.766,915.002|971.684,809.012|976.315,737.365|986.362,638.462|1004.6,655.272|1089.34,671.146|1120.3,846.648|991.783,917.834|942.007,884.207|1001.21,905.39|998.125,853.724|964.453,655.428|886.866,671.801|749.172,725.122|871.303,762.079|946.054,744.632|1032.22,734.917|953.854,755.728|1017.54,918.456|1082.75,852.588|1015.72,1074.11|1034.49,1229.76|919.15,912.038|841.69,825.846|882.435,1070.44|840.38,1204.26|991.403,602.983|970.937,576.363|990.183,551.034|1038.61,557.467|955.078,557.01|935.842,567.525
502|1|965.766,915.002|971.684,809.012|976.315,737.365|986.362,638.462|1004.6,655.272|1089.34,671.146|1120.3,846.648|991.783,917.834|942.007,884.207|1001.21,905.39|998.125,853.724|964.453,655.428|886.866,671.801|749.172,725.122|871.303,762.079|946.054,744.632|1032.22,734.917|953.854,755.728|1017.54,918.456|1082.75,852.588|1015.72,1074.11|1034.49,1229.76|919.15,912.038|841.69,825.846|882.435,1070.44|840.38,1204.26|991.403,602.983|970.937,576.363|990.183,551.034|1038.61,557.467|955.078,557.01|935.842,567.525
503|1|965.766,915.002|971.684,809.012|976.315,737.365|986.362,638.462|1004.6,655.272|1089.34,671.146|1120.3,846.648|991.783,917.834|942.007,884.207|1001.21,905.39|998.125,853.724|964.453,655.428|886.866,671.801|749.172,725.122|871.303,762.079|946.054,744.632|1032.22,734.917|953.854,755.728|1017.54,918.456|1082.75,852.588|1015.72,1074.11|1034.49,1229.76|919.15,912.038|841.69,825.846|882.435,1070.44|840.38,1204.26|991.403,602.983|970.937,576.363|990.183,551.034|1038.61,557.467|955.078,557.01|935.842,567.525
504|1|965.766,915.002|971.684,809.012|976.315,737.365|986.362,638.462|1004.6,655.272|1089.34,671.146|1120.3,846.648|991.783,917.834|942.007,884.207|1001.21,905.39|998.125,853.724|964.453,655.428|886.866,671.801|749.172,725.122|871.303,762.079|946.054,744.632|1032.22,734.917|953.854,755.728|1017.54,918.456|1082.75,852.588|1015.72,1074.11|1034.49,1229.76|919.15,912.038|841.69,825.846|882.435,1070.44|840.38,1204.26|991.403,602.983|970.937,576.363|990.183,551.034|1038.61,557.467|955.078,557.01|935.842,567.525
505|1|965.766,915.002|971.684,809.012|976.315,737.365|986.362,638.462|1004.6,655.272|1089.34,671.146|1120.3,846.648|991.783,917.834|942.007,884.207|1001.21,905.39|998.125,853.724|964.453,655.428|886.866,671.801|749.172,725.122|871.303,762.079|946.054,744.632|1032.22,734.917|953.854,755.728|1017.54,918.456|1082.75,852.588|1015.72,1074.11|1034.49,1229.76|919.15,912.038|841.69,825.846|882.435,1070.44|840.38,1204.26|991.403,602.983|970.937,576.363|990.183,551.034|1038.61,557.467|955.078,557.01|935.842,567.525
506|1|965.694,914.764|971.492,808.589|975.986,736.749|985.521,637.379|1003.88,654.222|1088.8,670.052|1119.72,845.982|990.902,917.27|940.849,882.769|999.559,903.997|996.412,851.654|963.673,654.473|886.014,671.134|747.97,725.544|869.96,760.463|943.993,741.444|1032.12,746.383|951.602,747.523|1017.56,918.17|1084.57,860.202|1017.28,1074.35|1037.49,1231.08|919,911.846|840.959,833.218|885.465,1070.73|846.903,1207.16|990.341,601.695|971.099,577.572|990.296,551.694|1038.04,556.713|955.017,557.393|934.8,565.731
507|1|965.691,914.757|971.485,808.578|975.975,736.734|985.487,637.356|1003.85,654.197|1088.78,670.004|1119.77,845.935|990.969,917.282|940.898,882.795|999.641,904.06|996.45,851.659|963.641,654.453|885.981,671.128|747.916,725.581|869.89,760.448|943.903,741.372|1032.02,746.152|951.494,747.338|1017.56,918.161|1084.6,860.444|1017.3,1074.33|1037.52,1231.09|918.995,911.84|840.938,833.47|885.562,1070.73|847.109,1207.23|990.297,601.667|971.036,577.668|990.208,551.745|1037.96,556.649|954.931,557.476|934.717,565.752
508|1|965.689,914.756|971.482,808.577|975.97,736.733|985.478,637.353|1003.85,654.194|1088.77,670.001|1119.76,845.934|990.947,917.262|940.88,882.777|999.627,904.059|996.44,851.655|963.633,654.451|885.973,671.127|747.901,725.585|869.865,760.444|943.873,741.364|1031.99,746.131|951.46,747.321|1017.55,918.16|1084.6,860.457|1017.3,1074.33|1037.52,1231.08|918.993,911.84|840.931,833.486|885.566,1070.73|847.121,1207.23|990.286,601.664|971.02,577.671|990.191,551.746|1037.94,556.643|954.915,557.479|934.704,565.752
509|1|965.689,914.756|971.482,808.577|975.97,736.733|985.478,637.353|1003.85,654.194|1088.77,670.001|1119.76,845.934|990.947,917.262|940.88,882.777|999.627,904.059|996.44,851.655|963.633,654.451|885.973,671.127|747.901,725.585|869.865,760.444|943.873,741.364|1031.99,746.131|951.46,747.321|1017.55,918.16|1084.6,860.457|1017.3,1074.33|1037.52,1231.08|918.993,911.84|840.931,833.486|885.566,1070.73|847.121,1207.23|990.286,601.664|971.02,577.671|990.191,551.746|1037.94,556.643|954.915,557.479|934.704,565.752
510|1|965.684,914.755|971.474,808.576|975.96,736.732|985.457,637.351|1003.83,654.191|1088.75,669.999|1119.73,845.933|990.901,917.23|940.841,882.745|999.594,904.052|996.413,851.645|963.614,654.45|885.955,671.13|747.869,725.604|869.804,760.449|943.802,741.368|1031.91,746.119|951.383,747.341|1017.55,918.158|1084.58,860.484|1017.3,1074.32|1037.52,1231.08|918.988,911.84|840.918,833.52|885.575,1070.72|847.145,1207.23|990.26,601.661|970.979,577.672|990.151,551.745|1037.91,556.638|954.876,557.481|934.677,565.753
511|1|967.505,905.367|973.205,802.243|978.228,734.268|986.124,636.353|1004.98,652.791|1090.44,669.914|1120.5,847.425|990.766,920.871|940.268,885.019|1000.23,905.778|996.49,852.098|964.366,653.424|886.055,671.22|746.724,727.316|870.887,759.924|945.609,743.246|1033.04,738.639|952.375,751.93|1018.69,908.366|1089.94,884.638|1020.56,1084.51|1041.61,1242.03|921.333,902.804|845.743,856.048|889.611,1083.12|853.992,1222.49|990.237,601.268|969.44,578.091|989.449,551.769|1038.76,556.391|953.749,557.183|934.523,564.356
512|1|967.498,905.368|973.197,802.242|978.218,734.266|986.107,636.348|1004.96,652.786|1090.43,669.905|1120.5,847.422|990.718,920.8|940.235,885.005|1000.27,905.879|996.516,852.168|964.349,653.42|886.036,671.221|746.692,727.326|870.846,759.935|945.567,743.256|1033.01,738.734|952.336,751.938|1018.68,908.367|1089.96,884.843|1020.54,1084.47|1041.58,1241.99|921.326,902.807|845.73,856.244|889.666,1083.12|854.101,1222.52|990.217,601.263|969.448,578.12|989.434,551.78|1038.72,556.36|953.734,557.213|934.476,564.38
513|1|967.495,905.371|973.193,802.245|978.214,734.269|986.099,636.353|1004.96,652.79|1090.42,669.91|1120.48,847.431|990.695,920.795|940.214,884.994|1000.24,905.872|996.497,852.161|964.342,653.425|886.029,671.227|746.684,727.341|870.843,759.951|945.569,743.272|1033.03,738.811|952.35,751.953|1018.68,908.37|1089.96,884.948|1020.54,1084.45|1041.57,1241.96|921.323,902.81|845.726,856.345|889.695,1083.11|854.157,1222.53|990.208,601.268|969.461,578.162|989.432,551.808|1038.69,556.351|953.731,557.253|934.451,564.404
514|1|967.494,905.371|973.192,802.245|978.212,734.268|986.095,636.351|1004.95,652.788|1090.42,669.909|1120.48,847.43|990.685,920.787|940.206,884.983|1000.24,905.864|996.49,852.153|964.339,653.424|886.025,671.227|746.678,727.341|870.834,759.947|945.558,743.263|1033.01,738.78|952.34,751.941|1018.68,908.37|1089.96,884.967|1020.54,1084.44|1041.56,1241.96|921.321,902.81|845.723,856.364|889.7,1083.11|854.168,1222.53|990.203,601.266|969.459,578.167|989.426,551.809|1038.69,556.346|953.725,557.258|934.442,564.407
515|1|967.352,906.971|972.96,803.598|977.893,735.481|985.465,637.152|1004.42,653.613|1090.28,669.833|1121.69,847.598|990.704,919.114|940.582,882.707|996.441,896.858|997.331,850.762|963.719,654.338|885.2,671.975|745.584,728.077|869.898,759.999|944.463,742.576|1031.71,735.742|952.113,749.055|1018.65,909.926|1091.43,897.497|1020.94,1087.24|1040.97,1245.37|921.072,904.451|844.484,869.21|890.854,1087.65|857.587,1229.15|989.448,601.904|970.976,578.658|988.318,551.31|1035.19,553.589|952.863,559.181|930.983,568.862
516|1|967.212,907.161|972.813,803.749|977.736,735.612|985.287,637.227|1004.26,653.697|1090.15,669.867|1121.66,847.701|990.328,918.668|940.326,881.966|996.187,896.4|997.167,850.184|963.536,654.424|884.978,672.064|745.081,728.03|869.087,759.916|943.522,742.398|1031.96,744.01|951.047,747.086|1018.53,910.111|1091.32,900.946|1020.56,1087.6|1040.12,1245.72|920.916,904.644|844.182,872.797|891.293,1088.44|858.748,1230.37|989.259,601.957|969.4,578.182|988.688,551.65|1037.2,556.026|952.951,557.723|932.685,565.978
517|1|967.077,907.279|972.667,803.794|977.575,735.621|985.041,637.162|1004.04,653.631|1090.03,669.661|1121.9,847.607|990.168,918.071|940.263,881.147|996.639,896.687|997.273,849.597|963.287,654.388|884.664,672.079|744.518,728.092|868.427,759.936|942.729,742.1|1030.87,740.673|950.09,745.764|1018.44,910.222|1091.21,902.639|1020.31,1087.87|1039.62,1246.09|920.746,904.769|843.854,874.591|891.396,1088.95|859.183,1231.19|988.98,601.862|969.796,578.688|988.843,551.93|1036.89,555.786|953.05,558.12|932.163,566.027
518|1|967.077,907.279|972.667,803.794|977.575,735.621|985.041,637.162|1004.04,653.631|1090.03,669.661|1121.9,847.607|990.168,918.071|940.263,881.147|996.639,896.687|997.273,849.597|963.287,654.388|884.664,672.079|744.518,728.092|868.427,759.936|942.729,742.1|1030.87,740.673|950.09,745.764|1018.44,910.222|1091.21,902.639|1020.31,1087.87|1039.62,1246.09|920.746,904.769|843.854,874.591|891.396,1088.95|859.183,1231.19|988.98,601.862|969.796,578.688|988.843,551.93|1036.89,555.786|953.05,558.12|932.163,566.027
519|1|967.072,907.282|972.66,803.795|977.567,735.62|985.025,637.158|1004.03,653.627|1090.02,669.656|1121.89,847.608|990.151,918.062|940.247,881.13|996.612,896.671|997.254,849.582|963.272,654.385|884.647,672.079|744.483,728.096|868.368,759.936|942.654,742.095|1030.78,740.65|950.002,745.738|1018.43,910.224|1091.2,902.676|1020.3,1087.88|1039.6,1246.1|920.74,904.773|843.838,874.633|891.395,1088.96|859.19,1231.21|988.962,601.857|969.784,578.691|988.828,551.93|1036.87,555.779|953.034,558.122|932.141,566.024
520|1|967.072,907.282|972.66,803.795|977.567,735.62|985.025,637.158|1004.03,653.627|1090.02,669.656|1121.89,847.608|990.151,918.062|940.247,881.13|996.612,896.671|997.254,849.582|963.272,654.385|884.647,672.079|744.483,728.096|868.368,759.936|942.654,742.095|1030.78,740.65|950.002,745.738|1018.43,910.224|1091.2,902.676|1020.3,1087.88|1039.6,1246.1|920.74,904.773|843.838,874.633|891.395,1088.96|859.19,1231.21|988.962,601.857|969.784,578.691|988.828,551.93|1036.87,555.779|953.034,558.122|932.141,566.024
521|1|955.073,915.447|964.51,813.873|973.325,746.006|984.394,640.819|1002.91,659.087|1090.36,669.883|1120.8,849.554|984.239,912.899|936.059,872.988|993.982,894.411|995.443,844.419|961.892,658.391|882.148,672.091|739.444,729.44|865.575,760.679|941.567,744.454|1024.88,720.013|948.847,743.454|1006.37,919.231|1092.14,933.426|1010,1107.05|1030.1,1267.07|908.571,912.163|842.005,904.212|878.117,1110.02|843.493,1255.95|989.7,602.809|970.612,578.543|988.577,551.472|1036.18,554.83|952.908,558.923|931.51,568.887
522|1|955.064,915.444|964.499,813.867|973.311,746|984.373,640.811|1002.89,659.079|1090.35,669.901|1120.69,849.597|984.031,912.749|935.902,872.772|993.809,894.276|995.329,844.286|961.871,658.383|882.123,672.083|739.39,729.423|865.492,760.694|941.49,744.54|1025.27,721.317|948.756,743.537|1006.36,919.228|1092.1,933.718|1009.92,1107.05|1029.95,1267.05|908.561,912.161|841.939,904.421|878.078,1110.09|843.422,1256.02|989.676,602.8|970.522,578.522|988.527,551.463|1036.18,554.854|952.853,558.889|931.514,568.835
523|1|955.062,915.237|964.451,813.629|973.211,745.709|984.144,640.406|1002.69,658.692|1090.13,669.774|1119.58,849.688|982.064,911.026|934.386,870.267|992.021,892.769|993.999,842.412|961.664,658|881.899,671.713|738.858,729.096|864.564,759.928|940.519,744.103|1029.31,740.308|947.751,741.909|1006.37,919.011|1091.22,941.984|1008.41,1108.96|1026.76,1268.79|908.549,911.964|840.512,911.233|877.14,1113.17|842.069,1259.45|989.383,602.344|969.446,578.287|988.437,551.527|1036.97,555.643|952.63,558.051|932.178,566.916
524|1|955.217,914.686|964.575,812.975|973.318,745.067|984.023,639.878|1002.66,658.108|1090.2,669.664|1117.6,849.972|977.95,907.215|931.646,865.351|991.097,892.613|993.126,839.462|961.533,657.504|881.608,671.494|738.044,730.237|864.394,761.001|940.39,744.174|1029.61,741.636|947.439,740.205|1006.59,918.443|1090,956.329|1007.15,1116.8|1023.39,1277.5|908.646,911.427|838.628,924.625|875.828,1122.73|841.331,1270.8|989.177,601.858|969.612,579.141|988.747,552.053|1037.22,555.464|952.762,558.365|931.966,565.968
525|1|955.249,914.665|964.613,812.956|973.364,745.052|984.077,639.868|1002.71,658.096|1090.26,669.61|1117.84,849.906|978.272,907.356|931.9,865.52|991.58,893.625|993.298,839.517|961.586,657.494|881.66,671.486|738.113,730.207|864.553,760.99|940.65,744.182|1029.76,740.646|947.767,740.251|1006.62,918.424|1089.91,957.235|1007.03,1117.15|1023.11,1277.84|908.678,911.405|838.635,925.466|875.873,1123.2|841.442,1271.34|989.236,601.85|969.645,579.119|988.811,552.044|1037.31,555.491|952.822,558.329|932.053,565.915
526|1|956.284,913.691|965.524,811.957|974.216,744.15|984.358,639.203|1003.12,657.266|1090.61,669.435|1117.57,850.246|977.954,907.592|931.161,865.556|989.373,892.954|991.509,839.38|961.923,656.932|881.943,671.553|737.916,729.917|865.812,761.141|942.042,744.349|1031.53,744.279|949.209,740.577|1007.69,917.389|1089.61,968.706|1007.06,1127.05|1021.86,1289.31|909.682,910.486|838.569,938.838|875.365,1135.17|840.93,1285.34|989.321,601.273|969.358,579.364|988.891,552.129|1037.84,555.282|952.762,558.137|932.286,564.788
527|1|956.632,914.112|965.803,812.277|974.44,744.391|984.392,639.326|1003.21,657.373|1090.7,669.579|1117.54,850.414|977.938,908.463|930.825,866.77|989.999,892.94|991.42,839.432|961.973,657.112|881.942,671.85|737.864,730.334|866.414,761.261|942.022,744.246|1029.04,731.137|948.682,748.336|1008.09,917.784|1089.14,975.938|1006.96,1133.7|1021.28,1297.02|909.989,910.931|838.747,947.365|875.525,1142.92|841.407,1294.44|989.286,601.349|969.668,579.273|988.786,551.885|1037.38,554.751|952.677,558.302|931.777,565.477
528|1|956.634,914.111|965.807,812.275|974.448,744.39|984.406,639.329|1003.22,657.377|1090.72,669.586|1117.54,850.432|977.928,908.458|930.819,866.759|989.995,892.938|991.42,839.428|961.984,657.115|881.949,671.854|737.87,730.358|866.431,761.324|942.034,744.348|1029.19,731.83|948.682,748.477|1008.09,917.785|1089.15,976.004|1006.96,1133.74|1021.27,1297.08|909.99,910.93|838.758,947.44|875.532,1142.97|841.422,1294.5|989.302,601.355|969.679,579.285|988.804,551.895|1037.41,554.763|952.691,558.307|931.796,565.471
529|1|957.219,913.685|966.328,811.756|974.923,743.858|984.331,638.798|1003.28,656.782|1090.71,670.246|1115.49,851.564|972.973,903.154|927.866,858.938|987.826,890.053|990.406,833.458|961.964,656.658|881.791,671.398|737.649,730.839|866.789,761.872|942.318,744.901|1031.74,743.806|949.501,752.033|1008.74,917.34|1058.72,1013.39|1010.1,1144.93|1033.05,1304.26|910.526,910.52|876.247,1015.01|894.522,1182.3|883.475,1339.64|988.998,600.817|969.6,579.388|988.699,551.775|1037.22,554.191|952.488,558.202|931.332,564.869
530|1|957.359,913.604|966.472,811.64|975.078,743.717|984.416,638.612|1003.39,656.595|1090.79,670.337|1115.26,851.686|972.305,902.335|927.422,857.774|987.891,888.834|990.37,831.947|962.05,656.491|881.84,671.304|737.672,731.277|866.709,761.97|941.701,744.632|1028.63,731.457|948.919,752.551|1008.9,917.261|1057.78,1024.01|1010.1,1149.29|1032.44,1307.85|910.646,910.438|886.638,1030.98|900.913,1190.4|894.249,1347.49|989.056,600.611|969.51,579.395|988.791,551.778|1037.5,554.202|952.533,558.046|931.521,564.386
531|1|957.362,913.611|966.478,811.647|975.087,743.728|984.434,638.629|1003.41,656.611|1090.8,670.358|1115.27,851.705|972.301,902.326|927.44,857.751|987.924,888.852|990.42,831.959|962.066,656.507|881.856,671.322|737.707,731.329|866.776,762.036|941.777,744.719|1028.86,732.134|948.982,752.637|1008.9,917.268|1057.79,1024.25|1010.1,1149.38|1032.42,1307.91|910.649,910.444|886.877,1031.32|901.051,1190.53|894.479,1347.59|989.078,600.631|969.557,579.474|988.829,551.839|1037.52,554.221|952.568,558.112|931.533,564.411
532|1|957.362,913.611|966.478,811.647|975.087,743.728|984.434,638.629|1003.41,656.611|1090.8,670.358|1115.27,851.705|972.301,902.326|927.44,857.751|987.924,888.852|990.42,831.959|962.066,656.507|881.856,671.322|737.707,731.329|866.776,762.036|941.777,744.719|1028.86,732.134|948.982,752.637|1008.9,917.268|1057.79,1024.25|1010.1,1149.38|1032.42,1307.91|910.649,910.444|886.877,1031.32|901.051,1190.53|894.479,1347.59|989.078,600.631|969.557,579.474|988.829,551.839|1037.52,554.221|952.568,558.112|931.533,564.411
533|1|957.362,913.611|966.478,811.647|975.087,743.728|984.434,638.629|1003.41,656.611|1090.8,670.358|1115.27,851.705|972.301,902.326|927.44,857.751|987.924,888.852|990.42,831.959|962.066,656.507|881.856,671.322|737.707,731.329|866.776,762.036|941.777,744.719|1028.86,732.134|948.982,752.637|1008.9,917.268|1057.79,1024.25|1010.1,1149.38|1032.42,1307.91|910.649,910.444|886.877,1031.32|901.051,1190.53|894.479,1347.59|989.078,600.631|969.557,579.474|988.829,551.839|1037.52,554.221|952.568,558.112|931.533,564.411
534|1|957.385,913.602|966.502,811.63|975.113,743.71|984.424,638.611|1003.41,656.588|1090.82,670.369|1115.27,851.755|972.061,901.908|927.431,857.083|987.882,888.69|990.651,831.692|962.059,656.494|881.837,671.339|737.672,731.461|866.796,762.197|941.924,745.035|1029.94,736.155|949.097,752.81|1008.93,917.26|1057.82,1026.32|1010.14,1150.31|1032.34,1308.7|910.667,910.435|888.9,1034.34|902.258,1191.86|896.462,1348.76|989.054,600.612|969.483,579.457|988.775,551.818|1037.51,554.202|952.507,558.085|931.508,564.373
535|1|957.385,913.602|966.503,811.63|975.114,743.711|984.425,638.612|1003.41,656.589|1090.82,670.37|1115.26,851.756|972.059,901.905|927.431,857.078|987.885,888.687|990.655,831.689|962.059,656.495|881.837,671.34|737.673,731.464|866.798,762.201|941.928,745.039|1029.94,736.178|949.101,752.81|1008.93,917.26|1057.82,1026.35|1010.14,1150.32|1032.34,1308.71|910.667,910.435|888.926,1034.38|902.273,1191.88|896.487,1348.78|989.055,600.613|969.486,579.468|988.777,551.826|1037.51,554.203|952.509,558.094|931.507,564.375
536|1|957.388,913.6|966.506,811.631|975.118,743.716|984.428,638.626|1003.41,656.601|1090.82,670.387|1115.26,851.769|972.045,901.894|927.436,857.056|987.88,888.706|990.673,831.706|962.062,656.508|881.842,671.356|737.687,731.521|866.822,762.259|941.977,745.113|1030.03,736.405|949.156,752.888|1008.93,917.258|1057.83,1026.53|1010.14,1150.4|1032.33,1308.77|910.671,910.433|889.111,1034.64|902.381,1191.98|896.662,1348.85|989.058,600.631|969.528,579.614|988.795,551.936|1037.49,554.211|952.527,558.218|931.487,564.419
