1|1|968.71,907.193|969.106,809.777|970.65,740.795|978.149,640.749|992.111,659.785|1056.32,685.345|1120.64,813.241|1149.19,869.212|1147.91,851.345|1097.95,837.232|1079.43,837.848|961.434,653.325|902.472,652.017|807.345,721.046|870.532,741.31|918.205,736.33|972.631,755.412|942.095,744.442|1018.22,916.182|1116.09,1115.7|1076.47,1518.04|1142.48,1753.37|922.895,899.015|944.078,1072.41|904.402,1504.33|919.514,1725.23|982.806,604.129|981.855,573.368|996.246,559.942|1023.66,576.517|970.271,559.628|946.071,571.07
2|1|969.39,908.542|970.449,810.298|972.475,740.856|981.202,640.141|995.215,659.383|1060.09,686.092|1120.3,818.151|1143.84,880.012|1099.94,872.336|1061.59,864.519|1092.77,843.85|964.077,652.701|904.01,651.467|805.83,718.88|869.564,736.45|921.622,729.106|980.576,753.743|940.348,740.484|1019.81,918.004|1116.21,1121.54|1073.53,1533.7|1138.75,1780.92|922.79,899.942|940.874,1073.44|897.24,1514.69|909.013,1744.05|986.198,603.281|985.035,569.122|995.771,554.563|1022.17,569.289|970.028,558.274|944.034,576.386
3|1|977.331,922.705|977.931,819.071|978.565,750.289|985.933,640.179|1003.18,659.29|1078.67,681.217|1123.37,844.435|1110.99,931.088|1091.96,892.713|1059.8,843.05|1093.09,844.638|966.332,655.462|895.927,661.016|785.671,734.185|870.03,730.818|915.353,733.123|999.7,751.657|945.427,728.732|1042.74,929.428|1136.4,1167.36|1091.19,1743.71|0,0|918.02,916.845|867.057,1066.57|840.65,1638.47|802.879,2034.07|989.176,599.913|987.228,578.008|995.509,555.36|1023.6,556.142|967.355,564.498|937.87,577.313
4|1|977.217,922.736|977.766,818.851|978.377,749.883|985.731,639.501|1003.01,658.663|1078.65,680.818|1123.16,844.112|1111.18,932.196|1090.53,894.692|1056.68,846.484|1092,845.864|966.099,654.818|895.581,660.381|785.09,733.59|869.876,730.544|915.443,733.025|1000.03,751.703|945.096,728.481|1042.75,929.455|1136.34,1165.1|1095.5,1753.76|0,0|917.785,916.879|864.663,1064.55|835.844,1645.33|793.846,2046.92|988.979,599.142|981.899,572.794|995.366,552.632|1029.11,560.373|966.015,557.668|941.355,569.473
5|1|977.206,922.751|977.751,818.857|978.36,749.883|985.709,639.492|1002.99,658.656|1078.64,680.828|1123.1,844.124|1111.13,932.272|1090.36,894.818|1056.38,846.69|1091.86,845.966|966.077,654.811|895.555,660.375|785.062,733.578|869.875,730.532|915.449,733.005|1000.05,751.66|945.075,728.444|1042.74,929.469|1136.33,1164.94|1095.78,1754.33|0,0|917.769,916.895|864.527,1064.41|835.555,1645.72|793.302,2047.62|988.956,599.131|981.519,572.726|995.443,552.735|1029.6,560.904|966.018,557.379|941.762,568.819
6|1|977.206,922.751|977.751,818.857|978.36,749.883|985.709,639.492|1002.99,658.656|1078.64,680.828|1123.1,844.124|1111.13,932.272|1090.36,894.818|1056.38,846.69|1091.86,845.966|966.077,654.811|895.555,660.375|785.062,733.578|869.875,730.532|915.449,733.005|1000.05,751.66|945.075,728.444|1042.74,929.469|1136.33,1164.94|1095.78,1754.33|0,0|917.769,916.895|864.527,1064.41|835.555,1645.72|793.302,2047.62|988.956,599.131|981.519,572.726|995.443,552.735|1029.6,560.904|966.018,557.379|941.762,568.819
7|1|977.206,922.751|977.751,818.857|978.36,749.883|985.709,639.492|1002.99,658.656|1078.64,680.828|1123.1,844.124|1111.13,932.272|1090.36,894.818|1056.38,846.69|1091.86,845.966|966.077,654.811|895.555,660.375|785.062,733.578|869.875,730.532|915.449,733.005|1000.05,751.66|945.075,728.444|1042.74,929.469|1136.33,1164.94|1095.78,1754.33|0,0|917.769,916.895|864.527,1064.41|835.555,1645.72|793.302,2047.62|988.956,599.131|981.519,572.726|995.443,552.735|1029.6,560.904|966.018,557.379|941.762,568.819
8|1|977.206,922.751|977.751,818.857|978.36,749.883|985.709,639.492|1002.99,658.656|1078.64,680.828|1123.1,844.124|1111.13,932.271|1090.36,894.817|1056.38,846.688|1091.86,845.966|966.076,654.811|895.555,660.375|785.062,733.578|869.875,730.532|915.449,733.005|1000.05,751.659|945.075,728.444|1042.74,929.469|1136.33,1164.94|1095.78,1754.34|0,0|917.769,916.895|864.526,1064.41|835.554,1645.72|793.299,2047.63|988.956,599.131|981.517,572.725|995.443,552.736|1029.6,560.907|966.018,557.378|941.764,568.816
9|1|977.117,923.659|977.636,819.445|978.22,750.348|985.571,639.746|1002.89,658.956|1078.66,681.367|1122.88,845.618|1110.39,930.291|1088.92,890.682|1054.36,840.505|1091.47,844.793|965.897,655.073|895.242,660.59|784.536,733.702|870.314,730.602|916.96,733.223|1001.97,751.656|945.687,728.392|1042.88,930.399|1134.59,1161.99|1101.02,1774.63|0,0|917.474,917.785|858.935,1061.91|824.192,1660.17|771.766,2072.62|988.831,599.318|980.387,572.362|993.45,551.981|1027.89,559.297|964.198,557.858|940.306,570.972
10|1|977.119,923.662|977.637,819.445|978.221,750.347|985.574,639.742|1002.9,658.953|1078.67,681.367|1122.89,845.62|1110.4,930.296|1088.93,890.688|1054.38,840.511|1091.48,844.797|965.9,655.069|895.244,660.585|784.537,733.694|870.325,730.598|916.976,733.22|1001.99,751.651|945.7,728.387|1042.88,930.403|1134.59,1161.97|1101.07,1774.75|0,0|917.474,917.787|858.914,1061.89|824.128,1660.26|771.645,2072.76|988.834,599.313|980.302,572.35|993.513,552.019|1028.07,559.469|964.231,557.765|940.448,570.746
11|1|977.119,923.662|977.637,819.445|978.221,750.347|985.574,639.742|1002.9,658.953|1078.67,681.368|1122.89,845.621|1110.4,930.297|1088.93,890.69|1054.38,840.513|1091.48,844.797|965.9,655.069|895.244,660.585|784.537,733.694|870.325,730.598|916.977,733.22|1001.99,751.651|945.7,728.387|1042.88,930.403|1134.59,1161.97|1101.07,1774.75|0,0|917.474,917.787|858.914,1061.89|824.126,1660.26|771.643,2072.77|988.834,599.313|980.3,572.35|993.514,552.02|1028.07,559.473|964.232,557.763|940.451,570.741
12|1|977.119,923.662|977.637,819.445|978.221,750.347|985.574,639.742|1002.9,658.953|1078.67,681.368|1122.89,845.621|1110.4,930.297|1088.93,890.69|1054.38,840.513|1091.48,844.797|965.9,655.069|895.244,660.585|784.537,733.694|870.325,730.598|916.977,733.22|1001.99,751.651|945.7,728.387|1042.88,930.403|1134.59,1161.97|1101.07,1774.75|0,0|917.474,917.787|858.914,1061.89|824.126,1660.26|771.643,2072.77|988.834,599.313|980.3,572.35|993.514,552.02|1028.07,559.473|964.232,557.763|940.451,570.741
13|1|977.119,923.662|977.637,819.445|978.221,750.347|985.574,639.742|1002.9,658.953|1078.67,681.368|1122.89,845.621|1110.4,930.297|1088.93,890.69|1054.38,840.513|1091.48,844.797|965.9,655.069|895.244,660.585|784.537,733.694|870.325,730.598|916.977,733.22|1001.99,751.651|945.7,728.387|1042.88,930.403|1134.59,1161.97|1101.07,1774.75|0,0|917.474,917.787|858.914,1061.89|824.126,1660.26|771.643,2072.77|988.834,599.313|980.3,572.35|993.514,552.02|1028.07,559.473|964.232,557.763|940.451,570.741
14|1|977.119,923.662|977.637,819.445|978.221,750.347|985.574,639.742|1002.9,658.953|1078.67,681.368|1122.89,845.621|1110.4,930.297|1088.93,890.69|1054.38,840.513|1091.48,844.797|965.9,655.069|895.244,660.585|784.537,733.694|870.325,730.598|916.977,733.22|1001.99,751.651|945.7,728.387|1042.88,930.403|1134.59,1161.97|1101.07,1774.75|0,0|917.474,917.787|858.914,1061.89|824.126,1660.26|771.643,2072.77|988.834,599.313|980.3,572.35|993.514,552.02|1028.07,559.473|964.232,557.763|940.451,570.741
15|1|977.175,924.571|977.655,820.051|978.214,750.817|985.56,639.895|1002.93,659.176|1078.95,681.948|1123.25,846.028|1110.74,931.275|1082.47,893.44|1044.55,849.783|1088.31,848.095|965.841,655.245|895.037,660.724|784.147,733.93|870.897,730.915|918.357,733.466|1003.84,751.153|946.206,727.669|1043.17,931.351|1133.24,1160.53|1104.4,1791.01|0,0|917.311,918.662|855.619,1060.38|815.41,1672.91|755.121,2094.08|988.835,599.367|977.787,572.288|994.07,553.007|1031.46,563.13|964.323,556.143|943.367,566.484
16|1|977.261,925.317|977.775,820.325|978.373,750.765|985.95,639.185|1003.36,658.603|1079.61,682.103|1122.38,846.621|1108.27,933.738|1070.94,899.643|1030.25,866.208|1083.93,852.783|966.118,654.599|894.995,660.162|783.541,734.814|870.678,732.598|919.144,735.056|1005.63,749.407|946.072,726.544|1043.61,932.154|1131.42,1161|1105.29,1807.89|0,0|917.078,919.359|852.817,1060.31|807.309,1686.47|739.239,2117.09|989.311,598.438|978.607,572.26|994.562,552.464|1031.74,561.594|964.687,555.965|943.186,565.924
17|1|977.246,925.345|977.758,820.349|978.355,750.786|985.939,639.194|1003.34,658.615|1079.59,682.159|1122.21,846.67|1107.99,933.966|1070.36,900.088|1029.14,866.789|1083.44,853.12|966.105,654.608|894.98,660.172|783.541,734.862|870.704,732.667|919.184,735.133|1005.69,749.442|946.095,726.622|1043.6,932.182|1131.38,1160.93|1105.4,1808.2|0,0|917.06,919.387|852.772,1060.24|807.123,1686.71|738.887,2117.46|989.303,598.443|978.614,572.34|994.548,552.514|1031.71,561.571|964.671,556.036|943.149,565.958
18|1|977.246,925.346|977.758,820.349|978.355,750.786|985.939,639.193|1003.35,658.615|1079.59,682.16|1122.2,846.669|1107.98,933.976|1070.35,900.106|1029.12,866.815|1083.43,853.132|966.105,654.608|894.981,660.172|783.542,734.864|870.706,732.67|919.187,735.137|1005.69,749.444|946.096,726.627|1043.6,932.183|1131.38,1160.93|1105.4,1808.21|0,0|917.06,919.388|852.771,1060.24|807.116,1686.72|738.875,2117.48|989.304,598.442|978.613,572.34|994.549,552.514|1031.71,561.573|964.672,556.035|943.151,565.955
19|1|977.246,925.346|977.758,820.349|978.355,750.786|985.939,639.193|1003.35,658.615|1079.59,682.16|1122.2,846.669|1107.98,933.976|1070.35,900.106|1029.12,866.815|1083.43,853.132|966.105,654.608|894.981,660.172|783.542,734.864|870.706,732.67|919.187,735.137|1005.69,749.444|946.096,726.627|1043.6,932.183|1131.38,1160.93|1105.4,1808.21|0,0|917.06,919.388|852.771,1060.24|807.116,1686.72|738.875,2117.48|989.304,598.442|978.613,572.34|994.549,552.514|1031.71,561.573|964.672,556.035|943.151,565.955
20|1|977.246,925.346|977.758,820.349|978.355,750.786|985.939,639.193|1003.35,658.615|1079.59,682.16|1122.2,846.669|1107.98,933.976|1070.35,900.106|1029.12,866.815|1083.43,853.132|966.105,654.608|894.981,660.172|783.542,734.864|870.706,732.67|919.187,735.137|1005.69,749.444|946.096,726.627|1043.6,932.183|1131.38,1160.93|1105.4,1808.21|0,0|917.06,919.388|852.771,1060.24|807.116,1686.72|738.875,2117.48|989.304,598.442|978.613,572.34|994.549,552.514|1031.71,561.573|964.672,556.035|943.151,565.955
21|1|977.244,925.363|977.757,820.366|978.355,750.804|985.942,639.209|1003.35,658.631|1079.59,682.191|1122.17,846.683|1107.93,934.091|1070.18,900.333|1028.8,867.176|1083.27,853.292|966.107,654.623|894.982,660.186|783.543,734.895|870.705,732.711|919.189,735.186|1005.69,749.494|946.086,726.692|1043.6,932.2|1131.37,1160.9|1105.45,1808.34|0,0|917.058,919.404|852.753,1060.2|807.029,1686.82|738.707,2117.6|989.307,598.457|978.605,572.382|994.558,552.556|1031.73,561.612|964.679,556.061|943.173,565.943
22|1|977.239,926.017|977.821,820.686|978.476,750.892|986.29,638.856|1003.71,658.383|1080.1,682.393|1122.11,846.714|1106.7,935.919|1063.97,905.408|1020.85,878.478|1080.11,856.756|966.371,654.302|895.049,659.887|783.333,735.327|870.889,733.69|920.062,736.088|1004.42,744.422|945.671,727.07|1043.82,932.918|1130.7,1161.98|1105.48,1817.72|0,0|916.85,920.003|851.647,1060.35|803.107,1694.17|731.077,2130.47|989.74,597.959|978.87,572.294|995.593,552.64|1033.22,562.189|965.538,555.37|944.38,564.128
23|1|977.239,926.024|977.821,820.691|978.475,750.896|986.291,638.858|1003.71,658.385|1080.1,682.395|1122.1,846.733|1106.69,935.927|1063.95,905.404|1020.83,878.46|1080.1,856.761|966.371,654.304|895.048,659.889|783.33,735.332|870.88,733.699|920.042,736.1|1004.44,744.439|945.652,727.078|1043.82,932.925|1130.7,1161.98|1105.48,1817.77|0,0|916.848,920.01|851.641,1060.35|803.088,1694.21|731.039,2130.54|989.74,597.96|978.878,572.307|995.579,552.638|1033.2,562.155|965.526,555.393|944.351,564.164
24|1|977.239,926.024|977.821,820.691|978.475,750.896|986.291,638.858|1003.71,658.385|1080.1,682.395|1122.1,846.734|1106.69,935.926|1063.95,905.404|1020.83,878.459|1080.1,856.761|966.371,654.304|895.048,659.889|783.329,735.332|870.88,733.698|920.042,736.099|1004.44,744.439|945.651,727.078|1043.82,932.925|1130.7,1161.98|1105.48,1817.77|0,0|916.848,920.01|851.641,1060.35|803.087,1694.21|731.038,2130.54|989.741,597.96|978.878,572.307|995.579,552.638|1033.2,562.154|965.525,555.393|944.35,564.165
25|1|977.287,926.464|977.877,820.981|978.533,751.128|986.377,639.044|1003.81,658.584|1080.2,682.617|1121.78,847.973|1106.45,937.029|1063.35,906.213|1019.45,878.662|1079.45,857.612|966.438,654.486|895.071,660.045|783.25,735.114|871.001,733.338|919.751,735.619|1006.09,744.125|945.828,726.346|1043.96,933.381|1130.69,1162.53|1106.05,1821.68|0,0|916.821,920.436|851.224,1060.77|801.803,1697.34|728.331,2135.93|989.838,598.132|979.033,572.923|995.105,552.794|1032.49,561.283|965.091,556.268|943.571,565.405
26|1|977.288,926.466|977.877,820.982|978.533,751.129|986.378,639.045|1003.81,658.585|1080.2,682.619|1121.78,847.978|1106.45,937.026|1063.32,906.217|1019.4,878.671|1079.43,857.626|966.44,654.487|895.072,660.045|783.251,735.109|871.004,733.332|919.752,735.612|1006.1,744.119|945.833,726.336|1043.96,933.384|1130.69,1162.53|1106.05,1821.71|0,0|916.821,920.438|851.221,1060.77|801.794,1697.36|728.312,2135.97|989.839,598.133|979.034,572.925|995.109,552.797|1032.49,561.286|965.094,556.269|943.575,565.402
27|1|977.288,926.466|977.877,820.982|978.533,751.129|986.378,639.045|1003.81,658.585|1080.2,682.619|1121.78,847.978|1106.45,937.026|1063.32,906.217|1019.4,878.671|1079.43,857.626|966.44,654.487|895.072,660.045|783.251,735.109|871.004,733.332|919.752,735.612|1006.1,744.119|945.833,726.336|1043.96,933.384|1130.69,1162.53|1106.05,1821.71|0,0|916.821,920.438|851.221,1060.77|801.794,1697.36|728.312,2135.97|989.839,598.133|979.034,572.925|995.109,552.797|1032.49,561.286|965.094,556.269|943.575,565.402
28|1|977.449,927.551|978.002,821.551|978.609,751.581|986.363,639.318|1003.88,658.884|1080.59,682.84|1122.54,850.077|1106.67,932.239|1058.96,900.591|1012.17,871.963|1076.87,857.333|966.366,654.77|894.742,660.237|782.249,734.201|871.137,731.638|920.919,733.825|1005.31,739.214|946.53,722.872|1044.54,934.499|1131.01,1164.77|1107.71,1837.22|0,0|916.598,921.499|849.085,1063|798.112,1709.63|0,0|989.8,598.351|977.93,571.848|994.083,551.842|1032.21,560.921|964.025,555.591|943.179,565.95
29|1|977.419,927.594|977.952,821.554|978.546,751.566|986.279,639.27|1003.8,658.843|1080.55,682.861|1122.42,850.033|1106.72,932.721|1058.5,901.758|1011.14,873.886|1076.23,858.209|966.28,654.724|894.645,660.18|782.131,734.008|871.175,731.446|920.873,733.582|1006.12,739.046|946.481,722.458|1044.54,934.54|1131.11,1164.83|1108.07,1838.17|0,0|916.544,921.543|849.04,1063.11|797.982,1710.49|0,0|989.712,598.292|977.884,571.8|994.059,551.797|1032.18,560.898|963.986,555.516|943.11,565.833
30|1|977.319,929.043|977.842,822.338|978.433,751.991|986.268,639.07|1003.87,658.748|1080.89,682.952|1122.71,850.202|1100.84,927.377|1040.22,907.253|980.157,889.089|1065.04,869.493|966.155,654.601|894.211,660.102|781.232,732.166|873.472,728.677|925.046,731.853|1005.6,732.273|949.36,720.18|1044.93,935.992|1130.11,1169.95|1106.53,1857.03|0,0|915.998,922.993|846.994,1065.66|793.652,1724.92|0,0|989.735,597.888|970.097,569.28|996.213,555.942|1041.02,577.711|967.424,549.015|958.818,551.099
31|1|971.833,921.698|975.72,820.261|978.239,755.125|987.378,641.736|1005.18,661.412|1083.35,683.447|1124.77,851.612|1074.35,904.173|1009.41,925.912|934.384,943.692|1059.07,871.615|966.732,657.314|894.279,659.922|778.071,731.838|876.897,719.988|932.274,735.064|997.43,727.34|950.755,721.241|1042.89,926.523|1118.06,1152.62|1096.07,1898.93|0,0|907.988,917.639|803.737,1059.53|759.63,1764.68|0,0|991.098,600.4|979.299,567.631|996.094,548.929|1034.84,562.529|965.436,552.334|944.156,566.941
32|1|971.772,921.529|975.6,820.035|978.082,754.864|987.107,641.419|1004.93,661.094|1083.19,683.187|1124.47,851.091|1074.31,903.431|1009.23,924.562|934.214,941.661|1058.39,871.166|966.468,657.016|893.996,659.636|777.696,731.132|876.845,719.164|932.541,733.901|1000.24,726.358|950.718,719.589|1042.87,926.325|1117.85,1151.4|1096.94,1900.57|0,0|907.885,917.496|803.174,1058.79|758.146,1766.02|0,0|990.794,600.064|979.336,567.98|995.229,548.684|1033.44,560.911|964.646,552.992|942.729,567.979
33|1|971.709,921.439|975.518,819.925|977.987,754.748|986.998,641.307|1004.83,660.981|1083.1,683.125|1124.15,850.997|1073.99,902.906|1008.74,923.481|933.678,939.91|1057.64,870.787|966.358,656.902|893.878,659.489|777.473,730.602|876.747,718.557|932.507,733.074|1000.53,725.48|950.586,718.59|1042.82,926.227|1117.73,1150.92|1097.21,1901.13|0,0|907.806,917.414|802.929,1058.47|757.518,1766.49|0,0|990.681,599.952|979.011,568.027|995.191,548.787|1033.65,561.153|964.57,552.848|942.911,567.455
34|1|971.647,921.298|975.438,819.781|977.894,754.625|986.888,641.234|1004.72,660.902|1083.01,683.081|1123.77,850.991|1073.56,901.979|1008,921.568|932.832,936.788|1056.68,870.054|966.25,656.818|893.774,659.34|777.277,729.85|876.787,717.591|932.744,731.699|1000.64,723.847|950.742,716.816|1042.77,926.079|1117.65,1150.42|1097.44,1901.42|0,0|907.732,917.278|802.753,1058.09|757.047,1766.71|0,0|990.569,599.896|978.756,568.1|995.159,548.911|1033.79,561.392|964.512,552.77|943.042,567.069
35|1|966.992,930.502|971.978,826.927|975.315,758.594|985.93,638.155|1003.67,659.264|1082.31,684.613|1125.87,852.61|1069.25,897.454|1004.44,872.409|936.476,844.427|1038.92,865.219|964.831,654.674|892.802,657.479|769.041,711.5|873.21,702.345|937.782,717.461|1008.34,689.328|950.068,694.409|1038.18,935.712|1109.16,1112.73|1086.1,1852.33|0,0|903.04,926.099|790.032,1026.24|740.241,1719.99|0,0|990.326,594.504|977.626,569.581|991.87,546.881|1030.64,551.685|960.999,553.746|938.738,565.57
36|1|967.126,930.47|972.068,826.744|975.386,758.291|986.137,637.736|1003.85,658.925|1082.56,684.797|1124.97,852.132|1069.5,898.804|1005.12,873.489|937.726,845.588|1037.22,864.843|965.011,654.213|893.095,656.831|769.918,709.646|875.725,700.485|941.296,714.896|1011.09,685.143|952.804,691.108|1038.34,935.78|1109.75,1111.84|1087.07,1852.99|0,0|903.14,925.979|789.819,1025.18|738.578,1720.16|0,0|990.618,594.048|977.555,570.642|994.39,548.628|1034.51,555.104|963.003,552.753|941.835,560.594
37|1|967.452,930.818|971.556,827.427|974.167,762.504|987.769,634.195|1005.07,657.012|1081.38,688.405|1124.96,850.527|1061.1,921.221|1007.35,885.869|950.106,855.483|1032.85,859.753|966.075,652.034|897.816,657.783|772.037,711.85|871.213,686.617|945.774,708.567|1007.78,672.35|954.248,686.497|1037.59,933.853|1120.07,1054.52|1106.36,1738.83|0,0|904.511,928.365|777.796,995.737|743.156,1650.04|637.066,2098.01|993.388,587.777|976.742,570.837|993.518,546.201|1036.38,546.899|961.643,551.661|942.279,555.642
38|1|966.882,932.401|970.729,828.184|973.171,762.706|986.946,633.71|1004.29,656.674|1081.12,688.653|1123.41,848.119|1063.34,931.936|1013.69,898.316|958.285,868.109|1032.05,859.278|965.138,651.619|896.589,656.496|768.853,705.107|868.907,680|944.7,699.642|1007.54,662.654|953.235,675.643|1037.4,935.375|1125.24,1051.38|1114.42,1738.17|0,0|903.566,930.005|774.459,994.794|743.532,1651.1|636.763,2106.75|992.661,587.059|976.856,572.099|995.196,547.73|1038.29,549.006|962.836,551.243|943.245,551.739
39|1|968.206,950.781|970.35,839.286|971.776,765.806|985.536,632.677|1003.22,656.266|1081.84,689.168|1121.96,850.306|1059.93,941.896|1013.69,904.837|959.888,869.728|1032.52,860.687|963.34,651.584|893.238,659.179|761.198,704.009|865.233,677.011|946.305,688.504|1009.87,658.282|951.849,666.145|1038.67,953.028|1129.43,1028.66|1122.4,1685.43|0,0|904.82,949.034|778.847,976.645|759.104,1603.05|663.912,2016.06|991.325,584.495|976.415,574.169|996.562,549.043|1040.4,548.991|963.061,550.659|942.611,545.542
40|1|968.003,951.665|970.116,840.1|971.52,766.649|985.33,633.537|1003.01,657.129|1081.62,690.081|1120.6,851.463|1059.53,945.581|1018.36,909.289|967.575,870.556|1030.48,855.737|963.132,652.424|893.006,659.611|760.479,701.719|864.766,674.017|946.081,685.577|1010.38,657.16|952.453,662.907|1038.49,953.882|1131.4,1029.18|1123.6,1682.91|0,0|904.592,949.947|777.872,978.187|762.437,1600.35|670.739,2012.82|991.133,585.375|977.285,563.69|996.62,540.622|1039.38,547.375|963.307,543.15|941.885,547.483
41|1|967.951,953.408|969.995,841.703|971.354,768.2|985.214,635.07|1002.87,658.674|1081.44,691.713|1119.64,853.448|1058.91,948.761|1018.25,912.888|967.481,873.5|1030.03,858.026|963.017,653.941|893.007,660.815|760.568,699.73|865.685,671.314|947.19,681.646|1009.52,652.706|952.055,657.915|1038.44,955.616|1133.32,1030.39|1124.97,1681.64|0,0|904.53,951.698|777.666,979.935|765.513,1598.63|677.245,2010.44|991.047,586.923|977.373,572.891|996.685,548.169|1039.42,549.861|963.27,550.564|941.641,548.982
42|1|969.483,959.243|970.44,846.321|971.081,771.989|980.875,637.844|999.275,660.983|1080.2,687.233|1135.87,864.528|1076.17,926.074|1004.8,905.447|926.367,884.75|1057.17,886.021|959.21,657.477|889.474,665.965|758.37,698.326|866.126,661.871|947.55,665.503|1011.06,635.047|951.302,649.524|1040.31,960.629|1138.01,1015.41|1139.58,1662.1|0,0|905.737,958.275|771.378,979.009|771.698,1595.34|696.643,2011.21|985.287,589.37|974.739,569.534|993.746,546.17|1034.38,552.106|960.22,548.249|936.228,550.729
43|1|969.567,959.261|970.543,846.235|971.199,771.871|981.207,637.668|999.581,660.854|1080.64,687.372|1135.92,864.128|1077.61,928.201|1006.59,907.575|928.638,887.081|1057.59,885.881|959.5,657.269|889.728,665.397|758.452,696.17|866.531,659.598|948.082,662.359|1011.45,631.568|951.572,645.737|1040.46,960.709|1139.01,1014.97|1140.76,1662.51|0,0|905.759,958.238|771.62,978.776|772.108,1595.66|697.509,2012.72|985.707,589.175|975.905,571.08|995.218,547.576|1035.51,552.888|961.601,549.1|937.197,549.725
44|1|974.421,992.072|972.574,863.19|971.054,771.368|982.802,632.635|1001.54,656.78|1084.85,689.163|1138.55,869.707|1088.82,953.102|1022.34,922.43|943.255,891.011|1058.83,886.082|960.134,653.119|883.292,663.401|752.072,695.059|868.069,648.047|949.109,645.851|1006.57,620.245|951.818,635.527|1044.45,991.029|1127.5,1039.05|1128.22,1665.38|1222.47,2126.38|911.432,993.285|802.51,1010.56|797.989,1592.29|706.154,1947.79|987.984,582.353|976.934,573.775|998.256,547.675|1041.16,547.558|962.933,548.042|938.562,539.905
45|1|974.54,991.935|972.76,863.04|971.288,771.227|983.198,632.509|1001.91,656.677|1085.17,689.111|1138.69,870.177|1088.95,954.008|1022.26,923.344|942.923,891.949|1058.83,886.938|960.505,652.96|883.636,663.037|752.281,693.86|868.217,646.758|949.069,644.553|1009.15,619.763|951.589,633.74|1044.59,990.943|1128.17,1042.54|1126.24,1665.03|1218.16,2128.06|911.541,993.103|801.06,1015.4|800.888,1590.19|711.659,1946.81|988.434,582.233|977.237,573.255|998.495,547.172|1041.48,547.208|963.185,547.658|938.888,539.931
46|1|958.135,993.227|968.268,864.865|974.62,771.951|986.527,635.629|1005.35,659.44|1090.15,692.795|1147.06,877.533|1069.06,985.769|1005.92,948.605|934.876,896.134|1051.56,896.943|963.667,656.417|884.109,669.174|755.329,689.112|867.997,635.652|948.198,635.915|1013.48,620.482|951.921,626.304|1020.53,999.437|1087.18,1062.31|1053.94,1563.25|1132.21,1828.9|902.304,987.886|848.22,1041.66|813.156,1522.58|738.474,1746.37|991.793,585.915|978.298,569.505|1001.59,545.197|1047.01,551.646|965.714,544.253|943.4,540.552
47|1|949.962,981.952|965.977,858.147|974.545,769.178|986.596,636.784|1005.04,660.068|1087.45,694.459|1146.9,873.456|1082.51,989.765|1019.9,960.209|946.953,913.719|1051.81,899.675|964.101,656.977|884.653,668.751|759.573,697.812|851.471,664.865|934.81,653.437|1004.62,623.627|941.5,628.524|1009.33,991.484|1064.42,1099.61|1007.36,1522.24|1047.44,1779.81|897.255,973.685|838.594,1077.82|804.443,1481.82|729.518,1690.74|991.734,588.446|982.813,562.394|1003.69,540.08|1044.98,551.718|968.54,540.519|942.69,545.62
48|1|949.833,976.477|966.316,854.22|975.249,766.12|988.247,634.999|1006.37,658.281|1087.8,693.06|1145.9,870.562|1084.72,990.144|1023.57,962.787|950.894,916.567|1051.77,898.838|965.797,654.775|886.674,665.436|749.106,707.882|819.392,686.345|900.284,675.169|979.636,637.184|909.331,635.615|1008.54,986.266|1050.13,1118.56|988.852,1497.54|1007.16,1754.72|897.728,967.981|827.011,1095.03|801.786,1454.67|731.481,1663.47|993.616,587.101|981.323,566.382|999.699,541.271|1042.17,545.668|965.111,545.391|940.739,550.061
49|1|942.616,958.759|961.84,842.638|973.011,758.984|988.909,632.616|1005.92,655.507|1084.35,690.76|1147.41,860.091|1098.93,971.18|1031.81,953.133|953.752,929.381|1052.04,899.208|966.544,651.34|889.508,657.85|764.652,673.579|864.068,638.958|929.458,609.59|1010.59,602.82|929.522,616.149|998.137,970.316|1030.36,1145.84|965.342,1482.89|967.888,1718.61|893.378,948.683|818.013,1120.45|790.396,1437.89|723.718,1629.7|995.578,586.441|981.544,563.554|998.828,539.18|1041.31,543.988|965.364,544.442|942.769,552.201
50|1|947.211,954.168|963.575,840.557|972.483,757.703|986.197,631.936|1003.88,654.663|1085.06,685.757|1164.85,850.086|1112.68,952.157|1037.52,951.316|960.815,954.745|1060.42,909.13|963.974,650.825|885.574,656.467|764.68,673.236|866.911,635.135|931.733,598.71|1013.52,584.715|931.724,608.496|1001.65,965.584|1011.88,1181.69|957.324,1483.15|949.61,1710.71|899.17,944.257|805.902,1149.83|793.455,1433.85|727.844,1615.92|991.628,585.877|983.861,579.577|1001.15,551.719|1040.29,546.461|966.711,555.786|938.992,549.685
51|1|942.878,950.716|962.01,838.776|972.85,756.338|986.209,630.78|1004.12,653.594|1085.8,685.401|1166.45,849.653|1111.8,944.066|1035.17,952.417|968.333,970.138|1065.36,913.772|963.916,649.619|884.936,656.146|766.269,672.115|869.377,628.809|936.076,593.069|1019.17,578.45|936.045,603.237|996.565,964.503|997.064,1214.1|943.464,1485.93|926.864,1708.49|895.689,938.759|790.336,1170.81|781.105,1430.69|717.219,1607.49|991.308,584.738|992.304,577.397|1003.73,547.518|1035.16,538.346|969.992,556.4|934.129,555.808
52|-1
53|1|940.314,948.863|960.658,837.906|972.443,756.038|986.291,630.879|1004.09,653.759|1085.14,686.767|1166.05,849.005|1108.7,932.234|1033.17,949.684|976.462,981.916|1068.37,916.283|963.97,649.533|885.124,656.034|765.791,671.005|872.861,626.817|936.324,592.232|1015.92,574.269|934.914,602.34|993.572,963.429|987.292,1234.11|934.098,1486.49|910.949,1702.32|893.523,936.225|780.007,1182.7|771.84,1426.57|709.916,1598.73|991.5,584.977|992.236,576.913|1003.66,547.227|1035.2,538.548|969.988,556.107|934.372,556.08
54|1|939.057,947.912|959.817,838.025|972.121,756.268|985.41,631.283|1003.33,654.149|1084.44,687.158|1165.7,848.212|1104,923.336|1029.76,947.033|982.004,989.114|1069.77,917.263|963.178,649.923|884.268,656.51|765.121,670.012|873.801,625.364|936.858,589.813|1016.29,571.832|935.577,600.835|991.854,963.279|976.955,1248.76|927.899,1487.42|899.548,1697.06|892.759,934.595|771.7,1189.74|765.964,1425.69|704.121,1593.29|990.276,585.432|991.856,575.979|1003.47,546.676|1034.6,539.34|969.684,555.13|933.467,555.691
55|1|939.057,947.912|959.817,838.025|972.121,756.268|985.41,631.283|1003.33,654.149|1084.44,687.158|1165.7,848.212|1104,923.336|1029.76,947.033|982.004,989.114|1069.77,917.263|963.178,649.923|884.268,656.51|765.121,670.012|873.801,625.364|936.858,589.813|1016.29,571.832|935.577,600.835|991.854,963.279|976.955,1248.76|927.899,1487.42|899.548,1697.06|892.759,934.595|771.7,1189.74|765.964,1425.69|704.121,1593.29|990.276,585.432|991.856,575.979|1003.47,546.676|1034.6,539.34|969.684,555.13|933.467,555.691
56|1|935.663,948.949|956.01,838.28|969.205,756.929|984.653,630.089|1001.37,652.585|1078.07,685.637|1130.75,853.808|1121.43,924.462|1061.16,949.155|983.482,978.661|1019.29,908.174|962.514,649.307|885.101,656.415|765.493,673.051|870.193,620.639|933.069,586.686|1010.91,563.406|932.819,595.862|989.267,962.148|961.543,1248.09|915.875,1481.19|890.705,1687.16|888.14,937.41|734.194,1166.54|747.138,1389.8|678.365,1553.36|991.962,583.814|993.784,585.235|1004.11,554.123|1034.06,538.307|971.324,563.826|935.376,557.826
57|-1
58|1|934.356,949.137|955.305,838.594|968.883,757.41|984.949,630.537|1001.65,653.15|1081.22,683.066|1167.56,840.093|1150.75,919.068|1083.47,941.551|1006.32,972.321|1044.53,906.593|962.636,649.676|884.962,656.116|766.422,670.223|872.087,619.17|934.802,584.388|1012.46,559.278|933.4,593.689|987.918,962.719|958.711,1246.75|909.162,1476.29|882.896,1681.99|886.881,937.264|726.105,1154.74|734.763,1382.71|666.944,1548.54|992.434,584.245|993.763,584.537|1004.23,553.523|1034.63,538.475|971.315,563.208|935.634,557.985
59|1|934.35,949.136|955.3,838.591|968.878,757.406|984.946,630.529|1001.65,653.143|1081.22,683.078|1167.46,840.172|1150.58,919.07|1083.26,941.504|1006.07,972.22|1044.35,906.544|962.632,649.669|884.954,656.105|766.401,670.195|872.061,619.149|934.775,584.366|1012.43,559.245|933.355,593.661|987.913,962.719|958.667,1246.76|909.117,1476.27|882.822,1681.96|886.874,937.262|726.102,1154.76|734.739,1382.74|666.919,1548.58|992.431,584.237|993.754,584.53|1004.23,553.515|1034.63,538.465|971.307,563.199|935.628,557.975
60|-1
61|1|938.205,920.496|956.783,825.918|972.166,751.941|992.696,639.618|971.796,655.282|895.582,660.547|770.059,750.434|765.573,775.089|751.733,777.148|764.662,803.06|782.958,795.102|1006.78,661.398|1070.24,690.931|1120.21,843.789|1086.73,865.603|1088.74,876.395|1056.72,888.108|1058.4,844.782|891.067,916.034|834.634,1105.3|808.05,1363.33|782.969,1391.32|979.716,924.546|939.466,1094.04|911.774,1333.21|892.049,1351.2|999.609,596.68|993.838,583.356|986.835,562.43|962.826,555.641|1011.21,569.408|1047.88,572.301
62|1|941.092,916.416|963.224,827.279|981.015,756.883|1003.21,650.313|982.758,664.468|909.933,663.915|770.226,645.384|886.286,617.356|924.343,616.079|967.236,624.63|940.389,597.71|1016.26,671.743|1076.92,700.526|1121.38,847.891|1078.46,799.211|1079.61,838.443|1065.24,871.955|1064.61,828.252|896.732,910.385|840.245,1086.34|806.734,1327.76|792.46,1348.33|980.133,921.831|943.247,1087.96|906.919,1315.37|887.837,1322.22|1011.35,609.418|997.127,589.909|989.33,572.402|971.038,574.83|1013,575.537|1052.97,579.072
63|1|940.786,916.383|962.839,826.807|980.574,756.051|1002.45,648.931|981.928,663.214|908.7,662.441|771.748,648.27|884.21,614.095|925.507,605.891|968.478,592.277|938.138,589.172|1015.66,670.44|1076.81,699.276|1121.78,847.459|1078.44,793.971|1079.45,832.391|1066.34,865.558|1065.09,822.647|896.159,910.413|830.257,1077.54|794.299,1314.43|776.694,1332.12|980.061,921.746|942.568,1086.99|906.41,1316.29|886.279,1322.95|1010.52,607.777|997.112,589.143|989.142,571.276|970.079,572.815|1012.99,574.592|1052.64,577.56
64|1|940.69,916.241|962.795,826.615|980.577,755.821|1002.59,648.682|982.029,662.951|908.738,661.652|772.61,645.115|884.887,611.912|927.622,601.656|972.446,586.281|940.21,587.852|1015.79,670.223|1076.97,699.135|1121.78,847.418|1078.35,792.722|1079.24,830.812|1066.14,863.634|1064.94,820.923|896.031,910.252|824.055,1072.01|785.125,1304.78|765.048,1319.66|979.994,921.62|942.234,1086.72|905.949,1316.26|885.562,1322.85|1010.72,607.49|997.336,588.751|989.363,570.873|970.252,572.457|1013.24,574.205|1052.92,577.256
65|1|938.053,915.768|961.234,825.476|978.853,752.181|1001.14,641.977|980.201,656.598|905.614,652.715|782.133,633.867|889.825,599.539|929.625,580.644|973.942,567.317|953.519,602.617|1014.65,664.052|1076.8,695.036|1122.19,846.478|1083.12,787.378|1079.08,828.74|1065.05,865.771|1064.65,821.571|892.042,908.652|780.521,980.518|766.983,1203.15|738.586,1238.95|978.704,922.172|925.696,1042.23|894.916,1273.57|867.794,1294.2|1009.41,600.061|998.08,581.993|985.362,566.162|962.169,573.009|1010.24,564.667|1046.62,561.272
66|1|937.796,915.932|960.728,825.589|978.12,752.217|999.663,641.739|978.851,656.498|904.298,653.954|780.493,658.231|879.799,614.186|915.779,589.098|956.486,567.551|940.304,605.849|1013.3,663.726|1075.67,694.168|1122.68,845.441|1083.43,789.209|1080.01,831.432|1065.51,868.828|1065.17,824.025|891.755,908.938|788.342,983.774|772.06,1205.46|745.801,1238.09|978.474,922.228|925.177,1039.38|894.022,1268.13|867.443,1286.34|1007.65,599.846|997.033,584.621|983.295,568.95|959.372,575.124|1008.08,566.419|1043.07,559.702
67|1|937.546,915.906|960.426,825.509|977.775,752.07|999.148,641.369|978.353,656.178|903.769,654.471|784.161,679.148|874.668,631.052|905.967,601.44|941.849,574.44|929.076,612.028|1012.83,663.356|1075.35,693.647|1122.77,845.163|1084.15,793.078|1081.27,836.48|1065.17,873.734|1065.42,828.29|891.455,908.96|788.858,984.952|770.799,1205.72|743.121,1235.21|978.265,922.16|924.629,1036.43|893.091,1263.41|867.492,1280.23|1007.07,599.462|996.624,584.467|982.884,568.717|958.842,574.656|1007.68,566.243|1042.58,559.409
68|1|907.312,912.984|945.12,820.291|965.142,748.348|989.438,638.77|1001.99,661.332|1066.21,695.954|1118.82,821.031|1006.44,752.801|970.204,719.348|897.289,707.587|919.191,714.709|969.427,652.429|902.061,648.217|758.174,639.24|867.48,576.024|919.06,568.051|905.235,622.835|899.275,616.944|945.852,936.19|766.606,989.185|750.324,1214.59|649.053,1342.65|874.464,893.303|684.548,1003.81|677.599,1230.2|580.846,1338.4|996.482,598.267|967.683,598.207|990.892,577.493|1040.77,576.293|962.635,573.794|958.958,557.566
69|1|908.808,914.03|943.278,820.15|961.692,747.684|982.799,637.669|996.183,658.95|1062.63,691.861|1113.51,833.578|1046.14,790.866|1013.28,765.536|973.542,737.939|988.763,744.986|962.739,652.379|895.956,652.065|759.069,646.459|873.489,578.225|908.992,562.271|911.538,612.263|902.339,606.922|948.766,934.639|805.815,1053.17|782.102,1283.72|690.303,1428.13|874.62,896.496|698.216,1046.56|695.677,1277.85|601.732,1391.33|989.951,597.349|969.378,605.617|992.306,585.864|1036.15,581.52|964.477,579.932|955.863,555.957
70|1|912.762,917.873|945.395,820.55|962.585,746.724|983.525,633.148|997.87,655.036|1068.56,686.856|1119.64,838.918|1064.03,841.062|1036.71,806.161|996.208,765.442|1013.9,773.441|962.321,648.693|892.206,649.799|758.864,646.861|862.017,570.807|918.074,544.74|971.498,555.895|932.358,583.44|956.063,939.009|838.26,1108.12|797.331,1337.73|716.658,1503.77|875.465,899.784|707.608,1080.13|703.481,1299.06|615.452,1425.42|991.376,591.626|986.114,581.159|1001.85,557.847|1035.95,557.148|971.276,560.515|945.393,557.569
71|1|913.399,918.922|945.974,820.993|963.115,746.793|984.209,632.631|998.634,654.625|1069.73,686.684|1120.1,840.105|1069.11,857.422|1042.17,820.39|998.791,776.93|1019.08,782.197|962.86,648.275|892.399,649.211|760.724,643.344|855.092,566.633|915.805,541.24|971.599,560.022|930.199,585.264|957.065,940.111|847.064,1122.24|805.605,1350.04|729.503,1520.57|875.781,900.786|710.013,1087.98|709.846,1301.43|624.999,1430.71|992.173,590.894|985.493,577.888|1000.08,554.117|1034.8,553.324|969.539,558.585|943.983,559.258
72|1|913.559,919.005|946.155,821.015|963.301,746.774|984.412,632.542|998.844,654.55|1070,686.607|1120.35,840.135|1070.22,860.641|1043.27,824.372|999.505,781.655|1019.93,785.659|963.05,648.195|892.553,648.991|761.028,641.491|852.319,564.322|914.291,539.562|970.533,561.163|929.385,579.114|957.256,940.21|848.002,1123.75|806.748,1351.25|731.033,1522.14|875.917,900.855|701.438,1076.06|697.257,1297.96|606.993,1424.1|992.382,590.778|983.277,576.752|997.837,552.928|1034.06,552.204|967.404,558.015|943.542,560.072
73|1|913.559,919.008|946.154,821.019|963.299,746.778|984.407,632.546|998.84,654.554|1069.99,686.61|1120.34,840.138|1070.22,860.697|1043.27,824.448|999.503,781.75|1019.93,785.732|963.045,648.199|892.547,648.997|761.014,641.489|852.226,564.306|914.192,539.494|970.428,561.11|929.321,578.98|957.255,940.213|848.007,1123.76|806.758,1351.26|731.046,1522.15|875.916,900.858|701.327,1075.9|697.078,1297.92|606.739,1424|992.375,590.782|983.19,576.826|997.748,552.979|1034.02,552.185|967.318,558.087|943.512,560.112
74|1|913.556,919.01|946.149,821.02|963.292,746.778|984.393,632.545|998.828,654.553|1069.98,686.606|1120.33,840.135|1070.21,860.723|1043.26,824.485|999.482,781.799|1019.91,785.768|963.032,648.199|892.533,649.001|760.977,641.488|852.092,564.279|914.045,539.386|970.293,560.997|929.225,578.833|957.252,940.214|848.005,1123.77|806.765,1351.27|731.055,1522.16|875.913,900.861|701.277,1075.82|696.994,1297.9|606.622,1423.98|992.359,590.781|983.1,576.883|997.657,553.015|1033.97,552.162|967.23,558.143|943.475,560.144
75|1|915.587,922.416|947.857,823.381|964.554,748.573|985.116,633.382|999.821,655.477|1071.9,687.39|1120.4,843.104|1074.88,882.449|1047.88,847.917|1000.17,803.875|1028.55,798.515|963.66,649.282|892.487,649.542|762.811,633.239|833.669,553.972|899.596,531.576|955.192,558.059|909.221,575.991|959.857,943.587|849.364,1122.92|812.176,1354.12|736.122,1527.2|877.449,904.296|695.745,1041.59|697.038,1268.82|606.455,1399.83|992.883,591.27|964.733,582.478|983.001,557.461|1032.35,553.195|953.164,562.354|944.406,560.091
76|1|915.601,922.408|947.853,823.352|964.529,748.525|985.031,633.306|999.748,655.398|1071.84,687.298|1120.3,843.039|1074.94,883.191|1047.89,848.971|1000.06,805.213|1028.48,799.428|963.587,649.216|892.399,649.463|762.485,632.744|831.826,553.236|897.623,530.068|952.628,557.581|907.774,573.312|959.875,943.563|849.412,1122.59|812.255,1354.07|736.208,1527.23|877.46,904.304|695.316,1039.15|695.204,1268.28|603.73,1399.02|992.768,591.181|964.337,582.46|982.478,557.35|1031.93,552.835|952.701,562.442|944.123,560.324
77|1|928.472,939.462|952.115,832.094|964.251,754.076|983.61,632.38|999.6,655.247|1077.14,685.28|1120.37,851.271|1076.27,926.581|1051.37,882.26|1012.63,823.597|1042.42,829.421|961.193,649.713|885.035,648.916|764.09,617.459|809.003,558.841|868.964,537.356|928.316,553.318|886.136,573.058|979.35,955.315|876.272,1139.4|841.647,1374.08|786.772,1567.59|883.886,925.719|708.967,1032.55|720.738,1265.97|631.709,1414.39|991.2,587.876|968.245,581.559|985.756,553.864|1033.37,546.595|953.476,559.959|938.224,556.305
78|1|935.102,947.865|953.997,836.302|963.831,755.432|982.221,631.063|998.959,654.241|1079.17,683.226|1120.77,855.095|1071.06,947.292|1051.73,908.653|1012.87,839.368|1046.87,842.234|959.354,649.074|880.863,648.554|758.263,615.759|813.692,554.632|846.89,541.68|917.514,559.793|856.985,571.704|988.463,960.808|900.622,1152.71|875.09,1385.75|834.363,1589.81|888.098,936.625|721.784,1041.13|744.079,1280.2|661.434,1442.1|989.49,585.527|970.915,582.734|986.311,552.565|1031.29,540.695|953.01,560.877|932.682,556.428
79|1|942.485,966.271|958.793,848.207|966.253,762.371|982.328,633.424|1000.29,657.132|1084.87,683.489|1121.53,862.884|1055.98,965.432|1043.97,934.566|1015.03,855.74|1049.61,857.797|959.048,652.477|877.655,649.396|754.759,609.788|814.559,546.429|819.975,542.693|871.219,577.352|878.393,573.608|998.478,978.325|907.874,1152.36|898.951,1392.22|863.144,1609.49|893.345,955.866|729.196,1017.89|765.537,1272.67|685.366,1446.24|988.559,586.157|972.303,586.941|988.266,554.972|1033.22,540.758|953.238,563.116|929.806,555.295
80|1|941.557,968.572|958.567,850.53|967.034,764.352|982.705,634.972|1000.72,658.664|1085.65,683.507|1121.45,862.764|1051.89,974.457|1040.97,952.715|1014.43,873.92|1050.9,871.142|959.512,654.133|878.256,650.482|753.983,606.859|796.928,545.91|821.974,530.931|872.332,554.217|857.434,578.427|997.586,981.028|921.278,1163|905.016,1406.19|875.014,1626.25|892.36,957.809|738.095,1050.22|769.538,1303.39|695.777,1483.28|988.779,587.575|970.1,580.341|988.24,550.676|1035.37,543.7|953.068,556.961|932.173,553.267
81|1|946.529,970.913|960.302,852.53|966.872,765.567|981.967,635.474|1000.12,659.18|1085.31,683.799|1121.58,863.505|1054.04,983.839|1041.23,966.927|1011.32,888.594|1052.06,881.441|958.841,654.813|877.492,651.105|752.899,606.176|797.818,541.33|820.385,529.748|868.098,563.355|845.743,583.307|1002.86,981.945|939.68,1194.67|918.141,1445.07|891.11,1668.86|897.05,961.398|753.416,1130.09|782.617,1372.58|717.16,1554.02|987.801,587.829|966.839,579.559|986.399,550.589|1035.45,545.425|951.157,555.724|932.416,551.662
82|1|947.199,972.037|960.319,854.678|967.238,767.564|982.563,637.49|1000.67,661.218|1085.85,685.723|1121.69,865.28|1053.49,989.887|1040.39,977.352|1010.5,900.057|1052.82,890.109|959.41,656.788|878.194,651.748|748.195,604.967|786.582,538.384|804.339,530.115|832.699,550.429|824.268,580.542|1003.37,983.058|953.746,1228.94|925.818,1479.86|901.438,1705.25|897.837,962.524|767.658,1178.39|789.128,1414.66|730.662,1595.14|988.495,589.878|967.767,577.852|987.158,549.559|1035.91,546.701|952,554.949|933.089,553.952
83|1|951.557,975.456|962.165,856.674|967.352,768.303|982.633,637.265|1000.94,661.19|1086.62,687.562|1121.9,868.99|1053.42,998.654|1039.57,989.081|1008.54,911.195|1053.45,899.067|959.304,656.712|877.362,651.468|745.958,601.658|777.533,534.575|789.709,523.155|827.588,543.298|825.752,565.091|1008.43,985.296|963.588,1254.66|937.309,1509.91|913.021,1741.42|901.579,966.987|774.46,1207.42|798.463,1439.56|743.876,1620.82|988.5,589.277|964.922,583.469|984.746,553.598|1035.77,546.364|949.328,559.079|932.253,553.397
84|1|952.558,976.248|962.456,857.532|967.434,768.637|982.628,636.472|1001.16,660.61|1087.77,687.075|1122.11,870.379|1054.49,1006.57|1039.51,1001.01|1006.42,922.826|1054.09,907.537|959.12,656.095|876.43,651.234|747.575,601.479|771.733,541.109|779.76,525.942|798.653,540.669|807.26,573.988|1009.71,986.147|969.229,1275.14|941.53,1531.04|919.711,1767.11|902.355,967.732|780.506,1227.53|803.41,1454.61|751.683,1635.9|988.411,588.041|968.148,567.603|986.84,539.985|1035.43,541.398|951.173,546.794|930.98,553.269
85|1|948.191,971.672|960.397,855.033|967.332,767.412|983.669,636.737|1001.64,660.779|1086.29,689.447|1121.71,869.805|1066.72,1011.81|1046.34,1006.46|1002.8,934.983|1054.88,913.445|960.358,655.878|879.046,651.655|748.213,605.45|752.676,532.71|758.949,519.119|778.795,527.325|784.331,561.81|1004.35,982.641|973.468,1288.71|941.102,1539.21|920.292,1769.84|898.851,962.207|782.591,1236.8|796.131,1461.27|745.144,1638.4|989.845,588.89|965.417,585.358|984.35,554.991|1035.32,545.384|949.499,561.319|933.141,554.907
86|1|948.717,969.345|960.519,853.623|967.259,766.517|983.571,636.752|1001.39,660.655|1085.07,690.278|1121.83,868.779|1071.38,1013.04|1049.54,1009.57|1003.03,942.322|1055.73,917.602|960.42,655.728|879.735,651.513|746.371,607.622|743.894,539.064|744.685,519.088|769.03,531.103|775.873,559.958|1004.47,980.083|973.745,1292.66|942.753,1539.84|920.92,1765.29|899.722,960.08|783.812,1239.81|795.959,1461.64|745.365,1635.02|989.703,589.242|964.36,579.262|984.428,550.83|1036.05,546.657|949.81,556.119|934.864,553.574
87|1|950.402,970.922|961.276,854.189|967.392,766.208|983.416,635.45|1001.43,659.502|1085.61,689.697|1121.88,869.967|1071.53,1016.9|1049.52,1014.58|1002.43,944.996|1055.97,919.526|960.191,654.599|879.039,650.605|746.09,607.237|741.112,548.584|734.201,527.73|764.211,535.36|758.717,552.214|1006.64,981.26|972.808,1299.82|943.956,1547.19|920.448,1774.64|901,962.012|782.031,1245.9|797.88,1465.44|747.728,1638.82|989.373,587.552|964.291,580.76|983.492,551.088|1034.85,543.766|948.738,557.353|933.039,553.315
88|1|950.392,971.002|961.193,854.505|967.438,766.264|983.428,635.175|1001.54,659.333|1086.21,689.491|1121.52,870.646|1070.56,1018.93|1049.26,1017.92|1002.88,947.099|1056.32,921.415|960.129,654.356|878.598,651.096|744.933,606.199|736.723,544.943|728.548,532.558|753.84,524.884|749.288,544.016|1006.63,981.691|971.235,1305.3|943.763,1551.09|920.492,1778.48|901.043,961.794|781.282,1250.13|798.063,1468.55|748.3,1641.24|989.302,587.133|960.708,579.342|982.458,550.697|1036.99,546.174|947.48,554.766|935.15,549.254
89|1|951.53,971.982|961.273,854.871|966.794,766.077|982.509,634.417|1000.72,658.575|1085.44,688.901|1121.89,870.236|1076.22,1020.99|1052.3,1019.47|1001.26,950.82|1056.54,922.52|959.194,653.762|877.407,650.655|741.159,607.971|723.928,539.742|717.595,518.616|720.724,514.064|733.68,514.786|1008.05,982.132|973.596,1311.19|948.564,1555.71|925.403,1783.63|901.934,963.249|781.188,1257.19|800.123,1473.67|750.738,1645.65|988.334,586.169|960.67,582.732|981.778,553.01|1035.66,545.124|946.665,557.475|933.268,549.098
90|1|952.319,971.956|961.62,854.602|966.871,765.389|982.358,632.861|1000.76,657.163|1085.99,688.209|1121.81,871.02|1076.75,1024.37|1052.98,1024.22|1001.46,954.318|1057.14,925.114|958.936,652.368|876.598,649.66|740.958,607.643|720.787,544.251|710.417,518.81|717.843,518.301|733.863,511.866|1009.09,982.162|974.859,1316.4|950.241,1561.12|927.068,1790.78|902.537,963.181|782.044,1261.48|801.843,1475.92|752.176,1647.64|988.05,584.261|958.825,584.724|979.838,553.925|1034.92,542.992|944.577,558.728|931.998,547.699
91|1|945.004,963.023|959.829,846.887|967.618,760.593|983.625,631.567|1001.67,655.619|1085.15,688.009|1121.36,868.233|1076.4,1016.24|1050.88,1026.19|1000.86,953.13|1055.45,918.126|960.423,650.337|879.258,647.753|739.494,608.915|712.622,543.498|708.178,525.466|709.582,515.98|696.069,532.323|1000.56,975.306|937.866,1265.25|934.311,1485.77|908.553,1697.46|896.301,952.426|704.845,1067.86|753.893,1311.05|690.822,1485.75|989.323,584.177|957.79,584.328|977.645,553.23|1033.34,541|943.229,559.547|932.468,550.349
92|1|939.595,961.632|957.501,846.5|967.642,761.786|984.26,634.409|1001.91,658.186|1084.39,689.401|1121.14,866.755|1073.31,1008.05|1048.44,1027.62|1001.11,953.058|1053.44,913.466|961.219,652.873|881.224,648.486|739.387,609.139|711.01,542.361|707.755,522.81|708.731,510.974|688.454,531.237|994.672,974.48|930.554,1223.72|920.041,1431.52|893.941,1638.67|891.108,950.492|719.08,1021.33|751.438,1274.68|675.17,1446.3|990.318,587.693|955.349,573.528|977.598,546.358|1035.47,545.469|943.941,551.13|937.391,551.196
93|1|939.4,961.345|957.249,846.253|967.328,761.569|983.707,634.232|1001.39,657.974|1083.97,688.792|1121.32,865.674|1073.06,1006.09|1048.23,1026.42|1001.17,952.381|1053.43,912.467|960.715,652.72|880.776,648.448|738.442,608.841|708.351,541.957|703.92,521.971|705.501,518.426|681.425,531.211|994.45,974.154|925.664,1212.45|915.126,1426.9|887.147,1635.62|890.938,950.239|718.812,1012.81|746.891,1273.97|666.361,1445.29|989.656,587.53|953.482,580.086|975.683,551.712|1034.36,546.542|942.124,556.147|936.486,550.9
94|1|937.04,956.398|956.727,842.868|967.49,759.825|983.598,633.74|1001.1,657.229|1083.05,686.937|1121,862.565|1067.19,999.619|1047.08,1028.36|1002.88,952.168|1052.81,908.299|960.874,652.054|881.646,649.6|738.847,608.98|704.757,542.677|702.909,522.546|702.664,518.534|680.88,530.992|991.185,970.14|918.785,1184.75|906.311,1401.61|878.512,1609.39|889.437,944.481|720.287,1012.68|743.477,1274.73|660.67,1443.56|989.433,587.504|953.131,580.067|974.981,551.974|1033.27,546.693|941.921,556.547|936.732,551.577
95|1|946.024,960.613|960.141,845.966|967.379,761.152|983.325,634.063|1000.87,657.632|1083.08,686.88|1121.04,862.284|1068.26,1000.06|1047.79,1027.08|1002.94,952.613|1053.03,909.469|960.632,652.544|881.362,649.745|737.857,609.298|700.296,542.086|698.987,523.098|698.207,517.701|674.078,532.455|1000.79,971.852|931.739,1208.42|914.441,1439.85|885.182,1650.66|897.911,950.905|743.102,1117.9|765.039,1365.53|691.302,1537.94|989.081,587.479|952.511,580.356|974.535,552.375|1032.99,547.137|941.553,556.692|936.719,551.265
96|1|938.49,959.445|957.475,844.798|967.32,760.607|982.984,633.594|1000.57,657.13|1082.79,686.502|1120.79,862.158|1066.96,999.178|1047.1,1028.08|1002.71,952.192|1052.63,908.137|960.347,652.092|881.05,650.25|738.679,609.389|698.769,541.26|696.933,523.824|696.576,516.786|673.623,533.141|992.82,973.111|915.57,1189.54|905.606,1420.32|875.238,1631.84|890.873,947.632|717.651,1025.03|745.532,1287.4|668.161,1460.81|988.6,587.028|953.086,580.108|974.745,551.966|1032.46,546.344|941.668,556.542|935.858,551.222
97|1|939.109,957.197|957.9,843.193|967.725,759.941|983.509,633.577|1001.03,657.057|1082.98,686.638|1120.44,862.02|1067.49,999.978|1047.21,1026.79|1002.55,952.05|1052.83,909.094|960.893,651.949|881.886,649.914|740.811,610.569|697.73,545.803|697.45,526.372|695.606,521.511|671.659,535.95|993.372,970.444|915.866,1170.73|903.568,1399.43|875.03,1609.94|891.432,945.722|723.159,1002.87|746.829,1267.82|662.455,1435.64|989.167,587.241|951.666,579.783|973.35,551.656|1032.15,546.057|940.606,556.554|936.448,551.954
98|1|937.663,956.26|957.257,842.388|967.601,759.174|983.659,632.939|1001.15,656.438|1082.9,686.283|1120.47,861.367|1067.8,998.93|1047.24,1026.38|1002.58,952.103|1052.71,908.724|960.976,651.27|881.824,649.27|740.906,611.069|700.114,550.251|693.682,528.593|697.756,525.926|664.369,539.085|991.825,969.965|910.932,1166.38|900.022,1393.88|869.731,1603.89|890.098,944.39|713.858,1006.43|738.611,1272.06|652.144,1438.75|989.453,586.643|951.534,581.17|972.882,552.485|1031.87,545.188|940.182,557.705|936.175,551.935
99|1|937.548,956.449|957.04,842.479|967.287,759.227|983.149,632.945|1000.7,656.424|1082.55,686.231|1120.51,861.43|1067.8,999.316|1047.12,1026.63|1002.32,952.139|1052.6,908.776|960.472,651.32|881.216,649.459|740.091,612.427|700.353,552.682|694.738,533.089|697.898,528.189|669.708,542.914|991.757,970.097|910.963,1165.46|899.358,1393.51|868.516,1603.7|889.939,944.629|717.971,1010.95|741.117,1275.95|655,1443.51|988.872,586.631|951.461,582.43|972.879,553.577|1031.68,545.674|940.027,558.535|935.576,551.557
100|1|936.278,958.493|956.519,843.88|967.256,760.132|982.915,633.019|1000.59,656.561|1083.03,685.412|1120.65,861.225|1066.62,999.197|1047.3,1026.62|1002.51,952.103|1052.59,908.789|960.172,651.582|880.516,649.937|739.755,613.171|697.184,556.347|690.514,539.83|694.919,531.423|677.742,546.504|990.719,972.586|908.171,1163.08|896.492,1392.62|865.084,1604.45|888.491,946.291|717.323,1010.37|739.929,1278.11|653.154,1447.32|988.6,586.405|951.053,582.517|972.542,553.482|1031.56,545.337|939.547,558.454|935.064,551.208
101|1|936.197,958.556|956.413,843.96|967.125,760.273|982.724,633.235|1000.42,656.756|1082.93,685.534|1120.63,861.352|1066.71,999.599|1047.44,1027.09|1002.59,952.622|1052.59,909.234|959.967,651.811|880.206,650.323|739.749,615.409|698.054,560.126|692.018,544.848|695.544,535.083|680.169,551.582|990.646,972.634|908.216,1163.15|896.336,1392.88|864.888,1604.72|888.399,946.364|717.043,1012.13|740.097,1279.12|653.582,1448.4|988.408,586.65|950.783,582.936|972.175,553.764|1031.24,545.344|939.158,558.888|934.651,551.645
102|1|937.286,957.543|957.001,842.979|967.107,759.393|982.465,632.525|1000.24,655.944|1082.69,684.928|1120.45,861.106|1067.72,1002.21|1047.98,1024.77|1001.89,952.243|1052.67,911.388|959.68,651.184|879.711,649.678|745.491,618.997|707.072,575.337|689.414,551.193|704.602,549.533|675.673,557.151|991.7,971.482|911.295,1158.48|895.784,1393.21|862.526,1605.8|889.552,945.482|726.701,1024.41|746.741,1288.91|661.063,1459.14|988.161,585.999|951.588,583.434|971.974,553.508|1030.14,543.267|938.87,559.675|933.065,552.576
103|1|937.285,957.546|956.996,842.987|967.099,759.405|982.439,632.545|1000.22,655.961|1082.67,684.934|1120.44,861.097|1067.72,1002.21|1047.97,1024.79|1001.88,952.281|1052.65,911.413|959.658,651.204|879.695,649.717|745.404,619.127|706.842,575.529|689.111,551.548|704.342,550|675.234,557.583|991.696,971.483|911.286,1158.45|895.781,1393.2|862.522,1605.78|889.555,945.487|726.709,1024.47|746.802,1288.9|661.162,1459.12|988.127,586.022|951.543,583.441|971.943,553.527|1030.12,543.313|938.841,559.677|933.051,552.575
104|1|937.285,957.546|956.996,842.987|967.099,759.405|982.439,632.545|1000.22,655.961|1082.67,684.934|1120.44,861.097|1067.72,1002.21|1047.97,1024.79|1001.88,952.281|1052.65,911.413|959.658,651.204|879.695,649.717|745.404,619.127|706.842,575.529|689.111,551.548|704.342,550|675.234,557.583|991.696,971.483|911.286,1158.45|895.781,1393.2|862.522,1605.78|889.555,945.487|726.709,1024.47|746.802,1288.9|661.162,1459.12|988.127,586.022|951.543,583.441|971.943,553.527|1030.12,543.313|938.841,559.677|933.051,552.575
105|1|937.015,956.52|956.735,843.636|967.635,760.475|983.957,634.492|1001.28,657.844|1082.75,686.774|1120.45,860.966|1069.5,1002.12|1048.58,1022.87|1002.18,953.74|1053.06,913.399|961.305,652.832|882.368,652.696|744.354,634.37|698.395,597.296|687.867,583.534|694.145,572.555|682.76,588.522|990.737,970.625|922.819,1188.42|894.878,1425.32|863.184,1636.19|889.872,944.306|741.998,1111.31|751.228,1362.11|675.194,1533.44|990.039,588.343|949.678,587.597|970.367,558.06|1030.36,547.018|938.366,563.749|936.381,555.047
106|1|937.079,956.59|956.773,843.635|967.65,760.477|983.945,634.481|1001.32,657.824|1082.91,686.649|1120.59,860.696|1070.53,1002.68|1049.97,1023.95|1003.4,955.707|1053.79,914.979|961.244,652.857|882.105,652.995|744.314,637.464|697.651,603.209|685.589,591.61|692.995,578.362|677.802,598.122|990.869,970.684|925.334,1193.28|896.865,1428.45|866.467,1639.36|889.869,944.382|745.883,1122.58|756.79,1366.91|684.39,1538.85|990.056,588.325|951.87,581.919|974.231,554.085|1033.63,548.694|941.575,558.055|938.325,551.806
107|1|937.075,957.045|956.642,843.971|967.421,760.825|983.457,634.816|1000.93,658.106|1082.76,686.635|1120.94,860.762|1072.05,1003.93|1051.37,1025.3|1004.27,957.271|1054.31,916.252|960.718,653.283|881.29,653.921|744.219,643.121|697.987,613.261|684.995,601.572|692.722,588.388|677.36,608.205|990.968,971.069|928.148,1198.33|899.325,1432.01|870.22,1643.05|889.758,944.895|748.978,1132.55|760.681,1372.24|690.953,1544.54|989.531,588.658|951.824,585.561|972.796,556.334|1031.57,547.213|940.092,561.748|935.761,554.415
108|1|937.024,957.081|956.555,843.984|967.285,760.86|983.136,634.876|1000.67,658.137|1082.61,686.551|1120.97,860.733|1072.3,1004.35|1051.62,1025.98|1004.36,958.089|1054.35,916.816|960.4,653.379|880.875,654.315|743.449,645.708|696.08,617.957|682.207,608.489|690.528,593.098|673.808,616.465|990.939,971.091|928.784,1199.54|899.998,1432.55|871.307,1643.54|889.685,944.944|749.673,1134.86|761.8,1373.02|692.82,1545.37|989.147,588.726|951.723,585.506|972.972,556.399|1031.74,547.696|940.123,561.482|935.596,553.896
109|1|936.816,957.141|956.157,843.71|966.711,760.452|982.107,634.297|999.815,657.499|1082.06,685.71|1120.76,860.491|1073.89,1006.09|1052.82,1027.45|1004.58,959.184|1054.49,917.668|959.323,652.958|879.36,654.763|741.518,652.724|689.254,631.7|674.378,625.093|682.92,607.067|665.765,633.449|990.935,971.034|932.511,1205.65|903.447,1438.55|876.185,1650.36|889.283,945.103|752.666,1146.97|764.577,1382.13|697.972,1554.97|988.008,588.072|951.587,585.122|973.179,555.961|1031.7,547.5|939.89,560.615|934.418,552.337
110|1|937.221,957.799|956.004,843.622|966.195,759.885|981.31,633.228|999.188,656.403|1081.6,684.794|1120.54,860.689|1078.12,1010.22|1054.81,1028.25|1004.07,960.808|1055.13,920.154|958.414,652.116|877.896,654.285|741.644,659.35|679.606,648.365|668.411,638.07|672.772,623.641|661.661,645.453|991.756,971.341|938.574,1214.95|908.817,1451.54|881.645,1665.42|889.295,946.065|755.76,1163.11|765.953,1398.99|700.647,1572.41|987.228,586.809|951.783,586.085|974.13,556.797|1032.65,547.899|940.284,560.357|933.986,549.294
111|1|937.22,957.799|956.003,843.623|966.194,759.886|981.308,633.229|999.187,656.404|1081.6,684.794|1120.54,860.689|1078.12,1010.23|1054.81,1028.25|1004.07,960.811|1055.13,920.156|958.413,652.117|877.894,654.287|741.642,659.359|679.6,648.38|668.401,638.093|672.765,623.656|661.647,645.479|991.756,971.341|938.575,1214.95|908.818,1451.54|881.647,1665.42|889.295,946.066|755.76,1163.11|765.955,1398.99|700.65,1572.41|987.226,586.81|951.781,586.086|974.127,556.798|1032.65,547.899|940.282,560.359|933.984,549.295
112|1|943.535,965.25|956.945,848.477|964.63,761.617|979.864,633.689|998.019,657.043|1082.07,684.784|1120.43,863.917|1074.58,1015.93|1054.71,1029.6|1003.08,959.457|1055.14,921.402|956.619,652.874|874.831,655.406|735.756,670.882|671.953,678.5|660.235,671.718|665.079,652.868|651.162,681.281|999.714,975.713|950.42,1236.96|923.767,1482.77|900.788,1703.75|893.972,956.195|759.867,1193.39|778.085,1428.18|719.626,1605.7|985.933,586.791|951.714,587.363|973.045,556.637|1030.99,545.352|938.533,561.667|930.179,550.846
113|1|943.534,965.253|956.943,848.481|964.628,761.621|979.86,633.694|998.015,657.047|1082.06,684.786|1120.43,863.918|1074.58,1015.93|1054.71,1029.61|1003.08,959.472|1055.14,921.414|956.615,652.879|874.827,655.414|735.747,670.905|671.935,678.539|660.218,671.782|665.06,652.906|651.145,681.351|999.713,975.716|950.44,1236.98|923.788,1482.77|900.823,1703.76|893.971,956.198|759.882,1193.41|778.11,1428.18|719.666,1605.69|985.929,586.796|951.708,587.366|973.041,556.642|1030.99,545.359|938.528,561.669|930.176,550.848
114|1|943.79,966.662|956.762,849.749|964.17,762.818|979.041,634.802|997.281,658.057|1081.5,685.333|1121.07,864.343|1077.06,1017.79|1055.45,1029.31|1003.01,960.994|1055.79,923.729|955.809,654.122|873.922,657.571|736.034,673.032|663.348,680.561|652.77,685.213|656.099,654.259|652.972,690.784|1000.08,976.847|960.132,1249.66|932.706,1497.25|913.546,1720.26|894.105,957.848|766.587,1208.57|783.975,1440.66|730.041,1618.98|985.048,587.889|951.117,587.704|973.167,557.415|1031.25,547.455|938.435,561.637|930.027,550.568
115|1|944.237,967.462|956.9,850.153|964.097,762.958|978.749,634.591|997.107,657.838|1081.61,685.121|1121.09,864.782|1078.21,1019.91|1055.72,1030.15|1002.92,961.796|1056.18,925.16|955.457,654.053|873.252,658.037|735.971,674.086|663.177,682.431|650.194,691.508|655.684,655.742|654.788,694.735|1000.75,977.471|966.065,1257.13|938.605,1504.7|921.354,1729.21|894.335,958.802|769.727,1217.4|787.761,1446.79|736.088,1625.53|984.728,587.542|950.364,585.107|972.714,555.059|1031.25,546.592|937.834,559.315|929.69,549.869
116|1|944.237,967.464|956.899,850.155|964.095,762.961|978.745,634.595|997.104,657.842|1081.61,685.124|1121.09,864.783|1078.21,1019.91|1055.72,1030.15|1002.92,961.803|1056.18,925.166|955.454,654.058|873.249,658.044|735.968,674.109|663.175,682.468|650.198,691.564|655.68,655.779|654.791,694.793|1000.75,977.473|966.074,1257.13|938.616,1504.69|921.372,1729.2|894.335,958.804|769.734,1217.41|787.773,1446.79|736.107,1625.52|984.723,587.547|950.362,585.127|972.709,555.077|1031.24,546.597|937.829,559.334|929.682,549.877
117|1|945.338,970.447|956.458,853.025|963.412,764.724|977.249,635.792|995.931,658.972|1081.57,685.259|1120.97,866.116|1078.95,1023.23|1055.65,1030.09|1003.17,962.026|1056.93,927.871|953.885,655.559|870.862,660.631|735.618,676.49|670.83,679.47|648.834,707.734|661.364,653.213|661.47,706.081|1002.38,979.427|976.937,1273.85|948.218,1517.22|937.317,1742.94|894.81,962.673|776.041,1233.88|792.826,1462.18|744.677,1643.57|982.979,588.532|951.75,587.311|974.147,556.859|1031.18,547.928|938.465,560.761|927.444,549.95
118|1|948.753,970.708|957.904,853.783|963.719,765.466|976.746,636.609|995.589,659.615|1081.34,685.448|1121.03,866.755|1081.33,1025.49|1056.8,1030.83|1002.1,963.276|1056.98,928.43|953.477,656.544|870.332,662.051|735.254,676.987|672.815,676.447|647.706,711.24|662.367,650.56|664.521,706.16|1005.88,978.382|988.413,1283.67|961.264,1522.11|954.737,1745|898.028,964.075|786.218,1245.56|802.536,1471.28|757.812,1652.49|982.217,589.383|950.772,586.466|973.145,556.153|1030.3,548.135|937.443,560.3|926.521,550.949
119|1|947.237,969.593|956.508,853.941|962.784,766.088|975.413,637.465|994.285,660.309|1079.85,685.732|1120.62,866.653|1083.87,1026.69|1057.78,1033.32|1001.68,966.188|1057.22,929.383|952.228,657.488|869.108,662.986|735.655,678.084|671.573,678.091|640.595,721.02|666.839,638.764|669.837,712.955|1004.13,976.93|997.23,1290.83|967.698,1520.82|965.593,1737.67|896.579,963.24|796.013,1254.06|807.393,1475.68|766.285,1655.94|980.8,590.341|946.934,591.133|969.163,560.093|1027.73,549.266|933.769,564.482|924.693,552.648
120|1|948.532,971.072|957.47,855.356|963.495,767.451|975.318,638.715|994.311,661.468|1079.89,686.705|1120.86,867.219|1084.29,1027.13|1058.29,1034.04|1002.21,967.705|1057.6,930.686|952.293,658.845|869.323,664.785|734.278,680.162|667.78,679.792|634.893,725.169|666.984,641.432|669.98,717.86|1005.42,978.274|1001.47,1298.09|973.718,1520.58|972.303,1733.33|897.885,964.84|799.722,1260.61|811.993,1479.5|773.117,1658.72|980.366,591.564|949.567,588.584|971.958,558.471|1028.63,550.731|936.3,562.402|925.015,552.933
121|1|949.29,972.712|957.681,856.429|963.424,767.834|975.172,638.642|994.156,661.436|1079.91,686.949|1121.12,867.001|1084.08,1026.51|1058.82,1033.79|1003.32,968.823|1058.05,932.067|952.181,658.841|869.349,665.019|734.156,681.202|668.461,678.843|633.155,726.156|666.221,643.302|668.47,718.049|1006.39,979.544|1006.74,1305.8|979.614,1526.05|978.364,1737.99|898.443,966.809|800.57,1268.6|814.031,1487.27|777.34,1667|980.202,591.331|950.304,589.759|972.229,559.311|1028.18,550.352|936.586,563.516|924.494,553.294
122|1|950.711,973.517|958.826,857.142|964.355,768.493|975.526,639.163|994.617,661.898|1080.53,687.221|1121.22,868.097|1084.7,1028.44|1058.51,1035.47|1002.22,968.97|1057.81,931.753|952.627,659.459|869.808,665.8|734.174,682.627|669.297,680.2|631.797,725.956|666.261,646.782|664.279,715.606|1007.84,980.237|1010.54,1308.38|984.208,1527.63|983.651,1739.06|899.836,967.714|803.019,1271.56|817.006,1490.12|781.083,1669.76|980.325,591.805|950.389,589.414|972.131,558.99|1028.02,550.311|936.537,563.477|924.423,554.131
123|1|955.768,973.182|960.612,856.838|963.751,767.959|974.253,638.17|993.586,660.899|1079.57,687.281|1120.89,868.436|1084.16,1028.76|1058.48,1035.9|1002.23,968.758|1057.78,931.674|951.339,658.655|868.104,666.104|729.604,684.921|672.757,681.205|628.723,729.852|669.965,651.731|662.236,714.8|1013.17,977.925|1018.61,1309.69|995.757,1529.49|997.394,1741.49|904.556,969.133|811.037,1278.49|828.643,1493.65|793.8,1673.34|978.774,590.615|949.38,589.609|971.982,559.234|1028.06,550.655|935.951,562.658|923.463,551.194
124|1|961.768,975.117|964.422,859.458|965.77,770.484|975.335,639.627|995.169,662.436|1082.86,686.885|1121.44,871.649|1080.77,1034.24|1056.41,1041.69|1002.68,968.777|1058.33,933.755|952.237,660.465|867.608,666.635|728.775,685.103|675.014,679.652|620.002,736.497|668.936,654.392|662.844,722.094|1019.49,979.59|1023.89,1314.17|1006,1531.05|1008.71,1744.48|910.423,971.321|819.09,1284.66|842.486,1492.55|807.701,1670.1|979.48,591.653|950.701,589.647|972.32,558.114|1028.17,548.517|935.701,563.215|921.657,553.86
125|1|961.682,974.697|964.283,859.085|965.573,770.168|974.785,639.355|994.707,662.115|1082.59,686.518|1121.46,871.5|1080.54,1034.68|1056.23,1042.8|1002.64,969.62|1058.44,934.285|951.719,660.245|866.998,666.653|727.569,686.015|673.949,681.423|617.817,738.803|668.284,656.208|662.136,724.273|1019.4,979.155|1028.36,1315.81|1010.66,1529.39|1014.7,1740.25|910.332,970.914|823.384,1288.25|847.855,1488.04|816.435,1662.62|978.783,591.388|948.739,589.698|971.415,558.552|1028.44,549.759|934.71,562.603|921.948,551.99
126|1|961.682,974.697|964.283,859.085|965.573,770.168|974.785,639.355|994.707,662.115|1082.59,686.518|1121.46,871.5|1080.54,1034.68|1056.23,1042.8|1002.64,969.62|1058.44,934.285|951.719,660.245|866.998,666.653|727.569,686.015|673.949,681.423|617.817,738.803|668.284,656.208|662.136,724.273|1019.4,979.155|1028.36,1315.81|1010.66,1529.39|1014.7,1740.25|910.332,970.914|823.384,1288.25|847.855,1488.04|816.435,1662.62|978.783,591.388|948.739,589.698|971.415,558.552|1028.44,549.759|934.71,562.603|921.948,551.99
127|1|961.682,974.697|964.282,859.086|965.572,770.168|974.784,639.356|994.707,662.115|1082.59,686.518|1121.46,871.5|1080.54,1034.68|1056.23,1042.8|1002.64,969.622|1058.44,934.286|951.718,660.245|866.997,666.654|727.568,686.017|673.946,681.426|617.812,738.807|668.281,656.211|662.131,724.278|1019.4,979.155|1028.37,1315.81|1010.66,1529.38|1014.7,1740.24|910.332,970.915|823.385,1288.25|847.859,1488.03|816.441,1662.61|978.782,591.388|948.739,589.699|971.414,558.553|1028.44,549.759|934.71,562.604|921.947,551.991
128|1|961.681,974.697|964.282,859.086|965.572,770.168|974.783,639.356|994.706,662.115|1082.59,686.518|1121.46,871.499|1080.54,1034.68|1056.23,1042.8|1002.64,969.624|1058.44,934.287|951.718,660.246|866.997,666.655|727.567,686.019|673.943,681.429|617.806,738.812|668.277,656.214|662.125,724.283|1019.4,979.155|1028.37,1315.81|1010.66,1529.38|1014.7,1740.23|910.332,970.915|823.387,1288.25|847.864,1488.02|816.448,1662.6|978.782,591.389|948.738,589.7|971.413,558.554|1028.44,549.759|934.708,562.605|921.946,551.992
129|1|960.189,971.993|963.581,858.527|965.641,770.563|974.805,639.702|994.811,662.428|1082.67,686.993|1121.28,872.036|1081.69,1036.2|1057.49,1045.22|1003.07,973.702|1059.11,937.379|951.657,660.675|866.572,667.444|727.209,686.861|676.619,680.236|615.484,741.051|669.184,655.485|659.451,723.293|1017.62,976.799|1031.13,1314.57|1010.67,1523.03|1017.6,1729.35|909.036,967.894|831.264,1288.84|850.778,1483.01|820.266,1655.34|978.841,591.711|948.972,589.889|971.181,558.283|1028.08,548.88|934.334,563.032|921.059,553.118
130|1|964.394,971.102|965.753,858.52|966.235,770.768|974.565,639.603|994.837,662.304|1083.13,686.821|1121.26,872.708|1082.25,1038.53|1058.26,1048.8|1003.54,977.015|1059.72,939.87|951.444,660.733|865.972,667.86|726.973,686.33|679.97,678.501|613.873,743.856|668.878,654.514|657.974,720.821|1021.86,975.158|1033.58,1315.6|1016.81,1518.64|1023.39,1721.1|913.248,967.673|836.432,1291.16|859.097,1478.33|829.234,1647.2|978.229,591.479|946.998,591.897|969.504,559.771|1027.54,548.92|932.509,564.4|920.125,552.646
131|1|964.17,971.166|965.517,858.606|965.991,770.87|974.336,639.724|994.597,662.422|1082.87,686.921|1121.33,872.965|1083.11,1039.46|1058.71,1050.01|1003.39,978.186|1059.72,940.45|951.22,660.849|865.771,667.951|726.9,686.356|680.212,678.431|613.9,743.936|669.153,654.442|658.09,721.087|1021.62,975.21|1034.88,1316.32|1018.28,1513.12|1025.1,1711.94|913.037,967.748|837.843,1292.46|862.034,1472.1|834.017,1638.34|978.005,591.61|948.126,590.235|970.775,558.566|1028,549.247|933.648,562.907|920.309,552.202
132|1|956.431,969.014|961.306,857.922|964.843,770.458|974.13,639.412|994.179,662.164|1082.07,687.196|1120.77,872.549|1084.7,1039.68|1060.31,1051.35|1004.02,981.764|1060.3,942.63|950.886,660.441|865.518,667.554|727.525,686.445|680.255,678.285|613.342,743.95|669.624,654.363|658.803,721.195|1013.6,974.358|1033.34,1315.36|1010.66,1507.17|1019.21,1699.97|905.427,964.427|839.129,1291.91|853.906,1471.61|828.004,1636.8|978.245,591.342|947.824,590.035|970.672,558.492|1028.26,549.317|933.626,562.636|920.83,551.712
133|1|962.914,970.129|964.05,856.917|964.802,767.671|973.344,637.523|993.285,659.977|1079.82,687.03|1120.88,870.161|1093.81,1036.85|1061.02,1050.68|1002.67,983.514|1059.83,941.321|950.454,658.519|866.112,667.309|730.255,687.404|678.318,680.708|611.76,743.528|675.679,657.736|659.058,723.982|1020.29,973.307|1038.23,1315.64|1021.3,1509.93|1026.55,1699.75|911.711,967.475|838.638,1295.44|858.95,1474.88|833.997,1636.76|977.199,589.784|949.263,585.859|971.333,555|1026.75,547.34|934.629,559.485|920.17,550.976
134|1|963.833,971.213|964.963,857.865|965.723,768.504|974.409,638.197|994.311,660.692|1080.88,687.472|1121.47,870.762|1094.72,1037.26|1061.19,1050.73|1002.48,983.505|1059.83,941.303|951.508,659.186|867.206,667.737|731.668,687.232|678.886,680.076|611.649,742.294|676.403,657.118|658.838,724.205|1021.25,974.394|1041.71,1317.19|1025,1511.68|1031.1,1701.51|912.598,968.556|840.513,1297.23|861.198,1475.8|837.081,1637.42|978.327,590.411|948.892,589.79|971.148,558.461|1027.58,548.726|934.571,562.744|921.337,551.615
135|1|963.734,971.219|964.852,857.842|965.603,768.457|974.261,638.107|994.172,660.605|1080.81,687.345|1121.27,870.791|1094.41,1037.37|1060.82,1050.74|1002.11,983.205|1059.56,941.03|951.361,659.105|867.048,667.675|731.563,687.297|678.98,680.103|612.292,741.696|676.794,657.003|660.48,722.991|1021.16,974.394|1042.6,1317.25|1025.96,1512.07|1032.59,1702.03|912.489,968.567|840.946,1297.5|861.791,1475.62|838.067,1637.18|978.167,590.304|948.829,589.867|971.121,558.534|1027.51,548.742|934.522,562.747|921.219,551.415
136|1|963.725,971.016|964.852,857.669|965.613,768.309|974.25,638.015|994.152,660.509|1080.76,687.165|1121.13,870.341|1094.17,1036.65|1060.83,1050.3|1002.35,983.272|1059.74,941.08|951.369,658.998|867.128,667.658|731.35,687.877|677.994,681.097|612.224,742.348|675.943,657.208|661.473,722.19|1021.13,974.202|1043.11,1316.8|1026.53,1511.99|1033.48,1701.93|912.507,968.356|841.324,1297.12|862.18,1475.17|838.706,1636.66|978.137,590.233|948.859,589.297|971.004,557.994|1027.27,548.369|934.457,562.387|921.094,551.606
137|1|963.29,966.579|964.798,856.567|965.828,769.256|975.119,639.661|994.876,662.211|1081.62,687.558|1121.22,870.557|1092.73,1036.86|1060.99,1050.36|1002.94,983.814|1059.96,941.881|952.184,660.371|868.085,667.789|730.262,687.825|666.994,685.273|607.71,746.099|676.069,657.864|669.342,726.879|1019.94,970.126|1039.74,1306.35|1022.98,1501.42|1031.29,1688.55|912.742,963.591|845.507,1286.86|863.141,1463.01|838.853,1622.82|979.179,592.156|948.855,588.938|971.019,558.009|1027.8,549.694|934.694,562.648|922.25,553.811
138|1|951.863,966.084|958.242,854.604|963.267,766.302|974.124,637.408|993.378,659.948|1078.91,686.966|1120.69,868.295|1096.67,1033.63|1060.5,1050.39|1002.2,984.147|1059.19,939.881|951.126,657.858|867.882,667.435|730.357,687.88|664.485,679.464|605.277,723.838|690.742,657.44|671.46,722.04|1008.47,971.226|1034.36,1306.8|1010.09,1497.63|1019.41,1679.96|901.191,961.66|836.587,1286.93|846.115,1466.34|825.08,1626.27|978.931,590.171|948.079,585.734|971.06,555.863|1028.14,549.508|935.071,559.386|923.763,550.511
139|1|952.029,965.373|958.434,854.019|963.478,765.817|974.289,637.056|993.54,659.592|1079.08,686.818|1120.59,867.955|1094.79,1032.39|1059.62,1050.1|1002.07,983.427|1058.77,938.993|951.316,657.467|868.157,667.059|729.986,687.611|664.085,679.177|605.884,722.357|690.034,659.727|670.39,715.186|1008.58,970.562|1030.29,1305.73|1005.69,1493.44|1013.02,1674.29|901.418,960.907|832.016,1284.44|840.836,1467.48|817.748,1628|979.049,589.862|947.195,592.637|969.196,561.134|1026.66,549.02|933.405,565.47|922.479,552.073
140|1|951.583,965.621|958.209,854.469|963.432,766.399|974.649,637.829|993.8,660.422|1079.2,687.638|1121.13,868.16|1094.34,1031.37|1059.54,1049.62|1002.38,983.355|1058.72,938.803|951.649,658.112|868.601,667.163|729.128,685.501|661.725,675.609|604.357,712.946|688.891,658.668|667.692,703.623|1008.04,970.966|1026.21,1305.67|1001.46,1491.11|1007.42,1670.76|901.068,961.017|828.648,1283.16|836.876,1467.68|812.635,1628.22|979.53,590.719|950.389,588.411|971.8,557.569|1027.27,548.388|935.928,562.5|922.822,553.44
141|1|950.794,965.28|958.087,854.057|963.848,766.031|975.723,637.527|994.608,660.236|1079.1,688.942|1121.11,868.054|1099.32,1030.6|1060.81,1047.4|1002.47,984.644|1059.24,940.052|952.789,657.6|870.375,666.059|732.027,681.423|656.552,667.932|612.033,685.192|683.315,671.624|670.123,695.843|1007.05,971.151|1022.34,1304.33|997.481,1490.55|1000.91,1669.36|900.5,960.209|824.375,1279.73|831.288,1467.17|804.73,1627.27|980.803,590.459|950.772,589.047|972.143,558.409|1027.88,548.76|936.728,563.204|924.682,553.478
142|1|948.01,964.162|956.416,853.616|962.912,766.864|975.283,639.445|993.668,662.014|1076.9,690.232|1120.94,866.373|1102.28,1024.61|1058.98,1048.48|1001.87,984.819|1057.71,936.602|952.694,659.169|871.853,666.051|736.369,672.086|679.925,639.325|644.67,643.327|581.484,740.81|672.906,681.595|1003.48,970.746|1017.75,1298.71|992.369,1486.94|993.033,1664.12|898.48,958.454|819.745,1271.31|824.764,1461.89|797.32,1620.18|980.536,592.848|948.902,579.919|967.066,550.591|1021.44,544.712|933.506,559.61|922.769,562.94
143|1|943.822,966.214|954.132,854.399|962.039,767.044|975.757,638.706|993.992,661.649|1077.4,691.091|1120.62,867.875|1100.2,1024.68|1058.35,1049.92|1001.84,984.223|1057.36,935.697|952.879,658.323|871.75,665.501|736.091,670.068|680.44,636.196|641.245,637.337|579.682,736.768|671.632,669.827|999.615,973.941|1010.3,1306.47|982.052,1495.73|980.677,1676.34|894.052,959.496|808.561,1273.99|813.185,1466.2|783.693,1626.73|981.491,591.768|949.885,587.61|971.352,558.184|1027.43,550.655|936.878,562.77|926.919,555.123
144|1|944.779,967.121|954.636,854.577|962.225,766.486|975.345,637.528|993.828,660.551|1077.77,690.29|1121.08,868.728|1099.62,1026.15|1056.46,1052.3|1000.55,982.786|1056.86,934.391|952.442,657.292|870.856,664.901|735.217,668.949|685.204,634.398|638.892,631.706|584.294,734.547|675.845,660.212|1000.89,975.034|1005.9,1310.97|979.537,1503.06|975.712,1687.01|894.819,960.251|802.92,1274.88|809.481,1471.69|776.705,1633.68|980.761,590.328|950.011,585.082|972.772,556.377|1028.95,551.091|937.816,559.457|927.455,551.094
145|1|942.892,963.156|953.757,852.051|962.208,764.829|976.075,637.018|994.224,659.987|1077.3,689.757|1120.49,866.376|1099.57,1020.12|1055.44,1052.9|1001.04,983.364|1055.76,931.866|953.267,656.438|872.473,663.192|736.777,663.889|691.691,619.934|653.718,619.498|587.152,710.588|678.743,659.247|998.345,971.766|1001.56,1302.75|974.793,1497.5|970.051,1679.9|893.558,955.669|802.056,1265.02|804.945,1465.28|770.602,1625.66|981.74,590.248|950.767,586.392|971.732,556.882|1027.14,548.81|937.423,561.827|926.975,554.365
146|1|940.779,940.865|953.82,837.565|963.159,756.706|976.051,636.717|993.932,658.675|1073.88,688.086|1117.53,858.734|1098.43,1002.79|1055.81,1045.21|999.423,981.705|1047.3,926.016|953.895,654.878|875.082,659.979|742.204,659.808|696.262,629.486|655.185,607.578|592.597,683.655|686.786,632.901|992.616,953.004|950.97,1252.58|951.716,1408.57|936.336,1582.83|895.11,930.321|687.858,1071.1|745.507,1264.15|690.301,1408.49|980.998,592.798|949.14,584.722|971.203,557.168|1026.93,553.384|937.548,560.752|928.952,555.321
147|1|940.762,940.436|953.807,837.109|963.164,756.217|976.095,636.133|993.951,658.114|1073.84,687.518|1117.59,858.041|1098.13,1001.27|1055.35,1043.38|998.927,979.85|1046.91,924.299|953.955,654.291|875.222,659.272|742.289,657.715|696.513,625.936|656.015,602.206|592.513,675.051|687.168,625.251|992.584,952.568|947.133,1250.55|948.74,1407.44|931.299,1581.87|895.107,929.898|680.055,1051.82|728.498,1258.3|664.572,1400.9|981.047,592.172|949.457,583.699|971.392,556.21|1026.87,552.595|937.772,559.901|928.971,554.885
148|1|939.544,937.214|953.339,834.428|963.262,753.97|976.888,634.387|994.548,656.427|1074.13,685.945|1117.42,855.943|1094.18,994.294|1052.23,1039.92|995.306,976.39|1039.91,920.989|954.717,652.325|876.297,657.015|743.148,653.513|699.059,619.327|659.979,592.246|599.917,659.57|692.932,602.417|991.076,949.709|920.489,1226.84|929.467,1372.75|906.334,1549.63|894.149,926.355|684.13,997.113|722.632,1216.82|645.575,1354.98|982.074,590.593|950.69,584.834|971.123,556.236|1025.9,549.264|937.784,561.441|928.378,555.929
149|1|922.913,926.093|946.151,822.972|963.262,747.901|979.672,631.32|995.97,652.9|1071.58,684.07|1113.35,848.134|1089.05,980.327|1053.37,1031.7|995.052,975.734|1032.98,918.579|957.842,648.56|882.436,653.366|754.319,643.182|706.51,598.385|665.704,580.034|618.137,603.62|695.336,576.811|973.309,938.85|932.53,1192.25|912.858,1325.8|901.205,1501.01|877.7,914.798|703.858,970.261|714.813,1208.46|640.466,1359.39|986.302,588.698|955.469,583.815|972.735,555.369|1024.67,545.506|941.531,563.017|932.463,559.89
150|1|922.795,925.787|946.071,822.541|963.221,747.312|979.729,630.489|996.006,652.121|1071.59,683.315|1113.26,847.469|1088.32,978.133|1052.19,1029.84|993.534,973.912|1031.02,916.864|957.89,647.743|882.491,652.386|754.645,640.481|707.711,593.806|667.136,573.583|619.569,593.291|695.879,570.676|973.237,938.559|933.074,1186.12|910.462,1328.25|897.865,1506.49|877.541,914.478|723.615,964.371|718.559,1215.05|642.37,1370.04|986.395,587.769|953.262,580.643|972.454,553.327|1026.48,546.653|941.181,559.271|934.528,556.084
151|1|918.118,928.543|944.947,823.388|963.82,747.352|979.057,628.669|995.625,650.419|1071.78,681.811|1113.24,847.107|1081.42,975.601|1050,1030.61|991.43,971.487|1025.44,915.11|957.381,646.333|881.88,652.387|753.888,638.768|723.869,580.802|669.373,579.459|641.074,612.416|724.769,576.198|968.923,943.584|933.951,1168.72|905.94,1316.09|890.484,1501.16|872.733,915.259|725.466,953.415|716.096,1221.19|631.442,1377.23|985.178,585.229|941.582,584.912|967.358,560.664|1029.51,557.611|937.116,558.398|942.029,542.412
152|1|915.729,927.605|943.443,823.073|963.225,747.702|980.322,629.964|996.434,651.807|1072.56,682.119|1112.71,847.057|1077.03,972.038|1048.49,1029.37|989.798,970.056|1020.97,914.149|958.464,647.218|883.279,652.085|754.303,636.952|722.843,581.711|681.663,576.322|648.45,602.198|723.774,561.406|966.189,942.913|938.716,1150.63|898.593,1313.38|885.348,1501.57|870.592,914.065|745.454,966.31|723.629,1235.44|642.604,1395.19|987.207,586.903|944.626,570.007|961.62,543.267|1019.17,538.061|932.779,554.391|933.598,563.906
153|1|914.462,927.658|942.611,822.896|963.278,748.146|981.346,629.784|997.191,651.83|1073.14,682.049|1111.45,846.85|1071.79,970.831|1048.91,1028.8|990.465,969.375|1020.49,913.184|959.436,646.947|884.529,650.686|757.125,632.497|722.728,576.134|669.39,580.114|649.008,600.951|719.314,548.524|964.911,942.83|939.204,1149.63|896.333,1318.66|885.142,1508.13|869.196,914.198|729.414,970.562|706.026,1247.75|623.165,1409.34|988.628,586.506|941.167,588.91|966.101,564.163|1029.9,558.479|936.97,562.603|945.16,545.386
154|1|914.72,927.462|942.886,822.611|963.573,747.725|981.671,629.143|997.508,651.23|1073.44,681.55|1111.43,846.416|1071.55,970.087|1048.78,1028.12|990.244,968.844|1020.35,912.54|959.764,646.32|884.875,649.981|757.408,629.952|723.661,571.4|671.29,570.897|650.69,586.325|719.677,535.371|965.213,942.655|939.738,1148.88|896.087,1320.53|884.66,1510.77|869.417,913.985|732.766,969.499|706.225,1249.24|622.989,1411.27|988.958,585.777|945.746,581.442|967.482,555.062|1027.81,548.698|937.821,558.683|940.833,551.271
155|1|914.767,924.839|942.788,820.981|963.353,746.745|981.897,628.963|997.459,650.962|1072.53,681.294|1111.22,844.326|1074.65,969.632|1049.7,1025.14|990.098,969.276|1021.49,914.255|960.116,645.925|885.947,647.668|763.871,617.527|724.743,551.654|693.578,536.221|658.409,531.64|716.036,515.422|964.807,939.951|941.117,1147.13|894.884,1321.79|881.691,1510.76|869.872,911.432|734.499,970.19|702.954,1250.67|617.901,1410.07|989.373,585.905|952.987,580.948|972.066,553.952|1027.3,545.934|942.071,559.764|938.895,555.129
156|1|914.463,925.508|942.511,821.254|963.07,746.743|981.443,628.51|997.098,650.558|1072.34,681.218|1111.11,844.723|1075.12,972.134|1050.36,1025.11|990.426,969.287|1022.93,915.747|959.627,645.57|885.222,647.35|763.582,615.855|724.211,548.79|690.84,529.314|657.404,523.727|718.408,513.262|964.687,940.637|942.992,1149.26|894.796,1325.38|881.27,1515.43|869.405,912.088|739.345,979.115|705.81,1260.99|621.388,1422.82|988.85,585.278|950.368,577.455|973.696,553.203|1031.65,552.022|943.472,554.208|943.7,546.988
157|1|914.413,925.247|942.497,820.836|963.108,746.366|982.147,628.061|997.742,650.215|1073.1,681.298|1111.42,845.595|1076.07,974.998|1049.96,1025.76|989.974,969.011|1023.54,916.608|960.157,645.064|885.433,646.573|763.519,614.358|724.478,549.773|680.582,534.06|656.313,529.531|721.215,511.916|964.734,940.369|944.723,1151.5|893.223,1330.51|879.767,1521.48|869.258,911.831|744.692,992.041|708.639,1272.77|625.938,1437.34|989.841,584.799|959.404,583.025|973.41,553.502|1023.12,538.681|943.639,564.097|934.227,561.977
158|1|914.742,925.572|942.559,821.207|963.336,746.91|982.844,628.383|998.37,650.621|1074.04,681.162|1111.79,845.739|1074.98,976.158|1050.79,1024.19|990.071,968.501|1024.54,917.585|960.76,645.364|885.91,645.614|764.654,612.499|723.498,552.553|688.282,537.179|648.787,545.96|737.811,515.57|965.071,940.38|945.525,1156.49|891.664,1336.53|879.026,1527.28|869.507,912.416|748.187,1003.93|710.539,1282.51|630.607,1449.64|990.756,585.049|954.593,570.331|979.378,548.11|1036.42,553.209|948.752,547.639|947.804,544.116
159|1|915.596,927.587|943.29,822.39|963.947,747.381|982.798,628.03|998.526,650.314|1074.49,681.437|1111.52,846.812|1074.16,979.95|1051.69,1022.7|990.083,968.272|1026.44,920.29|960.741,645.218|885.633,645.1|766.852,606.727|727.666,540.596|688.398,512.517|656.75,507.549|721.628,504.772|966.282,942.381|948.076,1161.48|894.716,1339.56|881.151,1531.11|870.054,914.45|751.452,993.055|714.97,1274.83|634.597,1443.17|990.434,584.381|955.936,580.092|974.6,552.435|1028.96,543.505|943.981,558.693|938.677,553.862
160|1|915.18,928.071|942.938,822.856|963.644,747.795|982.625,628.434|998.319,650.734|1074.27,681.635|1111.88,846.945|1076.58,981.08|1052.09,1023.07|990.082,968.736|1026.82,920.69|960.559,645.599|885.486,645.365|766.913,606.596|728.22,540.133|688.491,511.174|656.17,503.901|724.539,500.815|965.863,942.895|950.18,1165.98|894.773,1345.19|881.397,1536.72|869.641,914.907|752.253,1014.31|714.084,1295.51|635.495,1466.08|990.313,584.788|954.597,582.205|973.507,554.385|1028.67,544.565|943.027,560.344|938.803,553.959
161|1|919.44,927.495|944.861,822.255|963.934,747.141|982.927,628.15|998.6,650.414|1074.18,681.695|1111.51,846.616|1074.95,979.805|1052.51,1023.12|990.775,969.016|1026.67,920.367|960.883,645.248|885.934,644.246|767.579,602.719|733.492,535.912|685.168,514.084|636.857,527.259|725.513,499.823|970.219,941.022|950.734,1162.39|901.333,1343.13|888.484,1533.98|873.78,915.485|752.527,997.92|720.636,1278.26|640.872,1446.04|990.592,584.632|954.717,578.906|975.778,552.736|1031.81,547.457|945.031,556.33|941.754,549.947
162|1|919.436,927.465|944.863,822.225|963.949,747.086|982.983,628.084|998.639,650.351|1074.19,681.616|1111.75,846.555|1075.43,979.604|1052.52,1023|990.664,968.658|1026.27,919.874|960.941,645.177|886.023,644.142|768.12,602.416|734.559,535.257|686.497,512.391|637.632,523.395|726.984,498.641|970.212,940.993|952.013,1162.8|902.076,1343.11|889.713,1533.9|873.777,915.454|753.76,1003.78|723.123,1281.45|644.966,1449.98|990.67,584.563|955.564,578.701|976.173,552.354|1031.59,546.717|945.393,556.404|941.336,550.573
163|1|921.856,927.39|946.434,822.423|964.497,746.988|984.067,628.51|999.621,650.819|1075.23,681.852|1112.13,846.808|1075.25,979.918|1052.6,1022.45|990.66,968.61|1026.6,920.366|961.959,645.419|887.143,643.409|770.509,599.983|735.794,533.837|679.819,520.094|638.271,530.965|727.754,495.586|972.612,940.724|953.473,1161.56|903.275,1345.17|889.582,1536.01|876.306,915.576|764.321,1011.45|733.299,1283.97|657.183,1452.47|991.905,585.178|957.666,578.287|977.928,551.956|1032.7,546.639|947.09,556.4|942.215,551.717
164|1|924.891,929.544|949.001,824.337|966.015,748.371|983.841,628.95|999.823,651.185|1076.09,681.355|1112.42,846.857|1074.78,981.512|1053.59,1020.62|990.818,968.56|1028.08,922.455|961.909,646.233|886.804,644.047|770.332,599.574|737.162,532.821|681.626,513.265|638.016,514.539|727.578,493.339|975.848,943.153|951.581,1167.37|905.405,1352.75|889.021,1544.17|879.33,917.528|765.721,1029.61|738.486,1298.99|662.097,1467.71|990.943,585.255|957.077,577.009|977.279,550.722|1031.89,546.084|946.277,555.41|940.935,551.925
165|1|924.901,929.565|949.033,824.359|966.068,748.4|983.963,628.985|999.935,651.228|1076.19,681.448|1112.42,847.011|1074.78,981.725|1053.59,1020.85|990.82,968.737|1028.1,922.625|962.017,646.259|886.899,644.033|770.596,599.549|737.775,532.831|682.384,513.005|638.643,513.892|728.489,493.06|975.859,943.185|951.641,1167.57|905.385,1352.86|889.008,1544.27|879.338,917.54|765.88,1030.18|738.956,1298.85|662.84,1467.64|991.096,585.294|958.126,577.406|978.377,551.145|1032.52,546.519|947.233,555.586|941.187,551.592
166|1|924.442,928.997|948.798,823.819|965.67,748.172|983.747,628.665|999.722,650.94|1076.01,681.197|1112.12,847.261|1076.69,983.091|1052.94,1021.04|989.907,967.98|1027.84,921.975|961.728,645.951|886.425,643.766|771.327,599.707|740.316,531.324|687.255,508.705|633.017,509.872|729.019,489.709|975.387,942.861|947.445,1160.59|904.843,1345.99|888.049,1537.97|878.94,916.767|755.847,1006.44|734.52,1273.6|655.502,1438.94|990.976,584.938|960.284,577.725|979.864,551.049|1032.53,545.542|948.424,555.925|940.222,551.833
167|1|926.473,928.211|949.594,823.922|965.764,748.801|984.581,630.315|1000.25,652.518|1075.8,682.909|1112.12,847.328|1078.13,981.511|1053.53,1018.98|990.411,968.616|1028.67,923.066|962.611,647.32|887.953,644.597|772.437,602.129|744.444,532.621|693.447,509.869|639.185,502.711|731.366,487.915|977.074,941.35|950.938,1162.33|906.574,1346.67|890.454,1536.45|881.236,916.614|762.477,1023.01|740.669,1282.27|664.261,1446.17|992.111,586.993|961.89,576.524|980.555,550.291|1032.29,545.985|949.546,556.227|941.005,555.721
168|1|928.134,929.105|950.369,824.798|965.977,749.494|984.995,631.252|1000.54,653.42|1075.88,683.647|1112.23,847.615|1079.4,981.862|1053.28,1018.89|990.189,968.749|1028.76,923.161|963.082,648.182|888.754,645.436|774.107,603.359|748.539,533.386|700.284,513.459|640.833,499.157|736.374,487.956|978.725,941.745|957.47,1170.23|909.966,1357.47|894.47,1546.76|882.893,917.951|770.714,1053.15|747.474,1306.59|676.536,1473.24|992.627,588.04|964.481,577.465|979.688,550.151|1028.48,542.581|949.421,559.526|938.528,562.723
169|1|928.61,929.128|950.506,824.758|966.082,749.192|984.827,630.927|1000.38,653.05|1075.58,683.404|1112.18,847.041|1078.37,979.894|1053.26,1019.26|990.531,968.766|1028.05,922.155|962.998,647.891|888.824,645.732|775.468,604.891|753.9,537.312|707.82,527.665|629.97,515.276|748.925,495.389|979.227,941.482|959.457,1171.88|912.875,1359.85|898.303,1549.02|883.308,918.22|768.222,1042.05|748.554,1296.9|678.643,1464.03|992.358,587.706|960.301,582.101|985.328,559.627|1039.87,560.922|954.474,556.846|950.855,544.585
170|1|928.807,929.159|950.611,824.902|966.165,749.353|985.189,631.304|1000.64,653.418|1075.55,683.849|1111.86,847.126|1078.57,979.257|1053.31,1018.28|990.435,968.495|1028.04,922.155|963.364,648.195|889.373,645.823|777.152,607.241|758.117,542.196|712.014,526.845|636.863,506.766|748.934,491.772|979.359,941.444|962.833,1173.68|914.119,1362.82|899.784,1551.76|883.558,918.31|773.844,1057.24|752.293,1309.06|684.463,1476.84|992.848,588.173|965.271,574.676|983.13,549.198|1032.69,546.636|952.327,555.522|941.853,557.82
171|1|930.846,928.607|951.632,824.287|966.554,748.542|984.756,630.161|1000.4,652.203|1075.31,683.21|1112.15,846.588|1080.57,981.739|1054.62,1015.26|990.588,968.586|1030.48,925.141|963.011,647.239|888.856,645.049|779.203,610.172|762.175,552.449|712.569,529.334|636.196,498.92|753.397,495.266|981.529,940.324|970.956,1186.24|918.407,1378.95|904.079,1566.96|885.453,918.263|790.459,1099.13|762.605,1346.91|700.251,1516.16|992.107,586.891|958.749,577.039|980.968,552.826|1035.58,552.289|950.218,554.609|945.936,549.682
172|1|934.326,929.555|953.156,825.533|967.558,749.121|986.934,630.768|1002.3,652.91|1077.01,683.694|1112.5,847.034|1084.56,983.374|1054.74,1013.6|989.888,968.997|1031.69,926.599|965.054,647.703|890.986,645.711|779.487,613.302|752.882,557.342|717.518,518.92|675.514,477.254|757.629,493.692|985.073,939.648|980.087,1201.78|924.614,1397.36|916.139,1582.76|888.667,920.622|803.266,1130.88|772.321,1372.63|718.667,1542.82|994.865,587.541|964.35,577.25|982.463,551.09|1033.87,546.239|951.943,557.474|943.842,557.418
173|1|937.059,934.966|954.099,829.259|967.365,751.222|985.992,631.592|1001.69,653.871|1077.35,684.804|1112.73,849.833|1081.47,988.052|1054.98,1014.15|990.066,968.231|1032.88,928.075|964.05,648.804|889.368,646.207|776.395,617.975|750.103,570.094|720.876,531.634|664.232,486.433|760.36,495.338|988.546,943.911|989.011,1219.16|934.839,1415.66|927.002,1600.59|890.663,927.056|810.163,1153.03|781.792,1394.75|733.303,1567.79|993.553,587.883|960.836,578.468|982.505,553.613|1036.77,552|951.463,556.137|946.135,551.513
174|1|939.421,936.884|955.938,830.73|968.884,752.305|987.38,632.312|1003.1,654.595|1078.63,685.877|1112.8,851.35|1082.05,989.668|1055.02,1014.21|989.953,968.176|1033.33,928.668|965.442,649.617|890.686,647.428|777.645,620.798|755.843,572.995|726.721,534.494|665.755,487.27|762.027,498.377|991.079,945.524|996.095,1226.65|942.213,1424.47|935.795,1608.83|892.854,929.248|816.701,1165.82|788.589,1406.65|743.165,1580.05|994.954,588.487|963.55,569.813|978.214,543.715|1028.39,539.87|948.561,554.9|940.079,566.078
175|1|939.424,936.88|955.94,830.728|968.887,752.303|987.385,632.312|1003.11,654.596|1078.63,685.879|1112.8,851.348|1082.04,989.656|1055.01,1014.19|989.946,968.156|1033.33,928.651|965.447,649.616|890.694,647.423|777.653,620.755|755.842,572.921|726.723,534.378|665.771,487.099|762.054,498.281|991.08,945.521|996.104,1226.64|942.221,1424.45|935.81,1608.81|892.857,929.244|816.654,1165.76|788.54,1406.65|743.088,1580.04|994.96,588.488|963.668,569.847|978.344,543.752|1028.47,539.924|948.671,554.897|940.101,566.008
176|1|940.968,938.831|956.721,831.988|969.325,752.864|987.754,632.094|1003.48,654.442|1079.21,686.058|1112.96,851.948|1083.53,991.153|1055.5,1013.41|990.048,968.429|1034.42,930.066|965.826,649.523|891.153,647.551|781.825,620.664|769.158,563.788|742.427,529.612|685.333,481.825|777.852,493.908|992.871,946.819|1005.81,1235.25|949.919,1435.28|945.88,1619.4|894.097,931.772|820.422,1180.01|791.252,1422.75|749.098,1597.37|995.387,588.001|959.915,580.326|982.097,555.346|1038.15,552.9|951.372,557.49|948.461,551.203
177|1|940.973,938.823|956.729,831.982|969.334,752.858|987.768,632.09|1003.49,654.439|1079.22,686.057|1112.96,851.942|1083.54,991.135|1055.51,1013.39|990.058,968.404|1034.43,930.044|965.841,649.518|891.172,647.537|781.857,620.586|769.211,563.659|742.492,529.406|685.436,481.509|778.05,493.737|992.875,946.812|1005.83,1235.24|949.93,1435.26|945.898,1619.37|894.104,931.763|820.439,1179.99|791.265,1422.72|749.116,1597.34|995.404,587.999|959.986,580.253|982.168,555.29|1038.18,552.896|951.439,557.43|948.487,551.193
178|1|942.998,931.686|958.813,827.492|971.796,749.72|991.777,631.303|1006.91,653.467|1080.24,687.056|1112.8,850.34|1089.56,988.261|1056.97,1010.14|991.611,970.416|1036.54,932.031|969.899,648.176|896.239,646.386|789.843,619.525|777.76,563.559|756.902,538.791|713.399,491.885|797.376,501.536|993.815,939.271|1008.53,1225.36|951.895,1424.43|951.306,1603.05|896.99,924.966|831.33,1178.83|796.508,1416.85|756.732,1586.96|1000.11,588.087|963.228,578.199|984.425,553.358|1040.53,551.014|954.497,556.908|952.818,553.766
179|1|943.006,929.81|958.866,825.902|971.905,748.518|991.498,630.62|1006.62,652.627|1079.61,686.155|1112.4,848.645|1092.43,986.756|1057.66,1009|992.133,971.298|1037.08,932.548|969.746,647.493|896.442,645.436|797.604,617.01|789.109,562.161|769.798,525.364|741.469,483.166|814.779,495.147|993.631,937.451|1008.96,1220.37|954.056,1409.18|951.648,1586.24|897.177,923.038|821.907,1154.25|793.625,1389.95|750.524,1560.66|999.706,587.591|967.515,577.525|987.215,552.324|1040.04,549.153|956.921,556.874|951.011,554.909
180|1|943.054,930.259|958.911,826.303|971.962,748.886|991.625,630.963|1006.73,652.97|1079.71,686.457|1112.51,848.934|1093,987.139|1058.41,1009.33|992.895,971.722|1037.75,932.987|969.859,647.842|896.558,645.849|798.798,618.33|792.333,563.901|775.22,526.62|749.348,483.64|822.511,494.585|993.693,937.882|1009.66,1221|954.258,1408.69|951.844,1585.59|897.206,923.504|824.911,1159.2|796.099,1392.31|754.193,1562.68|999.884,587.931|969.523,577.546|988.736,552.26|1040.34,549.031|958.266,557.103|950.715,555.67
181|1|945.107,931.339|960.599,826.655|973.437,748.592|992.939,629.808|1008.09,651.9|1081.23,685.588|1112.72,848.568|1094.81,987.527|1059.74,1007.71|994.186,972.087|1039.72,934.799|971.171,646.834|897.742,645.647|802.709,617.037|799.486,559.215|785.507,519.308|772.552,474.958|829.484,477.44|996.029,938.716|1014.11,1225.89|956.493,1417.33|954.743,1594.71|898.978,924.805|831.372,1176.14|798.187,1412.54|757.602,1583.02|1001.22,586.462|971.238,577.033|989.949,551.31|1041.2,546.93|959.46,556.644|951.378,554.974
182|1|947.266,933.859|962.291,828.304|974.992,749.484|993.776,629.444|1009.14,651.645|1083.18,684.462|1112.55,848.732|1080.67,973.654|1054.23,1026.65|996.538,971.851|1028.25,919.302|972.042,646.712|898.307,645.741|803.367,618.456|804.369,561.879|791.62,516.575|793.641,465.074|845.035,477.305|998.487,940.691|1015.95,1232.91|957.769,1426.57|957.811,1603.66|900.774,927.807|835.137,1188.11|800.81,1427.7|764.257,1600.32|1001.78,585.634|972.86,577.3|992.036,551.61|1042.96,547.266|961.233,556.166|952.377,552.878
183|1|946.769,932.83|962.097,827.613|975.136,749.124|993.603,628.644|1009.08,650.802|1083.17,683.753|1112.76,848.37|1089.97,983.187|1057.17,1020.76|995.839,972.719|1035.35,927.245|971.819,646.134|897.715,645.487|804.963,615.759|817.202,557.289|805.873,506.62|807.197,456.769|856.857,476.792|997.99,939.645|1017.34,1232.71|960.119,1425.21|961.062,1601.61|900.25,926.79|839.099,1192.82|804.273,1432.14|768.18,1604.31|1001.63,584.673|971.037,578.71|990.909,552.645|1043.29,547.221|959.951,556.619|952.389,550.912
184|1|946.822,932.822|962.245,827.524|975.398,749.003|994.245,628.431|1009.67,650.639|1083.74,683.807|1112.93,848.756|1091.3,984.803|1058.56,1022.35|997.244,973.957|1036.59,928.519|972.372,645.912|898.186,645.094|806.797,615.367|821.25,557.435|810.841,506.764|811.455,456.177|863.936,481.391|998.091,939.64|1018.02,1233.28|960.379,1424.18|961.375,1600.3|900.249,926.778|839.75,1194.37|805.132,1431.06|769.491,1602.98|1002.46,584.43|974.583,575.261|993.841,549.476|1044.44,545.688|962.595,554.029|952.612,551.247
185|1|946.867,932.848|962.326,827.542|975.517,749.022|994.496,628.443|1009.9,650.665|1083.94,683.887|1112.98,848.833|1091.62,985.157|1059.1,1022.89|997.852,974.64|1037.16,929.163|972.598,645.914|898.408,644.998|807.559,615.13|822.938,557.287|813.108,506.555|814.417,455.961|867.157,481.333|998.141,939.673|1018.14,1233.43|960.355,1423.98|961.335,1600.03|900.286,926.798|839.891,1194.67|805.253,1430.82|769.678,1602.68|1002.78,584.442|975.295,575.878|994.35,549.894|1044.67,545.553|963.066,554.588|952.677,551.488
186|1|947.792,931.155|962.654,827.683|975.371,750.05|995.362,631.359|1010.3,653.246|1083.39,684.844|1113.39,847.59|1091.5,979.043|1059.74,1021.6|999.134,975.457|1036.11,927.713|973.517,648.605|900.442,647.41|811.886,614.157|846.461,559.201|827.421,506.546|819.986,449.328|881.352,482.037|998.394,937.442|1018.92,1225.47|963.387,1415.92|964.144,1590.04|901.787,925.585|843.339,1192.61|811.102,1418.84|778.046,1586.68|1004.3,588.122|974.538,577.452|995.239,552.798|1047.28,551.51|964.24,555.888|956.517,552.851
187|1|948.246,927.909|964.055,824.444|977.437,746.356|998.364,627.78|1013.03,649.796|1084.89,684.26|1114.47,846.985|1093.12,980.196|1060.1,1020.84|999.213,975.738|1037.17,928.771|976.474,644.825|903.756,644.819|815.906,617.767|850.481,560.91|848.156,513.103|845.998,460.067|893.046,477.114|998.785,934.684|1020.78,1223.81|962.341,1416.33|963.984,1589.85|902.287,921.894|845.392,1195.32|809.611,1419.69|777.765,1586.23|1007.72,584.57|978.398,576.879|998.713,551.701|1050.35,548.31|967.793,554.864|959.688,549.731
188|1|948.763,927.133|964.709,823.629|978.294,745.586|999.846,626.977|1014.43,649.027|1086.02,683.949|1114.35,846.828|1093.3,980.286|1061.54,1019.27|1000.73,975.954|1039.08,930.093|977.797,644.038|904.915,644.407|817.848,616.217|855.592,559.637|855.553,511.816|853.543,457.723|906.18,489.426|999.355,933.869|1021.45,1223.56|962.494,1414.43|964.159,1587.7|902.732,921.151|846.142,1196.35|810.212,1416.71|778.702,1582.76|1009.54,583.757|978.521,579.806|1003.62,557.339|1057.68,557.969|972.664,554.101|968.306,540.215
189|1|949.116,923.544|964.896,821.726|978.355,744.042|1001.8,627.078|1015.82,648.989|1086.05,683.942|1114.41,845.748|1091.65,973.935|1060.08,1020.92|1000.88,975.05|1035.35,925.926|979.628,643.792|907.424,643.248|817.586,609.671|865.84,560.152|866.404,502.07|864.145,437.329|926.746,487.014|999.046,929.505|1020.15,1214.9|961.324,1406.94|963.875,1578.33|903.554,918.246|851.289,1193.15|814.234,1404.94|785.402,1568.43|1012.4,584.511|983.147,573.27|1004.52,549.216|1056.51,549.268|973.447,551.377|965.687,547.886
190|1|948.452,922.143|964.569,820.079|978.103,741.787|1002.25,625.031|1016.03,646.989|1086.06,682.217|1114.89,843.439|1086.38,967.035|1060.41,1022.21|1003.49,975.93|1032.89,923.005|980.077,641.608|908.835,640.196|827.154,606.156|893.385,562.797|888,516.696|878.814,464.885|927.276,558.686|998.377,928.24|1020.87,1213.81|960.242,1406.22|960.666,1577.18|902.872,916.718|851.747,1193.51|814.36,1402.14|787.432,1564.91|1013.2,582.547|991.318,575.865|1008.38,549.352|1054.46,542.844|977.149,555.003|962.135,551.595
191|1|948.191,922.293|965.108,819.862|979.058,740.693|1004.79,623.582|1018.35,645.889|1089.09,681.136|1116.35,843.804|1085.47,969.562|1059.81,1024.56|1003.06,975.465|1032.82,922.881|982.31,639.91|910.88,636.931|839.856,606.585|903.032,574.064|897.783,526.416|893.07,448.581|936.437,573.856|998.228,928.457|1019.69,1216.01|956.104,1411.79|956.03,1583.05|902.435,916.801|851.59,1195.84|810.578,1405.78|784.154,1569.42|1016.3,580.962|1009.88,569.094|1023.38,543.11|1058.63,539.35|991.724,549.681|964.208,551.09
192|1|949.41,921.014|966.499,816.232|981.328,739.574|1005.79,623.956|1019.82,645.978|1091.42,677.069|1118.1,838.993|1080.03,958.375|1060.53,1020.79|1003.78,975.377|1027.85,920.524|983.315,640.235|911.164,634.258|854.199,606.193|903.948,582.738|902.627,530.74|906.305,449.82|926.746,588.86|999.94,929.289|999.838,1149.73|959.619,1313.41|952.253,1495.44|903.563,913.652|816.778,864.709|822.142,1108.17|772.287,1255.26|1016.49,581.799|1017.21,568.782|1025.79,541.754|1054.29,535.385|995.186,551.896|961.523,557.933
193|1|949.446,920.435|965.01,814.943|982.098,738.942|1006.52,622.574|1020.01,644.454|1090.7,675.206|1120.36,835.008|1086.86,954.202|1062.1,1014.84|1003.58,975.655|1028.86,921.433|984.499,639.07|913.976,634.514|855.947,604.973|909.173,572.905|913.765,528.408|932.22,456.431|924.122,588.533|998.47,926.223|1038.3,1126.44|969.28,1301.9|977.387,1486.16|904.249,915.239|861.948,943.121|841.678,1191.07|802.334,1356.49|1017.73,580.24|1023.06,565.921|1029.11,539.252|1053.09,532.779|999.657,550.512|962.863,558.987
194|1|949.454,920.44|965.02,814.946|982.112,738.944|1006.54,622.575|1020.03,644.457|1090.72,675.215|1120.37,835.022|1086.88,954.223|1062.12,1014.86|1003.6,975.678|1028.89,921.456|984.524,639.07|914.002,634.505|856.013,604.939|909.298,572.869|913.943,528.343|932.466,456.347|924.314,588.348|998.478,926.229|1038.37,1126.42|969.316,1301.96|977.45,1486.24|904.256,915.243|862.079,943.405|841.775,1191.26|802.508,1356.73|1017.76,580.241|1023.2,565.954|1029.27,539.286|1053.18,532.826|999.804,550.51|962.928,558.921
195|1|947.955,921.555|963.719,816.499|980.935,740.863|1005.88,625.063|1019.19,646.905|1090.95,676.243|1139.26,832.089|1111.99,949.964|1080.11,1012.29|1012.54,976.928|1032.85,921.359|983.868,641.403|913.783,636.419|857.835,605.281|914.06,573.347|921.028,527.48|942.3,455.085|932.905,571.444|996.761,927.373|1049.03,1124.92|973.367,1308.77|985.315,1493.79|902.955,916.328|881.67,993.057|850.765,1234.43|821.195,1407.68|1017.29,582.979|1013.14,597.291|1024.17,566.423|1056.94,542.826|993.282,575.139|963.797,559.519
196|1|947.29,921.476|962.995,816.601|980.151,741.078|1004.98,625.442|1018.27,647.231|1090.22,676.149|1145.09,829.129|1121.66,944.424|1090.56,1008.18|1019.67,977.57|1036.45,920.987|983.027,641.776|913.161,636.775|858.348,604.587|916.435,572.328|924.87,526.441|947.725,454.364|935.315,570.792|996.007,927.235|1054.3,1124.47|975.952,1312.97|989.351,1498.43|902.368,916.304|890.113,1011.49|854.465,1251.77|828.568,1427.63|1016.35,583.426|1003.99,597.725|1018.29,567.895|1057.59,546.675|987.074,574.075|964.374,555.919
197|1|947.289,921.477|962.996,816.601|980.153,741.078|1004.99,625.442|1018.27,647.231|1090.22,676.149|1145.11,829.126|1121.69,944.415|1090.6,1008.18|1019.7,977.569|1036.48,920.98|983.032,641.775|913.166,636.773|858.366,604.587|916.474,572.335|924.928,526.45|947.806,454.376|935.367,570.788|996.007,927.236|1054.32,1124.48|975.959,1312.99|989.361,1498.45|902.367,916.304|890.137,1011.54|854.474,1251.81|828.587,1427.68|1016.36,583.425|1003.96,597.702|1018.26,567.869|1057.57,546.652|987.04,574.061|964.367,555.934
198|1|955.738,923.846|969.253,820.881|982.394,744.201|1004.62,629.666|1017.85,650.539|1088.89,677.292|1162.91,819.763|1154.79,915.766|1114.84,971.031|1041.94,975.33|1056.02,920.239|983.484,646.568|917.887,646.868|861.799,604.829|943.744,541.404|941.446,509.878|958.312,454.391|937.095,569.462|1004.45,928.351|1067.36,1152.82|995.218,1354.33|1008.15,1538.51|911,919.844|885.956,1107.05|852.857,1348.88|830.114,1527.47|1015.44,588.125|1009.91,551.051|1020.9,531.902|1053.47,544.331|991.021,539.427|963.312,561.745
199|1|957.574,921.449|971.279,821.034|983.856,745.066|1007.29,632.08|1019.73,652.768|1087.51,678.25|1147.13,823.135|1141.96,920.972|1121.25,959.325|1048.15,956.032|1069.29,900.904|986.499,648.588|922.641,646.134|864.313,604.885|952.876,546.673|950.441,501.911|961.537,432.115|955.908,498.512|1005.4,925.652|1062.6,1168.78|995.123,1376.36|1009.03,1555.03|913.639,917.718|889.855,1145.88|852.1,1375.63|832.208,1547.08|1018.78,591.21|1014.98,540.778|1025.28,526.985|1055.94,549.647|996.29,533.33|967.814,565.526
200|1|960.284,916.692|973.969,815.867|987.218,739.856|1012.11,627.133|1024.07,647.948|1089.92,679.437|1135.8,829.353|1140.52,936.717|1117.52,963.422|1044.39,953.457|1072.58,902.407|991.273,643.416|928.201,642.79|870.599,605.704|945.974,532.259|954.688,511.386|988.37,474.329|931.464,489.499|1007.38,920.219|1070.74,1173.53|999.034,1377.6|1017.97,1552.47|916.777,913.56|896.321,1146|852.302,1372.25|834.634,1544.14|1024.31,586.365|1001.9,534.96|1022.61,522.894|1068.7,550.118|993.23,525.662|982.176,554.382
201|1|962.06,914.025|975.788,813.967|989.042,738.476|1013.74,626.428|1025.62,647.12|1090.64,679.402|1132.48,829.234|1135.77,936.974|1117.09,963.795|1044.91,951.985|1072.51,902.238|993.056,642.61|930.597,642.783|875.497,605.168|960.607,530.957|965.949,502.177|997.501,458.706|934.551,477.954|1008.83,917.65|1073.71,1171.04|1002.4,1369.13|1021.65,1541.3|918.864,910.802|902.764,1138.59|859.289,1363.15|842.446,1534.14|1025.86,585.901|1020.35,531.898|1037.91,522.271|1072.55,554.014|1008.08,522.269|983.961,550.733
202|1|963.143,913.809|976.473,813.431|990.337,738.229|1013.98,626.04|1025.96,646.601|1090.59,679.298|1131.95,828.904|1134.21,932.817|1116.37,964.663|1044.05,952.199|1069.2,900.476|993.538,642.389|931.306,643.858|875.433,605.989|971.657,528.842|970.996,500.391|993.589,456.07|940.198,478.672|1009.12,916.743|1080.79,1166.76|1005.31,1354.49|1027.36,1524.48|920.478,911.208|906.93,1115.08|866.045,1345.42|851.41,1519.5|1025.76,585.445|1037.92,525.31|1048.28,518.537|1068.88,554.828|1019.63,517.853|981.146,551.151
203|1|965.818,910.676|978.116,808.697|991.461,733.397|1012.28,619.659|1025.02,640.185|1089.68,675.47|1128.55,827.099|1135.36,933.133|1116.4,965.955|1043.07,952.038|1067.89,899.483|992.021,636.572|929.539,640.967|881.727,602.797|986.138,507.852|980.903,488.796|997.966,453.85|1008.15,514.376|1013.49,914.828|1095.95,1156.34|1019.26,1342.08|1040.79,1516.44|921.929,906.982|920.306,1080.33|885.057,1320.3|864.138,1495.35|1022.93,578.354|1039.77,522.274|1050.44,514.475|1068.22,549.432|1021.6,512.302|980.17,540.672
204|1|969.618,902.12|979.519,801.733|990.917,727.092|1011.57,615.109|1023.96,635.317|1087,671.505|1128.74,819.73|1146.8,921.738|1118.8,958.797|1046.84,954.002|1072.62,900.349|991.711,631.762|930.639,637.961|888.792,603.471|990.319,500.779|992.115,481.813|1015.71,446.595|1014.92,505.881|1016.43,904.906|1100.78,1142.98|1029.77,1337.25|1058.08,1506.99|926.454,899.676|923.146,1093.44|889.097,1332.73|871.049,1503.42|1022.22,574.426|1043.03,526.897|1054.41,517.518|1069.28,548.445|1026.08,513.656|983.245,533.685
205|1|969.786,901.957|979.725,801.616|991.158,727.003|1011.99,615.08|1024.32,635.302|1087.27,671.521|1129.29,819.624|1147.88,920.686|1119.93,957.629|1047.83,952.922|1073.33,899.302|992.131,631.695|931.304,637.659|891.386,603.001|994.277,500.448|998.108,481.577|1024.05,446.609|1021.46,506.294|1016.56,904.758|1101.28,1142.52|1030.32,1337.12|1058.94,1506.74|926.652,899.497|920.008,1091.66|886.662,1332.22|867.142,1502.82|1022.72,574.427|1035.93,529.945|1049.54,518.88|1070.34,546.75|1020.46,516.094|983.004,534.614
206|1|972.131,898.925|980.222,798.555|991.09,723.655|1013.6,612.331|1025.27,632.65|1087.92,667.484|1128.67,814.485|1149.01,916.958|1120.33,956.523|1048.4,953.349|1072.78,899.022|993.807,628.615|934.821,633.288|909.841,601.171|1006.3,504.737|1022.58,498.05|1060.56,480.331|1024.86,506.812|1017.45,899.881|1114.23,1130.19|1040.21,1328.07|1076.43,1495.4|929.978,898.154|936.195,1077.82|898.575,1319.19|887.018,1492.22|1025.15,571.949|1010.14,551.124|1030.21,532.255|1071.32,541.852|1000.48,531.801|984.334,533.93
207|1|972.132,898.925|980.224,798.556|991.092,723.657|1013.6,612.334|1025.27,632.653|1087.92,667.488|1128.67,814.487|1149.02,916.955|1120.33,956.518|1048.41,953.344|1072.78,899.016|993.81,628.617|934.827,633.288|909.861,601.165|1006.33,504.73|1022.63,498.042|1060.64,480.323|1024.93,506.797|1017.45,899.881|1114.24,1130.18|1040.22,1328.07|1076.44,1495.39|929.98,898.154|936.171,1077.81|898.557,1319.18|886.991,1492.21|1025.15,571.953|1010.16,551.168|1030.22,532.286|1071.31,541.847|1000.48,531.839|984.324,533.945
208|1|972.837,904.151|980.911,802.479|991.456,726.406|1013.48,613.786|1025.1,633.874|1088.66,665.114|1131.08,813.068|1147.98,905.239|1121.55,958.307|1048.75,954.264|1066.01,897.92|993.797,630.792|937.267,636.923|920.084,605.292|1034.53,505.853|1049.13,505.021|1091.1,496.385|1042.24,500.09|1018.77,904.801|1121.53,1133.29|1049.63,1328.28|1085.87,1498.34|930.1,903.668|915.93,1087.58|890.076,1332.33|879.356,1509.53|1025.22,572.952|1025.33,556.744|1047.19,540.524|1078.72,553.656|1017.29,533.556|992.276,526.259
209|1|976.323,903.374|982.759,803.9|993.412,729.603|1013.25,618.201|1024.62,637.703|1086.89,664.298|1134.45,806.332|1148.28,903.139|1121.56,955.129|1050.46,953.793|1067.7,897.477|994.517,635.346|938.927,640.376|923.945,606.452|1017.82,514.497|1059.05,501.143|1117.51,477.721|1060.83,503.552|1019.35,901.674|1131.38,1118.41|1058.68,1310.86|1103.41,1471.58|935.927,905.079|969.247,1080.84|932.266,1323.58|939.219,1497.36|1024.35,577.847|1047.13,564.614|1059.15,544.71|1072.58,550.189|1030.63,543.116|986.579,538.407
210|1|976.343,903.276|982.775,803.851|993.4,729.575|1013.25,618.224|1024.59,637.735|1086.77,664.334|1134.45,806.13|1148.47,902.582|1121.9,954.517|1050.86,953.349|1068.01,897.034|994.544,635.335|939.145,640.149|925.173,605.581|1020.02,513.339|1062.48,499.663|1122.56,475.872|1065.31,501.441|1019.34,901.592|1131.74,1117.96|1058.96,1310.19|1103.87,1470.63|935.977,904.965|964.162,1078.71|928.675,1323.53|933.646,1497.68|1024.35,577.892|1041.27,559.754|1053.49,540.235|1071.16,547.782|1024.5,539.89|983.932,540.153
211|1|976.346,903.272|982.778,803.849|993.403,729.574|1013.26,618.225|1024.59,637.737|1086.77,664.337|1134.45,806.125|1148.48,902.56|1121.91,954.491|1050.88,953.324|1068.02,897.008|994.55,635.335|939.159,640.138|925.232,605.541|1020.13,513.286|1062.64,499.601|1122.81,475.796|1065.52,501.355|1019.34,901.589|1131.75,1117.94|1058.97,1310.17|1103.88,1470.61|935.981,904.96|964.114,1078.67|928.647,1323.52|933.603,1497.67|1024.36,577.894|1041.14,559.651|1053.36,540.137|1071.12,547.721|1024.37,539.827|983.876,540.206
212|1|975.591,903.875|981.533,804.13|990.694,729.254|1009.6,618.274|1020.86,637.056|1082.63,658.155|1139.77,796.143|1152.98,888.863|1125.58,943.676|1056.08,952.735|1070.92,896.934|991.207,636.133|938.652,643.398|937.945,604.788|1040.6,515.851|1093.71,501.859|1161.05,519.119|1094.96,514.302|1019.91,902.551|1138.04,1103.33|1070.65,1292.25|1113.02,1454.75|934.182,905.227|951.397,1064.47|930.519,1307.98|934.883,1482.41|1020.66,578.039|1034.79,554.432|1048.96,536.927|1069.31,549.864|1019.48,534.879|981.314,537.647
213|1|979.526,908.708|983.751,807.504|991.682,731.329|1007.16,618.289|1018.74,636.843|1081.59,654.526|1163.18,782.281|1190.94,862.421|1150.87,908.461|1087.46,938.793|1106.45,885.47|989.505,637.052|937.62,645.825|941.928,604.694|1052.08,512.516|1109.45,496.509|1182.64,509.883|1113.24,511.416|1023.72,906.011|1149.51,1107.62|1081.2,1301.02|1126.88,1465.28|938.089,911.352|964.265,1091.73|942.358,1338.03|954.294,1515.5|1017.2,577.2|1035.33,532.705|1038.58,517.227|1051.78,536.301|1011.66,523.011|967.316,550.24
214|1|980.038,911.507|983.746,809.414|991.22,732.525|1006.29,618.44|1017.94,637.166|1081.37,655.468|1172.21,778.212|1214.53,853.502|1176.72,901.894|1110.91,928.489|1128.34,878.061|988.702,637.344|937.324,645.958|947.179,605.361|1058.16,512.217|1119.44,493.248|1200.15,511.224|1125.07,510.882|1024.5,908.487|1155.91,1117.34|1088.85,1318.73|1136.42,1484.57|938.322,914.458|972.775,1123.76|946.617,1371.29|961.765,1548.54|1016.25,576.966|1035.14,531.438|1034.26,515.253|1044.45,531.902|1009.13,524.301|963.963,556.133
215|1|982.884,918.461|985.321,814.441|991.412,735.883|1006.02,619.342|1018.12,638.702|1083.32,658.673|1180.46,779.846|1234.65,853.803|1200.51,906.434|1129.24,923.011|1144.69,874.432|988.16,638.327|934.41,646.378|952.587,605.692|1070.97,519.375|1126.02,494.539|1213.02,518.289|1130,518.17|1028.17,914.637|1158.97,1141.42|1096.89,1357.9|1146.45,1526.88|940.373,922.172|978.385,1166.87|946.995,1415.57|964.024,1592.13|1015.73,576.986|1027.18,540.832|1031.36,521.306|1049.68,531.967|1003.5,530.045|963.169,553.393
216|1|984.061,919.336|986.816,815.04|992.933,736.256|1006.55,619.103|1018.97,638.608|1085.22,659.581|1185.33,778.763|1246.47,850.114|1216.59,906.4|1143.38,919.587|1155.77,871.912|988.712,638.102|935.47,646.505|955.105,607.526|1074.38,516.757|1131.16,496.392|1217.69,519.378|1138.53,519.815|1029.85,915.903|1155.48,1154.17|1100.19,1378.09|1150.66,1546.38|941.159,922.677|972.384,1185.82|941.626,1436.03|958.315,1610.51|1015.8,576.5|1014.65,552.869|1020.71,529.101|1047.87,528.56|992.416,540.794|961.153,557.33
217|1|986.594,924.366|988.942,819.407|994.85,740.144|1008.19,622.054|1020.69,641.619|1087.72,662.654|1192.07,780.115|1257.03,849.39|1229.05,907.558|1153.88,917.494|1164.99,870.258|990.347,641.295|937.325,649.143|961.758,606.948|1085.47,516.442|1144.44,495.342|1231.21,523.552|1147.56,521.839|1032.55,920.439|1157.3,1164.95|1104.12,1391.69|1153.94,1560.1|943.502,928.173|972.792,1200.49|940.666,1447.68|956.968,1621.86|1017.42,579.126|1009.48,557.445|1020.29,533.656|1054.38,534.277|990.425,542.652|964.422,554.478
218|1|988.609,925.073|990.509,821.091|995.153,742.034|1007.67,623.336|1020.33,642.805|1086.94,662.602|1187.86,784.683|1262.17,860.616|1233.93,899.198|1166.37,912.922|1183.25,867.239|989.93,642.896|934.81,650.697|966.682,604.514|1093.7,518.354|1151.87,491.139|1237.58,526.645|1153.78,525.31|1035.64,920.931|1148.76,1173.83|1102.3,1399.95|1149.38,1568.85|944.745,929.068|964.837,1206.44|935.033,1440.82|945.254,1611.99|1016.67,580.163|1009.8,560.469|1020.87,536.141|1054.61,535.751|990.657,544.775|963.714,554.607
219|1|995.037,925.791|994.415,822.211|996.817,743.021|1006.3,623.464|1019.49,642.858|1086.29,662.635|1184.78,786.93|1265.49,871.586|1242.29,902.419|1172.13,911.289|1187.71,867.036|989.036,643.332|933.568,651.86|967.306,605.536|1095.8,518.491|1158.43,486.962|1242.32,520.868|1162.23,524.367|1041.83,919.973|1148.2,1178.3|1109.3,1405.11|1157.08,1572.09|951.354,931.354|967.223,1216.5|940.534,1440.92|950.031,1608.73|1014.15,579.91|1009.17,563.692|1020.96,538.958|1053.92,537.329|990.424,546.452|962.277,552.439
220|1|999.872,924.686|997.42,821.18|998.251,741.811|1005.72,621.472|1019.4,640.986|1086.33,662.13|1190.07,782.689|1278.29,867.402|1254.02,898.185|1181.12,918.502|1188.18,867.031|988.644,641.412|932.894,650.302|971.741,606.576|1099.52,520.381|1167.01,488.543|1248.67,526.771|1166.92,528.897|1046.64,917.819|1150.78,1178.49|1119.28,1407.53|1168.84,1572.85|956.204,931.228|971.232,1221.85|947.335,1441.58|956.917,1606.83|1012.72,577.583|1011.53,566.669|1021.71,540.462|1051.61,534.334|991.44,548.925|960.238,551.923
221|1|996.561,921.956|996.094,819.448|998.272,740.698|1005.13,620.403|1018.93,639.977|1085.8,661.046|1192.62,777.84|1282.85,857.607|1257.65,892.301|1188.65,922.617|1190.12,866.718|988.153,640.227|932.085,649.122|972.881,606.947|1103.86,523.79|1170.93,487.206|1251.28,522.052|1178.87,525.683|1043.58,916.146|1142.11,1177.13|1115.11,1407.55|1165.73,1570.7|952.766,927.5|964.564,1217.84|940.101,1433.07|949.047,1594.93|1011.85,576.523|1001.25,570.604|1014.64,544.018|1051.79,535.812|984.051,551.058|960.433,548.83
222|1|997.296,921.63|996.584,818.864|998.443,739.874|1003.85,619.245|1017.9,638.791|1085.31,660.539|1193.54,775.977|1286.14,851.21|1260.06,887.842|1195.17,925.843|1191.41,866.477|987.099,639.181|932.115,648.325|975.948,606.972|1107.88,519.159|1177.47,488.302|1257.77,521.265|1186.9,526.22|1044.59,915.907|1139.36,1178.62|1114.75,1408.71|1164.04,1571.44|953.284,927.089|959.471,1218.89|936.407,1431.44|944.008,1591.65|1010.03,575.206|1006.65,570.277|1018.15,543.289|1050,533.921|987.668,550.901|958.387,548.538
223|1|992.651,919.614|994.489,818.256|997.668,739.783|1004.63,620.177|1018.11,639.671|1084.64,660.376|1184.92,780.832|1274.22,858.449|1269.89,883.741|1204.43,911.666|1201.14,863.564|987.914,639.84|932.811,648.227|977.841,606.224|1111.5,523.437|1180.57,489.369|1261.14,521.087|1195.86,525.465|1039.83,915.159|1125.25,1177.18|1098.81,1403.6|1145.5,1564.35|948.813,923.884|950.49,1211.69|923.057,1417.67|929.885,1575.02|1011.46,576.565|1013.14,569.937|1026.67,544.898|1056,540.248|995.815,548.909|963.857,544.237
224|1|984.364,917.3|989.095,816.185|994.395,737.942|1003.37,619.146|1016.42,638.683|1082.5,660.684|1177.75,785.04|1266.5,874.219|1270.07,888.73|1200.1,908.006|1195.85,863.198|986.435,638.521|931.907,646.77|980.157,606.646|1112.97,523.711|1183.93,495.612|1266.95,524.358|1202.08,525.714|1031.62,914.573|1115.67,1175.61|1083.54,1397.16|1127.26,1557.92|940.497,919.962|939.2,1205.9|908.479,1408.05|912.108,1565.15|1010.97,575.871|1003.74,569.391|1019.15,544.513|1054.8,539.935|988.289,548.315|963.223,543.366
225|1|983.977,914.585|987.763,813.715|992.42,736.026|999.831,618.414|1013.1,637.6|1079.12,660.633|1165.46,789.384|1248.14,883.071|1267.38,894.222|1193.1,901.785|1182.29,860.953|983.208,637.765|930.435,646.702|984.022,606.811|1116.12,525.032|1186.25,499.373|1268.37,524.629|1206.24,525.857|1031.26,912.177|1116.46,1171.26|1081.61,1386.06|1120.06,1548.25|940.197,916.944|937.28,1197.13|911.487,1397.07|911.05,1556.36|1006.73,575.514|1005.12,569.907|1020.11,545.612|1051.72,541.511|989.512,548.406|960.802,541.94
226|1|985.287,912.24|987.175,811.789|991.137,734.836|999.771,618.592|1012.62,637.657|1077.17,660.26|1162.61,786.785|1237.85,879.828|1272.54,897.448|1197.03,899.146|1173.2,858.631|983.166,637.628|931.429,645.741|987.571,606.928|1119.79,527.987|1190.3,505.88|1269.19,530.807|1212.12,526.031|1031.07,908.226|1125.4,1159.62|1085.61,1370.73|1126.57,1531.72|942.641,916.103|948.911,1188.29|921.77,1392.75|924.891,1554.26|1007.12,576.228|1000.76,569.273|1016.12,545.288|1050.67,541.687|985.881,548.505|960.915,543.586
227|1|985.086,912.369|987.092,811.987|991.173,735.099|1000.42,618.963|1013.09,638.075|1077.49,660.422|1163.28,786.423|1237.32,875.864|1272.42,898.533|1196.3,898.174|1171.2,858.319|983.782,637.912|932.623,645.5|992.085,607.06|1126.43,529.512|1197.71,508.315|1275.24,535.584|1219.68,527.54|1030.8,908.376|1129.8,1157.33|1089.81,1370.88|1132.77,1532.53|942.495,916.212|955.843,1182.36|928.842,1394.32|933.397,1558.46|1008.02,576.665|1007.19,569.284|1021.07,545.189|1051.54,541.474|990.945,548.838|961.655,544.67
228|1|983.585,912.501|985.603,811.643|990.579,734.935|999.669,619.193|1012.17,638.225|1076.51,660.131|1174.01,775.791|1254.13,853.902|1272.04,902.875|1196.29,901.376|1176.08,858.24|983.251,638.081|932.919,645.934|996.107,606.488|1131.92,531.862|1204.84,514.104|1277.57,537.861|1226.16,531.216|1028.45,908.366|1135.51,1152.04|1091.39,1368.34|1137.51,1529.3|941.616,916.488|964.886,1182.35|933.688,1402.32|943.801,1567.06|1007.27,577.046|1010.07,567.359|1024.56,544.702|1052.71,544.372|994.519,546.539|963.277,542.386
229|1|983.953,912.735|985.985,811.93|990.965,735.259|1000.19,619.595|1012.61,638.645|1076.79,660.368|1176.47,773.585|1257.57,847.342|1274.88,899.264|1199.33,899.601|1178.54,857.297|983.801,638.429|933.859,645.836|998.78,605.812|1135.26,531.447|1208.43,513.816|1281.42,537.448|1230.19,531.064|1028.77,908.607|1136.87,1151.37|1094.11,1370.2|1141.11,1531.53|942.033,916.714|964.806,1179.14|935.026,1406.47|944.927,1572.92|1007.86,577.491|1011.42,566.908|1024.5,543.788|1051.64,542.667|994.685,547.032|962.405,544.953
230|1|984.19,912.653|986.281,811.878|991.307,735.228|1000.82,619.616|1013.15,638.708|1077.29,660.578|1177.46,773.12|1258.65,845.39|1276.1,897.401|1200.54,898.28|1179.42,856.398|984.43,638.381|934.839,645.285|1001.66,605.072|1138.95,530.988|1212.72,513.773|1286.65,537.606|1234.66,531.197|1028.97,908.554|1137.43,1150.92|1095.26,1371.07|1142.64,1532.54|942.302,916.607|965.47,1177.56|935.867,1408.17|945.88,1575.29|1008.61,577.544|1012.35,566.993|1025.3,543.842|1052.26,542.611|995.525,547.18|963.105,545.179
231|1|987.055,914.435|987.516,813.598|991.676,737.037|1002.71,621.839|1014.46,640.732|1077.64,660.851|1173.79,778.343|1255.91,851.252|1271.57,885.761|1200.65,897.326|1189.56,855.703|986.361,640.733|936.253,647.307|1008.92,602.7|1148.16,530.107|1223.13,514.311|1295.61,540.989|1243.57,532.652|1031.47,909.39|1146.28,1146.55|1099.05,1363.79|1146.15,1526.3|945.45,919.28|975.242,1170.42|942.763,1393.19|953.256,1561.25|1011.27,579.965|1013.08,567.108|1025.58,543.917|1053.71,543.266|995.809,548.228|964.427,548.909
232|1|989.22,914.259|987.908,813.225|991.404,736.886|1002.43,622.016|1014.22,640.834|1077.6,660.986|1173.81,778.179|1256.86,857.175|1271.25,884.07|1201.26,896.492|1192.51,855.254|986.05,640.891|936.665,647.516|1010.42,601.95|1149.6,529.046|1224.1,514.214|1297.87,541.785|1245.95,532.247|1033.4,908.627|1157.42,1136.49|1108.29,1352.3|1156.58,1515.87|947.8,919.656|982.838,1152.78|953.701,1376.39|965.041,1546.93|1010.95,580.256|1013.74,572.401|1025.57,547.926|1052.8,543.219|995.921,552.934|963.656,550.548
233|1|992.208,918.459|989.491,817.032|991.461,740.012|1002.03,623.726|1014,642.54|1078.15,661.462|1173.72,781.729|1258.16,867.283|1271.52,883.596|1201.05,895.491|1195.23,855.527|985.579,643.107|935.579,650.498|1016.57,601.408|1158.1,526.675|1234.38,510.062|1309.44,546.421|1255.57,534.108|1036.8,911.484|1161.95,1143.89|1119.64,1367.32|1171.5,1531.24|950.397,925.119|984.489,1183.11|956.199,1407.08|968.8,1575.47|1010.49,581.425|1017.47,566.972|1028.99,543.816|1053.66,544.279|999.028,548.051|963.458,549.717
234|1|992.513,918.744|989.766,817.29|991.735,740.247|1002.51,623.889|1014.43,642.731|1078.83,663.105|1167.62,789.022|1248.85,880.723|1267.26,888.957|1194.62,894.122|1189.54,854.488|986.041,643.266|936.328,650.279|1019.44,601.465|1161.88,527.085|1238.65,511.142|1313.45,548.757|1258.93,534.679|1037.1,911.703|1164.51,1143.78|1123.98,1368.64|1177.61,1531.57|950.705,925.468|987.878,1182.46|958.213,1401.11|970.878,1569|1011.07,581.571|1016.13,569.627|1027.91,545.74|1053.98,544.125|997.832,550.366|963.549,550.499
235|1|992.414,918.588|989.672,817.202|991.633,740.208|1002.46,623.937|1014.35,642.779|1078.65,663.424|1166.09,790.084|1246.44,882.062|1265.48,889.661|1192.47,893.526|1187.72,853.969|985.997,643.282|936.424,650.129|1019.96,601.178|1162.43,527.054|1239.1,511.309|1313.68,548.874|1259.3,534.456|1036.96,911.561|1165.03,1142.96|1125.37,1368.59|1179.7,1531.21|950.637,925.296|989.913,1178.74|960.202,1399.31|973.21,1567.83|1011.03,581.655|1015.82,574.501|1027.08,549.293|1053.13,543.581|997.089,554.807|962.799,552.222
236|1|993.163,918.548|990.213,817.201|991.966,740.205|1002.46,623.976|1014.39,642.793|1078.73,663.66|1165.77,790.326|1244.81,884.248|1265.63,890.064|1191.7,892.875|1185.65,853.348|986.078,643.327|936.742,650.102|1021.28,600.75|1164.2,527.403|1240.97,512.994|1313.91,550.884|1259.18,534.768|1037.68,911.457|1165.53,1143.83|1128.23,1371.44|1183.14,1533.32|951.42,925.317|987.581,1188.02|957.504,1403.61|970.071,1569.67|1010.91,581.702|1017.03,569.456|1028.29,545.589|1053.39,543.946|998.389,550.46|963.318,551.103
237|1|994.708,919.14|991.56,817.756|993.13,740.702|1003.39,624.403|1015.32,643.21|1079.4,664.269|1166.23,791.047|1244.44,885.291|1265.86,892.516|1191.5,892.76|1185.65,853.313|987.072,643.782|938.09,650.527|1024.51,601.217|1168.15,528.303|1245.17,515.269|1316.08,554.662|1260.99,536.744|1039.19,911.945|1166.28,1145.97|1130.75,1374.5|1185.59,1535.82|952.994,926.008|987.934,1193.87|957.4,1407.4|970.132,1571.93|1011.76,582.102|1018.15,569.642|1029.05,545.696|1053.83,543.892|999.238,550.88|963.885,552.008
238|1|994.838,919.191|991.721,817.846|993.324,740.825|1003.71,624.579|1015.6,643.389|1079.6,664.415|1168.03,789.998|1247.23,883.041|1268.12,889.931|1193.68,891.331|1187.14,852.178|987.394,643.935|938.56,650.562|1025.58,601.435|1169.45,528.896|1246.54,516.279|1317.2,556.143|1262.19,538.161|1039.29,912.007|1166.4,1145.94|1130.86,1374.32|1185.73,1535.5|953.149,926.048|989.09,1193.32|958.387,1407.65|971.533,1572.25|1012.14,582.304|1018.25,571.121|1029.13,546.847|1054.09,544.025|999.32,552.194|964.144,552.518
239|1|997.632,917.278|993.159,817.194|993.003,740.622|1003.91,624.716|1015.95,643.389|1079.78,664.623|1166.65,791.837|1243.73,887.755|1266.87,894.442|1193.59,890.097|1189.58,853.486|987.294,644.163|937.451,650.629|1027.69,602.232|1172.84,531.567|1250.53,524.562|1321.21,563.396|1264.46,541.086|1042.31,909.227|1168.4,1141.71|1136.29,1365.76|1189.51,1527.21|955.83,924.933|993.898,1185.61|967.283,1392.02|977.832,1556.12|1012.47,582.548|1018.67,570.345|1030.35,546.571|1055.65,545.312|1000.27,551.01|965.178,551.143
240|1|997.638,917.28|993.167,817.197|993.014,740.628|1003.94,624.725|1015.97,643.398|1079.79,664.633|1166.65,791.856|1243.74,887.808|1266.9,894.522|1193.63,890.175|1189.61,853.563|987.316,644.17|937.482,650.631|1027.76,602.257|1172.94,531.619|1250.63,524.638|1321.32,563.487|1264.55,541.23|1042.32,909.228|1168.42,1141.7|1136.3,1365.73|1189.54,1527.16|955.837,924.934|993.946,1185.58|967.324,1392.01|977.891,1556.11|1012.49,582.558|1018.69,570.44|1030.36,546.641|1055.67,545.305|1000.28,551.099|965.188,551.185
241|1|997.684,917.182|993.248,817.138|993.131,740.599|1004.2,624.747|1016.19,643.428|1079.87,664.675|1166.48,791.98|1243.62,888.328|1267.07,895.394|1194.12,891.026|1190.19,854.351|987.579,644.165|937.912,650.478|1028.87,602.244|1174.26,531.975|1251.96,525.256|1322.76,564.1|1265.27,542.832|1042.34,909.144|1168.64,1141.34|1136.58,1365.32|1189.96,1526.62|955.906,924.824|995.981,1183.08|969.543,1393.76|981.002,1558.71|1012.82,582.604|1019.45,571.592|1030.97,547.521|1055.94,545.33|1000.92,552.093|965.494,551.459
242|1|997.67,916.997|993.267,817.019|993.186,740.531|1004.44,624.751|1016.36,643.438|1079.83,664.548|1166.53,791.628|1243.91,888.325|1267.5,895.95|1195.47,892.154|1191.74,855.336|987.82,644.139|938.41,650.208|1030.37,601.963|1176.23,532.555|1253.9,526.107|1324.65,564.758|1264.96,546.186|1042.28,908.962|1169.57,1140.07|1137.91,1364.18|1191.8,1525.37|955.929,924.636|1000.62,1178.14|974.081,1390.82|986.586,1556.52|1013.14,582.643|1019.05,574.001|1030.15,549.126|1055.42,544.566|1000.17,554.488|965.074,552.863
243|1|997.67,916.997|993.268,817.019|993.187,740.531|1004.44,624.753|1016.36,643.439|1079.83,664.552|1166.52,791.639|1243.9,888.344|1267.49,895.972|1195.46,892.171|1191.73,855.353|987.823,644.14|938.414,650.208|1030.38,601.965|1176.24,532.561|1253.91,526.116|1324.67,564.769|1264.97,546.199|1042.28,908.963|1169.57,1140.07|1137.92,1364.18|1191.8,1525.37|955.93,924.636|1000.62,1178.14|974.079,1390.81|986.582,1556.5|1013.14,582.645|1019.06,574.006|1030.16,549.131|1055.43,544.57|1000.18,554.492|965.08,552.863
244|1|997.67,916.997|993.268,817.019|993.187,740.531|1004.44,624.753|1016.36,643.439|1079.83,664.552|1166.52,791.639|1243.9,888.344|1267.49,895.972|1195.46,892.171|1191.73,855.353|987.823,644.14|938.414,650.208|1030.38,601.965|1176.24,532.561|1253.91,526.116|1324.67,564.769|1264.97,546.199|1042.28,908.963|1169.57,1140.07|1137.92,1364.18|1191.8,1525.37|955.93,924.636|1000.62,1178.14|974.079,1390.81|986.582,1556.5|1013.14,582.645|1019.06,574.006|1030.16,549.131|1055.43,544.57|1000.18,554.492|965.08,552.863
245|1|997.67,916.997|993.268,817.019|993.188,740.531|1004.44,624.753|1016.36,643.439|1079.83,664.552|1166.52,791.64|1243.89,888.346|1267.49,895.975|1195.46,892.173|1191.73,855.355|987.823,644.14|938.415,650.207|1030.38,601.965|1176.25,532.561|1253.92,526.117|1324.67,564.77|1264.97,546.202|1042.28,908.963|1169.57,1140.07|1137.92,1364.18|1191.8,1525.37|955.93,924.636|1000.62,1178.14|974.079,1390.81|986.582,1556.5|1013.14,582.645|1019.06,574.007|1030.16,549.132|1055.43,544.571|1000.18,554.492|965.081,552.862
246|1|997.67,916.997|993.268,817.019|993.188,740.531|1004.44,624.753|1016.36,643.439|1079.83,664.552|1166.52,791.64|1243.89,888.346|1267.49,895.975|1195.46,892.173|1191.73,855.355|987.823,644.14|938.415,650.207|1030.38,601.965|1176.25,532.561|1253.92,526.117|1324.67,564.77|1264.97,546.202|1042.28,908.963|1169.57,1140.07|1137.92,1364.18|1191.8,1525.37|955.93,924.636|1000.62,1178.14|974.079,1390.81|986.582,1556.5|1013.14,582.645|1019.06,574.007|1030.16,549.132|1055.43,544.571|1000.18,554.492|965.081,552.862
247|1|997.67,916.997|993.268,817.019|993.188,740.531|1004.44,624.753|1016.36,643.439|1079.83,664.552|1166.52,791.64|1243.89,888.346|1267.49,895.975|1195.46,892.173|1191.73,855.355|987.823,644.14|938.415,650.207|1030.38,601.965|1176.25,532.561|1253.92,526.117|1324.67,564.77|1264.97,546.202|1042.28,908.963|1169.57,1140.07|1137.92,1364.18|1191.8,1525.37|955.93,924.636|1000.62,1178.14|974.079,1390.81|986.582,1556.5|1013.14,582.645|1019.06,574.007|1030.16,549.132|1055.43,544.571|1000.18,554.492|965.081,552.862
248|1|997.67,916.997|993.268,817.019|993.188,740.531|1004.44,624.753|1016.36,643.439|1079.83,664.552|1166.52,791.64|1243.89,888.346|1267.49,895.975|1195.46,892.173|1191.73,855.355|987.823,644.14|938.415,650.207|1030.38,601.965|1176.25,532.561|1253.92,526.117|1324.67,564.77|1264.97,546.202|1042.28,908.963|1169.57,1140.07|1137.92,1364.18|1191.8,1525.37|955.93,924.636|1000.62,1178.14|974.079,1390.81|986.582,1556.5|1013.14,582.645|1019.06,574.007|1030.16,549.132|1055.43,544.571|1000.18,554.492|965.081,552.862
249|1|997.692,916.986|993.301,817.017|993.231,740.536|1004.54,624.77|1016.44,643.461|1079.87,664.607|1166.45,791.746|1243.8,888.499|1267.43,896.151|1195.44,892.296|1191.74,855.482|987.915,644.147|938.562,650.156|1030.76,601.948|1176.67,532.633|1254.35,526.289|1325.12,564.993|1265.46,546.457|1042.29,908.957|1169.6,1140.02|1137.94,1364.13|1191.83,1525.3|955.958,924.62|1000.8,1177.94|974.24,1390.78|986.793,1556.51|1013.26,582.669|1019.41,574.048|1030.52,549.203|1055.64,544.703|1000.55,554.49|965.295,552.774
250|1|997.693,916.986|993.302,817.016|993.232,740.536|1004.54,624.77|1016.44,643.462|1079.87,664.608|1166.45,791.749|1243.79,888.503|1267.43,896.155|1195.44,892.298|1191.74,855.484|987.917,644.147|938.565,650.154|1030.76,601.947|1176.68,532.635|1254.36,526.293|1325.13,564.999|1265.47,546.463|1042.29,908.956|1169.6,1140.02|1137.94,1364.13|1191.84,1525.3|955.958,924.62|1000.81,1177.93|974.249,1390.79|986.806,1556.52|1013.26,582.67|1019.42,574.049|1030.53,549.204|1055.64,544.705|1000.56,554.49|965.299,552.773
251|1|993.674,910.868|990.107,811.129|992.218,735.574|1006.71,621.278|1017.68,640.108|1078.82,664.7|1152.37,797.662|1220.65,901.514|1260.63,910.976|1196.51,884.865|1191.3,855.159|989.964,640.016|942.183,645.667|1041.17,609.405|1190.1,548.987|1267.55,551.868|1333.94,599.433|1279.51,561.415|1037,903.235|1172.25,1122.49|1132.29,1343.36|1188.79,1502.13|952.969,918.154|1010.01,1152.22|974.93,1358.48|987.67,1524.6|1016.7,579.811|1023.31,571.548|1034.88,547.212|1059.67,543.276|1005.08,551.705|969.97,549.028
252|1|992.44,912.646|987.87,812.254|990.372,736.731|1006.17,623.459|1016.87,641.987|1077.62,664.351|1148.77,797.849|1210.14,904.042|1257.19,918.289|1197.96,883.283|1189.96,853.96|989.245,642.236|941.346,647.103|1042.05,610.586|1191.17,551.982|1268.52,552.924|1333.83,602.373|1285.5,574.318|1035.17,904.86|1185.54,1100.04|1133.8,1311.82|1189.52,1471.93|952.191,920.092|1013.81,1090.43|984.917,1305.26|998.01,1475.04|1016.68,582.398|1024.17,571.736|1034.21,547.31|1057.8,543.676|1004.75,553.15|968.61,553.662
253|1|992.466,912.614|987.87,812.276|990.35,736.796|1006.02,623.594|1016.74,642.088|1077.49,664.183|1148.89,797.446|1210.17,903.419|1256.96,917.602|1197.96,883.121|1189.94,854.087|989.122,642.384|941.236,647.371|1041.77,610.954|1190.79,552.451|1268.06,553.276|1333.74,602.114|1285.21,576.229|1035.17,904.83|1186.63,1095.94|1136.89,1311|1194.35,1471.58|952.24,920.058|1018,1074.99|991.215,1301.64|1006.43,1473.37|1016.48,582.554|1024.7,572.463|1034.32,547.812|1057.23,543.495|1004.97,553.963|968.246,554.37
254|1|992.443,912.557|987.853,812.246|990.337,736.786|1006.04,623.62|1016.74,642.113|1077.47,664.18|1148.92,797.347|1210.21,903.187|1256.96,917.303|1197.97,882.884|1189.93,853.913|989.139,642.398|941.326,647.328|1042.09,610.973|1191.09,552.562|1268.31,553.476|1333.9,602.324|1285.4,576.652|1035.13,904.784|1186.78,1094.93|1137.61,1310.87|1195.53,1471.52|952.229,919.992|1017.28,1073.77|991.086,1301.21|1006.09,1473.08|1016.5,582.595|1024.68,572.859|1034.31,548.14|1057.25,543.57|1004.97,554.306|968.279,554.462
255|1|992.443,912.557|987.853,812.246|990.337,736.786|1006.04,623.62|1016.74,642.113|1077.47,664.18|1148.92,797.346|1210.21,903.187|1256.96,917.304|1197.97,882.885|1189.93,853.914|989.14,642.398|941.327,647.329|1042.09,610.974|1191.1,552.564|1268.32,553.479|1333.9,602.327|1285.4,576.657|1035.13,904.784|1186.78,1094.92|1137.61,1310.87|1195.54,1471.52|952.229,919.992|1017.28,1073.76|991.088,1301.2|1006.09,1473.08|1016.5,582.595|1024.68,572.861|1034.31,548.141|1057.25,543.57|1004.97,554.307|968.28,554.463
256|1|992.443,912.557|987.855,812.246|990.339,736.786|1006.04,623.621|1016.74,642.114|1077.47,664.181|1148.92,797.346|1210.22,903.186|1256.96,917.302|1197.98,882.884|1189.93,853.913|989.143,642.399|941.332,647.328|1042.1,610.977|1191.11,552.573|1268.33,553.492|1333.91,602.344|1285.41,576.677|1035.13,904.783|1186.78,1094.91|1137.62,1310.87|1195.55,1471.52|952.23,919.991|1017.26,1073.74|991.083,1301.2|1006.08,1473.08|1016.5,582.596|1024.7,572.87|1034.32,548.149|1057.25,543.574|1004.98,554.314|968.286,554.462
257|1|996.455,911.003|990.143,810.173|991.583,734.36|1006.83,620.762|1017.65,639.292|1078.25,662.31|1149.03,796.313|1210.28,902.605|1257.19,917.796|1197.99,883.146|1189.75,853.89|989.967,639.656|942.073,646.044|1042.99,614.619|1194.04,558.027|1271.87,556.962|1336.11,606.183|1289.18,583.948|1039.28,902.719|1194.84,1083.83|1143.96,1300.37|1204.72,1461.7|956.111,918.92|1019.8,1074.33|996.671,1299.08|1011.3,1471.33|1017.16,579.533|1025.26,575.125|1035.11,549.187|1058.35,540.818|1005.55,555.554|968.793,551.836
258|1|996.06,911.205|989.776,810.295|991.265,734.46|1006.47,620.954|1017.28,639.439|1077.51,659.891|1165.11,782.995|1239.36,876.367|1259.69,925.529|1195.46,886.988|1187.83,853.021|989.622,639.87|941.794,646.466|1042.99,617.272|1194.55,562.006|1272.34,558.744|1337.44,606.498|1290.74,587.866|1038.95,903.038|1197.13,1075.4|1148.13,1295.05|1210.37,1456.75|955.665,919.01|1019.19,1079.08|996.831,1303.8|1012.48,1476.16|1016.78,579.757|1024.53,574.745|1034.59,549|1058.13,541.221|1004.99,555.177|968.536,551.723
259|1|996.123,909.047|989.953,809.468|991.282,734.657|1004.76,622.724|1015.72,641.122|1076.47,661.322|1159.45,784.221|1221.04,867.484|1253.41,917.066|1192.37,885.146|1185.61,854.932|988.39,641.111|940.22,645.742|1033.74,630.438|1182.49,592.847|1246.77,574.71|1308.61,590.621|1269.15,594.841|1038.72,901.731|1193.2,1073.08|1147.99,1298.93|1208.91,1460.01|956.099,916.032|1023.7,1087.43|997.122,1305.87|1014.46,1473.47|1014.2,582.107|1024.6,573.631|1033.87,549.453|1054.68,544.631|1005.29,555.081|967.765,554.006
260|1|996.121,908.733|989.925,809.189|991.228,734.396|1004.58,622.487|1015.56,640.864|1076.38,660.654|1164.31,780|1227.51,859.058|1257.8,911.394|1194.96,882.172|1186.57,854.248|988.235,640.89|940.065,645.611|1033.89,631.458|1181.37,593.787|1244.89,574.866|1306.21,590.469|1266.76,595.198|1038.7,901.417|1192.55,1071.97|1148.64,1299.38|1209.91,1460.75|956.107,915.718|1021.45,1085.19|996.388,1304.74|1013.38,1472.58|1013.98,581.873|1026.16,572.425|1035.41,548.663|1055.02,545.007|1006.88,553.77|968.214,552.899
261|1|996.753,908.607|990.581,808.62|992.004,733.516|1005.55,621.081|1016.53,639.529|1077.32,659.236|1168.97,776.663|1234.67,852.01|1262.95,907.388|1198.77,879.607|1189.05,854.274|989.132,639.599|940.869,644.564|1036.04,632.03|1184.12,590.62|1249.22,573.538|1311.71,593.242|1271.79,597.788|1039.48,901.218|1194.18,1071.72|1150.4,1300.48|1212.51,1462.78|956.588,915.663|1022.7,1077.57|998.981,1302.88|1016.55,1472.58|1015.07,580.262|1028.08,572.251|1037.09,547.919|1056.21,542.977|1008.44,553.338|968.951,551.619
262|1|996.556,908.408|990.405,808.612|991.785,733.635|1005.16,621.447|1016.14,639.863|1076.71,659.182|1170.37,774.296|1236.72,845.71|1265.15,901.276|1200.39,876.182|1189.5,851.758|988.801,639.909|940.638,644.871|1035.63,632.951|1182.33,591.847|1246.62,574.127|1308.6,593.03|1268.68,598.208|1039.22,901.105|1193.27,1069.75|1150.37,1299.11|1212.78,1461.1|956.458,915.382|1022.08,1075.77|998.695,1300.06|1016.08,1469.04|1014.6,580.721|1027.19,573.699|1036.16,549.189|1055.47,543.436|1007.6,554.766|968.459,552.5
263|1|995.159,907.91|989.852,808.025|993.122,733.976|1004.28,622.499|1015.73,640.791|1076.87,659.646|1169.32,773.82|1229.72,840.337|1259.85,891.146|1198.66,876.232|1192.3,851.518|988.232,640.801|939.302,645.142|1028.55,642.536|1175.52,617.845|1231.81,586.369|1290.35,589.752|1257.14,604.833|1038.64,902.628|1188.71,1051.35|1141.3,1280.73|1200.41,1444.24|954.485,912.964|1013.03,1024.01|993.79,1251.19|1008.38,1415.2|1012.7,581.985|1027.52,573.76|1036.65,550.339|1054.18,546.584|1008.55,554.743|968.536,552.358
264|1|995.159,907.91|989.852,808.025|993.122,733.977|1004.28,622.5|1015.73,640.792|1076.87,659.645|1169.33,773.809|1229.73,840.312|1259.86,891.116|1198.67,876.206|1192.31,851.492|988.231,640.802|939.302,645.144|1028.55,642.539|1175.51,617.846|1231.81,586.37|1290.34,589.754|1257.13,604.834|1038.64,902.627|1188.7,1051.34|1141.3,1280.73|1200.41,1444.25|954.485,912.964|1013.03,1024.02|993.788,1251.19|1008.38,1415.2|1012.69,581.986|1027.52,573.766|1036.65,550.343|1054.17,546.584|1008.55,554.749|968.533,552.362
265|1|994.08,906.671|989.078,807.157|992.651,733.43|1004.63,622.383|1015.89,640.698|1076.39,659.018|1175.57,766.684|1237.22,824.718|1259.92,884.598|1198.24,875.288|1190.12,850.772|988.504,640.52|939.541,644.817|1028.7,644.381|1174.37,621.561|1230.31,589.68|1287.71,590.925|1253.86,607.072|1037.4,901.517|1183.76,1041.45|1137.9,1274.32|1197.39,1437.57|953.556,911.604|1010.83,1027.64|990.487,1253.07|1003.68,1416.41|1013.35,582.055|1028.6,576.875|1037.37,552.704|1054.42,546.394|1009.41,557.639|969.051,553.516
266|1|994.63,906.19|989.371,807.08|992.688,733.626|1005.23,622.985|1016.26,641.233|1076.12,659.221|1172.94,767.844|1232.98,821.491|1247.92,879.516|1193.65,875.038|1195.95,848.871|989.145,641.064|939.91,644.633|1027.03,646.221|1170.01,628.389|1223.42,596.067|1273.85,586.777|1244.36,610.704|1037.79,900.828|1181.12,1036.71|1134.78,1270.43|1193.53,1433.42|954.259,911.315|1014.74,1030.07|990.838,1250.55|1003.34,1412.13|1014.2,582.829|1031.1,576.74|1037.86,552.122|1052.87,544.764|1010.51,558.777|968.65,557.162
267|1|994.63,906.19|989.371,807.08|992.688,733.626|1005.23,622.985|1016.26,641.233|1076.12,659.221|1172.94,767.844|1232.98,821.491|1247.92,879.516|1193.65,875.038|1195.95,848.871|989.145,641.064|939.91,644.633|1027.03,646.221|1170.01,628.389|1223.42,596.067|1273.85,586.777|1244.36,610.704|1037.79,900.828|1181.12,1036.71|1134.78,1270.43|1193.53,1433.42|954.259,911.315|1014.74,1030.07|990.838,1250.55|1003.34,1412.13|1014.2,582.829|1031.1,576.74|1037.86,552.122|1052.87,544.764|1010.51,558.777|968.65,557.162
268|1|994.63,906.19|989.371,807.08|992.688,733.626|1005.23,622.985|1016.26,641.233|1076.12,659.221|1172.94,767.844|1232.98,821.491|1247.92,879.516|1193.65,875.038|1195.95,848.871|989.145,641.064|939.91,644.633|1027.03,646.221|1170.01,628.389|1223.42,596.067|1273.85,586.777|1244.36,610.704|1037.79,900.828|1181.12,1036.71|1134.78,1270.43|1193.53,1433.42|954.259,911.315|1014.74,1030.07|990.838,1250.55|1003.34,1412.13|1014.2,582.829|1031.1,576.74|1037.86,552.122|1052.87,544.764|1010.51,558.777|968.65,557.162
269|1|994.669,906.527|989.383,807.414|992.705,733.98|1005.19,623.34|1016.24,641.548|1076.29,659.449|1173.71,767.802|1233.51,821.231|1248.57,879.412|1193.84,875.177|1195.88,849.081|989.088,641.468|939.707,645.367|1026.23,647.679|1169.42,629.415|1222.79,597.025|1273.3,587.647|1243.84,611.611|1037.82,901.122|1181.14,1037.24|1134.84,1270.78|1193.58,1433.77|954.301,911.694|1015.54,1032.59|990.963,1250.98|1003.58,1412.35|1014.13,583.18|1030.43,577.49|1037.37,552.774|1052.9,545.148|1009.93,559.425|968.468,557.492
270|1|994.677,906.573|989.384,807.457|992.706,734.023|1005.17,623.379|1016.23,641.58|1076.34,659.477|1173.84,767.835|1233.5,821.258|1248.55,879.47|1193.71,875.23|1195.72,849.121|989.07,641.517|939.661,645.471|1026.08,647.905|1169.33,629.565|1222.7,597.182|1273.2,587.848|1243.75,611.787|1037.83,901.159|1181.17,1037.32|1134.86,1270.83|1193.61,1433.83|954.308,911.748|1015.6,1032.92|990.97,1251.06|1003.6,1412.42|1014.11,583.217|1030.31,577.568|1037.27,552.835|1052.88,545.168|1009.82,559.498|968.413,557.544
271|1|1000.7,913.155|993.895,814.404|995.466,740.901|1005.17,630.125|1016.71,647.917|1078.29,664.627|1183.09,767.127|1243.77,818.926|1260.4,877.636|1195.5,874.343|1190.97,850.41|989.506,648.731|941.196,655.498|1024.38,660.18|1165.36,631.889|1218.03,598.003|1271.23,589.038|1241.58,613.71|1043.49,906.498|1189.18,1061.04|1149.24,1296.66|1209.9,1459.75|960.659,919.496|1025.18,1098.98|999.765,1311.99|1017.56,1476.11|1013.08,589.867|1021.56,579.047|1032.31,556.473|1054.6,554.954|1003.89,560.386|968.658,559.539
272|1|1007.98,916.9|998.327,817.338|997.153,742.721|1004.34,629.396|1016.81,646.928|1081.71,661.725|1192.01,764.431|1265.21,826.688|1264.05,890.136|1190.89,874.658|1189.49,850.41|988.546,649.242|939.985,660.366|1030.38,655.409|1185.44,613.73|1261.8,613.009|1318.83,661.196|1267.25,613.27|1051.04,907.446|1199.38,1085.56|1169.83,1322.04|1236.3,1485.31|967.585,925.882|1028.84,1136.85|1011.55,1351.44|1033.7,1518.63|1011.43,588.048|1018.72,574.259|1031.34,552.091|1055.85,553.773|1001.65,554.683|966.797,554.381
273|1|1007.48,919.121|997.704,818.603|996.506,743.181|1003.46,627.741|1016.05,645.376|1081.14,658.818|1195.26,761.363|1270.89,825.605|1264.85,888.701|1189.83,874.612|1192.57,849.778|987.565,648.238|939.061,660.525|1036.38,656.337|1197.32,617.323|1275.27,631.585|1317.89,694.451|1285.29,640.807|1050.89,908.668|1204.04,1098.26|1177.75,1335.22|1246.78,1498.22|966.693,929.061|1032.52,1159.41|1014.64,1371.07|1039.47,1538.32|1010.68,585.56|1024.01,579.269|1035.07,554.408|1055.58,549.771|1005,558.224|964.795,553.15
274|1|1005.32,919.336|995.433,819.506|993.372,744.289|1000.23,627.514|1013.22,645.176|1079.38,660.012|1195.59,764.719|1278.8,834.042|1263.77,891.884|1187.22,874.688|1196.4,849.427|983.946,648.492|933.195,661.869|1034.7,659.983|1199.12,622.297|1277.83,640.184|1322.14,703.594|1287.45,649.537|1049.46,907.945|1199.97,1111.67|1179.34,1346.93|1248.42,1508.7|963.918,930.144|1027.71,1177.5|1010.07,1378.12|1031.88,1543.21|1007.42,584.798|1023.29,578.461|1034.53,553.347|1053.81,549.163|1003.96,556.676|961.581,550.913
275|1|1008.1,918.347|995.299,819.858|991.156,744.927|991.882,626.722|1005.07,643.85|1068,652.267|1186.79,751.71|1271.67,816.95|1266.23,871.752|1194.61,873.089|1208.38,845.01|977.354,648.705|929.202,663.12|1035.21,663.277|1201.28,626.299|1280.29,645.881|1324.18,708.873|1289.78,656.165|1050.47,903.849|1199.11,1113.91|1185.24,1343.11|1257,1499.81|968.118,932.149|1038.23,1191.84|1022.08,1380.65|1049.94,1540.24|997.167,583.242|1020.04,581.656|1032.22,556.974|1046.88,552.243|1002.02,557.62|955.797,545.565
276|1|1007.9,917.935|995.225,819.586|991.249,744.802|992.432,626.785|1005.53,643.894|1068.22,652.225|1186.96,751.548|1272.58,817.696|1267.49,872.131|1196.31,873.524|1210.13,845.076|977.848,648.734|929.784,663.205|1036.03,664.736|1202.36,628.988|1281.08,649.51|1324.91,713.185|1290.66,662.27|1050.21,903.487|1199.15,1113.03|1184.52,1340.42|1256.2,1496.48|967.963,931.69|1042.47,1179.53|1030.45,1387.94|1061.43,1551.44|997.896,583.385|1022.25,581.249|1033.98,556.642|1047.43,552.216|1003.96,557.352|956.708,545.763
277|1|983.232,910.124|978.956,812.414|981.851,739.829|994.618,626.957|1006.55,644.081|1071.77,657.385|1182.11,766.278|1264.78,848.917|1271.33,887.032|1195.57,868.676|1197.59,845.037|977.409,647.359|925.224,659.37|1031.44,677.349|1196.84,656.036|1274.69,674.57|1323.79,735.837|1280.97,675.185|1027.26,901.362|1183.41,1077.14|1145.43,1287.72|1209.93,1443.02|941.994,918.448|1011.61,1073.45|991.248,1269.08|1007.48,1430.58|1004.03,585.809|1023.86,585.159|1034.21,558.841|1050.41,550.379|1004.03,562.659|958.868,553.086
278|1|983.165,910.057|978.917,812.354|981.855,739.79|994.78,626.954|1006.69,644.078|1071.98,657.595|1181.74,767.225|1263.47,850.117|1269.49,888.061|1193.71,869.022|1195.76,845.405|977.545,647.346|925.383,659.298|1031.77,677.62|1197.38,657.156|1275.07,676.351|1323.74,738.151|1281.74,677.356|1027.19,901.3|1182.15,1077.2|1143.67,1287.61|1207.16,1443.66|941.926,918.378|1009.04,1067.53|990.235,1268.12|1005.75,1430.77|1004.25,585.824|1024.02,582.794|1034.35,556.983|1050.59,550.31|1004.18,560.599|959.086,552.618
279|1|973.714,909.129|971.427,810.404|977.553,738.025|995.922,628.772|1006.85,646.019|1071.26,661.419|1171.32,776.288|1237.45,860.335|1274.08,894.987|1200.87,867.396|1181.42,844.893|977.897,647.827|927.432,658.491|1028.44,684.286|1191.11,671.802|1265.43,695.896|1308.69,758.165|1274.55,704.813|1016.81,902.447|1168.18,1050.88|1113.14,1250.83|1168.34,1405.46|933.226,915.516|951.688,1011.9|945.576,1218.55|951.853,1377.33|1007.23,589.203|1018.57,586.171|1023.1,558.054|1041.75,543.808|994.989,569.616|954.827,570.321
280|1|973.844,908.822|971.645,809.998|977.91,737.584|996.793,628.289|1007.64,645.581|1072.14,661.005|1171.78,776.622|1235.98,860.099|1271.99,894.898|1198.96,866.369|1179.01,844.082|978.674,647.319|928.18,657.929|1029.59,684.637|1192.87,673.154|1267.24,697.779|1311,760.561|1276.6,709.419|1016.98,902.143|1166.53,1049.43|1111.35,1250.6|1165.46,1406.63|933.321,915.208|978.051,1000.87|960.719,1213.94|973.561,1372.32|1008.31,588.715|1026.57,583.526|1033.28,556.962|1048.63,547.958|1004.39,564.538|959.816,562.501
281|1|973.505,908.436|971.208,809.542|977.442,737.094|995.91,627.75|1006.86,644.937|1071.55,659.642|1171.47,775.227|1233.56,857.93|1269.42,894.09|1196.73,864.398|1176.06,843.733|977.814,646.925|927.134,658.214|1028.49,686.005|1192.16,674.144|1266.77,698.355|1312.2,761.546|1276.52,713.682|1016.68,901.659|1165.7,1046.47|1108.75,1247.66|1162.15,1404.11|932.939,914.917|984.02,1020.44|961.368,1220.46|972.806,1377.97|1007.29,588.13|1027.4,582.34|1036.6,557.15|1051.81,551.756|1007.12,561.395|962,556.321
282|1|973.207,908.634|970.816,809.668|977.01,737.182|995.201,627.785|1006.22,644.899|1070.99,659.028|1171.3,774.392|1231.89,856.372|1267.61,893.525|1195.23,862.995|1173.84,843.643|977.126,647.067|926.401,658.752|1028.07,687.253|1192.09,675.555|1266.79,699.69|1314.05,762.7|1276.98,715.769|1016.4,901.758|1165.63,1044.95|1107.32,1245.7|1160.43,1402.17|932.61,915.207|988.158,1027.43|963.15,1225.26|974.857,1383.05|1006.49,588.131|1026.63,582.933|1036.1,557.683|1051.45,552.114|1006.52,561.694|961.398,555.911
283|1|973.207,908.634|970.816,809.668|977.01,737.182|995.201,627.785|1006.22,644.899|1070.99,659.028|1171.3,774.392|1231.89,856.372|1267.61,893.525|1195.23,862.995|1173.84,843.643|977.126,647.067|926.401,658.752|1028.07,687.253|1192.09,675.555|1266.79,699.69|1314.05,762.7|1276.98,715.769|1016.4,901.758|1165.63,1044.95|1107.32,1245.7|1160.43,1402.17|932.61,915.207|988.158,1027.43|963.15,1225.26|974.857,1383.05|1006.49,588.131|1026.63,582.933|1036.1,557.683|1051.45,552.114|1006.52,561.694|961.398,555.911
284|1|974.315,907.298|969.816,807.874|976.604,735.619|992.075,625.42|1003.24,642.224|1067.83,653.692|1169.59,766.586|1224,847.225|1264.88,890.306|1191.61,862.706|1170.2,845.172|974.731,645.295|924.962,657.848|1027.56,689.192|1191.99,677.717|1267.34,700.224|1318.67,761.392|1278.66,720.065|1016.31,899.197|1169.15,1016.28|1106.99,1212.49|1164.29,1363.03|934.638,915.057|994.56,970.416|977.134,1183.05|993.909,1337.27|1002.52,585.344|1021.41,585.77|1033.6,560.644|1050.72,553.65|1003.54,562.273|960.172,549.884
285|1|974.316,907.295|969.818,807.873|976.607,735.618|992.082,625.421|1003.24,642.226|1067.83,653.695|1169.59,766.589|1223.99,847.216|1264.87,890.293|1191.6,862.693|1170.19,845.153|974.737,645.295|924.972,657.846|1027.58,689.196|1192.01,677.724|1267.36,700.229|1318.69,761.399|1278.68,720.08|1016.31,899.195|1169.15,1016.25|1107,1212.47|1164.31,1363.01|934.639,915.055|994.614,970.332|977.183,1183.04|993.992,1337.25|1002.53,585.346|1021.44,585.741|1033.62,560.619|1050.73,553.643|1003.56,562.251|960.18,549.888
286|1|974.316,907.295|969.818,807.873|976.607,735.619|992.083,625.422|1003.24,642.226|1067.83,653.696|1169.59,766.591|1223.99,847.216|1264.87,890.292|1191.6,862.691|1170.18,845.15|974.739,645.295|924.974,657.846|1027.59,689.197|1192.01,677.726|1267.36,700.231|1318.7,761.401|1278.68,720.084|1016.31,899.195|1169.16,1016.25|1107,1212.47|1164.32,1363|934.64,915.055|994.618,970.315|977.189,1183.04|994.003,1337.24|1002.53,585.347|1021.44,585.738|1033.62,560.617|1050.73,553.642|1003.57,562.249|960.18,549.89
287|1|969.837,901.866|968.191,804.036|975.842,733.332|992.582,625.091|1003.55,641.652|1067.6,652.331|1167.65,764.922|1217.45,847.678|1263.47,886.599|1190.17,864.151|1170.22,845.075|975.022,644.597|925.842,656.131|1028.42,689.095|1191.41,682.43|1266.94,700.687|1322.32,758.272|1278.54,722.896|1012.77,895.657|1163.46,991.685|1100.7,1189.56|1156.9,1336.71|929.535,907.804|1011.02,953.042|982.204,1159.67|997.264,1306.64|1003.41,585.785|1012.12,593.978|1028.95,569.431|1054.21,560.171|998.289,568.12|963.603,547.333
288|1|969.969,901.835|968.356,803.994|976.054,733.29|992.972,625.035|1003.9,641.612|1067.91,652.703|1167.56,765.751|1217.09,848.573|1263.19,887.371|1189.94,864.505|1170.02,845.276|975.395,644.529|926.241,656.189|1029,689.435|1192.09,682.767|1267.62,700.902|1322.99,758.546|1278.68,724.103|1012.89,895.621|1163.17,990.016|1100.38,1188.42|1156.43,1335.71|929.672,907.778|1012.46,954.051|981.279,1157.91|996.117,1304.47|1003.88,585.729|1016.22,582.799|1028.63,557.903|1050.22,552.134|998.378,560.581|959.348,551.868
289|1|969.969,901.835|968.356,803.994|976.054,733.29|992.972,625.035|1003.9,641.612|1067.91,652.703|1167.56,765.751|1217.09,848.573|1263.19,887.371|1189.94,864.505|1170.02,845.276|975.395,644.529|926.241,656.189|1029,689.435|1192.09,682.767|1267.62,700.902|1322.99,758.546|1278.68,724.103|1012.89,895.621|1163.17,990.016|1100.38,1188.42|1156.43,1335.71|929.672,907.778|1012.46,954.051|981.279,1157.91|996.117,1304.47|1003.88,585.729|1016.22,582.799|1028.63,557.903|1050.22,552.134|998.378,560.581|959.348,551.868
290|1|970.154,900.957|968.333,803.216|975.974,732.678|993.375,625.375|1004.25,641.794|1068.55,653.715|1166.59,767.875|1214,853.193|1262.87,887.484|1190.33,864.957|1170.17,845.492|975.688,644.734|926.365,657.239|1028.98,689.893|1191.37,684.284|1267.29,699.388|1327.11,752.63|1272.27,732.227|1013.05,894.96|1162.61,981.783|1098.78,1179.14|1154.12,1325.12|929.899,906.693|1011.07,948.521|979.866,1149.69|994.605,1294.42|1004.42,586.44|1024.34,583.075|1034.67,558.158|1050.25,552.329|1005.21,561.208|960.821,553.18
291|1|970.197,901.037|968.387,803.291|976.038,732.753|993.503,625.45|1004.37,641.879|1068.66,653.946|1166.52,768.25|1213.63,853.402|1262.48,887.695|1189.96,865.002|1169.75,845.444|975.808,644.798|926.505,657.261|1029.19,689.89|1191.58,684.407|1267.47,699.657|1327.19,752.906|1272.14,733.071|1013.1,895.047|1162.51,981.513|1098.81,1179.13|1154.16,1325.16|929.942,906.767|1010.92,948.544|979.826,1149.52|994.527,1294.22|1004.58,586.519|1024.55,582.699|1034.73,557.813|1050.22,552.178|1005.3,560.977|960.83,553.406
292|1|978.663,914.156|971.059,813.4|974.566,739.01|990.238,626.704|1001.33,644|1065.68,656.503|1169.34,768.686|1226.94,845.247|1263.6,892.532|1190.49,866.756|1170.99,845.773|972.878,646.71|923.701,659.87|1028.85,691.791|1195.14,677.447|1272.48,696.26|1331.94,753.272|1269.52,741.824|1020.66,904.126|1184.83,1019.19|1122.87,1225.28|1184.16,1379.1|938.889,923.765|1026.46,1051.54|991.889,1245.61|1015.13,1405.96|1000.85,585.883|1021.05,583.909|1035,560.5|1051.76,557.821|1004.81,559.382|961.445,546.09
293|1|979.192,911.289|972.392,811.374|977.276,738.439|992.849,627.29|1004.08,644.21|1069.13,655.786|1172.68,768.496|1226.39,846.282|1264.5,894.538|1191.81,868.308|1170.18,845.677|975.391,647.364|925.346,660.75|1031.73,691.358|1197.56,677.168|1274.69,697.054|1336.11,755.048|1269.29,752.59|1021.27,901.742|1180.65,1014.12|1122.5,1216.05|1185.13,1366.65|939.41,920.423|999.466,994.838|984.983,1203.94|1004.55,1361.53|1003.39,586.873|1020.96,586.486|1032.25,560.483|1050.26,552.436|1001.9,563.703|958.603,553.393
294|1|979.193,911.287|972.393,811.373|977.277,738.437|992.851,627.288|1004.08,644.208|1069.13,655.785|1172.68,768.497|1226.39,846.283|1264.5,894.54|1191.81,868.308|1170.18,845.675|975.392,647.362|925.348,660.747|1031.73,691.355|1197.56,677.165|1274.69,697.051|1336.12,755.044|1269.3,752.591|1021.27,901.741|1180.65,1014.12|1122.5,1216.05|1185.13,1366.65|939.41,920.422|999.446,994.816|984.976,1203.94|1004.54,1361.54|1003.39,586.87|1020.97,586.455|1032.26,560.458|1050.26,552.432|1001.91,563.676|958.607,553.384
295|1|979.699,910.398|972.982,810.515|977.928,737.59|993.696,626.478|1004.88,643.456|1070.1,655.961|1172.81,769.348|1225.47,847.447|1263.65,895.735|1191.24,868.691|1169.2,846.067|976.217,646.474|926.169,659.664|1032.28,689.814|1197.91,675.463|1275.3,695.105|1336.52,752.232|1270.33,752.801|1021.77,900.974|1180.69,1010.09|1123.52,1211.99|1187.63,1361.46|939.93,919.416|1005.84,958.933|994.545,1161.46|1018.56,1311.08|1004.3,586.078|1023.78,576.873|1033.8,552.522|1049.97,550.305|1003.88,555.823|959.142,552.28
296|1|978.515,905.966|972.978,807.793|978.647,736.429|995.822,627.572|1006.8,644.245|1071.7,657.016|1172.95,770.286|1222.87,849.2|1264.04,895.487|1192.6,868.029|1168.51,845.395|978.094,647.168|928.024,659.742|1034.41,688.003|1197.76,675.057|1274.47,692.623|1333.17,749.059|1269.13,749.856|1020.33,897.092|1176.68,999.541|1117.44,1197.37|1179.09,1343.21|939.061,914.446|1004.44,959.72|985.916,1162.89|1003.87,1311.35|1006.85,588.064|1023,586.377|1032.07,559.672|1050.02,549.928|1002.33,565.552|959.482,559.031
297|1|978.655,905.745|973.131,807.796|978.77,736.563|995.946,627.907|1006.86,644.563|1071.46,656.999|1172.64,769.603|1222.41,847.332|1263.61,893.293|1192.01,866.977|1168.58,844.694|978.287,647.445|928.635,659.896|1035.96,687.834|1198.39,673.841|1274.75,689.949|1330.28,747.903|1266.46,745.121|1020.35,896.903|1175.86,997.977|1116.41,1195|1177.36,1340.41|939.311,914.194|1004.47,959.746|985.09,1162.29|1002.45,1310.32|1006.97,588.482|1022.38,580.772|1032.51,555.981|1051.27,551.896|1002.68,560.205|960.845,556.598
298|1|980.657,919.127|975.069,815.837|978.605,739.153|994.756,627.268|1005.75,644.938|1070.39,660.577|1171.33,773.086|1219.96,835.64|1263.3,888.634|1189.83,866.283|1166.68,844.526|977.392,646.655|926.538,660.236|1035.31,690.768|1187.96,657.398|1259.74,667.914|1315.32,694.376|1265.84,722.676|1024.47,912.771|1199.05,1026.15|1129.39,1241.12|1187.41,1402.27|939.384,925.229|1022,1055.11|985.828,1262.75|1007.58,1428.76|1005.38,586.671|1021.03,581.325|1031.29,556.214|1049.84,550.63|1001.54,560.361|959.689,554.93
299|1|989.189,918.178|984.565,818.934|987.158,744.461|1002.28,632.599|1013.43,650.665|1076.38,666.143|1181.1,772.895|1234.67,831.058|1260.72,884.529|1188.16,866.489|1176.92,844.216|985.162,651.423|935.709,660.613|1016.76,673.473|1175.31,643.884|1251.13,651.976|1319.23,696.761|1248.05,708.974|1031.49,910.08|1186.05,1069.18|1136.72,1290.99|1199.71,1450.4|949.348,925.914|1019.45,1115.57|988.371,1321.76|1009.64,1487.01|1012.3,592.079|1022.81,577.698|1035.34,556.06|1057.68,558.992|1005.74,557.784|968.82,557.071
300|1|994.549,923.388|989.232,822.081|990.919,745.892|1003.06,631.053|1015.18,649.657|1080.09,666.392|1188.27,773.211|1250.82,830.821|1259.2,886.559|1186.82,867.107|1182.4,843.986|985.985,650.228|933.773,659.411|1014.32,670.136|1174.49,638.219|1252.42,647.702|1326.73,689.407|1249.45,706.343|1037.82,915.08|1189.36,1106.04|1144.86,1336.2|1207.92,1499.94|953.818,931.325|1020.06,1156.4|988.743,1366.9|1010.88,1534.8|1011.85,589.355|1020.67,579.915|1030.78,555.221|1053.62,551.005|1001.18,560.8|964.018,560.056
301|1|989.166,927.631|988.284,825.241|992.801,748.569|1005.74,630.985|1018.45,650.256|1085.11,669.393|1195.95,779.561|1266.99,844.171|1256,891.599|1185.75,867.279|1187.28,844.073|987.831,650.384|931.205,657.267|1013.33,662.641|1177.96,631.779|1258.38,635.694|1324.76,684.537|1246.62,699.981|1034.76,921.359|1177.56,1136.43|1134.46,1373.35|1194.71,1541.08|946.49,933.626|1003.26,1181.91|968.917,1394.68|982.972,1564.42|1014.72,588.291|1021.8,578.736|1033.3,553.684|1058.44,550.065|1002.66,558.652|966.252,557.068
302|1|989.23,928.647|989.16,825.374|993.748,747.8|1004.83,627.99|1018.07,647.619|1085.04,667.48|1196.97,779.347|1273.32,845.11|1258.49,888.236|1184.87,867.219|1193.79,844.129|987.005,647.695|929.429,655.193|1011.47,659.362|1178.12,626.502|1259.32,633.746|1318.12,682.163|1243.9,690.434|1035.9,922.829|1165.43,1160.07|1126.08,1400.12|1182.57,1569.83|945.641,934.211|986.205,1205.4|953.986,1416.19|963.79,1584.89|1013.12,584.426|1019.01,578.622|1032.64,553.351|1059.62,548.87|1001.28,556.588|966.009,550.328
303|1|989.317,928.532|989.262,825.289|993.838,747.723|1004.95,627.972|1018.17,647.617|1084.9,667.704|1196.72,779.474|1273.76,845.175|1259.41,888.113|1185.54,867.3|1195.05,844.017|987.141,647.632|929.672,654.923|1011.93,658.551|1178.32,625.52|1259.34,632.574|1318.02,680.773|1244.05,689.137|1035.97,922.751|1164.43,1160.72|1123.87,1398.98|1179.21,1568.75|945.748,934.062|984.854,1205.98|952.247,1413.47|961.071,1581.64|1013.25,584.434|1018.36,579.173|1031.11,553.275|1058.27,547.228|999.915,557.733|964.863,552.289
304|1|994.234,925.951|993.743,823.298|996.955,745.417|1007.09,626.625|1020.28,646.238|1086.51,669.664|1195.27,782.66|1275.4,845.943|1261.51,884.911|1186.04,867.325|1200.87,843.855|989.663,645.928|934.255,653.941|1009.42,655.554|1171.51,615.532|1250.98,629.211|1329.46,669.421|1244.09,689.151|1040.71,920.416|1153.58,1171.06|1121.15,1412.16|1172.9,1579.51|950.893,931.24|973.872,1213.62|944.545,1424.5|951.519,1588.79|1014.96,583.432|1018.83,578.775|1028.23,551.731|1054.37,541.716|998.313,559.901|963.728,558.021
305|1|994.132,925.901|993.632,823.265|996.827,745.393|1006.92,626.633|1020.11,646.241|1086.28,669.633|1195.07,782.548|1275.63,846.18|1262.06,885.187|1186.48,867.685|1201.65,844.133|989.505,645.928|934.132,653.906|1009.36,655.392|1171.31,615.22|1250.72,628.795|1328.92,669.043|1243.82,688.448|1040.6,920.374|1152.97,1171.29|1119.57,1410.68|1170.64,1577.9|950.798,931.183|973.005,1213.86|943.508,1422.08|949.969,1585.9|1014.77,583.452|1017.55,578.091|1027.12,551.193|1054.02,541.64|997.202,559.371|963.436,558.037
306|1|994.132,925.901|993.632,823.265|996.827,745.393|1006.92,626.633|1020.11,646.241|1086.28,669.633|1195.07,782.548|1275.63,846.18|1262.06,885.187|1186.48,867.685|1201.65,844.133|989.505,645.928|934.132,653.906|1009.36,655.392|1171.31,615.22|1250.72,628.795|1328.92,669.043|1243.82,688.448|1040.6,920.374|1152.97,1171.29|1119.57,1410.68|1170.64,1577.9|950.798,931.183|973.005,1213.86|943.508,1422.08|949.969,1585.9|1014.77,583.452|1017.55,578.091|1027.12,551.193|1054.02,541.64|997.202,559.371|963.436,558.037
307|1|994.132,925.901|993.632,823.265|996.827,745.393|1006.92,626.633|1020.11,646.241|1086.28,669.633|1195.07,782.548|1275.63,846.18|1262.06,885.187|1186.48,867.685|1201.65,844.133|989.505,645.928|934.132,653.906|1009.36,655.392|1171.31,615.22|1250.72,628.795|1328.92,669.043|1243.82,688.448|1040.6,920.374|1152.97,1171.29|1119.57,1410.68|1170.64,1577.9|950.798,931.183|973.005,1213.86|943.508,1422.08|949.969,1585.9|1014.77,583.452|1017.55,578.091|1027.12,551.193|1054.02,541.64|997.202,559.371|963.436,558.037
308|1|994.086,925.87|993.576,823.25|996.755,745.389|1006.79,626.657|1019.99,646.256|1086.14,669.597|1194.92,782.456|1275.72,846.317|1262.34,885.375|1186.73,867.904|1202.08,844.345|989.38,645.952|933.978,653.954|1008.91,655.339|1170.76,615.229|1250.12,628.889|1328.06,669.686|1243.21,688.654|1040.55,920.352|1152.58,1171.43|1118.66,1409.84|1169.29,1576.98|950.757,931.145|972.509,1213.95|942.957,1420.74|949.162,1584.3|1014.6,583.486|1016.3,577.386|1025.93,550.597|1053.52,541.412|996.043,558.907|963.072,558.273
309|1|995.497,926.926|994.654,823.986|997.567,745.838|1006.96,626.678|1020.26,646.234|1086.3,669.546|1195.44,783.066|1278.08,847.521|1264.17,883.509|1187.09,867.942|1206.39,844.257|989.66,646.165|934.384,655.261|1008.86,654.518|1171.22,613.717|1251.43,626.81|1327.38,671.584|1243.54,688.553|1042.04,921.159|1149.29,1176.97|1117.55,1415.01|1166.9,1581.88|952.084,932.435|969.925,1219.5|941.163,1426.65|947.906,1589.3|1014.6,583.33|1014.16,577.607|1024.87,550.864|1054.41,541.989|994.635,558.559|963.273,556.945
310|1|996.528,928.673|994.67,825.696|996.581,747.266|1005.86,627.783|1019.21,647.28|1086.3,670.139|1196.54,783.979|1280.9,850.776|1264.49,883.238|1186.95,867.907|1208.45,844.298|988.522,647.461|933.488,656.556|1008.76,653.757|1171.54,611.901|1252.17,626.543|1327.45,673.21|1243.95,688.754|1043.06,922.125|1149.43,1179.68|1119.75,1416.99|1168.63,1583.4|953.091,934.916|969.791,1224.34|941.993,1429.34|949.353,1591.23|1013.48,584.312|1011.22,577.173|1023.44,551.017|1054.89,544.219|992.746,557.531|962.87,555.694
311|1|999.312,928.193|996.244,825.482|996.877,746.905|1006.19,627.356|1019.55,646.894|1086.46,670.22|1195.89,785.052|1281.77,852.668|1265.16,882.628|1187.22,867.755|1210.61,844.363|988.838,647.009|933.869,656.506|1008.66,653.784|1170.94,610.815|1252.14,622.749|1325.53,672.63|1244.07,689.213|1045.73,920.883|1149.57,1179.6|1123.23,1415.89|1172.34,1581.01|955.969,935.148|971.136,1225.96|944.859,1427.41|952.526,1587.73|1013.82,583.86|1013.44,576.08|1023.64,549.42|1052.98,541.385|993.433,557.676|961.791,558.143
312|1|1011.82,930.061|1003.31,827.976|998.9,748.969|1006.42,628.917|1020.27,648.19|1088.16,670.341|1198.76,785.954|1284.67,852.823|1266.28,881.848|1187.32,867.944|1213.19,844.406|989.177,649.054|933.347,659.699|1005.33,655.884|1167.63,610.139|1249.66,620.987|1323.18,672.339|1238.24,690.311|1057.55,919.347|1162.31,1178.76|1142.78,1412.76|1193.28,1576.71|969.02,940.218|987.803,1233.47|967.369,1426.96|977.653,1585.73|1013.37,585.171|1013.6,575.131|1023.7,548.738|1052.74,542.196|993.326,557.018|961.03,559.131
313|1|1011.66,931.125|1003.09,828.427|998.522,748.96|1005.42,628.6|1019.44,647.838|1088.24,669.943|1199.85,785.485|1287.02,855.415|1265.9,881.993|1187.04,868.038|1213.53,844.399|988.206,648.882|932.301,660.21|1004.03,656.326|1166.67,610.262|1249.11,619.436|1322.19,671.816|1236.65,689.326|1057.63,920.502|1167.75,1178.59|1150.71,1412.65|1203.86,1575.05|968.643,941.198|993.597,1235.95|973.657,1428.44|987.479,1586.1|1012.13,584.716|1007.7,576.102|1019.69,549.654|1052.58,542.95|988.877,557.06|960.191,557.131
314|1|1005.52,933.042|999.566,829.675|996.882,749.7|1005.83,628.758|1019.82,648.339|1088.99,670.666|1201.3,787.496|1286.21,857.988|1265.6,882.462|1186.27,867.6|1212.49,844.361|987.995,648.898|930.096,660.206|992.853,656.505|1156.24,609.572|1239.51,615.142|1313.75,666.722|1232.8,682.241|1052.54,923.956|1164.29,1184.24|1145.8,1420.1|1200.02,1583.65|961.636,941.657|986.256,1238.12|964.979,1430.51|978.316,1588.77|1013.23,584.709|1009.67,575.051|1020.33,548.116|1052.24,540.783|989.627,556.893|959.784,559.085
315|1|997.432,931.972|994.324,828.78|993.685,748.821|1005.56,627.507|1019.43,647.629|1088.99,670.88|1200.4,790.099|1283.52,862.702|1264.36,882.886|1185.44,866.635|1210.01,844.034|986.91,647.212|926.992,656.005|983.732,656.326|1149.06,613.639|1232.7,614.119|1310.25,661.831|1228.54,680.224|1045.35,924.523|1152.84,1187.79|1132.23,1424.65|1183.89,1590.18|952.849,939.042|971.413,1235.79|947.868,1424.83|956.867,1583.07|1013.88,583.387|1010.97,569.498|1019.72,542.78|1050.29,536.588|989.504,553.359|958.761,560.639
316|1|994.021,929.252|992.279,827.46|992.926,748.535|1005.92,627.565|1019.79,647.719|1088.89,670.563|1198.63,791.525|1279.19,865.573|1264.27,882.982|1185.54,865.653|1208.9,843.827|986.906,647.173|924.393,653.776|974.033,655.743|1138.77,614.622|1222.4,613.415|1301.8,658.05|1222.26,674.045|1041.72,922.095|1146.79,1183.97|1118.48,1411.54|1166.75,1577.24|949.645,936.047|972.763,1226.29|945.125,1405.04|950.503,1564.5|1014.55,583.573|1009.94,573.995|1021.06,546.822|1054.06,539.459|990.006,555.537|960.719,557.48
317|1|984.449,918.215|986.126,818.801|989.634,741.861|1007.54,625.578|1019.82,645.238|1085.04,669.609|1180.7,795.023|1254.79,870.089|1264.11,884.315|1189.09,864.316|1219.15,846.924|988.459,644.243|927.641,649.973|970.708,654.03|1130.31,613.887|1211.64,613.29|1291.09,652.208|1216.66,668.816|1030.56,912.634|1135.69,1161.85|1093.81,1373.95|1139.25,1535.73|941.463,923.544|977.153,1189.76|938.834,1364.24|943.748,1523.7|1018.19,583.411|1006.45,575.907|1013.7,547.68|1048.23,534.253|985.302,561.301|961.705,567.34
318|1|982.796,914.654|984.706,815.674|988.468,739.106|1006.21,623.317|1018.51,642.822|1083.22,667.826|1178.21,794.107|1254.1,876.928|1265.18,883.743|1188.73,863.935|1217.25,845.649|987.155,642.012|926.419,648.297|967.796,653.984|1126.11,613.586|1207.43,612.137|1286.75,650.977|1214.71,666.324|1028.78,909.224|1132.15,1156.61|1085.84,1361.17|1127.63,1524.06|939.934,919.84|967.352,1177.33|933.335,1355.74|933.908,1517.52|1016.79,581.296|1007.53,577.096|1020.88,550.121|1057.36,540.899|990.07,556.999|965.306,553.264
319|1|982.796,914.654|984.706,815.674|988.468,739.106|1006.21,623.317|1018.51,642.822|1083.22,667.826|1178.21,794.107|1254.1,876.928|1265.18,883.743|1188.73,863.935|1217.25,845.649|987.155,642.012|926.419,648.297|967.796,653.984|1126.11,613.586|1207.43,612.137|1286.75,650.977|1214.71,666.324|1028.78,909.224|1132.15,1156.61|1085.84,1361.17|1127.63,1524.06|939.934,919.84|967.352,1177.33|933.335,1355.74|933.908,1517.52|1016.79,581.296|1007.53,577.096|1020.88,550.121|1057.36,540.899|990.07,556.999|965.306,553.264
320|1|979.772,918.743|980.456,816.303|986.185,739.322|1008.66,625.811|1020.15,645.264|1084.82,669.969|1177.6,797.901|1235.23,876.573|1269.64,883.304|1193.19,859.21|1212.15,841.708|988.821,643.897|928.561,648.48|947.181,652.596|1105.2,616.898|1186.7,614.025|1264.77,655.713|1198.53,659.277|1024.58,913.22|1148.02,1132.97|1080.99,1319.06|1120.02,1485.79|937.68,924.052|943.852,1066.38|928.051,1267.44|927.42,1436.55|1021.02,584.76|1008.29,572.535|1020.44,546.391|1058.35,540.559|990.218,555.355|967.735,559.786
321|1|979.561,918.469|980.192,816.002|985.89,739.008|1007.98,625.447|1019.57,644.843|1084.23,669.435|1177.05,797.426|1233.49,874.629|1268.09,881.724|1191.65,856.9|1210.91,840.2|988.165,643.621|927.702,648.562|945.124,653.163|1102.75,617.347|1184.36,614.355|1262.61,655.961|1197.87,659.061|1024.41,912.923|1146.56,1129.06|1081.62,1318.8|1121.05,1487.32|937.438,923.799|933.867,1047.71|922.405,1266.44|918.52,1439.46|1020.19,584.359|1004.79,573.676|1017.12,547.064|1056.73,539.783|987.038,556.412|966.561,560.061
322|1|979.558,918.47|980.187,816.002|985.884,739.007|1007.97,625.446|1019.56,644.841|1084.22,669.432|1177.04,797.422|1233.48,874.621|1268.07,881.714|1191.63,856.89|1210.89,840.189|988.154,643.62|927.686,648.567|945.078,653.171|1102.69,617.35|1184.3,614.353|1262.56,655.96|1197.85,659.059|1024.4,912.923|1146.55,1129.05|1081.63,1318.8|1121.06,1487.33|937.434,923.8|933.85,1047.69|922.396,1266.45|918.508,1439.47|1020.18,584.357|1004.77,573.676|1017.1,547.063|1056.72,539.78|987.019,556.412|966.547,560.059
323|1|978.494,916.137|979.469,814.957|985.467,738.959|1005.94,626.541|1017.76,645.349|1081.98,669.745|1178.94,793.597|1232.51,873.234|1267.8,881.654|1191.92,856.524|1210.74,840.059|986.435,644.999|926.302,652.398|926.399,654.671|1076.55,620.32|1158.14,614.206|1236.03,657.053|1166.96,645.704|1022.96,910.599|1147.39,1126.31|1081.81,1322.29|1123.91,1488.58|936.743,921.455|975.651,1129.28|942.269,1338.6|947.086,1510.9|1017.56,585.825|1000.22,576.114|1014.75,550.088|1056.53,544.145|984.31,557.367|965.863,558.144
324|1|978.756,908.48|980.662,809.214|986.031,734.479|1007.49,624.778|1019.09,643.154|1081.9,665.966|1177.97,786.275|1220.4,858.018|1260.2,880.476|1189.16,856.306|1211.74,840.732|987.879,642.852|932.421,652.522|916.503,658.022|1061.59,621.498|1142.67,616.472|1221.75,654.894|1148,639.927|1024.47,904.921|1133.36,1105.39|1078.45,1291.97|1113.47,1458.86|936.268,911.909|921.682,1066.31|919.788,1273.95|912.474,1440.37|1019.4,585.072|1002.63,575.737|1015.45,549.343|1055.85,541.665|985.694,558.171|966.727,560.407
325|1|978.29,908.232|980.136,808.869|985.468,734.074|1006.53,624.267|1018.25,642.591|1081.04,665.029|1176.77,785.326|1219.48,857.598|1259.5,880.238|1188.99,856.3|1211.92,840.715|986.93,642.443|931.178,652.534|913.731,658.306|1058.12,621.741|1139.38,616.435|1218.57,655.105|1142.91,638.828|1024.07,904.64|1129.02,1103.35|1075.86,1290.29|1109.53,1458.17|935.739,911.692|897.482,1046.11|902.623,1264.5|886.931,1431.42|1018.28,584.502|1001.67,575.744|1015.43,549.516|1056.27,542.429|985.319,557.328|966.36,558.036
326|1|974.985,906.178|978.373,806.933|985.123,732.827|1005.35,623.426|1016.97,641.347|1078.52,660.983|1175.43,777.078|1217.51,849.075|1253.45,876.305|1187.8,857.258|1213.29,840.919|986.088,641.908|930.297,653.382|902.899,658.216|1041.99,624.03|1123.06,615.645|1199.33,658.604|1127.44,635.688|1021.1,903.904|1120.02,1091.94|1065.31,1277.33|1098.21,1445.02|932.235,908.408|904.2,1059.51|904.464,1265.63|891.339,1430.24|1016.95,583.781|1002.3,572.452|1018.11,547.771|1058.63,545.059|987.396,552.936|967.563,552.877
327|1|968.995,909.373|975.29,808.071|983.854,733.435|1003.85,623.202|1015.93,641.401|1078.72,660.492|1174.17,778.236|1210.64,850.505|1250.96,875.273|1187.74,856.709|1213.45,840.998|984.245,641.689|926.799,652.598|889.223,661.493|1026.27,629.398|1107.23,616.334|1186.18,653.626|1114,638.67|1016.87,910.287|1096.79,1067.43|1045.94,1250.89|1071.57,1422.55|924.975,908.663|848.003,978.009|871.657,1196.02|844.865,1353.4|1015.19,583.226|998.573,580.193|1014.11,553.409|1056.02,544.336|983.281,559.249|964.491,553.569
328|1|968,909.635|974.527,807.872|983.338,732.991|1003.71,622.488|1015.81,640.718|1077.46,657.69|1173.11,774.29|1209.73,845.828|1247.65,872.851|1187.28,857.75|1213.33,840.945|983.939,641.058|925.771,652.38|884.188,661.079|1019.86,630.935|1101.44,616.805|1180.98,655.714|1106.97,636.399|1016.1,910.634|1083.62,1052.47|1036.13,1239.9|1060.44,1412.43|923.769,908.848|849.907,972.549|871.196,1191.96|841.417,1348.95|1015.23,582.407|1001.1,578.984|1015.08,551.522|1054.97,541.309|984.222,558.801|962.94,554.797
329|1|968.687,908.726|974.826,806.887|982.772,732.305|995.964,622.899|1010.15,639.972|1082.47,654.043|1185.81,773.304|1197.59,860.226|1259.37,884.7|1194.39,854.007|1214.79,835.416|976.589,642.48|915.807,659.124|870.966,666.044|1007.89,635.258|1088.59,617.273|1165.27,656.871|1096.78,638.01|1017.38,910.153|1079.56,1054.9|1036.58,1239.39|1059.72,1412.35|924.114,907.555|836.73,971.757|862.561,1200.31|836.233,1359.74|1004.37,583.009|996.915,578.528|1013,552.279|1049.92,546.183|980.9,556.134|954.948,549.299
330|1|967.691,905.091|975.153,803.279|983.758,728.835|998.062,620.417|1012.55,637.701|1086.6,653.141|1190.65,776.862|1187.44,859.532|1250.72,890.183|1186.66,854.737|1225,828.635|978.069,639.528|914.426,654.923|859.331,667.599|992.547,642.254|1071.39,618.406|1149.25,660.669|1078.98,639.438|1016.67,907.567|1071.27,1051.3|1029.47,1231.39|1049.55,1403.7|922.978,902.963|815.099,959.226|845.683,1188.36|814.105,1345.18|1006.6,580.909|992.701,581.058|1008.23,552.891|1049.21,541.531|976.283,558.805|954.455,550.481
331|1|962.646,904.341|972.731,803.022|982.242,728.855|996.518,622.227|1011.73,639.788|1087.47,658.161|1188.33,788.274|1174.37,871.91|1235.15,912.041|1172.86,866.234|1227.78,821.573|975.959,640.536|909.418,654.892|848.259,669.675|975.655,644.202|1053.38,622.297|1133.98,658.893|1060.83,644.838|1011.89,908.901|1062.93,1048.58|1018.13,1222.5|1031.37,1393.71|917.951,900.338|818.696,947.82|842.202,1174.68|806.125,1327.94|1004.39,583.435|992.179,581.522|1005.7,552.765|1044.84,540.792|973.989,560.758|950.253,556.016
332|1|958.811,902.374|972.714,801.555|983.855,726.897|1002.77,622.677|1017.6,640.942|1093.41,665.555|1186.31,805.068|1157.3,882.691|1217.38,928.192|1154.48,875.608|1224.79,824.78|981.087,639.56|913.298,653.582|843.324,669.844|967.726,644.839|1046.1,623.646|1126.58,662.116|1052.28,646.905|1008.3,909.896|1048.91,1055.66|1001,1227.65|1003.98,1400.78|914.235,895.733|800.969,959.254|822.683,1178.32|780.677,1329.7|1012.01,584.893|991.135,577.651|1004.14,548.843|1048.25,537.93|973.157,559.351|955.638,561.068
333|1|957.327,900.663|971.379,800.063|982.396,725.645|997.731,622.343|1013.38,640.066|1090.29,664.058|1181.28,805.377|1138.4,882.603|1197.16,930.801|1134,875.336|1220.63,835.465|976.489,639.529|908.258,655.97|835.49,672.016|957.263,644.363|1035.86,625.398|1114.66,665.375|1042.35,647.228|1006.77,908.426|1040.41,1047.89|996.391,1217.95|997.948,1389.53|912.849,893.814|803.687,938.456|824.144,1161.46|781.242,1310.46|1005.42,584.879|985.573,581.618|1001.35,553.015|1046.41,542.553|969.275,560.263|951.33,555.565
334|1|957.452,899.268|971.44,798.665|982.22,724.221|996.102,621.206|1012.12,638.838|1089.38,663.109|1176.35,806.721|1123.3,878.807|1178.48,931.755|1118.84,870.949|1213.62,843.8|975.023,638.413|906.138,655.566|828.209,675.979|944.497,646.941|1022.82,627.75|1100.85,665.746|1033.17,654.43|1006.92,907.151|1031.93,1049.22|993.624,1215.47|994.504,1386.01|913.001,892.318|780.682,936.663|809.56,1161.32|763.07,1308.71|1003.08,583.829|983.276,580.379|1000.45,552.394|1046.1,543.59|968.008,558.085|950.361,551.942
335|1|951.403,903.011|969.622,802.774|982.004,728.004|995.783,626.613|1012.26,644.939|1089.4,673.661|1165.49,825.683|1099.75,892.682|1155.68,945.171|1092.85,883.184|1190.03,859.158|974.465,642.637|903.802,659.023|825.159,682.646|935.436,652.375|1013.84,631.043|1090.17,667.412|1025.87,660.063|1000.57,914.632|1013.43,1052.15|975.714,1216.18|964.804,1387.35|907.721,892.822|767.775,931.059|793.185,1154.09|737.735,1296.54|1001.92,589.908|981.162,577.959|998.406,551.204|1044.67,547.584|965.898,557.487|948.797,558.176
336|1|948.451,907.027|965.598,806.136|977.63,730.741|995.623,627.701|1010.91,646.186|1082.23,667.552|1151.74,811.396|1132.94,881.391|1141.57,917.698|1088.86,892.787|1175.36,864.427|973.918,643.994|905.075,660.598|828.711,685.123|933.366,651.662|1011.75,631.602|1073.9,676.835|1026.87,665.52|997.843,917.583|992.929,1038.62|967.5,1204.63|957.749,1374.91|904.429,897.754|791.253,931.262|813.269,1155.65|753.58,1296.9|1004,590.402|978.318,577.571|999.091,552.868|1049.29,553.258|966.946,555.729|955.331,553.839
337|1|942.342,902.896|961.473,804.798|975.236,732.065|997.046,631.855|1010.87,649.37|1083.24,669.01|1147.53,800.939|1080.71,867.955|1065.51,859.719|1056.47,873.029|1016.98,837.675|975.316,648.138|909.954,665.362|818.961,684.244|920.083,656.014|999.105,634.796|1069.5,657.867|1013.12,668.784|990.524,914.129|980.396,1035.55|950.372,1195.9|944.167,1360.68|899.284,892.988|759.235,936.527|785.907,1154.45|734.115,1295.08|1007.67,595.815|976.513,580.917|997.012,556.506|1049.89,557.036|966.035,560.622|959.075,561.639
338|1|940.59,903.958|958.198,806.573|971.26,734.621|988.626,633.813|1002.97,650.458|1077.43,664.29|1151.73,779.103|1086.59,884.023|1057.84,882.2|1023.3,892.848|1026.4,850.496|967.843,651.155|902.651,667.833|807.783,684.102|916.322,666.526|987.658,638.25|1066.3,663.657|1001.16,668.515|988.532,913.877|975.211,1047.19|952.131,1198.86|949.822,1359.5|897.585,895.191|742.399,960.546|769.428,1185.43|722.543,1331.99|997.743,597.488|972.203,584.236|988.171,558.088|1035.7,553.713|957.582,566.097|945.011,569.952
339|1|941.082,902.866|958.355,805.922|971.194,734.599|987.048,635.117|1001.67,651.106|1076.21,663.296|1151.92,777.15|1094.75,888.732|1044.67,880.453|990.697,887.405|1024.09,852.898|966.476,652.734|901.193,670.779|802.6,684.984|910.179,668.172|981.184,638.271|1055.99,668.823|995.346,669.287|988.918,912.546|987.746,1023.33|958.329,1175.12|957.901,1333.61|898.15,894.308|802.844,934.897|815.153,1156.88|776.29,1302.84|995.67,599.311|951.36,579.64|981.602,563.515|1043.1,579.939|954.169,555.778|965.24,549.665
340|1|942.39,901.833|957.542,805.676|970.002,736.372|987.241,636.529|1001.11,652.037|1073.3,659.982|1157.24,779.39|1097.26,892.059|1043.41,886.132|983.977,892.789|1028.53,856.364|966.816,654.742|902.922,673.233|798.264,687.91|903.254,668.683|976.064,640.826|1051.65,670.424|989.366,671.033|989.998,909.166|1001.88,991.82|968.265,1145.26|977.481,1298.74|899.331,895.329|826.943,920.709|841.54,1135.34|811.657,1278.6|996.949,600.603|955.355,594.277|984.097,574.96|1044.53,581.51|955.193,567.709|962.063,552.071
341|1|937.578,909.712|955.667,812.384|969.114,741.471|988.64,637.912|1002.3,654.589|1073.57,665.159|1152.51,798.029|1071.29,900.126|1020.33,887.978|1015.8,858.722|1009.71,855.675|967.657,656.107|904.237,675.249|790.327,692.029|891.35,668.818|969.928,647.61|1045.02,661.973|981.383,675.244|985.883,919.763|981.863,984.937|956.033,1139.9|960.234,1295.93|894.198,900.819|766.634,917.282|806.014,1132.47|764.411,1273.61|999.215,600.592|977.306,571.774|993.403,549|1039.02,555.322|962.112,556.872|946.303,572.265
342|1|929.796,919.363|954.544,818.907|969.53,746.286|987.618,639.233|1001.82,656.835|1074.07,664.41|1153.42,801.937|1070.01,906.84|1022.64,895.987|1018.55,869.603|1008.64,857.008|966.67,657.555|903.109,677.392|788.69,694.48|888.676,676.388|966.604,651.657|1032.77,657.751|980.935,673.985|978.186,934.531|801.404,908.247|884.458,1094.28|856.797,1239.41|886.994,906.083|753.441,901.442|785.855,1139.94|734.935,1284.41|997.354,600.532|949.239,567.374|983.491,560.426|1044.14,594.69|961.527,545.612|983.963,544.218
343|1|936.265,928.267|956.109,823.806|969.438,748.954|986.433,637.595|1001.22,656.28|1074.25,668.639|1135.36,814.765|1067.98,929.011|1025.54,918.758|1022.08,861.373|1009.59,865.384|965.354,656.143|898.17,671.094|785.344,699.349|881.652,689.731|957.313,654.97|1028.67,665.781|971.146,675.422|986.697,939.738|917.06,937.058|925.938,1127.04|912.205,1288.44|891.227,918.169|755.795,900.817|793.726,1130.52|742.165,1275.18|995.479,597.199|971.452,591.401|989.982,564.447|1038.39,558.121|957.971,569.243|944.257,564.039
344|1|948.984,918.843|961.152,815.26|970.805,741.662|989.776,633.065|1004.29,651.601|1074.45,671.355|1122.94,815.75|1065.51,910.813|1018.63,888.003|1025.59,862.959|997.631,867.692|968.31,650.952|900.306,665.502|787.269,701.854|881.468,697.897|953.44,658.622|1024.8,677.001|967.348,680.438|999.23,925.289|964.35,986.081|956.943,1167.84|956.034,1334.2|903.68,913.172|766.095,918.248|810.66,1143.85|755.303,1285.61|999.48,593.712|973.649,581.603|992.286,555.635|1041.73,552.978|960.474,561.047|948.168,561.131
345|1|955.293,917.705|963.998,816.587|971.656,742.904|988.682,635.144|1003.23,652.885|1074.24,669.52|1124.13,817.667|1049.9,926.658|1013.18,919.479|1026.7,867.179|1001.78,865.605|967.776,653.573|901.484,670.141|787.344,702.395|880.166,699.475|951.39,659.019|1018.87,693.647|967.407,694.845|1004.89,921.675|1014.97,1036.89|984.78,1215.42|994.119,1387.16|910.396,914.249|837.147,1052.46|857.696,1251.09|828.632,1412.28|997.909,596.105|974.334,579.762|992.814,554.891|1040.69,555.334|960.989,560.121|947.094,563.267
346|1|958.554,917.595|966.968,815.866|974.493,741.668|990.405,632.868|1005.25,650.609|1076.5,667.283|1125.54,816.63|1048.3,922.952|1010.65,911.374|1024.36,862.677|1000.32,863.232|969.569,651.66|902.938,669.151|787.801,704.512|880.504,700.912|952.107,659.285|1019.51,695.266|966.844,697.322|1008.47,921.408|1043.43,1071.53|1004.49,1252.02|1018.09,1429.17|913.362,914.282|874.425,1106.91|882.196,1298.38|865.011,1464.39|999.254,593.378|974.225,581.965|992.453,555.62|1041.35,552.142|960.521,561.381|947.349,561.26
347|1|964.88,916.863|970.275,817.349|976.421,744.079|989.596,631.165|1005.26,649.784|1076.78,668.234|1138.09,819.232|1090.98,923.002|1032.55,943.776|1024.72,927.369|1038.94,896.508|968.963,650.306|898.809,664.943|793.277,707.084|877.291,706.995|947.215,659.914|1013.64,699.059|964.072,696.082|1014.3,917.559|1060.45,1126.04|1018.15,1305.16|1039.91,1482.64|919.828,916.365|896.987,1147.1|897.299,1325.08|881.985,1489.12|997.054,590.029|965.627,597.265|990.307,572.248|1045.26,564.866|958.448,569.257|953.115,547.146
348|1|954.715,898.39|965.819,801.55|975.832,736.031|989.131,627.904|1004.59,646.141|1074.16,669.483|1133.53,817.184|1108.13,905.589|1054.64,937.613|1036.92,966.255|1050.68,902.588|968.781,645.883|897.925,659.255|796.239,707.689|869.954,701.808|933.819,688.902|997.05,685.99|941.264,684.572|1002.53,903.5|1010.59,1034.15|970.51,1184.76|987.46,1331.62|911.411,893.89|788.544,841.46|820.698,1029.11|726.101,1093.73|996.15,588.566|975.019,578.997|986.224,551.092|1028.66,540.537|956.785,563.003|940.181,568.397
349|1|949.46,903.161|966.29,803.739|976.745,735.216|985.951,627.863|1002.4,646.161|1076.1,666.966|1127.32,817.733|1070.93,940.766|1020.94,930.354|1057.47,904.898|1028.38,868.399|966.195,645.519|895.987,660.68|797.236,708.068|870.807,712.076|908.211,688.379|974.77,698.74|931.472,697.088|997.767,912.999|990.059,986.353|967.728,1159.12|973.22,1319.25|906.309,894.502|787.431,892.114|820.773,1108.56|769.212,1240.58|990.572,588.751|964.767,590.648|987.774,566.998|1037.65,562.603|956.875,564.846|948.073,547.852
350|1|940.759,901.129|964.823,803.934|976.615,736.321|985.23,629.696|1001.78,647.914|1076.14,667.324|1124.76,817.875|1069.99,945.237|1039.97,955.507|1059.24,911.943|1029.96,876.864|965.613,647.198|895.216,660.455|794.013,707.892|867.608,718.07|896.535,691.602|976.577,692.615|927.981,703.442|987.592,915.671|975.699,903.674|938.941,1081.67|929.632,1219.99|899.435,888.422|796.818,811.613|807.221,1012.43|715.694,1085.71|989.477,590.876|963.237,572.359|977.636,547.495|1024.1,545.154|948.295,557.174|936.691,567.095
351|1|929.237,903.091|964.523,807.034|979.127,739.791|988.705,628.793|1005.23,647.863|1079.5,672.188|1121.94,825.082|1043.64,937.011|1015.07,944.828|975.228,940.039|1014.38,863.745|968.776,646.748|898.318,662.375|792.1,712.887|872.13,718.493|911.842,724.905|980.886,728.641|930.353,705.539|975.693,922.691|968.081,801.542|923.423,1009.52|902.682,1111.02|888.61,886.077|819.69,732.07|734.215,981.096|629.624,967.089|993.413,588.283|976.61,588.629|993.232,561.535|1035.82,551.333|961.963,566.198|943.366,556.744
352|1|929.128,903.042|964.388,806.983|978.941,739.687|988.358,628.662|1004.91,647.726|1079.15,672.268|1120.48,825.469|1040.31,935.78|1011.62,942.642|971.839,933.338|1011.49,862.306|968.456,646.629|898.034,662.541|791.417,714.676|869.791,719.985|908.573,726.632|976.788,730.184|926.779,707.558|975.582,922.614|966.793,798.129|922.311,1008.81|900.751,1108.03|888.504,886.055|818.983,730.651|732.201,981.24|627.731,967.583|992.987,588.138|975.645,584.757|992.633,558.431|1035.61,550.975|961.388,562.881|943.362,555.985
353|1|942,920.391|967.218,817.819|978.655,743.474|988.362,631.533|1004.99,650.743|1080.95,670.806|1111.41,829.473|1016.77,928.157|979.177,936.142|991.741,866.731|1002.06,853.935|968.275,649.652|898.191,665.63|779.611,718.972|866.117,729.905|903.96,736.71|971.559,730.335|920.761,713.699|991.609,934.629|971.263,816.402|951.624,1041.96|941.708,1178.77|898.416,908.019|806.945,828.342|805.955,1097.42|729.447,1215.55|993.156,590.694|974.28,579.593|993.063,555.199|1037.69,554.349|961.517,558.262|945.099,555.668
354|1|944.233,931.666|968.513,825.074|979.551,747.421|987.583,631.973|1005.05,651.665|1083.77,672.096|1113.38,836.218|999.553,917.691|967.48,924.007|996.671,861.112|994.603,841.605|967.267,650.761|895.299,668.079|778.451,726.031|861.211,737.595|905.629,740.048|982.612,737.847|926.841,721.922|995.649,945.514|983.882,860.295|957.145,1094.76|952.038,1255.92|899.094,919.655|817.911,893.981|819.404,1165.59|760.412,1317.94|991.568,589.786|976.917,579.21|993.756,553.132|1035.74,549.938|961.367,558.145|940.193,556.775
355|1|944.335,931.929|968.599,825.359|979.585,747.69|987.407,632.249|1004.91,651.93|1083.62,672.574|1112.48,837.019|996.191,914.845|963.588,919.184|995.095,858.316|993.135,838.293|967.132,651.043|895.181,668.627|777.885,728.266|858.69,739.601|902.172,742.223|978.895,739.417|922.537,723.479|995.734,945.761|987.374,868.262|957.557,1103.84|953.995,1267.67|899.219,919.934|823.668,906.819|824.292,1174.62|769.623,1330.85|991.282,590.066|975.662,582.876|992.909,556.293|1035.68,551.14|960.499,560.953|940.168,556.703
356|1|947.156,938.698|970.562,829.729|980.905,750.44|987.853,633.098|1005.83,652.996|1085.81,674.722|1109.36,843.113|987.102,915.883|952.644,917.368|990.002,859.651|992.548,837.801|967.411,652.315|894.117,669.789|773.897,732.279|856.103,746.627|903.059,748.914|982.138,740.302|916.863,732.817|999.628,952.191|994.913,898.643|961.012,1144.75|956.338,1323.24|901.115,927.012|827.591,942.276|826.239,1215.88|773.524,1386.2|991.36,590.195|975.666,583.857|993.378,556.727|1036.79,551.11|960.35,561.223|939.631,555.969
357|1|958.263,946.978|969.01,833.259|975.86,749.175|985.636,634.053|1003.35,653.899|1084.15,676.24|1106.4,846.825|977.776,910.541|947.883,911.42|988.061,860.375|984.989,831.762|964.459,652.788|890.6,671.407|769.832,734.1|856.01,754.18|915.133,753.829|989.097,742.445|918.432,747.228|1012.92,953.693|1016.65,971.464|991.542,1217.67|1003.72,1417.4|909.531,941.156|832.263,997.338|852.439,1278|820.272,1470.08|990.343,592.013|975.847,580.415|993.104,553.416|1036.03,550.501|959.479,558.746|937.052,558.004
358|1|968.451,955.041|975.037,838.149|979.274,751.684|986.91,634.035|1005.46,654.046|1088.6,675.649|1107.34,850.871|972.43,908.579|941.769,912.285|985.711,860.633|984.437,831.683|965.63,653.485|889.655,671.362|765.003,736.619|853.88,756.803|917.806,753.696|997.215,757.311|921.057,762.818|1024.53,959.618|1041.36,1021.61|1017.47,1272.32|1035.62,1485.7|918.337,951.124|848.657,1041.23|874.451,1329.58|852.128,1532.85|990.743,591.004|977.503,582.645|994.858,554.235|1037.72,548.928|960.298,559.706|936.082,556.369
359|1|968.796,955.694|975.457,838.504|979.761,751.829|987.587,633.772|1006.16,653.888|1089.25,676.076|1106.54,851.813|977.761,924.244|943.577,912.304|985.732,865.741|984.024,835.586|966.224,653.251|890.01,671.186|764.968,738.782|853.466,758.588|918.116,755.795|995.231,747.9|921.564,765.225|1025.01,960.335|1054.78,1044.73|1026.54,1297.94|1047.5,1514.46|918.56,951.72|857.518,1066.42|881.46,1348.52|862.452,1551.78|991.492,590.582|975.007,583.522|993.281,554.936|1038.58,549.043|958.664,560.07|937.006,555.393
360|1|970.281,957.01|976.295,840.464|980.505,754.466|988.688,634.268|1007.33,654.895|1089.49,677.969|1105.54,853.39|995.797,944.807|939.974,914.194|980.713,872.573|982.66,843.423|967.172,653.866|889.564,670.225|766.598,740.285|854.07,758.566|918.248,759.458|994.745,754.448|921.05,766.83|1026.2,961.186|1060.25,1100.1|1029.65,1348.51|1054.02,1564.26|920.159,953.439|867.467,1111.88|886.29,1378.97|862.861,1577.95|992.629,590.27|975.42,584.578|992.895,555.182|1038.42,547.259|958.374,561.423|936.884,556.785
361|1|971.402,953.414|975.764,839.597|979.198,755.196|987.552,634.735|1006.09,655.443|1087.11,679.253|1109.41,853.272|1011.69,949.78|949.179,927.26|977.591,879.738|984.048,851.355|966.09,654.291|888.56,669.848|766.385,743.096|850.661,758.506|915.881,763.697|992.558,760.791|919.873,769.377|1026.34,956.294|1064.48,1150.03|1033.25,1389.16|1059.45,1598.29|921.972,950.991|876.749,1152.54|892.861,1403.96|869.722,1596.17|991.531,590.65|974.717,583.708|992.959,555.159|1038.38,549.152|958.458,560.332|937.128,555.638
362|1|971.387,953.427|975.744,839.613|979.172,755.211|987.514,634.736|1006.05,655.446|1087.08,679.294|1109.4,853.407|1011.66,950.344|949.024,928.007|977.462,880.397|983.846,851.951|966.058,654.292|888.539,669.812|766.338,742.836|850.626,758.126|915.849,763.242|991.04,755.614|919.919,768.711|1026.33,956.306|1065.01,1152.64|1033.34,1388.07|1059.5,1596.33|921.96,951.005|877.341,1154.95|893.846,1402.09|871.36,1593.56|991.485,590.646|974.688,583.635|992.907,555.1|1038.3,549.123|958.42,560.291|937.081,555.669
363|1|972.903,949.595|975.751,837.953|978.217,754.067|986.604,635.426|1004.96,655.746|1085.47,679.935|1109.44,853.133|1015.86,952.835|952.345,933.245|975.752,884.616|984.635,855.807|965.277,654.81|888.231,669.791|767.563,740.472|851.525,755.097|917.481,763.638|993.563,759.147|921.904,765.158|1027.09,951.307|1072.23,1180.3|1041.36,1411.36|1066.69,1613.72|924.04,948.215|883.9,1180.1|898.79,1417.41|880.861,1603.51|990.686,592.041|975.009,583.316|992.752,555.183|1037.1,550.183|958.482,560.591|936.389,557.538
364|1|972.716,949.624|975.566,838.034|978.034,754.194|986.511,635.687|1004.85,655.996|1085.35,680.097|1109.51,852.557|1020.74,961.977|957.896,944.94|976.577,889.153|986.843,863.07|965.171,655.042|888.103,669.807|767.495,739.454|852.412,754.628|918.844,763.247|993.495,752.814|923.22,764.562|1026.88,951.33|1074.57,1186.13|1042.63,1408.77|1067.84,1608.54|923.872,948.249|886.051,1186.09|901.302,1413.62|885.184,1597.44|990.63,592.357|974.325,583.472|992.086,555.322|1036.82,550.309|957.857,560.848|936.228,558.028
365|1|971.964,946.694|975.231,836.753|978.043,753.368|986.608,635.21|1004.97,655.457|1085.42,680.24|1109.26,853.37|1021.27,961.191|956.4,947.46|975.447,893.465|986.971,863.655|965.215,654.545|887.969,669.528|768.699,738.479|854.636,751.58|921.772,761.477|997.105,751.32|925.622,763.786|1025.77,948.433|1076.68,1204.37|1044.07,1421.9|1068.58,1617.1|923.405,945.286|889.187,1202.18|900.955,1423.53|886.449,1603.38|990.783,592.005|974.181,583.362|992.109,555.113|1037.16,549.994|957.773,560.57|936.312,557.466
366|1|971.933,946.197|975.053,836.371|977.751,753.048|985.969,634.919|1004.38,655.11|1084.81,679.786|1109.22,852.95|1020.94,959.996|955.668,947.451|975.294,894.02|986.756,863.187|964.641,654.302|887.455,669.519|767.592,737.639|852.669,751.1|920.127,761.38|993.293,744.645|925.23,759.675|1025.7,947.848|1077.55,1213.86|1045.34,1424.54|1068.23,1616.43|923.406,944.868|889.454,1211.42|901.222,1425.65|888.48,1602.52|990.006,591.721|974.344,583.352|992.178,555.103|1036.61,549.911|957.805,560.455|935.638,557.049
367|1|971.933,946.198|975.054,836.373|977.751,753.05|985.97,634.922|1004.38,655.112|1084.81,679.789|1109.22,852.953|1020.94,959.998|955.667,947.453|975.294,894.021|986.756,863.189|964.642,654.305|887.456,669.522|767.594,737.647|852.673,751.112|920.131,761.397|993.346,744.784|925.233,759.697|1025.7,947.849|1077.55,1213.87|1045.33,1424.51|1068.22,1616.39|923.406,944.87|889.456,1211.43|901.227,1425.62|888.488,1602.48|990.007,591.724|974.345,583.358|992.178,555.108|1036.61,549.913|957.806,560.46|935.638,557.053
368|1|971.933,946.198|975.054,836.373|977.751,753.05|985.97,634.922|1004.38,655.112|1084.81,679.789|1109.22,852.953|1020.94,959.998|955.667,947.453|975.294,894.021|986.756,863.189|964.642,654.305|887.456,669.522|767.594,737.647|852.673,751.112|920.131,761.397|993.346,744.784|925.233,759.697|1025.7,947.849|1077.55,1213.87|1045.33,1424.51|1068.22,1616.39|923.406,944.87|889.456,1211.43|901.227,1425.62|888.488,1602.48|990.007,591.724|974.345,583.358|992.178,555.108|1036.61,549.913|957.806,560.46|935.638,557.053
369|1|970.975,945.533|974.337,837.574|977.262,754.696|986.255,635.808|1004.63,656.178|1085.23,680.181|1109.12,853.874|1022.35,961.531|956.693,949.504|974.928,895.846|987.131,864.562|964.683,655.262|886.752,669.334|766.373,738.738|854.403,752.601|923.946,759.354|1002.66,750.165|928.591,763.887|1024.52,946.962|1075.02,1225.25|1042.7,1429.01|1066.21,1616.88|922.582,944.402|892.251,1223.96|901.927,1429.82|889.464,1603.13|990.663,592.334|975.476,582.936|991.739,553.943|1035.39,547.622|957.448,561.156|934.231,560.295
370|1|968.787,943.723|973.199,837.342|976.923,755.143|985.984,636.884|1004.27,657.173|1084.91,680.132|1109.59,852.355|1012.49,953.285|947.64,957.179|975.088,899.023|987.451,859.332|964.477,656.211|886.784,669.804|767.281,737.806|856.967,752.936|924.393,762.271|1002.03,757.961|929.149,763.357|1021.91,945.612|1070.36,1230.27|1037.32,1424.25|1058.92,1606.32|920.776,942.173|893.447,1227.76|900.598,1429.85|891.009,1599.28|990.397,593.664|974.994,583.173|991.537,554.659|1035.32,549.428|957.347,561.522|934.522,561.178
371|1|968.962,941.541|973.514,835.615|977.357,753.799|985.997,636.481|1004.35,656.558|1085.33,679.824|1108.3,850.224|1004.61,954.729|943.08,952.283|989.087,899.46|987.752,865.568|964.567,655.752|887.004,669.908|766.684,737.578|855.368,755.118|922.806,761.911|998.379,749.755|926.68,764.1|1021.91,943.525|1072.21,1228.64|1037.91,1411.73|1057.69,1589.43|921.109,939.904|900.733,1227.44|906.228,1433.7|900.764,1601.44|990.237,593.61|974.396,581.857|991.989,554.028|1036.46,550.689|957.616,559.822|935.425,559.35
372|1|969.846,941.518|974.524,836.691|978.4,754.936|985.268,637.183|1003.86,656.941|1085.88,678.64|1107.42,850.162|1005.46,957.499|946.381,957.11|989.62,901.934|985.493,874.054|964.176,656.891|886.822,670.915|765.042,736.958|855.124,754.95|921.438,760.949|998.639,756.489|925.479,763.322|1022.64,943.608|1077.08,1228.95|1042.29,1405.6|1060.87,1580.39|922.15,939.786|907.388,1230.01|913.933,1439.26|912.01,1605.23|988.942,594.149|974.151,581.735|991.98,554.344|1035.82,552.01|957.584,559.583|934.797,559.092
373|1|969.274,941.049|974.102,836.085|978.108,754.218|985.854,636.241|1004.36,656.164|1085.83,678.963|1106.85,852.983|1006.84,962.13|951.754,966.532|990.708,911.031|985.155,868.111|964.547,655.872|886.899,669.956|764.744,737.605|855.448,754.682|921.742,761.359|999.582,759.531|926.263,763.21|1022.19,943.176|1075.98,1232.75|1041.84,1408.28|1059.89,1582.69|921.462,939.283|902.95,1233.15|909.626,1430.16|904.763,1594.21|989.881,593.114|974.333,581.772|991.974,553.841|1036.33,550.303|957.508,559.551|935.048,558.665
374|1|969.236,941.192|974.096,836.214|978.131,754.335|986.017,636.343|1004.51,656.285|1086.02,679.15|1106.92,853.314|1001.57,954.319|947.506,959.684|989.064,907.579|983.999,861.486|964.671,655.962|886.949,669.96|764.771,737.481|855.928,754.782|922.503,761.316|995.079,742.904|927.035,763.538|1022.17,943.328|1075.5,1233.88|1040.79,1407.12|1058.43,1580.82|921.404,939.419|901.81,1234.01|908.436,1426.41|903.42,1589.47|990.103,593.211|973.692,581.811|991.642,553.926|1036.67,550.557|957.147,559.495|935.385,558.498
375|1|969.894,939.542|974.853,836.114|979.012,754.977|986.11,637.169|1004.83,656.87|1087.84,678.158|1104.8,851.496|1003.37,959.085|954.443,964.727|990.565,906.846|986.246,878.267|964.78,657.02|886.604,671.19|762.235,734.97|854.67,756.615|923.83,761.506|1002.53,750.774|928.712,763.727|1022.67,941.507|1079.06,1229.81|1043.1,1398.55|1062.1,1570.18|922.178,937.921|911.328,1232.71|916.871,1432.35|917.126,1594.56|989.978,594.108|973.489,581.845|991.666,553.938|1037.01,551.178|956.888,559.46|934.981,558.965
376|1|969.663,940.472|974.544,836.973|978.641,755.745|986.039,637.531|1004.74,657.365|1087.26,678.303|1107.21,853.755|1007.33,965.644|948.557,958.175|995.465,925.134|983.268,868.675|964.631,657.37|886.264,671.185|761.986,736.643|855.148,754.06|923.994,759.971|1002.53,750.382|928.464,763.391|1022.51,942.375|1076.53,1234.86|1042.64,1401.48|1061.11,1572.26|921.877,938.908|906.159,1236.41|912.845,1422.08|909.811,1582.37|990.005,594.32|973.336,581.88|991.834,554.111|1037.44,551.765|956.981,559.329|935.278,558.651
377|1|970.14,930.411|974.976,829.547|979.118,750.493|987.506,635.567|1006,655.071|1087.37,678.228|1107.01,851.819|999.284,953.041|954.502,963.466|1005.87,921.21|983.778,864.543|965.984,654.77|888.025,669.822|764.418,734.996|856.709,752.504|922.886,759.81|1001.38,760.942|926.803,763.267|1022.17,932.183|1070.67,1220.18|1038.15,1383.67|1057.9,1552.14|923.078,928.959|906.323,1219.95|911.434,1400.99|907.594,1559.69|991.785,593.601|972.997,581.389|991.837,553.564|1038.87,550.988|957.087,558.842|937.067,558.051
378|1|971.001,930.089|975.858,829.342|980.036,750.472|987.69,635.973|1006.39,655.312|1088.85,678.05|1105.63,851.41|1005.19,962.01|944.278,966.439|999.147,924.617|992.213,879.019|966.214,655.238|887.925,669.905|763.257,735.022|854.196,755.199|922.051,759.44|997.09,741.88|926.645,763.476|1023.07,931.887|1076.48,1218.47|1041.5,1370.87|1059.7,1536.32|923.912,928.613|912.992,1219.69|917.76,1401.33|916.848,1558.4|991.667,594.171|974.005,582.18|992.322,553.97|1038.59,550.784|957.417,559.714|936.216,559.158
379|1|970.979,930.109|975.768,829.326|979.884,750.404|987.232,635.713|1005.98,655.052|1088.49,677.942|1105.66,853.551|994.765,956.318|934.679,955.077|994.833,920.816|986.887,865.552|965.818,655.032|887.59,669.83|762.581,734.688|852.753,754.228|920.037,758.87|997.094,748.844|924.218,763.072|1023.05,931.886|1077.54,1218.58|1041.76,1367.49|1059.65,1531.87|923.888,928.653|913.858,1219.92|918.898,1398.49|918.783,1555.01|991.075,593.832|973.257,581.168|991.784,553.219|1038.19,550.703|956.894,558.748|935.916,558.497
380|1|971.403,929.806|976.143,829.249|980.256,750.619|987.111,636.516|1006.04,655.659|1089.46,677.802|1102.91,852.358|1000.53,958.931|942.374,962.911|997.328,919.276|991.536,878.933|965.672,655.887|886.968,670.186|760.746,733.763|853.524,756.1|923.232,758.192|1002.42,745.476|927.033,763.682|1023.52,931.507|1082.35,1216.38|1045.21,1360.77|1062.72,1523.96|924.265,928.419|918.976,1219.13|924.262,1399.12|926.091,1555.33|990.779,594.868|972.916,581.423|991.832,553.55|1038.58,551.799|956.654,558.819|935.591,558.809
381|1|971.402,929.806|976.142,829.249|980.255,750.619|987.108,636.515|1006.04,655.658|1089.46,677.801|1102.9,852.36|1000.52,958.93|942.367,962.908|997.324,919.275|991.531,878.93|965.67,655.887|886.965,670.185|760.74,733.762|853.513,756.098|923.217,758.188|1002.39,745.445|927.016,763.675|1023.52,931.507|1082.36,1216.38|1045.21,1360.77|1062.72,1523.95|924.264,928.42|918.979,1219.13|924.267,1399.12|926.099,1555.33|990.776,594.867|972.917,581.421|991.833,553.548|1038.58,551.798|956.654,558.817|935.589,558.807
382|1|971.522,929.749|976.135,829.33|980.161,750.823|986.729,636.784|1005.74,655.848|1089.34,677.664|1103.42,852.545|1000.15,958.86|941.484,962.541|997.094,919.582|991.498,878.104|965.31,656.224|886.463,670.342|759.666,733.027|852.928,756.664|922.183,757.84|1000.28,742.205|926.04,763.014|1023.65,931.342|1084.78,1215.68|1047.13,1357.14|1064.58,1519.4|924.372,928.46|921.698,1219.09|927.329,1396.98|929.919,1552.79|990.305,595.163|973.586,581.376|992.662,553.688|1038.81,552.56|957.318,558.562|935.41,558.401
383|1|971.264,929.896|975.862,829.472|979.884,750.965|986.497,636.859|1005.52,655.923|1089.25,677.634|1103.57,852.76|999.708,959.06|940.661,962.055|996.938,919.892|991.414,877.443|965.042,656.328|886.07,670.349|759.17,732.442|853.234,756.509|922.427,757.913|1001.26,744.385|927.075,762.999|1023.43,931.45|1085.89,1215.95|1047.77,1355.84|1065.23,1517.59|924.074,928.643|922.742,1219.7|928.369,1395.53|931.409,1550.92|990.106,595.213|973.896,581.306|992.451,553.361|1038.13,551.79|957.1,558.768|934.575,559.199
384|1|970.785,929.719|975.501,829.484|979.627,751.1|987.176,636.899|1006.04,656.108|1089.12,677.995|1106.95,855.257|999.966,963.543|946.68,970.454|1001.46,927.351|992.369,872.027|965.558,656.251|886.496,669.934|759.376,734.684|852.753,756.589|922.367,759.013|1002.07,748.033|926.991,763.273|1022.93,931.287|1082.59,1217.21|1045.7,1358.75|1062.81,1521.58|923.606,928.453|915.508,1220.12|921.236,1384.92|920.314,1539.7|991.166,595.222|972.976,581.344|992.086,553.47|1039.2,552.045|956.769,558.692|935.869,558.908
385|1|971.999,916.199|976.675,822.141|981.011,750.899|987.431,639.534|1006.75,658.068|1092.04,677.475|1106.79,854.725|1000.65,960.903|947.654,971.943|998.305,926.836|993.888,878.718|965.735,658.771|885.667,672.231|755.475,733.266|851.135,758.044|926.027,759.467|1009.47,743.24|930.363,764.882|1023.18,917.714|1077.36,1192.46|1043.39,1326.67|1063.86,1488.73|925.718,914.975|919.647,1195.48|927.839,1360.34|926.935,1515.7|990.989,598.995|971.853,579.667|992.766,553.086|1041.48,556.625|956.727,556.961|936.573,559.73
386|1|971.998,916.201|976.674,822.143|981.009,750.902|987.426,639.538|1006.74,658.071|1092.04,677.477|1106.79,854.726|1000.66,960.906|947.654,971.944|998.307,926.839|993.885,878.72|965.731,658.775|885.663,672.237|755.467,733.276|851.108,758.051|925.99,759.477|1009.34,743.007|930.322,764.889|1023.18,917.715|1077.38,1192.47|1043.37,1326.48|1063.83,1488.48|925.718,914.977|919.681,1195.49|927.877,1360.16|926.992,1515.47|990.982,599|971.856,579.712|992.756,553.117|1041.46,556.618|956.718,557.003|936.552,559.753
387|1|971.998,916.201|976.674,822.143|981.009,750.902|987.426,639.538|1006.74,658.071|1092.04,677.477|1106.79,854.726|1000.66,960.906|947.654,971.944|998.307,926.839|993.885,878.72|965.731,658.775|885.663,672.237|755.467,733.276|851.108,758.051|925.99,759.477|1009.34,743.007|930.322,764.889|1023.18,917.715|1077.38,1192.47|1043.37,1326.48|1063.83,1488.48|925.718,914.977|919.681,1195.49|927.877,1360.16|926.992,1515.47|990.982,599|971.856,579.712|992.756,553.117|1041.46,556.618|956.718,557.003|936.552,559.753
388|1|971.998,916.201|976.674,822.143|981.009,750.902|987.426,639.538|1006.74,658.071|1092.04,677.477|1106.79,854.726|1000.66,960.906|947.654,971.944|998.307,926.839|993.885,878.72|965.731,658.775|885.663,672.237|755.467,733.276|851.108,758.051|925.99,759.477|1009.34,743.007|930.322,764.889|1023.18,917.715|1077.38,1192.47|1043.37,1326.48|1063.83,1488.48|925.718,914.977|919.681,1195.49|927.877,1360.16|926.992,1515.47|990.982,599|971.856,579.712|992.756,553.117|1041.46,556.618|956.718,557.003|936.552,559.753
389|1|971.998,916.201|976.674,822.143|981.009,750.902|987.426,639.538|1006.74,658.071|1092.04,677.477|1106.79,854.726|1000.66,960.906|947.654,971.944|998.307,926.839|993.885,878.72|965.731,658.775|885.663,672.237|755.467,733.276|851.108,758.051|925.99,759.477|1009.34,743.007|930.322,764.889|1023.18,917.715|1077.38,1192.47|1043.37,1326.48|1063.83,1488.48|925.718,914.977|919.681,1195.49|927.877,1360.16|926.992,1515.47|990.982,599|971.856,579.712|992.756,553.117|1041.46,556.618|956.718,557.003|936.552,559.753
390|1|971.998,916.201|976.674,822.143|981.009,750.902|987.426,639.538|1006.74,658.071|1092.04,677.478|1106.79,854.727|1000.66,960.906|947.653,971.944|998.307,926.839|993.885,878.72|965.731,658.775|885.663,672.237|755.466,733.277|851.108,758.051|925.99,759.477|1009.34,743.009|930.321,764.889|1023.18,917.715|1077.38,1192.47|1043.37,1326.48|1063.83,1488.48|925.718,914.977|919.681,1195.49|927.878,1360.16|926.992,1515.46|990.982,599|971.856,579.713|992.755,553.117|1041.46,556.618|956.717,557.004|936.551,559.754
391|1|971.998,916.201|976.674,822.143|981.009,750.902|987.426,639.538|1006.74,658.071|1092.04,677.478|1106.79,854.727|1000.66,960.906|947.653,971.944|998.307,926.839|993.885,878.72|965.731,658.775|885.663,672.237|755.466,733.277|851.108,758.051|925.99,759.477|1009.34,743.009|930.321,764.889|1023.18,917.715|1077.38,1192.47|1043.37,1326.48|1063.83,1488.48|925.718,914.977|919.681,1195.49|927.878,1360.16|926.992,1515.46|990.982,599|971.856,579.713|992.755,553.117|1041.46,556.618|956.717,557.004|936.551,559.754
392|1|971.998,916.201|976.674,822.143|981.009,750.902|987.426,639.538|1006.74,658.071|1092.04,677.478|1106.79,854.727|1000.66,960.906|947.653,971.944|998.307,926.839|993.885,878.72|965.731,658.775|885.663,672.237|755.466,733.277|851.108,758.051|925.99,759.477|1009.34,743.009|930.321,764.889|1023.18,917.715|1077.38,1192.47|1043.37,1326.48|1063.83,1488.48|925.718,914.977|919.681,1195.49|927.878,1360.16|926.992,1515.46|990.982,599|971.856,579.713|992.755,553.117|1041.46,556.618|956.717,557.004|936.551,559.754
393|1|971.998,916.201|976.674,822.143|981.009,750.902|987.426,639.538|1006.74,658.071|1092.04,677.478|1106.79,854.727|1000.66,960.906|947.653,971.944|998.307,926.839|993.885,878.72|965.731,658.775|885.663,672.237|755.466,733.277|851.108,758.051|925.99,759.477|1009.34,743.009|930.321,764.889|1023.18,917.715|1077.38,1192.47|1043.37,1326.48|1063.83,1488.48|925.718,914.977|919.681,1195.49|927.878,1360.16|926.992,1515.46|990.982,599|971.856,579.713|992.755,553.117|1041.46,556.618|956.717,557.004|936.551,559.754
394|1|971.998,916.201|976.674,822.143|981.009,750.902|987.426,639.538|1006.74,658.071|1092.04,677.478|1106.79,854.727|1000.66,960.906|947.653,971.944|998.307,926.839|993.885,878.72|965.731,658.775|885.663,672.237|755.466,733.277|851.108,758.051|925.99,759.477|1009.34,743.009|930.321,764.889|1023.18,917.715|1077.38,1192.47|1043.37,1326.48|1063.83,1488.48|925.718,914.977|919.681,1195.49|927.878,1360.16|926.992,1515.46|990.982,599|971.856,579.713|992.755,553.117|1041.46,556.618|956.717,557.004|936.551,559.754
395|1|970.335,911.694|975.843,819.351|980.945,750.112|987.57,639.448|1006.91,657.895|1092.75,677.259|1105.8,856.087|993.725,954.803|945.511,968.574|996.627,927.298|992.102,876.9|965.782,658.572|885.539,672.236|755.674,733.532|853.627,761.517|927.331,762.121|1012.87,755.212|931.974,765.164|1021.23,913.452|1076.84,1186.47|1040.16,1309|1060,1466.35|924.291,910.246|921.623,1189.57|928.688,1344.74|929.85,1496.9|991.207,599.19|972.957,580.883|992.18,553.139|1039.86,554.175|956.163,558.85|934.567,562.592
396|1|970.33,911.712|975.836,819.354|980.937,750.098|987.55,639.389|1006.89,657.843|1092.75,677.271|1105.92,856.427|992.5,954.227|944.176,967.033|995.766,926.798|991.804,875.671|965.761,658.519|885.506,672.18|755.584,733.417|853.483,761.282|927.111,761.728|1011.4,750.311|931.729,764.717|1021.23,913.471|1076.88,1186.68|1039.93,1307.85|1059.64,1464.75|924.278,910.264|921.74,1189.75|928.801,1343.56|930.039,1495.35|991.181,599.112|972.943,580.941|992.151,553.156|1039.83,554.084|956.129,558.882|934.513,562.536
397|1|970.33,911.712|975.836,819.354|980.937,750.098|987.55,639.389|1006.89,657.843|1092.75,677.271|1105.92,856.427|992.5,954.227|944.176,967.033|995.766,926.798|991.804,875.671|965.761,658.519|885.506,672.18|755.584,733.417|853.483,761.282|927.111,761.728|1011.4,750.311|931.729,764.717|1021.23,913.471|1076.88,1186.68|1039.93,1307.85|1059.64,1464.75|924.278,910.264|921.74,1189.75|928.801,1343.56|930.039,1495.35|991.181,599.112|972.943,580.941|992.151,553.156|1039.83,554.084|956.129,558.882|934.513,562.536
398|1|970.336,911.728|975.847,819.37|980.951,750.116|987.579,639.414|1006.92,657.868|1092.78,677.259|1106.02,856.35|992.743,954.298|944.523,967.275|995.968,926.859|991.997,875.831|965.787,658.542|885.527,672.194|755.596,733.399|853.523,761.274|927.126,761.626|1009.92,745.492|931.755,764.629|1021.24,913.488|1076.9,1186.83|1039.71,1306.72|1059.28,1463.16|924.284,910.279|921.876,1189.88|928.91,1342.38|930.22,1493.78|991.217,599.14|972.987,580.98|992.222,553.204|1039.91,554.157|956.193,558.898|934.578,562.51
399|1|970.342,911.77|975.856,819.41|980.964,750.156|987.601,639.449|1006.94,657.905|1092.81,677.27|1106.1,856.294|992.787,954.374|944.763,968.691|996.055,927.155|992.498,877.485|965.805,658.579|885.534,672.227|755.567,733.423|853.478,761.333|927.007,761.713|1009.43,744.65|931.641,764.75|1021.25,913.531|1076.94,1187.09|1039.42,1305.21|1058.78,1461.02|924.285,910.321|922.045,1190.11|929.042,1340.75|930.447,1491.61|991.243,599.174|972.991,581.018|992.271,553.255|1039.99,554.246|956.231,558.907|934.642,562.472
400|1|970.341,911.771|975.856,819.41|980.964,750.156|987.6,639.449|1006.94,657.904|1092.81,677.271|1106.1,856.301|992.762,954.364|944.736,968.661|996.037,927.143|992.492,877.462|965.804,658.579|885.533,672.227|755.565,733.423|853.474,761.331|927.002,761.711|1009.41,744.605|931.636,764.748|1021.25,913.531|1076.94,1187.09|1039.42,1305.19|1058.77,1460.99|924.285,910.321|922.047,1190.11|929.044,1340.73|930.451,1491.57|991.242,599.174|972.989,581.02|992.269,553.257|1039.99,554.246|956.229,558.908|934.641,562.472
401|1|970.341,911.771|975.856,819.41|980.964,750.156|987.6,639.449|1006.94,657.904|1092.81,677.271|1106.1,856.301|992.762,954.364|944.736,968.661|996.037,927.143|992.492,877.462|965.804,658.579|885.533,672.227|755.565,733.423|853.474,761.331|927.002,761.711|1009.41,744.605|931.636,764.748|1021.25,913.531|1076.94,1187.09|1039.42,1305.19|1058.77,1460.99|924.285,910.321|922.047,1190.11|929.044,1340.73|930.451,1491.57|991.242,599.174|972.989,581.02|992.269,553.257|1039.99,554.246|956.229,558.908|934.641,562.472
402|1|970.341,911.771|975.856,819.41|980.964,750.156|987.6,639.449|1006.94,657.904|1092.81,677.271|1106.1,856.301|992.762,954.364|944.736,968.661|996.037,927.143|992.492,877.462|965.804,658.579|885.533,672.227|755.565,733.423|853.474,761.331|927.002,761.711|1009.41,744.605|931.636,764.748|1021.25,913.531|1076.94,1187.09|1039.42,1305.19|1058.77,1460.99|924.285,910.321|922.047,1190.11|929.044,1340.73|930.451,1491.57|991.242,599.174|972.989,581.02|992.269,553.257|1039.99,554.246|956.229,558.908|934.641,562.472
403|1|970.341,911.771|975.856,819.41|980.964,750.156|987.6,639.449|1006.94,657.904|1092.81,677.271|1106.1,856.301|992.762,954.364|944.736,968.661|996.037,927.143|992.492,877.462|965.804,658.579|885.533,672.227|755.565,733.423|853.474,761.331|927.002,761.711|1009.41,744.605|931.636,764.748|1021.25,913.531|1076.94,1187.09|1039.42,1305.19|1058.77,1460.99|924.285,910.321|922.047,1190.11|929.044,1340.73|930.451,1491.57|991.242,599.174|972.989,581.02|992.269,553.257|1039.99,554.246|956.229,558.908|934.641,562.472
404|1|970.341,911.77|975.856,819.41|980.964,750.156|987.6,639.449|1006.94,657.905|1092.81,677.271|1106.1,856.301|992.763,954.364|944.736,968.662|996.037,927.143|992.492,877.462|965.804,658.579|885.533,672.228|755.565,733.424|853.473,761.332|927.001,761.711|1009.4,744.601|931.636,764.748|1021.25,913.531|1076.94,1187.09|1039.41,1305.19|1058.77,1460.98|924.285,910.321|922.047,1190.11|929.044,1340.73|930.451,1491.57|991.242,599.174|972.989,581.02|992.269,553.257|1039.99,554.246|956.229,558.909|934.641,562.473
405|1|970.341,911.77|975.856,819.41|980.964,750.156|987.6,639.449|1006.94,657.905|1092.81,677.271|1106.1,856.301|992.763,954.364|944.736,968.662|996.037,927.143|992.492,877.462|965.804,658.579|885.533,672.228|755.565,733.424|853.473,761.332|927.001,761.711|1009.4,744.601|931.636,764.748|1021.25,913.531|1076.94,1187.09|1039.41,1305.19|1058.77,1460.98|924.285,910.321|922.047,1190.11|929.044,1340.73|930.451,1491.57|991.242,599.174|972.989,581.02|992.269,553.257|1039.99,554.246|956.229,558.909|934.641,562.473
406|1|970.341,911.77|975.856,819.41|980.964,750.156|987.6,639.449|1006.94,657.905|1092.81,677.271|1106.1,856.301|992.763,954.364|944.736,968.662|996.037,927.143|992.492,877.462|965.804,658.579|885.533,672.228|755.565,733.424|853.473,761.332|927.001,761.711|1009.4,744.601|931.636,764.748|1021.25,913.531|1076.94,1187.09|1039.41,1305.19|1058.77,1460.98|924.285,910.321|922.047,1190.11|929.044,1340.73|930.451,1491.57|991.242,599.174|972.989,581.02|992.269,553.257|1039.99,554.246|956.229,558.909|934.641,562.473
407|1|970.341,911.77|975.856,819.41|980.964,750.156|987.6,639.449|1006.94,657.905|1092.81,677.271|1106.1,856.301|992.763,954.364|944.736,968.662|996.037,927.143|992.492,877.462|965.804,658.579|885.533,672.228|755.565,733.424|853.473,761.332|927.001,761.711|1009.4,744.601|931.636,764.748|1021.25,913.531|1076.94,1187.09|1039.41,1305.19|1058.77,1460.98|924.285,910.321|922.047,1190.11|929.044,1340.73|930.451,1491.57|991.242,599.174|972.989,581.02|992.269,553.257|1039.99,554.246|956.229,558.909|934.641,562.473
408|1|970.341,911.77|975.856,819.41|980.964,750.156|987.6,639.449|1006.94,657.905|1092.81,677.271|1106.1,856.301|992.763,954.364|944.736,968.662|996.037,927.143|992.492,877.462|965.804,658.579|885.533,672.228|755.565,733.424|853.473,761.332|927.001,761.711|1009.4,744.601|931.636,764.748|1021.25,913.531|1076.94,1187.09|1039.41,1305.19|1058.77,1460.98|924.285,910.321|922.047,1190.11|929.044,1340.73|930.451,1491.57|991.242,599.174|972.989,581.02|992.269,553.257|1039.99,554.246|956.229,558.909|934.641,562.473
409|1|970.517,911.91|976.025,819.565|981.128,750.318|987.74,639.648|1007.08,658.098|1092.93,677.235|1106.61,855.983|994.151,954.321|946.261,969.452|996.919,926.408|992.773,878.484|965.956,658.769|885.709,672.388|755.505,733.41|853.145,761.297|926.395,761.902|1008.78,745.63|931.274,765.304|1021.41,913.673|1077.18,1187.85|1038.77,1299.62|1057.09,1452.92|924.474,910.458|922.984,1190.77|929.732,1334.88|931.701,1483.46|991.368,599.39|974.214,581.711|993.356,553.903|1040.35,554.701|957.271,559.429|934.849,562.523
410|1|970.532,911.916|976.041,819.574|981.144,750.332|987.758,639.672|1007.1,658.12|1092.95,677.229|1106.68,855.934|994.297,954.321|946.449,969.528|997.045,926.413|992.886,878.544|965.974,658.791|885.731,672.412|755.534,733.494|853.176,761.369|926.429,761.946|1008.81,745.645|931.347,765.348|1021.42,913.678|1077.2,1187.9|1038.7,1299.15|1056.97,1452.25|924.491,910.464|923.074,1190.81|929.803,1334.37|931.815,1482.76|991.387,599.417|974.235,581.742|993.391,553.941|1040.39,554.752|957.305,559.451|934.885,562.527
411|1|970.531,911.916|976.039,819.575|981.143,750.332|987.755,639.673|1007.09,658.121|1092.94,677.229|1106.67,855.931|994.299,954.32|946.453,969.531|997.047,926.413|992.888,878.546|965.972,658.792|885.729,672.414|755.529,733.502|853.163,761.375|926.412,761.951|1008.79,745.648|931.329,765.353|1021.42,913.679|1077.2,1187.9|1038.7,1299.13|1056.96,1452.22|924.49,910.465|923.077,1190.81|929.805,1334.34|931.82,1482.73|991.384,599.419|974.231,581.745|993.386,553.944|1040.38,554.753|957.3,559.454|934.882,562.53
412|1|970.531,911.916|976.039,819.575|981.143,750.332|987.755,639.673|1007.09,658.121|1092.94,677.229|1106.67,855.931|994.299,954.32|946.453,969.531|997.047,926.413|992.888,878.546|965.972,658.792|885.729,672.414|755.529,733.502|853.163,761.375|926.412,761.951|1008.79,745.648|931.329,765.353|1021.42,913.679|1077.2,1187.9|1038.7,1299.13|1056.96,1452.22|924.49,910.465|923.077,1190.81|929.805,1334.34|931.82,1482.73|991.384,599.419|974.231,581.745|993.386,553.944|1040.38,554.753|957.3,559.454|934.882,562.53
413|1|970.531,911.916|976.039,819.575|981.143,750.332|987.755,639.673|1007.09,658.121|1092.94,677.229|1106.67,855.931|994.299,954.32|946.453,969.531|997.047,926.413|992.888,878.546|965.972,658.792|885.729,672.414|755.529,733.502|853.163,761.375|926.412,761.951|1008.79,745.648|931.329,765.353|1021.42,913.679|1077.2,1187.9|1038.7,1299.13|1056.96,1452.22|924.49,910.465|923.077,1190.81|929.805,1334.34|931.82,1482.73|991.384,599.419|974.231,581.745|993.386,553.944|1040.38,554.753|957.3,559.454|934.882,562.53
414|1|970.531,911.916|976.039,819.575|981.143,750.332|987.755,639.673|1007.09,658.121|1092.94,677.229|1106.67,855.931|994.299,954.32|946.453,969.531|997.047,926.413|992.888,878.546|965.972,658.792|885.729,672.414|755.529,733.502|853.163,761.375|926.412,761.951|1008.79,745.648|931.329,765.353|1021.42,913.679|1077.2,1187.9|1038.7,1299.13|1056.96,1452.22|924.49,910.465|923.077,1190.81|929.805,1334.34|931.82,1482.73|991.384,599.419|974.231,581.745|993.386,553.944|1040.38,554.753|957.3,559.454|934.882,562.53
415|1|970.531,911.916|976.039,819.575|981.143,750.332|987.755,639.673|1007.09,658.121|1092.94,677.229|1106.67,855.931|994.299,954.32|946.453,969.531|997.047,926.413|992.888,878.546|965.972,658.792|885.729,672.414|755.529,733.502|853.163,761.375|926.412,761.951|1008.79,745.648|931.329,765.353|1021.42,913.679|1077.2,1187.9|1038.7,1299.13|1056.96,1452.22|924.49,910.465|923.077,1190.81|929.805,1334.34|931.82,1482.73|991.384,599.419|974.231,581.745|993.386,553.944|1040.38,554.753|957.3,559.454|934.882,562.53
416|1|970.531,911.916|976.039,819.575|981.143,750.332|987.755,639.673|1007.09,658.121|1092.94,677.229|1106.67,855.931|994.299,954.32|946.453,969.531|997.047,926.413|992.888,878.546|965.972,658.792|885.729,672.414|755.529,733.502|853.163,761.375|926.412,761.951|1008.79,745.648|931.329,765.353|1021.42,913.679|1077.2,1187.9|1038.7,1299.13|1056.96,1452.22|924.49,910.465|923.077,1190.81|929.805,1334.34|931.82,1482.73|991.384,599.419|974.231,581.745|993.386,553.944|1040.38,554.753|957.3,559.454|934.882,562.53
417|1|970.911,913.657|976.195,820.98|981.133,751.307|988.314,639.461|1007.6,658.168|1092.74,677.712|1107.84,858.226|998.585,968.989|935.351,973.214|994.124,935.546|987.965,873.784|966.378,658.699|885.817,671.871|755.765,736.676|854.763,759.418|927.174,759.856|1005.45,734.884|932.416,766.361|1022.01,915.249|1075.42,1194.15|1038.73,1303.75|1055.25,1456.86|924.673,912.362|916.808,1196.36|923.763,1326.08|921.674,1471.69|992.198,598.737|974.141,582.033|993.328,553.846|1040.98,553.766|957.196,559.582|935.344,562.112
418|1|970.911,913.658|976.196,820.98|981.133,751.308|988.314,639.462|1007.6,658.169|1092.74,677.713|1107.84,858.227|998.582,968.985|935.348,973.207|994.122,935.543|987.965,873.78|966.378,658.7|885.817,671.872|755.765,736.679|854.762,759.422|927.173,759.864|1005.47,734.948|932.416,766.37|1022.01,915.249|1075.42,1194.15|1038.73,1303.75|1055.25,1456.86|924.673,912.362|916.805,1196.36|923.761,1326.07|921.67,1471.68|992.199,598.738|974.142,582.035|993.328,553.848|1040.98,553.767|957.197,559.584|935.344,562.112
419|1|970.911,913.658|976.195,820.98|981.133,751.308|988.314,639.463|1007.6,658.169|1092.74,677.714|1107.84,858.228|998.566,968.966|935.33,973.179|994.109,935.526|987.961,873.761|966.378,658.701|885.817,671.873|755.764,736.683|854.759,759.428|927.169,759.874|1005.5,735.035|932.411,766.384|1022.01,915.249|1075.42,1194.15|1038.73,1303.75|1055.25,1456.85|924.673,912.362|916.801,1196.36|923.757,1326.05|921.664,1471.66|992.198,598.739|974.141,582.037|993.328,553.849|1040.98,553.768|957.196,559.586|935.343,562.113
420|1|970.911,913.658|976.195,820.98|981.133,751.308|988.314,639.463|1007.6,658.169|1092.74,677.714|1107.84,858.228|998.566,968.966|935.33,973.179|994.109,935.526|987.961,873.761|966.378,658.701|885.817,671.873|755.764,736.683|854.759,759.428|927.169,759.874|1005.5,735.035|932.411,766.384|1022.01,915.249|1075.42,1194.15|1038.73,1303.75|1055.25,1456.85|924.673,912.362|916.801,1196.36|923.757,1326.05|921.664,1471.66|992.198,598.739|974.141,582.037|993.328,553.849|1040.98,553.768|957.196,559.586|935.343,562.113
421|1|970.911,913.658|976.195,820.98|981.133,751.308|988.314,639.463|1007.6,658.169|1092.74,677.714|1107.84,858.228|998.566,968.966|935.33,973.179|994.109,935.526|987.961,873.761|966.378,658.701|885.817,671.873|755.764,736.683|854.759,759.428|927.169,759.874|1005.5,735.035|932.411,766.384|1022.01,915.249|1075.42,1194.15|1038.73,1303.75|1055.25,1456.85|924.673,912.362|916.801,1196.36|923.757,1326.05|921.664,1471.66|992.198,598.739|974.141,582.037|993.328,553.849|1040.98,553.768|957.196,559.586|935.343,562.113
422|1|970.911,913.658|976.195,820.98|981.133,751.308|988.314,639.463|1007.6,658.169|1092.74,677.714|1107.84,858.228|998.566,968.966|935.33,973.178|994.109,935.526|987.962,873.761|966.378,658.701|885.817,671.873|755.764,736.683|854.759,759.428|927.169,759.874|1005.5,735.036|932.411,766.384|1022.01,915.249|1075.42,1194.15|1038.73,1303.75|1055.25,1456.85|924.673,912.362|916.801,1196.36|923.757,1326.05|921.664,1471.66|992.198,598.739|974.141,582.037|993.328,553.849|1040.98,553.768|957.196,559.586|935.343,562.113
423|1|971.132,913.183|976.28,820.666|981.097,751.176|987.954,639.946|1007.3,658.546|1092.84,677.504|1107.42,856.427|993.819,957.703|935.845,975.561|991.175,938.423|985.464,875.72|966.077,659.099|885.552,672.355|755.526,735.762|855.134,760.179|927.431,761.892|1009.73,748.49|932.507,768.58|1022.16,914.742|1075.43,1193.56|1038.68,1300.39|1054.83,1451.07|924.962,911.917|918.895,1195.81|925.468,1327.9|925.958,1472|991.669,599.47|974.276,583.279|993.543,555.089|1040.82,554.922|957.348,560.563|935.038,562.454
424|1|971.135,913.183|976.284,820.666|981.1,751.176|987.956,639.948|1007.31,658.547|1092.84,677.493|1107.45,856.406|993.892,957.707|935.922,975.588|991.244,938.426|985.497,875.741|966.08,659.101|885.554,672.358|755.526,735.766|855.129,760.188|927.416,761.903|1009.7,748.488|932.484,768.596|1022.17,914.742|1075.44,1193.56|1038.68,1300.33|1054.83,1450.98|924.965,911.916|918.932,1195.81|925.502,1327.88|926.008,1471.97|991.671,599.472|974.276,583.283|993.542,555.092|1040.82,554.922|957.347,560.568|935.037,562.459
425|1|971.172,913.209|976.308,820.675|981.114,751.169|987.907,639.921|1007.28,658.517|1092.92,677.228|1107.99,855.994|994.238,956.683|937.629,975.053|990.879,937.573|984.636,874.362|966.034,659.085|885.482,672.341|755.329,735.395|855.267,759.889|927.626,761.709|1010.01,748.397|932.71,768.286|1022.22,914.762|1075.87,1193.68|1038.78,1298.17|1054.75,1447.77|924.991,911.947|920.499,1196.02|927.006,1327.9|928.254,1471.56|991.594,599.437|974.399,583.841|993.401,555.398|1040.47,554.576|957.216,561.131|934.652,562.823
426|1|968.927,916.773|974.914,824.151|980.609,753.55|987.988,640.124|1007.24,659.06|1093.43,677.155|1108.73,856.434|995.002,955.074|940.18,979.267|990.874,934.995|984.46,877.781|966.012,659.613|885.248,672.089|754.237,734.84|856.659,759.72|927.931,762.166|1010.15,751.603|932.679,768.869|1020.08,917.949|1078.23,1198.69|1036.99,1302.31|1053.63,1450.17|922.523,915.852|924.174,1203.38|927.316,1337.02|932.213,1480.16|992.008,598.784|974.522,583.919|993.317,555.222|1040.48,553.633|957.203,561.233|934.803,562.659
427|1|968.925,917|974.753,824.262|980.315,753.515|987.322,639.73|1006.64,658.667|1092.64,677.221|1109.12,858.136|993.683,962.532|929.592,971.637|987.939,935.321|980.63,870.917|965.407,659.33|884.657,672.059|753.932,735.53|856.799,758.752|928.41,760.426|1007.06,738.486|933.562,766.823|1020.12,918.086|1077.93,1199.52|1037.23,1303.48|1053.43,1451.55|922.481,916.16|922.318,1204.25|925.77,1335.11|929.537,1478.05|991.198,598.241|974.724,584.608|993.248,555.619|1039.71,553.148|957.098,561.688|933.862,562.253
428|1|971.871,917.662|976.725,824.647|981.528,753.653|987.764,639.602|1007.33,658.448|1093.85,677.412|1108.43,857.461|999.252,961.913|951.391,975.707|1003.4,940.928|981.515,881.064|965.863,659.406|884.673,672.242|752.529,735.164|856.132,760.53|928.711,759.954|1010.92,743.198|933.606,768.461|1023.29,918.221|1081.88,1201.27|1041.97,1304.3|1057.93,1452.27|925.226,917.303|927.889,1207.03|932.293,1342.24|937.098,1485.82|991.358,598|974.625,583.941|993.346,554.846|1040.21,552.643|956.953,560.917|933.724,561.716
