video_id,frame_index,source_frame_index,body_id,j00_PELVIS_valid,j00_PELVIS_quality,j00_PELVIS_reason,j01_SPINE_NAVAL_valid,j01_SPINE_NAVAL_quality,j01_SPINE_NAVAL_reason,j02_SPINE_CHEST_valid,j02_SPINE_CHEST_quality,j02_SPINE_CHEST_reason,j03_NECK_valid,j03_NECK_quality,j03_NECK_reason,j04_CLAVICLE_LEFT_valid,j04_CLAVICLE_LEFT_quality,j04_CLAVICLE_LEFT_reason,j05_SHOULDER_LEFT_valid,j05_SHOULDER_LEFT_quality,j05_SHOULDER_LEFT_reason,j06_ELBOW_LEFT_valid,j06_ELBOW_LEFT_quality,j06_ELBOW_LEFT_reason,j07_WRIST_LEFT_valid,j07_WRIST_LEFT_quality,j07_WRIST_LEFT_reason,j08_CLAVICLE_RIGHT_valid,j08_CLAVICLE_RIGHT_quality,j08_CLAVICLE_RIGHT_reason,j09_SHOULDER_RIGHT_valid,j09_SHOULDER_RIGHT_quality,j09_SHOULDER_RIGHT_reason,j10_ELBOW_RIGHT_valid,j10_ELBOW_RIGHT_quality,j10_ELBOW_RIGHT_reason,j11_WRIST_RIGHT_valid,j11_WRIST_RIGHT_quality,j11_WRIST_RIGHT_reason,j12_HIP_LEFT_valid,j12_HIP_LEFT_quality,j12_HIP_LEFT_reason,j13_KNEE_LEFT_valid,j13_KNEE_LEFT_quality,j13_KNEE_LEFT_reason,j14_ANKLE_LEFT_valid,j14_ANKLE_LEFT_quality,j14_ANKLE_LEFT_reason,j15_FOOT_LEFT_valid,j15_FOOT_LEFT_quality,j15_FOOT_LEFT_reason,j16_HIP_RIGHT_valid,j16_HIP_RIGHT_quality,j16_HIP_RIGHT_reason,j17_KNEE_RIGHT_valid,j17_KNEE_RIGHT_quality,j17_KNEE_RIGHT_reason,j18_ANKLE_RIGHT_valid,j18_ANKLE_RIGHT_quality,j18_ANKLE_RIGHT_reason,j19_FOOT_RIGHT_valid,j19_FOOT_RIGHT_quality,j19_FOOT_RIGHT_reason,j20_HEAD_valid,j20_HEAD_quality,j20_HEAD_reason,j21_NOSE_valid,j21_NOSE_quality,j21_NOSE_reason,j22_EYE_LEFT_valid,j22_EYE_LEFT_quality,j22_EYE_LEFT_reason,j23_EAR_LEFT_valid,j23_EAR_LEFT_quality,j23_EAR_LEFT_reason,j24_EYE_RIGHT_valid,j24_EYE_RIGHT_quality,j24_EYE_RIGHT_reason,j25_EAR_RIGHT_valid,j25_EAR_RIGHT_quality,j25_EAR_RIGHT_reason,j26_WRIST_THUMB_LEFT_valid,j26_WRIST_THUMB_LEFT_quality,j26_WRIST_THUMB_LEFT_reason,j27_BICEPS_LEFT_valid,j27_BICEPS_LEFT_quality,j27_BICEPS_LEFT_reason,j28_WRIST_THUMB_RIGHT_valid,j28_WRIST_THUMB_RIGHT_quality,j28_WRIST_THUMB_RIGHT_reason,j29_BICEPS_RIGHT_valid,j29_BICEPS_RIGHT_quality,j29_BICEPS_RIGHT_reason,j30_BACK_LEFT_valid,j30_BACK_LEFT_quality,j30_BACK_LEFT_reason,j31_BACK_RIGHT_valid,j31_BACK_RIGHT_quality,j31_BACK_RIGHT_reason
K01_reach_grasp_001,0,1,1,True,medium,none,True,medium,none,True,medium,none,True,medium,none,True,medium,none,True,medium,none,False,low,occlusion,False,low,occlusion,False,low,occlusion,False,low,occlusion,False,low,occlusion,True,medium,none,True,medium,none,True,medium,none,True,medium,none,True,medium,none,True,medium,none,True,medium,none,True,medium,none,False,low,occlusion,False,low,occlusion,False,low,occlusion,True,medium,none,False,low,occlusion,False,low,occlusion,False,low,occlusion,True,medium,none,True,medium,none,True,medium,none,True,medium,none,True,medium,none,True,medium,none
K01_reach_grasp_001,1,2,1,True,medium,none,True,medium,none,True,medium,none,True,medium,none,True,medium,none,True,medium,none,False,low,occlusion,False,low,occlusion,False,low,occlusion,False,low,occlusion,False,low,occlusion,True,medium,none,True,medium,none,True,medium,none,True,medium,none,True,medium,none,True,medium,none,True,medium,none,True,medium,none,False,low,occlusion,False,low,occlusion,False,low,occlusion,True,medium,none,False,low,occlusion,False,low,occlusion,False,low,occlusion,True,medium,none,True,medium,none,True,medium,none,True,medium,none,True,medium,none,True,medium,none
K01_reach_grasp_001,2,3,1,True,medium,none,True,medium,none,True,medium,none,True,medium,none,True,medium,none,True,medium,none,False,low,occlusion,False,low,occlusion,False,low,occlusion,False,low,occlusion,False,low,occlusion,True,medium,none,True,medium,none,True,medium,none,True,medium,none,True,medium,none,True,medium,none,True,medium,none,True,medium,none,False,low,occlusion,False,low,occlusion,False,low,occlusion,True,medium,none,False,low,occlusion,False,low,occlusion,False,low,occlusion,True,medium,none,True,medium,none,True,medium,none,True,medium,none,True,medium,none,True,medium,none
K01_reach_grasp_001,3,4,1,True,medium,none,True,medium,none,True,medium,none,True,medium,none,True,medium,none,True,medium,none,False,low,occlusion,False,low,occlusion,False,low,occlusion,False,low,occlusion,False,low,occlusion,True,medium,none,True,medium,none,True,medium,none,True,medium,none,True,medium,none,True,medium,none,True,medium,none,True,medium,none,False,low,occlusion,False,low,occlusion,False,low,occlusion,True,medium,none,False,low,occlusion,False,low,occlusion,False,low,occlusion,True,medium,none,True,medium,none,True,medium,none,True,medium,none,True,medium,none,True,medium,none
K01_reach_grasp_001,4,5,1,True,medium,none,True,medium,none,True,medium,none,True,medium,none,True,medium,none,True,medium,none,False,low,occlusion,False,low,occlusion,False,low,occlusion,False,low,occlusion,False,low,occlusion,True,medium,none,True,medium,none,True,medium,none,True,medium,none,True,medium,none,True,medium,none,True,medium,none,True,medium,none,False,low,occlusion,False,low,occlusion,False,low,occlusion,True,medium,none,False,low,occlusion,False,low,occlusion,False,low,occlusion,True,medium,none,True,medium,none,True,medium,none,True,medium,none,True,medium,none,True,medium,none
K01_reach_grasp_001,5,6,1,True,medium,none,True,medium,none,True,medium,none,True,medium,none,True,medium,none,True,medium,none,False,low,occlusion,False,low,occlusion,False,low,occlusion,False,low,occlusion,False,low,occlusion,True,medium,none,True,medium,none,True,medium,none,True,medium,none,True,medium,none,True,medium,none,True,medium,none,True,medium,none,False,low,occlusion,False,low,occlusion,False,low,occlusion,True,medium,none,False,low,occlusion,False,low,occlusion,False,low,occlusion,True,medium,none,True,medium,none,True,medium,none,True,medium,none,True,medium,none,True,medium,none
K01_reach_grasp_001,6,7,1,True,medium,none,True,medium,none,True,medium,none,True,medium,none,True,medium,none,True,medium,none,False,low,occlusion,False,low,occlusion,False,low,occlusion,False,low,occlusion,False,low,occlusion,True,medium,none,True,medium,none,True,medium,none,True,medium,none,True,medium,none,True,medium,none,True,medium,none,True,medium,none,False,low,occlusion,False,low,occlusion,False,low,occlusion,True,medium,none,False,low,occlusion,False,low,occlusion,False,low,occlusion,True,medium,none,True,medium,none,True,medium,none,True,medium,none,True,medium,none,True,medium,none
K01_reach_grasp_001,7,8,1,True,medium,none,True,medium,none,True,medium,none,True,medium,none,True,medium,none,True,medium,none,False,low,occlusion,False,low,occlusion,False,low,occlusion,False,low,occlusion,False,low,occlusion,True,medium,none,True,medium,none,True,medium,none,True,medium,none,True,medium,none,True,medium,none,True,medium,none,True,medium,none,False,low,occlusion,False,low,occlusion,False,low,occlusion,True,medium,none,True,medium,none,False,low,occlusion,False,low,occlusion,True,medium,none,True,medium,none,True,medium,none,True,medium,none,True,medium,none,True,medium,none
K01_reach_grasp_001,8,9,1,True,medium,none,True,medium,none,True,medium,none,True,medium,none,True,medium,none,True,medium,none,False,low,occlusion,False,low,occlusion,False,low,occlusion,False,low,occlusion,False,low,occlusion,True,medium,none,True,medium,none,True,medium,none,True,medium,none,True,medium,none,True,medium,none,True,medium,none,True,medium,none,False,low,occlusion,False,low,occlusion,False,low,occlusion,True,medium,none,True,medium,none,False,low,occlusion,False,low,occlusion,True,medium,none,True,medium,none,True,medium,none,True,medium,none,True,medium,none,True,medium,none
K01_reach_grasp_001,9,10,1,True,medium,none,True,medium,none,True,medium,none,True,medium,none,True,medium,none,True,medium,none,False,low,occlusion,False,low,occlusion,False,low,occlusion,False,low,occlusion,False,low,occlusion,True,medium,none,True,medium,none,True,medium,none,True,medium,none,True,medium,none,True,medium,none,True,medium,none,True,medium,none,False,low,occlusion,False,low,occlusion,False,low,occlusion,True,medium,none,True,medium,none,False,low,occlusion,False,low,occlusion,True,medium,none,True,medium,none,True,medium,none,True,medium,none,True,medium,none,True,medium,none
K01_reach_grasp_001,10,11,1,True,medium,none,True,medium,none,True,medium,none,True,medium,none,True,medium,none,True,medium,none,False,low,occlusion,False,low,occlusion,False,low,occlusion,False,low,occlusion,False,low,occlusion,True,medium,none,True,medium,none,True,medium,none,True,medium,none,True,medium,none,True,medium,none,True,medium,none,True,medium,none,False,low,occlusion,False,low,occlusion,False,low,occlusion,True,medium,none,True,medium,none,False,low,occlusion,False,low,occlusion,True,medium,none,True,medium,none,True,medium,none,True,medium,none,True,medium,none,True,medium,none
K01_reach_grasp_001,11,12,1,True,medium,none,True,medium,none,True,medium,none,True,medium,none,True,medium,none,True,medium,none,False,low,occlusion,False,low,occlusion,False,low,occlusion,False,low,occlusion,False,low,occlusion,True,medium,none,True,medium,none,True,medium,none,True,medium,none,True,medium,none,True,medium,none,True,medium,none,True,medium,none,False,low,occlusion,False,low,occlusion,False,low,occlusion,True,medium,none,True,medium,none,False,low,occlusion,False,low,occlusion,True,medium,none,True,medium,none,True,medium,none,True,medium,none,True,medium,none,True,medium,none
K01_reach_grasp_001,12,13,1,True,medium,none,True,medium,none,True,medium,none,True,medium,none,True,medium,none,True,medium,none,False,low,occlusion,False,low,occlusion,False,low,occlusion,False,low,occlusion,False,low,occlusion,True,medium,none,True,medium,none,True,medium,none,True,medium,none,True,medium,none,True,medium,none,True,medium,none,True,medium,none,False,low,occlusion,False,low,occlusion,False,low,occlusion,True,medium,none,False,low,occlusion,False,low,occlusion,False,low,occlusion,True,medium,none,True,medium,none,True,medium,none,True,medium,none,True,medium,none,True,medium,none
K01_reach_grasp_001,13,14,1,True,medium,none,True,medium,none,True,medium,none,True,medium,none,True,medium,none,True,medium,none,False,low,occlusion,False,low,occlusion,False,low,occlusion,False,low,occlusion,False,low,occlusion,True,medium,none,True,medium,none,True,medium,none,True,medium,none,True,medium,none,True,medium,none,True,medium,none,True,medium,none,False,low,occlusion,False,low,occlusion,False,low,occlusion,True,medium,none,False,low,occlusion,False,low,occlusion,False,low,occlusion,True,medium,none,True,medium,none,True,medium,none,True,medium,none,True,medium,none,True,medium,none
K01_reach_grasp_001,14,15,1,True,medium,none,True,medium,none,True,medium,none,True,medium,none,True,medium,none,True,medium,none,False,low,occlusion,False,low,occlusion,False,low,occlusion,False,low,occlusion,False,low,occlusion,True,medium,none,True,medium,none,True,medium,none,True,medium,none,True,medium,none,True,medium,none,True,medium,none,True,medium,none,False,low,occlusion,False,low,occlusion,False,low,occlusion,True,medium,none,False,low,occlusion,False,low,occlusion,False,low,occlusion,True,medium,none,True,medium,none,True,medium,none,True,medium,none,True,medium,none,True,medium,none
K01_reach_grasp_001,15,16,1,True,medium,none,True,medium,none,True,medium,none,True,medium,none,True,medium,none,True,medium,none,False,low,occlusion,False,low,occlusion,False,low,occlusion,False,low,occlusion,False,low,occlusion,True,medium,none,True,medium,none,True,medium,none,True,medium,none,True,medium,none,True,medium,none,True,medium,none,True,medium,none,False,low,occlusion,False,low,occlusion,False,low,occlusion,True,medium,none,False,low,occlusion,False,low,occlusion,False,low,occlusion,True,medium,none,True,medium,none,True,medium,none,True,medium,none,True,medium,none,True,medium,none
K01_reach_grasp_001,16,17,1,True,medium,none,True,medium,none,True,medium,none,True,medium,none,True,medium,none,True,medium,none,False,low,occlusion,False,low,occlusion,False,low,occlusion,False,low,occlusion,False,low,occlusion,True,medium,none,True,medium,none,True,medium,none,True,medium,none,True,medium,none,True,medium,none,True,medium,none,True,medium,none,False,low,occlusion,False,low,occlusion,False,low,occlusion,True,medium,none,False,low,occlusion,False,low,occlusion,False,low,occlusion,True,medium,none,True,medium,none,True,medium,none,True,medium,none,True,medium,none,True,medium,none
K01_reach_grasp_001,17,18,1,True,medium,none,True,medium,none,True,medium,none,True,medium,none,True,medium,none,True,medium,none,False,low,occlusion,False,low,occlusion,False,low,occlusion,False,low,occlusion,False,low,occlusion,True,medium,none,True,medium,none,True,medium,none,True,medium,none,True,medium,none,True,medium,none,True,medium,none,True,medium,none,False,low,occlusion,False,low,occlusion,False,low,occlusion,True,medium,none,False,low,occlusion,False,low,occlusion,False,low,occlusion,True,medium,none,True,medium,none,True,medium,none,True,medium,none,True,medium,none,True,medium,none
K01_reach_grasp_001,18,19,1,True,medium,none,True,medium,none,True,medium,none,True,medium,none,True,medium,none,True,medium,none,False,low,occlusion,False,low,occlusion,False,low,occlusion,False,low,occlusion,False,low,occlusion,True,medium,none,True,medium,none,True,medium,none,True,medium,none,True,medium,none,True,medium,none,True,medium,none,True,medium,none,False,low,occlusion,False,low,occlusion,False,low,occlusion,True,medium,none,False,low,occlusion,False,low,occlusion,False,low,occlusion,True,medium,none,True,medium,none,True,medium,none,True,medium,none,True,medium,none,True,medium,none
K01_reach_grasp_001,19,20,1,True,medium,none,True,medium,none,True,medium,none,True,medium,none,True,medium,none,True,medium,none,False,low,occlusion,False,low,occlusion,False,low,occlusion,False,low,occlusion,False,low,occlusion,True,medium,none,True,medium,none,True,medium,none,True,medium,none,True,medium,none,True,medium,none,True,medium,none,True,medium,none,False,low,occlusion,False,low,occlusion,False,low,occlusion,True,medium,none,False,low,occlusion,False,low,occlusion,False,low,occlusion,True,medium,none,True,medium,none,True,medium,none,True,medium,none,True,medium,none,True,medium,none
K01_reach_grasp_001,20,21,1,True,medium,none,True,medium,none,True,medium,none,True,medium,none,True,medium,none,True,medium,none,False,low,occlusion,False,low,occlusion,False,low,occlusion,False,low,occlusion,False,low,occlusion,True,medium,none,True,medium,none,True,medium,none,True,medium,none,True,medium,none,True,medium,none,True,medium,none,True,medium,none,False,low,occlusion,False,low,occlusion,False,low,occlusion,True,medium,none,False,low,occlusion,False,low,occlusion,False,low,occlusion,True,medium,none,True,medium,none,True,medium,none,True,medium,none,True,medium,none,True,medium,none
K01_reach_grasp_001,21,22,1,True,medium,none,True,medium,none,True,medium,none,True,medium,none,True,medium,none,True,medium,none,False,low,occlusion,False,low,occlusion,False,low,occlusion,False,low,occlusion,False,low,occlusion,True,medium,none,True,medium,none,True,medium,none,True,medium,none,True,medium,none,True,medium,none,True,medium,none,True,medium,none,False,low,occlusion,False,low,occlusion,False,low,occlusion,True,medium,none,False,low,occlusion,False,low,occlusion,False,low,occlusion,True,medium,none,True,medium,none,True,medium,none,True,medium,none,True,medium,none,True,medium,none
K01_reach_grasp_001,22,23,1,True,medium,none,True,medium,none,True,medium,none,True,medium,none,True,medium,none,True,medium,none,False,low,occlusion,False,low,occlusion,False,low,occlusion,False,low,occlusion,False,low,occlusion,True,medium,none,True,medium,none,True,medium,none,True,medium,none,True,medium,none,True,medium,none,True,medium,none,True,medium,none,False,low,occlusion,False,low,occlusion,False,low,occlusion,True,medium,none,False,low,occlusion,False,low,occlusion,False,low,occlusion,True,medium,none,True,medium,none,True,medium,none,True,medium,none,True,medium,none,True,medium,none
K01_reach_grasp_001,23,24,1,True,medium,none,True,medium,none,True,medium,none,True,medium,none,True,medium,none,True,medium,none,False,low,occlusion,False,low,occlusion,False,low,occlusion,False,low,occlusion,False,low,occlusion,True,medium,none,True,medium,none,True,medium,none,True,medium,none,True,medium,none,True,medium,none,True,medium,none,True,medium,none,False,low,occlusion,False,low,occlusion,False,low,occlusion,True,medium,none,False,low,occlusion,False,low,occlusion,False,low,occlusion,True,medium,none,True,medium,none,True,medium,none,True,medium,none,True,medium,none,True,medium,none
K01_reach_grasp_001,24,25,1,True,medium,none,True,medium,none,True,medium,none,True,medium,none,True,medium,none,True,medium,none,False,low,occlusion,False,low,occlusion,False,low,occlusion,False,low,occlusion,False,low,occlusion,True,medium,none,True,medium,none,True,medium,none,True,medium,none,True,medium,none,True,medium,none,True,medium,none,True,medium,none,False,low,occlusion,False,low,occlusion,False,low,occlusion,True,medium,none,False,low,occlusion,False,low,occlusion,False,low,occlusion,True,medium,none,True,medium,none,True,medium,none,True,medium,none,True,medium,none,True,medium,none
K01_reach_grasp_001,25,26,1,True,medium,none,True,medium,none,True,medium,none,True,medium,none,True,medium,none,True,medium,none,False,low,occlusion,False,low,occlusion,False,low,occlusion,False,low,occlusion,False,low,occlusion,True,medium,none,True,medium,none,True,medium,none,True,medium,none,True,medium,none,True,medium,none,True,medium,none,True,medium,none,False,low,occlusion,False,low,occlusion,False,low,occlusion,True,medium,none,False,low,occlusion,False,low,occlusion,False,low,occlusion,True,medium,none,True,medium,none,True,medium,none,True,medium,none,True,medium,none,True,medium,none
K01_reach_grasp_001,26,27,1,True,medium,none,True,medium,none,True,medium,none,True,medium,none,True,medium,none,True,medium,none,False,low,occlusion,False,low,occlusion,False,low,occlusion,False,low,occlusion,False,low,occlusion,True,medium,none,True,medium,none,True,medium,none,True,medium,none,True,medium,none,True,medium,none,True,medium,none,True,medium,none,False,low,occlusion,False,low,occlusion,False,low,occlusion,True,medium,none,False,low,occlusion,False,low,occlusion,False,low,occlusion,True,medium,none,True,medium,none,True,medium,none,True,medium,none,True,medium,none,True,medium,none
K01_reach_grasp_001,27,28,1,True,medium,none,True,medium,none,True,medium,none,True,medium,none,True,medium,none,True,medium,none,False,low,occlusion,False,low,occlusion,False,low,occlusion,False,low,occlusion,False,low,occlusion,True,medium,none,True,medium,none,True,medium,none,True,medium,none,True,medium,none,True,medium,none,True,medium,none,True,medium,none,False,low,occlusion,False,low,occlusion,False,low,occlusion,True,medium,none,False,low,occlusion,False,low,occlusion,False,low,occlusion,True,medium,none,True,medium,none,True,medium,none,True,medium,none,True,medium,none,True,medium,none
K01_reach_grasp_001,28,29,1,True,medium,none,True,medium,none,True,medium,none,True,medium,none,True,medium,none,True,medium,none,False,low,occlusion,False,low,occlusion,False,low,occlusion,False,low,occlusion,False,low,occlusion,True,medium,none,True,medium,none,True,medium,none,True,medium,none,True,medium,none,True,medium,none,True,medium,none,True,medium,none,False,low,occlusion,False,low,occlusion,False,low,occlusion,True,medium,none,False,low,occlusion,False,low,occlusion,False,low,occlusion,True,medium,none,True,medium,none,True,medium,none,True,medium,none,True,medium,none,True,medium,none
K01_reach_grasp_001,29,30,1,True,medium,none,True,medium,none,True,medium,none,True,medium,none,True,medium,none,True,medium,none,False,low,occlusion,False,low,occlusion,False,low,occlusion,False,low,occlusion,False,low,occlusion,True,medium,none,True,medium,none,True,medium,none,True,medium,none,True,medium,none,True,medium,none,True,medium,none,True,medium,none,False,low,occlusion,False,low,occlusion,False,low,occlusion,True,medium,none,False,low,occlusion,False,low,occlusion,False,low,occlusion,True,medium,none,True,medium,none,True,medium,none,True,medium,none,True,medium,none,True,medium,none
K01_reach_grasp_001,30,31,1,True,medium,none,True,medium,none,True,medium,none,True,medium,none,True,medium,none,True,medium,none,False,low,occlusion,False,low,occlusion,False,low,occlusion,False,low,occlusion,False,low,occlusion,True,medium,none,True,medium,none,True,medium,none,True,medium,none,True,medium,none,True,medium,none,True,medium,none,True,medium,none,False,low,occlusion,False,low,occlusion,False,low,occlusion,True,medium,none,False,low,occlusion,False,low,occlusion,False,low,occlusion,True,medium,none,True,medium,none,True,medium,none,True,medium,none,True,medium,none,True,medium,none
K01_reach_grasp_001,31,32,1,True,medium,none,True,medium,none,True,medium,none,True,medium,none,True,medium,none,True,medium,none,False,low,occlusion,False,low,occlusion,False,low,occlusion,False,low,occlusion,False,low,occlusion,True,medium,none,True,medium,none,True,medium,none,True,medium,none,True,medium,none,True,medium,none,True,medium,none,True,medium,none,False,low,occlusion,False,low,occlusion,False,low,occlusion,True,medium,none,False,low,occlusion,False,low,occlusion,False,low,occlusion,True,medium,none,True,medium,none,True,medium,none,True,medium,none,True,medium,none,True,medium,none
K01_reach_grasp_001,32,33,1,True,medium,none,True,medium,none,True,medium,none,True,medium,none,True,medium,none,True,medium,none,False,low,occlusion,False,low,occlusion,False,low,occlusion,False,low,occlusion,False,low,occlusion,True,medium,none,True,medium,none,True,medium,none,True,medium,none,True,medium,none,True,medium,none,True,medium,none,True,medium,none,False,low,occlusion,False,low,occlusion,False,low,occlusion,True,medium,none,True,medium,none,False,low,occlusion,False,low,occlusion,True,medium,none,True,medium,none,True,medium,none,True,medium,none,True,medium,none,True,medium,none
K01_reach_grasp_001,33,34,1,True,medium,none,True,medium,none,True,medium,none,True,medium,none,True,medium,none,True,medium,none,False,low,occlusion,False,low,occlusion,False,low,occlusion,False,low,occlusion,False,low,occlusion,True,medium,none,True,medium,none,True,medium,none,True,medium,none,True,medium,none,True,medium,none,True,medium,none,True,medium,none,False,low,occlusion,False,low,occlusion,False,low,occlusion,True,medium,none,True,medium,none,False,low,occlusion,False,low,occlusion,True,medium,none,True,medium,none,True,medium,none,True,medium,none,True,medium,none,True,medium,none
K01_reach_grasp_001,34,35,1,True,medium,none,True,medium,none,True,medium,none,True,medium,none,True,medium,none,True,medium,none,False,low,occlusion,False,low,occlusion,False,low,occlusion,False,low,occlusion,False,low,occlusion,True,medium,none,True,medium,none,True,medium,none,True,medium,none,True,medium,none,True,medium,none,True,medium,none,True,medium,none,False,low,occlusion,False,low,occlusion,False,low,occlusion,True,medium,none,False,low,occlusion,False,low,occlusion,False,low,occlusion,True,medium,none,True,medium,none,True,medium,none,True,medium,none,True,medium,none,True,medium,none
K01_reach_grasp_001,35,36,1,True,medium,none,True,medium,none,True,medium,none,True,medium,none,True,medium,none,True,medium,none,False,low,occlusion,False,low,occlusion,False,low,occlusion,False,low,occlusion,False,low,occlusion,True,medium,none,True,medium,none,True,medium,none,True,medium,none,True,medium,none,True,medium,none,True,medium,none,True,medium,none,False,low,occlusion,False,low,occlusion,False,low,occlusion,True,medium,none,False,low,occlusion,False,low,occlusion,False,low,occlusion,True,medium,none,True,medium,none,True,medium,none,True,medium,none,True,medium,none,True,medium,none
K01_reach_grasp_001,36,37,1,True,medium,none,True,medium,none,True,medium,none,True,medium,none,True,medium,none,True,medium,none,False,low,occlusion,False,low,occlusion,False,low,occlusion,False,low,occlusion,False,low,occlusion,True,medium,none,True,medium,none,True,medium,none,False,low,occlusion,False,low,occlusion,False,low,occlusion,False,low,occlusion,True,medium,none,False,low,occlusion,False,low,occlusion,False,low,occlusion,True,medium,none,False,low,occlusion,False,low,occlusion,False,low,occlusion,True,medium,none,True,medium,none,True,medium,none,True,medium,none,True,medium,none,True,medium,none
K01_reach_grasp_001,37,38,1,True,medium,none,True,medium,none,True,medium,none,True,medium,none,True,medium,none,True,medium,none,False,low,occlusion,False,low,occlusion,False,low,occlusion,False,low,occlusion,False,low,occlusion,True,medium,none,True,medium,none,True,medium,none,False,low,occlusion,False,low,occlusion,False,low,occlusion,False,low,occlusion,True,medium,none,False,low,occlusion,False,low,occlusion,False,low,occlusion,True,medium,none,False,low,occlusion,False,low,occlusion,False,low,occlusion,True,medium,none,True,medium,none,True,medium,none,True,medium,none,True,medium,none,True,medium,none
K01_reach_grasp_001,38,39,1,True,medium,none,True,medium,none,True,medium,none,True,medium,none,True,medium,none,True,medium,none,False,low,occlusion,False,low,occlusion,False,low,occlusion,False,low,occlusion,False,low,occlusion,True,medium,none,True,medium,none,True,medium,none,False,low,occlusion,False,low,occlusion,False,low,occlusion,False,low,occlusion,True,medium,none,False,low,occlusion,False,low,occlusion,False,low,occlusion,True,medium,none,False,low,occlusion,False,low,occlusion,False,low,occlusion,True,medium,none,True,medium,none,True,medium,none,True,medium,none,True,medium,none,True,medium,none
K01_reach_grasp_001,39,40,1,True,medium,none,True,medium,none,True,medium,none,True,medium,none,True,medium,none,True,medium,none,False,low,occlusion,False,low,occlusion,False,low,occlusion,False,low,occlusion,False,low,occlusion,True,medium,none,True,medium,none,True,medium,none,True,medium,none,True,medium,none,True,medium,none,True,medium,none,True,medium,none,False,low,occlusion,False,low,occlusion,False,low,occlusion,True,medium,none,False,low,occlusion,False,low,occlusion,False,low,occlusion,True,medium,none,True,medium,none,True,medium,none,True,medium,none,True,medium,none,True,medium,none
K01_reach_grasp_001,40,41,1,True,medium,none,True,medium,none,True,medium,none,True,medium,none,True,medium,none,True,medium,none,False,low,occlusion,False,low,occlusion,False,low,occlusion,False,low,occlusion,False,low,occlusion,True,medium,none,True,medium,none,True,medium,none,False,low,occlusion,False,low,occlusion,False,low,occlusion,False,low,occlusion,True,medium,none,False,low,occlusion,False,low,occlusion,False,low,occlusion,True,medium,none,False,low,occlusion,False,low,occlusion,False,low,occlusion,True,medium,none,True,medium,none,True,medium,none,True,medium,none,True,medium,none,True,medium,none
K01_reach_grasp_001,41,42,1,True,medium,none,True,medium,none,True,medium,none,True,medium,none,True,medium,none,True,medium,none,False,low,occlusion,False,low,occlusion,False,low,occlusion,False,low,occlusion,False,low,occlusion,True,medium,none,True,medium,none,True,medium,none,False,low,occlusion,False,low,occlusion,False,low,occlusion,False,low,occlusion,True,medium,none,False,low,occlusion,False,low,occlusion,False,low,occlusion,True,medium,none,False,low,occlusion,False,low,occlusion,False,low,occlusion,True,medium,none,True,medium,none,True,medium,none,True,medium,none,True,medium,none,True,medium,none
K01_reach_grasp_001,42,43,1,True,medium,none,True,medium,none,True,medium,none,True,medium,none,True,medium,none,True,medium,none,False,low,occlusion,False,low,occlusion,False,low,occlusion,False,low,occlusion,False,low,occlusion,True,medium,none,True,medium,none,True,medium,none,False,low,occlusion,False,low,occlusion,False,low,occlusion,False,low,occlusion,False,low,occlusion,False,low,occlusion,False,low,occlusion,False,low,occlusion,True,medium,none,False,low,occlusion,False,low,occlusion,False,low,occlusion,True,medium,none,True,medium,none,True,medium,none,True,medium,none,True,medium,none,True,medium,none
K01_reach_grasp_001,43,44,1,True,medium,none,True,medium,none,True,medium,none,True,medium,none,True,medium,none,True,medium,none,False,low,occlusion,False,low,occlusion,False,low,occlusion,False,low,occlusion,False,low,occlusion,True,medium,none,True,medium,none,True,medium,none,False,low,occlusion,False,low,occlusion,False,low,occlusion,False,low,occlusion,False,low,occlusion,False,low,occlusion,False,low,occlusion,False,low,occlusion,True,medium,none,False,low,occlusion,False,low,occlusion,False,low,occlusion,True,medium,none,True,medium,none,True,medium,none,True,medium,none,True,medium,none,True,medium,none
K01_reach_grasp_001,44,45,1,True,medium,none,True,medium,none,True,medium,none,True,medium,none,True,medium,none,True,medium,none,False,low,occlusion,False,low,occlusion,False,low,occlusion,False,low,occlusion,False,low,occlusion,True,medium,none,True,medium,none,True,medium,none,False,low,occlusion,False,low,occlusion,False,low,occlusion,False,low,occlusion,False,low,occlusion,False,low,occlusion,False,low,occlusion,False,low,occlusion,True,medium,none,False,low,occlusion,False,low,occlusion,False,low,occlusion,True,medium,none,True,medium,none,True,medium,none,True,medium,none,True,medium,none,True,medium,none
K01_reach_grasp_001,45,46,1,True,medium,none,True,medium,none,True,medium,none,True,medium,none,True,medium,none,True,medium,none,False,low,occlusion,False,low,occlusion,False,low,occlusion,False,low,occlusion,False,low,occlusion,True,medium,none,True,medium,none,True,medium,none,False,low,occlusion,False,low,occlusion,False,low,occlusion,False,low,occlusion,False,low,occlusion,False,low,occlusion,False,low,occlusion,False,low,occlusion,True,medium,none,False,low,occlusion,False,low,occlusion,False,low,occlusion,True,medium,none,True,medium,none,True,medium,none,True,medium,none,True,medium,none,True,medium,none
K01_reach_grasp_001,46,47,1,True,medium,none,True,medium,none,True,medium,none,True,medium,none,True,medium,none,True,medium,none,False,low,occlusion,False,low,occlusion,False,low,occlusion,False,low,occlusion,False,low,occlusion,True,medium,none,True,medium,none,True,medium,none,False,low,occlusion,False,low,occlusion,False,low,occlusion,False,low,occlusion,False,low,occlusion,False,low,occlusion,False,low,occlusion,False,low,occlusion,True,medium,none,False,low,occlusion,False,low,occlusion,False,low,occlusion,True,medium,none,True,medium,none,True,medium,none,True,medium,none,True,medium,none,True,medium,none
K01_reach_grasp_001,47,48,1,True,medium,none,True,medium,none,True,medium,none,True,medium,none,True,medium,none,True,medium,none,False,low,occlusion,False,low,occlusion,False,low,occlusion,False,low,occlusion,False,low,occlusion,True,medium,none,True,medium,none,True,medium,none,False,low,occlusion,False,low,occlusion,False,low,occlusion,False,low,occlusion,False,low,occlusion,False,low,occlusion,False,low,occlusion,False,low,occlusion,True,medium,none,False,low,occlusion,False,low,occlusion,False,low,occlusion,True,medium,none,True,medium,none,True,medium,none,True,medium,none,True,medium,none,True,medium,none
K01_reach_grasp_001,48,49,1,True,medium,none,True,medium,none,True,medium,none,True,medium,none,True,medium,none,True,medium,none,False,low,occlusion,False,low,occlusion,False,low,occlusion,False,low,occlusion,False,low,occlusion,True,medium,none,True,medium,none,True,medium,none,True,medium,none,True,medium,none,True,medium,none,True,medium,none,False,low,occlusion,False,low,occlusion,False,low,occlusion,False,low,occlusion,True,medium,none,False,low,occlusion,False,low,occlusion,False,low,occlusion,True,medium,none,True,medium,none,True,medium,none,True,medium,none,True,medium,none,True,medium,none
K01_reach_grasp_001,49,50,1,True,medium,none,True,medium,none,True,medium,none,True,medium,none,True,medium,none,True,medium,none,False,low,occlusion,False,low,occlusion,False,low,occlusion,False,low,occlusion,False,low,occlusion,True,medium,none,True,medium,none,True,medium,none,True,medium,none,True,medium,none,True,medium,none,True,medium,none,False,low,occlusion,False,low,occlusion,False,low,occlusion,False,low,occlusion,True,medium,none,False,low,occlusion,False,low,occlusion,False,low,occlusion,True,medium,none,True,medium,none,True,medium,none,True,medium,none,True,medium,none,True,medium,none
K01_reach_grasp_001,50,51,1,True,medium,none,True,medium,none,True,medium,none,True,medium,none,True,medium,none,True,medium,none,False,low,occlusion,False,low,occlusion,False,low,occlusion,False,low,occlusion,False,low,occlusion,True,medium,none,True,medium,none,True,medium,none,True,medium,none,True,medium,none,True,medium,none,True,medium,none,False,low,occlusion,False,low,occlusion,False,low,occlusion,False,low,occlusion,True,medium,none,False,low,occlusion,False,low,occlusion,False,low,occlusion,True,medium,none,True,medium,none,True,medium,none,True,medium,none,True,medium,none,True,medium,none
K01_reach_grasp_001,51,52,1,True,medium,none,True,medium,none,True,medium,none,True,medium,none,True,medium,none,True,medium,none,False,low,occlusion,False,low,occlusion,False,low,occlusion,False,low,occlusion,False,low,occlusion,True,medium,none,True,medium,none,True,medium,none,True,medium,none,True,medium,none,True,medium,none,True,medium,none,False,low,occlusion,False,low,occlusion,False,low,occlusion,False,low,occlusion,True,medium,none,False,low,occlusion,False,low,occlusion,False,low,occlusion,True,medium,none,True,medium,none,True,medium,none,True,medium,none,True,medium,none,True,medium,none
K01_reach_grasp_001,52,53,1,True,medium,none,True,medium,none,True,medium,none,True,medium,none,True,medium,none,True,medium,none,False,low,occlusion,False,low,occlusion,False,low,occlusion,False,low,occlusion,False,low,occlusion,True,medium,none,True,medium,none,True,medium,none,True,medium,none,True,medium,none,True,medium,none,True,medium,none,False,low,occlusion,False,low,occlusion,False,low,occlusion,False,low,occlusion,True,medium,none,False,low,occlusion,False,low,occlusion,False,low,occlusion,True,medium,none,True,medium,none,True,medium,none,True,medium,none,True,medium,none,True,medium,none
K01_reach_grasp_001,53,54,1,True,medium,none,True,medium,none,True,medium,none,True,medium,none,True,medium,none,True,medium,none,False,low,occlusion,False,low,occlusion,False,low,occlusion,False,low,occlusion,False,low,occlusion,True,medium,none,True,medium,none,True,medium,none,True,medium,none,True,medium,none,True,medium,none,True,medium,none,False,low,occlusion,False,low,occlusion,False,low,occlusion,False,low,occlusion,False,low,occlusion,False,low,occlusion,False,low,occlusion,False,low,occlusion,True,medium,none,True,medium,none,True,medium,none,True,medium,none,True,medium,none,True,medium,none
K01_reach_grasp_001,54,55,1,True,medium,none,True,medium,none,True,medium,none,True,medium,none,True,medium,none,True,medium,none,False,low,occlusion,False,low,occlusion,False,low,occlusion,False,low,occlusion,False,low,occlusion,True,medium,none,True,medium,none,True,medium,none,True,medium,none,True,medium,none,True,medium,none,True,medium,none,False,low,occlusion,False,low,occlusion,False,low,occlusion,False,low,occlusion,True,medium,none,False,low,occlusion,False,low,occlusion,False,low,occlusion,True,medium,none,True,medium,none,True,medium,none,True,medium,none,True,medium,none,True,medium,none
K01_reach_grasp_001,55,56,1,True,medium,none,True,medium,none,True,medium,none,True,medium,none,True,medium,none,True,medium,none,False,low,occlusion,False,low,occlusion,False,low,occlusion,False,low,occlusion,False,low,occlusion,True,medium,none,True,medium,none,True,medium,none,True,medium,none,True,medium,none,True,medium,none,True,medium,none,False,low,occlusion,False,low,occlusion,False,low,occlusion,False,low,occlusion,True,medium,none,False,low,occlusion,False,low,occlusion,False,low,occlusion,True,medium,none,True,medium,none,True,medium,none,True,medium,none,True,medium,none,True,medium,none
K01_reach_grasp_001,56,57,1,True,medium,none,True,medium,none,True,medium,none,True,medium,none,True,medium,none,True,medium,none,False,low,occlusion,False,low,occlusion,False,low,occlusion,False,low,occlusion,False,low,occlusion,True,medium,none,True,medium,none,True,medium,none,True,medium,none,True,medium,none,True,medium,none,True,medium,none,False,low,occlusion,False,low,occlusion,False,low,occlusion,False,low,occlusion,True,medium,none,False,low,occlusion,False,low,occlusion,False,low,occlusion,True,medium,none,True,medium,none,True,medium,none,True,medium,none,True,medium,none,True,medium,none
K01_reach_grasp_001,57,58,1,True,medium,none,True,medium,none,True,medium,none,True,medium,none,True,medium,none,True,medium,none,False,low,occlusion,False,low,occlusion,False,low,occlusion,False,low,occlusion,False,low,occlusion,True,medium,none,True,medium,none,True,medium,none,True,medium,none,True,medium,none,True,medium,none,True,medium,none,False,low,occlusion,False,low,occlusion,False,low,occlusion,False,low,occlusion,False,low,occlusion,False,low,occlusion,False,low,occlusion,False,low,occlusion,True,medium,none,True,medium,none,True,medium,none,True,medium,none,True,medium,none,True,medium,none
K01_reach_grasp_001,58,59,1,True,medium,none,True,medium,none,True,medium,none,True,medium,none,True,medium,none,True,medium,none,False,low,occlusion,False,low,occlusion,False,low,occlusion,False,low,occlusion,False,low,occlusion,True,medium,none,True,medium,none,True,medium,none,True,medium,none,True,medium,none,True,medium,none,True,medium,none,False,low,occlusion,False,low,occlusion,False,low,occlusion,False,low,occlusion,False,low,occlusion,False,low,occlusion,False,low,occlusion,False,low,occlusion,True,medium,none,True,medium,none,True,medium,none,True,medium,none,True,medium,none,True,medium,none
K01_reach_grasp_001,59,60,1,True,medium,none,True,medium,none,True,medium,none,True,medium,none,True,medium,none,True,medium,none,False,low,occlusion,False,low,occlusion,False,low,occlusion,False,low,occlusion,False,low,occlusion,True,medium,none,True,medium,none,True,medium,none,False,low,occlusion,False,low,occlusion,False,low,occlusion,False,low,occlusion,False,low,occlusion,False,low,occlusion,False,low,occlusion,False,low,occlusion,True,medium,none,False,low,occlusion,False,low,occlusion,False,low,occlusion,True,medium,none,True,medium,none,True,medium,none,True,medium,none,True,medium,none,True,medium,none
K01_reach_grasp_001,60,61,1,True,medium,none,True,medium,none,True,medium,none,True,medium,none,True,medium,none,True,medium,none,False,low,occlusion,False,low,occlusion,False,low,occlusion,False,low,occlusion,False,low,occlusion,True,medium,none,True,medium,none,True,medium,none,False,low,occlusion,False,low,occlusion,False,low,occlusion,False,low,occlusion,False,low,occlusion,False,low,occlusion,False,low,occlusion,False,low,occlusion,False,low,occlusion,False,low,occlusion,False,low,occlusion,False,low,occlusion,True,medium,none,True,medium,none,True,medium,none,True,medium,none,True,medium,none,True,medium,none
K01_reach_grasp_001,61,62,1,True,medium,none,True,medium,none,True,medium,none,True,medium,none,True,medium,none,True,medium,none,False,low,occlusion,False,low,occlusion,False,low,occlusion,False,low,occlusion,False,low,occlusion,True,medium,none,True,medium,none,True,medium,none,False,low,occlusion,False,low,occlusion,False,low,occlusion,False,low,occlusion,False,low,occlusion,False,low,occlusion,False,low,occlusion,False,low,occlusion,True,medium,none,False,low,occlusion,False,low,occlusion,False,low,occlusion,True,medium,none,True,medium,none,True,medium,none,True,medium,none,True,medium,none,True,medium,none
K01_reach_grasp_001,62,63,1,True,medium,none,True,medium,none,True,medium,none,True,medium,none,True,medium,none,True,medium,none,False,low,occlusion,False,low,occlusion,False,low,occlusion,False,low,occlusion,False,low,occlusion,True,medium,none,True,medium,none,True,medium,none,True,medium,none,True,medium,none,True,medium,none,True,medium,none,False,low,occlusion,False,low,occlusion,False,low,occlusion,False,low,occlusion,True,medium,none,False,low,occlusion,False,low,occlusion,False,low,occlusion,True,medium,none,True,medium,none,True,medium,none,True,medium,none,True,medium,none,True,medium,none
K01_reach_grasp_001,63,64,1,True,medium,none,True,medium,none,True,medium,none,True,medium,none,True,medium,none,True,medium,none,False,low,occlusion,False,low,occlusion,False,low,occlusion,False,low,occlusion,False,low,occlusion,True,medium,none,True,medium,none,True,medium,none,False,low,occlusion,False,low,occlusion,False,low,occlusion,False,low,occlusion,False,low,occlusion,False,low,occlusion,False,low,occlusion,False,low,occlusion,True,medium,none,False,low,occlusion,False,low,occlusion,False,low,occlusion,True,medium,none,True,medium,none,True,medium,none,True,medium,none,True,medium,none,True,medium,none
K01_reach_grasp_001,64,65,1,True,medium,none,True,medium,none,True,medium,none,True,medium,none,True,medium,none,True,medium,none,False,low,occlusion,False,low,occlusion,False,low,occlusion,False,low,occlusion,False,low,occlusion,True,medium,none,True,medium,none,True,medium,none,False,low,occlusion,False,low,occlusion,False,low,occlusion,False,low,occlusion,False,low,occlusion,False,low,occlusion,False,low,occlusion,False,low,occlusion,True,medium,none,False,low,occlusion,False,low,occlusion,False,low,occlusion,True,medium,none,True,medium,none,True,medium,none,True,medium,none,True,medium,none,True,medium,none
K01_reach_grasp_001,65,66,1,True,medium,none,True,medium,none,True,medium,none,True,medium,none,True,medium,none,True,medium,none,False,low,occlusion,False,low,occlusion,False,low,occlusion,False,low,occlusion,False,low,occlusion,True,medium,none,True,medium,none,True,medium,none,False,low,occlusion,False,low,occlusion,False,low,occlusion,False,low,occlusion,False,low,occlusion,False,low,occlusion,False,low,occlusion,False,low,occlusion,True,medium,none,False,low,occlusion,False,low,occlusion,False,low,occlusion,True,medium,none,True,medium,none,True,medium,none,True,medium,none,True,medium,none,True,medium,none
K01_reach_grasp_001,66,67,1,True,medium,none,True,medium,none,True,medium,none,True,medium,none,True,medium,none,True,medium,none,False,low,occlusion,False,low,occlusion,False,low,occlusion,False,low,occlusion,False,low,occlusion,True,medium,none,True,medium,none,True,medium,none,False,low,occlusion,False,low,occlusion,False,low,occlusion,False,low,occlusion,False,low,occlusion,False,low,occlusion,False,low,occlusion,False,low,occlusion,True,medium,none,False,low,occlusion,False,low,occlusion,False,low,occlusion,True,medium,none,True,medium,none,True,medium,none,True,medium,none,True,medium,none,True,medium,none
K01_reach_grasp_001,67,68,1,True,medium,none,True,medium,none,True,medium,none,True,medium,none,True,medium,none,True,medium,none,False,low,occlusion,False,low,occlusion,False,low,occlusion,False,low,occlusion,False,low,occlusion,True,medium,none,True,medium,none,True,medium,none,False,low,occlusion,False,low,occlusion,False,low,occlusion,False,low,occlusion,False,low,occlusion,False,low,occlusion,False,low,occlusion,False,low,occlusion,True,medium,none,False,low,occlusion,False,low,occlusion,False,low,occlusion,True,medium,none,True,medium,none,True,medium,none,True,medium,none,True,medium,none,True,medium,none
K01_reach_grasp_001,68,69,1,True,medium,none,True,medium,none,True,medium,none,True,medium,none,True,medium,none,True,medium,none,False,low,occlusion,False,low,occlusion,False,low,occlusion,False,low,occlusion,False,low,occlusion,True,medium,none,True,medium,none,True,medium,none,False,low,occlusion,False,low,occlusion,False,low,occlusion,False,low,occlusion,False,low,occlusion,False,low,occlusion,False,low,occlusion,False,low,occlusion,True,medium,none,False,low,occlusion,False,low,occlusion,False,low,occlusion,True,medium,none,True,medium,none,True,medium,none,True,medium,none,True,medium,none,True,medium,none
K01_reach_grasp_001,69,70,1,True,medium,none,True,medium,none,True,medium,none,True,medium,none,True,medium,none,True,medium,none,False,low,occlusion,False,low,occlusion,False,low,occlusion,False,low,occlusion,False,low,occlusion,True,medium,none,True,medium,none,True,medium,none,False,low,occlusion,False,low,occlusion,False,low,occlusion,False,low,occlusion,False,low,occlusion,False,low,occlusion,False,low,occlusion,False,low,occlusion,True,medium,none,False,low,occlusion,False,low,occlusion,False,low,occlusion,True,medium,none,True,medium,none,True,medium,none,True,medium,none,True,medium,none,True,medium,none
K01_reach_grasp_001,70,71,1,True,medium,none,True,medium,none,True,medium,none,True,medium,none,True,medium,none,True,medium,none,False,low,occlusion,False,low,occlusion,False,low,occlusion,False,low,occlusion,False,low,occlusion,True,medium,none,True,medium,none,True,medium,none,False,low,occlusion,False,low,occlusion,False,low,occlusion,False,low,occlusion,False,low,occlusion,False,low,occlusion,False,low,occlusion,False,low,occlusion,True,medium,none,False,low,occlusion,False,low,occlusion,False,low,occlusion,True,medium,none,True,medium,none,True,medium,none,True,medium,none,True,medium,none,True,medium,none
K01_reach_grasp_001,71,72,1,True,medium,none,True,medium,none,True,medium,none,True,medium,none,True,medium,none,True,medium,none,False,low,occlusion,False,low,occlusion,False,low,occlusion,False,low,occlusion,False,low,occlusion,True,medium,none,True,medium,none,True,medium,none,False,low,occlusion,False,low,occlusion,False,low,occlusion,False,low,occlusion,False,low,occlusion,False,low,occlusion,False,low,occlusion,False,low,occlusion,True,medium,none,False,low,occlusion,False,low,occlusion,False,low,occlusion,True,medium,none,True,medium,none,True,medium,none,True,medium,none,True,medium,none,True,medium,none
K01_reach_grasp_001,72,73,1,True,medium,none,True,medium,none,True,medium,none,True,medium,none,True,medium,none,True,medium,none,False,low,occlusion,False,low,occlusion,False,low,occlusion,False,low,occlusion,False,low,occlusion,True,medium,none,True,medium,none,True,medium,none,False,low,occlusion,False,low,occlusion,False,low,occlusion,False,low,occlusion,False,low,occlusion,False,low,occlusion,False,low,occlusion,False,low,occlusion,True,medium,none,False,low,occlusion,False,low,occlusion,False,low,occlusion,True,medium,none,True,medium,none,True,medium,none,True,medium,none,True,medium,none,True,medium,none
K01_reach_grasp_001,73,74,1,True,medium,none,True,medium,none,True,medium,none,True,medium,none,True,medium,none,True,medium,none,False,low,occlusion,False,low,occlusion,False,low,occlusion,False,low,occlusion,False,low,occlusion,True,medium,none,True,medium,none,True,medium,none,False,low,occlusion,False,low,occlusion,False,low,occlusion,False,low,occlusion,False,low,occlusion,False,low,occlusion,False,low,occlusion,False,low,occlusion,True,medium,none,False,low,occlusion,False,low,occlusion,False,low,occlusion,True,medium,none,True,medium,none,True,medium,none,True,medium,none,True,medium,none,True,medium,none
K01_reach_grasp_001,74,75,1,True,medium,none,True,medium,none,True,medium,none,True,medium,none,True,medium,none,True,medium,none,False,low,occlusion,False,low,occlusion,False,low,occlusion,False,low,occlusion,False,low,occlusion,True,medium,none,True,medium,none,True,medium,none,False,low,occlusion,False,low,occlusion,False,low,occlusion,False,low,occlusion,False,low,occlusion,False,low,occlusion,False,low,occlusion,False,low,occlusion,True,medium,none,False,low,occlusion,False,low,occlusion,False,low,occlusion,True,medium,none,True,medium,none,True,medium,none,True,medium,none,True,medium,none,True,medium,none
K01_reach_grasp_001,75,76,1,True,medium,none,True,medium,none,True,medium,none,True,medium,none,True,medium,none,True,medium,none,False,low,occlusion,False,low,occlusion,False,low,occlusion,False,low,occlusion,False,low,occlusion,True,medium,none,True,medium,none,True,medium,none,False,low,occlusion,False,low,occlusion,False,low,occlusion,False,low,occlusion,False,low,occlusion,False,low,occlusion,False,low,occlusion,False,low,occlusion,True,medium,none,False,low,occlusion,False,low,occlusion,False,low,occlusion,True,medium,none,True,medium,none,True,medium,none,True,medium,none,True,medium,none,True,medium,none
K01_reach_grasp_001,76,77,1,True,medium,none,True,medium,none,True,medium,none,True,medium,none,True,medium,none,True,medium,none,False,low,occlusion,False,low,occlusion,False,low,occlusion,False,low,occlusion,False,low,occlusion,True,medium,none,True,medium,none,True,medium,none,False,low,occlusion,False,low,occlusion,False,low,occlusion,False,low,occlusion,False,low,occlusion,False,low,occlusion,False,low,occlusion,False,low,occlusion,True,medium,none,False,low,occlusion,False,low,occlusion,False,low,occlusion,True,medium,none,True,medium,none,True,medium,none,True,medium,none,True,medium,none,True,medium,none
K01_reach_grasp_001,77,78,1,True,medium,none,True,medium,none,True,medium,none,True,medium,none,True,medium,none,True,medium,none,False,low,occlusion,False,low,occlusion,False,low,occlusion,False,low,occlusion,False,low,occlusion,True,medium,none,True,medium,none,True,medium,none,False,low,occlusion,False,low,occlusion,False,low,occlusion,False,low,occlusion,False,low,occlusion,False,low,occlusion,False,low,occlusion,False,low,occlusion,True,medium,none,False,low,occlusion,False,low,occlusion,False,low,occlusion,True,medium,none,True,medium,none,True,medium,none,True,medium,none,True,medium,none,True,medium,none
K01_reach_grasp_001,78,79,1,True,medium,none,True,medium,none,True,medium,none,True,medium,none,True,medium,none,True,medium,none,False,low,occlusion,False,low,occlusion,False,low,occlusion,False,low,occlusion,False,low,occlusion,True,medium,none,True,medium,none,True,medium,none,False,low,occlusion,False,low,occlusion,False,low,occlusion,False,low,occlusion,False,low,occlusion,False,low,occlusion,False,low,occlusion,False,low,occlusion,True,medium,none,False,low,occlusion,False,low,occlusion,False,low,occlusion,True,medium,none,True,medium,none,True,medium,none,True,medium,none,True,medium,none,True,medium,none
K01_reach_grasp_001,79,80,1,True,medium,none,True,medium,none,True,medium,none,True,medium,none,True,medium,none,True,medium,none,False,low,occlusion,False,low,occlusion,False,low,occlusion,False,low,occlusion,False,low,occlusion,True,medium,none,True,medium,none,True,medium,none,False,low,occlusion,False,low,occlusion,False,low,occlusion,False,low,occlusion,False,low,occlusion,False,low,occlusion,False,low,occlusion,False,low,occlusion,True,medium,none,False,low,occlusion,False,low,occlusion,False,low,occlusion,True,medium,none,True,medium,none,True,medium,none,True,medium,none,True,medium,none,True,medium,none
K01_reach_grasp_001,80,81,1,True,medium,none,True,medium,none,True,medium,none,True,medium,none,True,medium,none,True,medium,none,False,low,occlusion,False,low,occlusion,False,low,occlusion,False,low,occlusion,False,low,occlusion,True,medium,none,True,medium,none,True,medium,none,False,low,occlusion,False,low,occlusion,False,low,occlusion,False,low,occlusion,False,low,occlusion,False,low,occlusion,False,low,occlusion,False,low,occlusion,True,medium,none,False,low,occlusion,False,low,occlusion,False,low,occlusion,True,medium,none,True,medium,none,True,medium,none,True,medium,none,True,medium,none,True,medium,none
K01_reach_grasp_001,81,82,1,True,medium,none,True,medium,none,True,medium,none,True,medium,none,True,medium,none,True,medium,none,False,low,occlusion,False,low,occlusion,False,low,occlusion,False,low,occlusion,False,low,occlusion,True,medium,none,True,medium,none,True,medium,none,False,low,occlusion,False,low,occlusion,False,low,occlusion,False,low,occlusion,False,low,occlusion,False,low,occlusion,False,low,occlusion,False,low,occlusion,True,medium,none,False,low,occlusion,False,low,occlusion,False,low,occlusion,True,medium,none,True,medium,none,True,medium,none,True,medium,none,True,medium,none,True,medium,none
K01_reach_grasp_001,82,83,1,True,medium,none,True,medium,none,True,medium,none,True,medium,none,True,medium,none,True,medium,none,False,low,occlusion,False,low,occlusion,False,low,occlusion,False,low,occlusion,False,low,occlusion,True,medium,none,True,medium,none,True,medium,none,False,low,occlusion,False,low,occlusion,False,low,occlusion,False,low,occlusion,False,low,occlusion,False,low,occlusion,False,low,occlusion,False,low,occlusion,True,medium,none,False,low,occlusion,False,low,occlusion,False,low,occlusion,True,medium,none,True,medium,none,True,medium,none,True,medium,none,True,medium,none,True,medium,none
K01_reach_grasp_001,83,84,1,True,medium,none,True,medium,none,True,medium,none,True,medium,none,True,medium,none,True,medium,none,False,low,occlusion,False,low,occlusion,False,low,occlusion,False,low,occlusion,False,low,occlusion,True,medium,none,True,medium,none,True,medium,none,False,low,occlusion,False,low,occlusion,False,low,occlusion,False,low,occlusion,False,low,occlusion,False,low,occlusion,False,low,occlusion,False,low,occlusion,True,medium,none,False,low,occlusion,False,low,occlusion,False,low,occlusion,True,medium,none,True,medium,none,True,medium,none,True,medium,none,True,medium,none,True,medium,none
K01_reach_grasp_001,84,85,1,True,medium,none,True,medium,none,True,medium,none,True,medium,none,True,medium,none,True,medium,none,False,low,occlusion,False,low,occlusion,False,low,occlusion,False,low,occlusion,False,low,occlusion,True,medium,none,True,medium,none,True,medium,none,False,low,occlusion,False,low,occlusion,False,low,occlusion,False,low,occlusion,False,low,occlusion,False,low,occlusion,False,low,occlusion,False,low,occlusion,True,medium,none,False,low,occlusion,False,low,occlusion,False,low,occlusion,True,medium,none,True,medium,none,True,medium,none,True,medium,none,True,medium,none,True,medium,none
K01_reach_grasp_001,85,86,1,True,medium,none,True,medium,none,True,medium,none,True,medium,none,True,medium,none,True,medium,none,False,low,occlusion,False,low,occlusion,False,low,occlusion,False,low,occlusion,False,low,occlusion,True,medium,none,True,medium,none,True,medium,none,False,low,occlusion,False,low,occlusion,False,low,occlusion,False,low,occlusion,False,low,occlusion,False,low,occlusion,False,low,occlusion,False,low,occlusion,True,medium,none,False,low,occlusion,False,low,occlusion,False,low,occlusion,True,medium,none,True,medium,none,True,medium,none,True,medium,none,True,medium,none,True,medium,none
K01_reach_grasp_001,86,87,1,True,medium,none,True,medium,none,True,medium,none,True,medium,none,True,medium,none,True,medium,none,False,low,occlusion,False,low,occlusion,False,low,occlusion,False,low,occlusion,False,low,occlusion,True,medium,none,True,medium,none,True,medium,none,False,low,occlusion,False,low,occlusion,False,low,occlusion,False,low,occlusion,False,low,occlusion,False,low,occlusion,False,low,occlusion,False,low,occlusion,True,medium,none,False,low,occlusion,False,low,occlusion,False,low,occlusion,True,medium,none,True,medium,none,True,medium,none,True,medium,none,True,medium,none,True,medium,none
K01_reach_grasp_001,87,88,1,True,medium,none,True,medium,none,True,medium,none,True,medium,none,True,medium,none,True,medium,none,False,low,occlusion,False,low,occlusion,False,low,occlusion,False,low,occlusion,False,low,occlusion,True,medium,none,True,medium,none,True,medium,none,False,low,occlusion,False,low,occlusion,False,low,occlusion,False,low,occlusion,False,low,occlusion,False,low,occlusion,False,low,occlusion,False,low,occlusion,True,medium,none,False,low,occlusion,False,low,occlusion,False,low,occlusion,True,medium,none,True,medium,none,True,medium,none,True,medium,none,True,medium,none,True,medium,none
K01_reach_grasp_001,88,89,1,True,medium,none,True,medium,none,True,medium,none,True,medium,none,True,medium,none,True,medium,none,False,low,occlusion,False,low,occlusion,False,low,occlusion,False,low,occlusion,False,low,occlusion,True,medium,none,True,medium,none,True,medium,none,False,low,occlusion,False,low,occlusion,False,low,occlusion,False,low,occlusion,False,low,occlusion,False,low,occlusion,False,low,occlusion,False,low,occlusion,True,medium,none,False,low,occlusion,False,low,occlusion,False,low,occlusion,True,medium,none,True,medium,none,True,medium,none,True,medium,none,True,medium,none,True,medium,none
K01_reach_grasp_001,89,90,1,True,medium,none,True,medium,none,True,medium,none,True,medium,none,True,medium,none,True,medium,none,False,low,occlusion,False,low,occlusion,False,low,occlusion,False,low,occlusion,False,low,occlusion,True,medium,none,True,medium,none,True,medium,none,False,low,occlusion,False,low,occlusion,False,low,occlusion,False,low,occlusion,False,low,occlusion,False,low,occlusion,False,low,occlusion,False,low,occlusion,True,medium,none,False,low,occlusion,False,low,occlusion,False,low,occlusion,True,medium,none,True,medium,none,True,medium,none,True,medium,none,True,medium,none,True,medium,none
K01_reach_grasp_001,90,91,1,True,medium,none,True,medium,none,True,medium,none,True,medium,none,True,medium,none,True,medium,none,False,low,occlusion,False,low,occlusion,False,low,occlusion,False,low,occlusion,False,low,occlusion,True,medium,none,True,medium,none,True,medium,none,False,low,occlusion,False,low,occlusion,False,low,occlusion,False,low,occlusion,False,low,occlusion,False,low,occlusion,False,low,occlusion,False,low,occlusion,True,medium,none,False,low,occlusion,False,low,occlusion,False,low,occlusion,True,medium,none,True,medium,none,True,medium,none,True,medium,none,True,medium,none,True,medium,none
K01_reach_grasp_001,91,92,1,True,medium,none,True,medium,none,True,medium,none,True,medium,none,True,medium,none,True,medium,none,False,low,occlusion,False,low,occlusion,False,low,occlusion,False,low,occlusion,False,low,occlusion,True,medium,none,True,medium,none,True,medium,none,False,low,occlusion,False,low,occlusion,False,low,occlusion,False,low,occlusion,False,low,occlusion,False,low,occlusion,False,low,occlusion,False,low,occlusion,True,medium,none,False,low,occlusion,False,low,occlusion,False,low,occlusion,True,medium,none,True,medium,none,True,medium,none,True,medium,none,True,medium,none,True,medium,none
K01_reach_grasp_001,92,93,1,True,medium,none,True,medium,none,True,medium,none,True,medium,none,True,medium,none,True,medium,none,False,low,occlusion,False,low,occlusion,False,low,occlusion,False,low,occlusion,False,low,occlusion,True,medium,none,True,medium,none,True,medium,none,False,low,occlusion,False,low,occlusion,False,low,occlusion,False,low,occlusion,False,low,occlusion,False,low,occlusion,False,low,occlusion,False,low,occlusion,True,medium,none,False,low,occlusion,False,low,occlusion,False,low,occlusion,True,medium,none,True,medium,none,True,medium,none,True,medium,none,True,medium,none,True,medium,none
K01_reach_grasp_001,93,94,1,True,medium,none,True,medium,none,True,medium,none,True,medium,none,True,medium,none,True,medium,none,False,low,occlusion,False,low,occlusion,False,low,occlusion,False,low,occlusion,False,low,occlusion,True,medium,none,True,medium,none,True,medium,none,False,low,occlusion,False,low,occlusion,False,low,occlusion,False,low,occlusion,False,low,occlusion,False,low,occlusion,False,low,occlusion,False,low,occlusion,True,medium,none,False,low,occlusion,False,low,occlusion,False,low,occlusion,True,medium,none,True,medium,none,True,medium,none,True,medium,none,True,medium,none,True,medium,none
K01_reach_grasp_001,94,95,1,True,medium,none,True,medium,none,True,medium,none,True,medium,none,True,medium,none,True,medium,none,False,low,occlusion,False,low,occlusion,False,low,occlusion,False,low,occlusion,False,low,occlusion,True,medium,none,True,medium,none,True,medium,none,False,low,occlusion,False,low,occlusion,False,low,occlusion,False,low,occlusion,False,low,occlusion,False,low,occlusion,False,low,occlusion,False,low,occlusion,True,medium,none,False,low,occlusion,False,low,occlusion,False,low,occlusion,True,medium,none,True,medium,none,True,medium,none,True,medium,none,True,medium,none,True,medium,none
K01_reach_grasp_001,95,96,1,True,medium,none,True,medium,none,True,medium,none,True,medium,none,True,medium,none,True,medium,none,False,low,occlusion,False,low,occlusion,False,low,occlusion,False,low,occlusion,False,low,occlusion,True,medium,none,True,medium,none,True,medium,none,False,low,occlusion,False,low,occlusion,False,low,occlusion,False,low,occlusion,False,low,occlusion,False,low,occlusion,False,low,occlusion,False,low,occlusion,True,medium,none,False,low,occlusion,False,low,occlusion,False,low,occlusion,True,medium,none,True,medium,none,True,medium,none,True,medium,none,True,medium,none,True,medium,none
K01_reach_grasp_001,96,97,1,True,medium,none,True,medium,none,True,medium,none,True,medium,none,True,medium,none,True,medium,none,False,low,occlusion,False,low,occlusion,False,low,occlusion,False,low,occlusion,False,low,occlusion,True,medium,none,True,medium,none,True,medium,none,False,low,occlusion,False,low,occlusion,False,low,occlusion,False,low,occlusion,False,low,occlusion,False,low,occlusion,False,low,occlusion,False,low,occlusion,True,medium,none,False,low,occlusion,False,low,occlusion,False,low,occlusion,True,medium,none,True,medium,none,True,medium,none,True,medium,none,True,medium,none,True,medium,none
K01_reach_grasp_001,97,98,1,True,medium,none,True,medium,none,True,medium,none,True,medium,none,True,medium,none,True,medium,none,False,low,occlusion,False,low,occlusion,False,low,occlusion,False,low,occlusion,False,low,occlusion,True,medium,none,True,medium,none,True,medium,none,False,low,occlusion,False,low,occlusion,False,low,occlusion,False,low,occlusion,False,low,occlusion,False,low,occlusion,False,low,occlusion,False,low,occlusion,True,medium,none,False,low,occlusion,False,low,occlusion,False,low,occlusion,True,medium,none,True,medium,none,True,medium,none,True,medium,none,True,medium,none,True,medium,none
K01_reach_grasp_001,98,99,1,True,medium,none,True,medium,none,True,medium,none,True,medium,none,True,medium,none,True,medium,none,False,low,occlusion,False,low,occlusion,False,low,occlusion,False,low,occlusion,False,low,occlusion,True,medium,none,True,medium,none,True,medium,none,True,medium,none,True,medium,none,True,medium,none,True,medium,none,False,low,occlusion,False,low,occlusion,False,low,occlusion,False,low,occlusion,True,medium,none,False,low,occlusion,False,low,occlusion,False,low,occlusion,True,medium,none,True,medium,none,True,medium,none,True,medium,none,True,medium,none,True,medium,none
K01_reach_grasp_001,99,100,1,True,medium,none,True,medium,none,True,medium,none,True,medium,none,True,medium,none,True,medium,none,False,low,occlusion,False,low,occlusion,False,low,occlusion,False,low,occlusion,False,low,occlusion,True,medium,none,True,medium,none,True,medium,none,False,low,occlusion,False,low,occlusion,False,low,occlusion,False,low,occlusion,False,low,occlusion,False,low,occlusion,False,low,occlusion,False,low,occlusion,True,medium,none,False,low,occlusion,False,low,occlusion,False,low,occlusion,True,medium,none,True,medium,none,True,medium,none,True,medium,none,True,medium,none,True,medium,none
K01_reach_grasp_001,100,101,1,True,medium,none,True,medium,none,True,medium,none,True,medium,none,True,medium,none,True,medium,none,False,low,occlusion,False,low,occlusion,False,low,occlusion,False,low,occlusion,False,low,occlusion,True,medium,none,True,medium,none,True,medium,none,False,low,occlusion,False,low,occlusion,False,low,occlusion,False,low,occlusion,False,low,occlusion,False,low,occlusion,False,low,occlusion,False,low,occlusion,True,medium,none,False,low,occlusion,False,low,occlusion,False,low,occlusion,True,medium,none,True,medium,none,True,medium,none,True,medium,none,True,medium,none,True,medium,none
K01_reach_grasp_001,101,102,1,True,medium,none,True,medium,none,True,medium,none,True,medium,none,True,medium,none,True,medium,none,False,low,occlusion,False,low,occlusion,False,low,occlusion,False,low,occlusion,False,low,occlusion,True,medium,none,True,medium,none,True,medium,none,False,low,occlusion,False,low,occlusion,False,low,occlusion,False,low,occlusion,False,low,occlusion,False,low,occlusion,False,low,occlusion,False,low,occlusion,True,medium,none,False,low,occlusion,False,low,occlusion,False,low,occlusion,True,medium,none,True,medium,none,True,medium,none,True,medium,none,True,medium,none,True,medium,none
K01_reach_grasp_001,102,103,1,True,medium,none,True,medium,none,True,medium,none,True,medium,none,True,medium,none,True,medium,none,False,low,occlusion,False,low,occlusion,False,low,occlusion,False,low,occlusion,False,low,occlusion,True,medium,none,True,medium,none,True,medium,none,False,low,occlusion,False,low,occlusion,False,low,occlusion,False,low,occlusion,False,low,occlusion,False,low,occlusion,False,low,occlusion,False,low,occlusion,True,medium,none,False,low,occlusion,False,low,occlusion,False,low,occlusion,True,medium,none,True,medium,none,True,medium,none,True,medium,none,True,medium,none,True,medium,none
K01_reach_grasp_001,103,104,1,True,medium,none,True,medium,none,True,medium,none,True,medium,none,True,medium,none,True,medium,none,False,low,occlusion,False,low,occlusion,False,low,occlusion,False,low,occlusion,False,low,occlusion,True,medium,none,True,medium,none,True,medium,none,True,medium,none,True,medium,none,True,medium,none,True,medium,none,True,medium,none,False,low,occlusion,False,low,occlusion,False,low,occlusion,True,medium,none,False,low,occlusion,False,low,occlusion,False,low,occlusion,True,medium,none,True,medium,none,True,medium,none,True,medium,none,True,medium,none,True,medium,none
K01_reach_grasp_001,104,105,1,True,medium,none,True,medium,none,True,medium,none,True,medium,none,True,medium,none,True,medium,none,False,low,occlusion,False,low,occlusion,False,low,occlusion,False,low,occlusion,False,low,occlusion,True,medium,none,True,medium,none,True,medium,none,False,low,occlusion,False,low,occlusion,False,low,occlusion,False,low,occlusion,False,low,occlusion,False,low,occlusion,False,low,occlusion,False,low,occlusion,True,medium,none,False,low,occlusion,False,low,occlusion,False,low,occlusion,True,medium,none,True,medium,none,True,medium,none,True,medium,none,True,medium,none,True,medium,none
K01_reach_grasp_001,105,106,1,True,medium,none,True,medium,none,True,medium,none,True,medium,none,True,medium,none,True,medium,none,False,low,occlusion,False,low,occlusion,False,low,occlusion,False,low,occlusion,False,low,occlusion,True,medium,none,True,medium,none,True,medium,none,False,low,occlusion,False,low,occlusion,False,low,occlusion,False,low,occlusion,False,low,occlusion,False,low,occlusion,False,low,occlusion,False,low,occlusion,True,medium,none,False,low,occlusion,False,low,occlusion,False,low,occlusion,True,medium,none,True,medium,none,True,medium,none,True,medium,none,True,medium,none,True,medium,none
K01_reach_grasp_001,106,107,1,True,medium,none,True,medium,none,True,medium,none,True,medium,none,True,medium,none,True,medium,none,False,low,occlusion,False,low,occlusion,False,low,occlusion,False,low,occlusion,False,low,occlusion,True,medium,none,True,medium,none,True,medium,none,True,medium,none,True,medium,none,True,medium,none,True,medium,none,True,medium,none,False,low,occlusion,False,low,occlusion,False,low,occlusion,True,medium,none,False,low,occlusion,False,low,occlusion,False,low,occlusion,True,medium,none,True,medium,none,True,medium,none,True,medium,none,True,medium,none,True,medium,none
K01_reach_grasp_001,107,108,1,True,medium,none,True,medium,none,True,medium,none,True,medium,none,True,medium,none,True,medium,none,False,low,occlusion,False,low,occlusion,False,low,occlusion,False,low,occlusion,False,low,occlusion,True,medium,none,True,medium,none,True,medium,none,True,medium,none,True,medium,none,True,medium,none,True,medium,none,False,low,occlusion,False,low,occlusion,False,low,occlusion,False,low,occlusion,True,medium,none,False,low,occlusion,False,low,occlusion,False,low,occlusion,True,medium,none,True,medium,none,True,medium,none,True,medium,none,True,medium,none,True,medium,none
K01_reach_grasp_001,108,109,1,True,medium,none,True,medium,none,True,medium,none,True,medium,none,True,medium,none,True,medium,none,False,low,occlusion,False,low,occlusion,False,low,occlusion,False,low,occlusion,False,low,occlusion,True,medium,none,True,medium,none,True,medium,none,True,medium,none,True,medium,none,True,medium,none,True,medium,none,False,low,occlusion,False,low,occlusion,False,low,occlusion,False,low,occlusion,True,medium,none,False,low,occlusion,False,low,occlusion,False,low,occlusion,True,medium,none,True,medium,none,True,medium,none,True,medium,none,True,medium,none,True,medium,none
K01_reach_grasp_001,109,110,1,True,medium,none,True,medium,none,True,medium,none,True,medium,none,True,medium,none,True,medium,none,False,low,occlusion,False,low,occlusion,False,low,occlusion,False,low,occlusion,False,low,occlusion,True,medium,none,True,medium,none,True,medium,none,True,medium,none,True,medium,none,True,medium,none,True,medium,none,True,medium,none,False,low,occlusion,False,low,occlusion,False,low,occlusion,True,medium,none,False,low,occlusion,False,low,occlusion,False,low,occlusion,True,medium,none,True,medium,none,True,medium,none,True,medium,none,True,medium,none,True,medium,none
K01_reach_grasp_001,110,111,1,True,medium,none,True,medium,none,True,medium,none,True,medium,none,True,medium,none,True,medium,none,False,low,occlusion,False,low,occlusion,False,low,occlusion,False,low,occlusion,False,low,occlusion,True,medium,none,True,medium,none,True,medium,none,True,medium,none,True,medium,none,True,medium,none,True,medium,none,True,medium,none,False,low,occlusion,False,low,occlusion,False,low,occlusion,True,medium,none,False,low,occlusion,False,low,occlusion,False,low,occlusion,True,medium,none,True,medium,none,True,medium,none,True,medium,none,True,medium,none,True,medium,none
K01_reach_grasp_001,111,112,1,True,medium,none,True,medium,none,True,medium,none,True,medium,none,True,medium,none,True,medium,none,False,low,occlusion,False,low,occlusion,False,low,occlusion,False,low,occlusion,False,low,occlusion,True,medium,none,True,medium,none,True,medium,none,True,medium,none,True,medium,none,True,medium,none,True,medium,none,True,medium,none,False,low,occlusion,False,low,occlusion,False,low,occlusion,True,medium,none,False,low,occlusion,False,low,occlusion,False,low,occlusion,True,medium,none,True,medium,none,True,medium,none,True,medium,none,True,medium,none,True,medium,none
K01_reach_grasp_001,112,113,1,True,medium,none,True,medium,none,True,medium,none,True,medium,none,True,medium,none,True,medium,none,False,low,occlusion,False,low,occlusion,False,low,occlusion,False,low,occlusion,False,low,occlusion,True,medium,none,True,medium,none,True,medium,none,True,medium,none,True,medium,none,True,medium,none,True,medium,none,True,medium,none,False,low,occlusion,False,low,occlusion,False,low,occlusion,True,medium,none,False,low,occlusion,False,low,occlusion,False,low,occlusion,True,medium,none,True,medium,none,True,medium,none,True,medium,none,True,medium,none,True,medium,none
K01_reach_grasp_001,113,114,1,True,medium,none,True,medium,none,True,medium,none,True,medium,none,True,medium,none,True,medium,none,False,low,occlusion,False,low,occlusion,False,low,occlusion,False,low,occlusion,False,low,occlusion,True,medium,none,True,medium,none,True,medium,none,True,medium,none,True,medium,none,True,medium,none,False,low,occlusion,True,medium,none,False,low,occlusion,False,low,occlusion,False,low,occlusion,True,medium,none,False,low,occlusion,False,low,occlusion,False,low,occlusion,True,medium,none,True,medium,none,True,medium,none,True,medium,none,True,medium,none,True,medium,none
K01_reach_grasp_001,114,115,1,True,medium,none,True,medium,none,True,medium,none,True,medium,none,True,medium,none,True,medium,none,False,low,occlusion,False,low,occlusion,False,low,occlusion,False,low,occlusion,False,low,occlusion,True,medium,none,True,medium,none,True,medium,none,True,medium,none,True,medium,none,True,medium,none,True,medium,none,True,medium,none,False,low,occlusion,False,low,occlusion,False,low,occlusion,True,medium,none,False,low,occlusion,False,low,occlusion,False,low,occlusion,True,medium,none,True,medium,none,True,medium,none,True,medium,none,True,medium,none,True,medium,none
K01_reach_grasp_001,115,116,1,True,medium,none,True,medium,none,True,medium,none,True,medium,none,True,medium,none,True,medium,none,False,low,occlusion,False,low,occlusion,False,low,occlusion,False,low,occlusion,False,low,occlusion,True,medium,none,True,medium,none,True,medium,none,True,medium,none,True,medium,none,True,medium,none,True,medium,none,True,medium,none,False,low,occlusion,False,low,occlusion,False,low,occlusion,True,medium,none,False,low,occlusion,False,low,occlusion,False,low,occlusion,True,medium,none,True,medium,none,True,medium,none,True,medium,none,True,medium,none,True,medium,none
K01_reach_grasp_001,116,117,1,True,medium,none,True,medium,none,True,medium,none,True,medium,none,True,medium,none,True,medium,none,False,low,occlusion,False,low,occlusion,False,low,occlusion,False,low,occlusion,False,low,occlusion,True,medium,none,True,medium,none,True,medium,none,True,medium,none,True,medium,none,True,medium,none,True,medium,none,False,low,occlusion,False,low,occlusion,False,low,occlusion,False,low,occlusion,True,medium,none,False,low,occlusion,False,low,occlusion,False,low,occlusion,True,medium,none,True,medium,none,True,medium,none,True,medium,none,True,medium,none,True,medium,none
K01_reach_grasp_001,117,118,1,True,medium,none,True,medium,none,True,medium,none,True,medium,none,True,medium,none,True,medium,none,False,low,occlusion,False,low,occlusion,False,low,occlusion,False,low,occlusion,False,low,occlusion,True,medium,none,True,medium,none,True,medium,none,True,medium,none,True,medium,none,True,medium,none,True,medium,none,True,medium,none,False,low,occlusion,False,low,occlusion,False,low,occlusion,True,medium,none,False,low,occlusion,False,low,occlusion,False,low,occlusion,True,medium,none,True,medium,none,True,medium,none,True,medium,none,True,medium,none,True,medium,none
K01_reach_grasp_001,118,119,1,True,medium,none,True,medium,none,True,medium,none,True,medium,none,True,medium,none,True,medium,none,False,low,occlusion,False,low,occlusion,False,low,occlusion,False,low,occlusion,False,low,occlusion,True,medium,none,True,medium,none,True,medium,none,True,medium,none,True,medium,none,True,medium,none,True,medium,none,True,medium,none,False,low,occlusion,False,low,occlusion,False,low,occlusion,True,medium,none,False,low,occlusion,False,low,occlusion,False,low,occlusion,True,medium,none,True,medium,none,True,medium,none,True,medium,none,True,medium,none,True,medium,none
K01_reach_grasp_001,119,120,1,True,medium,none,True,medium,none,True,medium,none,True,medium,none,True,medium,none,True,medium,none,False,low,occlusion,False,low,occlusion,False,low,occlusion,False,low,occlusion,False,low,occlusion,True,medium,none,True,medium,none,True,medium,none,True,medium,none,True,medium,none,True,medium,none,True,medium,none,True,medium,none,False,low,occlusion,False,low,occlusion,False,low,occlusion,True,medium,none,False,low,occlusion,False,low,occlusion,False,low,occlusion,True,medium,none,True,medium,none,True,medium,none,True,medium,none,True,medium,none,True,medium,none
K01_reach_grasp_001,120,121,1,True,medium,none,True,medium,none,True,medium,none,True,medium,none,True,medium,none,True,medium,none,False,low,occlusion,False,low,occlusion,False,low,occlusion,False,low,occlusion,False,low,occlusion,True,medium,none,True,medium,none,True,medium,none,True,medium,none,True,medium,none,True,medium,none,True,medium,none,True,medium,none,False,low,occlusion,False,low,occlusion,False,low,occlusion,True,medium,none,False,low,occlusion,False,low,occlusion,False,low,occlusion,True,medium,none,True,medium,none,True,medium,none,True,medium,none,True,medium,none,True,medium,none
K01_reach_grasp_001,121,122,1,True,medium,none,True,medium,none,True,medium,none,True,medium,none,True,medium,none,True,medium,none,False,low,occlusion,False,low,occlusion,False,low,occlusion,False,low,occlusion,False,low,occlusion,True,medium,none,True,medium,none,True,medium,none,True,medium,none,True,medium,none,True,medium,none,True,medium,none,True,medium,none,False,low,occlusion,False,low,occlusion,False,low,occlusion,True,medium,none,False,low,occlusion,False,low,occlusion,False,low,occlusion,True,medium,none,True,medium,none,True,medium,none,True,medium,none,True,medium,none,True,medium,none
K01_reach_grasp_001,122,123,1,True,medium,none,True,medium,none,True,medium,none,True,medium,none,True,medium,none,True,medium,none,False,low,occlusion,False,low,occlusion,False,low,occlusion,False,low,occlusion,False,low,occlusion,True,medium,none,True,medium,none,True,medium,none,True,medium,none,True,medium,none,True,medium,none,True,medium,none,True,medium,none,False,low,occlusion,False,low,occlusion,False,low,occlusion,True,medium,none,False,low,occlusion,False,low,occlusion,False,low,occlusion,True,medium,none,True,medium,none,True,medium,none,True,medium,none,True,medium,none,True,medium,none
K01_reach_grasp_001,123,124,1,True,medium,none,True,medium,none,True,medium,none,True,medium,none,True,medium,none,True,medium,none,False,low,occlusion,False,low,occlusion,False,low,occlusion,False,low,occlusion,False,low,occlusion,True,medium,none,True,medium,none,True,medium,none,True,medium,none,True,medium,none,True,medium,none,True,medium,none,True,medium,none,False,low,occlusion,False,low,occlusion,False,low,occlusion,True,medium,none,False,low,occlusion,False,low,occlusion,False,low,occlusion,True,medium,none,True,medium,none,True,medium,none,True,medium,none,True,medium,none,True,medium,none
K01_reach_grasp_001,124,125,1,True,medium,none,True,medium,none,True,medium,none,True,medium,none,True,medium,none,True,medium,none,False,low,occlusion,False,low,occlusion,False,low,occlusion,False,low,occlusion,False,low,occlusion,True,medium,none,True,medium,none,True,medium,none,True,medium,none,True,medium,none,True,medium,none,True,medium,none,True,medium,none,False,low,occlusion,False,low,occlusion,False,low,occlusion,True,medium,none,False,low,occlusion,False,low,occlusion,False,low,occlusion,True,medium,none,True,medium,none,True,medium,none,True,medium,none,True,medium,none,True,medium,none
K01_reach_grasp_001,125,126,1,True,medium,none,True,medium,none,True,medium,none,True,medium,none,True,medium,none,True,medium,none,False,low,occlusion,False,low,occlusion,False,low,occlusion,False,low,occlusion,False,low,occlusion,True,medium,none,True,medium,none,True,medium,none,True,medium,none,True,medium,none,True,medium,none,True,medium,none,True,medium,none,False,low,occlusion,False,low,occlusion,False,low,occlusion,True,medium,none,False,low,occlusion,False,low,occlusion,False,low,occlusion,True,medium,none,True,medium,none,True,medium,none,True,medium,none,True,medium,none,True,medium,none
K01_reach_grasp_001,126,127,1,True,medium,none,True,medium,none,True,medium,none,True,medium,none,True,medium,none,True,medium,none,False,low,occlusion,False,low,occlusion,False,low,occlusion,False,low,occlusion,False,low,occlusion,True,medium,none,True,medium,none,True,medium,none,True,medium,none,True,medium,none,True,medium,none,True,medium,none,True,medium,none,False,low,occlusion,False,low,occlusion,False,low,occlusion,True,medium,none,False,low,occlusion,False,low,occlusion,False,low,occlusion,True,medium,none,True,medium,none,True,medium,none,True,medium,none,True,medium,none,True,medium,none
K01_reach_grasp_001,127,128,1,True,medium,none,True,medium,none,True,medium,none,True,medium,none,True,medium,none,True,medium,none,False,low,occlusion,False,low,occlusion,False,low,occlusion,False,low,occlusion,False,low,occlusion,True,medium,none,True,medium,none,True,medium,none,True,medium,none,True,medium,none,True,medium,none,True,medium,none,True,medium,none,False,low,occlusion,False,low,occlusion,False,low,occlusion,True,medium,none,False,low,occlusion,False,low,occlusion,False,low,occlusion,True,medium,none,True,medium,none,True,medium,none,True,medium,none,True,medium,none,True,medium,none
K01_reach_grasp_001,128,129,1,True,medium,none,True,medium,none,True,medium,none,True,medium,none,True,medium,none,True,medium,none,False,low,occlusion,False,low,occlusion,False,low,occlusion,False,low,occlusion,False,low,occlusion,True,medium,none,True,medium,none,True,medium,none,True,medium,none,True,medium,none,True,medium,none,True,medium,none,True,medium,none,False,low,occlusion,False,low,occlusion,False,low,occlusion,True,medium,none,False,low,occlusion,False,low,occlusion,False,low,occlusion,True,medium,none,True,medium,none,True,medium,none,True,medium,none,True,medium,none,True,medium,none
K01_reach_grasp_001,129,130,1,True,medium,none,True,medium,none,True,medium,none,True,medium,none,True,medium,none,True,medium,none,False,low,occlusion,False,low,occlusion,False,low,occlusion,False,low,occlusion,False,low,occlusion,True,medium,none,True,medium,none,True,medium,none,True,medium,none,True,medium,none,True,medium,none,True,medium,none,True,medium,none,False,low,occlusion,False,low,occlusion,False,low,occlusion,True,medium,none,False,low,occlusion,False,low,occlusion,False,low,occlusion,True,medium,none,True,medium,none,True,medium,none,True,medium,none,True,medium,none,True,medium,none
K01_reach_grasp_001,130,131,1,True,medium,none,True,medium,none,True,medium,none,True,medium,none,True,medium,none,True,medium,none,False,low,occlusion,False,low,occlusion,False,low,occlusion,False,low,occlusion,False,low,occlusion,True,medium,none,True,medium,none,True,medium,none,True,medium,none,True,medium,none,True,medium,none,True,medium,none,True,medium,none,False,low,occlusion,False,low,occlusion,False,low,occlusion,True,medium,none,False,low,occlusion,False,low,occlusion,False,low,occlusion,True,medium,none,True,medium,none,True,medium,none,True,medium,none,True,medium,none,True,medium,none
K01_reach_grasp_001,131,132,1,True,medium,none,True,medium,none,True,medium,none,True,medium,none,True,medium,none,True,medium,none,False,low,occlusion,False,low,occlusion,False,low,occlusion,False,low,occlusion,False,low,occlusion,True,medium,none,True,medium,none,True,medium,none,True,medium,none,True,medium,none,True,medium,none,True,medium,none,True,medium,none,False,low,occlusion,False,low,occlusion,False,low,occlusion,True,medium,none,False,low,occlusion,False,low,occlusion,False,low,occlusion,True,medium,none,True,medium,none,True,medium,none,True,medium,none,True,medium,none,True,medium,none
K01_reach_grasp_001,132,133,1,True,medium,none,True,medium,none,True,medium,none,True,medium,none,True,medium,none,True,medium,none,False,low,occlusion,False,low,occlusion,False,low,occlusion,False,low,occlusion,False,low,occlusion,True,medium,none,True,medium,none,True,medium,none,True,medium,none,True,medium,none,True,medium,none,True,medium,none,True,medium,none,False,low,occlusion,False,low,occlusion,False,low,occlusion,True,medium,none,False,low,occlusion,False,low,occlusion,False,low,occlusion,True,medium,none,True,medium,none,True,medium,none,True,medium,none,True,medium,none,True,medium,none
K01_reach_grasp_001,133,134,1,True,medium,none,True,medium,none,True,medium,none,True,medium,none,True,medium,none,True,medium,none,False,low,occlusion,False,low,occlusion,False,low,occlusion,False,low,occlusion,False,low,occlusion,True,medium,none,True,medium,none,True,medium,none,False,low,occlusion,False,low,occlusion,False,low,occlusion,False,low,occlusion,True,medium,none,False,low,occlusion,False,low,occlusion,False,low,occlusion,True,medium,none,False,low,occlusion,False,low,occlusion,False,low,occlusion,True,medium,none,True,medium,none,True,medium,none,True,medium,none,True,medium,none,True,medium,none
K01_reach_grasp_001,134,135,1,True,medium,none,True,medium,none,True,medium,none,True,medium,none,True,medium,none,True,medium,none,False,low,occlusion,False,low,occlusion,False,low,occlusion,False,low,occlusion,False,low,occlusion,True,medium,none,True,medium,none,True,medium,none,False,low,occlusion,False,low,occlusion,False,low,occlusion,False,low,occlusion,True,medium,none,False,low,occlusion,False,low,occlusion,False,low,occlusion,True,medium,none,False,low,occlusion,False,low,occlusion,False,low,occlusion,True,medium,none,True,medium,none,True,medium,none,True,medium,none,True,medium,none,True,medium,none
K01_reach_grasp_001,135,136,1,True,medium,none,True,medium,none,True,medium,none,True,medium,none,True,medium,none,True,medium,none,False,low,occlusion,False,low,occlusion,False,low,occlusion,False,low,occlusion,False,low,occlusion,True,medium,none,True,medium,none,True,medium,none,False,low,occlusion,False,low,occlusion,False,low,occlusion,False,low,occlusion,True,medium,none,False,low,occlusion,False,low,occlusion,False,low,occlusion,True,medium,none,False,low,occlusion,False,low,occlusion,False,low,occlusion,True,medium,none,True,medium,none,True,medium,none,True,medium,none,True,medium,none,True,medium,none
K01_reach_grasp_001,136,137,1,True,medium,none,True,medium,none,True,medium,none,True,medium,none,True,medium,none,True,medium,none,False,low,occlusion,False,low,occlusion,False,low,occlusion,False,low,occlusion,False,low,occlusion,True,medium,none,True,medium,none,True,medium,none,False,low,occlusion,False,low,occlusion,False,low,occlusion,False,low,occlusion,True,medium,none,False,low,occlusion,False,low,occlusion,False,low,occlusion,True,medium,none,False,low,occlusion,False,low,occlusion,False,low,occlusion,True,medium,none,True,medium,none,True,medium,none,True,medium,none,True,medium,none,True,medium,none
K01_reach_grasp_001,137,138,1,True,medium,none,True,medium,none,True,medium,none,True,medium,none,True,medium,none,True,medium,none,False,low,occlusion,False,low,occlusion,False,low,occlusion,False,low,occlusion,False,low,occlusion,True,medium,none,True,medium,none,True,medium,none,False,low,occlusion,False,low,occlusion,False,low,occlusion,False,low,occlusion,True,medium,none,False,low,occlusion,False,low,occlusion,False,low,occlusion,True,medium,none,False,low,occlusion,False,low,occlusion,False,low,occlusion,True,medium,none,True,medium,none,True,medium,none,True,medium,none,True,medium,none,True,medium,none
K01_reach_grasp_001,138,139,1,True,medium,none,True,medium,none,True,medium,none,True,medium,none,True,medium,none,True,medium,none,False,low,occlusion,False,low,occlusion,False,low,occlusion,False,low,occlusion,False,low,occlusion,True,medium,none,True,medium,none,True,medium,none,False,low,occlusion,False,low,occlusion,False,low,occlusion,False,low,occlusion,True,medium,none,False,low,occlusion,False,low,occlusion,False,low,occlusion,True,medium,none,False,low,occlusion,False,low,occlusion,False,low,occlusion,True,medium,none,True,medium,none,True,medium,none,True,medium,none,True,medium,none,True,medium,none
K01_reach_grasp_001,139,140,1,True,medium,none,True,medium,none,True,medium,none,True,medium,none,True,medium,none,True,medium,none,False,low,occlusion,False,low,occlusion,False,low,occlusion,False,low,occlusion,False,low,occlusion,True,medium,none,True,medium,none,True,medium,none,False,low,occlusion,False,low,occlusion,False,low,occlusion,False,low,occlusion,True,medium,none,False,low,occlusion,False,low,occlusion,False,low,occlusion,True,medium,none,False,low,occlusion,False,low,occlusion,False,low,occlusion,True,medium,none,True,medium,none,True,medium,none,True,medium,none,True,medium,none,True,medium,none
K01_reach_grasp_001,140,141,1,True,medium,none,True,medium,none,True,medium,none,True,medium,none,True,medium,none,True,medium,none,False,low,occlusion,False,low,occlusion,False,low,occlusion,False,low,occlusion,False,low,occlusion,True,medium,none,True,medium,none,True,medium,none,False,low,occlusion,False,low,occlusion,False,low,occlusion,False,low,occlusion,True,medium,none,False,low,occlusion,False,low,occlusion,False,low,occlusion,True,medium,none,False,low,occlusion,False,low,occlusion,False,low,occlusion,True,medium,none,True,medium,none,True,medium,none,True,medium,none,True,medium,none,True,medium,none
K01_reach_grasp_001,141,142,1,True,medium,none,True,medium,none,True,medium,none,True,medium,none,True,medium,none,True,medium,none,False,low,occlusion,False,low,occlusion,False,low,occlusion,False,low,occlusion,False,low,occlusion,True,medium,none,True,medium,none,True,medium,none,False,low,occlusion,False,low,occlusion,False,low,occlusion,False,low,occlusion,True,medium,none,False,low,occlusion,False,low,occlusion,False,low,occlusion,True,medium,none,False,low,occlusion,False,low,occlusion,False,low,occlusion,True,medium,none,True,medium,none,True,medium,none,True,medium,none,True,medium,none,True,medium,none
K01_reach_grasp_001,142,143,1,True,medium,none,True,medium,none,True,medium,none,True,medium,none,True,medium,none,True,medium,none,False,low,occlusion,False,low,occlusion,False,low,occlusion,False,low,occlusion,False,low,occlusion,True,medium,none,True,medium,none,True,medium,none,False,low,occlusion,False,low,occlusion,False,low,occlusion,False,low,occlusion,True,medium,none,False,low,occlusion,False,low,occlusion,False,low,occlusion,True,medium,none,False,low,occlusion,False,low,occlusion,False,low,occlusion,True,medium,none,True,medium,none,True,medium,none,True,medium,none,True,medium,none,True,medium,none
K01_reach_grasp_001,143,144,1,True,medium,none,True,medium,none,True,medium,none,True,medium,none,True,medium,none,True,medium,none,False,low,occlusion,False,low,occlusion,False,low,occlusion,False,low,occlusion,False,low,occlusion,True,medium,none,True,medium,none,True,medium,none,False,low,occlusion,False,low,occlusion,False,low,occlusion,False,low,occlusion,True,medium,none,False,low,occlusion,False,low,occlusion,False,low,occlusion,True,medium,none,False,low,occlusion,False,low,occlusion,False,low,occlusion,True,medium,none,True,medium,none,True,medium,none,True,medium,none,True,medium,none,True,medium,none
K01_reach_grasp_001,144,145,1,True,medium,none,True,medium,none,True,medium,none,True,medium,none,True,medium,none,True,medium,none,False,low,occlusion,False,low,occlusion,False,low,occlusion,False,low,occlusion,False,low,occlusion,True,medium,none,True,medium,none,True,medium,none,False,low,occlusion,False,low,occlusion,False,low,occlusion,False,low,occlusion,True,medium,none,False,low,occlusion,False,low,occlusion,False,low,occlusion,True,medium,none,False,low,occlusion,False,low,occlusion,False,low,occlusion,True,medium,none,True,medium,none,True,medium,none,True,medium,none,True,medium,none,True,medium,none
K01_reach_grasp_001,145,146,1,True,medium,none,True,medium,none,True,medium,none,True,medium,none,True,medium,none,True,medium,none,False,low,occlusion,False,low,occlusion,False,low,occlusion,False,low,occlusion,False,low,occlusion,True,medium,none,True,medium,none,True,medium,none,False,low,occlusion,False,low,occlusion,False,low,occlusion,False,low,occlusion,True,medium,none,False,low,occlusion,False,low,occlusion,False,low,occlusion,True,medium,none,False,low,occlusion,False,low,occlusion,False,low,occlusion,True,medium,none,True,medium,none,True,medium,none,True,medium,none,True,medium,none,True,medium,none
K01_reach_grasp_001,146,147,1,True,medium,none,True,medium,none,True,medium,none,True,medium,none,True,medium,none,True,medium,none,False,low,occlusion,False,low,occlusion,False,low,occlusion,False,low,occlusion,False,low,occlusion,True,medium,none,True,medium,none,True,medium,none,False,low,occlusion,False,low,occlusion,False,low,occlusion,False,low,occlusion,True,medium,none,False,low,occlusion,False,low,occlusion,False,low,occlusion,True,medium,none,False,low,occlusion,False,low,occlusion,False,low,occlusion,True,medium,none,True,medium,none,True,medium,none,True,medium,none,True,medium,none,True,medium,none
K01_reach_grasp_001,147,148,1,True,medium,none,True,medium,none,True,medium,none,True,medium,none,True,medium,none,True,medium,none,False,low,occlusion,False,low,occlusion,False,low,occlusion,False,low,occlusion,False,low,occlusion,True,medium,none,True,medium,none,True,medium,none,False,low,occlusion,False,low,occlusion,False,low,occlusion,False,low,occlusion,True,medium,none,False,low,occlusion,False,low,occlusion,False,low,occlusion,True,medium,none,False,low,occlusion,False,low,occlusion,False,low,occlusion,True,medium,none,True,medium,none,True,medium,none,True,medium,none,True,medium,none,True,medium,none
K01_reach_grasp_001,148,149,1,True,medium,none,True,medium,none,True,medium,none,True,medium,none,True,medium,none,True,medium,none,False,low,occlusion,False,low,occlusion,False,low,occlusion,False,low,occlusion,False,low,occlusion,True,medium,none,True,medium,none,True,medium,none,False,low,occlusion,False,low,occlusion,False,low,occlusion,False,low,occlusion,True,medium,none,False,low,occlusion,False,low,occlusion,False,low,occlusion,True,medium,none,False,low,occlusion,False,low,occlusion,False,low,occlusion,True,medium,none,True,medium,none,True,medium,none,True,medium,none,True,medium,none,True,medium,none
K01_reach_grasp_001,149,150,1,True,medium,none,True,medium,none,True,medium,none,True,medium,none,True,medium,none,True,medium,none,False,low,occlusion,False,low,occlusion,False,low,occlusion,False,low,occlusion,False,low,occlusion,True,medium,none,True,medium,none,True,medium,none,False,low,occlusion,False,low,occlusion,False,low,occlusion,False,low,occlusion,True,medium,none,False,low,occlusion,False,low,occlusion,False,low,occlusion,True,medium,none,False,low,occlusion,False,low,occlusion,False,low,occlusion,True,medium,none,True,medium,none,True,medium,none,True,medium,none,True,medium,none,True,medium,none
K01_reach_grasp_001,150,151,1,True,medium,none,True,medium,none,True,medium,none,True,medium,none,True,medium,none,True,medium,none,False,low,occlusion,False,low,occlusion,False,low,occlusion,False,low,occlusion,False,low,occlusion,True,medium,none,True,medium,none,True,medium,none,False,low,occlusion,False,low,occlusion,False,low,occlusion,False,low,occlusion,True,medium,none,False,low,occlusion,False,low,occlusion,False,low,occlusion,True,medium,none,False,low,occlusion,False,low,occlusion,False,low,occlusion,True,medium,none,True,medium,none,True,medium,none,True,medium,none,True,medium,none,True,medium,none
K01_reach_grasp_001,151,152,1,True,medium,none,True,medium,none,True,medium,none,True,medium,none,True,medium,none,True,medium,none,False,low,occlusion,False,low,occlusion,False,low,occlusion,False,low,occlusion,False,low,occlusion,True,medium,none,True,medium,none,True,medium,none,False,low,occlusion,False,low,occlusion,False,low,occlusion,False,low,occlusion,True,medium,none,False,low,occlusion,False,low,occlusion,False,low,occlusion,True,medium,none,False,low,occlusion,False,low,occlusion,False,low,occlusion,True,medium,none,True,medium,none,True,medium,none,True,medium,none,True,medium,none,True,medium,none
K01_reach_grasp_001,152,153,1,True,medium,none,True,medium,none,True,medium,none,True,medium,none,True,medium,none,True,medium,none,False,low,occlusion,False,low,occlusion,False,low,occlusion,False,low,occlusion,False,low,occlusion,True,medium,none,True,medium,none,True,medium,none,False,low,occlusion,False,low,occlusion,False,low,occlusion,False,low,occlusion,True,medium,none,False,low,occlusion,False,low,occlusion,False,low,occlusion,True,medium,none,False,low,occlusion,False,low,occlusion,False,low,occlusion,True,medium,none,True,medium,none,True,medium,none,True,medium,none,True,medium,none,True,medium,none
K01_reach_grasp_001,153,154,1,True,medium,none,True,medium,none,True,medium,none,True,medium,none,True,medium,none,True,medium,none,False,low,occlusion,False,low,occlusion,False,low,occlusion,False,low,occlusion,False,low,occlusion,True,medium,none,True,medium,none,True,medium,none,False,low,occlusion,False,low,occlusion,False,low,occlusion,False,low,occlusion,True,medium,none,False,low,occlusion,False,low,occlusion,False,low,occlusion,True,medium,none,False,low,occlusion,False,low,occlusion,False,low,occlusion,True,medium,none,True,medium,none,True,medium,none,True,medium,none,True,medium,none,True,medium,none
K01_reach_grasp_001,154,155,1,True,medium,none,True,medium,none,True,medium,none,True,medium,none,True,medium,none,True,medium,none,False,low,occlusion,False,low,occlusion,False,low,occlusion,False,low,occlusion,False,low,occlusion,True,medium,none,True,medium,none,True,medium,none,False,low,occlusion,False,low,occlusion,False,low,occlusion,False,low,occlusion,False,low,occlusion,False,low,occlusion,False,low,occlusion,False,low,occlusion,True,medium,none,False,low,occlusion,False,low,occlusion,False,low,occlusion,True,medium,none,True,medium,none,True,medium,none,True,medium,none,True,medium,none,True,medium,none
K01_reach_grasp_001,155,156,1,True,medium,none,True,medium,none,True,medium,none,True,medium,none,True,medium,none,True,medium,none,False,low,occlusion,False,low,occlusion,False,low,occlusion,False,low,occlusion,False,low,occlusion,True,medium,none,True,medium,none,True,medium,none,False,low,occlusion,False,low,occlusion,False,low,occlusion,False,low,occlusion,False,low,occlusion,False,low,occlusion,False,low,occlusion,False,low,occlusion,True,medium,none,False,low,occlusion,False,low,occlusion,False,low,occlusion,True,medium,none,True,medium,none,True,medium,none,True,medium,none,True,medium,none,True,medium,none
K01_reach_grasp_001,156,157,1,True,medium,none,True,medium,none,True,medium,none,True,medium,none,True,medium,none,True,medium,none,False,low,occlusion,False,low,occlusion,False,low,occlusion,False,low,occlusion,False,low,occlusion,True,medium,none,True,medium,none,True,medium,none,False,low,occlusion,False,low,occlusion,False,low,occlusion,False,low,occlusion,False,low,occlusion,False,low,occlusion,False,low,occlusion,False,low,occlusion,True,medium,none,False,low,occlusion,False,low,occlusion,False,low,occlusion,True,medium,none,True,medium,none,True,medium,none,True,medium,none,True,medium,none,True,medium,none
K01_reach_grasp_001,157,158,1,True,medium,none,True,medium,none,True,medium,none,True,medium,none,True,medium,none,True,medium,none,False,low,occlusion,False,low,occlusion,False,low,occlusion,False,low,occlusion,False,low,occlusion,True,medium,none,True,medium,none,True,medium,none,False,low,occlusion,False,low,occlusion,False,low,occlusion,False,low,occlusion,False,low,occlusion,False,low,occlusion,False,low,occlusion,False,low,occlusion,True,medium,none,False,low,occlusion,False,low,occlusion,False,low,occlusion,True,medium,none,True,medium,none,True,medium,none,True,medium,none,True,medium,none,True,medium,none
K01_reach_grasp_001,158,159,1,True,medium,none,True,medium,none,True,medium,none,True,medium,none,True,medium,none,True,medium,none,False,low,occlusion,False,low,occlusion,False,low,occlusion,False,low,occlusion,False,low,occlusion,True,medium,none,True,medium,none,True,medium,none,False,low,occlusion,False,low,occlusion,False,low,occlusion,False,low,occlusion,False,low,occlusion,False,low,occlusion,False,low,occlusion,False,low,occlusion,True,medium,none,False,low,occlusion,False,low,occlusion,False,low,occlusion,True,medium,none,True,medium,none,True,medium,none,True,medium,none,True,medium,none,True,medium,none
K01_reach_grasp_001,159,160,1,True,medium,none,True,medium,none,True,medium,none,True,medium,none,True,medium,none,True,medium,none,False,low,occlusion,False,low,occlusion,False,low,occlusion,False,low,occlusion,False,low,occlusion,True,medium,none,True,medium,none,True,medium,none,False,low,occlusion,False,low,occlusion,False,low,occlusion,False,low,occlusion,False,low,occlusion,False,low,occlusion,False,low,occlusion,False,low,occlusion,True,medium,none,False,low,occlusion,False,low,occlusion,False,low,occlusion,True,medium,none,True,medium,none,True,medium,none,True,medium,none,True,medium,none,True,medium,none
K01_reach_grasp_001,160,161,1,True,medium,none,True,medium,none,True,medium,none,True,medium,none,True,medium,none,True,medium,none,False,low,occlusion,False,low,occlusion,False,low,occlusion,False,low,occlusion,False,low,occlusion,True,medium,none,True,medium,none,True,medium,none,False,low,occlusion,False,low,occlusion,False,low,occlusion,False,low,occlusion,False,low,occlusion,False,low,occlusion,False,low,occlusion,False,low,occlusion,True,medium,none,False,low,occlusion,False,low,occlusion,False,low,occlusion,True,medium,none,True,medium,none,True,medium,none,True,medium,none,True,medium,none,True,medium,none
K01_reach_grasp_001,161,162,1,True,medium,none,True,medium,none,True,medium,none,True,medium,none,True,medium,none,True,medium,none,False,low,occlusion,False,low,occlusion,False,low,occlusion,False,low,occlusion,False,low,occlusion,True,medium,none,True,medium,none,True,medium,none,False,low,occlusion,False,low,occlusion,False,low,occlusion,False,low,occlusion,False,low,occlusion,False,low,occlusion,False,low,occlusion,False,low,occlusion,True,medium,none,False,low,occlusion,False,low,occlusion,False,low,occlusion,True,medium,none,True,medium,none,True,medium,none,True,medium,none,True,medium,none,True,medium,none
K01_reach_grasp_001,162,163,1,True,medium,none,True,medium,none,True,medium,none,True,medium,none,True,medium,none,True,medium,none,False,low,occlusion,False,low,occlusion,False,low,occlusion,False,low,occlusion,False,low,occlusion,True,medium,none,True,medium,none,True,medium,none,False,low,occlusion,False,low,occlusion,False,low,occlusion,False,low,occlusion,False,low,occlusion,False,low,occlusion,False,low,occlusion,False,low,occlusion,True,medium,none,False,low,occlusion,False,low,occlusion,False,low,occlusion,True,medium,none,True,medium,none,True,medium,none,True,medium,none,True,medium,none,True,medium,none
K01_reach_grasp_001,163,164,1,True,medium,none,True,medium,none,True,medium,none,True,medium,none,True,medium,none,True,medium,none,False,low,occlusion,False,low,occlusion,False,low,occlusion,False,low,occlusion,False,low,occlusion,True,medium,none,True,medium,none,True,medium,none,False,low,occlusion,False,low,occlusion,False,low,occlusion,False,low,occlusion,False,low,occlusion,False,low,occlusion,False,low,occlusion,False,low,occlusion,True,medium,none,False,low,occlusion,False,low,occlusion,False,low,occlusion,True,medium,none,True,medium,none,True,medium,none,True,medium,none,True,medium,none,True,medium,none
K01_reach_grasp_001,164,165,1,True,medium,none,True,medium,none,True,medium,none,True,medium,none,True,medium,none,True,medium,none,False,low,occlusion,False,low,occlusion,False,low,occlusion,False,low,occlusion,False,low,occlusion,True,medium,none,True,medium,none,True,medium,none,False,low,occlusion,False,low,occlusion,False,low,occlusion,False,low,occlusion,False,low,occlusion,False,low,occlusion,False,low,occlusion,False,low,occlusion,True,medium,none,False,low,occlusion,False,low,occlusion,False,low,occlusion,True,medium,none,True,medium,none,True,medium,none,True,medium,none,True,medium,none,True,medium,none
K01_reach_grasp_001,165,166,1,True,medium,none,True,medium,none,True,medium,none,True,medium,none,True,medium,none,True,medium,none,False,low,occlusion,False,low,occlusion,False,low,occlusion,False,low,occlusion,False,low,occlusion,True,medium,none,True,medium,none,True,medium,none,False,low,occlusion,False,low,occlusion,False,low,occlusion,False,low,occlusion,False,low,occlusion,False,low,occlusion,False,low,occlusion,False,low,occlusion,True,medium,none,False,low,occlusion,False,low,occlusion,False,low,occlusion,True,medium,none,True,medium,none,True,medium,none,True,medium,none,True,medium,none,True,medium,none
K01_reach_grasp_001,166,167,1,True,medium,none,True,medium,none,True,medium,none,True,medium,none,True,medium,none,True,medium,none,False,low,occlusion,False,low,occlusion,False,low,occlusion,False,low,occlusion,False,low,occlusion,True,medium,none,True,medium,none,True,medium,none,False,low,occlusion,False,low,occlusion,False,low,occlusion,False,low,occlusion,False,low,occlusion,False,low,occlusion,False,low,occlusion,False,low,occlusion,True,medium,none,False,low,occlusion,False,low,occlusion,False,low,occlusion,True,medium,none,True,medium,none,True,medium,none,True,medium,none,True,medium,none,True,medium,none
K01_reach_grasp_001,167,168,1,True,medium,none,True,medium,none,True,medium,none,True,medium,none,True,medium,none,True,medium,none,False,low,occlusion,False,low,occlusion,False,low,occlusion,False,low,occlusion,False,low,occlusion,True,medium,none,True,medium,none,True,medium,none,False,low,occlusion,False,low,occlusion,False,low,occlusion,False,low,occlusion,False,low,occlusion,False,low,occlusion,False,low,occlusion,False,low,occlusion,True,medium,none,False,low,occlusion,False,low,occlusion,False,low,occlusion,True,medium,none,True,medium,none,True,medium,none,True,medium,none,True,medium,none,True,medium,none
K01_reach_grasp_001,168,169,1,True,medium,none,True,medium,none,True,medium,none,True,medium,none,True,medium,none,True,medium,none,False,low,occlusion,False,low,occlusion,False,low,occlusion,False,low,occlusion,False,low,occlusion,True,medium,none,True,medium,none,True,medium,none,False,low,occlusion,False,low,occlusion,False,low,occlusion,False,low,occlusion,False,low,occlusion,False,low,occlusion,False,low,occlusion,False,low,occlusion,True,medium,none,False,low,occlusion,False,low,occlusion,False,low,occlusion,True,medium,none,True,medium,none,True,medium,none,True,medium,none,True,medium,none,True,medium,none
K01_reach_grasp_001,169,170,1,True,medium,none,True,medium,none,True,medium,none,True,medium,none,True,medium,none,True,medium,none,False,low,occlusion,False,low,occlusion,False,low,occlusion,False,low,occlusion,False,low,occlusion,True,medium,none,True,medium,none,True,medium,none,True,medium,none,True,medium,none,True,medium,none,True,medium,none,False,low,occlusion,False,low,occlusion,False,low,occlusion,False,low,occlusion,True,medium,none,False,low,occlusion,False,low,occlusion,False,low,occlusion,True,medium,none,True,medium,none,True,medium,none,True,medium,none,True,medium,none,True,medium,none
K01_reach_grasp_001,170,171,1,True,medium,none,True,medium,none,True,medium,none,True,medium,none,True,medium,none,True,medium,none,False,low,occlusion,False,low,occlusion,False,low,occlusion,False,low,occlusion,False,low,occlusion,True,medium,none,True,medium,none,True,medium,none,False,low,occlusion,False,low,occlusion,False,low,occlusion,False,low,occlusion,False,low,occlusion,False,low,occlusion,False,low,occlusion,False,low,occlusion,True,medium,none,False,low,occlusion,False,low,occlusion,False,low,occlusion,True,medium,none,True,medium,none,True,medium,none,True,medium,none,True,medium,none,True,medium,none
K01_reach_grasp_001,171,172,1,True,medium,none,True,medium,none,True,medium,none,True,medium,none,True,medium,none,True,medium,none,False,low,occlusion,False,low,occlusion,False,low,occlusion,False,low,occlusion,False,low,occlusion,True,medium,none,True,medium,none,True,medium,none,False,low,occlusion,False,low,occlusion,False,low,occlusion,False,low,occlusion,False,low,occlusion,False,low,occlusion,False,low,occlusion,False,low,occlusion,True,medium,none,False,low,occlusion,False,low,occlusion,False,low,occlusion,True,medium,none,True,medium,none,True,medium,none,True,medium,none,True,medium,none,True,medium,none
K01_reach_grasp_001,172,173,1,True,medium,none,True,medium,none,True,medium,none,True,medium,none,True,medium,none,True,medium,none,False,low,occlusion,False,low,occlusion,False,low,occlusion,False,low,occlusion,False,low,occlusion,True,medium,none,True,medium,none,True,medium,none,True,medium,none,True,medium,none,True,medium,none,True,medium,none,False,low,occlusion,False,low,occlusion,False,low,occlusion,False,low,occlusion,True,medium,none,False,low,occlusion,False,low,occlusion,False,low,occlusion,True,medium,none,True,medium,none,True,medium,none,True,medium,none,True,medium,none,True,medium,none
K01_reach_grasp_001,173,174,1,True,medium,none,True,medium,none,True,medium,none,True,medium,none,True,medium,none,True,medium,none,False,low,occlusion,False,low,occlusion,False,low,occlusion,False,low,occlusion,False,low,occlusion,True,medium,none,True,medium,none,True,medium,none,False,low,occlusion,False,low,occlusion,False,low,occlusion,False,low,occlusion,False,low,occlusion,False,low,occlusion,False,low,occlusion,False,low,occlusion,True,medium,none,False,low,occlusion,False,low,occlusion,False,low,occlusion,True,medium,none,True,medium,none,True,medium,none,True,medium,none,True,medium,none,True,medium,none
K01_reach_grasp_001,174,175,1,True,medium,none,True,medium,none,True,medium,none,True,medium,none,True,medium,none,True,medium,none,False,low,occlusion,False,low,occlusion,False,low,occlusion,False,low,occlusion,False,low,occlusion,True,medium,none,True,medium,none,True,medium,none,False,low,occlusion,False,low,occlusion,False,low,occlusion,False,low,occlusion,False,low,occlusion,False,low,occlusion,False,low,occlusion,False,low,occlusion,True,medium,none,False,low,occlusion,False,low,occlusion,False,low,occlusion,True,medium,none,True,medium,none,True,medium,none,True,medium,none,True,medium,none,True,medium,none
K01_reach_grasp_001,175,176,1,True,medium,none,True,medium,none,True,medium,none,True,medium,none,True,medium,none,True,medium,none,False,low,occlusion,False,low,occlusion,False,low,occlusion,False,low,occlusion,False,low,occlusion,True,medium,none,True,medium,none,True,medium,none,False,low,occlusion,False,low,occlusion,False,low,occlusion,False,low,occlusion,False,low,occlusion,False,low,occlusion,False,low,occlusion,False,low,occlusion,True,medium,none,False,low,occlusion,False,low,occlusion,False,low,occlusion,True,medium,none,True,medium,none,True,medium,none,True,medium,none,True,medium,none,True,medium,none
K01_reach_grasp_001,176,177,1,True,medium,none,True,medium,none,True,medium,none,True,medium,none,True,medium,none,True,medium,none,False,low,occlusion,False,low,occlusion,False,low,occlusion,False,low,occlusion,False,low,occlusion,True,medium,none,True,medium,none,True,medium,none,False,low,occlusion,False,low,occlusion,False,low,occlusion,False,low,occlusion,False,low,occlusion,False,low,occlusion,False,low,occlusion,False,low,occlusion,True,medium,none,False,low,occlusion,False,low,occlusion,False,low,occlusion,True,medium,none,True,medium,none,True,medium,none,True,medium,none,True,medium,none,True,medium,none
K01_reach_grasp_001,177,178,1,True,medium,none,True,medium,none,True,medium,none,True,medium,none,True,medium,none,True,medium,none,False,low,occlusion,False,low,occlusion,False,low,occlusion,False,low,occlusion,False,low,occlusion,True,medium,none,True,medium,none,True,medium,none,False,low,occlusion,False,low,occlusion,False,low,occlusion,False,low,occlusion,False,low,occlusion,False,low,occlusion,False,low,occlusion,False,low,occlusion,True,medium,none,False,low,occlusion,False,low,occlusion,False,low,occlusion,True,medium,none,True,medium,none,True,medium,none,True,medium,none,True,medium,none,True,medium,none
K01_reach_grasp_001,178,179,1,True,medium,none,True,medium,none,True,medium,none,True,medium,none,True,medium,none,True,medium,none,False,low,occlusion,False,low,occlusion,False,low,occlusion,False,low,occlusion,False,low,occlusion,True,medium,none,True,medium,none,True,medium,none,False,low,occlusion,False,low,occlusion,False,low,occlusion,False,low,occlusion,False,low,occlusion,False,low,occlusion,False,low,occlusion,False,low,occlusion,True,medium,none,False,low,occlusion,False,low,occlusion,False,low,occlusion,True,medium,none,True,medium,none,True,medium,none,True,medium,none,True,medium,none,True,medium,none
K01_reach_grasp_001,179,180,1,True,medium,none,True,medium,none,True,medium,none,True,medium,none,True,medium,none,True,medium,none,False,low,occlusion,False,low,occlusion,False,low,occlusion,False,low,occlusion,False,low,occlusion,True,medium,none,True,medium,none,True,medium,none,False,low,occlusion,False,low,occlusion,False,low,occlusion,False,low,occlusion,False,low,occlusion,False,low,occlusion,False,low,occlusion,False,low,occlusion,True,medium,none,False,low,occlusion,False,low,occlusion,False,low,occlusion,True,medium,none,True,medium,none,True,medium,none,True,medium,none,True,medium,none,True,medium,none
K01_reach_grasp_001,180,181,1,True,medium,none,True,medium,none,True,medium,none,True,medium,none,True,medium,none,True,medium,none,False,low,occlusion,False,low,occlusion,False,low,occlusion,False,low,occlusion,False,low,occlusion,True,medium,none,True,medium,none,True,medium,none,False,low,occlusion,False,low,occlusion,False,low,occlusion,False,low,occlusion,False,low,occlusion,False,low,occlusion,False,low,occlusion,False,low,occlusion,True,medium,none,False,low,occlusion,False,low,occlusion,False,low,occlusion,True,medium,none,True,medium,none,True,medium,none,True,medium,none,True,medium,none,True,medium,none
K01_reach_grasp_001,181,182,1,True,medium,none,True,medium,none,True,medium,none,True,medium,none,True,medium,none,True,medium,none,False,low,occlusion,False,low,occlusion,False,low,occlusion,False,low,occlusion,False,low,occlusion,True,medium,none,True,medium,none,True,medium,none,False,low,occlusion,False,low,occlusion,False,low,occlusion,False,low,occlusion,False,low,occlusion,False,low,occlusion,False,low,occlusion,False,low,occlusion,True,medium,none,False,low,occlusion,False,low,occlusion,False,low,occlusion,True,medium,none,True,medium,none,True,medium,none,True,medium,none,True,medium,none,True,medium,none
K01_reach_grasp_001,182,183,1,True,medium,none,True,medium,none,True,medium,none,True,medium,none,True,medium,none,True,medium,none,False,low,occlusion,False,low,occlusion,False,low,occlusion,False,low,occlusion,False,low,occlusion,True,medium,none,True,medium,none,True,medium,none,False,low,occlusion,False,low,occlusion,False,low,occlusion,False,low,occlusion,False,low,occlusion,False,low,occlusion,False,low,occlusion,False,low,occlusion,True,medium,none,False,low,occlusion,False,low,occlusion,False,low,occlusion,True,medium,none,True,medium,none,True,medium,none,True,medium,none,True,medium,none,True,medium,none
K01_reach_grasp_001,183,184,1,True,medium,none,True,medium,none,True,medium,none,True,medium,none,True,medium,none,True,medium,none,False,low,occlusion,False,low,occlusion,False,low,occlusion,False,low,occlusion,False,low,occlusion,True,medium,none,True,medium,none,True,medium,none,False,low,occlusion,False,low,occlusion,False,low,occlusion,False,low,occlusion,False,low,occlusion,False,low,occlusion,False,low,occlusion,False,low,occlusion,True,medium,none,False,low,occlusion,False,low,occlusion,False,low,occlusion,True,medium,none,True,medium,none,True,medium,none,True,medium,none,True,medium,none,True,medium,none
K01_reach_grasp_001,184,185,1,True,medium,none,True,medium,none,True,medium,none,True,medium,none,True,medium,none,True,medium,none,False,low,occlusion,False,low,occlusion,False,low,occlusion,False,low,occlusion,False,low,occlusion,True,medium,none,True,medium,none,True,medium,none,False,low,occlusion,False,low,occlusion,False,low,occlusion,False,low,occlusion,False,low,occlusion,False,low,occlusion,False,low,occlusion,False,low,occlusion,True,medium,none,False,low,occlusion,False,low,occlusion,False,low,occlusion,True,medium,none,True,medium,none,True,medium,none,True,medium,none,True,medium,none,True,medium,none
K01_reach_grasp_001,185,186,1,True,medium,none,True,medium,none,True,medium,none,True,medium,none,True,medium,none,True,medium,none,False,low,occlusion,False,low,occlusion,False,low,occlusion,False,low,occlusion,False,low,occlusion,True,medium,none,True,medium,none,True,medium,none,False,low,occlusion,False,low,occlusion,False,low,occlusion,False,low,occlusion,True,medium,none,False,low,occlusion,False,low,occlusion,False,low,occlusion,True,medium,none,False,low,occlusion,False,low,occlusion,False,low,occlusion,True,medium,none,True,medium,none,True,medium,none,True,medium,none,True,medium,none,True,medium,none
K01_reach_grasp_001,186,187,1,True,medium,none,True,medium,none,True,medium,none,True,medium,none,True,medium,none,True,medium,none,False,low,occlusion,False,low,occlusion,False,low,occlusion,False,low,occlusion,False,low,occlusion,True,medium,none,True,medium,none,True,medium,none,False,low,occlusion,False,low,occlusion,False,low,occlusion,False,low,occlusion,False,low,occlusion,False,low,occlusion,False,low,occlusion,False,low,occlusion,True,medium,none,False,low,occlusion,False,low,occlusion,False,low,occlusion,True,medium,none,True,medium,none,True,medium,none,True,medium,none,True,medium,none,True,medium,none
K01_reach_grasp_001,187,188,1,True,medium,none,True,medium,none,True,medium,none,True,medium,none,True,medium,none,True,medium,none,False,low,occlusion,False,low,occlusion,False,low,occlusion,False,low,occlusion,False,low,occlusion,True,medium,none,True,medium,none,True,medium,none,False,low,occlusion,False,low,occlusion,False,low,occlusion,False,low,occlusion,True,medium,none,False,low,occlusion,False,low,occlusion,False,low,occlusion,True,medium,none,False,low,occlusion,False,low,occlusion,False,low,occlusion,True,medium,none,True,medium,none,True,medium,none,True,medium,none,True,medium,none,True,medium,none
K01_reach_grasp_001,188,189,1,True,medium,none,True,medium,none,True,medium,none,True,medium,none,True,medium,none,True,medium,none,False,low,occlusion,False,low,occlusion,False,low,occlusion,False,low,occlusion,False,low,occlusion,True,medium,none,True,medium,none,True,medium,none,False,low,occlusion,False,low,occlusion,False,low,occlusion,False,low,occlusion,True,medium,none,False,low,occlusion,False,low,occlusion,False,low,occlusion,True,medium,none,False,low,occlusion,False,low,occlusion,False,low,occlusion,True,medium,none,True,medium,none,True,medium,none,True,medium,none,True,medium,none,True,medium,none
K01_reach_grasp_001,189,190,1,True,medium,none,True,medium,none,True,medium,none,True,medium,none,True,medium,none,True,medium,none,False,low,occlusion,False,low,occlusion,False,low,occlusion,False,low,occlusion,False,low,occlusion,True,medium,none,True,medium,none,True,medium,none,False,low,occlusion,False,low,occlusion,False,low,occlusion,False,low,occlusion,False,low,occlusion,False,low,occlusion,False,low,occlusion,False,low,occlusion,True,medium,none,False,low,occlusion,False,low,occlusion,False,low,occlusion,True,medium,none,True,medium,none,True,medium,none,True,medium,none,True,medium,none,True,medium,none
K01_reach_grasp_001,190,191,1,True,medium,none,True,medium,none,True,medium,none,True,medium,none,True,medium,none,True,medium,none,False,low,occlusion,False,low,occlusion,False,low,occlusion,False,low,occlusion,False,low,occlusion,True,medium,none,True,medium,none,True,medium,none,False,low,occlusion,False,low,occlusion,False,low,occlusion,False,low,occlusion,False,low,occlusion,False,low,occlusion,False,low,occlusion,False,low,occlusion,True,medium,none,False,low,occlusion,False,low,occlusion,False,low,occlusion,True,medium,none,True,medium,none,True,medium,none,True,medium,none,True,medium,none,True,medium,none
K01_reach_grasp_001,191,192,1,True,medium,none,True,medium,none,True,medium,none,True,medium,none,True,medium,none,True,medium,none,False,low,occlusion,False,low,occlusion,False,low,occlusion,False,low,occlusion,False,low,occlusion,True,medium,none,True,medium,none,True,medium,none,False,low,occlusion,False,low,occlusion,False,low,occlusion,False,low,occlusion,False,low,occlusion,False,low,occlusion,False,low,occlusion,False,low,occlusion,True,medium,none,False,low,occlusion,False,low,occlusion,False,low,occlusion,True,medium,none,True,medium,none,True,medium,none,True,medium,none,True,medium,none,True,medium,none
K01_reach_grasp_001,192,193,1,True,medium,none,True,medium,none,True,medium,none,True,medium,none,True,medium,none,True,medium,none,False,low,occlusion,False,low,occlusion,False,low,occlusion,False,low,occlusion,False,low,occlusion,True,medium,none,True,medium,none,True,medium,none,True,medium,none,True,medium,none,True,medium,none,True,medium,none,False,low,occlusion,False,low,occlusion,False,low,occlusion,False,low,occlusion,True,medium,none,False,low,occlusion,False,low,occlusion,False,low,occlusion,True,medium,none,True,medium,none,True,medium,none,True,medium,none,True,medium,none,True,medium,none
K01_reach_grasp_001,193,194,1,True,medium,none,True,medium,none,True,medium,none,True,medium,none,True,medium,none,True,medium,none,False,low,occlusion,False,low,occlusion,False,low,occlusion,False,low,occlusion,False,low,occlusion,True,medium,none,True,medium,none,True,medium,none,True,medium,none,True,medium,none,True,medium,none,True,medium,none,False,low,occlusion,False,low,occlusion,False,low,occlusion,False,low,occlusion,True,medium,none,False,low,occlusion,False,low,occlusion,False,low,occlusion,True,medium,none,True,medium,none,True,medium,none,True,medium,none,True,medium,none,True,medium,none
K01_reach_grasp_001,194,195,1,True,medium,none,True,medium,none,True,medium,none,True,medium,none,True,medium,none,True,medium,none,False,low,occlusion,False,low,occlusion,False,low,occlusion,False,low,occlusion,False,low,occlusion,True,medium,none,True,medium,none,True,medium,none,True,medium,none,True,medium,none,True,medium,none,True,medium,none,False,low,occlusion,False,low,occlusion,False,low,occlusion,False,low,occlusion,True,medium,none,False,low,occlusion,False,low,occlusion,False,low,occlusion,True,medium,none,True,medium,none,True,medium,none,True,medium,none,True,medium,none,True,medium,none
K01_reach_grasp_001,195,196,1,True,medium,none,True,medium,none,True,medium,none,True,medium,none,True,medium,none,True,medium,none,False,low,occlusion,False,low,occlusion,False,low,occlusion,False,low,occlusion,False,low,occlusion,True,medium,none,True,medium,none,True,medium,none,True,medium,none,True,medium,none,True,medium,none,True,medium,none,False,low,occlusion,False,low,occlusion,False,low,occlusion,False,low,occlusion,False,low,occlusion,False,low,occlusion,False,low,occlusion,False,low,occlusion,True,medium,none,True,medium,none,True,medium,none,True,medium,none,True,medium,none,True,medium,none
K01_reach_grasp_001,196,197,1,True,medium,none,True,medium,none,True,medium,none,True,medium,none,True,medium,none,True,medium,none,False,low,occlusion,False,low,occlusion,False,low,occlusion,False,low,occlusion,False,low,occlusion,True,medium,none,True,medium,none,True,medium,none,True,medium,none,True,medium,none,True,medium,none,True,medium,none,False,low,occlusion,False,low,occlusion,False,low,occlusion,False,low,occlusion,True,medium,none,False,low,occlusion,False,low,occlusion,False,low,occlusion,True,medium,none,True,medium,none,True,medium,none,True,medium,none,True,medium,none,True,medium,none
K01_reach_grasp_001,197,198,1,True,medium,none,True,medium,none,True,medium,none,True,medium,none,True,medium,none,True,medium,none,False,low,occlusion,False,low,occlusion,False,low,occlusion,False,low,occlusion,False,low,occlusion,True,medium,none,True,medium,none,True,medium,none,True,medium,none,True,medium,none,True,medium,none,True,medium,none,False,low,occlusion,False,low,occlusion,False,low,occlusion,False,low,occlusion,True,medium,none,False,low,occlusion,False,low,occlusion,False,low,occlusion,True,medium,none,True,medium,none,True,medium,none,True,medium,none,True,medium,none,True,medium,none
K01_reach_grasp_001,198,199,1,True,medium,none,True,medium,none,True,medium,none,True,medium,none,True,medium,none,True,medium,none,False,low,occlusion,False,low,occlusion,False,low,occlusion,False,low,occlusion,False,low,occlusion,True,medium,none,True,medium,none,True,medium,none,True,medium,none,True,medium,none,True,medium,none,True,medium,none,False,low,occlusion,False,low,occlusion,False,low,occlusion,False,low,occlusion,True,medium,none,False,low,occlusion,False,low,occlusion,False,low,occlusion,True,medium,none,True,medium,none,True,medium,none,True,medium,none,True,medium,none,True,medium,none
K01_reach_grasp_001,199,200,1,True,medium,none,True,medium,none,True,medium,none,True,medium,none,True,medium,none,True,medium,none,False,low,occlusion,False,low,occlusion,False,low,occlusion,False,low,occlusion,False,low,occlusion,True,medium,none,True,medium,none,True,medium,none,True,medium,none,True,medium,none,True,medium,none,True,medium,none,False,low,occlusion,False,low,occlusion,False,low,occlusion,False,low,occlusion,True,medium,none,False,low,occlusion,False,low,occlusion,False,low,occlusion,True,medium,none,True,medium,none,True,medium,none,True,medium,none,True,medium,none,True,medium,none
K01_reach_grasp_001,200,201,1,True,medium,none,True,medium,none,True,medium,none,True,medium,none,True,medium,none,True,medium,none,False,low,occlusion,False,low,occlusion,False,low,occlusion,False,low,occlusion,False,low,occlusion,True,medium,none,True,medium,none,True,medium,none,True,medium,none,False,low,occlusion,False,low,occlusion,False,low,occlusion,False,low,occlusion,False,low,occlusion,False,low,occlusion,False,low,occlusion,False,low,occlusion,False,low,occlusion,False,low,occlusion,False,low,occlusion,True,medium,none,True,medium,none,True,medium,none,True,medium,none,True,medium,none,True,medium,none
K01_reach_grasp_001,201,202,1,True,medium,none,True,medium,none,True,medium,none,True,medium,none,True,medium,none,True,medium,none,False,low,occlusion,False,low,occlusion,False,low,occlusion,False,low,occlusion,False,low,occlusion,True,medium,none,True,medium,none,True,medium,none,True,medium,none,False,low,occlusion,False,low,occlusion,False,low,occlusion,False,low,occlusion,False,low,occlusion,False,low,occlusion,False,low,occlusion,False,low,occlusion,False,low,occlusion,False,low,occlusion,False,low,occlusion,True,medium,none,True,medium,none,True,medium,none,True,medium,none,True,medium,none,True,medium,none
K01_reach_grasp_001,202,203,1,True,medium,none,True,medium,none,True,medium,none,True,medium,none,True,medium,none,True,medium,none,False,low,occlusion,False,low,occlusion,False,low,occlusion,False,low,occlusion,False,low,occlusion,True,medium,none,True,medium,none,True,medium,none,True,medium,none,True,medium,none,False,low,occlusion,False,low,occlusion,True,medium,none,False,low,occlusion,False,low,occlusion,False,low,occlusion,True,medium,none,False,low,occlusion,False,low,occlusion,False,low,occlusion,True,medium,none,True,medium,none,True,medium,none,True,medium,none,True,medium,none,True,medium,none
K01_reach_grasp_001,203,204,1,True,medium,none,True,medium,none,True,medium,none,True,medium,none,True,medium,none,True,medium,none,False,low,occlusion,False,low,occlusion,False,low,occlusion,False,low,occlusion,False,low,occlusion,True,medium,none,True,medium,none,True,medium,none,True,medium,none,True,medium,none,False,low,occlusion,True,medium,none,True,medium,none,False,low,occlusion,False,low,occlusion,False,low,occlusion,True,medium,none,False,low,occlusion,False,low,occlusion,False,low,occlusion,True,medium,none,True,medium,none,True,medium,none,True,medium,none,True,medium,none,True,medium,none
K01_reach_grasp_001,204,205,1,True,medium,none,True,medium,none,True,medium,none,True,medium,none,True,medium,none,True,medium,none,False,low,occlusion,False,low,occlusion,False,low,occlusion,False,low,occlusion,False,low,occlusion,True,medium,none,True,medium,none,True,medium,none,True,medium,none,True,medium,none,True,medium,none,True,medium,none,False,low,occlusion,False,low,occlusion,False,low,occlusion,False,low,occlusion,True,medium,none,False,low,occlusion,False,low,occlusion,False,low,occlusion,True,medium,none,True,medium,none,True,medium,none,True,medium,none,True,medium,none,True,medium,none
K01_reach_grasp_001,205,206,1,True,medium,none,True,medium,none,True,medium,none,True,medium,none,True,medium,none,True,medium,none,False,low,occlusion,False,low,occlusion,False,low,occlusion,False,low,occlusion,False,low,occlusion,True,medium,none,True,medium,none,True,medium,none,True,medium,none,True,medium,none,True,medium,none,True,medium,none,False,low,occlusion,False,low,occlusion,False,low,occlusion,False,low,occlusion,True,medium,none,False,low,occlusion,False,low,occlusion,False,low,occlusion,True,medium,none,True,medium,none,True,medium,none,True,medium,none,True,medium,none,True,medium,none
K01_reach_grasp_001,206,207,1,True,medium,none,True,medium,none,True,medium,none,True,medium,none,True,medium,none,True,medium,none,False,low,occlusion,False,low,occlusion,False,low,occlusion,False,low,occlusion,False,low,occlusion,True,medium,none,True,medium,none,True,medium,none,False,low,occlusion,False,low,occlusion,False,low,occlusion,False,low,occlusion,False,low,occlusion,False,low,occlusion,False,low,occlusion,False,low,occlusion,True,medium,none,False,low,occlusion,False,low,occlusion,False,low,occlusion,True,medium,none,True,medium,none,True,medium,none,True,medium,none,True,medium,none,True,medium,none
K01_reach_grasp_001,207,208,1,True,medium,none,True,medium,none,True,medium,none,True,medium,none,True,medium,none,True,medium,none,False,low,occlusion,False,low,occlusion,False,low,occlusion,False,low,occlusion,False,low,occlusion,True,medium,none,True,medium,none,True,medium,none,True,medium,none,True,medium,none,True,medium,none,True,medium,none,False,low,occlusion,False,low,occlusion,False,low,occlusion,False,low,occlusion,True,medium,none,False,low,occlusion,False,low,occlusion,False,low,occlusion,True,medium,none,True,medium,none,True,medium,none,True,medium,none,True,medium,none,True,medium,none
K01_reach_grasp_001,208,209,1,True,medium,none,True,medium,none,True,medium,none,True,medium,none,True,medium,none,True,medium,none,False,low,occlusion,False,low,occlusion,False,low,occlusion,False,low,occlusion,False,low,occlusion,True,medium,none,True,medium,none,True,medium,none,True,medium,none,True,medium,none,True,medium,none,True,medium,none,False,low,occlusion,False,low,occlusion,False,low,occlusion,False,low,occlusion,True,medium,none,False,low,occlusion,False,low,occlusion,False,low,occlusion,True,medium,none,True,medium,none,True,medium,none,True,medium,none,True,medium,none,True,medium,none
K01_reach_grasp_001,209,210,1,True,medium,none,True,medium,none,True,medium,none,True,medium,none,True,medium,none,True,medium,none,False,low,occlusion,False,low,occlusion,False,low,occlusion,False,low,occlusion,False,low,occlusion,True,medium,none,True,medium,none,True,medium,none,True,medium,none,True,medium,none,True,medium,none,True,medium,none,False,low,occlusion,False,low,occlusion,False,low,occlusion,False,low,occlusion,True,medium,none,False,low,occlusion,False,low,occlusion,False,low,occlusion,True,medium,none,True,medium,none,True,medium,none,True,medium,none,True,medium,none,True,medium,none
K01_reach_grasp_001,210,211,1,True,medium,none,True,medium,none,True,medium,none,True,medium,none,True,medium,none,True,medium,none,False,low,occlusion,False,low,occlusion,False,low,occlusion,False,low,occlusion,False,low,occlusion,True,medium,none,True,medium,none,True,medium,none,True,medium,none,True,medium,none,True,medium,none,True,medium,none,False,low,occlusion,False,low,occlusion,False,low,occlusion,False,low,occlusion,True,medium,none,False,low,occlusion,False,low,occlusion,False,low,occlusion,True,medium,none,True,medium,none,True,medium,none,True,medium,none,True,medium,none,True,medium,none
K01_reach_grasp_001,211,212,1,True,medium,none,True,medium,none,True,medium,none,True,medium,none,True,medium,none,True,medium,none,False,low,occlusion,False,low,occlusion,False,low,occlusion,False,low,occlusion,False,low,occlusion,True,medium,none,True,medium,none,True,medium,none,True,medium,none,True,medium,none,True,medium,none,True,medium,none,False,low,occlusion,False,low,occlusion,False,low,occlusion,False,low,occlusion,True,medium,none,False,low,occlusion,False,low,occlusion,False,low,occlusion,True,medium,none,True,medium,none,True,medium,none,True,medium,none,True,medium,none,True,medium,none
K01_reach_grasp_001,212,213,1,True,medium,none,True,medium,none,True,medium,none,True,medium,none,True,medium,none,True,medium,none,False,low,occlusion,False,low,occlusion,False,low,occlusion,False,low,occlusion,False,low,occlusion,True,medium,none,True,medium,none,True,medium,none,True,medium,none,True,medium,none,True,medium,none,True,medium,none,False,low,occlusion,False,low,occlusion,False,low,occlusion,False,low,occlusion,True,medium,none,False,low,occlusion,False,low,occlusion,False,low,occlusion,True,medium,none,True,medium,none,True,medium,none,True,medium,none,True,medium,none,True,medium,none
K01_reach_grasp_001,213,214,1,True,medium,none,True,medium,none,True,medium,none,True,medium,none,True,medium,none,True,medium,none,False,low,occlusion,False,low,occlusion,False,low,occlusion,False,low,occlusion,False,low,occlusion,True,medium,none,True,medium,none,True,medium,none,True,medium,none,True,medium,none,True,medium,none,True,medium,none,False,low,occlusion,False,low,occlusion,False,low,occlusion,False,low,occlusion,True,medium,none,False,low,occlusion,False,low,occlusion,False,low,occlusion,True,medium,none,True,medium,none,True,medium,none,True,medium,none,True,medium,none,True,medium,none
K01_reach_grasp_001,214,215,1,True,medium,none,True,medium,none,True,medium,none,True,medium,none,True,medium,none,True,medium,none,False,low,occlusion,False,low,occlusion,False,low,occlusion,False,low,occlusion,False,low,occlusion,True,medium,none,True,medium,none,True,medium,none,True,medium,none,True,medium,none,True,medium,none,True,medium,none,False,low,occlusion,False,low,occlusion,False,low,occlusion,False,low,occlusion,True,medium,none,False,low,occlusion,False,low,occlusion,False,low,occlusion,True,medium,none,True,medium,none,True,medium,none,True,medium,none,True,medium,none,True,medium,none
K01_reach_grasp_001,215,216,1,True,medium,none,True,medium,none,True,medium,none,True,medium,none,True,medium,none,True,medium,none,False,low,occlusion,False,low,occlusion,False,low,occlusion,False,low,occlusion,False,low,occlusion,True,medium,none,True,medium,none,True,medium,none,True,medium,none,True,medium,none,True,medium,none,True,medium,none,False,low,occlusion,False,low,occlusion,False,low,occlusion,False,low,occlusion,True,medium,none,False,low,occlusion,False,low,occlusion,False,low,occlusion,True,medium,none,True,medium,none,True,medium,none,True,medium,none,True,medium,none,True,medium,none
K01_reach_grasp_001,216,217,1,True,medium,none,True,medium,none,True,medium,none,True,medium,none,True,medium,none,True,medium,none,False,low,occlusion,False,low,occlusion,False,low,occlusion,False,low,occlusion,False,low,occlusion,True,medium,none,True,medium,none,True,medium,none,True,medium,none,True,medium,none,True,medium,none,True,medium,none,False,low,occlusion,False,low,occlusion,False,low,occlusion,False,low,occlusion,True,medium,none,False,low,occlusion,False,low,occlusion,False,low,occlusion,True,medium,none,True,medium,none,True,medium,none,True,medium,none,True,medium,none,True,medium,none
K01_reach_grasp_001,217,218,1,True,medium,none,True,medium,none,True,medium,none,True,medium,none,True,medium,none,True,medium,none,False,low,occlusion,False,low,occlusion,False,low,occlusion,False,low,occlusion,False,low,occlusion,True,medium,none,True,medium,none,True,medium,none,True,medium,none,True,medium,none,True,medium,none,True,medium,none,False,low,occlusion,False,low,occlusion,False,low,occlusion,False,low,occlusion,True,medium,none,False,low,occlusion,False,low,occlusion,False,low,occlusion,True,medium,none,True,medium,none,True,medium,none,True,medium,none,True,medium,none,True,medium,none
K01_reach_grasp_001,218,219,1,True,medium,none,True,medium,none,True,medium,none,True,medium,none,True,medium,none,True,medium,none,False,low,occlusion,False,low,occlusion,False,low,occlusion,False,low,occlusion,False,low,occlusion,True,medium,none,True,medium,none,True,medium,none,True,medium,none,True,medium,none,True,medium,none,True,medium,none,False,low,occlusion,False,low,occlusion,False,low,occlusion,False,low,occlusion,True,medium,none,False,low,occlusion,False,low,occlusion,False,low,occlusion,True,medium,none,True,medium,none,True,medium,none,True,medium,none,True,medium,none,True,medium,none
K01_reach_grasp_001,219,220,1,True,medium,none,True,medium,none,True,medium,none,True,medium,none,True,medium,none,True,medium,none,False,low,occlusion,False,low,occlusion,False,low,occlusion,False,low,occlusion,False,low,occlusion,True,medium,none,True,medium,none,True,medium,none,True,medium,none,True,medium,none,True,medium,none,True,medium,none,False,low,occlusion,False,low,occlusion,False,low,occlusion,False,low,occlusion,True,medium,none,False,low,occlusion,False,low,occlusion,False,low,occlusion,True,medium,none,True,medium,none,True,medium,none,True,medium,none,True,medium,none,True,medium,none
K01_reach_grasp_001,220,221,1,True,medium,none,True,medium,none,True,medium,none,True,medium,none,True,medium,none,True,medium,none,False,low,occlusion,False,low,occlusion,False,low,occlusion,False,low,occlusion,False,low,occlusion,True,medium,none,True,medium,none,True,medium,none,True,medium,none,True,medium,none,True,medium,none,True,medium,none,False,low,occlusion,False,low,occlusion,False,low,occlusion,False,low,occlusion,True,medium,none,False,low,occlusion,False,low,occlusion,False,low,occlusion,True,medium,none,True,medium,none,True,medium,none,True,medium,none,True,medium,none,True,medium,none
K01_reach_grasp_001,221,222,1,True,medium,none,True,medium,none,True,medium,none,True,medium,none,True,medium,none,True,medium,none,False,low,occlusion,False,low,occlusion,False,low,occlusion,False,low,occlusion,False,low,occlusion,True,medium,none,True,medium,none,True,medium,none,True,medium,none,True,medium,none,True,medium,none,True,medium,none,False,low,occlusion,False,low,occlusion,False,low,occlusion,False,low,occlusion,True,medium,none,False,low,occlusion,False,low,occlusion,False,low,occlusion,True,medium,none,True,medium,none,True,medium,none,True,medium,none,True,medium,none,True,medium,none
K01_reach_grasp_001,222,223,1,True,medium,none,True,medium,none,True,medium,none,True,medium,none,True,medium,none,True,medium,none,False,low,occlusion,False,low,occlusion,False,low,occlusion,False,low,occlusion,False,low,occlusion,True,medium,none,True,medium,none,True,medium,none,True,medium,none,True,medium,none,True,medium,none,True,medium,none,False,low,occlusion,False,low,occlusion,False,low,occlusion,False,low,occlusion,True,medium,none,False,low,occlusion,False,low,occlusion,False,low,occlusion,True,medium,none,True,medium,none,True,medium,none,True,medium,none,True,medium,none,True,medium,none
K01_reach_grasp_001,223,224,1,True,medium,none,True,medium,none,True,medium,none,True,medium,none,True,medium,none,True,medium,none,False,low,occlusion,False,low,occlusion,False,low,occlusion,False,low,occlusion,False,low,occlusion,True,medium,none,True,medium,none,True,medium,none,True,medium,none,True,medium,none,True,medium,none,True,medium,none,False,low,occlusion,False,low,occlusion,False,low,occlusion,False,low,occlusion,True,medium,none,False,low,occlusion,False,low,occlusion,False,low,occlusion,True,medium,none,True,medium,none,True,medium,none,True,medium,none,True,medium,none,True,medium,none
K01_reach_grasp_001,224,225,1,True,medium,none,True,medium,none,True,medium,none,True,medium,none,True,medium,none,True,medium,none,False,low,occlusion,False,low,occlusion,False,low,occlusion,False,low,occlusion,False,low,occlusion,True,medium,none,True,medium,none,True,medium,none,True,medium,none,True,medium,none,True,medium,none,True,medium,none,False,low,occlusion,False,low,occlusion,False,low,occlusion,False,low,occlusion,True,medium,none,False,low,occlusion,False,low,occlusion,False,low,occlusion,True,medium,none,True,medium,none,True,medium,none,True,medium,none,True,medium,none,True,medium,none
K01_reach_grasp_001,225,226,1,True,medium,none,True,medium,none,True,medium,none,True,medium,none,True,medium,none,True,medium,none,False,low,occlusion,False,low,occlusion,False,low,occlusion,False,low,occlusion,False,low,occlusion,True,medium,none,True,medium,none,True,medium,none,True,medium,none,True,medium,none,True,medium,none,True,medium,none,False,low,occlusion,False,low,occlusion,False,low,occlusion,False,low,occlusion,True,medium,none,False,low,occlusion,False,low,occlusion,False,low,occlusion,True,medium,none,True,medium,none,True,medium,none,True,medium,none,True,medium,none,True,medium,none
K01_reach_grasp_001,226,227,1,True,medium,none,True,medium,none,True,medium,none,True,medium,none,True,medium,none,True,medium,none,False,low,occlusion,False,low,occlusion,False,low,occlusion,False,low,occlusion,False,low,occlusion,True,medium,none,True,medium,none,True,medium,none,True,medium,none,True,medium,none,False,low,occlusion,True,medium,none,False,low,occlusion,False,low,occlusion,False,low,occlusion,False,low,occlusion,True,medium,none,False,low,occlusion,False,low,occlusion,False,low,occlusion,True,medium,none,True,medium,none,True,medium,none,True,medium,none,True,medium,none,True,medium,none
K01_reach_grasp_001,227,228,1,True,medium,none,True,medium,none,True,medium,none,True,medium,none,True,medium,none,True,medium,none,False,low,occlusion,False,low,occlusion,False,low,occlusion,False,low,occlusion,False,low,occlusion,True,medium,none,True,medium,none,True,medium,none,True,medium,none,True,medium,none,True,medium,none,True,medium,none,False,low,occlusion,False,low,occlusion,False,low,occlusion,False,low,occlusion,True,medium,none,False,low,occlusion,False,low,occlusion,False,low,occlusion,True,medium,none,True,medium,none,True,medium,none,True,medium,none,True,medium,none,True,medium,none
K01_reach_grasp_001,228,229,1,True,medium,none,True,medium,none,True,medium,none,True,medium,none,True,medium,none,True,medium,none,False,low,occlusion,False,low,occlusion,False,low,occlusion,False,low,occlusion,False,low,occlusion,True,medium,none,True,medium,none,True,medium,none,True,medium,none,True,medium,none,True,medium,none,True,medium,none,False,low,occlusion,False,low,occlusion,False,low,occlusion,False,low,occlusion,True,medium,none,False,low,occlusion,False,low,occlusion,False,low,occlusion,True,medium,none,True,medium,none,True,medium,none,True,medium,none,True,medium,none,True,medium,none
K01_reach_grasp_001,229,230,1,True,medium,none,True,medium,none,True,medium,none,True,medium,none,True,medium,none,True,medium,none,False,low,occlusion,False,low,occlusion,False,low,occlusion,False,low,occlusion,False,low,occlusion,True,medium,none,True,medium,none,True,medium,none,True,medium,none,True,medium,none,True,medium,none,True,medium,none,False,low,occlusion,False,low,occlusion,False,low,occlusion,False,low,occlusion,True,medium,none,False,low,occlusion,False,low,occlusion,False,low,occlusion,True,medium,none,True,medium,none,True,medium,none,True,medium,none,True,medium,none,True,medium,none
K01_reach_grasp_001,230,231,1,True,medium,none,True,medium,none,True,medium,none,True,medium,none,True,medium,none,True,medium,none,False,low,occlusion,False,low,occlusion,False,low,occlusion,False,low,occlusion,False,low,occlusion,True,medium,none,True,medium,none,True,medium,none,True,medium,none,True,medium,none,True,medium,none,True,medium,none,False,low,occlusion,False,low,occlusion,False,low,occlusion,False,low,occlusion,True,medium,none,False,low,occlusion,False,low,occlusion,False,low,occlusion,True,medium,none,True,medium,none,True,medium,none,True,medium,none,True,medium,none,True,medium,none
K01_reach_grasp_001,231,232,1,True,medium,none,True,medium,none,True,medium,none,True,medium,none,True,medium,none,True,medium,none,False,low,occlusion,False,low,occlusion,False,low,occlusion,False,low,occlusion,False,low,occlusion,True,medium,none,True,medium,none,True,medium,none,True,medium,none,True,medium,none,True,medium,none,True,medium,none,False,low,occlusion,False,low,occlusion,False,low,occlusion,False,low,occlusion,True,medium,none,False,low,occlusion,False,low,occlusion,False,low,occlusion,True,medium,none,True,medium,none,True,medium,none,True,medium,none,True,medium,none,True,medium,none
K01_reach_grasp_001,232,233,1,True,medium,none,True,medium,none,True,medium,none,True,medium,none,True,medium,none,True,medium,none,False,low,occlusion,False,low,occlusion,False,low,occlusion,False,low,occlusion,False,low,occlusion,True,medium,none,True,medium,none,True,medium,none,True,medium,none,True,medium,none,True,medium,none,True,medium,none,False,low,occlusion,False,low,occlusion,False,low,occlusion,False,low,occlusion,True,medium,none,False,low,occlusion,False,low,occlusion,False,low,occlusion,True,medium,none,True,medium,none,True,medium,none,True,medium,none,True,medium,none,True,medium,none
K01_reach_grasp_001,233,234,1,True,medium,none,True,medium,none,True,medium,none,True,medium,none,True,medium,none,True,medium,none,False,low,occlusion,False,low,occlusion,False,low,occlusion,False,low,occlusion,False,low,occlusion,True,medium,none,True,medium,none,True,medium,none,True,medium,none,True,medium,none,True,medium,none,True,medium,none,False,low,occlusion,False,low,occlusion,False,low,occlusion,False,low,occlusion,True,medium,none,False,low,occlusion,False,low,occlusion,False,low,occlusion,True,medium,none,True,medium,none,True,medium,none,True,medium,none,True,medium,none,True,medium,none
K01_reach_grasp_001,234,235,1,True,medium,none,True,medium,none,True,medium,none,True,medium,none,True,medium,none,True,medium,none,False,low,occlusion,False,low,occlusion,False,low,occlusion,False,low,occlusion,False,low,occlusion,True,medium,none,True,medium,none,True,medium,none,True,medium,none,True,medium,none,True,medium,none,True,medium,none,False,low,occlusion,False,low,occlusion,False,low,occlusion,False,low,occlusion,True,medium,none,False,low,occlusion,False,low,occlusion,False,low,occlusion,True,medium,none,True,medium,none,True,medium,none,True,medium,none,True,medium,none,True,medium,none
K01_reach_grasp_001,235,236,1,True,medium,none,True,medium,none,True,medium,none,True,medium,none,True,medium,none,True,medium,none,False,low,occlusion,False,low,occlusion,False,low,occlusion,False,low,occlusion,False,low,occlusion,True,medium,none,True,medium,none,True,medium,none,True,medium,none,True,medium,none,True,medium,none,True,medium,none,False,low,occlusion,False,low,occlusion,False,low,occlusion,False,low,occlusion,True,medium,none,False,low,occlusion,False,low,occlusion,False,low,occlusion,True,medium,none,True,medium,none,True,medium,none,True,medium,none,True,medium,none,True,medium,none
K01_reach_grasp_001,236,237,1,True,medium,none,True,medium,none,True,medium,none,True,medium,none,True,medium,none,True,medium,none,False,low,occlusion,False,low,occlusion,False,low,occlusion,False,low,occlusion,False,low,occlusion,True,medium,none,True,medium,none,True,medium,none,True,medium,none,True,medium,none,True,medium,none,True,medium,none,False,low,occlusion,False,low,occlusion,False,low,occlusion,False,low,occlusion,True,medium,none,False,low,occlusion,False,low,occlusion,False,low,occlusion,True,medium,none,True,medium,none,True,medium,none,True,medium,none,True,medium,none,True,medium,none
K01_reach_grasp_001,237,238,1,True,medium,none,True,medium,none,True,medium,none,True,medium,none,True,medium,none,True,medium,none,False,low,occlusion,False,low,occlusion,False,low,occlusion,False,low,occlusion,False,low,occlusion,True,medium,none,True,medium,none,True,medium,none,True,medium,none,True,medium,none,True,medium,none,True,medium,none,False,low,occlusion,False,low,occlusion,False,low,occlusion,False,low,occlusion,True,medium,none,False,low,occlusion,False,low,occlusion,False,low,occlusion,True,medium,none,True,medium,none,True,medium,none,True,medium,none,True,medium,none,True,medium,none
K01_reach_grasp_001,238,239,1,True,medium,none,True,medium,none,True,medium,none,True,medium,none,True,medium,none,True,medium,none,False,low,occlusion,False,low,occlusion,False,low,occlusion,False,low,occlusion,False,low,occlusion,True,medium,none,True,medium,none,True,medium,none,True,medium,none,True,medium,none,True,medium,none,True,medium,none,False,low,occlusion,False,low,occlusion,False,low,occlusion,False,low,occlusion,True,medium,none,False,low,occlusion,False,low,occlusion,False,low,occlusion,True,medium,none,True,medium,none,True,medium,none,True,medium,none,True,medium,none,True,medium,none
K01_reach_grasp_001,239,240,1,True,medium,none,True,medium,none,True,medium,none,True,medium,none,True,medium,none,True,medium,none,False,low,occlusion,False,low,occlusion,False,low,occlusion,False,low,occlusion,False,low,occlusion,True,medium,none,True,medium,none,True,medium,none,True,medium,none,True,medium,none,True,medium,none,True,medium,none,False,low,occlusion,False,low,occlusion,False,low,occlusion,False,low,occlusion,True,medium,none,False,low,occlusion,False,low,occlusion,False,low,occlusion,True,medium,none,True,medium,none,True,medium,none,True,medium,none,True,medium,none,True,medium,none
