1|1|961.208,907.735|958.28,809.793|957.263,740.603|962.193,641.602|976.251,660.427|1039.85,685.331|1114.09,804.768|1132.14,821.118|1139.49,879.465|1109.01,921.916|1106.58,893.35|946.124,654.021|889.463,650.57|808.692,731.837|864.992,760.189|885.53,753.11|907.898,748.966|948.352,753.511|1010.14,914.541|1122.57,1090.67|1091.11,1489.21|1172.8,1703.7|915.705,901.545|956.678,1069.15|935.453,1498.15|965.395,1705.13|966.186,605.347|970.476,567.483|977.32,553.942|998.081,569.777|952.936,559.061|922.596,582.033
2|1|961.215,907.735|958.29,809.794|957.277,740.607|962.216,641.608|976.271,660.434|1039.87,685.348|1114.07,804.811|1132.07,821.111|1138.86,879.374|1107.88,921.19|1104.99,892.448|946.145,654.025|889.486,650.565|808.706,731.799|865.026,760.132|885.621,753.032|908.111,748.933|948.432,753.48|1010.15,914.544|1122.57,1090.69|1091.1,1489.23|1172.77,1703.74|915.712,901.542|956.662,1069.15|935.399,1498.15|965.32,1705.14|966.211,605.354|970.506,567.499|977.393,553.969|998.174,569.838|952.995,559.049|922.662,581.968
3|1|961.222,907.734|958.303,809.796|957.292,740.611|962.241,641.618|976.295,660.446|1039.89,685.371|1114.04,804.866|1131.98,821.092|1138.02,879.233|1106.43,920.217|1102.98,891.216|946.17,654.032|889.514,650.56|808.723,731.753|865.065,760.059|885.725,752.93|908.366,748.888|948.52,753.423|1010.16,914.548|1122.58,1090.72|1091.08,1489.26|1172.74,1703.78|915.72,901.536|956.639,1069.14|935.329,1498.15|965.223,1705.15|966.241,605.366|970.539,567.523|977.479,554.006|998.286,569.915|953.065,559.037|922.74,581.892
4|1|966.572,918.366|964.344,817.804|964.229,746.662|971.799,643.428|986.351,662.751|1053.1,688.034|1113.87,822.778|1101.5,831.871|1072.44,873.647|1048.53,939.115|1030.49,824.174|954.504,656.679|893.254,654.405|788.781,721.05|849.951,744.438|905.03,728.658|967.815,755.093|925.918,744.017|1018.36,925.735|1122.41,1118.55|1088.48,1547.05|1162.47,1806.74|918.616,911.697|944.627,1071.48|911.725,1524.99|931.992,1762.22|976.322,605.715|959.483,571.347|971.25,555.132|1007.64,566.008|945.811,562.842|930.885,585.1
5|1|975.086,940.222|970.986,833.642|968.578,761.187|975.139,645.554|992.538,664.963|1067.39,684.499|1125.96,840.832|1053.42,838.661|996.639,867.948|938.491,914.714|1018.37,832.963|955.686,662.471|885.18,667.523|767.156,727.079|854.436,741.86|895.991,736.14|979.564,748.146|925.631,736.914|1039.21,941.877|1116.78,1144.42|1094.8,1702.97|1143.59,2150.72|916.812,938.949|862.337,1045.06|861.015,1583.56|841.887,1927.33|977.796,603.495|966.431,568.461|988.156,555.023|1026.79,577.384|958.933,551.622|941.892,561.987
6|1|975.056,940.224|970.936,833.649|968.514,761.196|975.029,645.552|992.436,664.955|1067.31,684.496|1125.84,840.744|1053.45,838.814|996.686,868.073|938.565,914.835|1018.34,832.931|955.582,662.479|885.074,667.565|767.06,727.213|854.355,741.978|895.94,736.26|979.538,748.261|925.536,737.137|1039.18,941.862|1116.67,1144.11|1095.05,1703.39|1144.04,2151.53|916.78,938.967|862.006,1044.88|860.684,1583.79|841.248,1927.72|977.669,603.49|965.819,568.65|987.341,554.89|1026.28,576.669|958.069,551.913|941.161,562.503
7|1|975.055,940.224|970.935,833.649|968.513,761.195|975.027,645.552|992.434,664.954|1067.31,684.496|1125.84,840.742|1053.45,838.816|996.687,868.075|938.567,914.836|1018.34,832.929|955.58,662.479|885.072,667.565|767.058,727.215|854.354,741.979|895.939,736.261|979.538,748.261|925.536,737.136|1039.18,941.861|1116.66,1144.11|1095.06,1703.4|1144.05,2151.55|916.779,938.967|862,1044.88|860.677,1583.79|841.236,1927.73|977.666,603.489|965.809,568.653|987.327,554.888|1026.27,576.656|958.055,551.918|941.148,562.512
8|1|975.055,940.224|970.935,833.649|968.513,761.195|975.027,645.552|992.434,664.954|1067.31,684.496|1125.84,840.742|1053.45,838.816|996.687,868.075|938.567,914.836|1018.34,832.929|955.58,662.479|885.072,667.565|767.058,727.215|854.354,741.979|895.939,736.261|979.538,748.261|925.536,737.136|1039.18,941.861|1116.66,1144.11|1095.06,1703.4|1144.05,2151.55|916.779,938.967|862,1044.88|860.677,1583.79|841.236,1927.73|977.666,603.489|965.809,568.653|987.327,554.888|1026.27,576.656|958.055,551.918|941.148,562.512
9|1|974.94,940.184|970.753,833.614|968.286,761.166|974.65,645.477|992.085,664.862|1067.02,684.479|1125.26,840.431|1053.5,839.402|996.735,868.464|938.659,915.106|1018.11,832.733|955.221,662.436|884.702,667.627|766.749,727.521|854.294,742.144|896.164,736.318|979.94,748.188|925.927,736.579|1039.08,941.768|1116.03,1142.64|1096.06,1705.9|1145.95,2156.38|916.644,938.976|860.17,1043.83|858.508,1585.1|837.152,1930.04|977.236,603.399|963.695,569.597|983.928,554.258|1023.77,573.042|954.47,553.448|937.662,565.211
10|1|974.937,940.182|970.749,833.61|968.281,761.16|974.642,645.467|992.078,664.853|1067.01,684.476|1125.25,840.418|1053.51,839.423|996.742,868.478|938.667,915.116|1018.1,832.724|955.213,662.427|884.693,667.621|766.744,727.522|854.301,742.148|896.178,736.324|979.96,748.19|925.948,736.569|1039.08,941.765|1116.02,1142.61|1096.09,1705.99|1146.01,2156.54|916.641,938.975|860.123,1043.8|858.447,1585.15|837.037,1930.12|977.227,603.388|963.663,569.622|983.856,554.241|1023.71,572.939|954.393,553.488|937.571,565.276
11|1|974.935,940.182|970.746,833.609|968.277,761.158|974.635,645.463|992.072,664.848|1067.01,684.475|1125.23,840.414|1053.51,839.436|996.74,868.485|938.665,915.12|1018.09,832.715|955.207,662.423|884.686,667.619|766.738,727.528|854.301,742.155|896.179,736.331|979.963,748.187|925.951,736.565|1039.08,941.764|1116.01,1142.58|1096.11,1706.05|1146.06,2156.66|916.638,938.975|860.086,1043.78|858.399,1585.19|836.948,1930.19|977.22,603.382|963.638,569.64|983.803,554.229|1023.66,572.869|954.337,553.517|937.507,565.324
12|1|974.909,940.205|970.753,832.269|968.347,758.786|975.021,641.167|992.659,660.88|1068.62,683.746|1115.67,839.346|1052.02,849.433|993.689,875.124|934.449,920.067|1007.26,829.109|955.297,658.414|883.751,664.241|763.888,728.504|852.947,743.48|896.071,737.284|981.896,747.546|928.313,733.84|1040.05,941.799|1108.07,1144.53|1093.85,1740.01|0,0|915.708,938.995|844.477,1041.57|838.148,1605.39|798.584,1971.56|977.703,598.414|964.273,574.02|980.738,553.501|1019.87,561.116|950.742,557.29|931.159,566.083
13|1|974.909,940.207|970.753,832.268|968.347,758.782|975.023,641.159|992.661,660.873|1068.62,683.746|1115.66,839.342|1052.02,849.455|993.687,875.14|934.445,920.082|1007.22,829.093|955.298,658.406|883.751,664.232|763.886,728.494|852.955,743.479|896.083,737.288|981.91,747.554|928.321,733.848|1040.05,941.802|1108.07,1144.53|1093.87,1740.07|0,0|915.707,938.997|844.459,1041.56|838.107,1605.44|798.505,1971.65|977.706,598.404|964.261,574.002|980.779,553.51|1019.94,561.186|950.776,557.242|931.224,565.985
14|1|974.909,940.207|970.753,832.268|968.347,758.782|975.023,641.159|992.661,660.873|1068.62,683.746|1115.66,839.342|1052.02,849.455|993.687,875.14|934.445,920.082|1007.22,829.093|955.298,658.406|883.751,664.232|763.886,728.494|852.955,743.479|896.083,737.288|981.91,747.554|928.321,733.848|1040.05,941.802|1108.07,1144.53|1093.87,1740.07|0,0|915.707,938.997|844.459,1041.56|838.107,1605.44|798.505,1971.65|977.706,598.404|964.261,574.002|980.779,553.51|1019.94,561.186|950.776,557.242|931.224,565.985
15|1|974.909,940.207|970.753,832.268|968.347,758.782|975.023,641.159|992.661,660.873|1068.62,683.746|1115.66,839.342|1052.02,849.455|993.687,875.14|934.445,920.082|1007.22,829.093|955.298,658.406|883.751,664.232|763.886,728.494|852.955,743.479|896.083,737.288|981.91,747.554|928.321,733.848|1040.05,941.802|1108.07,1144.53|1093.87,1740.07|0,0|915.707,938.997|844.459,1041.56|838.107,1605.44|798.505,1971.65|977.706,598.404|964.261,574.002|980.779,553.51|1019.94,561.186|950.776,557.242|931.224,565.985
16|1|974.953,940.528|970.761,832.413|968.341,758.758|974.986,640.883|992.649,660.639|1068.73,683.704|1115.17,839.027|1052.29,850.683|993.882,876.225|934.654,921.231|1005.68,828.481|955.244,658.172|883.628,664.095|763.697,728.891|852.954,744.386|895.889,738.613|981.841,748.367|927.87,734.917|1040.16,942.114|1107.88,1144.54|1094.69,1743.44|0,0|915.69,939.325|843.405,1041.46|836.19,1608|794.616,1976.14|977.666,598.042|963.908,573.383|981.204,553.274|1020.86,561.908|951.094,556.224|932.058,564.364
17|1|975.043,941.022|970.814,832.698|968.371,758.906|974.947,640.77|992.655,660.55|1068.88,683.693|1114.71,839.053|1052.41,852.279|993.861,877.825|934.628,923.142|1002.66,827.647|955.183,658.117|883.433,664.185|763.183,729.52|852.623,745.138|895.642,739.533|981.834,748.774|925.526,739.208|1040.39,942.572|1106.97,1144.3|1095.24,1748.74|0,0|915.653,939.853|841.297,1040.83|833,1611.78|788.003,1982.97|977.597,597.842|963.932,573.477|980.808,553.023|1020.31,560.952|950.677,556.468|931.323,564.855
18|1|975.043,941.022|970.814,832.698|968.371,758.906|974.947,640.77|992.655,660.55|1068.88,683.693|1114.71,839.053|1052.41,852.279|993.861,877.825|934.628,923.142|1002.66,827.647|955.183,658.117|883.433,664.185|763.183,729.52|852.623,745.138|895.642,739.533|981.834,748.774|925.526,739.208|1040.39,942.572|1106.97,1144.3|1095.24,1748.74|0,0|915.653,939.853|841.297,1040.83|833,1611.78|788.003,1982.97|977.597,597.842|963.932,573.477|980.808,553.023|1020.31,560.952|950.677,556.468|931.323,564.855
19|1|975.043,941.022|970.814,832.698|968.371,758.906|974.947,640.77|992.655,660.55|1068.88,683.693|1114.71,839.053|1052.41,852.279|993.861,877.825|934.628,923.142|1002.66,827.647|955.183,658.117|883.433,664.185|763.183,729.52|852.623,745.138|895.642,739.533|981.834,748.774|925.526,739.208|1040.39,942.572|1106.97,1144.3|1095.24,1748.74|0,0|915.653,939.853|841.297,1040.83|833,1611.78|788.003,1982.97|977.597,597.842|963.932,573.477|980.808,553.023|1020.31,560.952|950.677,556.468|931.323,564.855
20|1|975.043,941.022|970.814,832.698|968.371,758.906|974.947,640.77|992.655,660.55|1068.88,683.693|1114.71,839.053|1052.41,852.279|993.861,877.825|934.628,923.142|1002.66,827.647|955.183,658.117|883.433,664.185|763.183,729.52|852.623,745.138|895.642,739.533|981.834,748.774|925.526,739.208|1040.39,942.572|1106.97,1144.3|1095.24,1748.74|0,0|915.653,939.853|841.297,1040.83|833,1611.78|788.003,1982.97|977.597,597.842|963.932,573.477|980.808,553.023|1020.31,560.952|950.677,556.468|931.323,564.855
21|1|975.043,941.022|970.814,832.698|968.371,758.906|974.947,640.77|992.655,660.55|1068.88,683.693|1114.71,839.053|1052.41,852.279|993.861,877.825|934.628,923.142|1002.66,827.647|955.183,658.117|883.433,664.185|763.183,729.52|852.623,745.138|895.642,739.533|981.834,748.774|925.526,739.208|1040.39,942.572|1106.97,1144.3|1095.24,1748.74|0,0|915.653,939.853|841.297,1040.83|833,1611.78|788.003,1982.97|977.597,597.842|963.932,573.477|980.808,553.023|1020.31,560.952|950.677,556.468|931.323,564.855
22|1|975.043,941.022|970.814,832.698|968.371,758.906|974.947,640.771|992.655,660.55|1068.88,683.693|1114.71,839.053|1052.41,852.28|993.862,877.825|934.628,923.143|1002.66,827.647|955.183,658.117|883.433,664.185|763.183,729.52|852.623,745.138|895.643,739.532|981.835,748.774|925.527,739.207|1040.39,942.572|1106.97,1144.3|1095.24,1748.74|0,0|915.653,939.853|841.297,1040.83|832.999,1611.78|788.002,1982.97|977.597,597.842|963.932,573.478|980.808,553.024|1020.31,560.954|950.677,556.468|931.324,564.854
23|1|975.043,941.023|970.814,832.699|968.371,758.908|974.947,640.772|992.655,660.551|1068.88,683.695|1114.71,839.053|1052.41,852.288|993.863,877.834|934.631,923.152|1002.65,827.65|955.183,658.118|883.433,664.186|763.183,729.522|852.625,745.139|895.645,739.533|981.837,748.771|925.529,739.202|1040.39,942.574|1106.97,1144.3|1095.24,1748.75|0,0|915.653,939.854|841.295,1040.83|832.995,1611.79|787.993,1982.97|977.597,597.843|963.93,573.485|980.809,553.031|1020.31,560.959|950.678,556.473|931.327,564.851
24|1|975.043,941.023|970.814,832.699|968.371,758.908|974.947,640.772|992.655,660.551|1068.88,683.695|1114.71,839.053|1052.41,852.288|993.863,877.834|934.631,923.152|1002.65,827.65|955.183,658.118|883.433,664.186|763.183,729.522|852.625,745.139|895.645,739.533|981.837,748.771|925.529,739.202|1040.39,942.574|1106.97,1144.3|1095.24,1748.75|0,0|915.653,939.854|841.295,1040.83|832.995,1611.79|787.993,1982.97|977.597,597.843|963.93,573.485|980.809,553.031|1020.31,560.959|950.678,556.473|931.327,564.851
25|1|975.043,941.023|970.814,832.699|968.371,758.908|974.947,640.772|992.655,660.551|1068.88,683.696|1114.71,839.053|1052.41,852.288|993.863,877.834|934.631,923.153|1002.65,827.651|955.183,658.118|883.433,664.186|763.183,729.522|852.625,745.138|895.645,739.532|981.837,748.77|925.53,739.202|1040.39,942.574|1106.97,1144.3|1095.24,1748.75|0,0|915.653,939.854|841.295,1040.83|832.995,1611.79|787.992,1982.97|977.597,597.844|963.93,573.486|980.809,553.031|1020.31,560.96|950.678,556.473|931.327,564.85
26|1|975.043,941.023|970.814,832.699|968.371,758.908|974.947,640.772|992.655,660.551|1068.88,683.696|1114.71,839.053|1052.41,852.288|993.863,877.834|934.631,923.153|1002.65,827.651|955.183,658.118|883.433,664.186|763.183,729.522|852.625,745.138|895.645,739.532|981.837,748.77|925.53,739.202|1040.39,942.574|1106.97,1144.3|1095.24,1748.75|0,0|915.653,939.854|841.295,1040.83|832.995,1611.79|787.992,1982.97|977.597,597.844|963.93,573.486|980.809,553.031|1020.31,560.96|950.678,556.473|931.327,564.85
27|1|975.043,941.023|970.814,832.699|968.371,758.908|974.947,640.772|992.655,660.551|1068.88,683.696|1114.71,839.053|1052.41,852.288|993.863,877.834|934.631,923.153|1002.65,827.651|955.183,658.118|883.433,664.186|763.183,729.522|852.625,745.138|895.645,739.532|981.837,748.77|925.53,739.202|1040.39,942.574|1106.97,1144.3|1095.24,1748.75|0,0|915.653,939.854|841.295,1040.83|832.995,1611.79|787.992,1982.97|977.597,597.844|963.93,573.486|980.809,553.031|1020.31,560.96|950.678,556.473|931.327,564.85
28|1|975.043,941.023|970.814,832.699|968.371,758.908|974.947,640.772|992.655,660.551|1068.88,683.696|1114.71,839.053|1052.41,852.288|993.863,877.834|934.631,923.153|1002.65,827.651|955.183,658.118|883.433,664.186|763.183,729.522|852.625,745.138|895.645,739.532|981.837,748.77|925.53,739.202|1040.39,942.574|1106.97,1144.3|1095.24,1748.75|0,0|915.653,939.854|841.295,1040.83|832.995,1611.79|787.992,1982.97|977.597,597.844|963.93,573.486|980.809,553.031|1020.31,560.96|950.678,556.473|931.327,564.85
29|1|975.353,943.178|971.489,834.035|969.271,759.957|975.977,640.851|993.819,660.786|1070.68,684.339|1114.1,839.978|1053.07,855.977|994.138,881.541|934.799,927.719|998.445,825.725|956.043,658.325|883.753,664.653|761.933,728.728|854.657,743.655|899.135,738.123|981.012,740.832|928.382,734.092|1041.52,944.861|1104.76,1146.54|1093.54,1767.31|0,0|915.26,941.895|835.226,1039.55|826.154,1621.9|774.853,2005.3|978.663,597.602|964.796,578.251|982.179,556.574|1022.23,561.517|951.682,559.58|932.365,563.598
30|1|975.353,943.178|971.489,834.036|969.271,759.958|975.978,640.854|993.82,660.788|1070.68,684.343|1114.09,839.981|1053.07,855.982|994.137,881.547|934.799,927.725|998.438,825.726|956.043,658.328|883.754,664.655|761.936,728.728|854.663,743.653|899.15,738.118|981.037,740.834|928.396,734.09|1041.52,944.861|1104.76,1146.53|1093.54,1767.31|0,0|915.261,941.894|835.226,1039.54|826.15,1621.9|774.846,2005.29|978.664,597.606|964.799,578.246|982.184,556.572|1022.24,561.524|951.686,559.576|932.369,563.597
31|1|975.353,943.177|971.489,834.036|969.271,759.959|975.978,640.854|993.82,660.789|1070.68,684.343|1114.09,839.982|1053.07,855.983|994.137,881.547|934.799,927.726|998.437,825.726|956.044,658.328|883.754,664.655|761.936,728.728|854.665,743.652|899.153,738.117|981.042,740.835|928.399,734.09|1041.52,944.861|1104.76,1146.53|1093.54,1767.31|0,0|915.261,941.894|835.226,1039.54|826.15,1621.9|774.845,2005.29|978.664,597.606|964.799,578.245|982.184,556.572|1022.24,561.524|951.687,559.576|932.368,563.598
32|1|975.353,943.177|971.489,834.036|969.271,759.959|975.978,640.854|993.82,660.789|1070.68,684.343|1114.09,839.982|1053.07,855.983|994.137,881.547|934.799,927.726|998.437,825.726|956.044,658.328|883.754,664.655|761.936,728.728|854.665,743.652|899.153,738.117|981.042,740.835|928.399,734.09|1041.52,944.861|1104.76,1146.53|1093.54,1767.31|0,0|915.261,941.894|835.226,1039.54|826.15,1621.9|774.845,2005.29|978.664,597.606|964.799,578.245|982.184,556.572|1022.24,561.524|951.687,559.576|932.368,563.598
33|1|975.353,943.177|971.489,834.036|969.271,759.959|975.978,640.854|993.82,660.789|1070.68,684.343|1114.09,839.982|1053.07,855.983|994.137,881.547|934.799,927.726|998.437,825.726|956.044,658.328|883.754,664.655|761.936,728.728|854.665,743.652|899.153,738.117|981.042,740.835|928.399,734.09|1041.52,944.861|1104.76,1146.53|1093.54,1767.31|0,0|915.261,941.894|835.226,1039.54|826.15,1621.9|774.845,2005.29|978.664,597.606|964.799,578.245|982.184,556.572|1022.24,561.524|951.687,559.576|932.368,563.598
34|1|975.676,943.286|971.916,833.818|969.771,759.611|976.906,640.311|994.724,660.362|1071.71,684.581|1114.03,839.364|1053.9,859.662|993.176,879.615|934.079,925.27|1001.34,823.014|956.859,657.721|884.416,663.711|762.133,725.495|856.218,740.432|901.861,735.223|980.392,737.607|931.647,730.139|1042.09,945.12|1104.99,1146.87|1093.62,1774.14|0,0|915.363,941.868|834.487,1038.68|823.66,1626.12|769.884,2014.41|979.763,596.996|969.292,573.274|984.113,551.672|1021.14,557.48|953.791,556.778|931.006,566.241
35|1|975.68,943.277|971.922,833.814|969.777,759.614|976.915,640.323|994.732,660.374|1071.72,684.595|1114.03,839.362|1053.92,859.703|993.181,879.598|934.034,925.164|1001.41,822.978|956.868,657.731|884.428,663.715|762.156,725.454|856.278,740.366|901.986,735.131|980.638,737.554|931.778,730.075|1042.1,945.113|1104.99,1146.82|1093.61,1774.11|0,0|915.368,941.857|834.494,1038.63|823.645,1626.07|769.854,2014.33|979.773,597.012|969.266,573.268|984.16,551.701|1021.23,557.595|953.828,556.735|931.096,566.141
36|1|968.075,906.588|970.898,822.828|973.688,766.445|979.625,643.296|997.37,663.707|1068.66,686.384|1126.65,839.509|1017.36,895.657|966.352,893.979|905.643,914.073|985.375,816.327|960.075,662.112|890.474,668.281|770.468,723.741|859.203,729.169|899.96,720.994|960.164,721.817|938.683,738.591|1030.2,924.042|1114.74,930.706|1048.82,1444.47|1077.33,1776.89|911.574,890.929|813.431,631.805|699.145,893.879|597.907,884.35|981.75,598.605|962.694,578.134|980.66,556.508|1024.01,561.595|950.514,560.123|935.276,565.583
37|1|972.828,912.896|975.215,827.446|978.526,765.398|978.346,643.32|996.815,662.627|1069.93,679.625|1131.13,836.946|1008.85,903.365|956.902,875.935|896.02,858.773|982.722,824.735|960.049,663.041|891.555,671.254|771.806,716.843|857.522,726.675|899.739,703.654|977.933,719.379|929.928,728.955|1034.85,924.537|1082.43,824.956|1070.4,1267.52|1116.12,1532.44|916.636,902.561|778.657,664.743|687.238,884.203|580.306,868.676|978.114,598.981|958.566,575.842|980.106,557.448|1024.39,569.011|950.372,556.562|937.938,559.881
38|1|972.849,912.88|975.242,827.426|978.557,765.38|978.395,643.305|996.862,662.615|1069.99,679.617|1131.14,836.957|1008.82,903.33|956.879,875.873|895.985,858.687|982.735,824.671|960.095,663.022|891.607,671.217|771.882,716.62|857.696,726.402|899.972,703.326|978.208,719.025|930.111,728.406|1034.87,924.528|1082.44,824.627|1070.46,1267.08|1116.27,1531.82|916.657,902.538|778.663,664.715|687.196,884.214|580.177,868.638|978.171,598.967|958.894,575.516|980.324,557.149|1024.42,568.832|950.573,556.35|937.88,559.989
39|1|972.534,913.141|974.969,826.55|978.399,763.753|979.201,640.873|997.636,660.501|1071.56,678.297|1132.38,836.53|1009.84,903.9|958.237,874.768|898.972,855.607|981.682,826.131|960.607,660.544|891.79,667.769|771.093,706.903|859.375,718.808|902.913,695.671|982.892,712.34|932.907,714.115|1034.89,925.15|1090.93,817.756|1074.52,1259.08|1124.53,1526.28|916.005,902.469|800.485,660.928|753.56,931.305|675.547,963.252|979.399,596.231|965.625,571.641|982.995,551.435|1022.78,560.025|952.771,554.372|933.661,562.407
40|1|971.703,922.382|973.555,831.07|976.752,765.382|977.979,638.815|996.856,659.188|1074.42,676.415|1131.02,841.294|1011.08,923.499|960.127,887.974|903.248,864.66|981.88,836.187|958.741,658.881|888.842,665.69|765.999,699.514|862.433,709.931|909.798,685.711|987.028,690.141|940.493,701.731|1036.19,934.808|1123.05,801.856|1093.28,1247.96|1152.82,1527.87|913.142,911.329|849.981,660|836.764,995.828|798.394,1085.32|978.598,592.888|975.758,575.215|986.945,550.651|1018.24,549.899|956.413,558.258|926.435,565.455
41|1|973.451,944.552|973.876,844.834|975.561,769.608|976.011,641.654|995.062,662.32|1075.27,679.301|1128.13,844.719|1011.35,917.356|961.317,904.234|918.361,869.957|981.965,832.744|956.734,662.338|886.504,673.697|767.98,702.65|867.019,713.159|920.253,658.48|968.974,707.201|952.807,697.05|1037.86,949.457|1068.32,760.54|1067.23,1162.7|1118.8,1369.96|915.194,940.346|828.292,674.665|735.927,908.25|631.978,879.307|976.77,595.152|972.569,579.42|988.509,555.734|1023.07,557.984|956.443,558.861|928.237,559.766
42|1|974.884,932.636|979.481,838.619|983.089,764.19|986.397,641.153|1004.43,661.286|1079.58,680.544|1119.45,845.467|1023.76,938.963|970.17,939.091|927.922,892.509|986.591,861.245|967.399,660.452|898.419,672.287|815.857,755.133|881.597,758.581|900.288,692.137|959.571,705.387|946.134,706.942|1037.68,936.92|1080.14,779.78|1064.75,1178.79|1115.53,1381.39|918.57,929.011|830.753,715.817|810.83,1061.68|728.047,1136.63|987.565,596.437|968.762,574.509|985.631,552.793|1028.36,557.677|955.717,557.609|939.961,565.419
43|1|969.403,939.622|974.529,841.041|977.936,764.308|980.392,638.328|999.095,658.467|1076.39,677.15|1123.42,845.86|1029.84,949.35|972.322,948.19|927.525,895.7|988.436,867.709|961.1,658.37|888.416,668.662|768.668,691.598|834.473,678.622|904.399,664.878|974.377,676.535|905.728,677.654|1034.94,942.804|1076,787.588|1056.42,1221.01|1097.03,1465.47|910.703,937.008|840.058,728.231|829.682,1124.6|761.659,1270.06|980.838,592.605|971.008,572.559|984.622,548.999|1021.19,550.761|953.948,555.649|929.719,563.665
44|1|974.195,953.641|975.375,848.402|976.493,767.382|977.554,637.787|996.875,658.612|1077.15,677.39|1126.17,848.607|1032.81,949.261|974.5,953.796|931.577,899.302|989.877,868.867|957.943,658.438|885.059,668.707|761.653,696.398|849.407,668.893|916.135,653.98|988.367,646.099|924.893,668.711|1040.66,955.667|1087.2,808.512|1081.35,1259.26|1141.84,1514.17|914.404,952.064|844.348,761.028|851.012,1187.36|799.819,1370.69|978.049,590.78|957.43,575.739|983.548,557.142|1030.77,568.292|952.288,551.148|941.445,543.153
45|1|974.697,953.74|975.68,847.192|976.869,765.262|978.744,634.717|998.062,655.879|1079.14,675.789|1127.15,847.484|1035.92,950.044|976.454,953.32|932.254,898.054|991.17,868.19|958.843,655.369|885.772,664.984|764.171,689.642|856.645,663.019|922.767,642.762|995.263,623.35|933.376,656.986|1041.57,956.107|1095.33,813.197|1087.73,1269.03|1152.53,1531.51|914.491,951.857|848.697,765.037|857.354,1199.35|811.28,1396.22|979.662,587.341|963.042,575.116|985.556,552.887|1030.22,557.546|953.102,551.225|936.25,544.805
46|1|947.248,924.628|965.944,831.372|977.607,760.944|986.09,639.097|1003.24,659.615|1076.38,681.446|1123.48,844.7|1044.08,952.025|985.869,955.948|937.827,907.174|993.679,876.477|966.412,657.532|896.115,666.601|775.819,706.187|815.092,660.861|876.323,656.747|944.311,633.842|885.351,674.298|1009.8,931.26|1049.87,862.843|1016.58,1326.88|1031.96,1605.46|891.998,918.984|744.691,812.679|603.527,1188.83|422.129,1252.1|988.803,594.763|972.157,564.04|983.244,543.042|1021.66,548.608|954.894,553.3|936.24,573.886
47|1|947.149,924.392|965.852,831.372|977.512,761.027|985.904,639.234|1003.06,659.727|1076.14,681.452|1123.58,844.549|1044.37,952.118|986.248,956.212|938.152,907.58|993.837,876.738|966.251,657.678|895.967,666.825|774.988,707.245|812.323,663.205|873.016,659.08|940.385,635.9|882.213,676.481|1009.66,930.997|1046.81,861.705|1014.48,1325.96|1028.35,1602.91|891.933,918.771|754.699,802.981|609.779,1144.87|450.492,1146.23|988.577,594.92|973.282,565.483|985.045,544.376|1023.08,550.035|956.332,553.633|936.774,572.102
48|1|937.904,928.788|957.08,832.547|970.756,761.093|977.361,634.764|995.427,655.872|1070.89,679.531|1127.06,846.318|1044.29,952.515|984.945,959.317|938.232,906.332|993.257,874.891|957.242,653.98|888.504,664.151|771.092,683.433|855.853,644.051|911.954,586.492|939.02,614.725|900.846,623.125|1003.02,941.81|1055.07,936.257|1021.58,1483.88|1055.85,1829.94|879.852,917.418|789.54,829.709|619.324,1034.6|519.891,843.243|979.858,588.889|970.752,569.174|988.486,547.455|1026.31,553.691|956.956,549.346|933.566,552.279
49|1|941.598,931.922|958.042,830.417|968.999,757.935|977.77,629.408|995.748,651.313|1072.62,677.544|1127.05,847.034|1049.23,943.318|991.704,966.13|947.42,914.849|994.232,876.068|956.993,648.64|886.708,658.222|766.369,683.436|858.044,640.14|915.789,584.084|954.791,611.724|915.446,617.105|1008.21,940.672|1058.54,957.754|1019.84,1525.86|1040.5,1912.93|882.287,924.378|725.401,890.447|547.359,1417.2|328.837,1544.72|981.237,582.703|977.147,575.966|993.146,550.277|1027.86,546.294|960.857,553.561|932.379,547.793
50|1|936.853,936.564|955.656,831.882|967.874,758.017|978.213,627.6|996.217,650.047|1074.45,676.783|1127.08,849.898|1053.6,940.374|997.078,973.815|953.876,922.504|996.83,880.84|956.91,646.915|885.352,656.495|765.47,681.444|854.548,639.167|912.013,577.361|964.119,609.667|927.832,613.811|1004.46,945.143|1058.26,966.651|1004.99,1545.24|1013.67,1964.38|876.856,929.205|723.409,904.913|598.481,1481.45|413.076,1751.37|982.247,580.214|981.724,576.717|997.467,550.018|1030.22,543.886|964.61,553.226|932.979,544.748
51|1|936.856,936.565|955.659,831.88|967.877,758.014|978.22,627.597|996.224,650.045|1074.46,676.783|1127.08,849.907|1053.59,940.361|997.065,973.807|953.864,922.498|996.822,880.832|956.916,646.911|885.36,656.484|765.497,681.411|854.621,639.132|912.091,577.32|964.252,609.613|927.974,613.771|1004.47,945.145|1058.27,966.685|1004.97,1545.26|1013.64,1964.43|876.858,929.204|723.308,904.994|598.575,1481.56|413.203,1751.78|982.255,580.211|981.726,576.737|997.475,550.036|1030.24,543.894|964.617,553.239|932.993,544.737
52|1|936.856,936.565|955.66,831.88|967.877,758.014|978.22,627.597|996.224,650.045|1074.46,676.783|1127.08,849.908|1053.59,940.361|997.065,973.807|953.864,922.498|996.823,880.832|956.916,646.911|885.361,656.484|765.498,681.41|854.624,639.131|912.094,577.319|964.256,609.611|927.979,613.77|1004.47,945.145|1058.27,966.686|1004.97,1545.26|1013.64,1964.43|876.859,929.204|723.304,904.997|598.578,1481.56|413.206,1751.79|982.256,580.21|981.727,576.737|997.476,550.037|1030.24,543.895|964.618,553.239|932.994,544.736
53|1|936.856,936.565|955.66,831.88|967.877,758.014|978.22,627.597|996.224,650.045|1074.46,676.783|1127.08,849.907|1053.59,940.361|997.065,973.807|953.864,922.499|996.823,880.832|956.916,646.911|885.361,656.484|765.498,681.409|854.626,639.13|912.097,577.319|964.259,609.611|927.982,613.77|1004.47,945.145|1058.27,966.687|1004.97,1545.26|1013.64,1964.44|876.859,929.204|723.303,904.999|598.58,1481.57|413.209,1751.8|982.256,580.21|981.727,576.737|997.477,550.037|1030.24,543.895|964.618,553.239|932.994,544.736
54|1|936.856,936.565|955.66,831.88|967.877,758.014|978.22,627.597|996.224,650.045|1074.46,676.783|1127.08,849.907|1053.59,940.361|997.065,973.807|953.864,922.499|996.823,880.832|956.916,646.911|885.361,656.484|765.498,681.409|854.626,639.13|912.097,577.319|964.259,609.611|927.982,613.77|1004.47,945.145|1058.27,966.687|1004.97,1545.26|1013.64,1964.44|876.859,929.204|723.303,904.999|598.58,1481.57|413.209,1751.8|982.256,580.21|981.727,576.737|997.477,550.037|1030.24,543.895|964.618,553.239|932.994,544.736
55|1|936.856,936.565|955.66,831.88|967.877,758.014|978.22,627.597|996.224,650.045|1074.46,676.783|1127.08,849.907|1053.59,940.361|997.065,973.807|953.864,922.499|996.823,880.832|956.916,646.911|885.361,656.484|765.498,681.409|854.626,639.13|912.097,577.319|964.259,609.611|927.982,613.77|1004.47,945.145|1058.27,966.687|1004.97,1545.26|1013.64,1964.44|876.859,929.204|723.303,904.999|598.58,1481.57|413.209,1751.8|982.256,580.21|981.727,576.737|997.477,550.037|1030.24,543.895|964.618,553.239|932.994,544.736
56|1|944.654,952.582|958.473,841.733|967.573,763.176|977.174,631.195|995.38,653.884|1075.6,678.412|1158.18,840.288|1065.55,911.463|1013.9,960.277|971.416,931.765|1008.62,887.204|955.813,650.82|884.963,658.938|766.559,677.176|866.01,639.051|920.397,575.154|988.912,609.853|938.032,612.065|1012.59,959.643|1070.72,947.867|1031.55,1508.65|1052.87,1894.56|884.066,946.542|751.221,889.464|676.115,1449.86|544.897,1732.37|981.268,583.305|981.781,577.668|997.448,551.07|1029.73,546.337|964.279,554.297|931.573,547.313
57|1|957.928,958.547|965.23,844.547|970.171,763.044|978.319,630.347|996.81,652.979|1078.42,677.202|1168.01,827.469|1076.37,876.897|1027.82,938.228|982.892,930.49|1017.54,885.404|957.098,650.253|886.242,659.238|771.446,679.315|872.918,641.34|919.163,573.867|1001.58,606.799|944.183,610.486|1026.1,963.018|1085.73,932.629|1067.8,1482.19|1108.35,1846.41|896.815,954.798|773.375,898.852|737.106,1457.74|636.365,1750.25|982.047,582.206|980.749,575.391|996.179,548.518|1029.68,543.781|962.906,552.538|931.166,547.159
58|1|957.93,960.703|965.404,846.144|970.497,764.172|979.805,631.382|998.119,654.205|1079.2,678.265|1172.34,820.54|1077.05,857.007|1031.24,924.555|988.732,925.86|1023.65,880.999|958.391,651.141|887.405,659.462|772.709,678.577|875.901,642.099|922.047,574.327|1005.18,605.484|946.726,610.379|1026.05,965.393|1102.78,933.106|1078.66,1478.55|1124.63,1839.36|896.859,956.756|785.631,905.735|757.125,1460.85|674.918,1760.78|983.949,583.217|983.031,571.788|997.483,545.4|1030.37,542.87|964.381,550.344|932.058,549.349
59|1|953.829,930.688|972.971,824.063|984.717,759.982|981.086,641.153|957.908,655.437|863.665,666.307|818.042,645.677|857.084,750.314|884.207,690.985|877.969,619.063|875.097,619.913|1005.38,660.383|1097.53,685.758|1208.76,848.391|1225.96,1088.92|1264.64,1202.92|1232.15,1327.17|1189.72,1210.97|855.54,903.679|633.366,1123.83|0,0|0,0|1043.63,955.926|1062.45,1456.87|0,0|0,0|978.708,611.757|967.343,685.061|954.159,653.598|925.427,592.253|985.38,659.856|1029.56,601.267
60|1|956.092,922.7|972.866,823.355|983.823,760.919|978.147,645.721|956.186,660.246|866.216,673.196|815.401,633.155|821.793,677.865|913.915,632.563|1002.78,556.975|943.427,597.054|1001.8,663.921|1090.28,687.236|1205.27,867.417|1239.09,1073.87|1252.5,1182.31|1244.34,1301.21|1188.61,1197.01|864.017,897.521|729.957,965.646|12.2059,1158.88|0,0|1040.05,946.149|1061.72,1385.42|0,0|0,0|975.32,616.778|914.559,546.232|941.767,534.899|989.29,564.194|943.575,547.223|1001.55,599.219
61|1|938.688,899.303|972.428,820.274|995.304,752.787|1007.81,641.547|996.898,662.096|944.787,689.968|837.465,815.052|763.794,824.749|724.41,827.358|719.367,842.262|746.647,828.777|1015.17,658.223|1045.92,666.411|1040.73,748.701|948.376,760.953|916.719,760.141|877.684,780.68|887.734,751.881|913.275,914.524|756.866,938.553|748.112,1119.32|686.104,1140.11|959.742,886.724|827.475,921.471|821.228,1101.45|775.381,1117.05|1006.55,598.705|937.547,572.338|960.406,552.307|1028.26,556.924|942.931,559.751|976.607,573.525
62|-1
63|-1
64|-1
65|-1
66|1|969.945,931.778|978.848,832.868|984.513,759.083|987.353,635.065|1005.92,655.376|1082.77,672.3|1161.31,751.215|1085.67,714.596|1066.13,680.219|990.987,686.182|991.557,692.568|967.867,654.036|902.322,664.548|836.887,692.322|918.53,645.966|968.981,593.086|1063.08,591.383|986.594,595.945|1036.67,936.205|1119.6,907.502|1106.95,1461.27|1165.58,1789.5|910.49,928.075|783.395,893.362|739.119,1442.96|635.901,1699.4|988.798,590.061|984.043,565.813|992.277,542.226|1022.91,543.072|963.162,552.836|934.43,568.501
67|1|970.065,921.131|978.639,825.265|984.144,753.467|985.783,631.84|1004.2,651.657|1080.22,667.399|1156.96,744.263|1085.13,709.136|1066.84,680.131|996.954,687.292|996.076,692.684|966.799,650.582|903.041,661.597|844.129,691.137|929.876,641.845|988.212,593.511|1075.91,583.889|996.616,597.535|1035.39,925.419|1119.36,905.522|1109.9,1441.36|1170.06,1753.79|911.822,917.54|779.083,904.521|739.096,1444.91|639.443,1694.07|986.864,587.616|982.758,566.307|994.261,543.517|1025.9,545.914|964.467,550.479|936.32,560.118
68|1|973.407,902.081|978.295,812.078|982.217,746.103|984.099,626.019|1001.75,646.303|1077.67,662.483|1156.43,738.037|1089.73,699.406|1065.87,682.405|1008.84,690.838|1006.59,692.54|965.562,643.914|909.29,652.603|866.176,687.565|958.154,641.194|1018.43,590.446|1108.54,581.759|1027.56,602.286|1037.31,908.33|1153.05,899.394|1147.95,1411.94|1231.77,1718.3|915.992,896.687|807.809,898.748|776.49,1437.75|716.284,1696.48|986.206,582.311|976.395,584.966|993.995,560.213|1031.53,552.104|963.505,561.414|941.718,547.352
69|1|974.061,905.175|978.924,814.73|982.864,748.505|985.987,628.119|1003.47,648.639|1079.64,665.832|1160.98,742.596|1094.41,699.815|1069.46,683.367|1013.17,691.647|1011,693.185|967.233,645.863|910.575,653.094|865.891,686.025|961.733,640.214|1025.69,592.267|1115.17,584.302|1032,603.529|1038.1,911.625|1159.42,898.341|1156.41,1409.38|1242.94,1717.25|916.512,899.601|790.66,898.576|761.661,1434.68|693.9,1691.75|988.551,584.34|980.458,568.97|992.945,545.125|1027.3,543.637|963.342,551.975|938.616,557.056
70|1|981.307,913.226|979.977,819.487|980.418,752.074|985.009,628.461|1002.4,649.773|1080.09,669.028|1172.1,749.097|1099.59,701.03|1073.17,685.454|1018.25,691.835|1016.52,693.143|965.798,646.504|909.203,652.911|857.534,682.464|973.178,639.981|1041.44,589.984|1130.24,581.158|1045.12,603.51|1045.89,920.32|1183.11,897.213|1186.96,1413.81|1287.19,1735.13|922.723,907.019|798.365,891.38|783.124,1442.55|730.2,1723.31|988.399,583.603|984.734,579.542|998.569,553.553|1031.4,546.216|967.714,558.513|939.407,552.84
71|1|982.042,917.014|980.798,822.488|981.333,754.677|986.934,630.397|1004.19,651.992|1082.08,671.686|1175.46,753.065|1102.64,704.036|1074.89,687.275|1018.02,691.445|1017.38,693.128|967.517,648.354|911.016,654.15|861.277,683.255|981.477,641.508|1052.34,594.255|1142.18,586.706|1057.38,607.796|1046.98,924.451|1196.89,905.614|1200.18,1428.28|1308.29,1758.94|923.136,910.499|808.6,900.68|796.319,1465.53|753.005,1760.73|990.756,585.348|988.295,577.091|1002.25,551.961|1034.43,547.849|971.244,556.517|942.041,553.538
72|1|983.517,919.096|982.172,824.049|982.686,756.025|988.706,631.428|1005.87,653.191|1083.99,673.312|1178.42,755.23|1106.95,705.952|1078.59,688.797|1020.44,691.921|1020.11,693.052|969.233,649.305|913.363,654.731|867.574,683.312|992.702,641.408|1064.99,595.569|1155.76,589.747|1074.08,610.504|1048.59,926.879|1206.22,911.166|1208.88,1437.1|1322.42,1772.35|924.469,912.265|823.65,903.758|813.916,1476.32|781.352,1779.79|992.774,586.298|992.62,576.035|1005.74,551.084|1036.16,547.948|974.796,556.027|943.682,554.928
73|1|985.076,923.605|982.811,826.412|982.846,757.091|988.965,630.778|1006.17,652.906|1085.35,673.375|1182.87,757.163|1112.34,708.735|1082.16,690.025|1020.22,691.458|1021.58,693.124|969.358,648.833|914.06,653.653|874.99,681.682|1011.5,639.579|1086.12,594.18|1179.4,591.821|1095.97,610.356|1050.91,931.583|1221.77,912.706|1223.61,1445.01|1345.65,1788.51|925.251,916.592|837.476,895.807|833.604,1478.27|812.591,1792.09|993.281,585.076|993.471,574.909|1006.97,549.699|1037.63,546.69|975.554,554.408|943.889,552.841
74|1|988.391,930.252|984.039,829.657|982.224,759.293|988.786,630.097|1006.42,652.532|1087.12,673.285|1184.42,763.082|1110,717.101|1083.54,691.198|1013.97,687.658|1016.7,692.556|968.644,648.857|910.019,654.229|877.302,681.361|1022.64,639.639|1094.08,587.576|1191.23,593.646|1110.51,611.6|1055.75,935.599|1221.6,887.971|1234.4,1421.67|1357,1767.94|927.187,925.643|831.979,867.418|842.168,1437.15|819,1749.1|993.103,583.343|988.405,574.509|1008.27,551.55|1044.54,553.582|975.693,550.228|949.461,541.643
75|1|989.05,929.928|983.1,829.457|980.343,759.755|987.939,631.159|1005.11,653.79|1085.43,674.936|1181.1,763.306|1110.76,717.973|1084.32,691.622|1015.09,687.294|1017.81,692.613|967.874,649.49|911.384,653.34|884.412,680.996|1032.3,638.255|1102.5,584.452|1199.22,593.612|1121.01,606.239|1055.76,935.945|1233.88,894.944|1247.96,1427.14|1380.15,1771.36|928.225,924.688|841.999,884.977|849.744,1470.43|834.72,1798.36|992.88,584.682|991.015,576.204|1009.23,552.546|1043.13,553.037|976.791,552.525|947.931,544.914
76|1|992.613,932.209|984.446,829.971|980.255,759.609|989.153,630.858|1005.9,653.903|1087.17,675.944|1196.37,787.421|1144.52,743.911|1120.95,720.761|1062.58,713.478|1062.7,716.341|969.027,648.748|914.024,649.735|889.492,677.425|1041.24,639.735|1111.08,583.904|1209.41,592.486|1125.42,604.02|1059.41,937.911|1233.35,892.374|1257.27,1426.56|1398.31,1774.31|931.534,927.241|846.525,889.062|870.573,1482.09|868.197,1819.27|994.837,584.411|980.539,586.016|999.906,559.755|1042.42,551.982|967.453,561.089|947.366,547.226
77|1|1000.27,939.858|988.888,834.673|982.748,760.341|991.279,631.167|1008.23,654.165|1089.19,678.208|1198.84,802.702|1165.36,779.406|1138.84,746.153|1076.54,713.255|1081.65,725.8|971.09,649.259|915.199,651.225|894.078,677.072|1048.41,641.421|1119.2,586.069|1217.64,592.821|1132,605.739|1067.08,942.103|1231.63,895.702|1268.56,1430.12|1412.91,1763.68|939.173,938.053|858.118,899.293|894.614,1484.35|888.965,1804.51|996.747,584.548|997.454,582.117|1013.44,555.902|1045.26,549.869|980.882,558.311|948.943,548.394
78|1|1000.87,940.098|989.512,834.809|983.408,760.421|992.246,631.225|1009.13,654.284|1090,678.866|1198.17,806.581|1168.74,789.771|1143.96,755.976|1082.35,721.047|1087.15,730.555|972.021,649.261|916.314,651.159|896.253,677.359|1051.49,641.944|1122.97,587.329|1221.48,595.48|1137.03,606.998|1067.68,942.477|1235.38,897.138|1271.78,1431.98|1418.56,1766.14|939.765,938.17|869.228,904.182|906.523,1491.86|909.279,1818.88|997.846,584.607|1002.38,573.94|1012.8,547.119|1039.91,541.673|981.349,554.641|945.117,556.054
79|1|1001.93,941.556|990.103,835.822|983.719,761.078|992.401,631.433|1009.36,654.538|1090.37,679.467|1195.61,811.944|1171.79,807.538|1148.11,767.217|1088,723.216|1093.6,734.921|972.145,649.564|916.348,651.939|897.424,679.22|1053.96,642.237|1126.5,588.498|1225.63,596.721|1141.39,605.896|1068.96,943.742|1236.66,896.859|1277.01,1433.56|1427.78,1767.41|940.605,939.807|852.515,888.311|899.075,1465.45|895.081,1777.45|997.958,584.661|1002.59,578.645|1015,551.544|1043.03,544.795|982.918,557.158|946.976,553.046
80|1|1011.85,940.888|995.916,835.729|986.384,761.855|994.96,631.549|1011.94,654.666|1092.87,680.35|1186.84,835.075|1166.87,857.16|1165.5,828.354|1120.11,773.393|1123.42,777.762|974.702,649.962|919.069,654.378|902.156,682.491|1061.95,643.717|1133.48,589.864|1232.44,597.2|1147.87,606.735|1079.02,939.424|1241.24,898.297|1287.94,1438.29|1437.29,1777.77|950.419,942.48|862.938,893.42|918.427,1465.38|918.982,1773.07|1000.55,584.521|993.707,588.154|1012.36,561.43|1050.2,552.613|979.343,562.449|953.323,546.64
81|1|1010.76,941.97|995.244,836.444|986.012,762.311|995.292,631.666|1012.2,654.935|1092.99,681.588|1181.14,840.823|1171.31,891.382|1162.26,847.766|1124.36,784.235|1132.49,794.286|974.876,650.03|919.105,654.533|902.911,682.678|1063.9,643.164|1136.7,590.354|1235.8,598.986|1147.96,606.727|1078.21,940.734|1248.86,903.138|1296.54,1449.29|1452.92,1795.89|949.078,943.355|871.265,908.537|926.55,1492.8|932.485,1821.2|1001.14,584.534|1005.67,577.864|1018.11,550.65|1046.39,544.208|985.806,556.379|949.707,552.789
82|1|1011.24,942.248|995.82,836.649|986.657,762.442|996.164,631.778|1013.05,655.077|1093.8,681.891|1181.44,841.585|1174.68,900.152|1164.87,858.218|1124.39,795.51|1135.37,801.671|975.703,650.121|919.811,654.564|903.057,682.927|1063.68,643.991|1136.91,592.03|1236.71,601.118|1148.76,608.373|1078.71,941.082|1251.3,904.384|1299.68,1451.49|1458.45,1799.08|949.552,943.57|872.769,910.561|928.427,1494.29|935.813,1825.46|1002.08,584.64|1006.46,577.565|1018.39,550.183|1046.57,543.438|986.193,556.506|950.052,553.821
83|1|1018.83,953.08|1000.19,842.981|988.993,764.341|997.027,632.804|1014.34,655.922|1095.74,682.332|1180.9,843.966|1172.59,917.199|1161.85,871.186|1130.16,805.769|1141.3,815.73|976.622,651.661|919.487,656.143|903.647,684.948|1065.29,645.475|1138.83,593.305|1239.7,601.231|1151.78,610.549|1085.67,949.577|1249.6,911.018|1311.48,1454.83|1475.18,1787.58|957.619,956.542|893.694,923.95|954.436,1500.13|961.594,1823.06|1002.33,585.313|1007.99,577.724|1018.68,549.863|1045.61,542.352|986.63,557.335|949.132,556.155
84|1|1019.68,955.407|1001.1,844.975|989.929,766.256|998.215,634.741|1015.52,657.901|1096.99,683.886|1181.21,846.497|1174.91,926.144|1162.25,877.952|1129.38,810.903|1143.16,820.948|977.755,653.52|920.344,657.407|903.662,685.051|1064.62,645.219|1138.81,594.497|1239.9,603.017|1151.51,610.653|1086.61,951.945|1256.64,914.543|1317.36,1458.77|1484.13,1794.77|958.392,958.832|899.97,931.141|961.579,1505.29|975.617,1834.92|1003.57,587.286|1007.91,578.137|1019.18,550.77|1047.19,544.717|987.036,557.813|950.631,557.381
85|1|1015.13,961.973|1002.62,847.669|997.579,760.59|1002.35,633.45|1019.89,654.493|1097.77,684.737|1172.26,843.416|1168.55,942.796|1166,907.206|1134.35,840.23|1149.15,841.829|982.766,653.851|920.581,668.179|912.554,689.847|1065.87,648.039|1138.14,607.42|1235.14,612.264|1147.59,618.604|1073,957.709|1164.11,939.548|1207.7,1371.33|1309.59,1533.32|962.55,966.038|877.708,903.816|913.665,1310.57|855.263,1467.72|1006.38,587.133|1018.72,569.896|1033.23,547.52|1056.85,553.44|1001.04,547.9|961.067,547.131
86|1|1014.48,958.528|1002.06,844.701|998.126,760.06|1005.28,634.791|1022.29,655.654|1099.82,684.81|1169.32,844.017|1165.8,950.829|1167.18,920.735|1135.42,852.559|1151.12,850.249|985.412,654.955|921.897,668.176|914.286,688.088|1068.65,648.659|1140.83,609.67|1235.92,607.849|1149.24,618.756|1070.74,954.211|1152.3,930.834|1167.4,1310.5|1249.89,1489.28|963.252,962.64|876.028,899.712|921.441,1251.91|873.554,1416.13|1010.27,589.139|1008.28,575.68|1019.92,549.138|1051.88,545.233|988.106,556.953|956.487,560.669
87|1|1014.48,958.526|1002.06,844.703|998.127,760.065|1005.28,634.801|1022.29,655.664|1099.82,684.808|1169.53,843.927|1166.07,950.641|1167.38,920.453|1135.49,852.249|1151.23,849.991|985.416,654.963|921.907,668.175|914.328,688.079|1068.71,648.662|1140.92,609.695|1236,607.905|1149.34,618.77|1070.74,954.209|1152.29,930.951|1167.23,1310.38|1249.62,1489.32|963.255,962.637|876.015,899.683|921.521,1251.64|873.693,1415.91|1010.28,589.15|1008.28,575.688|1019.92,549.15|1051.9,545.257|988.11,556.957|956.502,560.666
88|1|1013.6,960.872|1001.86,845.18|996.912,761.06|998.016,634.074|1016.48,654.349|1096.19,680.11|1185.48,828.292|1198.33,946.579|1186.54,918.46|1121.2,851.642|1146.2,839.92|978.74,655.425|911.611,670.303|914.498,688.687|1072.6,651.686|1147.08,609.863|1233.36,589.96|1150.62,612.373|1070.41,956.301|1142.66,923.086|1150.42,1277.74|1218.34,1466.17|962.093,965.201|878.664,896.823|931.25,1227.54|886.437,1396.83|1000.54,587.691|1002.31,577.176|1020.99,553.719|1053.29,556.451|987.686,552.742|955.739,545.453
89|1|1009.7,961.508|999.851,845.707|997.603,762.074|1001.52,635.435|1019.44,656.021|1099.47,681.118|1192.89,822.681|1207.56,932.123|1185.41,899.135|1111.62,840.137|1141.18,831.67|981.849,656.378|914.595,669.122|917.505,687.681|1076.18,650.265|1151.07,613.259|1234.22,590.589|1152.31,616.125|1066.12,958.166|1147.21,925.137|1140.84,1264.65|1206.3,1455.88|958.422,964.727|888.743,900.796|933.413,1219.39|897.892,1392.11|1005.2,589.223|1010.72,567.205|1016.9,541.224|1041.58,539.794|986.359,552.521|948.219,566.449
90|1|1007.45,963.414|999.185,846.144|996.814,764.126|1001.79,637.225|1019.78,657.874|1101.07,680.826|1200.08,817.398|1215.59,917.641|1180.67,889.113|1103.89,838.962|1139.13,829.768|981.682,658.324|911.826,668.55|922.855,689.481|1087.3,651.985|1158.06,622.52|1239.79,582.503|1158.65,620.651|1063.14,960.027|1158.22,975.95|1140.49,1307.06|1203.31,1505.81|956.911,966.663|928.232,989.465|950.094,1290.01|918.609,1477.78|1005.85,590.903|1017.07,572.466|1030.73,548.522|1055.62,553.191|997.589,550.884|956.803,552.565
91|1|1006.42,948.162|997.418,837.19|995.4,759.459|1001.26,638.945|1018.24,658.411|1095.95,678.804|1196.92,806.161|1208.49,890.767|1177.45,887.391|1103.08,840.625|1129.67,821.874|981.831,659.282|914.842,668.797|926.73,689.04|1086.99,655.38|1162.97,623.591|1225.44,598.051|1162.55,629.21|1058.78,943.816|1149.23,977.745|1131.36,1269.48|1189.03,1453.51|958.716,952.279|941.102,925.71|963.548,1195.2|942.06,1357.48|1005.8,594.975|1006.33,572.51|1018.85,549.025|1049.37,553.285|987.051,554.695|954.196,563.181
92|1|1009.06,951.405|998.241,839.031|994.232,758.21|998.226,635.809|1015.33,655.597|1092.14,676.07|1194.21,799.046|1217.11,873.926|1177.8,885.741|1101.65,843.375|1129.77,821.786|979.292,656.196|913.137,666.743|931.956,691.091|1088.8,658.887|1163.84,626.753|1232.53,602.064|1160.96,634.807|1062.09,946.3|1168.33,1016.38|1146.54,1311.04|1202.85,1511.2|960.709,956.221|949.891,1035.55|970.202,1289.02|958.173,1476.09|1002.1,591.149|1005.45,577.458|1019.1,553.081|1048.03,553.291|987.318,556.895|953.253,556.97
93|1|1008.89,951.841|997.738,839.405|993.637,758.725|998.008,636.289|1015.05,656.073|1091.85,678.389|1195.76,799.511|1220.62,872.539|1179.61,885.92|1101.89,844.223|1130.43,822.084|978.995,656.723|912.908,667.439|931.937,691.868|1089.99,663.413|1164.67,629.054|1229.97,602.61|1154.43,635.292|1061.9,946.503|1175.67,1040.49|1157.4,1347.83|1214.42,1551.21|960.54,956.872|956.489,1075.04|972.131,1336.76|961.83,1529.33|1002.08,591.62|1008.8,574.121|1021.92,550.713|1048.51,553.939|990.194,554.053|953.668,556.523
94|1|1008.9,951.856|997.757,839.431|993.662,758.757|998.06,636.333|1015.09,656.119|1091.87,678.466|1195.77,799.592|1220.71,872.622|1179.74,885.999|1102.02,844.295|1130.52,822.157|979.046,656.76|912.978,667.454|932.109,691.896|1090.18,663.434|1164.83,629.062|1230.17,602.592|1154.35,635.533|1061.91,946.521|1175.85,1040.79|1157.46,1347.95|1214.52,1551.3|960.56,956.885|956.56,1075.53|972.172,1336.89|961.9,1529.43|1002.14,591.669|1008.92,574.304|1022.04,550.87|1048.58,554.007|990.315,554.209|953.748,556.578
95|1|1008.91,951.854|997.76,839.434|993.665,758.763|998.068,636.345|1015.1,656.131|1091.87,678.481|1195.76,799.596|1220.71,872.614|1179.75,885.986|1102.04,844.286|1130.54,822.153|979.054,656.77|912.993,667.457|932.151,691.885|1090.23,663.42|1164.87,629.054|1230.22,602.573|1154.4,635.526|1061.91,946.52|1175.86,1040.81|1157.46,1347.93|1214.52,1551.27|960.565,956.882|956.57,1075.56|972.179,1336.88|961.91,1529.4|1002.15,591.683|1008.95,574.346|1022.06,550.908|1048.59,554.029|990.342,554.246|953.765,556.593
96|1|1007.37,947.984|996,837.739|992.379,758.594|998.325,637.153|1014.69,657.064|1089.42,679.392|1193.14,796.74|1226.32,863.062|1187.22,885.035|1107.28,848.34|1132.51,823.718|979.439,657.037|914.018,665.248|936.993,693.091|1093.22,664.886|1165.97,629.488|1231.33,602.273|1155.44,634.515|1058.86,941.861|1178.64,1074.23|1163.19,1380.36|1224.11,1577.25|960.206,953.747|968.012,1115.42|975.83,1369.02|968.229,1557.38|1003.11,592.914|1008.53,577.526|1021.82,554.107|1048.95,556.028|990.537,557.383|955.463,558.377
97|1|1003.56,953.123|993.387,840.684|991.513,759.513|999.002,635.823|1015.06,656.29|1090.01,679.374|1195.59,799.054|1238.22,865.674|1192.51,881.764|1109.73,851.13|1138.53,825.444|979.842,655.826|914.36,663.472|950.33,697.79|1112.8,672.362|1181.6,628.387|1239.15,601.995|1156.38,632.138|1055.39,947.04|1190.91,1108.77|1168.36,1418.44|1234.24,1620.37|955.83,958.882|976.648,1153.7|973.263,1407.33|970.567,1599.47|1004.7,590.81|1008.73,576.774|1023.17,552.913|1052,554.406|991.212,555.654|956.935,554.909
98|1|1003.98,953.338|993.878,840.973|992.162,759.913|999.928,636.302|1015.88,656.763|1090.64,680.451|1196.46,800.908|1242.3,869.393|1197.27,882.704|1114.64,852.111|1142.67,826.627|980.764,656.292|915.65,664.235|954.248,699.429|1117.67,673.225|1185.21,628.161|1240.67,603.569|1162.97,626.191|1055.73,947.262|1194.23,1120.2|1170.07,1425.82|1234.71,1627.9|956.314,959.092|977.806,1165.54|973.125,1416.77|970.992,1608.22|1005.77,591.326|1010.67,577.3|1023.77,552.818|1051.56,553|992.007,556.884|956.647,557.435
99|1|1003.79,952.779|993.431,840.659|991.697,759.861|999.409,636.112|1015.3,656.547|1089.76,680.176|1196.24,800.891|1247.3,871.05|1201.21,881.194|1118.86,854.072|1147.09,828.003|980.304,656.178|915.678,663.872|957.868,699.303|1121.95,674.111|1187.54,627.068|1242.2,600.605|1165.16,622.368|1055.34,946.334|1195.03,1133.34|1173.65,1438.75|1237.93,1641.06|956.273,958.878|978.458,1180.42|972.952,1431.6|971.439,1622.42|1005.32,591.085|1011.56,578.063|1025.03,553.642|1052.12,553.832|993.16,557.008|956.987,556.084
100|1|1003.79,952.779|993.431,840.659|991.697,759.861|999.409,636.112|1015.3,656.547|1089.76,680.176|1196.24,800.891|1247.3,871.05|1201.21,881.194|1118.86,854.072|1147.09,828.003|980.304,656.178|915.678,663.872|957.868,699.303|1121.95,674.111|1187.54,627.068|1242.2,600.605|1165.16,622.368|1055.34,946.334|1195.03,1133.34|1173.65,1438.75|1237.93,1641.06|956.273,958.878|978.458,1180.42|972.952,1431.6|971.439,1622.42|1005.32,591.085|1011.56,578.063|1025.03,553.642|1052.12,553.832|993.16,557.008|956.987,556.084
101|1|1003.8,952.772|993.444,840.656|991.712,759.859|999.436,636.116|1015.32,656.552|1089.78,680.185|1196.26,800.896|1247.34,871.06|1201.27,881.21|1118.93,854.094|1147.14,828.02|980.331,656.179|915.715,663.856|957.943,699.254|1122.05,674.082|1187.63,627.076|1242.32,600.589|1165.32,622.239|1055.34,946.329|1195.04,1133.34|1173.64,1438.7|1237.91,1640.99|956.285,958.869|978.471,1180.41|972.953,1431.55|971.437,1622.35|1005.35,591.091|1011.64,578.069|1025.11,553.656|1052.16,553.858|993.239,557.009|957.039,556.072
102|1|1004.47,952.311|994.309,840.116|992.787,759.285|1001.12,635.478|1016.9,656.009|1091.44,679.489|1198.14,800.809|1250.44,872.406|1205.39,882.803|1123.05,855.811|1150.39,829.293|981.92,655.468|917.354,662.872|960.305,699.104|1124.65,674.378|1190.26,626.739|1242.95,601.995|1168.09,619.571|1056.04,945.976|1196.71,1135.58|1173.31,1438.45|1237.14,1640.74|956.932,958.309|979.021,1182.91|972.477,1430.77|970.929,1621.15|1007.29,590.436|1017.23,577.683|1029.5,552.986|1053.74,552.586|997.846,556.767|958.798,556.034
103|1|1005.58,951.61|995.31,839.219|993.662,758.038|1000.92,633.881|1016.79,654.421|1091.82,676.019|1211.86,755.135|1217.16,745.97|1175.19,685.768|1114.99,628.378|1186.23,726.813|981.977,653.92|917.852,661.468|962.043,696.409|1124.93,669.201|1191.03,621.039|1240.99,598.554|1168.01,615.05|1057.21,945.271|1198.63,1134.98|1175.38,1440.2|1239.81,1643.57|957.973,957.613|978.871,1185.53|972.907,1432.12|973.424,1622.67|1006.74,588.701|1020.18,577.673|1031.58,552.641|1053.09,550.981|1000.24,556.535|958.72,554.632
104|1|1008.06,953.366|998.05,840.664|996.7,759.111|1003.64,634.665|1019.38,655.299|1091.94,673.028|1227.85,716.534|1186.79,673.817|1200.38,624.142|1233.94,577.977|1199.76,612.707|984.91,654.629|921.625,661.433|966.601,694.937|1127.53,669.733|1194.31,621.144|1243.88,596.364|1170.18,617.365|1059.67,947.175|1194.67,1135.82|1173.38,1443|1236.9,1649.48|960.441,959.236|976.964,1197.83|973.46,1447.81|978.392,1639.16|1009.46,589.414|1020.24,580.62|1031.96,555.006|1055.33,551.407|1000.54,559.359|960.913,556.26
105|1|1008.19,948.505|998.603,837.093|997.714,756.355|1004.9,633.24|1020.35,653.714|1091.49,671.547|1230.45,714.86|1213.02,650.713|1205.19,618.529|1215.02,590.513|1198.4,572.474|986.375,652.931|924.258,658.379|969.825,695.015|1127.44,677.148|1194.76,629.202|1244.18,603.736|1170.91,615.594|1059.17,942.603|1181.88,1086.65|1156.71,1372.06|1221.2,1567.4|961.135,954.107|963.991,1036.63|976.987,1216.38|981.284,1385.84|1010.83,588.467|1019.63,580.503|1031.79,555.09|1056.4,551.133|1000.59,559.268|962.756,555.503
106|1|1007.23,943.506|997.762,834.651|997.382,756.152|1005.4,636.078|1020.64,655.985|1093.75,675.792|1218.27,751.471|1236.07,724.625|1266.19,669.302|1307.65,616.412|1198.45,645.534|986.855,655.474|925.407,660.522|972.922,694.832|1127.65,680.801|1192.57,632.453|1238.57,603.54|1165.29,613.537|1057.13,937.931|1177.76,1063.09|1149.17,1340.16|1207.4,1530.95|961.213,948.794|941.048,1011.81|959.371,1237.09|952.693,1410.79|1011.43,592.399|1023.19,579.172|1033.95,555.207|1055.65,554.752|1003.6,559.467|963.99,559.969
107|1|1006.36,938.714|997.178,829.648|997.338,751.09|1005.56,630.652|1020.79,650.568|1094.01,672.064|1212.43,762.277|1249.64,768.588|1263.09,704.043|1295.3,640.058|1212.29,669.722|986.926,650.219|925.812,657.106|981.094,691.92|1138.59,671.344|1201.76,620.229|1241.34,601.108|1175.78,635.704|1056.36,933.248|1179.24,1049.48|1147.47,1322.02|1207.05,1511.27|960.219,943.906|939.68,992.961|957.893,1236.22|946.182,1410.93|1011.76,586.779|1022.68,580.775|1034.13,555.045|1056.91,549.53|1003.29,559.494|964.047,554.599
108|1|1004.65,931.758|996.546,825.752|996.859,748.779|1006.99,632.467|1021.6,651.773|1093.11,674.978|1201.21,770.323|1244.83,796.095|1268.73,738.663|1283.87,665.122|1222.12,694.563|988.378,651.421|929.42,660.021|989.446,689.471|1139.83,668.014|1197.08,614.06|1246.82,607.752|1178.15,623.571|1053.33,926.9|1187.86,1064.83|1154.27,1334.12|1212.06,1519.69|959.743,936.377|966.218,1078.28|964.587,1315.95|958.288,1495.71|1013.8,590.127|1021.88,581.151|1033.72,556.71|1058.03,553.625|1003.41,560.776|966.905,558.003
109|1|1001.75,923.98|995.884,820.697|997.611,745.37|1007.84,632.635|1022.08,651.329|1092.68,672.371|1189.02,772.257|1223.91,811.345|1262.65,766.08|1277.88,690.871|1227.12,712.348|989.588,651.077|932.171,660.345|992.393,688.887|1132.21,670.195|1181.77,614.022|1239.65,608.718|1163.39,621.766|1049.37,920.668|1175.84,1039.03|1140.82,1291.4|1196.2,1469.53|957.898,927.162|934.979,983.596|947.967,1230.98|938.174,1397.39|1014.55,591.606|1032.07,574.423|1024.17,549.648|1029.41,537.941|1003.76,569.219|961.719,591.295
110|1|991.768,913.605|991.26,811.208|996.995,736.242|1009.35,626.016|1022.94,644.122|1093,666.104|1181.38,772.224|1211.27,824.702|1255.92,787.851|1269.1,711.149|1227.57,727.964|990.971,644.414|936.521,658.174|1007.68,680.681|1147.98,660.692|1192.15,628.582|1210.93,634.278|1185.62,620.478|1039,913.17|1174.47,1028.25|1125.01,1270.63|1178.24,1445.64|948.247,914.132|942.849,987.183|940.646,1242.64|933.907,1410.95|1017.13,585.884|1027.05,581.012|1035.2,554.918|1056.27,545.705|1006.35,562.517|968.251,560.544
111|1|996.271,908.077|994.349,808.185|998.821,736.846|1009.6,627.072|1024.08,644.537|1096.07,665.73|1180.02,775.776|1215.54,848.083|1262.34,814.629|1258.85,731.838|1228.66,747.369|990.855,646.191|933.646,662.368|1012.94,671.763|1146.57,646.12|1193.91,621.584|1220.93,638.553|1189.61,650.348|1043.05,905.092|1166.4,1038.07|1125.4,1265.87|1180.09,1433.23|953.219,910.95|963.888,1020.34|958.891,1262.5|948.422,1425.75|1016.74,587.047|1020.85,584.002|1036.74,559.852|1065.28,556.044|1005.56,560.582|972.929,550.007
112|1|996.809,908.049|994.927,808.088|999.442,736.678|1010.37,626.782|1024.82,644.298|1096.85,665.327|1180.63,776.193|1216.93,850.519|1263.83,817.696|1260.13,735.026|1229.5,749.342|991.602,645.887|934.447,661.896|1014.34,670.937|1148.21,644.801|1195.72,620.582|1223.13,638.528|1192.62,649.958|1043.62,905.096|1168.55,1039.97|1125.04,1263.7|1179.3,1430.76|953.736,910.892|968.439,1020.23|962.242,1259.5|953.625,1422.71|1017.57,586.713|1022.61,584.262|1037.47,559.441|1065.12,554.162|1006.37,561.243|972.63,551.241
113|1|1011.19,914.816|1005.82,813.239|1006.96,739.341|1014.59,626.61|1029.87,644.13|1103.78,662.347|1186.43,777.434|1226.24,863.346|1268.56,829.763|1254.76,746.293|1230.59,756.377|996.068,646.653|937.024,663.003|1021.5,663.682|1152.21,636.679|1200.5,614.891|1227.61,644.157|1197.53,650.398|1058.74,909.77|1187.63,1063.94|1146.39,1280.78|1199.91,1453.83|967.419,919.592|981.351,1052.14|982.278,1283.74|977.792,1455.27|1020.63,585.387|1027.13,588.678|1038.15,560.178|1063.97,546.172|1007.03,566.86|970.198,557.19
114|1|1013.69,916.877|1007.39,814.223|1008.38,739.962|1013.53,624.419|1029.25,642.14|1103.6,658.511|1189.14,774.618|1239.96,868.271|1272.81,833.138|1250.08,755.255|1231.25,757.794|995.375,645.126|936.202,662.982|1025.95,662.292|1156.38,638.373|1203.11,613.594|1230.28,647.085|1201.93,651.979|1061.63,911.132|1196.94,1081.38|1158,1299.88|1216.36,1473.93|969.515,922.307|986.794,1083.15|988.938,1311.5|988.897,1487.4|1018.79,582.07|1028.04,583.069|1039.76,555.241|1064.24,544.037|1008.24,560.626|969.498,551.218
115|1|1014.17,916.745|1008.01,814.028|1009.13,739.726|1014.75,624.11|1030.39,641.913|1104.63,658.31|1191.13,775.142|1243.6,870.439|1275.45,836.16|1251.5,759.415|1232.49,760.362|996.516,644.755|937.347,662.279|1027.46,661.287|1158.07,638.025|1203.99,612.923|1229.46,645.334|1202.04,653.115|1062.12,911.081|1199.21,1081.63|1159.87,1300.42|1219.03,1474.22|969.965,922.099|996.368,1072.02|996.142,1305.63|999.187,1482.04|1020.2,581.741|1030.98,589.974|1042.18,560.685|1065.54,543.908|1010.72,566.785|970.689,552.703
116|1|1014.5,915.587|1008.6,812.839|1009.96,738.503|1016.41,622.826|1031.88,640.76|1105.89,657.005|1193.37,774.761|1247.82,871.601|1277.46,838.774|1252.39,763.728|1233.62,762.59|998.05,643.357|939.005,660.425|1030.21,659.368|1161.31,637.115|1205.45,611.962|1229.12,642.831|1204.03,655.442|1062.47,910.067|1201.15,1079.81|1161.57,1299.53|1221.56,1473.17|970.287,920.809|1000.09,1064.72|998.74,1297.3|1002.26,1473.16|1022.19,580.44|1033.48,590.214|1044.68,560.688|1067.74,542.86|1013.2,566.797|972.799,551.577
117|1|1011.94,911.877|1009.12,809.125|1012.06,733.434|1019.59,619.383|1034.2,637.037|1106.25,653.74|1194.53,770.752|1250.54,865.897|1272.58,840.018|1252.86,769.087|1234.08,763.694|1001.68,639.651|946.598,658.462|1037.28,655.256|1165.47,633.668|1206.89,611.39|1229.56,645.515|1207.88,658.862|1059.59,908.296|1203.17,1088.76|1159.69,1310.05|1217.32,1482.74|967.997,915.311|994.152,1095.63|988.478,1329.18|995.203,1506.01|1026.07,577.594|1034.85,594.299|1046.63,564.362|1071.31,542.005|1015.43,570.313|977.268,550.058
118|1|1012.57,914.937|1008.7,812.656|1010.54,736.56|1018.7,621.359|1032.63,639.214|1102.66,655.46|1199.74,768.877|1263.71,855.656|1270.94,840.804|1249.98,777.458|1235.48,766.383|1001.18,641.716|950.284,660.024|1041.61,654.751|1173.07,630.027|1211.24,606.996|1227.28,649.895|1213.42,660.084|1059.63,909.823|1199.06,1108.7|1163.86,1337.67|1222.99,1509.46|969.014,919.801|986.961,1146.43|981.624,1378.37|989.074,1553.05|1025.76,579.192|1034.72,596.184|1046.13,566.122|1070.51,543.24|1015.07,572.421|976.753,552.339
119|1|1012.66,914.861|1008.81,812.556|1010.68,736.446|1018.91,621.219|1032.84,639.086|1102.88,655.654|1199.79,769.545|1264.03,857.162|1271.56,842.616|1250.86,779.32|1236.13,767.93|1001.37,641.573|950.43,659.898|1041.64,654.693|1172.96,630.153|1210.9,607.162|1226.51,650.257|1212.98,660.324|1059.73,909.756|1199.29,1109.12|1163.8,1337.64|1222.87,1509.35|969.086,919.715|991.736,1141.46|985.706,1379.38|995.198,1555.12|1026.01,579.042|1035.45,595.754|1046.87,565.752|1070.94,543.156|1015.8,571.955|977.159,551.968
120|1|1013.14,915.204|1009.53,812.715|1011.63,736.507|1020.59,621.082|1034.43,639.067|1104.65,657.302|1201.34,773.025|1268.15,864.29|1275.26,848.448|1252.88,783.89|1239.24,774.136|1002.89,641.385|951.667,659.636|1042.55,654.674|1173.64,630.969|1212.13,608.068|1226.54,653.143|1213.42,661.08|1060.3,910.187|1200.43,1114.78|1163.27,1341.79|1221.31,1513.29|969.486,919.979|987.861,1153.33|980.284,1379.72|987.269,1553.53|1027.98,578.848|1039.39,597.389|1050.1,566.839|1072.67,542.381|1019.1,573.69|978.828,552.981
121|1|1013.41,915.192|1009.93,812.689|1012.17,736.502|1021.52,621.094|1035.31,639.109|1105.62,658.016|1202.28,775.36|1270.42,869.54|1277.3,853.334|1254.24,788.977|1241.64,779.488|1003.73,641.368|952.362,659.59|1042.91,655.071|1173.76,632.17|1212.9,609.523|1226.91,655.697|1213.53,663.2|1060.58,910.228|1201.35,1115.57|1164.32,1343.21|1222.57,1514.7|969.738,919.916|1001.38,1133.67|990.951,1368.1|1000.95,1544.53|1029.06,578.873|1040.26,597.692|1051.02,567.071|1073.78,542.398|1019.97,573.939|979.794,553.036
122|1|1012.21,912.167|1009.45,811.109|1012.27,736.033|1023.19,621.566|1036.63,639.528|1106.03,659.128|1203.17,776.489|1275.73,871.621|1282.17,857.738|1254.13,797.44|1244.4,784.364|1005.23,641.608|954.179,660.144|1043.85,654.363|1170.27,632.957|1214.72,609.052|1227.03,657.235|1210.58,664.977|1058.91,907.176|1193.36,1121.73|1160.35,1349.31|1218.32,1517.73|968.971,916.916|987.889,1158.46|976.312,1383.71|982.592,1554.66|1031.35,579.735|1041.71,599.033|1051.97,568.165|1075.06,542.522|1021.08,575.687|981.401,555.158
123|1|1012.22,913.971|1009.52,812.754|1012.17,737.384|1023.4,622.675|1036.78,640.829|1105.96,662.209|1202.37,780.485|1278.8,877.869|1289.97,862.629|1255.07,805.173|1246.74,788.88|1005.4,642.557|954.376,660.449|1043.79,654.26|1168.75,633.001|1216.03,608.352|1226.95,657.426|1208.1,665.097|1058.99,909.057|1190.99,1133.4|1158.29,1360.32|1213.46,1527.87|968.937,918.647|981.542,1173.58|967.311,1390.81|971.744,1558.99|1031.64,580.79|1042.87,598.575|1052.93,567.983|1075.25,543.436|1022.2,575.455|982.018,556.01
124|1|1011.52,912.968|1009.06,811.982|1011.92,736.802|1023.35,622.335|1036.68,640.435|1105.79,661.178|1201.79,780.716|1277.51,879.824|1289.82,865.024|1256.4,809.594|1248.15,791.968|1005.34,642.207|954.374,660.216|1043.72,654.365|1168.91,633.445|1217.24,608.112|1227.44,657.809|1209.11,666.698|1058.21,908.12|1190.49,1130.22|1155.8,1353.59|1210.57,1520.89|968.307,917.582|991.751,1158.73|975.313,1372.83|981.753,1542.18|1031.68,580.538|1043.6,598.527|1054.04,568.108|1076.07,543.935|1023.22,575.063|982.687,554.921
125|1|1011.6,913.133|1009.18,812.194|1012.07,737.056|1023.71,622.661|1036.99,640.776|1106.13,662.143|1201.19,782.713|1276.17,883.515|1289.99,868.505|1257.12,812.93|1248.43,794.992|1005.67,642.49|954.746,660.291|1044.32,654.654|1169.84,634.014|1218.74,608.453|1228.8,657.391|1209.77,667.854|1058.26,908.303|1191.12,1129.18|1156.31,1352.85|1211.38,1520.22|968.405,917.731|1002.68,1149.08|984.906,1370.58|994.721,1541.6|1032.12,580.899|1044.83,598.704|1055.63,568.535|1077.24,545.031|1024.77,574.948|983.833,554.377
126|1|1007.2,912.686|1007.28,812.056|1011.46,736.108|1020.55,620.763|1033.46,638.834|1100.11,656.748|1200.19,771.279|1280.22,863.584|1285.03,867.686|1258.37,820.988|1249.81,796.811|1003.68,640.83|956.604,658.405|1045.72,656.25|1167.98,641.753|1222.18,615.277|1228.34,657.832|1204.92,674.277|1053.05,908.266|1180.41,1138.23|1147.52,1363.52|1204.8,1527|964.569,916.919|984.492,1179.13|967.125,1403.98|977.667,1570.68|1028.32,578.607|1046.3,596.628|1056.38,566.894|1073.78,543.619|1026.25,573.019|982.139,552.079
127|1|1007.08,912.881|1007.2,812.321|1011.43,736.443|1020.7,621.19|1033.57,639.247|1100.12,657.596|1200.28,772.575|1281.15,866.126|1286.33,870.374|1260.01,823.814|1251.51,799.604|1003.81,641.244|956.719,658.811|1045.85,657.194|1168.27,643.282|1222.91,616.979|1228.92,659.51|1204.96,675.488|1052.91,908.458|1179.41,1139.21|1145.04,1362.01|1201.1,1525.33|964.48,917.116|987.969,1177.68|969.495,1402.07|980.779,1568.83|1028.54,579.076|1046.71,599.924|1057.02,569.911|1074.4,544.794|1026.85,575.971|982.643,552.899
128|1|1007.08,912.881|1007.2,812.32|1011.43,736.443|1020.7,621.19|1033.57,639.247|1100.12,657.596|1200.28,772.575|1281.15,866.127|1286.33,870.375|1260.02,823.815|1251.51,799.604|1003.81,641.245|956.719,658.811|1045.85,657.194|1168.27,643.282|1222.92,616.979|1228.92,659.511|1204.96,675.489|1052.91,908.458|1179.41,1139.21|1145.04,1362.01|1201.1,1525.33|964.48,917.116|987.974,1177.68|969.499,1402.07|980.785,1568.84|1028.54,579.076|1046.71,599.924|1057.02,569.911|1074.4,544.794|1026.85,575.971|982.643,552.899
129|1|1007.08,912.881|1007.2,812.32|1011.43,736.443|1020.7,621.19|1033.57,639.247|1100.12,657.596|1200.28,772.575|1281.15,866.127|1286.33,870.375|1260.02,823.815|1251.51,799.604|1003.81,641.245|956.719,658.811|1045.85,657.194|1168.27,643.282|1222.92,616.979|1228.92,659.511|1204.96,675.489|1052.91,908.458|1179.41,1139.21|1145.04,1362.01|1201.1,1525.33|964.48,917.116|987.974,1177.68|969.499,1402.07|980.785,1568.84|1028.54,579.076|1046.71,599.924|1057.02,569.911|1074.4,544.794|1026.85,575.971|982.643,552.899
130|1|1007.04,911.438|1007.05,811.193|1011.13,735.505|1019.99,620.606|1032.83,638.604|1098.44,655.475|1206.94,757.833|1279.81,824.87|1290.47,783.112|1259.57,721.113|1227.4,738.804|1003.26,640.589|956.587,658.084|1045.71,656.204|1167.45,641.974|1222.09,616.635|1228.49,661.145|1204.25,676.034|1052.69,907.048|1179.55,1135.26|1147.07,1359.94|1204.25,1522.95|964.599,915.642|1041.89,1143.65|1029.78,1406.47|1068.38,1574.63|1027.65,578.613|1046.26,598.798|1056.62,569.132|1073.57,544.786|1026.65,574.885|982.397,552.042
131|1|1007.03,911.385|1007.04,811.148|1011.11,735.464|1019.93,620.575|1032.78,638.57|1098.41,655.364|1207.18,757.22|1279.73,823.567|1290.11,781.186|1258.48,719.252|1226.46,737.855|1003.21,640.556|956.554,658.046|1045.66,656.114|1167.38,641.819|1222.01,616.469|1228.43,660.986|1204.19,675.85|1052.68,906.994|1179.55,1135.12|1147.15,1359.88|1204.37,1522.88|964.596,915.588|1043.05,1142.66|1031.32,1406.31|1070.58,1574.4|1027.59,578.585|1046.19,598.74|1056.55,569.083|1073.49,544.759|1026.58,574.836|982.341,552.014
132|1|1004.34,899.684|1004.3,802.257|1008.79,728.943|1017.33,617.668|1029.93,634.685|1094.43,641.877|1220.76,702.281|1275.12,723.759|1237.65,694.833|1212.27,658.231|1225.95,734.479|1000.95,637.579|955.29,656.139|1044.84,666.595|1163.01,668.947|1223.99,649.287|1226.52,681.552|1194.24,695.542|1048.72,895.316|1181.03,1065.7|1140.9,1273.72|1202.22,1431.82|963.084,903.86|1041.92,970.644|1029.33,1204.37|1057.36,1360.05|1024.84,576.938|1043.96,600.078|1055.14,571.036|1071.59,545.848|1025.6,575.685|981.862,549.743
133|1|1003.97,895.929|1004.49,799.094|1010.07,726.732|1021.43,617.178|1033.61,634.009|1098.6,644.602|1212.64,734.333|1267.34,778.162|1260.96,733.105|1228.11,678.168|1222.03,749.256|1004.54,636.788|958.03,655.768|1046.55,671.43|1164.95,679.995|1220.59,667.464|1224.55,702.685|1196.52,719.558|1047.98,891.909|1186.26,1024.4|1133.74,1228.25|1197.69,1379.56|963.045,899.78|1049.23,946.958|1025.94,1165.36|1048.94,1311.32|1030,577.145|1042.78,600.03|1053.75,570.442|1074.65,544.137|1023.84,576.301|983.929,551.871
134|1|1003.07,895.869|1003.47,799.224|1009.21,727.185|1021,618.303|1033.06,634.984|1097.76,645.483|1205.91,743.822|1263.28,804.143|1269,763.273|1237.42,706.16|1227.74,753.146|1004.08,637.862|957.758,657.149|1047,673.818|1165.2,684.236|1219.53,673.492|1224.33,709.904|1195.86,727.256|1046.89,891.824|1181.79,1009.12|1128.98,1210.28|1192.57,1358.96|962.301,899.744|1028.36,935.61|1010.61,1152.06|1028.52,1296.21|1029.74,578.538|1042.35,599.714|1053.28,570.356|1074.21,545.273|1023.42,576.155|983.689,552.924
135|1|1003.28,896.781|1000.48,798.299|1008.63,726.861|1019.32,618.139|1031.13,634.493|1093.75,643.178|1198.75,743.249|1259.1,814.873|1271.16,779.457|1244.04,724.265|1234.44,757.764|1002.97,637.982|956.965,658.527|1047.42,673.762|1164.15,684.822|1218.35,674.972|1223.13,710.764|1194.29,728.822|1045.27,891.785|1191.64,987.996|1133.92,1189.97|1201.25,1334.39|963.866,901.575|1043.29,935.557|1023.58,1162.14|1051.42,1308.65|1027.83,578.386|1039.96,601.496|1051.58,572.331|1073.03,546.626|1021.7,577.445|982.598,552.153
136|1|1001.8,899.579|997.412,799.678|1008.17,728.527|1019.99,617.431|1030.61,634.395|1081.94,642.187|1189.58,740.377|1259.11,800.939|1268.18,782.527|1247.68,752.599|1240.69,764.735|1004.39,637.308|960.946,657.826|1049.17,677.134|1169.5,689.743|1222.76,680.35|1223.42,719.121|1196.39,732.602|1042.76,893.954|1186,973.423|1131.99,1180.21|1206.8,1320.95|963.119,904.992|1040.31,935.344|1023.6,1169.68|1054.76,1318.58|1029.39,576.865|1041.54,600.489|1052.97,571.129|1074.37,544.783|1023.08,576.53|983.838,551.15
137|1|1003.07,902.968|995.842,802.062|1008.28,730.608|1015.96,617.746|1026.58,634.877|1080.36,642.449|1191.55,737.822|1268.82,800.453|1266.75,784.095|1251.98,765.8|1244.58,768.145|1001.69,637.916|962.606,657.895|1049.22,679.19|1171.34,691.499|1225.47,681.253|1224.1,723.039|1196.36,735.213|1042.35,896.642|1196.28,963.99|1139.66,1175.13|1221.77,1310.85|965.724,909.077|1041.21,925.513|1030.25,1168.81|1070.5,1315.54|1024.02,576.444|1040.96,596.466|1052.1,567.97|1069.83,544.915|1022.7,572.591|980.644,549.031
138|1|1003.07,902.98|995.848,802.085|1008.29,730.641|1015.98,617.793|1026.6,634.921|1080.35,642.487|1191.52,737.884|1268.86,800.62|1266.85,784.332|1252.18,766.117|1244.72,768.402|1001.71,637.961|962.634,657.948|1049.27,679.289|1171.4,691.642|1225.54,681.444|1224.19,723.3|1196.45,735.443|1042.35,896.655|1196.3,963.96|1139.7,1175.11|1221.83,1310.79|965.733,909.089|1041.31,925.552|1030.27,1168.87|1070.53,1315.58|1024.04,576.496|1041.01,596.699|1052.15,568.184|1069.86,545.001|1022.76,572.813|980.68,549.128
139|1|999.473,894.33|996.036,797.19|1008.23,728.983|1016.66,619.446|1026.76,636.04|1076.08,642.488|1183.75,735.551|1262.78,798.946|1267.41,789.246|1256.09,776.902|1246.97,771.707|1002.69,639.068|965.747,658.406|1049.03,682.415|1166.63,698.246|1217.03,690.862|1229.13,729.075|1197.78,734.529|1039.48,889.371|1183.52,950.34|1132.02,1161.37|1211.16,1290.63|961.757,899.102|1047.01,928.036|1025.82,1155.61|1056.83,1293.73|1024.89,579.411|1039.38,601.353|1050.16,573.186|1068.86,548.487|1021.49,578.22|981.713,554.061
140|1|1001.93,900.592|995.436,800.696|1007.57,728.844|1012.57,617.939|1022.7,634.694|1075.11,644.081|1182.19,738.883|1267.61,805.745|1265.9,793.059|1254.97,779.656|1246.27,774.32|999.685,637.772|964.415,658.784|1048.95,685.479|1167.32,703.05|1218.31,692.921|1229.51,734.37|1200.24,736.628|1041.35,896.888|1200.73,950.985|1142.57,1168.77|1225.97,1301.89|964.575,904.196|1040.26,922.242|1028.09,1170.13|1069.03,1314.51|1019.69,577.306|1031.98,602.695|1047.57,576.986|1068.94,555.395|1018.67,576.655|982.71,544.721
141|1|1002.06,900.599|995.606,800.695|1007.8,728.856|1012.94,617.955|1023.05,634.717|1075.39,644.108|1182.33,739.104|1267.89,806.374|1266.4,793.859|1255.69,780.65|1246.83,775.11|1000.04,637.781|964.814,658.801|1049.57,685.78|1168.21,703.658|1219.42,693.819|1230.78,735.719|1201.45,737.626|1041.46,896.91|1200.96,950.894|1143.05,1169.14|1226.7,1302.23|964.713,904.189|1041.14,922.341|1028.82,1170.99|1070.1,1315.37|1020.13,577.328|1033.5,600.872|1048.31,574.916|1068.76,553.859|1019.44,575.276|982.378,545.321
142|1|1002.19,900.575|995.774,800.694|1008.02,728.893|1013.34,618.034|1023.39,634.794|1075.72,644.166|1182.43,739.415|1268.07,807.369|1266.86,795.114|1256.41,782.204|1247.36,776.304|1000.42,637.849|965.257,658.906|1050.28,686.33|1169.24,704.652|1220.78,695.193|1232.49,737.574|1202.69,739.016|1041.57,896.899|1201.13,950.469|1143.97,1169.54|1228.16,1302.34|964.871,904.152|1043.52,920.168|1034.01,1170.21|1077.9,1313.4|1020.59,577.428|1035.03,601.097|1048.96,574.618|1068.49,552.523|1020.15,575.924|981.94,546.781
143|1|1001.72,894.442|994.049,795.833|1007.4,725.102|1016.67,615.922|1025.98,632.556|1075.37,643.262|1177.69,741.357|1257.88,820.315|1268.03,805.458|1258.41,783.673|1247.81,779.107|1003.19,635.365|967.718,657.233|1050.74,689.557|1169.07,713.003|1221.95,705.682|1234.45,746.375|1202.82,743.457|1039.33,890.339|1186.63,932.732|1147.75,1147.99|1242.09,1263.45|965.926,898.431|1045.22,868.912|1135.01,1154.09|1188.9,1259.39|1025.39,576.038|1036.64,603.028|1048.26,574.737|1069.42,546.919|1019.5,579.455|982.179,551.454
144|1|1001.8,894.386|994.131,795.811|1007.49,725.102|1016.79,615.963|1026.09,632.592|1075.49,643.363|1177.52,741.712|1257.59,821.111|1267.93,806.45|1258.54,784.86|1247.84,780.072|1003.32,635.396|967.927,657.275|1051.18,689.735|1169.77,713.245|1222.86,706.22|1235.62,747.54|1204.04,744.291|1039.4,890.289|1186.63,932.129|1148.23,1147.67|1242.86,1262.72|966.04,898.369|1045.53,867.328|1142.46,1152.81|1199.27,1252.73|1025.53,576.095|1036.99,602.659|1048.5,574.38|1069.47,546.788|1019.77,579.164|982.303,551.538
145|1|1001.64,893.599|993.871,795.27|1007.17,724.665|1016.45,615.77|1025.7,632.371|1075.57,643.324|1176.28,742.65|1254.56,824.628|1265.83,809.891|1258.17,788.394|1247.17,782.374|1003.03,635.148|967.942,657.078|1051.75,689.684|1171,712.878|1224.91,706.562|1238.83,749.803|1205.42,744.986|1039.1,889.55|1184.54,926.549|1152.41,1145.09|1251.19,1254.22|965.991,897.537|1045.95,858.251|1178.69,1142.17|1239.93,1205.6|1025.17,575.993|1037.91,602.641|1048.75,574.188|1068.54,545.999|1020.25,579.535|981.808,552.449
146|1|1001.64,893.599|993.87,795.27|1007.17,724.665|1016.45,615.771|1025.7,632.372|1075.56,643.324|1176.28,742.652|1254.55,824.632|1265.82,809.897|1258.17,788.402|1247.17,782.38|1003.03,635.148|967.942,657.079|1051.75,689.684|1171,712.879|1224.91,706.564|1238.83,749.807|1205.42,744.988|1039.1,889.549|1184.54,926.542|1152.42,1145.09|1251.2,1254.21|965.99,897.536|1045.95,858.233|1178.71,1142.15|1239.94,1205.54|1025.17,575.994|1037.91,602.64|1048.75,574.187|1068.54,546|1020.25,579.535|981.807,552.449
147|1|1001.64,893.599|993.87,795.27|1007.17,724.665|1016.45,615.771|1025.7,632.372|1075.56,643.324|1176.28,742.652|1254.55,824.632|1265.82,809.897|1258.17,788.402|1247.17,782.38|1003.03,635.148|967.942,657.079|1051.75,689.684|1171,712.879|1224.91,706.564|1238.83,749.807|1205.42,744.988|1039.1,889.549|1184.54,926.542|1152.42,1145.09|1251.2,1254.21|965.99,897.536|1045.95,858.233|1178.71,1142.15|1239.94,1205.54|1025.17,575.994|1037.91,602.64|1048.75,574.187|1068.54,546|1020.25,579.535|981.807,552.449
148|1|1001.67,893.562|993.898,795.267|1007.2,724.678|1016.49,615.821|1025.73,632.421|1075.58,643.42|1176.1,742.872|1254.2,825.133|1265.53,810.589|1257.98,789.289|1246.98,783.071|1003.09,635.185|968.076,657.104|1052.12,689.714|1171.63,712.812|1225.79,706.596|1240.09,750.134|1206.92,744.966|1039.11,889.525|1184.27,925.889|1152.98,1145|1252.19,1253.51|966.043,897.488|1045.04,856.502|1183.17,1139.94|1242.97,1197.25|1025.22,576.06|1037.98,602.79|1048.77,574.323|1068.52,546.032|1020.29,579.719|981.836,552.63
149|1|998.935,890.184|984.874,792.896|997.353,720.854|1009.9,613.804|1018.74,630.338|1071.73,643.75|1168.13,745.56|1237.75,830.198|1262.17,809.981|1263.1,772.773|1249.69,776.607|995.835,632.663|970.017,658.207|1050.51,692.792|1170.63,710.732|1225.65,706.426|1240.98,755.846|1210.19,746.197|1030.22,885.36|1197.55,929.586|1160.33,1137.19|1262.52,1233.8|968.728,894.903|1044.02,848.005|1215.78,1123.12|1274.09,1138.46|1019.71,574.816|1037.5,601.073|1048.46,573.306|1064.49,546.468|1020.51,577.672|979.304,549.86
150|1|997.219,890.402|984.603,792.979|998.99,721.342|1014.64,615.068|1022.9,631.622|1074.36,644.452|1167.76,748.355|1225.77,830.641|1263.38,814.368|1266.26,765.021|1252.19,772.337|1000.11,633.665|973.495,658.928|1052.07,694.074|1174.16,710.553|1227.04,704.476|1244.65,759.138|1212.64,746.266|1028.14,886.432|1203.37,929.545|1156.21,1135.39|1252.2,1238.95|967.359,894.294|1048.85,847.374|1223.69,1117.85|1284.85,1124.04|1025.64,576.486|1039.93,598.428|1049.75,570.316|1067.9,544.818|1021.68,576.193|982.205,553.106
151|1|997.217,890.405|984.601,792.981|998.989,721.343|1014.63,615.068|1022.89,631.621|1074.35,644.45|1167.77,748.351|1225.75,830.623|1263.36,814.341|1266.23,764.981|1252.17,772.305|1000.11,633.667|973.492,658.933|1052.07,694.084|1174.17,710.567|1227.05,704.496|1244.66,759.171|1212.65,746.289|1028.14,886.435|1203.38,929.558|1156.2,1135.39|1252.18,1238.95|967.357,894.298|1048.84,847.356|1223.74,1117.75|1284.84,1123.75|1025.63,576.486|1039.9,598.481|1049.73,570.361|1067.89,544.821|1021.65,576.244|982.191,553.125
152|1|997.217,890.405|984.6,792.981|998.988,721.343|1014.63,615.068|1022.89,631.621|1074.35,644.45|1167.77,748.35|1225.75,830.619|1263.36,814.335|1266.22,764.973|1252.16,772.298|1000.1,633.667|973.491,658.933|1052.07,694.084|1174.17,710.566|1227.05,704.495|1244.66,759.172|1212.65,746.287|1028.14,886.435|1203.38,929.559|1156.2,1135.39|1252.18,1238.95|967.357,894.298|1048.83,847.338|1223.77,1117.68|1284.85,1123.59|1025.63,576.486|1039.9,598.489|1049.73,570.368|1067.89,544.821|1021.65,576.252|982.19,553.128
153|1|992.902,892.492|982.32,794.282|999.827,722.977|1014.32,615.88|1022.36,632.389|1073.17,644.257|1168.56,746.56|1223.25,824.213|1267.6,815.586|1267.8,762.037|1254.67,767.988|1000.37,634.784|975.149,659.449|1053.58,693.958|1177.65,707.195|1229.61,698.651|1247.67,762.197|1215.62,741.992|1022.7,889.369|1203.93,935.714|1147.77,1142.25|1243.33,1246.62|964.057,895.57|1053.73,844.677|1234.42,1099.88|1287.76,1066.81|1025.06,576.959|1034.15,599.667|1045.61,571.842|1067.99,546.803|1017.01,576.667|981.312,551.965
154|1|992.295,898.493|982.683,798.783|1000.88,726.93|1013.6,617.843|1022.24,634.737|1073.22,645.287|1171.09,747.105|1228.26,823.354|1274.5,815.418|1268.13,759.157|1256.29,764.707|999.64,636.965|972.63,661.008|1055.72,693.763|1180.66,708.824|1230.29,702.919|1251.4,762.829|1222.04,739.615|1023.36,895.252|1203.22,939.857|1146.3,1149.72|1245.15,1254.57|962.249,901.688|1053.51,846.127|1237.16,1103.89|1282.51,1062.85|1023.65,578.158|1034.87,601.976|1046.87,574.116|1068.19,549.01|1017.99,578.263|980.818,551.922
155|1|992.81,901.983|984.958,801.455|1002.21,729.228|1013.36,619.092|1022.27,635.988|1073.21,645.62|1174.51,746.093|1237.72,821.676|1277.16,813.89|1266.28,759.385|1256.27,765.027|999.636,638.561|970.049,661.467|1055.91,693.388|1182.92,710.309|1228.55,699.659|1250.86,770.824|1221.57,740.462|1025.92,898.314|1201.3,945.007|1146.22,1160.66|1245.51,1270.52|960.889,905.588|1054.48,862.076|1213.56,1156.36|1270.21,1146.28|1022.89,578.964|1035.59,597.302|1050.42,571.812|1071.47,554.414|1021.33,571.975|984.568,545.583
156|1|997.867,904.572|988.394,803.248|1004.04,729.994|1016.15,619.053|1024.78,636.197|1075.82,647.54|1178.33,748.909|1248.96,818.387|1279.76,812.52|1263.71,760.217|1256.35,765.453|1002.37,638.515|969.994,661.213|1051.97,693.123|1183.46,702.842|1221.03,690.615|1249.11,774.036|1220.3,733.542|1032.16,900.67|1211.31,949.194|1148.39,1165.15|1242.58,1285.24|964.859,908.401|1053,892.025|1116.31,1217.89|1194.91,1326.38|1026.13,578.679|1034.81,602.938|1045.83,573.951|1068.87,546.743|1016.64,579.82|980.299,554.814
157|1|997.444,902.92|989.694,802.993|1004.39,731.554|1016.87,621.732|1025.36,638.421|1074.14,646.603|1177.22,746.056|1255.49,812.147|1275.14,810.376|1260.78,765.004|1256.7,768.738|1003.12,641.349|969.365,663.529|1052.9,689.812|1181.13,690.428|1221.12,681.714|1251.48,766.147|1222.94,722.396|1033.29,897.669|1205.51,943.903|1143.88,1154.59|1234.09,1273.83|963.112,908.028|1056.48,906.283|1072.52,1194.58|1134.87,1325.78|1027.02,581.757|1035.97,606.736|1043.83,576.549|1065.28,545.603|1015.5,585.724|978.312,563.765
158|1|997.479,902.613|989.604,802.577|1004.17,731.018|1016.22,620.987|1024.82,637.68|1074.66,646.244|1183.96,738.664|1263.51,798.284|1280.69,797.245|1259.25,750.792|1256.11,758.187|1002.5,640.674|968.654,662.887|1052.17,688.765|1180.48,688.769|1220.19,680.027|1250.36,765.139|1221.33,718.842|1033.4,897.288|1206.56,944.833|1143.25,1153.88|1232.55,1273.73|963.071,907.793|1050.42,920.675|1059.1,1197.54|1115.9,1336.28|1026.2,580.909|1033.76,599.997|1046.44,572.376|1070.75,550.641|1016.99,576.26|982.08,552.977
159|1|996.816,897.01|990.618,801.405|1002.78,733.62|1013.9,626.956|1023.16,642.845|1074.38,650.056|1197.55,714.82|1288.72,750.564|1294.49,754.419|1300.26,762.075|1268.67,749.179|999.88,646.408|963.326,665.356|1049.06,688.015|1181.39,692.201|1205.62,690.4|1235.65,760.76|1218.66,714.938|1033.37,889.953|1192.7,953.937|1135.77,1152.98|1213.19,1275.26|962.047,903.807|1051.84,925.349|1044.11,1168.06|1086.36,1300.25|1023.18,588.099|1024.22,596.07|1041.62,573.338|1070.89,564.852|1012.56,571.582|985.188,551.319
160|1|998.69,897.065|992.466,800.885|1004.52,732.488|1014.95,625.086|1024.35,641.154|1076.02,648.105|1202.13,707.267|1297.29,736.444|1301.28,747.418|1312.56,768.056|1271.66,747.253|1001.01,644.58|964.119,663.692|1049.41,683.862|1183.65,683.164|1210.06,680.188|1238.79,764.89|1219.56,706.55|1035.43,890.214|1193.74,961.385|1133.86,1157.72|1208.74,1283.54|963.741,903.664|1042.38,938.389|1032.29,1173.89|1071.31,1311.53|1023.97,585.926|1036.85,593.871|1044.56,566.603|1062.77,548.853|1016.83,574.205|977.724,563.119
161|1|1001.16,896.734|995.14,801.692|1006.6,733.961|1014.95,627.481|1024.87,643.376|1081.83,648.309|1220.07,660.665|1283.9,649.719|1289.8,691.764|1316.95,744.354|1278.67,717.197|1001.23,646.817|962.784,663.456|1042.43,682.682|1182.49,676.559|1214.91,673.035|1239.91,748.576|1217.3,703.425|1037.77,890.099|1193.17,961.764|1137.42,1162.15|1210.47,1289.08|966.397,903.116|1039.14,946.287|1028.59,1178.01|1067.7,1315.27|1023.01,588.622|1032.72,597.495|1043.44,571.614|1064.7,556.203|1015.35,576.208|979.591,561.49
162|1|1010.58,910.545|1002.48,810.824|1011.52,739.746|1018.39,628.52|1030.25,645.073|1093.81,656.558|1224.45,724.398|1312.84,754.554|1302.4,722.204|1291.27,701.535|1258.41,714.387|1003.24,648.824|959.816,666.459|1039.35,665.107|1168.66,639.919|1195.15,626.625|1234.39,710.792|1203.28,641.931|1050.47,902.954|1214.4,991.826|1156.19,1198.02|1231.26,1339.26|972.822,917.831|1039.35,970.17|1033.79,1215.13|1067.75,1367.46|1025.69,587.843|1034.42,595.101|1047.27,568.832|1071.12,555.726|1017.36,572.035|981.381,556.533
163|1|1012.55,911.276|1003.65,811.157|1011.71,739.421|1016.91,627.662|1029.13,644.211|1093.48,654.424|1215.96,734.944|1295.95,781.539|1300.09,740.937|1299.01,706.61|1262.09,716.803|1001.96,648.133|958.335,665.917|1038.82,663.311|1169.05,635.432|1193.04,620.716|1230.96,704.648|1202.18,640.164|1052.69,903.509|1220.93,1003.66|1164.66,1211.64|1241.12,1354.77|974.562,918.728|1039.58,985.701|1036.94,1232.88|1073.36,1390.18|1023.54,586.731|1035.26,593.639|1046.46,566.795|1067.72,552.625|1016.87,571.333|978.325,557.39
164|1|1018.29,913.513|1011,812.304|1012.93,737.919|1020.18,625.509|1033.76,642.6|1103.05,659.11|1216.35,755.066|1293.73,819.522|1299.64,778.907|1312.09,709.808|1277.27,733.115|1003.32,645.737|954.951,664.19|1036.61,655.907|1164.67,622.621|1198.37,589.327|1234.65,661.256|1208.49,629.459|1063.1,906.863|1227.58,1049.39|1181.2,1267.88|1249.2,1429.2|976.529,919.829|1030.15,1074.09|1026.29,1317.42|1047.91,1490.03|1026.96,584.384|1021.65,611.624|1040.9,585.01|1076.75,562.823|1009.65,583.635|984.802,549.064
165|1|1024.84,914.641|1015.25,812.482|1013.3,736.309|1022.03,623.358|1035.91,640.76|1104.99,660.001|1211.95,764.785|1286.68,836.5|1298.96,795.531|1322.73,724.524|1279.47,748.216|1004.39,643.505|954.406,662.685|1036.75,650.967|1167.34,610.172|1194.27,583.617|1232.46,662.002|1206.47,621.788|1070.95,907.114|1230.58,1078.23|1196.58,1306.04|1261.58,1474.64|982.043,921.756|1019.69,1120.26|1021.04,1358.33|1036.69,1534.44|1029.2,582.042|1037.38,594.314|1047.84,564.686|1072.15,544.2|1017.19,571.816|979.422,556.143
166|1|1021.79,913.281|1013.81,811.445|1013.07,735.387|1021.71,622.006|1034.96,639.613|1102.41,657.578|1207.73,763.902|1280.56,836.903|1295.72,800.455|1321.69,736.714|1279.83,751.049|1004.7,641.969|956.853,658.717|1035.37,647.373|1165.21,605.418|1189.74,584.827|1228.67,661.946|1206.3,621.494|1067.5,906.508|1225.52,1082.3|1193.5,1314.67|1260.66,1481.66|979.312,919.699|1018.79,1113.35|1015.56,1347.69|1032.88,1522.65|1029.07,580.55|1036.85,593.004|1048.19,564.201|1072.8,544.796|1017.76,570.136|980.967,553.276
167|1|1021.16,912.648|1013.37,811.022|1012.85,735.143|1022.19,622.098|1035.21,639.715|1100.13,656.395|1205.09,764.136|1277.41,836.149|1290.57,805.46|1314.62,746.768|1279.71,754.983|1005.16,641.935|957.532,657.99|1035.27,646.655|1164.63,607.066|1186.64,582.532|1216.94,660.836|1204.38,618.198|1066.73,905.982|1219.37,1071.37|1187.37,1300.16|1253.76,1467.57|978.813,918.968|1017.49,1071.61|1018.62,1309.93|1033.98,1485.31|1029.85,580.789|1035.24,592.154|1045.87,563.133|1071.69,543.373|1015.69,570.165|980.41,555.287
168|1|1022.57,905.644|1013.36,806.411|1012.96,732.328|1021.38,621.464|1033.59,638.609|1097.08,656.49|1200.9,761.474|1274.55,832.397|1286.74,808.603|1309.66,755.938|1280.56,758.868|1005.43,641.002|961.425,657.302|1032.78,644.823|1159.54,600.455|1208.65,552.597|1203.83,572.812|1199.06,610.713|1065.89,898.193|1218.73,1062.31|1187.77,1289.66|1256.99,1449.16|982.112,912.717|1029.67,1083.39|1025.93,1316.05|1047.73,1485.38|1028.87,580.954|1027.91,598.217|1043.05,571.26|1074.11,552.13|1012.93,573.647|984.338,550.177
169|1|1022.47,905.343|1013.31,806.093|1012.96,732|1021.47,621.125|1033.67,638.287|1097.18,655.96|1200.74,761.68|1274.84,834.484|1287.26,811.894|1310.29,760.283|1281.24,762.162|1005.5,640.648|961.44,656.916|1032.55,644.4|1159.24,600.031|1208.58,552.221|1203.41,572.449|1198.04,610.024|1065.81,897.923|1219.39,1060.84|1188.48,1288.26|1258.26,1447.47|982.006,912.385|1027.95,1077.21|1025.81,1313.22|1047.61,1483.07|1029,580.611|1030.9,591.031|1040.86,562.625|1067.95,542.863|1011.73,570.36|979.642,557.292
170|1|1011.17,904.974|1007.41,806.066|1011.28,732.335|1024.02,623.279|1035.19,640.49|1096.96,656.519|1197.35,762.527|1265.87,834.748|1282.59,810.785|1310.24,764.135|1281.64,765.433|1007.68,642.155|962.663,656.419|1027.65,641.306|1147.84,594.76|1175.06,575.694|1204.26,564.621|1195.98,609.083|1053.81,900.13|1211.15,1050.92|1167.09,1272.34|1235.51,1427.67|971.277,909.615|1027.48,1058.19|1013.13,1295.57|1037.01,1463.04|1033.21,583.594|1033.47,589.778|1044.7,562.717|1073.18,547.194|1015.54,569.067|985.189,557.781
171|1|1009.71,904.317|1005.21,805.088|1009.22,731.393|1022.27,622.405|1033.46,639.566|1095.28,655.295|1194.82,762.917|1260.29,836.808|1280.21,812.212|1309.69,766.394|1281.85,767.622|1005.78,641.338|961.001,655.446|1025.85,639.304|1146.05,593.477|1173.77,572.181|1198.75,562.272|1193.99,609.255|1052.41,899.344|1208.32,1034.97|1158.92,1250.06|1224.2,1405.34|969.734,909.081|1019.4,1018.82|1010.15,1258.43|1031.8,1423.67|1031.57,582.736|1032.79,589.846|1043.57,562.395|1071.34,545.839|1014.39,569.156|983.148,557.567
172|1|1009.35,905.008|1004.66,806.161|1008.42,732.705|1020.79,624.047|1032.04,641.099|1093.79,655.945|1193.35,762.505|1258.64,836.128|1278.96,812.211|1308.58,767.287|1281.63,768.161|1004.5,642.968|960.113,657.027|1025.55,640|1147.54,592.117|1181.21,567.18|1214.93,546.857|1192.26,605.24|1051.88,899.957|1206.5,1034.16|1157.22,1248.24|1221.5,1402.92|969.54,909.843|1019.78,1032.61|1010.01,1270.04|1032.01,1435.21|1029.81,584.5|1031.57,588.435|1043.01,562.008|1070.54,548.633|1013.84,567.75|982.604,557.515
173|1|1007.81,904.386|1003.94,806.251|1008.64,733.592|1019.25,625.086|1030.51,642.165|1091.78,656.135|1189.82,764.005|1256.15,832.893|1266.14,820.079|1287.64,782.834|1280.42,785.584|1003.55,643.838|959.868,657.213|1019.34,639.814|1138.18,595.077|1179.59,574.395|1234.06,536.989|1187.03,605.275|1050.16,900.089|1198.36,1036.32|1147.14,1249.66|1210.36,1403.47|968.221,908.51|1014.82,1009.62|1004.23,1248.07|1026.23,1408.02|1027.59,585.582|1032.19,585.587|1042.13,559.948|1066.77,548.677|1013.75,566.334|980.715,559.87
174|1|1007.81,904.386|1003.93,806.251|1008.64,733.592|1019.26,625.085|1030.51,642.165|1091.78,656.135|1189.81,764.011|1256.16,832.93|1266.17,820.137|1287.68,782.913|1280.45,785.647|1003.55,643.837|959.87,657.21|1019.35,639.805|1138.19,595.064|1179.61,574.368|1234.11,536.933|1187.04,605.244|1050.16,900.089|1198.34,1036.32|1147.13,1249.66|1210.34,1403.48|968.221,908.51|1014.82,1009.65|1004.23,1248.08|1026.23,1408.04|1027.59,585.581|1032.2,585.594|1042.15,559.957|1066.78,548.689|1013.77,566.335|980.726,559.856
175|1|1007.81,904.386|1003.93,806.251|1008.64,733.592|1019.26,625.085|1030.51,642.165|1091.78,656.135|1189.81,764.011|1256.16,832.933|1266.17,820.141|1287.69,782.92|1280.45,785.652|1003.55,643.837|959.87,657.21|1019.35,639.805|1138.19,595.063|1179.61,574.366|1234.11,536.929|1187.04,605.242|1050.16,900.089|1198.34,1036.32|1147.13,1249.66|1210.34,1403.48|968.221,908.51|1014.82,1009.65|1004.22,1248.08|1026.22,1408.04|1027.59,585.581|1032.21,585.595|1042.15,559.958|1066.78,548.689|1013.77,566.336|980.726,559.856
176|1|1007.81,904.386|1003.93,806.251|1008.64,733.592|1019.26,625.085|1030.51,642.165|1091.78,656.135|1189.81,764.011|1256.16,832.933|1266.17,820.141|1287.69,782.92|1280.45,785.652|1003.55,643.837|959.87,657.21|1019.35,639.805|1138.19,595.063|1179.61,574.366|1234.11,536.929|1187.04,605.242|1050.16,900.089|1198.34,1036.32|1147.13,1249.66|1210.34,1403.48|968.221,908.51|1014.82,1009.65|1004.22,1248.08|1026.22,1408.04|1027.59,585.581|1032.21,585.595|1042.15,559.958|1066.78,548.689|1013.77,566.336|980.726,559.856
177|1|1007.81,904.386|1003.93,806.251|1008.64,733.592|1019.26,625.085|1030.51,642.165|1091.78,656.135|1189.81,764.011|1256.16,832.933|1266.17,820.141|1287.69,782.92|1280.45,785.652|1003.55,643.837|959.87,657.21|1019.35,639.805|1138.19,595.063|1179.61,574.366|1234.11,536.929|1187.04,605.242|1050.16,900.089|1198.34,1036.32|1147.13,1249.66|1210.34,1403.48|968.221,908.51|1014.82,1009.65|1004.22,1248.08|1026.22,1408.04|1027.59,585.581|1032.21,585.595|1042.15,559.958|1066.78,548.689|1013.77,566.336|980.726,559.856
178|1|1009.23,905.576|1003.51,805.397|1007.26,731.226|1018.83,620.292|1030.12,637.69|1091.32,655.175|1190.84,766.707|1265.09,847.771|1274.24,822.893|1287.04,776.04|1280.34,783.544|1002.72,639.584|958.71,652.943|1011.35,632.556|1130.97,572.32|1190.42,538.528|1166,591.446|1171.6,592.397|1052.2,899.836|1206.69,1037.69|1156.62,1254.96|1222.94,1412.62|968.963,911.066|1021.61,1035.5|1011.69,1276.79|1032.71,1445.09|1027.73,579.853|1023.4,589.706|1035.98,562.018|1068.24,544.371|1006.32,567.907|979.156,553.331
179|1|1011.61,909.936|1004.58,807.988|1007.62,732.477|1020.27,619.845|1031.71,637.591|1093.82,655.958|1195.01,769.727|1270.8,852.958|1277.29,828.559|1289.03,774.331|1279.64,782.224|1003.63,639.37|957.515,652.952|1010.24,631.541|1130.48,572.316|1185.16,543.034|1223.83,538.903|1171.37,590.347|1055,903.308|1215.1,1043.6|1164.76,1264.75|1233.83,1425.95|970.872,916.274|1024.2,1042.94|1015,1286.95|1037.19,1460.43|1029.62,578.793|1027.46,611.825|1032.55,579.155|1060.27,538.526|1004.91,592.276|974.59,568.784
180|1|1011.51,909.75|1004.47,807.769|1007.48,732.223|1020.11,619.534|1031.56,637.304|1093.86,655.729|1195.09,769.463|1270.62,852.545|1276.91,827.931|1288.51,773.419|1279.32,781.491|1003.47,639.051|957.284,652.573|1009.88,631.126|1130.24,571.653|1185.98,542.916|1226.93,539.098|1173.07,590.575|1054.93,903.13|1215.4,1043.4|1165.14,1264.85|1234.49,1426.01|970.749,916.08|1023.78,1043.01|1014.7,1287.02|1036.82,1460.6|1029.45,578.46|1020.03,605.155|1030.01,573.919|1064.88,541.322|1000.87,583.122|976.224,559.733
181|1|1011.9,912.852|1005.15,809.788|1007.98,733.26|1021.26,619.518|1032.88,637.712|1096,656.883|1197.89,772.14|1269.99,851.62|1276.29,822.918|1287.11,769.02|1278.07,779.154|1004.24,638.915|956.838,651.228|996.871,634.066|1121.51,567.637|1184.31,545.296|1235.73,546.459|1168.95,590.555|1055.76,906.38|1218.18,1053.3|1166.8,1276.72|1236.36,1440.72|970.7,919.047|1013.63,1053.79|1007.41,1300.21|1028.54,1477.49|1030.77,578.088|1013.4,586.69|1033.3,561.637|1076.9,550.887|1002.56,561.306|986.74,541.348
182|1|1010.84,921.396|1006.06,815.744|1009.97,737.747|1023.61,620.878|1036.26,639.986|1102.99,661.043|1207.04,780.203|1281.17,864.743|1281.42,837.174|1291.91,767.468|1278.01,779.245|1005.51,640.343|951.624,651.098|990.064,629.738|1110.41,566.841|1176.63,539.427|1210.63,602.962|1165.91,581.733|1056.81,915.848|1218.98,1077.38|1164.29,1309.97|1233.56,1482.44|967.816,926.714|1013.69,1078.25|999.334,1329.8|1015.37,1513.64|1032.95,578.312|1021.8,580.91|1035.42,552.674|1073.43,538.719|1004.52,559.6|981.058,550.842
183|1|1011.38,921.422|1006.23,815.361|1009.85,737.023|1022.1,619.535|1035.06,638.54|1101.93,658.951|1206.95,777.446|1283.15,863.169|1282.81,836.897|1292.49,766.147|1277.23,777.481|1004.14,639.329|950.04,651.031|987.869,630.287|1107.38,565.976|1174.84,537.914|1217.19,603.762|1164.08,583.701|1057.53,915.641|1219.77,1091.08|1166.78,1326|1234.96,1499.43|968.19,926.96|1024.55,1116.93|1004.58,1365.42|1023.36,1548.83|1030.94,576.679|1012.44,587.679|1025.32,557.459|1067.59,535.964|995.106,566.071|976.848,552.874
184|1|1008.61,924.586|1005.63,817.309|1009.55,737.501|1022.55,618.11|1035.55,637.718|1103.66,659.145|1211,778.65|1287.6,862.425|1284.09,837.096|1291.4,763.499|1276.41,775.403|1004.31,637.849|950.067,649.201|983.465,630.177|1108.28,562.26|1171.89,533.197|1220.47,605.673|1160.97,583.058|1055.65,919.452|1215.58,1121.18|1165.9,1366.24|1234.16,1541.27|964.615,929.519|1018.98,1159.93|994.745,1412.32|1014.76,1595.5|1031.7,574.589|1015.96,586.325|1028.85,555.789|1069.76,533.974|998.063,564.229|977.365,550.182
185|1|1008.52,925.125|1006.27,818.462|1009.61,738.341|1023.96,619.157|1036.77,638.868|1105.07,661.23|1212.52,781.2|1290.35,864.604|1285.52,837.599|1290.43,762.769|1276.73,776.207|1005.45,638.732|949.9,649.44|980.193,628.093|1100.39,560.424|1169.34,531.993|1216.46,603.804|1156.49,582.527|1055.22,919.588|1206.1,1141.51|1161.2,1388.34|1227.74,1560.92|964.807,930.439|1014.32,1182|986.833,1431.59|1006.28,1612.16|1033.6,575.754|1016.67,582.683|1026.76,551.813|1066.74,530.088|997.105,563.556|977.041,556.524
186|1|1009.39,928.315|1007.79,821.786|1010.91,741.451|1025.6,621.512|1038.73,641.417|1108.17,663.366|1216.99,784.826|1293.86,867.996|1286.81,840.295|1291.07,762.788|1277.32,777.501|1006.68,641.154|948.942,651.325|974.488,626.202|1095.23,554.476|1166.23,529.906|1216.78,603.849|1152.26,583.76|1056.83,922.823|1198.92,1159.25|1156.07,1403.07|1218.6,1576.13|965.101,933.577|1005.38,1199.28|978.32,1440.48|994.266,1619.1|1035.25,577.844|1016.25,582.075|1026.57,551.311|1068.01,531.042|996.84,563.409|978.165,558.62
187|1|1008.96,930.837|1007.58,823.785|1010.56,742.894|1024.57,622.073|1037.94,642.121|1108.18,665.208|1216.63,788.949|1294.12,872.671|1287.11,844.826|1290.97,767.22|1278.71,781.646|1005.65,641.827|947.941,652.286|972.519,627.098|1092.58,555.183|1166.25,528.418|1216.71,603.612|1148.96,581.59|1056.72,925.358|1192.73,1173.55|1150.65,1416.59|1210.36,1589.8|964.373,936.089|997.965,1214.15|970.362,1451.76|985.433,1629.35|1033.94,578.077|1032.39,574.803|1041.14,545.512|1071.39,531.779|1010.39,556.402|978.239,555.823
188|1|1008,930.107|1006.76,823.224|1009.86,742.457|1023.77,621.738|1037.17,641.737|1107.54,664.878|1213.56,790.707|1289.73,877.014|1285.49,849.094|1293.02,771.766|1279.68,785.343|1004.85,641.522|947.02,652.213|970.677,627.124|1090.15,555.167|1165.24,527.991|1216.41,603.759|1148.54,581.687|1055.73,924.652|1187.71,1176.86|1145.09,1416.02|1202.34,1588.1|963.444,935.337|993.484,1217.37|965.25,1450.32|979.384,1626.09|1033.09,577.768|1030.51,577.796|1040.35,548.144|1071.89,532.963|1009.24,558.181|977.943,554.211
189|1|1007.52,929.639|1007.18,823.916|1010.17,743.357|1026.42,623.433|1039.51,643.581|1109.26,668.235|1205.42,801.655|1271.28,891.901|1286.81,866.392|1295.67,786.876|1281.08,796.332|1007.05,642.821|948.361,652.27|967.336,626.235|1084.54,553.54|1159.6,530.194|1216.66,603.936|1146.23,582.172|1054.98,924.139|1178.15,1181.44|1136.89,1417.14|1191.99,1586.74|963.211,934.909|988.601,1220.34|958.208,1446.71|970.262,1619.38|1036.54,579.82|1030.69,576.56|1040.34,547.327|1073.7,533.652|1009.55,558.094|980.689,557.371
190|1|1006.63,926.613|1007.65,822.635|1010.81,742.67|1028.93,624.208|1041.47,644.162|1110.01,668.408|1195.21,808.211|1254.81,899.724|1270.71,876.658|1286.72,811.062|1279.4,818.339|1009.48,643.359|951.177,652.54|965.847,626.206|1082.88,554.013|1159.2,531.042|1214.27,603.289|1144.46,586.22|1053.89,921.568|1165.5,1182.08|1123.66,1410.21|1174.6,1577.12|962.573,931.448|980.989,1216.95|948.669,1432.24|958.494,1600.55|1039.86,581.181|1030.67,574.964|1040.1,546.215|1075.19,533.811|1009.78,557.728|983.525,560.074
191|1|1003.47,924.257|1006.25,821.681|1010.39,742.363|1029.22,624.575|1041.6,644.472|1109.77,668.588|1195.33,807.393|1257.95,907.54|1266.63,888.1|1284.06,824.411|1279.37,830.179|1009.68,643.576|951.138,651.98|965.479,626.559|1082.43,556.771|1157.56,531.907|1212.51,604.131|1142.14,587.866|1050.71,919.963|1154.91,1181.54|1111.58,1401.88|1158.1,1567.21|959.508,928.385|972.51,1214.32|938.865,1420.96|945.513,1585.86|1040.4,581.814|1030.35,574.019|1039.84,545.647|1075.37,534.261|1009.66,557.216|984.131,560.841
192|1|1003.49,926.062|1006.11,822.942|1010.04,743.118|1028.47,624.861|1040.94,644.802|1109.71,668.744|1195.57,808.25|1257.5,913.515|1264.83,895.094|1286.32,829.548|1279.3,834.339|1008.98,643.96|950.328,652.406|963.371,626.922|1081.27,556.281|1156.41,532.306|1212.02,603.968|1141.2,588.418|1050.48,921.295|1153.55,1184.77|1107.02,1400.83|1151.38,1565.31|959.664,930.639|971.898,1220.12|936.53,1422.93|943.995,1586.69|1039.51,581.923|1030.48,574.951|1040.04,546.413|1075.08,534.694|1009.69,557.752|983.337,560.484
193|1|1003.49,926.062|1006.11,822.942|1010.04,743.118|1028.47,624.861|1040.94,644.802|1109.71,668.744|1195.57,808.25|1257.5,913.515|1264.83,895.094|1286.32,829.548|1279.3,834.339|1008.98,643.96|950.328,652.406|963.371,626.922|1081.27,556.281|1156.41,532.306|1212.02,603.968|1141.2,588.418|1050.48,921.295|1153.55,1184.77|1107.02,1400.83|1151.38,1565.31|959.664,930.639|971.898,1220.12|936.53,1422.93|943.995,1586.69|1039.51,581.923|1030.48,574.951|1040.04,546.413|1075.08,534.694|1009.69,557.752|983.337,560.484
194|1|1003.44,926.295|1006.15,823.139|1010.15,743.289|1028.69,624.997|1041.17,644.958|1109.94,668.659|1203.74,803.473|1272.4,907.166|1271.15,891.979|1286.36,823.295|1277.9,826.073|1009.15,644.09|950.281,652.608|961.963,627.009|1079.08,556.369|1154.27,532.058|1209.89,603.816|1139.34,588.223|1050.46,921.573|1153.11,1185.47|1105.51,1398.33|1148.31,1562.47|959.579,930.83|971.285,1221.29|936.042,1422.28|943.27,1585.17|1039.76,582.049|1030.41,574.812|1040.02,546.302|1075.27,534.728|1009.65,557.669|983.524,560.62
195|1|1003.05,924.792|1007.08,822.438|1012.06,743.012|1029.24,624.376|1041.83,644.265|1110.11,666.598|1210.38,795.955|1283.54,892.237|1275.25,897.531|1287.22,825.44|1274.44,816.336|1010.04,643.628|951.596,652.167|960.389,626.832|1076.22,557.263|1153.63,532.279|1206.12,603.353|1137.44,588.139|1049.92,920.503|1147.99,1184.92|1101.29,1395.77|1143.31,1558.96|959.341,928.92|969.169,1219.82|933.85,1421.37|941.269,1583.07|1039.85,581.273|1039.94,568.8|1046.99,541.356|1075.04,533.092|1017.07,553.107|983.864,560.535
196|1|1000.22,924.156|1005.5,821.954|1011.55,742.764|1027.54,623.933|1040.25,643.779|1108.56,665.036|1213.14,790.094|1288.26,879.499|1277.29,900.32|1289.21,827.778|1271.47,809.746|1008.61,643.259|950.411,651.372|956.482,627.029|1072.97,556.729|1146.48,530.902|1199.9,601.691|1133.03,587.678|1047.07,920.569|1142.49,1185.22|1094.78,1394.09|1135.5,1556.71|956.535,927.629|964.963,1218.77|928.88,1420.74|936.579,1581.54|1037.7,580.739|1036,564.446|1043.91,538.154|1073.37,533.133|1013.92,549.205|982.22,558.835
197|1|999.627,922.464|1005.53,821.535|1011.72,742.886|1027.13,624.725|1039.8,644.341|1107.82,664.655|1214.97,786.188|1290.33,871.248|1278.41,898.169|1289.67,826.884|1270.02,807.952|1008.44,644.068|950.883,652.039|954.576,626.759|1069.08,556.949|1142.05,530.455|1194.21,598.308|1128.84,585.608|1045.87,918.702|1136.17,1181.64|1088.97,1386.77|1128.52,1547.28|956.469,926.101|963.782,1215.19|927.202,1416.2|935.389,1575.26|1037.09,581.769|1035.69,563.945|1043.75,538.276|1072.96,534.694|1013.86,548.92|982.143,559.363
198|1|1001.68,920.149|1006.42,820.44|1011.64,742.574|1025.74,624.869|1038.71,644.323|1106.52,664.48|1214.01,784.442|1290.49,866.613|1278.94,896.739|1290.11,826.559|1269.26,807.297|1007.22,644.223|949.145,651.624|950.798,627.188|1064.29,556.562|1132.56,531.147|1188.31,596.4|1122.1,584.548|1048.06,916.187|1132.98,1178.17|1089.18,1378.46|1125.89,1538.19|958.509,923.963|961.543,1209.98|928.999,1405.63|934.488,1562.66|1035.09,582.046|1035.22,563.654|1043.5,538.491|1071.76,536.025|1013.64,548.391|981.035,558.556
199|1|999.856,915.734|1004.17,816.146|1009.05,738.338|1021.19,620.571|1034.44,639.736|1101.53,658.291|1209.76,776.139|1287.66,855.607|1279.78,892.301|1289.64,826.265|1267.34,803.975|1003.01,640.274|945.447,649.242|948.28,626.997|1059.78,556.292|1129.33,528.804|1185.59,595.769|1116.92,583.68|1046.18,911.544|1132.88,1171.94|1089.03,1366.89|1125.54,1526.3|956.731,919.762|959.683,1203.57|930.78,1397.37|935.954,1555.36|1029.83,577.622|1023.41,562.561|1033.65,536.695|1066.95,532.186|1003.44,546.328|975.822,553.597
200|1|998.828,911.381|1002.21,811.932|1006.22,734.145|1017.19,616.731|1030.39,635.632|1096.77,652.929|1206.19,767.625|1284.1,844.509|1279.17,886.49|1290.24,827.431|1266.22,801.823|999.432,636.605|943.263,646.842|945.765,625.765|1053.81,556.888|1125.14,530.032|1178.61,598.239|1111.11,584.841|1044.9,906.725|1132.2,1164.82|1090.84,1360.46|1128.27,1518.82|955.905,915.844|961.171,1199.36|933.947,1395.25|941.766,1551.74|1025.5,573.844|1025.47,564.241|1034.09,537.176|1062.64,528.7|1004.12,547.157|971.704,550.729
201|1|998.225,906.009|1001.45,807.702|1004.87,730.844|1012.37,615.439|1026.42,634.106|1093.98,650.384|1201.57,761.614|1270.39,834.883|1273.34,880.234|1286.04,824.59|1261.7,797.111|995.056,634.779|935.039,646.005|910.645,676.65|1023.81,639.872|1070.25,595.994|1150.24,603.631|1084.38,612.686|1043.9,902.384|1126.93,1156.03|1086.64,1349.17|1122.81,1506.74|955.797,909.497|950.65,1179.28|929.246,1387.04|933.063,1546.9|1018.81,573.227|1015.77,554.305|1023.64,530.112|1052.72,527.658|995.121,540.486|965.861,552.073
202|1|998.814,902.586|1002.43,804.394|1006.19,727.882|1013,613.147|1026.76,631.815|1092.36,645.583|1198.97,753.428|1261.47,809.001|1268.29,864.093|1290.54,825.971|1261.29,795.639|996.183,632.182|939.473,640.126|931.617,633.009|1054.89,575.717|1092.96,543.167|1118.81,574.637|1053.09,557.207|1044.19,899.582|1127.1,1149.97|1083.32,1334.11|1116.55,1493.27|956.676,905.495|937.171,1141.44|926.664,1352.08|927.993,1517.72|1019.25,571.179|1017.38,553.972|1025.46,529.948|1053.65,527.029|997.179,539.642|967.526,549.364
203|1|994.31,893.047|996.085,794.924|999.501,719.355|1012.23,609.256|1024.87,626.631|1091.53,640.175|1197.48,749.975|1244.01,817.084|1276.13,870.927|1293.61,822.949|1268.17,798.899|994.469,628.523|940.985,641.851|926.496,624.721|1033.3,562.756|1080.66,541.475|1117.24,600.211|1069.71,574.228|1039.38,889.69|1138.94,1118.02|1090.08,1295.23|1122.8,1453.56|952.437,896.283|937.725,1101.74|933.06,1318.24|937.705,1485.08|1020.99,568.998|1009.82,541.338|1022.16,519.978|1058.46,525.849|992.676,527.789|969.969,543.21
204|1|992.124,888.34|994.851,788.199|999.33,711.807|1014.95,601.539|1027.64,619.527|1095.52,637.576|1194.44,756.682|1233.6,829.108|1285.9,875.469|1295.21,819.011|1275.58,799.331|996.217,620.285|941.176,637.031|926.615,625.123|1022.68,563.691|1077.22,535.936|1114.29,600.709|1068.27,578.829|1038.68,886.923|1147.78,1098.94|1092.39,1284.52|1129.16,1449.28|949.078,889.772|947.246,1070.01|939.652,1294.21|945.12,1464.67|1024.59,561.215|981.736,550.94|1000.26,525.605|1057.74,519.765|972.91,532.824|976.463,534.002
205|1|988.562,881.186|990.14,781.52|994.791,705.868|1007.84,595.65|1020.83,613.23|1088.85,630.247|1190.87,745.144|1228.25,818.448|1276.62,869.968|1295.2,818.289|1280.84,799.742|989.651,614.828|936.587,633.458|920.374,624.479|1021.21,567.588|1072.69,530.035|1101.97,592.826|1063.07,580.13|1034.2,878.802|1146.56,1086.03|1095.24,1279.2|1136.67,1442.34|946.173,883.518|942.423,1081.7|937.392,1312.89|946.778,1483.99|1016.56,555.219|1000.98,560.804|1027.03,542.076|1069.73,542.736|997.282,532.856|984.953,507.265
206|1|986.713,868.641|992.021,768.747|999.117,692.738|1020.5,583.744|1032.74,602.636|1101.06,626.705|1197.27,749.429|1223.95,817.477|1268.24,874.108|1284.39,824.294|1285.6,798.157|1000.34,601.245|943.006,615.941|902.746,622.809|1004.11,581.879|1034.94,509.906|1064.52,553.706|1043.32,569.612|1032.86,868.653|1140.93,1076.77|1080.69,1271.8|1117.58,1437.65|943.942,868.748|919.189,1061.68|909.328,1283.82|909.109,1452.81|1031.98,543.846|1003.22,563.552|1028.31,540.991|1080.47,529.031|998.229,534.417|993.467,500.623
207|1|969.755,846.491|985.633,763.057|998.895,698.7|1021.31,604.037|1030.17,622.051|1082.92,648.387|1162.18,748.539|1198.39,785.776|1229.72,824.06|1264.76,826.456|1255.98,793.937|1004.47,617.024|954.824,621.116|906.591,663.228|986.572,669.148|1005.16,620.375|1008.59,586.931|1020.12,636.391|1003.51,849.682|1006.58,1061.28|945.705,1234.77|968.495,1362.17|937.967,843.549|965.166,1041.67|914.275,1254.71|930.808,1387.69|1032.55,569.797|978.35,573.408|999.179,558.118|1056.95,557.879|981.979,551.722|1006.6,531.917
208|1|968.568,838.603|984.422,761.52|996.484,701.957|1013.01,616.081|1022.24,633.386|1069.65,663.031|1139.83,754.163|1181.84,768.635|1210.09,796.99|1241.09,819.144|1234.69,784.369|998.045,626.5|949.065,623.311|891.392,647.589|984.641,598.135|1000.49,566.518|996.307,554.164|1008.23,605.181|1002.1,844.158|990.323,1036.44|935.727,1209.59|957.165,1317.79|937.39,833.5|929.17,1031.03|892.84,1221.2|911.791,1320.81|1021.17,584.667|987.173,583.496|1009.1,574.704|1052.83,583.185|992.102,564.165|1004.99,545.953
209|-1
210|-1
211|-1
212|-1
213|1|971.543,847.351|982.975,765.722|992.599,703.218|1004.2,611.239|1015.26,628.302|1069.4,655.23|1142.24,752.723|1167.81,764.556|1200.82,804.369|1248.32,827.534|1240.83,792.422|988.988,624.049|938.207,628.41|854.848,629.448|909.616,552.594|928.12,527.816|938.544,529.482|951.647,571.23|1009.76,852.497|1009.7,1057.15|966.954,1235.79|981,1355.49|936.462,842.705|901.807,1050.08|862.992,1246.4|862.173,1360.89|1010.45,577.548|995.845,577.669|1008.07,557.803|1041.24,549.686|985.344,561.442|972.769,554.397
214|1|974.274,859.654|984.495,779.115|992.9,716.715|1005.22,623.468|1017.15,640.524|1073.69,665.01|1143.74,769.32|1152.04,795.166|1200.41,812.618|1253.11,823.707|1227.35,790.092|989.091,636.863|934.159,642.4|843.194,693.405|893.972,669.993|922.402,630.705|941.694,581.637|946.578,625.832|1013.53,864.196|1017.24,1071.92|979.875,1235.2|983.607,1356.28|938.599,855.608|901.646,1061|875.187,1238.35|861.538,1351.53|1010.79,589.334|992.28,583.354|1014.05,572.079|1051.09,581.277|992.529,563.405|989.622,549.558
215|1|974.467,859.234|985.674,779.27|995.016,717.585|1009.74,625.039|1021.4,642.328|1077.17,669.743|1135.31,782.175|1133.79,812.799|1182.16,828.322|1235.13,841.232|1206.96,796.494|993.134,638.082|937.715,643.981|847.012,710.939|886.378,711.534|906.857,668.82|920.876,620.523|931.176,656.785|1013.61,864.541|1010.04,1071.35|972.793,1227.78|969.128,1347.33|938.97,854.503|850.838,1037.69|821.06,1212.81|783.502,1319.05|1015.96,591.202|986.568,580.514|999.553,561.167|1041.5,557.236|978.072,567.744|976.847,571.571
216|1|970.562,872.289|981.015,788.444|989.704,723.58|1005.4,624.823|1017.96,643.353|1075.76,676.038|1111.74,806.304|1102.82,848.912|1156.66,848.038|1219.21,848.7|1171.8,810.902|987.692,638.628|927.855,638.098|816.462,637.867|860.356,606.644|902.542,626.031|956.244,630.845|920.883,653.172|1012.19,877.112|1006.75,1096.4|969.545,1257.46|963.547,1385.24|932.866,868.016|877.217,1081.73|850.388,1253.91|821.319,1373.05|1011.56,588.638|975.38,581.815|989.593,560.308|1036.96,553.087|967.468,567.229|970.52,567.817
217|1|972.392,882.429|983.147,797.047|992.089,730.799|1005.66,629.679|1018.84,648.214|1078.22,680.076|1113.09,813.285|1112.1,865.419|1164.88,855.138|1223.77,844.282|1170.77,810.919|987.977,644.221|927.44,651.569|830.216,726.352|860.604,715.191|895.125,678.22|916.62,628.408|916.153,657.779|1014.74,887.133|1012.49,1109.87|975.063,1263.01|975.283,1391.87|933.992,878.261|885.642,1101.08|862.63,1267.37|838.399,1388.19|1011.28,592.705|972.321,579.418|986.525,558.354|1035.45,553.723|964.55,567.036|969.447,574.158
218|1|972.745,891.628|982.187,803.757|989.691,735.266|1000.45,631.613|1014.51,650.135|1075.84,681.047|1110.09,818.5|1088.53,866.355|1141.27,859.939|1206.7,857.63|1154.23,820.027|983.051,646.88|923.186,652.324|813.312,728.772|836.427,678.428|860.028,631.943|892.488,627.973|855.436,647.84|1016.54,896.9|1012.64,1121.93|982.104,1275.15|979.739,1406.17|933.325,886.985|892.674,1116.77|874.507,1292.04|849.153,1416.42|1004.02,593.593|969.196,582.035|986.296,561.812|1034.88,560.467|962.57,566.107|964.479,567.154
219|1|972.792,895.839|981.54,807.228|988.548,738.075|997.945,632.994|1012.46,651.57|1074.92,682.396|1110.43,821.267|1092.27,868.666|1145.81,860.707|1211.81,856.479|1157.15,819.171|980.492,648.705|919.036,654.812|810.365,736.682|838.546,690.231|836.505,634.279|876.864,624.12|854.897,622.301|1017.02,900.478|1016.05,1125.99|986.666,1274.13|985.151,1405.25|932.917,891.764|896.301,1124.67|881.05,1295.59|858.135,1421.3|1001.18,594.509|968.995,581.451|983.957,560.204|1030.48,557.222|959.768,567.119|958.225,571.879
220|1|972.43,896.677|980.533,807.522|987.071,737.914|995.347,631.835|1010.23,650.421|1073.56,681.082|1110.35,820.853|1095.43,871.953|1149.29,862.75|1215.26,856.474|1158.76,819.299|977.858,647.913|915.151,655.827|812.161,749.566|837.621,720.622|830.648,662.406|872.181,637.19|851.82,644.144|1016.99,900.773|1018.91,1127.12|990.798,1273.5|990.307,1405.01|932.212,893.087|897.589,1127.7|884.915,1296.76|863.181,1423.15|998.291,593.008|964.803,579.335|982.832,559.17|1031.68,559.819|957.967,562.876|958.199,564.611
221|1|971.953,897.711|979.724,808.347|985.998,738.559|993.813,632.27|1008.81,650.816|1072.26,681.465|1108.47,821.632|1095.35,873.558|1149.9,864.37|1216.45,858.18|1158.89,820.456|976.355,648.463|913.46,656.456|809.526,750.749|825.727,735.812|822.392,676.949|863.141,649.871|849.002,658.727|1016.61,901.601|1020.09,1128.24|993.233,1274.27|992.948,1405.99|931.643,894.308|897.535,1129.14|886.487,1297.39|864.877,1423.75|996.619,593.378|964.153,581.943|979.972,560.278|1027.43,556.974|955.186,566.357|953.626,568.83
222|1|970.749,900.455|977.332,810.115|982.662,739.575|988.572,632.185|1004.09,650.621|1068.6,680.698|1105.81,822.184|1096.39,881.082|1150.86,869.175|1217.63,859.622|1156.22,822.372|971.203,648.894|907.712,659.649|816.908,772.046|827.406,780.328|815.544,722.249|837.667,681.483|849.157,698.155|1015.9,903.693|1024,1132.72|1000.19,1278.6|1001.23,1411.85|929.984,897.642|897.2,1134.42|889.847,1303.39|868.067,1430.89|990.719,592.913|958.533,581.263|977.205,560.715|1025.98,560.929|951.564,563.46|950.449,562.552
223|1|969.685,909.343|975.504,816.394|980.103,743.587|988.503,633.471|1003.98,652.741|1070.61,682.442|1107.47,828.287|1089.35,875.173|1146.15,866.486|1216.96,863.534|1156.53,821.762|970.436,650.175|905.896,658.451|775.526,723.572|763.088,663.925|763.139,602.786|766.516,576.818|804.071,596.638|1016.21,912.895|1021.28,1149.05|1001.83,1301.78|1004.37,1441.05|927.837,906.266|890.722,1149.8|886.295,1319.59|867.454,1451.99|991.27,593.186|946.149,587.806|966.086,565.779|1022.74,561.734|941.982,568.256|951.643,562.128
224|1|968.415,909.463|974.095,816.294|978.582,743.35|986.774,632.901|1002.36,652.211|1069.33,681.845|1107.22,828.025|1088.66,875.202|1145.56,866.477|1216.62,863.604|1156.1,821.824|968.665,649.7|903.873,657.954|773.176,725.066|756.109,672.497|753.193,611.05|755.21,579.645|799.035,604.668|1015.07,912.931|1020.26,1149.77|1001.45,1304.16|1004.12,1444.15|926.445,906.463|889.421,1150.64|885.54,1319.09|866.904,1451.65|989.463,592.495|952.663,580.219|970.184,557.942|1021.59,555.4|944.638,563.672|945.898,565.915
225|1|961.887,909.445|969.719,816.264|975.928,742.678|983.954,631.661|999.654,651.122|1067.18,680.783|1106.92,827.631|1083.1,871.297|1140.55,865.412|1212.84,867.745|1153.93,822.749|965.866,648.533|900.623,656.758|766.492,719.43|738.315,661.006|725.323,603.034|742.036,560.939|767.93,589.288|1008.52,916.434|1009.4,1159.09|1000.32,1312.67|993.431,1454.62|920.464,903.356|877.967,1142.64|881.686,1315.82|854.401,1445.4|986.231,591.014|954.911,577.187|972.121,555.143|1020.62,554.046|945.519,560.543|941.88,563.559
226|1|961.234,908.252|969.573,815.756|976.157,742.73|985.002,632.479|1000.48,651.969|1067.58,681.705|1107.47,827.735|1083.55,869.172|1140.73,863.418|1212.63,866.192|1154.42,821.685|966.858,649.096|901.553,655.706|764.527,708.682|736.088,654.575|723.348,595.686|741.75,552.161|767.224,579.988|1007.54,915.496|1001.48,1156.68|991.781,1308.22|977.956,1447.75|920.106,901.935|821.426,1114.47|815.274,1283.65|760.633,1395.9|987.618,592.115|953.871,583.193|970.036,559.808|1019.36,554.191|944.098,566.339|942.238,566.886
227|1|959.617,902.676|968.671,812.714|975.628,742.015|984.517,635.179|999.557,654.193|1065.87,680.525|1108.45,821.111|1086.97,852.742|1143.65,859.175|1213.49,869.542|1158.57,820.2|966.765,651.23|902.454,655.815|770.731,676.449|747.721,642.846|731.202,581.793|732.268,520.348|770.337,569.621|1004.47,910.33|964.257,1150.47|982.545,1279.48|958.873,1410.46|919.812,895.992|729.819,992.204|759.496,1168.54|702.514,1265.27|987.235,596.099|946.316,583.109|960.265,560.087|1011.26,553.325|937.087,570.556|941.701,578.693
228|1|960.03,900.653|970.355,811.216|976.27,744.886|982.071,640.484|997.167,658.559|1062.63,680.863|1110.78,814.848|1092.15,845.232|1147.03,854.822|1214.6,868.625|1163.34,816.511|965.274,656.613|903.041,660.069|780.586,666.931|734.132,647.699|729.539,586.21|730.546,526.134|769.825,580.228|1003.73,908.139|881.689,1077.87|927.522,1209.52|879.626,1322.17|921.206,894.107|761.465,801.865|641.5,988.619|585.872,914.768|983.649,602.351|953.212,596.654|969.31,574.671|1015.6,569.058|944.416,579.218|941.646,575.968
229|1|960.029,900.641|970.357,811.203|976.274,744.871|982.078,640.467|997.174,658.542|1062.64,680.847|1110.79,814.832|1092.15,845.18|1147.03,854.764|1214.6,868.565|1163.34,816.456|965.28,656.596|903.046,660.049|780.598,666.881|734.153,647.617|729.568,586.129|730.585,526.048|769.854,580.155|1003.73,908.129|881.645,1077.78|927.407,1209.58|879.466,1322.2|921.205,894.093|761.506,801.744|641.276,988.331|585.843,914.331|983.656,602.332|953.113,596.545|969.184,574.555|1015.52,568.942|944.312,579.163|941.62,576.04
230|1|953.157,898.69|965.858,807.86|972.071,740.672|979.493,635.838|994.486,654.307|1060.53,677.074|1109.81,811.882|1086.82,870.681|1140.28,865.193|1208.47,865.021|1152.21,823.81|962.263,651.795|899.211,656.721|775.868,664.889|730.737,641.526|732.36,578.124|735.163,514.257|721.4,574.816|996.899,907.766|897.916,1076.92|922.754,1236.3|889.644,1378.49|914.538,890.781|738.964,921.01|732.147,1149.96|636.859,1227.96|981.663,597.512|947.402,580.496|964.911,560.419|1013.92,561.986|940.133,565.464|940.629,571.039
231|1|953.113,898.7|965.797,807.855|971.993,740.659|979.365,635.81|994.369,654.274|1060.43,677.015|1109.77,811.822|1086.79,870.765|1140.26,865.257|1208.45,865.041|1152.17,823.837|962.141,651.777|899.083,656.729|775.677,664.968|730.469,641.654|732.225,578.225|735.149,514.381|720.928,575.086|996.863,907.766|898.158,1076.9|922.67,1236.89|889.618,1379.24|914.489,890.8|739.002,921.578|733.332,1150.27|638.484,1229.07|981.515,597.479|946.844,580.601|964.267,560.42|1013.46,561.702|939.562,565.648|940.355,571.302
232|1|950.877,899.783|963.801,808.247|970.078,740.56|977.743,635.069|992.813,653.703|1059.34,676.724|1109.75,812.418|1087.02,877.439|1139.71,869.775|1207.94,866.139|1149.12,825.721|960.365,651.091|896.872,655.94|771.557,664.936|730.002,641.735|736.64,578.422|737.679,512.745|724.062,587.881|994.912,908.97|907.097,1081.23|924.095,1250.68|894.96,1399.21|912.008,891.779|737.776,931.192|751.416,1154.38|667.223,1250.76|979.969,596.496|943.217,580.917|959.869,559.759|1010,558.695|935.407,566.375|937.381,572.394
233|1|949.39,901.208|962.969,809.064|969.571,740.905|977.368,634.966|992.505,653.703|1059.51,676.532|1110.26,812.922|1086.19,879.659|1138.69,871.511|1207.25,867.127|1147.39,826.372|959.874,651.045|896.013,655.904|771.582,666.251|735.612,644.407|733.307,579.746|726.949,513.72|727.044,596.528|993.614,910.74|909.444,1079.55|923.033,1254.16|894.391,1405.84|910.385,892.907|739.514,929.383|758.789,1150.85|678.759,1253.18|979.658,596.231|945.588,582.29|959.735,559.883|1007.38,555.411|935.22,568.822|934.048,576.067
234|1|949.363,901.226|962.941,809.075|969.538,740.914|977.324,634.969|992.466,653.706|1059.48,676.526|1110.27,812.931|1086.2,879.742|1138.71,871.596|1207.27,867.203|1147.4,826.437|959.829,651.05|895.956,655.92|771.554,666.375|735.725,644.613|733.55,579.927|727.317,513.849|727.427,597.005|993.591,910.759|909.441,1079.59|923.003,1254.26|894.364,1405.98|910.355,892.925|739.349,929.469|758.762,1150.84|678.737,1253.18|979.609,596.231|945.497,582.276|959.713,559.885|1007.42,555.484|935.18,568.76|934.052,575.943
235|1|947.352,903.697|961.529,810.597|968.414,741.767|976.317,635.095|991.61,654.003|1059.34,676.87|1110.63,814.788|1083.03,881.134|1135.82,873.975|1205.22,871.021|1145.2,828.139|958.626,651.279|894.082,656.383|767.377,674.741|739.725,657.343|704.244,602.929|660.459,559.112|726.365,604.631|991.947,913.556|908.672,1079.79|921.127,1257.22|892.72,1412.12|908.041,895.116|733.857,935.38|759.068,1155.61|680.647,1262.03|978.663,596.1|944.172,583.235|960.802,561.173|1010.23,558.614|935.394,567.402|934.849,570.776
236|1|947.37,904.179|961.578,810.922|968.503,741.993|976.389,635.185|991.718,654.107|1059.56,676.921|1110.95,815.042|1083.7,881.309|1136.54,873.911|1205.99,870.694|1145.7,827.849|958.66,651.404|893.957,656.496|767.102,675.071|738.724,658.327|701.955,604.436|657.056,561.285|733.646,599.999|992.049,914.049|909.274,1079.56|920.832,1258.77|892.472,1414.4|907.981,895.587|736.671,935.622|761.136,1156.76|683.495,1264.78|978.76,596.144|944.349,585.483|959.937,562.54|1008.91,557.432|934.667,569.8|933.672,572.585
237|1|947.336,904.245|961.551,810.967|968.481,742.036|976.37,635.214|991.708,654.141|1059.58,676.951|1110.99,815.149|1083.84,881.652|1136.71,874.291|1206.17,871.084|1145.82,828.148|958.629,651.437|893.873,656.539|767.354,675.454|740.205,658.984|703.173,605.03|657.831,561.78|735.395,600.554|992.031,914.121|909.358,1079.66|920.77,1259.01|892.42,1414.74|907.933,895.648|736.597,935.918|761.266,1156.92|683.691,1265.07|978.749,596.17|944.317,585.573|959.999,562.634|1009.05,557.581|934.69,569.794|933.716,572.416
238|1|946.409,905.169|960.773,811.668|967.82,742.57|975.938,635.652|991.273,654.632|1059.26,677.473|1110.6,816.031|1083.07,882.429|1135.84,874.852|1205.29,871.413|1144.99,828.554|958.117,651.865|893.151,656.802|766.906,677.478|743.752,663.439|705.44,609.551|658.241,566.108|735.78,602.114|991.194,915.097|909.049,1079.32|919.487,1260.22|890.913,1416.79|906.924,896.525|735.887,938.82|762.185,1159.26|685.263,1268.78|978.429,596.58|944.071,586.696|959.867,563.609|1009.01,558.238|934.439,570.591|933.348,572.462
239|1|945.932,906.366|960.463,812.509|967.682,743.073|976.17,635.97|991.476,655.029|1059.55,678.044|1110.51,817.093|1082.16,883.005|1134.96,875.359|1204.58,871.986|1144.28,828.965|958.251,652.163|893.088,656.924|767.87,677.367|749.333,663.695|708.63,610.786|658.567,568.49|735.588,601.309|990.858,916.344|909.618,1079.13|918.601,1262.25|889.684,1420.04|906.323,897.679|736.865,942.28|763.787,1163.1|687.53,1274.56|978.822,596.832|945.151,587.231|961.216,564.185|1010.19,559.059|935.547,570.73|933.891,571.907
240|1|945.865,906.697|960.448,812.731|967.693,743.24|976.251,636.091|991.574,655.178|1059.75,678.269|1110.5,817.707|1081.9,884.168|1134.68,876.64|1204.35,873.334|1143.91,829.889|958.289,652.283|892.991,657.031|768.158,678.107|751.599,665.162|710.415,612.194|659.568,569.771|737.347,602.197|990.845,916.708|909.75,1079.4|918.287,1263.14|889.221,1421.33|906.209,897.983|736.048,941.548|762.43,1162.93|685.615,1274.2|978.938,596.939|945.089,588.245|961.278,565.028|1010.47,559.444|935.54,571.4|933.995,571.695
241|1|945.917,906.753|960.547,812.766|967.84,743.257|976.54,636.097|991.843,655.206|1060.01,678.38|1110.63,817.918|1082.08,884.395|1134.9,876.924|1204.61,873.688|1144.14,830.136|958.548,652.272|893.209,656.917|768.96,677.408|754.017,663.937|712.741,610.874|661.581,568.381|740.045,600.767|990.911,916.788|909.915,1079.39|918.189,1263.34|889.055,1421.61|906.247,898.017|737,941.344|762.736,1163.18|686.036,1274.78|979.288,596.941|945.379,588.444|961.599,565.195|1010.85,559.517|935.853,571.524|934.357,571.623
242|1|944.294,911.19|960.521,815.738|968.729,744.871|978.367,637.09|993.641,656.427|1062.77,678.987|1111,821.036|1069.09,889.979|1119.49,885.659|1188.78,885.97|1132.06,838.052|960.073,653.252|894.133,657.658|771.202,676.078|763.223,664.02|717.639,612.693|661.41,572.251|738.326,599.274|989.712,921.92|907.746,1072.02|912.357,1264.6|881.963,1428.1|904.329,901.861|733.112,942.288|760.226,1167.5|686.122,1285.54|981.558,597.719|943.927,589.822|961.44,566.623|1013.46,561.337|935.831,572.076|937.589,570.705
243|1|944.096,910.615|961.081,815.147|969.971,744.413|978.883,636.162|994.349,655.439|1063.51,678.655|1110.86,821.516|1066.27,897.15|1113.83,891.141|1181.36,888.261|1125.14,842.395|960.625,652.536|894.499,657.721|768.612,677.174|757.228,657.639|697.841,621.609|630.749,599.705|736.477,598.225|989.641,921.734|921.257,1076.38|915.504,1271.2|887.835,1436.87|903.986,900.938|757.669,971.81|774.778,1198.08|703.816,1324.08|981.859,596.617|950.122,590.75|959.593,564.866|1004.06,550.614|935.519,578.185|930.937,583.911
244|1|943.29,910.762|960.811,815.307|969.981,744.606|981.155,636.552|996.268,656.197|1065.46,680.172|1110.43,824.459|1062.53,902.97|1107.76,896.343|1173.68,892.201|1118.64,846.969|962.508,652.526|896.151,657.31|769.778,669.597|750.837,637.565|682.959,617.497|610.167,614.165|723.778,594.878|988.79,922.246|913.848,1072.23|913.164,1266.21|886.972,1431.6|903.241,900.769|734.138,943.41|756.276,1172.22|682.149,1292.24|984.95,597.072|940.587,590.028|959.17,566.692|1015.29,561.042|934.478,571.793|942.165,569.306
245|1|943.285,910.764|960.804,815.305|969.972,744.601|981.137,636.543|996.252,656.187|1065.45,680.158|1110.43,824.449|1062.53,902.986|1107.76,896.36|1173.68,892.217|1118.64,846.981|962.49,652.519|896.131,657.308|769.719,669.605|750.648,637.604|682.734,617.64|609.945,614.419|723.429,595.025|988.787,922.247|913.833,1072.24|913.161,1266.22|886.966,1431.63|903.234,900.772|734.159,943.474|756.31,1172.28|682.199,1292.33|984.927,597.061|940.616,590.039|959.208,566.706|1015.31,561.065|934.501,571.785|942.146,569.259
246|1|943.285,910.764|960.804,815.305|969.971,744.601|981.136,636.542|996.251,656.187|1065.45,680.158|1110.43,824.449|1062.53,902.986|1107.76,896.361|1173.68,892.217|1118.64,846.981|962.489,652.519|896.13,657.308|769.717,669.607|750.64,637.608|682.723,617.651|609.934,614.437|723.412,595.034|988.786,922.247|913.833,1072.24|913.161,1266.22|886.966,1431.63|903.234,900.772|734.161,943.484|756.316,1172.28|682.209,1292.34|984.926,597.06|940.616,590.04|959.209,566.707|1015.31,561.066|934.501,571.785|942.144,569.257
247|1|942.963,911.686|960.447,815.665|969.521,744.585|980.224,635.927|995.516,655.613|1065.19,679.349|1111.08,824.225|1065.07,906.985|1109.95,899.723|1175.72,894.079|1118.76,848.571|961.561,652.065|894.858,656.834|765.081,668.388|732.408,638.941|660.887,642.735|592.335,662.965|683.255,623.497|988.72,923.169|912.862,1077.73|912.891,1270.52|887.307,1437.69|902.696,901.696|729.901,963.519|755.99,1189.51|682.183,1312.36|983.813,596.219|947.417,590.652|964.299,566.437|1015.77,558.929|938.172,572.479|938.209,569.835
248|1|942.961,911.69|960.443,815.668|969.516,744.589|980.212,635.932|995.505,655.616|1065.18,679.349|1111.08,824.225|1065.08,907.012|1109.96,899.756|1175.73,894.115|1118.76,848.601|961.55,652.071|894.846,656.846|765.058,668.438|732.318,639.036|660.791,642.923|592.26,663.224|683.144,623.741|988.718,923.173|912.863,1077.75|912.896,1270.53|887.316,1437.7|902.693,901.701|729.932,963.591|756.031,1189.56|682.248,1312.44|983.798,596.223|947.398,590.674|964.28,566.455|1015.76,558.935|938.152,572.497|938.192,569.84
249|1|945.937,922.515|960.855,821.965|968.515,747.657|977.355,635.016|993.553,654.834|1065.93,677.487|1111.59,827.512|1075.92,930.174|1114.59,912.261|1174.98,889.883|1112.78,857.61|958.29,652.32|889.384,659.835|767.791,666.242|711.685,640.644|636.791,667.883|568.41,701.607|670.104,677.29|993.983,932.547|936.595,1114.46|924.627,1325.11|902.484,1507.61|903.564,913.795|760.557,1053.3|775.166,1285.32|708.297,1432.89|980.704,593.878|951.459,590.167|964.245,563.306|1010.62,550.497|937.104,573.463|929.198,573.394
250|1|945.607,923.106|960.424,822.247|967.966,747.785|976.586,634.896|992.892,654.722|1065.54,677.394|1111.3,828.015|1077.38,934.11|1114.98,916.633|1174.45,893.946|1111.53,860.901|957.481,652.295|888.317,660.087|766.658,667.545|708.9,643.591|634.143,673.238|566.204,709.227|667.596,681.027|993.804,933.097|941.254,1119.29|927.687,1332.18|907.836,1516.24|903.097,914.423|766.915,1064|782.058,1293.67|719.175,1444.41|979.867,593.668|947.947,588.987|965.274,563.756|1015.53,556.042|937.108,569.354|932.196,565.143
251|1|945.461,923.607|960.159,822.48|967.589,747.863|975.984,634.797|992.378,654.615|1065.21,677.289|1111.2,828.272|1079.12,937.407|1115.82,920.173|1174.42,897.028|1110.71,863.683|956.86,652.275|887.52,660.344|765.844,669.486|706.474,647.796|632.998,682.838|565.781,723.543|670.379,689.116|993.786,933.531|946.027,1123.54|930.968,1338.94|913.04,1524.3|902.836,914.982|772.814,1073.3|787.769,1301.38|727.876,1454.43|979.195,593.504|946.737,592.818|963.946,566.821|1014.61,556.449|935.745,572.323|931.098,565.029
252|1|945.226,924.013|959.825,822.602|967.155,747.807|975.32,634.5|991.805,654.321|1064.84,677.045|1111.06,828.424|1080.35,939.967|1116.5,922.844|1174.6,899.272|1110.13,865.709|956.178,652.066|886.657,660.451|764.794,671.054|702.664,651.539|629.369,688.752|562.053,731.695|668.265,693.595|993.687,933.885|949.481,1127.13|933.424,1344.53|916.718,1530.94|902.48,915.435|776.402,1080.15|791.011,1307.57|732.777,1462.17|978.452,593.116|946.164,592.533|964.614,567.077|1015.79,558.127|936.047,571.092|931.556,562.197
253|1|945.173,924.725|959.679,822.954|966.896,747.991|974.743,634.415|991.37,654.231|1064.74,676.989|1111.26,829.063|1082.23,943.9|1117.64,927.081|1175.03,903.115|1109.44,869.068|955.558,652.101|885.727,660.981|763.159,674.141|696.518,658.633|626.079,701.399|562.979,747.085|663.672,710.091|993.817,934.572|953.472,1132.09|936.37,1351.09|920.921,1538.57|902.262,916.17|780.026,1088.03|793.935,1314.82|737.113,1470.91|977.776,592.931|946.421,593.365|964.314,567.309|1014.91,557.05|935.517,571.926|929.864,562.813
254|1|945.141,924.965|959.614,823.134|966.79,748.159|974.499,634.559|991.168,654.359|1064.63,677.059|1111.3,829.249|1082.58,944.755|1117.96,928.117|1175.32,904.228|1109.55,869.992|955.316,652.276|885.427,661.349|762.53,675.537|694.323,661.489|624.531,705.284|562.426,751.434|660.814,714.909|993.814,934.801|954.04,1133.05|936.886,1352.06|921.706,1539.66|902.202,916.419|780.476,1089.39|794.465,1315.84|737.927,1472.12|977.482,593.068|946.221,594.157|964.038,567.937|1014.59,557.181|935.198,572.6|929.394,563.036
255|1|945.13,925.585|959.557,823.491|966.65,748.385|974.085,634.621|990.859,654.411|1064.51,677.208|1111,829.934|1082.88,947.207|1117.9,931.001|1174.92,907.239|1108.67,872.565|954.887,652.42|884.792,661.84|760.71,677.41|686.171,666.546|619.256,714.801|561.062,764.78|654.804,721.663|993.925,935.411|950.242,1132.93|936.569,1352.84|919.772,1540.69|902.087,917.049|745.243,1044.42|757.756,1292.7|684.316,1442.69|976.969,593.069|945.292,595.167|963.082,568.648|1013.97,557.1|934.178,573.394|928.561,563.129
256|1|945.127,925.588|959.554,823.493|966.645,748.386|974.078,634.621|990.852,654.411|1064.5,677.208|1110.99,829.937|1082.87,947.223|1117.89,931.024|1174.92,907.267|1108.66,872.586|954.88,652.421|884.783,661.844|760.684,677.426|686.076,666.592|619.169,714.848|561,764.823|654.643,721.724|993.923,935.414|950.215,1132.92|936.562,1352.84|919.755,1540.7|902.083,917.052|745.007,1044.05|757.403,1292.54|683.792,1442.45|976.96,593.069|945.284,595.177|963.074,568.656|1013.96,557.102|934.169,573.401|928.551,563.128
257|1|945.186,926.099|959.653,823.767|966.734,748.526|974.033,634.602|990.878,654.4|1064.68,677.263|1111.21,830.355|1083.18,948.264|1118.04,932.155|1174.94,908.379|1108.39,873.635|954.807,652.459|884.537,662.056|759.494,677.821|679.302,668.922|612.876,717.272|556.409,766.84|646.716,724.657|994.09,935.956|941.972,1128.75|934.131,1349.2|914.689,1537|902.051,917.537|721.026,993.151|727.034,1254.27|640.216,1394|976.873,592.991|945.347,596.29|963.139,569.525|1014.05,557.217|934.107,574.201|928.254,562.951
258|1|945.185,926.12|959.65,823.782|966.729,748.539|974.018,634.61|990.866,654.408|1064.68,677.275|1111.21,830.39|1083.1,948.265|1117.94,932.113|1174.84,908.297|1108.3,873.579|954.793,652.469|884.517,662.071|759.407,677.84|679.016,668.992|612.597,717.306|556.179,766.815|646.312,724.761|994.091,935.977|941.832,1128.71|934.078,1349.18|914.589,1536.98|902.047,917.557|721.251,993.403|727.465,1254.39|640.862,1394.3|976.852,592.997|945.31,596.324|963.097,569.549|1014.01,557.214|934.066,574.234|928.221,562.97
259|1|948.008,931.36|961.403,826.516|967.94,749.751|973.304,634.792|990.8,654.515|1066.27,676.457|1111.24,833.044|1075.38,952.985|1112,940.654|1171.99,921.885|1105.64,878.327|954.075,653.148|882.818,665.3|755.72,676.956|668.853,664.767|602.864,716.664|545.904,767.583|643.095,727.657|998.188,940.248|933.424,1091.84|940.459,1305.91|929.336,1496.25|903.638,923.639|737.254,935.662|761.736,1194.92|683.671,1336.12|975.387,592.794|947.36,598.984|961.072,569.502|1008.58,550.791|932.036,578.652|921.75,569.629
260|1|948.037,931.395|961.444,826.53|967.99,749.757|973.389,634.785|990.886,654.515|1066.37,676.475|1111.33,833.12|1075.54,953.211|1112.19,940.961|1172.22,922.263|1105.8,878.601|954.147,653.14|882.862,665.276|755.719,676.912|668.72,664.781|602.593,716.52|545.535,767.228|642.748,727.817|998.228,940.293|933.548,1090.8|940.266,1306.04|929.072,1496.59|903.657,923.665|738.056,937.107|763.12,1195.86|685.823,1337.71|975.487,592.782|947.524,598.659|961.714,569.379|1009.45,551.37|932.497,578.028|922.217,568.7
261|1|949.632,933.839|963.038,828.462|969.53,751.519|975.111,636.468|992.697,656.252|1068.61,678.258|1111.73,836.391|1074.05,957.323|1109.68,945.576|1168.91,927.384|1103.2,883.046|955.711,654.841|883.916,666.817|753.278,676.877|663.362,663.081|599.404,718.442|543.536,771.936|642.347,727.137|1000.07,942.808|932.457,1076.25|942.365,1290.7|933.661,1480.73|905.04,926.049|737.139,921.754|768.061,1180|690.007,1318.19|977.306,594.451|944.619,597.377|963.214,569.972|1015.81,557.903|933.291,574.565|927.609,563.163
262|1|951.861,938.323|964.089,831.447|969.744,753.477|974.189,636.817|992.135,656.621|1068.88,677.94|1112.7,837.408|1077.37,962.917|1110.65,950.081|1167.58,929.451|1101.72,886.655|954.792,655.671|882.45,668.518|750.947,680.627|666.008,665.284|598.547,719.26|534.511,766.408|643.198,722.163|1002.99,946.714|954.544,1102.45|952.396,1323.24|945.781,1519.76|906.651,931.047|764.786,1031.59|791.596,1284.22|724.164,1445.99|976.031,594.206|942.334,599.047|961.098,571.122|1014.6,557.744|930.976,575.67|925.822,562.718
263|1|952.008,939.332|964.034,832.062|969.543,753.844|973.846,636.828|991.876,656.655|1068.88,677.92|1113.68,837.755|1079.86,965.591|1112.09,952.425|1167.95,930.808|1101.31,888.015|954.406,655.782|881.835,668.82|749.481,682.115|664.677,667.6|596.422,721.289|531.141,767.213|641.596,724.488|1003.32,947.625|965.456,1113.97|958.66,1338.32|955.113,1536.81|906.628,932.144|780.458,1063.37|805.453,1311|746.512,1479.1|975.655,594.084|943.664,598.398|962.325,570.414|1014.91,557.351|931.865,575.027|925.168,562.477
264|1|959.123,943.195|966.418,834.906|969.535,755.268|973.918,636.731|992.153,656.743|1070.19,677.832|1113.91,840.062|1072.58,970.184|1104.35,961.285|1160.73,944.971|1097.2,896.38|954.215,656.004|880.685,668.555|746.643,683.977|668.714,671.672|595.146,722.798|523.542,765.237|642.587,723.031|1011.25,949.121|985.984,1149.72|976.964,1383.18|976.824,1583.66|912.881,938.088|800.172,1117.18|824.512,1364.79|773.76,1537.89|975.878,593.419|943.028,599.328|960.956,570.223|1014.08,554.828|930.323,576.019|923.604,563.315
265|1|968.82,954.79|970.556,841.917|969.908,758.87|974.153,637.023|993.193,657.544|1074.55,679.393|1114.31,849.806|1064.82,987.288|1093.7,981.278|1148.7,967.981|1088.31,912.512|953.668,657.018|877,670.106|742.442,687.978|660.433,682.02|602.705,707.962|583.042,758.299|662.815,730.512|1023.22,957.747|1007.25,1179.32|1002.4,1422.83|1008.54,1632.14|920.456,952.323|811.635,1154.09|846.826,1398.2|804.555,1579.44|976.149,592.452|943.229,608.157|956.901,574.522|1009.26,547.361|926.103,585.306|917.081,570.047
266|1|968.819,954.193|970.666,841.437|970.087,758.444|974.364,636.67|993.366,657.203|1074.56,679.281|1114.17,849.471|1063.53,985.87|1092.59,980.026|1147.84,967.207|1088.3,911.738|953.914,656.617|877.371,669.589|742.615,688.599|685.704,676.502|626.058,699.165|589.149,751.162|668.199,731.411|1023.15,957.214|1003.75,1176.74|1004.66,1418.51|1010.49,1627.35|920.525,951.668|763.513,1084.26|807.377,1351.61|748.884,1531.19|976.344,592.124|943.5,597.103|962.115,566.741|1016.66,551.45|929.878,572.953|921.73,560.787
267|1|969.092,955.603|970.621,842.192|969.805,758.83|973.487,636.514|992.715,657.009|1074.35,679.089|1114.41,850.063|1065.18,988.956|1092.74,982.76|1146.36,968.899|1086.85,914.39|952.996,656.705|876.016,670.205|741.05,689.017|676.506,678.535|615.483,701.013|582.875,754.722|660.726,731.977|1023.75,958.439|1012.63,1184.85|1011.63,1426.27|1020.11,1636.18|920.495,953.245|794.484,1138.78|837.66,1388.47|792.159,1570.52|975.295,591.757|944.679,599.228|964.332,568.905|1018.31,553.46|931.289,573.572|921.355,557.959
268|1|964.811,957.254|969.119,842.189|969.905,758.645|972.458,637.065|991.992,657.349|1074.26,678.884|1114.03,850.82|1063.16,989.384|1091.78,983.603|1146.82,970.57|1086.9,914.013|952.059,657.312|874.641,671.125|740.575,688.813|667.944,675.131|607.893,699.242|578.78,762.106|655.998,736.055|1019.93,961.173|987.803,1134.91|1004.27,1359.59|1015.48,1569.57|915.805,953.935|738.497,964.882|807.387,1223.14|754.606,1395.26|973.752,592.573|946.047,598.373|963.58,567.039|1015.11,550.355|930.419,574.151|917.346,562.08
269|1|968.506,963.646|970.677,846.153|969.999,760.71|973.177,636.763|992.855,657.45|1076.41,679.153|1114.65,853.786|1063.24,996.807|1088.86,991.617|1141.01,978.508|1083.03,922.169|952.399,657.357|873.985,671.541|739.262,689.621|655.563,681.837|599.462,696.509|571.96,793.178|646.054,738.197|1024.7,966.425|1007.52,1143.89|1010.13,1384.71|1022.85,1601.22|918.523,961.347|780.445,1076.73|836.153,1328.65|789.532,1517.62|974.812,591.38|947.959,596.196|967.839,565.68|1020.19,552.083|933.63,570.318|920.068,556.348
270|1|970.392,965.699|971.177,846.913|969.651,760.241|972.232,634.63|992.237,655.442|1076.72,677.39|1114.91,854.383|1067.18,1004.31|1089.05,999.233|1137.09,984.651|1080.58,928.384|951.308,655.657|872.201,671.487|738.028,689.519|651.979,679.375|606.145,692.577|568.605,799.606|641.388,736.547|1027.26,967.83|1025.99,1166.02|1023.24,1421.1|1040.05,1643.35|919.796,963.982|804.886,1133.26|851.421,1390.55|811.638,1584.72|973.719,588.591|946.823,598.623|966.215,566.67|1018.86,548.892|931.607,571.886|917.386,554.503
271|1|970.45,965.294|971.326,846.604|969.855,759.998|972.472,634.498|992.458,655.306|1076.9,677.362|1114.78,854.307|1066.54,1003.95|1088.42,999.089|1136.49,984.86|1080.37,928.434|951.557,655.494|872.497,671.246|738.299,689.028|652.104,678.763|606.476,692.241|568.645,799.04|641.16,737.724|1027.27,967.479|1015.06,1161.16|1020.8,1417.77|1035.54,1640.5|919.897,963.527|741.599,1023.55|789.965,1323.01|720.764,1512.16|973.962,588.5|945.739,599.122|965.589,567.316|1019.2,549.552|931.061,572.089|918.035,553.86
272|1|969.394,965.294|971.373,846.741|970.266,760.329|972.776,634.6|992.857,655.463|1077.47,677.983|1114.74,855.321|1069.57,1007.42|1088.94,1002.06|1133.9,986.383|1078.85,932.515|951.811,655.631|872.558,671.739|737.821,689.07|652.917,671.123|605.983,690.488|563.121,796.915|639.478,735.184|1026.15,968.446|1021.35,1173.76|1020.99,1430.98|1036.28,1654.71|919.039,962.674|781.449,1119.86|825.873,1397.87|771.146,1590.13|974.188,588.511|947.127,598.388|966.146,566.124|1018.82,547.892|931.53,571.896|917.218,555.132
273|1|969.19,964.891|971.211,846.423|970.121,760.056|972.63,634.395|992.693,655.254|1077.27,677.828|1114.59,855.324|1068.72,1007.14|1088.12,1001.45|1133.21,985.487|1078.84,931.398|951.687,655.402|872.498,671.394|737.764,688.157|652.973,669.615|606.501,688.87|563.368,794.829|639.557,735.344|1025.9,968.056|1011.98,1169.18|1017.55,1425.9|1030.27,1649.3|918.878,962.258|736.852,1037.31|778.45,1341.91|701.257,1527.43|974.03,588.331|945.71,597.481|965.464,565.675|1019.13,548.605|930.886,570.758|917.82,553.87
274|1|969.153,964.787|971.187,846.335|970.109,759.972|972.681,634.315|992.726,655.184|1077.27,677.758|1114.57,855.051|1068.49,1006.47|1088.02,1000.87|1133.21,985.093|1078.82,931.335|951.736,655.308|872.559,671.174|737.985,687.397|653.831,668.205|607.95,687.104|564.889,792.874|640.898,734.483|1025.85,967.954|1007.76,1165.55|1015.76,1421.94|1028.01,1645.09|918.849,962.152|744.501,1037.45|790.776,1335.28|719.962,1523.29|974.104,588.252|945.645,597.81|965.515,566.033|1019.3,548.845|930.944,570.95|918.036,553.611
275|1|963.769,965.047|968.736,846.261|969.693,759.786|973.095,634.551|993.094,655.578|1077.93,677.851|1114.6,855.835|1063.94,1004.31|1086.41,998.972|1135.32,984.58|1079.72,928.212|951.943,655.303|872.204,670.16|737.343,685.131|666.26,663.65|616.568,676.66|569.074,781.635|640.806,730.509|1020.56,969.711|990.92,1130.94|1001.11,1377.74|1013.94,1598.92|913.412,961.089|747.647,970.807|800.546,1257.94|731.859,1440.27|974.733,588.637|946.292,596.548|966.226,564.791|1020.12,548.542|931.482,569.887|918.406,553.861
276|1|962.883,965.147|967.956,846.028|968.982,759.305|972.503,633.659|992.529,654.765|1077.53,677.242|1114.49,855.635|1064.32,1005.18|1086.05,999.156|1134.37,984.257|1078.92,928.526|951.282,654.466|871.327,669.179|736.664,682.004|666.199,658.269|615.476,668.332|567.619,774.472|644.115,721.451|1019.83,969.846|1000.17,1137.94|1001.32,1386.29|1014.02,1608.62|912.386,961.158|770.453,1060.98|822.489,1329.89|766.771,1521.98|974.192,587.58|944.72,597.364|965.318,565.601|1020.19,548.779|930.465,569.957|918.289,551.818
277|1|962.882,965.13|967.958,846.01|968.986,759.283|972.523,633.628|992.545,654.738|1077.54,677.226|1114.49,855.619|1064.32,1005.16|1086.05,999.121|1134.37,984.21|1078.91,928.492|951.299,654.434|871.345,669.125|736.707,681.82|666.343,657.932|615.715,667.836|567.812,773.871|644.401,720.866|1019.83,969.83|1000.2,1137.93|1001.33,1386.29|1014.03,1608.63|912.385,961.14|770.455,1060.97|822.481,1329.92|766.769,1522.02|974.218,587.546|944.778,597.289|965.379,565.536|1020.23,548.749|930.524,569.886|918.326,551.772
278|1|957.017,962.38|965.887,844.674|969.088,758.835|973.794,633.288|993.533,654.519|1077.96,677.992|1114.84,855.84|1068.55,1007.99|1087.1,1002.25|1131.36,986.081|1077.6,932.473|952.448,653.911|872.616,668.056|738.314,673.527|664.475,643.394|634.437,650.079|574.346,747.176|645.909,691.674|1013.23,969.688|1005.31,1162.89|991.478,1415|999.421,1637.59|907.391,956.101|788.24,1122.36|820.504,1384.38|768.216,1574.63|975.987,587.253|944.919,595.825|965.771,564.451|1021.54,548.581|931.229,568.669|920.569,551.341
279|1|948.34,955.253|960.301,840.813|966.765,756.384|974.488,632.994|993.354,654.306|1076.11,679.21|1114.46,853.994|1073.29,1005.1|1089.59,1001.57|1130.05,986.242|1077.55,931.914|952.993,652.804|874.287,664.854|742.296,664.381|676.912,625.485|642.466,627.747|582.465,699.385|651.572,682.423|1003.28,964.067|1006.96,1189.07|980.007,1437.41|985.446,1654.15|899.735,947.621|794.317,1152.5|809.13,1409.43|760.436,1595.22|977.867,587.788|944.139,597.38|965.066,566.597|1021.95,550.421|931.487,570.42|923.661,552.209
280|1|948.947,956.543|960.423,841.503|966.497,756.431|974.64,631.446|993.621,653.106|1076.83,679.326|1114.86,855.825|1075.15,1008.83|1090.3,1003|1130.08,985.84|1077.1,932.717|952.897,651.414|873.357,662.775|742.227,659.696|682.224,616.751|642.24,616.595|593.979,683.976|653.736,673.423|1004.26,965.428|1003.83,1214.53|977.625,1461.02|978.995,1679.47|900.066,948.861|791.227,1175.41|805.922,1429.59|755.489,1614.37|978.15,585.621|943.932,594.317|964.748,563.16|1022.1,547.026|930.944,567.521|923.127,550.368
281|1|949.879,956.093|959.846,841.607|965.376,756.324|974.909,631.811|993.545,653.567|1076.33,679.904|1114.64,855.842|1078.61,1008.42|1092.56,1002.85|1130.34,984.471|1077.32,930.41|953.033,651.51|873.779,662.022|742.303,655.418|685.331,602.339|639.133,610.407|602.202,664.23|652.458,676.558|1005.1,964.047|1006.37,1231.03|980.993,1475.91|982.859,1692.28|900.985,949.219|791.617,1193.13|806.272,1441.22|759.144,1623.66|978.998,586.179|954.299,592.066|969.956,559.45|1019.33,540.672|936.421,568.641|920.018,558.394
282|1|949.962,957.324|959.959,842.426|965.547,756.686|974.328,631.358|993.141,653.177|1076.17,679.86|1115.09,856.137|1077.75,1008.68|1092.76,1002.83|1130.35,985.309|1077.48,931.107|952.552,651.224|873.183,661.623|742.344,651.811|682.911,599.533|646.288,604.839|605.219,660.879|661.5,642.27|1005.36,965.392|1007.3,1246.07|982.555,1489|982.82,1705.5|900.948,950.356|790.482,1204.21|805.539,1450.98|759.713,1633.31|978.048,585.416|946.462,594.364|967.778,563.802|1023.67,548.639|933.717,567.076|924.17,548.745
283|1|949.933,957.263|959.939,842.321|965.538,756.547|974.383,631.159|993.19,652.996|1076.23,679.714|1115.06,855.993|1077.8,1008.59|1092.9,1002.89|1130.56,985.582|1077.58,931.199|952.59,651.027|873.19,661.335|742.509,651.042|683.569,598.266|646.925,602.908|605.432,658.009|663.668,639.49|1005.35,965.333|1007.16,1246.62|982.492,1488.41|982.625,1704.54|900.899,950.291|783.569,1199.32|798.926,1450.72|749.834,1633.04|978.131,585.193|946.612,593.722|967.623,563.011|1023.36,547.718|933.593,566.702|923.875,549.071
284|1|950.151,957.156|960.293,842.25|965.919,756.235|975.164,630.34|994.038,652.416|1077.49,679.676|1115.1,857.438|1075.28,1010.61|1092.88,1002.47|1130.96,985.726|1077.66,930.831|953.198,650.158|873.133,658.859|742.77,645.642|691.62,592.784|658.512,580.432|593.908,643.21|663.147,639.085|1005.6,965.734|1003.62,1254.43|980.112,1495.62|976.828,1712.19|901.178,949.749|787.078,1207.96|802.11,1454.19|753.796,1635.01|978.954,584.163|949.253,595.352|968.462,563.181|1022.67,544.17|934.314,568.777|922.341,550.976
285|1|950.15,957.155|960.293,842.25|965.918,756.234|975.163,630.34|994.037,652.416|1077.48,679.675|1115.1,857.437|1075.28,1010.61|1092.88,1002.47|1130.96,985.724|1077.66,930.829|953.198,650.158|873.132,658.859|742.769,645.641|691.616,592.781|658.507,580.429|593.901,643.207|663.139,639.082|1005.6,965.733|1003.62,1254.43|980.112,1495.62|976.827,1712.19|901.177,949.749|787.047,1207.93|802.079,1454.19|753.748,1635.02|978.954,584.162|949.253,595.349|968.462,563.179|1022.67,544.17|934.314,568.775|922.341,550.974
286|1|950.15,957.155|960.293,842.25|965.918,756.234|975.163,630.34|994.037,652.416|1077.48,679.675|1115.1,857.437|1075.28,1010.61|1092.88,1002.47|1130.96,985.724|1077.66,930.829|953.198,650.158|873.132,658.859|742.769,645.641|691.616,592.781|658.507,580.429|593.901,643.207|663.139,639.082|1005.6,965.733|1003.62,1254.43|980.112,1495.62|976.827,1712.19|901.177,949.749|787.047,1207.93|802.079,1454.19|753.748,1635.02|978.954,584.162|949.253,595.349|968.462,563.179|1022.67,544.17|934.314,568.775|922.341,550.974
287|1|950.15,957.155|960.293,842.25|965.918,756.234|975.163,630.34|994.037,652.416|1077.48,679.675|1115.1,857.437|1075.28,1010.61|1092.88,1002.47|1130.96,985.724|1077.66,930.829|953.198,650.158|873.132,658.859|742.769,645.641|691.616,592.781|658.507,580.429|593.901,643.207|663.139,639.082|1005.6,965.733|1003.62,1254.43|980.112,1495.62|976.827,1712.19|901.177,949.749|787.047,1207.93|802.079,1454.19|753.748,1635.02|978.954,584.162|949.253,595.349|968.462,563.179|1022.67,544.17|934.314,568.775|922.341,550.974
288|1|950.089,956.767|960.183,841.94|965.778,755.961|974.953,630.099|993.801,652.166|1077.1,679.354|1114.73,856.668|1075,1009.36|1092.59,1001.36|1130.42,984.879|1077.28,930.188|953.045,649.898|873.133,658.516|742.365,644.09|690.144,590.116|655.748,577.055|589.847,640.282|660.974,633.25|1005.48,965.304|1001.96,1253.3|979.209,1493.8|975.132,1709.69|901.174,949.396|764.985,1188.79|779.234,1450.78|720.044,1630.67|978.695,583.934|949.633,592.927|969.194,561.321|1023.05,544.223|935.001,566.529|922.741,549.974
289|1|937.837,945.758|954.835,834.373|965.409,751.825|976.312,629.508|994.664,651.368|1076.59,678.782|1114.34,853.419|1070.56,999.246|1091.65,997.023|1132.91,986.868|1075.6,925.732|954.319,648.486|874.995,655.493|743.442,641.875|691.934,598.236|658.945,571.234|599.767,628.008|677.555,625.234|991.721,957.357|969.772,1205.81|950.221,1418.32|944.937,1622.38|890.136,935.654|723.161,1035.48|748.17,1297.17|680.185,1473.13|980.668,584.645|951.095,587.171|970.57,556.567|1024.38,543.424|936.74,562.269|925.157,551.013
290|1|944.581,947.617|957.876,836.052|965.688,753.391|976.415,631.602|994.61,653.378|1076.16,679.506|1114.69,852.631|1069.12,994.657|1091.34,995.287|1135.48,987.697|1074.78,921.986|954.662,650.432|876.058,655.672|744.605,641.746|690.641,598.166|668.734,564.641|600.84,631.872|682.979,620.673|998.483,957.163|960.695,1187.4|949.209,1395.42|939.423,1597.66|896.838,939.325|731.928,1047.87|758.791,1306.63|688.229,1479.76|980.626,586.968|950.856,588.806|970.724,558.97|1024.47,547.029|937.261,563.966|926.411,552.674
291|1|937.47,939.534|955.359,831.272|966.029,750.957|977.197,631.799|994.891,653.231|1074.62,679.621|1114.23,848.573|1067.98,984.372|1090.55,991.578|1136.4,990.128|1072.91,918.981|955.806,650.084|878.964,656.069|745.606,646.683|695.317,601.381|673.393,580.617|657.756,610.616|698.257,610.133|989.534,951.877|949.643,1170.76|934.196,1372.53|920.21,1570.37|891.536,928.797|726.577,1035.57|746.657,1289.78|674.305,1456.22|981.537,588.165|943.395,589.347|966.646,562.156|1025.76,554.386|934.679,563.42|932.724,549.322
292|1|937.546,939.525|955.467,831.283|966.17,750.987|977.464,631.876|995.135,653.311|1074.84,679.755|1114.3,848.738|1067.89,984.272|1090.55,991.387|1136.51,989.878|1073.02,918.748|956.049,650.144|879.205,656.139|746.397,647.41|697.263,602.556|676.223,582.036|661.71,611.731|701.976,611.484|989.608,951.882|948.604,1170.11|933.326,1372|918.647,1569.79|891.613,928.775|723.776,1030.44|742.408,1287.39|667.685,1452.83|981.866,588.261|945.476,588.933|968.503,561.735|1026.55,554.196|936.306,563.136|932.84,549.538
293|1|940.23,938.033|956.695,830.337|966.39,750.39|978.075,631.805|995.527,653.206|1074.46,679.406|1114.38,846.908|1066.01,977.56|1090.22,989.074|1139.29,991.753|1071.63,914.855|956.754,649.902|880.469,655.362|746.426,650.654|707.78,614.395|690.856,601.105|654.127,598.46|720.244,608.381|992.083,949.575|945.29,1163.25|929.892,1368.01|913.042,1564.74|894.459,927.995|737.075,1054.03|754.983,1302.6|683.586,1467.64|982.618,588.393|952.137,586.937|971.445,558.476|1024.47,548.646|939.288,563.694|930.035,555.439
294|1|944.384,933.631|958.139,829.65|966.843,751.13|979.695,635.316|996.138,656.479|1071.85,683.044|1113.53,843.723|1063.8,965.651|1089.15,983.743|1138.69,993.928|1069.47,912.785|959.061,652.542|886.013,655.833|752.158,656.557|723.11,624.131|699.19,603.26|712.872,593.145|724.718,611.557|994.599,943.778|957.658,1180.63|934.339,1391.14|915.946,1579.31|900.024,924.807|771.823,1119.69|778.55,1352.55|719.147,1512.91|984.46,592.979|951.216,585.299|974.445,562.025|1028.88,562.068|944.105,561.852|940.806,553.633
295|1|944.615,933.026|958.419,829.127|967.165,750.673|980.025,634.937|996.459,656.071|1072.14,682.577|1113.81,843.112|1063,963.214|1088.72,981.846|1138.68,992.695|1069.42,911.23|959.392,652.167|886.377,655.544|754.289,657.834|731.182,626.083|713.254,606.969|724.643,593.583|747.555,608.403|994.805,943.183|955.705,1179.88|934.733,1388.73|915.568,1576.35|900.272,924.193|746.501,1086.36|754.513,1331.31|685.158,1488.64|984.824,592.628|952.706,585.027|972.39,559.493|1025.07,554.916|942.13,563.79|936.226,559.779
296|1|946.25,941.203|958.647,833.919|966.178,753.228|977.386,633.35|994.625,654.838|1072.6,681.217|1114.76,846.422|1066.39,969.574|1092.43,986.001|1144,994.5|1070.11,908.114|956.493,651.545|881.573,657.274|749.384,659.912|730.784,624.837|728.197,611.11|745.225,613.41|779.195,613.853|998.089,950.688|963.662,1208.27|942.676,1424.65|925.087,1617.72|900.438,932.969|768.436,1148.56|778.951,1387.88|719.246,1552.01|981.605,589.489|956.918,582.672|973.256,554.915|1020.95,546.652|941.866,562.405|928.103,560.712
297|1|949.967,947.794|959.015,838.122|964.496,755.313|974.91,634.011|992.674,655.515|1072.46,681.19|1114.8,849.363|1062.67,972.019|1091.67,986.179|1143.97,995.109|1070.03,908.865|953.692,652.757|877.16,659.985|741.637,666.855|734.793,634.082|741.745,610.664|773.238,616.884|795.427,622.238|1003.17,955.289|977.885,1227.94|957.752,1451.67|945.885,1649.52|902.826,941.309|783.411,1183.54|800.335,1414.59|751.642,1583.37|979.047,589.628|957.615,584.627|976.107,556.868|1023.46,549.909|943.108,561.742|926.584,555.76
298|1|950.122,954.984|958.529,842.96|963.53,758.587|974.031,634.305|992.239,656.266|1074.17,681.55|1114.96,854.218|1054.54,978.114|1090.28,984.956|1141.88,995.377|1069.75,910.224|952.323,653.585|873.837,660.055|738.383,666.221|754.82,635.206|751.375,608.961|813.677,638.149|810.963,621.121|1004.59,962.091|989.485,1248.29|966.719,1475.78|958.326,1679.97|901.794,948.843|792.953,1210.42|812.039,1434.92|770.128,1607.84|978.273,588.81|954.779,585.83|975.332,557.724|1025.36,550.862|941.338,561.021|926.162,551.698
299|1|950.745,960.178|958.988,845.985|963.874,760.08|974.004,634.273|992.647,656.505|1076.14,681.791|1114.16,857.829|1046.41,980.712|1088.14,984.584|1139.23,996.63|1068.69,911.219|952,653.851|872.074,660.781|731.046,672.61|758.01,647.773|762.172,614.291|830.827,641.312|817.572,632.325|1006.21,967.2|995.854,1263.05|973.252,1491.22|967.422,1700.09|901.535,954.118|797.639,1227.7|819.16,1448.66|781.671,1624.48|978.038,588.182|953.84,585.867|976.12,557.836|1027.67,551.992|941.298,559.597|926.588,548.08
300|1|951.679,961.286|959.716,847.264|964.429,762.103|975.554,636.194|993.914,658.496|1077.3,683.105|1114.58,859.15|1044.16,979.515|1086.4,985.246|1139.47,998.875|1068.76,910.44|953.476,655.671|873.934,661.766|735.19,683.578|775.769,656.432|758.628,622.994|829.481,646.272|815.936,638.854|1007.05,967.786|1006.44,1264.2|980.588,1494.45|976.9,1703.43|902.434,955.676|805.848,1234.74|824.57,1453.2|790.714,1628.8|980.079,590.111|962.621,577.624|978.795,549.031|1023.67,544.168|944.729,556.897|923.174,559.012
301|1|954.88,971.155|962.383,853.628|966.685,766.199|976.309,637.217|995.297,659.804|1080.16,685.181|1115.55,864.854|1032.17,977.529|1075.61,987.336|1135.72,1004.16|1068.75,910.01|954.123,657.368|873.242,664.089|726.577,685.031|793.234,659.268|786.684,620.75|857.12,647.574|841.323,647.667|1011.68,977.316|1014.91,1284.63|989.74,1515.26|986.194,1732.95|904.361,965.853|809.003,1256.78|832.606,1476.51|801.542,1658.44|980.216,590.001|960.212,584.074|979.946,555.03|1028.35,548.883|944.727,559.574|925.476,553.252
302|1|954.921,971.213|962.42,853.734|966.722,766.34|976.35,637.417|995.326,659.993|1080.14,685.37|1115.43,864.95|1032.08,977.452|1075.54,987.273|1135.63,1004.12|1068.74,910.018|954.173,657.559|873.338,664.302|726.927,685.63|793.922,659.728|787.869,620.979|858.562,647.873|842.897,648.323|1011.69,977.37|1015.34,1284.47|990.129,1515.6|986.806,1733.41|904.423,965.915|809.601,1256.77|833.001,1476.82|802.119,1658.83|980.261,590.226|960.252,584.406|980.105,555.432|1028.54,549.372|944.889,559.814|925.706,553.264
303|1|954.921,971.213|962.42,853.735|966.723,766.341|976.351,637.418|995.327,659.995|1080.14,685.372|1115.43,864.95|1032.08,977.452|1075.54,987.274|1135.64,1004.12|1068.74,910.019|954.175,657.56|873.34,664.303|726.932,685.635|793.932,659.732|787.883,620.982|858.58,647.878|842.914,648.327|1011.69,977.37|1015.34,1284.47|990.13,1515.6|986.808,1733.41|904.424,965.915|809.604,1256.77|833.002,1476.82|802.121,1658.83|980.262,590.227|960.254,584.408|980.108,555.434|1028.54,549.375|944.891,559.816|925.708,553.264
304|1|959.681,977.256|964.901,859.372|967.698,772.305|974.264,642.545|994.26,664.435|1081.37,686.286|1115.66,868.97|1024.56,982.003|1063.56,991.033|1126.54,1005.93|1062.48,918.537|951.933,663.889|869.465,677.159|724.17,698.798|791.352,683.374|840.708,607.736|904.592,663.141|879.575,665.262|1017.2,981.97|1023.1,1286.6|1002.27,1515.94|1007.05,1737.44|908.345,973.232|819.861,1269.38|848.001,1488.47|820.758,1675.95|977.566,595.037|963.915,580.921|987.867,555.256|1034.32,560.098|950.833,554.256|927.669,548.414
305|1|965.441,974.695|968.739,859.404|970.914,772.858|977.972,645.424|997.654,666.803|1083.96,686.75|1115.67,867.906|1017.01,975.214|1052.53,989.171|1115.46,1010.13|1058.16,922.625|955.723,666.586|874.31,680.619|723.877,702.296|792.578,685.557|874.06,634.984|913.023,650.842|889.679,672.567|1022.24,977.595|1038.65,1282.31|1017.8,1506.83|1028.99,1719.81|914.493,972.273|841.537,1275.63|866.771,1491.46|847.455,1675.58|981.719,598.814|964.892,582.855|988.598,557.188|1036.9,562.283|951.892,557.194|931.023,553.703
306|1|965.819,974.414|969.324,860.122|972.018,774.049|977.841,646.637|997.591,667.746|1083.59,686.179|1114.78,866.433|1012.06,969.712|1046.38,987.075|1109.03,1012.57|1056.01,924.258|955.921,668.018|875.146,683.338|723.255,707.1|797.186,687.113|878.044,639.749|930.315,649.599|892.094,676.233|1022.24,976.769|1051.54,1284.69|1028.24,1500.44|1044.96,1706.75|915.043,972.473|858.41,1282.98|879.926,1496.33|867.769,1679.4|981.197,600.054|963.039,583.987|981.289,555.347|1028.48,553.877|945.453,562.088|923.484,565.188
307|1|969.132,977.939|971.698,863.051|973.757,776.8|978.128,647.495|998.11,668.768|1084.37,686.481|1115.2,866.626|1011.54,969.309|1045.15,986.799|1107.14,1012.88|1054.62,925.198|956.489,669.192|875.58,683.864|724.09,712.307|803.129,688.614|883.144,644.409|941.522,650.579|895.264,678.513|1025.72,979.676|1062.17,1295.11|1038.71,1504.69|1057.79,1709.06|918.166,976.554|870.821,1294.72|891.96,1506.02|883.718,1689.71|980.852,600.24|962.784,582.818|982.535,555.432|1030.08,556.711|946.65,560.31|925.35,562.666
308|1|974.644,975.626|977.034,860.642|978.983,774.41|981.014,644.946|1001.32,665.941|1087.11,685.057|1114.47,865.178|1029.81,985.425|1056.61,995.766|1112.75,1009.59|1055.64,923.821|959.846,666.936|880.372,687.905|765.758,800.244|834.444,807.796|845.029,716.347|909.854,670.558|888.17,714.978|1031.19,977.419|1076.21,1298.9|1053.54,1501.74|1077.64,1702.36|923.748,974.191|880.179,1298.98|900.731,1515.15|889.476,1699.39|982.81,597.6|964.156,583.48|983.519,555.355|1031.2,554.022|947.871,560.628|927.031,560.954
309|1|979.686,965.878|980.339,853.071|981.117,769.259|982.275,643.555|1001.95,663.863|1084.07,686.375|1114.41,859.762|1053.33,989.104|1067.77,999.249|1108.98,1008.79|1055.78,922.888|962.053,664.88|886.874,688.737|795.005,821.597|851.43,859.926|844.449,777.783|881.372,712.981|886.925,759.944|1034.57,966.608|1086.55,1280.19|1067.47,1488.36|1092.56,1679.22|930.233,965.388|889.935,1281.18|907.901,1499.92|896.528,1675.11|983.653,597.629|964.785,581.725|984.45,555.873|1031.19,557.196|950.341,559.803|931.487,560.727
310|1|979.865,957.164|980.193,846.501|980.981,764.46|983.559,640.54|1002.76,660.852|1082.98,686.279|1112.24,857.416|1062.7,990.925|1071.96,1000.55|1106.54,1008.63|1055.4,924.805|963.372,661.271|889.051,684.09|804.585,827.017|853.681,890.938|844.368,815.82|864.167,751.145|886.654,794.242|1033.75,957.387|1090.48,1262.83|1070.36,1471.8|1096.99,1657.08|931.214,957.125|895.758,1265.83|910.213,1479.11|897.449,1649.02|985.371,595.256|965.699,582.653|984.682,556.273|1031.34,554.858|951.186,560.744|933.192,559.902
311|1|977.348,950.42|978.61,843.513|980.013,763.447|984.184,640.525|1003.15,661.059|1082.95,686.09|1112.28,856.884|1044.92,962.914|1061.58,986.442|1105.13,1022.58|1066.51,897.307|963.745,660.762|888.094,678.789|795.403,823.632|843.606,898.18|843.953,836.787|852.525,776.553|883.943,816.381|1030.39,951.036|1080.95,1251.09|1060.31,1450.32|1084.73,1629.58|929.476,950.021|898.898,1252.06|910.763,1453.97|895.601,1618.44|986.397,595.607|966.491,580.515|984.786,554.281|1031.28,553.639|951.463,559.68|933.427,561.625
312|1|976.546,952.346|975.712,844.943|975.041,764.058|979.479,639.617|998.763,660.498|1081.02,684.479|1113.12,856.23|996.306,939.653|1016.06,963.543|1056.61,998.96|1035.65,915.725|958.652,660.064|880.233,670.327|751.239,719.062|898.813,687.618|875.314,700.785|956.376,708.718|933.386,673.324|1030.32,952.49|1082.21,1255.51|1059.95,1445.27|1076.99,1626.52|928.158,952.378|908.047,1257.19|924.78,1452.9|919.075,1618.55|981.703,594.108|968.764,580.534|984.845,552.849|1026.72,549.858|950.783,559.598|926.206,561.536
313|1|969.333,941.454|972.485,837.415|974.985,758.711|980.239,636.644|999.26,657.193|1081.42,680.12|1110.99,851.591|993.223,937.966|990.444,961.342|1008.02,994.528|1002.83,910.611|959.367,656.765|881.271,667.258|750.51,714.66|896.062,702.105|893.741,697.192|970.492,693.256|942.962,681.722|1022.16,943.538|1076,1236.63|1047.8,1418.3|1065.59,1594.69|921.775,939.733|918.069,1236.93|927.699,1436.73|927.755,1599.45|982.9,591.979|966.568,580.299|985.018,553.102|1029.9,550.76|950.763,557.853|929.466,556.388
314|1|969.344,941.376|972.492,837.348|974.99,758.646|980.231,636.586|999.247,657.131|1081.39,680.027|1111,851.486|992.869,937.249|989.048,958.032|1005.07,989.375|1002.29,905.091|959.367,656.705|881.299,667.202|750.653,714.505|896.259,701.847|894.129,696.814|970.96,692.796|944.478,682.827|1022.17,943.458|1075.92,1236.48|1047.65,1417.79|1065.36,1594.1|921.794,939.657|918.188,1236.77|927.824,1436.34|927.938,1598.98|982.888,591.922|966.744,580.224|985.17,553.052|1029.92,550.748|950.919,557.779|929.493,556.311
315|1|958.985,928.674|967.892,830.025|974.898,753.114|978.186,635.284|996.085,654.681|1073.5,673.293|1128.26,827.593|1027.32,920.261|985.452,878.373|941.095,831.86|979.946,857.035|959.051,654.821|886.717,667.443|769.337,715.375|866.191,714.903|910.444,693.644|984.65,694.97|931.477,694.97|1008.99,934.003|1048.74,1214.39|1019.15,1390.28|1034.83,1553.69|914.036,924.022|910.373,1203.53|910.922,1412.93|914.984,1566.83|980.283,592.24|962.432,583.842|982.781,560.223|1027.09,559.977|951.195,560.895|934.932,554.056
316|1|959.238,928.304|968.201,829.788|975.255,752.976|978.552,635.305|996.422,654.676|1073.76,673.068|1128.84,826.739|1028.27,919.439|986.454,877.873|944.773,829.51|980.926,856.968|959.441,654.815|887.24,667.609|770.204,716.052|867.326,715.586|913.588,693.948|988.273,697.653|931.462,699.32|1009.17,933.662|1042.94,1214.39|1011.88,1382|1023.83,1544.08|914.351,923.627|906.917,1202.7|906.775,1411.24|908.861,1565.11|980.656,592.32|966.376,580.271|984.768,556.537|1026.21,557.051|953.19,558.931|933.514,556.488
317|1|965.812,928.212|972.492,829.409|977.711,752.726|979.922,635.106|997.955,654.371|1075.17,672.86|1129.46,826.312|1031.35,922.073|988.533,880.848|950.975,828.84|984.028,857.4|961.04,654.679|889.119,667.506|775.471,717.789|869.327,720.22|921.473,693.246|990.765,701.278|937.474,719.876|1015.77,932.485|1042.04,1213.38|1014.51,1377.85|1024.11,1539.21|920.923,924.511|907.07,1202.94|909.055,1409.23|908.494,1563.24|981.508,592.135|968.955,578.169|984.571,553.68|1023.83,552.722|953.428,558.88|931.587,560.707
318|1|968.989,927.718|974.002,827.475|977.949,748.86|979.9,634.641|997.776,653.38|1074.18,672.486|1131.83,823.872|1035.67,920.676|992.435,880.436|954.249,829.469|990.975,853.596|961.293,653.757|890.752,667.923|780.259,718.893|865.385,724.022|927.58,699.56|992.533,688.026|940.418,732.98|1018.92,931.395|1050.13,1210.99|1025.02,1379.21|1032.37,1538.71|924.2,924.557|902.648,1200.96|908.602,1413.03|908.56,1566.85|981.259,592.923|975.238,576.756|988.666,552.763|1022.74,552.73|957.972,558.596|931.14,562.898
319|1|968.984,927.658|973.919,827.368|977.805,748.723|979.471,634.469|997.396,653.167|1073.87,672.004|1132.1,823.192|1036.33,920.5|992.908,880.486|954.541,829.731|991.532,853.451|960.907,653.639|890.384,667.989|780.146,718.971|866.027,724.163|929.148,700.726|994.919,689.846|941.471,734.505|1018.93,931.288|1051.33,1210.75|1026.81,1381.47|1034.91,1541.71|924.177,924.538|902.533,1200.85|908.584,1416.57|908.474,1571.29|980.724,592.735|970.717,574.92|985.789,551.648|1022.98,553.551|954.966,556.631|931.498,561.303
320|1|968.998,927.692|973.931,827.414|977.815,748.78|979.472,634.546|997.397,653.238|1073.87,672.067|1132.1,823.229|1036.38,920.565|992.95,880.583|954.584,829.863|991.55,853.568|960.911,653.715|890.396,668.074|780.214,719.002|866.291,724.365|929.679,701.271|995.68,690.717|941.978,735.227|1018.94,931.32|1051.47,1210.71|1027.02,1381.8|1035.22,1542.13|924.197,924.574|902.537,1200.82|908.562,1417.06|908.43,1571.89|980.722,592.82|970.262,575.55|985.468,552.17|1022.99,553.739|954.639,557.117|931.537,561.336
321|1|968.998,927.692|973.931,827.414|977.815,748.78|979.472,634.546|997.397,653.238|1073.87,672.067|1132.1,823.229|1036.38,920.565|992.95,880.583|954.584,829.863|991.55,853.568|960.911,653.715|890.396,668.074|780.214,719.002|866.291,724.365|929.679,701.271|995.68,690.717|941.978,735.227|1018.94,931.32|1051.47,1210.71|1027.02,1381.8|1035.22,1542.13|924.197,924.574|902.537,1200.82|908.562,1417.06|908.43,1571.89|980.722,592.82|970.262,575.55|985.468,552.17|1022.99,553.739|954.639,557.117|931.537,561.336
322|1|968.998,927.692|973.931,827.414|977.815,748.78|979.472,634.546|997.397,653.238|1073.87,672.067|1132.1,823.229|1036.38,920.565|992.95,880.583|954.584,829.863|991.55,853.568|960.911,653.715|890.396,668.074|780.214,719.002|866.291,724.365|929.679,701.271|995.68,690.717|941.978,735.227|1018.94,931.32|1051.47,1210.71|1027.02,1381.8|1035.22,1542.13|924.197,924.574|902.537,1200.82|908.562,1417.06|908.43,1571.89|980.722,592.82|970.262,575.55|985.468,552.17|1022.99,553.739|954.639,557.117|931.537,561.336
323|1|968.998,927.692|973.931,827.414|977.815,748.78|979.472,634.546|997.397,653.238|1073.87,672.067|1132.1,823.229|1036.38,920.565|992.95,880.583|954.584,829.863|991.55,853.568|960.911,653.715|890.396,668.074|780.214,719.002|866.291,724.365|929.679,701.271|995.68,690.717|941.978,735.227|1018.94,931.32|1051.47,1210.71|1027.02,1381.8|1035.22,1542.13|924.197,924.574|902.537,1200.82|908.562,1417.06|908.43,1571.89|980.722,592.82|970.262,575.55|985.468,552.17|1022.99,553.739|954.639,557.117|931.537,561.336
324|1|973.116,928.898|976.277,827.447|978.802,747.838|979.273,633.696|997.415,652.203|1074.12,670.278|1130.54,822.593|1036.96,923.016|992.411,884.314|952.493,834.948|982.708,867.965|960.897,653.036|890.376,667.697|778.988,721.126|867.56,730.969|929.026,702.106|988.742,697.624|943.074,742.869|1023.41,931.494|1060.32,1211.48|1037.6,1385.69|1046.47,1547.01|927.972,926.707|906.897,1204.19|916.791,1424.22|917.934,1580.38|980.057,591.992|970.256,574.599|991.464,555.105|1030.27,564.38|960.332,552.508|939.836,549.617
325|1|973.115,928.898|976.275,827.448|978.801,747.84|979.269,633.698|997.411,652.205|1074.12,670.278|1130.54,822.592|1036.96,923.014|992.411,884.314|952.491,834.95|982.705,867.969|960.894,653.039|890.373,667.701|778.989,721.126|867.57,730.975|929.046,702.121|988.771,697.645|943.091,742.884|1023.41,931.494|1060.32,1211.48|1037.61,1385.7|1046.48,1547.03|927.971,926.708|906.903,1204.19|916.797,1424.24|917.943,1580.4|980.053,591.994|970.201,574.614|991.409,555.108|1030.25,564.359|960.276,552.527|939.812,549.64
326|1|973.085,928.918|976.222,827.486|978.728,747.896|979.127,633.802|997.278,652.288|1073.98,670.321|1130.45,822.592|1036.9,922.943|992.335,884.266|952.281,834.953|982.413,868.12|960.766,653.148|890.257,667.825|778.974,721.131|867.846,731.255|929.711,702.843|989.759,698.663|943.482,743.581|1023.37,931.498|1060.6,1211.33|1038.08,1386.39|1047.2,1547.91|927.95,926.741|907.171,1204.13|917.094,1424.94|918.38,1581.26|979.886,592.116|967.792,575.274|988.877,555.193|1029.17,563.292|957.743,553.38|938.659,550.776
327|1|973.09,928.918|976.217,827.5|978.716,747.922|979.089,633.86|997.243,652.335|1073.94,670.362|1130.42,822.642|1036.83,922.911|992.268,884.214|952.134,834.904|982.147,868.275|960.733,653.208|890.229,667.879|779.037,721.03|868.211,731.437|930.486,703.494|990.862,699.668|944.027,744.273|1023.37,931.492|1060.86,1211.2|1038.48,1386.97|1047.79,1548.67|927.96,926.747|907.425,1204.06|917.35,1425.53|918.745,1582.01|979.839,592.186|966.518,575.792|987.45,555.311|1028.52,562.574|956.321,554.016|937.951,551.544
328|1|973.111,928.951|976.241,827.536|978.74,747.961|979.122,633.919|997.276,652.389|1073.98,670.417|1130.46,822.704|1036.87,922.917|992.305,884.223|952.123,834.933|981.913,868.692|960.762,653.268|890.245,667.915|779.169,720.927|868.728,731.696|931.411,704.236|992.106,700.857|944.716,744.878|1023.39,931.522|1061.18,1211.16|1038.92,1387.71|1048.44,1549.61|927.981,926.782|907.728,1204.08|917.63,1426.29|919.142,1582.93|979.88,592.254|965.622,575.996|986.309,555.156|1027.94,561.742|955.18,554.43|937.278,552.372
329|1|973.111,928.951|976.241,827.536|978.74,747.961|979.122,633.919|997.276,652.389|1073.98,670.417|1130.46,822.704|1036.87,922.917|992.305,884.223|952.123,834.933|981.913,868.692|960.762,653.268|890.245,667.915|779.169,720.927|868.728,731.696|931.411,704.236|992.106,700.857|944.716,744.878|1023.39,931.522|1061.18,1211.16|1038.92,1387.71|1048.44,1549.61|927.981,926.782|907.728,1204.08|917.63,1426.29|919.142,1582.93|979.88,592.254|965.622,575.996|986.309,555.156|1027.94,561.742|955.18,554.43|937.278,552.372
330|1|973.111,928.951|976.241,827.536|978.74,747.961|979.122,633.919|997.276,652.389|1073.98,670.417|1130.46,822.704|1036.87,922.917|992.305,884.223|952.123,834.933|981.913,868.692|960.762,653.268|890.245,667.915|779.169,720.927|868.728,731.696|931.411,704.236|992.106,700.857|944.716,744.878|1023.39,931.522|1061.18,1211.16|1038.92,1387.71|1048.44,1549.61|927.981,926.782|907.728,1204.08|917.63,1426.29|919.142,1582.93|979.88,592.254|965.622,575.996|986.309,555.156|1027.94,561.742|955.18,554.43|937.278,552.372
331|1|973.111,928.951|976.241,827.536|978.74,747.961|979.122,633.919|997.276,652.389|1073.98,670.417|1130.46,822.704|1036.87,922.917|992.305,884.223|952.123,834.933|981.913,868.692|960.762,653.268|890.245,667.915|779.169,720.927|868.728,731.696|931.411,704.236|992.106,700.857|944.716,744.878|1023.39,931.522|1061.18,1211.16|1038.92,1387.71|1048.44,1549.61|927.981,926.782|907.728,1204.08|917.63,1426.29|919.142,1582.93|979.88,592.254|965.622,575.996|986.309,555.156|1027.94,561.742|955.18,554.43|937.278,552.372
332|1|973.111,928.951|976.241,827.536|978.74,747.961|979.122,633.919|997.276,652.389|1073.98,670.417|1130.46,822.704|1036.87,922.917|992.305,884.223|952.123,834.933|981.913,868.692|960.762,653.268|890.245,667.915|779.169,720.927|868.728,731.696|931.411,704.236|992.106,700.857|944.716,744.878|1023.39,931.522|1061.18,1211.16|1038.92,1387.71|1048.44,1549.61|927.981,926.782|907.728,1204.08|917.63,1426.29|919.142,1582.93|979.88,592.254|965.622,575.996|986.309,555.156|1027.94,561.742|955.18,554.43|937.278,552.372
333|1|973.111,928.951|976.241,827.536|978.74,747.961|979.122,633.919|997.276,652.389|1073.98,670.417|1130.46,822.704|1036.87,922.917|992.305,884.223|952.123,834.933|981.913,868.692|960.762,653.268|890.245,667.915|779.169,720.927|868.728,731.696|931.411,704.236|992.106,700.857|944.716,744.878|1023.39,931.522|1061.18,1211.16|1038.92,1387.71|1048.44,1549.61|927.981,926.782|907.728,1204.08|917.63,1426.29|919.142,1582.93|979.88,592.254|965.622,575.996|986.309,555.156|1027.94,561.742|955.18,554.43|937.278,552.372
334|1|973.111,928.951|976.241,827.536|978.74,747.961|979.122,633.919|997.276,652.389|1073.98,670.417|1130.46,822.704|1036.87,922.917|992.305,884.223|952.123,834.933|981.913,868.692|960.762,653.268|890.245,667.915|779.169,720.927|868.728,731.696|931.411,704.236|992.106,700.857|944.716,744.878|1023.39,931.522|1061.18,1211.16|1038.92,1387.71|1048.44,1549.61|927.981,926.782|907.728,1204.08|917.63,1426.29|919.142,1582.93|979.88,592.254|965.622,575.996|986.309,555.156|1027.94,561.742|955.18,554.43|937.278,552.372
335|1|973.111,928.951|976.241,827.536|978.74,747.961|979.122,633.919|997.276,652.389|1073.98,670.417|1130.46,822.704|1036.87,922.917|992.305,884.223|952.123,834.933|981.913,868.692|960.762,653.268|890.245,667.915|779.169,720.927|868.728,731.696|931.411,704.236|992.106,700.857|944.716,744.878|1023.39,931.522|1061.18,1211.16|1038.92,1387.71|1048.44,1549.61|927.981,926.782|907.728,1204.08|917.63,1426.29|919.142,1582.93|979.88,592.254|965.622,575.996|986.309,555.156|1027.94,561.742|955.18,554.43|937.278,552.372
336|1|972.939,930.893|976.155,828.825|978.713,748.802|979.934,634.186|998.058,652.861|1075.08,671.985|1128.82,826.64|1031.48,924.872|987.701,884.172|948.867,832.689|975.396,872.119|961.315,653.535|890.342,668.098|779.79,719.491|872.439,732.672|936.68,716.015|987.697,726.591|946.146,744.542|1023.52,933.492|1064.09,1214.23|1041.07,1396.02|1051.71,1560.61|927.532,928.701|908.262,1207.37|918.647,1432.29|920.372,1590.99|981.048,592.311|969.318,575.276|986.083,552.191|1025.19,554.859|954.815,555.84|932.906,558.473
337|1|972.334,932.06|975.541,829.807|978.091,749.665|979.777,634.911|997.866,653.7|1074.66,674.524|1121.73,832.815|1023.47,934.502|978.309,892.638|938.704,838.15|972.488,868.474|961.045,654.193|889.829,668.289|777.911,719.376|870.572,733.209|938.566,720.307|997.656,726.294|941.905,743.859|1022.99,934.673|1064.44,1215.8|1041.89,1403.98|1052.56,1570.66|926.859,929.856|905.636,1209|916.061,1432|916.033,1590.87|981.034,592.994|968.066,576.603|985.994,553.808|1026.31,557.063|954.587,556.423|933.976,557.525
338|1|972.334,932.063|975.54,829.809|978.091,749.667|979.78,634.913|997.869,653.702|1074.66,674.532|1121.72,832.831|1023.44,934.514|978.283,892.645|938.68,838.152|972.464,868.48|961.048,654.194|889.83,668.287|777.912,719.372|870.581,733.211|938.588,720.323|997.704,726.301|941.92,743.872|1022.99,934.676|1064.44,1215.8|1041.89,1404.01|1052.56,1570.7|926.858,929.858|905.627,1209|916.05,1431.99|916.015,1590.86|981.039,592.995|968.072,576.596|986.001,553.803|1026.32,557.066|954.594,556.416|933.983,557.523
339|1|972.161,933.693|975.602,830.493|978.305,749.834|980.553,635.024|998.903,653.951|1077.38,674.345|1119.87,836.059|1018.9,935.153|975.769,896.378|938.639,848.099|980.242,863.226|961.38,654.325|888.836,668.609|775.457,722.968|871.723,734.362|935.077,719.449|989.274,704.712|945.703,741.305|1023.35,936.429|1069.61,1217.23|1043.57,1403.97|1056.12,1573.25|926.206,931.382|904.546,1210.76|915.083,1433.52|915.829,1594.9|981.988,593.083|968.247,577.886|986.447,554.066|1027.92,556.086|954.307,557.032|933.526,557.298
340|1|975.258,933.131|977.395,829.927|979.082,748.937|980.806,634.72|999.612,653.502|1079.75,673.719|1120.32,839.211|1014.39,936.045|972.552,898.595|936.856,852.959|980.083,863|961.357,654.137|887.361,668.648|771.642,725.092|871.747,732.911|938.823,725.356|982.255,727.891|943.8,739.088|1026.82,935.042|1076.41,1213.36|1050.14,1395.01|1064.77,1565.7|928.922,931.56|907.862,1208.94|921.229,1428.56|922.038,1591.92|982.028,592.995|967.388,576.719|986.39,552.573|1029.28,555.423|953.438,555.363|932.764,555.977
341|1|973.872,927.403|976.975,826.506|979.507,747.801|982.052,635.049|1001.35,653.733|1084.09,674.045|1116.73,845.53|1002.63,937.132|964.417,902.647|929.598,862.586|980.274,860.546|961.827,654.343|885.106,668.33|759.703,724.819|867.5,735.099|938.025,722.888|978.387,730.216|944.121,738.083|1025.47,929.369|1077.48,1201.09|1048.09,1370.02|1067.09,1541.94|927.406,925.779|912.791,1197.63|925.656,1405.95|925.501,1571.28|983.622,593.894|974.396,574.971|990.956,549.164|1030.62,551.287|956.746,554.39|929.792,558.903
342|1|973.822,927.444|976.899,826.597|979.41,747.936|981.891,635.268|1001.19,653.928|1083.89,674.228|1116.44,845.63|1002.35,937.083|964.149,902.59|929.361,862.525|980.054,860.499|961.687,654.558|885.008,668.557|759.751,724.904|867.926,735.379|939.079,723.732|981.526,729.941|945.204,738.686|1025.4,929.396|1077.57,1201.17|1047.92,1368.12|1066.85,1539.44|927.38,925.834|913.058,1197.76|926.046,1404.16|926.073,1569.01|983.435,594.149|972.841,576.718|989.688,550.579|1030.32,551.672|955.489,555.825|929.608,559.223
343|1|973.822,927.444|976.899,826.597|979.41,747.936|981.891,635.268|1001.19,653.928|1083.89,674.228|1116.44,845.63|1002.35,937.083|964.148,902.589|929.361,862.524|980.054,860.499|961.687,654.558|885.008,668.557|759.751,724.904|867.927,735.379|939.08,723.733|981.529,729.941|945.205,738.687|1025.4,929.396|1077.57,1201.17|1047.92,1368.12|1066.85,1539.44|927.38,925.834|913.058,1197.76|926.046,1404.15|926.074,1569.01|983.435,594.149|972.84,576.719|989.688,550.579|1030.32,551.673|955.488,555.826|929.608,559.223
344|1|980.349,926.007|980.619,826.192|980.721,748.375|981.352,636.573|1001.24,654.904|1085.33,673.626|1116.31,847.566|999.809,938.239|961.735,905.027|927.521,866.766|980.635,860.113|961.211,656.002|883.415,669.399|756.746,724.92|866.814,739.098|940.373,725.359|982.899,732.012|946.533,739.695|1032.11,927.287|1079.36,1198.88|1056.28,1354.71|1072.96,1524.49|933.896,925.005|915.638,1196.34|936.216,1389.01|934.927,1551.31|982.098,595.805|972.223,582.516|989.242,554.982|1029.95,553.208|954.381,560.256|927.407,560.341
345|1|980.927,913.282|980.913,817.949|980.86,744.349|981.216,638.086|1001.01,655.392|1084.43,674.717|1114.3,847.684|998.186,937.015|960.684,904.547|926.966,867.307|980.444,859.241|961.249,656.821|884.102,671.183|756.567,726.122|863.615,742.928|935.883,718.258|992.443,733.769|946.268,743.167|1031.36,914.051|1080.81,1175.09|1057.76,1323.32|1077.12,1487.51|935.597,912.73|922.19,1174.76|941.279,1353.08|941.089,1510.36|981.903,599.534|967.488,569.448|991.692,549.789|1037.02,566.917|957.055,547.559|937.156,553.304
346|1|980.92,913.289|980.898,817.97|980.839,744.382|981.162,638.147|1000.96,655.443|1084.38,674.739|1114.3,847.68|998.195,936.998|960.701,904.552|926.99,867.341|980.459,859.248|961.202,656.884|884.064,671.262|756.568,726.172|863.752,743.073|936.292,718.69|993.189,734.086|946.629,743.594|1031.35,914.053|1080.91,1175.14|1057.76,1322.64|1077.11,1486.57|935.595,912.742|922.319,1174.84|941.454,1352.32|941.352,1509.36|981.837,599.607|967.213,570.157|991.298,550.217|1036.74,566.708|956.641,548.188|936.789,553.629
347|1|980.92,913.289|980.898,817.97|980.839,744.382|981.162,638.147|1000.96,655.443|1084.38,674.739|1114.3,847.68|998.195,936.998|960.701,904.552|926.99,867.341|980.459,859.248|961.202,656.884|884.064,671.262|756.568,726.172|863.752,743.073|936.292,718.69|993.189,734.086|946.629,743.594|1031.35,914.053|1080.91,1175.14|1057.76,1322.64|1077.11,1486.57|935.595,912.742|922.319,1174.84|941.454,1352.32|941.352,1509.36|981.837,599.607|967.213,570.157|991.298,550.217|1036.74,566.708|956.641,548.188|936.789,553.629
348|1|985.596,899.872|984.292,809.862|983.065,745.014|982.43,639.429|1003,656.566|1088.99,674.668|1114.54,853.159|990.017,936.031|955.04,905.986|922.221,872.798|980.828,856.236|962.055,658.249|882.677,673.25|747.087,727.115|860.415,752.552|933.307,706.98|987.984,715.667|949.923,741.82|1035.75,900.253|1077.98,1156.78|1058.02,1288.69|1079.63,1450.34|940.564,899.667|927.709,1157.37|951.491,1313.47|948.659,1466.88|982.681,601.193|967.853,580.53|986.971,553.876|1032.27,557.373|951.013,558.734|927.161,563.53
349|1|985.597,899.873|984.292,809.863|983.066,745.015|982.431,639.432|1003,656.568|1088.99,674.67|1114.54,853.161|990.017,936.032|955.04,905.986|922.223,872.798|980.83,856.237|962.055,658.252|882.678,673.253|747.091,727.114|860.43,752.559|933.336,707.003|988.03,715.69|949.952,741.844|1035.75,900.253|1077.99,1156.79|1058.02,1288.63|1079.63,1450.27|940.565,899.668|927.72,1157.39|951.503,1313.4|948.678,1466.79|982.683,601.196|967.844,580.531|986.966,553.878|1032.27,557.379|951.009,558.734|927.165,563.529
350|1|985.597,899.873|984.292,809.863|983.066,745.015|982.431,639.432|1003,656.569|1088.99,674.671|1114.54,853.162|990.017,936.032|955.041,905.986|922.223,872.798|980.83,856.237|962.056,658.252|882.678,673.253|747.092,727.114|860.432,752.559|933.34,707.006|988.036,715.693|949.956,741.846|1035.75,900.253|1077.99,1156.79|1058.02,1288.63|1079.63,1450.27|940.565,899.668|927.721,1157.39|951.504,1313.39|948.68,1466.79|982.683,601.196|967.844,580.531|986.966,553.878|1032.27,557.38|951.008,558.734|927.166,563.529
351|1|985.597,899.873|984.292,809.863|983.066,745.015|982.431,639.432|1003,656.569|1088.99,674.671|1114.54,853.162|990.017,936.032|955.041,905.986|922.223,872.798|980.83,856.237|962.056,658.252|882.678,673.253|747.092,727.114|860.433,752.559|933.341,707.006|988.038,715.693|949.958,741.847|1035.75,900.253|1077.99,1156.79|1058.02,1288.63|1079.63,1450.26|940.565,899.668|927.721,1157.39|951.505,1313.39|948.681,1466.78|982.683,601.196|967.843,580.531|986.966,553.878|1032.27,557.38|951.008,558.734|927.166,563.529
352|1|985.597,899.873|984.292,809.863|983.066,745.015|982.431,639.432|1003,656.569|1088.99,674.671|1114.54,853.162|990.017,936.032|955.041,905.986|922.223,872.798|980.83,856.237|962.056,658.252|882.678,673.253|747.092,727.114|860.433,752.559|933.341,707.006|988.038,715.693|949.958,741.847|1035.75,900.253|1077.99,1156.79|1058.02,1288.63|1079.63,1450.26|940.565,899.668|927.721,1157.39|951.505,1313.39|948.681,1466.78|982.683,601.196|967.843,580.531|986.966,553.878|1032.27,557.38|951.008,558.734|927.166,563.529
353|1|985.597,899.873|984.292,809.863|983.066,745.015|982.431,639.432|1003,656.569|1088.99,674.671|1114.54,853.162|990.017,936.032|955.041,905.986|922.223,872.798|980.83,856.237|962.056,658.252|882.678,673.253|747.092,727.114|860.433,752.559|933.341,707.006|988.038,715.693|949.958,741.847|1035.75,900.253|1077.99,1156.79|1058.02,1288.63|1079.63,1450.26|940.565,899.668|927.721,1157.39|951.505,1313.39|948.681,1466.78|982.683,601.196|967.843,580.531|986.966,553.878|1032.27,557.38|951.008,558.734|927.166,563.529
354|1|985.597,899.873|984.292,809.863|983.066,745.015|982.431,639.432|1003,656.569|1088.99,674.671|1114.54,853.162|990.017,936.032|955.041,905.986|922.223,872.798|980.83,856.237|962.056,658.252|882.678,673.253|747.092,727.114|860.433,752.559|933.341,707.006|988.038,715.693|949.958,741.847|1035.75,900.253|1077.99,1156.79|1058.02,1288.63|1079.63,1450.26|940.565,899.668|927.721,1157.39|951.505,1313.39|948.681,1466.78|982.683,601.196|967.843,580.531|986.966,553.878|1032.27,557.38|951.008,558.734|927.166,563.529
355|1|985.597,899.873|984.292,809.863|983.066,745.015|982.431,639.432|1003,656.569|1088.99,674.671|1114.54,853.162|990.017,936.032|955.041,905.986|922.223,872.798|980.83,856.237|962.056,658.252|882.678,673.253|747.092,727.114|860.433,752.559|933.341,707.006|988.038,715.693|949.958,741.847|1035.75,900.253|1077.99,1156.79|1058.02,1288.63|1079.63,1450.26|940.565,899.668|927.721,1157.39|951.505,1313.39|948.681,1466.78|982.683,601.196|967.843,580.531|986.966,553.878|1032.27,557.38|951.008,558.734|927.166,563.529
356|1|985.597,899.873|984.292,809.863|983.066,745.015|982.431,639.432|1003,656.569|1088.99,674.671|1114.54,853.162|990.017,936.032|955.041,905.986|922.223,872.798|980.83,856.237|962.056,658.252|882.678,673.253|747.092,727.114|860.433,752.559|933.341,707.006|988.038,715.693|949.958,741.847|1035.75,900.253|1077.99,1156.79|1058.02,1288.63|1079.63,1450.26|940.565,899.668|927.721,1157.39|951.505,1313.39|948.681,1466.78|982.683,601.196|967.843,580.531|986.966,553.878|1032.27,557.38|951.008,558.734|927.166,563.529
357|1|985.597,899.873|984.292,809.863|983.066,745.015|982.431,639.432|1003,656.569|1088.99,674.671|1114.54,853.162|990.017,936.032|955.04,905.986|922.223,872.798|980.83,856.237|962.056,658.252|882.678,673.253|747.092,727.113|860.433,752.56|933.342,707.007|988.04,715.694|949.959,741.848|1035.75,900.253|1077.99,1156.79|1058.02,1288.63|1079.63,1450.26|940.565,899.668|927.722,1157.39|951.505,1313.39|948.682,1466.78|982.683,601.196|967.842,580.531|986.965,553.878|1032.27,557.38|951.007,558.734|927.166,563.529
358|1|985.597,899.873|984.292,809.863|983.066,745.015|982.431,639.432|1003,656.569|1088.99,674.671|1114.54,853.162|990.017,936.032|955.04,905.986|922.223,872.798|980.83,856.237|962.056,658.252|882.678,673.253|747.092,727.113|860.433,752.56|933.342,707.007|988.04,715.694|949.959,741.848|1035.75,900.253|1077.99,1156.79|1058.02,1288.63|1079.63,1450.26|940.565,899.668|927.722,1157.39|951.505,1313.39|948.682,1466.78|982.683,601.196|967.842,580.531|986.965,553.878|1032.27,557.38|951.007,558.734|927.166,563.529
359|1|979.49,891.354|980.551,804.569|981.42,742.675|981.671,638.945|1002.3,655.833|1089.36,673.608|1114.8,854.443|986.007,933.019|951.36,903.513|920.076,871.505|980.551,853.3|960.909,657.483|880.603,672.709|744.027,728.142|861.813,751.752|943.719,723.504|960.717,725.586|953.694,737.06|1029.38,892.439|1077.27,1149.67|1051.52,1263.57|1073.73,1417.07|934.61,890.512|929.166,1150.91|948.954,1288.28|949.196,1434.82|982.332,601.476|966.467,583.894|984.831,555.455|1030.92,555.399|948.485,561.779|924.513,565.483
360|1|979.49,891.354|980.551,804.569|981.42,742.674|981.671,638.944|1002.3,655.831|1089.36,673.607|1114.8,854.442|986.004,933.013|951.358,903.506|920.076,871.495|980.551,853.293|960.908,657.482|880.603,672.708|744.028,728.138|861.817,751.749|943.724,723.508|960.733,725.583|953.704,737.061|1029.38,892.439|1077.27,1149.67|1051.52,1263.52|1073.72,1417.01|934.61,890.512|929.169,1150.92|948.957,1288.23|949.201,1434.76|982.332,601.474|966.461,583.872|984.83,555.439|1030.92,555.401|948.484,561.759|924.518,565.474
361|1|979.49,891.354|980.551,804.569|981.42,742.674|981.671,638.944|1002.3,655.831|1089.36,673.607|1114.8,854.442|986.004,933.013|951.358,903.506|920.076,871.495|980.551,853.293|960.908,657.482|880.603,672.708|744.028,728.138|861.817,751.749|943.724,723.508|960.733,725.583|953.704,737.061|1029.38,892.439|1077.27,1149.67|1051.52,1263.52|1073.72,1417.01|934.61,890.512|929.169,1150.92|948.957,1288.23|949.201,1434.76|982.332,601.474|966.461,583.872|984.83,555.439|1030.92,555.401|948.484,561.759|924.518,565.474
362|1|979.49,891.354|980.551,804.569|981.42,742.674|981.671,638.944|1002.3,655.831|1089.36,673.607|1114.8,854.442|986.004,933.013|951.358,903.506|920.076,871.495|980.551,853.293|960.908,657.482|880.603,672.708|744.028,728.138|861.817,751.749|943.724,723.508|960.733,725.583|953.704,737.061|1029.38,892.439|1077.27,1149.67|1051.52,1263.52|1073.72,1417.01|934.61,890.512|929.169,1150.92|948.957,1288.23|949.201,1434.76|982.332,601.474|966.461,583.872|984.83,555.439|1030.92,555.401|948.484,561.759|924.518,565.474
363|1|979.49,891.354|980.551,804.569|981.42,742.674|981.671,638.944|1002.3,655.831|1089.36,673.607|1114.8,854.442|986.004,933.013|951.358,903.506|920.076,871.495|980.551,853.293|960.908,657.482|880.603,672.708|744.028,728.138|861.817,751.749|943.724,723.508|960.733,725.583|953.704,737.061|1029.38,892.439|1077.27,1149.67|1051.52,1263.52|1073.72,1417.01|934.61,890.512|929.169,1150.92|948.957,1288.23|949.201,1434.76|982.332,601.474|966.461,583.872|984.83,555.439|1030.92,555.401|948.484,561.759|924.518,565.474
364|1|979.472,891.358|980.53,804.548|981.398,742.627|981.644,638.835|1002.28,655.731|1089.37,673.503|1114.81,854.429|985.641,932.592|951.116,902.838|919.963,870.542|980.447,852.664|960.877,657.385|880.548,672.616|743.985,727.858|862.033,751.533|944.106,724.291|962.495,725.483|954.448,737.293|1029.38,892.442|1077.27,1150.51|1050.75,1259.29|1072.42,1411.02|934.579,890.518|929.398,1151.71|949.149,1283.7|949.614,1428.57|982.305,601.339|965.782,582.182|984.754,554.308|1031.46,555.809|948.356,560.122|925.066,564.503
365|1|979.46,891.364|980.514,804.542|981.377,742.609|981.608,638.788|1002.25,655.689|1089.35,673.472|1114.78,854.456|985.533,932.576|950.955,902.718|919.743,870.291|980.313,852.517|960.841,657.344|880.501,672.576|743.882,727.755|861.9,751.42|944.013,724.282|962.572,725.363|954.207,737.26|1029.37,892.446|1077.26,1150.77|1050.53,1258.12|1072.05,1409.37|934.561,890.525|929.459,1151.95|949.207,1282.44|949.746,1426.84|982.261,601.28|965.566,581.931|984.688,554.151|1031.56,555.901|948.275,559.84|925.158,564.24
366|1|979.457,891.365|980.511,804.541|981.373,742.607|981.604,638.782|1002.25,655.683|1089.35,673.468|1114.77,854.458|985.503,932.553|950.936,902.684|919.737,870.248|980.308,852.494|960.836,657.339|880.495,672.57|743.873,727.744|861.89,751.402|944.008,724.286|962.607,725.342|954.187,737.253|1029.37,892.447|1077.26,1150.81|1050.49,1257.88|1071.98,1409.04|934.558,890.526|929.473,1151.99|949.218,1282.18|949.772,1426.49|982.256,601.272|965.531,581.908|984.682,554.142|1031.58,555.927|948.266,559.805|925.18,564.192
367|1|979.327,891.612|980.373,804.727|981.223,742.733|981.449,638.766|1002.11,655.699|1089.27,673.586|1114.25,854.818|983.617,930.89|949.688,900.347|919.324,867.249|980.005,850.683|960.666,657.339|880.248,672.494|743.367,727.411|861.282,751.049|943.67,725.134|964.468,725.309|953.343,737.773|1029.28,892.698|1077.17,1153.01|1049.2,1250.72|1069.17,1398.49|934.394,890.77|929.672,1154.04|949.107,1274.35|950.441,1415.32|982.093,601.198|963.918,581.644|984.695,554.567|1033.09,557.954|948.114,558.719|926.656,561.757
368|1|979.237,891.78|980.27,804.866|981.109,742.841|981.326,638.807|1002,655.75|1089.18,673.599|1114.31,854.836|983.505,930.761|949.613,899.853|919.412,866.256|980.192,849.877|960.538,657.393|880.08,672.496|743.12,727.209|861.203,750.862|943.548,725.194|966.336,725.262|952.78,738.522|1029.21,892.861|1077.11,1154.48|1048.52,1246.37|1067.32,1391.82|934.287,890.943|929.772,1155.42|948.896,1269.39|950.826,1408|981.967,601.213|963.001,582.065|984.247,555.053|1033.3,558.519|947.644,558.842|926.931,561.217
369|1|979.177,893.083|980.002,808.168|980.595,746.121|980.878,640.788|1001.52,658.026|1088.55,674.42|1114.32,854.82|983.249,930.023|948.175,900.233|917.139,867.929|980.281,847.883|960.111,659.473|879.412,672.051|740.569,729.001|858.884,750.76|930.898,722.94|950.526,730.809|941.111,734.504|1029.03,894.244|1074.96,1160.81|1048.48,1246.66|1064.26,1387.87|934.353,892.173|930.287,1160.89|949.256,1269.03|951.14,1403.05|981.493,602.68|969.868,564.917|986.165,541.371|1028.47,554.046|950.397,548.577|922.965,568.716
