1|1|980.425,896.144|976.376,805.031|974.738,739.7|978.936,638.425|994.579,656.219|1064.05,671.498|1129.07,805.652|1084.79,846.401|1039.17,880.874|976.347,897.591|1022.09,850.009|961.794,652.595|900.199,655.508|802.883,713.097|872.591,716.218|904.338,707.42|971.141,727.576|943.342,718.11|1035.73,900.938|1123.53,1019.73|1116.39,1476.75|1191.52,1731.32|929.925,891.935|912.223,962.88|903.007,1422.9|908.978,1642.14|981.492,601.147|977.759,562.52|993.149,550.978|1023.06,572.87|966.719,550.68|944.297,568.121
2|1|972.476,910.006|971.579,814.374|972.258,745.596|979.694,635.862|995.862,655.134|1067.96,674.747|1137.06,812.821|1064.47,875.598|1022.87,895.505|990.643,868.186|1013.19,858.159|961.055,651.218|895.559,656.431|790.971,713.866|873.887,718.027|912.768,708.626|983.353,721.809|947.987,720.354|1032.04,916.129|1126.56,1033.26|1098.48,1537.33|1175.62,1857.34|918.266,904.63|901.45,946.449|876.202,1449.47|877.44,1703.48|983.22,595.749|977.802,567.739|990.784,549.528|1022.26,559.398|962.776,553.709|938.278,566.529
3|1|972.15,911.233|971.382,815.238|972.175,746.152|980.005,635.865|996.166,655.275|1068.36,675.844|1135.4,814.268|1063.09,879.513|1022.94,898.587|984.875,874.334|1013.06,861.077|961.25,651.259|895.516,656.511|790.329,713.984|873.966,718.586|913.404,709.069|985.475,721.834|948.849,719.006|1031.94,917.441|1124.31,1035.29|1095.53,1542.81|1170.91,1868.08|917.74,905.781|898.397,945.345|871.692,1452.76|869.274,1708.4|983.672,595.57|976.735,567.798|993.32,551.084|1027.1,564.367|964.856,551.732|942.901,560.773
4|1|971.136,914.866|971.186,817.9|972.54,747.993|980.579,635.677|996.955,655.346|1069.69,676.91|1142.31,814.016|1063.73,886.82|1026,901.517|970.503,886.466|1001.76,862.839|961.557,651.459|894.9,657.642|786.932,713.714|872.498,718.375|913.283,707.807|988.742,721.73|947.527,719.438|1031.92,921.294|1121.43,1035.94|1089.34,1553.23|1161.8,1894.95|915.884,909.228|894.388,938.392|865.064,1456.24|858.099,1719.55|984.258,594.693|980.571,567.213|988.232,546.714|1016.36,551.119|961.201,556.093|933.732,573.945
5|1|971.136,914.869|971.19,817.901|972.546,747.993|980.594,635.675|996.969,655.346|1069.7,676.918|1142.31,814.056|1063.7,886.829|1025.94,901.506|970.634,886.336|1001.7,862.802|961.571,651.456|894.913,657.635|786.946,713.706|872.521,718.369|913.314,707.801|988.784,721.726|947.554,719.419|1031.92,921.3|1121.42,1035.96|1089.31,1553.25|1161.76,1895|915.884,909.229|894.382,938.378|865.036,1456.25|858.055,1719.56|984.276,594.692|980.615,567.216|988.37,546.739|1016.53,551.231|961.302,556.022|933.825,573.763
6|1|971.141,914.936|971.219,817.944|972.596,748.02|980.725,635.687|997.089,655.374|1069.81,677.028|1142.24,814.381|1063.49,887.04|1025.57,901.512|971.967,885.442|1001.22,862.634|961.688,651.457|895.02,657.595|787.03,713.627|872.652,718.345|913.488,707.797|989,721.76|947.675,719.397|1031.94,921.389|1121.38,1036.12|1089.11,1553.56|1161.44,1895.59|915.881,909.275|894.338,938.298|864.796,1456.4|857.674,1719.75|984.437,594.699|980.925,567.254|989.481,546.976|1018.01,552.213|962.111,555.455|934.63,572.263
7|1|971.138,914.964|971.227,817.964|972.611,748.034|980.776,635.697|997.134,655.39|1069.85,677.089|1142.16,814.528|1063.38,887.159|1025.39,901.529|972.725,885.044|1000.98,862.58|961.733,651.461|895.062,657.58|787.067,713.593|872.72,718.33|913.583,707.787|989.124,721.757|947.765,719.35|1031.94,921.427|1121.36,1036.17|1089.02,1553.68|1161.3,1895.81|915.876,909.295|894.316,938.255|864.692,1456.44|857.507,1719.81|984.502,594.707|981.019,567.267|989.957,547.094|1018.68,552.69|962.454,555.195|935.012,571.576
8|1|963.772,908.316|971.025,815.496|975.851,753.603|982.16,638.897|999.696,658.364|1076.65,676.443|1142.47,826.655|1053.5,903.28|1004.85,900.732|957.021,883.069|990.587,859.081|962.611,655.399|893.201,659.378|778.356,721.94|872.36,717.906|914.683,708.226|997.367,725.029|945.68,718.575|1030.53,914.379|1118.15,985.36|1081.96,1558|1129.74,1993.4|903.928,903.125|850.443,908.875|820.286,1486.42|789.403,1834.61|984.92,597.106|975.966,566.254|991.651,547.909|1027.52,560.507|961.898,551.116|939.203,564.464
9|1|963.646,908.614|970.903,815.555|975.733,753.492|982.178,638.448|999.734,657.994|1076.85,676.567|1141.29,827.137|1052.67,904.159|1003.36,900.898|982.41,887.307|989.374,859.294|962.566,654.977|892.981,658.933|777.68,721.58|872.121,717.827|914.779,708.013|997.698,724.368|945.827,717.719|1030.59,914.706|1114.46,977.384|1082.99,1559.78|1133.79,2001.17|903.625,903.397|845.533,903.718|810.712,1486.72|771.542,1834.83|984.993,596.543|974.963,567.759|994.782,551.096|1032.59,566.912|964.822,549.795|944.99,557.146
10|1|962.46,908.224|970.303,815.79|975.464,754.592|983.379,638.243|1001.05,658.142|1079.32,678.648|1137.95,832.603|1049.65,908.107|997.789,902.343|996.073,892.542|988.042,859.926|963.219,654.752|892.029,658.548|772.553,723.811|870.908,718.145|914.911,706.9|999.696,724.874|946.037,716.233|1031.36,914.532|1108,952.564|1075.58,1562.16|1128.49,2034.62|900.736,902.831|832.542,883.321|788.534,1486.87|730.631,1852.16|986.658,595.908|978.633,568.028|995.058,548.699|1031.1,559.913|964.554,551.214|940.848,561.329
11|1|962.538,899.53|970.163,811.462|975.051,754.905|983.72,640.822|1001.86,660.496|1082.46,684.365|1132.71,843.571|1044.75,913.487|992.437,905.76|1009.25,897.766|982.25,860.185|962.883,656.554|888.82,659.131|759.716,726.566|868.442,721.959|915.784,702.714|1001.12,717.832|946.902,719.848|1035.86,906.492|1109.05,915.73|1079.18,1585.88|0,0|896.865,893.585|822.954,845.951|772.108,1503.1|695.948,1945.87|987.26,599.257|975.759,567.027|994.882,549.042|1034.48,564.783|963.652,549.938|942.86,561.511
12|1|962.464,899.579|970.067,811.471|974.943,754.876|983.617,640.723|1001.76,660.416|1082.37,684.424|1132.28,843.542|1044.54,913.725|992.174,905.917|1009.17,898.326|981.94,860.443|962.774,656.457|888.701,659.017|759.575,726.35|868.511,721.902|915.981,702.712|1001.37,718.024|946.842,719.94|1035.81,906.548|1108.77,913.733|1080.49,1586.16|0,0|896.765,893.628|823.097,844.372|770.738,1502.36|693.125,1944.59|987.165,599.135|976.681,567.516|994.433,548.708|1033,562.705|963.207,550.901|940.985,563.264
13|1|962.464,899.579|970.067,811.471|974.943,754.876|983.617,640.723|1001.76,660.415|1082.37,684.424|1132.28,843.542|1044.54,913.725|992.174,905.918|1009.17,898.327|981.94,860.444|962.774,656.457|888.701,659.017|759.575,726.35|868.512,721.901|915.982,702.712|1001.38,718.024|946.843,719.94|1035.81,906.548|1108.77,913.729|1080.49,1586.16|0,0|896.765,893.628|823.098,844.37|770.736,1502.36|693.121,1944.59|987.165,599.134|976.681,567.516|994.432,548.708|1033,562.704|963.206,550.901|940.984,563.264
14|1|961.429,899.818|969.035,811.592|973.898,755.123|983.068,640.258|1001.27,660.134|1082.22,685.462|1130.83,845.568|1042.46,915.288|989.419,906.803|1001.67,898.761|980.838,861.158|962.012,656.005|887.39,658.587|757.731,726.791|868.89,721.747|923.079,701.014|998.339,716.005|947.967,721.982|1035.57,906.936|1105.65,899.921|1082.67,1591.55|0,0|895.003,893.738|824.042,832.557|762.19,1502.67|670.119,1948.64|986.793,598.44|976.385,567.75|993.757,548.229|1032.33,561|962.311,550.986|939.582,563.095
15|1|961.432,899.828|969.031,811.61|973.889,755.151|983.051,640.292|1001.26,660.169|1082.2,685.509|1130.75,845.603|1042.43,915.335|989.381,906.844|1001.66,898.817|980.797,861.213|961.997,656.037|887.383,658.616|757.77,726.795|869.05,721.721|923.363,700.983|998.789,716.147|948.262,721.98|1035.57,906.946|1105.64,899.651|1082.87,1591.38|0,0|895.006,893.748|824.096,832.335|762.091,1502.37|669.889,1947.95|986.775,598.477|976.325,567.87|993.751,548.35|1032.37,561.117|962.301,551.057|939.627,563.053
16|1|961.433,899.829|969.03,811.614|973.888,755.156|983.047,640.299|1001.25,660.175|1082.2,685.518|1130.74,845.609|1042.43,915.349|989.375,906.857|1001.66,898.836|980.789,861.23|961.994,656.043|887.382,658.622|757.777,726.797|869.08,721.718|923.42,700.977|998.877,716.185|948.31,721.992|1035.57,906.947|1105.64,899.583|1082.92,1591.34|0,0|895.007,893.749|824.108,832.279|762.063,1502.3|669.827,1947.78|986.771,598.484|976.31,567.896|993.75,548.378|1032.38,561.143|962.299,551.072|939.639,563.041
17|1|961.433,899.829|969.03,811.614|973.888,755.156|983.047,640.299|1001.25,660.175|1082.2,685.518|1130.74,845.609|1042.43,915.349|989.375,906.857|1001.66,898.836|980.789,861.23|961.994,656.043|887.382,658.622|757.777,726.797|869.08,721.718|923.42,700.977|998.877,716.185|948.31,721.992|1035.57,906.947|1105.64,899.583|1082.92,1591.34|0,0|895.007,893.749|824.108,832.279|762.063,1502.3|669.827,1947.78|986.771,598.484|976.31,567.896|993.75,548.378|1032.38,561.143|962.299,551.072|939.639,563.041
18|1|961.433,899.829|969.03,811.614|973.888,755.156|983.047,640.299|1001.25,660.175|1082.2,685.518|1130.74,845.609|1042.43,915.349|989.375,906.857|1001.66,898.836|980.789,861.23|961.994,656.043|887.382,658.622|757.777,726.797|869.08,721.718|923.42,700.977|998.877,716.185|948.31,721.992|1035.57,906.947|1105.64,899.583|1082.92,1591.34|0,0|895.007,893.749|824.108,832.279|762.063,1502.3|669.827,1947.78|986.771,598.484|976.31,567.896|993.75,548.378|1032.38,561.143|962.299,551.072|939.639,563.041
19|1|961.767,889.138|969.439,806.23|974.197,754.32|982.995,639.456|1001.67,658.884|1083.26,686.176|1130.04,847.439|1041.61,917.959|984.765,906.251|1000.19,900.054|980.443,860.865|961.654,655.558|885.655,658.788|755.247,727.558|866.901,723.272|934.917,701.114|989.842,693.057|951.159,734.624|1038.47,891.878|1089.82,856.443|1088.53,1582.79|0,0|893.257,887.005|798.658,810.761|742.407,1506.22|612.794,1991.81|986.329,597.609|976.63,570.977|993.113,549.478|1031.32,558.319|961.211,553.368|937.043,563.294
20|1|961.767,889.155|969.435,806.251|974.192,754.345|982.992,639.483|1001.67,658.912|1083.26,686.216|1130.02,847.483|1041.59,917.998|984.769,906.305|999.247,899.741|980.459,860.923|961.651,655.582|885.656,658.804|755.259,727.51|867.02,723.243|935.329,701.299|990.717,692.858|951.28,734.737|1038.47,891.896|1089.69,855.901|1088.71,1582.35|0,0|893.256,887.02|798.577,810.474|741.976,1505.8|611.847,1990.84|986.327,597.637|976.171,570.958|993.133,549.656|1031.8,558.942|961.188,553.133|937.537,562.678
21|1|961.767,889.155|969.435,806.251|974.192,754.345|982.992,639.483|1001.67,658.912|1083.26,686.216|1130.02,847.483|1041.59,917.998|984.769,906.305|999.247,899.741|980.459,860.923|961.651,655.582|885.656,658.804|755.259,727.51|867.02,723.243|935.329,701.299|990.717,692.858|951.28,734.737|1038.47,891.896|1089.69,855.901|1088.71,1582.35|0,0|893.256,887.02|798.577,810.474|741.976,1505.8|611.847,1990.84|986.327,597.637|976.171,570.958|993.133,549.656|1031.8,558.942|961.188,553.133|937.537,562.678
22|1|961.767,889.155|969.435,806.251|974.192,754.346|982.991,639.484|1001.67,658.913|1083.26,686.217|1130.02,847.483|1041.59,917.999|984.768,906.306|999.244,899.74|980.459,860.923|961.65,655.583|885.656,658.805|755.259,727.51|867.022,723.243|935.333,701.302|990.725,692.857|951.281,734.739|1038.47,891.897|1089.69,855.896|1088.71,1582.34|0,0|893.256,887.02|798.577,810.472|741.973,1505.79|611.839,1990.83|986.327,597.638|976.169,570.959|993.133,549.658|1031.8,558.945|961.188,553.133|937.538,562.677
23|1|961.767,889.155|969.435,806.251|974.192,754.346|982.991,639.484|1001.67,658.913|1083.26,686.217|1130.02,847.483|1041.59,917.999|984.768,906.306|999.244,899.74|980.459,860.923|961.65,655.583|885.656,658.805|755.259,727.51|867.022,723.243|935.333,701.302|990.725,692.857|951.281,734.739|1038.47,891.897|1089.69,855.896|1088.71,1582.34|0,0|893.256,887.02|798.577,810.472|741.973,1505.79|611.839,1990.83|986.327,597.638|976.169,570.959|993.133,549.658|1031.8,558.945|961.188,553.133|937.538,562.677
24|1|963.642,891.678|970.919,809.721|975.175,755.528|982.317,641.234|1001.53,660.143|1084.33,686.875|1129.34,851.04|1042.18,919.109|985.592,908.835|999.197,899.063|980.436,862.193|960.984,657.583|884.184,660.071|754.89,725.644|863.205,722.835|938.976,705.566|992.703,716.085|955.053,734.271|1041.89,890.539|1069.71,820.737|1092.18,1561.56|0,0|893.867,893.02|776.328,801.632|726.477,1509.2|562.013,2001.21|984.971,599.575|976.302,564.299|989.158,543.541|1025.29,554.706|957.812,550.962|931.49,571.168
25|1|963.649,891.682|970.929,809.732|975.187,755.547|982.341,641.26|1001.55,660.17|1084.35,686.911|1129.34,851.075|1042.18,919.139|985.594,908.86|998.816,898.941|980.443,862.22|961.006,657.606|884.209,660.084|754.924,725.638|863.261,722.824|939.064,705.563|992.941,715.981|955.136,734.268|1041.89,890.548|1069.67,820.568|1092.17,1561.31|0,0|893.877,893.021|776.315,801.547|726.321,1508.99|561.679,2000.69|984.999,599.603|976.271,564.468|989.319,543.727|1025.58,554.961|957.924,550.979|931.693,570.891
26|1|963.649,891.682|970.929,809.732|975.187,755.547|982.341,641.26|1001.55,660.17|1084.35,686.911|1129.34,851.075|1042.18,919.139|985.594,908.86|998.816,898.941|980.443,862.22|961.006,657.606|884.209,660.084|754.924,725.638|863.261,722.824|939.064,705.563|992.941,715.981|955.136,734.268|1041.89,890.548|1069.67,820.568|1092.17,1561.31|0,0|893.877,893.021|776.315,801.547|726.321,1508.99|561.679,2000.69|984.999,599.603|976.271,564.468|989.319,543.727|1025.58,554.961|957.924,550.979|931.693,570.891
27|1|963.691,891.71|970.986,809.846|975.257,755.738|982.5,641.533|1001.68,660.45|1084.44,687.272|1129.18,851.331|1042.2,919.522|985.595,909.169|994.879,897.845|980.441,862.56|961.16,657.846|884.4,660.231|755.143,725.458|863.686,722.613|939.79,705.274|995.319,714.689|955.878,733.944|1041.9,890.604|1069.25,818.806|1092.09,1558.43|0,0|893.949,893.023|776.194,800.678|724.881,1506.77|558.61,1994.85|985.192,599.903|975.446,566.134|990.699,545.722|1028.57,557.938|958.852,551.035|934.015,567.824
28|1|963.694,891.706|970.992,809.859|975.265,755.766|982.528,641.579|1001.71,660.498|1084.45,687.341|1129.13,851.367|1042.2,919.561|985.587,909.188|994.059,897.569|980.449,862.588|961.188,657.884|884.437,660.242|755.186,725.324|863.832,722.466|940.043,705.087|996.107,714.18|956.128,733.762|1041.9,890.609|1069.13,818.26|1092.08,1557.59|0,0|893.958,893.011|776.139,800.408|724.408,1506.15|557.596,1993.24|985.229,599.956|974.792,566.542|991.137,546.424|1029.88,559.354|959.134,550.778|935.181,566.299
29|1|963.694,891.706|970.992,809.859|975.265,755.766|982.528,641.579|1001.71,660.499|1084.45,687.342|1129.13,851.367|1042.2,919.562|985.587,909.189|994.065,897.573|980.449,862.589|961.188,657.884|884.437,660.242|755.185,725.322|863.832,722.465|940.044,705.085|996.11,714.176|956.129,733.76|1041.9,890.609|1069.13,818.257|1092.08,1557.59|0,0|893.958,893.011|776.138,800.406|724.405,1506.15|557.59,1993.23|985.229,599.956|974.788,566.544|991.139,546.428|1029.88,559.362|959.135,550.776|935.187,566.29
30|1|963.654,891.7|970.956,809.853|975.233,755.761|982.563,641.572|1001.73,660.507|1084.47,687.441|1129.09,851.261|1042.37,919.842|985.757,909.446|998.032,899.49|980.725,862.939|961.212,657.862|884.454,660.12|754.952,724.448|863.727,721.712|940.018,703.669|997.902,711.594|956.372,732.17|1041.87,890.622|1068.78,816.694|1092.09,1555.66|0,0|893.912,892.987|775.836,799.651|722.816,1504.92|554.099,1990.08|985.291,599.949|974.527,567.395|992.312,547.694|1031.79,561.533|960.125,550.56|936.996,563.917
31|1|954.475,895.064|964.71,817.917|972.09,762.406|981.453,641.606|999.73,662.284|1080.17,688.919|1134.22,848.346|1032.2,911.219|984.467,900.261|990.345,892.594|974.196,854.233|960.265,658.551|887.202,661.193|757.93,719.875|857.214,721.14|927.797,690.368|991.017,696.091|944.097,716.387|1028.09,906.609|1069.43,818.826|1088.74,1470.33|1212.7,1906.53|888.597,885.028|770.798,690.89|642.147,1003.51|530.082,894.4|985.172,597.856|981.57,567.646|990.508,545.15|1021.33,550.701|960.428,554.935|930.144,574.012
32|1|954.483,895.03|964.727,817.906|972.113,762.411|981.506,641.64|999.775,662.32|1080.19,688.973|1134.13,848.451|1032.06,911.113|984.326,900.136|990.285,892.427|974.04,854.054|960.318,658.574|887.273,661.188|758.046,719.747|857.427,720.983|928.104,690.251|991.477,695.857|944.412,716.201|1028.08,906.583|1069.48,818.773|1088.7,1469.95|1212.59,1905.64|888.621,884.986|770.867,690.805|642.223,1003.03|530.276,893.516|985.238,597.9|981.761,567.766|990.916,545.319|1021.78,551.049|960.756,554.861|930.416,573.611
33|1|945.827,903.479|960.926,821.562|971.242,764.387|982.288,641.434|1000.01,662.958|1080.51,685.892|1133.86,844.873|1031.69,909.634|985.11,898.898|988.999,892.01|970.96,851.538|961.054,658.395|890.833,657.94|761.069,713.475|862.058,718.324|923.731,672.207|1000.32,689.148|947.064,712.867|1017.41,916.606|1087.31,804.786|1055.1,1388.96|1136,1756.77|881.96,892.049|809.334,691.77|710.05,1099.49|591.219,1154.02|986.839,596.974|980.66,569.669|996.622,548.887|1032.21,558.844|964.984,552.14|938.529,562.099
34|1|948.856,908.608|961.995,823.238|970.841,764.799|983.537,636.413|1000.94,659.002|1079.35,685.531|1136.64,847.417|1023.53,915.418|983.543,903.995|985.157,902.179|965.029,856.804|962.045,654.58|892.388,658.891|764.317,706.59|864.497,713.886|923.626,664.89|1004.34,690.141|947.369,709.187|1018.54,919.359|1092.64,792.345|1056.1,1321.88|1119.69,1646.46|886.584,899.269|823.907,702.964|748.254,1130.17|655.076,1257.86|988.702,589.953|978.474,579.732|996.072,554.9|1035.26,553.695|963.742,557.724|940.148,554.1
35|1|952.862,910.688|964.773,825.158|972.859,766.307|983.335,637.176|1001.16,659.595|1080.29,682.905|1142.02,854.625|1017.13,918.573|981.297,930.009|963.267,899.186|977.947,884.029|962.102,655.729|892.831,660.131|765.541,703.207|867.844,707.997|926.661,658.158|1007.62,687.606|949.578,702.304|1023.01,920.999|1092.85,772.11|1071.29,1289.62|1131.1,1591.66|890.147,901.74|807.067,691.389|677.598,934.417|548.859,827.046|987.797,590.475|980.584,576.669|997.832,552.603|1035.04,554.063|965.373,555.186|939.456,553.992
36|1|954.565,916.507|965.726,829.207|973.31,769.187|982.819,637.669|1001.15,660.286|1081.94,682.702|1144.61,857.647|1022.7,922.639|980.526,935.578|958.948,900.468|979.114,888.456|961.388,656.733|890.962,662.174|760.644,703.868|864.869,703.592|927.675,653.528|1009.58,684.554|947.16,691.27|1026.46,926.498|1104.18,750.845|1080.73,1264.96|1149.54,1570.38|890.264,907.856|810.62,677.944|733.723,1063.65|620.484,1123.78|986.914,590.165|983.259,574.036|1000.3,550.174|1035.55,553.478|967.269,552.43|938.252,552.482
37|1|956.888,932.012|966.622,838.359|973.418,770.453|982.445,637.625|1000.98,660.287|1082.28,684.085|1145.19,859.635|1034.49,920.432|985.609,937.866|951.276,896.137|981.53,896.063|960.996,657.216|889.583,665.588|757.225,705.589|855.716,685.735|930.109,655.944|1012.43,670.155|943.551,692.232|1028.36,939.645|1100.2,758.662|1081.14,1260.94|1154.89,1542.38|892.94,925.464|814.786,706.837|761.634,1148.02|664.007,1279.87|986.208,589.603|978.48,576.237|996.685,551.67|1035.12,553.228|963.364,553.781|937.338,551.515
38|1|960.716,943.658|968.332,845.833|974.909,773.523|981.286,640.77|1000.05,663.122|1081.84,685.738|1147.46,858.208|1038.71,909.145|991.198,935.045|951.411,895.475|981.871,896.566|960.381,660.81|891.707,671.273|757.362,703.926|859.408,675.866|932.512,648.932|1016.44,670.504|945.366,683.605|1030.06,954.237|1088.69,791.62|1093.14,1293.31|1184.86,1556.65|898.303,934.404|787.524,701.577|684.372,967.384|572.676,876.552|984.333,592.757|991.11,572.454|1005.31,549.336|1032.82,555.165|972.617,551.847|935.504,555.312
39|1|960.729,943.656|968.345,845.82|974.924,773.504|981.313,640.746|1000.07,663.101|1081.87,685.728|1147.46,858.215|1038.65,908.96|990.677,934.088|952.059,893.827|982.194,895.095|960.405,660.784|891.734,671.234|757.408,703.839|859.519,675.79|932.648,648.864|1016.59,670.452|945.514,683.497|1030.07,954.24|1088.79,791.733|1093.19,1293.51|1184.96,1557.08|898.313,934.397|787.388,701.777|684.464,968.907|572.425,879.215|984.366,592.731|991.188,572.456|1005.42,549.356|1032.92,555.218|972.726,551.814|935.596,555.204
40|1|957.616,939.971|967.302,839.596|974.323,768.002|982.535,636.502|1000.65,659.041|1081.21,685.419|1147.12,854.77|1037.7,901.98|992.322,933.094|952.481,894.498|980.834,895.281|961.578,656.157|897.26,668.806|764.52,697.182|871.153,666.969|943.747,635.857|1023.56,668.965|957.42,670.505|1025.79,948.596|1075.81,849.16|1107.97,1384.31|1212.05,1682.54|896.474,932.493|748.294,834.686|606.967,1196.06|448.738,1108.48|986.621,588.852|991.601,572.151|1008.34,549.57|1037.73,555.387|975.486,549.68|940.816,548.151
41|1|948.201,949.276|961.825,842.311|971.563,763.592|984.458,634.147|1001.5,657.023|1080.86,686.093|1143.32,853.95|1032.42,904.546|982.231,937.86|953.859,893.862|969.029,896.401|963.004,653.099|897.561,665.192|768.09,693.592|874.488,664.651|946.745,635.1|1022.87,668.325|959.973,673.573|1013.49,958.377|1071.28,889.299|1059.48,1395.46|1126.27,1686.1|889.788,941.372|734.821,888.963|622.847,1403.53|462.008,1556.85|990.414,587.147|990.966,574.892|1008.34,551.139|1040.84,553.4|975.414,551.835|943.939,547.531
42|1|948.544,949.78|962.237,842.64|972.052,763.89|985.435,634.394|1002.39,657.359|1081.69,686.892|1143.25,854.959|1032.89,903.381|984.331,938.789|952.523,892.252|971.722,897.865|963.907,653.264|898.608,664.907|770.023,692.014|878.009,662.982|950.633,633.655|1026.88,666.6|961.606,672.641|1013.89,959.048|1072.29,898.673|1053.09,1400.64|1110.23,1702.36|890.077,941.728|735.482,898.304|654.654,1430.61|513.549,1640.7|991.6,587.388|995.475,574.648|1011.95,550.884|1041.98,553.285|979.116,551.765|945.056,547.994
43|1|948.688,950.612|963.173,844.852|973.414,768.13|987.645,640.352|1004.18,663.25|1082.35,691.416|1153.2,847.175|1043.64,880.971|1006.35,930.094|949.475,879.999|994.16,897.913|966.315,658.497|902.447,667.802|790.319,692.733|897.646,657.5|969.005,628.995|1039.26,668.202|970.337,669.371|1013.57,960.356|1077.33,906.569|1045.51,1400.02|1090.08,1702.94|890.692,942.137|744.809,901.578|681.573,1429.96|567.063,1666.19|994.036,594.085|1000.77,572.893|1014.11,550.637|1040.66,556.869|982.473,553.442|946.124,558.238
44|1|945.66,941.231|962.119,837.635|973.623,762.146|988.573,634.636|1005.05,657.612|1082.95,687.205|1148.22,851.731|1074.41,894.059|1013.51,918.029|949.735,884.918|1000.24,898.781|967.101,652.589|901.958,661.372|795.232,683.722|895.052,645.493|968.84,619.32|1044.98,638.8|978.643,660.86|1010.74,951.763|1083.03,919.266|1034.62,1417.08|1064.15,1738.51|887.597,932.071|747.524,882.379|689.113,1400.77|585.922,1649.17|995.108,588.404|1007.29,580.659|1018.63,554.682|1040.93,550.181|987.259,559.234|946.471,555.499
45|1|963.199,953.142|973.295,845.788|980.775,766.706|992.713,638.003|1009.93,660.75|1089.27,687.3|1162.38,838.258|1084.99,874.845|1025.99,909.016|943.058,903.791|1013.04,896.178|971.514,656.357|904.276,664.709|816.79,690.56|901.745,641.282|979.974,613.59|1059.69,642.833|983.979,659.343|1029.66,961.253|1105.24,918.897|1069.67,1431.52|1115.19,1756.07|903.672,946.122|785.894,879.877|742.308,1408.65|651.932,1663.91|998.068,591.417|1011.69,571.224|1023.51,548.726|1045.04,554.448|992.15,551.336|950.706,555.137
46|1|963.781,951.339|973.445,843.306|980.621,763.609|989.846,633.864|1007.63,656.378|1087.87,681.12|1168.1,821.045|1092.38,850.01|1033.91,891.953|953.062,911.51|1021.06,891.82|968.925,652.802|901.72,662.858|815.244,689.734|907.34,638.776|987.005,613.905|1065.63,644.868|989.852,657.697|1030.74,959.146|1120.63,917.684|1087.43,1436.1|1144.09,1765.94|903.803,944.593|798.435,880.91|762.271,1418.33|685.029,1685.76|994.289,586.863|1004.19,575.457|1019.1,551.67|1044.38,553.168|986.882,552.58|948.654,547.93
47|1|964.711,945.957|974.341,838.851|981.931,758.299|990.125,628.477|1007.9,650.887|1088.25,675.516|1179.37,804.951|1095.62,818.711|1041.43,867.293|969.175,906.804|1031.6,881.129|969.445,647.747|906.985,659.709|816.031,683.244|924.744,637.059|1004.21,609.241|1081.07,646.443|1007.72,656.382|1030.69,954.395|1127.91,918.737|1101.4,1425.73|1163.26,1745.66|905.541,938.63|782.393,904.968|757.121,1446.31|688.008,1719.5|994.508,581.351|1010.03,573.323|1019.46,546.335|1039.12,540.421|988.13,552.512|944.086,550.451
48|1|963.983,947.412|973.51,839.655|981.226,758.261|988.867,628.401|1006.67,650.716|1087.33,674.409|1183.2,795.775|1096.27,797.526|1044.56,850.904|981.031,903.542|1037.32,871.499|968.306,647.848|906.868,660.141|821.279,680.662|936.676,636.602|1017.09,609.053|1093.28,646.448|1019.42,650.872|1029.51,955.981|1128.83,919.606|1103.88,1417.31|1166.05,1730.93|905.164,939.957|771.997,905.929|751.035,1438.68|682.55,1706.21|993.153,581.243|1007.48,577.993|1021.75,552.376|1043.96,548.132|989.558,553.544|947.983,542.89
49|1|965.566,944.016|974.574,836.098|982.113,754.534|989.915,624.67|1007.63,647.026|1088.44,670.87|1185.91,788.287|1098.89,783.689|1048.04,839.194|990.062,897.801|1042.67,863.01|969.349,644.129|908.427,656.46|825.885,678.405|943.794,635.834|1023.95,604.969|1103.58,643.815|1026.68,647.959|1030.91,952.637|1136.53,922.803|1109.27,1416.82|1171.05,1732|906.854,936.506|778.021,919.818|756.071,1461.16|689.944,1740.71|994.388,577.467|1010.45,576.309|1023.8,549.785|1044.62,543.218|991.67,551.881|948.466,540.5
50|1|968.163,940.684|973.743,833.084|980.829,752.176|991.477,623.792|1007.96,646.617|1087.67,671.434|1189.82,781.673|1114.33,766.039|1064.42,821.381|1000.03,876.681|1056.37,850.838|971.066,642.155|914.934,649.356|831.3,674.895|950.448,635.813|1031.03,607.233|1109.91,643.43|1031.85,648.661|1031.95,951.536|1157.09,918.25|1129.63,1396.1|1210.44,1695.97|910.229,931.056|817.227,919.692|799.664,1467.55|760.943,1757.97|997.674,577.274|1013.74,574.314|1026.13,548.052|1046.36,541.99|994.495,550.9|951.34,541.755
51|1|969.944,926.813|974.507,823.835|980.062,748.703|992.603,622.829|1008.22,645.684|1086.06,671.92|1189.65,782.962|1128.7,760.459|1077.03,811.928|1012.36,863.569|1064.6,840.475|972.412,640.296|919.02,647.026|846.365,670.997|960.971,635.325|1040.97,606.681|1122.38,641.421|1040.55,646.054|1032.96,938.185|1174.35,926.946|1143.54,1403.33|1225.06,1711.63|912.648,916.695|807.538,911.675|798.205,1456.07|773.037,1747.51|999.677,577.269|1012.77,575.559|1026.7,550.248|1049.01,544.787|995.323,551.685|955.321,540.464
52|1|970.371,927.822|975.162,824.565|980.912,749.297|994.419,623.417|1009.85,646.421|1087.8,673.017|1192.56,782.664|1131.48,758.605|1079.05,809.648|1014.62,861.632|1066.81,837.467|974.097,640.733|920.906,646.727|849.392,668.886|965.734,633.953|1046.18,607.244|1125.51,643.6|1044.08,643.454|1033.37,939.479|1180.06,932.357|1146.79,1411.63|1229.88,1722.83|913.091,917.445|814.914,925.131|801.564,1479.5|778.39,1780.11|1001.87,577.882|1017.02,575.259|1030.22,549.937|1050.91,544.791|998.997,551.676|957.395,541.412
53|1|966.415,923.834|973.238,822.346|980.288,748.824|997.878,623.652|1012.46,647.153|1089.33,677.082|1192.28,789.011|1138.44,760.693|1080.78,806.1|1017.95,858.457|1070.78,832.05|977.086,640.237|924.59,645.014|858.156,665.891|979.548,630.303|1060.4,606.881|1138.26,643.666|1055.79,639.277|1029.22,937.236|1194.05,945.455|1144.59,1430.55|1224.4,1751.31|909.358,911.88|826.711,928.321|791.368,1492.59|763.961,1803.94|1006.89,578.453|1019.06,576.656|1031.99,550.62|1054.68,543.756|1000.64,553.536|960.755,543.827
54|1|967.444,923.09|974.201,821.742|981.255,748.453|999.571,623.333|1013.92,646.962|1090.52,677.652|1193.97,789.462|1143.72,759.783|1085.21,803.986|1021.65,855.481|1073.24,828.977|978.75,639.762|926.994,643.961|863.913,663.169|987.355,628.299|1068.75,605.355|1146.67,643.578|1066.73,639.827|1030.19,936.892|1197.07,943.025|1148.73,1428.9|1231.64,1749.03|910.415,910.767|840.764,914.108|808.43,1475.37|790.908,1780.48|1008.94,578.183|1020.62,579.459|1033.12,552.462|1056.07,542.671|1001.75,556.247|961.927,545.085
55|1|979.632,914.891|981.69,818.398|984.446,753.306|1001.06,625.365|1016.02,649.544|1095.71,677.936|1199.58,787.867|1142.04,750.166|1081.35,796.482|1023.53,858.701|1070.03,820.805|980.175,641.899|928.266,643.454|875.843,662.398|1007.32,624.126|1093.36,598.154|1171.54,649.711|1097.04,623.868|1044.4,932.793|1258.62,925.259|1185.03,1428.28|1270.72,1790.24|920.502,898.778|897.092,822.113|874.065,1391.01|902.068,1722.44|1009.93,579.333|1022.54,579.837|1036.13,552.994|1059.27,544.792|1004.03,555.634|963.374,543.685
56|1|980.244,916.345|982.558,817.843|983.582,756.322|1002.74,627.47|1017.37,652.521|1097.91,682.893|1202.36,791.869|1146.68,743.501|1082.69,789.824|1026.19,858.344|1067.75,809.654|981.374,643.172|930.01,640.845|878.822,658.603|1017.06,620.697|1107.05,596.543|1188.23,650.844|1112.38,624.156|1047.02,935.751|1280.79,975.914|1209.12,1539.55|1316.82,1997.53|919.273,898.87|859.674,914.042|819.877,1601.78|827.743,2093.31|1012.63,581.319|1028.79,578.414|1041.01,551.457|1061.58,544.767|1008.85,554.861|965.019,546.048
57|1|980.812,917.518|983.256,818.81|984.336,757.228|1003.96,628.355|1018.49,653.495|1099.05,684.143|1203.96,791.414|1149.41,740.509|1085.27,786.808|1028.39,855.671|1070,806.537|982.547,643.965|931.385,641.312|881.186,658.524|1020.61,621.027|1110.94,597.607|1192.33,651.054|1114.7,625.198|1047.61,937.149|1282.24,983.268|1214.48,1554.93|1329.55,2026.67|919.823,899.839|858.4,922.242|812.91,1618.31|813.942,2125.61|1014.05,582.222|1032.52,578.199|1043.81,551.25|1062.48,544.922|1011.89,555.054|966.289,547.463
58|1|982.014,922.007|984.438,823.019|985.341,761.708|1005.49,632.919|1019.87,658.21|1100.71,688.477|1207.49,791.425|1152.03,736.358|1088.45,783.585|1032.21,853.938|1072.78,802.561|984.062,648.28|933.473,643.897|886.94,657.857|1029.55,620.346|1120.71,599.106|1200.85,649.621|1120.59,628.289|1048.99,942.115|1290.26,996.283|1228.89,1582.77|1361.65,2080.2|920.871,903.896|888.299,913.043|837.459,1610.84|850.809,2121.28|1015.8,586.906|1034.78,574.874|1045.36,549.58|1063.37,548.745|1013.69,553.25|967.691,551.617
59|1|983.476,924.783|985.677,824.704|986.383,762.895|1006.68,633.314|1021.02,658.804|1102.34,689.314|1210.71,791.204|1156.34,733.013|1092.24,780.398|1035.36,851.491|1075.7,798.302|985.222,648.706|935.348,644.09|893.439,658.562|1040.98,622.013|1134.1,602.816|1215.56,654.06|1131.19,635.67|1050.83,945.238|1295.33,1009.46|1240.3,1612.65|0,0|921.964,906.35|881.371,930.581|830.697,1654.35|0,0|1017.15,587.07|1035,577.514|1046.84,551.91|1066.24,550.155|1014.69,554.808|969.59,550.457
60|1|986.556,930.837|988.211,829.26|988.503,766.892|1008.31,635.837|1022.86,661.572|1105.32,691.786|1216.54,792.345|1160.44,730.907|1095.92,779.596|1037.78,851.732|1078.49,795.898|986.779,651.385|936.69,646.244|897.814,660.246|1049.16,623.265|1144.51,605.477|1228.36,659.751|1143.85,645.89|1054.95,951.745|1309.68,1010.85|1257.26,1628.41|0,0|924.099,911.995|913.111,890.025|874.748,1602.96|919.72,2129.46|1018.67,589.142|1038.57,577.188|1050.47,552.155|1068.72,552.661|1018.14,554.347|971.526,551.006
61|1|995.822,943.656|993.479,837.595|991.596,771.739|1011.22,638.916|1026.19,664.882|1109.95,694.913|1223.26,795.387|1166.28,731.389|1100.56,781.08|1039.76,853.522|1081.3,793.27|989.361,654.746|937.379,648.382|903.245,659.52|1058.54,623.579|1157.19,611.528|1240.37,669.768|1154.66,651.337|1064.79,963.657|1325.67,1005.78|1288,1634.91|0,0|932.572,925.568|934.749,864.566|914.457,1570.42|977.816,2065.51|1021.44,591.628|1040.44,576.412|1052.56,551.768|1071.81,554.459|1019.78,553.919|973.422,552.888
62|1|997.133,945.615|994.565,838.911|992.54,772.693|1012.24,639.438|1027.18,665.509|1111.37,695.135|1226.24,794.654|1170.21,731.525|1104.23,781.343|1041.97,853.123|1083.65,792.25|990.37,655.29|938.819,648.931|907.514,660.668|1065.71,625.458|1165.37,615.323|1248.3,674.9|1163.52,655.647|1066.25,965.786|1332.48,1004.86|1302.91,1638.59|0,0|933.73,927.366|943.687,860.697|929.817,1567.47|1007.23,2059.99|1022.54,592.027|1043.54,576.676|1055.22,552.009|1073.01,554.821|1022.53,554.114|974.686,553.102
63|1|997.93,948.137|994.548,840.102|992.032,773.079|1011.3,638.847|1026.31,665.04|1111.2,694.184|1228,792.638|1172.76,730.262|1106.8,780.995|1043.46,852.846|1085.17,790.963|989.468,654.878|938.445,648.658|911.69,662.264|1074.47,628.23|1175.84,621.167|1257.84,683.129|1171.56,659.207|1067.37,968.21|1340.13,1000.68|1317.6,1637.32|0,0|934.154,929.958|951.104,855.875|947.817,1567.05|1041.48,2062.26|1021.56,591.118|1045.3,576.15|1057.76,552.089|1074.01,556.237|1024.99,552.539|975.659,549.563
64|1|999.338,949.258|995.282,840.17|992.239,772.75|1012.01,638.145|1026.79,664.583|1110.63,694.9|1231.05,838.561|1214.01,808.087|1147.04,809.919|1063.5,830.675|1122.5,793.074|990.216,654.01|940.26,647.73|918.827,663.271|1085.78,631.156|1188.69,627.003|1268.06,694.671|1178.93,663.644|1068.85,969.655|1335.47,995.714|1310.99,1630.83|0,0|935.405,930.756|951.385,870.199|959.225,1605.11|1070.01,2139.85|1022.61,590.354|1048.93,576.397|1059.76,551.298|1073.79,553.401|1027.21,553.123|975.488,550.631
65|1|998.434,949.355|994.586,839.601|991.547,771.92|1012.85,638.065|1027.25,664.688|1110.84,697.531|1206.33,856.638|1199.76,840.81|1129.77,821.564|1040.1,819.384|1107.28,788.911|990.96,653.469|941.411,647.251|923.815,665.603|1092.81,635.215|1195.81,636.32|1269.33,707.172|1183.69,669.121|1067.66,969.92|1335.65,1028.08|1308.83,1680.95|0,0|934.721,930.683|930.367,923.306|924.405,1711.04|0,0|1024.02,590.592|1050.54,577.209|1061.24,551.981|1075.05,553.593|1028.78,553.925|976.952,551.133
66|1|998.801,951.499|994.789,841.38|991.644,773.48|1013,639.496|1027.37,666.147|1110.86,699.586|1207.75,858.063|1201.95,846.68|1132.06,826.438|1041.93,822.498|1110.39,791.532|991.118,654.905|941.744,649.045|925.515,668.898|1095.29,639.024|1198.47,640.654|1272.79,712.159|1187.55,674.52|1068.03,972.035|1337.62,1040.13|1307.89,1697.68|0,0|935.075,932.851|929.61,925.972|920.815,1714.86|0,0|1024.21,592.002|1051.29,579.134|1062.05,553.889|1075.48,555.342|1029.62,555.639|977.474,552.26
67|1|998.977,952.223|994.748,841.924|991.458,773.917|1012.67,639.853|1027.03,666.503|1110.84,699.699|1214.29,848.576|1201.27,827.755|1126.35,814.778|1034.05,821.317|1099.57,783.938|990.831,655.286|941.77,649.804|927.51,671.118|1098.56,641.465|1201.92,643.488|1276.99,714.473|1190.98,680.407|1068.16,972.692|1339.96,1045.88|1309.82,1705.7|0,0|935.27,933.631|930.789,923.54|922.501,1709.72|0,0|1023.85,592.34|1051.83,579.652|1063.44,555.074|1076.48,557.724|1031.02,555.474|978.762,550.658
68|1|999.004,953.858|994.317,842.968|990.728,774.599|1012.11,640.348|1026.36,667.073|1110.23,700.562|1220.49,834.33|1202.15,803.042|1122.74,804.172|1030.67,828.491|1093.88,782.194|990.31,655.755|941.919,650.555|932.102,675.077|1106.23,647.457|1209.9,652.952|1283.93,724.475|1198.99,690.121|1068.1,974.271|1347.39,1054.13|1320.31,1719.19|0,0|935.319,935.3|948.844,914.537|946.287,1692.25|0,0|1023.41,592.804|1055.56,580.352|1064.85,554.929|1074.21,555.929|1033.08,556.833|977.433,553.243
69|1|999.361,954.646|994.569,843.385|990.927,774.767|1012.62,640.334|1026.8,667.14|1110.55,701.343|1221.58,830.883|1202.31,794.008|1122.42,798.619|1030.99,827.48|1093.64,780.348|990.792,655.714|942.654,650.612|934.594,676.775|1109.86,650.727|1213.64,658.15|1286.5,729.732|1200.45,695.954|1068.48,975.155|1351.28,1056.84|1326.35,1725.09|0,0|935.637,935.994|954.604,913.828|954.667,1692.92|0,0|1024.07,592.745|1057.61,580.749|1068.22,556.28|1076.99,558.981|1036.43,556.117|980.59,550.17
70|1|1004.2,961.523|994.488,847.351|989.682,773.659|1010.03,638.602|1025.17,665.337|1109.5,700.53|1216.83,816.115|1204.28,768.004|1129.87,811.384|1034.87,835.885|1099.51,780.321|987.771,654.157|935.211,648.071|947,679.598|1123.86,656.756|1222.95,675.055|1307.54,751.606|1218.29,709.771|1072.62,981.913|1366.61,1060.46|1349.71,1740.2|0,0|940.662,942.838|968.628,900.773|973.495,1684.41|0,0|1020.64,590.702|1054.83,580.293|1064.59,554.601|1072.84,554.952|1032.67,555.737|975.715,549.715
71|1|1003.9,962.257|993.991,847.502|989.129,773.37|1010.07,638.005|1025.03,664.889|1109.17,700.989|1217.88,813.083|1208.92,762.78|1134.69,805.924|1040.78,835.409|1103.95,778.979|987.777,653.51|935.825,647.506|950.238,681.049|1129.04,660.96|1228.46,680.271|1313.58,757.52|1222.72,717.642|1072.21,982.743|1371.34,1059.75|1363,1741.97|0,0|940.412,943.468|982.349,902.824|992.76,1689.89|0,0|1020.97,590.025|1057.83,582.628|1068.01,556.796|1074.46,556.072|1036.29,556.966|977.973,547.667
72|1|1003.62,961.961|992.874,847.733|987.496,773.886|1008.2,639.218|1022.89,666.063|1106.83,701.303|1216.56,806.77|1209.38,757.983|1136.86,803.113|1044.71,837.365|1104.83,776.839|986.216,654.52|935.96,647.898|954.187,681.781|1130.82,666.86|1233.83,682.718|1318.06,760.991|1223.07,721.976|1070.99,982.591|1374.5,1058.39|1371.93,1731.29|0,0|940.901,942.998|995.531,903.158|1013.43,1681.8|0,0|1019.14,591.54|1059.41,583.173|1068.74,557.978|1072.22,558.384|1037.84,557.645|977.654,548.635
73|1|1006.15,972.195|991.488,854.055|985.851,774.54|1007.87,641.642|1021.56,668.625|1103.64,705.771|1212.81,806.607|1211.26,759.92|1138.4,799.762|1049.32,838.836|1105.74,775.363|986.416,656.197|939.978,648.404|956.762,686.003|1126.9,675.467|1232.85,687.495|1320.79,765.794|1227.39,731.869|1068.9,991.98|1367.35,1073.81|1377.2,1722.29|0,0|947.11,953.797|1019.14,930.383|1051.53,1696.19|0,0|1019.59,594.754|1059.66,583.127|1069.32,559.611|1072.72,563.464|1038.82,557.997|979.523,550.41
74|1|1012.97,985.988|995.037,860.931|988.5,774.605|1007.08,640.876|1020.89,667.511|1100.47,704.179|1216.7,810.138|1223.64,773.931|1154.97,794.782|1071.86,830.635|1117.19,774.808|986.487,656.115|939.076,648.78|959.376,684.051|1130.69,681.152|1235.47,688.89|1326.11,767.078|1226.09,737.874|1074.1,999.657|1350.94,1070.09|1387.16,1690.63|0,0|955.092,973.253|1033.32,978.385|1095.27,1730.83|0,0|1017.88,593.67|1058.43,582.421|1068.67,559.468|1071.76,564.05|1038.34,556.868|979.242,548.092
75|1|1011.26,982.097|994.282,858.123|988.566,772.233|1008.27,639.09|1021.76,665.735|1100.22,702.922|1217.83,814.364|1234.41,778.903|1167.44,795.374|1085.16,825.122|1130.78,774.504|987.641,654.173|940.758,647.36|962.308,684.413|1134.51,683.305|1238.32,692.074|1326.85,771.103|1229.03,741.929|1071.95,996.262|1348.04,1060.31|1370.3,1656.11|0,0|953.839,968.896|975.01,934.224|1025.85,1634.51|1153.33,2096.71|1019.5,592.083|1061.18,584.166|1071.06,560.303|1073.1,562.132|1040.99,558.261|981.165,547.473
76|1|1008.7,965.319|992.441,848.419|986.07,768.015|1006.91,636.659|1019.39,662.829|1095.86,699.525|1213.48,812.519|1234.03,780.149|1171.7,795.118|1094.15,822.565|1136.88,774.325|986.845,651.855|946.271,649.44|971.738,687.362|1141.82,688.643|1241.38,699.505|1332.53,776.438|1230.51,745.635|1067.9,980.824|1343.54,1043.64|1349.61,1600.09|1581.32,2007.27|952.839,950.88|961.712,919.693|1014.57,1587.04|1139.43,2008.25|1018.77,590.241|1062.05,583.33|1070.39,559.018|1070.37,559.029|1041.24,558.187|980.442,547.923
77|1|997.895,960.336|985.99,845.023|982.783,765.482|1007.95,634.947|1019.62,661.409|1095.19,699.93|1210.73,814.191|1234.57,781.339|1171.32,794.638|1092.96,823.014|1136.77,774.374|987.332,649.635|946.622,647.393|972.825,688.243|1141.79,692.998|1243.38,697.725|1335.18,775.572|1225.35,743.145|1056.99,978.299|1334.93,1033.7|1317.86,1576.49|1529.83,1973.7|942.266,943.622|953.871,913.38|986.683,1578.76|1102.13,1994.31|1021.33,588.883|1062.65,585.744|1069.27,558.692|1070.31,552.469|1039.84,561.708|978.954,552.316
78|1|998.237,960.167|986.343,844.905|983.149,765.374|1008.22,634.84|1019.9,661.276|1095.7,699.429|1211.1,813.509|1234.02,780.998|1170.52,794.588|1092,823.374|1135.85,774.378|987.615,649.561|946.916,647.431|973.08,688.449|1141.88,693.333|1243.49,697.904|1335.35,775.898|1223.31,743.347|1057.3,978.103|1333.26,1033.55|1311.19,1573.75|1516.56,1971.19|942.643,943.48|949.138,914.097|979.57,1579.82|1089.38,1996.58|1021.57,588.768|1063.02,586.317|1070.38,559.588|1071.53,553.781|1040.88,561.704|980.259,550.9
79|1|996.501,952.873|985.54,840.034|982.989,761.866|1008.23,632.558|1019.66,658.733|1094.77,696.628|1208.04,809.986|1230.9,780.007|1168.35,794.237|1090.96,824.123|1133.88,774.312|987.801,647.217|947.954,646.45|975.33,689.376|1141.26,695.881|1241.27,699.248|1333.48,774.944|1220.27,743.409|1054.79,971.242|1326.85,1031.19|1298.07,1559.6|1490.33,1944.47|941.702,935.791|953.314,915.614|980.247,1572.08|1091,1975.43|1021.65,586.869|1062.25,589.669|1067.65,560.594|1068.55,547.828|1038.54,566.339|977.721,555.306
80|1|996.521,952.902|985.58,839.997|983.054,761.779|1008.35,632.424|1019.78,658.61|1094.89,696.59|1208.09,810.1|1230.9,780.06|1168.26,794.219|1090.77,824.048|1133.78,774.261|987.91,647.088|948.036,646.334|975.343,689.37|1141.29,696.061|1241.32,699.606|1333.36,775.627|1220.13,743.634|1054.83,971.28|1326.94,1031.49|1297.59,1559.96|1489.47,1945.37|941.704,935.811|952.124,915.032|978.554,1571.83|1088.12,1975.44|1021.8,586.718|1061.99,589.038|1068.8,560.801|1070.52,550.055|1039.4,564.777|979.341,552.304
81|1|996.499,952.836|985.524,839.939|982.967,761.732|1008.14,632.341|1019.59,658.517|1094.59,696.688|1207.55,810.25|1230.36,779.753|1167.79,793.92|1090.38,823.961|1133.3,774.116|987.724,647.028|947.913,646.352|975.525,689.371|1141.61,695.863|1241.52,699.292|1333.16,775.765|1220.84,743.378|1054.81,971.199|1326.31,1031.23|1295.38,1558.83|1485.16,1943.97|941.675,935.76|949.057,912.747|975.207,1568.73|1082.22,1970.14|1021.55,586.62|1061.49,586.31|1070.23,559.981|1072.69,553.87|1040.65,560.985|981.729,547.58
82|1|996.397,952.859|985.382,840.094|982.777,761.986|1007.82,632.668|1019.27,658.817|1094.13,697.088|1206.89,810.481|1229.63,779.642|1167.29,793.812|1090.08,823.905|1132.85,774.066|987.433,647.357|947.727,646.706|975.664,689.573|1141.75,695.767|1241.47,699.114|1332.87,775.607|1221.7,743.474|1054.67,971.203|1325.46,1030.71|1293.69,1557.11|1481.83,1940.84|941.614,935.802|949.63,910.912|976.76,1565.08|1084.46,1962.5|1021.17,586.974|1061.9,586.139|1067.95,558.377|1068.99,549.532|1038.8,562.554|978.278,552.686
83|1|996.461,952.988|985.307,840.201|982.589,762.104|1007.35,632.702|1018.84,658.832|1093.61,697.223|1206.36,810.533|1229.31,779.604|1167.13,793.819|1090.04,824.001|1132.69,774.094|987.022,647.436|947.506,646.878|976.306,689.523|1142.83,695.271|1242.48,698.582|1333.32,775.783|1224.31,743.519|1054.73,971.283|1325.56,1030.86|1292.83,1556.56|1479.91,1939.96|941.667,935.974|951.867,912.804|980.825,1568.36|1091.09,1967.47|1020.63,586.977|1061.58,584.45|1068.67,557.817|1069.87,551.792|1039.43,560.239|979.291,549.902
84|1|996.464,952.987|985.305,840.209|982.583,762.12|1007.34,632.724|1018.83,658.852|1093.59,697.24|1206.34,810.532|1229.3,779.592|1167.13,793.808|1090.05,823.989|1132.69,774.087|987.011,647.457|947.506,646.896|976.346,689.523|1142.89,695.239|1242.55,698.527|1333.39,775.713|1224.44,743.479|1054.73,971.283|1325.55,1030.84|1292.81,1556.5|1479.86,1939.83|941.673,935.973|952.013,912.776|981.054,1568.27|1091.48,1967.24|1020.61,587.001|1061.56,584.458|1068.6,557.802|1069.79,551.731|1039.38,560.281|979.216,550.014
85|1|996.463,952.985|985.304,840.208|982.581,762.12|1007.34,632.725|1018.82,658.853|1093.59,697.24|1206.34,810.528|1229.3,779.587|1167.13,793.803|1090.05,823.984|1132.69,774.082|987.008,647.458|947.503,646.897|976.347,689.52|1142.89,695.23|1242.55,698.514|1333.39,775.696|1224.45,743.469|1054.73,971.28|1325.55,1030.84|1292.81,1556.48|1479.86,1939.81|941.672,935.971|952.029,912.766|981.077,1568.25|1091.52,1967.19|1020.61,587.003|1061.55,584.457|1068.59,557.8|1069.78,551.727|1039.37,560.283|979.208,550.02
86|1|993.782,950.608|983.687,839.327|981.586,762.273|1006.95,633.728|1018.29,659.825|1092.91,698.187|1204.48,809.5|1226.57,779.475|1165.34,793.427|1088.83,824.747|1131.04,773.858|986.584,648.209|947.169,647.119|975.924,685.868|1138.58,689.451|1234.85,689.584|1324.44,769.144|1220.63,739.893|1051.95,969.613|1323.2,1028.2|1287.44,1551.35|1471.83,1931.3|939.159,932.95|963.57,909.923|989.099,1561.13|1105.27,1951.22|1020.37,588.321|1054.77,587.171|1065.72,561.85|1072.77,557.658|1035.42,561.503|980.74,547.586
87|1|990.469,949.477|982.994,838.258|982.18,762.386|1010.48,633.56|1021.15,660.363|1093.27,698.937|1206.73,820.481|1230.5,785.659|1178.36,790.725|1109.82,811.003|1154.18,763.902|989.864,647.282|950.206,644.365|976.427,683.874|1139.34,688.868|1236.96,682.144|1321.21,770.134|1214.59,734.539|1049.41,971.778|1325.22,1009.25|1276.2,1537.8|1456.24,1930.27|935.217,928.765|971.417,886.457|992.727,1550.19|1124.51,1961.18|1025.09,588.263|1062.03,571.393|1068.96,547.887|1073.24,552.143|1039.16,549.522|981.213,549.405
88|1|994.048,936.301|986.205,832.505|983.584,763.985|1011.06,634.871|1022.85,662.105|1101.03,703.317|1213.51,816.432|1242.3,769.044|1174.31,805.331|1088,818.474|1133.64,760.38|989.733,648.028|947.545,642.152|970.782,681.539|1137.82,675.053|1240.15,671.274|1318.06,762.334|1217.63,727.806|1057.01,962.241|1368.52,1032.78|1290.98,1601.62|0,0|935.495,912.391|982.248,876.792|983.089,1598.22|1128.44,2105.99|1024.96,589.429|1050.97,584.938|1064.43,559.892|1078.88,558.293|1032.27,559.13|982.621,547.229
89|1|998.244,935.081|989.506,830.657|985.669,762.483|1011.03,632.699|1023.19,659.759|1100.6,700.298|1210.34,840.855|1244.72,805.715|1179.77,836.045|1114.06,815.756|1156.16,778.238|989.969,646.268|948.045,642.412|970.088,679.078|1134.94,668.884|1235.32,660.237|1310.82,754.862|1213.69,722.763|1061.99,959.55|1355.08,1045.14|1301.11,1649.84|0,0|938.979,912.55|957.068,905.224|966.85,1664.23|0,0|1024.23,586.959|1050.76,583.673|1064.16,558.315|1078.26,555.808|1032.01,557.654|981.947,544.912
90|1|998.982,939.704|990.174,834.8|986.204,766.515|1011.08,636.448|1023.46,663.506|1103.1,702.629|1214.1,828.502|1243.52,793.773|1174.87,830.706|1092.53,818.665|1135.54,772.477|989.97,650.07|947.453,644.856|967.681,676.528|1132.02,662.454|1232.81,652.033|1307.48,745.63|1212.39,708.294|1063.18,964.135|1358.59,1056.42|1313.38,1679.1|0,0|939.334,917.223|955.658,890.778|962.681,1641.36|0,0|1024.04,590.627|1054.7,581.784|1064.85,556.351|1075.08,555.478|1033.38,557.778|979.541,551.193
91|1|1002.12,938.903|992.925,833.502|988.764,764.915|1011.83,633.592|1024.98,660.581|1106.09,698.623|1216.16,813.512|1239.26,779.523|1168.18,819.476|1078.86,824.071|1130.03,778.01|990.543,647.688|946.114,642.978|965.986,672.068|1130.68,650.103|1232.95,639.35|1304.82,735.014|1212.36,694.831|1067.66,962.866|1367.36,1063.33|1333.92,1712.51|0,0|941.28,916.889|943.742,897.994|947.903,1675.74|0,0|1024.04,587.215|1051.39,581.042|1063.2,555.078|1076.54,552.827|1030.91,556.082|979.27,546.988
92|1|1003.95,939.68|994.647,833.581|990.415,764.667|1012.6,632.459|1026.19,659.473|1108.41,696.549|1218.02,806.014|1233.53,765.111|1165.26,811.874|1074.5,827.982|1128.35,778.694|991.171,646.797|945.568,642.136|964.652,668.972|1128.09,642.773|1230.14,630.105|1300.95,728.966|1209.53,683.622|1070.47,963.501|1373.01,1066.15|1348.65,1735.37|0,0|942.242,917.817|936.169,900.339|936.362,1697.05|0,0|1024.43,585.726|1052.61,580.581|1062.82,553.221|1075.28,548.273|1030.54,556.271|977.434,548.294
93|1|1003.89,933.071|996.294,830.776|992.992,763.685|1011.6,631.099|1026.31,657.475|1109.04,691.665|1175.43,868.513|1174.45,890.88|1147,856.853|1097.69,836.685|1155.12,814.2|990.244,646.268|941.783,642.384|965.823,660.748|1126.05,628.252|1226.1,618.24|1299.47,713.022|1206.71,667.73|1074.28,952.179|1354.63,1029.39|1329.75,1692.73|0,0|939.201,915.774|948.665,854.675|961.098,1593.24|1078.1,2108.53|1021.89,584.014|1047.94,573.709|1059.37,548.192|1073.63,548.204|1026.9,549.691|975.747,544.174
94|1|1000.99,931.036|994.712,829.334|992.289,762.559|1012.91,630.103|1027.36,656.727|1109.99,692.504|1158.2,875.467|1157.51,935.44|1140.66,886.378|1103.67,844.132|1161.65,844.263|991.188,644.972|942.189,640.694|965.272,655.384|1125.16,619.691|1223.01,606.897|1293.61,704.534|1198.56,654.081|1071.82,950.73|1347.76,1016.85|1319.22,1683.84|0,0|935.991,913.228|952.655,854.6|957.972,1600.63|1072.63,2121.05|1023.85,583.084|1052.6,577.274|1062.81,550.155|1074.86,545.885|1030.58,552.962|977.152,545.244
95|1|995.575,927.551|991.601,828.004|990.502,762.08|1013.68,630.97|1027.67,657.353|1108.76,693.53|1137.76,876.465|1125.43,953.425|1125.28,903.849|1107.65,851.758|1158.95,866.187|991.646,645.83|941.14,641.347|962.061,653.492|1118.18,609.206|1210.95,588.555|1287.53,668.457|1194.09,638.894|1065.66,945.446|1323.67,980.107|1300.96,1608.12|0,0|931.471,911.446|937.383,826.844|936.183,1505.28|1008.78,1921.13|1025.34,584.323|1048.3,579.478|1061.91,553.857|1078.78,551.592|1029.24,554|981.129,543.182
96|1|992.332,925.283|990.645,825.976|990.689,760.425|1015.31,630.776|1028.83,657.089|1108.49,694.429|1135.99,875.596|1121.31,964.02|1119.3,916.771|1108.15,859.109|1156.46,879.709|993.284,645.288|943.331,640.201|963.925,648.83|1117.23,596.815|1205.77,573.262|1280.25,644.868|1186.79,626.322|1062.14,942.055|1313.59,972.237|1291.08,1586.57|0,0|928.665,910.248|951.107,884.804|940.271,1593.27|1012.34,2064.61|1027.47,584.638|1049.23,574.771|1060.85,549.266|1077.78,548.32|1028.58,551.513|980.668,546.629
97|1|995.037,923.815|992.123,825.448|991.175,761.197|1013.05,631.021|1027.18,657.264|1108.08,693.411|1136.46,876.039|1123.16,976.188|1113.17,932.593|1110.06,868.43|1155.16,888.47|991.29,645.641|941.428,639.095|965.357,642.541|1114.19,589.444|1208.17,566.124|1278.29,643.912|1184.38,616.626|1066.39,939.831|1324.46,970.926|1304.12,1603.67|0,0|930.018,909.491|945.129,891.224|937.162,1629.3|1009.86,2166.91|1024.24,584.715|1042.59,570.93|1056.94,547.489|1077.12,551.728|1024.13,547.131|979.422,542.712
98|1|995.756,923.282|992.695,825.079|991.587,761.14|1012.67,630.976|1027.02,657.145|1108.24,692.842|1136.55,875.805|1123.74,980.334|1112.3,938.372|1111.39,873.278|1154.39,891.121|990.97,645.643|940.824,638.747|963.955,637.954|1111.21,580.572|1203.39,553.008|1276.3,628.819|1182.64,605.036|1067.39,939.138|1322.74,964.518|1309.46,1602.28|0,0|930.5,909.11|928.425,861.915|921.633,1579.52|977.365,2075.18|1023.55,584.66|1041.69,569.135|1053.8,544.684|1073.47,547.483|1021.19,546.967|975.585,546.39
99|1|1002.14,922.432|996.159,826.145|993.996,760.717|1012.55,630.505|1027.35,656.346|1108.62,691.487|1136.67,873.989|1124.63,982.756|1110.17,942.741|1112.16,875.234|1154.27,891.82|991.184,645.522|941.157,639.672|966.069,633.993|1111.42,572.205|1199.14,543.816|1274.47,622.046|1182.53,596.363|1073.89,936.435|1321.35,936.73|1322.82,1563.31|0,0|936.73,909.939|918.45,827.508|925.699,1507.52|972.827,1927.84|1022.51,584.113|1034.66,573.74|1046.15,546.937|1069.64,543.512|1013.42,552.078|971.332,550.431
100|1|1002.45,922.425|996.229,825.525|993.887,759.862|1011.85,628.996|1026.86,654.891|1108.6,690.149|1137.01,873.66|1125.06,984.23|1110.13,944.618|1112.17,876.896|1154.02,893.315|990.45,644.143|940.14,638.368|965.329,629.682|1111.1,563.983|1198.38,532.671|1274.58,611.396|1181.11,581.912|1074.81,936.339|1323.81,927.341|1332.64,1559.81|0,0|936.487,910.016|915.854,816.232|925.145,1495.85|972.029,1908.99|1021.61,582.366|1028.11,567.431|1044.36,543.435|1073.34,547.165|1010.72,544.39|973.99,542.068
101|1|1003.4,921.338|996.787,825.307|994.278,759.758|1011.73,628.608|1026.93,654.465|1108.81,689.939|1137.79,874.065|1124.7,987.166|1108.59,948.523|1112.69,879.761|1153.7,895.938|990.316,643.879|939.626,638.929|965.007,627.858|1110.2,558.06|1195.75,522.935|1270.17,602.735|1178.63,573.416|1076.21,934.701|1324.2,911.409|1335.98,1540.48|1581.78,2044.03|937.052,909.443|913.67,800.429|926.643,1466.43|970.873,1850.81|1021.28,581.859|1027.54,563.532|1043,539.788|1071.94,544.929|1009.41,541.619|972.455,542.687
102|1|1004.15,922.522|997.305,826.348|994.617,760.811|1011.51,629.463|1026.84,655.295|1109,690.43|1138.17,874.918|1125.29,989.276|1108.61,951.022|1112.88,881.907|1153.4,897.574|990.14,644.803|939.402,639.537|964.918,626.22|1110.07,554.425|1194.86,517.391|1270.01,595.985|1178.6,565.671|1077.21,935.767|1324.72,906.544|1341.98,1537.79|1594.66,2040.51|937.593,910.736|913.182,795.72|927.547,1458.61|971.169,1834.43|1020.86,582.653|1024.79,566.606|1041.34,542.572|1072.2,546.659|1007.54,543.917|972.488,542.772
103|1|1004.76,923.13|997.821,826.548|995.105,760.7|1012.21,628.999|1027.57,654.92|1109.95,690.302|1137.5,875.66|1123.44,991.79|1106.4,953.756|1113.87,883.079|1153.07,898.493|990.745,644.356|939.767,638.887|965.366,624.822|1110.55,552.305|1193.73,513.73|1270.42,593.519|1178.09,561.55|1078.12,936.378|1326.53,902.237|1346.19,1535.82|0,0|937.928,911.344|912.822,790.271|926.932,1451.72|967.889,1821.44|1021.64,582.07|1033.95,562.961|1046.53,538.515|1070.52,542.588|1013.35,541.941|971.25,545.114
104|1|1004.45,923.407|997.135,826.684|994.185,760.739|1010.78,628.755|1026.25,654.667|1108.82,689.913|1137.94,875.544|1124.13,993.522|1106.09,956.22|1113.98,884.97|1152.88,899.872|989.363,644.198|938.444,638.305|965.329,623.113|1111.2,549.909|1193.34,510.148|1270.28,591.374|1178.08,558.677|1078.03,936.423|1327.99,899.089|1350.17,1533.94|0,0|937.39,911.83|912.729,785.939|928.849,1445.87|969.941,1810.99|1020.04,581.728|1031.14,566.542|1045.34,541.734|1070.78,544.333|1011.78,543.974|970.955,542.971
105|1|1004.46,923.401|997.137,826.681|994.186,760.74|1010.78,628.76|1026.25,654.672|1108.82,689.914|1137.95,875.542|1124.15,993.536|1106.12,956.245|1114,885.007|1152.89,899.897|989.362,644.202|938.446,638.299|965.343,623.078|1111.23,549.854|1193.37,510.079|1270.33,591.285|1178.13,558.589|1078.04,936.417|1328,899.06|1350.2,1533.9|0,0|937.394,911.824|912.738,785.909|928.867,1445.8|969.971,1810.85|1020.04,581.734|1031.15,566.543|1045.34,541.735|1070.77,544.336|1011.79,543.978|970.952,542.981
106|1|1004.46,923.384|997.14,826.672|994.185,760.74|1010.77,628.768|1026.24,654.679|1108.81,689.914|1137.96,875.534|1124.19,993.535|1106.15,956.252|1114.03,885.019|1152.92,899.899|989.357,644.208|938.447,638.287|965.366,623.005|1111.28,549.741|1193.44,509.939|1270.42,591.108|1178.24,558.409|1078.04,936.4|1328,898.997|1350.25,1533.82|0,0|937.4,911.807|912.754,785.845|928.899,1445.66|970.024,1810.57|1020.03,581.745|1031.17,566.535|1045.33,541.717|1070.72,544.301|1011.78,543.99|970.913,543.037
107|1|1004.46,923.383|997.14,826.672|994.185,760.74|1010.77,628.768|1026.24,654.679|1108.81,689.914|1137.96,875.534|1124.19,993.534|1106.15,956.252|1114.03,885.018|1152.92,899.899|989.357,644.208|938.447,638.287|965.367,623.003|1111.28,549.738|1193.44,509.936|1270.43,591.103|1178.24,558.404|1078.04,936.399|1328,898.996|1350.25,1533.82|0,0|937.4,911.806|912.754,785.844|928.9,1445.66|970.025,1810.57|1020.03,581.745|1031.17,566.534|1045.33,541.716|1070.72,544.3|1011.78,543.989|970.912,543.038
108|1|1004.46,923.382|997.14,826.671|994.185,760.74|1010.77,628.768|1026.24,654.679|1108.81,689.914|1137.96,875.534|1124.19,993.534|1106.16,956.251|1114.03,885.017|1152.92,899.898|989.356,644.208|938.446,638.286|965.367,622.999|1111.28,549.731|1193.45,509.926|1270.43,591.091|1178.24,558.393|1078.04,936.398|1328,898.992|1350.26,1533.82|0,0|937.4,911.805|912.755,785.84|928.901,1445.65|970.027,1810.55|1020.03,581.746|1031.17,566.531|1045.32,541.714|1070.72,544.299|1011.78,543.988|970.91,543.04
109|1|1004.46,923.382|997.14,826.671|994.185,760.74|1010.77,628.768|1026.24,654.679|1108.81,689.914|1137.96,875.534|1124.19,993.534|1106.16,956.251|1114.03,885.017|1152.92,899.898|989.356,644.208|938.446,638.286|965.367,622.999|1111.28,549.731|1193.45,509.926|1270.43,591.091|1178.24,558.393|1078.04,936.398|1328,898.992|1350.26,1533.82|0,0|937.4,911.805|912.755,785.84|928.901,1445.65|970.027,1810.55|1020.03,581.746|1031.17,566.531|1045.32,541.714|1070.72,544.299|1011.78,543.988|970.91,543.04
110|1|1004.56,923.055|997.235,826.513|994.255,760.736|1010.74,628.898|1026.25,654.778|1108.89,689.751|1138.36,875.321|1124.58,993.888|1106.33,956.997|1113.86,886.097|1152.88,900.729|989.326,644.319|938.255,638.017|964.468,621.229|1109.96,546.791|1192.63,506.521|1270.03,588.197|1175.71,556.681|1078.17,936.015|1327.82,897.189|1351.52,1532|1616,2032.29|937.478,911.53|912.617,784.032|928.763,1441.56|969.228,1802.69|1019.94,581.918|1026.4,562.3|1038.78,537.105|1066.58,539.68|1005.54,542.427|967.151,547.85
111|1|1006.59,928.376|998.713,829.156|995.78,760.169|1014.76,627.283|1030.06,653.394|1112.73,689.303|1135.81,876.176|1115.9,994.135|1101.34,956.462|1116.52,886.252|1152.68,901.948|992.783,642.929|939.869,637.502|957.612,618.527|1099.31,542.852|1186.04,501.053|1264.17,581.861|1173.75,549.128|1079.88,940.528|1320.04,889.739|1350.32,1517.14|1612.6,1994.18|939.755,917.577|911.673,784.15|923.107,1429.84|949.953,1774.72|1024.75,579.877|1030.25,565.663|1037.53,536.971|1063.68,530.084|1005.58,548.404|966.625,556.005
112|1|1003.06,926.66|995.827,827.575|993.461,757.758|1013.77,626.007|1028.66,652.026|1109.88,689.205|1136.96,874.01|1117.39,991.889|1103.32,956.471|1115.33,889.61|1152.21,904.014|991.779,641.462|939.251,635.823|951.21,614.98|1083.88,540.425|1173.13,497.49|1250.1,570.695|1163.95,547.649|1075.2,938.329|1308.45,885.125|1336.97,1494.06|1582.37,1932.98|937.254,916.292|911.422,786.773|918.735,1413.7|940.221,1738.93|1024.21,578.966|1032.84,563.239|1037.13,534.677|1059.42,527.073|1006.56,548.032|965.472,559.076
113|1|1001.14,926.125|994.129,826.855|991.888,756.913|1012.09,625.014|1027.04,651.029|1108.15,688.54|1136.79,873.31|1118.54,994.19|1103.23,957.34|1115.01,889.222|1152,904.416|990.08,640.523|937.356,634.797|948.271,613.444|1079.15,538.612|1167.11,494.316|1246.83,568.04|1159.89,546.587|1073.39,937.692|1309.18,886.875|1333.41,1496.13|1574.93,1939.93|935.233,915.851|914.619,806.581|919.348,1459.75|943.147,1819.61|1022.48,577.909|1040.9,550.287|1046.48,526.01|1063.28,531.124|1015.37,534.281|967.662,549.083
114|1|1005.65,927.861|995.127,827.634|990.974,756.084|1010.48,625.826|1024.97,651.72|1105.7,687.508|1140.14,868.827|1128.69,987.589|1107.29,952.498|1114.45,880.139|1153.43,891.865|989.099,640.887|939.761,633.057|944.389,613.294|1069.62,536.747|1154.45,492.555|1239.11,562.39|1146.3,540.883|1076.48,937.936|1309.45,889.655|1346.65,1486.3|1592.01,1894.97|940.781,918.902|915.204,812.892|932.68,1451.21|964.552,1790.13|1020.88,579.383|1040.69,542.517|1050.88,523.885|1068.54,541.696|1019.09,525.408|972.215,540.695
115|1|1005.53,927.77|995.001,827.564|990.833,756.034|1010.19,625.754|1024.74,651.624|1105.55,687.224|1140.44,868.597|1129.02,987.919|1107.43,953.271|1114.27,881.279|1153.4,892.572|988.804,640.844|939.226,633.023|942.608,612.636|1066.22,535.442|1149.69,490.563|1239.58,550.747|1139.82,538.064|1076.4,937.773|1309.41,889.11|1347.12,1486|1593.15,1894.69|940.612,918.878|914.726,812.907|932.471,1451.56|964.353,1791.3|1020.52,579.294|1039.43,541.925|1049.65,523.323|1067.94,541.254|1017.82,525.072|971.51,540.974
116|1|1003.74,921.074|993.402,821.39|989.22,750.106|1006.01,619.722|1021.08,645.189|1102.75,677.854|1171.92,841.289|1187.12,954.417|1127.62,960.14|1103.2,866.986|1133.48,856.715|984.908,635.311|934.718,629.231|934.006,607.758|1053.68,526.49|1141.35,485.679|1145.99,558.819|1100.41,521.582|1074.48,930.336|1314.95,890.121|1360.08,1485.17|1610.83,1900.75|938.963,912.863|920.278,885.851|942.059,1588.97|989.086,2045.37|1015.38,573.083|1036.47,541.941|1048.07,522.458|1065.34,537.808|1016.09,522.599|968.942,532.068
117|1|989.891,916.539|988.48,815.986|989.076,746.755|1007.18,616.928|1021.82,642.559|1103.57,674.568|1191.81,818.258|1209.58,893.327|1156.05,946.025|1091.35,862.085|1105.68,862.001|986.058,632.184|937.191,627.374|927.271,600.352|1047.32,517.468|1084.01,508.952|1179.55,576.243|1088.17,538.381|1061.21,928.187|1306.14,914.323|1341.22,1526.22|1592.39,1988.05|925.095,906.231|907.278,957.925|897.319,1719.01|0,0|1017.11,570.506|1036.51,541.672|1048.03,521.11|1066.43,533.992|1015.93,522.211|969.729,530.82
118|1|989.704,916.185|988.358,816.112|988.949,747.223|1006.78,617.8|1021.5,643.317|1103.24,674.684|1194.77,810.31|1207.72,867.223|1161.37,926.754|1086.56,853.989|1103.75,861.978|985.682,633.037|936.379,628.188|923.864,599.882|1040.92,515.403|1076.5,503.979|1172.16,569.228|1079.39,529.019|1060.91,927.655|1301.37,917.07|1332.63,1529.65|1575.31,1995.18|925.034,906.041|900.668,955.184|887.468,1708.76|0,0|1016.54,571.507|1025.16,547.96|1043.12,528.184|1070.68,541.266|1010.06,525.642|973.572,526.782
119|1|988.95,906.493|988.127,809.635|988.627,742.922|1006.02,616.968|1020.7,641.573|1099.38,673.923|1180.27,833.34|1185.37,895.417|1161.73,922.131|1093.63,865.867|1096.33,880.692|985.188,632.17|934.787,628.487|906.304,602.887|1006.7,535.395|1063.14,485.792|1143.79,540.435|1052.48,531.462|1057.73,915.673|1262.23,935.513|1291.44,1534.89|1493.06,1977.95|926.623,898.428|899.652,942.006|881.837,1623.14|896.814,2063.5|1015.28,571.704|1043.6,547.232|1056.71,529.791|1068.26,545.509|1026.49,525.18|977.507,525.457
120|1|985.365,909.199|985.222,811.723|986.75,742.887|1004.86,617.045|1019.33,641.616|1096.46,676.762|1166.64,839.557|1175.38,918.911|1157.93,922.439|1093.25,861.162|1091.52,879.713|983.99,632.311|933.708,629.737|896.076,605.214|991.015,533.799|1051.36,473.106|1113.51,516.41|1034.63,534.707|1053.02,919.709|1249.29,940.776|1264.6,1526.8|1447.61,1943|923.951,899.905|900.13,931.893|879.039,1590.8|889.115,1993.21|1014.38,571.81|1023.35,552.875|1044.18,535.916|1070.83,550.747|1012.72,528.776|979.494,522.751
121|1|973.719,920.672|980.046,818.339|986.748,743.897|1005.99,616.974|1020.75,641.866|1099.05,677.357|1163.38,845.154|1168.79,940.78|1155.9,922.587|1090.1,858.212|1086.14,880.608|984.539,632.193|931.861,628.867|897.64,601.827|979.45,532.745|985.706,484.501|1080.19,532.792|1012.83,547.626|1041.93,934.55|1236.02,962.158|1221.87,1559.76|1398.91,1990.06|911.975,908.366|886.487,920.903|835.854,1579.09|823.939,1960.58|1015.73,571.355|984.015,549.715|1017.71,541.784|1069.6,569.919|992.143,524.752|999.636,513.209
122|1|971.948,922.114|981.755,820.1|989.849,745.97|1010.92,620.836|1025.89,645.358|1102.9,681.517|1161.92,851.735|1157.87,957.893|1151.32,929.75|1095.98,859.219|1087.86,881.797|988.867,635.879|929.341,631.088|886.329,602.492|961.787,536.29|997.112,482.579|1065.94,529.416|1016.33,533.013|1040.27,934.434|1210.68,983.427|1181.54,1590.22|1319.54,2044.02|910.559,911.299|858.012,948.036|779.128,1598.29|709.747,1982.99|1020.62,575.705|1068.68,537.703|1071.71,523.526|1065.53,547.196|1045.64,519.639|982.411,531.116
123|1|987.006,946.796|987.062,835.584|989.73,756.119|1014.43,626.424|1029.34,652.185|1109.3,688.55|1185.31,850.128|1193.47,949.696|1150.34,906.307|1067.06,858.987|1089.86,882.871|991.275,641.606|927.764,633.528|877.588,600.791|956.796,524.33|987.031,476.73|1072,533.136|1005.02,521.5|1057.11,958.175|1238.57,974.786|1218.62,1601.86|1380.46,2087.49|923.186,936.707|869.12,904.485|807.152,1559.71|743.979,1969.78|1025.52,579.859|1036.28,540.749|1047.81,521.988|1072.06,539.832|1015.45,525.091|974.646,543.632
124|1|942.181,834.365|969.082,789.571|990.52,740.309|1016.66,645.74|996.657,658.485|930.327,650.456|882.622,598.734|968.889,551.079|988.362,527.898|1029.5,545.339|1003.67,553.708|1027.86,665.201|1076.45,681.155|1063.63,723.793|994.231,662.434|978.499,630.632|947.435,608.095|968.23,647.89|904.072,830.507|846.834,784.288|827.681,908.22|815.495,898.404|975.706,837.833|965.793,788.889|922.971,915.65|911.442,910.137|1025.76,607.37|952.766,581.16|972.304,562.678|1029.38,559.372|968.17,576.866|1019.73,600.036
125|1|953.251,860.503|978.344,793.437|995.525,730.375|1015.22,632.249|997.055,645.43|931.951,642.449|857.641,589.875|930.849,527.319|954.735,496.81|993.281,480.212|978.402,501.895|1026.94,651.49|1076.11,672.621|1079.07,768.953|1009.09,715.216|992.696,677.174|967.969,643.6|981.764,670.978|914.215,853.804|856.019,821.122|829.315,966.004|813.725,954.686|987.766,866.507|965.556,847.077|925.312,998.3|917.22,996.668|1021.49,595.546|965.736,548.693|982.967,549.526|1021.07,591.562|987.174,538.89|1039.48,554.411
126|1|955.525,867.505|978.567,789.703|991.352,722.385|1006.44,622.169|988.902,636.48|922.998,635.193|844.195,589.13|916.173,523.924|940.288,493.369|970.018,458.727|951.666,484.573|1019.07,640.937|1070.07,663.798|1085.44,797.834|1018.32,785.912|1003.53,747.01|983.69,706.922|1005.45,726.57|916.03,863.51|848.447,869.751|823.365,1036.97|796.402,1029.9|990.059,871.078|950.107,906.557|918.407,1082.41|905.879,1087.43|1010.67,584.813|957.567,572.317|960.441,555.365|981.042,555.066|974.636,557.578|1030.46,556.251
127|1|956.861,878.452|975.12,798.801|986.091,732.925|1001.99,635.582|984.632,649.339|920.618,646.999|835.052,608.436|909.816,562.326|925.669,529.83|954.252,498.059|935.076,515.135|1014.15,654.01|1066.33,674.469|1087.09,804.653|1030.58,812.372|1013.2,774.567|991.061,736.283|1016.62,752.246|918.006,875.799|845.209,921.067|824.614,1098.99|795.924,1105.01|990.843,880.851|942.538,953.005|915.523,1134.33|899.336,1143.33|1006.74,599.088|965.235,558.102|962.377,555.579|970.237,590|980.097,547.015|1031.04,558.558
128|1|958.376,882.127|973.155,800.174|981.784,733.101|999.925,635.363|982.063,648.89|917.507,644.954|824.23,608.759|898.232,596.341|933.05,585.996|940.997,552.628|922.761,544.716|1011.84,654.206|1064.44,678.383|1093.78,810.372|1040.78,823.732|1018.71,786.135|991.521,749.374|1021.81,762.892|918.297,880.315|849.653,952.207|832.584,1143.07|802.216,1161.17|993.523,883.799|941.629,979.893|913.653,1167|892.432,1176.67|1005.58,598.55|962.77,568.425|960.087,560.401|968.798,582.957|977.598,554.597|1028.94,558.984
129|1|914.739,914.517|949.262,815.447|971.347,752.929|990.342,652.694|1005.13,675.903|1086.04,706.025|1228.94,762.339|1213,644.168|1227.82,582.016|1192.84,541.842|1165.94,572.899|969.293,660.169|900.408,639.437|808.891,624.3|909.054,593.004|905.527,568.262|989.56,585.168|985.992,601.041|971.861,961.887|943.871,1256.19|654.927,2089.5|0,0|862.634,871.569|921.629,925.466|707.186,1719.95|0,0|999.649,616.26|959.667,566.952|982.41,551.723|1039.68,573.33|953.913,558.325|956.007,588.496
130|1|940.757,893.795|966.221,796.802|982.294,735.556|997.231,635.465|1012.81,657.511|1090.19,693.092|1127.34,866.543|1118.58,825.68|1130.48,765.593|1098.1,699.149|1053.05,770.946|976.65,644.215|905.891,630.945|807.748,611.339|885.621,561.346|898.651,531.748|893.055,499.179|928.783,511.796|998.945,935.457|1006.49,1276.57|736.44,2037.47|0,0|887.554,855.935|851.075,957.475|566.063,1742.65|0,0|1004.89,598.806|992.916,564.282|1010.82,546.395|1050.26,562.25|979.889,548.743|959.041,563.564
131|1|949.644,901.608|968.286,801.323|979.908,738.27|997.841,632.496|1013.36,655.103|1092.22,689.092|1122.66,866.874|1117.54,881.462|1152.98,825.758|1175.62,744.672|1101.56,782.151|976.446,642.505|905.083,630.858|803.596,606.385|882.638,536.999|884.557,516.088|890.866,495.587|913.438,495.498|1013.99,935.156|1041.57,1281.38|819.397,2063.59|0,0|890.938,871.253|815.835,974.811|528.648,1790.12|0,0|1006.27,593.97|991.611,562.043|1008.13,541.99|1049.02,553.465|977.083,546.904|957.082,562.107
132|1|947.924,908.919|964.599,809.169|975.059,746.554|994.067,633.374|1009.86,656.441|1089.36,687.574|1123.15,863.457|1106.66,915.875|1136.2,870.771|1149.92,789.863|1107.95,814.146|972.097,645.335|903.014,633.066|799.551,604.384|878.955,516.613|855.224,502.876|882.871,495.733|902.115,483.462|1019.41,930.239|1079.69,1224.82|928.839,2028.19|0,0|883.556,890.015|796.88,977.572|575.482,1791.79|0,0|1002.58,592.395|985.438,566.924|1004.71,545.878|1048.44,555.247|973.029,548.489|955.509,556.259
133|1|948.259,922.597|961.861,821.836|970.014,760.338|989.501,630.988|1006.33,655.458|1087.15,682.977|1121.78,868.742|1074.18,942.581|1107.58,914.734|1125.2,824.909|1106.19,836.517|966.351,646.993|900.581,637.703|801.796,601.962|846.108,521.13|805.179,484.753|896.763,512.274|881.038,489.461|1022.73,940.083|1135.36,1160.33|1015.63,1995.45|0,0|881.255,907.177|790.233,933.147|605.467,1741.07|0,0|997.783,584.48|984.83,575.313|1003.62,549.112|1046.03,546.913|969.914,552.075|947.227,547.301
134|1|952.043,922.212|963.123,820.631|969.535,759.953|990.418,628.729|1007.1,653.456|1086.7,683.135|1121.78,868.64|1069.11,960.734|1096.4,939.452|1106.29,849.157|1103.5,855.867|966.986,645.276|900.168,638.041|798.183,600.779|836.219,517.774|798.841,486.158|893.36,506.877|871.806,487.211|1026.62,935.457|1147.45,1118.88|1068.31,1938.46|0,0|884.972,910.61|769.156,947.757|607.043,1741.79|0,0|999.05,581.476|981.312,568.455|1000.57,542.624|1046.16,542.308|966.995,546.29|947.82,545.024
135|1|950.178,937.365|961.56,830.193|969.065,760.407|990.776,629.808|1007.04,654.452|1085.62,685.397|1121.85,867.232|1073.68,973.247|1094.72,955.444|1094.16,868.036|1102.17,869.664|967.481,646.445|899.163,639.754|796.197,602.256|828.185,527.805|767.436,497.965|848.093,476.719|850.527,484.311|1022.28,948.337|1134.33,1088.51|1075.74,1835.08|0,0|885.376,927.796|774.981,951.902|638.491,1663.39|0,0|999.655,582.698|983.975,575.911|998.748,547.338|1041.09,538.599|966.187,555.31|944.437,553.822
136|1|948.177,927.507|960.358,825.766|968.463,757.469|987.538,632.501|1003.49,655.657|1077.99,686.554|1120.66,858.052|1081.54,973.071|1096.54,960.072|1086.87,882.374|1101.67,876.751|965.457,648.993|899.213,644.914|792.158,602.836|798.882,515.87|792.846,497.217|826.704,491.331|842.03,486.888|1015.87,935.898|1109.59,1054.52|1062.29,1698.87|0,0|887.573,920.249|781.845,948.827|674.232,1566.8|536.038,1928.58|995.145,587.226|972.379,566.841|992.144,544.539|1039.27,549.947|961.001,547.662|948.036,552.127
137|1|940.141,925.38|955.35,824.829|965.412,757.043|986.218,632.507|1001.86,655.768|1075.99,686.062|1118.23,857.78|1077.84,975.638|1094.12,965.994|1085.09,887.044|1101.28,879.802|963.924,648.787|896.977,643.408|788.554,604.112|797.742,526.359|781.84,497.293|812.643,487.69|826.144,488.712|1007.49,934.593|1100.6,1028.59|1036.4,1649.55|1061.69,2152.05|879.98,917.404|770.51,937.285|665.025,1536.14|531.815,1887.13|994.315,587.357|973.659,566.029|991.383,543.15|1036.46,547.301|960.367,548.178|945.05,555.285
138|1|934.27,927.456|952.076,827.17|963.906,758.019|985.033,634.655|1000.51,657.667|1074.1,687.771|1119.11,857.582|1078.91,976.295|1094.09,967.596|1083.57,889.378|1101.11,880.894|962.849,650.826|895.192,644.595|787.591,607.99|793.079,555.054|768.057,523.052|797.798,490.249|817.805,498.876|1000.57,937.213|1078.24,1008.17|1004.15,1605.69|1004.78,2064.16|875.193,919.008|765.552,917.702|660.467,1485.18|529.032,1796.57|993.061,589.893|973.289,564.577|990.862,542.984|1035.06,550.007|960.153,547.885|944.486,558.037
139|1|931.119,925.11|950.929,827.296|963.822,757.755|984.272,634.792|999.866,657.479|1072.69,687.13|1116.58,856.303|1073.6,977.022|1089.31,972.418|1081.42,896.682|1100.41,886.15|962.247,651.183|894.108,646.232|783.003,613.567|772.502,552.082|756.023,525.032|773.985,482.811|806.001,494.906|997.039,933.694|1056.78,973.086|979.884,1551.59|962.24,1962.87|872.642,917.737|740.933,877.554|647.093,1409.39|511.48,1676.09|991.807,590.121|967.253,565.276|988.792,545.381|1037.03,555.802|958.337,546.63|948.258,552.85
140|1|931.541,925.116|950.981,827.489|963.595,758.092|983.213,635.236|998.938,657.746|1071.7,686.677|1116.47,855.523|1075.24,978.699|1090.16,974.808|1080.06,899.442|1100.09,887.62|961.333,651.761|893.017,647.484|780.051,615.296|766.269,552.839|748.219,524.985|763.261,477.384|786.171,486.434|997.406,933.306|1052.88,967.299|973.55,1543.23|951.486,1947.41|873.111,918.089|751.842,895.932|652.2,1437.75|516.844,1713.99|990.408,590.602|965.257,566.75|985.126,545.63|1033.17,553.188|954.821,549.016|944.36,556.566
141|1|935.355,930.5|952.95,830.149|963.852,758.043|981.736,634.062|997.881,656.411|1070.97,685.618|1116.3,854.827|1076.07,981.447|1089.75,978.831|1077.48,904.591|1099.61,891.008|960.007,651.139|890.996,647.88|775.979,617.301|758.145,552.825|740.156,526.647|757.611,481.209|781.179,489.322|1001.36,935.651|1044.07,959.009|977.916,1536.78|952.633,1928.47|876.911,926.177|747.242,912.065|660.932,1456.98|518.624,1731.91|988.187,589.009|963.092,568.449|982.567,546.206|1030.63,551.096|952.056,549.991|941.139,555.37
142|1|934.777,928.755|952.252,828.832|963.046,756.985|980.518,633.258|996.697,655.472|1069.5,684.216|1112.63,854.952|1074.58,984.173|1091.52,983.398|1077.35,902.061|1099.86,888.274|958.898,650.403|889.674,647.834|771.818,621.012|748.444,560.167|728.791,534.897|740.064,486.892|768.463,490.281|1000.53,933.631|1044.31,962.242|978.107,1541.12|953.591,1937.03|876.552,924.672|749.148,942.436|662.54,1496.72|521.977,1794.13|986.77,588.277|959.42,564.155|980.79,543.608|1030.66,552.592|950.53,545.766|942.371,552.276
143|1|934.776,928.755|952.251,828.832|963.046,756.986|980.518,633.258|996.696,655.473|1069.5,684.216|1112.63,854.951|1074.58,984.172|1091.52,983.398|1077.35,902.061|1099.86,888.274|958.897,650.403|889.673,647.834|771.815,621.013|748.439,560.168|728.783,534.898|740.052,486.891|768.449,490.281|1000.53,933.631|1044.31,962.24|978.107,1541.12|953.592,1937.03|876.552,924.672|749.148,942.438|662.542,1496.72|521.98,1794.13|986.769,588.277|959.417,564.159|980.785,543.609|1030.65,552.589|950.525,545.771|942.367,552.28
144|1|934.832,927.122|952.188,827.163|962.853,755.196|979.617,631.189|995.956,653.309|1068.82,681.649|1112.27,852.403|1072.51,980.6|1090.62,981.86|1078.42,900.388|1100.5,886.132|958.07,648.532|888.392,647.038|767.733,622.827|741.323,563.048|719.161,537.783|725.248,490.997|756.737,492.992|1000.65,931.741|1044.03,963.546|978.215,1544.98|954.534,1946.26|876.559,923.269|747.743,943.522|664.745,1496.79|526.594,1797.87|985.565,586.085|954.331,570.681|974.689,547.346|1026.67,548.77|944.715,551.039|938.885,552.408
145|1|934.811,927.112|952.162,827.145|962.822,755.169|979.567,631.149|995.911,653.268|1068.78,681.604|1112.26,852.343|1072.52,980.576|1090.64,981.87|1078.43,900.425|1100.51,886.138|958.022,648.497|888.334,647.026|767.626,622.866|741.126,563.117|718.865,537.857|724.84,491.107|756.483,493.163|1000.63,931.724|1044,963.552|978.227,1545.05|954.565,1946.44|876.535,923.265|747.309,943.566|664.493,1496.82|526.124,1797.93|985.507,586.04|954.166,570.59|974.669,547.334|1026.77,548.944|944.693,550.874|939.009,552.125
146|1|934.808,927.112|952.158,827.144|962.817,755.166|979.559,631.144|995.903,653.263|1068.77,681.597|1112.26,852.335|1072.52,980.571|1090.64,981.866|1078.43,900.422|1100.51,886.133|958.014,648.494|888.325,647.026|767.609,622.877|741.096,563.135|718.819,537.88|724.773,491.146|756.444,493.207|1000.63,931.722|1044,963.552|978.229,1545.06|954.57,1946.46|876.532,923.266|747.296,943.533|664.47,1496.79|526.087,1797.88|985.497,586.035|954.143,570.59|974.64,547.328|1026.74,548.925|944.666,550.877|938.989,552.134
147|1|934.503,927.044|951.746,826.898|962.304,754.735|978.545,630.405|995.009,652.49|1068.11,680.629|1112.38,851.132|1072.64,979.45|1090.29,981.365|1078.6,900.443|1100.7,885.872|957.039,647.89|887.171,646.881|765.725,623.922|738.211,564.907|714.055,540.247|718.233,495.715|750.491,499.503|1000.44,931.507|1042.61,962.798|978.215,1545.77|954.417,1948.9|876.122,923.329|741.391,932.18|658.803,1482.93|517.232,1777.2|984.297,585.183|950.404,572.452|971.383,548.721|1025.19,548.755|941.597,551.953|938.052,550.832
148|1|934.4,927.094|951.617,826.951|962.152,754.778|978.285,630.432|994.767,652.5|1067.85,680.57|1112.19,851.088|1072.31,979.261|1089.91,981.043|1078.2,900.019|1100.4,885.562|956.795,647.94|886.912,647.062|765.314,624.449|737.468,565.637|712.988,541.037|716.934,496.641|749.356,501.206|1000.33,931.517|1042.25,962.708|978.108,1545.57|954.277,1948.44|876.025,923.414|739.797,931.656|657.483,1481.91|515.053,1775.34|983.993,585.204|949.944,572.554|970.267,548.413|1023.92,547.513|940.567,552.508|936.855,552.171
149|1|933.791,927.413|951.006,827.126|961.493,754.688|976.817,629.976|993.462,651.97|1066.48,680.146|1110.81,850.553|1068.69,977.346|1086.11,979.548|1076.63,899.633|1098.96,885.503|955.423,647.692|885.346,648.199|762.769,629.543|733.771,572.912|705.1,545.583|715.169,499.139|744.861,510.341|999.721,931.694|1037.03,958.924|975.974,1538.95|952.725,1935.81|875.418,923.858|729.769,916.876|655.293,1457.62|514.886,1738.83|982.213,584.615|945.323,573.323|966.52,549.201|1022.13,548.057|937.073,552.59|935.962,550.516
150|1|932.522,925.408|950.677,826.359|961.781,754.677|977.342,630.644|993.851,652.529|1066.13,680.425|1109.73,850.789|1066.45,976.749|1085.68,980.359|1076.57,898.583|1099.3,884.442|956.027,648.269|885.999,650.192|762.157,638.712|731.334,586.941|699.291,562.659|707.281,513.569|743.358,524.691|997.937,930.01|1032.09,949.971|968.125,1519|944.224,1896.21|874.656,921.569|728.578,905.642|655.682,1433.62|519.44,1699.88|982.746,585.509|945.91,574.262|966.086,549.743|1021.15,547.39|936.926,554.304|935.539,553.411
151|1|932.696,925.348|950.782,826.115|961.831,754.135|976.902,629.799|993.511,651.685|1065.9,679.717|1108.71,850.307|1064.61,975.482|1084.37,979.377|1076.26,897.214|1099.24,883.493|955.633,647.541|885.683,650.42|762.498,642.378|732.261,593.05|698.873,569.751|703.969,521.277|740.431,531.505|998.098,929.979|1032.1,949.166|968.158,1516.84|944.956,1891.84|874.836,921.483|734.605,901.433|660.425,1427.84|526.678,1691.69|982.157,584.551|945.115,573.738|964.105,548.459|1018.83,544.271|935.106,554.538|933.386,554.824
152|1|932.696,925.348|950.782,826.115|961.831,754.135|976.902,629.799|993.511,651.685|1065.9,679.717|1108.71,850.307|1064.61,975.482|1084.37,979.377|1076.26,897.214|1099.24,883.493|955.633,647.541|885.683,650.42|762.498,642.378|732.261,593.05|698.873,569.751|703.969,521.277|740.431,531.505|998.098,929.979|1032.1,949.166|968.158,1516.84|944.956,1891.84|874.836,921.483|734.605,901.433|660.425,1427.84|526.678,1691.69|982.157,584.551|945.115,573.738|964.105,548.459|1018.83,544.271|935.106,554.538|933.386,554.824
153|1|935.749,925.621|952.672,826.446|962.922,754.347|976.627,630.054|993.439,651.727|1065.93,679.349|1107.79,849.976|1064.03,974.301|1085.18,979.799|1077.15,895.993|1099.71,881.862|955.585,647.996|885.679,651.282|762.636,645.935|734.132,597.419|698.293,571.4|701.499,526.65|737.444,545.991|1001.07,929.694|1037.5,948.199|977.002,1513.03|957.53,1882.8|877.93,922.247|747.305,911.684|674.218,1442.72|543.002,1709.95|981.393,584.827|944.364,572.886|960.065,546.556|1013.06,539.257|931.956,556.577|929.446,561.852
154|1|950.801,940.738|961.301,836.396|966.077,755.586|977.265,633.511|993.962,654.627|1065.35,684.077|1105.6,848.443|1066.94,969.667|1082.27,977.094|1076.7,899.377|1099.24,883.196|957.103,651.557|887.533,657.52|758.946,657.324|725.657,600.813|699.283,573.825|697.58,524.863|727.185,540.957|1011.76,942.429|1024.75,963.802|992.613,1468.26|990.571,1732.57|896.734,939.44|757.853,919.321|716.632,1380.38|598.755,1572.77|981.17,589.039|946.851,574.406|967.32,551.665|1020.4,552.809|938.589,555.171|936.223,556.065
155|1|948.332,945.644|960.745,838.113|965.463,753.433|975.17,631.492|992.058,652.616|1064.08,683.961|1102.46,847.501|1064.79,971.671|1081.28,976.123|1075.33,900.125|1098,885.486|955.24,649.889|885.245,659.043|756.835,661.987|719.032,617.047|677.853,600.072|644.639,593.938|729.6,569.541|1006.04,949.55|1016.29,964.135|978.93,1408.21|983.99,1625.37|897.263,942.37|770.763,919.584|741.01,1322.89|631.798,1488.73|978.606,586.985|943.9,574.914|965.253,552.001|1019.08,552.57|936.232,554.329|934.303,552.078
156|1|957.903,953.987|965.501,840.306|966.78,755.465|974.49,631.805|992.236,653.151|1067.66,684.445|1102.59,852.794|1058.64,981.948|1077.05,989.004|1069.15,911.715|1095.26,895.112|954.326,650.932|881.303,661.99|753.405,665.268|725.142,624.243|684.607,611.831|670.819,601.627|722.42,589.527|1014.18,957.46|1020.46,1005.33|988.363,1413.19|1004.27,1618.81|907.91,951.076|806.19,958.235|792.06,1329.65|700.824,1491.11|977.202,586.607|946.929,581.635|961.725,553.31|1011.35,541.61|932.046,563.009|923.019,562.475
157|1|953.681,947.652|963.875,835.26|966.492,753.824|974.646,631.896|992.317,653.17|1068.29,684.596|1102.28,850.948|1060.53,978.555|1074.88,988.595|1068.41,913.593|1094.93,894.805|954.396,650.742|880.767,661.585|745.522,669.317|722.634,628.37|663.799,628.102|645.157,660.425|711.775,588.803|1008,953.338|995.522,1045.08|974.38,1394.51|981.922,1603.1|905.537,942.776|740.77,969.806|761.302,1291.14|667.704,1449.16|977.532,587.29|933.182,580.309|961.107,559.94|1022.94,565.012|932.428,554.475|940.848,540.856
158|1|953.849,947.495|964.044,835.268|966.653,753.965|974.512,632.19|992.212,653.398|1068.17,684.588|1102.62,850.791|1060.29,977.516|1074.68,987.385|1068.37,911.994|1095.15,893.567|954.332,651.055|880.811,662.177|745.404,670.783|721.957,630.113|664.668,629.419|644.316,657.595|710.656,587.635|1008.08,953.189|991.83,1050.36|972.387,1381.98|975.72,1591.81|905.782,942.61|763.848,950.175|777.742,1267.07|690.459,1425.42|977.282,587.645|936.447,579.19|961.118,556.018|1020.54,556.904|931.402,555.461|934.475,547.299
159|1|958.853,949.464|966.092,837.208|966.92,756.482|973.797,634.507|991.801,655.626|1069.39,682.692|1101.24,848.786|1051.21,976.852|1069.03,990.016|1066.67,919.722|1092.73,900.165|953.626,653.595|878.866,660.956|741.605,672.531|708.62,641.502|679.063,638.203|651.334,639.539|700.559,602.324|1012.37,954.708|982.108,1070.57|971.286,1365.44|970.655,1574.06|911.515,944.981|777.18,983.24|805.318,1271.88|724.86,1434.66|976.235,589.903|942.817,579.904|965.651,555.742|1020.62,555.837|934.554,556.994|930.261,551.579
160|1|957.406,949.353|965.205,838.231|966.608,758.313|974.461,637.061|992.167,658.204|1069.32,684.085|1100.83,848.587|1051.82,977.011|1068.23,990.514|1064.54,923.783|1091.74,902.662|954.264,655.866|879.904,661.786|741.323,672.788|706.819,642.562|692.441,640.17|653.549,637.813|697.483,609.224|1010.35,955.089|986.051,1104.27|971.536,1380.83|968.862,1590.39|910.578,944.434|799.515,1065.38|823.954,1329.82|759.51,1503.35|977.266,592.752|946.476,577.758|965.127,552.539|1016.81,551.034|934.465,558.804|926.632,562.111
161|1|959.474,951.719|965.358,840.185|966.008,758.957|972.483,636.69|990.503,657.713|1068.34,682.792|1100.66,848.368|1049.78,979.766|1065.91,996.596|1061.8,928.434|1090.56,905.683|952.408,655.907|877.841,663.883|740.139,676.897|705.139,644.56|692.983,641.01|658.532,639.886|692.038,650.505|1012.61,956.927|992.323,1146.97|979.46,1420.6|977.695,1632.34|912.523,947.27|808.74,1125.54|835.065,1381.65|780.888,1558.55|974.853,592.017|944.048,578.924|965.637,554.817|1018.55,555.711|934.459,557.392|927.683,555.594
162|1|960.632,951.428|965.591,839.774|965.826,758.164|971.577,635.255|989.866,656.282|1067.87,682.384|1100.42,848.568|1052.66,983.857|1066.25,1000.56|1057.36,934.505|1089.37,909.399|951.468,654.714|876.362,663.433|738.029,678.033|698.177,652.011|679.978,648.435|650.942,649.012|686.293,656.094|1013.94,956.435|998.258,1181.18|986.61,1451.69|985.027,1664.61|913.53,947.158|817.031,1161.52|842.484,1410.5|793.036,1586.72|973.687,590.326|944.699,579.864|966.186,555.065|1018.29,554.364|934.466,557.427|925.87,553.365
163|1|960.58,951.496|965.516,839.845|965.727,758.243|971.381,635.344|989.686,656.356|1067.71,682.404|1100.43,848.61|1052.75,984.045|1066.23,1000.73|1057.14,934.625|1089.26,909.462|951.289,654.816|876.191,663.613|737.732,678.461|697.482,652.658|678.903,649.312|649.327,650.15|685.021,657.116|1013.88,956.49|998.382,1181.95|986.907,1451.1|985.508,1663.72|913.483,947.237|817.198,1162.39|843.18,1409.88|794.134,1585.95|973.45,590.419|943.385,581.256|964.695,556.039|1017.4,554.103|933.089,558.734|925.227,554.019
164|1|961.801,950.278|966.229,839.777|966.057,759.035|970.664,637.355|988.982,658.03|1066.52,683.297|1100.59,847.798|1055.25,983.798|1066.95,1000.93|1056.52,936.629|1089.37,910.114|950.914,656.775|876.516,665.732|737.688,683.121|694.853,661.073|676.173,657.874|638.861,660.454|682.406,670.25|1014.56,955.016|1002.37,1193.2|993.368,1456.02|992.096,1664.7|915.179,946.242|823.858,1174.21|849.358,1415.11|804.913,1588.58|972.299,592.899|938.274,586.377|962.339,562.762|1017.88,562.6|931.43,561.964|928.459,552.116
165|1|965.431,949.974|966.74,838.848|965.331,756.988|970.002,633.872|988.576,654.724|1066.59,681.648|1100.48,848.721|1059.09,989.563|1070.12,1006.07|1054.15,937.708|1089.17,910.026|949.927,653.635|874.523,664.369|733.593,688.748|676.223,675.086|642.586,680.864|597.606,696.609|674.741,693.852|1018.96,952.945|1015.7,1212.81|1008.05,1474.72|1011.83,1684.91|917.947,947.493|833.281,1197.86|860.65,1434.34|820.008,1608.72|971.844,588.847|942.486,586.697|960.643,558.392|1012.08,548.227|929.07,564.505|919.126,557.846
166|1|965.425,949.976|966.73,838.85|965.317,756.991|969.975,633.876|988.552,654.726|1066.57,681.639|1100.48,848.707|1059.11,989.567|1070.14,1006.09|1054.15,937.742|1089.17,910.041|949.902,653.641|874.498,664.387|733.547,688.811|676.115,675.198|642.43,681.017|597.394,696.828|674.575,694.022|1018.95,952.945|1015.75,1212.88|1008.11,1474.62|1011.94,1684.77|917.941,947.497|833.312,1197.93|860.735,1434.25|820.139,1608.61|971.812,588.851|942.417,586.767|960.579,558.451|1012.04,548.244|929.008,564.561|919.093,557.848
167|1|965.425,949.976|966.73,838.85|965.317,756.991|969.975,633.876|988.552,654.726|1066.57,681.639|1100.48,848.707|1059.11,989.567|1070.14,1006.09|1054.15,937.742|1089.17,910.041|949.902,653.641|874.498,664.387|733.547,688.811|676.115,675.198|642.43,681.017|597.394,696.828|674.575,694.022|1018.95,952.945|1015.75,1212.88|1008.11,1474.62|1011.94,1684.77|917.941,947.497|833.312,1197.93|860.735,1434.25|820.139,1608.61|971.812,588.851|942.417,586.767|960.579,558.451|1012.04,548.244|929.008,564.561|919.093,557.848
168|1|971.703,945.128|970.574,835.624|966.879,755.496|969.703,633.922|988.613,654.349|1066.61,679.478|1100.44,845.669|1061.95,989.347|1071.33,1007.86|1050.95,944.633|1088.56,912.835|949.922,653.746|874.521,664.82|731.84,693.759|659.681,695.087|629.749,699.309|589.762,711.256|672.37,710|1024.63,947.174|999.661,1162.47|1002.11,1413.51|1004.14,1619.05|924.807,943.467|844.288,1182.31|878.544,1403.52|838.357,1574.64|970.772,589.443|940.838,595.928|957.944,565.771|1009.53,548.961|926.486,572.604|916.524,560.278
169|1|974.74,947.021|972.036,836.995|966.638,757.015|967.961,635.302|987.18,655.532|1065.84,677.784|1100.93,843.975|1066.62,991.471|1073.19,1011.95|1047.82,951.26|1088.15,915.443|948.376,655.382|872.707,666.183|730.198,695.592|654.228,700.415|630.815,709.94|591.421,719.121|669.11,714.282|1027.74,948.383|979.646,1078.9|990.557,1329.5|991.855,1537.12|927.84,945.967|848.803,1158.59|891.686,1367.66|851.806,1540.4|968.441,590.782|939.042,590.453|958.242,562.12|1010.35,551.877|926.2,567.042|916.323,557.764
170|1|977.212,951.226|973.389,839.681|967.075,758.686|966.606,635.082|986.348,655.34|1066.3,677.038|1100.75,845.483|1060.76,993.18|1070.16,1016.02|1049.4,951.155|1087.8,917.107|947.104,655.722|870.664,667.365|725.552,697.345|650.687,703.384|618.239,706.738|584.102,729.538|667.192,716.509|1030.91,952.124|1009.51,1158.09|1017.8,1408.79|1024.3,1618.56|929.718,950.587|852.689,1177.87|899.226,1388.67|863.569,1563.73|966.373,589.861|941.322,590.934|960.151,562.046|1009.89,550.93|927.298,566.91|913.491,556.398
171|1|979.639,952.94|974.041,841.501|966.946,760.465|965.927,635.609|985.941,655.871|1066.44,677.033|1100.62,846.984|1053.43,992.801|1066.11,1017.88|1052.31,950.141|1087.41,918.43|946.287,656.665|869.104,669.701|719.588,700.217|651.853,703.859|613.28,710.001|581.449,741.092|663.92,715.64|1033.7,952.864|1027.07,1193.06|1035.8,1446.2|1048.03,1656.83|931.708,953.167|864.048,1204.78|910.466,1414.65|880.973,1589.99|965.681,589.923|940.32,593.307|959.665,563.906|1010.12,551.601|926.351,568.343|912.513,555.574
172|1|979.639,952.94|974.04,841.501|966.944,760.465|965.925,635.609|985.938,655.871|1066.44,677.033|1100.62,846.984|1053.42,992.801|1066.11,1017.88|1052.31,950.138|1087.4,918.428|946.284,656.666|869.102,669.701|719.585,700.22|651.845,703.865|613.269,710.009|581.436,741.104|663.908,715.648|1033.7,952.864|1027.01,1193.01|1035.75,1446.21|1047.96,1656.86|931.707,953.167|864.052,1204.78|910.473,1414.65|880.983,1589.98|965.678,589.923|940.308,593.308|959.653,563.906|1010.11,551.599|926.34,568.345|912.509,555.577
173|1|979.624,952.951|974.016,841.511|966.91,760.476|965.857,635.623|985.876,655.88|1066.38,677.028|1100.61,846.981|1053.38,992.792|1066.02,1017.85|1052.18,950.091|1087.32,918.396|946.223,656.683|869.045,669.74|719.474,700.328|651.592,704.036|612.928,710.244|581.029,741.433|663.543,715.834|1033.68,952.869|1026.52,1192.57|1035.43,1446.3|1047.46,1657.08|931.694,953.182|864.156,1204.96|910.659,1414.49|881.28,1589.78|965.595,589.939|939.981,593.424|959.306,563.983|1009.9,551.549|926.021,568.477|912.369,555.689
174|1|979.672,952.903|973.975,841.409|966.773,760.354|965.421,635.492|985.507,655.721|1066.15,676.807|1100.71,846.768|1053.62,992.98|1065.95,1018.52|1051.77,951.512|1087.07,919.223|945.827,656.59|868.628,669.816|718.361,701.243|649.859,705.747|611.678,712.535|581.716,744.462|663.747,715.358|1033.75,952.788|1016.72,1178.27|1028.39,1436.1|1038.89,1648.04|931.729,953.165|867.539,1207.57|914.032,1413.85|886.459,1589.05|965.02,589.802|937.06,593.699|956.576,564.128|1008.66,551.264|923.476,568.738|911.664,555.758
175|1|981.669,953.559|974.806,842.243|967.261,760.76|965.412,635.182|985.707,655.456|1066.71,676.508|1101.13,847.592|1052.39,993.892|1065.79,1019.83|1052.79,949.881|1087.28,918.47|945.775,656.48|868.111,669.831|716.272,702.232|652.287,707.608|612.408,716.108|581.209,747.964|663.644,715.511|1035.99,952.725|1038.16,1212.04|1047.5,1462.78|1063.45,1673.24|933.422,954.462|878.037,1224.1|922.803,1429.21|898.441,1603.82|964.822,589.218|936.493,594.114|956.336,564.292|1008.96,550.952|922.972,568.67|911.284,554.642
176|1|981.68,953.284|974.773,841.913|967.183,760.418|965.299,634.799|985.617,655.072|1066.69,676.032|1101.07,847.186|1053.45,994.375|1066.8,1020.54|1053.02,951.047|1087.3,918.972|945.647,656.121|867.895,669.476|716.031,701.828|652.296,707.33|612.595,715.848|581.746,747.78|663.993,714.495|1036.03,952.422|1008.96,1179.2|1023.14,1445.37|1030.96,1659.86|933.402,954.212|879.78,1223.19|924.158,1427.87|900.28,1603.08|964.704,588.814|935.94,593.937|956.069,564.173|1009.1,550.94|922.661,568.279|911.361,553.806
177|1|982.126,957.496|975.1,844.877|967.402,762.085|965.624,635.674|986.078,656.12|1068.2,676.324|1100.67,849.349|1046.26,994.808|1062.13,1024.06|1054.51,952.341|1086.41,921.463|945.811,657.094|867.418,670.144|713.914,702.253|649.65,705.599|610.412,714.477|578.046,750.182|663.49,715.16|1036.97,956.779|1035.99,1219.1|1046.06,1475.11|1061.16,1690.47|933.468,958.296|879.442,1235.43|925.497,1439.28|903.81,1614.87|965.034,589.4|935.667,593.388|956.027,563.532|1009.68,550.938|922.383,567.744|911.335,554.108
178|1|984.214,955.725|975.878,844.715|967.85,762.562|966.241,636.352|986.666,656.763|1068.37,677.368|1102.92,849.607|1049.7,994.583|1061.71,1022.97|1053.91,952.649|1086.44,921.516|946.385,657.761|867.871,670.146|712.943,703.356|651.06,707.151|611.966,715.3|580.935,749.694|664.048,715.14|1038.81,953.896|1053.64,1233.19|1062.2,1480.16|1082.19,1689.78|935.601,957.517|891.307,1243.15|933.685,1445.22|914.627,1618.99|965.779,590.155|936.422,593.207|956.136,563.081|1009.54,550.252|922.584,568.172|911.288,556.068
179|1|985.193,953.358|975.994,843.711|967.746,761.773|966.117,635.817|986.487,656.15|1067.92,677.311|1102.85,849.336|1054.34,996.517|1062.87,1024.59|1053.16,951.907|1086.76,920.287|946.311,657.215|868.045,670.047|715.073,703.118|650.701,706.193|612.109,715.458|580.696,751.565|664.268,715.59|1039.5,950.741|1066.26,1242.08|1074.06,1480.81|1097.46,1684.23|936.721,955.856|900.725,1249.77|940.261,1448.25|924.533,1619.39|965.696,589.709|935.996,592.143|955.933,562.309|1009.54,550.148|922.48,567.156|911.631,555.302
180|1|983.606,953.929|975.196,844.028|967.738,761.543|966.755,635.482|987.012,655.915|1068.51,677.377|1102.82,849.672|1055,996.888|1063.2,1025.33|1053.1,951.582|1086.89,919.753|946.838,656.809|868.584,669.773|716.058,703.472|649.896,703.498|611.817,713.744|580.827,751.428|664,715.36|1038.02,951.529|1073.24,1250.19|1079.15,1482.08|1104.14,1682.04|934.99,956.236|902.819,1256.41|939.663,1452.31|926.915,1621.99|966.608,589.334|936.945,590.192|957.28,560.805|1010.98,550.098|923.78,565.273|913.062,554.212
181|1|984.211,954.051|975.731,844.182|968.249,761.664|966.925,635.448|987.237,655.84|1068.77,677.291|1102.85,849.884|1055.25,997.294|1063.66,1026.39|1053.11,951.253|1087.03,919.148|947.064,656.854|868.813,669.931|716.995,703.349|650.525,703.202|611.896,713.374|580.587,751.75|664.018,716.023|1038.64,951.604|1076.72,1253.97|1083.01,1481.61|1107.69,1679.27|935.575,956.401|904.158,1259.53|940.782,1454.3|928.861,1622.75|966.666,589.243|938.008,590.01|957.659,560.335|1010.51,549.033|924.168,565.478|912.444,555.144
182|1|983.825,953.284|975.814,845.05|968.905,763.02|968.252,636.731|988.546,657.265|1070.67,678.052|1103.35,851.546|1054.08,999.056|1063.45,1025.36|1052.71,951.545|1086.56,920.988|948.19,658.056|869.473,670.112|717.896,702.764|653.157,700.134|611.801,709.73|584.169,756.017|666.548,717.416|1038.09,950.943|1079.27,1255.26|1082.76,1476.42|1109.11,1669.64|935.279,955.542|907.701,1260.07|941.114,1451.93|929.873,1618.93|968.234,590.504|937.811,589.622|958.154,560.221|1012.41,550.3|924.581,565.07|914.273,555.594
183|1|984.359,951.097|976.275,843.729|969.326,762.207|969.225,636.374|989.227,656.911|1070,679.505|1102.68,850.996|1059.44,999.218|1063.06,1023.14|1051.72,952.467|1086.39,921.932|949.275,657.476|871.456,669.69|722.189,702.455|653.314,704.034|622.391,705.079|594.327,756.302|667.568,714.836|1038.2,948.724|1078.41,1255.15|1082.49,1471.96|1106.72,1659.86|936.19,953.382|909.766,1258.49|941.138,1446.59|929.548,1609.82|969.396,590.333|937.104,595.281|956.695,565.101|1011.54,550.823|923.868,570.317|915.225,557.08
184|1|984.307,952.434|976.14,844.502|969.137,762.54|968.916,635.983|989.021,656.602|1070.22,679.22|1103.15,851.492|1060.33,1000.82|1063.81,1025.08|1050.78,954.016|1086.14,922.826|948.897,657.23|870.728,669.677|721.561,702.117|653.467,701.88|619.485,704.848|589.964,756.58|663.764,717.334|1038.42,950.007|1079.3,1259.43|1082.99,1472.14|1106.69,1659.41|935.892,954.769|909.067,1262.75|941.043,1447.52|930.066,1610.32|969.062,589.67|941.132,585.493|962.714,557.808|1015.67,552.12|929.019,560.72|917.603,551.911
185|1|983.912,955.8|976.004,846.733|969.267,763.764|969.885,636.335|989.907,657.193|1071.39,679.643|1103.23,852.722|1060.33,1002.11|1063.88,1025.88|1051.38,953.12|1086.14,922.592|949.66,657.59|871.186,669.813|721.835,700.613|657.826,693.371|617.981,698.741|589.03,757.492|660.391,716.51|1038.42,953.437|1080.58,1267.02|1083.7,1479.15|1107.26,1667.13|935.129,958.08|907.208,1270.42|939.084,1454.3|929.4,1616.83|970.393,589.713|939.179,584.947|960.278,556.716|1015.06,550.099|926.924,560.915|917.755,553.743
186|1|983.912,955.799|976.004,846.732|969.267,763.762|969.887,636.333|989.909,657.191|1071.39,679.642|1103.23,852.722|1060.33,1002.1|1063.88,1025.88|1051.38,953.115|1086.14,922.589|949.661,657.588|871.187,669.809|721.835,700.601|657.825,693.353|617.979,698.719|589.018,757.466|660.388,716.495|1038.42,953.436|1080.58,1267.02|1083.7,1479.15|1107.26,1667.12|935.129,958.079|907.206,1270.41|939.081,1454.29|929.397,1616.83|970.394,589.71|939.185,584.94|960.285,556.71|1015.07,550.099|926.931,560.908|917.758,553.738
187|1|983.498,956.545|975.683,847.174|969.033,763.96|970.064,636.257|990.029,657.206|1071.63,679.915|1102.85,853.59|1058.65,1002.62|1063.77,1026.56|1051.57,952.419|1086.14,922.271|949.753,657.496|871.148,669.346|722.08,696.812|659.864,685.537|619.55,689.425|589.219,752.712|660.945,716.489|1038.11,954.201|1080.76,1268.86|1083.49,1482.56|1106.88,1671.24|934.614,958.809|905.938,1272.22|937.396,1456.52|927.878,1619.12|970.75,589.536|939.641,583.844|961.647,556.277|1016.68,551.367|928.165,559.404|919.268,551.882
188|1|983.498,956.545|975.683,847.174|969.033,763.96|970.064,636.257|990.029,657.206|1071.63,679.915|1102.85,853.59|1058.65,1002.62|1063.77,1026.56|1051.57,952.419|1086.14,922.271|949.753,657.496|871.148,669.346|722.08,696.812|659.864,685.537|619.55,689.425|589.219,752.712|660.945,716.489|1038.11,954.201|1080.76,1268.86|1083.49,1482.56|1106.88,1671.24|934.614,958.809|905.938,1272.22|937.396,1456.52|927.878,1619.12|970.75,589.536|939.641,583.844|961.647,556.277|1016.68,551.367|928.165,559.404|919.268,551.882
189|1|978.382,958.957|973.135,847.978|968.686,763.24|970.708,635.298|990.572,656.42|1072.65,680.1|1102.96,854.936|1055.56,1002.89|1064.03,1027.73|1052.1,952.198|1086.14,922.201|950.154,656.468|871.246,668.389|721.596,692.963|665.806,666.332|626.761,666.999|590.505,736.376|664.426,703.263|1033.49,957.568|1082.93,1275.15|1079.46,1488.35|1104.18,1677.81|928.978,960.371|900.229,1277.61|927.048,1467.26|919.104,1632.16|971.825,588.474|940.857,580.673|963.412,553.602|1018.63,550.564|929.729,556.288|920.801,549.855
190|1|973.238,959.373|970.634,848.018|968.191,762.88|970.779,634.841|990.605,656.078|1073.01,680.129|1103.04,855.517|1056.3,1003.97|1064.14,1027.7|1051.73,951.948|1086.03,922.452|950.077,655.951|870.934,667.758|722.527,689.745|670.661,657.951|638.227,649.067|589.952,733.994|664.456,700.71|1028.53,959.555|1077.16,1279|1069.84,1490.43|1093.46,1679.89|923.725,959.379|891.117,1276.72|914.314,1472.11|904.069,1638.68|972.104,587.97|941.877,580.255|963.797,552.703|1018.47,548.848|929.969,556.141|920.057,550.321
191|1|973.238,959.373|970.634,848.018|968.191,762.88|970.779,634.841|990.605,656.078|1073.01,680.129|1103.04,855.517|1056.3,1003.97|1064.14,1027.7|1051.73,951.948|1086.03,922.452|950.077,655.951|870.934,667.758|722.527,689.745|670.661,657.951|638.227,649.067|589.952,733.994|664.456,700.71|1028.53,959.555|1077.16,1279|1069.84,1490.43|1093.46,1679.89|923.725,959.379|891.117,1276.72|914.314,1472.11|904.069,1638.68|972.104,587.97|941.877,580.255|963.797,552.703|1018.47,548.848|929.969,556.141|920.057,550.321
192|1|962.121,957.602|964.12,846.255|965.328,760.465|971.162,633.403|990.376,655.044|1072.45,680.807|1103.49,855.815|1054.49,1002.86|1063.49,1026.92|1052.05,952.394|1085.89,922.962|950.009,653.823|870.865,662.724|724.854,671.449|679.069,637.557|649.911,631.667|621.184,669.478|676.755,647.258|1017.31,960.375|1062.02,1280.21|1047.76,1492.96|1065.78,1681.8|912.767,955.29|873.582,1270.04|889.98,1471.66|876.725,1638.46|973.636,586.874|948.17,576.166|969.814,549.516|1021.43,548.24|935.697,552.464|922.218,548.457
193|1|961.686,957.792|963.751,846.107|965.002,760.088|970.929,632.69|990.192,654.4|1072.5,680.407|1103.51,856.133|1052.95,1002.7|1063.55,1027.62|1052.44,951.462|1086.07,922.055|949.693,653.163|870.268,661.975|724.076,670.089|684.232,634.261|654.451,622.398|620.6,657.017|673.841,646.998|1017.04,960.6|1054.17,1282.54|1039.09,1493.4|1053.14,1682.92|912.185,955.451|864.407,1269.97|880.682,1475.12|863.844,1643.08|973.446,586.027|942.528,581.977|964.298,553.699|1019.43,547.282|930.503,557.18|921.017,548.681
194|1|955.058,954.139|961.397,842.173|964.357,757.529|971.206,632.411|990.37,654.135|1072.68,679.465|1103.34,854.847|1048.93,992.535|1064.6,1034.84|1055.7,952.596|1088.14,914.373|949.816,652.305|870.309,660.402|724.711,663.046|685.453,620.17|657.774,600.619|617.155,646.808|680.42,633.715|1009.62,961.423|997.79,1262.6|1005.5,1445.41|1006.11,1636.61|906.921,947.875|730.742,1127.17|799.883,1343.68|760.064,1513.6|973.837,586.541|941.605,583.438|963.945,555.045|1020.21,548.378|930.031,558.099|921.575,548.424
195|1|948.26,957.011|958.472,842.522|964.106,758.163|972.437,632.535|991.288,654.504|1073.61,679.753|1103.09,855.167|1043.85,987.705|1062.43,1035.15|1057.88,952.584|1088.97,913.367|950.853,652.286|871.402,658.708|727.586,657.457|690.178,610.29|666.918,594.012|621.496,635.02|682.648,629.636|1003.5,964.587|978.788,1230.22|979.508,1413.42|978.671,1611.61|899.207,950.454|723.98,1062.49|779.795,1305.48|726.382,1483.84|975.687,586.494|943.438,581.041|964.915,552.65|1020.74,546.428|931.285,556.873|922.678,550.104
196|1|950.953,965.608|959.339,848.203|963.567,761.366|971.922,632.984|990.962,655.316|1074.63,679.796|1103.75,857.79|1039.31,992.982|1058.29,1033.67|1058.75,950.965|1087.29,917.757|950.136,653.161|869.836,659.012|727.896,653.074|695.838,608.696|674.194,571.529|623.655,622.411|681.405,616.058|1007.35,972.405|984.906,1238.05|975.987,1449.32|971.611,1658.49|900.949,959.758|761.676,1162.2|799.692,1407.53|749.675,1591.62|975.227,585.951|944.637,580.575|965.649,551.719|1020.54,544.963|931.613,556.425|921.238,549.973
197|1|950.96,965.607|959.347,848.202|963.577,761.365|971.94,632.982|990.978,655.315|1074.64,679.802|1103.74,857.797|1039.3,992.988|1058.29,1033.68|1058.77,950.984|1087.29,917.773|950.153,653.158|869.853,659.002|727.93,653.036|695.912,608.636|674.302,571.442|623.785,622.26|681.551,615.916|1007.36,972.405|984.924,1237.98|975.967,1449.59|971.581,1658.86|900.955,959.756|761.906,1162.43|799.904,1407.67|750.01,1591.78|975.249,585.949|944.678,580.542|965.701,551.698|1020.59,544.978|931.662,556.39|921.277,549.947
198|1|952.112,963.479|960.579,846.284|964.525,760.308|973.095,632.544|992.003,654.823|1075.09,679.88|1103.05,856.936|1038.62,990.039|1057.14,1032.62|1059.04,951.757|1087.49,917.424|951.375,652.57|871.485,658.35|727.664,653.624|698.562,599.421|681.107,582.478|666.991,616.77|673.719,606.492|1008.31,970.12|979.82,1216.8|976.383,1440.18|973.584,1653.45|902.268,957.765|744.173,1099.34|788.923,1362.63|733.013,1549.31|976.466,585.736|945.243,579.592|967.046,551.472|1022.45,546.194|933.171,555.229|923.801,548.493
199|1|952.117,963.482|960.588,846.282|964.537,760.303|973.127,632.537|992.033,654.819|1075.12,679.881|1103.08,856.932|1038.7,990.076|1057.25,1032.69|1059.17,951.865|1087.58,917.496|951.402,652.562|871.503,658.331|727.772,653.613|698.891,599.427|681.557,582.458|667.553,616.744|674.16,606.474|1008.32,970.124|979.835,1216.68|976.35,1440.43|973.539,1653.83|902.269,957.766|744.422,1099.6|789.076,1362.86|733.23,1549.59|976.508,585.728|945.343,579.566|967.155,551.453|1022.53,546.203|933.268,555.193|923.851,548.453
200|1|952.211,961.753|961.158,844.194|965.152,758.401|973.433,631.37|992.446,653.565|1075.46,679.542|1102.88,856.728|1034.77,987.366|1053.55,1030.51|1059.46,952.297|1087.24,918.655|951.713,651.33|871.69,657.864|728.468,650.544|699.918,600.881|683.94,578.132|669.837,615.362|673.048,605.512|1008.49,968.508|964.206,1168.08|969.456,1396.44|967.283,1612.61|902.307,955.939|741.992,978.171|788.727,1255.72|720.953,1436.63|976.643,584.794|945.93,580.753|967.872,552.247|1023.19,545.825|933.733,555.701|923.827,547.062
201|1|952.246,962.065|961.208,844.4|965.235,758.533|973.745,631.409|992.729,653.639|1075.71,679.696|1103.05,856.89|1035.77,988.229|1054.62,1031.06|1059.95,952.886|1087.27,919.03|951.972,651.364|871.878,657.756|729.691,650.603|704.081,600.969|691.793,577.346|686.534,613.01|693.481,601.011|1008.58,968.821|966.269,1165.06|968.91,1397.22|967.172,1614.43|902.293,956.25|750.183,1016.85|802.017,1279.02|742.061,1463.66|977.069,584.801|948.312,579.581|970.063,551.262|1024.16,545.666|935.722,554.714|924.216,546.941
202|1|951.979,963.563|960.914,845.094|964.931,758.605|973.849,630.627|992.842,653.033|1076.09,679.378|1103.14,857.599|1038.23,992.756|1056.72,1032.2|1058.26,952.926|1086.55,920.048|951.925,650.663|871.475,656.749|731.083,650.324|711.924,600.377|700.383,572.846|664.404,609.991|712.351,609.672|1008.67,970.292|981.034,1174.01|971.655,1414|970.784,1634.6|901.713,957.775|772.218,1093.55|813.138,1347.68|758.199,1537.52|977.351,583.698|951.111,579.995|972.185,551.083|1024.69,544.075|937.517,554.925|923.66,546.357
203|1|952.764,964.474|960.903,847.55|964.404,762.209|975.284,634.556|993.653,657.126|1075.9,683.484|1102.84,859.505|1035.08,990.976|1052.92,1027.62|1058.69,953.98|1085.16,923.057|953.333,654.17|873.872,657.129|730.158,647.522|731.946,591.21|742.038,561.561|684.789,605.208|758.232,595.746|1008.76,970.863|996.131,1198|975.088,1448.11|972.616,1668.86|903.088,958.979|796.421,1156.42|821.372,1405.88|772.022,1593.15|979.557,587.838|955.685,583.561|974.568,554.453|1024.37,546.15|940.645,560.074|924.905,553.886
204|1|952.195,967.746|960.074,849.418|963.491,762.811|973.664,633.772|992.447,656.479|1075.91,682.951|1103.37,861.625|1027.04,991.749|1046.91,1025.56|1061.25,953.397|1083.22,926.543|951.531,653.756|870.9,657.087|725.976,648.595|745.767,609.853|752.951,554.233|713.458,612.365|785.171,613.081|1008.9,974.117|1000.91,1217.85|977.584,1476.96|974.197,1704.68|901.901,962.273|805.21,1188.6|827.512,1438.04|782.735,1628.58|977.668,586.513|950.66,578.267|973.896,551.429|1027.41,549.874|939.225,552.921|927.004,545.517
205|1|952.149,967.678|960.03,849.355|963.472,762.761|973.831,633.769|992.575,656.472|1075.93,682.944|1103.26,861.294|1027.03,990.583|1047.07,1024.42|1062.08,953.082|1083.31,926.188|951.662,653.746|871.026,657.025|728.277,650.428|753.873,612.012|763.75,557.36|734.473,612.264|797.626,615.466|1008.86,974.025|998.281,1217.88|977.124,1476.46|972.774,1703.9|901.844,962.225|777.099,1158.43|805.088,1426.78|750.286,1617.53|977.953,586.531|954.017,577.969|976.325,550.866|1027.7,548.95|941.444,552.952|926.495,546.34
206|1|946.712,973.209|956.113,853.113|960.813,765.08|971.621,633.719|990.75,656.83|1076.34,681.563|1102.67,863.781|1024.53,995.122|1046.53,1026.18|1063.23,951.159|1082.82,927.076|948.882,654.134|866.227,657.558|722.579,657.959|761.809,615.736|784.51,554.679|782.473,629.711|806.913,619.059|1004.39,980.522|998.995,1234.79|972.538,1491.58|971.933,1725.42|895.546,966.906|793.168,1202.18|813.758,1458.22|765.827,1654.09|976.029,585.582|956.837,583.082|977.531,553.284|1026.32,545.696|941.411,556.885|921.15,546.876
207|1|947.95,975.28|956.551,854.075|960.821,765.361|971.746,632.539|991.017,655.865|1077.16,681.062|1102.44,865.02|1020.52,994.148|1043.87,1026.89|1064.85,951.035|1082.51,927.37|948.813,653.194|865.468,657.173|719.981,661.016|775.952,620.495|852.859,611.586|773.522,629.14|814.465,629.992|1006.22,982.015|1003.77,1251.47|976.382,1509.32|976.312,1747.75|896.184,969.485|801.922,1228.96|821.927,1477.91|778.868,1676.25|976.255,583.855|960.614,573.169|980.005,544.136|1026.24,540.907|943.638,548.966|920.073,546.141
208|1|952.297,977.323|958.275,856.545|961.054,767.779|971.566,635.35|990.805,658.516|1076.7,682.948|1101.91,865.612|1019.02,992.137|1041.84,1024.86|1064.57,952.895|1081.51,929.06|948.796,656.007|865.839,659.651|719.438,669.133|774.557,629.166|847.329,580.422|771.243,638.333|827.898,635.096|1010.48,982.431|1012.76,1264.46|987.997,1521.55|990.21,1759.26|900.494,972.963|812.603,1247.54|834.253,1490.33|796.807,1687.62|975.944,586.856|958.728,579.414|980.622,551.287|1028.53,548.721|944.235,553.215|923.015,545.266
209|1|952.297,977.323|958.275,856.546|961.055,767.78|971.567,635.351|990.806,658.517|1076.7,682.949|1101.91,865.613|1019.02,992.138|1041.84,1024.86|1064.57,952.897|1081.51,929.062|948.797,656.008|865.84,659.652|719.441,669.137|774.563,629.17|847.336,580.426|771.25,638.342|827.912,635.102|1010.48,982.431|1012.76,1264.46|987.998,1521.54|990.212,1759.25|900.495,972.964|812.605,1247.54|834.255,1490.32|796.81,1687.62|975.945,586.857|958.731,579.413|980.625,551.287|1028.53,548.722|944.238,553.215|923.017,545.267
210|1|958.829,992.388|963.095,867.689|964.257,776.176|969.222,638.929|990.157,661.902|1080.29,681.173|1102.39,870.299|1010.77,998.765|1030.8,1034.08|1054.46,960.171|1076.55,936.516|946.549,661.412|860.774,671.689|724.97,680.534|800.177,640.578|870.559,617.322|912.777,639.482|877.333,628.643|1018.96,997.396|1016.23,1290.28|1000.06,1544.57|1008.85,1796.76|905.45,988.141|811.596,1277.17|846.934,1520.15|812.883,1729.95|971.701,588.648|969.825,589.297|987.426,557.001|1025.36,546.088|949.44,561.855|914.02,550.104
211|1|959.625,987.14|964.252,864.885|966.363,774.692|972.554,639.43|992.918,662.212|1081.38,682.89|1102.47,868.863|1008.21,992.069|1026.55,1028.84|1052.8,963.643|1074.92,938.874|950.019,661.425|865.654,670.997|723.339,685.912|807.974,642.62|874.517,625.088|935.84,644.095|879.703,629.39|1018.83,991.76|1030.75,1297.87|1010.17,1549.4|1021.43,1794.96|906.874,983.219|828.228,1288.95|855.267,1530.38|826.724,1737.25|975.6,589.913|963.417,578.216|986.498,551.277|1032.07,553.504|949.066,551.232|924.027,544.352
212|1|960.459,978.042|965.811,860.762|969.862,773.728|977.69,642.802|997.012,664.779|1082.17,683.986|1102.03,865.706|999.915,970.944|1022.03,1018.26|1066.89,961.968|1077.23,933.268|955.511,664.212|874.572,677.193|723.614,693.456|817.293,643.974|878.047,630.385|949.451,650.16|881.211,632.748|1017.63,981.333|1046.86,1284.32|1020.63,1529.78|1040.77,1756.07|909.012,975.264|852.04,1288|868.185,1525.62|851.783,1723.54|981.897,594.953|963.397,569.603|984.156,544.58|1032.16,552.18|948.361,548.497|927.926,555.944
213|1|962.097,971.068|966.805,857.794|970.826,773.086|978.527,645.905|997.502,667.105|1081.39,684.369|1100.55,861.926|968.375,863.099|965.827,851.664|1005.33,792.892|985.313,784.054|956.698,666.977|878.064,683.133|723.126,696.14|826.017,647.442|880.444,636.329|964.674,656.281|883.046,634.326|1017.73,973.256|1050.53,1274.85|1022.09,1502.86|1046.02,1710.11|911.835,969.266|866.482,1278.61|880.354,1509.58|876.121,1698.16|982.822,599.46|951.076,576.154|981.796,557.202|1039.38,574.433|948.316,550.509|944.555,546.951
214|1|962.144,963.091|967.528,852.042|972.919,771.115|979.552,644.463|998.714,665.26|1084.03,680.53|1106.52,858.965|959.167,861.399|935.009,863.754|965.305,815.734|981.295,794.024|957.845,665.851|879.245,682.496|726.74,701.714|838.325,677.862|899.135,656.58|974.902,665.102|917.861,649.515|1016.97,964.703|1059.22,1254.92|1024.6,1466.58|1050.02,1663.53|912.401,961.798|886.711,1264.45|895.457,1496.91|900.038,1682.55|983.617,598.168|964.582,574.54|984.474,548.858|1032.36,554.359|949.023,553.734|928.86,560.883
215|1|963.006,961.878|968.685,850.321|974.307,768.724|981.439,641.331|1000.59,662.353|1085.97,678.607|1106.54,857.764|959.195,861.104|936.967,862.639|969.552,812.886|981.391,791.981|959.58,662.731|880.616,681.213|737.489,766.002|849.471,770.329|889.951,721.907|961.572,671.57|897.641,674.846|1018.08,963.647|1065.23,1257.65|1027.31,1453.62|1053.23,1646.57|913.037,960.443|893.024,1268.95|901.757,1489.5|907.304,1671.71|985.705,594.728|966.749,572.783|987.446,546.998|1035.71,552.249|951.732,550.966|931.681,555.913
216|1|965.599,947.036|969.949,840.114|973.463,759.139|980.172,635.19|998.66,656.169|1080.21,677.046|1107.15,847.965|965.547,861.609|940.005,867.701|963.128,821.58|981.199,797.936|959.323,655.255|882.284,664.735|752.765,702.47|872.125,695.598|895.58,682.878|977.099,680.042|922.892,676.996|1018.86,949.511|1058.33,1245.11|1026.29,1442.14|1041.13,1624.53|917.602,944.964|901.571,1242.34|907.793,1467.35|908.295,1638.83|983.506,589.861|959.973,567.098|978.336,542.271|1026.83,545.82|945.457,548.691|930.238,557.462
217|1|961.903,942.389|968.144,836.894|973.272,757.141|980.773,635.206|998.823,655.913|1078.84,677.268|1106.3,845.396|967.774,862.768|945.843,868.523|970.5,821.211|981.886,796.994|960.073,654.895|884.149,663.969|757.64,702.214|879.777,699.415|905.045,677.937|971.106,700.868|936.489,675.889|1014.34,945.551|1053.69,1236.89|1018.64,1425.7|1031.37,1603.23|914.578,939.689|901.933,1232.06|904.019,1450.6|904.7,1617.97|984.502,590.635|967.058,576.146|987.678,551.907|1033.09,554.626|954.403,553.581|936.091,551.655
218|1|951.72,927.349|962.364,828.101|971.094,751.155|978.382,633.485|995.507,653.33|1072.01,673.044|1111.72,831.459|983.462,873.521|958.248,882.655|998.914,846.549|983.47,809.888|958.627,652.529|886.207,663.775|773.003,706.289|870.249,711.454|911.217,686.054|986.405,702.038|944.393,697.143|1001.56,931.902|1036.13,1210.95|996.934,1391.79|1012.31,1557.82|906.565,923.365|900.591,1203.33|893.259,1427.03|898.032,1586.24|982.235,590.516|972.36,570.218|987.479,546.972|1024.98,550.254|956.154,552.21|932.047,558.823
219|1|950.274,924.279|961.214,824.681|969.6,745.866|977.684,632.618|994.351,651.815|1070.33,670.457|1118.61,824.395|995.794,877.27|971.999,886.423|1007.08,858.273|981.756,813.725|958.116,651.011|887.537,664.105|781.915,709.205|870.282,718.187|916.529,692.667|991.295,706.966|939.925,712.969|999.714,928.967|1033.45,1205.38|991.747,1378.64|1002.07,1538.71|905.459,920.168|890.901,1196.2|881.923,1422.64|886.666,1580.42|981.82,591.29|965.504,567.593|986.184,548.018|1029.09,558.846|955.205,548.095|938.762,552.407
220|1|956.956,928.597|965.989,826.175|972.878,746.062|979.257,631.672|996.383,650.865|1073.05,670.021|1122.9,824.945|1002.77,886.536|978.596,893.149|1013.43,862.962|982.632,821.198|959.821,650.44|888.994,664.234|783.984,711.451|877.024,722.962|923.633,695.401|999.328,716.47|949.134,721.897|1007.25,932.583|1041.96,1213.93|1000.95,1384.17|1007.75,1545.29|911.397,925.128|889.355,1203.65|883.589,1436.04|886.098,1597.49|982.675,589.888|970.891,572.586|989.415,550.522|1029.16,555.435|957.95,552.108|936.834,552.925
221|1|965.631,933.218|970.873,829.12|974.697,747.687|979.254,632.253|996.85,651.381|1074.19,669.665|1125.94,823.628|1012.77,893.641|990.43,889.305|1021.56,859.703|983.902,825.689|959.973,651.426|888.462,664.729|783.23,716.732|878.152,727.612|927.655,699.545|1004.92,722.857|951.805,727.643|1016.65,935.368|1052.67,1220.78|1017.99,1394.62|1025.43,1557.25|919.442,931.416|892.776,1212.64|894.299,1446.29|894.7,1610.03|981.923,590.07|969.979,579.239|989.282,556.034|1029.59,557.386|957.465,556.775|936.507,551.821
222|1|970.019,934.139|973.193,829.801|975.616,748.208|980.783,632.121|998.485,651.446|1076.53,670.383|1126.8,826.651|1013.84,899.352|990.098,892.191|1021.91,865.424|984.466,828.892|961.188,651.36|888.752,664.602|782.979,719.275|882.653,733.664|933.682,703.349|1012.36,730.025|957.642,733.26|1021.44,935.718|1057.17,1221.16|1028.47,1403|1038.27,1570.6|923.598,932.862|894.961,1213.69|902.175,1443.9|900.942,1608.85|983.693,589.69|971.297,568.547|989.352,546.256|1029.79,552.495|957.351,549.048|935.744,553.705
223|1|972.349,933.413|974.543,829.617|976.291,748.454|981.407,632.775|999.449,652.024|1078.8,670.406|1128.38,828.958|1015.77,903.893|989.116,890.063|1022.79,870.315|984.756,830.786|961.491,652.108|887.586,664.963|778.587,721.834|884.584,736.357|935.599,705.959|1016.73,733.514|959.581,733.122|1023.94,934.685|1061.2,1216.58|1034.63,1398.66|1046.96,1569.53|925.828,932.413|897.921,1210.06|908.701,1428.98|906.186,1593.93|984.281,590.493|971.332,568.361|989.363,545.429|1030.66,551.621|956.713,548.871|934.713,554.648
224|1|972.073,931.297|974.145,828.295|975.814,747.779|981.114,633.197|999.116,652.288|1078.39,670.701|1128.1,828.605|1016.74,903.09|990.687,887.441|1023.83,874.826|985.112,830.223|961.175,652.378|887.276,664.856|778.924,721.958|884.016,739.157|937.866,708.792|1018.33,736.227|960.892,732.4|1023.39,932.48|1063.38,1211.05|1036.5,1392.29|1049.7,1562.52|925.794,930.377|899.453,1205.36|910.3,1414.66|908.366,1577.53|984.05,591.335|973.351,565.758|992.099,544.332|1032.2,554.291|959.327,546.336|936.102,553.35
225|1|972.035,931.394|974.107,828.417|975.777,747.922|981.099,633.401|999.099,652.482|1078.36,670.942|1127.95,828.86|1016.53,903.354|990.354,887.689|1023.65,875.507|984.936,830.492|961.154,652.576|887.244,665.04|778.943,722.192|884.198,739.829|938.245,709.776|1018.68,737.721|961.109,733.618|1023.35,932.572|1063.48,1211.17|1036.53,1391.9|1049.77,1561.97|925.762,930.479|899.553,1205.61|910.483,1413.62|908.642,1576.19|984.046,591.565|973.104,568.032|991.772,546.011|1032.03,554.417|958.97,548.182|935.839,553.79
226|1|972.034,931.399|974.106,828.423|975.776,747.928|981.099,633.409|999.099,652.49|1078.36,670.951|1127.95,828.869|1016.53,903.366|990.343,887.697|1023.65,875.529|984.933,830.504|961.154,652.583|887.244,665.047|778.946,722.204|884.211,739.858|938.268,709.815|1018.7,737.78|961.128,733.661|1023.35,932.576|1063.49,1211.17|1036.53,1391.89|1049.77,1561.95|925.761,930.484|899.557,1205.62|910.489,1413.59|908.651,1576.14|984.047,591.574|973.097,568.097|991.764,546.06|1032.03,554.425|958.961,548.234|935.834,553.802
227|1|971.189,931.537|973.37,828.711|975.134,748.252|981.422,633.706|999.27,652.883|1078.41,671.621|1126.84,829.92|1015.36,904.05|987.712,885.785|1022.47,878.283|984.578,830.315|961.286,652.801|887.253,665.364|778.416,722.625|882.627,738.039|941.575,708.272|1005.73,713.492|966.153,734.387|1022.51,932.678|1064.64,1211.07|1036.4,1389.36|1050.42,1559|924.892,930.654|900.29,1207.18|910.608,1408.62|909.465,1569.85|984.804,591.871|974.839,576.739|991.598,551.739|1030.77,552.411|958.763,555.963|933.949,557.158
228|1|969.588,931.739|972.145,829.872|974.198,750.006|980.187,635.901|998.034,654.986|1077.17,672.918|1128.53,829.856|1016.04,905.388|988.758,894.125|1023.57,884.361|986.539,832.374|960.164,654.933|886.297,667.078|776.394,722.597|876.871,745.059|943.328,707.134|1007.84,707.572|960.889,742.808|1020.62,933.167|1061.73,1210.58|1033.53,1386.31|1046.99,1554.16|923.576,930.597|900.557,1206.51|910.27,1404.17|910.038,1563.33|983.407,594.255|974.956,567.154|997.404,549.126|1036.79,565.579|964.818,545.784|942.455,549.04
229|1|968.787,931.83|971.937,830.553|974.467,751.337|980.543,637.586|998.384,656.604|1077.61,674.426|1129.54,831.075|1015.51,904.407|988.013,893.329|1023.29,888.19|986.323,831.887|960.493,656.586|886.568,668.703|774.78,723.297|880.658,742.794|936.133,707.062|983.211,720.138|960.71,743.358|1019.67,933.65|1059.58,1209.73|1030.58,1381.61|1043.56,1549.13|922.931,930.333|900.38,1205.09|909.742,1399.19|909.427,1557.73|983.814,596.094|975.381,564.345|996.096,546.142|1035.19,563.395|963.389,545.075|939.848,553.936
230|1|968.787,931.831|971.937,830.554|974.467,751.338|980.544,637.588|998.384,656.605|1077.61,674.426|1129.54,831.076|1015.51,904.409|988.021,893.336|1023.29,888.19|986.327,831.887|960.493,656.587|886.568,668.705|774.789,723.3|880.688,742.808|936.186,707.093|983.247,720.278|960.766,743.397|1019.67,933.651|1059.58,1209.74|1030.58,1381.6|1043.56,1549.12|922.931,930.334|900.382,1205.1|909.744,1399.18|909.43,1557.72|983.815,596.095|975.344,564.378|996.063,546.163|1035.19,563.388|963.356,545.102|939.842,553.943
231|1|968.787,931.831|971.937,830.554|974.467,751.338|980.544,637.588|998.384,656.605|1077.61,674.426|1129.54,831.076|1015.51,904.409|988.021,893.337|1023.29,888.19|986.328,831.887|960.493,656.588|886.568,668.705|774.79,723.3|880.69,742.809|936.189,707.095|983.249,720.284|960.769,743.399|1019.67,933.651|1059.58,1209.74|1030.58,1381.6|1043.56,1549.12|922.931,930.334|900.382,1205.1|909.744,1399.18|909.43,1557.72|983.815,596.095|975.342,564.38|996.062,546.164|1035.19,563.388|963.354,545.103|939.842,553.944
232|1|968.803,931.854|971.955,830.567|974.488,751.345|980.559,637.597|998.408,656.608|1077.67,674.443|1129.6,831.221|1015.43,904.483|987.98,893.47|1023.23,888.202|986.367,831.85|960.5,656.606|886.548,668.735|774.959,723.411|881.327,743.223|937.403,708.002|984.786,722.094|962.031,744.541|1019.7,933.669|1059.61,1209.89|1030.55,1381.48|1043.49,1548.94|922.935,930.361|900.424,1205.29|909.789,1399.04|909.494,1557.52|983.833,596.105|974.22,565.271|995.1,546.709|1035.03,563.167|962.37,545.818|939.662,554.124
233|1|968.803,931.854|971.955,830.567|974.488,751.345|980.559,637.597|998.408,656.608|1077.67,674.443|1129.6,831.221|1015.43,904.484|987.981,893.472|1023.23,888.202|986.368,831.851|960.5,656.606|886.548,668.735|774.96,723.412|881.33,743.226|937.409,708.007|984.78,722.135|962.037,744.547|1019.7,933.67|1059.61,1209.89|1030.55,1381.48|1043.49,1548.94|922.935,930.361|900.424,1205.29|909.79,1399.04|909.494,1557.52|983.833,596.106|974.215,565.276|995.096,546.713|1035.02,563.166|962.365,545.822|939.661,554.125
234|1|968.812,931.889|971.963,830.599|974.496,751.376|980.55,637.637|998.406,656.641|1077.69,674.459|1129.62,831.261|1015.47,904.553|988.208,893.737|1023.27,888.209|986.537,831.856|960.489,656.653|886.522,668.801|775.064,723.555|881.753,743.588|938.317,708.753|985.697,724.076|962.956,745.42|1019.71,933.7|1059.62,1210.01|1030.53,1381.38|1043.44,1548.79|922.938,930.401|900.458,1205.43|909.834,1398.92|909.553,1557.35|983.822,596.15|973.46,566.123|994.413,547.258|1034.86,563.023|961.665,546.511|939.467,554.32
235|1|968.814,931.914|971.963,830.63|974.495,751.412|980.539,637.691|998.397,656.687|1077.69,674.513|1129.52,831.337|1015.37,904.573|988.274,893.903|1023.17,888.183|986.566,831.833|960.478,656.709|886.51,668.867|775.168,723.617|882.14,743.816|939.164,709.243|986.376,725.928|963.874,745.979|1019.71,933.721|1059.6,1210.05|1030.49,1381.25|1043.37,1548.61|922.94,930.429|900.478,1205.49|909.868,1398.76|909.595,1557.13|983.808,596.21|972.859,566.922|993.847,547.787|1034.69,562.916|961.09,547.172|939.285,554.533
236|1|968.814,931.914|971.963,830.63|974.495,751.412|980.539,637.691|998.397,656.687|1077.69,674.513|1129.52,831.337|1015.37,904.573|988.274,893.903|1023.17,888.183|986.566,831.833|960.478,656.709|886.51,668.867|775.168,723.617|882.14,743.816|939.164,709.243|986.376,725.928|963.874,745.979|1019.71,933.721|1059.6,1210.05|1030.49,1381.25|1043.37,1548.61|922.94,930.429|900.478,1205.49|909.868,1398.76|909.595,1557.13|983.808,596.21|972.859,566.922|993.847,547.787|1034.69,562.916|961.09,547.172|939.285,554.533
237|1|968.126,937.483|971.77,834.008|974.67,752.927|981.715,637.345|999.622,656.864|1079.74,674.725|1127.97,834.129|1015.06,908.3|989.106,893.168|1022.57,891.061|986.677,832.8|961.283,656.431|886.341,667.873|773.104,725.328|880.289,743.229|949.678,710.265|994.978,744.537|966.975,746.148|1019.87,939.555|1059.71,1222.81|1028.82,1392.93|1040.55,1560.95|921.494,935.764|895.926,1217.43|905.555,1407.82|905.014,1566.52|985.322,595.155|971.637,574.017|988.616,549.788|1030.29,553.625|955.753,554.884|933.423,561.379
238|1|969.267,939.132|972.131,834.715|974.4,752.793|980.69,636.435|998.846,655.972|1079.36,674.02|1127.97,833.718|1015.01,908.413|990.78,895.55|1022.54,890.872|988.304,831.976|960.263,655.768|884.935,667.956|771.266,726.227|876.926,746.45|949.136,707.096|1010.51,745.563|963.18,746.801|1021.43,940.914|1059.18,1228.23|1030.52,1401.44|1041.74,1570.43|922.277,937.679|893.871,1222.72|905.577,1415.54|904.555,1574.96|984.003,593.935|968.255,571.555|990.017,549.869|1034.63,559.561|956.681,549.942|937.795,552.447
239|1|969.364,939.445|972.236,834.66|974.511,752.454|980.895,635.675|999.1,655.281|1079.79,673.749|1128.33,834.432|1014.4,909.159|989.837,896.298|1022.06,891.53|988.107,832.101|960.382,655.086|884.819,667.667|770.864,727.145|876.966,746.897|950.683,709.066|1012.96,746.756|962.375,747.205|1021.71,941.215|1059.88,1230.01|1031.31,1405.46|1042.95,1575.44|922.203,938.003|893.915,1224.79|905.534,1419.98|904.414,1580.23|984.268,593.007|972.117,572.274|989.535,547.934|1030.7,552.12|956.164,552.371|932.51,557.779
240|1|969.373,939.468|972.248,834.685|974.527,752.481|980.925,635.711|999.128,655.316|1079.82,673.754|1128.34,834.347|1014.59,909.142|990.152,896.294|1022.22,891.512|988.281,832.105|960.409,655.121|884.843,667.702|770.901,727.219|877.006,747.031|950.703,709.153|1013.1,746.742|962.554,747.405|1021.72,941.238|1059.93,1230.03|1031.37,1405.65|1043.05,1575.66|922.212,938.025|893.942,1224.83|905.529,1420.15|904.401,1580.41|984.306,593.047|972.111,572.669|989.609,548.278|1030.84,552.302|956.221,552.636|932.622,557.694
241|1|969.373,939.468|972.248,834.685|974.527,752.481|980.925,635.711|999.128,655.316|1079.82,673.754|1128.34,834.347|1014.59,909.142|990.152,896.294|1022.22,891.512|988.281,832.105|960.409,655.121|884.843,667.702|770.901,727.219|877.006,747.031|950.703,709.153|1013.1,746.742|962.554,747.405|1021.72,941.238|1059.93,1230.03|1031.37,1405.65|1043.05,1575.66|922.212,938.025|893.942,1224.83|905.529,1420.15|904.401,1580.41|984.306,593.047|972.111,572.669|989.609,548.278|1030.84,552.302|956.221,552.636|932.622,557.694
242|1|970.533,940.802|972.649,835.686|974.328,753.348|980.576,636.244|998.849,655.885|1079.79,673.919|1129.06,834.989|1014.61,908.432|990.326,893.816|1022.35,890.967|989.566,830.176|960.042,655.724|884.289,667.922|770.039,727.001|875.721,746.567|949.892,709.062|1016.91,746.753|963.051,748.177|1023.02,942.255|1060.86,1231.84|1033.83,1409.14|1045.41,1579.87|923.261,939.647|893.84,1227.34|906.952,1422.58|905.596,1583.04|983.893,593.457|970.851,573.077|990.142,549.477|1032.56,555.319|956.518,551.998|934.19,555.234
243|1|970.527,940.806|972.642,835.691|974.321,753.354|980.573,636.253|998.844,655.894|1079.78,673.933|1129.05,834.994|1014.58,908.432|990.254,893.783|1022.33,890.97|989.544,830.176|960.038,655.733|884.285,667.927|770.049,726.996|875.752,746.579|949.927,709.079|1016.96,746.762|963.07,748.19|1023.02,942.257|1060.87,1231.83|1033.84,1409.18|1045.44,1579.92|923.255,939.652|893.848,1227.34|906.96,1422.58|905.61,1583.05|983.891,593.469|970.848,573.126|990.126,549.51|1032.54,555.312|956.503,552.046|934.17,555.268
244|1|970.527,940.806|972.642,835.691|974.321,753.354|980.573,636.253|998.844,655.894|1079.78,673.933|1129.05,834.994|1014.58,908.432|990.254,893.783|1022.33,890.97|989.544,830.176|960.038,655.733|884.285,667.927|770.049,726.996|875.752,746.579|949.927,709.079|1016.96,746.762|963.07,748.19|1023.02,942.257|1060.87,1231.83|1033.84,1409.18|1045.44,1579.92|923.255,939.652|893.848,1227.34|906.96,1422.58|905.61,1583.05|983.891,593.469|970.848,573.126|990.126,549.51|1032.54,555.312|956.503,552.046|934.17,555.268
245|1|970.527,940.806|972.642,835.691|974.321,753.354|980.573,636.253|998.844,655.894|1079.78,673.933|1129.05,834.994|1014.58,908.432|990.254,893.783|1022.33,890.97|989.544,830.176|960.038,655.733|884.285,667.927|770.049,726.996|875.752,746.579|949.927,709.079|1016.96,746.762|963.07,748.19|1023.02,942.257|1060.87,1231.83|1033.84,1409.18|1045.44,1579.92|923.255,939.652|893.848,1227.34|906.96,1422.58|905.61,1583.05|983.891,593.469|970.848,573.126|990.126,549.51|1032.54,555.312|956.503,552.046|934.17,555.268
246|1|970.521,940.81|972.635,835.7|974.312,753.367|980.565,636.276|998.835,655.915|1079.76,673.954|1129.01,834.979|1014.58,908.445|990.226,893.786|1022.32,890.985|989.543,830.202|960.031,655.754|884.282,667.951|770.054,727.034|875.752,746.634|949.924,709.142|1016.96,746.818|963.017,748.24|1023.01,942.26|1060.88,1231.8|1033.87,1409.23|1045.49,1579.99|923.252,939.657|893.867,1227.33|906.979,1422.58|905.639,1583.04|983.884,593.495|970.846,573.263|990.102,549.612|1032.51,555.316|956.481,552.171|934.134,555.331
247|1|970.521,940.81|972.635,835.7|974.312,753.367|980.565,636.276|998.835,655.915|1079.76,673.954|1129.01,834.979|1014.58,908.445|990.226,893.786|1022.32,890.985|989.543,830.202|960.031,655.754|884.282,667.951|770.054,727.034|875.752,746.634|949.924,709.142|1016.96,746.818|963.017,748.24|1023.01,942.26|1060.88,1231.8|1033.87,1409.23|1045.49,1579.99|923.252,939.657|893.867,1227.33|906.979,1422.58|905.639,1583.04|983.884,593.495|970.846,573.263|990.102,549.612|1032.51,555.316|956.481,552.171|934.134,555.331
248|1|970.52,940.81|972.634,835.7|974.311,753.366|980.564,636.275|998.834,655.915|1079.76,673.954|1129.01,834.979|1014.58,908.446|990.228,893.79|1022.32,890.985|989.543,830.202|960.03,655.754|884.281,667.951|770.051,727.036|875.746,746.637|949.917,709.144|1016.95,746.82|963.003,748.241|1023.01,942.26|1060.88,1231.81|1033.87,1409.24|1045.49,1580|923.251,939.657|893.867,1227.33|906.979,1422.58|905.64,1583.04|983.883,593.494|970.844,573.268|990.1,549.615|1032.51,555.314|956.479,552.174|934.131,555.332
249|1|970.52,940.81|972.634,835.7|974.311,753.366|980.564,636.276|998.834,655.915|1079.76,673.954|1129.01,834.979|1014.58,908.446|990.227,893.792|1022.32,890.986|989.543,830.202|960.03,655.754|884.28,667.951|770.051,727.038|875.745,746.64|949.916,709.146|1016.95,746.823|962.999,748.244|1023.01,942.26|1060.88,1231.81|1033.88,1409.24|1045.49,1580|923.251,939.657|893.867,1227.33|906.98,1422.58|905.641,1583.04|983.883,593.495|970.844,573.27|990.1,549.616|1032.51,555.314|956.478,552.176|934.131,555.333
250|1|970.519,940.81|972.632,835.701|974.309,753.369|980.562,636.28|998.832,655.919|1079.76,673.959|1129,834.979|1014.57,908.449|990.226,893.797|1022.32,890.988|989.54,830.207|960.028,655.758|884.28,667.956|770.054,727.045|875.752,746.648|949.924,709.161|1016.96,746.834|963.001,748.254|1023,942.26|1060.88,1231.8|1033.88,1409.24|1045.5,1580|923.25,939.657|893.87,1227.33|906.983,1422.58|905.645,1583.03|983.881,593.5|970.842,573.281|990.095,549.625|1032.5,555.316|956.474,552.188|934.127,555.342
251|1|970.503,940.828|972.614,835.724|974.289,753.396|980.546,636.329|998.818,655.963|1079.74,674.02|1128.84,835.006|1014.53,908.551|990.313,894.065|1022.26,891.076|989.544,830.318|960.009,655.807|884.254,668.033|770.023,727.326|875.692,747.076|949.893,709.638|1016.9,747.384|962.601,748.732|1022.99,942.274|1060.94,1231.8|1033.96,1409.4|1045.63,1580.19|923.233,939.678|893.916,1227.37|907.026,1422.59|905.712,1583.03|983.868,593.558|970.834,573.497|990.045,549.773|1032.44,555.304|956.418,552.389|934.038,555.472
252|1|970.502,940.828|972.613,835.724|974.289,753.397|980.546,636.331|998.817,655.965|1079.74,674.022|1128.84,835.009|1014.53,908.554|990.311,894.071|1022.26,891.077|989.542,830.32|960.009,655.808|884.253,668.035|770.021,727.333|875.688,747.086|949.89,709.649|1016.89,747.397|962.594,748.753|1022.99,942.275|1060.94,1231.8|1033.96,1409.41|1045.63,1580.2|923.233,939.679|893.917,1227.38|907.026,1422.59|905.713,1583.03|983.868,593.559|970.833,573.501|990.043,549.776|1032.44,555.304|956.417,552.393|934.036,555.475
253|1|970.502,940.828|972.613,835.724|974.289,753.397|980.546,636.331|998.817,655.965|1079.74,674.022|1128.84,835.009|1014.53,908.554|990.311,894.071|1022.26,891.077|989.542,830.32|960.009,655.808|884.253,668.035|770.021,727.333|875.688,747.086|949.89,709.649|1016.89,747.397|962.594,748.753|1022.99,942.275|1060.94,1231.8|1033.96,1409.41|1045.63,1580.2|923.233,939.679|893.917,1227.38|907.026,1422.59|905.713,1583.03|983.868,593.559|970.833,573.501|990.043,549.776|1032.44,555.304|956.417,552.393|934.036,555.475
254|1|970.502,940.828|972.613,835.724|974.289,753.397|980.546,636.331|998.817,655.965|1079.74,674.022|1128.84,835.009|1014.53,908.554|990.311,894.071|1022.26,891.077|989.542,830.32|960.009,655.808|884.253,668.035|770.021,727.333|875.688,747.086|949.89,709.649|1016.89,747.397|962.594,748.753|1022.99,942.275|1060.94,1231.8|1033.96,1409.41|1045.63,1580.2|923.233,939.679|893.917,1227.38|907.026,1422.59|905.713,1583.03|983.868,593.559|970.833,573.501|990.043,549.776|1032.44,555.304|956.417,552.393|934.036,555.475
255|1|969.727,942.044|971.969,836.454|973.743,753.488|980.797,635.874|999.019,655.741|1079.98,675.338|1123.99,838.392|1006.92,910.42|983.501,899.683|1015.22,892.791|989.547,829.686|960.045,655.3|883.918,667.722|769.465,727.607|874.743,755.059|946.635,712.893|1014.94,749.149|962.413,757.097|1022.48,943.534|1060.29,1235.83|1032.55,1416.93|1044.45,1588.64|922.213,940.857|893.839,1231.52|906.242,1426.7|905.112,1587.3|984.408,592.894|972.113,575.635|989.372,550.141|1030.78,551.593|955.759,554.947|931.865,557.993
256|1|969.727,942.046|971.97,836.455|973.744,753.488|980.798,635.874|999.02,655.741|1079.98,675.339|1123.99,838.395|1006.92,910.426|983.513,899.704|1015.22,892.796|989.553,829.693|960.046,655.3|883.919,667.721|769.463,727.609|874.741,755.066|946.636,712.905|1014.94,749.164|962.418,757.131|1022.48,943.536|1060.29,1235.83|1032.55,1416.95|1044.45,1588.67|922.213,940.858|893.837,1231.53|906.24,1426.7|905.108,1587.3|984.41,592.893|972.112,575.603|989.382,550.12|1030.8,551.607|955.767,554.915|931.88,557.973
257|1|969.726,942.043|971.969,836.451|973.743,753.482|980.797,635.861|999.019,655.73|1079.98,675.331|1123.97,838.404|1006.89,910.384|983.581,899.719|1015.2,892.752|989.577,829.649|960.045,655.287|883.917,667.705|769.458,727.546|874.758,754.998|946.674,712.857|1015.02,749.094|962.508,757.102|1022.48,943.534|1060.27,1235.84|1032.54,1417.04|1044.44,1588.78|922.211,940.856|893.826,1231.53|906.23,1426.71|905.094,1587.31|984.408,592.878|972.097,575.455|989.419,550.027|1030.86,551.659|955.8,554.765|931.942,557.868
258|1|969.73,942.037|971.972,836.448|973.744,753.482|980.788,635.862|999.01,655.731|1079.97,675.334|1123.85,838.396|1006.88,910.312|983.991,900.018|1015.19,892.653|989.714,829.642|960.04,655.287|883.924,667.716|769.412,727.491|874.621,754.932|946.593,712.912|1014.91,749.165|962.519,757.59|1022.48,943.53|1060.16,1235.8|1032.49,1417.38|1044.37,1589.21|922.219,940.848|893.779,1231.5|906.186,1426.67|905.025,1587.27|984.393,592.879|971.961,574.955|989.492,549.74|1031.08,551.921|955.86,554.264|932.177,557.538
259|1|970.865,941.082|972.592,835.725|973.96,752.803|980.759,635.445|999.027,655.325|1079.82,675.802|1123.5,838.706|1007.25,910.143|985.591,899.38|1015.5,892.47|989.609,829.586|960.074,654.776|884.125,667.517|770.504,727.782|874.401,756.148|946.125,713.488|1011.33,747.461|963.409,761.715|1023.56,942.529|1058.28,1235.74|1032.76,1420.43|1044.16,1592.66|923.457,939.934|892.139,1230.24|905.887,1425.58|903.566,1585.99|984.167,592.553|969.285,578.549|984.575,551.286|1026.74,547.832|951.552,558.859|928.976,562.246
