1|1|958.917,893.407|965.615,805.861|973.015,741.088|974.64,638.517|990.866,656.743|1060.87,678.82|1134.33,811.961|1129.7,873.39|1078,901.084|1090.03,839.954|1070.73,862.821|957.607,652.541|895.404,656.662|797.932,717.881|875.195,716.943|923.629,726.259|979.473,714.971|943.399,733.458|1015.25,908.393|1081.03,983.549|1075.12,1457.37|1145.81,1711.78|907.614,879.941|802.394,771.499|667.749,966.143|577.242,843.883|976.744,600.819|972.574,565.168|989.009,552.418|1020.02,572.765|961.825,551.552|939.439,565.777
2|1|959.327,898.652|967.686,808.872|976.172,742.552|980.105,636.49|996.775,655.314|1069.82,677.432|1142.79,814.543|1112.84,902.475|1058.46,928.981|1071.83,881.286|1070.01,889.587|961.973,650.925|896.59,656.451|793.283,720.588|872.615,715.622|925.042,723.62|986.202,715.45|943.008,735.158|1019,914.717|1100.32,994.543|1055.78,1501.96|1126.4,1805.71|905.155,884.268|849.41,788.259|778.039,1191.35|707.649,1222.22|982.794,597.601|976.967,567.215|988.827,549.12|1020.08,559.345|961.052,554.554|936.423,570.528
3|1|959.138,905.867|968.284,816.242|976.423,751.217|983.83,639.807|1001.25,659.643|1079.27,680.095|1142.66,821.19|1108.95,932.67|1066.79,916.463|1068.13,890.669|1051.78,874.867|963.955,654.679|893.204,659.317|778.521,726.271|869.072,718.587|929.152,724.012|1005.62,719.802|941.448,738.996|1026.13,922.105|1127.95,983.174|1051.99,1568.44|1115.09,2004.26|898.674,891.461|865.463,770.632|790.681,1290.35|727.749,1478.55|987.474,599.163|984.597,566.617|990.786,545.963|1018.45,552.106|963.171,556.96|933.648,580.068
4|1|958.753,906.261|967.794,816.297|975.846,751.14|983.099,639.459|1000.6,659.328|1078.77,679.986|1141.3,823.887|1106.63,934.824|1062.91,916.843|1066.6,892.579|1051.06,875.924|963.188,654.37|892.289,659.125|777.64,725.908|869.365,717.741|930.033,722.576|1007.42,717.026|938.047,737.13|1026.07,922.486|1129.02,981.004|1055.87,1579.22|1125.93,2027.55|897.984,891.868|870.593,777.878|797.163,1313.53|741.665,1523.76|986.701,598.724|977.539,566.787|993.098,548.222|1029.34,561.078|963.01,551.859|939.983,566.32
5|1|957.698,901.962|967.35,813.454|975.32,750.655|980.785,639.5|998.951,659.052|1078.99,676.575|1150.52,839.23|1105.41,895.186|1041.18,925.418|1093.07,937.56|1076.82,894.282|960.77,654.437|888.968,659.704|775.899,728.949|871.362,716.668|932.406,718.768|1000.4,718.005|941.173,735.112|1027.62,918.634|1110.34,979.731|1075.5,1653.41|0,0|894.701,887.211|799.592,743.417|619.789,1031.32|517.447,847.292|983.747,598.918|980.296,557.724|987.027,539.381|1015.64,551.925|958.852,549.685|929.206,578.726
6|1|957.127,884.996|968.72,808.71|976.682,756.433|978.999,650.885|997.694,668.506|1078.02,678.745|1150.51,838.584|1081.23,912.873|1014.21,916.091|1013.34,932.084|1073.65,898.023|959.527,665.919|888.852,665.628|772.768,723.266|864.851,720.58|929.816,724.287|1009.64,719.402|936.696,737.5|1028.67,897.864|1099.17,913.969|1096.76,1594|1192.06,2146.16|893.189,873.772|781.578,707.782|634.908,1023.55|519.206,959.005|980.423,612.089|957.563,572.02|984.817,561.874|1031.38,591.576|957.08,555.078|952.335,566.066
7|1|957.127,884.996|968.72,808.71|976.682,756.433|978.999,650.885|997.694,668.506|1078.02,678.745|1150.51,838.584|1081.23,912.873|1014.21,916.091|1013.34,932.084|1073.65,898.023|959.527,665.919|888.852,665.628|772.768,723.266|864.851,720.58|929.816,724.287|1009.64,719.402|936.696,737.5|1028.67,897.864|1099.17,913.969|1096.76,1594|1192.06,2146.16|893.189,873.772|781.578,707.782|634.908,1023.55|519.206,959.005|980.423,612.089|957.563,572.02|984.817,561.874|1031.38,591.576|957.08,555.078|952.335,566.066
8|1|957.127,884.996|968.72,808.71|976.682,756.433|978.999,650.885|997.694,668.506|1078.02,678.745|1150.51,838.584|1081.23,912.873|1014.21,916.091|1013.34,932.084|1073.65,898.023|959.527,665.919|888.852,665.628|772.768,723.266|864.851,720.58|929.816,724.287|1009.64,719.402|936.696,737.5|1028.67,897.864|1099.17,913.969|1096.76,1594|1192.06,2146.16|893.189,873.772|781.578,707.782|634.908,1023.55|519.206,959.005|980.423,612.089|957.563,572.02|984.817,561.874|1031.38,591.576|957.08,555.078|952.335,566.066
9|1|957.127,884.996|968.72,808.71|976.682,756.433|978.999,650.884|997.694,668.506|1078.02,678.745|1150.51,838.584|1081.23,912.872|1014.21,916.091|1013.34,932.084|1073.65,898.023|959.527,665.918|888.852,665.628|772.768,723.266|864.851,720.58|929.816,724.287|1009.64,719.402|936.696,737.5|1028.67,897.864|1099.17,913.969|1096.76,1594|1192.06,2146.16|893.189,873.772|781.578,707.782|634.908,1023.55|519.206,959.004|980.423,612.089|957.564,572.019|984.818,561.874|1031.38,591.575|957.08,555.077|952.334,566.066
10|1|957.127,884.996|968.72,808.71|976.682,756.433|978.999,650.884|997.694,668.506|1078.02,678.744|1150.51,838.584|1081.23,912.872|1014.21,916.091|1013.34,932.084|1073.65,898.023|959.527,665.918|888.852,665.628|772.768,723.266|864.851,720.58|929.816,724.287|1009.64,719.402|936.697,737.5|1028.67,897.864|1099.17,913.969|1096.76,1594|1192.06,2146.16|893.189,873.772|781.578,707.783|634.909,1023.56|519.205,959.016|980.424,612.089|957.565,572.019|984.818,561.873|1031.38,591.574|957.081,555.077|952.334,566.066
11|1|957.127,884.996|968.72,808.71|976.682,756.433|978.999,650.884|997.694,668.506|1078.02,678.744|1150.51,838.584|1081.23,912.872|1014.21,916.091|1013.34,932.084|1073.65,898.023|959.527,665.918|888.852,665.628|772.768,723.266|864.851,720.58|929.816,724.287|1009.64,719.402|936.697,737.5|1028.67,897.864|1099.17,913.969|1096.76,1594|1192.06,2146.16|893.189,873.772|781.578,707.783|634.909,1023.56|519.205,959.016|980.424,612.089|957.565,572.019|984.818,561.873|1031.38,591.574|957.081,555.077|952.334,566.066
12|1|957.127,884.996|968.72,808.71|976.682,756.433|978.999,650.884|997.694,668.506|1078.02,678.744|1150.51,838.584|1081.23,912.872|1014.21,916.091|1013.34,932.084|1073.65,898.023|959.527,665.918|888.852,665.628|772.768,723.266|864.851,720.58|929.816,724.287|1009.64,719.402|936.697,737.5|1028.67,897.864|1099.17,913.969|1096.76,1594|1192.06,2146.16|893.189,873.772|781.578,707.783|634.909,1023.56|519.205,959.016|980.424,612.089|957.565,572.019|984.818,561.873|1031.38,591.574|957.081,555.077|952.334,566.066
13|1|957.127,884.996|968.72,808.71|976.682,756.433|978.999,650.884|997.694,668.506|1078.02,678.744|1150.51,838.584|1081.23,912.872|1014.21,916.091|1013.34,932.084|1073.65,898.023|959.527,665.918|888.852,665.628|772.768,723.266|864.851,720.58|929.816,724.287|1009.64,719.402|936.697,737.5|1028.67,897.864|1099.17,913.969|1096.76,1594|1192.06,2146.16|893.189,873.772|781.578,707.783|634.909,1023.56|519.205,959.016|980.424,612.089|957.565,572.019|984.818,561.873|1031.38,591.574|957.081,555.077|952.334,566.066
14|1|957.127,884.996|968.72,808.71|976.682,756.433|978.999,650.884|997.694,668.506|1078.02,678.744|1150.51,838.584|1081.23,912.872|1014.21,916.091|1013.34,932.084|1073.65,898.023|959.527,665.918|888.852,665.628|772.768,723.266|864.851,720.58|929.816,724.287|1009.64,719.402|936.697,737.5|1028.67,897.864|1099.17,913.969|1096.76,1594|1192.06,2146.16|893.189,873.772|781.578,707.783|634.909,1023.56|519.205,959.016|980.424,612.089|957.565,572.019|984.818,561.873|1031.38,591.574|957.081,555.077|952.334,566.066
15|1|957.127,884.996|968.72,808.71|976.682,756.433|978.999,650.884|997.694,668.506|1078.02,678.744|1150.51,838.584|1081.23,912.872|1014.21,916.091|1013.34,932.084|1073.65,898.023|959.527,665.918|888.852,665.628|772.768,723.266|864.851,720.58|929.816,724.287|1009.64,719.402|936.697,737.5|1028.67,897.864|1099.17,913.969|1096.76,1594|1192.06,2146.16|893.189,873.772|781.578,707.783|634.909,1023.56|519.205,959.016|980.424,612.089|957.565,572.019|984.818,561.873|1031.38,591.574|957.081,555.077|952.334,566.066
16|1|957.127,884.996|968.72,808.71|976.682,756.433|978.999,650.884|997.694,668.506|1078.02,678.744|1150.51,838.584|1081.23,912.872|1014.21,916.091|1013.34,932.084|1073.65,898.023|959.527,665.918|888.852,665.628|772.768,723.266|864.851,720.58|929.816,724.287|1009.64,719.402|936.697,737.5|1028.67,897.864|1099.17,913.969|1096.76,1594|1192.06,2146.16|893.189,873.772|781.578,707.783|634.909,1023.56|519.205,959.016|980.424,612.089|957.565,572.019|984.818,561.873|1031.38,591.574|957.081,555.077|952.334,566.066
17|1|957.127,884.996|968.72,808.71|976.682,756.433|978.999,650.884|997.694,668.506|1078.02,678.744|1150.51,838.584|1081.23,912.872|1014.21,916.091|1013.34,932.084|1073.65,898.023|959.527,665.918|888.852,665.628|772.768,723.266|864.851,720.58|929.816,724.287|1009.64,719.402|936.697,737.5|1028.67,897.864|1099.17,913.969|1096.76,1594|1192.06,2146.16|893.189,873.772|781.578,707.783|634.909,1023.56|519.205,959.016|980.424,612.089|957.565,572.019|984.818,561.873|1031.38,591.574|957.081,555.077|952.334,566.066
18|1|957.127,884.996|968.72,808.71|976.682,756.433|978.999,650.884|997.694,668.506|1078.02,678.744|1150.51,838.584|1081.23,912.872|1014.21,916.091|1013.34,932.084|1073.65,898.023|959.527,665.918|888.852,665.628|772.768,723.266|864.851,720.58|929.816,724.287|1009.64,719.402|936.697,737.5|1028.67,897.864|1099.17,913.969|1096.76,1594|1192.06,2146.16|893.189,873.772|781.578,707.783|634.909,1023.56|519.205,959.016|980.424,612.089|957.565,572.019|984.818,561.873|1031.38,591.574|957.081,555.077|952.334,566.066
19|1|957.127,884.996|968.72,808.71|976.682,756.433|978.999,650.884|997.694,668.506|1078.02,678.744|1150.51,838.584|1081.23,912.872|1014.21,916.091|1013.34,932.084|1073.65,898.023|959.527,665.918|888.852,665.628|772.768,723.266|864.851,720.58|929.816,724.287|1009.64,719.402|936.697,737.5|1028.67,897.864|1099.17,913.969|1096.76,1594|1192.06,2146.16|893.189,873.772|781.578,707.783|634.909,1023.56|519.205,959.016|980.424,612.089|957.565,572.019|984.818,561.873|1031.38,591.574|957.081,555.077|952.334,566.066
20|1|957.127,884.996|968.72,808.71|976.682,756.433|978.999,650.884|997.694,668.506|1078.02,678.744|1150.51,838.584|1081.23,912.872|1014.21,916.091|1013.34,932.084|1073.65,898.023|959.527,665.918|888.852,665.628|772.768,723.266|864.851,720.58|929.816,724.287|1009.64,719.402|936.697,737.5|1028.67,897.864|1099.17,913.969|1096.76,1594|1192.06,2146.16|893.189,873.772|781.578,707.783|634.909,1023.56|519.205,959.016|980.424,612.089|957.565,572.019|984.818,561.873|1031.38,591.574|957.081,555.077|952.334,566.066
21|1|957.127,884.996|968.72,808.71|976.682,756.433|978.999,650.884|997.694,668.506|1078.02,678.744|1150.51,838.584|1081.23,912.872|1014.21,916.091|1013.34,932.084|1073.65,898.023|959.527,665.918|888.852,665.628|772.768,723.266|864.851,720.58|929.816,724.287|1009.64,719.402|936.697,737.5|1028.67,897.864|1099.17,913.969|1096.76,1594|1192.06,2146.16|893.189,873.772|781.578,707.783|634.909,1023.56|519.205,959.016|980.424,612.089|957.565,572.019|984.818,561.873|1031.38,591.574|957.081,555.077|952.334,566.066
22|1|957.127,884.996|968.72,808.71|976.682,756.433|978.999,650.884|997.694,668.506|1078.02,678.744|1150.51,838.584|1081.23,912.872|1014.21,916.091|1013.34,932.084|1073.65,898.023|959.527,665.918|888.852,665.628|772.768,723.266|864.851,720.58|929.816,724.287|1009.64,719.402|936.697,737.5|1028.67,897.864|1099.17,913.969|1096.76,1594|1192.06,2146.16|893.189,873.772|781.578,707.783|634.909,1023.56|519.205,959.016|980.424,612.089|957.565,572.019|984.818,561.873|1031.38,591.574|957.081,555.077|952.334,566.066
23|1|957.127,884.996|968.72,808.71|976.682,756.433|978.999,650.884|997.694,668.506|1078.02,678.744|1150.51,838.584|1081.23,912.872|1014.21,916.091|1013.34,932.084|1073.65,898.023|959.527,665.918|888.852,665.628|772.768,723.266|864.851,720.58|929.816,724.287|1009.64,719.402|936.697,737.5|1028.67,897.864|1099.17,913.969|1096.76,1594|1192.06,2146.16|893.189,873.772|781.578,707.783|634.909,1023.56|519.205,959.016|980.424,612.089|957.565,572.019|984.818,561.873|1031.38,591.574|957.081,555.077|952.334,566.066
24|1|957.127,884.996|968.72,808.71|976.682,756.433|978.999,650.884|997.694,668.506|1078.02,678.744|1150.51,838.584|1081.23,912.872|1014.21,916.091|1013.34,932.084|1073.65,898.023|959.527,665.918|888.852,665.628|772.768,723.266|864.851,720.58|929.816,724.287|1009.64,719.402|936.697,737.5|1028.67,897.864|1099.17,913.969|1096.76,1594|1192.06,2146.16|893.189,873.772|781.578,707.783|634.909,1023.56|519.205,959.016|980.424,612.089|957.565,572.019|984.818,561.873|1031.38,591.574|957.081,555.077|952.334,566.066
25|1|957.127,884.996|968.72,808.71|976.682,756.433|978.999,650.884|997.694,668.506|1078.02,678.744|1150.51,838.584|1081.23,912.872|1014.21,916.091|1013.34,932.084|1073.65,898.023|959.527,665.918|888.852,665.628|772.768,723.266|864.851,720.58|929.816,724.287|1009.64,719.402|936.697,737.5|1028.67,897.864|1099.17,913.969|1096.76,1594|1192.06,2146.16|893.189,873.772|781.578,707.783|634.909,1023.56|519.205,959.016|980.424,612.089|957.565,572.019|984.818,561.873|1031.38,591.574|957.081,555.077|952.334,566.066
26|1|957.127,884.996|968.72,808.71|976.682,756.433|978.999,650.884|997.694,668.506|1078.02,678.744|1150.51,838.584|1081.23,912.872|1014.21,916.091|1013.34,932.084|1073.65,898.023|959.527,665.918|888.852,665.628|772.768,723.266|864.851,720.58|929.816,724.287|1009.64,719.402|936.697,737.5|1028.67,897.864|1099.17,913.969|1096.76,1594|1192.06,2146.16|893.189,873.772|781.578,707.783|634.909,1023.56|519.205,959.016|980.424,612.089|957.565,572.019|984.818,561.873|1031.38,591.574|957.081,555.077|952.334,566.066
27|1|957.127,884.996|968.72,808.71|976.682,756.433|978.999,650.884|997.694,668.506|1078.02,678.744|1150.51,838.584|1081.23,912.872|1014.21,916.091|1013.34,932.084|1073.65,898.023|959.527,665.918|888.852,665.628|772.768,723.266|864.851,720.58|929.816,724.287|1009.64,719.402|936.697,737.5|1028.67,897.864|1099.17,913.969|1096.76,1594|1192.06,2146.16|893.189,873.772|781.578,707.783|634.909,1023.56|519.205,959.016|980.424,612.089|957.565,572.019|984.818,561.873|1031.38,591.574|957.081,555.077|952.334,566.066
28|1|964.627,891.589|971.503,815.779|976.107,766.323|981.734,641.44|1000.82,662.456|1081.09,680.755|1153.3,855.17|1060.98,898.622|989.369,909.1|1009.83,950.59|1065.09,897.26|960.819,659.353|890.576,663.988|767.36,728.905|867.417,717.691|943.754,704.351|1008.25,714.723|958.274,728.896|1039.64,902.729|1140.42,836.993|1124.74,1513.51|1228.28,2032.2|897.375,881.905|799.64,684.971|697.843,1142.23|544.467,1228.63|984.399,596.356|976.853,572.986|993.288,550.468|1030.45,557.326|960.893,554.099|934.765,561.132
29|1|964.627,891.584|971.503,815.773|976.107,766.316|981.738,641.433|1000.82,662.45|1081.09,680.752|1153.3,855.172|1060.96,898.601|989.349,909.073|1009.8,950.573|1065.07,897.25|960.822,659.346|890.579,663.976|767.359,728.867|867.434,717.645|943.786,704.273|1008.37,714.573|958.311,728.807|1039.64,902.725|1140.46,836.897|1124.86,1513.38|1228.55,2031.92|897.375,881.899|799.651,685.057|698.016,1142.79|544.72,1229.97|984.404,596.349|976.845,572.936|993.296,550.436|1030.47,557.339|960.9,554.052|934.787,561.102
30|1|962.652,894.625|970.394,817.801|974.944,772.47|981.677,641.214|1000.72,663.185|1079.71,681.195|1169.32,849.23|1048.19,895.557|985.383,873.089|1009.67,891.731|1043.67,882.877|960.49,660.583|891.801,665.895|763.738,724.786|865.128,717.649|942.125,696.244|1008.22,704.761|959.077,724.092|1036.76,904.417|1149.48,799.947|1124.36,1414.66|1212.56,1868.89|896.278,886.152|806.434,677.916|724.246,1134.97|614.338,1293.95|984.548,593.887|976.674,563.507|993.406,542.44|1031.14,554.049|960.657,546.01|934.457,558.207
31|1|957.742,904.037|968.42,822.331|975.161,770.879|981.339,641.708|999.786,663.398|1079.05,680.418|1162.98,841.589|1048.23,895.167|988.096,875.524|1015.23,889.742|1023.38,875.393|960.867,661.082|892.513,667.655|770.042,719.155|862.961,724.888|929.12,686.808|1002.01,673.272|949.451,719.591|1027.33,914.11|1106.77,789.046|1103.15,1320.73|1177.93,1673.15|895.518,895.293|787.568,664.664|671.894,902.386|566.328,869.991|984.136,594.988|975.96,575.666|992.459,552.555|1029.79,556.827|960.397,556.076|935.114,560.055
32|1|957.649,903.888|968.27,822.065|974.98,770.487|981.106,641.233|999.567,662.936|1078.93,680.027|1162.55,841.285|1048.24,894.84|987.977,874.852|1014.82,888.852|1021.55,873.985|960.632,660.627|892.325,667.305|770.185,719.167|863.744,725.141|930.403,687.709|1003.5,677.324|950.64,720.021|1027.26,913.959|1106.48,788.823|1102.72,1320.78|1177.14,1673.71|895.397,895.145|787.619,664.316|672.671,901.492|568.568,866.243|983.899,594.479|975.681,573.528|992.31,550.846|1029.71,556.356|960.234,554.228|935.025,559.304
33|1|957.648,903.886|968.269,822.062|974.98,770.483|981.107,641.229|999.568,662.931|1078.93,680.024|1162.54,841.283|1048.24,894.837|987.976,874.848|1014.82,888.848|1021.54,873.981|960.632,660.622|892.325,667.299|770.185,719.155|863.749,725.131|930.409,687.703|1003.51,677.339|950.642,720.012|1027.26,913.958|1106.48,788.822|1102.71,1320.79|1177.13,1673.73|895.396,895.143|787.62,664.312|672.675,901.49|568.576,866.227|983.899,594.474|975.682,573.515|992.312,550.836|1029.71,556.353|960.236,554.215|935.028,559.295
34|1|957.648,903.886|968.269,822.062|974.98,770.483|981.107,641.229|999.568,662.931|1078.93,680.024|1162.54,841.283|1048.24,894.837|987.976,874.848|1014.82,888.848|1021.54,873.981|960.632,660.622|892.325,667.299|770.185,719.155|863.749,725.131|930.409,687.703|1003.51,677.339|950.642,720.012|1027.26,913.958|1106.48,788.822|1102.71,1320.79|1177.13,1673.73|895.396,895.143|787.62,664.312|672.675,901.49|568.576,866.227|983.899,594.474|975.682,573.515|992.312,550.836|1029.71,556.353|960.236,554.215|935.028,559.295
35|1|951.389,910.475|965.293,824.662|974.424,767.911|982.257,636.722|1000.7,659.017|1081.07,678.829|1161.71,842.871|1049.84,914.258|992.85,876.988|1031.05,859.362|1004.93,873.796|961.245,656.202|893.201,662.776|768.16,709.657|869.78,700.048|939.154,675.928|1008.91,691.002|954.672,705.809|1021.65,922.353|1111.51,768.51|1075.27,1277.55|1139.13,1594.68|888.666,900.143|807.342,662.391|730.983,1018.73|634.33,1072.54|985.712,589.249|973.646,573.007|991.577,548.871|1032.31,551.284|958.889,552.111|936.255,553.253
36|1|965.538,916.289|971.39,829.396|975.605,770.538|981.65,637.847|1000.54,660.16|1081.57,678.602|1161.85,843.441|1033.55,921.242|995.042,905.567|1033.1,860.971|983.481,855.997|960.719,657.738|892.398,663.536|764.832,702.941|869.462,694.014|943.586,673.064|1008.58,678.95|959.456,703.628|1037.06,925.432|1123.05,771.891|1127.42,1302.74|1199.95,1676.19|901.274,908.353|798.575,674.389|680.109,896.026|564.502,865.697|984.598,589.886|975.555,572.978|992.407,548.38|1031.11,550.499|959.415,552.347|933.866,554.592
37|1|965.537,916.287|971.389,829.396|975.603,770.539|981.648,637.85|1000.54,660.163|1081.56,678.603|1161.83,843.478|1033.5,921.263|994.971,905.549|1033.05,860.982|983.438,855.999|960.717,657.74|892.397,663.537|764.831,702.933|869.461,693.999|943.586,673.042|1008.59,678.904|959.46,703.599|1037.06,925.43|1123.06,771.889|1127.42,1302.73|1199.97,1676.16|901.274,908.351|798.574,674.384|680.116,896.013|564.535,865.624|984.595,589.889|975.554,572.979|992.408,548.383|1031.11,550.506|959.416,552.347|933.868,554.591
38|1|964.808,917.461|970.528,830.687|974.599,772.189|979.656,639.673|998.702,661.781|1079.87,678.534|1156.03,849.268|1025.59,933.189|976.539,893.063|1024.71,871.323|980.428,873.299|958.895,659.669|890.434,665.119|761.656,700.171|866.257,688.297|942.934,667.021|1015.26,666.204|954.901,695.159|1036.42,926.208|1124.73,766.652|1132.88,1292.88|1215.19,1647.75|900.46,909.882|790.073,680.499|674.303,922.284|556.328,873.175|982.212,591.798|974.79,571.533|992.854,548.676|1030.83,554.994|959.803,550.705|933.775,553.649
39|1|965.019,917.441|970.771,830.635|974.849,772.265|980.069,639.772|999.093,661.908|1080.29,678.756|1155.47,849.99|1025.03,934.385|975.538,894.1|1023.66,872.398|979.508,874.799|959.278,659.718|890.847,664.757|762.125,697.151|867.668,684.122|944.968,662.235|1019.07,659.118|955.997,689.075|1036.71,926.271|1126.46,765.497|1134.33,1291.63|1218.46,1644.79|900.602,909.789|792.592,684.812|693.449,978.047|578.631,981.462|982.692,591.913|976.118,569.4|994.006,547.102|1031.36,554.99|960.987,549.078|934.333,553.687
40|1|958.87,945.574|969.279,841.717|976.046,770.75|980.882,635.28|1000.33,657.823|1084.32,675.476|1143.66,853.008|1012.75,934.264|973.514,943.061|1006.09,870.277|972.363,865.951|959.783,655.95|891.494,667.811|759.179,695.701|865.492,655.665|945.444,654.051|1009.72,673.89|951.606,665.621|1031.02,951.696|1100.77,820.972|1109.16,1384.23|1207.63,1756.78|894.473,940.395|714.074,855.406|557.465,1401.49|336.946,1600.81|983.376,586.281|977.127,574.778|995.702,549.513|1033.77,550.132|961.686,551.25|934.109,547.007
41|1|949.538,953.505|965.137,846.04|975.162,771.967|980.784,637.791|999.886,660.249|1083.66,676.356|1142.13,851.299|1014.37,933.432|973.565,937.576|1006.97,868.014|972.588,863.581|959.776,658.182|891.833,668.607|766.097,690.82|870.163,653.155|952.189,646.496|1023.08,643.772|962.915,666.205|1019.92,960.891|1088.02,852.105|1072.32,1403.45|1140.84,1773.38|887.035,947.218|731.223,866.308|613.272,1432.7|451.174,1711.55|983.559,589.251|980.336,564.844|996.313,541.942|1031.19,549.568|963.054,545.424|932.869,552.814
42|1|934.241,951.784|958.148,845.976|973.884,771.559|981.398,639.419|999.965,661.789|1083.17,677.789|1141.92,848.895|1028.96,950.606|965.064,916.329|1031.02,922.336|982.629,926.651|960.37,659.24|892.442,667.989|773.427,688.199|864.727,646.103|949.221,631.403|1031.08,627.951|958.795,663.129|1002.43,964.272|1084.23,894.115|1034.36,1439.7|1075.06,1816.74|873.933,941.001|750.058,906.987|631.927,1501.1|489.034,1826.7|984.69,591.601|974.415,580.549|994.349,556.572|1034.72,558.271|961.219,556.997|938.033,551.479
43|1|935.695,950.371|960.163,844.654|976.253,770.727|985.879,639.298|1004.09,661.868|1086.74,679.528|1140.02,848.997|1019.51,938.375|955.492,901.444|1023.47,914.904|978.411,924.188|964.558,658.574|895.923,665.314|778.112,691.989|864.998,649.293|948.243,632.377|1028.61,627.535|957.432,664.657|1004.14,963.288|1085.52,895.236|1030.43,1442.98|1065.4,1825.39|875.213,939.219|746.276,902.746|625.145,1497.86|475.915,1827.78|989.888,591.762|980.993,572.498|999.129,549.485|1037.96,554.962|966.291,551.699|941.521,554.125
44|1|913.348,876.951|942.187,801.053|958.228,742.25|988.964,654.989|994.016,669.423|1008,693.545|911.378,717.571|836.012,633.132|863.357,618.935|897.645,619.919|835.231,604.079|974.948,668.772|937.832,675.667|829.146,713.641|767.743,671.464|736.053,641.01|705.322,620.873|725.67,663.563|949.444,877.662|774.289,912.27|664.517,1179.54|532.195,1224.56|882.388,876.406|700.735,907.51|685.222,1156.99|575.996,1220.77|996.063,621.907|990.311,572.196|994.138,566.059|1016.66,588.656|974.301,573.199|953.817,610.663
45|1|918.751,924.549|971.336,834.915|989.878,758.223|998.795,644.263|995.694,662.622|948.337,685.18|800.051,683.237|903.666,590.721|945.664,612.401|995.789,598.575|942.971,596.276|999.963,663.015|993.337,676.815|878.924,740.267|830.645,670.614|786.812,643.095|733.73,626.172|762.548,672.172|931.095,934.435|730.472,946.895|604.221,1218.42|443.75,1253.57|908.67,916.485|700.591,863.415|699.257,1097.28|592.387,1124.74|995.299,602.575|967.507,526.171|991.247,532.305|1038.46,574.407|967.909,539.773|968.324,600.709
46|1|943.872,906.643|969.23,829.903|988.827,763.785|1005.24,659.912|986.533,674.431|918.632,686.166|851.62,804.155|850.83,844.682|837.934,857.727|855.981,881.71|869.802,865.54|1018.54,679.776|1076.62,705.977|1102.62,847.451|1054.32,837.033|1048.28,837.241|1014.11,836.095|1025.51,803.533|902.034,896.563|765.043,935.178|746.79,1118.11|713.942,1126.95|981.202,915.736|928.821,981.118|910.006,1181.72|899.685,1209.5|1010.87,620.857|1008.17,611.39|1000.91,591.943|977.158,584.441|1023.36,598.034|1054.63,598.381
47|-1
48|-1
49|-1
50|-1
51|-1
52|-1
53|-1
54|1|961.939,942.552|966.783,834.57|975.457,757.104|988.69,637.542|1004.16,660.487|1082.09,683.468|1202.15,753.644|1168.65,694.255|1174.68,654.945|1127.32,652.013|1107.52,664.202|968.588,652.124|904.896,645.423|820.088,643.366|941.523,597.996|990.053,568.524|1053.31,594.628|1028.71,557.852|1020.58,962.697|1219.26,1128.74|1133.28,1675.13|1261.96,2097.43|907.625,924.097|970.233,948.846|910.437,1554.75|973.977,1884.2|995.72,594.49|990.037,535.466|989.545,524.211|1013.88,545.864|965.81,537.809|938.291,586.873
55|1|963.338,942.195|968.358,832.888|977.343,754.513|990.671,631.239|1006.06,654.787|1085.1,680.312|1198.42,793.383|1172.81,746.096|1175.19,707.096|1146.37,674.349|1127.15,690.038|970.508,646.515|909.013,642.891|834.276,635.922|965.748,579.28|1026.11,548.036|1096.76,560.402|1055.25,555.441|1022.44,962.63|1210.72,1127.02|1126.96,1672.86|1248.65,2108.04|908.573,923.466|885.998,946.418|826.515,1572.29|849.192,1925.54|998.101,586.926|981.851,553.932|1001.25,535.574|1043.95,550.683|970.173,537.643|952.782,550.896
56|1|963.687,941.064|968.864,831.052|978.189,752.133|992.568,628.078|1007.77,651.925|1086.73,679.304|1189.76,806.503|1166.44,768.311|1173.03,727.11|1150.15,685.315|1128.89,696.335|972.236,643.324|911.305,639.399|840.519,631.369|975.293,575.719|1036.02,545.446|1106.5,562.095|1066.15,554.753|1022.8,961.789|1214.68,1133.01|1122.64,1674.71|1240.42,2112.9|908.871,922.052|919.665,940.681|858.849,1567.23|903.447,1922.04|1000.48,583.503|972.526,546.582|995.532,529.493|1046.41,547.946|965.196,530.971|958.113,546.472
57|1|956.782,932.794|968.093,825.112|978.367,749.344|994.874,624.865|1009.58,648.573|1087.69,675.471|1177.36,822.881|1155.76,829.409|1147.29,792.843|1140.3,750.168|1123.38,753.458|974.333,640.704|918.019,638.448|854.111,630.904|975.936,552.855|1042.27,541.917|1106.92,576.071|1076.04,569.339|1018.01,950.852|1197.3,1099.79|1107.8,1609.08|1198.56,2001.88|900.8,916.501|903.202,940.013|846.89,1533.39|869.468,1845.05|1003.52,580.029|982.722,547.068|1002.39,528.162|1048.02,542.181|971.521,531.295|957.43,545.497
58|1|957.255,927.072|968.688,820.804|979.314,745.492|997.696,622.148|1011.87,645.89|1088.67,674.679|1172.95,824.245|1157.98,849.139|1155.38,809.709|1144.7,764.701|1127.71,768.269|977.073,637.665|921.597,635.812|859.873,626.741|980.392,549.776|1051.67,534.94|1123.79,578.473|1086.07,582.512|1017.44,945.18|1191.59,1088.1|1096.98,1578|1176.66,1945.49|902.205,910.719|902.319,932.815|842.984,1507.13|860.786,1801.84|1007.05,577.698|1016.46,535.124|1030.41,521.12|1054.82,545.389|999.814,520.396|963.22,538.78
59|1|960.47,921.349|970.204,817.174|980.014,742.032|1000.91,619.135|1014.5,643.109|1090.18,674.541|1166.69,827.647|1158.46,863.431|1156.24,814.896|1139.93,768.245|1118.19,772.987|980.037,634.345|924.617,633.441|874.069,620.471|995.391,554.733|1072.93,542.948|1139.91,586.197|1095.39,568.264|1021.18,937.967|1192.61,1053.13|1103.26,1537.5|1176.27,1888.15|905.046,906.39|896.289,913.184|839.522,1469.03|845.826,1754.72|1011.26,574.854|1017.5,552.144|1035.1,533.775|1062.68,546.644|1003.91,531.112|970.888,532.172
60|1|961.128,920.402|970.879,815.851|980.791,740.48|1002.39,617.354|1015.79,641.49|1091.29,673.997|1164.71,828.951|1158.87,866.391|1157.98,817.988|1143.3,771.472|1119.16,774.814|981.452,632.479|926.918,630.498|882.212,616.75|1009.52,553.323|1087.51,543.444|1152.98,587.208|1122.42,576.919|1021.85,937.29|1195.11,1049.12|1106.96,1536.44|1182.05,1888.26|905.659,905.186|896.902,911.177|839.144,1468.37|843.888,1756.83|1013.09,573.011|1021.25,551.111|1035.55,530.443|1061.13,539.132|1004.35,531.341|968.16,535.059
61|1|961.991,920.11|971.706,815.166|981.717,739.496|1003.79,616.115|1017.03,640.359|1092.37,673.603|1164.33,829.427|1161.35,869.607|1161.06,822.042|1147.43,776.671|1120.95,778.392|982.843,631.229|929.258,628.688|889.813,615.156|1022.16,554.366|1100.61,546.508|1164.6,590.773|1121,576.103|1022.62,937.207|1198.28,1047.47|1110.29,1534.71|1186.6,1885.73|906.577,904.693|899.029,910.496|841.231,1468.09|845.771,1758|1014.78,571.698|1020.76,546.94|1031.63,524.867|1057.4,531.132|1000.9,530.169|964.76,540.431
62|1|966.151,917.2|974.281,812.713|983.37,737.421|1005.39,614.616|1018.23,638.857|1092.92,672.322|1181.02,811.873|1185.79,847.592|1161.99,797.38|1127.86,751.319|1112.33,766.541|984.805,629.537|934.699,625.341|910.582,611.604|1050.23,554.489|1128.5,549.119|1187.43,601.601|1139.95,590.173|1026.13,934.18|1214.85,1030.23|1132.99,1510.95|1214.4,1848.06|911.211,901.853|911.596,930.786|860.162,1497.6|870.942,1805.11|1016.61,570.461|1019.97,553.197|1030.29,528.754|1057.47,528.302|999.747,535.788|965.282,542.09
63|1|967.586,917.147|975.599,812.583|984.695,737.263|1007.03,614.439|1019.66,638.73|1093.85,672.324|1180.68,817.638|1188.9,867.814|1171.43,822.992|1146.22,779.911|1123.53,786.59|986.522,629.323|937.594,625.219|918.354,612.619|1060.49,557.514|1138.2,552.404|1198.96,601.906|1150.98,592.323|1027.34,934.352|1220.35,1031.16|1137.56,1509.01|1220.86,1844.92|912.824,901.583|921.694,950.394|870.064,1522.81|888.961,1843.59|1018.47,570.309|1026.15,559.72|1029.72,532.057|1050.6,521.238|1001.46,545.329|963.169,553.358
64|1|967.825,917.206|975.849,812.606|984.968,737.266|1007.41,614.431|1020,638.739|1094.12,672.415|1180.66,818.107|1189.54,869.958|1172.54,825.86|1147.93,783.621|1124.65,789.058|986.9,629.303|938.13,625.157|919.659,612.753|1062.49,558.021|1140.57,553.155|1201.79,602.867|1154.04,596.104|1027.56,934.463|1221,1031.66|1137.83,1509.25|1221.17,1845.28|913.082,901.593|922.58,951.263|870.833,1523.94|890.268,1845.5|1018.91,570.303|1027.11,560.007|1031.58,532.465|1052.71,522.332|1002.88,544.781|964.211,551.491
65|1|983.163,928.755|983.057,821.629|989.42,739.745|1011.17,618.606|1022.74,641.627|1093.3,674.489|1170.72,819.416|1190.85,869.527|1177.3,835.072|1160.27,799.682|1131.43,800.805|991.703,634.624|947.757,637.835|951.096,618.698|1091.2,550.163|1159.69,558.256|1231.06,607.743|1191.4,603.692|1039.7,938.025|1201.29,996.842|1164.83,1426.67|1259.13,1681.65|931.102,920.398|932.093,955.286|916.124,1456.23|933.131,1691.79|1023.03,575.071|1013.33,566.253|1025.99,540.125|1062.2,533.358|995.644,547.718|971.314,548.28
66|1|982.323,927.111|982.026,819.048|992.76,737.3|1011.2,618.044|1023.07,639.309|1089.51,669.417|1183.5,796.683|1218.84,865.599|1186.77,826.717|1148.67,797.698|1139.86,809.903|992.395,635.652|947.346,644.6|964.295,620.478|1100.12,556.772|1174.04,557.485|1235.14,615.494|1204.68,615.235|1034.57,931.653|1162.84,960.09|1143.11,1327.74|1235.42,1514.69|934.126,923.077|944.179,969.43|931.188,1383.04|928.877,1566.2|1022.06,574.921|1017.33,567.33|1029.68,541.262|1062.68,534.437|999.166,548.107|971.217,547.002
67|1|981.101,930.17|981.174,820.516|992.297,739.302|1009.49,619.437|1021.63,640.382|1088.28,667.898|1190.84,788.747|1232.71,854.27|1190.89,824.393|1143.9,797.676|1144.76,813.669|990.793,637.654|945.399,646.858|966.53,621.903|1108.06,559.048|1181.34,559.986|1246.22,617.161|1212.71,620.096|1032.86,933.794|1168.12,956.042|1134.79,1295.82|1220.22,1483.07|933.276,926.976|951.452,981.897|936.534,1354.8|937.037,1546.72|1019.99,576.035|1028.35,569.19|1037.4,542.421|1060.8,534.334|1007.17,550.11|969.066,549.222
68|1|982.58,929.416|983.412,819.74|994.624,742.311|1011.94,622.62|1023.64,642.876|1087.29,666.06|1180.16,794.066|1230.98,860.362|1206.47,835.806|1180.32,814.029|1166.66,831.75|993.534,641.646|942.755,649.871|968.564,623.008|1116.46,563.987|1185.55,565.212|1254.97,622.355|1219.17,629.233|1031.91,929.3|1156.54,1008.55|1113.77,1317.65|1194.19,1496.71|936.763,929.664|963.124,1020.33|940.036,1334.82|935.697,1515.76|1022.9,579.26|1024.65,569.572|1035.97,543.325|1064.93,537.868|1004.86,550.202|971.422,550.448
69|1|982.905,929.764|983.829,820.044|995.174,742.657|1012.83,622.979|1024.46,643.242|1087.99,666.479|1179.51,795.293|1234.41,869.065|1212.14,844.857|1188.31,820.307|1172.73,837.94|994.373,642.001|943.657,650.34|970.133,624.558|1118.73,566.286|1188.25,567.992|1257.43,626.584|1220.86,631.598|1032.23,929.669|1159.33,1019.33|1108.55,1314.77|1184.2,1497.63|937.095,929.994|965.275,1031.91|939.599,1326.07|935.554,1509.91|1023.93,579.634|1028.58,568.766|1041.38,543.704|1069.11,541.382|1009.89,548.188|974.882,546.884
70|1|983.041,930.416|983.997,820.584|995.503,743.273|1013.54,623.571|1025.09,643.793|1088.5,667.004|1179.1,796.564|1237.4,876.661|1216.83,852.673|1194.95,825.666|1177.65,843.016|995.026,642.664|944.493,651.378|972.9,628.355|1123.39,571.757|1194.05,574.323|1262.48,636.019|1218.47,635.919|1032.35,930.249|1162.44,1028.47|1106.4,1314.03|1178.52,1499.39|937.231,930.713|970.146,1047.58|940.53,1324|938.108,1509.83|1024.83,580.224|1032.86,571.1|1045.22,545.693|1070.65,542.392|1013.72,549.973|976.209,547.109
71|1|983.197,930.579|984.256,820.78|995.939,743.609|1014.46,624.044|1025.9,644.237|1089.18,667.747|1179.15,798.198|1238.52,880.03|1218.59,856.055|1197.52,828.442|1179.16,845.423|995.888,643.137|945.539,652.072|975.477,631.652|1127.32,576.822|1198.84,581.232|1266.42,645.78|1216.03,641.008|1032.45,930.416|1163.81,1032.07|1105.46,1313.23|1176.08,1499.19|937.432,930.871|972.099,1050.92|940.879,1321.37|938.835,1507.38|1025.96,580.759|1034.75,573.32|1047.05,547.541|1072,543.097|1015.51,551.829|977.42,547.68
72|1|981.423,926.221|984.642,817.593|997.868,741.58|1020.03,623.176|1030.62,643.472|1090.08,667.968|1177.68,798.881|1244.18,887.013|1224.61,858.694|1204.06,833.387|1186.09,852.33|1001.07,641.808|949.698,650.968|979.705,643.542|1133.65,594.192|1202.3,612.352|1269.7,670.289|1214.2,646.411|1029.95,926.403|1166.81,1054.96|1103.82,1326.89|1168.93,1514.33|936.287,926.189|977.989,1092.01|933.586,1342.13|931.304,1528.48|1032.98,580.418|1039.5,575.541|1051.23,548.676|1077.52,541.144|1019.73,554.342|982.905,549.649
73|1|979.229,930.786|982.892,821.152|995.792,743.932|1017.33,624|1028.19,644.557|1089.59,669.47|1175.14,804.476|1241.77,903.5|1226.64,869.296|1211.12,836.679|1188.59,856.053|998.322,642.834|946.116,652.795|982.378,649.544|1136.89,608.944|1210.87,621.568|1279.56,687.162|1219.63,661.797|1028.07,930.558|1168.32,1084.88|1103.25,1357.37|1167.7,1547.27|933.74,931.138|973.731,1126.27|926.366,1368.47|925.698,1556.15|1030.06,580.685|1047.93,584.655|1054.78,554.674|1071.68,537.695|1024.38,564.007|978.512,556.36
74|1|979.581,931.588|983.262,821.936|996.228,744.762|1017.94,624.876|1028.75,645.404|1089.81,670.492|1175.33,805.472|1242.88,905.607|1228.18,872.273|1213.32,839.481|1190.06,858.97|998.918,643.731|946.789,653.937|983.778,652.951|1138.96,613.732|1213.43,627.996|1281.25,696.006|1217.19,670.437|1028.4,931.329|1167.76,1088.8|1101.97,1357.57|1165.03,1547.31|934.113,931.968|972.372,1106.7|928.405,1355.61|926.411,1544.9|1030.76,581.589|1049.71,579.885|1058.27,551.806|1075.18,541.183|1027.44,558.493|981.306,552.315
75|1|983.199,948.139|983.849,832.854|993.776,749.725|1011.48,624.782|1023.4,646.25|1088.43,673.279|1186.43,806.804|1266.54,904.517|1237.43,879.074|1205.3,834.448|1193.26,861.471|992.683,644.129|939.556,653.207|983.547,658.919|1143.79,627.471|1226.34,642.808|1293.45,714.095|1221.15,682.638|1033.71,946.709|1185.51,1115.73|1116.99,1395.11|1180.83,1595.95|935.968,949.627|962.06,1123.59|930.621,1388.45|931.036,1589.74|1022.76,579.633|1057.4,576.335|1064.12,549.003|1069.65,541.346|1034.39,553.689|977.786,546.378
76|1|982.554,951.002|983.242,835.743|993.278,752.792|1011.39,628.014|1023.24,649.387|1090.81,677.701|1191.94,811.175|1270.7,911.133|1239.82,884.916|1206.35,833.136|1192.92,861.762|992.52,647.424|939.519,656.594|984.948,664.448|1147.1,635.44|1230.66,650.732|1295.07,723.009|1214.92,692.493|1033,949.451|1185.33,1118.65|1120.31,1404.13|1186.7,1604.07|935.388,952.602|950.722,1088.63|926.571,1375.01|924.366,1578.9|1022.83,582.953|1054.31,582.948|1062.04,554.885|1070.26,544.82|1031.73,559.791|977.144,550.213
77|1|981.549,949.093|982.758,834.909|993.273,752.917|1012.9,629.484|1024.5,650.675|1093,679.226|1195.55,811.595|1272,911.533|1239.04,885.555|1203.38,834.121|1191.86,861.345|993.795,648.696|940.688,657.068|985.356,667.218|1148.34,644.4|1234.14,660.233|1293.31,730.361|1209.13,698.296|1031.58,947.772|1186.01,1109.79|1120.72,1396.73|1188.93,1593.3|934.787,950.476|971.209,1071.09|937.688,1353.9|938.86,1554.7|1024.86,584.936|1056.79,581.786|1064.04,554.433|1071.65,546.575|1034.01,559.236|979.218,551.989
78|1|984.54,950.002|984.466,835.974|992.588,753.384|1013.08,632.208|1025.55,652.747|1096.38,680.906|1197.96,816.462|1267.41,923.173|1236.7,892.142|1205.83,835.179|1181.08,873.166|992.864,651.626|936.962,663.555|988.084,677.829|1150.12,661.276|1238.2,677.206|1288.25,746.918|1212.19,711.62|1035.12,948.418|1189.91,1108.08|1127.32,1386.5|1188.42,1585.92|937.415,951.628|965.06,1084.82|941.347,1370.42|941.731,1572.1|1024.96,588.34|1056.85,580.491|1064.92,554.396|1073.13,551.049|1034.43,557.737|979.67,552.471
79|1|984.224,949.681|984.136,835.757|992.285,753.273|1012.68,632.25|1025.17,652.707|1096.18,680.627|1197.54,816.255|1264.52,921.304|1232.43,888.733|1200.39,830.334|1177.41,871.766|992.479,651.718|936.591,663.992|987.82,679.799|1149.75,663.971|1237.86,679.578|1288.89,749.162|1211.61,715.76|1034.76,948.061|1189.39,1105.39|1127.49,1383.32|1189.07,1582.23|937.138,951.34|965.783,1063.42|943.849,1359.04|944.851,1561.55|1024.53,588.429|1056.65,584.659|1065.37,557.896|1073.66,552.082|1034.75,560.979|980.013,552.34
80|1|984.223,949.68|984.135,835.755|992.285,753.273|1012.68,632.25|1025.17,652.707|1096.18,680.626|1197.54,816.253|1264.52,921.3|1232.43,888.728|1200.39,830.328|1177.41,871.762|992.478,651.718|936.591,663.992|987.819,679.802|1149.75,663.975|1237.86,679.583|1288.89,749.169|1211.61,715.768|1034.76,948.06|1189.39,1105.39|1127.49,1383.32|1189.07,1582.22|937.138,951.339|965.773,1063.39|943.845,1359.03|944.845,1561.54|1024.53,588.429|1056.65,584.662|1065.37,557.899|1073.66,552.083|1034.75,560.981|980.013,552.339
81|1|989.465,928.469|984.828,820.633|991.168,743.239|1008.86,628.915|1021.26,646.993|1090.86,665.753|1190.78,794.611|1242.54,902.816|1221.03,880.216|1199,828.21|1157.62,868.167|989.57,648.919|936.341,664.286|990.327,687.217|1147.57,682.975|1235.64,692.267|1290.29,750.568|1213.04,726.381|1037.14,924.018|1168.4,1020.05|1125.33,1259.17|1193.47,1435.14|944.958,932.759|963.987,924.166|982.498,1157.16|994.098,1317.96|1019.86,587.36|1055.83,588.359|1064.99,561.971|1070.09,554.505|1035.4,563.538|979.376,549.944
82|1|989.438,928.118|984.854,820.311|991.278,742.98|1009.24,628.774|1021.6,646.837|1091.27,665.872|1190.48,795.438|1239.73,902.5|1217.58,877.914|1195.26,825.909|1154.76,867.117|989.902,648.762|936.643,664.314|990.743,688.548|1148.14,685.079|1236.28,694.405|1291.31,753.105|1214.24,729.373|1037.1,923.668|1169.82,1013.27|1124.44,1249.13|1192.47,1423.34|944.943,932.408|959.981,927.299|976.902,1157.37|986.697,1318.2|1020.35,587.266|1058.08,588.018|1067,561.814|1070.72,554.798|1037.67,563.082|980.619,549.354
83|1|989.31,927.669|984.794,819.943|991.296,742.706|1009.53,628.664|1021.85,646.713|1091.54,666.063|1190.15,796.142|1237.4,902.222|1214.7,876.113|1192.14,823.581|1152.49,866.341|990.151,648.619|936.882,664.261|991.028,689.403|1148.43,686.626|1236.46,695.902|1292.44,754.186|1214.42,730.254|1036.94,923.232|1170.96,1008.01|1122.99,1241.26|1190.14,1414.3|944.844,931.946|958.046,931.016|972.194,1159.63|980.52,1320.78|1020.76,587.222|1057.27,590.277|1066.8,563.674|1071.61,555.128|1037.21,564.945|980.998,549.491
84|1|988.255,924.823|984.018,817.935|990.784,741.408|1010.28,628.533|1022.3,646.486|1091.58,666.063|1188.57,796.325|1233.08,900.952|1210.17,873.14|1188,820.09|1149.21,863.766|990.774,648.213|937.713,663.995|991.851,691.704|1148.3,690.695|1235.22,698.261|1294.95,755.559|1216.04,733.452|1035.55,920.462|1171.95,992.095|1117.77,1219.26|1181.34,1388.4|944.107,929.025|954.134,932.131|962.857,1157.65|969.634,1317.31|1021.98,587.565|1055.72,593.744|1066.11,566.658|1073.14,555.898|1036.17,568.083|981.889,550.51
85|1|988.256,924.823|984.019,817.935|990.786,741.408|1010.29,628.534|1022.3,646.487|1091.58,666.066|1188.57,796.331|1233.07,900.949|1210.16,873.129|1187.99,820.071|1149.2,863.759|990.777,648.213|937.718,663.995|991.858,691.707|1148.31,690.701|1235.23,698.268|1294.96,755.568|1216.06,733.46|1035.55,920.463|1171.95,992.089|1117.77,1219.25|1181.33,1388.39|944.109,929.025|954.134,932.11|962.867,1157.6|969.652,1317.26|1021.98,587.566|1055.75,593.719|1066.14,566.64|1073.15,555.901|1036.2,568.06|981.903,550.501
86|1|988.256,924.823|984.019,817.935|990.786,741.408|1010.29,628.534|1022.3,646.487|1091.58,666.066|1188.57,796.331|1233.07,900.949|1210.16,873.129|1187.99,820.071|1149.2,863.759|990.777,648.213|937.718,663.995|991.858,691.707|1148.31,690.701|1235.23,698.268|1294.96,755.568|1216.06,733.46|1035.55,920.463|1171.95,992.089|1117.77,1219.25|1181.33,1388.39|944.109,929.025|954.134,932.11|962.867,1157.6|969.652,1317.26|1021.98,587.566|1055.75,593.719|1066.14,566.64|1073.15,555.901|1036.2,568.06|981.903,550.501
87|1|991.246,924.567|986.034,818.197|992.172,741.978|1010.46,629.723|1022.61,647.339|1091.91,665.439|1189.03,794.615|1227.47,901.021|1205.68,871.958|1185.4,817.949|1145,861.546|991.22,649.56|938.611,665.963|993.346,693.994|1149.03,692.051|1234.84,698.222|1297.46,755.578|1218.97,735.445|1038.22,919.757|1168.85,965.169|1123.04,1187.1|1197.03,1342.92|947.388,929.188|982.197,885.974|1005.56,1106.95|1037.19,1249.62|1021.7,588.955|1056.2,593.368|1066.8,567.144|1073.2,558.476|1037.13,567.648|982.805,550.55
88|1|989.217,927.425|987.026,821.075|991.943,743.212|1019.54,634.786|1030.65,653.077|1099.85,677.798|1187.06,816.277|1220.99,922.488|1200.22,878.892|1187.62,813.294|1149.01,862.272|998.265,652.718|942.496,665.777|992.634,695.637|1149.57,693.549|1232.09,698.348|1296.15,760.012|1215.96,738.127|1037.08,923.901|1184.72,1002.61|1119.8,1228.34|1174.04,1402.18|944.73,930.835|964.702,1003.39|953.31,1215.11|955.501,1382.82|1034,595.768|1059.85,578.824|1061.6,552.388|1070.61,548.346|1033.15,562.908|981.398,572.412
89|1|989.218,927.414|987.027,821.073|991.945,743.214|1019.55,634.797|1030.65,653.088|1099.85,677.814|1187.02,816.29|1220.91,922.451|1200.15,878.838|1187.55,813.227|1148.94,862.25|998.275,652.726|942.519,665.777|992.709,695.648|1149.67,693.547|1232.21,698.353|1296.35,760.041|1216.23,738.2|1037.08,923.891|1184.69,1002.65|1119.75,1228.33|1173.95,1402.16|944.735,930.823|964.542,1002.96|953.234,1215.09|955.358,1382.84|1034.01,595.783|1060.18,578.903|1061.95,552.483|1070.75,548.49|1033.51,562.904|981.547,572.251
90|1|988.883,926.832|986.495,820.672|991.225,742.904|1017.96,634.524|1029.2,652.693|1098.62,677.06|1185.18,815.355|1216.44,920.181|1195.84,876.041|1183.7,809.719|1146,859.712|996.845,652.566|941.255,665.963|991.787,695.892|1148.4,692.428|1230.58,697.062|1296.03,758.914|1218.48,738.992|1036.68,923.241|1182.03,1001.83|1118.52,1226.48|1172.5,1399.68|944.466,930.303|966.773,966.675|959.907,1178.79|964.069,1340.5|1032.08,595.497|1067.8,582.487|1072.39,557.217|1076.04,555.766|1043.64,562.189|986.373,562.747
91|1|988.847,923.251|985.376,817.081|989.312,739.17|1011.71,630.214|1023.71,647.743|1094.88,669.077|1181.38,807.18|1208.32,913.734|1189.73,869.849|1180.15,804.034|1138.26,851.588|991.256,649.168|936.564,665.308|992.193,697.329|1149.32,690.561|1228.45,696.19|1295.3,757.271|1220.26,738.578|1036.66,919.134|1177.01,996.5|1117.33,1216.18|1170.53,1387.74|944.392,927.213|946.889,943.709|951.122,1174.48|952.385,1338.07|1024.25,590.795|1059.24,589.798|1068.33,563.625|1074.21,557.345|1038.53,565.331|982.964,553.386
92|1|987.295,920.636|983.75,814.814|987.716,737.175|1010.44,628.761|1022.35,646.182|1093.39,667.766|1178.81,805.851|1202.57,911.374|1185.56,866.271|1178.31,799.7|1134.4,847.301|989.964,647.662|935.581,664.012|992.458,696.92|1149.43,691.153|1228.69,696.03|1295.27,757.543|1219.14,738.948|1034.97,916.447|1176.99,989.649|1116.14,1208.62|1169.19,1378.43|942.961,924.665|954.106,942.624|954.465,1176.54|955.715,1340.28|1023.12,589.544|1058.84,587.645|1067.92,561.851|1073.22,556.546|1038.26,563.173|982.356,551.535
93|1|987.594,919.181|983.976,813.576|987.897,736.069|1010.4,627.829|1022.32,645.189|1093.32,666.154|1179.11,803.55|1201.54,908.488|1184.09,863.502|1176.36,797.175|1133.71,844.757|989.985,646.738|935.7,663.228|992.503,696.332|1149.05,690.344|1228.08,695.385|1294.73,757.123|1220.08,739.138|1035.17,914.984|1179.6,982.096|1119.9,1201.82|1176.93,1368.82|943.344,923.218|1005.68,921.1|989.664,1128.21|1008.31,1279.21|1023,588.663|1057.52,587.381|1067.03,561.56|1073.31,555.948|1037.21,562.783|982.177,550.612
94|1|986.696,896.883|979.771,800.155|983.252,729.632|1011.48,627.916|1020.77,643.685|1081.13,660.615|1150.36,786.83|1185,879.729|1182.47,867.292|1190.48,836.627|1141.35,853.178|991.625,646.294|940.715,662.935|994.531,692.908|1147.33,686.611|1219.21,691.938|1287.82,752.38|1219.38,739.033|1029.14,887.499|1156.16,984.073|1104.6,1172.29|1165.26,1315.38|946.831,905.806|973.017,930.447|974.194,1108.37|983.424,1247.29|1026.9,591.437|1055.59,592.907|1062.94,565.221|1072.15,553.651|1033.54,570.76|981.68,561.172
95|1|985.611,895.956|978.826,799.309|982.362,728.797|1010.53,627.024|1019.79,642.825|1080.09,659.776|1148.37,785.16|1190.51,890.511|1188.61,877.351|1195.17,844.92|1148.97,862.367|990.717,645.381|940.05,661.879|994.63,690.829|1147.29,683.787|1218.46,689.23|1285.53,750.712|1217.72,737.337|1028.03,886.663|1160.89,987.364|1100.88,1163.79|1154.96,1306.34|945.772,904.795|973.05,942.558|965.861,1117.53|971.812,1257.98|1025.91,590.515|1050.45,589.96|1061.51,564.362|1074.88,557.752|1031.28,566.203|983.389,554.499
96|1|981.858,894.894|978.313,798.364|984.285,728.162|1014.99,627.876|1023.75,643.699|1084.37,662.429|1148.21,788.131|1189.3,901.963|1191.88,874.963|1194.06,856.259|1154.27,870.123|994.824,645.706|943.694,661.107|996.946,689.611|1148.06,685.355|1219.55,683.76|1282.89,746.787|1210.82,730.015|1024.3,887.225|1167.68,988.38|1096.3,1163.06|1146.72,1305.38|942.011,902.203|1003.47,946.802|972.306,1121.19|979.81,1261.17|1031.34,592.037|1058.73,576.141|1062.19,551.153|1070.38,549.061|1034.06,558.93|982.503,565.042
97|1|982.114,895.417|978.626,798.833|984.642,728.598|1015.54,628.266|1024.26,644.129|1085.82,665.16|1151.1,795.439|1190.67,909.475|1191.71,881.522|1192.49,859.444|1151.83,873.176|995.34,646.066|944.272,661.263|997.916,689.019|1149.37,684.602|1220.85,682.477|1283.92,745.057|1210.89,727.423|1024.57,887.772|1168.16,989.878|1096.1,1163.89|1146.06,1306.44|942.252,902.703|995.723,949.238|968.903,1122.75|974.664,1263.14|1031.95,592.419|1059.58,578.401|1064.28,553.403|1072.94,551.149|1035.74,560.03|984.233,563.458
98|1|982.85,897.504|979.376,800.51|985.295,729.894|1015.85,628.908|1024.69,644.952|1088.71,670.347|1159.64,806.285|1198.8,925.995|1194.78,901.38|1198.08,859.121|1148.43,873.228|995.67,646.725|944.516,661.45|998.445,686.639|1149.99,679.766|1220.45,675.809|1282.21,738.257|1208.02,717.579|1025.46,889.968|1172.39,995.555|1099.48,1173.23|1149.85,1317.92|942.849,904.686|983.946,950.896|961.825,1127.52|966.72,1269.39|1032.1,592.805|1054.39,581.778|1063.1,557.178|1077.19,555.407|1033.19,561.238|985.963,559.723
99|1|983.716,911.989|983.649,809.85|990.567,735.42|1017.36,629.098|1028.84,646.827|1098.61,675.021|1169.53,823.26|1202,953.73|1199.65,923.979|1208.56,872.256|1145.01,879.87|995.969,647.026|938.989,661.18|995.621,681.524|1149.19,664.983|1221.21,658.542|1280.95,731.924|1207.26,706.309|1029.92,907.581|1185.26,1028.1|1104.11,1213.3|1149.11,1374.38|940.646,916.222|982.447,991.467|955.829,1184.34|956.264,1341.61|1031.44,590.789|1049.96,582.836|1062.56,557.835|1081.52,556.249|1030.68,559.5|985.913,552.885
100|1|985.651,914.179|985.428,811.223|992.086,736.05|1018.47,628.441|1030.12,646.48|1100.71,674.96|1171.51,823.861|1203.11,952.141|1199.72,917.965|1207.83,861.484|1138.38,881.558|997.054,646.459|939.612,660.096|996.657,679.471|1149.56,659.13|1219.9,650.69|1278.82,725.996|1205.81,697.886|1032.21,909.852|1183.3,1044.89|1105.68,1232.64|1150.04,1397.91|942.27,918.338|950.373,1001.6|939.453,1205.43|935.141,1368.38|1032.35,589.619|1057.15,574.979|1064.01,549.427|1076.51,548.265|1033.55,555.248|983.022,557.836
101|1|991.997,922.486|987.31,816.025|993.192,738.382|1021.66,624.014|1031.45,643.609|1091.83,674.701|1143.58,822.82|1191.8,923.036|1196.68,907.501|1206.07,884.916|1144.43,892.696|1001.33,642.304|947.244,653.683|993.822,676.081|1149.96,652.345|1210.95,641.067|1274.57,718.573|1202.99,685.807|1037.68,915.771|1189.69,1066.29|1111.72,1271.48|1167.57,1444.62|949.017,928.931|977.101,1024.28|954.833,1229.17|952.613,1400.12|1037.01,582.82|1052.31,581.615|1062.87,553.763|1083.26,543.94|1031.25,559.237|987.786,551.386
102|1|993.282,924.837|988.187,817.972|993.552,739.841|1021.12,624.39|1031.01,644.251|1090.91,675.231|1142.01,824.203|1195.67,936.124|1199.84,913.231|1208.58,889.168|1152.51,899.982|1001.03,642.696|947.052,653.54|993.214,672.704|1145.69,645.615|1205.14,632.473|1270.55,707.802|1203.55,673.264|1039.05,917.938|1195.88,1081.88|1122.71,1301.94|1183.29,1477.62|950.212,931.457|1003.25,1088.26|963.815,1284.12|967.307,1460.77|1036.12,582.802|1060.58,571.405|1063.93,544.052|1074.66,536.862|1034.9,553.991|984.307,558.62
103|1|995.478,926.468|990.149,819.029|995.197,740.348|1022.26,623.824|1032.28,643.972|1091.98,674.967|1140.89,826.188|1195.65,946.092|1200.87,919.076|1209.54,892.798|1154.75,903.241|1002.22,642.142|948.032,652.198|994.197,667.291|1146.04,636.186|1204.37,621.971|1267.84,699.249|1202.09,661.964|1041.44,919.463|1201.3,1098.73|1134.65,1332.12|1198.52,1509.22|952.216,933.189|1013.62,1127.63|967.408,1326.4|973.079,1506.23|1037.06,581.835|1052.56,579.407|1062.62,551.665|1082.62,542.295|1031.18,557.528|987.518,551.013
104|1|994.973,927.979|992.105,821.644|997.54,743.229|1020.3,623.478|1031.28,644.068|1092.06,673.942|1141.23,825.965|1192.29,952.45|1199.71,926.468|1211.75,898.585|1157.41,908.614|1000.76,642.291|944.665,650.494|989.598,660.275|1140.93,620.354|1203.08,606.405|1260.6,684.523|1197.49,648.465|1041.18,920.587|1190.63,1134.96|1134.3,1375.54|1201.77,1548.25|951.518,935.06|1011.11,1176.25|963.422,1376.88|970.299,1554.61|1033.41,580.207|1056.04,576.744|1065.97,549.89|1081.05,542.925|1034.84,554.001|986.647,546.436
105|1|990.912,932.349|992.406,826.505|998.496,747.12|1020.2,626.583|1031.59,647.37|1093.58,675.705|1141.69,828.212|1190.11,957.513|1198.77,933.347|1213.5,903.54|1159.18,913.195|1000.63,645.4|942.481,651.289|985.148,655.413|1135.77,610.582|1197.7,594.291|1260.58,663.656|1196.51,635.137|1038.37,927.071|1174.12,1167.31|1121.93,1409.1|1183.72,1581.57|946.507,937.423|991.601,1209.09|944.618,1409.85|948.182,1583.4|1032.78,583.033|1048.4,578.951|1059.83,552.201|1080.28,545.616|1028.1,556.337|984.767,549.305
106|1|992.925,934.589|993.965,827.745|999.096,747.292|1019.88,626.633|1031.38,647.458|1093.56,676.462|1141.36,828.911|1191.52,959.937|1198.84,938.553|1213.41,906.241|1160.51,916.962|1000.53,645.403|943.191,651.102|989.09,652.681|1132.87,604.702|1191.14,584.839|1258.51,653.822|1193.4,624.369|1040.74,929.674|1169.31,1180.64|1116.62,1417.63|1171.61,1591.69|948.234,939.319|978.588,1212.97|936.974,1415.46|937.112,1589.56|1032.09,583.035|1044.98,576.872|1057.33,550.954|1079.83,546.423|1025.54,554.43|984.484,548.388
107|1|991.911,930.085|994.041,824.754|999.742,745.142|1020.84,626.032|1031.96,646.486|1093.03,675.137|1141.82,825.652|1191.95,955.177|1198.98,938.147|1213.16,905.448|1160.25,916.427|1001.75,644.709|945.919,649.642|988.176,639.939|1131.68,586.735|1192.8,569.601|1262.1,630.201|1202.05,609.425|1039,925.523|1162.38,1175.31|1109.86,1407.64|1161.44,1579.64|947.873,934.483|980.756,1203.33|937.443,1407.48|937.695,1579.95|1033.24,583.001|1039.13,576.063|1053.07,550.663|1080.62,546.96|1021.16,553.835|985.501,548.197
108|1|999.882,927.187|997.965,822.385|1001.37,743.397|1020.27,624.648|1031.76,644.783|1093.15,674.052|1140.83,824.358|1188.66,953.609|1198.05,934.518|1213.22,904.716|1159.75,915.494|1001.55,643.553|946.384,650.282|988.801,636.671|1129.7,584.876|1188.56,558.485|1257.67,617.044|1188.71,599.853|1046,920.501|1169.17,1165.05|1118.22,1390.73|1169.93,1561.88|956.65,933.584|992.633,1177.88|957.183,1383.06|959.414,1558.29|1031.81,581.658|1041.84,564.643|1052.5,540.673|1075.84,541.947|1021.52,545.722|982.385,549.682
109|1|1002.24,926.903|1000.04,821.594|1003.21,742.157|1020.94,622.595|1032.66,642.728|1094.26,671.963|1142.01,823.345|1191.19,953.813|1199.19,934.8|1213.11,903.412|1159.36,914.54|1002.35,641.777|947.136,649.312|989.414,633.653|1129.47,578.212|1186.34,550.901|1255.09,612.216|1187.43,591.756|1048.52,920.062|1173.52,1168.86|1125.19,1398.65|1178.91,1568.85|958.83,933.448|996.448,1205.05|959.008,1412.2|964.228,1584.71|1032.1,579.248|1040.96,562.155|1050.21,537.296|1073.78,536.704|1019.43,544.316|980.526,550.299
110|1|1002.35,927.403|999.948,821.914|1002.86,742.268|1019.77,622.343|1031.62,642.484|1093.52,671.288|1141.91,822.511|1191.48,952.703|1199.33,934.376|1212.96,903.503|1159.5,914.833|1001.33,641.619|946.385,649.249|989.701,631.051|1129.08,572.715|1184.34,543.29|1252.83,603.412|1184.29,580.978|1048.69,920.446|1173.82,1171.68|1128.25,1403.46|1182.96,1572.44|958.887,934.058|996.547,1213.94|958.836,1420.43|966.044,1591.08|1030.62,578.846|1031.47,569.04|1046.21,544.131|1077.31,542.147|1014.22,547.513|982.252,544.252
111|1|1002.27,926.874|1000.78,822.527|1002.71,742.503|1018.82,622.214|1030.67,642.405|1092.71,670.118|1141.9,821.183|1191.18,951.911|1199.42,934.483|1213.13,902.44|1158.98,913.75|1000.64,641.514|946.747,649.211|991.069,626.218|1126.93,559.96|1185.25,530.642|1248.95,592.675|1182.4,571.576|1048.56,919.653|1165.41,1176.67|1128.21,1411.15|1184.96,1576.66|958.868,933.774|989.263,1223.83|953.961,1431.09|962.554,1598.01|1029.42,578.587|1037.51,564.525|1050.01,540.372|1075.42,540.871|1018.53,544.174|981.113,544.588
112|1|1003.96,926.503|1001.8,822.515|1002.98,742.508|1018.25,621.605|1030.38,641.897|1093.01,669.735|1142.05,821.429|1191.53,953.33|1199.49,934.881|1213.33,902.977|1159.05,913.92|1000.07,640.985|945.71,647.608|993.182,622.81|1129.18,555.784|1183,525.284|1248.7,588.707|1181.17,566.209|1050.4,918.765|1161.47,1179.47|1128.66,1412.78|1184.03,1577.02|960.447,933.885|985.89,1228.45|951.725,1430.43|959.271,1594.7|1028.48,577.729|1034.89,565.73|1047.22,540.726|1073.74,539.026|1015.68,545.344|979.204,544.978
113|1|1001.45,926.512|1001.07,823.041|1003.16,742.953|1018.81,621.871|1030.83,642.212|1093.32,669.853|1142.19,821.785|1192.31,953.811|1199.68,935.296|1213.29,903.582|1159.34,914.637|1000.61,641.257|945.451,647.384|994.45,620.944|1132.5,553.573|1185.13,524.199|1249.86,586.158|1180.2,563.986|1047.7,919.047|1153.83,1181.02|1120.74,1411.74|1175.9,1573.45|958.082,933.644|982.708,1230.08|944.646,1427.79|952.551,1589.79|1029.24,577.947|1044.85,561.156|1052.48,536.218|1070.94,535.481|1022.18,543.181|978.397,548.882
114|1|1001.45,926.51|1001.07,823.039|1003.16,742.95|1018.81,621.868|1030.83,642.209|1093.32,669.851|1142.19,821.782|1192.31,953.807|1199.68,935.292|1213.3,903.577|1159.34,914.632|1000.61,641.253|945.453,647.378|994.455,620.923|1132.51,553.546|1185.14,524.162|1249.87,586.109|1180.21,563.937|1047.7,919.046|1153.83,1181.02|1120.73,1411.73|1175.88,1573.44|958.083,933.642|982.706,1230.08|944.642,1427.78|952.545,1589.77|1029.24,577.944|1044.82,561.146|1052.45,536.204|1070.92,535.458|1022.14,543.182|978.381,548.905
115|1|1004.61,928.157|1003.97,823.46|1005.52,742.285|1025.16,621.369|1036.37,642.012|1098.04,672.009|1146.21,824.583|1197.7,954.309|1202.18,933.009|1211.78,905.678|1162.13,918.654|1006.42,640.42|951.63,645.473|993.412,610.341|1128.58,534.037|1185.05,502.44|1251.6,564.232|1178.96,545.644|1050.77,920.44|1157.08,1185.18|1118.36,1414.54|1170.82,1577.31|961.232,935.54|985.863,1235.75|942.078,1428.77|949.803,1590.67|1037.23,577.614|1047.77,563.407|1045.25,535.394|1060.74,522.481|1019.5,553.665|979.09,570.148
116|1|1004.8,927.93|1004.15,823.135|1005.66,741.88|1025.28,620.868|1036.49,641.56|1097.95,670.93|1157.45,819.894|1217.66,946.714|1215.09,928.436|1215.83,905.148|1168.33,918.852|1006.55,639.892|951.802,644.726|993.728,608.594|1129.07,531.663|1185.37,499.326|1252.11,559.831|1179.83,542.126|1050.99,920.236|1157.45,1185.13|1117.99,1413.44|1169.85,1576.34|961.4,935.291|986.198,1235.75|942.419,1428.48|950.126,1590.21|1037.33,577.08|1049.96,558.903|1046.7,531.879|1060.36,521.849|1021.33,549.955|979.498,569.361
117|1|1009.27,932.732|1006.6,828.099|1006.37,746.732|1019.74,624.548|1031.65,644.583|1094.45,667.556|1178.5,804.062|1256.15,916.092|1241,922.955|1224.14,908.866|1184.73,922.437|1002.33,644.614|950.115,650.234|992.803,604.275|1126.64,522.961|1184.45,488.138|1254.3,543.406|1182.79,526.037|1054.93,923.501|1165.31,1187.44|1128.47,1412.42|1178.33,1574.98|966.28,941.554|994.614,1243.71|956.487,1438.77|968.962,1598.86|1029.65,580.186|1055.95,548.396|1062.07,528.542|1072.75,541.237|1032.64,531.899|981.819,545.558
118|1|1009.67,931.22|1007.12,828.109|1007.18,747.596|1020.24,625.488|1031.98,645.455|1095.01,667.94|1189.75,797.439|1275.98,900.689|1262.51,915.604|1245.11,911.403|1199.52,921.991|1003.09,645.582|951.653,650.334|993.386,601.408|1129.55,520.654|1181.51,489.238|1257.32,541.701|1183.56,523.609|1053.7,920.561|1163.99,1179.37|1129.98,1404.95|1184.27,1563.44|968.029,941.427|1006.61,1240.79|964.166,1436.05|981.699,1594.55|1030.11,581.166|1055.78,550.207|1062.34,530.269|1073.59,542.596|1032.81,533.448|982.561,546.292
119|1|1005.75,930.809|1005.95,828.055|1007.87,747.63|1021.26,626.088|1032.62,645.936|1095.17,667.947|1196.89,791.495|1287.94,887.531|1276.54,908.573|1259.84,912.388|1211.61,920.075|1004.37,646.115|954.462,650.578|992.935,599.564|1126.5,517.4|1180.39,486.564|1256.76,537.538|1181.89,520.207|1048.65,920.675|1158.91,1175.25|1122.54,1398.36|1178.63,1552.96|965.031,940.547|1011.2,1237.75|963.983,1438.42|986.007,1595.68|1031.35,581.998|1057.45,550.256|1063.74,530.7|1074.47,543.651|1034.46,533.784|984.048,547.212
120|1|1008.08,930.525|1006.83,827.848|1008.03,747.576|1020.95,625.867|1032.34,645.693|1094.8,667.884|1200.66,788.007|1295.66,878.379|1286.97,902.917|1272.47,911.438|1220.7,917.737|1004.18,645.968|954.208,650.59|991.3,597.914|1125.24,515.688|1181.68,477.616|1261.24,525.872|1180.59,515.872|1050.14,919.237|1159.38,1172.68|1122.44,1392.99|1178.25,1546.37|968.045,941.382|1018.55,1238.3|970.594,1439|994.531,1595.86|1030.9,581.703|1058.8,546.435|1065.24,528.517|1074.81,545.171|1036.1,530.201|984.743,545.013
121|1|1008.14,930.431|1006.92,827.768|1008.12,747.509|1021.09,625.849|1032.46,645.687|1094.8,667.698|1202.1,786.414|1298.45,875.089|1290.52,900.053|1276.7,909.324|1224.4,916.326|1004.32,645.917|954.354,650.431|991.355,597.609|1125.03,515.394|1181.23,477.484|1260.72,525.651|1180.42,516.236|1050.2,919.182|1159.61,1172.27|1122.21,1391.5|1177.84,1544.59|968.12,941.251|1019.57,1237.79|971.909,1439.1|996.317,1595.87|1031.05,581.706|1059.26,548.764|1066.11,530.318|1075.64,545.633|1036.88,531.787|985.466,544.549
122|1|1008.58,930.451|1007.22,827.674|1008.28,747.318|1020.86,625.519|1032.32,645.355|1095.2,667.9|1201.72,788.869|1298.11,880.356|1290.09,905.797|1276.48,915.219|1218.45,918.025|1004.13,645.632|954.087,650.205|991,597.526|1123.21,514.683|1179.13,477.729|1260.7,525.74|1180.16,515.569|1050.67,919.161|1160.8,1171.79|1124.38,1390.99|1180.46,1543.79|968.531,941.311|1020.34,1238.16|973.37,1439.47|997.639,1596.27|1030.66,581.31|1058.88,545.527|1065.86,528.161|1075.43,545.944|1036.64,529.047|985.304,543.478
123|1|1008.57,930.364|1007.19,827.575|1008.23,747.21|1020.76,625.404|1032.24,645.241|1095.1,667.674|1202.4,787.834|1299.17,878.894|1291.24,904.644|1277.59,914.534|1219.96,917.274|1004.03,645.519|953.901,650.117|990.34,597.403|1122.08,514.449|1177.49,477.388|1258.86,525.298|1178.31,515.168|1050.67,919.081|1160.9,1171.65|1124.56,1390.87|1180.73,1543.63|968.504,941.218|1020.4,1238.04|973.498,1439.45|997.831,1596.24|1030.54,581.19|1058.24,548.029|1064.86,529.415|1074.63,544.446|1035.63,531.325|984.412,544.696
124|1|1009.76,929.698|1008.15,826.615|1008.98,746.03|1021.41,623.984|1032.99,643.91|1096,667.796|1197.28,793.821|1289.4,889.969|1286.08,912.012|1277.53,916.535|1208.55,920.621|1004.61,644.082|953.913,648.845|988.636,597.185|1119.05,513.607|1173.98,477.3|1256.16,526.192|1175.39,514.723|1051.98,918.424|1161.49,1171.67|1125.68,1391.54|1182.48,1544.26|969.58,940.542|1021.08,1238.21|974.32,1440.13|998.559,1597.4|1031.13,579.669|1063.78,551.899|1063.36,529.153|1066.2,534.129|1036.68,537.776|981.013,553.998
125|1|1009.21,928.478|1007.62,824.884|1007.73,743.676|1023.81,622.066|1035.01,642.337|1097.32,667.679|1186.25,802.204|1269.21,903.181|1276.75,911.07|1285.55,912.099|1197.2,922.552|1006.21,641.688|954.434,646.255|986.758,597.322|1118.1,514.597|1171.19,475.629|1252.12,526.161|1171.4,513.902|1051.79,917.484|1160,1172.57|1123.05,1393.31|1179.31,1546.53|968.71,939.052|1018.89,1237.78|970.616,1438.58|993.776,1596.35|1034.82,577.999|1061.86,552.28|1061.71,528.33|1068.5,530.158|1034.55,538.895|982.355,555.553
126|1|1008.52,928.256|1006.84,824.628|1006.87,743.381|1022.67,621.658|1033.93,641.92|1096.79,667.455|1186.48,801.437|1269.15,904.533|1276.1,910.371|1285.47,911.368|1198.3,923.97|1005.09,641.327|953.355,645.591|985.456,595.697|1117.32,512.558|1169.08,473.833|1248.12,526.137|1167.33,514.99|1051.14,917.204|1158.8,1172.48|1121.39,1393.01|1177.01,1546.57|967.987,938.887|1018.03,1237.76|969.688,1439.12|992.706,1597.09|1033.56,577.535|1064.31,552.661|1063.89,528.665|1068.09,530.537|1036.94,538.558|982.319,553.811
127|1|1008.52,928.256|1006.84,824.628|1006.87,743.381|1022.67,621.658|1033.93,641.92|1096.79,667.455|1186.48,801.437|1269.15,904.533|1276.1,910.371|1285.47,911.368|1198.3,923.97|1005.09,641.327|953.355,645.591|985.455,595.697|1117.32,512.557|1169.08,473.833|1248.12,526.137|1167.33,514.989|1051.14,917.203|1158.8,1172.48|1121.39,1393.01|1177.01,1546.57|967.987,938.887|1018.03,1237.76|969.688,1439.12|992.706,1597.09|1033.56,577.535|1064.31,552.659|1063.88,528.664|1068.09,530.537|1036.94,538.556|982.318,553.81
128|1|1014.39,925.078|1009.95,821.891|1007.76,740.943|1020.93,619.072|1032.9,639.276|1096.72,665.096|1180.48,802.917|1259.81,912.372|1270.48,911.452|1288.49,910.076|1190.45,927.31|1003.55,638.828|952.299,643.339|981.587,595.373|1106.57,510.958|1164.74,469.852|1240.19,525.527|1153.59,513.338|1057.5,913.375|1161.38,1169.58|1130.54,1390.23|1185.25,1544.93|973.508,936.299|1015.41,1235.15|975.086,1434.96|995.891,1592.81|1030.68,574.793|1051.96,545.257|1057.28,523.797|1070.79,532.352|1027.98,529.956|980.245,544.804
129|1|1001.94,924.886|1002.69,821.634|1004.57,740.796|1019.37,619.627|1031.02,639.904|1094.38,664.658|1175.78,802.983|1246.37,916.838|1263.61,912.593|1291.22,909.036|1182.87,931.48|1001.78,639.068|949.895,643.574|976.08,595.623|1100.81,514.068|1155.18,468.704|1223.19,522.043|1144.92,515.378|1045.14,915.599|1150.51,1169.45|1116.27,1390.96|1173.22,1543.29|960.956,933.817|1006.05,1230.21|961.436,1435.97|984.9,1593.01|1029.69,575.668|1040.81,549.476|1052.12,528.402|1074.98,537.523|1021.08,531.732|981.486,541.022
130|1|1000.29,926.821|1001.24,821.417|1004.02,739.977|1018.43,619.009|1030.25,639.497|1095.14,666.568|1175.47,805.58|1244.11,918.593|1261.99,912.534|1292.06,909.381|1181.28,932.537|1000.84,638.093|949.403,641.706|969.145,595.248|1088.29,514.286|1141.13,465.266|1210.74,513.612|1133.66,511.793|1044.19,919.285|1146.85,1177.21|1107.55,1402.84|1160.65,1558.56|958.695,934.082|998.274,1233.31|951.88,1447.87|974.219,1607.86|1028.45,575.144|1058.45,552.835|1064.56,531.16|1072.24,537.818|1035.84,534.267|983.34,540.473
131|1|1000.8,927.045|1001.65,821.646|1004.03,739.898|1019.13,618.21|1031.22,638.999|1096.73,666.735|1175.31,808.204|1241.7,922.228|1259.41,911.191|1294.32,909.921|1178.12,933.631|1001.08,637.215|948.175,640.082|961.485,594.294|1076.97,510.347|1137.25,464.73|1200.04,515.879|1123.42,512.572|1045.26,919.25|1144.59,1181.86|1105.1,1409.29|1157.31,1567.79|958.71,934.544|992.143,1235.87|947.921,1453.82|967.388,1616.99|1029.3,574.086|1043.53,579.102|1055.87,551.476|1077.18,539.195|1024.47,555.224|982.834,541.209
132|1|1000.18,928.309|999.925,821.303|1003.01,739.622|1014.71,617.383|1027.76,638.176|1094.64,666.767|1166.76,811.243|1226.16,929.792|1250.77,911.178|1298.75,908.811|1169.63,935.586|996.877,636.487|944.928,638.793|956.185,591.297|1066.86,509.688|1129.05,459.856|1185.85,507.548|1112.4,513.425|1046.36,921.96|1144.68,1189.49|1108.07,1421.35|1155.88,1584.93|956.71,934.415|980.027,1237.69|943.816,1461.21|959.422,1627.27|1023.36,572.973|1044.9,586.603|1058.96,559.596|1075.35,544.86|1028.2,560.048|983.182,536.407
133|1|999.446,926.331|999.28,820.814|1001.77,739.677|1014.87,617.656|1028.17,638.564|1094.87,668.61|1158.2,816.46|1201.25,940.185|1239.2,914.906|1302.12,906.257|1161.11,935.247|996.373,636.618|941.57,639.115|946.362,591.042|1055.08,509.367|1108.75,460.846|1172.08,510.07|1102.84,507.938|1045.96,919.664|1142.17,1188.04|1107.7,1418.17|1155.16,1583.06|955.778,932.721|969.432,1231.55|939.105,1453.68|948.775,1621.64|1023.78,573.315|1039.9,579.312|1054.96,553.592|1075.54,544.514|1023.62,553.466|982.273,534.991
134|1|998.712,928.661|997.642,822.042|1001.07,741.835|1015.21,620.494|1028.76,641.303|1095.94,668.857|1148.3,821.312|1171.82,938.318|1212.59,924.242|1269.72,913.373|1162.89,954.193|996.174,639.418|938.457,639.938|934.841,589.34|1042.63,512.848|1081.62,459.805|1151.15,502.346|1087.55,505.521|1046.8,923.588|1153.74,1188.73|1106.45,1403.23|1144.09,1576.36|953.895,933.526|953.138,1182.59|937.183,1396.82|938.016,1573.51|1024.26,576.388|1019.22,577.325|1039.34,553.373|1075.71,549.374|1007.18,551.519|981.818,535.358
135|1|988.331,923.953|990.672,814.825|998.527,734.073|1016.5,613.042|1029.4,634.194|1095.61,666.867|1146.46,821.306|1174.17,944.914|1210.8,919.19|1269.21,913.977|1161.05,954.828|996.806,631.596|938.009,634.963|926.455,587.994|1030.14,504.067|1064.14,469.052|1142.02,511.76|1079.09,510.791|1036.81,921.725|1162.7,1168.63|1094.49,1384.56|1136.21,1565.14|943.07,926.171|935.685,1110.8|918.92,1351.59|910.83,1541.4|1027.05,569.051|1017.61,569.283|1033.37,541.814|1071.65,531.622|1001.29,546.522|976.533,537.016
136|1|984.615,918.581|986.802,808.146|995.125,726.799|1014.46,605.109|1027.55,626.664|1094,662.999|1147.01,818.682|1179.21,945.416|1214.35,918.662|1270.67,913.013|1161.37,954.314|994.156,623.514|933.557,628.918|921.387,585.749|1023.11,505.398|1044.58,462.85|1128.83,502.203|1068.65,496.731|1033.88,916.944|1161.65,1151.7|1090.7,1377.37|1135.85,1564.22|938.644,920.249|924.691,1067.8|910.592,1332.88|894.565,1528.12|1025.36,560.796|1018.1,538.654|1035.95,516.785|1073.52,524.534|1003.46,518.749|977.915,523.291
137|1|982.275,920.06|985.226,809.398|993.995,727.985|1013.24,605.991|1026.52,627.662|1093.6,663.024|1146.37,818.977|1177.95,946.028|1213.44,919.615|1269.43,912.825|1161.48,954.151|992.819,624.36|931.018,629.208|914.191,584.568|1006.15,504.809|1030.9,461.303|1119.14,501.832|1053.19,494.093|1031.86,918.869|1153.15,1150.05|1085.53,1383.09|1131.95,1572.32|936.058,921.314|917.528,1066.49|903.295,1342.98|886.204,1539.4|1024.01,561.568|1069.15,523.552|1066.5,504.949|1059.74,520.652|1041.57,509.233|978.052,528.937
138|1|976.984,921.425|983.43,812.326|993.928,732.435|1015.66,611.826|1028.79,633.696|1096.19,667.189|1146.78,822.95|1170.79,949.426|1209.12,925.744|1265.77,914.055|1161.21,954.519|994.637,629.547|929.854,630.804|902.513,583.271|987.318,507.88|1009.77,477.095|1099.62,502.632|1028.52,496.409|1027.03,922.303|1134.39,1150.3|1067.92,1386.62|1109.24,1577.23|930.638,920.756|911.438,1073.03|889.281,1344.53|866.745,1536.62|1027.02,567.975|1074.29,518.284|1075.09,507.922|1068.54,539.57|1049.7,503.862|986.443,524.698
139|1|972.595,926.509|981.064,816.949|992.819,736.849|1015.57,615.991|1028.78,638.078|1097.89,669.692|1146.58,826.682|1164.87,955.559|1205.06,935.453|1260,917.906|1161.18,956.286|994.17,633.576|927.697,631.653|897.792,579.833|972.68,506.17|981.738,489.595|1075.35,496.058|1008.43,492.48|1023.02,928.47|1122.21,1156.34|1051.62,1391.75|1086.91,1585.64|925.96,924.842|904.514,1068.3|877.945,1338.23|852.807,1531.18|1027.16,572.084|1050.74,518.37|1061.01,508.56|1075.35,542.402|1030.87,505.529|983.428,530.398
140|1|967.644,936.51|979.149,824.719|992.586,743.503|1013.51,619.896|1027.46,642.277|1099.59,670.308|1177.81,820.224|1213.23,950.462|1226.78,932.979|1258.63,894.231|1156.73,959.294|991.995,638.027|923.363,634.184|885.836,580.505|958.568,511.849|960.061,503.77|1057.49,495.783|987.064,489.722|1019.71,940.694|1113.68,1158.25|1038.84,1396.76|1065.92,1599.26|919.75,932.815|896.657,1059.26|869.476,1337.39|839.019,1534.46|1024.32,574.982|1049.66,529.013|1062.36,517.441|1076.54,548.034|1031.57,512.415|983.753,528.997
141|1|969.848,945.157|979.487,831.016|990.931,747.871|1011.69,621.344|1026.23,644.397|1101.63,673.01|1194.47,820.175|1244.74,949.771|1240.63,927.018|1246.88,878.945|1157.76,958.921|989.712,639.654|918.905,634.648|882.15,581.847|947.944,518.815|948.341,511.428|1051.37,497.332|977.007,486.645|1023.29,948.297|1110.97,1187.28|1037.68,1447.96|1062.11,1660.13|920.757,942.436|905.219,1141.41|868.578,1417.85|840.315,1617.53|1022.23,575.375|1032.16,529.23|1039.27,511.291|1061.79,530.21|1008.38,518.139|967.202,546.328
142|1|971.373,850.014|989.058,789.464|999.222,735.081|1015.81,644.905|1000.98,658.815|943.718,661.568|870.016,666.657|948.365,634.706|957.928,610.222|995.017,595.021|991.105,617.982|1025.36,661.064|1061.55,678.269|1062.65,792.318|991.175,801.129|971.247,807.217|934.134,813.684|948.733,781.096|941.394,859.053|845.379,891.578|859.874,1046.91|823.963,1075.78|997.14,842.292|928.744,864.14|910.443,1000.79|881.19,1007.26|1019.14,610.13|1031.94,565.961|1026.76,557.133|997.598,573.338|1045.91,565.909|1063.08,601.316
143|1|970.773,854.891|987.884,786.702|997.53,729.375|1013.95,642.968|999.163,655.065|945.702,654.873|849.682,662.538|899.554,625.834|927.487,615.928|952.411,600.53|946.13,624.177|1023.5,659.359|1064.67,682.14|1068.66,795.542|1011.47,825.793|985.293,823.691|956.443,822.525|975.725,798.345|939.953,856.472|856.801,919.208|854.154,1085.95|814.752,1109.44|997.446,853.57|936.548,913.583|913.164,1064.02|889.039,1068.85|1017.9,610.633|982.25,564.301|980.83,567.07|987.433,607.009|996.83,558.124|1042.42,576.821
144|1|941.157,870.611|958.297,789.023|974.673,733.44|998.416,638.88|1009.81,663.812|1079.07,712.93|1199.99,814.594|1268.58,750.137|1325.64,711.531|1363.33,669.836|1283.69,770.406|979.071,642.846|923.886,613.149|832.776,592.145|890.071,539.215|927.402,516.681|996.113,478.179|904.66,542.999|993.37,919.575|1190.69,1120.85|991.461,1830.98|0,0|893.33,825.973|1004.42,831.032|858.949,1502.84|1034.23,1880.62|1010.47,604.933|1034.97,537.602|1031.19,531.298|1036.01,567.315|1007.84,535.098|958.557,579.9
145|1|958.841,899.783|969.631,803.524|981.986,737.79|1002.3,629.966|1015.98,655.054|1093.91,694.482|1162.73,862.077|1202.31,843.647|1233.77,786.993|1295.47,729.489|1227.99,814.899|981.722,637.968|920.834,614.131|831.949,591.802|889.876,538.459|918.75,512.696|926.583,477.561|896.602,554.683|1018.1,940.192|1186.42,1162.55|1014.44,1952.97|0,0|904.203,862.751|910.963,813.373|730.169,1528.32|754.912,1893.8|1012.8,591.341|1021.52,559.014|1030.22,538.038|1053.57,548.218|999.657,544.445|960.614,561.56
146|1|958.028,913.015|968.126,814.932|976.753,749.025|1001.1,627.735|1016.03,652.857|1095.3,688.705|1136.91,871.609|1126.12,900.17|1185.25,849.906|1247.57,790.332|1195.98,831.67|978.218,640.318|914.139,624.449|833.39,588.397|874.888,530.485|910.061,492.226|914.337,442.86|900.839,505.8|1027.66,939.345|1186.06,1106.31|1078.03,1897.4|0,0|894.659,889.334|864.417,810.194|707.286,1497.3|614.971,1833.99|1011.87,584.2|1000.6,575.27|1017.16,548.722|1057.31,544.619|984.297,553.502|960.265,550.561
147|1|958.553,915.053|969.168,817.49|976.393,754.41|1000.59,626.046|1016.14,651.075|1095.15,683.472|1125.29,866.011|1075.97,920.281|1126.08,885.427|1190.45,842.785|1135.75,869.772|977.162,641.469|912.432,632.272|825.013,590.361|872.953,527.886|943.593,484.139|852.97,455.519|887.483,486.594|1029.59,933.841|1169.12,1052.1|1090.99,1788.39|0,0|894.388,898.367|827.349,822.077|684.248,1474.33|561.86,1813.95|1010.69,579.781|989.514,568.711|1013.57,546.034|1062.22,550.359|980.626,543.851|967.047,535.849
148|1|956.451,921.585|967.37,823.384|975.317,756.622|997.762,628.205|1013.76,652.763|1092.76,683.045|1122.75,865.955|1066.25,936.368|1110.79,901.624|1178.99,858.233|1121.61,878.34|974.514,644.128|909.051,635.107|823.356,595.855|845.518,530.276|920.535,489.844|840.068,453.015|878.201,483.237|1028.38,935.955|1155.57,998.704|1090.96,1694.96|0,0|891.756,908.948|798.911,800.889|678.759,1410.57|546.619,1710.48|1006.96,581.868|987.01,574.354|1007.97,549.054|1055.11,547.311|974.969,550.441|958.824,543.102
149|1|953.166,922.108|965.977,822.505|974.648,755.579|995.476,627.727|1011.64,651.843|1089.59,682.679|1123.01,863.093|1069.92,953.479|1105.88,914.646|1168.04,871.251|1111.96,885.718|972.588,643.992|906.918,637.144|817.606,597.24|817.486,528.804|887.733,469.474|828.914,447.716|860.975,483.041|1024.46,933.61|1140.17,1009.49|1080.78,1701.94|0,0|889.32,912.088|796.445,909.17|661.043,1582.32|501.545,1984.81|1003.99,581.523|978.852,572.152|1004.12,550.324|1055.03,554.927|972.034,546.798|962.677,536.477
150|1|949.65,916.599|963.511,818.574|972.92,752.051|993.615,627.329|1009.26,650.865|1085.29,681.378|1122.17,855.09|1072.35,943.434|1108.21,911.45|1167.92,870.344|1114.34,883.83|971.277,643.336|906.71,636.949|809.609,598.464|808.239,530.276|854.199,460.752|826.435,452.697|853.133,496.694|1017.73,927.779|1119.2,1008.22|1061.99,1646.56|0,0|888.714,906.848|795.664,920.435|674.54,1542.95|542.858,1898.76|1002.02,582.136|980.603,571.61|1000.43,547.378|1047.08,546.798|968.87,549.755|954.668,546.03
151|1|949.354,917.498|963.219,819.216|972.62,752.575|993.342,627.679|1009.02,651.236|1085.11,681.671|1122.74,855.655|1077.31,956.901|1108.74,922.065|1165.23,880.059|1110.63,889.868|970.972,643.713|906.232,637.189|808.668,598.391|806.803,529.937|850.597,458.876|822.798,452.144|845.159,495.062|1017.57,928.64|1119.59,1010.97|1057.88,1648.3|0,0|888.29,907.783|797.273,938.585|681.51,1568.5|554.363,1951.83|1001.74,582.429|978.765,572.467|998.633,547.964|1046.28,546.713|967.155,550.61|954.078,546.701
152|1|949.185,917.425|963.061,819.588|972.438,753.325|993.027,628.784|1008.71,652.226|1084.49,682.116|1122.93,856.227|1078.71,962.227|1108.76,926.712|1164.18,884.462|1109.73,892.925|970.706,644.808|905.69,638.393|806.331,600.347|801.344,532.308|842.151,460.161|815.007,453.456|836.948,496.48|1017.31,928.386|1118.19,1010.13|1054.95,1644.19|0,0|888.219,907.874|791.441,939.868|678.444,1565.97|549.272,1948.8|1001.31,583.655|977.183,574.458|996.181,549.315|1044.16,546.336|964.988,553.157|952.503,549.866
153|1|947.474,918.712|961.627,820.897|971.155,754.543|991.996,631.854|1007.46,654.912|1081.38,684.13|1122.91,855.253|1079.83,969.438|1105.5,937.599|1156.04,896.276|1103.62,901.701|969.868,647.689|904.406,640.804|802.232,605.589|801.647,543.512|801.53,468.294|795.621,460.896|823.978,493.806|1014.4,929.057|1109.34,1016.7|1043.48,1634.31|1072.58,2129.52|887.614,909.708|789.05,940.809|677.893,1542.56|552.477,1897.08|1000.16,587.348|975.539,571.707|993.995,547.955|1041.57,548.625|963.475,552.587|951.728,555.077
154|1|946.207,918.282|960.998,820.919|971.014,752.646|990.038,631.866|1005.46,654.233|1077.18,684.35|1122.11,849.953|1076.4,955.949|1106.26,934.423|1156.28,896.683|1104.8,899.739|968.553,647.927|903.283,643.724|797.945,613.047|789.13,554.44|770.922,507.039|780.927,460.225|815.104,483.564|1010.62,927.221|1087.05,1011.84|1025.2,1588.32|1042.5,2003.42|888.721,910.534|788.631,937.177|688.259,1493.8|572.633,1782.06|997.387,587.95|969.785,566.998|990.206,545.875|1039.56,552.118|960.576,548.646|952.799,553.556
155|1|945.892,918.141|960.66,820.881|970.645,752.712|989.529,632.022|1004.97,654.336|1076.58,684.17|1121.77,849.967|1076.32,956.718|1105.95,934.86|1155.73,896.691|1104.45,899.94|968.072,648.102|902.682,643.908|796.491,612.977|786.146,553.928|766.628,506.913|775.144,459.895|809.007,482.542|1010.3,926.976|1085.65,1011.5|1023.1,1586.92|1038.4,2001.09|888.415,910.486|786.58,935.568|686.949,1490.8|570.37,1777.52|996.802,588.135|969.351,568.467|988.599,546.461|1037.46,550.491|959.049,550.544|950.619,555.783
156|1|943.346,919.461|958.202,821.376|968.182,752.628|986.452,631.299|1002.11,653.546|1073.88,682.678|1122.28,848.248|1082.57,967.313|1106.15,940.441|1152.09,901.524|1100.78,905.462|964.994,647.648|898.72,643.842|789.307,615.121|776.641,557.549|754.758,526.281|761.561,479.821|787.007,486.691|1008.08,927.853|1081.5,1015.6|1015.65,1592.91|1023.17,2016.44|885.587,912.205|780.151,950.988|682.942,1512.42|563.775,1817.73|993.407,587.175|966.921,571.329|987.557,549.336|1036.47,552.918|957.613,551.287|948.929,551.522
157|1|942.226,920.681|957.01,821.983|966.915,752.793|984.957,630.929|1000.74,653.192|1072.71,682.048|1121.84,848.449|1084.35,971.789|1106.19,944.039|1151.54,905.186|1100.69,906.459|963.461,647.431|896.64,643.818|784.804,615.006|769.767,556.97|747.822,529.126|753.1,484.94|772.726,483.791|1007.25,928.844|1079.2,1016.9|1012.82,1596.71|1016.83,2026.75|884.203,913.632|773.242,947.861|679.43,1508.78|558.309,1817.89|991.789,586.614|964.854,573.456|983.499,549.626|1032.13,548.83|953.62,554.063|944.212,554.66
158|1|940.172,927.431|956.384,825.909|966.865,753.276|984.1,630.33|1000.14,652.582|1072.82,681.515|1122.27,847.792|1086.23,973.472|1106.47,946.199|1149.78,907.261|1098.82,909.996|962.622,647.236|895.06,645.239|780.496,614.538|758.286,548.013|752.139,525.816|763.133,478.854|775.574,478.804|1005.08,934.169|1065.44,1000.62|1003.3,1570.9|1002.72,1970.44|882.502,921.676|771.075,930.486|687.556,1472.99|567.927,1751.16|990.542,585.612|958.184,577.511|979.534,553.802|1032.46,552.211|949.796,555.553|945.567,549.676
159|1|939.868,927.411|956.011,826.227|966.428,753.838|983.483,631.21|999.512,653.356|1071.93,681.867|1121.98,847.879|1086.6,974.229|1106.38,946.728|1149.49,907.457|1098.77,910.175|962.08,648.116|894.449,646.277|778.671,615.449|753.942,548.572|746.035,525.537|757.843,473.914|764.344,483.876|1004.61,933.974|1062.97,999.486|1000.22,1566.62|997.305,1961.82|882.352,921.811|771.216,939.306|690.231,1480.73|573.191,1762.52|989.817,586.605|959.039,575.667|978.384,551.406|1029.58,549.249|948.755,555.644|942.501,554.331
160|1|939.019,927.839|955.047,827.427|965.363,755.258|982.179,633.415|998.104,655.368|1070.09,683.587|1121.46,847.202|1087.65,973.309|1106.7,946.814|1148.33,908.325|1098.06,911.763|960.968,650.296|893.417,648.353|775.873,617.641|745.873,552.934|728.888,531.41|754.377,473.211|750.037,488.797|1002.96,934.143|1053.15,993.724|992.794,1547.95|984.338,1923.52|882.21,922.462|755.012,925.11|680.163,1446.55|561.307,1708.4|988.36,589.086|957.563,573.6|978.016,551.057|1029.31,553.252|948.604,554.106|943.187,555.126
161|1|940.695,939.411|955.622,833.198|964.865,755.017|981.863,631.383|997.864,653.732|1070.84,684.946|1119.65,849.244|1085.32,973.233|1106.19,946.165|1149.83,907.616|1098.87,910.361|960.484,648.661|890.858,647.949|769.893,619.88|755.944,564.869|715.232,534.509|712.862,490.23|756.386,489.575|1003.65,944.825|1037.64,986.372|983.703,1518.43|972.515,1852.91|884.801,934.823|760.525,925.773|697.789,1420.42|580.149,1656.38|988.127,586.372|954.633,572.924|978.579,551.808|1032.7,556.808|949.077,550.748|947.279,546.219
162|1|940.22,939.267|955.112,832.924|964.31,754.64|981.049,630.791|997.125,653.129|1070.34,684.189|1120.17,847.964|1085.92,971.775|1106.53,944.645|1149.84,905.989|1098.42,910.522|959.679,648.149|889.87,647.705|767.689,619.997|751.298,564.841|710.124,536.559|703.817,494.885|749.084,491.69|1003.29,944.595|1035.26,987.142|980.107,1515.55|965.769,1852.7|884.226,934.756|758.939,935.12|703.654,1427.98|591.076,1671.99|987.214,585.7|954.594,573.442|975.936,550.238|1028.98,550.942|946.194,552.526|942.093,550.227
163|1|940.219,939.268|955.111,832.924|964.308,754.639|981.046,630.789|997.122,653.127|1070.34,684.185|1120.17,847.968|1085.91,971.768|1106.51,944.623|1149.82,905.953|1098.41,910.494|959.676,648.148|889.867,647.705|767.682,620.003|751.284,564.851|710.105,536.578|703.787,494.91|749.059,491.707|1003.29,944.594|1035.25,987.146|980.103,1515.55|965.762,1852.7|884.224,934.757|758.94,935.132|703.664,1427.99|591.095,1672.01|987.21,585.698|954.586,573.445|975.922,550.235|1028.96,550.927|946.181,552.532|942.079,550.238
164|1|940.219,939.268|955.111,832.924|964.308,754.639|981.046,630.789|997.122,653.127|1070.34,684.185|1120.17,847.968|1085.91,971.768|1106.51,944.623|1149.82,905.953|1098.41,910.494|959.676,648.148|889.867,647.705|767.682,620.003|751.284,564.851|710.105,536.578|703.787,494.91|749.059,491.707|1003.29,944.594|1035.25,987.146|980.103,1515.55|965.762,1852.7|884.224,934.757|758.94,935.132|703.664,1427.99|591.095,1672.01|987.21,585.698|954.586,573.445|975.922,550.235|1028.96,550.927|946.181,552.532|942.079,550.238
165|1|939.989,938.928|954.843,832.456|964.002,754.013|980.497,629.953|996.639,652.292|1069.99,683.247|1120.37,846.997|1086.3,971.215|1106.78,944.148|1149.97,905.467|1098.65,910.048|959.135,647.391|889.239,647.264|766.724,620.864|749.728,566.914|708.36,540.775|700.405,501.308|748.731,497.099|1003.1,944.219|1034.56,988.675|979.071,1515.4|963.73,1854.64|883.955,934.449|754.532,942.752|703.979,1435.04|592.956,1683.69|986.579,584.778|953.247,574.211|971.278,548.785|1023.52,544.099|941.99,555.246|937.046,555.791
166|1|939.846,938.75|954.672,832.287|963.806,753.836|980.086,629.741|996.266,652.053|1069.57,682.647|1120.31,847.736|1086.15,970.604|1107.16,941.481|1151.07,900.7|1100.85,905.012|958.753,647.219|888.878,647.22|766.497,621.014|749.398,567.106|707.853,541.403|697.884,502.7|748.462,498.314|1002.96,944.007|1034.81,988.904|979.147,1514.47|963.433,1854.12|883.81,934.301|758.354,943.857|708.309,1435.48|600.832,1686.31|986.091,584.553|950.759,574.966|972.143,551.088|1026.83,549.716|942.667,553.585|940.649,549.465
167|1|939.45,937.045|954.348,830.996|963.52,752.753|979.53,628.837|995.729,651.08|1068.98,681.436|1120.12,845.415|1084.64,966.862|1105.84,939.876|1149,900.878|1099.21,906.771|958.264,646.339|888.464,646.936|765.739,622.332|747.825,569.181|706.686,543.661|698.311,506.015|746.483,503.918|1002.4,942.289|1033.79,989.242|977.879,1511.06|961.202,1850.26|883.56,932.607|750.23,949.285|703.349,1438.76|596.215,1691.13|985.433,583.699|950.841,576.959|969.857,551.37|1023.27,545.431|940.567,556.448|936.999,552.764
168|1|938.376,934.106|953.63,829.484|963.035,752.102|978.265,629.12|994.448,651.093|1067.06,680.776|1120.27,843.125|1086.51,964.577|1106.73,938.332|1148.92,898.855|1100.33,905.018|957.264,646.604|888.05,648.789|765.503,628.363|744.807,576.37|702.843,548.682|692.352,512.861|746.657,513.269|1000.67,939.421|1031.22,990.783|976.541,1504.92|961.165,1836.97|883.081,929.602|746.583,951.188|700.375,1435.51|596.211,1684.18|983.875,584.31|949.826,577.609|968.664,552.252|1021.49,546.391|939.589,557.26|935.822,553.58
169|1|938.495,933.182|953.807,828.724|963.253,751.4|978.444,628.505|994.622,650.461|1067.12,680.204|1119.96,842.539|1085.47,963.356|1106.3,937.406|1149,898.159|1100.58,904.325|957.461,645.987|888.275,648.285|765.557,627.887|744.945,575.748|703.81,548.981|693.173,513.981|747.032,513.501|1000.7,938.538|1031.25,990.279|976.242,1502.25|960.554,1832.34|883.281,928.641|752.308,945.876|704.926,1427.75|603.026,1674.41|984.038,583.717|948.748,577.729|967.136,551.977|1020.45,544.933|938.341,557.659|935.448,554.128
170|1|937.056,929.533|953.237,826.178|963.321,749.403|978.699,627.025|994.759,648.963|1067.05,679.055|1119.66,840.837|1086.34,960.32|1107.61,935.101|1150.09,895.548|1102.4,901.239|957.755,644.396|889.07,647.642|766.597,630.773|743.032,579.902|701.8,557.04|680.839,529.762|738.655,527.495|998.829,935.437|1030.61,985.28|973.876,1489.14|959.615,1810.94|882.245,924.504|751.336,942.249|702.54,1419|601.809,1661.36|984.416,582.403|949.139,578.349|967.584,552.468|1020.89,544.468|938.859,557.787|936.084,552.502
171|1|936.82,927.875|953.228,825.207|963.453,748.696|978.331,626.561|994.427,648.394|1066.48,678.558|1119.93,839.613|1086.1,957.712|1107.9,933.697|1150.43,894.011|1102.92,900.068|957.506,643.985|889.017,647.867|766.561,634.597|738.934,587.861|695.885,568.218|674.689,543.015|736.705,533.907|998.303,933.872|1028.4,979.5|972.871,1476.62|958.44,1791.13|882.276,922.762|751.611,929.727|704.028,1399.93|604.284,1635.48|983.87,582.015|947.57,579.046|965.807,552.934|1019.54,543.941|937.345,558.488|935.42,552.664
172|1|935.112,928.679|953.214,827.12|963.99,749.325|977.131,627.852|993.386,649.326|1065.53,678.941|1117.53,838.818|1083.07,957.151|1106.07,934.359|1149.12,895.809|1101.84,901.319|956.706,645.491|888.766,650.386|766.625,637.634|726.618,586.246|702.616,569.882|670.463,554.897|734.403,542.586|995.33,934.852|1018.72,961.643|968.007,1434.68|954.571,1722.71|881.849,923.417|753.158,918.699|708.293,1370.2|609.481,1588.42|981.999,583.534|947.187,580.093|965.88,554.609|1018.81,546.896|937.317,559.264|934.571,552.973
173|1|928.568,933.41|954.774,827.403|965.579,748.763|977.022,630.078|993.645,651.342|1068.13,680.958|1113.71,841.065|1070.46,963.811|1094.33,946.422|1141.63,920.404|1094.68,909.79|956.733,647.873|885.243,657.125|758.078,652.208|729.93,613.565|685.566,601.572|662.466,590.177|723.352,576.654|979.032,947.593|963.423,998.535|897.267,1367.53|887.672,1551.31|884.512,921.172|737.204,937.107|679.413,1280.54|559.771,1398.2|981.135,586.64|940.579,581.864|962.161,557.008|1019.95,552.226|933.323,559.541|935.517,551.846
174|1|929.709,933.063|955.727,826.999|966.357,748.552|977.374,629.907|994.121,651.129|1068.83,680.783|1113.3,841.243|1069.48,963.584|1093.84,946.486|1141.73,920.979|1094.76,909.697|957.1,647.771|885.311,657.179|756.442,655.45|726.387,620.526|690.668,613.191|670.756,600.092|723.223,577.155|980.169,947.276|940.355,1004.44|888.376,1322.73|857.683,1518.77|885.65,920.797|747.926,933.994|721.913,1242.91|618.044,1379.81|981.328,586.478|946.362,579.808|966.634,554.583|1020.93,549.918|936.947,558.332|933.858,553.189
175|1|931.567,931.774|956.55,826.133|966.597,748.751|977.911,630.83|994.596,652.008|1069.47,680.732|1113.29,840.023|1070.53,961.905|1094.15,946.068|1139.44,921.647|1093.02,911.978|957.583,648.563|885.505,657.196|757.272,658.372|723.963,627.213|696.214,618.77|667.878,608.608|717.871,585.581|981.594,945.927|925.712,1010.3|888.443,1297.72|853.679,1492.76|887.858,919.55|743.18,932.7|735.304,1220.19|638.597,1358.61|982.021,587.675|947.355,581.686|965.125,555.022|1018.25,546.863|935.788,561.783|931.54,559.128
176|1|940.22,945.023|958.999,835.602|966.807,756.199|977.664,635.634|994.852,657.125|1072.43,682.347|1114.31,845.262|1066.37,970.655|1088.74,955.93|1134.99,932.991|1088.7,917.132|956.96,653.925|882.484,658.526|751.051,659.532|710.32,637.271|675.475,632.853|650.136,625.828|718.013,582.398|991.892,956.994|924.572,1033.8|900.99,1304.97|872.017,1505.97|894.899,934.671|753.217,945.699|764.428,1221.65|673.239,1367.31|981.712,591.558|939.292,582.674|960.942,557.125|1020.45,553.478|931.448,561.203|934.059,557.678
177|1|939.24,944.435|958.138,834.874|965.968,755.363|976.577,634.578|993.851,656.086|1071.5,681.747|1113.86,844.82|1067.02,973.092|1087.8,959.213|1132.26,936.602|1086.51,919.965|955.877,652.932|881.252,658.222|747.423,659.72|702.083,637.287|666.785,635.771|637.785,632.395|697.684,651.389|990.969,956.469|923.914,1049.9|905.213,1310.55|877.748,1513.93|893.877,934.032|753.782,964.153|770.862,1231.43|687.071,1384.62|980.492,590.406|945.355,581.132|965.285,555.054|1020.2,550.657|934.775,560.225|930.649,558.076
178|1|939.239,944.438|958.137,834.876|965.966,755.365|976.573,634.58|993.847,656.088|1071.49,681.748|1113.86,844.821|1067.02,973.099|1087.8,959.222|1132.26,936.612|1086.5,919.974|955.873,652.935|881.247,658.228|747.412,659.744|702.057,637.329|666.747,635.827|637.727,632.473|697.638,651.449|990.968,956.471|923.912,1049.92|905.216,1310.55|877.755,1513.93|893.876,934.034|753.786,964.21|770.89,1231.45|687.118,1384.66|980.486,590.408|945.345,581.147|965.274,555.065|1020.19,550.659|934.764,560.238|930.64,558.081
179|1|940.085,943.273|958.786,835.008|966.472,756.485|976.583,637.122|993.778,658.376|1070.86,683.328|1114.01,844.522|1069.3,973.708|1088.35,960.541|1130.48,938.251|1085.23,921.934|956.143,655.287|882.206,660.687|745.682,665.804|691.925,649.55|649.632,647.292|627.101,645.301|693.563,660.973|991.176,955.267|929.202,1070.48|908.462,1324.08|882.872,1527.28|895.28,932.899|765.261,1021.29|780.056,1274.2|705.199,1435.1|980.241,593.494|944.771,581.886|967.39,558.111|1023.14,558.805|937.008,559.873|934.705,556.253
180|1|940.882,943.651|959.484,835.299|967.05,756.88|976.358,637.568|993.758,658.713|1071.13,683.365|1114.32,844.617|1070.97,975.673|1089.53,963.411|1131.03,941.768|1085.21,924.063|955.973,655.868|881.862,662.571|743.853,675.116|685.348,665.829|639.163,667.754|613.195,672.101|678.498,678.949|992.028,955.671|932.641,1081.69|912.315,1330.72|888.724,1534.62|896.028,933.255|770.413,1041.18|785.739,1287.38|715.181,1451.22|979.723,593.961|943.681,583.54|964.355,558.139|1019.91,555.298|934.028,562.551|931.081,560.547
181|1|948.25,956.34|961.265,842.353|966.968,758.871|976.558,635.056|994.656,656.849|1074.81,682.573|1114.59,851.78|1065.1,987.339|1084.64,975.268|1128.74,954.071|1083.25,926.996|955.311,654.238|878.302,662.944|734.743,685.822|672.268,680.504|634.183,699.221|614.741,740.327|681.387,703.102|1002.35,965.775|948.049,1130.88|932.544,1391.25|914.649,1606.9|900.638,948.198|769.316,1104.31|795.61,1357.51|730.903,1535.01|980.308,589.755|944.25,588.95|957.669,557.594|1010.88,539.735|927.879,570.487|921.803,569.602
182|1|947.012,954.616|960.414,840.944|966.631,757.524|976.192,633.543|994.318,655.365|1074.23,682.207|1114.42,850.898|1066.94,988.747|1084.71,977.63|1126.29,957.075|1081.07,930.751|954.929,652.754|877.876,662.215|734.437,688.431|671.318,690.419|633.335,702.329|603.718,739.064|672.705,703.609|1001.05,964.335|959.336,1168.38|938.914,1430.91|923.456,1647.91|899.441,946.221|776.635,1141.25|796.175,1394.2|736.458,1572.14|979.921,588.164|941.965,586.726|962.226,557.965|1020.09,547.774|930.62,563.399|927.312,555.218
183|1|946.905,954.683|960.334,840.996|966.561,757.593|976.118,633.618|994.261,655.437|1074.21,682.416|1113.82,851.47|1066.17,989.599|1084.06,978.614|1126.18,957.979|1080.7,931.306|954.836,652.84|877.712,662.305|734.464,688.909|671.637,691.57|633.221,703.943|602.49,741.462|671.74,706.276|1000.95,964.424|958.16,1170.56|939.178,1430.69|923.218,1647.07|899.319,946.268|747.369,1104.46|765.299,1381.47|690.12,1556.11|979.856,588.241|941.616,587.297|961.479,558.199|1019.37,547.15|929.951,564.145|926.701,556.091
184|1|952.297,957.525|962.194,843.686|966.724,759.731|975.22,635.492|993.635,657.207|1074.18,682.674|1114.32,852.049|1068.05,991.447|1085.37,980.127|1126.73,958.785|1081.06,931.861|954.021,654.928|876.442,663.524|732.345,692.236|672.176,699.494|633.535,704.464|604.469,746.577|673.673,712.355|1006.72,965.474|966.517,1194.32|952.232,1453.12|939.29,1669.34|904.245,950.67|774.03,1155.67|795.018,1418.22|732.779,1595.65|978.54,590.029|941.664,588.204|961.057,558.857|1018.09,547.823|929.251,565.41|924.56,558.545
185|1|955.405,958.791|963.827,844.597|967.477,760.259|974.558,635.343|993.281,656.936|1074.38,682.116|1114.32,852.604|1067.88,993.358|1085.21,982.28|1126.77,961.079|1081.29,931.71|953.524,655.109|875.833,665.157|730.251,693.549|670.505,691.455|634.354,706.128|604.193,747.134|672.91,714.786|1010.1,965.997|980.578,1215.56|967.173,1472.03|958.937,1689.2|907.077,952.589|790.09,1184.43|812.612,1439.08|759.42,1618.58|977.349,589.63|941.241,588.421|960.926,559.06|1017.75,548.061|928.832,565.16|923.489,557.356
186|1|958.54,960.529|965.408,845.79|968.048,760.956|974.534,635.476|993.389,657.042|1074.51,682.401|1114.43,853.096|1068.53,994.487|1085.35,983.153|1126.23,961.5|1080.74,932.839|953.56,655.426|875.775,665.836|729.315,694.536|665.559,695.528|630.815,706.006|602.435,748.172|670.784,716.734|1013.53,966.896|990.797,1230.64|979.351,1487.07|973.694,1705.6|909.935,955.067|800.583,1203.33|825.762,1451.68|778.31,1631.83|977.121,589.561|942.77,590.023|961.596,560.061|1017.13,547.308|929.379,566.799|922.323,558.393
187|1|959.044,957.366|965.263,844.08|967.746,759.974|974.096,634.914|992.961,656.408|1073.73,682.549|1113.95,853.017|1071.13,996.345|1086.34,984.866|1125.15,962.28|1080.35,933.697|953.159,654.828|875.496,665.916|729.732,695.588|667.88,694.913|629.261,703.33|601.35,750.864|668.837,716.582|1013.67,963.496|1000.52,1239.95|987.186,1492.28|985.009,1707.4|910.7,952.105|812.562,1213.78|834.496,1455.55|789.952,1633.09|976.624,589.143|940.823,590.957|959.81,560.827|1016.25,547.241|927.762,567.445|921.921,557.929
188|1|959.142,957.378|965.34,844.172|967.79,760.133|974.158,635.204|993,656.687|1073.7,682.709|1113.95,852.713|1073.8,998.182|1087.49,987.844|1124.18,966.008|1079.01,937.41|953.242,655.082|875.657,666.086|729.582,695.425|666.934,694.698|627.339,703.1|598.526,751.427|666.796,715.211|1013.71,963.503|976.909,1183.71|966.191,1452.25|958.617,1670.24|910.851,952.12|815.561,1209.89|837.805,1446.66|793.99,1624.02|976.676,589.484|939.556,590.988|958.134,560.691|1015.07,546.634|926.436,567.98|921.616,559.38
189|1|962.141,961.401|966.735,846.978|967.563,762.127|973.493,636.162|992.511,657.753|1073.99,682.911|1114.78,853.803|1072.9,999.509|1086.83,989.251|1124.15,967.641|1079,937.427|952.561,656.238|874.5,666.366|728.212,695.232|668.534,695.924|619.243,699.541|590.148,760.37|665.26,715.549|1017.06,967.076|994.151,1229.59|983.661,1492.49|978.127,1713.53|913.681,956.557|814.683,1218.99|844.572,1450.26|801.535,1626.89|975.802,590.073|937.924,590.894|957.358,560.893|1015.19,548.013|925.436,567.446|921.304,558.554
190|1|962.173,961.396|966.783,846.972|967.624,762.122|973.59,636.158|992.605,657.755|1074.09,682.936|1114.83,853.854|1072.9,999.576|1086.84,989.36|1124.19,967.805|1079.03,937.525|952.648,656.231|874.571,666.344|728.321,695.284|668.723,696.119|619.402,699.898|590.364,761.179|665.392,715.944|1017.09,967.082|995.351,1230.98|984.933,1491.61|980.146,1711.93|913.709,956.542|814.929,1219.42|845.151,1449.46|802.44,1625.87|975.915,590.069|938.224,590.92|957.598,560.885|1015.31,547.937|925.652,567.488|921.341,558.621
191|1|962.174,961.394|966.784,846.971|967.626,762.121|973.593,636.158|992.608,657.754|1074.09,682.935|1114.83,853.851|1072.9,999.574|1086.85,989.364|1124.2,967.817|1079.04,937.532|952.651,656.23|874.574,666.343|728.327,695.284|668.74,696.119|619.426,699.901|590.402,761.188|665.427,715.934|1017.09,967.081|995.408,1231.04|984.995,1491.56|980.244,1711.85|913.71,956.54|814.941,1219.43|845.181,1449.42|802.488,1625.81|975.919,590.069|938.235,590.919|957.608,560.884|1015.31,547.935|925.661,567.487|921.343,558.621
192|1|962.176,961.845|966.47,847.15|967.578,761.855|973.846,635.852|992.789,657.464|1074.24,683.184|1114.58,854.216|1072.62,998.73|1087.8,988.498|1124.44,966.493|1079.34,936.615|952.86,655.911|874.896,666.526|728.51,696.673|675.928,685.852|628.595,701.394|594.706,765.965|671.031,715.895|1017.33,966.969|1009.48,1248.84|997.749,1506.72|997.409,1727.27|913.376,957.478|818.418,1230.16|846.726,1460.73|808.272,1638.42|976.342,589.75|940.492,588.927|957.768,558.31|1013.39,544.235|926.127,567.266|919.859,562.025
193|1|962.176,961.845|966.47,847.15|967.578,761.855|973.846,635.852|992.79,657.464|1074.24,683.184|1114.58,854.217|1072.62,998.73|1087.8,988.499|1124.44,966.495|1079.34,936.616|952.86,655.911|874.896,666.526|728.509,696.674|675.926,685.855|628.592,701.397|594.699,765.967|671.025,715.897|1017.33,966.969|1009.49,1248.85|997.754,1506.71|997.417,1727.26|913.376,957.478|818.419,1230.17|846.728,1460.73|808.275,1638.42|976.342,589.75|940.493,588.928|957.771,558.312|1013.39,544.237|926.129,567.265|919.86,562.021
194|1|962.176,961.845|966.47,847.149|967.578,761.854|973.846,635.851|992.789,657.463|1074.24,683.183|1114.58,854.215|1072.62,998.729|1087.8,988.499|1124.44,966.497|1079.34,936.617|952.86,655.91|874.896,666.525|728.507,696.675|675.919,685.859|628.582,701.4|594.68,765.967|671.009,715.898|1017.33,966.969|1009.5,1248.86|997.766,1506.7|997.436,1727.24|913.376,957.477|818.422,1230.17|846.732,1460.73|808.282,1638.41|976.342,589.749|940.504,588.929|957.787,558.315|1013.41,544.247|926.142,567.26|919.865,562.006
195|1|959.002,956.19|964.932,842.622|967.092,758.33|973.902,633.925|992.71,655.429|1073.79,680.898|1114.43,851.21|1069.45,990.599|1088.22,985.821|1128.74,964.961|1079.41,932.203|952.872,653.677|875.015,663.735|728.71,695.096|668.905,692.475|622.756,705.177|589.685,765.557|666.896,714.593|1013.67,962.131|978.268,1205.57|984.966,1439.88|982.883,1649.81|910.648,951.099|732.253,1052.48|795.102,1300.31|739.61,1476.64|976.578,588.372|941.652,588.342|961.512,558.837|1017.87,547.448|929.074,564.526|922.688,555.407
196|1|956.852,957.222|963.95,843.427|967.007,758.977|974.372,634.304|993.101,655.924|1074.08,681.15|1114.69,851.3|1071.63,990.617|1089.37,985.731|1128.41,964.885|1079.61,931.917|953.233,654.013|875.283,663.959|729.079,694.634|665.901,693.84|619.625,704.006|589.703,765.301|665.307,714.592|1011.59,963.749|985.219,1214.32|978.994,1448.64|975.706,1659|908.437,951.613|773.029,1154.73|814.384,1389.73|762.665,1566.27|977.273,588.659|942.006,586.823|961.767,557.469|1018.25,546.95|929.395,563.52|923.237,556.079
197|1|956.368,958.831|963.596,844.523|967.055,759.853|974.215,634.302|993.03,655.949|1074.48,681.245|1114.31,852.37|1070.34,993.326|1088.82,985.643|1127.55,966.443|1078.96,933.499|953.031,654.239|874.834,664.396|729.111,693.251|668.678,689.398|619.653,700.05|587.026,766.532|664.858,715.343|1011.46,965.06|998.343,1231.98|983.541,1471.82|982.271,1684.54|907.51,953.473|796.866,1195.68|823.495,1433.85|777.921,1613.12|977.148,588.342|942.219,587.386|961.521,557.588|1017.71,545.976|929.092,564.132|922.417,556.498
198|1|947.158,958.522|959.566,843.053|967.333,759.437|974.292,634.518|993.147,655.997|1074.8,680.726|1114.52,852.032|1064.67,989.428|1086.1,985.534|1129.31,965.98|1078.54,932.925|953.109,654.475|874.7,664.102|731.71,689.279|676.628,686.649|631.248,702.766|586.402,788.063|670.435,729.903|1002.51,966.204|986.588,1171.7|972.36,1393.52|977.742,1604.46|897.741,951.836|779.136,975.907|808.97,1246.22|753.169,1428.53|977.237,588.786|941.511,588.043|961.216,558.268|1018.1,546.803|928.724,564.495|922.706,556.354
199|1|947.158,958.51|959.569,843.036|967.339,759.415|974.312,634.487|993.165,655.97|1074.81,680.71|1114.53,852.031|1064.65,989.401|1086.08,985.479|1129.29,965.896|1078.52,932.86|953.127,654.443|874.716,664.05|731.729,689.122|676.679,686.389|631.321,702.388|586.392,787.508|670.483,729.471|1002.51,966.193|986.522,1171.54|972.316,1393.51|977.667,1604.49|897.74,951.821|778.754,975.839|808.716,1246.27|752.775,1428.55|977.264,588.751|941.644,587.938|961.387,558.197|1018.23,546.836|928.871,564.37|922.779,556.226
200|1|930.758,960.376|951.267,844.628|963.652,760.479|974.586,634.919|992.91,657.182|1075.54,681.413|1114.22,855.112|1056.94,990.313|1082.68,986.04|1130.96,967.87|1078.38,932.611|952.628,654.312|873.647,663.504|731.22,683.09|664.724,678.886|640.364,685.312|593.157,771.056|674.377,727.962|985.939,972.882|957.589,1130.54|938.718,1357.68|937.49,1573.72|881.863,949.468|740.626,942.995|766.624,1227.26|694.787,1403.81|978.954,588.949|944.016,583.45|966.128,555.384|1023.65,549.601|932.886,559.174|926.78,552.054
201|1|934.19,958.152|952.981,842.352|963.957,758.712|973.688,633.711|992.142,655.655|1074.16,680.855|1113.85,853.257|1061.6,990.441|1083.75,986.31|1129.21,968.161|1077.87,933.489|951.983,653.254|873.262,662.67|734.004,675.772|669.422,657.936|640.731,671.058|588.956,755.026|665.785,722.401|989.456,969.475|946.486,1104.97|936.193,1336.36|932.708,1551.83|885.149,948.278|740.084,933.188|761.608,1223.89|683.008,1395.79|977.665,587.938|949.534,584.564|969.127,555.388|1021.71,546.561|935.527,560.866|923.295,553.87
202|1|928.418,955.026|951.495,840.411|963.838,757.507|974.06,632.402|992.51,654.553|1074.4,680.661|1113.82,853.161|1063.23,992.217|1083.62,986.55|1127.68,969.047|1076.92,935.053|952.232,651.798|873.227,660.739|733.645,671.693|669.575,657.39|641.237,662.245|586.786,747.665|660.462,716.587|982.81,969.289|927.505,1088.83|915.968,1323.26|902.292,1538.55|880.523,942.637|729.781,929.282|745.919,1218.8|657.575,1383.58|978.076,586.559|948.299,585.969|968.457,556.426|1022.38,546.172|934.796,561.391|923.877,551.792
203|1|928.368,956.823|950.949,842.417|962.978,759.579|974.767,634.029|993.002,656.469|1075.44,681.51|1114.39,855.238|1061.37,993.477|1083.06,987.116|1129.28,968.511|1077.76,933.604|952.624,653.268|873.177,660.294|732.962,669.806|691.775,648.289|651.953,654.098|597.416,739.075|663.808,711.699|982.612,971.256|924.389,1098.48|906.698,1334.93|888.255,1550.27|880.647,944.294|729.51,986.87|744.539,1267.37|657.004,1438.51|979.413,588.044|943.727,586.278|966.875,558.155|1025.36,551.283|933.451,560.465|928.207,549.141
204|1|928.703,957.811|951.367,843.328|963.493,760.343|975.646,634.566|993.783,657.099|1076.12,682.232|1114.58,855.662|1060.27,991.84|1082.65,986.603|1129.26,968.683|1077.58,933.706|953.488,653.747|874.174,660.304|733.664,665.8|691.193,639.998|650.953,640.693|597.401,731.895|663.798,699.31|982.954,972.299|915.856,1102.08|903.056,1338|882.699,1552.89|880.987,945.237|720.584,968.939|738.304,1251.52|649.861,1420.33|980.406,588.509|953.571,582.937|971.053,553.069|1022.04,543.333|937.659,561.008|923.695,558.05
205|1|928.703,957.811|951.367,843.327|963.492,760.342|975.646,634.566|993.783,657.099|1076.12,682.232|1114.58,855.661|1060.27,991.839|1082.65,986.602|1129.26,968.681|1077.58,933.705|953.488,653.747|874.174,660.303|733.664,665.797|691.192,639.993|650.952,640.687|597.4,731.888|663.796,699.301|982.954,972.299|915.856,1102.08|903.056,1338|882.698,1552.89|880.987,945.236|720.583,968.937|738.303,1251.52|649.859,1420.32|980.406,588.509|953.571,582.937|971.053,553.069|1022.04,543.334|937.659,561.008|923.695,558.049
206|1|932.186,954.266|954.017,840.428|964.946,757.97|976.344,632.962|994.401,655.269|1075.7,681.612|1114.65,853.503|1065.92,990.936|1085.59,986.112|1128.66,967.918|1078.19,932.326|954.539,652.07|876.184,659.081|738.748,656.388|692.38,617.501|662.256,605.892|605.299,650.032|681.437,630.799|986.064,968.185|917.929,1096.02|905.454,1335.95|882.624,1549.37|884.857,942.203|728.739,957.13|745.359,1238.9|654.867,1402.12|980.756,587.181|948.258,586.298|968.852,557.375|1024.19,547.732|935.897,561.919|927.751,552.283
207|1|932.299,954.264|954.191,840.252|965.126,757.688|976.481,632.469|994.586,654.812|1076.15,681.129|1114.4,853.347|1063.88,989.5|1084.78,985.672|1128.88,968.283|1078.07,932.31|954.644,651.617|876.125,658.428|738.626,654.203|694.768,613.93|667.086,600.742|613.229,646.029|686.81,623.758|986.261,968.235|915.916,1088.81|904.341,1328.6|881.268,1541.96|884.902,942.157|724.583,938.038|751.267,1203.63|667.912,1362.65|980.87,586.602|952.069,584.683|969.957,554.693|1022.07,543.061|937.023,562.013|925.074,555.865
208|1|934.135,956.211|955.48,841.745|965.54,758.589|976.473,632.602|994.692,655.014|1076.51,680.927|1114.75,853.744|1064.43,990.307|1085.03,985.919|1129.24,967.976|1078.33,931.77|954.681,651.889|876.031,658.094|739.571,649.102|700.06,605.639|672.614,591.027|617.722,636.597|688.639,613.181|988.067,970.269|911.672,1095.14|903.318,1339.94|876.419,1554.55|886.905,944.064|717.432,970.081|746.057,1243.52|657.801,1407.37|980.646,586.455|951.322,584.412|970.952,555.23|1024.12,545.591|937.691,560.605|926.634,552.604
209|1|934.151,956.178|955.502,841.719|965.573,758.563|976.544,632.579|994.754,654.995|1076.56,680.924|1114.75,853.713|1064.46,990.231|1085.09,985.858|1129.33,967.936|1078.39,931.733|954.748,651.86|876.106,658.023|739.782,648.853|700.586,605.226|673.363,590.399|618.636,635.514|689.318,612.759|988.081,970.238|911.576,1095.05|903.191,1339.95|876.158,1554.53|886.923,944.029|715.415,965.106|745.583,1236.02|657.005,1397.87|980.734,586.434|951.571,584.415|971.207,555.249|1024.29,545.635|937.93,560.584|926.755,552.527
210|1|934.151,956.177|955.502,841.719|965.573,758.563|976.545,632.578|994.754,654.995|1076.56,680.923|1114.75,853.711|1064.46,990.229|1085.09,985.856|1129.33,967.935|1078.39,931.732|954.749,651.86|876.106,658.021|739.785,648.845|700.591,605.212|673.37,590.38|618.641,635.486|689.323,612.739|988.081,970.237|911.575,1095.05|903.19,1339.95|876.156,1554.53|886.923,944.029|715.416,965.127|745.592,1236.03|657.022,1397.89|980.735,586.433|951.575,584.412|971.211,555.247|1024.29,545.636|937.934,560.581|926.757,552.525
211|1|940.239,953.33|958.037,840.407|965.878,758.511|976.714,634.364|994.587,656.441|1074.82,682.298|1114.32,851.209|1065.93,984.429|1085.72,984.309|1127.08,968.947|1077.65,933.109|955.306,653.33|878.025,658.112|742.804,646.665|708.446,603.236|688.598,576.127|628.777,582.414|691.764,615.025|993.627,965.353|914.071,1101.78|909.072,1347.28|882.529,1557.57|893.379,942.935|720.432,977.466|750.323,1247.98|663.689,1408.49|980.833,588.934|955.557,581.972|974.231,554.171|1024.02,547.778|941.441,559.77|927.742,555.899
212|1|940.251,953.32|958.047,840.405|965.888,758.51|976.733,634.369|994.602,656.446|1074.81,682.303|1114.31,851.178|1065.97,984.393|1085.78,984.29|1127.15,968.949|1077.71,933.111|955.327,653.331|878.059,658.095|742.866,646.499|708.524,602.948|688.664,575.75|628.742,581.896|691.711,614.626|993.635,965.34|914.149,1101.78|909.151,1347.23|882.659,1557.52|893.395,942.928|720.983,978.216|751.027,1248.32|664.79,1409.08|980.855,588.941|955.406,582.045|974.088,554.231|1023.98,547.777|941.32,559.845|927.765,555.941
213|1|940.463,952.832|958.259,840.172|966.148,758.415|977.212,634.515|994.988,656.578|1074.91,682.495|1114.09,850.712|1066.32,983.597|1085.91,983.963|1126.86,969.294|1077.37,933.785|955.825,653.401|878.764,657.958|744.52,645.119|711.299,600.575|691.617,572.735|629.98,579.306|692.648,612.869|993.733,964.832|917.187,1101.28|910.205,1346.95|884.34,1556.99|893.704,942.456|736.085,982.668|761.416,1250.93|679.274,1414.6|981.426,589.182|954.353,583.141|973.775,555.563|1024.85,549.22|941.148,560.466|929.202,555.259
214|1|940.099,949.6|959.133,837.833|967.395,756.646|978.96,633.157|996.538,655.25|1075.71,682.649|1114.29,850.592|1071.09,985.794|1086.79,984.871|1125.3,970.781|1077.73,933.269|957.621,651.85|881.107,657.417|750.292,642.285|715.664,591.566|689.442,575.925|632.584,577.562|696.473,612.558|992.813,962.358|917.181,1101.03|908.056,1347.14|880.537,1555.76|893.925,938.579|729.37,972.685|755.184,1241.06|669.194,1399.13|983.306,587.962|955.176,583.405|974.559,555.765|1026.09,548.451|942.277,560.629|931.387,554.37
215|1|943.217,945.303|960.102,835.868|967.903,755.951|980.139,634.664|997.217,656.521|1074.98,682.962|1114.07,847.712|1070.02,978.859|1087.77,982.149|1125.87,970.427|1077.32,932.509|959.099,652.831|884.052,655.955|754.133,642.986|717.283,604.885|702.131,580.878|646.279,584.878|697.835,614.991|995.089,956.934|920.568,1109.26|909.86,1352.73|881.97,1556.18|897.66,935.237|733.013,991.905|757.408,1253.95|674.358,1410.24|984.663,590.3|948.904,582.449|973.119,558.744|1029.94,559.076|942.233,558.31|940.463,549.697
216|1|943.217,944.617|960.263,835.346|968.215,755.511|980.771,634.361|997.768,656.237|1075.37,682.802|1114.11,847.351|1069.24,977.1|1087.42,980.748|1125.83,969.457|1077.1,931.668|959.704,652.461|884.754,655.529|755.482,642.567|721.738,604.002|708.218,577.074|655.452,585.389|714.794,607.645|995.022,956.324|919.066,1107.35|908.892,1348.05|879.759,1550.55|897.718,934.485|724.791,966.461|753.981,1220.2|670.63,1369.16|985.433,590.046|954.471,580.908|975.676,555.727|1028.82,553.591|944.341,558.595|937.302,554.068
217|1|943.224,944.617|960.273,835.349|968.228,755.515|980.798,634.369|997.791,656.246|1075.39,682.816|1114.11,847.357|1069.24,977.077|1087.43,980.719|1125.86,969.425|1077.13,931.64|959.73,652.466|884.783,655.525|755.566,642.535|722.002,603.932|708.729,576.93|656.413,585.293|715.884,607.362|995.028,956.325|919.051,1107.32|908.882,1347.97|879.73,1550.46|897.726,934.483|724.737,966.262|754.078,1219.77|670.789,1368.64|985.465,590.056|954.632,580.94|975.82,555.759|1028.88,553.613|944.472,558.621|937.328,554.073
218|1|943.341,944.59|960.416,835.38|968.413,755.57|981.126,634.485|998.079,656.369|1075.58,682.996|1114.1,847.415|1069.24,976.841|1087.55,980.464|1126.06,969.238|1077.35,931.437|960.05,652.551|885.162,655.529|756.475,642.467|724.707,603.669|714.176,576.074|666.423,585.278|726.962,605.008|995.119,956.308|919.067,1106.94|908.881,1347.3|879.609,1549.6|897.865,934.448|725.743,967.166|755.165,1220.61|672.489,1369.98|985.856,590.198|956.29,580.699|977.444,555.7|1029.73,554.02|945.99,558.376|937.889,553.948
219|1|944.971,942.941|962.042,834.866|970.085,755.739|982.863,635.908|999.605,657.631|1076.44,683.887|1114.2,846.267|1065.5,969.44|1086.83,976.079|1125.42,970.604|1076.18,932.855|961.994,653.714|887.934,656.244|760.024,648.556|744.956,615.192|738.241,587.144|711.473,597.774|771.305,611.654|996.192,954.655|919.948,1110.02|910.162,1347.39|880.927,1547.23|899.999,932.802|728.603,992.519|757.437,1246.56|676.637,1398.9|987.552,592.092|957.669,579.954|981.429,557.66|1034.22,561.432|950.44,556.824|944.513,551.209
220|1|945.002,940.83|961.726,833.939|969.819,755.581|982.438,636.044|999.087,657.63|1075.46,683.299|1111.63,844.92|1062.45,964.946|1087.21,973.773|1128.59,971.489|1075.88,932.923|961.699,653.846|888.08,656.11|759.965,652.543|760.126,616.071|759.439,599.92|752.71,595.241|797.4,614.469|995.777,952.557|926.514,1123.12|912.353,1356.62|883.562,1553.95|900.397,930.672|741.855,1021.82|764.879,1271.09|687.43,1426.38|987.137,592.354|964.2,576.831|982.798,552.78|1029.7,553.593|951.654,557.167|938.185,559.172
221|1|948.312,953.993|962.118,841.721|968.168,759.91|979.349,635.88|997.072,657.897|1076.76,683.149|1112.93,851.361|1059.98,976.886|1087.6,974.216|1128.41,971.377|1075.53,933.346|957.941,654.828|880.899,658.351|753.569,648.04|766.061,608.506|769.485,585.868|785.859,606.918|807.448,617.523|1001.73,964.25|933.858,1139.42|923.193,1380.1|898.272,1588.21|901.318,945.126|748.361,1052.89|779.733,1304.83|705.659,1473.86|983.754,590.529|964.676,571.318|987.706,549.346|1034.76,557.747|954.468,548.579|938.572,547.892
222|1|947.963,955.623|960.907,843.168|967.131,760.592|979.572,635.859|997.156,658.122|1077.09,683.353|1112.42,852.604|1059.16,979.89|1088.17,974.551|1128.28,970.997|1075.02,932.832|957.858,654.779|880.357,656.963|748.668,655.294|766.193,619.775|774.281,597.813|788.19,639.735|815.166,640.569|1001.69,965.57|952.1,1174.2|930.556,1419.88|908.966,1630.48|900.627,947.019|771.136,1132.33|793.419,1371.76|729.995,1544.58|984.562,590.26|970.992,568.748|992.589,546.806|1035.96,556.127|958.928,546.64|938.18,548.203
223|1|947.664,961.924|960.321,846.828|966.364,762.333|977.662,634.684|995.799,657.192|1077.26,682.744|1113.34,855.33|1061.3,986.644|1089.71,977.365|1129.48,968.885|1075.56,931.964|955.761,654.276|876.869,658.707|745.69,661.758|777.623,619.376|793.481,590.964|806.728,645.958|829.019,635.089|1002.61,971.781|964.159,1211.11|940.484,1462.88|921.663,1681.75|899.261,953.409|778.142,1180.26|799.229,1419.33|741.955,1596.7|982.283,588.005|970.115,571.933|986.788,545.381|1028.25,545.061|952.796,551.144|928.094,554.073
224|1|945.659,964.301|958.92,847.951|965.679,762.397|977.847,632.995|996.203,655.914|1078.79,682.69|1112.68,859.102|1057.88,991.987|1088.3,980.344|1130.53,969.225|1075.61,931.883|955.414,652.824|874.999,658.765|741.512,668.752|783.504,630.916|797.855,592.34|840.062,651.321|838.937,637.029|1001.4,974.625|971.65,1236.79|942.937,1492.33|927.641,1718.73|896.528,955.374|782.689,1208.92|799.935,1445.17|745.655,1625.51|982.871,585.632|970.19,577.601|986.999,548.532|1029.52,542.262|952.176,554.75|927.006,551.787
225|1|957.389,979.948|965.234,858.295|967.801,769.277|976.542,635.613|996.058,658.719|1081.96,683.332|1113.27,864.9|1047.15,996.049|1078.71,986.829|1129.38,976.542|1073.01,935.523|954.116,656.599|871.59,662.885|736.524,678.038|795.464,645.571|807.823,590.112|854.13,653.844|844.761,642.903|1015.44,987.511|980.53,1265.48|964.156,1528.09|949.443,1770.66|906.231,973.467|784.105,1241.22|818.05,1478.29|768.1,1667.59|980.185,586.7|965.936,577.369|988.94,550.953|1035.05,551.896|952.649,550.677|930.196,542.172
226|1|954.296,983.085|962.901,861.768|966.478,772.587|975.184,636.542|995.261,660.023|1083.5,682.878|1113.42,869.058|1045.82,1007.83|1072.5,997.316|1126.39,981.172|1068.22,942.814|952.18,658.063|867.382,665.494|733.583,681.262|782.819,650.696|838.543,588.924|878.337,658.895|858.543,648.782|1012.93,991.628|988.556,1285.52|966.082,1545.37|960.972,1795.26|902.578,975.738|794.398,1261.6|821.913,1495.3|773.77,1689.6|978.903,586.708|963.32,574.695|981.312,544.424|1027.5,539.98|944.498,551.376|919.682,551.363
227|1|956.804,978.728|965.131,859.251|968.994,770.891|977.388,636.969|997.051,659.97|1083.28,684.474|1113.48,866.667|1048.41,1005.65|1072.73,997.487|1121.92,983.666|1065.77,946.654|954.871,658.204|872.047,668.267|737.948,686.056|781.288,654.228|856.798,605.923|902.774,642.11|862.585,662.296|1014.58,986.799|997.396,1298.67|974.967,1554.45|971.262,1797.62|905.766,971.783|804.197,1272.61|826.893,1504.33|784.078,1694.34|981.115,587.963|971.119,580.392|989.584,550.928|1031.95,545.898|953.142,555.479|925.297,550.089
228|1|963.434,985.794|968.732,864.366|971.297,774.059|976.687,639.211|996.912,661.965|1084.4,684.652|1113.58,867.882|1042.64,1004.18|1068.37,998.265|1121.18,987.62|1065.14,947.395|954.658,660.917|872.255,673.969|739.2,696.772|793.082,664.958|857.709,620.316|920.175,651.865|878.816,668.34|1022.12,991.338|1014.97,1318.88|996.92,1570.36|1000.01,1816.19|911.319,981.061|811.912,1293.79|839.482,1531.16|804.29,1730.62|979.104,589.903|976.614,571.956|991.765,544.002|1027.94,544.34|955.869,550.273|921.867,554.452
229|1|964.148,976.489|970.258,860.958|974.442,774.812|980.785,644.641|1000.19,666.406|1085,687.599|1111.78,866.511|1027.95,985.46|1060.59,996.532|1119.09,991.823|1062.21,950.311|959.075,665.942|879.166,679.711|734.704,705.582|799.703,668.615|862.881,626.632|929.423,657.815|893.201,634.901|1020.71,981.13|1034.63,1297.78|1011.11,1540.88|1022.84,1764.32|913.497,972.511|840.645,1285.1|855.277,1520.85|830.266,1711.21|984.24,597.102|973.533,568.311|990.603,543.843|1032.05,552.12|955.482,549.476|928.695,561.508
230|1|966.952,974.099|972.539,860.649|976.586,775.983|982.993,648.081|1002.17,669.288|1085.5,688.219|1111.48,864.386|1020.43,971.91|1055.26,991.198|1113.62,996.655|1058.21,954.803|961.421,669.306|882.381,683.982|738.065,702.127|814.337,674.47|870.952,622.407|944.201,662.215|894.347,664.161|1022.77,978.124|1043.3,1290.05|1020.75,1518.39|1034.38,1728.48|916.871,970.662|857.181,1283.15|872.049,1506.74|854.221,1689.05|986.726,601.398|962.924,559.987|981.035,538.282|1030.41,552.592|947.049,546.436|930.354,570.729
231|1|967.414,973.019|972.81,860.034|976.802,775.636|983.669,648.104|1002.73,669.275|1085.79,687.899|1111.4,863.592|1006.39,943.333|1046.62,981.202|1108.66,1006.74|1052.72,966.03|962.047,669.259|883.169,683.939|738.983,706.462|820.776,676.948|881.715,624.258|954.023,665.934|897.449,664.7|1023.09,976.802|1048.58,1288.39|1024.23,1506.1|1039.23,1710.11|917.423,969.795|864.934,1283.32|880.262,1497.42|867.439,1676.39|987.634,601.558|959.29,583.633|986.476,560.99|1041.74,570.355|951.976,558.244|942.917,554.098
232|1|967.492,971.992|972.947,858.721|976.96,774.03|983.924,646.324|1002.96,667.547|1085.99,686.379|1111.56,861.384|1006.93,947.546|1045.66,985.03|1105.51,1010.1|1048.94,969.104|962.288,667.478|883.822,684.522|747.398,743.039|826.126,720.689|870.902,657.598|956.056,678.347|896.884,687.164|1023.26,975.853|1050.41,1287.74|1025.76,1502.69|1041.72,1705.85|917.435,968.7|865.944,1283.02|882.158,1494.95|870.221,1673.24|987.931,599.697|965.422,572.003|990.958,550.827|1042.19,565.42|956.098,549.473|941.903,553.951
233|1|967.469,971.804|972.916,858.537|976.919,773.859|983.878,646.241|1002.92,667.448|1085.94,686.282|1111.47,861.082|1006.94,948.502|1045.38,986.18|1104.76,1011.52|1048.25,970.497|962.243,667.388|883.822,684.722|748.386,747.993|826.263,728.204|869.408,665.172|955.189,684.575|896.141,694.171|1023.22,975.668|1050.7,1287.41|1026.08,1501.83|1042.26,1704.71|917.421,968.51|866.13,1282.81|882.5,1494.35|870.704,1672.42|987.882,599.644|966.002,570.71|991.357,549.77|1042.15,565.076|956.471,548.544|941.733,554.081
234|1|963.822,945.895|969.096,841.622|974.335,763.854|983.545,642.185|1001.56,662.217|1082.31,681.053|1107.37,851.617|988.926,935.855|980.563,939.76|977.684,922.876|983.68,928.677|962.035,662.782|885.447,677.272|741.485,718.614|849.507,707.207|909.992,661.543|954.056,667.269|929.535,695.2|1016.52,947.024|1062.33,1232.82|1029.82,1436.32|1052.45,1620.58|915.959,945.026|899.757,1244.52|902.567,1456.04|900.602,1624.14|988.934,597.763|965.932,555.399|982.014,533.912|1029.65,547.398|948.848,543.623|931.437,570.563
235|1|962.188,935.982|968.213,835.492|974.309,758.553|985.987,638.863|1003.15,658.734|1081.22,680.304|1105.55,848.667|988.216,930.791|962.691,909.885|938.808,869.503|962.75,893.359|964.438,658.972|889.283,671.569|743.569,719.079|851.634,712.625|908.328,659.795|966.466,663.372|927.715,695.466|1013.51,935.84|1072.89,1217.5|1033.66,1399.39|1057.92,1573.24|915.291,936.262|920.049,1232.29|917.534,1429.53|921.876,1590.17|992.551,595.193|969.305,574.66|991.818,550.778|1042.24,557.371|957.704,552.558|943.203,554.822
236|1|954.816,937.37|964.179,834.437|972.06,754.76|978.108,632.584|996.295,652.883|1075.9,673.193|1099.74,840.537|992.353,936.598|959.608,912.293|925.613,871.05|961.456,897.031|957.664,652.777|881.937,667.362|766.953,718.9|853.974,723.15|904.718,676.879|986.817,688.745|929.165,702.742|1006.67,940.8|1058.7,1232.25|1018.22,1406.6|1040.94,1574.39|907.749,934.409|911.847,1230.87|906.837,1439.08|913.678,1599.24|981.625,587.893|972.171,576.697|988.009,549.887|1026.92,546.591|954.775,555.405|928.696,554.731
237|1|955.372,929.773|966.481,830.886|975.386,753.733|979.599,635.501|997.098,655.036|1073.51,673.56|1118.39,827.662|1025.17,926.978|980.985,892.094|940.148,841.181|974.721,872.244|960.511,654.904|888.899,667.973|782.886,719.875|856.122,726.035|908.273,687.329|967.371,680.464|924.241,716.854|1005.16,935.362|1037.36,1216.05|1002.94,1387.44|1017.5,1547.5|910.432,924.868|902.099,1205.04|895.507,1422.26|898.413,1576.55|982.234,592.333|968.129,571.69|991.433,553.853|1033.36,566.969|960.613,549.716|944.461,547.884
238|1|956.365,928.72|967.43,829.266|976.31,751.819|980.35,633.179|997.945,652.748|1074.8,671.606|1119.25,827.799|1021.1,923.299|977.168,885.677|932.937,838.492|977.35,867.282|961.217,652.698|889.535,667.089|785.1,722.178|860.441,728.67|915.821,694.005|977.342,685.584|928.666,727.458|1006.38,934.285|1033.73,1216.83|997.731,1383.03|1009.76,1543.46|911.226,923.838|898.351,1205.32|891.15,1427.57|892.764,1583.63|982.953,589.835|965.705,570.824|987.906,550.976|1031.92,560.411|956.766,549.289|941.634,548.341
239|1|956.778,928.803|967.887,829.413|976.807,752.026|980.897,633.503|998.463,653.049|1075.24,672.056|1119.04,828.386|1020.05,922.851|976.478,884.867|932.617,837.382|977.469,866.957|961.771,653.01|890.189,667.65|786.539,723.539|863.123,730.819|920.468,697.863|983.418,691.618|934.249,732.661|1006.75,934.377|1033.15,1216.78|996.676,1381.22|1007.99,1541.28|911.673,923.912|897.852,1205.18|890.267,1428.33|891.392,1584.53|983.54,590.206|970.673,564.812|990.365,545.265|1030.99,556.766|959.078,545.783|939.485,551.758
240|1|958.153,930.356|969.079,829.045|977.808,750.195|981.503,630.62|999.326,650.314|1076.86,670.367|1119.99,828.981|1018.95,923.795|975.065,884.909|931.055,836.403|978.157,868.181|962.263,650.335|890.299,666.437|785.002,726.999|865.391,734.253|924.989,707.024|989.258,697.69|937.97,737.285|1008.81,935.939|1034.67,1223.2|997.529,1388.89|1008.3,1550.59|912.446,925.462|895.714,1211.28|888.362,1439.35|889.265,1597.92|983.951,586.899|981.94,569.247|991.599,543.954|1021.83,541.686|961.255,553.117|930.14,561.855
241|1|958.454,932.289|969.114,830.505|977.633,751.354|980.746,631.461|998.732,651.106|1076.76,670.292|1119.96,829.674|1019.21,926.431|974.724,887.629|931.878,836.873|976.698,869.627|961.533,651.34|889.188,666.89|783.828,728.555|866.108,737.755|928.01,712.944|994.226,702.964|941.715,739.612|1009.31,937.728|1036.21,1226.54|999.772,1394.06|1010.2,1556.56|912.568,927.526|895.105,1214.9|888.45,1445.81|888.636,1605.57|982.978,587.624|973.071,564.551|993.375,544.799|1032.62,556.031|961.531,543.981|939.749,546.79
242|1|961.39,933.916|970.182,831.462|977.223,752.007|980.49,632.369|998.589,652.008|1077.27,670.623|1122.09,829.941|1018.42,923.702|976.087,882.94|930.508,836.174|983.786,866.458|961.131,652.25|888.117,666.346|782.364,731.592|867.201,740.264|931.417,719.365|999.039,707.028|943.513,742.736|1012.5,938.457|1041.57,1228.42|1006.71,1396.02|1016.6,1559.52|915.281,929.966|894.166,1218.09|890.256,1444.15|888.641,1604.76|982.713,588.623|981.942,575.924|992.363,549.39|1022.54,544.361|961.326,557.917|929.04,562.023
243|1|961.503,934.164|970.276,831.694|977.315,752.243|980.559,632.604|998.678,652.218|1077.45,670.633|1122.6,829.764|1019.29,923.798|976.977,883.322|931.41,836.737|981.77,865.106|961.179,652.527|888.082,666.753|782.947,732.55|869.654,742.573|935.186,722.648|1004.31,710.696|947.179,746.023|1012.64,938.657|1042.72,1228.73|1008.05,1397.09|1018.51,1560.74|915.362,930.256|894.617,1218.69|890.821,1444.53|889.395,1605.16|982.805,588.859|979.504,564.624|992.688,541.723|1025.62,547.078|961.105,547.521|931.308,557.597
244|1|961.503,934.165|970.276,831.696|977.315,752.245|980.559,632.607|998.677,652.221|1077.45,670.634|1122.61,829.763|1019.3,923.803|976.986,883.332|931.417,836.752|981.794,865.125|961.178,652.53|888.081,666.758|782.949,732.56|869.66,742.587|935.197,722.669|1004.32,710.723|947.191,746.048|1012.64,938.658|1042.72,1228.73|1008.05,1397.09|1018.51,1560.74|915.363,930.257|894.619,1218.69|890.823,1444.53|889.397,1605.16|982.804,588.862|979.493,564.644|992.68,541.738|1025.62,547.082|961.096,547.538|931.306,557.602
245|1|964.565,932.838|970.5,831.364|975.319,752.333|978.831,634.879|996.797,654.052|1075.38,669.933|1127.25,826.073|1028.47,924.126|985.153,886.812|940.587,838.841|997.265,874.959|959.481,654.655|886.663,668.442|779.659,730.121|874.695,753.998|943.354,729.901|1005.83,714.308|953.93,757.755|1015.32,935.624|1047.95,1220.51|1017.73,1389.06|1028.19,1551.94|918.721,930.464|899.632,1215.02|901.185,1432.79|901.421,1591.13|981.289,591.959|974.712,575.259|991.97,552.137|1028.57,555.906|959.723,554.385|933.611,555.13
246|1|964.586,933.009|970.513,831.515|975.329,752.466|978.767,634.99|996.758,654.146|1075.44,669.857|1127.95,825.918|1029.61,924.62|986.494,887.67|942.046,839.682|998.047,875.068|959.414,654.798|886.558,668.738|779.752,730.083|875.71,755.155|946.122,733.48|1012.09,718.24|957.265,761.635|1015.36,935.776|1049.95,1220.39|1019.94,1391.13|1031.54,1554.62|918.718,930.654|901.712,1215.43|903.82,1431.07|905.249,1589.13|981.208,592.061|973.29,571.566|990.12,548.885|1027.42,554.371|957.972,551.98|932.597,556.421
247|1|964.559,932.893|970.499,831.408|975.328,752.367|978.818,634.915|996.798,654.068|1075.49,669.573|1128.76,825.298|1031.14,924.696|987.661,887.994|943.13,839.808|996.629,873.623|959.457,654.72|886.598,668.619|779.957,729.518|876.265,755.166|947.163,734.537|1014.03,719.913|958.217,763.076|1015.33,935.656|1050.73,1219.98|1020.75,1391.86|1032.83,1555.66|918.693,930.54|902.705,1215.25|904.948,1430.26|906.871,1588.23|981.289,591.995|973.57,570.855|990.6,548.459|1027.84,554.672|958.429,551.262|933.006,555.909
248|1|964.559,932.893|970.499,831.408|975.328,752.367|978.818,634.915|996.798,654.068|1075.49,669.573|1128.76,825.298|1031.14,924.696|987.661,887.994|943.13,839.808|996.629,873.623|959.457,654.72|886.598,668.619|779.957,729.518|876.265,755.166|947.163,734.537|1014.03,719.913|958.217,763.076|1015.33,935.656|1050.73,1219.98|1020.75,1391.86|1032.83,1555.66|918.693,930.54|902.705,1215.25|904.948,1430.26|906.871,1588.23|981.289,591.995|973.57,570.855|990.6,548.459|1027.84,554.672|958.429,551.262|933.006,555.909
249|1|964.56,932.893|970.499,831.408|975.328,752.367|978.819,634.915|996.799,654.068|1075.49,669.573|1128.76,825.297|1031.15,924.697|987.666,887.997|943.134,839.815|996.638,873.628|959.458,654.72|886.599,668.619|779.959,729.517|876.269,755.167|947.169,734.542|1014.04,719.92|958.223,763.081|1015.33,935.656|1050.73,1219.97|1020.75,1391.86|1032.83,1555.66|918.693,930.54|902.707,1215.25|904.949,1430.26|906.873,1588.23|981.29,591.995|973.571,570.857|990.601,548.461|1027.84,554.672|958.43,551.264|933.007,555.909
250|1|964.56,932.893|970.499,831.408|975.328,752.367|978.819,634.915|996.799,654.068|1075.49,669.573|1128.76,825.297|1031.15,924.697|987.666,887.997|943.134,839.815|996.638,873.628|959.458,654.72|886.599,668.619|779.959,729.517|876.269,755.167|947.169,734.542|1014.04,719.92|958.223,763.081|1015.33,935.656|1050.73,1219.97|1020.75,1391.86|1032.83,1555.66|918.693,930.54|902.707,1215.25|904.949,1430.26|906.873,1588.23|981.29,591.995|973.571,570.857|990.601,548.461|1027.84,554.672|958.43,551.264|933.007,555.909
251|1|967.032,928.778|971.2,828.048|974.5,748.446|979.494,634.296|997.274,653.116|1075.81,670.147|1131.52,824.802|1036.32,926.375|992.584,890.114|948.476,840.564|999.314,873.413|959.838,653.552|886.996,667.942|778.704,730.427|877.312,754.512|944.229,736.027|1012.08,714.224|955.455,762.465|1017.64,930.782|1055.83,1210.67|1027.64,1382.12|1040.28,1545.7|921.349,927.112|903.474,1207.63|909.415,1416.02|910.435,1573.06|982.48,592.612|973.438,571.085|990.301,548.287|1028.47,554.051|957.99,551.783|933.18,557.316
252|1|967.032,928.778|971.2,828.048|974.5,748.446|979.494,634.296|997.274,653.116|1075.81,670.147|1131.52,824.802|1036.32,926.375|992.584,890.114|948.476,840.564|999.314,873.413|959.838,653.552|886.996,667.942|778.704,730.427|877.312,754.512|944.229,736.027|1012.08,714.224|955.455,762.465|1017.64,930.782|1055.83,1210.67|1027.64,1382.12|1040.28,1545.7|921.349,927.112|903.474,1207.63|909.415,1416.02|910.435,1573.06|982.48,592.612|973.438,571.085|990.301,548.287|1028.47,554.051|957.99,551.783|933.18,557.316
253|1|967.033,928.777|971.2,828.044|974.501,748.44|979.493,634.286|997.274,653.107|1075.81,670.138|1131.53,824.804|1036.32,926.376|992.572,890.101|948.468,840.527|999.321,873.409|959.837,653.543|886.992,667.933|778.696,730.402|877.316,754.5|944.242,736.027|1012.12,714.232|955.457,762.453|1017.64,930.781|1055.86,1210.67|1027.66,1382.12|1040.32,1545.7|921.348,927.11|903.483,1207.64|909.431,1415.98|910.46,1573.01|982.479,592.602|973.436,571.075|990.301,548.276|1028.47,554.041|957.988,551.771|933.178,557.302
254|1|968.063,926.649|971.75,826.587|974.683,747.471|979.854,634.097|997.6,652.833|1075.91,670.443|1130.88,825.089|1037.48,928.04|993.161,891.429|949.441,840.23|1002.56,875.048|960.178,653.216|887.388,667.865|779.537,729.782|876.453,752.194|940.394,724.79|998.59,720.003|954.007,752.998|1018.48,928.487|1058.11,1205.81|1030.44,1375.52|1044.37,1538.86|922.573,925.131|904.317,1203.14|911.302,1403.99|912.038,1560.01|982.879,592.708|975.676,570.856|989.775,547.037|1025.72,550.467|957.876,553.132|930.806,561.543
255|1|967.868,926.506|971.521,826.446|974.428,747.333|979.314,633.957|997.121,652.652|1075.5,670.175|1130.59,824.83|1037.82,928.33|993.578,891.715|950.486,839.39|998.543,872.832|959.675,653.122|886.885,668.013|779.119,730.102|876.112,752.796|944.162,728.347|1008.32,721.591|956.191,754.622|1018.29,928.326|1059.16,1205.5|1031.44,1374.13|1045.73,1537.19|922.369,925.005|904.185,1203.09|911.671,1400.08|912.73,1555.45|982.225,592.563|968.55,570.993|990.93,551.114|1033.51,562.531|958.629,549.069|939.943,549.383
256|1|968.56,924.456|971.827,825.484|974.44,747.027|979.429,634.799|997.237,653.325|1075.67,670.41|1130.22,824.776|1038.18,928.635|994.227,892.786|952.103,839.629|1000.47,874.814|959.758,653.808|886.756,667.784|779.737,729.236|875.838,753.966|944.142,728.391|1008.23,719.482|955.838,753.603|1018.73,926.167|1059.34,1200.45|1032.52,1366.3|1046.69,1528.47|923.312,923.051|904.941,1198|913.296,1390.21|913.551,1544.58|982.353,593.852|970.058,572.863|990.198,551.359|1031.49,559.764|957.682,551.856|936.587,554.048
257|1|968.56,924.455|971.828,825.482|974.44,747.025|979.43,634.795|997.239,653.321|1075.68,670.408|1130.21,824.78|1038.17,928.635|994.223,892.783|952.095,839.632|1000.44,874.8|959.759,653.805|886.756,667.779|779.74,729.216|875.86,753.956|944.188,728.404|1008.31,719.499|955.88,753.611|1018.73,926.167|1059.35,1200.45|1032.52,1366.29|1046.69,1528.46|923.312,923.051|904.944,1198.01|913.301,1390.19|913.558,1544.55|982.355,593.848|970.079,572.824|990.21,551.324|1031.48,559.744|957.692,551.828|936.579,554.053
258|1|966.688,924.257|970.746,825.976|974.007,747.984|979.256,636.154|997.03,654.637|1075.71,671.229|1131.28,825.929|1038.16,929.524|994.539,893.717|952.941,840.043|1002.83,877.168|959.529,655.091|886.406,668.535|781.251,728.368|878.329,753.489|937.969,723.62|990.898,716.605|957.926,751.7|1016.67,926.145|1059.62,1198.57|1030.15,1360.2|1044.61,1521.07|921.562,922.692|905.352,1196.11|912.058,1385.48|913.086,1539.41|982.287,595.376|963.341,573.396|986.277,553.09|1032.41,563.985|954.09,551.829|939.237,553.102
259|1|967.157,924.465|971.042,826.104|974.167,748.065|979.045,636.163|996.909,654.597|1075.62,671.565|1130.52,826.681|1036.72,929.758|993.541,893.792|952.3,839.814|992.634,873.47|959.354,655.181|886.137,668.879|779.62,728.671|876.801,754.619|943.158,727.661|1004.31,719.958|957.137,753.142|1017.19,926.259|1059.75,1199.63|1030.22,1358.16|1044.06,1518.2|921.983,922.985|905.441,1197.06|912.573,1384.07|913.542,1537.53|981.938,595.356|974.504,555.676|989.06,536.909|1025.26,553.158|957.224,542.158|930.429,563.522
260|1|967.156,924.467|971.042,826.107|974.167,748.069|979.046,636.169|996.909,654.603|1075.62,671.571|1130.52,826.687|1036.72,929.763|993.536,893.796|952.296,839.817|992.647,873.479|959.354,655.187|886.137,668.884|779.623,728.674|876.809,754.629|943.177,727.682|1004.35,719.977|957.153,753.162|1017.19,926.26|1059.75,1199.63|1030.21,1358.15|1044.06,1518.19|921.983,922.987|905.442,1197.06|912.573,1384.07|913.543,1537.52|981.938,595.363|974.488,555.728|989.05,536.947|1025.26,553.166|957.212,542.197|930.432,563.524
261|1|967.156,924.467|971.042,826.108|974.167,748.069|979.046,636.17|996.909,654.604|1075.62,671.572|1130.52,826.688|1036.72,929.763|993.535,893.796|952.296,839.818|992.649,873.48|959.354,655.188|886.138,668.885|779.623,728.674|876.81,754.63|943.18,727.684|1004.35,719.98|957.155,753.165|1017.19,926.261|1059.75,1199.63|1030.21,1358.15|1044.06,1518.19|921.984,922.987|905.442,1197.06|912.573,1384.06|913.543,1537.52|981.938,595.364|974.486,555.736|989.05,536.954|1025.26,553.167|957.212,542.203|930.432,563.525
262|1|967.156,924.467|971.042,826.108|974.167,748.069|979.046,636.17|996.909,654.604|1075.62,671.572|1130.52,826.688|1036.72,929.763|993.535,893.796|952.296,839.818|992.649,873.48|959.354,655.188|886.138,668.885|779.623,728.674|876.81,754.63|943.18,727.684|1004.35,719.98|957.155,753.165|1017.19,926.261|1059.75,1199.63|1030.21,1358.15|1044.06,1518.19|921.984,922.987|905.442,1197.06|912.573,1384.06|913.543,1537.52|981.938,595.364|974.486,555.736|989.05,536.954|1025.26,553.167|957.212,542.203|930.432,563.525
263|1|967.156,924.467|971.042,826.108|974.167,748.069|979.046,636.17|996.909,654.604|1075.62,671.572|1130.52,826.688|1036.72,929.763|993.535,893.796|952.296,839.818|992.649,873.48|959.354,655.188|886.138,668.885|779.623,728.674|876.81,754.63|943.18,727.684|1004.35,719.98|957.155,753.165|1017.19,926.261|1059.75,1199.63|1030.21,1358.15|1044.06,1518.19|921.984,922.987|905.442,1197.06|912.573,1384.06|913.543,1537.52|981.938,595.364|974.486,555.736|989.05,536.954|1025.26,553.167|957.212,542.203|930.432,563.525
264|1|967.156,924.467|971.042,826.108|974.167,748.069|979.046,636.17|996.909,654.604|1075.62,671.572|1130.52,826.688|1036.72,929.763|993.535,893.796|952.296,839.818|992.649,873.48|959.354,655.188|886.138,668.885|779.623,728.674|876.81,754.63|943.18,727.684|1004.35,719.98|957.155,753.165|1017.19,926.261|1059.75,1199.63|1030.21,1358.15|1044.06,1518.19|921.984,922.987|905.442,1197.06|912.573,1384.06|913.543,1537.52|981.938,595.364|974.486,555.736|989.05,536.954|1025.26,553.167|957.212,542.203|930.432,563.525
265|1|971.155,920.01|972.731,823.54|974.063,747.128|977.899,636.617|996.101,654.703|1075.36,671.777|1129.4,827.954|1033.98,930.474|990.794,894.046|949.791,839.566|997.574,876.778|958.236,655.625|884.532,669.823|774.582,728.702|873.37,754.396|931.551,714.459|994.986,716.567|955.314,748.746|1020.91,920.669|1060.89,1190.75|1035.49,1346.21|1050.71,1506.27|926.256,919.553|908.622,1189.8|919.745,1370.06|919.634,1523.06|980.321,596.348|973.154,571.169|993.94,551.419|1032.33,564.612|961.002,549.937|936.449,553.352
266|1|971.139,920.017|972.7,823.543|974.021,747.13|977.801,636.619|996.013,654.694|1075.28,671.725|1129.45,827.893|1034.06,930.487|990.817,894.064|949.768,839.598|996.569,876.286|958.146,655.637|884.442,669.845|774.589,728.465|873.791,754.346|932.737,714.767|996.692,717.241|956.21,749.076|1020.89,920.666|1061.08,1190.78|1035.62,1345.65|1050.89,1505.5|926.237,919.568|908.83,1189.92|920.055,1369.3|920.086,1522.08|980.203,596.349|971.489,571.076|992.309,551.107|1031.73,563.937|959.374,550.05|935.844,553.919
267|1|971.139,920.017|972.7,823.543|974.021,747.13|977.801,636.619|996.013,654.694|1075.28,671.725|1129.45,827.893|1034.06,930.487|990.817,894.064|949.768,839.598|996.569,876.286|958.146,655.637|884.442,669.845|774.589,728.465|873.791,754.346|932.737,714.767|996.692,717.241|956.21,749.076|1020.89,920.666|1061.08,1190.78|1035.62,1345.65|1050.89,1505.5|926.237,919.568|908.83,1189.92|920.055,1369.3|920.086,1522.08|980.203,596.349|971.489,571.076|992.309,551.107|1031.73,563.937|959.374,550.05|935.844,553.919
268|1|973.349,918.531|973.989,822.236|974.585,746.592|978.317,635.439|996.65,653.57|1076.3,671.133|1130.43,829.188|1033.29,932.238|989.381,895.018|948.165,839.766|988.049,874.343|958.545,654.633|884.447,669.631|773.48,729.063|871.752,755.18|935.831,713.326|1001.78,722.136|956.115,748.926|1023.24,918.898|1064.07,1189.57|1039.91,1341.72|1055.73,1501.81|928.361,918.338|912.032,1189.97|925.041,1361.96|925.676,1513.57|980.753,594.908|973.993,574.359|984.444,548.166|1018.89,546.617|952.848,558.474|923.887,570.027
269|1|972.495,919.968|973.196,823.127|973.868,747.528|978.313,635.993|996.97,654.257|1078.47,671.57|1132.22,832.991|1032.07,936.331|988.191,896.838|947.138,839.227|989.042,875.742|957.964,655.297|881.951,669.79|767.758,728.843|871.086,753.38|948.528,718.847|987.791,725.154|960.056,745.393|1023.06,920.333|1067.37,1193.19|1041.12,1340.52|1057.94,1502.28|926.899,919.781|911.716,1194.25|925.393,1356.73|926.008,1509.04|981.057,595.329|970.286,575.86|984.293,549.265|1023.58,548.871|951.013,557.49|924.73,565.575
270|1|972.553,919.954|973.293,823.116|973.999,747.52|978.632,635.999|997.255,654.281|1078.71,671.666|1132.21,833.004|1032.29,936.39|988.547,897.025|947.516,839.472|990.59,876.347|958.252,655.282|882.231,669.685|768.259,728.451|872.08,753.317|949.824,719.509|989.812,725.786|961.516,745.951|1023.11,920.33|1067.52,1193.26|1041.06,1339.98|1057.85,1501.52|926.957,919.756|911.805,1194.36|925.409,1355.62|926.025,1507.59|981.459,595.343|971.887,574.425|986.237,548.414|1024.94,549.664|952.812,555.952|925.751,564.438
271|1|972.554,919.954|973.294,823.117|974.001,747.52|978.637,636.001|997.259,654.283|1078.71,671.668|1132.21,833.005|1032.3,936.392|988.553,897.028|947.522,839.477|990.622,876.36|958.257,655.284|882.235,669.685|768.269,728.444|872.102,753.318|949.853,719.527|989.863,725.802|961.551,745.965|1023.12,920.33|1067.53,1193.26|1041.06,1339.96|1057.85,1501.5|926.957,919.756|911.806,1194.36|925.41,1355.6|926.026,1507.55|981.465,595.345|971.908,574.407|986.266,548.406|1024.97,549.682|952.839,555.93|925.769,564.418
272|1|972.554,919.954|973.294,823.117|974.001,747.52|978.637,636.001|997.259,654.283|1078.71,671.668|1132.21,833.005|1032.3,936.392|988.553,897.028|947.522,839.477|990.622,876.36|958.257,655.284|882.235,669.685|768.269,728.444|872.102,753.318|949.853,719.527|989.863,725.802|961.551,745.965|1023.12,920.33|1067.53,1193.26|1041.06,1339.96|1057.85,1501.5|926.957,919.756|911.806,1194.36|925.41,1355.6|926.026,1507.55|981.465,595.345|971.908,574.407|986.266,548.406|1024.97,549.682|952.839,555.93|925.769,564.418
273|1|972.554,919.954|973.295,823.116|974.001,747.52|978.639,636.001|997.26,654.283|1078.71,671.669|1132.21,833.005|1032.3,936.391|988.553,897.029|947.522,839.477|990.629,876.363|958.258,655.283|882.236,669.684|768.271,728.441|872.107,753.317|949.86,719.533|989.876,725.807|961.56,745.969|1023.12,920.33|1067.53,1193.26|1041.06,1339.96|1057.85,1501.49|926.958,919.756|911.807,1194.36|925.41,1355.59|926.026,1507.54|981.467,595.345|971.914,574.4|986.276,548.403|1024.98,549.688|952.847,555.922|925.776,564.41
274|1|973.798,917.117|974.069,822.018|974.403,748.205|978.763,637.715|997.496,655.808|1079.16,672.578|1132.18,834.108|1030.83,935.789|987.628,895.518|947.433,837.257|985.163,873.371|958.373,656.888|881.923,670.076|765.459,727.36|871.365,751.364|939.843,735.284|1001.71,733.685|948.083,731.447|1024.05,917.306|1067.49,1188.36|1042.1,1330.68|1058.67,1490.34|928.495,917.086|914.255,1189.67|928.044,1343.3|927.91,1492.71|981.448,597.48|970.844,572.426|984.954,547.139|1024.2,550.653|951.595,555.201|925.118,567.346
275|1|973.8,917.115|974.071,822.017|974.406,748.204|978.769,637.714|997.501,655.807|1079.16,672.579|1132.18,834.109|1030.83,935.787|987.63,895.515|947.435,837.253|985.215,873.378|958.378,656.887|881.929,670.072|765.472,727.341|871.393,751.348|939.892,735.278|1001.8,733.66|948.143,731.467|1024.05,917.305|1067.49,1188.36|1042.1,1330.66|1058.66,1490.32|928.497,917.084|914.258,1189.67|928.047,1343.27|927.914,1492.68|981.455,597.478|970.874,572.414|984.988,547.135|1024.22,550.667|951.627,555.185|925.135,567.327
276|1|973.8,917.115|974.071,822.017|974.406,748.204|978.769,637.714|997.501,655.807|1079.16,672.579|1132.18,834.109|1030.83,935.787|987.63,895.515|947.435,837.253|985.215,873.378|958.378,656.887|881.929,670.072|765.472,727.341|871.393,751.348|939.892,735.278|1001.8,733.66|948.143,731.467|1024.05,917.305|1067.49,1188.36|1042.1,1330.66|1058.66,1490.32|928.497,917.084|914.258,1189.67|928.047,1343.27|927.914,1492.68|981.455,597.478|970.874,572.414|984.988,547.135|1024.22,550.667|951.627,555.185|925.135,567.327
277|1|973.8,917.115|974.071,822.017|974.406,748.204|978.769,637.714|997.501,655.807|1079.16,672.579|1132.18,834.109|1030.83,935.787|987.63,895.515|947.435,837.253|985.215,873.378|958.378,656.887|881.929,670.072|765.472,727.341|871.393,751.348|939.892,735.278|1001.8,733.66|948.143,731.467|1024.05,917.305|1067.49,1188.36|1042.1,1330.66|1058.66,1490.32|928.497,917.084|914.258,1189.67|928.047,1343.27|927.914,1492.68|981.455,597.478|970.874,572.414|984.988,547.135|1024.22,550.667|951.627,555.185|925.135,567.327
278|1|973.821,917.086|974.1,821.993|974.441,748.18|978.845,637.69|997.566,655.788|1079.2,672.574|1132.19,834.076|1030.86,935.719|987.676,895.44|947.5,837.179|986.111,873.487|958.453,656.856|882.019,670.003|765.663,726.985|871.842,751.018|940.731,735.166|1003.34,733.198|949.192,731.876|1024.07,917.279|1067.52,1188.3|1042.06,1330.34|1058.61,1489.89|928.524,917.051|914.319,1189.61|928.1,1342.82|927.986,1492.09|981.549,597.453|971.107,572.034|985.356,546.919|1024.56,550.876|951.966,554.777|925.418,566.997
