1|1|1020.45,867.216|1001.84,783.437|989.456,724.309|980.476,635.425|996.674,650.273|1058.56,668.28|1123.55,782.647|1168.17,860.873|1176.17,911.982|1196.93,936.431|1125.38,849.282|966.784,648.692|911.101,651.777|832.635,723.771|879.042,730.027|905.146,728.349|968.133,756.932|944.633,729.687|1069.59,865.229|1184.13,971.126|1241.73,1349.91|1345.21,1530.67|975.175,869.177|1020.43,987.492|1075.1,1388.33|1118.22,1572.08|978.822,602.141|976.727,567.497|982.757,553.552|1005.93,565.323|960.055,560.851|935.487,584.283
2|1|995.85,917.187|985.581,819.402|979.384,748.521|981.818,636.631|998.891,655.136|1070.31,671.677|1135.17,815.165|1115.11,902.529|1073.31,877.99|1110.03,894.62|1054.36,860.182|963.914,653.567|897.984,658.749|797.414,724.088|874.639,730.709|908.931,740.094|986.293,758.033|944.535,728.096|1054.67,915.965|1182.81,993.568|1205.44,1480.19|1309.06,1742.98|942.267,918.494|946.667,951.19|958.338,1421.09|963.564,1650.88|983.243,595.753|977.914,570.475|990.964,551.542|1022.45,559.581|962.895,555.703|938.332,566.37
3|1|989.308,931.417|983.53,827.432|980.21,753.169|984.122,635.982|1001.96,655.463|1077.7,674.206|1135.14,834.295|1114.11,901.948|1046.97,906.253|1086.19,914.491|1058.89,866.227|965.005,653.426|895.129,660.18|780.943,727.369|873.049,727.312|913.5,742.022|998.161,753.674|944.336,724.696|1053.45,931.732|1172.21,1014.99|1181.58,1570.36|1281.91,1932.83|931.188,931.36|891.988,968.916|898.265,1490.93|874.804,1779.92|986.028,593.326|983.626,570.585|992.378,547.993|1021.17,549.533|963.86,556.907|934.515,570.016
4|1|989.302,931.444|983.516,827.443|980.192,753.166|984.101,635.957|1001.95,655.443|1077.7,674.227|1135.12,834.318|1114.26,902.376|1047.18,906.923|1086.41,914.865|1059.15,866.764|964.983,653.402|895.108,660.16|780.96,727.361|873.178,727.339|913.696,742.073|998.39,753.705|944.498,724.702|1053.45,931.761|1171.9,1015.04|1181.37,1570.68|1281.47,1933.38|931.176,931.386|891.543,969.066|897.826,1491.33|873.948,1780.51|986.009,593.294|983.31,570.455|992.645,548.034|1021.93,550.122|963.944,556.441|934.902,569.064
5|1|989.301,931.446|983.515,827.444|980.19,753.167|984.099,635.957|1001.94,655.443|1077.7,674.228|1135.12,834.319|1114.27,902.397|1047.19,906.955|1086.42,914.882|1059.16,866.789|964.98,653.402|895.106,660.16|780.959,727.361|873.181,727.34|913.702,742.075|998.397,753.706|944.501,724.702|1053.44,931.762|1171.88,1015.04|1181.36,1570.7|1281.45,1933.4|931.175,931.387|891.522,969.072|897.807,1491.35|873.91,1780.54|986.007,593.293|983.292,570.453|992.654,548.039|1021.96,550.15|963.945,556.423|934.919,569.022
6|1|989.301,931.446|983.515,827.444|980.19,753.167|984.099,635.957|1001.94,655.443|1077.7,674.228|1135.12,834.319|1114.27,902.397|1047.19,906.955|1086.42,914.882|1059.16,866.789|964.98,653.402|895.106,660.16|780.959,727.361|873.181,727.34|913.702,742.075|998.397,753.706|944.501,724.702|1053.44,931.762|1171.88,1015.04|1181.36,1570.7|1281.45,1933.4|931.175,931.387|891.522,969.072|897.807,1491.35|873.91,1780.54|986.007,593.293|983.292,570.453|992.654,548.039|1021.96,550.15|963.945,556.423|934.919,569.022
7|1|989.301,931.446|983.515,827.444|980.19,753.167|984.099,635.957|1001.94,655.443|1077.7,674.228|1135.12,834.319|1114.27,902.397|1047.19,906.955|1086.42,914.882|1059.16,866.789|964.98,653.402|895.106,660.16|780.959,727.361|873.181,727.34|913.702,742.075|998.397,753.706|944.501,724.702|1053.44,931.762|1171.88,1015.04|1181.36,1570.7|1281.45,1933.4|931.175,931.387|891.522,969.072|897.807,1491.35|873.91,1780.54|986.007,593.293|983.292,570.453|992.654,548.039|1021.96,550.15|963.945,556.423|934.919,569.022
8|1|989.301,931.446|983.515,827.444|980.19,753.167|984.099,635.957|1001.94,655.443|1077.7,674.228|1135.12,834.319|1114.27,902.397|1047.19,906.955|1086.42,914.882|1059.16,866.789|964.98,653.402|895.106,660.16|780.959,727.361|873.181,727.34|913.702,742.075|998.397,753.706|944.501,724.702|1053.44,931.762|1171.88,1015.04|1181.36,1570.7|1281.45,1933.4|931.175,931.387|891.522,969.072|897.807,1491.35|873.91,1780.54|986.007,593.293|983.292,570.453|992.654,548.039|1021.96,550.15|963.945,556.423|934.919,569.022
9|1|989.301,931.446|983.515,827.444|980.19,753.167|984.099,635.957|1001.94,655.443|1077.7,674.228|1135.12,834.319|1114.27,902.397|1047.19,906.955|1086.42,914.882|1059.16,866.789|964.98,653.402|895.106,660.16|780.959,727.361|873.181,727.34|913.702,742.075|998.397,753.706|944.501,724.702|1053.44,931.762|1171.88,1015.04|1181.36,1570.7|1281.45,1933.4|931.175,931.387|891.522,969.072|897.807,1491.35|873.91,1780.54|986.007,593.293|983.292,570.453|992.654,548.039|1021.96,550.15|963.945,556.423|934.919,569.022
10|1|985.935,932.96|981.442,827.403|978.622,754.793|982.932,638.726|1001.26,658.164|1079.96,677.037|1135.4,842.763|1123.14,907.472|1056.05,908.408|1087.49,915.995|1057.8,866.017|963.203,655.537|891.147,660.973|772.455,725.989|866.693,725.798|922.116,748.294|1001.9,741.796|944.751,725.11|1054.45,932.448|1154.14,1045.32|1170,1687.18|0,0|924.071,933.683|843.688,1007.71|858.282,1594.38|811.633,1978.74|985.046,596.49|977.831,572.099|993.553,551.447|1028.96,559.587|962.927,554.655|938.18,562.722
11|1|985.922,932.969|981.426,827.391|978.605,754.763|982.919,638.67|1001.25,658.114|1079.96,677.02|1135.34,842.781|1123.12,907.651|1056.04,908.588|1087.42,916.106|1057.73,866.087|963.187,655.485|891.12,660.92|772.398,725.948|866.653,725.797|922.086,748.319|1002.43,742.161|944.725,725.113|1054.45,932.457|1153.65,1045.11|1169.91,1687.87|0,0|924.047,933.693|843.29,1007.66|857.578,1595.24|810.219,1980.22|985.035,596.425|977.578,571.916|993.419,551.319|1029.02,559.605|962.782,554.463|938.247,562.553
12|1|985.921,932.971|981.426,827.391|978.604,754.763|982.918,638.669|1001.25,658.112|1079.96,677.02|1135.33,842.783|1123.12,907.657|1056.04,908.594|1087.42,916.111|1057.73,866.09|963.186,655.483|891.118,660.918|772.396,725.947|866.651,725.799|922.084,748.322|1002.45,742.177|944.723,725.115|1054.45,932.458|1153.63,1045.1|1169.9,1687.9|0,0|924.046,933.695|843.275,1007.66|857.551,1595.28|810.164,1980.28|985.034,596.423|977.574,571.914|993.414,551.316|1029.02,559.599|962.777,554.462|938.244,562.554
13|1|985.921,932.971|981.426,827.391|978.604,754.763|982.918,638.669|1001.25,658.112|1079.96,677.02|1135.33,842.783|1123.12,907.657|1056.04,908.594|1087.42,916.111|1057.73,866.09|963.186,655.483|891.118,660.918|772.396,725.947|866.651,725.799|922.084,748.322|1002.45,742.177|944.723,725.115|1054.45,932.458|1153.63,1045.1|1169.9,1687.9|0,0|924.046,933.695|843.275,1007.66|857.551,1595.28|810.164,1980.28|985.034,596.423|977.574,571.914|993.414,551.316|1029.02,559.599|962.777,554.462|938.244,562.554
14|1|985.886,932.998|981.376,827.397|978.546,754.748|982.849,638.613|1001.18,658.064|1079.92,677.039|1135.17,842.762|1123.1,908.23|1056.03,909.06|1087.6,917.106|1058.34,867.564|963.116,655.433|891.042,660.874|772.326,725.937|866.668,725.87|922.122,748.438|1003.19,742.795|944.78,725.208|1054.42,932.481|1153.09,1044.87|1169.84,1688.61|0,0|924.001,933.726|842.863,1007.63|856.814,1596.25|808.68,1981.92|984.964,596.353|977.243,571.871|993.143,551.257|1028.94,559.511|962.5,554.414|938.164,562.492
15|1|985.885,933|981.375,827.398|978.545,754.747|982.85,638.61|1001.18,658.062|1079.92,677.039|1135.15,842.777|1123.07,908.192|1055.98,909.003|1087.56,917.084|1058.3,867.544|963.116,655.43|891.042,660.871|772.324,725.935|866.666,725.87|922.119,748.438|1003.23,742.819|944.779,725.205|1054.42,932.483|1153.06,1044.86|1169.83,1688.64|0,0|924,933.727|842.84,1007.63|856.772,1596.3|808.596,1982|984.965,596.351|977.232,571.869|993.137,551.255|1028.94,559.512|962.494,554.409|938.168,562.485
16|1|985.885,933|981.375,827.398|978.545,754.747|982.85,638.61|1001.18,658.062|1079.92,677.039|1135.15,842.777|1123.07,908.192|1055.98,909.003|1087.56,917.084|1058.3,867.544|963.116,655.43|891.042,660.871|772.324,725.935|866.666,725.87|922.119,748.438|1003.23,742.819|944.779,725.205|1054.42,932.483|1153.06,1044.86|1169.83,1688.64|0,0|924,933.727|842.84,1007.63|856.772,1596.3|808.596,1982|984.965,596.351|977.232,571.869|993.137,551.255|1028.94,559.512|962.494,554.409|938.168,562.485
17|1|985.884,933.002|981.374,827.397|978.543,754.744|982.847,638.604|1001.18,658.056|1079.91,677.035|1135.15,842.772|1123.08,908.217|1056,909.035|1087.57,917.1|1058.31,867.556|963.113,655.425|891.038,660.867|772.318,725.935|866.664,725.875|922.117,748.446|1003.28,742.866|944.778,725.209|1054.42,932.484|1153.02,1044.84|1169.82,1688.71|0,0|923.998,933.729|842.804,1007.63|856.708,1596.38|808.465,1982.14|984.962,596.343|977.207,571.863|993.116,551.248|1028.93,559.501|962.473,554.404|938.163,562.479
18|1|985.884,933.002|981.374,827.397|978.543,754.744|982.847,638.604|1001.18,658.056|1079.91,677.035|1135.15,842.771|1123.08,908.218|1056,909.036|1087.57,917.102|1058.31,867.558|963.113,655.424|891.038,660.867|772.318,725.935|866.664,725.875|922.117,748.446|1003.28,742.866|944.778,725.209|1054.42,932.484|1153.02,1044.84|1169.82,1688.71|0,0|923.998,933.729|842.803,1007.63|856.707,1596.38|808.463,1982.14|984.962,596.343|977.207,571.863|993.116,551.248|1028.93,559.501|962.472,554.404|938.163,562.479
19|1|985.884,933.002|981.373,827.397|978.543,754.744|982.846,638.603|1001.18,658.055|1079.91,677.035|1135.15,842.771|1123.08,908.218|1056,909.036|1087.57,917.103|1058.31,867.56|963.113,655.424|891.038,660.867|772.318,725.935|866.664,725.875|922.117,748.446|1003.28,742.867|944.778,725.209|1054.42,932.484|1153.02,1044.84|1169.82,1688.71|0,0|923.998,933.729|842.802,1007.63|856.705,1596.39|808.46,1982.15|984.962,596.343|977.206,571.863|993.115,551.247|1028.93,559.5|962.472,554.404|938.163,562.479
20|1|985.884,933.002|981.373,827.397|978.543,754.744|982.846,638.603|1001.18,658.055|1079.91,677.035|1135.15,842.771|1123.08,908.218|1056,909.036|1087.57,917.103|1058.31,867.56|963.113,655.424|891.038,660.867|772.318,725.935|866.664,725.875|922.117,748.446|1003.28,742.867|944.778,725.209|1054.42,932.484|1153.02,1044.84|1169.82,1688.71|0,0|923.998,933.729|842.802,1007.63|856.705,1596.39|808.46,1982.15|984.962,596.343|977.206,571.863|993.115,551.247|1028.93,559.5|962.472,554.404|938.163,562.479
21|1|985.884,933.002|981.373,827.397|978.543,754.744|982.846,638.603|1001.18,658.055|1079.91,677.035|1135.15,842.771|1123.08,908.218|1056,909.036|1087.57,917.103|1058.31,867.56|963.113,655.424|891.038,660.867|772.318,725.935|866.664,725.875|922.117,748.446|1003.28,742.867|944.778,725.209|1054.42,932.484|1153.02,1044.84|1169.82,1688.71|0,0|923.998,933.729|842.802,1007.63|856.705,1596.39|808.46,1982.15|984.962,596.343|977.206,571.863|993.115,551.247|1028.93,559.5|962.472,554.404|938.163,562.479
22|1|985.884,933.002|981.373,827.397|978.543,754.744|982.846,638.603|1001.18,658.055|1079.91,677.035|1135.15,842.771|1123.08,908.218|1056,909.036|1087.57,917.103|1058.31,867.56|963.113,655.424|891.038,660.867|772.318,725.935|866.664,725.875|922.117,748.446|1003.28,742.867|944.778,725.209|1054.42,932.484|1153.02,1044.84|1169.82,1688.71|0,0|923.998,933.729|842.802,1007.63|856.705,1596.39|808.46,1982.15|984.962,596.343|977.206,571.863|993.115,551.247|1028.93,559.5|962.472,554.404|938.163,562.479
23|1|985.884,933.002|981.373,827.397|978.543,754.744|982.846,638.603|1001.18,658.055|1079.91,677.035|1135.15,842.771|1123.08,908.218|1056,909.036|1087.57,917.103|1058.31,867.56|963.113,655.424|891.038,660.867|772.318,725.935|866.664,725.875|922.117,748.446|1003.28,742.867|944.778,725.209|1054.42,932.484|1153.02,1044.84|1169.82,1688.71|0,0|923.998,933.729|842.802,1007.63|856.705,1596.39|808.46,1982.15|984.962,596.343|977.206,571.863|993.115,551.247|1028.93,559.5|962.472,554.404|938.163,562.479
24|1|985.884,933.002|981.373,827.397|978.543,754.744|982.846,638.603|1001.18,658.055|1079.91,677.035|1135.15,842.771|1123.08,908.22|1056,909.037|1087.57,917.107|1058.31,867.567|963.113,655.424|891.038,660.866|772.318,725.935|866.664,725.875|922.118,748.446|1003.29,742.868|944.78,725.208|1054.42,932.484|1153.01,1044.84|1169.82,1688.72|0,0|923.997,933.729|842.8,1007.63|856.702,1596.39|808.453,1982.15|984.962,596.342|977.205,571.863|993.114,551.247|1028.93,559.5|962.471,554.404|938.162,562.479
25|1|985.884,933.002|981.373,827.397|978.543,754.744|982.846,638.603|1001.18,658.055|1079.91,677.035|1135.15,842.771|1123.08,908.22|1056,909.037|1087.57,917.107|1058.31,867.567|963.113,655.424|891.038,660.866|772.318,725.935|866.664,725.875|922.118,748.446|1003.29,742.868|944.78,725.208|1054.42,932.484|1153.01,1044.84|1169.82,1688.72|0,0|923.997,933.729|842.8,1007.63|856.702,1596.39|808.453,1982.15|984.962,596.342|977.205,571.863|993.114,551.247|1028.93,559.5|962.471,554.404|938.162,562.479
26|1|983.269,926.153|980.313,823.186|978.363,754.015|984.008,638.689|1002.33,658.107|1080.59,678.798|1131.95,840.457|1089.72,920.566|1022.35,923.716|1021.06,933.774|1066.9,877.958|963.902,655.203|891.527,660.11|771.283,723.294|866.334,720.879|927.596,749.654|1003.58,738.204|947.668,721.137|1053.51,925.071|1134.91,1065.14|1153.2,1768.79|0,0|920.035,927.4|820.114,1024.36|827.807,1662.62|761.405,2112.69|986.501,596.694|977.557,567.696|989.853,546.399|1024.96,553.478|959.859,553.823|935.012,569.712
27|1|983.267,926.164|980.312,823.198|978.363,754.029|984.014,638.702|1002.34,658.122|1080.59,678.836|1131.89,840.478|1089.72,920.681|1022.36,923.823|1021.02,933.808|1066.86,877.994|963.906,655.215|891.533,660.114|771.292,723.287|866.35,720.883|927.61,749.654|1003.65,738.243|947.679,721.123|1053.51,925.084|1134.84,1065.09|1153.17,1768.86|0,0|920.034,927.408|820.087,1024.29|827.651,1662.74|761.096,2112.88|986.51,596.707|977.454,567.818|990.006,546.568|1025.31,553.794|959.949,553.764|935.245,569.323
28|1|983.267,926.164|980.312,823.198|978.363,754.029|984.014,638.702|1002.34,658.122|1080.59,678.836|1131.89,840.478|1089.72,920.681|1022.36,923.823|1021.02,933.808|1066.86,877.994|963.906,655.215|891.533,660.114|771.292,723.287|866.35,720.883|927.61,749.654|1003.65,738.243|947.679,721.123|1053.51,925.084|1134.84,1065.09|1153.17,1768.86|0,0|920.034,927.408|820.087,1024.29|827.651,1662.74|761.096,2112.88|986.51,596.707|977.454,567.818|990.006,546.568|1025.31,553.794|959.949,553.764|935.245,569.323
29|1|980.662,917.121|979.379,816.177|978.546,750.979|985.066,639.043|1003.53,658.12|1083.59,679.638|1137.67,849.003|1119.06,936.423|1049.78,945.955|1033.47,957.919|1073.51,892.075|964.561,654.664|890.859,658.064|769.145,723.776|866.046,715.863|930.433,746.341|1003.61,729.976|947.475,715.786|1053.52,916.618|1130.53,1068.15|1156.15,1843.64|0,0|915.174,917.865|804.546,1043.73|801.155,1756.45|0,0|987.88,598.149|975.775,570.228|991.732,549.422|1030.61,558.478|960.822,554.056|939.033,566.022
30|1|980.64,917.304|979.312,816.258|978.452,750.992|984.891,638.905|1003.38,658.011|1083.57,679.68|1137.67,848.397|1120.36,938.732|1051.48,948.278|1033.82,958.161|1073.87,891.904|964.382,654.543|890.645,657.926|768.901,723.467|866.38,715.663|931.164,745.982|1005.26,730.261|958.327,718.177|1053.58,916.801|1130.11,1066.01|1158.16,1847.25|0,0|915.076,918.047|804.381,1042.06|797.18,1761.93|0,0|987.69,597.963|975.139,571.241|991.75,550.345|1031.19,559.169|960.717,554.395|939.456,564.83
31|1|980.679,916.137|979.312,814.965|978.424,749.676|984.885,636.579|1003.53,655.798|1083.88,678.34|1135.97,845.292|1105.18,926.435|1039.79,952.091|1041.37,975.138|1081.71,901.946|964.224,652.407|889.987,656.18|767.479,720.704|868.11,712.995|934.626,746.608|1005.61,727.792|952.915,716.901|1054.36,915.516|1126.42,1069.69|1153.66,1880.67|0,0|914.452,916.991|800.404,1038.16|783.053,1784.07|0,0|987.668,595.294|973.621,573.026|992.421,551.747|1033.77,559.555|960.922,553.782|941.365,558.715
32|1|979.954,914.978|978.738,815.277|977.962,751.846|985.134,639.121|1003.86,658.361|1085.08,678.96|1141.41,842.207|1101.13,925.607|1031.77,930.297|983.807,944.561|1073.51,899.278|964.187,654.74|889.088,657.37|764.605,718.689|867.234,707.362|938.007,743.659|1003.81,711.915|950.266,717.433|1055.09,914.406|1125.95,1069.73|1151.71,1923.14|0,0|912.422,915.802|793.169,1026.64|767.223,1806.78|0,0|988.144,597.972|979.424,568.678|989.947,546.068|1024.59,551.155|959.731,555.689|933.53,573.836
33|1|966.044,904.747|972.338,815.39|976.453,758.774|983.811,642.471|1002.68,662.479|1084.45,685.8|1134.96,847.595|1083.91,922.499|1019.73,898.579|997.606,892.974|1045.24,886.456|962.619,658.415|887.787,660.239|757.704,723.362|862.179,703.225|936.796,740.068|997.255,712.006|943.969,716.215|1041.98,916.885|1124.94,1063.15|1130.82,1954.95|0,0|897.752,894.146|801.296,834.04|575.788,1315.94|289.633,1192.69|987.037,600.222|975.478,570.009|992.426,549.298|1032.03,560.471|960.465,553.261|937.661,565.943
34|1|965.503,904.41|971.825,814.69|975.959,757.836|983.447,641.414|1002.31,661.487|1084.06,685.376|1132.31,847.544|1080.9,920.763|1017.19,896.248|994.767,889.158|1038.8,880.803|962.224,657.332|887.395,658.878|757.067,720.174|862.583,700.048|938.169,735.528|996.416,705.784|945.608,711.609|1041.47,916.562|1124.05,1063.24|1129.95,1957.35|0,0|897.174,893.794|798.178,837.437|567.642,1339.63|269.788,1237.11|986.739,599.121|975.019,569.973|992.443,549.156|1032.35,560.069|960.378,552.658|937.839,564.045
35|1|965.49,904.388|971.82,814.619|975.958,757.749|983.459,641.346|1002.32,661.422|1084.07,685.287|1132.15,848.332|1080.62,920.728|1016.77,895.955|994.309,889.426|1038.45,881.253|962.232,657.254|887.413,658.739|757.112,719.607|862.895,699.307|938.652,734.46|996.583,704.639|946.157,710.298|1041.47,916.549|1124.02,1063.34|1129.87,1957.97|0,0|897.15,893.765|797.876,837.791|566.718,1342.26|267.61,1241.86|986.758,599.059|975.161,569.971|992.478,549.096|1032.27,559.88|960.416,552.685|937.742,564.113
36|1|970.943,913.669|974.698,820.108|977.509,759.467|983.962,640.514|1003.04,661.197|1086.19,683.167|1137.98,859.56|1104.01,933.383|1032.94,919.562|1005.99,928.332|1052.71,893.317|962.76,656.608|888.712,654.801|756.023,702.084|870.025,680.086|947.777,705.94|1002.17,677.881|953.905,685.928|1047.37,925.488|1139.4,1047.33|1161.68,1947.55|0,0|902.012,903.327|794.951,833.458|531.828,1256.85|250.402,1033.86|987.177,597.43|972.913,570.603|991.154,548.919|1033.19,558.244|958.758,552.412|937.973,561.857
37|1|975.677,910.675|979.03,818.065|981.723,757.126|988.972,636.169|1007.97,657.128|1090.33,680.837|1137.28,858.674|1105.94,959.103|1042.05,938.236|1007.22,920.689|1052.31,893.027|967.627,652.702|893.631,655.139|782.236,747.676|851.962,710.677|941.472,714.516|997.192,677.396|951.449,686.872|1051.77,922.218|1170.11,1013.14|1172.7,1852.29|0,0|907.097,900.585|811.319,804.488|649.921,1443.13|403.648,1585.34|992.373,592.382|975.61,573.098|991.668,548.209|1034.55,549.344|959.587,554.803|939.662,561.551
38|1|984.006,929.387|981.058,831.581|979.86,764.54|988.077,635.285|1006.82,657.331|1084.74,681.744|1140.64,862.744|1093.48,918.781|1014.48,928.796|1013.4,966.591|1056.59,896.752|966.691,653.839|894.647,656.779|758.651,695.273|866.716,662.943|909.791,677.704|1002.96,654.776|938.091,673.136|1057.21,934.699|1171.24,962.874|1204.05,1688.89|0,0|917.752,924.873|825.304,829.593|747.379,1464|586.696,1705.08|991.63,588.624|982.297,574.243|991.525,546.377|1026.75,538.953|960.741,558.504|933.837,567.404
39|1|968.337,953.561|973.467,845.393|977,770.728|983.7,638.419|1002.85,660.344|1082.01,684.06|1143.95,863.498|1085.98,906.484|1009.17,925.154|1013.84,971.521|1055.29,895.79|962.492,658.304|888.316,666.561|754.99,694.312|864.435,657.141|918.103,678|997.183,668.408|937.215,658.172|1040.59,958.195|1144.9,961.234|1147.6,1640.01|1263.55,2119.17|903.517,949.692|815.146,860.279|745.248,1479.96|609.553,1743.53|986.232,590.646|974.393,573.951|992.751,549.697|1033.8,552.647|959.594,552.664|936.516,553.725
40|1|970.519,958.259|972.668,848.058|974.353,770.603|983.676,637.061|1002.24,659.896|1081.83,687.344|1146.86,864.537|1084.79,913.546|1008.18,926.056|1013.48,969.717|1055.4,895.434|962.102,656.764|888.703,665.217|759.472,689.206|857.196,643.349|929.651,660.634|1003.93,632.966|938.849,637.005|1041.09,961.343|1136.43,946.404|1137.7,1575.49|1238.57,2001.7|907.005,955.761|809.307,875.169|766.379,1467.07|661.018,1756.3|987.556,588.768|972.4,580.427|991.326,554.231|1034.89,551.38|957.989,557.306|937.218,552.117
41|1|970.95,958.574|973.153,847.462|974.905,769.432|984.586,635.257|1003.18,658.267|1083.53,684.958|1167.59,853.463|1104.23,896.677|1027.49,917.861|1029.39,971.749|1067.33,893.815|962.855,654.991|889.147,662.725|759.665,684.687|859.676,639.381|934.01,656.683|1004.6,626.377|943.347,633.623|1041.92,961.855|1140.61,948.012|1137.18,1577.91|1235.87,2017.99|907.076,955.901|808.464,881.351|772.929,1477.76|674.763,1789.57|988.634,586.728|970.758,573.424|990.472,548.146|1036.06,548.723|957.089,551.135|938.453,549.511
42|1|971.087,961.368|973.899,850.106|975.996,772.32|986.018,638.578|1004.55,661.518|1084.45,684.646|1182.73,833.967|1104.97,866.952|1032.08,903.483|1035.47,971.772|1071.45,889.295|964.282,658.173|890.884,665.757|767.446,693.167|865.731,645.832|938.002,658.751|1003.02,625.013|942.404,637.407|1042.14,964.824|1147.35,940.039|1136.96,1558.88|1229.29,1993.19|907.198,958.541|806.432,889.622|774.517,1485.4|690.778,1816.06|990.086,590.249|971.295,563.45|991.022,541.215|1036.87,550.492|958.053,544.682|940.381,553.784
43|1|969.833,971.453|975.16,856.352|979.116,774.063|990.437,642.242|1008.89,665.005|1091.6,689.316|1182.08,830.017|1124.98,847.269|1049.08,885.525|1043.56,963.647|1075.64,884.405|968.42,660.966|892.552,665.273|784.838,726.261|871.832,682.318|938.937,670.525|999.911,620.212|938.868,637.107|1042.41,976.768|1154.08,953.388|1134.16,1592.22|1233.01,2056.56|904.683,966.974|811.304,921.328|765.876,1553.19|659.241,1933.91|994.916,594.746|973.774,564.154|994.186,543.073|1041.57,555.069|961.519,546.406|946.033,558.291
44|1|960.874,997.505|967.233,869.98|972.201,776|982.369,638.031|1001.21,661.802|1085.73,687.407|1206.34,815.141|1112.03,815.924|1048.01,869.952|1048.15,962.069|1077.18,880.636|960.113,658.568|884.289,664.474|746.944,681.116|901.224,625.843|898.161,613.921|977.981,575.687|924.203,604.555|1029.76,1002.49|1130.86,985.464|1113.71,1565.58|1200.62,1922.31|898.92,993.285|828.509,969.628|794.655,1555.26|715.368,1870.92|986.955,588.099|973.438,573.879|994.832,549.082|1038.98,552.528|960.047,549.74|937.917,546.229
45|1|954.308,951.909|964.557,855.921|974.241,773.357|984.866,643.105|963.4,662.267|886.157,678.813|800.468,799.284|841.553,835.747|843.321,843.599|871.974,871.918|881.799,859.295|1002.74,666.776|1078.32,692.551|1143.03,867.504|1114.94,932.771|1121.87,959.707|1087.36,986.824|1083.92,927.95|902.41,941.883|889.634,1029.63|870.083,1252.87|875.762,1266.01|1001.85,961.25|1014.38,1060.73|983.176,1299.9|992.924,1322.97|990.011,595.19|963.196,549.693|984.403,535.964|1003.89,536.363|989.866,558.165|1030.81,609.411
46|1|925.489,970.154|947.847,850.959|964.52,762.756|980.198,631.01|997.421,654.627|1078.82,680.942|1174.64,794.598|1070.02,769.521|1039.67,748.623|955.469,766.976|965.421,762.535|957.849,649.917|884.219,654.874|762.539,669.686|865.818,628.492|936.098,598.104|962.491,565.577|933.145,601.467|989.287,984.235|1069.78,1012.6|984.977,1468.47|989.244,1783.46|868.33,957.774|769.73,913.63|709.496,1404.36|623.961,1657.68|986.494,583.118|987.621,575.073|1007.14,551.234|1040.25,552.888|973.515,549.643|942.044,539.82
47|1|924.914,966.62|947.404,847.765|964.187,759.598|979.76,627.959|997.009,651.552|1078.34,678.632|1173.86,793.841|1071.23,767.658|1040.55,748.163|956.934,767.377|966.876,762.455|957.416,646.899|883.684,653.119|760.242,668.279|862.459,625.894|936.314,593.751|979.712,554.777|938.264,599.866|988.544,980.69|1060.96,1017.94|980.588,1472.88|983.821,1789.7|867.907,954.251|729.356,926.104|674.783,1419.1|575.582,1673.7|986.017,580.057|983.563,576.72|1000.62,549.706|1035.62,544.007|966.909,552.292|936.331,542.837
48|1|925.38,954.134|950.795,838.4|966.814,756.748|981.015,628.547|998.539,651.459|1080.66,679.222|1183.52,797.007|1088.39,800.83|1054.13,770.257|973.999,765.145|988.174,767.119|958.702,647.827|881.653,657.452|751.5,667.063|851.955,627.33|914.496,592.898|991.461,551.396|925.902,615.732|980.963,968.466|999.436,1042.05|931.682,1419.73|945.285,1629.87|875.891,941.553|739.9,961.424|670.99,1360.1|555.946,1501.57|987.014,581.656|983.548,554.475|1000.92,532.145|1037,542.653|966.782,534.544|936.547,542.723
49|1|924.112,947.999|950.97,834.465|966.409,754.298|980.174,626.625|997.826,649.19|1080.57,673.436|1182.64,823.847|1128.87,847.263|1102.82,830.553|1047.47,806.014|1056.94,801.197|957.752,646.26|878.979,654.269|753.497,658.825|858.918,618.751|921.29,589.068|986.234,550.01|934.008,610.733|978.366,963.965|961.18,1076.36|896.265,1381.54|885.069,1595.03|876.126,934.05|717.628,963.945|685.615,1294.15|571.785,1441.42|986.414,579.886|983.097,543.644|1000.75,523.473|1037.11,540.35|966.258,525.559|935.629,540.258
50|1|922.722,942.373|951.911,831.066|967.259,752.344|981.616,624.93|999.296,647.637|1081.6,673.126|1177.23,827.915|1141.99,890.882|1101.53,852.73|1062.61,815.983|1078.65,818.56|958.999,644.409|879.436,651.546|757.226,655.16|856.16,619.584|914.822,568.081|990.196,545.662|955.255,616.219|975.689,960.604|934.329,1088.87|876.924,1354.28|845.57,1565.17|876.201,926.525|722.294,976.223|707.59,1266.08|600.111,1417.9|987.946,578.238|978.505,574.136|999.078,546.986|1040.75,543.352|963.772,547.848|937.948,536.851
51|1|919.141,940.161|951.084,830.065|967.244,751.987|982.46,624.645|1000.08,647.539|1082.21,674.076|1168.73,834.687|1136.07,917.124|1103.7,868.805|1068.51,820.13|1086.05,827.708|959.642,643.945|879.608,649.35|761.864,650.867|859.231,614.875|918.148,565.156|976.988,562.156|947.977,591.656|971.198,960.399|924.343,1084.89|864.721,1332.68|822.724,1541.49|873.621,922.626|748.769,981.074|729.268,1249.82|627.016,1403.34|989.021,577.961|975.559,577.174|995.72,548.593|1040.03,541.249|960.401,550.884|936.987,538.726
52|1|918.598,941.449|950.979,831.22|966.778,752.437|982.169,624.748|999.837,647.8|1082.35,674.421|1165.12,837.651|1133.88,927.421|1107.27,882.363|1065.88,824.1|1086.87,829.884|959.276,644|879.097,649.663|763.82,650.604|853.63,613.73|910.801,564.664|960.287,554.856|943.56,596.509|970.336,962.372|895.944,1089.62|852.456,1335.05|801.943,1543.25|873.524,923.38|713.646,981.281|711.327,1246.28|612.377,1402.78|988.675,577.925|977.074,582.01|994.845,551.339|1037.33,538.22|959.623,556.135|933.814,542.742
53|1|918.567,941.328|951.302,831.533|967.328,753.621|983.005,626.435|1000.65,649.531|1083.31,675.912|1156.22,843.655|1117.28,936.96|1100.83,893.716|1065.72,826.191|1086.8,832.059|960.066,645.512|879.738,649.62|761.184,649.622|845.113,613.195|899.014,567.984|956.161,554.567|928.273,602.126|970.234,962.307|896.788,1081.02|850.816,1318.89|800.746,1525.25|873.497,923.189|724.914,967.739|719.972,1226.06|617.735,1375.29|989.501,579.797|973.304,579.865|994.119,551.187|1040.44,543.465|958.78,553.246|937.492,540.21
54|1|919.465,940.26|951.534,830.635|967.511,753.04|983.666,626.885|1001.21,649.978|1083.79,675.94|1150.13,845.767|1103.5,941.021|1096.1,902.146|1069.75,829.104|1087.37,835.538|960.688,645.685|880.512,649.154|760.354,648.588|835.894,611.977|888.92,573.385|949.333,553.179|929.024,579.181|971.24,960.643|888.637,1069.53|855.181,1300.83|808.534,1505.26|874.215,922.608|712.065,938.809|718.212,1198.11|619.042,1344.25|990.238,580.611|970.865,586.294|989.829,555.461|1037.6,541.297|954.902,560.117|935.178,545.443
55|1|919.369,940.51|951.505,830.919|967.481,753.239|983.501,627.056|1001.05,650.174|1083.4,677.593|1140.9,850.102|1087.11,945.248|1085.96,909.258|1065.9,828.978|1085.86,835.249|960.588,645.821|880.59,649.192|759.918,646.435|831.962,607.959|878.566,569.946|935.569,551.441|909.407,592.217|971.08,960.922|894.983,1064.15|857.654,1293.21|811.1,1496.6|874.189,922.837|729.364,938.211|730.237,1195.3|630.646,1339.82|989.944,580.771|963.707,580.781|984.622,551.477|1037.07,542.124|950.15,555.117|936.441,543.684
56|1|916.499,941.762|950.979,832.936|966.946,755.214|984.128,629.857|1001.45,653.115|1084.01,679.423|1136.8,853.258|1076.87,944.767|1080.98,911.292|1069,830.684|1085.53,837.402|961.083,648.24|881.271,649.605|757.447,643.217|816.237,605.769|859.261,574.205|911.392,547.012|895.255,579.92|967.117,963.814|886.444,1038.56|847.64,1265.54|794.385,1464.96|872.537,922.765|718.731,901.59|741.493,1116.38|659.72,1251.61|990.892,583.893|965.885,579.866|985.937,550.829|1037.23,543.219|951.557,555.513|936.678,548.083
57|1|916.018,943.891|950.306,834.935|965.971,757.243|982.417,631.878|999.899,655.083|1082.77,680.436|1134.32,852.874|1073.51,951.998|1077.06,928.589|1069.46,866.052|1086.03,866.754|959.481,650.323|879.711,651.406|751.338,643.752|805.213,606.895|848.544,569.599|908.078,545.554|882.585,585.685|966.625,965.902|882.899,1044.29|847.051,1268.62|795.893,1468.82|872.075,924.932|723.604,938.337|740.116,1167.11|649.811,1308.02|988.806,585.922|968.825,578.289|988.233,549.905|1036.19,544.829|953.528,554.564|934.66,549.787
58|1|920.666,950.96|951.238,839.039|965.797,759.25|981.637,632.879|999.547,656.209|1083.89,681.434|1134.42,855.431|1076.13,962.169|1077.15,940.523|1064.75,878.11|1086.1,876.711|958.469,651.614|877.39,652.786|741.208,641.824|795.892,597.638|833.032,570.218|893.174,545.027|875.061,572.136|973.128,970.968|877.941,1061.12|858.797,1283.94|813.422,1489.18|874.944,933.685|710.364,940.421|735.79,1185.97|643.103,1333.35|987.787,586.53|969.182,578.742|989.064,550.024|1036.83,545.394|953.55,554.299|933.143,549.036
59|1|917.109,955.316|950.224,842.354|965.145,761.308|981.351,634.211|999.365,657.756|1084.61,682.555|1134.16,856.941|1078.63,965.627|1077.93,942.926|1063.38,883.148|1086.19,881.244|957.964,652.993|876.279,653.645|736.095,642.16|788.437,595.068|817.072,570.658|880.563,551.194|860.49,573.871|969.346,976.875|867.545,1038.66|854.321,1260.48|804.182,1464.21|871.822,936.788|702.078,886.906|750.607,1105.8|672.07,1243.14|987.606,587.593|966.635,572.132|988.504,545.42|1038.49,547.371|952.719,548.279|934.581,547.281
60|1|915.678,951.695|950.335,841.13|965.066,762.784|980.984,636.411|999.042,659.874|1084.3,684.016|1132.28,860.346|1072.6,970.268|1074.96,951.012|1062.34,882.011|1085.86,879.768|957.664,655.076|876.238,653.55|729.17,642.521|773.175,594.944|792.284,570.121|869.909,544.198|853.368,577.762|966.641,974.639|875.353,1016.64|848.77,1232.96|792.572,1427.04|871.562,931.992|722.931,872.122|753.014,1081.2|668.507,1206.63|987.055,590.073|974.219,561.947|993.365,537.577|1037.24,546.792|957.6,541.776|932.636,551.703
61|1|924.403,956.956|951.408,843.96|963.845,762.781|980.217,636.96|998.068,660.431|1082.64,684.979|1130.27,859.999|1067.52,969.161|1071.51,953.043|1062.59,886.632|1084.96,883.72|956.969,655.409|875.904,653.506|723.28,643.751|768.832,589.796|780.797,556.129|835.091,540.584|842.572,571.245|977.249,975.495|888.978,1049.75|871.028,1267.69|826.654,1470.58|878.383,940.975|749.225,972.095|778.359,1181.17|698.831,1330.38|986.394,590.836|973.413,570.73|992.346,544.559|1036.15,548.265|956.731,548.873|931.967,552.898
62|1|922.534,957.475|951.446,844.25|964.755,763|981.128,636.622|999.043,660.215|1083.84,685.825|1130.91,861.779|1067.15,969.274|1071.55,953.049|1062.92,884.417|1085.1,881.891|957.829,655.125|876.642,653.791|721.113,644.44|762.516,585.661|766.93,546.747|824.97,534.152|828.617,561.245|975.318,976.96|887.429,1048.91|871.45,1262.04|827.695,1465.02|876.624,940.69|716.683,909.136|769.793,1111.86|698.077,1250.85|987.263,590.279|967.084,573.663|985.452,545.613|1033.55,544.545|950.271,552.348|930.408,556.048
63|1|940.168,966.934|958.507,849.909|965.407,764.559|979.772,636.496|997.996,660.013|1082.61,686.447|1131.26,861.482|1074.37,974.148|1074.77,955.163|1059.06,888.672|1085.22,884.802|956.879,655.491|875.842,655.304|722.052,643.733|763.203,580.894|740.146,550.14|835.314,545.045|808.859,551.032|994.594,981.261|894.286,1106.63|891.735,1336|848.61,1548.64|892.883,954.651|716.863,1047.5|783.762,1247.71|712.977,1408.52|985.04,589.553|966.339,580.544|986.397,552.234|1034.18,548.658|950.967,556.291|930.8,551.758
64|1|923.784,958.369|953.044,844.616|965.987,763.15|980.515,637.011|998.611,660.396|1083.14,686.864|1130.61,861.454|1067.79,969.272|1071.35,954.512|1061.39,887.874|1085.3,883.826|957.716,655.599|877.204,654.843|723.358,640.775|749.798,579.277|737.851,543.647|798.806,539.015|809.571,548.515|976.731,977.33|873.65,1053.37|872.959,1277.05|826.792,1482.01|877.728,942.039|699.591,832.71|729.415,1086.78|638.076,1212.87|985.733,590.755|961.837,579.667|981.805,551.343|1032.59,547.953|946.935,556.61|930.711,554.825
65|1|918.291,950.206|952.282,841.205|966.34,762.293|981.248,637.438|998.914,660.684|1081.77,686.938|1128.67,859.936|1069.64,969.341|1073.54,952.151|1060.6,884.258|1085.36,880.193|958.788,655.659|879.839,654.656|727.479,641.202|731.61,587.43|717.09,540.645|802.41,541.969|789.492,553.434|967.747,972.723|869.563,1022.41|847.729,1242.34|785.582,1432.22|875.663,930.946|724.994,866.634|736.306,1093.01|642.173,1211.81|986.491,591.675|962.974,579.651|982.74,552.262|1032.66,549.883|948.606,557.211|932.83,556.081
66|1|915.466,948.683|950.939,840.476|965.232,762.683|981.413,637.955|998.808,661.315|1081.42,687.575|1128.56,859.428|1070.53,970.5|1072.63,954.751|1059.87,889.371|1084.88,884.451|958.784,655.997|880.158,654.947|726.763,640.164|717.348,587.631|730.829,550.199|746.305,512.395|787.205,551.243|964.573,971.77|865.107,1011.9|838.215,1233.7|777.016,1422.1|873.129,928.925|718.913,890.225|746.033,1101.87|657.634,1224.81|987.206,592.255|965.218,578.822|982.123,550.611|1029.86,546.31|948.513,558.522|930.799,561.449
67|1|936.328,960.839|958.52,846.671|965.618,763.824|979.596,636.859|997.48,660.227|1080.61,686.841|1128.56,860.237|1072.9,977.595|1073.51,963.503|1056.03,894.139|1084.77,887.21|957.267,655.517|878.121,655.636|724.559,642.358|728.843,578.947|710.266,540.044|720.968,546.791|777.346,546.61|988.45,977.373|866.499,1070.13|862.956,1310.94|805.992,1514.97|891.323,946.713|707.558,1017.06|763.261,1233.74|678.595,1382.82|984.393,590.332|957.754,572.781|980.718,548.05|1033.42,552.42|946.68,550.005|934.72,550.143
68|1|916.104,941.475|953.641,835.686|966.209,759.582|979.287,636.055|997.225,659.062|1079.74,686.408|1126.16,858.112|1066.85,975.846|1069.68,967.071|1056.98,901.354|1084.16,893.061|957.223,654.178|878.829,654.303|731.871,643.987|721.162,599.326|702.369,554.51|712.722,517.23|766.992,544.733|962.913,966.275|854.615,983.017|834.226,1210.92|764.645,1387.66|876.027,920.376|750.229,790.709|730.185,1037.81|623.952,1131.39|983.58,590.733|952.474,578.517|971.719,550.302|1025.82,545.817|938.505,557.446|928.379,558.605
69|1|942.95,963.217|961.939,847.333|965.489,763.262|977.554,636.761|995.698,659.896|1078.81,686.456|1124.76,859.483|1065.2,980.548|1068.35,974.014|1055.11,906.033|1083.87,896.618|955.657,655.521|876.748,656.84|729.719,646.138|727.879,603.655|679.908,565.372|692.859,495.278|750.9,531.591|995.336,977.441|853.027,1023.62|864.588,1279.89|800.906,1478.79|897.83,951.115|706.423,955.926|769.579,1192.69|677.295,1330.86|981.403,590.388|951.216,574.711|969.299,546.917|1022.14,543.589|936.428,555.32|925.442,560.422
70|1|942.944,963.161|962.006,847.237|965.61,763.145|977.85,636.605|995.981,659.774|1079.13,686.522|1124.78,860.105|1064.64,980.772|1067.68,973.717|1054.44,905.026|1083.48,896.056|955.906,655.348|876.914,656.547|730.077,645.775|728.923,603.504|681.295,565.654|694.064,496.021|751.775,531.984|995.358,977.444|853.935,1024.68|864.968,1281.01|801.836,1480.51|897.8,951.009|704.091,948.548|768.191,1184.49|675.472,1320.16|981.775,590.214|952.57,574.867|970.859,547.117|1023.28,543.997|937.775,555.085|926.033,559.483
71|1|942.581,962.906|961.863,846.805|965.645,762.557|977.867,635.725|996.035,658.93|1079.23,686.152|1124.41,860.594|1064.66,984.05|1067.15,978.259|1052.29,908.07|1083.09,898.01|955.891,654.525|876.75,656.059|730.917,645.423|730.563,600.997|680.9,560.927|663.104,498.876|739.783,526.573|995.1,977.289|867.916,1037.45|870.766,1301.47|811.925,1507.39|897.348,950.668|725.293,957.177|779.621,1196.51|693.064,1343.34|981.789,589.217|946.752,577.45|970.559,551.434|1028.56,551.581|937.299,553.606|932.108,549.595
72|1|940.932,961.494|960.727,846.03|964.988,762.137|977.457,635.792|995.493,658.949|1078.2,686.526|1123.85,860.013|1064.74,985.105|1066.5,980.81|1050.71,912.734|1082.67,901.264|955.534,654.471|876.733,656.268|732.208,646.839|732.205,601.254|679.816,556.169|658.833,489.69|737.936,518.133|993.16,976.081|872.841,1046.38|872.41,1312.96|816.106,1520.61|895.939,949.077|719.117,955.075|774.195,1197.87|688.584,1345.75|981.467,589.467|950.217,577.563|971.015,550.297|1025.66,547.604|937.763,555.434|928.518,554.453
73|1|945.19,965.002|962.117,848.212|965.676,763.285|977.019,635.501|995.367,658.617|1078.56,686.279|1124.32,861.092|1069.33,992.499|1068.17,988.917|1045.85,919.206|1082.33,904.952|955.149,654.631|875.983,657.145|733.661,649.472|736.321,601.89|677.77,547.61|646.865,487.987|730.493,522.239|998.493,978.273|890.805,1101.78|882.155,1373.92|830.751,1589.4|899.148,953.693|722.497,1056.93|776.24,1288.71|695.738,1452.26|980.666,588.67|951.87,576.673|970.783,548.545|1023.34,544.104|937.445,555.533|925.52,556.424
74|1|936.735,964.625|957.949,847.85|965.871,763.825|977.469,635.576|995.898,658.746|1079.54,686.579|1124.47,862.6|1066.54,995.418|1066.03,994.423|1045.33,924.042|1082.02,909.065|955.39,654.826|875.806,656.992|735.087,649.066|736.042,608.629|679.804,543.796|640.418,489.059|721.206,526.635|991.231,978.983|901.191,1099.43|889.009,1360.85|849.726,1578.86|889.239,952.278|724.157,956.531|762.422,1218.37|676.594,1379.32|981.369,588.577|949.545,577.728|970.417,549.852|1025.72,546.191|936.838,555.202|927.648,553.507
75|1|936.3,963.766|957.663,847.447|965.704,763.784|977.41,636.018|995.778,659.137|1079.31,686.661|1124.18,862.24|1066.94,995.194|1066.13,994.203|1044.9,924.468|1081.76,909.209|955.351,655.177|875.898,657.186|735.785,650.05|737.569,610.651|680.019,545.509|632.789,486.327|719.302,527.805|990.596,978.2|901.418,1090.07|891.337,1347.51|853.443,1563.85|888.972,951.348|730.728,934.75|762.095,1202.74|673.07,1358.89|981.361,589.199|947.781,577.533|969.753,550.325|1026.42,548.202|936.311,554.681|928.986,552.636
76|1|938.917,965.476|959.112,848.949|966.674,764.916|978.648,636.86|996.91,659.995|1080.28,687.2|1124.69,862.304|1068.97,996.462|1066.81,995.685|1043.61,928.009|1081.63,911.533|956.603,656.029|877.356,657.672|737.589,651.796|743.463,609.534|682.212,551.492|616.593,493.195|717.838,529.636|993.312,979.399|915.069,1122.2|895.992,1381.08|859.019,1599.73|891.496,953.502|735.685,1041.01|763.723,1296.02|680.49,1467.21|982.735,589.964|947.317,578.316|969.626,551.352|1027.33,549.417|936.563,555.5|931.018,553.292
77|1|938.915,965.468|959.111,848.941|966.674,764.906|978.646,636.848|996.908,659.984|1080.28,687.191|1124.68,862.309|1068.95,996.468|1066.77,995.681|1043.57,927.992|1081.6,911.522|956.602,656.018|877.354,657.663|737.575,651.785|743.413,609.513|682.14,551.461|616.433,493.121|717.718,529.593|993.31,979.392|915.12,1122.29|896.032,1381.13|859.099,1599.79|891.494,953.494|734.893,1039.61|762.769,1295.67|678.98,1466.64|982.732,589.952|947.379,578.285|969.688,551.329|1027.36,549.419|936.616,555.467|931.021,553.263
78|1|938.915,965.468|959.111,848.941|966.674,764.906|978.646,636.848|996.908,659.984|1080.28,687.191|1124.68,862.31|1068.95,996.468|1066.77,995.681|1043.57,927.992|1081.6,911.523|956.602,656.018|877.354,657.663|737.575,651.785|743.413,609.513|682.139,551.461|616.432,493.119|717.717,529.592|993.31,979.392|915.121,1122.29|896.032,1381.13|859.099,1599.79|891.494,953.494|734.894,1039.61|762.77,1295.67|678.982,1466.64|982.732,589.952|947.379,578.285|969.688,551.329|1027.36,549.419|936.617,555.467|931.021,553.263
79|1|938.915,965.468|959.111,848.941|966.674,764.906|978.646,636.848|996.909,659.984|1080.28,687.192|1124.68,862.31|1068.95,996.469|1066.77,995.682|1043.57,927.992|1081.6,911.523|956.602,656.018|877.354,657.663|737.575,651.785|743.413,609.512|682.139,551.46|616.431,493.117|717.717,529.591|993.311,979.392|915.121,1122.29|896.033,1381.13|859.1,1599.79|891.494,953.494|734.891,1039.6|762.766,1295.67|678.974,1466.64|982.733,589.952|947.381,578.285|969.69,551.33|1027.36,549.419|936.618,555.467|931.021,553.262
80|1|935.571,961.044|957.144,846.547|966.769,763.819|979.671,638.36|997.496,661.19|1079.74,688.024|1124.12,861.499|1067.16,991.895|1065.24,990.011|1042.85,923.327|1081.23,907.429|957.705,657.042|879.303,658.519|743.059,652.908|747.396,612.629|687.282,552.146|616.941,492.14|719.896,531.459|989.373,975.174|915.781,1099.37|898.981,1352.82|866.338,1567.41|888.488,948.84|740.193,947.636|762.396,1216.53|680.219,1378.71|984.263,592.44|953.768,575.445|971.092,548|1023.46,544.858|938.819,557.154|928.273,564.161
81|1|935.571,961.044|957.144,846.547|966.769,763.819|979.671,638.36|997.496,661.19|1079.74,688.024|1124.12,861.499|1067.16,991.895|1065.24,990.011|1042.85,923.327|1081.23,907.429|957.705,657.042|879.303,658.519|743.059,652.908|747.396,612.629|687.282,552.146|616.941,492.14|719.896,531.459|989.373,975.174|915.781,1099.37|898.981,1352.82|866.338,1567.41|888.488,948.84|740.193,947.636|762.396,1216.53|680.219,1378.71|984.263,592.44|953.768,575.445|971.092,548|1023.46,544.858|938.819,557.154|928.273,564.161
82|1|935.574,961.034|957.162,846.532|966.797,763.804|979.729,638.344|997.553,661.18|1079.81,688.04|1124.15,861.524|1067.14,991.914|1065.22,990.083|1042.89,923.422|1081.29,907.529|957.755,657.023|879.338,658.492|743.117,652.976|747.524,612.784|687.318,552.42|616.923,492.646|720.044,531.608|989.379,975.175|915.823,1099.25|898.971,1352.65|866.313,1567.25|888.487,948.821|738.917,946.308|761.306,1215.84|678.399,1377.51|984.335,592.423|954.027,575.612|971.521,548.194|1023.88,545.156|939.169,557.113|928.506,563.734
83|1|935.574,961.034|957.163,846.532|966.799,763.804|979.732,638.344|997.556,661.18|1079.81,688.041|1124.15,861.523|1067.14,991.916|1065.23,990.091|1042.9,923.435|1081.3,907.538|957.757,657.023|879.339,658.492|743.119,652.979|747.527,612.792|687.316,552.433|616.917,492.671|720.041,531.623|989.38,975.176|915.825,1099.24|898.971,1352.65|866.312,1567.24|888.487,948.82|738.898,946.294|761.292,1215.83|678.373,1377.5|984.338,592.423|954.044,575.624|971.543,548.206|1023.89,545.168|939.187,557.116|928.513,563.72
84|1|934.379,959.319|957.204,845.573|967.736,763.52|981.559,638.265|999.236,661.227|1081.35,688.722|1124.73,861.815|1067.38,990.559|1065.21,989.546|1043.41,924.886|1081.35,908.519|959.434,656.77|880.988,658.98|743.864,653.504|743.674,605.636|684.335,554.417|612.669,502.794|718.164,534.069|987.865,974.276|914.185,1094.54|897.452,1339.24|866.87,1551.57|887.578,946.392|732.158,941.349|754.305,1210.59|666.874,1366.93|986.506,592.41|943.621,580.517|970.523,556.717|1033.46,560.355|938.878,555.573|942.229,548.691
85|1|932.034,957.819|956.511,844.787|968.104,763.483|981.591,638.009|999.385,660.971|1081.68,688.468|1124.13,861.875|1069.84,993.856|1065.74,988.493|1042.37,926.618|1080.95,911.343|959.461,656.602|880.868,658.771|746.015,653.169|744.14,608.541|683.391,555.734|608.256,499.556|717.035,534.96|985.199,973.842|915.136,1094.18|893.969,1331.32|863.077,1542.3|885.53,943.964|743.63,945.689|757.088,1212.74|667.843,1367.98|986.404,592.066|952.281,567.425|970.085,541.449|1024.62,542.637|938.153,551.445|930.467,565.035
86|1|927.293,951.283|954.522,840.408|968.073,760.295|982.897,635.776|1000.3,658.817|1081.71,687.306|1122.54,860.333|1070.97,992.734|1067.13,989.703|1041.52,925.706|1081.18,908.644|960.726,653.974|882.754,656.971|746.37,654.071|735.309,603.797|681.032,561.022|607.175,508.197|724.785,542.899|979.381,968.908|906.733,1102.17|883.549,1332.45|850.691,1540.36|881.787,936.042|727.864,942.418|736.589,1210.41|644.143,1361.97|988.165,590.156|953.286,581.581|974.65,554.254|1031.38,549.862|942.154,558.791|936.409,554.871
87|1|939.183,956.992|959.903,843.921|969.242,761.824|982.382,637.049|1000.03,659.869|1081.53,687.251|1122.74,859.632|1071.37,991.355|1067.05,988.523|1041.65,925.563|1081.35,908.394|960.548,655.506|882.78,658.078|748.637,651.484|734.931,603.668|676.202,561.957|601.674,515.732|716.521,547.635|992.332,971.146|906.612,1110.03|897.232,1348.44|862.571,1557.42|892.72,944.776|731.111,965.208|750.107,1235.34|659.454,1391.96|986.95,591.357|950.684,581.663|973.795,555.642|1031.77,554.052|941.484,558.168|937.777,553.194
88|1|939.125,957.327|959.832,843.805|969.18,761.397|982.383,636.1|1000.1,658.996|1081.78,686.814|1122.57,859.779|1072.69,993.819|1067.93,991.194|1040.63,929.035|1081.28,910.939|960.451,654.654|882.349,657.327|748.496,651.343|735.796,603.37|674.749,565.405|597.696,524.247|715.317,552.206|992.508,971.492|921.661,1136.14|901.724,1377.12|869.397,1589.06|892.456,945.101|738.078,1050.42|755.869,1308.55|672.354,1476.88|987.005,590.207|954.384,582.872|975.125,555.173|1030.35,549.701|942.412,559.971|934.65,555.397
89|1|939.393,957.692|960.034,843.969|969.354,761.454|982.457,635.877|1000.24,658.792|1082.08,686.771|1122.52,860.516|1074.1,997.113|1068.64,995.447|1039.22,931.619|1081.2,912.235|960.488,654.507|882.191,657.388|748.544,651.359|735.635,603.073|673.132,566.797|597.644,531.666|714.863,558.606|992.89,971.865|931.304,1157.35|905.851,1401.38|874.844,1614.97|892.62,945.461|744.898,1088.26|758.955,1342.24|681.057,1513.97|987.068,589.879|954.76,583.445|975.247,555.389|1030.28,549.051|942.435,560.433|934.232,555.404
90|1|939.486,957.148|959.384,843.649|968.475,761.243|981.915,635.224|999.65,658.18|1081.37,686.555|1122.38,860.497|1077.63,1000.68|1070.54,1000.08|1037.2,936.143|1081.2,914.293|959.859,653.923|881.471,657.376|749.953,649.522|731.511,599.584|666.255,562.664|596.245,544.06|705.994,564.467|992.988,971.117|938.8,1184.76|908.065,1433.1|878.211,1647.92|892.681,945.088|749.371,1122.8|758.204,1374.78|684.064,1546.69|986.747,589.074|957.771,583.093|974.544,553.462|1026.04,543.187|942.118,562.238|930.236,560.634
91|1|940.378,956.709|959.047,844.14|968.175,761.7|982.741,635.804|1000.16,658.842|1081.45,687.12|1122.45,860.196|1082.56,1001.93|1073.08,1000.92|1035.49,939.254|1081.24,915.101|960.618,654.312|882.662,657.351|752.618,647.805|728.07,600.417|665.167,569.944|588.429,565.433|702.128,568.559|993.62,970.367|941.839,1212.56|907.559,1463.96|878.836,1678.63|893.769,944.911|752.736,1151.58|758.625,1397.97|688.421,1567.66|988.045,589.724|956.67,582.854|976.005,554.63|1029.83,547.55|943.538,560.75|934.499,557.202
92|1|941.54,956.193|959.719,844.165|968.731,761.982|982.651,636.005|1000.18,658.943|1081.43,687.191|1122.55,859.92|1085.15,1003.35|1074.73,1003.36|1035.33,943.878|1081.52,917.918|960.633,654.631|882.711,657.759|753.749,648.197|723.374,600.433|666.475,574.905|590.316,580.027|681.646,568.451|994.659,969.791|945.548,1230.67|911.346,1480.06|883.198,1693.65|895.028,944.443|756.523,1168.42|760.446,1411.61|692.495,1579.69|987.726,589.903|952.474,584.786|974.002,557.242|1030.92,551.124|941.699,561.15|936.524,554.135
93|1|941.548,956.186|959.762,844.14|968.796,761.959|982.759,635.961|1000.29,658.91|1081.59,687.191|1122.69,859.992|1085.4,1003.66|1075.05,1003.86|1035.64,944.482|1081.79,918.365|960.718,654.589|882.735,657.729|753.955,648.66|723.976,601.336|667.256,576.497|591.588,582.939|682.409,570.926|994.685,969.81|945.579,1231.24|911.429,1479.72|883.315,1693.12|895.019,944.414|747.34,1159.26|749.513,1410.16|676.127,1576.72|987.859,589.849|952.589,584.758|974.053,557.135|1030.99,550.889|941.728,561.149|936.506,554.206
94|1|941.836,955.332|960.043,843.346|969.086,761.223|982.927,635.282|1000.48,658.188|1081.7,686.591|1122.36,859.637|1084.3,1001.74|1073.78,1001.17|1034.63,940.026|1081.32,914.864|960.895,653.942|882.893,657.116|755.669,648.479|726.992,601.623|671.017,580.41|598.376,594.483|678.57,582.229|994.974,968.923|930.104,1217.19|908.812,1461.08|875.777,1670.54|895.298,943.587|712.002,1037.78|718.099,1313.98|628.917,1478.88|988.021,589.187|953.081,584.483|973.419,556.188|1029.74,548.352|941.209,561.525|935.302,555.584
95|1|941.913,955.349|960.214,843.195|969.326,761.005|983.335,634.892|1000.92,657.845|1082.31,686.471|1122.54,859.909|1083.64,1001.45|1073.28,1000.49|1034.65,938.536|1081.32,914.02|961.206,653.583|882.944,656.614|757.082,648.653|730.263,602.755|674.96,582.935|603.535,599.796|683.868,588.414|995.17,969|925.588,1210.71|906.587,1454.26|871.962,1663.44|895.265,943.55|716.893,1011.36|718.451,1293.73|625.369,1457.87|988.538,588.728|953.256,583.453|973.87,555.219|1030.59,547.889|941.535,560.425|935.853,554.729
96|1|942.134,954.108|960.395,842.116|969.466,760.123|983.137,634.287|1000.77,657.133|1081.97,686.054|1122.19,859.082|1082.53,999.734|1072.6,1000.09|1035.04,938.58|1081.3,913.85|961.061,653.016|882.831,655.932|760.049,647.106|733.537,601.764|676.185,581.094|601.806,602.883|686.12,593.518|995.352,967.657|921.314,1178.5|906.04,1413.73|872.342,1620.47|895.503,942.393|740.435,968.566|749.394,1243.06|658.012,1401.45|988.255,588.217|953.93,587.923|972.667,558.084|1028.16,545.709|940.526,564.941|933.479,557.22
97|1|939.823,952.488|959.363,841.072|969.06,759.823|981.97,635.079|999.708,657.722|1080.77,686.26|1122.09,858.264|1083.73,999.301|1072.58,999.41|1035.39,940.014|1081.38,915.153|960.046,653.737|881.921,656.674|761.028,645.906|734.153,603.347|679.936,575.673|593.531,605.959|684.24,599.895|992.701,966.536|914.738,1149.28|904.576,1374.94|873.126,1580.34|893.486,940.334|729.107,952.809|748.027,1220.77|655.495,1371.64|986.728,589.399|952.252,579.286|976.671,554.213|1034.09,554.878|943.945,554.82|939.348,548.321
98|1|940.483,951.505|959.909,840.449|969.557,759.472|982.446,635.206|1000.12,657.758|1081.02,685.665|1122.61,857.27|1087.12,999.411|1074.01,999.183|1034.48,940.659|1081.21,914.58|960.588,653.799|882.731,656.776|762.725,646.28|733.955,604.704|679.17,578.573|592.082,619.042|679.939,605.514|993.212,965.434|920.824,1139.62|905.534,1364.25|873.954,1569.24|894.267,939.452|735.229,964.408|751.519,1229.96|657.381,1379.86|987.218,589.707|952.786,586.015|971.618,556.819|1027.04,546.643|939.606,563.822|932.798,558.784
99|1|940.534,951.558|960.004,840.467|969.681,759.492|982.631,635.202|1000.32,657.769|1081.3,685.731|1122.71,857.516|1087.13,999.857|1074.16,999.794|1034.67,941.252|1081.33,915.045|960.738,653.798|882.788,656.799|762.945,647.059|734.411,606.236|679.676,581.206|593.177,623.53|680.876,608.869|993.293,965.524|920.655,1139.63|905.492,1364.18|873.898,1569.26|894.29,939.472|739.193,966.769|754.741,1231.38|662.435,1383.12|987.438,589.693|953.049,585.746|972.262,556.714|1027.87,547.105|940.111,563.316|933.321,558.046
100|1|940.535,951.568|960.026,840.452|969.713,759.475|982.673,635.166|1000.37,657.739|1081.4,685.712|1122.77,857.575|1087.19,1000.06|1074.28,1000.13|1034.81,941.634|1081.44,915.326|960.764,653.768|882.76,656.801|762.887,647.494|734.233,607.108|679.311,582.497|592.789,625.519|679.883,611.12|993.312,965.552|920.557,1139.62|905.449,1364.15|873.859,1569.3|894.275,939.466|739.799,966.683|755.167,1231.27|663.146,1383.33|987.487,589.648|953.18,585.715|972.536,556.723|1028.18,547.266|940.314,563.16|933.468,557.704
101|1|940.566,951.623|960.085,840.498|969.788,759.537|982.777,635.235|1000.48,657.812|1081.56,685.809|1122.84,857.771|1087.23,1000.4|1074.41,1000.6|1034.97,942.126|1081.55,915.723|960.847,653.839|882.784,656.912|763.057,648.325|734.611,608.632|679.757,584.923|593.679,629.294|680.748,614.818|993.357,965.631|920.588,1139.69|905.457,1364.12|873.905,1569.31|894.292,939.501|741.889,967.35|756.659,1231.66|665.432,1384.49|987.611,589.719|953.329,585.892|972.761,556.885|1028.46,547.433|940.485,563.241|933.604,557.614
102|1|940.566,951.624|960.086,840.498|969.789,759.538|982.778,635.236|1000.48,657.813|1081.56,685.81|1122.84,857.772|1087.24,1000.41|1074.41,1000.61|1034.97,942.138|1081.55,915.732|960.848,653.84|882.784,656.914|763.06,648.337|734.617,608.654|679.766,584.961|593.699,629.354|680.77,614.876|993.358,965.632|920.589,1139.69|905.457,1364.11|873.905,1569.31|894.292,939.501|741.899,967.349|756.666,1231.66|665.443,1384.49|987.613,589.721|953.334,585.895|972.767,556.887|1028.46,547.437|940.49,563.242|933.607,557.612
103|1|940.555,951.688|960.103,840.54|969.821,759.592|982.82,635.282|1000.54,657.863|1081.69,685.873|1122.94,857.977|1087.28,1000.79|1074.5,1001.07|1035.04,942.568|1081.61,916.071|960.867,653.893|882.729,657.026|763.028,649.221|734.55,610.293|679.64,587.542|593.907,633.172|681.217,618.619|993.367,965.722|920.563,1139.85|905.412,1364.15|873.887,1569.41|894.261,939.542|742.285,966.686|756.707,1231.23|665.504,1384.17|987.666,589.762|953.526,586.369|972.961,557.259|1028.62,547.543|940.618,563.581|933.576,557.585
104|1|940.555,951.704|960.105,840.557|969.824,759.612|982.818,635.306|1000.54,657.886|1081.7,685.894|1122.94,858.002|1087.29,1000.84|1074.52,1001.16|1035.06,942.674|1081.63,916.155|960.864,653.917|882.72,657.065|763.005,649.387|734.481,610.577|679.538,588.002|593.879,633.879|681.196,619.242|993.368,965.741|920.559,1139.87|905.409,1364.15|873.889,1569.41|894.26,939.556|742.489,966.721|756.844,1231.25|665.714,1384.25|987.663,589.787|953.544,586.487|972.977,557.359|1028.63,547.586|940.626,563.675|933.561,557.602
105|1|940.551,951.791|960.123,840.657|969.84,759.767|982.743,635.508|1000.5,658.072|1081.74,686.031|1122.99,858.25|1087.31,1001.3|1074.6,1001.75|1035.08,943.256|1081.61,916.585|960.783,654.134|882.566,657.496|762.611,651.467|733.222,614.159|677.752,594.275|593.479,644.227|680.704,627.927|993.368,965.854|920.54,1139.69|905.427,1363.81|874.025,1569.1|894.251,939.618|744.391,966.374|758.207,1230.66|667.752,1384.14|987.56,590.007|953.898,587.677|973.302,558.367|1028.74,548.021|940.837,564.591|933.342,557.698
106|1|940.554,951.932|960.155,840.788|969.884,759.931|982.78,635.696|1000.56,658.257|1081.87,686.202|1123.03,858.406|1087.54,1001.81|1075.06,1002.73|1035.66,944.577|1081.97,917.581|960.796,654.329|882.493,657.811|762.518,653.025|732.831,616.932|677.147,598.698|593.562,650.627|680.628,633.398|993.389,966.025|920.654,1139.79|905.511,1363.66|874.277,1569.01|894.236,939.734|745.237,967.352|759.454,1230.66|669.671,1384.57|987.605,590.204|954.147,588.595|973.57,559.145|1028.96,548.387|941.016,565.286|933.306,557.761
107|1|940.536,952.013|960.148,840.859|969.876,760.026|982.741,635.807|1000.54,658.361|1081.91,686.285|1123.07,858.529|1087.66,1002.16|1075.28,1003.29|1035.9,945.273|1082.13,918.103|960.744,654.451|882.379,658.035|762.395,654.178|732.468,618.995|676.552,601.804|593.292,655.123|680.427,637.351|993.386,966.119|920.737,1139.91|905.58,1363.58|874.465,1568.98|894.204,939.803|746.046,966.849|759.844,1230.31|670.199,1384.38|987.562,590.321|954.207,589.478|973.558,559.847|1028.9,548.533|940.961,566.019|933.103,557.947
108|1|940.537,952.258|960.17,841.11|969.902,760.322|982.722,636.147|1000.55,658.69|1081.98,686.604|1123.08,858.98|1087.64,1002.81|1075.34,1004.01|1035.92,945.939|1082.11,918.653|960.714,654.797|882.288,658.522|762.216,655.899|731.845,621.926|675.43,606.106|592.575,661.515|680.099,643.424|993.392,966.391|920.866,1140.11|905.732,1363.36|874.848,1568.77|894.199,940.024|745.141,969.87|760.998,1230.92|672.147,1385.21|987.532,590.679|954.246,590.65|973.61,560.873|1028.97,549.067|940.955,566.974|932.999,558.221
109|1|944.253,952.868|960.299,842.013|968.884,761.655|981.553,640.492|998.992,662.32|1079.19,687.317|1121.82,856.167|1089.48,998.071|1073.97,1001.83|1035.18,945.133|1081.49,915.977|959.896,658.884|882.878,661.433|768.635,657.902|730.504,629.195|668.951,612.287|588.968,669.951|676.342,659.873|997.294,963.743|936.44,1125.91|923.717,1348.34|903.295,1552.51|897.36,943.411|750.001,978.532|771.798,1236.21|693.073,1395.7|986.604,596.227|953.128,590.872|973.613,563.165|1028.91,556.404|941.474,567.921|934.774,561.996
110|1|944.222,953.008|960.229,842.184|968.772,761.87|981.234,640.782|998.71,662.569|1078.95,687.393|1121.85,856.052|1089.68,998.09|1074.2,1002.13|1035.4,945.797|1081.63,916.432|959.609,659.196|882.589,662.006|768.019,659.801|729.051,632.282|666.931,617.277|588.115,677.539|674.757,665.872|997.247,963.864|937.665,1126.06|924.773,1348.14|905.241,1552.34|897.345,943.568|751.965,982.242|774.321,1238.08|697.248,1398.53|986.203,596.547|952.638,591.664|973.106,563.866|1028.46,556.785|940.973,568.619|934.33,562.34
111|1|944.292,954.85|959.867,841.888|968.257,760.013|984.534,637.614|1001.53,660.094|1082.4,686.595|1122.36,858.273|1082.66,1000.18|1071.91,1002.89|1036.69,943.305|1081.57,916.968|962.071,655.768|884.125,660.36|767.411,664.217|727.351,649.07|664.984,642.845|573.033,704.768|694.568,725.468|998.328,965.249|947.667,1123.86|925.352,1358.16|910.952,1568.77|896.473,945.81|758.437,1005.14|781.031,1256.22|711.045,1426.32|991.142,592.875|959.567,593.191|968.599,560.551|1016.93,538.362|939.706,577.315|929.538,579.784
112|1|945.31,958.442|959.823,844.284|967.402,761.561|980.506,638.365|998.209,660.491|1079.96,686.084|1122.31,858.066|1082.3,1002.24|1073.39,1005.3|1036.61,947.912|1081.79,920.666|958.394,657.163|879.956,661.097|765.674,667.68|723.563,658.242|667.73,657.821|570.548,723.423|693.839,730.193|999.85,968.238|956.452,1130.19|935.031,1370.08|920.833,1583.34|897.038,949.938|759.825,1020.64|784.143,1276.32|715.43,1451.58|985.887,593.324|952.45,597.329|973.218,567.695|1029.38,555.122|940.206,571.787|932.715,558.087
113|1|946.545,962.037|960.402,847.237|967.423,763.618|979.206,638.899|997.323,661.118|1079.73,686.871|1122.01,859.983|1082.34,1007.38|1073.81,1013.36|1036.71,955.746|1082.22,926.827|957.146,658.082|878.11,662.799|761.728,671.625|722.198,662.775|667.033,668.01|573.653,741.384|693.155,738.725|1001.38,971.974|967.304,1164.93|941.257,1408.53|926.462,1623.94|898.113,953.426|769.887,1099.68|789.047,1349.39|724.226,1529.03|983.996,593.287|951.849,598.341|972.259,568.126|1027.75,554.446|938.861,572.608|929.921,558.423
114|1|946.56,962.787|960.484,847.89|967.548,764.248|979.246,639.521|997.413,661.728|1079.98,687.277|1122.38,860.696|1085.3,1010.55|1075.94,1017.86|1036.46,960.448|1082.38,929.641|957.161,658.734|877.99,663.914|760.701,675.098|718.622,668.822|664.154,679.088|571.568,754.153|689.578,750.288|1001.44,972.783|973.186,1179.74|945.205,1423.77|932.239,1639.6|898.084,954.125|775.927,1126.48|793.028,1371.37|732.76,1551.46|984.013,593.909|953.151,598.697|975.64,569.769|1031.17,558.998|941.731,571.551|932.497,554.955
115|1|948.29,962.144|960.829,848.921|967.914,765.588|979.983,642.073|997.843,664.03|1079.96,688.142|1121.76,860.044|1083.76,1008.98|1075.02,1017.91|1037.11,962.539|1082.32,931.163|958.047,661.108|879.803,666.723|763.48,677.332|719.053,671.013|661.242,685.987|583.196,754.281|687.926,764.296|1002.68,971.308|982.02,1202.69|951.205,1448.98|942.148,1662.24|900.117,954.192|784.065,1157.68|795.977,1400.58|743.211,1579.34|985.026,596.961|950.947,599.908|972.399,570.829|1029.1,559.699|939.437,574.208|932.774,560.614
116|1|948.308,962.208|960.825,848.791|967.884,765.336|979.819,641.629|997.746,663.594|1080.03,687.771|1122.06,859.993|1084.2,1009.59|1075.31,1018.85|1036.98,963.35|1082.38,931.612|957.859,660.729|879.452,666.562|763.146,678.295|719.135,672.885|662.507,688.758|585.35,756.811|687.87,765.545|1002.8,971.364|984.233,1207.14|953.454,1450.41|945.403,1663.24|900.043,954.263|785.282,1162.82|798.32,1402.27|747.137,1580.99|984.82,596.439|952.415,599.335|974.393,570.582|1030.38,560.332|941.061,573.14|933.187,558.768
117|1|948.307,962.21|960.823,848.791|967.882,765.335|979.813,641.626|997.741,663.591|1080.03,687.764|1122.06,859.988|1084.22,1009.59|1075.33,1018.87|1036.99,963.369|1082.4,931.622|957.853,660.727|879.444,666.565|763.142,678.319|719.149,672.928|662.547,688.813|585.408,756.855|687.919,765.581|1002.8,971.366|984.253,1207.18|953.475,1450.42|945.435,1663.25|900.041,954.265|785.291,1162.87|798.343,1402.28|747.176,1581|984.813,596.435|952.383,599.35|974.349,570.584|1030.34,560.302|941.02,573.16|933.158,558.792
118|1|948.184,963.119|960.672,848.828|967.698,764.743|979.061,640.047|997.235,662.077|1079.97,686.868|1122.03,860.417|1084.95,1012.11|1075.9,1022.14|1036.36,965.201|1082.47,932.738|957.041,659.417|878.093,666.17|761.361,680.437|716.751,676.389|662.484,694.446|587.055,757.89|681.99,766.368|1003.1,972.277|988.921,1221.83|958.214,1465.02|950.529,1679.68|899.548,955.177|786.431,1178.41|798.953,1418.48|749.35,1598.36|983.861,594.466|952.385,599.908|973.453,570.01|1028.85,556.974|939.816,573.59|930.525,558.236
119|1|943.974,957.445|958.29,845.379|967.338,761.903|979.921,638.636|997.884,660.608|1080.05,686.846|1121.63,860.176|1089.29,1013.36|1078.26,1023.09|1035.02,968.562|1082.54,933.982|957.677,657.697|878.607,665.896|760.95,681.03|706.961,678.801|656.739,696.418|591.127,758.484|673.284,761.719|998.277,967.726|988.748,1234.65|952.941,1472.47|947.974,1683.24|895.848,948.498|789.262,1189.06|792.745,1426.3|743.249,1603.43|985.251,593.563|954.582,599.587|975.504,569.423|1030.5,555.857|941.653,573.131|931.526,557.425
120|1|943.973,957.445|958.289,845.379|967.337,761.903|979.919,638.636|997.882,660.609|1080.05,686.847|1121.63,860.178|1089.29,1013.36|1078.25,1023.09|1035.02,968.562|1082.53,933.983|957.675,657.697|878.605,665.897|760.947,681.032|706.955,678.804|656.73,696.423|591.116,758.492|673.273,761.725|998.276,967.726|988.747,1234.65|952.941,1472.46|947.974,1683.23|895.847,948.498|789.259,1189.06|792.746,1426.29|743.251,1603.42|985.249,593.563|954.574,599.589|975.494,569.424|1030.49,555.855|941.645,573.134|931.522,557.428
121|1|943.833,957.741|958.105,845.634|967.11,762.132|979.516,638.811|997.517,660.77|1079.72,687.122|1120.8,861.043|1088.41,1014.69|1077.24,1024.27|1033.55,968.347|1081.91,933.68|957.296,657.902|878.206,666.15|760.289,681.327|705.941,679.09|655.765,697.029|590.354,759.594|671.258,762.794|998.15,968.005|988.06,1238.04|952.856,1469.8|947.413,1678.44|895.697,948.81|787.828,1191.64|792.872,1424.81|743.717,1600.81|984.77,593.719|951.774,599.772|972.85,569.562|1029.26,555.826|939.256,573.385|931.004,557.771
122|1|944.28,959.444|958.39,846.895|967.281,763.064|979.123,639.186|997.28,661.144|1079.75,687.161|1120.21,861.464|1088.28,1015.52|1077.35,1025.18|1033.58,969.174|1081.99,934.461|956.937,658.451|877.634,666.799|759.034,681.592|703.948,678.47|655.431,697.582|592.867,761.319|667.715,762.009|998.797,969.646|987.345,1248.4|954.271,1475.98|947.526,1683.4|895.967,950.568|785.381,1200.45|791.582,1432.51|743.268,1608.07|984.161,593.888|952.411,600.072|973.946,570.078|1029.87,556.938|940.034,573.232|930.865,556.846
123|1|946.202,959.402|959.22,847.015|967.46,762.711|978.976,638.318|997.236,660.354|1079.7,687.207|1120.08,862.065|1089.99,1017.61|1078.41,1027.71|1032.84,970.903|1082.07,935.057|956.814,657.662|877.469,666.194|759.873,682.673|704.495,677.643|652.698,696.288|592.238,765.793|663.57,761.62|1000.79,969.324|989.153,1259.79|959.157,1485.59|951.172,1692.14|897.872,950.783|785.454,1211.24|792.805,1444.09|743.713,1618.2|983.831,592.815|952.093,600.255|973.747,570.151|1029.76,556.378|939.766,573.074|930.581,555.539
124|1|946.881,961.846|959.417,848.96|967.34,764.237|978.701,639.428|997.039,661.501|1080,687.502|1120.55,862.759|1090.17,1018.29|1078.39,1027.84|1032.62,970.601|1082.05,935.056|956.513,658.863|876.917,666.945|758.643,683.287|705.73,677.333|652.519,693.816|592.698,766.964|660.031,759.066|1001.69,971.522|991.022,1268.23|962.366,1492.35|954.622,1698.53|898.345,953.444|785.262,1220.06|794.104,1450.61|746.919,1624.45|983.499,593.781|952.476,599.866|973.955,569.736|1029.52,556.58|939.836,572.975|929.938,556.697
125|1|944.796,960.674|958.344,848.691|967.401,764.1|979.088,639.324|997.376,661.428|1080.39,687.458|1120.32,862.965|1088.66,1018.23|1077.81,1028.47|1033.08,970.214|1082.09,935.028|956.833,658.724|877.143,666.348|757.887,683.558|706.997,678.162|651.425,694.591|592.984,767.03|658.816,756.879|999.445,970.85|992.604,1273.23|961.281,1493.45|954.426,1697.05|896.359,951.822|787.875,1225.02|792.698,1453.97|746.743,1627.04|984.034,593.689|949.266,601.884|973.323,573.026|1031.99,561.444|939.351,573.227|933.432,552.562
126|1|944.796,960.674|958.344,848.691|967.401,764.1|979.088,639.324|997.376,661.428|1080.39,687.458|1120.32,862.965|1088.66,1018.23|1077.81,1028.47|1033.08,970.214|1082.09,935.028|956.833,658.724|877.143,666.348|757.887,683.558|706.997,678.162|651.425,694.591|592.984,767.03|658.816,756.879|999.445,970.85|992.604,1273.23|961.281,1493.45|954.426,1697.05|896.359,951.822|787.875,1225.02|792.698,1453.97|746.743,1627.04|984.034,593.689|949.266,601.884|973.323,573.026|1031.99,561.444|939.351,573.227|933.432,552.562
127|1|945.513,961.571|958.762,849.297|967.593,764.514|978.908,639.452|997.296,661.531|1080.45,687.303|1120.63,862.982|1089.69,1018.46|1078.33,1028.54|1032.81,970.107|1082.08,934.695|956.674,658.97|876.857,666.817|757.286,684.504|704.205,679.826|648.131,696.317|591.397,771.203|655.88,756.368|1000.3,971.583|993.122,1277.79|963.165,1493.76|955.942,1695.58|896.946,952.863|787.922,1229.42|793.884,1456.55|748.615,1629.05|983.73,593.711|952.544,600.193|973.782,569.742|1029.45,555.935|939.614,573.349|929.64,557.099
128|1|947.494,962.032|959.499,849.4|967.389,764.422|978.533,638.571|996.973,660.77|1080.24,687.088|1120.83,863.139|1091.43,1020.22|1079.38,1030.28|1032.65,972.776|1082.27,936.557|956.319,658.185|876.47,666.397|760.212,683.321|701.158,681.77|642.024,692.925|594.574,770.74|654.325,753.359|1002.5,971.3|995.047,1282.26|966.143,1499.71|959.266,1701.92|898.702,953.98|789.157,1233.78|795.837,1460.57|751.145,1633.31|983.249,592.531|955.379,598.971|973.498,567.064|1025.95,550.086|939.57,573.952|926.074,560.938
129|1|948.115,963.778|960.076,850.786|967.954,765.52|979.114,639.203|997.574,661.474|1080.97,687.913|1120.75,864.404|1091.23,1021.87|1079.59,1032.41|1033.11,974.478|1082.59,938.183|956.875,658.874|876.937,666.864|761.339,681.398|704.898,676.544|646.408,685.611|599.38,764.879|655.721,751.558|1003.27,973.045|996.949,1287.32|968.106,1504.02|961.255,1706.5|899.195,955.727|789.771,1238.28|796.885,1464.42|752.766,1637.4|983.837,593.002|951.878,601.366|972.926,570.548|1029.02,555.261|938.859,574.327|929.404,556.871
130|1|948.114,963.776|960.075,850.784|967.953,765.517|979.112,639.2|997.573,661.472|1080.97,687.911|1120.74,864.403|1091.22,1021.87|1079.58,1032.41|1033.11,974.476|1082.58,938.181|956.874,658.872|876.936,666.861|761.334,681.389|704.884,676.53|646.39,685.592|599.356,764.855|655.698,751.535|1003.27,973.043|996.951,1287.31|968.11,1504.01|961.26,1706.5|899.194,955.726|789.771,1238.27|796.889,1464.42|752.772,1637.4|983.835,592.999|951.885,601.349|972.942,570.538|1029.04,555.271|938.873,574.307|929.413,556.852
131|1|948.146,963.87|960.086,850.834|967.946,765.526|979.067,639.143|997.532,661.427|1080.92,687.939|1120.68,864.431|1091.19,1022.08|1079.53,1032.89|1033.04,975.245|1082.59,938.736|956.841,658.816|876.916,666.783|760.819,680.724|703.719,675.1|645.517,683.48|599.255,761.836|656.8,746.551|1003.31,973.135|997.332,1287.85|968.564,1504.2|961.864,1706.54|899.222,955.823|789.977,1238.75|797.305,1464.62|753.423,1637.57|983.762,592.916|952.396,599.46|974.617,569.619|1030.72,556.999|940.351,571.999|930.908,554.541
132|1|947.913,964.009|959.86,850.892|967.724,765.493|978.993,638.934|997.427,661.288|1080.76,688.101|1120.63,864.794|1091.19,1022.95|1079.38,1034.11|1032.53,976.029|1082.66,939.1|956.761,658.574|876.847,666.149|759.614,677.056|701.586,668.13|645.951,673.795|601.836,747.149|659.349,734.038|1003.09,973.298|997.398,1289.12|968.584,1505.76|961.768,1708.21|898.986,955.941|789.959,1239.74|797.226,1465.53|753.632,1638.5|983.708,592.642|952.347,597.627|972.905,567.018|1028.34,553.293|938.937,571.571|928.935,557.344
133|1|947.722,963.567|960.007,850.666|968.106,765.415|979.749,639.053|998.1,661.479|1081.42,688.426|1120.75,864.838|1088.7,1021.55|1077.81,1032.62|1033.28,974.846|1082.77,939.149|957.491,658.556|877.655,665.807|758.763,675.564|697.292,665.862|643.614,670.185|603.884,741.769|663.74,727.466|1002.78,973.101|987.542,1285.07|963.906,1497.47|955.424,1698.39|898.919,955.285|748.7,1198.61|767.371,1434.32|715.573,1605.84|984.544,592.833|952.014,596.455|975.721,568.01|1032.83,559.008|941.598,568.789|933.861,552.009
134|1|947.822,963.208|960.129,850.299|968.258,765.006|980.116,638.568|998.396,661.044|1081.55,688.133|1120.65,864.455|1088.26,1020.56|1077.32,1031.32|1033.07,973.312|1082.71,938.043|957.863,658.023|878.147,664.789|759.275,671.283|698.178,658.14|645.404,659.097|604.859,726.28|664.343,715.122|1002.86,972.751|985.711,1283.69|962.616,1497.02|953.164,1698.22|899.045,954.92|739.995,1186.39|754.688,1433.64|696.94,1605.84|984.976,592.32|952.075,595.772|974.664,566.667|1031.59,556.31|940.764,568.898|932.91,553.627
135|1|944.961,958.037|960.022,846.297|969.568,763.409|981.631,639.278|999.741,661.499|1081.95,688.84|1120.5,863.191|1090.08,1016.08|1076.94,1032.12|1032.65,973.44|1082.33,935.002|959.49,658.322|880.301,664.66|762.444,665.732|704.122,641.095|661.604,666.353|601.218,723.618|673.989,717.066|999.186,968.721|971.134,1249.02|952.509,1444.7|943,1642.01|896.889,948.73|733.998,1089.04|754.409,1341.17|688.899,1515.8|986.503,593.873|943.741,596.105|970.101,569.665|1033.6,564.15|937.626,567.901|939.769,549.912
136|1|945.08,958.068|960.318,846.163|969.994,763.122|982.465,638.758|1000.5,661.094|1082.66,688.823|1120.5,863.261|1088.26,1014.98|1076.13,1031.87|1032.95,972.67|1082.3,934.408|960.269,657.746|881.094,663.768|762.515,662.309|703.53,634.787|665.112,653.52|608.823,708.304|675.533,710.176|999.352,968.859|960.202,1234.51|946.037,1429.08|934.921,1628.03|896.976,948.668|719.905,1051.01|741.906,1312.61|666.925,1484.66|987.469,593.263|952.438,583.996|970.895,554.679|1026.89,546.719|938.394,563.249|931.187,563.636
137|1|944.434,956.597|959.808,844.689|969.581,761.585|982.377,637.1|1000.33,659.515|1082.36,687.496|1120.11,862.143|1086.76,1012.78|1074.51,1029.37|1031.65,969.093|1081.78,931.295|960.161,656.031|881.061,661.429|762.633,655.763|704.762,624.007|667.94,637.777|612.922,684.685|676.157,691.408|998.688,967.442|950.953,1224.35|940.603,1423.9|926.452,1624.42|896.353,947.15|713.684,992.18|721.283,1273.92|632.992,1440.8|987.48,591.544|955.762,588.37|975.004,558.67|1029.62,548.592|941.843,565.203|932.234,559.061
138|1|923.072,936.635|951.254,830.907|968.862,754.334|984.109,634.588|1001.27,656.638|1080.77,686.364|1118.3,857.496|1090.11,1007.21|1074.11,1027.24|1032.26,970.681|1081.67,930.386|961.833,652.473|884.129,659.257|770.495,645.483|708.325,606.16|674.016,622.321|626.002,654.966|683.195,665.853|974.005,954.286|942.889,1175.01|902.97,1361.65|887.342,1558.82|878.102,921.203|765.508,990.398|744.716,1249.68|665.121,1413.81|990.207,590.771|960.838,590.93|980.184,561.475|1033.23,550.283|947.135,566.891|936.198,557.366
139|1|923.012,936.391|951.165,830.562|968.761,753.858|984.03,633.9|1001.18,655.986|1080.65,685.709|1118.14,856.715|1090.19,1006.33|1074.33,1026.53|1032.65,970.296|1081.93,929.939|961.758,651.806|884.061,658.361|770.747,642.487|709.693,600.879|676.135,614.55|628.776,643.09|684.43,657.191|973.984,954.017|939.716,1171.51|900.509,1360.1|882.85,1557.66|878.01,920.984|755.001,981.474|736.516,1244.45|652.183,1405.56|990.131,589.997|957.696,588.593|976.88,559.125|1031.56,548.182|944.295,565.326|935.764,557.732
140|1|922.772,935.77|950.9,829.843|968.476,753.005|983.737,632.826|1000.89,654.947|1080.38,684.65|1117.92,855.704|1090.13,1005.23|1074.14,1025.62|1032.42,969.371|1081.86,928.907|961.472,650.759|883.775,657.111|770.776,639.07|710.977,595.097|678.489,606.56|632.258,632.02|685.653,650.533|973.783,953.367|932.521,1164.88|896.313,1353.53|875.985,1551.06|877.738,920.389|738.661,972.704|724.932,1237.61|635.525,1394.46|989.827,588.829|955.555,587.116|974.842,557.661|1030.58,546.726|942.511,564.04|935.5,556.854
141|1|922.772,935.769|950.9,829.842|968.476,753.004|983.738,632.824|1000.89,654.945|1080.38,684.648|1117.92,855.702|1090.13,1005.23|1074.14,1025.61|1032.42,969.367|1081.86,928.904|961.473,650.757|883.776,657.108|770.778,639.061|710.982,595.082|678.495,606.539|632.265,631.988|685.657,650.509|973.783,953.366|932.516,1164.87|896.31,1353.52|875.98,1551.06|877.738,920.388|738.655,972.698|724.927,1237.61|635.518,1394.46|989.828,588.826|955.556,587.114|974.843,557.659|1030.58,546.724|942.513,564.037|935.501,556.852
142|1|922.154,935.746|950.652,829.062|968.569,751.685|983.962,630.565|1001.1,652.84|1080.27,683.458|1117.71,854.604|1091.3,1004.77|1074.48,1025.2|1032.7,969.708|1081.96,929.164|961.667,648.608|883.881,654.308|770.956,628.381|713.431,575.648|691.462,573.227|649.07,606.236|691.71,637.516|973.472,953.343|930.934,1156.67|891.614,1343.7|869.802,1542.31|876.826,920.36|763.956,1000.8|741.388,1261.81|657.324,1425.86|990.102,586.196|950.497,586.705|975.483,560.318|1036.3,554.795|943.25,559.786|942.88,544.383
143|1|921.614,937.552|949.963,830.007|967.943,751.908|984.266,630.001|1001.26,652.436|1080.96,682.689|1118.34,854.779|1093.7,1007.19|1075.07,1024.65|1031.9,969.758|1082.15,930.117|961.783,648.1|883.776,653.428|774.638,622.613|723.153,561.371|694.551,560.906|652.391,592.403|691.726,624.439|973.324,954.946|936.783,1176.97|890.267,1370.52|868.379,1570.27|875.913,922.338|749.898,1070.47|724.913,1330.53|644.229,1500.28|990.894,585.352|952.058,587.184|975.312,559.346|1035.28,550.678|942.97,560.983|941.034,546.602
144|1|922.261,936.874|950.48,829.346|968.337,751.278|984.789,629.413|1001.77,651.872|1081.46,682.641|1117.99,855.101|1091.79,1007.67|1074.77,1024.82|1032.25,970.105|1082.25,930.952|962.276,647.484|884.215,652.405|775.124,620.229|722.988,558.236|695.115,556.015|653.649,582.434|689.247,607.55|973.981,954.219|936.08,1180.04|890.681,1375.73|868.377,1575.38|876.555,921.705|741.319,1053.64|717.958,1318.08|634.982,1487.39|991.46,584.772|958.885,583.56|976.577,553.335|1030.71,540.488|944.33,561.322|935.485,555.369
145|1|921.946,936.296|950.146,828.896|967.954,750.921|984.371,629.137|1001.35,651.592|1080.96,682.63|1118.12,855.004|1092.56,1008.33|1075.39,1024.73|1032.41,971.034|1082.47,931.99|961.867,647.191|883.806,651.845|774.585,618.416|721.808,555.865|695.067,552.854|654.737,576.62|693.584,600.598|973.611,953.648|938.41,1188.01|890.173,1384.13|867.419,1582.93|876.291,921.122|744.958,1083.33|718.685,1342.12|638.883,1511.36|991.01,584.521|954.37,587.201|975.136,557.784|1033,545.654|942.761,562.284|938.038,550.011
146|1|921.946,936.294|950.146,828.894|967.955,750.918|984.373,629.133|1001.36,651.588|1080.96,682.627|1118.11,855.001|1092.56,1008.32|1075.39,1024.73|1032.41,971.03|1082.47,931.986|961.869,647.187|883.807,651.838|774.589,618.394|721.816,555.83|695.075,552.805|654.743,576.545|693.585,600.535|973.611,953.645|938.411,1188.01|890.174,1384.13|867.42,1582.93|876.291,921.119|744.911,1083.21|718.602,1342.1|638.754,1511.34|991.012,584.516|954.377,587.193|975.14,557.775|1033,545.645|942.766,562.279|938.038,550.011
147|1|921.943,936.18|950.146,828.767|967.961,750.765|984.432,628.942|1001.4,651.411|1080.98,682.493|1118.02,854.863|1092.48,1008.14|1075.36,1024.54|1032.44,970.852|1082.48,931.827|961.924,646.991|883.872,651.55|774.776,617.499|722.228,554.37|695.603,550.738|655.352,573.502|694.029,598.079|973.614,953.529|938.495,1188.08|890.213,1384.13|867.463,1582.93|876.285,921.008|744.732,1082.43|718.181,1341.95|638.113,1511.22|991.091,584.31|954.747,586.75|975.376,557.31|1033.01,545.2|942.994,561.961|937.997,550.012
148|1|921.89,936.139|950.144,828.704|968.003,750.673|984.722,628.817|1001.65,651.329|1081.17,682.635|1117.83,855.077|1092.26,1008.56|1075.45,1025.07|1032.69,971.723|1082.57,932.647|962.172,646.832|884.092,651.084|775.337,615.991|723.084,552.148|696.076,547.186|655.199,569.495|694.803,593.334|973.572,953.518|939.093,1190.31|890.114,1385.83|867.211,1584.38|876.222,920.942|745.99,1088.78|720.122,1344.82|641.609,1514.27|991.477,584.172|956.34,586.173|975.975,556.302|1032.51,543.402|943.608,562.063|937.32,551.522
149|1|921.89,936.139|950.144,828.704|968.003,750.673|984.722,628.817|1001.65,651.329|1081.17,682.635|1117.83,855.077|1092.26,1008.56|1075.45,1025.07|1032.69,971.723|1082.57,932.647|962.172,646.832|884.092,651.084|775.337,615.991|723.084,552.148|696.076,547.186|655.199,569.495|694.803,593.334|973.572,953.518|939.093,1190.31|890.114,1385.83|867.211,1584.38|876.222,920.942|745.99,1088.78|720.122,1344.82|641.609,1514.27|991.477,584.172|956.34,586.173|975.975,556.302|1032.51,543.402|943.608,562.063|937.32,551.522
150|1|922.542,937.344|950.494,829.379|968.154,750.937|984.732,628.554|1001.74,651.118|1081.47,682.589|1118.08,855.694|1093.52,1010.61|1076.26,1025.62|1032.49,972.261|1082.7,933.61|962.15,646.68|883.854,650.781|775.893,614.903|723.371,550.34|695.546,540.622|653.639,564.563|697.422,587.744|974.474,954.573|941.891,1200.05|891.474,1397.8|867.809,1596.47|876.653,922.279|747.442,1104.44|719.893,1360.5|642.899,1530.72|991.448,583.709|957.838,585.899|977.468,555.974|1033.21,543.115|944.792,561.583|937.175,550.721
151|1|926.029,937.837|951.347,831.261|967.479,751.47|984.297,629.517|1001.33,652.188|1081.46,682.935|1118.19,856.136|1093.89,1011.44|1077.46,1025.66|1032.63,974.125|1082.75,935.424|961.644,647.443|883.154,650.155|777.222,611.593|721.713,548.73|691.572,534.212|654.23,559.319|699.471,581.337|977.323,955.388|929.692,1214.5|887.791,1419.31|859.161,1615.71|881.01,922.587|743.092,1127.62|721.227,1378.34|642.638,1541.41|990.938,584.816|957.344,587.369|976.727,557.138|1032.45,543.674|943.985,563.096|936.156,552.271
152|1|929.149,941.061|952.448,832.706|967.643,752.228|984.414,629.103|1001.46,651.839|1081.66,682.735|1118.29,856.154|1096.77,1012.5|1079.7,1026.36|1031.86,976.03|1082.83,935.932|961.742,647.278|883.13,649.001|777.768,610.311|720.438,546.925|687.423,531.109|653.719,556.035|701.359,575.639|981.638,956.436|937.333,1226.25|896.511,1427.75|871.128,1623.28|882.79,927.641|738.568,1123.78|723.459,1370.7|648.912,1537.59|991.158,583.985|958.403,587.753|977.228,557.153|1032.25,542.449|944.502,563.535|935.86,552.25
153|1|929.15,941.06|952.45,832.704|967.645,752.225|984.418,629.099|1001.46,651.835|1081.66,682.732|1118.3,856.154|1096.78,1012.5|1079.71,1026.36|1031.87,976.028|1082.84,935.929|961.746,647.274|883.133,648.994|777.781,610.292|720.469,546.892|687.471,531.061|653.784,555.96|701.417,575.567|981.639,956.435|937.354,1226.27|896.531,1427.74|871.161,1623.26|882.79,927.64|738.596,1123.83|723.507,1370.7|648.985,1537.6|991.163,583.981|958.411,587.729|977.24,557.133|1032.26,542.445|944.512,563.512|935.869,552.239
154|1|929.122,941.214|952.388,832.782|967.557,752.247|984.281,629.034|1001.34,651.775|1081.6,682.631|1118.46,856.103|1097.35,1012.75|1080.26,1026.79|1032.13,976.622|1082.96,936.273|961.607,647.233|882.955,648.931|777.786,609.868|720.984,546.06|688.451,529.584|655.092,553.495|702.266,572.181|981.647,956.571|939.891,1228.56|898.816,1428.07|874.633,1623.24|882.731,927.81|742.014,1131.12|727.882,1374.28|655.644,1541.51|991.011,583.884|958.682,584.522|978.313,554.737|1033.38,542.915|945.364,560.389|936.611,550.666
155|1|929.123,941.214|952.389,832.781|967.558,752.246|984.285,629.033|1001.35,651.774|1081.6,682.631|1118.46,856.104|1097.35,1012.75|1080.26,1026.8|1032.14,976.626|1082.96,936.276|961.61,647.232|882.957,648.929|777.794,609.861|721.004,546.048|688.479,529.566|655.129,553.47|702.294,572.154|981.648,956.571|939.898,1228.57|898.821,1428.07|874.641,1623.24|882.731,927.81|742.023,1131.14|727.895,1374.29|655.664,1541.52|991.015,583.883|958.688,584.521|978.318,554.737|1033.38,542.913|945.369,560.389|936.614,550.666
156|1|929.116,941.192|952.405,832.748|967.598,752.196|984.434,628.955|1001.48,651.715|1081.71,682.676|1118.41,856.342|1097.15,1012.97|1079.96,1026.69|1031.73,976.067|1082.69,935.881|961.743,647.14|883.091,648.703|778.349,609.001|722.425,544.578|690.505,527.472|657.652,550.487|704.032,569.379|981.647,956.56|940.451,1229.03|899.225,1428.03|875.256,1623.11|882.719,927.778|742.784,1132.59|728.954,1374.65|657.286,1541.93|991.208,583.794|958.952,584.425|978.55,554.632|1033.56,542.788|945.6,560.311|936.783,550.619
157|1|929.664,940.042|952.721,832.365|967.748,752.369|984.551,629.826|1001.5,652.474|1081.35,683.188|1118.53,855.711|1097.74,1011.56|1080.45,1025.62|1032.59,977.545|1082.98,937.052|961.967,647.892|883.717,649.102|779.484,607.557|724.922,541.957|691.645,523.736|656.23,546.895|703.775,562.847|981.869,955.312|945.863,1232.85|902.376,1433.03|878.54,1626.02|883.553,926.711|751.323,1146.78|732.537,1387.29|663.251,1553.24|991.298,584.936|959.078,583.985|978.835,554.705|1033.71,544.162|946.047,560.183|937.461,551.524
158|1|929.999,938.601|952.473,831.005|967.8,750.574|985.066,628.133|1002.07,650.834|1082.07,682.536|1118.54,856.268|1098.06,1013.63|1082.16,1026.71|1032.29,978.71|1083.2,937.947|962.249,646.192|883.381,647.14|779.854,607.601|725.997,545.224|696.573,530.303|659.322,563.257|697.503,567.262|982.571,953.261|949.616,1233.83|906.267,1428.19|885.13,1620.28|883.425,925.773|750.002,1133.37|733.573,1374.32|664.093,1542.34|992.049,583.252|958.536,583.095|978.75,553.477|1034.84,542.505|945.697,558.788|937.9,549.255
159|1|931.638,938.171|952.539,832.17|966.92,751.673|984.545,629.443|1001.5,652.199|1081.73,682.876|1118.64,856.519|1099.43,1013.99|1082.67,1026.69|1031.46,978.691|1083.04,937.364|961.671,647.388|882.791,647.174|779.271,605.324|733.19,538.827|698.734,524.705|619.98,540.715|694.261,588.868|983.78,952.991|948.407,1240.4|908.165,1433.95|885.828,1623.22|885.592,925.24|757.077,1159.31|740.214,1393.28|671.821,1555.94|991.621,584.651|960.668,584.957|980.289,555.088|1034.69,543.534|946.992,560.704|936.957,551.124
160|1|930.757,938.376|951.749,831.841|966.773,750.913|984.669,628.083|1001.66,650.905|1082.31,681.705|1118.92,856.348|1099.56,1014.96|1083.35,1027.21|1030.95,978.565|1083.02,937.113|961.639,646.168|882.308,645.72|778.785,605.42|728.786,543.695|695.113,518.219|619.919,543.792|698.926,574.5|983.494,952.289|955.241,1249.87|910.258,1439.87|891.251,1626.64|883.946,926.187|762.872,1175.87|742.919,1402.94|681.258,1567.7|991.956,583.06|960.544,583.992|980.198,553.789|1035.06,541.645|946.741,559.542|936.848,549.563
161|1|932.463,935.524|952.396,830.874|967.159,750.592|985.147,629.367|1001.81,651.932|1081.02,683.256|1118.24,855.318|1099.4,1011.05|1082.91,1026.87|1031.47,978.719|1082.68,935.446|962.413,647.142|884.313,645.956|779.241,606.431|734.667,542.71|709.423,505.776|623.836,526.571|695.634,581.488|984.597,948.468|963.152,1248|917.902,1433.36|900.806,1613.82|886.066,924.161|773.561,1181.28|750.544,1404.99|693.246,1567.09|992.453,584.972|960.375,582.103|980.452,553.289|1035.33,544.321|947.619,558.508|939.051,551.011
162|1|932.775,935.239|952.724,830.818|967.512,750.677|985.609,629.656|1002.19,652.214|1081.12,683.545|1118.21,855.042|1098.97,1009.9|1082.54,1025.87|1031.65,978.364|1082.77,935.264|962.935,647.35|885.14,645.947|780.228,604.346|735.834,538.951|709.715,500.856|618.734,525.869|698.611,565.393|984.769,948.2|964.389,1247.54|919.431,1428.08|902.788,1606.76|886.508,923.862|775.57,1181.19|753.594,1401.81|697.6,1563.34|992.933,585.341|960.515,584.255|979.924,554.992|1034.65,544.214|947.396,560.807|939.04,552.637
163|1|936.97,933.653|954.802,828.824|968.066,748.821|985.346,628.531|1001.83,650.783|1079.64,682.558|1118.16,851.789|1102.53,1003.38|1081.56,1028.63|1030.53,978.169|1081.05,929.736|963.028,646.242|886.113,646.575|782.185,604.154|744.251,534.474|722.172,486.357|634.23,516.129|725.042,539.429|988.972,944.745|972.443,1242.42|931.03,1418.79|916.156,1594.93|890.54,923.902|769.075,1166.24|754.285,1387.28|699.411,1549.52|992.413,584.495|961.323,585.104|980.419,556.047|1033.94,544.477|948.212,561.545|939.196,551.987
164|1|937.027,933.385|954.885,828.587|968.174,748.597|985.546,628.338|1002,650.598|1079.71,682.472|1118.04,851.665|1101.95,1002.65|1080.87,1027.72|1030.06,976.941|1080.75,928.751|963.226,646.028|886.356,646.336|782.476,604.043|744.094,534.398|721.199,485.959|634.219,515.838|726.228,535.425|989.01,944.488|974.666,1242.27|932.809,1417.81|918.871,1593.8|890.614,923.625|774.464,1170.26|758.903,1389.64|705.872,1552.2|992.65,584.313|961.639,582.967|980.699,554.194|1034.1,543.789|948.53,559.871|939.476,551.937
165|1|936.168,934.564|954.174,829.719|968.092,749.383|986.211,629.835|1002.23,651.976|1079.22,683.094|1118.63,850.216|1102.29,997.182|1079.55,1030.35|1030.36,976.978|1079.54,924.801|964.059,647.316|888.301,647.265|783.674,604.06|746.546,530.901|716.087,508.525|629.307,521.185|723.023,522.527|987.962,944.594|986.44,1243.36|936.309,1421.93|926.18,1595.27|889.648,925.708|788.667,1186.15|762.538,1409.99|716.413,1574.43|993.728,586.129|962.111,583.691|980.957,555.555|1034.17,545.903|949.466,561.265|941.436,554.37
166|1|936.169,934.509|954.165,829.683|968.073,749.361|986.169,629.832|1002.18,651.968|1079.15,683.08|1118.47,850.151|1101.96,996.927|1079.2,1029.99|1030.09,976.561|1079.32,924.496|964.028,647.31|888.297,647.263|783.633,603.985|746.453,530.758|716.019,508.337|629.284,521.012|723.266,522.138|987.951,944.535|986.654,1243.22|936.574,1421.63|926.57,1594.91|889.661,925.657|784.513,1182.9|757.593,1411.05|709.149,1575.72|993.674,586.133|961.954,583.317|980.816,555.255|1034.07,545.842|949.354,560.984|941.429,554.393
167|1|936.169,934.508|954.165,829.683|968.073,749.361|986.168,629.832|1002.18,651.968|1079.15,683.079|1118.47,850.149|1101.95,996.923|1079.2,1029.98|1030.09,976.557|1079.32,924.493|964.028,647.31|888.297,647.263|783.632,603.984|746.45,530.756|716.016,508.334|629.281,521.008|723.264,522.133|987.951,944.534|986.655,1243.22|936.576,1421.63|926.573,1594.91|889.661,925.657|784.495,1182.88|757.569,1411.06|709.114,1575.73|993.673,586.133|961.954,583.314|980.816,555.253|1034.07,545.843|949.354,560.983|941.429,554.392
168|1|931.753,928.893|952.914,825.31|969.575,747.543|987.486,630.524|1003.4,652.311|1079.58,683.205|1117.76,848.666|1088.87,987.976|1077.66,1034.16|1033.66,976.768|1078.34,919.059|965.522,647.625|890.418,646.32|782.595,605.177|749.448,542.336|721.763,521.219|642.83,519.063|730.085,521.453|982.515,939.795|981.204,1219.98|932.252,1374.92|923.001,1548.18|885.967,919.211|761.121,1069.04|745.63,1311.67|688.065,1482.71|994.828,587.748|962.364,582.08|981.285,554.674|1034.75,547.085|950.157,560.542|943.096,556.271
169|1|933.766,932.107|953.508,826.76|969.05,748.112|987.512,630.469|1003.36,652.478|1079.55,683.578|1118.09,849.187|1085.34,984.97|1077.3,1036.71|1034.82,976.717|1077.99,916.63|965.446,647.521|890.263,645.794|780.701,605.593|752.184,545.558|718.498,522.441|643.934,521.782|730.102,521.989|985.065,942.294|981.541,1216.16|933.145,1372.79|922.513,1549.51|887.491,923.069|770.98,1078.83|751.716,1330.87|692.265,1505.31|995.002,587.455|963.987,581.671|981.842,553.848|1034.04,545.326|950.729,560.757|942.182,557.617
170|1|933.68,931.668|953.502,826.504|969.098,747.987|987.588,630.511|1003.41,652.507|1079.52,683.583|1118.07,848.915|1084.4,983.925|1076.81,1035.87|1034.8,976.585|1077.92,916.338|965.547,647.518|890.476,645.796|780.555,605.673|751.388,545.599|718.438,521.986|646.678,518.582|729.442,520.871|984.895,941.909|980.375,1211.48|932.195,1374.65|922.054,1553.54|887.485,922.582|771.449,1067.66|749.541,1327.51|688.038,1502.78|995.071,587.557|963.355,582.034|981.816,554.47|1034.64,546.414|950.715,560.722|942.958,556.744
171|1|933.491,931.315|953.412,826.305|969.078,747.911|987.61,630.572|1003.41,652.561|1079.53,683.595|1118.08,848.919|1083.86,983.656|1076.45,1035.78|1034.44,975.923|1077.88,916.185|965.577,647.545|890.561,645.806|780.507,605.601|751.187,545.506|718.699,521.344|647.502,517.449|729.548,519.944|984.642,941.614|978.677,1207.32|931.122,1373.15|921.438,1553.45|887.357,922.177|769.896,1052.97|747.226,1317.42|683.071,1492.41|995.1,587.67|962.482,582.058|981.274,554.638|1034.73,546.882|950.253,560.638|943.342,556.479
172|1|933.477,931.315|953.388,826.311|969.047,747.921|987.552,630.588|1003.35,652.571|1079.47,683.578|1118.07,848.868|1083.85,983.546|1076.44,1035.64|1034.43,975.779|1077.86,916.055|965.526,647.563|890.52,645.838|780.444,605.621|751.073,545.501|718.565,521.315|647.345,517.441|729.328,519.859|984.624,941.609|978.592,1207.04|931.08,1373.31|921.413,1553.73|887.347,922.181|769.946,1053.02|747.353,1317.39|683.222,1492.36|995.031,587.687|962.27,582.231|981.011,554.76|1034.52,546.827|950.024,560.827|943.217,556.623
173|1|933.157,931.491|953.304,826.759|969.2,748.89|987.107,631.049|1003.02,653.004|1079.32,683.578|1118.11,848.515|1083.3,984.147|1075.52,1034.08|1036.24,976.447|1077.87,918.322|965.175,648.188|890.204,646.273|779.485,605.8|751.332,545.077|718.965,521.139|648.142,517.733|729.118,519.276|984.204,941.848|985.771,1212.38|930.784,1382.02|921.647,1562.05|887.101,922.298|794.586,1109.42|761.766,1368.97|705.326,1544.65|994.367,587.967|961.624,582.835|980.646,555.492|1034.25,547.738|949.631,561.164|942.933,556.336
174|1|933.14,931.09|953.269,826.432|969.144,748.605|986.956,630.822|1002.86,652.757|1079.11,683.333|1117.94,848.363|1083.19,983.862|1075.17,1033.95|1035.69,975.596|1077.54,917.349|965.059,647.959|890.159,646.136|779.31,605.893|751.011,545.153|718.935,521.089|648.906,517.36|728.403,518.695|984.149,941.445|983.93,1211.24|930.792,1380.44|921.276,1560.43|887.12,921.898|775.061,1084.1|743.169,1354.22|677.608,1528.26|994.172,587.759|961.798,582.673|980.625,555.292|1033.91,547.372|949.634,561.105|942.622,556.402
175|1|933.139,931.089|953.268,826.432|969.142,748.604|986.954,630.821|1002.86,652.755|1079.11,683.331|1117.94,848.361|1083.19,983.86|1075.17,1033.95|1035.69,975.591|1077.53,917.344|965.057,647.958|890.156,646.136|779.305,605.894|751.002,545.155|718.924,521.093|648.893,517.367|728.399,518.702|984.149,941.444|983.925,1211.24|930.792,1380.44|921.275,1560.43|887.119,921.898|774.99,1084|743.078,1354.18|677.471,1528.22|994.169,587.758|961.788,582.672|980.614,555.289|1033.9,547.368|949.624,561.105|942.618,556.404
176|1|933.71,930.505|953.775,825.986|969.594,748.262|987.093,630.677|1003.02,652.538|1079.25,682.723|1118.17,847.532|1083.29,982.259|1075.01,1034.38|1035.59,975.209|1077.46,916.338|965.281,647.821|890.527,646.324|779.383,607.271|749.441,547.308|718.196,521.009|651.666,513.83|730.454,518.634|984.638,940.851|980.238,1205.61|932.051,1371.77|923.419,1551.99|887.769,921.321|772.323,1060.96|747.354,1327.99|683.025,1502.47|994.179,587.684|961.85,582.662|980.783,555.408|1034.03,547.646|949.835,561.027|942.902,556.11
177|1|932.898,930.425|953.124,826.091|969.057,748.495|986.781,631.126|1002.63,652.983|1078.64,683.069|1117.95,847.332|1083.68,981.666|1074.98,1033.74|1035.74,975.459|1077.46,916.331|964.983,648.193|890.409,646.468|779.797,607.561|750.21,547.684|719.641,520.012|653.775,514.147|732.666,516.885|983.719,940.853|982.244,1205.46|931.084,1372.31|922.433,1552.25|887.053,921.167|782.625,1080.3|754.591,1343.4|693.964,1518.26|993.948,588.221|961.752,582.722|980.448,555.529|1033.44,547.863|949.621,561.39|942.605,557.099
178|1|932.568,930.378|952.786,825.935|968.707,748.256|986.376,630.766|1002.25,652.633|1078.31,682.72|1117.82,846.892|1083.6,981.37|1075.16,1033.35|1036.01,975.818|1077.57,916.6|964.57,647.863|889.93,646.153|779.258,607.089|749.842,546.988|719.621,519.39|654.443,513.871|734.063,516.448|983.44,940.796|981.033,1205.26|930.85,1372.08|922.04,1552.23|886.677,921.129|776.197,1071.24|749.611,1336.97|686.79,1511.65|993.522,587.812|961.799,582.605|980.603,555.418|1033.4,547.77|949.658,561.065|942.266,556.336
179|1|933.415,931.781|953.303,826.221|968.917,748.126|985.858,629.858|1001.88,651.711|1077.89,682.606|1117.73,847.281|1085.44,983.489|1075.35,1033.95|1035.28,975.438|1077.65,917.16|964.139,647.191|889.395,646.398|779.88,607.072|755.833,542.525|719.686,520.729|656.682,515.831|736.973,514.601|984.63,942.122|987.017,1208.42|934.686,1377.68|925.586,1559.44|887.234,922.609|784.441,1083.87|756.972,1350.73|696.827,1527.52|992.755,586.61|960.407,583.505|979.816,556.27|1033.27,547.983|948.808,561.105|942.089,554.013
180|1|933.831,929.788|953.315,824.354|968.784,747.091|986.461,629.891|1002.33,651.711|1078.1,682.622|1117.58,847.064|1083.43,980.806|1076.17,1034.32|1034.86,974.911|1077.81,915.851|964.651,646.963|889.996,645.774|780.33,607.7|758.987,546.059|723.577,521.281|662.688,517.872|740.887,513.901|984.863,939.804|984.692,1188.21|937.768,1356.37|931.184,1540.16|887.769,920.897|778.43,1014.65|759.887,1283.69|695.927,1457.93|993.625,587.036|960.735,582.841|979.558,555.418|1033.06,546.962|948.74,561.16|942.26,555.767
181|1|933.686,929.579|953.198,824.19|968.695,746.971|986.443,629.86|1002.29,651.673|1078.04,682.591|1117.44,846.928|1082.98,980.324|1075.87,1033.81|1034.87,974.694|1077.76,915.549|964.62,646.916|889.962,645.74|780.565,608.451|759.907,547.586|725.508,523.28|666.239,518.617|745.889,516.569|984.699,939.601|984.935,1185.43|937.573,1355.69|931.195,1540.18|887.639,920.683|779.579,1017.05|760.595,1285.28|696.612,1459.34|993.643,587.039|961.151,582.87|980.069,555.508|1033.39,547.216|949.17,561.072|942.392,555.483
182|1|934.222,929.202|953.66,824.145|969.148,747.239|986.91,630.865|1002.61,652.594|1077.85,683.17|1117.33,846.119|1083.5,978.727|1075.74,1031.17|1035.07,974.806|1077.84,915.853|965.248,647.739|891.223,646.159|782.686,612.001|753.847,557.355|709.879,529.037|657.058,525.204|752.541,518.738|984.959,939.209|984.802,1173.39|937.453,1343.46|931.813,1527.99|888.419,920.316|782.797,996.257|764.059,1265.04|698.748,1435.44|994.05,588.326|960.339,582.508|979.904,556.003|1033.9,549.525|949.385,560.896|944.157,555.968
183|1|934.396,928.992|953.788,823.988|969.273,747.135|987.042,630.864|1002.73,652.555|1077.97,682.963|1117.77,845.773|1084.45,978.236|1076.25,1030.65|1035.29,974.232|1077.94,915.236|965.381,647.746|891.37,646.289|784.25,613.803|757.881,560.216|715.046,531.827|662.97,525.597|758.451,523.046|985.105,938.955|985.909,1170.41|937.932,1343.29|932.505,1528.61|888.61,920.145|792.163,990.425|769.726,1262.09|705.823,1433.08|994.219,588.368|961.617,582.579|980.72,555.897|1033.91,549.034|950.127,561.17|943.853,556.601
184|1|937.932,929.653|955.579,824.399|969.868,747.42|986.76,631.429|1002.52,652.92|1077.55,682.89|1117.51,844.967|1084.11,977.097|1076.1,1030.25|1035.61,974.425|1077.93,914.916|965.323,648.401|891.672,647.144|785.357,623.514|766.475,578.509|725.875,555.571|673.437,536.369|766.272,539.016|988.653,938.672|997.33,1161.34|946.429,1337.97|942.786,1524.27|892.102,921.652|816.612,1000.99|793.954,1268.53|735.879,1440.96|993.619,589.045|962.455,581.969|981.543,555.779|1033.74,550.083|950.953,560.802|943.741,557.011
185|1|941.315,931.709|957.222,825.539|970.612,748.114|988.219,631.884|1003.79,653.489|1078.55,683.627|1117.59,845.55|1080.83,974.592|1076.2,1029.54|1036.23,974.182|1078.06,914.074|966.731,648.77|893.301,647.045|783.914,630.423|773.464,592.749|745.222,566.514|706.295,537.573|798.803,551.242|992.234,939.683|1009.19,1152.06|955.897,1336.32|955.634,1525.15|895.21,924.637|830.838,992.667|811.099,1258.95|758.047,1432.07|995.389,589.425|969.037,578.06|979.369,550.142|1024.06,538.89|951.003,564.016|938.529,572.929
186|1|941.491,931.74|957.286,826.068|970.572,748.981|987.97,633.401|1003.49,654.88|1077.91,684.874|1115.66,846.237|1064.47,956.24|1059.59,1012.26|1028.54,955.986|1076.21,900.091|966.606,650.2|893.516,649.447|784.652,657.941|791.538,639.849|762.849,609.465|712.453,563.918|803.924,574.037|992.162,939.67|1012.57,1150.65|957.594,1336.01|958.576,1524.14|895.615,924.707|835.878,1017.41|817.59,1271.37|770.081,1445.2|995.033,591.197|966.93,578.133|982.222,551.896|1030.6,546.365|952.452,560.963|942.102,565.918
187|1|941.491,931.74|957.286,826.069|970.572,748.981|987.97,633.401|1003.49,654.88|1077.91,684.874|1115.66,846.237|1064.47,956.24|1059.59,1012.26|1028.54,955.985|1076.21,900.09|966.606,650.2|893.516,649.447|784.652,657.944|791.537,639.854|762.849,609.471|712.452,563.925|803.923,574.043|992.162,939.67|1012.57,1150.65|957.594,1336.01|958.576,1524.14|895.615,924.707|835.879,1017.41|817.591,1271.37|770.082,1445.2|995.033,591.197|966.93,578.133|982.222,551.896|1030.6,546.366|952.453,560.963|942.102,565.918
188|1|941.527,931.773|957.332,826.115|970.633,749.045|988.09,633.501|1003.6,654.98|1078,684.998|1115.69,846.349|1064.58,956.445|1059.75,1012.52|1028.78,956.348|1076.41,900.437|966.716,650.291|893.625,649.616|785.498,659.494|793.68,642.385|765.475,612.633|715.409,567.774|806.5,576.99|992.19,939.703|1012.73,1150.75|957.649,1335.98|958.663,1524.06|895.656,924.74|836.117,1017.9|817.793,1271.53|770.415,1445.36|995.182,591.313|967.202,578.295|982.538,552.067|1030.87,546.577|952.735,561.061|942.291,565.902
189|1|941.536,931.777|957.344,826.123|970.65,749.057|988.123,633.524|1003.63,655.002|1078.03,685.027|1115.69,846.37|1064.64,956.531|1059.83,1012.64|1028.88,956.525|1076.48,900.591|966.746,650.311|893.656,649.656|785.716,659.875|794.216,643.007|766.134,613.417|716.159,568.74|807.15,577.725|992.197,939.708|1012.77,1150.77|957.659,1335.97|958.679,1524.04|895.668,924.743|836.175,1017.99|817.84,1271.55|770.49,1445.38|995.223,591.34|967.275,578.335|982.621,552.109|1030.94,546.628|952.81,561.085|942.342,565.897
190|1|941.537,931.777|957.345,826.124|970.651,749.058|988.125,633.526|1003.63,655.004|1078.03,685.029|1115.69,846.372|1064.64,956.534|1059.83,1012.65|1028.88,956.531|1076.49,900.597|966.748,650.312|893.658,649.658|785.726,659.885|794.24,643.021|766.169,613.433|716.213,568.767|807.188,577.743|992.198,939.708|1012.77,1150.77|957.66,1335.97|958.681,1524.03|895.668,924.743|836.179,1018|817.843,1271.55|770.495,1445.38|995.226,591.342|967.282,578.338|982.628,552.112|1030.95,546.632|952.816,561.087|942.346,565.897
191|1|946.527,931.99|963.424,828.596|976.65,752.855|991.166,639.505|1006.69,660.307|1079.89,687.395|1115.23,844.478|1065.76,954.042|1060.91,1004.9|1030.45,958.863|1077.18,904.573|970.846,656.141|900.422,662.354|810.846,681.993|835.377,660.523|815.077,632.508|801.719,612.633|813.56,612.562|996.166,941.317|982.258,1043.59|948.53,1243.85|949.851,1424.49|901.861,923.736|836.354,967.043|822.494,1227.26|772.342,1384.08|996.861,598.156|966.192,583.714|978.307,557.987|1025.33,550.366|951.11,570.272|943.592,580.285
192|1|954.359,934.072|971.272,829.485|983.318,752.565|995.823,636.85|1011.78,657.715|1084.55,687.106|1110.98,846.59|1071.98,971.67|1062.63,1000.66|1027.32,958.978|1076.81,914.174|975.779,654.043|905.437,662.512|823.347,685.778|848.379,655.39|845.104,637.48|833.736,619.792|868.848,599.568|1004.71,944.135|1010.28,1134.84|962.878,1337.55|961.082,1528.59|909.382,925.224|827.895,1048.57|811.354,1315.88|753.096,1482.98|1000.68,594.59|971.594,575.467|992.872,554.606|1043.22,560.705|963.575,556.309|957.625,558.86
193|1|952.763,931.717|972.296,827.805|985.551,751.177|999.202,634.63|1014.96,655.783|1087.09,687.039|1109.7,847.158|1061.86,955.655|1060.21,1013.11|1033.31,961.898|1079.16,903.991|978.988,651.711|908.863,661.815|827.239,685.064|850.798,644.514|855.942,607.496|855.674,567.14|897.634,570.631|1002.83,943.629|1004.71,1180.99|953.291,1394.58|949.507,1584.34|908.257,921.268|815.541,1101.47|790.124,1372.34|729.906,1536.82|1004.47,592.044|976.533,575.239|993.646,551.855|1041.81,551.653|964.692,558.21|956.094,563.667
194|1|948.08,914.451|972.518,816.396|987.823,742.949|1005.7,630.444|1020.05,651.623|1087.6,686.073|1109.25,840.606|1061.21,952.301|1058.86,1008.58|1037.25,969.08|1075.18,909.372|985.631,646.059|918.004,650.588|817.441,681.547|855.003,635.885|880.537,586.063|887.198,528.965|923.213,575.23|994.976,929.877|973.332,1170.72|924.326,1386.53|902.945,1565.76|906.886,901.025|800.981,1086.31|771.335,1340.62|700.963,1488.73|1012.11,589.214|978.193,571.542|998.086,550.735|1049.63,554.232|970.949,554.107|969.795,557.683
195|1|951.784,897.28|973.331,803.881|987.637,732.995|1008.09,626.907|1021,647.336|1082.34,684.136|1107.84,829.581|1073.66,914.626|1065.84,978.323|1031.31,967.201|1087.45,923.07|988.702,641.084|925.015,642.145|813.71,685.874|886.068,631.035|894.051,597.897|912.328,548.575|918.631,604.137|996.647,910.831|967.279,1157.41|919.994,1374.52|887.807,1535.61|912.309,885.467|817.496,1101.61|785.196,1331.96|719.58,1463.55|1015.26,587.897|997.264,569.24|1012.81,549.803|1052.24,553.703|986.134,553.732|972.89,559.449
196|-1
197|1|950.047,889.083|971.236,794.153|985.18,722.11|1005.83,613.696|1019.14,634.672|1082.77,671.117|1125.53,817.699|1089.19,904.212|1077.43,968.37|1032.82,964.764|1089.84,925.566|985.965,628.259|920.461,630.642|802.759,695.948|853.044,667.408|868.714,624.478|898.536,570.487|894.923,632.755|995.831,902.515|964.917,1154.66|918.536,1367.59|886.208,1532.07|909.748,877.374|815.097,1101.77|789.668,1321.12|727.562,1456.64|1012.93,573.714|969.4,567.052|997.208,554.584|1053.45,566.65|974.865,543.212|990.513,525.919
198|-1
199|-1
200|-1
201|-1
202|-1
203|-1
204|1|971.609,851.373|986.426,772.003|997.489,709.916|1009.82,617.822|1019.88,634.974|1072.18,658.061|1153.52,745.927|1172.68,713.441|1137.77,684.549|1085.62,692.832|1107.21,696.229|995.203,630.556|948.596,630.45|922.997,620.577|1013.18,552.678|1045.55,522.569|1079.2,494.914|1041.17,549.97|1008.63,856.416|1009.9,1054.91|962.391,1215.34|974.728,1329.42|937.499,846.8|913.929,1048.71|879.141,1220.1|883.034,1327.71|1017.01,584.29|1025.93,541.951|1032.88,534.255|1048.87,557.746|1011,535.313|980.771,559.086
205|1|974.289,857.402|988.254,775.323|998.825,711.097|1006.66,615.066|1017.76,632.072|1074.12,648.106|1167.03,729.724|1182.95,706.554|1144.12,681.31|1092.5,696.867|1116.38,697.78|992.401,629.286|945.07,631.834|928.251,618.408|1025.91,548.398|1065.39,521.626|1104.22,501.52|1045.33,546.516|1012.36,861.494|1027.76,1069.22|979.29,1230.86|995.423,1351.34|939.13,853.701|923.827,1067.67|891.225,1245.59|900.42,1360.97|1012.46,580.016|1027.66,527.804|1028.12,522.644|1036.94,551.156|1008.07,525.167|971.747,558.915
206|1|974.734,860.518|988.135,776.728|998.194,711.126|1006.94,613.273|1017.89,630.655|1072.52,648.432|1166.45,732.023|1198.98,720.259|1165.43,692.494|1108.38,698.259|1127.2,698.417|992.488,627.71|945.065,630.152|935.837,619.665|1041.4,549.881|1093.9,529.521|1133,535.872|1085.84,551.197|1013.5,864.073|1034.36,1077.28|988.369,1245.89|1006.72,1371.23|938.888,857.314|925.554,1076.72|892.619,1258.1|901.058,1377.67|1013.29,577.602|1040.12,525.858|1049.46,527.839|1054.87,568.824|1027.93,518.627|988.271,540.366
207|1|980.578,873.371|992.303,787.777|1001.85,720.991|1010.97,620.619|1021.98,637.867|1077.81,653.214|1174.59,740.634|1215.08,740.861|1186.71,709.402|1127.15,704.182|1144,704.328|996.265,636.139|947.891,640.273|947.076,617.432|1053.91,541.587|1107.07,523.444|1155.07,530.389|1105.66,548.052|1020.29,875.802|1057.46,1096.22|1007.42,1261.82|1026.23,1392.96|943.862,871.211|936.364,1100.58|901.649,1278.28|908.295,1405.31|1017.74,584.109|1025.02,545.321|1040.68,538.251|1062.2,566.019|1016.08,532.751|989.082,546.182
208|1|983.081,883.951|994.259,795.442|1003.6,726.405|1014.06,622.602|1025.07,640.234|1081.92,656.877|1179.23,751.352|1227.77,763.869|1206.69,727.074|1144.51,713.734|1160.18,713.397|998.835,638.92|949.955,645.14|953.253,618.991|1060.24,538.094|1118.17,507.024|1170.45,550.249|1127.71,543.376|1024.02,885.506|1068.78,1114.89|1018.16,1287.09|1039.93,1425.59|945.163,882.604|926.426,1122.18|890.557,1305.72|893.251,1440.67|1021.62,584.901|1027.51,550.226|1023.86,533.742|1036.86,539.038|1004.16,547.856|972.622,578.968
209|1|986.466,905.396|995.591,808.547|1004.29,733.258|1019.29,620.059|1030.12,638.751|1088.56,657.424|1182.57,774.628|1242.52,810.775|1235.12,767.803|1170.12,734.96|1183.47,735.021|1002.52,638.609|952.683,648.426|964.375,621.122|1069.62,541.716|1115.27,521.505|1184.86,547.013|1154.79,542.943|1030.3,903.583|1096.91,1156.99|1036.52,1337.68|1064.63,1492.39|945.509,907.203|933.697,1179.15|892.823,1362.23|895.734,1514.25|1029.45,578.979|1032.46,571.044|1032.32,543.776|1052.46,528.049|1007.52,560.566|974.396,571.441
210|1|988.843,918.762|995.251,817.256|1001.82,738.53|1018.24,621.399|1029.78,641.018|1093.55,663.086|1181.75,793.098|1244.74,852.619|1249.84,811.284|1189.08,763.363|1200.17,761.793|1000.29,640.292|946.576,648.328|964.522,619.279|1077.92,538.062|1129.44,514.365|1200.98,553.592|1165.33,555.889|1034.08,915.203|1113.29,1178.59|1051.52,1371.29|1083.29,1531.27|946.445,922.22|942.927,1209.39|899.523,1402.34|904.848,1561.02|1028.84,578.911|1015.48,567.779|1028.3,541.857|1066.8,535.983|998.134,550.104|976.485,553.049
211|1|995.305,926.983|998.217,822.587|1002.33,742.076|1015.08,621.759|1027.87,641.878|1094.21,665.592|1182.09,799.734|1253.74,875.097|1264.99,838.855|1202.63,789.87|1211.3,780.931|997.141,641.081|941.62,649.441|966.984,619.435|1085.3,536.365|1140.67,512.941|1213.65,549.657|1171.09,562.154|1042.37,922.612|1122.46,1194.46|1070.63,1399.32|1104.48,1562.97|951.342,931.198|944.316,1227.86|909.447,1432.83|913.52,1594.71|1024.12,578.032|1026.05,572.041|1036.48,544.877|1064.82,536.015|1005.76,552.708|972.156,551.233
212|1|994.777,925.562|997.521,821.718|1001.38,741.409|1015.51,621.38|1028.12,641.569|1094.56,666.207|1182.24,800.698|1257.39,886.433|1271.46,856.159|1211.86,807.794|1217.9,792.914|997.288,640.562|941.725,648.829|970.85,619.633|1094.44,538.143|1151.56,513.238|1221.15,553.383|1180.93,573.614|1041.7,920.855|1122.84,1190.31|1077.42,1402.33|1115.38,1564.95|950.935,930.091|946.996,1226.22|911.982,1434.53|917.159,1595.79|1025.04,577.78|1029.06,573.225|1038.71,545.573|1065.41,535.284|1008.09,553.887|972.809,551.82
213|1|994.785,925.562|997.53,821.719|1001.39,741.409|1015.52,621.382|1028.14,641.571|1094.57,666.214|1182.24,800.711|1257.41,886.485|1271.5,856.235|1211.91,807.871|1217.94,792.97|997.308,640.562|941.751,648.823|970.918,619.631|1094.54,538.149|1151.7,513.257|1221.32,553.42|1181.07,573.579|1041.71,920.856|1122.85,1190.31|1077.44,1402.34|1115.41,1564.95|950.942,930.09|947.007,1226.22|911.986,1434.52|917.165,1595.77|1025.06,577.783|1029.1,573.2|1038.78,545.568|1065.49,535.339|1008.16,553.84|972.87,551.747
214|1|995.579,925.674|998.492,821.686|1002.52,741.26|1017.46,621.073|1029.87,641.37|1095.73,666.819|1181.48,802.894|1259.4,893.99|1276.24,866.601|1217.9,818.533|1221.91,800.658|999.174,640.195|944.291,647.787|978.594,619.277|1105.9,539.248|1166.17,517.398|1238.58,560.759|1189.51,572.441|1042.51,920.959|1125.83,1190.13|1081.39,1404.22|1120.69,1566.85|951.716,930.212|948.654,1227.15|912.69,1433.32|917.385,1594.31|1027.37,577.441|1024.02,574.494|1036.87,547.16|1069.78,537.481|1005.55,553.644|976.054,548.441
215|1|993.384,925.413|997.859,821.537|1002.34,740.614|1018.2,620.353|1030.42,640.718|1096.75,667.183|1166.88,812.313|1217.2,905.543|1257.55,879.17|1220.86,805.665|1222.03,804.343|999.777,639.446|945.359,647.617|983.662,618.565|1112.73,540.662|1171.75,516.212|1245.73,563.804|1195.78,568.429|1040.18,921.01|1122.04,1190.04|1077.16,1405.34|1118.5,1566.37|949.587,929.664|947.484,1227.58|909.624,1436.85|917.127,1597.39|1028.5,576.709|1025.64,571.587|1039.65,545.13|1072.79,538.268|1007.97,550.239|978.383,545.232
216|1|994.902,926.41|999.459,822.287|1004.04,741.159|1020.77,620.607|1032.82,641.111|1097.79,668.847|1169.36,813.487|1230.36,916.276|1266.31,890.761|1220.76,822.733|1223.87,813.707|1002.22,639.65|947.962,647.481|987.966,618.037|1117.59,539.92|1179.68,517.595|1255.27,565.047|1199.59,569.305|1041.75,921.93|1122.88,1191.76|1078.8,1407.19|1119.76,1568.49|951.041,930.735|947.455,1229.88|908.943,1436.91|913.693,1597.29|1031.44,576.888|1025.36,573.583|1038.74,546.092|1073.76,536.488|1007.19,552.697|979.558,547.801
217|1|995.173,926.586|999.761,822.379|1004.39,741.188|1021.25,620.529|1033.29,641.039|1098.38,668.864|1169.49,813.989|1231.39,920.12|1268.05,896.34|1222.29,828.627|1224.82,817.568|1002.66,639.611|948.389,647.55|988.885,618.914|1118.96,541.285|1181.47,519.664|1257.43,567.858|1201.04,570.334|1042.06,922.085|1123.58,1192|1079.58,1407.35|1120.73,1568.57|951.277,930.932|947.378,1230.46|908.65,1435.91|913.058,1596.02|1031.98,576.769|1024.79,574.301|1038.78,546.774|1074.82,536.99|1007.08,552.964|980.334,546.998
218|1|1002.29,927.112|1004.22,823.293|1006.72,742.201|1022.03,621.264|1034.52,641.533|1099.38,668.348|1170.7,813.731|1233.64,923.777|1269.18,902.198|1223.15,836.089|1225.76,821.592|1003.52,640.734|948.385,648.896|990.97,620.185|1120.56,542.201|1183.47,520.729|1260.01,570.216|1202.95,570.216|1049.63,921.577|1136.02,1192.12|1094.11,1402.79|1133.5,1565.3|958.084,932.414|960.059,1231.56|926.821,1430.4|929.573,1590.4|1032.17,577.329|1024.92,577.746|1038,549.153|1073.83,536.3|1006.37,556.462|979.262,549.436
219|1|1002.43,926.917|1004.37,823.1|1006.9,742.008|1022.27,621.057|1034.73,641.324|1099.56,668.124|1171.23,813.473|1234.62,924.867|1269.85,904.268|1223.95,838.959|1226.08,823.179|1003.74,640.538|948.646,648.775|991.565,620.455|1121.6,542.549|1184.69,520.87|1261.55,569.975|1204.83,570.382|1049.76,921.372|1138.48,1191.15|1098.04,1403.57|1139.27,1565.83|958.229,932.229|965.737,1231.2|932.363,1431.45|937.347,1591.78|1032.43,577.114|1029.22,574.685|1044.14,547.757|1078.17,539.708|1011.95,552.177|982.515,544.344
220|1|1002.43,926.917|1004.37,823.1|1006.9,742.009|1022.27,621.057|1034.73,641.324|1099.56,668.124|1171.23,813.473|1234.62,924.867|1269.85,904.268|1223.95,838.959|1226.08,823.179|1003.74,640.538|948.646,648.775|991.566,620.455|1121.6,542.549|1184.69,520.87|1261.55,569.974|1204.83,570.381|1049.76,921.372|1138.48,1191.15|1098.04,1403.57|1139.28,1565.83|958.229,932.229|965.739,1231.2|932.365,1431.45|937.349,1591.78|1032.43,577.115|1029.22,574.686|1044.14,547.758|1078.17,539.708|1011.95,552.178|982.515,544.344
221|1|1009.97,926.615|1008.63,822.78|1009.06,741.962|1023.02,621.181|1035.65,641.198|1100.85,667.919|1173.22,812.965|1237.34,925.628|1268.76,907.377|1224.28,844.542|1226.62,825.836|1004.79,640.878|950.512,650.136|990.985,627.03|1118.32,549.861|1185.33,527.652|1263.1,571.977|1221.62,566.897|1056.56,919.234|1153.53,1185.5|1113.13,1395.49|1156.76,1556.95|966.368,933.657|979.031,1231.64|948.305,1427.66|955.261,1588.42|1032.69,577.253|1033.45,572.583|1047.17,545.927|1078.11,539.018|1015.18,550.765|982.72,545.042
222|1|1010.18,925.886|1008.98,822.191|1009.56,741.514|1023.53,620.965|1036.18,640.914|1101.39,667.555|1172.49,812.984|1236.49,927.082|1269.8,908.805|1224.7,846.33|1226.67,826.937|1005.29,640.672|950.859,650.117|990.927,629.242|1117.81,553.676|1185.17,531.768|1264.49,574.118|1219.42,572.109|1056.72,918.624|1161.08,1181.98|1121.63,1392.92|1168.86,1554.21|966.615,932.815|991.413,1224.78|961.136,1425.02|970.13,1588.93|1033.2,577.111|1033.96,576.032|1047.73,548.707|1078.72,539.314|1015.71,553.598|983.22,545.246
223|1|1006.03,924.482|1006.6,820.727|1009.71,740.809|1025.88,621.212|1038.22,641.019|1102.4,665.99|1172.49,811.709|1232.8,926.878|1266.91,909.868|1225.76,846.228|1226.99,827.528|1007.19,640.847|950.471,648.493|991.313,629.528|1121.15,560.341|1189.08,537.684|1264.74,584.923|1220.02,590.986|1052.47,918.222|1174.86,1171.65|1121.19,1370.03|1168.34,1534.1|962.555,930.473|998.462,1182.85|968.831,1384.55|974.969,1556.9|1036.39,577.723|1034.19,578.618|1047.07,550.086|1079.77,537.58|1015.13,556.743|984.234,548.644
224|1|1006,924.563|1006.57,820.851|1009.69,740.976|1025.92,621.458|1038.25,641.247|1102.34,666.298|1171.05,812.55|1230.59,927.894|1265.58,911.048|1225.58,846.635|1226.81,828.346|1007.24,641.085|950.609,648.71|991.884,630.08|1122.4,561.239|1190.89,538.614|1265.56,585.931|1217.34,598.984|1052.41,918.305|1175.47,1170.69|1122.9,1371.86|1170.75,1536.83|962.546,930.552|996.871,1178.86|968.775,1388.49|974.533,1562.93|1036.46,578.001|1033.62,580.538|1046.75,551.793|1079.98,538.301|1014.77,558.31|984.386,548.857
225|1|1003.65,926.533|1004.32,820.245|1009.32,739.904|1026.17,620.276|1038.13,640.305|1102.33,666.534|1164.05,814.111|1219.61,928.392|1248.09,916.77|1227.45,858.834|1226.92,839.313|1007.63,639.623|952.413,647.796|990.634,633.225|1118.95,571.732|1193.03,551.615|1264.69,594.733|1221.88,593.249|1049.86,921.324|1181.45,1170.4|1117.95,1377.8|1167.08,1545.15|960.279,931.552|1001.78,1181.46|965.663,1401.76|976.077,1579.68|1036.99,576.831|1032.29,584.266|1047.24,555.669|1082.33,540.617|1015.09,560.375|986.671,545.563
226|1|1001.88,928.238|1002.64,822.027|1007.75,741.792|1024.88,622.387|1036.81,642.358|1101.59,669.15|1161.72,818.297|1216.83,938.798|1252.49,927.466|1227.82,868.312|1227.01,846.675|1006.29,641.727|951.197,650.125|990.778,638.147|1120.58,578.495|1195.43,558.148|1267.21,599.714|1221.7,598.546|1048.08,923.02|1180.82,1170.45|1119.29,1384.96|1170.52,1553.13|958.513,933.264|1006.36,1187.42|967.894,1414.02|979.21,1592.08|1035.8,579.048|1039.63,582.737|1051.25,553.827|1079.44,539.337|1019.62,560.652|984.388,550.712
227|1|1001.5,927.97|1002.28,821.975|1007.47,741.927|1024.84,622.788|1036.71,642.679|1101.36,669.535|1160.07,818.961|1214.11,941.094|1250.14,931.416|1227.54,873.505|1226.42,850.662|1006.23,642.138|951.293,650.948|991.862,641.598|1122.79,583.459|1199.11,564.392|1271.33,609.332|1223.26,614.008|1047.6,922.708|1180.52,1168.85|1120.69,1385.52|1173.02,1553.75|958.217,933.038|1010.42,1178.28|972.878,1413.1|985.496,1592.92|1035.87,579.549|1045.93,583.104|1057.75,554.829|1081.91,541.951|1026.09,560.145|986.728,548.742
228|1|1001.54,927.976|1002.34,822.011|1007.54,741.986|1024.95,622.886|1036.8,642.772|1101.4,669.588|1160.06,818.937|1214.13,941.203|1250.19,931.732|1227.7,874.059|1226.49,851.017|1006.34,642.23|951.465,651.043|992.341,641.918|1123.53,583.91|1200.09,564.983|1272.61,610.155|1223.61,614.851|1047.62,922.715|1180.53,1168.74|1120.75,1385.45|1173.12,1553.63|958.274,933.042|1010.58,1178.14|973.013,1412.91|985.653,1592.69|1035.99,579.665|1046.39,583.284|1058.19,555.023|1082.1,542.146|1026.54,560.295|986.958,548.801
229|1|1010.71,923.577|1004.3,818.85|1007.37,741.739|1027.72,624.823|1039.7,644.001|1104.05,668.172|1161.33,819.888|1207.81,942.925|1247.81,933.777|1229.42,869.513|1226.4,850.943|1007.96,644.469|950.114,655.166|992.823,653.866|1128.8,609.563|1206.71,595.443|1277.3,654.651|1231.24,647.126|1056.38,914.715|1179.75,1117.66|1129.15,1305.45|1185.29,1476.3|967.835,932.024|935.476,966.598|957.551,1177.75|954.103,1341.1|1039.84,582.358|1054.02,583.244|1062.83,553.658|1083.55,539.824|1031.2,561.791|987.559,554.954
230|1|1010.54,924.084|1004.04,819.538|1007.05,742.577|1027.2,625.869|1039.17,644.943|1103.28,668.533|1160.77,819.504|1207.61,943.116|1246.83,934.868|1229.24,872.76|1225.67,853.093|1007.52,645.557|949.999,656.444|994.084,655.872|1131.44,611.962|1210.41,598.575|1279.91,658.478|1229.11,659.966|1056.11,915.129|1184.97,1111.36|1132,1301.39|1190.17,1471.31|967.762,932.619|962.914,1020.62|970.543,1206.27|972.655,1370.37|1039.26,583.486|1052.65,587.852|1061.16,557.46|1082.27,540.586|1029.62,566.309|986.438,557.639
231|1|1009.89,925.307|1003.17,820.815|1006.04,743.923|1025.7,627.244|1037.74,646.175|1103.77,669.73|1171.13,818.201|1220.63,943.558|1258.76,933.655|1230.35,872.613|1228.72,849.476|1006.1,647.079|948.839,658.387|994.86,659.133|1134.18,615.519|1215.02,602.87|1285.74,664.601|1226.71,667.301|1055.42,916.135|1192.02,1107.13|1135.89,1300.27|1196.1,1469.48|967.137,934.048|988.027,1037.07|981.745,1224.5|988.916,1391.21|1037.6,584.865|1054.09,589.798|1063.37,559.805|1082.79,543.951|1031.64,567.214|986.548,556.589
232|1|1006.64,919.84|999.588,817.112|1000.95,742.072|1016.83,631.119|1030.35,648.582|1102.48,672.59|1178.58,818.471|1222.76,953.369|1282.75,958.196|1236.87,886.36|1228.07,862.526|997.138,650.775|939.988,665.782|999.209,665.625|1137.13,636.203|1216.92,632.657|1284.95,692.117|1225.13,688.753|1053.24,912.56|1197.28,1080.27|1142.61,1271.04|1192.05,1439.1|963.33,926.737|971.647,997.028|976.882,1209.3|981.63,1373.2|1026.61,590.767|1052.67,584.682|1064.76,560.421|1077.95,559.275|1033.83,560.385|984.786,550.761
233|1|1002.59,921.002|996.632,818.327|998.207,742.813|1015.69,631.835|1028.71,649.472|1099.36,673.712|1176.16,817.22|1225.32,946.507|1295.5,961.575|1242.34,893.76|1242.75,870.77|995.946,651.279|940.19,667.186|1006.29,676.792|1147.13,648.475|1227.03,646.953|1284.85,711.409|1235.37,704.329|1049.21,914.127|1205.33,1088.42|1147.92,1289.97|1198.81,1458.47|959.25,927.523|993.677,1100.35|979.433,1299.08|984.848,1469.96|1026.17,591.532|1050.81,591.716|1060.97,564.621|1074.56,555.826|1030.13,568.124|980.986,557.243
234|1|1012.65,893.582|998.479,799.408|997.226,731.199|1012.22,628.988|1025.09,643.65|1095,659.65|1175.91,795.653|1217.57,922.157|1279.34,960.681|1236.55,889.232|1251.61,870.639|993.374,648.831|938.492,668.087|1008.35,680.95|1147.04,662.107|1224.61,659.181|1278.94,725.412|1234.63,714.667|1054.12,880.309|1189.21,1006.44|1156.12,1175.99|1223.26,1312.51|973.751,906.142|1010.74,915.742|1042.15,1083.78|1065.34,1216.95|1022.04,591.896|1053.11,591.704|1060.71,564.447|1068.55,554.901|1031.18,569.011|977.683,559.527
235|1|1012.66,893.59|998.501,799.433|997.262,731.241|1012.3,629.063|1025.16,643.721|1095.05,659.772|1175.87,795.802|1217.41,922.252|1279.16,960.818|1236.41,889.329|1251.51,870.821|993.454,648.898|938.608,668.146|1008.65,681.148|1147.47,662.388|1225.15,659.576|1279.56,725.951|1234.73,715.204|1054.12,880.319|1189.44,1006.22|1156.19,1175.58|1223.4,1311.92|973.771,906.148|1010.91,915.474|1041.99,1082.79|1065.3,1215.72|1022.14,591.985|1053.16,591.861|1060.81,564.617|1068.71,555.074|1031.27,569.132|977.833,559.549
236|1|995.958,889.725|990.673,797.455|997.411,732.714|1012.21,630.37|1024.9,645.282|1092.7,659.884|1172.17,792.49|1218.79,918.883|1277.04,961.217|1234.52,891.857|1254.89,868.7|993.645,649.921|936.386,669.338|1011.01,687.361|1146.6,678.436|1220.01,686.702|1277.99,747.16|1234.9,735.563|1036.92,879.773|1194.5,1000.4|1141.77,1168.5|1210.49,1295.04|957.51,899.171|1050.57,901.683|1060.18,1083.29|1093,1210.1|1021.86,593.243|1053,593.159|1061.3,566.936|1068.89,558.633|1032.25,570.198|979.665,559.533
237|1|996.124,888.958|990.822,796.755|997.582,732.089|1012.32,629.919|1025.03,644.768|1092.87,657.972|1173.46,789.874|1219.18,915.364|1276.47,959.091|1234.5,889.42|1256.88,866.443|993.762,649.486|936.522,669.185|1011.36,688.441|1147.09,680.036|1220.78,688.53|1279.69,749.203|1233.65,737.112|1037.06,878.997|1190.06,996.67|1138.86,1157.66|1208.44,1281.49|957.695,898.411|1031.42,892.496|1066.91,1079.97|1101.48,1206.28|1021.95,592.853|1051.64,594.296|1060.35,567.716|1069.15,558.237|1031.04,571.138|979.37,559.485
238|1|996.448,888.525|991.156,796.499|997.945,731.981|1012.75,630.119|1025.41,644.91|1092.44,657.134|1174.02,787.892|1220.12,911.628|1276.68,955.711|1235.41,886.13|1258.26,864.53|994.215,649.641|937.091,669.519|1011.84,690.043|1146.91,682.49|1220.29,691.634|1279.04,753.071|1233.82,737.12|1037.29,878.584|1186.9,993.108|1137.64,1149.76|1208.49,1271|958.109,897.958|1029.16,885.793|1071.79,1064.77|1113.61,1185.64|1022.41,593.174|1051.45,595.157|1060.48,568.611|1069.81,558.948|1031.12,571.857|979.984,559.649
239|1|998.333,882.904|989.45,791.996|997.391,728.806|1011.78,626.493|1024.13,641.342|1087.03,651.235|1168.55,777.149|1217.71,896.282|1264.19,949.955|1231.96,878.018|1264.26,860.24|993.681,646.065|939.867,669.171|1014.37,692.816|1147.33,688.466|1218.77,697.661|1282.29,755.732|1232.2,737.151|1035.94,869.955|1189.86,964.821|1138.83,1106.79|1215.4,1211.97|962.702,895.264|1028.03,901.59|1088.13,1079.25|1126.49,1201.29|1021.36,589.321|1050.43,599.886|1059.12,571.71|1068.06,555.01|1030.11,576.328|979.041,559.201
240|1|998.334,882.903|989.449,791.991|997.391,728.8|1011.78,626.484|1024.13,641.332|1087.04,651.241|1168.55,777.17|1217.66,896.287|1264.14,949.985|1231.91,878.019|1264.25,860.285|993.681,646.058|939.861,669.171|1014.36,692.835|1147.32,688.505|1218.77,697.71|1282.28,755.802|1232.28,737.09|1035.94,869.952|1189.8,964.937|1138.67,1106.67|1215.19,1211.84|962.702,895.265|1027.76,900.849|1087.98,1078.27|1126.81,1199.98|1021.37,589.311|1050.41,599.754|1059.14,571.619|1068.11,555.057|1030.12,576.179|979.079,559.081
241|1|998.337,882.907|989.453,791.993|997.397,728.802|1011.79,626.484|1024.14,641.332|1087.05,651.25|1168.56,777.19|1217.64,896.302|1264.12,950.014|1231.9,878.033|1264.25,860.32|993.688,646.058|939.867,669.174|1014.38,692.851|1147.35,688.531|1218.81,697.742|1282.34,755.848|1232.32,737.144|1035.95,869.955|1189.77,965.005|1138.6,1106.62|1215.08,1211.79|962.704,895.271|1027.68,900.749|1087.88,1078.11|1126.71,1199.79|1021.38,589.31|1050.41,599.7|1059.15,571.581|1068.14,555.076|1030.13,576.117|979.102,559.037
242|1|998.337,882.907|989.453,791.993|997.397,728.802|1011.79,626.484|1024.14,641.332|1087.05,651.25|1168.56,777.19|1217.64,896.302|1264.12,950.014|1231.9,878.033|1264.25,860.32|993.688,646.058|939.867,669.174|1014.38,692.851|1147.35,688.531|1218.81,697.742|1282.34,755.848|1232.32,737.144|1035.95,869.955|1189.77,965.005|1138.6,1106.62|1215.08,1211.79|962.704,895.271|1027.68,900.749|1087.88,1078.11|1126.71,1199.79|1021.38,589.31|1050.41,599.7|1059.15,571.581|1068.14,555.076|1030.13,576.117|979.102,559.037
243|1|998.337,882.907|989.453,791.993|997.397,728.802|1011.79,626.484|1024.14,641.332|1087.05,651.25|1168.56,777.19|1217.64,896.302|1264.12,950.014|1231.9,878.033|1264.25,860.32|993.688,646.058|939.867,669.174|1014.38,692.851|1147.35,688.531|1218.81,697.742|1282.34,755.848|1232.32,737.144|1035.95,869.955|1189.77,965.005|1138.6,1106.62|1215.08,1211.79|962.704,895.271|1027.68,900.749|1087.88,1078.11|1126.71,1199.79|1021.38,589.31|1050.41,599.7|1059.15,571.581|1068.14,555.076|1030.13,576.117|979.102,559.037
244|1|998.337,882.907|989.453,791.993|997.397,728.802|1011.79,626.484|1024.14,641.332|1087.05,651.25|1168.56,777.19|1217.64,896.302|1264.12,950.014|1231.9,878.033|1264.25,860.32|993.688,646.058|939.867,669.174|1014.38,692.851|1147.35,688.531|1218.81,697.742|1282.34,755.848|1232.32,737.144|1035.95,869.955|1189.77,965.005|1138.6,1106.62|1215.08,1211.79|962.704,895.271|1027.68,900.749|1087.88,1078.11|1126.71,1199.79|1021.38,589.31|1050.41,599.7|1059.15,571.581|1068.14,555.076|1030.13,576.117|979.102,559.037
245|1|998.337,882.907|989.453,791.993|997.397,728.802|1011.79,626.484|1024.14,641.332|1087.05,651.25|1168.56,777.19|1217.64,896.302|1264.12,950.014|1231.9,878.033|1264.25,860.32|993.688,646.058|939.867,669.174|1014.38,692.851|1147.35,688.531|1218.81,697.742|1282.34,755.848|1232.32,737.144|1035.95,869.955|1189.77,965.005|1138.6,1106.62|1215.08,1211.79|962.704,895.271|1027.68,900.749|1087.88,1078.11|1126.71,1199.79|1021.38,589.31|1050.41,599.7|1059.15,571.581|1068.14,555.076|1030.13,576.117|979.102,559.037
246|1|998.336,882.907|989.452,791.993|997.396,728.802|1011.79,626.484|1024.14,641.332|1087.05,651.25|1168.56,777.19|1217.64,896.3|1264.11,950.012|1231.9,878.031|1264.25,860.32|993.688,646.058|939.867,669.174|1014.38,692.852|1147.36,688.531|1218.81,697.742|1282.35,755.849|1232.32,737.14|1035.94,869.955|1189.77,965.01|1138.59,1106.61|1215.07,1211.78|962.703,895.271|1027.67,900.724|1087.89,1078.09|1126.74,1199.76|1021.38,589.31|1050.41,599.69|1059.15,571.573|1068.14,555.077|1030.13,576.108|979.1,559.033
247|1|996.671,883.321|988.088,792.42|996.332,729.375|1011.37,627.168|1023.6,642.072|1086.33,652.285|1168.34,777.903|1217.15,895.366|1262.99,949.384|1230.39,878.047|1264.45,860.603|993.168,646.643|939.369,669.321|1014.52,693.574|1148.36,689.316|1219.47,698.371|1283.13,757.234|1231.9,738.657|1034.3,870.463|1183.84,970.02|1130.3,1103.99|1204.7,1209.14|961.018,895.596|1028.73,903.744|1084.27,1080.17|1123.41,1201.82|1021.2,590.065|1050.13,594.856|1059.22,568.115|1068.37,556.52|1030.2,571.455|979.518,557.363
248|1|996.387,883.215|987.793,792.307|996.044,729.271|1011.04,627.07|1023.28,641.957|1086.18,652.186|1168.19,777.841|1216.43,895.161|1262.21,949.315|1229.64,877.92|1264.28,860.666|992.835,646.563|939.035,669.318|1014.33,693.71|1148.43,689.326|1219.62,698.239|1283.45,757.182|1231.44,739.15|1034.02,870.338|1182.47,970.522|1128.74,1103.07|1202.61,1208.49|960.724,895.508|1024.85,900.875|1083.05,1078.46|1121.73,1200.02|1020.86,589.966|1048.87,595.322|1058.5,568.638|1068.5,557.001|1029.3,571.634|979.333,556.778
249|1|997.004,881.786|987.992,791.103|996.003,728.146|1009.73,626.158|1022.16,640.815|1085.01,649.621|1166.76,774.651|1212.8,892.449|1257.81,946.708|1227.42,875.187|1264.74,860.482|991.778,645.828|938.391,669.524|1014.42,694.161|1148.78,688.446|1218.81,697.219|1282.13,756.776|1229.03,740.175|1034.45,868.748|1179.4,967.008|1131.56,1096.21|1209.75,1196.32|961.513,894.233|1031.1,895.883|1106.47,1060.43|1155.06,1174.08|1019.07,589.086|1048.07,595.385|1058.19,569.006|1067.55,557.55|1029.12,571.185|978.898,554.821
250|1|997.557,885.036|988.492,794.035|996.456,730.855|1009.87,628.392|1022.4,643.16|1085.54,651.77|1167.99,776.566|1214.12,893.287|1258.38,948.507|1226.81,877.004|1265.93,861.952|991.935,648.088|938.363,671.163|1014.51,693.902|1150.61,685.219|1218.89,692.331|1280.43,751.926|1231.32,737.398|1035.1,871.994|1181.6,966.836|1129.17,1096.2|1204.66,1199.13|961.979,897.489|1025.23,895.942|1089.22,1067.44|1130.4,1186.26|1019.06,591.151|1047.93,594.362|1057.57,568.354|1066.87,558.737|1028.54,570.757|978.238,556.935
251|1|997.59,884.887|988.508,793.86|996.458,730.648|1009.83,628.126|1022.37,642.902|1085.46,651.346|1168.23,775.916|1214.53,892.325|1258.77,947.575|1227.14,876.073|1266.39,861.208|991.9,647.834|938.338,670.882|1014.59,693.357|1150.84,684.398|1219.19,691.294|1280.87,750.689|1231.6,736.811|1035.14,871.841|1181.55,966.62|1129.14,1096.04|1204.59,1199.08|962.004,897.344|1024.72,895.624|1088.55,1067.28|1129.33,1186.29|1019.01,590.858|1047.81,593.775|1057.31,567.729|1066.63,558.147|1028.29,570.295|977.946,556.853
252|1|998.096,888.867|989.029,796.498|997.257,732.554|1012.05,629.513|1024.6,644.554|1092.16,660.29|1173.26,789.937|1219.15,911.419|1274.96,959.526|1229.88,889.863|1264.57,869.173|993.612,649.142|939.028,670.694|1015.08,690.593|1154.52,678.758|1221.02,684.878|1285.4,746.343|1228.53,740.261|1036.22,875.988|1193.98,971.25|1129.18,1108.92|1199.86,1220.45|961.959,901.168|1022.65,898.707|1058.49,1086.48|1095.12,1211.03|1021.76,592.104|1046.78,593.639|1056.8,567.248|1069.34,558.043|1026.94,570.331|978.521,558.342
253|1|1000.6,889.318|990.462,796.023|997.877,731.15|1011.07,627.379|1024.06,642.271|1092.55,657.072|1173.62,786.734|1219.48,909.338|1273.87,961.391|1227.53,890.691|1268.62,868.17|992.729,647.448|938.079,669.642|1015.12,688.747|1156.47,671.845|1219.81,675.588|1286.53,740.657|1228.44,726.94|1039.08,876.109|1204.88,986.545|1140.17,1125.82|1208.72,1240.84|964.118,901.937|1052.46,945.206|1087.36,1130.25|1129.03,1262.65|1020.2,589.615|1040.08,591.008|1055.73,567.433|1073.56,563.879|1024.92,564.892|982.069,547.606
254|1|1000.6,889.316|990.471,796.02|997.883,731.143|1011.07,627.365|1024.06,642.26|1092.56,657.086|1173.59,786.734|1219.37,909.28|1273.75,961.356|1227.43,890.628|1268.57,868.177|992.733,647.432|938.088,669.612|1015.13,688.616|1156.47,671.638|1219.8,675.26|1286.54,740.181|1228.34,726.717|1039.09,876.109|1204.9,986.549|1140.19,1125.84|1208.76,1240.85|964.127,901.931|1051.68,944.588|1086.6,1129.73|1127.95,1262.18|1020.2,589.598|1040.19,591.025|1055.78,567.412|1073.51,563.778|1024.97,564.927|982.024,547.666
255|1|1004.09,903.176|994.24,805.422|998.347,736.428|1015.96,632.885|1029.3,648.245|1102.9,669.159|1181.74,810.625|1214.76,935.643|1285.27,961.996|1224.99,895.098|1264.25,878.772|995.775,652.529|938.328,673.939|1011.47,682.181|1159.54,644.424|1225.18,651.625|1289.76,723.427|1230.13,710.598|1046.75,891.58|1216.58,996.058|1143.44,1150.26|1201.78,1286.18|963.986,914.195|996.321,943.999|1006.37,1146.29|1026.15,1294.51|1026.66,595.405|1048.34,592.776|1056.12,563.838|1071.49,553.148|1024.76,571.179|975.758,566.008
256|1|1002.05,904.899|995.417,806.63|998.13,736.325|1015.35,632.371|1029.04,648.199|1103.06,670.793|1178.07,813.094|1208.78,936.675|1279.84,960.381|1219.34,893.908|1260.47,884.516|995.027,651.642|938.15,673.511|1013.82,678.34|1158.82,640.545|1222.51,640.272|1288.37,710.328|1237.22,694.661|1047.3,896.574|1207.14,1028.64|1140.76,1190.15|1190.44,1337.59|959.973,912.766|960.568,1003.09|971.226,1196.68|976.986,1352.55|1025.6,594.738|1043.2,595.996|1060.72,571.98|1081.6,569.29|1028.41,568.536|986.469,550.146
257|1|1002.08,904.748|995.418,806.454|998.097,736.099|1015.25,632.027|1028.94,647.879|1102.87,670.411|1178.18,812.341|1209.04,935.099|1280.12,958.665|1219.57,892.43|1260.71,883.452|994.944,651.31|938.12,673.088|1013.96,677.308|1159.04,638.92|1222.67,637.867|1289,706.626|1237.6,692.725|1047.32,896.427|1206.68,1028.51|1140.87,1190.9|1190.56,1338.75|959.99,912.611|963.408,1001.5|972.709,1196.07|978.966,1351.98|1025.47,594.343|1042.84,593.162|1059.61,569.026|1080.56,567.089|1027.24,566.457|984.97,550.688
258|1|1005.97,905.765|998.753,806.918|1000.91,735.912|1017.27,630.898|1031.08,646.91|1104.03,667.204|1181.37,806.926|1208.14,918.569|1274.3,957.391|1218.26,888.754|1262.53,880.953|997.111,650.311|940.078,671.156|1014.65,671.884|1160.43,629.574|1220.74,626.509|1290.57,680.218|1242.57,680.641|1051.35,897.43|1198.86,1017.43|1137.31,1178.74|1188.94,1327.15|963.767,913.64|952.763,933.291|973.769,1094.47|977.424,1233.24|1027.16,592.814|1055.63,588.524|1057.47,558.744|1065.1,545.023|1028.62,570.536|974.642,571.523
259|1|1015.36,928.129|1003.86,822.789|1003.32,745.337|1020.59,627.047|1033.02,645.625|1097.9,665.717|1191.04,800.232|1246.43,897.966|1251.55,948.264|1214.15,871.083|1304.51,840.277|1001.35,647.843|946.501,663.932|1002.16,663.24|1147.28,606.69|1216.96,617.623|1302.8,671.95|1244.66,688.552|1061.39,916.61|1225.28,1046.46|1161.65,1243.62|1228.04,1410.1|972.15,939.079|1024.05,1081.79|1005.48,1240.59|1016.8,1406.47|1031.82,583.96|1039.77,587.775|1053.21,558.575|1080.37,545.916|1019.94,563.36|981.089,550.74
260|1|1016.1,930.48|1004.88,824.085|1004.35,745.698|1022.03,626.003|1034.46,645.094|1098.82,664.999|1198.95,797.006|1270.98,893.361|1255.07,933.557|1211.82,874.768|1309.02,835.973|1002.66,646.674|947.061,661.538|1001.04,659.572|1146.47,601.849|1216.77,613.613|1303.03,666.604|1244.26,685.701|1062.54,919.178|1235.63,1079.46|1179.14,1294.29|1249.03,1465.78|972.499,941.228|1043.73,1144|1014.81,1316.87|1031.14,1490.85|1033.39,582.426|1047.87,584.813|1057.07,554.44|1078.22,539.539|1024.77,562.587|980.363,554.388
261|1|1016.55,929.916|1005.56,824.165|1004.97,745.987|1020.25,624.764|1033.05,643.96|1099.01,664.835|1204.15,794.485|1287.47,891.905|1259.57,922.293|1213.58,878.485|1308.72,836.536|1001.3,645.782|945.157,661.145|997.667,659.481|1142.84,600.614|1212.83,608.899|1299.01,660.198|1243.93,683.852|1062.75,918.016|1234.04,1109.74|1189.42,1337.54|1264.06,1507.04|973.123,941.236|1046.69,1180.75|1016.98,1365.17|1036.56,1539.8|1030.73,580.56|1045.44,585.32|1054.47,554.411|1075.42,537.582|1022.18,562.898|977.521,553.266
262|1|1011.11,932.954|1003.58,825.525|1005.02,745.439|1019.17,622.994|1031.93,642.557|1098.25,664.235|1204.74,792.339|1293.24,888.069|1264.43,916.037|1214.98,880.976|1308.43,837.223|1000.65,643.919|944.783,658.267|995.713,658.199|1140.78,599.821|1208.87,606.05|1292.63,655.317|1244.4,682.193|1057.25,922.623|1231.17,1128.96|1183.08,1359.97|1258.67,1527.26|967.631,942.825|1043.25,1179.66|1010.96,1381.15|1033.5,1559.19|1029.27,578.357|1042.31,585.697|1052.49,554.895|1074.91,537.17|1020.07,562.498|976.965,550.121
263|1|1003.26,932.046|1000.33,825.351|1003.85,745.042|1020.83,623.162|1033.12,642.988|1099.25,666.754|1205.93,795.093|1296.63,892.022|1266.2,914.978|1216.29,881.849|1307.85,839.224|1001.84,643.622|945.194,656.133|994.025,657.806|1140.75,603.539|1207.27,595.574|1279.52,655.782|1200.46,631.414|1049.58,923.378|1213.19,1148.58|1167.43,1384.47|1240.32,1549.83|959.63,940.344|1031.43,1209.51|992.481,1421.97|1013.42,1597.06|1031.96,578.827|1039.6,588.406|1049.42,556.748|1075.26,536.013|1017.1,565.846|977.569,553.413
264|1|1001.41,931.48|998.667,824.843|1002.21,744.517|1019.15,622.541|1031.48,642.455|1098.08,666.533|1204.38,795.104|1296.03,892.671|1266.41,915.69|1217.75,882.063|1307.67,839.967|1000.14,642.925|943.41,655.277|992.521,655.558|1138.8,600.048|1207.34,586.539|1276.95,643.163|1198.67,628.847|1047.79,922.9|1201.57,1160.12|1157.18,1394.25|1225.37,1559.5|957.742,939.695|1018.95,1222.11|980.177,1434.34|999.485,1607.2|1030.22,578.176|1037.01,587.478|1047.78,556.229|1074.55,536.56|1015.25,564.409|976.549,551.244
265|1|1002.16,933.44|999.133,826.626|1002.07,745.901|1018.01,623.183|1030.65,643.248|1097.56,667.158|1203.87,796.025|1296.95,893.007|1267.49,916.709|1218.44,882.301|1307.68,839.799|999.04,643.616|941.582,655.573|990.378,653.492|1134.54,595.335|1205.64,582.972|1270.41,643.722|1196.81,628.551|1048.71,924.615|1194.37,1171.61|1151.35,1403.42|1215.98,1568.74|958.326,941.885|1010.89,1233.62|973.615,1444.23|991.268,1615.82|1028.63,578.539|1034.58,583.228|1046.48,553.175|1074.23,537.881|1013.71,560.059|975.911,548.978
266|1|1001.2,934.332|1000,828.64|1002.57,747.79|1017.68,625.016|1030.74,645.074|1098.73,668.34|1204.74,797.897|1297.31,896.869|1268.09,920.12|1219.86,882.096|1307.66,840.248|998.598,645.475|939.51,656.468|986.772,651.29|1127.15,591.3|1198.18,576.158|1270.64,632.459|1190.93,616.809|1048.9,926.728|1182.86,1182.88|1143.41,1411.22|1202.91,1577.39|956.536,941.591|994.407,1239.02|961.942,1446.44|973.935,1615.67|1027.84,580.336|1031.85,583.406|1044.54,553.862|1073.83,540.218|1011.63,560.162|975.405,549.706
267|1|995.671,936.183|997.916,830.557|1002.2,749.277|1018.84,626.273|1031.9,646.681|1100.98,670.602|1206.77,801.81|1297.14,902.233|1268.46,923.868|1219.42,880.983|1307.7,840.345|999.276,646.428|939.14,656.103|981.802,648.766|1123.21,589.044|1197.52,569.676|1273.97,618.606|1190.69,611.388|1044.6,930.947|1168.16,1196.07|1127.94,1424.49|1181.9,1592.9|950.086,941.205|973.131,1244.02|939.918,1446.79|946.715,1613.87|1029.44,581.567|1027.29,584.189|1041.91,555.053|1076.01,542.556|1008.65,560.424|977.158,549.363
268|1|993.42,937.469|998.019,830.659|1004.14,748.806|1021.31,625.457|1034.57,646.129|1104.23,670.262|1208.3,803.862|1295.23,904.601|1267.68,926.893|1217.65,879.182|1307.98,839.157|1001.41,645.452|939.123,654.798|974.329,648.781|1113.99,589.375|1191.01,566.411|1273.99,610.587|1188.01,603.793|1043.04,934.095|1160.74,1205.7|1111.91,1428.68|1159.87,1600.21|947.284,940.751|963.017,1242.11|927.755,1441.76|930.39,1610.82|1031.97,580.623|1027.99,578.961|1041.18,549.7|1075.87,538.168|1008.25,557.039|977.612,551.116
269|1|987.984,935.766|995.42,828.794|1004.02,747.352|1023.14,624.396|1036.04,645.262|1104.91,670.093|1206.46,805.323|1291.05,904.568|1266.67,928.042|1216.7,877.738|1307.64,838.627|1002.94,644.066|940.507,652.314|971.007,647.279|1108.58,582.253|1187.93,563.817|1275.72,607.958|1186.36,594.44|1037.93,934.357|1152.02,1207.35|1095.63,1426.14|1139.26,1599.89|941.634,937.218|951.835,1235.51|913.413,1437.47|911.68,1608.17|1034.54,579.749|1015.06,581.007|1029.66,550.859|1074.47,535.963|997.48,559.397|978.597,552.549
270|1|986.59,931.224|994.318,824.777|1003.82,744.769|1020.34,622.657|1033.64,643.095|1102.39,667.492|1204.05,800.47|1284.51,896.531|1265.32,927.569|1217.64,878.044|1307.9,837.31|1000.63,642.495|941.145,651.954|967.072,643.927|1100.4,578.84|1183.22,557.313|1272.85,601.85|1183.58,583.52|1036.4,930.75|1147.12,1198.3|1088.09,1408.48|1125.72,1584.79|940.478,931.807|938.24,1204.08|909.246,1415.8|902.428,1591.68|1030.67,578.229|1013.14,579.753|1028.46,550.329|1072.19,536.631|996.202,557.519|976.332,549.226
271|1|986.771,929.143|994.51,823.191|1004.1,743.62|1020.85,622.119|1034.09,642.441|1101.49,666.101|1203.04,797.982|1281.68,890.315|1265.06,923.352|1217.88,878.467|1307.42,836.787|1001.13,641.901|941.44,651.93|962.859,642.831|1094.66,578.915|1179.07,555.384|1269.49,601.209|1181.69,580.071|1036.37,928.693|1143.88,1190.69|1083.49,1396.48|1119.67,1574.58|940.85,929.702|935.178,1176.99|910.178,1399.68|899.742,1579.95|1031.26,577.906|1009.9,582.87|1025.85,553.079|1072.17,537.276|993.842,559.955|977.08,548.846
272|1|985.499,926.042|992.859,821.003|1002.85,742.699|1021.66,623.201|1034.24,643.064|1099.91,665.581|1201.99,795.044|1272.89,882.177|1262.69,918.412|1220.35,879.555|1305.99,839.577|1001.87,642.89|942.887,653.48|951.811,642.035|1084.66,580.643|1171.97,560.348|1251.64,609.106|1180.33,582.805|1034.39,925.154|1141.78,1168.89|1077.8,1366.7|1114.34,1545.89|940.163,927.005|931.571,1132.82|911.603,1353.98|899.529,1535.99|1033.02,579.763|1016.9,571.359|1029.01,542.719|1070.05,532.545|997.763,553.309|976.397,555.974
273|1|988.858,922.581|992.679,818.804|1000.05,740.607|1019.2,623.598|1030.98,643.005|1096.37,667.575|1198.55,792.743|1268.48,875.902|1261.02,915.15|1223.43,880.742|1305.13,840.592|1000.08,642.885|944.686,653.973|939.681,649.352|1065.65,586.472|1146.19,553.829|1235.07,581.81|1159.93,576.287|1035.41,918.851|1148.52,1163.59|1086.65,1372.84|1128.57,1545.36|945.341,926.195|957.339,1186.63|924.003,1403.76|925.908,1577.58|1030.78,581.138|1012.24,578.546|1027.78,550.802|1071.48,540.523|996.438,557.445|978.345,551.978
274|1|988.842,922.568|992.656,818.789|1000.02,740.59|1019.14,623.578|1030.93,642.981|1096.34,667.538|1198.54,792.703|1268.45,875.883|1260.98,915.145|1223.36,880.749|1305.08,840.584|1000.02,642.87|944.597,653.986|939.386,649.405|1065.17,586.548|1145.69,553.949|1234.42,582.16|1159.3,576.382|1035.4,918.836|1148.56,1163.57|1086.7,1372.8|1128.66,1545.3|945.322,926.185|957.413,1186.72|924.09,1403.6|926.052,1577.38|1030.72,581.115|1012.04,578.503|1027.56,550.737|1071.32,540.41|996.231,557.441|978.223,552.05
275|1|984.079,909.89|990.374,809.783|998.099,732.793|1023.33,619.635|1033.87,639.047|1095.47,666.032|1193.76,789.113|1255.78,866.347|1255.94,904.205|1228.47,882.358|1298.48,844.208|1003.43,637.703|948.437,647.626|916.402,651.046|1042.21,598.617|1118.04,564.61|1209.73,578.815|1130,584.836|1029.31,906.4|1133.91,1151.53|1077.74,1361.56|1121.09,1527.32|941.746,913.277|961.064,1183.49|921.079,1389.27|926.912,1554.44|1037.14,578.736|1013.21,577.67|1027.41,549.239|1073.36,535.803|997.352,557.971|983.485,553.67
276|1|981.649,906.856|987.546,806.918|994.96,730.016|1018.56,616.806|1029.49,635.962|1091.75,662.33|1189.03,785.31|1251.77,865.217|1253.28,900.602|1229.82,882.267|1294.6,844.976|998.813,635.2|943.259,646.804|907.835,655.745|1030.7,604.074|1105.15,566.538|1196.95,583.511|1116.03,581.646|1026.91,903.151|1130.08,1149.71|1073.31,1351.95|1114.99,1515.36|939.289,910.444|959.833,1183.95|920.068,1378.77|927.371,1540.77|1031.74,575.797|1010.66,585.295|1023.08,554.784|1066.71,533.237|993.143,564.439|976.655,553.357
277|1|980.878,904.108|987.1,804.492|994.773,727.863|1017.95,615.06|1028.99,634.107|1090.73,660.18|1185.21,783.622|1246.98,862.293|1250.47,897.346|1230.96,882.329|1291.92,845.618|998.245,633.45|942.313,645.878|902.426,656.264|1021.98,605.011|1096.52,569.519|1186.73,584.812|1109.9,581.166|1026.08,900.718|1123.96,1148.15|1065.73,1338.86|1103.11,1501.13|938.588,907.398|931.443,1170.94|901.433,1363.6|901.227,1527.53|1030.93,574.167|1008.86,576.645|1021.12,547.091|1065.02,529.711|991.467,557.419|975.861,552.208
278|1|979.836,900.972|986.091,801.619|993.802,725.222|1016.41,612.784|1027.63,631.728|1089.62,657.771|1181.65,782.055|1241.57,860.19|1246.63,895.144|1230.03,881.356|1290.18,844.986|996.713,631.184|940.032,644.332|895.238,657.522|1010.41,607.254|1085.31,573.325|1174.62,585.887|1096.82,582.712|1025.03,897.775|1114.97,1145.68|1057.34,1327.21|1089.52,1490.06|937.577,904.079|872.426,1123.25|856.412,1343.25|836.621,1514.26|1029.1,571.98|1000.91,578.642|1009.17,547.505|1053.84,522.802|982.246,562.376|971.645,559.191
279|1|972.263,899.282|983.279,800.376|994.58,725.211|1016.01,613.538|1027.64,632.419|1089.07,656.745|1181.24,776.91|1231.86,850.139|1240.44,888.617|1233.13,881.608|1285.77,845.405|996.357,631.742|940.522,645.964|879.041,661.392|987.617,616.695|1064.06,583.921|1146.8,585.653|1071.84,593.867|1018.95,900.797|1098.87,1145.61|1038.98,1317.83|1062.68,1483.6|929.088,898.005|873.174,1124.72|858.652,1337.2|838.718,1504.5|1028.01,572.984|1001.42,583.153|1008.73,551.73|1051.75,524.466|982.292,566.819|970.716,561.492
280|1|970.46,899.67|982.122,800.119|993.504,725.942|1015.08,616.119|1027.04,634.608|1089.18,655.502|1179.78,773.283|1216.34,842.839|1231.94,882.821|1236.87,881.014|1277.89,844.922|995.067,634.214|937.635,649.005|865.381,663.62|975.286,619.493|1051.53,595.616|1132.71,563.669|1054.58,593.977|1018.6,904.104|1074.93,1105.68|1025.35,1270.59|1039.12,1441.4|926.51,895.751|825.648,989.618|843.613,1209.85|806.834,1365.91|1026.95,576.252|994.879,578.28|1009.67,549.549|1060.24,533.733|980.82,558.427|973.885,552.11
281|1|969.873,899.063|981.345,799.5|992.548,725.298|1013.47,615.399|1025.58,633.844|1087.69,654.561|1177.66,772.292|1214.07,841.481|1229.85,881.274|1235.66,879.97|1276.04,844.02|993.544,633.566|935.883,648.629|862.06,663.909|969.734,619.368|1046.24,597.595|1120.98,583.169|1049.49,594.892|1018.03,903.427|1065.03,1096.27|1020.86,1269.55|1032.73,1442.15|925.917,895.209|808.216,972.542|829.417,1199.95|785.487,1352.92|1025.07,575.48|995.222,599.89|1009.24,568.943|1058.74,539.547|980.23,575.962|971.277,551.677
282|1|969.046,896.582|980.978,796.66|992.926,723.594|1015.85,613.677|1027.69,632.466|1088.66,654.516|1174.6,774.846|1212.96,847.13|1228.72,878.275|1233.85,879.995|1271.45,844.038|995.528,631.496|936.121,644.929|859.378,664.552|962.742,625.595|1038.77,597.984|1099.75,580.347|1049.11,597.476|1017.37,901.59|1049.95,1061.2|1006.82,1239.51|1018.76,1410.5|925.005,892.147|806.999,950.369|831.128,1170.72|782.328,1315.99|1028.18,573.785|996.18,600.336|1009.42,568.893|1059.8,537.232|980.956,576.609|973.596,551.542
283|1|967.39,895.683|978.729,795.952|990.134,722.955|1010.81,612.967|1023.04,631.521|1084.9,652.738|1171.83,771.936|1209.54,844.911|1226.44,876.923|1233.79,879.24|1269.99,843.388|990.863,631.044|931.601,645.638|854.277,668.134|955.934,628.039|1031.08,597.819|1093.27,585.027|1040.79,598.302|1015.62,900.414|1041.64,1045.57|1002.59,1227.15|1015.09,1395.9|923.443,891.5|800.554,933.746|829.15,1155.24|779.001,1296.61|1022.22,572.985|1000.81,583.589|1016.69,554.812|1061.92,536.64|986.144,560.323|970.99,544.317
284|1|963.768,894.324|977.197,798.363|989.819,728.188|1008.08,620.527|1020.71,639.126|1083.97,659.64|1173.55,779.779|1193.36,842.684|1223.61,897.446|1244.24,869.165|1287.14,839.433|988.73,637.62|930.604,651.528|868.779,673.857|943.729,638.883|1012.4,601.351|1085.72,579.31|1024.65,609.454|1010.27,900.433|1031.99,1061.31|993.611,1243.31|1005.25,1407.86|921.485,888.89|781.262,984.159|802.229,1203.3|751.866,1344.02|1017.87,581.431|1001.77,586.215|1018.11,560.387|1059.05,548.502|988.466,563.841|971.106,550.585
285|1|962.336,895.778|978.399,801.637|991.878,733.009|1008.9,625.563|1021.95,644.167|1085.71,662.465|1172.46,784.237|1187.75,843.817|1221.97,897.065|1240.96,871.246|1281.65,840.482|989.621,642.556|929.574,655.338|866.663,677.585|939.447,641.606|996.372,590.55|1060.76,599.818|1019.56,610.056|1008.55,904.06|1019.94,1060.55|979.759,1240.72|985.949,1403.03|920.604,888.417|804.245,973.632|812.176,1187.78|760.382,1323.69|1017.96,586.547|1001.65,585.564|1018.21,560.915|1059.08,553.143|988.79,564.216|971.943,555.136
286|1|962.318,895.862|978.377,801.735|991.853,733.12|1008.87,625.695|1021.91,644.293|1085.68,662.604|1172.36,784.405|1187.52,843.918|1221.73,897.196|1240.68,871.347|1281.41,840.63|989.59,642.687|929.548,655.49|866.65,677.857|939.455,641.926|996.381,590.872|1060.95,600.006|1019.61,610.488|1008.52,904.141|1019.72,1060.55|979.589,1240.72|985.653,1403|920.593,888.503|803.637,973.944|812.033,1187.66|760.121,1323.44|1017.92,586.689|1001.6,585.729|1018.16,561.08|1059.03,553.294|988.747,564.38|971.909,555.284
287|1|953.737,914.439|972.792,814.263|988.045,742.239|1002.57,630.165|1017.21,649.416|1087.4,669.651|1169.35,805.031|1168.36,871.78|1226.75,910.571|1225.12,891.335|1262.2,847.505|982.611,648.076|916.681,662.169|838.77,685.244|923.146,649.286|982.365,598.176|1059.91,606.903|1004.46,632.676|1002.28,924.843|1006.64,1065.74|967.755,1247.99|970.971,1422.47|910.032,905.204|771.972,943.689|791.673,1178.31|731.874,1319.71|1010.3,589.376|971.575,582.6|990.795,557.229|1046.44,551.086|962.443,562.457|962.659,559.019
288|1|951.956,918.694|971.264,816.439|985.556,743.762|1000.84,630.959|1015.84,650.245|1087.06,670.41|1170.57,809.598|1148.21,875.808|1210.37,911.018|1217.82,906.056|1242.94,852.901|980.236,649.229|913.407,664.594|814.105,686.591|914.208,648.527|976.73,601.069|1044.79,627.054|998.719,634.774|1001.57,929.704|993.636,1040.68|961.907,1234.01|959.119,1411|907.481,908.963|762.268,934.318|787.87,1175.09|721.822,1316.21|1008.92,589.902|976.469,577.018|996.161,552.124|1049.23,550.453|965.8,557.072|959.942,557.539
289|1|947.948,919.727|969.203,817.252|984.638,745.183|1001.99,632.694|1017.13,652.333|1089.46,675.036|1159.24,825.113|1116.64,893.779|1180.3,915.448|1216.91,927.56|1205.64,863.824|980.585,650.618|910.724,664.055|800.504,688.782|905.538,654.666|966.406,605.873|1045.63,626.975|988.031,642.493|997.747,931.834|998.706,1023.46|956.007,1218.98|953.713,1394.43|903.342,909.022|806.002,926.256|814.266,1161.88|752.442,1303.7|1010.65,591.78|959.768,583.902|987.315,562.283|1053.38,565.956|959.237,558.599|972.186,546.949
290|1|942.596,920.117|969.151,819.344|982.1,746.698|1000.5,636.156|1016.02,656.141|1090.01,675.731|1154.6,823.506|1081.21,911.083|1120.96,916.849|1167.64,928.347|1142.2,881.045|978.475,653.229|907.526,667.065|787.353,691.053|896.37,663.486|953.933,610.51|1028.07,632.645|980.716,645.192|990.382,938.127|823.692,889.247|876.294,1094.51|827.365,1232.76|900.894,904.528|763.996,902.115|792.806,1131.77|716.992,1257.51|1008.96,595.985|977.665,581.539|995.018,554.696|1047.23,550.595|963.857,563.078|955.076,567.755
291|1|943.159,922.398|969.39,820.958|982.106,747.858|999.371,636.863|1015.15,656.739|1089.75,676.545|1154.59,823.914|1067.94,913.035|1029.26,900.092|1007.13,878.166|982.231,882.713|977.475,654.199|906.346,668.529|785.476,693.775|896.36,666.749|956.472,615.385|1031.3,635.664|982.061,649.557|991.244,940.179|885.577,927.299|896.257,1126.46|854.477,1278.37|901.191,907.01|771.071,907.314|796.429,1133.01|722.375,1261.51|1007.41,596.516|971.608,573.536|995.561,551.272|1052.78,559.347|964.182,553.325|961.543,558.052
292|1|954.234,929.416|972.245,825.772|982.646,750.35|994.48,637.43|1010.47,656.381|1085.36,673.546|1140.5,824.07|1065.38,938.986|1036.03,919.311|1016.98,891.137|999.709,896.107|974.104,656.127|905.942,672.081|783.767,701.451|890.55,670.554|959.755,656.628|1038.86,658.176|964.611,651.346|1004.2,941.36|952.679,1000.07|941.772,1200.51|922.57,1375.02|910.068,918.997|794.943,1037.8|820.445,1259.39|771.867,1420.43|1000.94,596.328|968.675,583.111|991.118,559.608|1045.19,561.535|960.214,561.235|955.138,558.633
293|1|954.189,929.362|972.174,825.73|982.547,750.311|994.283,637.395|1010.29,656.337|1085.18,673.52|1140.21,824.073|1064.94,938.858|1034.39,918.226|1013.61,888.902|998.992,893.616|973.926,656.099|905.755,672.116|783.39,701.707|889.753,670.664|958.849,656.647|1037.62,661.923|963.914,651.151|1004.15,941.291|954.992,1001.13|943.06,1201.87|925.167,1376.87|910.032,918.956|792.714,1034.01|817.89,1259.48|768.033,1420.64|1000.69,596.294|968.226,581.245|990.627,558.016|1044.76,560.933|959.789,559.9|954.88,558.912
294|1|956.897,925.607|973.926,822.391|983.567,747.218|993.756,634.494|1009.99,653.259|1083.9,673.277|1139.17,826.219|1064.67,936.358|1021.31,901.328|985.937,851.593|983.707,888.275|973.718,653.305|905.55,670.157|782.386,708.539|885.106,675.336|954.192,661.897|1030.92,669.415|961.016,654.492|1006.7,937.005|988.501,1037.95|962.38,1247.57|950.689,1431.53|912.875,915.667|820.091,1084.31|836.878,1302.07|794.01,1466.8|999.502,593.414|971.252,581.126|988.675,555.253|1038.42,551.351|958.102,562.082|948.089,564.002
295|1|959.861,923.239|976.03,820.239|985.014,745.339|993.491,633.011|1010.03,651.449|1083.53,671.314|1138.61,823.77|1061.55,923.571|1014.35,890.6|974.077,841.339|978.513,886.31|973.725,652.056|905.5,670.301|781.405,716.017|882.338,683.762|950.754,677.231|1022.63,694.345|960.244,669.564|1009.63,934.192|1004.99,1061.15|974.866,1275.65|967.604,1464.03|915.862,913.692|835.735,1107.56|849.212,1318.96|810.83,1483.64|998.571,592.043|970.366,581.855|988.591,555.956|1038.71,551.689|957.811,561.707|947.987,560.962
296|1|959.825,923.271|975.512,820.655|984.058,746.029|991.437,634.221|1008.11,652.463|1081.61,671.745|1135.94,822.639|1066.08,934.516|1026.99,899.663|997.147,850.59|990.377,879.702|971.92,653.282|903.804,671.949|779.187,719.687|878.817,687.538|946.076,682.529|1015.5,700.506|954.028,675.714|1009.37,933.956|1011.16,1069.47|980.801,1285.11|977.13,1473.99|916.029,913.961|843.679,1116.19|856.161,1324.7|821.558,1488.99|996.015,593.45|970.482,581.847|988.578,556.55|1036.93,553.715|957.714,561.882|945.991,561.858
297|1|964.665,920.35|976.754,818.728|982.588,745.198|986.632,634.329|1004.16,652.2|1080.1,671.35|1141.68,821.522|1059.89,933.308|1010.85,899.383|961.237,857.463|1002.31,875.291|967.484,653.521|897.774,671.61|775.295,721.489|876.271,705.356|942.261,691.703|1009.5,698.262|945.515,681.249|1014.01,929.399|1019.52,1083.36|991.945,1297.96|991.598,1486.05|921.022,912.478|861.937,1118.2|872.325,1336.25|842.47,1501.94|989.538,593.886|969.303,583.568|987.9,558.606|1033.4,556.603|956.316,562.267|940.634,559.604
298|1|970.914,921.601|980.521,818.734|984.466,743.353|985.714,630.661|1003.93,649.013|1080.11,670.517|1138.91,824.094|1063.91,931.053|1002.52,918.693|939.78,888.098|1012.44,891.35|966.989,649.867|896.638,668.95|783.789,722.457|868.857,716.334|933.511,703.171|1006.71,706.157|937.043,699.929|1020.67,929.545|1018.36,1116.56|998.446,1333.15|997.835,1524.04|927.007,914.723|855.91,1126.78|874.801,1339.28|842.037,1503.54|986.891,589.474|968.522,579.188|984.881,553.499|1028.22,549.435|953.726,559.251|936.101,558.739
299|1|975.945,925.612|983.979,821.776|987.094,745.272|987.977,631.171|1006.41,649.839|1083.11,670.874|1139.05,826.302|1070.51,928.389|1007.92,922.718|942.001,898.056|1017.56,898.013|969.201,650.483|897.944,667.78|786.23,726.625|870.438,721.479|933.486,717.717|1007.08,722.215|936.395,713.485|1026.23,932.9|1020.39,1143.25|1005.22,1358.83|1004.01,1550.08|931.575,919.316|855.204,1141.23|878.872,1348.63|845.429,1512.27|988.848,589.455|969.59,581.56|987.13,555.769|1031.63,551.22|955.669,560.345|938.929,556.808
300|1|975.926,925.621|983.953,821.803|987.061,745.313|987.934,631.24|1006.36,649.902|1083.04,670.94|1138.81,826.36|1070.25,928.328|1007.8,921.789|942.286,896.228|1015.88,895.533|969.163,650.549|897.926,667.867|786.223,726.806|870.348,721.69|933.379,718.07|1006.93,723.372|936.354,713.861|1026.2,932.904|1020.43,1143.32|1005.27,1358.71|1004.11,1549.88|931.565,919.33|855.244,1141.26|878.962,1348.46|845.568,1512.04|988.801,589.535|969.537,581.667|987.075,555.877|1031.57,551.312|955.621,560.451|938.891,556.894
301|1|975.926,925.622|983.952,821.804|987.06,745.314|987.932,631.242|1006.36,649.904|1083.04,670.943|1138.8,826.362|1070.23,928.323|1007.79,921.762|942.287,896.179|1015.85,895.483|969.162,650.551|897.925,667.871|786.223,726.812|870.345,721.695|933.375,718.078|1006.92,723.4|936.354,713.869|1026.2,932.904|1020.43,1143.32|1005.27,1358.7|1004.11,1549.88|931.565,919.33|855.245,1141.26|878.964,1348.45|845.571,1512.04|988.799,589.538|969.535,581.671|987.072,555.881|1031.57,551.315|955.619,560.455|938.89,556.897
302|1|974.734,928.417|982.783,824.197|985.827,747.355|986.723,632.968|1005.2,651.769|1082.43,672.418|1137.73,827.983|1062.21,931.972|1001.49,918.426|939.861,886.794|1013.64,886.249|967.925,652.225|896.47,668.992|784.16,731.836|866.982,726.386|930.372,721.418|1002.52,746.99|933.739,714.62|1025.1,935.773|1020.92,1153.65|1005.6,1367.78|1005.47,1558.85|930.317,922.064|855.176,1147.62|878.574,1355.42|847.483,1519.87|987.475,591.162|967.878,581.734|986.338,556.665|1031.36,554.114|954.772,560.281|938.626,556.938
303|1|976.045,933.053|982.701,827.86|984.997,749.928|985.655,634.585|1004.34,653.581|1082.71,673.304|1134.98,831.115|1061.87,947.213|1000.84,936.778|937.733,909.568|1015.48,887.055|966.757,653.959|894.541,669.833|780.536,734.823|864.994,733.145|927.524,726.348|1003.33,739.172|931.091,719.801|1026.91,939.8|1023.93,1165.73|1010.91,1381.95|1011.91,1574.05|931.181,927.239|856.45,1159.35|882.38,1369.02|854.184,1534.96|986.212,592.435|970.488,581.143|986.978,555.475|1029.07,552.486|955.202,560.812|935.217,560.484
304|1|975.877,935.44|982.227,829.297|984.359,750.653|985.953,634.435|1004.73,653.747|1083.62,675.515|1129.93,834.647|1061.46,961.286|1007.89,940.745|949.377,915.391|1014.65,886.914|966.649,653.831|893.406,669.544|775.883,736.781|860.17,742.586|925.422,739.536|1000.46,733.348|931.625,729.814|1027.29,942.124|1027.71,1176.88|1014.11,1392.74|1016.06,1585.83|930.521,929.684|860.892,1171.24|885.896,1380.19|859.227,1546.88|986.856,591.95|970.134,581.045|987.443,555.068|1030.84,552.165|955.116,560.001|935.612,558.79
305|1|975.716,936.061|982.076,829.891|984.214,751.257|986.209,635.169|1004.95,654.525|1083.74,677.003|1127.32,836.142|1060.11,963.757|1008.69,943.83|952.123,919.748|1013.44,889.127|966.812,654.494|893.412,669.919|775.532,737.016|860.268,744.757|925.655,742.401|1000.3,733.98|931.723,734.195|1027.15,942.762|1028.91,1179.55|1014.89,1394.75|1017.13,1587.56|930.339,930.29|862.315,1173.8|887.069,1380.28|860.803,1546.45|987.269,592.741|968.426,581.694|986.437,555.847|1031.43,553.336|954.103,560.459|936.352,559.008
306|1|983.214,936.038|984.725,831.092|984.381,751.623|984.509,636.788|1003.62,655.779|1083.18,677.103|1125.14,838.07|1055.85,966.365|1008.49,945.692|956.948,921.067|1013.34,892.526|965.403,656.139|891.784,671.089|773.989,736.151|860.221,747.2|923.689,744.225|997.197,736.889|929.217,736.51|1034.66,940.394|1040.83,1185.14|1032.9,1399.66|1038.5,1589.71|937.741,932.328|875.966,1182.01|905.728,1392.18|884.633,1557.65|984.72,594.849|965.747,581.677|985.87,557.276|1031.71,558.567|953.211,559.519|936.317,557.315
307|1|982.483,935.122|984.548,830.334|984.946,750.493|985.803,635.948|1005.03,655.008|1085.79,676.608|1118.78,844.288|1018.52,948.223|985.966,933.51|930.787,923.96|989.947,868.773|966.319,655.241|891.682,670.195|769.971,736.008|857.793,752.232|924.25,742.559|1003.23,740.582|929.568,737.88|1034.25,939.728|1051.79,1188.48|1038.85,1396.98|1047.49,1585.78|936.658,931.187|886.323,1187.56|912.912,1398.52|898.611,1565.11|986.343,594.109|969.284,581.644|986.367,555.029|1030.39,552.27|953.424,560.826|933.323,561.37
308|1|984.689,935.101|986.135,830.241|986.177,750.18|986.52,635.459|1005.97,654.462|1087.4,675.905|1117.51,845|1014.14,946.604|982.756,932.328|928.464,922.599|989.998,866.864|966.981,654.908|891.862,670.306|768.14,736.681|857.698,752.668|924.81,743.023|1003.67,737.041|929.611,750.018|1036.72,939.335|1059.12,1194.63|1046.24,1397.12|1056.34,1584.18|938.596,931.495|892.957,1193.89|920.189,1401.15|908.362,1567.05|986.89,593.546|968.698,581.43|987.123,554.979|1032.58,553.05|953.745,559.66|934.623,558.722
309|1|984.9,935.807|986.216,830.927|986.207,750.773|986.299,635.872|1005.82,654.853|1087.49,675.719|1116.55,845.62|1012.41,947.181|979.217,932.004|926.034,920.739|990,866.569|966.777,655.401|891.505,670.556|767.836,735.926|858.394,752.534|925.953,741.265|1005.87,736.5|930.931,752.601|1036.99,939.952|1063.72,1199.08|1050.7,1397.82|1061.23,1583.16|938.738,932.278|896.874,1198.6|924.175,1402.72|914.501,1567.37|986.585,593.894|967.957,581.391|986.987,555.245|1032.95,554.143|953.515,559.347|934.895,558.115
310|1|984.777,933.625|985.575,830.513|985.727,750.732|985.781,636.777|1005.39,655.597|1087.66,675.397|1117.01,845.867|1010.81,945.399|978.592,931.305|925.215,921.415|989.898,866.794|966.179,656.219|890.528,671.257|766.036,736.529|859.034,752.142|925.943,739.531|1004.71,730.115|930.791,741.302|1036.75,936.681|1071.55,1200.12|1055.03,1390.95|1070.3,1572.13|938.479,931.049|905.812,1199.86|929.946,1401.21|924.104,1565.19|986.069,595.172|968.315,580.008|987.459,554.303|1033.05,555.108|953.733,558.29|934.308,558.869
311|1|985.325,933.27|985.99,830.112|986.039,750.306|985.84,636.314|1005.51,655.097|1087.83,675.108|1116.96,845.878|1010.96,945.928|978.225,931.571|925.352,921.137|990.022,866.868|966.261,655.813|890.574,671.123|765.937,736.743|859.134,752.378|926.253,740.176|1004.31,727.949|931.257,749.92|1037.34,936.247|1076,1203.7|1059.07,1386.31|1074.33,1564.76|938.988,930.765|909.511,1202.25|933.97,1399.82|929.751,1562.49|986.039,594.69|968.513,580.063|987.387,554.074|1032.79,554.229|953.629,558.348|933.876,558.786
312|1|985.284,933.12|985.912,829.946|985.931,750.133|985.767,636.155|1005.44,654.933|1087.83,674.909|1117.17,845.6|1011.44,945.842|978.498,931.807|926.089,921.615|990.063,866.942|966.164,655.66|890.416,671.019|765.725,736.726|859.118,752.494|926.122,740.178|1007.34,741.769|931.547,745.183|1037.32,936.063|1077.88,1205.18|1060.49,1383.35|1075.85,1560.34|938.924,930.644|911.134,1203.54|935.705,1397.98|932.397,1559.74|985.988,594.534|968.542,580.219|987.43,554.14|1032.82,554.098|953.624,558.396|933.776,558.569
313|1|985.266,933.141|985.899,829.966|985.922,750.149|985.794,636.15|1005.47,654.937|1087.84,675|1116.98,845.807|1010.98,945.818|978.076,931.633|925.676,921.207|989.908,866.892|966.186,655.652|890.436,670.988|765.798,736.682|859.321,752.262|926.389,739.672|1006.85,736.478|931.78,744.185|1037.3,936.088|1078.08,1205.44|1060.56,1382.73|1075.91,1559.46|938.905,930.663|911.325,1203.76|935.923,1397.45|932.747,1559.01|986.029,594.521|968.56,579.876|987.473,553.879|1032.88,554.077|953.671,558.118|933.855,558.522
314|1|982.337,931.826|984.037,829.72|984.954,750.519|985.795,637.13|1005.29,655.935|1087.71,675.762|1116.48,846.835|1008.38,944.257|975.779,930.289|924.019,919.813|989.754,866.577|966.019,656.434|890.173,671.291|765.409,736.397|859.661,752.29|927.093,740.145|1008.1,738.924|931.701,741.482|1034.12,935.195|1077.47,1204.7|1057.48,1379.55|1073.08,1554.54|936.161,928.966|911.421,1202.58|933.104,1394.76|930.769,1555.16|986.44,595.748|968.531,579.365|987.555,553.724|1033.26,555.073|953.776,557.987|934.318,559.714
315|1|982.608,931.8|984.282,829.678|985.185,750.457|985.978,636.995|1005.5,655.794|1087.94,675.836|1116.35,847.338|1008.31,945.271|974.793,930.434|923.301,918.73|989.946,866.451|966.195,656.33|890.311,671.326|765.819,736.416|860.557,752.082|928.015,740.011|1008.29,734.849|932.687,739.773|1034.42,935.146|1077.79,1206.38|1057.26,1377.32|1072.05,1551.17|936.402,928.96|911.228,1203.83|932.863,1393.15|930.574,1552.64|986.615,595.582|968.36,579.323|987.515,553.655|1033.5,554.971|953.71,557.864|934.522,559.431
316|1|984.69,926.934|985.312,827.287|985.5,750.141|985.588,638.097|1005.54,656.55|1089.62,675.368|1119.33,849.391|1004.86,942.425|973.423,928.26|920.884,919.445|989.954,864.629|965.607,657.451|888.333,671.927|760.529,736.514|860.353,755.193|929.611,736.728|1014.22,736.771|934.309,739.692|1036.35,929.114|1080.23,1197.33|1059.1,1362.09|1077.01,1535.18|938.464,925.129|916.501,1196.36|938.122,1380.91|936.209,1541.46|985.99,597.251|967.924,579.609|987.937,553.898|1034.63,556.62|953.318,557.571|933.556,559.396
317|1|984.696,926.869|985.328,827.22|985.524,750.076|985.637,638.038|1005.59,656.494|1089.71,675.336|1119.38,849.433|1004.81,942.36|973.323,928.206|920.754,919.367|989.936,864.576|965.643,657.39|888.335,671.865|760.518,736.654|860.522,755.307|929.948,736.735|1014.16,733.393|934.883,739.769|1036.37,929.052|1081.34,1198.55|1059.22,1356.5|1077.03,1527.66|938.461,925.06|917.575,1197.22|939.431,1376.48|938.213,1535.76|986.049,597.194|968.709,579.249|988.399,553.484|1034.54,556.187|953.756,557.385|933.321,559.656
318|1|982.907,924.101|984.004,825.406|984.612,749.088|986.015,637.721|1005.76,656.181|1089.73,675.759|1118.43,849.918|1003.21,942.46|972.826,928.112|919.191,919.799|989.706,864.307|965.767,656.88|888.341,671.476|759.438,737.211|860.663,754.557|931.042,736.434|1015.6,732.507|936.192,738.221|1034.39,926.318|1082.33,1197.16|1058.53,1349.31|1076.23,1517.81|936.803,922.26|919.101,1196.28|938.85,1368.73|938.532,1525.54|987.012,597.139|969.141,579.038|988.23,552.834|1034.55,554.742|953.615,557.635|933.232,560.866
319|1|985.836,919.452|985.075,823.623|984.33,750.385|986.229,638.586|1006.1,657.389|1089.86,678.152|1118.73,853.671|1016.17,961.653|971.254,914.058|897.672,912.233|983.924,873.688|965.731,657.574|887.64,671.354|760.427,740.922|861.5,753.005|933.119,734.484|1017.7,741.744|937.498,736.068|1037,920.206|1079.3,1196.65|1059.02,1342.06|1079.28,1508.44|939.92,918.918|919.2,1194.66|939.567,1346.29|933.143,1499.89|987.264,597.846|969.017,579.051|988.219,552.643|1035.05,554.797|953.297,557.643|932.875,561.467
320|1|985.493,919.256|984.804,823.467|984.11,750.282|986.193,638.73|1006.05,657.534|1089.74,678.285|1118.63,852.201|1005.4,941.254|964.975,889.326|895.533,913.821|972.486,855.108|965.649,657.646|887.511,671.407|759.214,741.03|859.683,754.385|930.759,734.997|1015.06,740.364|935.086,736.354|1036.65,920.055|1077.47,1200.15|1056.57,1336.07|1075.56,1498.43|939.578,918.682|917.113,1196.54|937.43,1336.87|932.563,1486.85|987.29,598.089|968.84,579.239|988.369,552.943|1035.47,555.427|953.374,557.639|933.179,561.19
321|1|986.449,919.342|985.504,823.893|984.636,750.711|986.337,638.646|1006.26,657.462|1089.96,678.159|1118.82,853.964|1010.99,949.529|962.595,901.415|891.725,914.801|979.863,863.389|965.853,657.706|887.691,671.547|759.69,741.377|859.854,753.911|931.168,734.575|1014.04,740.304|934.935,736.404|1037.61,919.958|1077.7,1202.17|1058.09,1333.99|1075.38,1494.09|940.526,918.931|916.412,1198.99|937.536,1333.42|932.35,1480.51|987.294,597.802|968.465,579.393|988.455,553.21|1035.96,555.855|953.426,557.441|933.69,560.207
322|1|986.736,918|985.706,822.871|984.77,749.984|986.299,638.84|1006.24,657.492|1089.95,678.461|1118.86,851.711|1010.52,954.646|966.522,911.05|897.569,895.621|980.408,868.214|965.857,657.783|887.749,671.68|759.521,740.526|860.476,755.206|930.723,734.899|1012.69,740.292|934.256,736.404|1037.77,918.575|1080.26,1199.88|1060.04,1326.71|1077.03,1483.79|940.922,917.626|921.788,1197.73|941.664,1334.41|939.12,1480.05|987.183,598.36|969.796,579.594|989.782,553.634|1036.4,556.858|954.657,557.53|933.873,560.243
323|1|986.733,918.001|985.704,822.856|984.767,749.956|986.287,638.778|1006.23,657.436|1089.98,678.465|1118.87,852.093|1010.01,954.844|965.914,910.865|896.954,895.271|979.936,868.078|965.842,657.727|887.716,671.621|759.428,740.414|860.374,755.091|930.593,734.75|1012.56,740.091|934.086,736.228|1037.78,918.577|1080.33,1199.97|1060.05,1326.48|1077.04,1483.47|940.91,917.626|921.88,1197.81|941.765,1334.35|939.275,1479.96|987.166,598.285|969.763,579.469|989.733,553.5|1036.36,556.728|954.603,557.425|933.816,560.202
324|1|986.732,917.999|985.703,822.853|984.766,749.953|986.286,638.777|1006.23,657.434|1089.98,678.462|1118.87,852.081|1010.04,954.858|965.95,910.898|896.99,895.302|979.95,868.106|965.841,657.726|887.713,671.62|759.417,740.423|860.346,755.109|930.541,734.757|1012.5,740.079|934.016,736.243|1037.78,918.575|1080.34,1199.97|1060.05,1326.39|1077.05,1483.35|940.909,917.624|921.913,1197.82|941.798,1334.31|939.325,1479.91|987.165,598.284|969.76,579.447|989.73,553.481|1036.36,556.721|954.599,557.408|933.812,560.203
325|1|986.732,917.999|985.703,822.853|984.766,749.953|986.286,638.776|1006.23,657.433|1089.98,678.462|1118.87,852.085|1010.03,954.86|965.942,910.895|896.981,895.296|979.944,868.104|965.84,657.725|887.712,671.619|759.416,740.422|860.344,755.108|930.538,734.755|1012.5,740.077|934.013,736.24|1037.78,918.575|1080.34,1199.97|1060.05,1326.39|1077.05,1483.35|940.909,917.624|921.914,1197.82|941.799,1334.31|939.326,1479.91|987.165,598.283|969.76,579.444|989.729,553.479|1036.36,556.72|954.599,557.406|933.812,560.202
326|1|986.732,917.999|985.703,822.853|984.766,749.953|986.286,638.776|1006.23,657.433|1089.98,678.462|1118.87,852.085|1010.03,954.86|965.942,910.895|896.981,895.296|979.944,868.104|965.84,657.725|887.712,671.619|759.416,740.422|860.344,755.108|930.538,734.755|1012.5,740.077|934.013,736.24|1037.78,918.575|1080.34,1199.97|1060.05,1326.39|1077.05,1483.35|940.909,917.624|921.914,1197.82|941.799,1334.31|939.326,1479.91|987.165,598.283|969.76,579.444|989.729,553.479|1036.36,556.72|954.599,557.406|933.812,560.202
327|1|986.732,917.999|985.703,822.853|984.766,749.953|986.286,638.776|1006.23,657.433|1089.98,678.462|1118.87,852.085|1010.03,954.86|965.942,910.895|896.981,895.296|979.944,868.104|965.84,657.725|887.712,671.619|759.416,740.422|860.344,755.108|930.538,734.755|1012.5,740.077|934.013,736.24|1037.78,918.575|1080.34,1199.97|1060.05,1326.39|1077.05,1483.35|940.909,917.624|921.914,1197.82|941.799,1334.31|939.326,1479.91|987.165,598.283|969.76,579.444|989.729,553.479|1036.36,556.72|954.599,557.406|933.812,560.202
328|1|986.732,917.999|985.703,822.853|984.766,749.953|986.286,638.776|1006.23,657.433|1089.98,678.462|1118.87,852.085|1010.03,954.86|965.942,910.895|896.981,895.296|979.944,868.104|965.84,657.725|887.712,671.619|759.416,740.422|860.344,755.108|930.538,734.755|1012.5,740.077|934.013,736.24|1037.78,918.575|1080.34,1199.97|1060.05,1326.39|1077.05,1483.35|940.909,917.624|921.914,1197.82|941.799,1334.31|939.326,1479.91|987.165,598.283|969.76,579.444|989.729,553.479|1036.36,556.72|954.599,557.406|933.812,560.202
329|1|988.064,914.102|987.145,819.883|986.346,747.619|986.635,637.242|1006.78,655.469|1090.7,677.449|1117.92,851.999|1007.47,952.737|966.824,915.107|899.389,895.035|976.806,866.196|966.391,656.387|888.444,671.865|758.783,739.024|858.821,756.212|930.085,734.816|1010.42,738.795|932.67,734.858|1038.93,914.639|1086.03,1193.57|1064.15,1316.68|1081.36,1471.45|942.393,913.762|929.948,1192.93|948.678,1334.89|949.137,1480.41|987.129,597.049|970.29,578.305|989.244,551.793|1035.2,553.899|954.162,556.805|932.518,560.575
330|1|988.063,914.103|987.146,819.884|986.346,747.619|986.635,637.241|1006.78,655.468|1090.7,677.451|1117.91,852.01|1007.45,952.731|966.787,915.075|899.359,894.979|976.766,866.108|966.391,656.385|888.444,671.863|758.778,739.02|858.809,756.209|930.069,734.812|1010.4,738.79|932.655,734.853|1038.93,914.64|1086.04,1193.57|1064.16,1316.64|1081.37,1471.4|942.392,913.762|929.965,1192.93|948.695,1334.88|949.164,1480.4|987.13,597.047|970.307,578.306|989.259,551.794|1035.21,553.9|954.177,556.805|932.519,560.57
331|1|988.063,914.103|987.146,819.884|986.346,747.619|986.635,637.241|1006.78,655.468|1090.7,677.451|1117.91,852.01|1007.45,952.731|966.787,915.075|899.359,894.979|976.766,866.108|966.391,656.385|888.444,671.863|758.778,739.02|858.809,756.209|930.069,734.812|1010.4,738.79|932.655,734.853|1038.93,914.64|1086.04,1193.57|1064.16,1316.64|1081.37,1471.4|942.392,913.762|929.965,1192.93|948.695,1334.88|949.164,1480.4|987.13,597.047|970.307,578.306|989.259,551.794|1035.21,553.9|954.177,556.805|932.519,560.57
332|1|987.287,916.114|987.303,821.782|986.925,748.963|987.004,637.689|1007.24,656.068|1091.78,677.187|1117.05,853.276|1003.31,950.344|963.19,916.641|894.643,898.924|974.282,860.172|966.754,656.962|888.522,672.024|757.736,739.1|859.453,756.078|929.34,736.772|1000.86,738.482|934.254,732.487|1038.38,918.204|1085.42,1199.32|1064.41,1319.13|1079.07,1473.8|941.589,914.385|928.138,1194.92|949.078,1336.52|949.371,1480.98|987.387,597.146|970.422,577.272|989.39,550.944|1035.46,553.74|954.275,556.026|932.676,560.696
333|1|988.605,911.591|988.18,820.23|987.559,750.028|987.121,640.635|1007.63,658.695|1093.6,677.489|1117.38,855.69|995.711,943.482|963.37,920.026|891.903,910.878|974.371,858.971|966.781,659.689|887.51,672.825|755.59,737.666|859.422,757.355|930.952,738.722|999.047,733.379|935.416,732.148|1039.39,913.082|1085.47,1190.3|1064.28,1306.68|1080.31,1459.88|943.111,910.396|930.8,1187.68|951.771,1325.11|952.274,1468.82|987.261,600.876|969.43,578.759|990.43,553.426|1038.03,559.517|954.727,556.669|934.117,561.078
334|1|988.598,911.57|988.168,820.194|987.544,749.982|987.093,640.567|1007.61,658.628|1093.6,677.417|1117.38,855.656|995.656,943.417|963.107,919.497|891.72,910.238|973.877,857.911|966.752,659.628|887.467,672.789|755.516,737.685|859.331,757.369|930.819,738.766|998.861,733.498|935.261,732.309|1039.39,913.057|1085.57,1190.38|1064.23,1305.86|1080.24,1458.74|943.096,910.377|930.914,1187.77|951.923,1324.35|952.512,1467.8|987.229,600.8|969.574,578.474|990.47,553.141|1037.93,559.285|954.761,556.473|933.972,561.124
335|1|988.598,911.569|988.169,820.192|987.545,749.979|987.097,640.564|1007.61,658.625|1093.6,677.414|1117.39,855.656|995.652,943.409|963.076,919.43|891.703,910.157|973.829,857.786|966.754,659.625|887.468,672.785|755.518,737.678|859.344,757.369|930.835,738.772|998.881,733.512|935.283,732.322|1039.39,913.056|1085.57,1190.38|1064.23,1305.81|1080.24,1458.67|943.096,910.376|930.922,1187.78|951.932,1324.3|952.527,1467.74|987.234,600.796|969.59,578.461|990.482,553.128|1037.93,559.275|954.772,556.463|933.972,561.124
336|1|991.074,907.001|989.072,816.64|987.273,748.362|987.961,638.643|1008.48,656.999|1093.92,678.233|1117.46,858.238|1004.26,959.33|955.872,910.205|884.962,914.55|974.633,868.636|967.241,657.556|887.474,671.648|754.874,741.556|859.375,754.829|931.044,738.841|1000.21,739.216|935.357,737.379|1041.9,907.316|1084.61,1186.4|1066.14,1299.68|1083.56,1452.58|945.498,906.859|929.664,1185.17|951.751,1305.6|947.66,1446.41|988.51,598.739|969.79,578.816|989.827,551.929|1037.97,554.932|953.866,556.759|933.052,560.902
337|1|987.215,907.784|986.558,817.613|986.079,748.577|986.613,638.76|1007.16,656.905|1093.78,676.012|1116.64,855.952|989.054,937.113|952.768,897.274|883.516,884.058|970.487,854.842|965.873,657.924|885.83,672.211|751.444,739.519|860.354,756.828|931.031,742.369|996.491,740.063|935.612,741.144|1038.07,908.099|1088.44,1186.42|1064.49,1292.78|1082.52,1440.76|941.498,907.641|934.19,1187.77|952.892,1310.17|956.5,1448.96|987.253,598.817|970.683,579.621|991.185,552.955|1038.24,556.488|954.931,556.749|932.651,559.323
338|1|988.086,911.391|987.573,820.802|987.283,750.962|987.428,639.696|1008.16,657.926|1095.59,675.835|1116.79,857.588|984.459,931.982|951.341,896.984|882.858,883.112|974.498,848.141|966.622,659.249|886.007,673.466|749.025,739.638|861.003,756.769|931.587,742.607|995.959,738.675|936.888,743.066|1039.29,911.574|1091.31,1192.85|1065.8,1293.51|1082.99,1440.13|942.024,911.369|937.553,1194.96|956.3,1316.2|961.645,1454.96|987.996,599.185|970.341,578.9|990.14,551.729|1037.77,554.727|953.834,556.792|931.821,561.329
339|1|988.018,910.922|987.554,820.426|987.306,750.667|987.384,639.579|1008.11,657.769|1095.61,675.317|1117.25,857.009|983.425,927.269|951.63,893.036|884.239,877.252|974.281,845.639|966.6,659.114|886.036,673.354|749.345,739.788|861.141,757.032|931.313,744.222|994.975,741.665|935.884,743.199|1039.18,911.123|1091.78,1192.13|1066.15,1291.38|1083.12,1436.42|941.992,910.884|939.456,1194.26|957.742,1316.09|964.097,1454.07|987.925,599.137|970.436,580.334|990.582,553.045|1038.24,555.515|954.21,557.629|932.211,560.586
340|1|985.686,910.91|986.006,820.583|986.496,750.711|986.85,639.617|1007.61,657.802|1095.48,675.06|1117.66,857.32|983.122,928.6|950.206,888.647|882.049,875.375|974.523,845.984|965.928,659.182|884.954,673.272|747.501,740.009|861.667,756.239|932.609,744.765|995.599,738.146|938.229,747.136|1036.93,911.118|1091.61,1192.35|1064.05,1289.7|1081.64,1433.77|939.531,910.866|939.638,1195.24|956.353,1316.3|963.418,1454.27|987.54,599.173|971.607,579.855|990.906,552.196|1037.44,554.283|954.377,557.517|930.741,561.523
341|1|987.064,909.539|986.713,820.032|986.716,750.542|987.002,639.717|1007.77,657.825|1095.56,675.624|1116.01,858.24|981.091,927.859|948.068,889.104|880.663,873.234|974.462,845.974|966.091,659.275|885.096,673.265|747.259,740.234|861.742,756.178|932.507,745.022|994.775,736.195|938.448,750.525|1038.17,909.164|1092.65,1189.37|1065.55,1285.57|1082.94,1428.18|940.999,910.021|941.893,1193.69|958.629,1314.67|965.919,1451.79|987.682,599.381|970.804,580.982|990.78,553.349|1038.16,555.354|954.184,558.113|931.457,560.872
342|1|987.135,912.997|986.751,822.721|986.718,752.147|986.915,640.05|1007.71,658.394|1095.64,675.607|1116.3,858|980.857,926.443|949.136,888.533|882.362,872.424|974.495,846.174|966.021,659.761|884.973,673.324|747.449,740.157|862.736,756.433|932.847,746.55|994.067,738.025|938.528,752.195|1038.45,912.546|1093.88,1194.48|1066.28,1288.61|1083.21,1429.86|940.88,913.549|942.849,1199.2|959.414,1318.69|967.724,1454.94|987.53,599.211|970.585,580.44|990.573,552.944|1037.96,555.229|954.034,557.684|931.414,560.717
343|1|987.569,907.777|986.849,819.443|986.622,750.435|987.022,640.022|1007.77,658.054|1095.55,675.694|1116.27,858.119|981.072,926.847|948.594,888.8|881.075,873.101|974.479,846.047|966.088,659.531|885.043,673.342|747.669,740.212|863.505,758.332|932.677,746.601|992.664,736.597|938.382,751.834|1038.49,906.833|1093.37,1185.25|1066.66,1280.65|1084.65,1421.19|941.629,908.772|945.065,1191.33|961.41,1311.67|969.539,1447.63|987.768,599.855|970.942,581.727|990.501,553.801|1037.72,555.149|953.939,559.049|930.994,562.066
344|1|988.01,908.905|987.167,820.378|986.829,751.118|986.826,640.197|1007.65,658.267|1095.53,675.543|1116.6,858.442|981.67,929.895|947.822,890.141|879.601,878.076|974.339,845.669|965.965,659.823|884.935,673.647|747.348,740.355|862.995,757.88|932.748,747.663|993.729,740.433|938.451,752.447|1038.99,907.914|1094.7,1186.65|1067.8,1279.19|1085.49,1418.47|942.019,909.942|945.92,1192.98|962.501,1310.09|971.023,1444.8|987.399,599.829|970.12,581.987|990.708,554.514|1038.56,556.76|954.049,558.647|931.842,560.373
