1|1|973.143,972.776|972.922,850.1|972.274,765.5|975.367,642.642|993.889,663.012|1074.29,678.92|1142.12,830.125|1147.46,929.785|1172.37,982.337|1138.87,1048.97|1116.54,998.59|955.762,660.932|882.942,670.297|768.287,742.927|851.018,731.689|895.881,742.924|983.863,740.148|920.166,724.214|1038.57,970.37|1076.98,1239.93|1084.53,1845.52|0,0|914.841,975.157|801.658,1248.41|822.613,1776.75|0,0|977.206,598.165|965.022,586.582|986.208,565.484|1026.62,570.222|955,563.458|935.953,556.686
2|1|973.155,972.763|972.944,850.066|972.302,765.45|975.425,642.572|993.945,662.95|1074.35,678.903|1142.09,830.172|1147.3,929.707|1172.15,982.226|1138.57,1048.77|1116.29,998.386|955.813,660.859|882.982,670.208|768.312,742.848|851.077,731.652|895.953,742.916|983.945,740.182|920.247,724.21|1038.59,970.367|1077.02,1240.03|1084.5,1845.73|0,0|914.845,975.135|801.635,1248.47|822.54,1776.87|0,0|977.276,598.088|965.671,586.128|986.699,565.056|1026.71,569.968|955.468,563.108|935.928,556.687
3|1|973.158,972.758|972.949,850.057|972.309,765.44|975.439,642.56|993.958,662.94|1074.36,678.901|1142.08,830.19|1147.28,929.718|1172.12,982.239|1138.53,1048.78|1116.25,998.387|955.825,660.846|882.992,670.19|768.317,742.825|851.084,731.632|895.964,742.897|983.957,740.16|920.255,724.188|1038.59,970.364|1077.02,1240.04|1084.49,1845.78|0,0|914.845,975.128|801.626,1248.47|822.52,1776.89|0,0|977.293,598.074|965.838,586.014|986.819,564.945|1026.72,569.898|955.583,563.024|935.912,556.704
4|1|973.158,972.757|972.949,850.056|972.309,765.438|975.44,642.558|993.959,662.938|1074.36,678.901|1142.08,830.192|1147.28,929.713|1172.11,982.231|1138.52,1048.76|1116.24,998.375|955.826,660.844|882.993,670.188|768.317,742.823|851.084,731.63|895.965,742.896|983.959,740.159|920.256,724.186|1038.59,970.363|1077.02,1240.04|1084.49,1845.78|0,0|914.845,975.128|801.625,1248.47|822.518,1776.89|0,0|977.294,598.072|965.858,586|986.833,564.932|1026.73,569.889|955.596,563.014|935.909,556.705
5|1|973.158,972.757|972.949,850.056|972.309,765.438|975.44,642.557|993.96,662.938|1074.37,678.9|1142.08,830.192|1147.28,929.713|1172.11,982.232|1138.52,1048.76|1116.24,998.375|955.826,660.844|882.993,670.187|768.317,742.822|851.084,731.63|895.965,742.895|983.959,740.158|920.257,724.185|1038.59,970.363|1077.02,1240.04|1084.49,1845.78|0,0|914.845,975.127|801.625,1248.47|822.517,1776.89|0,0|977.295,598.072|965.862,585.997|986.836,564.929|1026.73,569.887|955.599,563.012|935.909,556.705
6|1|973.158,972.757|972.949,850.056|972.309,765.438|975.44,642.557|993.96,662.938|1074.37,678.9|1142.08,830.192|1147.28,929.713|1172.11,982.232|1138.52,1048.76|1116.24,998.375|955.826,660.844|882.993,670.187|768.317,742.822|851.084,731.63|895.965,742.895|983.959,740.158|920.257,724.185|1038.59,970.363|1077.02,1240.04|1084.49,1845.78|0,0|914.845,975.127|801.625,1248.47|822.517,1776.89|0,0|977.295,598.072|965.862,585.997|986.836,564.929|1026.73,569.887|955.599,563.012|935.909,556.705
7|1|973.158,972.757|972.949,850.056|972.309,765.438|975.44,642.557|993.96,662.938|1074.37,678.9|1142.08,830.192|1147.28,929.713|1172.11,982.232|1138.52,1048.76|1116.24,998.375|955.826,660.844|882.993,670.187|768.317,742.822|851.084,731.63|895.965,742.895|983.959,740.158|920.257,724.185|1038.59,970.363|1077.02,1240.04|1084.49,1845.78|0,0|914.845,975.127|801.625,1248.47|822.517,1776.89|0,0|977.295,598.072|965.862,585.997|986.836,564.929|1026.73,569.887|955.599,563.012|935.909,556.705
8|1|969.967,974.514|970.638,851.707|970.501,766.832|975.291,642.17|993.667,663.02|1073.56,682.067|1136.38,837.591|1113.87,901.11|1084.92,932.09|1099.23,1024.86|1117.15,940.124|955.309,660.624|882.139,670.539|765.662,742.542|849.305,734.841|900.551,745.86|983.565,739.045|918.065,722.929|1035.67,972.331|1070.6,1243|1070.3,1855.23|0,0|911.45,976.696|790.576,1240.94|810.219,1767.39|0,0|977.693,597.074|975.143,569.301|993.612,551.192|1027.25,565.88|962.234,550.097|935.134,556.416
9|1|969.96,974.518|970.63,851.713|970.491,766.838|975.278,642.176|993.654,663.026|1073.54,682.082|1136.32,837.578|1113.89,901.256|1084.98,932.311|1099.3,1025.07|1117.22,940.377|955.297,660.63|882.129,670.545|765.662,742.546|849.337,734.837|900.628,745.839|983.688,738.931|918.109,722.897|1035.66,972.334|1070.57,1243.01|1070.27,1855.21|0,0|911.443,976.702|790.549,1240.94|810.193,1767.38|0,0|977.68,597.08|975.144,569.308|993.542,551.151|1027.15,565.754|962.162,550.14|935.01,556.536
10|1|969.96,974.518|970.63,851.713|970.491,766.838|975.278,642.176|993.654,663.026|1073.54,682.082|1136.32,837.578|1113.89,901.256|1084.98,932.309|1099.29,1025.07|1117.21,940.376|955.297,660.63|882.129,670.545|765.663,742.546|849.337,734.837|900.628,745.839|983.688,738.93|918.109,722.896|1035.66,972.334|1070.57,1243.01|1070.27,1855.21|0,0|911.443,976.702|790.549,1240.94|810.193,1767.38|0,0|977.68,597.08|975.144,569.308|993.542,551.151|1027.15,565.753|962.162,550.14|935.009,556.537
11|1|969.96,974.518|970.629,851.713|970.49,766.838|975.278,642.176|993.654,663.026|1073.54,682.082|1136.32,837.578|1113.89,901.256|1084.98,932.307|1099.29,1025.07|1117.21,940.374|955.297,660.63|882.128,670.545|765.663,742.546|849.338,734.836|900.629,745.838|983.689,738.929|918.109,722.896|1035.66,972.334|1070.57,1243.01|1070.27,1855.21|0,0|911.443,976.702|790.549,1240.93|810.193,1767.38|0,0|977.68,597.08|975.144,569.308|993.541,551.151|1027.15,565.752|962.161,550.141|935.008,556.538
12|1|965.712,974.12|967.85,853.117|969.157,771.395|976.148,642.134|994.339,663.953|1072.87,686.668|1131.94,842.594|1091.61,922.459|1085.61,933.322|1110.37,1024.35|1112.58,937.025|955.661,661.717|884.687,673.553|764.656,749.564|850.278,733.739|905.642,754.903|987.729,711.212|919.768,727.689|1030.46,972.542|1076.92,1196.26|1074.36,1775.06|0,0|908.084,975.755|772.607,1195.75|796.996,1707.62|734.332,2080.63|979.206,595.3|989.701,569.884|1002.82,549.156|1026.8,559.351|971.309,550.776|932.435,557.643
13|1|964.163,975.256|966.426,853.149|967.8,770.667|974.897,640.651|993.194,662.594|1072.71,685.392|1130.58,847.012|1099.8,936.123|1080.27,936.511|1107.6,1028.52|1118.07,934.75|954.273,660.342|882.68,672.572|762.516,748.898|846.629,731.216|906.57,750.705|987.319,745.694|919.505,723.7|1029.36,973.685|1078.28,1185.08|1076.88,1755.93|0,0|906.141,976.888|761.985,1191.66|793.164,1697.67|729.072,2070.33|977.977,593.543|978.173,569.324|993.318,547.58|1024.92,555.902|961.151,550.314|929.47,557.233
14|1|959.78,975.707|963.775,853.7|966.237,771.063|974.368,640.697|992.558,662.841|1072.21,686.871|1130.06,848.369|1099.79,941.906|1081.63,936.023|1108.35,1028.24|1117.11,935.803|953.532,660.346|881.247,672.157|762.408,744.768|845.404,729.008|909.417,745.076|990.866,731.57|920.374,722.184|1025.04,974.758|1073,1172.48|1066.72,1737.02|0,0|901.775,976.784|753.803,1178.25|782.611,1680.49|715.805,2048.83|977.771,593.452|976.695,568.795|992.886,547.424|1025.75,556.789|960.491,549.397|929.973,555.858
15|1|960.091,975.869|963.927,853.705|966.27,770.915|974.658,640.419|992.827,662.625|1072.61,687.115|1130.29,847.496|1101.42,943.857|1084.28,935.494|1109.06,1027.67|1115.65,937.15|953.761,660.053|881.278,671.749|762.394,745.345|844.991,730.079|909.64,743.672|989.202,732.475|919.861,722.177|1025.42,974.86|1070.47,1166.82|1063.55,1729.02|0,0|902.018,977.001|751.874,1172.7|780.209,1674.78|710.861,2041.45|978.156,593.124|977.84,568.915|993.291,547.068|1025.46,555.452|960.922,549.719|929.522,556.483
16|1|960.157,975.269|963.938,853.281|966.247,770.613|974.572,640.244|992.734,662.421|1072.32,686.892|1128.83,850.753|1099.16,944.287|1081.79,935.802|1107.77,1028.82|1117.72,935.552|953.701,659.866|881.302,671.597|763.008,745.624|845.654,730.13|909.942,744.332|988.067,722.176|919.54,723.953|1025.43,974.221|1069.76,1163.29|1062.99,1725.42|0,0|902.133,976.435|751.129,1170.27|779.627,1671.76|709.414,2036.75|978.046,592.993|977.673,568.852|993.193,547.055|1025.4,555.478|960.847,549.623|929.549,556.268
17|1|963.638,972.56|965.394,851.725|966.37,770.229|975.128,639.919|993.193,662.177|1072.66,687.713|1128.52,849.147|1098.25,947.412|1087.71,934.448|1108.69,1027.12|1113.83,938.636|954.198,659.469|881.033,671.037|764.67,741.401|845.253,729.157|911.483,744.784|991.291,724.99|919.941,725.264|1029.02,970.147|1069.75,1144.72|1067.4,1705.69|0,0|905.448,974.943|752.407,1154.69|787.193,1652.52|721.237,2014.3|978.824,592.683|977.4,569.016|993.112,547.038|1026.07,555.029|960.728,549.722|930.19,556.106
18|1|963.576,972.532|965.32,851.725|966.291,770.259|975.028,639.974|993.093,662.222|1072.53,687.753|1128.17,849.463|1094.92,940.972|1072.22,917.601|1093.68,1005.74|1096.53,918.558|954.105,659.522|880.949,671.112|764.6,741.495|845.052,729.083|911.206,744.544|991.374,728.58|919.669,724.954|1028.95,970.1|1069.72,1143.71|1067.62,1705.71|0,0|905.393,974.931|752.705,1153.88|787.124,1652.33|721.228,2014.22|978.712,592.747|977.338,568.992|993.05,547.053|1025.97,555.128|960.676,549.714|930.114,556.146
19|1|963.49,973.013|965.216,852.216|966.177,770.783|974.894,640.513|992.96,662.751|1072.36,688.165|1128.17,850.283|1090.18,930.461|1068.74,911.982|1091.45,1002.35|1098.36,916.126|953.979,660.06|880.82,671.613|764.768,742.719|845.206,729.761|911.249,743.829|989.891,726.127|918.445,725.363|1028.86,970.536|1069.51,1139.48|1066.65,1703.4|0,0|905.31,975.453|753.37,1148.41|787.383,1647.07|721.964,2006.86|978.561,593.297|977.533,569.629|993.229,547.724|1025.91,555.83|960.868,550.293|930.085,556.575
20|1|962.176,973.815|964.673,852.895|966.072,770.949|974.89,640.752|992.934,662.99|1072.42,688.018|1126.5,850.049|1082.53,935.49|1067.44,914.703|1097.46,1002.15|1097.36,920.097|953.97,660.297|880.812,671.404|765.663,742.515|847.423,729.078|913.585,744.997|980.43,708.3|920.255,727.907|1027.34,971.755|1066.73,1131.29|1061.65,1689.56|1085.68,2144.93|904.227,975.88|753.458,1140.1|785.982,1634.94|720.985,1987.86|978.567,593.556|975.817,569.527|992.859,548.247|1027.08,557.678|960.392,549.737|931.374,555.245
21|1|961.522,973.697|964.191,852.617|965.703,770.557|974.758,640.266|992.778,662.558|1072.46,687.576|1124.61,852.658|1079.3,928.565|1064.68,920.68|1092.41,1010.54|1105.16,920.454|953.784,659.783|880.601,670.887|765.636,740.981|848.139,727.294|915.24,743.202|990.12,726.197|921.323,728.323|1026.77,971.734|1063.91,1126.83|1058.42,1685.63|1081.7,2140.13|903.497,975.676|750.453,1137.6|784.108,1631.3|718.812,1982.8|978.533,593.036|977.94,569.581|993.172,547.401|1025.43,554.934|960.839,550.4|929.543,556.934
22|1|961.521,973.696|964.19,852.616|965.702,770.556|974.757,640.266|992.777,662.557|1072.46,687.575|1124.61,852.656|1079.31,928.605|1064.69,920.743|1092.43,1010.6|1105.17,920.519|953.784,659.783|880.6,670.886|765.631,740.973|848.129,727.282|915.226,743.182|990.064,726.053|921.304,728.302|1026.77,971.734|1063.9,1126.82|1058.42,1685.63|1081.69,2140.14|903.496,975.676|750.448,1137.59|784.102,1631.3|718.801,1982.8|978.533,593.036|977.938,569.573|993.172,547.396|1025.44,554.937|960.839,550.393|929.545,556.93
23|1|961.545,973.673|964.224,852.57|965.743,770.496|974.805,640.187|992.827,662.483|1072.52,687.497|1124.8,852.371|1080.26,931.008|1065.63,924.193|1093.83,1013.91|1105.82,923.594|953.827,659.706|880.637,670.844|765.693,740.915|848.197,727.085|915.256,742.622|988.705,721.535|921.146,727.488|1026.8,971.718|1063.81,1126.56|1058.36,1685.76|1081.58,2140.56|903.509,975.646|750.353,1137.48|783.933,1631.35|718.443,1982.99|978.583,592.95|977.92,569.243|993.201,547.139|1025.53,554.882|960.86,550.098|929.627,556.782
24|1|961.533,973.786|964.215,852.654|965.734,770.555|974.773,640.224|992.802,662.52|1072.52,687.495|1125.08,852.01|1081.41,933.577|1066.75,927.925|1095.49,1017.43|1106.57,926.912|953.796,659.751|880.595,670.919|765.585,740.936|848.011,727.084|914.965,742.399|986.435,716.446|920.699,727.203|1026.8,971.832|1063.7,1126.48|1058.33,1685.97|1081.56,2140.99|903.492,975.759|750.266,1137.57|783.802,1631.57|718.165,1983.38|978.542,592.98|977.814,569.14|993.163,547.093|1025.56,554.985|960.811,549.991|929.646,556.716
25|1|961.659,974.122|964.332,852.874|965.853,770.739|974.679,640.358|992.746,662.629|1072.6,687.224|1125.5,853.744|1080.48,927.075|1065.35,927.567|1094.06,1013.3|1112.45,927.68|953.73,659.913|880.568,671.077|765.569,739.832|848.497,725.106|915.309,740.7|986.196,714.505|921.527,725.765|1026.98,972.174|1063.56,1125.23|1058.4,1686.06|1081.73,2141.98|903.571,976.089|749.736,1137.64|783.627,1632.18|717.882,1984.63|978.383,593.101|977.618,568.785|993.258,547.017|1025.77,555.569|960.879,549.573|929.867,556.328
26|1|962.414,978.633|964.949,855.764|966.342,772.51|974.361,640.988|992.711,663.314|1073.47,687.588|1125.43,855.422|1087.76,944.264|1067.97,925.938|1092.4,1016.17|1111.49,926.858|953.382,660.833|879.691,671.944|764.125,739.536|848.931,721.623|918.816,738.493|989.201,710.854|924.976,722.911|1028.36,976.68|1066.4,1125.92|1063.77,1692.33|1089.51,2157.49|903.779,980.608|748.577,1140.92|784.531,1641.85|716.485,2003.27|977.792,593.343|977.648,570.46|993.15,548.029|1025.42,555.386|960.51,550.79|928.723,556.549
27|1|966.496,987.798|967.774,861.97|967.696,772.76|974.953,640.337|993.552,662.722|1074.91,688.431|1126.24,856.284|1095.28,954.969|1074.4,924.633|1092.79,1018.03|1109.24,929.307|953.947,660.584|879.374,671.888|761.087,735.183|845.159,712.998|918.132,732.686|989.859,698.477|926.51,722.416|1031.38,986.708|1073.04,1134.78|1066.58,1679.07|1098.98,2104.4|908.668,989.002|772.343,1138.21|796.499,1620.24|722.415,1951.06|978.163,592.311|975.748,570.823|992.806,548.177|1027.34,555.419|959.628,550.078|929.604,553.79
28|1|966.316,987.553|967.576,861.755|967.486,772.575|974.754,640.176|993.35,662.558|1074.63,688.362|1125.24,856.721|1089.41,943.995|1054.64,899.088|1063.58,990.438|1063.16,897.064|953.749,660.416|879.165,671.656|760.663,734.385|844.551,711.83|917.385,731.004|986.526,692.171|925.643,720.364|1031.19,986.434|1073.11,1135.65|1066.31,1677.7|1098.57,2102.24|908.491,988.783|772,1138.67|797.24,1618.81|723.925,1948.83|977.961,592.159|975.561,570.612|992.548,547.95|1027.04,555.162|959.386,549.923|929.33,553.752
29|1|949.077,960.263|958.529,845.522|964.396,764.508|975.873,638.497|992.912,660.507|1068.61,688.956|1120.35,844.201|1045.15,918.575|1011.24,866.005|949.507,893.121|991.384,846.943|955.109,657.067|884.529,668.214|771.834,728.942|839.757,708.367|904.966,714.575|973.568,691.107|907.484,705.021|1011.49,963.248|1063.96,1126.15|1028.86,1631.02|1050.32,2019.49|893.53,957.821|767.036,1103.42|765.804,1573.92|708.302,1881.43|980.465,592.713|974.564,565.076|991.465,545.245|1026.96,556.798|959.999,547.159|934.079,556.179
30|1|957.015,962.654|962.134,846.909|964.955,764.182|975.323,638.214|992.545,660.07|1067.34,690.893|1130.51,841.32|1026.55,918.965|992.234,866.498|934.57,897.912|995.469,837.668|954.719,657.038|884.13,667.419|772.195,723.754|842.355,710.812|906.922,707.484|977.986,685.293|908.77,700.444|1018.79,963.699|1063.33,1106.42|1036.53,1591.28|1056.56,1948.9|901.886,961.932|786.727,1081.55|786.449,1553.51|730.325,1848.78|979.532,592.413|970.767,560.976|990.233,543.199|1028.31,559.516|958.719,542.972|936.042,552.827
31|1|955.71,970.63|962.124,852.781|965.408,765.967|974.38,640.231|991.84,661.864|1068.96,688.856|1126.33,844.569|1026.72,930.966|988.756,880.566|928.897,910.847|996.323,846.298|953.969,659.368|882.326,670.849|771.088,723.535|841.489,711.021|903.403,704.195|967.574,670.127|908.382,701.147|1015.56,973.1|1053.11,1093.91|1026.24,1544|1052.74,1850.74|902.346,968.626|809.529,1076.28|803.577,1522.47|750.919,1782.4|978.107,594.49|985.456,575.815|995.018,551.497|1019.39,552.17|964.413,558.305|926.676,565.349
32|1|959.477,971.722|965.275,852.911|968.158,765.222|975.125,638.757|993.053,660.212|1071.26,686.757|1118.99,846.834|1021.21,950.07|987.198,914.791|918.988,923.375|997.967,866.464|954.866,658.402|882.739,670.447|767.54,721.208|840.367,706.204|906.232,696.379|982.849,682.312|909.558,692.371|1019.41,974.179|1058.85,1082.25|1037.32,1511.44|1064.37,1804.74|906.018,969.729|821.312,1076.15|823.578,1515.62|778.754,1777.54|978.215,592.717|977.119,571.57|992.706,549.349|1025.15,555.795|960.667,551.918|930.241,556.399
33|1|959.528,971.877|965.329,852.994|968.217,765.265|975.211,638.746|993.141,660.214|1071.36,686.808|1118.98,847.278|1020.8,950.4|986.609,914.797|918.382,923.351|997.603,866.484|954.942,658.392|882.791,670.374|767.451,720.421|840.471,705.039|906.35,694.695|981,673.782|909.808,690.29|1019.49,974.342|1059.7,1083.2|1037.81,1510.51|1065.05,1803.45|906.044,969.878|822.226,1077.27|825.131,1515.61|781.367,1777.75|978.312,592.687|976.758,571.255|992.288,549.003|1025.01,555.451|960.255,551.765|930.104,556.648
34|1|965.281,983.96|968.435,861.58|970.004,771.445|975.275,643.102|993.746,664.502|1074.83,687.008|1118.77,853.13|1034.54,961.482|989.11,916.274|920.806,942.297|1000.09,876.253|954.902,663.583|882.148,678.615|759.237,726.76|841.237,699.345|911.438,682.354|987.009,648.072|914.98,674.964|1025.53,985.769|1065.81,1079.88|1054.18,1491.81|1094.07,1772.55|911.297,982.541|831.196,1092.23|848.586,1515.84|813.447,1775.01|978.197,596.395|977.499,569.496|992.606,547.608|1025.22,557.058|959.876,550.959|928.11,560.303
35|1|969.985,981.217|970.493,860.662|971.435,773.828|975.664,648.16|994.584,668.592|1077.31,688.449|1121.06,856.541|1036.02,961.762|988.714,917.234|919.382,945.52|1000.18,876.799|955.053,669.32|880.882,688.774|746.163,735.342|838.499,697.24|907.605,673.589|987.426,646.814|912.372,668.271|1027.2,981.872|1068.69,1083.83|1058.06,1448.87|1112.25,1680.7|918.364,980.81|863.556,1098.79|882.218,1472.9|853.402,1690.64|978.648,602.326|966.349,574.097|988.623,553.636|1031.74,568.12|954.405,552.792|932.531,558.597
36|1|970.311,981.258|971.116,860.432|972.333,773.697|976.803,647.888|995.806,668.376|1079.08,688.675|1121.55,858.455|1033.78,963.14|987.915,916.507|918.308,945.399|1000.09,876.336|956.029,669.085|881.323,688.766|744.518,733.524|836.685,694.253|904.172,667.649|988.175,660.981|909.115,663.445|1027.63,982.092|1081.11,1099.69|1063.02,1430.54|1113.52,1661.56|918.599,980.691|870.416,1116|892.102,1452.07|874.091,1668.43|979.873,601.988|974.403,569.765|992.214,548.369|1029.9,562.044|957.826,550.932|928.795,562.981
37|1|969.561,982.723|970.727,861.38|972.396,775.019|977.378,648.174|996.573,668.914|1080.52,688.96|1123.78,860.434|1035.86,964.84|988.602,917.981|918.176,947.724|1000.34,878.383|956.245,669.509|879.847,689.06|738.733,734.953|834.894,693.104|901.74,660.216|978.868,650.872|903.87,658.933|1026.98,983.644|1086.42,1121.12|1062.8,1428.29|1111.61,1656.86|917.724,982.078|876.609,1139.5|897.927,1449.77|883.882,1663.92|980.626,601.88|969.68,569.481|992.174,549.532|1035.05,566.863|957.204,548.582|933.706,557.207
38|1|969.563,984.026|970.764,862.252|972.467,775.593|977.434,648.203|996.695,669.038|1080.68,689.004|1123.37,859.879|1037.5,964.862|990.343,919.047|919.252,947.676|1000.31,878.04|956.241,669.613|879.463,689.153|736.579,734.133|833.017,691.541|899.221,659.171|974.837,650.189|901.422,657.249|1027.16,984.959|1089.52,1136.99|1063.29,1430.31|1109.45,1658.72|917.561,983.37|878.691,1156.18|900.405,1451.03|889.447,1664.33|980.672,601.708|974.864,569.937|991.936,547.276|1030.04,559.256|957.026,551.188|927.232,563.974
39|1|971.868,990.245|972.594,867.329|973.956,779.101|977.692,648.901|997.572,670.046|1083.42,687.469|1123.7,861.956|1036.85,970.036|992.343,920.244|919.611,948.899|1000.48,879.404|956.301,670.912|876.409,687.943|730.05,729.999|831.493,681.094|899.255,655.933|968.346,651.169|900.553,652.292|1030.04,990.751|1093.12,1177.43|1065.3,1457.14|1112.48,1687.68|919.309,989.979|885.25,1192.72|908.316,1477.05|898.427,1693.52|980.431,601.357|972.866,569|992.952,547.083|1033.67,561.842|957.102,548.539|929.075,559.116
40|1|971.519,991.948|972.412,868.254|973.881,779.373|977.708,648.143|997.683,669.492|1083.92,687.224|1123.42,863.525|1035.51,972.261|992.275,920.224|919.247,950.011|1000.51,880.385|956.194,670.265|875.844,687.486|728.281,729.808|829.478,678.691|898.35,651.677|967.521,643.1|897.507,646.281|1030.05,992.537|1097.26,1206.16|1067.82,1477.99|1112.88,1711.19|918.633,991.608|887.218,1221.37|909.118,1497.96|902.475,1716.79|980.468,600.215|973.193,571.048|991.536,547.137|1031.67,557.651|955.597,550.691|926.345,560.783
41|1|971.83,994.849|972.664,870.14|973.898,780.313|976.635,647.853|996.905,669.352|1084.14,687.527|1123.8,864.359|1034.76,975.518|994.528,923.818|919.827,950.386|1000.48,880.488|955.232,670.153|874.507,687.244|728.416,729.374|827.585,675.575|895.591,650.763|960.326,641.06|896.384,645.903|1030.81,995.52|1101.37,1230.09|1070.25,1499.95|1114.03,1738.05|918.584,994.44|885.653,1238.96|907.419,1515.76|902.201,1738.89|978.823,599.483|973.781,569.952|991.71,546.212|1030.28,557.151|955.765,549.576|924.815,559.777
42|1|971.892,995.96|972.775,870.534|973.959,780.094|976.439,646.78|996.852,668.433|1084.62,687.048|1124.27,865.091|1035.05,978.932|995.154,927.701|918.974,950.736|1000.8,882.127|954.999,669.173|873.884,686.012|728.86,728.584|826.662,673|891.749,647.992|952.79,638.395|895.333,646.488|1031.21,996.711|1103.89,1244.43|1071.84,1513.36|1114.84,1755.21|918.362,995.48|883.851,1249.36|905.538,1527.4|900.171,1754.17|978.454,598.09|970.237,573.307|990.291,548.958|1031.69,558.071|954.018,550.941|925.978,556.128
43|1|975.325,1000.91|975.559,873.44|975.193,780.638|975.621,644.446|996.826,666.466|1086.12,685.886|1124.77,867.031|1040.86,989.62|995.297,939.781|916.094,955.675|1001.64,892.828|954.166,667.348|871.533,685.641|731.999,726.119|826.167,670.704|888.988,644.207|946.914,632.811|896.092,641.393|1035.88,1002.13|1096.79,1282.14|1071.39,1549.78|1112.68,1806.55|921.028,1000.01|873.992,1275.72|902.984,1553.52|890.496,1789.61|976.499,594.68|974.575,569.925|992.709,544.742|1029.84,552.992|955.994,547.522|922.288,553.298
44|1|975.32,1000.89|975.553,873.425|975.185,780.619|975.616,644.422|996.82,666.444|1086.11,685.868|1124.77,867.029|1040.87,989.662|995.284,939.837|916.08,955.762|1001.63,892.877|954.162,667.323|871.529,685.592|731.986,725.901|826.234,670.43|889.151,643.724|947.707,632.032|896.251,640.781|1035.88,1002.12|1096.73,1282.21|1071.34,1549.79|1112.59,1806.55|921.023,999.996|873.914,1275.8|902.944,1553.46|890.428,1789.48|976.494,594.653|974.423,570.072|992.588,544.844|1029.83,552.967|955.87,547.636|922.276,553.291
45|1|975.878,997.304|976.237,871.552|975.848,779.867|977.269,643.986|998.287,666.122|1087.11,686.599|1124.58,867.057|1041.69,985.247|992.903,938.89|914.316,959.35|1001.16,891.756|955.675,666.685|872.704,682.039|721.541,720.603|837.783,640.414|853.972,654.282|939.052,619.984|893.693,626.167|1035.91,998.785|1095.76,1295.56|1073.03,1559.16|1110.52,1815.28|922.102,996.177|875.136,1293.54|904.364,1563.4|888.934,1795.74|978.518,594.328|970.722,570.072|991.349,545.43|1033.02,554.608|954.526,546.952|925.924,551.14
46|1|975.75,997.571|976.122,871.552|975.74,779.668|977.315,643.476|998.347,665.688|1087.29,686.313|1124.86,867.147|1041.56,984.973|992.687,938.313|913.957,959.088|1000.86,891.389|955.656,666.197|872.483,681.277|720.491,717.748|836.331,638.096|851.733,649.515|936.663,615.303|891.815,622.116|1035.91,999.06|1096.17,1299.93|1072.51,1558.72|1109.17,1813.7|921.861,996.438|874.84,1298.65|904.605,1560.98|889.822,1790.87|978.623,593.7|970.544,573.396|991.414,547.826|1033.43,554.456|954.44,549.224|926.006,550.273
47|1|976.188,1000.09|975.746,873.427|974.534,780.744|976.624,643.041|997.79,665.626|1087.39,687.016|1124.66,869.093|1046.14,992.927|999.261,945.302|919.328,963.049|1001.71,897.461|954.686,665.857|870.627,680.248|716.689,710.067|807.572,637.873|857.459,642.19|933.445,613.068|886.462,622.666|1036.81,1001.44|1092.16,1320.13|1071.53,1578.95|1105.92,1841.23|921.974,999.085|869.977,1315.22|901.307,1570.94|884.713,1802.1|978.028,592.712|974.494,580.778|989.496,550.348|1026.92,545.468|952.809,557.785|918.588,558.259
48|1|975.653,1001.13|975.466,873.776|974.318,780.335|975.627,641.173|997.102,663.89|1087.5,685.062|1129.17,873.719|1047.49,1000.66|998.599,946.372|916.63,970.719|1002.55,906.557|953.65,664.304|868.979,679.407|716.495,703.335|807.427,637.263|858.298,626.455|926.406,603.434|885.794,616.889|1036.73,1002.86|1087.49,1335.45|1069.48,1595.66|1102.2,1864.66|921.103,999.784|866.169,1328.97|898.74,1582.23|881.107,1815.74|976.694,590.295|968.108,577.306|990.993,550.641|1034.37,554.164|953.223,550.148|925.35,543.732
49|1|976.406,1001.67|975.469,874.534|973.777,781.34|975.847,640.966|997.302,664.014|1087.99,685.481|1133.7,875.802|1052.83,1004.27|1000.32,949.688|917.326,976.628|1004.34,914.469|953.656,664.093|868.26,676.482|715.925,699.548|802.714,636.283|850.786,620.787|922.606,592.544|879.767,614.572|1037.57,1003|1086.96,1342.84|1069.68,1603.88|1099.71,1875.35|921.75,1000.69|868.593,1338.23|899.58,1588.45|880.294,1821.85|977.139,589.67|981.323,574.613|987.904,542.388|1016.6,533.089|953.371,556.852|912.012,567.011
50|1|977.753,1000.88|975.915,875.974|973.719,784.184|977,644.273|998.137,667.391|1088.15,687.401|1133.69,875.569|1057.41,1001.9|1002.32,953.05|919.518,976.588|1004.23,914.911|954.706,667.153|869.273,675.372|713.239,693.483|797.783,627.824|837.954,615.366|917.809,592.512|867.822,615.319|1038.24,1001.62|1086,1343.72|1069.84,1599.63|1098.3,1863.2|923.638,1000.42|875.721,1341.47|904.223,1581.39|885.514,1805.68|978.824,593.203|972.46,574.261|987.944,545.18|1027.38,544.89|951.166,552.717|918.956,558.524
51|1|978.463,1003.8|976.593,878.554|974.389,786.318|977.579,645.834|998.824,669.044|1089.3,689.349|1135.67,878.334|1058.55,1005.22|1004.8,954.31|921.576,976.604|1004.6,916.357|955.216,668.803|869.438,676.672|711.715,688.952|802.466,611.926|825.924,596.318|893.985,618.518|862.797,603.011|1039.16,1004.6|1089.62,1353.84|1072.2,1601.05|1099.81,1862.42|924.164,1003.28|878.395,1351.22|906.943,1582.88|890.159,1805.16|979.34,594.572|968.221,572.183|987.481,545.022|1031.41,549.881|950.113,549.598|922.364,555.009
52|1|978.732,1002.84|977.453,877.976|975.768,785.906|979.818,644.986|1000.97,668.388|1091.47,689.426|1136.54,878.744|1061.74,1007.61|1008.34,957.607|924.838,977.709|1005.61,917.883|957.254,667.9|871.209,675.18|711.391,684.59|795.69,607.018|824.031,586.591|896.081,596.625|857.935,596.739|1039.45,1003.95|1090.55,1358.69|1071.26,1601.82|1098.68,1860.49|924.405,1002.05|880.967,1354.56|906.643,1580.52|890.455,1799.54|981.954,593.558|964.189,576.228|987.16,549.108|1036.6,553.167|949.541,551.005|927.878,549.977
53|1|980.788,1003.22|978.618,878.431|976.05,786.613|980.349,644.711|1001.62,668.341|1092.51,690.784|1145.84,879.884|1076.38,1013.53|1019.05,967.297|934.385,980.734|1009.85,926.847|957.596,667.715|870.903,673.603|710.45,677.133|785.025,600.715|815.347,578.923|890.327,608.076|857.087,596.396|1041.71,1004.19|1090.46,1364.97|1072.47,1604.13|1096.36,1862.63|926.357,1002.56|881.931,1358.47|908.355,1579.23|889.836,1796.25|982.521,592.919|965.166,575.209|988.222,547.953|1037.63,552.252|950.305,549.848|928.093,549.013
54|1|981.988,1004.86|979.087,879.892|975.84,787.539|980.477,644.709|1001.85,668.527|1093.47,691.271|1152.7,879.565|1095.39,1015.13|1032.89,979.579|948.597,988.537|1015.83,937.943|957.497,667.849|870.051,672.392|710.049,671.184|791.081,586.859|802.374,568.428|860.337,607.89|850.117,586.513|1043.23,1005.79|1091.44,1373.16|1073.11,1608.41|1094.93,1867.74|927.34,1004.24|880.547,1364.44|907.847,1575.61|887.611,1789.37|982.82,592.568|962.385,580.477|984.961,551.041|1036.5,550.085|946.825,554.361|926.156,550.53
55|1|981.645,1001.96|978.775,879.007|975.615,787.787|980.697,645.687|1001.91,669.457|1093.01,691.157|1153.6,877.696|1106.88,1019.24|1044.9,988.315|962.95,992.863|1021.28,946.343|957.732,668.65|870.624,672.495|711.225,668.555|769.606,596.316|787.744,560.766|860.545,592.292|834.394,594.881|1042.32,1002.9|1085.71,1368.85|1069.15,1603.59|1090.18,1856.22|927.487,1001.31|880.776,1359.41|906.259,1564.6|886.08,1770.13|983.209,593.82|959.899,575.179|984.894,548.429|1038.68,554.144|947.077,549.511|929.874,548.536
56|1|980.079,998.892|977.69,876.093|974.765,784.602|980.598,642.108|1001.74,666.057|1092.64,690.47|1155.59,876.145|1121.41,1021.85|1060.31,996.239|980.987,1000.94|1028.85,955.11|957.454,665.024|870.143,670.095|712.591,660.592|767.771,582.202|778.661,558.89|848.942,600.159|823.606,589.446|1040.85,1000.43|1081.61,1370.67|1064.77,1603.85|1083.21,1854.78|925.914,997.723|875.668,1358.11|900.847,1557.42|878.543,1758.48|983.408,590.056|963.234,576.6|985.097,547.102|1036.2,546.274|947.081,551.238|925.992,549.219
57|1|984.864,994.138|980.016,874.042|975.108,783.645|980.36,642.473|1001.38,666.11|1091.05,690.525|1159.12,870.97|1137.44,1017.63|1076.94,1001.42|1001.83,1005.38|1037.79,963.065|957.528,665.26|871.051,669.485|714.884,655.151|759.63,579.845|778.805,560.506|821.941,585.398|814.496,595.312|1044.81,994.992|1077.29,1361|1066.83,1594.68|1079.92,1836.82|931.549,993.575|878.265,1348.29|906.119,1542.38|881.522,1732.07|982.958,590.915|960.446,583.35|982.343,552.996|1034.69,548.196|944.819,557.112|925.832,550.814
58|1|984.864,994.138|980.016,874.042|975.107,783.644|980.36,642.472|1001.38,666.11|1091.05,690.524|1159.12,870.97|1137.44,1017.63|1076.94,1001.42|1001.83,1005.38|1037.79,963.065|957.528,665.259|871.051,669.485|714.883,655.151|759.628,579.845|778.801,560.507|821.938,585.399|814.489,595.315|1044.81,994.992|1077.29,1361|1066.83,1594.67|1079.92,1836.82|931.549,993.575|878.265,1348.28|906.119,1542.38|881.523,1732.07|982.957,590.915|960.445,583.349|982.343,552.995|1034.69,548.196|944.819,557.111|925.832,550.813
59|1|982.592,991.418|977.853,872.884|972.922,783.153|978.311,642.681|999.11,666.204|1088.07,690.375|1162.89,867.182|1154.83,1016.5|1094.95,1008.53|1022.86,1013.23|1051.71,972.603|955.657,665.284|869.92,668.874|716.438,651.224|749.231,573.487|769.377,564.293|777.246,571.78|784.72,608.506|1041.97,992.8|1072.84,1355.5|1064.43,1588.26|1074.59,1823.8|929.883,990.383|877.199,1341.21|904.99,1529.03|880.61,1710.13|980.947,591.416|959.32,575.855|982.382,548.282|1034.09,550.572|945.22,550.763|926.624,549.031
60|1|982.56,988.358|977.652,871.752|972.581,782.986|978.8,643.118|999.371,666.676|1087.8,690.437|1163.51,866.129|1165.14,1018.19|1108.43,1010.23|1039.55,1017.89|1059.76,978.125|956.102,665.487|870.722,667.8|720.8,651.489|734.44,587.633|745.643,569.552|760.615,576.231|761.271,590.888|1041.42,989.986|1066.69,1348.68|1058.78,1580.86|1066.5,1810.32|930.351,987.103|876.792,1333.06|903.756,1511.73|878.558,1684.56|981.738,592.084|950.182,578.85|978.197,553.485|1037.08,558.82|941.99,551.366|933.561,543.732
61|1|979.351,990.448|976.23,871.848|972.53,781.744|979.57,640.897|1000.07,664.769|1089.29,688.982|1162.23,866.838|1170.83,1024.18|1118.42,1012.46|1052.88,1022.29|1064.51,981.287|956.702,663.186|871.212,666.056|727.542,653.191|724.76,598.842|722.731,585.254|738.818,573.684|751.196,588.735|1038.75,992.984|1061.05,1356.42|1050.58,1587.86|1056.44,1818.87|926.693,988.391|866.141,1337.13|893.157,1510.66|868.269,1682.56|982.714,589.517|955.213,583.457|978.445,553.857|1033.87,549.169|941.755,556.82|927.632,548.5
62|1|980.795,988.605|976.964,871.37|972.62,781.814|979.478,640.934|1000.06,664.8|1089.18,688.892|1162.9,866.172|1175.89,1025.98|1125.47,1013.98|1062.1,1023.51|1068.66,984.01|956.597,663.271|870.945,665.742|727.588,654.219|714.958,605.065|706.936,592.635|719.38,576.664|733.453,586.71|1039.94,991.455|1055.35,1353.15|1047.2,1584|1049.1,1812.06|928.471,986.273|864.085,1331.11|892.535,1504.06|864.364,1672.26|982.533,589.527|953.587,579.956|977.865,551.352|1034.48,549.796|941.175,553.56|928.526,547.1
63|1|980.186,983.818|976.818,868.571|972.971,779.779|980.52,639.834|1000.9,663.672|1089.41,688.083|1161.04,865.008|1175.89,1026.12|1127.44,1014.51|1066.23,1023.93|1069.35,984.424|957.608,661.941|872.29,664.5|727.948,659.279|711.338,617.431|697.597,597.598|725.258,579.401|731.966,587.752|1038.81,987.16|1051.1,1343.16|1042.98,1572.96|1043.41,1794.08|928.356,981.049|865.215,1319.65|891.801,1490.48|862.876,1653.62|983.841,588.737|953.059,579.612|977.342,550.91|1035,548.808|940.946,553.352|929.814,546.813
64|1|978.075,981.52|975.289,867.212|971.869,779.166|979.957,640.037|1000.17,663.82|1087.82,688.966|1157.33,866.841|1172.89,1027.88|1125.23,1015.39|1064.64,1024.79|1067.58,983.952|957.022,661.974|871.94,664.625|726.072,660.003|706.63,620.123|686.031,605.783|731.84,585.84|705.507,614.569|1036.34,985.115|1046.84,1337.52|1038.48,1563.22|1037.66,1778.33|926.544,978.524|864.03,1313.21|890.107,1477.46|861.551,1636.37|983.513,589.226|953.459,579.428|977.316,550.735|1034.32,548.724|940.977,553.557|929.203,547.907
65|1|979.676,982.476|976.016,867.674|972.148,778.847|979.818,639.428|1000.07,663.178|1087.81,688.583|1156.82,867.598|1171.31,1031.08|1123.79,1014.95|1062.08,1024.47|1066.92,983.22|956.987,661.435|872.023,663.886|729.054,662.462|705.199,622.427|664.146,607.456|732.027,635.897|680.438,638.716|1038.13,985.296|1049.96,1337.64|1041.78,1561.57|1040.69,1774.71|927.917,980.166|865.473,1315.16|892.04,1477.56|864.592,1635.26|983.216,588.528|954.994,579.779|978.26,550.836|1033.92,547.898|941.888,553.896|928.586,547.732
66|1|979.617,982.125|975.977,867.607|972.091,779.052|979.58,639.891|999.865,663.591|1087.57,689.058|1152.77,868.816|1164.78,1032.59|1120.09,1015.64|1061.07,1024.47|1062.76,981.472|956.782,661.892|871.86,664.764|726.52,664.61|694.722,626.828|654.151,612.989|718.172,638.272|673.662,646.285|1037.97,984.988|1050.3,1336.18|1042.47,1556.97|1041.88,1767.25|927.954,979.776|865.888,1313.66|892.885,1473.33|865.974,1629.88|982.878,589.078|952.029,578.571|976.365,550.345|1033.9,549.303|940.184,552.687|929.349,547.143
67|1|980.352,980.24|976.694,866.06|973.036,777.369|980.423,639.229|1000.56,662.718|1087.31,688.908|1149.42,868.627|1160.47,1030.5|1116.26,1014.38|1059.02,1025.63|1060.99,979.956|957.782,661.119|873.464,666.067|728.375,671.638|697.843,631.679|664.507,614.498|649.194,657.998|678.806,670.638|1038.48,982.661|1053.55,1329.63|1046.78,1551.11|1047.9,1757.92|928.814,978.278|869.221,1308.42|895.138,1471.02|869.499,1626.71|983.768,588.78|951.56,577.634|975.967,549.738|1034.13,549.112|940.197,552.109|930.725,547.145
68|1|980.082,979.444|976.247,866.045|972.443,778.001|979.488,640.491|999.611,663.808|1086.1,689.441|1151.07,867.331|1160.73,1026.99|1115.19,1014.09|1058.37,1025.52|1061.53,980.299|956.962,662.373|872.841,666.744|727.615,671.843|697.839,638.88|654.033,618.682|662.556,687.25|674.649,680.839|1037.92,981.636|1054.27,1326.1|1047.65,1545.5|1049.07,1748.93|928.763,977.681|871.479,1306.51|896.936,1465.91|872.646,1620.22|982.741,590.279|950.348,579.43|975.543,552.106|1033.96,552.382|939.856,553.388|931.02,547.223
69|1|980.068,979.435|976.225,866.031|972.412,777.987|979.417,640.465|999.552,663.779|1086.08,689.367|1151.36,867.291|1161.09,1026.88|1115.36,1013.86|1058.34,1025.23|1061.75,980.243|956.893,662.356|872.757,666.772|727.331,672.033|696.962,639.252|652.573,618.946|660.438,688.325|673.151,681.319|1037.91,981.626|1054.3,1326.11|1047.68,1545.22|1049.13,1748.51|928.745,977.674|871.519,1306.53|897.066,1465.65|872.841,1619.91|982.652,590.247|950.448,579.461|975.624,552.121|1033.93,552.364|939.907,553.394|930.907,547.171
70|1|978.739,975.805|975.607,864.289|972.611,777.612|980.209,641.898|999.992,664.951|1085.36,689.486|1151.96,864.919|1158.23,1020.35|1110.99,1013.53|1054.25,1025.6|1060.9,979.822|957.802,663.501|874.469,666.44|726.837,673.88|701.654,652.164|640.654,620.253|648.619,708.991|673.84,683.292|1035.89,977.117|1055.98,1314.36|1046.65,1530.96|1050.14,1727.19|927.783,974.815|876.955,1300.72|897.711,1456.5|876.933,1609.15|983.808,592.352|950.231,579.131|975.251,552.38|1034.01,553.911|940.098,554.046|932.501,550.103
71|1|978.992,980.513|975.429,866.639|972.104,778.193|978.286,640.619|998.549,663.74|1085.31,688.343|1151.71,866.548|1157.38,1027.37|1112.11,1012.71|1055.72,1025.51|1060.01,978.798|955.862,662.745|871.606,667.655|730.023,675.243|690.759,650.207|641.234,651.15|633.439,722.495|672.544,695.465|1037.03,981.647|1059.81,1326.88|1050.29,1538.82|1055.15,1738.82|927.256,979.687|873.538,1313.8|897.604,1470.17|877.471,1625.87|981.369,590.376|951.317,580.167|975.388,552.083|1032.17,550.888|939.394,554.401|928.11,548.698
72|1|976.283,979.928|973.893,866.354|971.628,778.053|979.717,641.221|999.624,664.487|1086.23,688.931|1150.85,867.461|1150.5,1027.29|1107.16,1010.64|1055.24,1026.44|1058.1,976.965|956.994,663.023|872.743,667.422|728.304,675.882|704.29,650.902|619.46,659.188|633.323,730.871|676.575,706.858|1034.19,981.046|1060.08,1324.91|1047.82,1536.83|1055.13,1735.57|924.534,979.114|873.639,1313.85|893.832,1471.86|875.901,1628.09|983.601,591.242|946.431,578.794|971.743,551.196|1033.1,551.489|936.469,553.495|931.2,549.389
73|1|976.097,980.808|973.561,867.105|971.179,778.733|978.841,641.704|998.856,664.917|1085.47,688.876|1151.23,867.215|1151.57,1025.95|1106.79,1009.82|1053.54,1026.9|1058.44,977.275|956.142,663.636|871.715,668.348|727.132,677.853|701.301,654.322|614.067,670.363|628.583,742.458|676.035,717.636|1034.09,981.816|1059.8,1326.72|1047.87,1537.24|1055.07,1736.2|924.267,980.093|873.076,1316|893.685,1475.11|875.386,1632.09|982.592,591.653|950.703,580.865|975.573,553.065|1033.79,552.768|939.589,554.859|929.924,549.042
74|1|976.342,980.969|973.787,867.091|971.391,778.629|978.887,641.402|998.98,664.605|1085.76,688.61|1151.12,867.68|1151.01,1026.89|1106.04,1009.78|1052.31,1027.23|1058.26,977.124|956.154,663.431|871.501,668.406|727.076,679.21|699.88,657.119|611.103,681.132|627.158,753.961|676.069,724.635|1034.44,981.936|1060.45,1327.89|1048.39,1537.85|1055.68,1737.43|924.405,980.291|872.952,1317.32|893.703,1477.26|875.098,1634.97|982.613,591.264|951.352,581.571|976.45,553.642|1034.48,552.988|940.235,555.04|930.04,548.003
75|1|976.872,983.394|974.002,868.38|971.478,778.677|978.532,641.372|998.689,664.498|1085.75,688.575|1150.7,867.644|1148.2,1026.87|1105.59,1010.15|1054.14,1027.66|1056.02,976.116|955.872,663.5|871.308,669.115|727.292,680.281|700.06,654.394|610.109,687.179|624.913,750.045|676.047,726.609|1035.25,983.978|1063.99,1332.11|1051.61,1541.55|1059.64,1742|924.648,983.061|872.615,1322.89|894.134,1485.12|876.858,1644.07|982.128,591.206|951.822,581.857|976.195,553.474|1033.45,551.854|939.911,555.604|928.638,548.995
76|1|976.306,983.809|973.65,868.943|971.285,779.42|978.628,642.154|998.749,665.304|1085.89,689.185|1149.76,868.883|1147.1,1028.91|1105.14,1010.11|1053.86,1027.92|1055.77,975.972|955.9,664.26|871.26,669.903|727.626,679.689|699.304,651.942|610.961,693.103|615.891,745.771|676.157,728.449|1034.66,984.476|1064.82,1332.81|1052.29,1542.76|1061.41,1743.98|924.092,983.401|872.409,1323.7|893.409,1487.58|876.143,1647.49|982.358,592.006|950.783,584.115|975.61,555.614|1033.83,553.39|939.351,557.339|929.176,549.249
77|1|976.523,984.992|973.796,869.577|971.413,779.912|978.293,642.167|998.542,665.287|1085.74,688.903|1147.53,869.694|1144.25,1030.8|1104.42,1010.23|1054.41,1028.23|1054.21,974.815|955.573,664.464|870.718,671.13|724.734,682.284|687.541,652.488|628.423,712.523|602.944,762.631|685.665,734.461|1035.06,985.255|1067.33,1335|1054.44,1544.35|1065.66,1746.71|924.068,984.948|873.256,1327.79|893.819,1492.95|877.224,1654.69|981.915,591.841|951.562,583.415|976.508,555.019|1034.12,553.399|939.981,556.507|928.781,548.551
78|1|978.433,984.878|974.785,869.431|971.628,779.903|978.261,641.974|998.627,665.112|1086.1,688.805|1144.88,871.301|1140.42,1035.36|1103.88,1010.02|1055.54,1028.54|1052.84,973.778|955.518,664.333|870.406,671.361|726,681.955|682.034,651.811|627.958,714.364|596.312,768.791|685.218,734.096|1037.04,984.807|1069.68,1335.41|1058.2,1545|1070.47,1748.43|925.947,985.133|874.503,1328.69|896.504,1494.93|879.36,1657.66|981.744,591.566|951.69,584.017|975.951,554.91|1033.3,551.82|939.295,557.258|927.4,549.414
79|1|977.257,984.964|974.066,869.73|971.321,779.926|978.257,642.555|998.55,665.665|1085.75,689.502|1134.86,874.217|1121.21,1040.88|1098.89,1017.02|1059.17,1031.43|1045.64,964.769|955.493,664.789|870.503,671.646|726.498,682.491|676.249,652.436|627.96,714.277|567.052,795.894|685.986,733.138|1035.78,985.108|1070.87,1335.08|1059.66,1544.13|1073.51,1746.32|924.841,985.025|875.452,1328.34|896.865,1497.17|880.531,1659.72|981.822,592.348|950.355,584.016|975.456,555.511|1033.85,553.746|938.949,557.064|928.573,549.071
80|1|973.655,984.707|972.434,869.193|971.28,779.737|978.304,642.642|998.452,665.708|1085.43,689.721|1133.54,873.98|1117.09,1040.69|1097.13,1018.27|1059.8,1031.63|1044.06,962.899|955.653,664.779|871.252,672.211|726.572,683.95|670.122,649.616|635.289,713.264|551.123,815.099|688.962,732.654|1032.01,985.46|1071.31,1333.46|1056.97,1541.31|1072.85,1741.61|921.312,984.22|874.23,1327.07|891.576,1501.13|876.713,1665.62|981.92,592.563|950.224,583.861|975.497,555.835|1033.85,554.711|939.294,557.024|929.491,549.054
81|1|973.655,984.707|972.434,869.193|971.28,779.737|978.304,642.642|998.452,665.708|1085.43,689.721|1133.54,873.98|1117.09,1040.69|1097.13,1018.27|1059.8,1031.63|1044.06,962.899|955.653,664.779|871.252,672.211|726.572,683.95|670.122,649.616|635.289,713.264|551.123,815.099|688.962,732.654|1032.01,985.46|1071.31,1333.46|1056.97,1541.31|1072.85,1741.61|921.312,984.22|874.23,1327.07|891.576,1501.13|876.713,1665.62|981.92,592.563|950.224,583.861|975.497,555.835|1033.85,554.711|939.294,557.024|929.491,549.054
82|1|973.385,985.821|972.034,869.829|970.776,780.001|977.626,642.313|997.904,665.443|1085.22,689.294|1133.41,874.387|1117.07,1042.06|1096.49,1019.38|1058.11,1031.79|1044.35,962.972|954.899,664.589|870.08,672.093|725.354,685.194|669.774,651.907|635.491,714.756|550.09,817.057|687.546,733.163|1031.99,986.503|1071.24,1336.81|1056.9,1543.09|1072.57,1744.47|920.811,985.401|872.498,1330.54|890.339,1506.99|874.581,1673.56|981.184,592.004|951.69,583.889|975.946,555.045|1032.86,552.5|939.352,557.25|927.157,549.726
83|1|973.461,985.804|972.168,869.806|970.956,779.976|977.951,642.28|998.212,665.431|1085.55,689.352|1133.64,874.537|1117,1042.14|1096.46,1019.35|1058.03,1031.68|1044.35,962.916|955.191,664.543|870.338,671.971|725.825,685.204|670.592,652.238|635.687,714.916|549.95,817.048|686.648,733.213|1032.08,986.513|1071.17,1336.95|1056.71,1543.48|1072.26,1745.11|920.875,985.359|872.25,1330.62|889.691,1508.73|873.566,1676.03|981.573,591.966|951.804,583.69|975.99,554.775|1033.06,552.165|939.405,557.151|927.36,549.896
84|1|973.457,985.803|972.161,869.805|970.947,779.976|977.939,642.28|998.2,665.431|1085.53,689.349|1133.61,874.519|1116.98,1042.11|1096.45,1019.35|1058.06,1031.7|1044.34,962.904|955.18,664.544|870.328,671.971|725.823,685.195|670.606,652.213|635.683,714.85|549.943,816.97|686.588,733.13|1032.08,986.511|1071.16,1336.95|1056.72,1543.5|1072.27,1745.16|920.871,985.36|872.238,1330.62|889.667,1508.85|873.527,1676.19|981.559,591.968|951.787,583.798|975.956,554.855|1033.03,552.158|939.372,557.245|927.322,549.926
85|1|973.455,985.803|972.158,869.805|970.944,779.975|977.933,642.279|998.194,665.429|1085.53,689.349|1133.59,874.525|1116.94,1042.12|1096.42,1019.35|1058.02,1031.69|1044.31,962.898|955.174,664.543|870.322,671.971|725.815,685.199|670.598,652.22|635.676,714.861|549.938,816.982|686.597,733.144|1032.08,986.51|1071.16,1336.95|1056.72,1543.52|1072.27,1745.18|920.869,985.361|872.23,1330.62|889.652,1508.91|873.504,1676.27|981.552,591.966|951.746,583.822|975.909,554.868|1033,552.141|939.329,557.27|927.302,549.943
86|1|973.455,985.803|972.158,869.805|970.944,779.975|977.933,642.279|998.194,665.429|1085.53,689.349|1133.59,874.525|1116.94,1042.12|1096.42,1019.35|1058.02,1031.69|1044.31,962.898|955.174,664.543|870.322,671.971|725.815,685.199|670.598,652.22|635.676,714.861|549.938,816.982|686.597,733.144|1032.08,986.51|1071.16,1336.95|1056.72,1543.52|1072.27,1745.18|920.869,985.361|872.23,1330.62|889.652,1508.91|873.504,1676.27|981.552,591.966|951.746,583.822|975.909,554.868|1033,552.141|939.329,557.27|927.302,549.943
87|1|973.454,985.802|972.157,869.803|970.942,779.974|977.931,642.278|998.193,665.428|1085.52,689.349|1133.58,874.521|1116.94,1042.11|1096.42,1019.35|1058.02,1031.7|1044.31,962.896|955.173,664.542|870.321,671.97|725.818,685.197|670.609,652.215|635.691,714.85|549.954,816.97|686.618,733.133|1032.08,986.509|1071.16,1336.95|1056.72,1543.52|1072.27,1745.19|920.868,985.36|872.227,1330.62|889.644,1508.94|873.491,1676.32|981.551,591.965|951.745,583.832|975.906,554.875|1033,552.138|939.326,557.279|927.297,549.946
88|1|973.992,985.828|972.616,869.75|971.341,779.865|978.219,642.145|998.517,665.284|1085.96,689.125|1133.11,874.343|1115.23,1041.53|1096.19,1019.45|1059.52,1032.08|1043.39,961.926|955.462,664.438|870.546,671.825|726.108,685.013|670.109,652.694|635.802,715.478|549.692,817.55|687.924,734.18|1032.65,986.498|1071.4,1337.41|1056.83,1543.55|1072.25,1745.43|921.376,985.419|871.924,1331.11|889.584,1510.38|873.002,1678.57|981.799,591.817|951.826,585.115|975.748,555.714|1032.93,551.725|939.144,558.389|927.077,550.237
89|1|973.987,985.826|972.61,869.743|971.335,779.855|978.212,642.128|998.511,665.268|1085.97,689.109|1133.14,874.35|1115.24,1041.54|1096.17,1019.42|1059.47,1032.02|1043.38,961.921|955.454,664.422|870.533,671.809|726.096,684.995|670.12,652.667|635.802,715.423|549.677,817.513|687.834,734.096|1032.65,986.496|1071.41,1337.43|1056.83,1543.58|1072.26,1745.47|921.368,985.418|871.915,1331.13|889.571,1510.44|872.986,1678.66|981.792,591.797|951.829,585.003|975.762,555.622|1032.94,551.702|939.154,558.289|927.083,550.197
90|1|973.987,985.826|972.61,869.743|971.335,779.855|978.212,642.128|998.511,665.268|1085.97,689.109|1133.14,874.35|1115.24,1041.54|1096.17,1019.42|1059.47,1032.02|1043.38,961.921|955.454,664.422|870.533,671.809|726.096,684.995|670.12,652.667|635.802,715.423|549.677,817.513|687.834,734.096|1032.65,986.496|1071.41,1337.43|1056.83,1543.58|1072.26,1745.47|921.368,985.418|871.915,1331.13|889.571,1510.44|872.986,1678.66|981.792,591.797|951.829,585.003|975.762,555.622|1032.94,551.702|939.154,558.289|927.083,550.197
91|1|973.987,985.826|972.61,869.743|971.335,779.855|978.212,642.128|998.511,665.268|1085.97,689.109|1133.14,874.35|1115.24,1041.54|1096.17,1019.42|1059.47,1032.02|1043.38,961.921|955.454,664.422|870.533,671.809|726.096,684.995|670.12,652.667|635.802,715.423|549.677,817.513|687.834,734.096|1032.65,986.496|1071.41,1337.43|1056.83,1543.58|1072.26,1745.47|921.368,985.418|871.915,1331.13|889.571,1510.44|872.986,1678.66|981.792,591.797|951.829,585.003|975.762,555.622|1032.94,551.702|939.154,558.289|927.083,550.197
92|1|973.931,986.793|972.288,870.327|970.795,780.195|977.238,642.038|997.651,665.186|1085.33,688.972|1133.56,874.887|1117.42,1044.12|1096.22,1021.52|1056.4,1031.3|1044.48,963.136|954.514,664.447|869.446,672.285|726.32,684.938|669.77,651.09|633.294,711.898|550.497,816.498|681.779,727.375|1032.74,987.33|1072.28,1339.62|1058.06,1545.46|1073.91,1748.47|921.181,986.504|871.699,1333.7|890.009,1514.41|873.295,1684.04|980.635,591.552|949.879,586.453|974.102,556.861|1031.91,552.071|937.475,559.23|926.058,549.586
93|1|977.919,985.352|974.333,869.532|971.121,779.716|977.323,641.31|997.947,664.507|1085.85,688.686|1134.08,875.41|1120.27,1045.9|1098.11,1023.33|1056.49,1030.61|1045.01,964.043|954.485,663.821|868.712,671.835|729.084,682.614|678.583,649.972|626.273,712.408|554.311,824.771|680.973,725.883|1036.81,985.772|1071.19,1339.64|1061.19,1546.62|1075.51,1751.93|925.272,985.169|873,1331.21|895.54,1509.27|875.741,1677.48|980.562,590.689|948.854,585.218|974.064,555.876|1032.97,552.139|937.147,557.415|926.553,547.174
94|1|976.064,987.969|973.411,870.631|971.013,779.956|977.25,640.682|997.943,663.996|1086.27,688.447|1133.29,876.112|1117.65,1047.47|1098.48,1023.86|1058.83,1031.33|1044.48,962.986|954.317,663.34|868.174,671.701|727.767,682.365|680.035,650.044|624.897,710.827|556.278,825.658|681.541,721.154|1035.4,988.43|1072.95,1345.77|1060.08,1552.96|1075.92,1760.78|922.932,987.752|872.157,1338.69|893.473,1513.77|875.86,1683.47|980.558,589.743|953.5,577.204|977.858,548.726|1033.69,549.088|940.487,551.016|925.896,546.672
95|1|975.691,988.516|973.042,870.911|970.699,780.079|976.908,640.564|997.592,663.885|1085.9,688.53|1139.04,875.369|1128.21,1047.53|1101.88,1023.75|1055.38,1029.27|1047.32,967.396|953.98,663.275|867.79,671.174|726.214,681.001|681.327,646.61|624.65,705.453|556.834,820.711|681.546,711.75|1035.09,988.726|1074.64,1346.31|1060.83,1555.2|1076.78,1764.31|922.446,988.525|873.495,1340.86|893.324,1517.42|876.011,1688.41|980.253,589.545|951.79,585.509|976.126,555.452|1032.97,550.183|938.761,557.559|925.118,546.733
96|1|975.662,988.374|973.035,870.72|970.709,779.838|977.052,640.253|997.714,663.608|1086.02,688.334|1139.7,874.84|1128.99,1047.02|1102.76,1023.79|1056.74,1029.56|1047.67,967.504|954.102,662.944|867.903,670.651|726.317,679.281|681.903,643.617|625.03,701.13|556.752,816.099|681.7,707.256|1035.08,988.599|1074.72,1346.3|1060.87,1555.73|1076.89,1765.22|922.401,988.368|873.615,1340.88|893.187,1518.55|875.843,1690.14|980.444,589.207|952.298,580.655|976.97,551.585|1033.63,549.626|939.625,553.468|925.955,545.782
97|1|975.625,988.287|972.985,870.632|970.65,779.742|977.002,640.162|997.655,663.52|1085.96,688.275|1139.84,874.788|1129.06,1046.86|1102.57,1023.38|1056.23,1028.93|1047.6,967.332|954.06,662.843|867.892,670.471|726.299,678.484|682.006,642.188|625.02,698.975|552.28,812.65|681.63,705.089|1035.04,988.508|1074.68,1346.14|1060.89,1555.81|1076.93,1765.39|922.373,988.286|873.609,1340.74|893.18,1518.73|875.831,1690.43|980.393,589.119|952.06,580.952|976.691,551.799|1033.44,549.527|939.381,553.733|925.852,545.815
98|1|975.588,988.171|972.919,870.527|970.561,779.633|976.888,640.082|997.528,663.438|1085.78,688.206|1139.74,874.585|1128.92,1046.45|1102.34,1022.88|1055.91,1028.32|1047.45,967.026|953.97,662.747|867.876,670.291|726.158,677.399|681.733,640.134|624.556,695.781|546.247,804.68|681.007,701.717|1034.98,988.383|1074.63,1345.85|1060.95,1555.89|1077,1765.57|922.358,988.178|873.628,1340.46|893.234,1518.92|875.885,1690.75|980.258,589.055|951.782,581.169|976.362,551.979|1033.15,549.477|939.113,553.954|925.716,545.88
99|1|968.426,978.735|968.772,864.011|968.758,775.155|978.796,637.595|998.567,661.226|1085.04,687.654|1139.22,871.523|1132.57,1041.01|1101.56,1022.86|1054.99,1028.47|1048.47,968.67|955.522,659.356|870.338,666.305|727.757,669.835|681.723,628.295|630.062,677.341|564.752,706.266|681.958,677.83|1026.81,980.546|1063.52,1327.88|1047.53,1542.31|1064.26,1745.97|916.106,977.302|870.323,1319.26|882.589,1500.6|864.186,1668.35|983.541,587.286|953.553,583.419|975.967,552.634|1032.76,544.986|939.461,557.031|926.737,548.401
100|1|967.024,975.734|968.187,863.269|968.661,776.279|977.89,638.746|997.818,662.271|1084.37,687.758|1140.19,870.701|1137.17,1039.09|1102.56,1024.43|1054.14,1027.83|1049.43,970.526|954.741,660.608|869.45,666.561|727.723,668.894|688.706,623.896|633.026,675.087|557.877,706.847|683.556,670.715|1024.94,978.453|1054.95,1322.38|1038.23,1530.17|1051.93,1728.98|915.21,973.486|866.503,1310.14|878.054,1486.82|855.901,1651.33|982.274,588.451|952.957,577.711|977.804,549.615|1034.81,549.417|941.109,551.259|928.993,545.137
101|1|956.93,961.998|962.049,852.546|965.659,768.809|977.386,636.159|995.939,659.258|1078.1,686.956|1138.7,860.172|1146.22,1017.18|1100.8,1029.36|1052.61,1026.66|1052.82,973.448|954.789,656.712|873.267,663.307|735.739,662.793|699.433,622.034|671.811,617.989|600.142,709.469|686.484,668.931|1012.68,966.117|1036.62,1289.14|1017.23,1499.16|1027.64,1683.66|906.948,958.479|858.495,1275.03|860.958,1453.43|839.812,1610.58|982.718,587.716|952.419,585.188|973.715,555.646|1028.94,547.239|939.202,560.013|928.275,550.993
102|1|958.248,962.481|962.953,852.551|966.271,768.907|979.108,636.521|997.409,659.765|1079.3,687.516|1139.23,860.334|1143.39,1012.54|1097.66,1029.6|1047.07,1026.49|1051.72,973.921|956.407,656.812|875.123,661.712|733.711,660.542|698.045,620.076|675.317,613.668|601.83,700.463|687.885,667.341|1013.98,966.158|1031.12,1290.6|1008.64,1494.16|1014.35,1677.8|908.243,959.355|851.615,1276.13|855.721,1446.88|832.719,1603.17|984.832,588.194|952.488,580.82|975.77,553.226|1032.67,550.013|941.477,555.708|933.15,548.518
103|1|958.252,962.475|962.96,852.54|966.28,768.891|979.126,636.498|997.425,659.745|1079.32,687.497|1139.29,860.319|1143.46,1012.5|1097.72,1029.53|1047.1,1026.38|1051.77,973.889|956.422,656.789|875.135,661.677|733.75,660.449|698.166,619.924|675.478,613.447|601.986,700.215|688.114,666.914|1013.98,966.153|1031.08,1290.61|1008.58,1494.18|1014.26,1677.84|908.245,959.348|851.584,1276.14|855.676,1446.92|832.654,1603.22|984.853,588.169|952.516,580.78|975.793,553.185|1032.69,549.975|941.499,555.674|933.164,548.499
104|1|958.253,962.47|962.961,852.534|966.281,768.883|979.13,636.489|997.428,659.736|1079.32,687.489|1139.3,860.312|1143.47,1012.48|1097.72,1029.49|1047.1,1026.32|1051.78,973.867|956.426,656.779|875.14,661.661|733.763,660.395|698.204,619.831|675.529,613.313|602.03,700.052|688.178,666.693|1013.99,966.148|1031.07,1290.61|1008.57,1494.19|1014.24,1677.86|908.246,959.343|851.575,1276.14|855.665,1446.94|832.636,1603.24|984.858,588.158|952.515,580.754|975.793,553.161|1032.69,549.961|941.5,555.652|933.169,548.491
105|1|954.492,956.231|960.618,847.67|964.986,764.927|979.124,634.069|997.003,657.312|1078.22,686.065|1136.02,858.229|1136.05,1004.25|1089.08,1026.06|1033.99,1027.95|1045.56,972.311|956.437,653.862|876.004,658.591|737.177,656.839|704.148,616.312|679.008,602.489|606.546,683.903|695.474,638.987|1009.57,960.78|1005.05,1281.32|988.979,1470.88|984.581,1649.62|905.103,952.321|729.535,1201.65|765.079,1381.84|718.073,1530.21|985.246,586.278|952.628,578.06|975.255,550.643|1031.77,547.385|941.477,553.773|933.542,547.96
106|1|944.653,948.807|956.043,842.88|964.361,761.93|980.224,632.384|997.775,655.753|1077.41,686.117|1135.49,856.504|1135.42,995.388|1089.17,1022.27|1032.56,1030.4|1044.29,973.288|957.316,651.707|877.06,656.314|737.514,656.273|720.38,622.27|681.058,596.799|610.846,673.896|696.945,625.167|998.859,956.684|986.72,1272.71|962.13,1449.25|953.721,1624.47|896.162,941.927|757.669,1215.94|771.852,1391.11|722.721,1541.44|986.886,585.027|953.549,579.337|975.298,550.999|1031.97,545.003|941.716,555.123|934.006,548.401
107|1|923.384,922.545|948.298,824.052|963.605,751.311|981.948,631.342|997.781,653.612|1071.83,682.698|1123.93,839.391|1124.93,960.977|1094.6,999.726|1055.02,1026.82|1036.6,971.021|959.954,648.699|884.773,651.086|752.179,642.911|719.596,599.466|687.088,583.509|647.336,599.861|710.1,580.662|971.69,940.223|919.98,1219.34|903.459,1365.39|875.959,1535.53|880.891,907.133|691.857,1033.7|720.142,1230.13|650.838,1367.2|989.418,587.508|952.427,577.424|973.511,551.767|1030.1,548.79|942.926,556.03|940.52,553.499
108|1|921.904,921.364|947.152,823.123|962.765,750.483|981.421,630.967|997.11,653.217|1070.97,682.312|1123.05,838.223|1123.08,959.955|1094.22,999.122|1056.06,1026.85|1035.68,970.995|959.473,648.18|884.636,649.948|753.15,639.079|720.106,594.26|692.628,581.361|651.676,587.891|707.956,567.722|970.015,939.096|894.371,1196.88|876.886,1350.67|840.238,1523.04|879.575,905.901|702.107,1034.44|715.272,1237.89|636.175,1374.44|988.985,587.299|952.406,575.471|975.271,551.436|1032.05,552.093|944.695,553.335|943.011,549.889
109|1|910.903,926.52|940.209,823.388|960.885,750.159|981.116,629.944|996.526,652.321|1071.48,680.704|1121.54,839.885|1111.9,965.892|1086.61,1005.03|1051.09,1031.81|1026.26,971.763|958.819,647.253|883.278,647.059|756.464,626.294|722.746,577.127|685.696,550.484|641.253,571.59|707.958,567.177|960.968,942.719|905.085,1172.3|869.158,1325.87|844.099,1509.35|866.113,912.181|729.95,981.333|722.44,1211.44|645.964,1364.95|989.68,586.073|958.061,573.435|979.132,548.473|1032.73,547.956|947.729,552.082|940.936,550.802
110|1|906.919,926.712|937.594,822.621|961.265,749.777|981.865,629.594|997.098,651.959|1072.18,680.612|1121.34,839.924|1104.54,965.486|1082.84,1003.88|1051.11,1030.8|1019.77,977.549|959.597,646.865|884.294,647.307|756.539,624.904|720.161,572.482|681.52,546.312|640.247,568.616|710.061,561.964|957.012,942.505|923.332,1155.7|873.877,1314.98|858.199,1502.54|861.727,912.619|741.122,961.276|716.728,1218.8|638.926,1378.89|990.685,585.758|956.596,573.263|978.76,548.887|1034.04,549.318|947.715,551.456|943.512,549.1
111|1|903.309,925.187|935.418,821.293|960.184,747.744|982.369,628.238|997.132,650.759|1071.52,680.745|1119.64,839.187|1101.77,965.192|1081.75,1002.09|1052.8,1030|1018,978.662|960.061,645.065|885.498,645.277|760.922,621.703|725.624,566.349|686.027,545.652|640.596,552.62|716.175,548.645|953.175,941.828|927.217,1154.56|869.7,1322.14|854.218,1511.77|858.345,910.337|734.027,968.386|697.654,1240.77|616.408,1404.1|991.763,584.663|954.226,576.116|975.264,550.6|1031.89,546.903|945.136,554.553|943.586,550.713
112|1|901.236,927.161|934.367,823.186|959.758,748.901|982.894,629.423|997.429,652.105|1071.73,681.607|1119.57,839.755|1101.37,964.163|1081.48,1002.14|1052.12,1030.44|1017.95,978.762|960.518,646.023|886.226,645.091|761.932,621.517|730.722,568.756|689.641,547.31|651.969,543.079|722.438,533.854|951.092,944.459|927.19,1160.14|862.696,1337.32|844.662,1529.24|856.329,911.737|738.719,998.778|690.43,1277.71|608.842,1446.35|992.611,585.883|955.305,575.489|975.657,550.045|1031.73,546.687|945.758,554.93|943.924,553.429
113|1|901.251,927.156|934.379,823.185|959.769,748.9|982.904,629.425|997.437,652.107|1071.73,681.618|1119.56,839.785|1101.32,964.102|1081.4,1002.02|1052,1030.23|1017.88,978.685|960.531,646.024|886.247,645.085|761.978,621.428|730.816,568.582|689.786,547.016|652.081,542.563|722.703,533.478|951.104,944.453|927.158,1159.99|862.61,1337.65|844.538,1529.65|856.346,911.732|738.916,998.979|690.515,1278.03|609.023,1446.75|992.62,585.886|955.326,575.485|975.684,550.051|1031.75,546.711|945.787,554.925|943.951,553.419
114|1|903.172,927.04|935.73,823.664|960.772,749.166|983.247,630.631|997.73,653.087|1071.48,682.489|1119.31,839.173|1095.37,960.195|1079.22,1000.6|1052.61,1029.99|1014.23,981.463|961.162,647.124|887.737,646.214|761.27,621.204|736.347,568.797|696.704,550.986|659.206,538.03|724.737,526.311|952.729,944.081|930.869,1162.97|863.389,1347.9|844.459,1539.5|858.54,911.848|751.498,1015.93|697.861,1298.53|620.299,1469.18|992.657,587.441|955.532,574.114|974.099,548.717|1028.92,545.195|944.915,555.808|942.764,558.864
115|1|907.705,924.952|937.664,821.346|961.252,747.045|984.286,629.102|998.62,651.539|1071.57,682.854|1119.02,839.419|1098.43,962.412|1079.74,998.996|1053.42,1029.08|1015.26,981.413|962.153,645.45|889.003,644.728|768.163,617.084|737.727,562.787|697.378,543.628|654.556,525.088|730.722,511.022|957.368,940.365|936.27,1158.53|872.424,1347.46|856.568,1538.68|862.858,911.186|753.034,993.692|703.889,1279.31|625.417,1446.94|993.934,586.117|961.229,573.921|985.371,552.219|1039.58,556.44|955.2,551.025|952.239,545.266
116|1|911.545,922.916|939.663,818.914|961.941,744.326|984.647,626.355|999.087,648.768|1071.85,681.167|1118.9,838.146|1099.68,963.647|1080.04,997.236|1054.3,1028.31|1015.76,981.394|962.519,642.768|889.218,641.832|768.19,612.058|738.89,555.546|698.584,534.948|662.023,519.444|735.206,502.925|961.459,937.323|944.218,1160.85|880.525,1351.88|865.749,1543.04|866.447,910.051|755.408,1007.81|707.65,1293.14|629.288,1461.17|994.149,583.319|957.734,575.211|979.718,550.891|1035.67,548.869|949.85,552.967|948.413,547.171
117|1|911.481,923.258|939.613,819.217|961.905,744.581|984.747,626.566|999.154,649.004|1071.89,681.46|1118.99,838.684|1100.28,964.139|1080.18,997.796|1053.81,1029.03|1016.17,981.716|962.607,642.958|889.353,641.704|769.274,610.032|742.014,552.039|702.742,530.206|667.794,513.479|740.311,499.079|961.408,937.67|945.989,1163.42|881.67,1352.93|867.527,1543.84|866.371,910.388|748.786,1018.86|705.295,1298.47|627.177,1466.43|994.307,583.521|958.271,576.07|977.93,550.29|1032.83,544.889|948.268,555.241|945.54,551.759
118|1|911.622,924.773|939.624,820.34|961.779,745.296|984.327,626.86|998.833,649.304|1071.81,681.379|1119.05,838.951|1101.43,963.718|1080.72,998.938|1053.07,1029.72|1016.59,981.769|962.178,643.382|888.767,642.135|769.106,606.907|748.778,542.294|707.737,521.476|674.64,507.191|741.484,497.622|961.741,939.114|949.228,1169.29|884.539,1358.68|870.186,1549.89|866.343,911.971|753.317,1022.72|708.128,1304.83|632.026,1475.49|993.806,583.665|958.808,573.439|978.797,548.223|1033.27,544.963|948.86,552.945|945.316,551.267
119|1|912.47,925.338|939.559,820.534|961.674,744.774|984.263,626.367|998.758,648.774|1071.93,680.768|1117.34,839.19|1098.8,964.642|1079.46,999.761|1052.86,1030.07|1015,981.684|962.089,642.935|888.569,641.811|770.36,603.657|746.624,537.109|700.195,512.541|647.598,516.558|743.614,508.374|962.655,938.764|955.911,1177.91|888.217,1366.73|877.264,1557.15|866.968,913.318|759.856,1036.11|711.886,1320.68|640.511,1495.32|993.832,583.187|959.001,567.84|982.589,545.68|1038.08,550.24|952.42,546.206|950.471,544.291
120|1|913.221,925.432|940.171,820.614|962.207,744.825|985.118,626.563|999.543,648.991|1072.69,681.072|1117.54,839.75|1098.38,964.954|1079.06,1000.39|1052.27,1030.48|1014.65,981.596|962.902,643.069|889.42,641.439|771.665,603.532|749.168,538.585|704.829,514.584|654.345,512.065|748.508,506.471|963.406,938.79|959.466,1181.49|890.503,1369.69|879.815,1559.58|867.718,913.473|764.638,1043.46|715.939,1327.14|646.792,1503|994.82,583.441|966.954,580.12|980.556,551.413|1028.23,537.971|951.068,561.757|940.079,560.747
121|1|913.574,925.429|940.49,820.592|962.504,744.768|985.409,626.477|999.829,648.91|1072.93,681.042|1117.58,839.72|1098.37,964.72|1079.11,1000.01|1052.44,1029.96|1014.62,981.365|963.201,642.981|889.755,641.325|772.409,603.12|750.882,537.783|707.588,513.434|658.377,509.432|752.194,502.874|963.765,938.778|961.27,1182.12|891.558,1370.44|881.236,1560.33|868.065,913.478|773.19,1047.23|723.113,1329.98|657.39,1507.42|995.111,583.345|965.896,568.558|984.268,543.695|1034.79,542.343|953.809,549.69|945.047,552.704
122|1|913.865,925.399|940.694,820.624|962.65,744.845|985.457,626.631|999.88,649.034|1072.93,681.125|1117.55,839.699|1098.41,964.568|1079.19,999.811|1052.57,1029.74|1014.72,981.285|963.277,643.141|889.899,641.47|773.14,603.227|752.872,537.947|711.008,513.324|663.471,507.569|756.605,501.21|964.025,938.704|963.416,1182.62|892.791,1371.03|882.927,1560.76|868.383,913.487|779.91,1053.8|729.602,1333.73|666.919,1511.99|995.127,583.529|963.494,573.734|981.661,547.722|1033.54,542.609|951.526,554.036|944.612,553.635
123|1|917.012,926.613|942.298,821.505|963.022,745.375|984.626,626.879|999.27,649.172|1072.24,681.219|1117.19,839.187|1098.37,965.571|1079,995.814|1054.77,1027.11|1015.05,980.744|962.641,643.568|889.334,641.688|776.231,602.109|761.732,537.423|712.367,519.783|661.263,514.057|759.272,497.567|967.354,939.146|968.202,1183.32|900.115,1372.12|890.021,1561.71|871.374,915.404|785.867,1045.31|739.216,1327.27|675.236,1505.25|993.791,583.663|962.661,573.023|983.512,548.723|1036.07,547.622|953.009,551.642|946.82,548.545
124|1|920.458,926.928|944.362,821.964|964.346,745.802|987.232,628.036|1001.6,650.403|1074.77,681.608|1117.71,840.038|1097.26,967.235|1078.08,995.027|1055.43,1026.74|1013.77,980.583|965.091,644.439|891.783,641.588|781.678,601.473|763.454,543.533|706.369,523.595|658.397,514.647|763.804,495.74|970.681,938.506|972.202,1179.68|903.858,1371.66|896.948,1560.96|874.843,916.562|794.743,1042.97|748.71,1321|688.064,1499.59|996.888,585.104|959.557,571.966|983.444,549.656|1040.36,553.045|953.759,549.845|954.141,545.999
125|1|922.38,927.361|945.557,822.9|965.054,747.084|987.21,629.739|1001.59,651.908|1074.56,682.754|1117.68,840.525|1097.71,968.235|1077.85,994.947|1054.83,1026.56|1014.1,980.851|965.293,646.181|892.514,642.959|785.163,600.279|769.925,540.63|716.154,518.166|671.842,506.431|766.098,484.973|972.35,938.514|980.458,1184.59|908.635,1378.68|902.513,1566.41|876.98,917.376|810.808,1081.89|760.603,1352.43|707.95,1531.19|996.616,586.983|968.1,568.99|984.732,544.459|1033.75,543.521|954.927,552.283|945.472,559.736
126|1|923.693,927.602|946.376,823.348|965.523,747.726|986.972,630.547|1001.47,652.581|1074.32,683.382|1117.61,840.612|1097.1,968.609|1077.93,994.747|1055.89,1025.85|1014.1,980.909|965.177,647.081|892.502,643.839|784.63,601.802|771.635,543.082|726.303,519.692|687.209,502.767|774.275,483.215|973.575,938.481|983.159,1186.42|913.285,1378.37|907.724,1564.89|878.369,917.865|811.954,1071.89|765.49,1341.77|713.475,1520.78|996.102,587.851|964.4,570.304|984.215,546.912|1036.37,548.738|954.283,551.633|948.468,555.57
127|1|933.238,931.943|951.195,826.445|966.921,750.04|987.065,630.599|1002.16,652.816|1076,684.178|1117.99,844.108|1096.49,974.892|1077.03,993.005|1057.61,1025.01|1011.4,980.348|965.113,647.707|891.177,643.964|777.804,607.418|775.857,555.396|739.564,519.209|708.629,487.785|783.938,480.845|983.989,939.926|993.529,1200.64|929.694,1395.77|926.292,1582.53|887.048,924.826|826.661,1118.45|786.611,1382.39|737.742,1560.78|995.687,587.048|968.268,572.212|983.75,546.09|1032.06,541.777|953.537,555.129|942.339,561.258
128|1|933.449,931.854|951.421,826.225|967.217,749.792|987.544,630.213|1002.64,652.457|1076.57,683.942|1118.36,844.188|1097.27,975.664|1077.75,993.82|1058.11,1025.4|1012.05,980.655|965.513,647.358|891.405,643.713|778.813,608.883|778.513,558.242|742.617,522.751|710.363,491.214|789.1,488.128|984.273,939.797|997.287,1203.22|932.777,1395.32|930.958,1581.46|887.182,924.772|831.027,1125.98|792.418,1382.01|746.973,1560.78|996.282,586.611|970.642,568.436|989.193,544.27|1037.94,545.794|958.011,549.701|946.2,554.594
129|1|933.452,931.823|951.397,826.203|967.172,749.769|987.444,630.198|1002.54,652.431|1076.46,683.846|1118.31,843.957|1097.44,975.486|1078.05,993.75|1058.55,1025.42|1012.33,980.615|965.427,647.348|891.338,643.734|778.847,608.912|778.794,558.211|743.16,522.493|711.142,490.693|790.481,488.823|984.269,939.753|997.787,1203.34|933.259,1394.99|931.688,1580.98|887.19,924.753|831.711,1126.81|793.413,1381.5|748.521,1560.22|996.162,586.598|969.879,568.448|988.41,544.223|1037.51,545.567|957.312,549.815|945.997,554.85
130|1|939.02,933.036|954.896,827.705|968.939,750.846|987.584,630.737|1002.9,652.825|1076.61,683.654|1117.88,843.333|1100.86,976.903|1080.82,992.305|1059.69,1023.31|1013.45,980.855|965.901,648.128|892.126,644.921|780.474,616.115|776.806,566.109|765.19,523.76|752.564,477.727|798.229,497.321|989.86,939.847|1006.44,1214.61|945.696,1409.72|945.456,1592.97|892.742,926.985|840.318,1155.72|804.056,1407.03|763.387,1583.83|995.688,586.948|969.467,566.929|987.388,543.061|1035.99,545.048|956.626,549.306|945.298,556.503
131|1|937.581,926.878|954.829,823.049|969.667,747.589|989.143,629.357|1004.17,651.268|1076.45,683.29|1115.47,842.043|1098.25,974.501|1079.71,992.793|1060.41,1023.18|1012.93,980.842|967.463,646.395|894.207,643.832|785.541,616.319|785.167,566.565|773.53,526.309|763.155,483.496|818.572,493.586|987.838,934.772|1002.08,1200.35|946.447,1384.7|945.62,1566|891.935,919.853|817.967,1101.23|792.679,1349.4|744.407,1524.53|997.544,586.235|969.94,568.852|986.886,544.107|1035.76,543.156|956.636,551.507|946.272,557.958
132|1|938.786,927.408|955.549,823.05|969.951,747.215|988.256,628.548|1003.52,650.353|1076.11,681.859|1115.46,840.46|1098.89,972.048|1080.09,991.422|1060.47,1023.08|1013.29,980.836|966.733,645.822|893.418,643.9|786.508,616.03|791.578,564.804|781.964,526.66|779.222,483.533|824.832,484.66|989.248,935.169|1002.4,1197.25|948.436,1377.29|946.499,1559.44|892.977,920.508|813.612,1089.51|791.335,1340.26|739.433,1515.16|996.216,585.25|971.157,567.131|988.14,542.732|1035.58,542.861|957.573,549.574|945.229,556.022
133|1|938.843,927.062|955.667,822.644|970.149,746.801|988.708,628.109|1003.94,649.94|1076.51,681.53|1115.4,840.303|1096.17,968.425|1077.33,987.305|1058.22,1021.55|1009.99,978.576|967.124,645.378|893.755,643.333|788.143,616.136|796.304,565.882|789.382,528.535|789.866,486.818|839.451,492.034|989.337,934.836|1000.27,1195.8|947.708,1376.04|944.861,1558.62|892.999,920.151|796.342,1064.48|774.376,1328|713.264,1501.46|996.8,584.802|971.178,567.59|988.789,543.159|1036.9,543.246|958.086,549.406|946.301,554.528
134|1|938.878,927.05|955.712,822.617|970.202,746.748|988.812,628.034|1004.03,649.877|1076.57,681.498|1115.43,840.29|1095.88,967.763|1076.96,986.181|1057.77,1020.03|1009.6,977.673|967.226,645.293|893.884,643.134|788.627,615.116|797.676,564.317|791.845,526.387|794.007,484.197|843.797,490.633|989.375,934.831|1000.08,1195.6|947.613,1376.1|944.655,1558.78|893.029,920.133|798.087,1065.56|776.144,1328.21|716.014,1502|996.926,584.719|971.338,567.21|988.999,542.876|1037.1,543.223|958.296,549.067|946.514,554.361
135|1|940.282,927.215|956.499,822.624|970.688,746.722|988.349,627.875|1003.69,649.503|1076.32,679.822|1115.57,838.536|1087.43,948.188|1074.05,993.594|1051.68,1029.8|1005.74,979.901|966.906,645.41|893.736,643.771|793.402,611.06|817.554,556.507|817.823,520.27|817.553,480.494|858.101,488.7|990.811,934.559|1002.7,1191.47|949.558,1370.69|947.34,1553.93|894.367,920.689|813.043,1076.83|791.222,1333.82|736.962,1508.94|996.269,584.52|971.595,567.04|989.55,542.836|1037.3,543.662|958.626,548.526|946.166,553.271
136|1|941.165,924.566|956.838,820.739|970.617,744.701|989.73,626.739|1004.56,648.327|1076.36,678.98|1115.16,836.817|1097.45,962.5|1076.15,985.204|1055.01,1022.74|1013.7,980.317|968.262,644.012|895.865,641.073|810.92,599.985|842.608,540.725|835.585,508.64|834.796,470.053|874.075,470.962|991.391,931.448|1012.83,1194.49|952.615,1384.81|951.477,1566.83|895.482,918.452|835.926,1128.98|802.668,1376.42|757.998,1550.59|998.427,583.747|973.337,569.88|990.598,544.809|1038.22,542.61|959.995,551.074|947.819,553.751
137|1|941.199,922.072|956.798,818.931|970.603,743.154|991.168,626|1005.6,647.622|1076.35,679.299|1114.75,836.356|1092.16,955.389|1076.54,992.295|1056,1029.92|1010.86,980.765|969.591,642.981|897.669,639.813|812.047,604.607|850.407,553.141|843.944,511.305|851.555,465.68|895.581,477.213|991.128,928.742|1015.87,1195.77|953.273,1390.61|953.152,1570.97|895.745,916.142|845.875,1147.11|809.457,1383.38|771.393,1555.57|1000.51,583.327|971.765,558.409|994.243,538.223|1045.56,548.548|963.808,539.581|956.955,545.794
138|1|941.333,921.237|956.905,817.422|970.755,739.595|992.934,622.081|1006.94,644.079|1077.13,678.759|1113.41,836.657|1101.45,966.949|1081.81,988.517|1058.79,1025.64|1011.47,980.813|971.255,638.693|900.09,635.962|824.58,595.843|857.054,543.898|853.881,528.671|859.65,461.65|890.904,483.161|991.188,927.119|1019.09,1205.8|952.073,1411.95|954.876,1590.94|895.714,915.998|850.382,1166.84|806.865,1404.56|774.744,1577.77|1002.91,579.279|979.303,562.085|999.653,539.794|1047.29,544|968.855,541.988|957.186,543.271
139|1|940.066,922.542|956.27,817.125|970.741,737.919|993.365,618.28|1007.43,640.513|1078.73,674.873|1114.72,835.738|1107.06,971.52|1085.32,990.173|1057.33,1024.64|1013.08,980.848|971.385,635.385|899.934,633.144|835.304,591.985|873.537,539.092|880.436,541.328|899.023,448.554|883.726,489.778|990.624,928.261|1022.29,1214.8|953.985,1425.42|958.3,1606.38|893.696,917.444|849.222,1182.09|803.733,1423.51|773.417,1599.84|1003.88,574.706|985.485,556.715|1004.34,533.445|1048.91,536.978|972.521,536.794|955.501,539.56
140|1|948.348,928.797|958.558,821.351|969.328,740.448|991.963,620.131|1005.95,642.284|1078.18,674.463|1118.73,834.978|1109.26,969.235|1085.99,990.108|1057.51,1024.28|1014.85,980.853|969.985,637.553|898.93,634.932|834.801,592.672|873.268,544.493|876.055,544.026|902.797,449.056|888.288,486.439|998.243,929.606|1041.91,1217.1|974.065,1430.54|984.754,1609.81|902.032,928.192|871.457,1198.14|826.738,1437.21|808.171,1617.27|1002.76,576.363|983.05,563.853|1001.51,538.815|1047.03,537.809|969.5,542.931|952.929,542.209
141|1|981.635,888.269|969.41,818.026|961.706,753.124|950.266,648.071|935,663.246|873.848,655.926|838.354,614.289|929.539,564.166|956.799,534.517|999.4,535.114|990.95,552.807|969.182,669.605|1042.57,691.313|1172.96,754.642|1158.34,689.659|1166.44,660.977|1146.46,656.529|1125.1,645.204|939.238,878.433|983.751,905.044|988.189,1056.87|1008.04,1050.46|1021.43,897.603|1084.21,938.545|1076.08,1090.42|1093.04,1079.85|949.326,603.072|923.374,552.685|940.66,583.45|947.926,649.898|955.657,555.704|1001.39,571.172
142|1|973.291,891.087|974.712,810.256|976.42,738.792|984.851,638.139|965.47,653.341|890.23,645.447|840.858,594.3|937.518,563.9|958.298,528.403|1001.67,535.36|998.319,553.011|1001.24,657.863|1068.96,676.475|1163.05,733.896|1135.42,679.068|1162.4,641.991|1123.67,667.038|1121.9,642.486|927.611,888.689|951.443,928.419|948.209,1093.34|949.603,1084.78|1014.73,893.377|1047.22,951.85|1034.9,1112.57|1038.67,1099.17|988.867,595.646|916.827,546.616|931.189,555.64|973.708,612.283|941.25,534.438|1011.14,542.745
143|1|942.639,888.118|955.65,799.859|969.267,729.674|991.118,627.919|1001.78,649.74|1063.16,684.995|1177.93,779.64|1100.1,834.126|1077.75,860.569|1022.76,896.934|1027.77,866.239|973.995,640.035|919.013,628.783|849.967,598.317|776.47,641.197|733.75,649.14|704.194,691.925|752.107,675.364|979.465,904.301|874.729,1122.58|863.374,1300.83|797.444,1420.77|911.208,874.382|819.451,1079|855.929,1213.62|816.258,1312.17|996.05,589.881|974.536,573.466|992.203,553.592|1034.93,557.27|964.928,556.152|954.468,558.519
144|1|943.18,891.465|955.284,800.294|969.912,729.003|999.245,627.237|1009.83,647.776|1071.02,681.912|1162.01,791.359|1120.57,781.539|1095.42,821.173|1053.24,867.424|1056.43,825.54|979.581,639.821|923.967,627.092|844.805,570.435|878.506,556.516|921.632,539.265|961.684,508.694|939.212,555.638|981.661,905.548|890.115,1134.82|865.786,1337.14|791.291,1460.34|910.275,879.504|835.448,1095.11|862.872,1245.09|822.485,1352.95|1008.55,589.411|999.07,573.218|1003.18,551.362|1030.82,544.894|980.201,564.442|959.452,578.89
145|1|945.215,892.186|957.693,802.367|972.378,731.849|1000.67,631.671|1011.38,651.662|1072.82,683.055|1162.05,793.643|1131.98,773.116|1105.42,809.096|1058.14,849.818|1066.71,815.885|981.211,644.148|924.729,634.409|851.893,571.847|890.051,515.975|933.35,502.752|977.205,480.416|942.414,508.054|983.989,906.32|904.74,1136.23|873.841,1341.65|805.74,1469.12|911.958,880.145|840.231,1094.07|854.115,1254.49|812.607,1364.92|1009.84,594.492|1010.27,542.171|1026.47,538.076|1053.27,572.891|1001.33,534.826|978.216,561.086
146|1|946.415,890.89|958.789,800.773|972.79,729.31|999.498,627.119|1010.85,647.333|1073.1,679.279|1158.91,794.61|1140.69,771.475|1109.64,805.725|1058.55,842.585|1070.71,809.076|979.828,639.993|921.43,629.415|866.169,538.732|917.854,503.799|964.966,490.558|1012.57,475.172|979.125,501.943|986.775,905.064|919.993,1138.3|883.432,1348.78|819.379,1479.82|911.662,878.775|853.727,1095.68|856.826,1261.31|816.035,1373.83|1008.41,589.297|1070.02,549.975|1054.5,538.864|1019.6,559.321|1047.33,539.383|986.028,558.919
147|1|950.048,886.797|961.486,797.632|974.041,726.181|997.978,623.765|1009.91,643.545|1072.56,674.368|1148.72,794.426|1140.74,781.783|1108.32,813.786|1055.58,845.516|1068.79,811.428|978.602,637.055|919.77,626.778|887.006,556.336|940.548,512.157|985.127,511.119|1033.26,501.674|990.662,524.955|991.328,900.4|944.327,1126.04|910.302,1332.7|856.168,1462.7|914.352,875.126|869.082,1082.94|858.727,1255.07|819.607,1365.59|1006.02,585.886|1044.4,524.771|1026.6,534.302|1003.67,585.487|1020.82,521.52|974.541,548.877
148|1|951.073,886.343|963.106,797.216|976.301,725.786|1002.15,624.383|1013.7,644.288|1075.83,676.069|1150,797.116|1146.92,789.329|1112.92,817.704|1058.46,844.871|1072.45,810.717|982.527,637.187|925.04,621.161|901.319,539.446|964.237,491.924|1010.29,482.715|1052.61,490.237|1024.06,508.754|992.439,900.195|946.614,1123.76|914.375,1324.25|860.399,1452.5|915.293,874.453|862.581,1085.46|848.532,1261.95|806.126,1373.62|1010.96,586.844|1016.13,514.501|1005.33,530.762|1009.6,586.221|993.864,522.819|965.628,569.498
149|1|952.255,886.147|964.089,797.906|977.087,726.966|1002.75,626.837|1014.21,646.516|1076,677.607|1149.38,797.217|1153.65,798.682|1118.64,822.884|1062.93,844.229|1077.95,810.016|983.266,639.403|926.666,621.576|906.776,536.779|973.819,489.597|1019.78,482.615|1066.7,482.601|1032.25,511.881|993.539,899.819|951.594,1119.18|921.737,1313.55|869.286,1438.89|916.497,874.396|867.217,1084.36|852.99,1260.44|811.655,1371.52|1011.59,589.77|1015.92,531.29|1002.78,550.742|1003.5,606.378|994.765,535.897|969.682,565.434
150|1|952.937,885.248|965.388,797.085|978.973,726.208|1006.76,626.774|1017.82,646.67|1079.21,678.821|1150.53,800.313|1156.55,803.788|1120.19,826.279|1062.92,844.423|1079.39,810.575|987.011,638.909|932.393,616.32|934.18,524.286|999.408,492.463|1044.89,499.506|1094.85,498.413|1045.71,503.129|994.188,899.252|951.361,1117.43|920.326,1310.53|866.057,1434.07|917.214,873.213|864.811,1083.88|848.074,1261.69|804.541,1372.6|1016.38,589.922|1034.01,545.8|1017.62,563.546|1006.56,614.862|1012.31,544.326|980.336,556.26
151|1|953.138,885.156|965.516,796.931|979.023,725.959|1006.68,626.427|1017.79,646.323|1079.31,678.373|1150.97,800.037|1158.38,803.414|1122.22,826.058|1064.78,844.114|1081.11,810.284|986.922,638.585|932.288,615.674|931.607,521.176|1002.58,486.584|1049.94,487.42|1099.32,486.744|1057.48,495.828|994.489,899.132|952.089,1117.17|921.373,1309.55|867.227,1432.98|917.323,873.142|864.809,1084.3|847.68,1262.79|803.911,1373.98|1016.27,589.543|1030.96,542.561|1014.63,560.391|1005.21,612.788|1009.49,541.743|979.652,556.528
152|1|953.185,885.153|965.597,796.929|979.139,725.96|1006.88,626.463|1017.97,646.366|1079.47,678.47|1151.03,800.217|1158.52,803.631|1122.36,826.25|1064.91,844.254|1081.25,810.427|987.11,638.601|932.53,615.567|932.157,520.829|1003.43,486.416|1050.8,487.34|1100.09,488.103|1058.75,497.391|994.534,899.148|952.068,1117.16|921.289,1309.5|867.1,1432.89|917.371,873.123|864.895,1084.29|847.768,1262.74|804.024,1373.93|1016.5,589.589|1031.4,542.612|1015.1,560.457|1005.63,612.853|1009.89,541.811|979.847,556.601
153|1|953.189,885.155|965.605,796.933|979.151,725.964|1006.9,626.473|1017.99,646.377|1079.49,678.486|1151.03,800.241|1158.53,803.648|1122.37,826.26|1064.91,844.258|1081.26,810.435|987.131,638.609|932.557,615.564|932.227,520.82|1003.51,486.435|1050.88,487.409|1100.15,488.319|1058.84,497.603|994.538,899.152|952.063,1117.16|921.278,1309.5|867.084,1432.88|917.376,873.124|864.9,1084.28|847.77,1262.73|804.025,1373.92|1016.52,589.602|1031.39,542.594|1015.1,560.439|1005.65,612.845|1009.89,541.8|979.866,556.623
154|1|953.19,885.156|965.607,796.933|979.153,725.965|1006.9,626.476|1017.99,646.379|1079.49,678.489|1151.03,800.244|1158.53,803.65|1122.37,826.261|1064.92,844.258|1081.26,810.435|987.133,638.611|932.561,615.565|932.238,520.822|1003.51,486.441|1050.89,487.422|1100.16,488.35|1058.85,497.638|994.538,899.153|952.063,1117.16|921.276,1309.5|867.081,1432.88|917.377,873.124|864.901,1084.28|847.771,1262.73|804.027,1373.92|1016.52,589.605|1031.4,542.593|1015.1,560.439|1005.66,612.846|1009.89,541.801|979.867,556.629
155|1|954.99,886.309|968.6,798.613|983.332,728.133|1013.87,630.637|1024.31,650.629|1084.85,684.033|1154.3,807.824|1162.63,806.054|1125.72,826.356|1067.24,841.334|1084.61,809.552|993.873,642.028|941.374,616.125|953.845,522.591|1024.61,490.604|1071.95,491.053|1120.11,497.014|1080.98,517.67|996.001,900.942|951.046,1117.1|917.762,1307.89|862.179,1429.36|919.484,873.73|869.07,1083.58|852.235,1259.59|809.84,1370.06|1024.5,594.437|1036.62,537.54|1024.1,556.666|1021.82,611.743|1014.57,541.358|982.879,568.676
156|1|957.518,889.211|971.203,802.95|985.998,733.261|1016.47,637.951|1026.72,657.642|1087.19,689.227|1158.06,810.753|1176.39,812.036|1139.08,831.637|1079.08,841.48|1097.71,810.657|996.683,648.869|945.868,621.161|969.159,527.809|1045.99,489.938|1092.37,488.478|1140.56,491.99|1102.83,507.393|998.261,903.901|954.683,1114.29|919.968,1301.73|865.995,1420.81|922.19,876.562|875.203,1084.38|856.137,1260.19|815.065,1369.85|1027.2,602.562|1033.94,533.063|1023.42,548.861|1026.64,602.946|1012.2,540.583|983.52,584.467
157|1|957.564,889.277|971.296,803.032|986.134,733.36|1016.72,638.138|1026.94,657.831|1087.37,689.477|1158.12,811.082|1176.49,812.305|1139.17,831.834|1079.15,841.586|1097.81,810.808|996.921,649.025|946.196,621.213|969.933,527.946|1046.74,490.924|1093.26,491.386|1140.79,498.276|1102.9,512.306|998.294,903.992|954.619,1114.33|919.802,1301.74|865.771,1420.76|922.249,876.606|875.094,1084.39|855.85,1260.28|814.665,1369.9|1027.49,602.779|1034.62,533.253|1024.06,548.945|1027.05,602.997|1012.83,540.68|983.875,584.518
158|1|958.29,890.311|972.563,804.33|987.892,734.897|1019.67,640.857|1029.59,660.543|1089.56,692.759|1158.76,815.053|1179.3,820.487|1141.82,839.067|1081.56,846.684|1100.72,815.731|999.79,651.358|950.356,622.096|981.321,530.748|1058.52,495.136|1105.03,497.061|1150.99,508.361|1113.68,520.087|998.859,905.32|954.133,1114.62|918.044,1301.54|863.317,1419.65|923.121,877.387|872.793,1084.7|850.304,1262.38|806.981,1371.36|1030.87,605.898|1042.49,535.009|1032.42,548.247|1033.82,600.703|1020.18,541.624|987.582,586.927
159|1|958.316,890.348|972.617,804.374|987.973,734.948|1019.81,640.946|1029.72,660.636|1089.67,692.892|1158.79,815.242|1179.36,820.754|1141.88,839.32|1081.61,846.894|1100.79,815.939|999.929,651.43|950.55,622.093|981.771,530.73|1059.08,495.415|1105.59,497.657|1151.76,508.674|1113.93,521.743|998.879,905.374|954.086,1114.65|917.928,1301.56|863.159,1419.64|923.151,877.41|872.681,1084.71|850.053,1262.46|806.638,1371.42|1031.04,605.999|1042.68,535.091|1032.68,548.306|1034.14,600.737|1020.36,541.715|987.719,587.053
160|1|958.834,891.923|973.615,806.317|989.343,737.093|1022.31,643.818|1031.96,663.594|1091.55,696.436|1158.6,819.813|1181.81,832.176|1144.02,849.064|1083.39,853.23|1103.53,822.058|1002.33,653.977|954.88,621.938|996.277,528.815|1079.46,503.041|1126.4,500.447|1175.69,500.011|1136.97,523.082|999.296,907.256|954.471,1115.12|918.882,1299.54|864.983,1417.11|923.751,878.717|869.193,1083.26|846.651,1254.82|801.188,1360.71|1033.98,609.129|1039.96,536.88|1032.03,549.483|1038.8,600.239|1018.29,545.341|988.883,594.614
161|1|959.193,894.388|972.808,809.617|987.373,740.59|1017.19,647.917|1027.36,667.175|1087.66,697.133|1158.84,816.519|1190.25,831.555|1154.53,849.586|1094.7,853.611|1113.42,822.377|997.685,658.312|951.298,625.269|999.438,531.499|1090.71,509.793|1133.02,511.626|1156.46,522.268|1123.47,539.585|999.806,909.095|960.63,1113.5|934.57,1287|886.959,1403.36|923.906,881.698|868.654,1077.6|858.115,1225.63|815.499,1324.15|1027.82,613.494|1033.68,541.589|1025.27,551.79|1031.5,599.586|1012.01,549.838|983.283,600.51
162|1|960.001,896.449|972.826,812.463|986.511,743.498|1013.46,648.772|1024.2,668.07|1085.36,695.676|1159.55,811.829|1200.29,836.702|1166.59,853.649|1107.61,855.506|1125.6,823.948|994.242,659.779|947.591,625.611|1005.19,528.594|1101.77,502.623|1147.14,495.747|1195.38,491.985|1158.92,529.014|1000.96,910.683|966.172,1111.39|947.073,1273.4|904.056,1387.3|924.328,884.141|870.433,1073.67|867.726,1204.08|829.232,1298.18|1023.22,613.739|1045.04,544.681|1041.19,554.918|1043.15,605.545|1023.66,548.32|982.296,589.742
163|1|963.496,899.215|975.001,816.251|987.03,747.303|1007.44,648.351|1019.49,667.573|1082.06,690.08|1159.87,801.922|1216.5,834.998|1190.08,854.766|1132.78,855.404|1146.36,824.663|988.889,660.801|939.254,627.496|1015.6,530.411|1120.74,519.257|1168.96,513.497|1214.45,534.94|1178.97,546.569|1005.23,912.407|975.338,1107.92|963.928,1253.73|925.033,1362.7|926.987,887.767|875.312,1069.22|880.316,1177.79|847.482,1267.3|1015.2,612.008|1033.06,548.943|1034.09,549.51|1042.49,589.141|1013.12,548.335|973.907,587.307
164|1|972.837,900.847|984.406,815.898|995.557,744.895|1004.58,638.846|1018.68,657.953|1080.83,676.244|1157.07,792.699|1246.38,860.369|1244.47,871.594|1186.51,866.193|1185.16,838.448|987.313,653.765|925.923,640.674|1003.85,571.574|1124.16,530.659|1182.02,513.179|1241.27,524.104|1168.38,538.697|1017.01,912.215|977.466,1113.96|954.481,1268.02|908.266,1380.6|933.874,890.922|888.98,1065.67|894.282,1169.47|852.853,1255.14|1009.36,600.161|1031.54,551.905|1036.85,544.642|1045.7,573.99|1013.13,543.179|970.998,567.808
165|1|988.758,914.182|994.62,816.806|997.349,736.341|1011.04,616.928|1023.03,637.606|1085.34,664.638|1152.69,804.496|1240.97,876.496|1259.57,866.59|1184.75,859.397|1169.59,832.379|993.605,635.16|941.668,641.523|980.402,616.567|1123.16,530.501|1194.56,532.24|1244.71,585.979|1179.64,564.665|1037.73,913.031|1032.56,1153.77|996.758,1340.96|1000.02,1492.65|943.831,915.373|899.852,1126.33|876.209,1245.42|863.746,1361.17|1020.48,573.66|1030.36,568.535|1049.44,548.682|1074.15,552.541|1019.13,543.29|985.549,528.779
166|1|987.053,912.771|991.56,816.682|992.612,735.663|1008.38,613.695|1019.96,634.62|1080.52,662.637|1152.01,803.14|1243.1,891.894|1256.13,878.101|1183.94,857.167|1178.57,837.567|990.57,632.621|939.528,640.191|982.014,615.321|1116.83,536.81|1182.65,519.761|1262.04,570.283|1195.28,558.794|1035.75,908.461|1043.84,1147.75|1022.47,1345.52|1042.54,1497.38|942.049,916.892|904.949,1128.64|878.716,1254.88|871.185,1373.92|1018.96,569.502|1021.27,570.817|1041.6,547.99|1072.88,545.785|1009.67,544.149|979.819,525.857
167|1|988.502,916.496|992.408,820.342|992.872,739.119|1006.65,616.612|1018.61,637.291|1079.94,663.285|1151.99,803.812|1243.26,898.296|1256.57,884.538|1186.85,859.521|1183.01,840.518|989.103,635.986|938.2,644.074|982.092,620.11|1118.99,542.309|1186.73,524.357|1263.22,575.493|1201.34,574.129|1037.24,911.698|1050.42,1146.76|1037.45,1345.42|1062.89,1495.34|943.45,921.071|913.701,1123.32|891.142,1254.46|886.712,1373.01|1016.51,572.172|1024.96,566.717|1036.54,540.091|1061.43,533.274|1005.12,545.441|966.973,540.853
168|1|991.564,917.669|995.115,822.391|995.148,741.437|1008.2,618.886|1020.52,639.428|1082.21,664.099|1151.72,805.722|1237.38,907.58|1255.45,894.652|1190.7,862.007|1186.76,843.82|990.553,638.443|937.62,645.965|980.196,623.685|1113.88,549.88|1187.61,534.772|1262.89,585.398|1209.33,581.873|1040.09,912.39|1057.37,1147.17|1045.25,1342.57|1072.5,1490.92|946.694,922.689|916.419,1131.92|892.789,1259|889.137,1377|1017.71,574.396|1029.34,563.571|1039.72,537.886|1062,534.489|1008.61,543.447|968.037,543.124
169|1|991.562,917.73|994.989,822.601|994.93,741.767|1007.72,619.334|1020.07,639.797|1082.08,664.976|1152.35,807.45|1238.65,910.583|1258.38,897.017|1191.06,863.402|1186.48,843.25|990.134,638.941|937.356,646.723|980.731,625.505|1115.18,551.998|1189.47,536.715|1263.95,587.349|1206.03,592.009|1040.01,912.366|1059.01,1146.7|1047.95,1341.74|1075.92,1489.78|946.756,922.827|914.359,1136.99|889.287,1264.87|884.582,1383.97|1017.14,574.878|1031.07,564.501|1040.34,538.487|1060.61,534.169|1009.55,544.695|967.202,544.704
170|1|994.584,918.312|995.997,823.265|994.695,742.965|1006.96,620.208|1019.52,640.591|1081.85,666.611|1150.43,809.645|1234.27,916.266|1255.92,904.274|1193.84,867.864|1190.04,846.961|989.326,640.028|936.652,648.939|983.029,629.477|1121.55,561.576|1200.1,550.532|1263.86,601.636|1216.69,599.208|1042.77,911.539|1062.41,1143.5|1054.01,1338.81|1083.45,1486.05|949.965,924.721|920.874,1133.14|897.074,1260.48|894.202,1378.81|1016.17,575.605|1036.67,567.438|1045.05,541.075|1060.63,535.725|1014.57,546.809|967.623,544.589
171|1|993.488,920.855|995.175,826.25|994.159,746.212|1007.1,623.603|1019.52,643.909|1081.27,669.617|1143.87,815.283|1224.53,926.352|1252.93,914.421|1197.35,871.638|1192.59,851.045|989.376,643.471|936.803,652.823|984.004,636.418|1121.1,571.782|1201.94,562.55|1270.31,613.771|1214.31,609.128|1041.59,914.056|1062.79,1145.35|1055.11,1339.08|1085.44,1485.41|948.937,927.288|919.641,1135.38|896.308,1257.96|893.227,1374.9|1016.58,579.092|1036.43,570.842|1044.81,544.375|1060.86,538.89|1014.25,550.303|967.674,548.328
172|1|993.48,920.631|995.202,826.047|994.221,746.022|1007.31,623.412|1019.7,643.727|1081.52,669.628|1143.77,815.851|1224.22,928.054|1253.5,916.465|1197.91,873.035|1193.11,851.714|989.568,643.277|937.055,652.612|984.866,636.811|1122.58,572.574|1203.62,563.632|1271.71,615.505|1215.69,612.09|1041.58,913.831|1062.87,1144.91|1055.22,1338.34|1085.68,1484.53|948.93,927.066|919.627,1134.97|896.346,1256.42|893.216,1372.95|1016.86,578.903|1039.69,570.773|1048.8,544.983|1063.1,541.021|1018.23,549.249|970.036,545.478
173|1|983.573,922.164|989.668,825.175|991.013,743.019|1009.16,620.341|1020.42,641.216|1080.74,668.192|1142.55,814.524|1221.43,929.073|1251.58,919.153|1199.13,875.281|1194.14,853.533|990.848,639.638|937.992,648.206|991.119,642.366|1135.65,586.796|1218.4,578.508|1279.84,643.296|1230.45,623.775|1031.69,916.552|1058.86,1155.87|1040.77,1346.58|1072.36,1492.87|938.779,927.526|904.632,1159.47|874.872,1275.95|872.206,1394.43|1020.78,575.969|1045.91,566.638|1048.73,538.599|1058.72,529.352|1019.9,549.254|968.696,553.054
174|1|992.678,924.712|993.392,827.869|991.505,747.058|1007.49,624.077|1019.13,644.582|1080.08,670.191|1142.45,816.656|1222.5,931.751|1252.74,922.446|1200.33,879.501|1195.41,855.938|989.498,643.889|936.357,653.142|991.126,650.692|1133.29,597.821|1219.71,596.172|1281.83,660.096|1219.73,643.605|1039.81,915.598|1075.68,1161.64|1053.52,1351.84|1085.13,1499.9|948.664,933.359|916.692,1182.38|884.503,1293.24|881.58,1414.5|1018.34,579.532|1043.51,573.96|1050.22,546.348|1062.18,538.118|1020.02,553.245|969.331,550.1
175|1|997.692,929.68|994.998,830.47|991.291,749.126|1002.93,624.054|1015.49,644.608|1078.25,670.546|1143.29,817.625|1225.15,934.258|1255.12,925.768|1201.07,883.826|1196.36,858.017|985.438,644.44|932.796,653.996|990.753,652.438|1138.8,600.708|1226.46,599.881|1282.93,663.47|1222.88,655.085|1044.64,918.509|1088.9,1169.01|1069.38,1365.78|1105.11,1516.31|953.708,940.284|929.532,1202.02|897.509,1318.35|897.718,1445.7|1012.14,578.641|1042.35,576.346|1050.27,548.927|1059.3,540.672|1020.01,553.55|966.396,545.471
176|1|1007.26,934.459|998.753,835.006|992.427,755.051|1001.01,628.84|1014.6,648.637|1082.12,671.544|1144.48,820.6|1221.08,945.239|1255.23,940.67|1206.28,895.105|1200.44,866.859|983.484,650.582|928.908,660.952|997.47,658.494|1152.29,610.566|1246.32,613.339|1292.1,684.976|1230.34,681.14|1054.75,921.085|1116.32,1179.54|1097.64,1373.69|1132.5,1526.96|962.889,947.098|948.676,1227.82|923.008,1336.8|923.928,1467.31|1009.12,582.809|1041.86,571.215|1048.13,544.833|1055.28,542.373|1017.78,549.798|961.508,548.871
177|1|1004.19,934.195|997.573,834.789|992.909,755.011|1002.82,629.517|1016.04,649.259|1082.21,671.957|1167.03,811.446|1256.81,931.318|1272.02,941.764|1204.94,913.892|1203.47,869.554|985.215,651.096|931.133,660.912|997.714,663.676|1152.56,622.251|1241,628.922|1294.79,714.832|1226.86,693.271|1051.2,921.284|1128.85,1179.41|1109.88,1375.84|1149.91,1528.52|960.181,946.423|958.98,1232.39|929.832,1350.94|933.774,1484.53|1011.47,583.786|1045.34,573.554|1052.52,547.554|1059.16,545.462|1022.16,551.195|965.634,547.911
178|1|994.151,930.844|992.156,831.574|990.669,751.502|999.801,626.648|1012.59,646.249|1077.38,669.481|1171.09,801.748|1268.97,914.009|1274.21,941.788|1205.83,920.461|1203.97,869.889|982.854,648.126|931.968,660.204|1001.59,667.992|1156.54,632.937|1246.87,640.859|1297.86,722.475|1235.04,702.217|1040.98,919.962|1118.29,1173.44|1102.77,1375.61|1148.82,1526.59|950.245,941.181|949.952,1221.3|918.91,1357.96|925.327,1495.65|1008.3,581.132|1043.09,577.282|1052.42,551.456|1058.82,547.376|1022.21,552.805|966.362,542.493
179|1|979.56,902.359|984.011,815.242|985.394,740.728|1002.43,626.703|1013.66,643.924|1076.47,661.305|1168.04,787.289|1255.29,902.731|1271.47,941.24|1206.9,919.795|1197.82,867.064|984.402,647.511|932.502,660.046|1007.16,673.095|1159.21,644.926|1242.21,648.57|1296.51,724.679|1236.54,710.569|1023.77,893.184|1104.48,1122.56|1085.2,1297.3|1129.68,1432.1|938.2,911.059|978.154,1161.06|943.348,1291.41|957.01,1415.06|1013.85,585.193|1046.08,577.471|1053.69,551.829|1060.97,548.417|1023.97,555.198|969.511,550.068
180|1|971.611,874.146|980.86,797.71|985.18,730.83|1001.51,624.747|1011.05,639.428|1067.62,652.247|1161.77,765.525|1244.47,874.504|1260.99,923.677|1210.98,920.151|1194.1,867.465|985.334,645.663|938.57,660.976|1011.02,679.888|1156.81,657.775|1223.85,665.906|1278.84,731.085|1231.65,720.46|1007.16,859.278|1087.2,1048.2|1065.33,1194.67|1122.07,1291.09|937.718,888.4|1034.15,1021.83|1008.07,1115.61|1048.85,1193.24|1013.04,586.068|1045.7,577.21|1052.78,553.188|1058.5,551.305|1024.56,555.884|971.257,551.444
181|1|977.84,864.619|984.55,792.404|984.834,725.9|1001.41,621.54|1010.93,635.853|1061.31,646.204|1134.06,754.811|1202.48,861.908|1220.93,893.774|1216.36,911.272|1199.52,865.094|985.175,642.301|940.911,660.31|1014.42,683.467|1161.15,666.3|1229.18,672.95|1286.52,735.352|1229.12,731.039|1015.88,851.203|1076.89,1027.91|1069.48,1155.2|1118.02,1248.03|941.975,877.356|1004.62,986.397|1026.58,1064.03|1067.7,1135.56|1012.99,583.485|1045.35,578.888|1053.07,554.236|1059.1,549.658|1024.85,556.806|972.042,549.045
182|1|977.962,864.672|984.482,792.605|984.624,726.227|1000.98,622.06|1010.51,636.233|1061.08,646.001|1133.61,754.73|1202.27,861.434|1218.23,889.331|1213.6,909.172|1199.56,863.382|984.805,642.914|940.627,661.221|1014.46,684.553|1161.69,667.122|1230.02,673.151|1287.39,734.813|1225.58,734.304|1015.94,851.084|1080.63,1022.62|1068.23,1143.47|1114.89,1232.99|942.153,877.573|1000.25,997.29|988.883,1072.14|1024.81,1141.99|1012.5,584.063|1046.24,579.373|1053.38,554.59|1058.23,549.799|1025.39,557.434|971.575,549.995
183|1|977.962,864.672|984.483,792.605|984.624,726.227|1000.98,622.06|1010.51,636.234|1061.08,646.002|1133.61,754.729|1202.27,861.433|1218.23,889.332|1213.6,909.175|1199.56,863.385|984.806,642.914|940.629,661.222|1014.47,684.555|1161.7,667.124|1230.03,673.155|1287.4,734.819|1225.58,734.3|1015.94,851.083|1080.63,1022.61|1068.23,1143.47|1114.89,1232.99|942.154,877.573|1000.26,997.273|988.922,1072.13|1024.86,1141.97|1012.5,584.064|1046.24,579.374|1053.39,554.591|1058.23,549.801|1025.39,557.435|971.577,549.995
184|1|980.83,863.351|985.978,792.384|986.304,726.003|1007.34,621.817|1016.25,636.624|1064.96,648.295|1135.87,761.377|1206.9,868.094|1226.67,892.413|1212.97,911.096|1199.53,863.332|990.214,641.989|943.457,659.783|1012.72,689.811|1159.71,671.049|1234.25,678.408|1291.98,741.637|1229.98,741.33|1022.18,853.666|1073.74,1025.87|1071.39,1148.91|1110.98,1243.56|942.364,872.461|952.842,989.729|942.485,1065.4|966.424,1139.06|1020.62,584.024|1045.15,571.672|1046.57,545.258|1055.23,537.812|1019.46,556.263|969.856,563.342
185|1|981.014,863.345|986.12,792.521|986.428,726.262|1007.46,622.28|1016.36,637.002|1065.02,648.432|1135.7,761.31|1206.49,867.963|1226.33,892.505|1212.82,911.475|1199.42,863.581|990.333,642.479|943.586,660.607|1012.87,692.005|1159.79,674.294|1234.35,682.644|1291.72,747.134|1229.03,744.688|1022.33,853.611|1073.74,1025.62|1071.52,1147.98|1110.77,1242.66|942.579,872.5|968.672,992.013|978.969,1076.52|1005.1,1154.23|1020.74,584.563|1050.26,573.32|1052.65,547.298|1058.54,541.155|1025.35,556.109|972.62,559.898
186|1|981.032,863.341|986.085,792.582|986.356,726.372|1007.27,622.466|1016.2,637.131|1064.93,648.3|1135.82,760.855|1206.64,867.381|1226.42,892.155|1212.85,911.466|1199.47,863.491|990.152,642.706|943.367,661.094|1012.58,693.28|1159.43,676.067|1233.93,684.857|1291.16,749.866|1228.83,746.272|1022.34,853.563|1073.79,1025.48|1071.82,1147.3|1110.88,1242.03|942.603,872.537|975.426,991.218|993.996,1078.03|1021.64,1156.54|1020.51,584.772|1050.53,574.235|1053.71,548.339|1059.68,542.553|1026.14,556.267|973.192,558.543
187|1|982.967,863.099|986.869,792.589|986.082,726.398|1002.59,622.051|1012.38,636.19|1063.17,645.808|1137.44,758.827|1208.8,865.187|1229.29,892.55|1212.43,913.211|1199.24,863.624|986.103,643.042|939.919,664.61|1012.48,700.543|1158.53,683.287|1230.38,694.8|1288.44,756.319|1243.48,752.468|1024.32,852.771|1071.04,1019.13|1071.72,1130.58|1109.3,1222.98|944.511,872.803|981.646,972.884|1003.5,1040.79|1025.49,1116.63|1014.18,583.981|1045.28,580.756|1053.77,555.599|1061.29,550.17|1024.91,558.075|972.655,549.052
188|1|990.196,861.664|989.294,794.626|987.412,729.876|1003.17,624.294|1014.89,639.502|1069.48,650.526|1139.2,770.703|1209.25,882.549|1237.35,905.958|1211.42,909.738|1198.89,862.142|985.133,644.581|936.609,667.485|1010.92,701.604|1155.61,684.428|1229.68,696.704|1288.08,755.616|1228.05,747.913|1035.06,858.412|1070.98,1023.03|1082.16,1129.05|1102.28,1228.32|949.55,864.72|997.815,946.537|1034.24,995.501|1038.47,1066.72|1013.72,585.856|1046.66,580.13|1054.84,555.311|1061.18,551.821|1025.89,557.464|972.147,549.88
189|1|992.371,870.547|987.66,798.809|983.442,730.779|1003.47,622.361|1015.49,639.287|1074.23,657.079|1135.42,788.777|1207.21,907.496|1255.12,928.073|1211.85,903.62|1195.83,857.691|983.768,641.783|935.167,666.536|1007.16,705.034|1157.55,684.353|1232.21,692.514|1287.41,761.576|1221.46,748.401|1038.87,868.546|1062.34,1026.19|1076.17,1144.08|1086.9,1245.76|950.583,872.46|1002.85,938.727|1047.37,975.559|1049.67,1037.5|1015.27,583.006|1048.12,580.689|1056.03,554.065|1062.88,546.899|1026.41,557.607|971.758,548.575
190|1|992.269,870.638|987.542,798.92|983.312,730.906|1003.29,622.515|1015.31,639.432|1074.97,658.217|1136.63,791.776|1208.27,911.482|1257.56,931.446|1211.74,902.719|1196.36,856.424|983.602,641.936|935.057,666.668|1007.41,705.328|1157.92,684.471|1232.86,692.899|1289.11,761.807|1223.1,749.674|1038.75,868.634|1060.62,1025.23|1073.48,1142.99|1083.55,1244.26|950.494,872.555|1003.17,936.288|1048.03,971.194|1050.6,1032.18|1015.07,583.171|1046.99,581.735|1055.39,555.057|1063.07,547.507|1025.6,558.393|971.655,548.499
191|1|992.419,870.738|987.681,799.015|983.432,730.971|1003.26,622.512|1015.34,639.394|1076.45,659.07|1138.66,794.235|1209.79,915.033|1260.83,934.645|1211.13,900.754|1200.99,853.868|983.558,642.003|934.896,667.032|1007.47,706.646|1158.16,686.361|1233.4,694.884|1290.72,763.44|1221.62,747.956|1038.95,868.71|1057.92,1026.01|1068.26,1145.64|1078.02,1247.36|950.595,872.677|986.521,930.749|1017.91,960.858|1019.61,1019.55|1014.99,583.135|1047.37,581.896|1055.74,555.133|1063.12,547.455|1025.93,558.459|971.624,548.374
192|1|992.36,874.872|987.486,801.237|983.402,731.806|1002.72,622.066|1015.27,639.325|1078.52,660.287|1139.53,800.324|1210.47,923.536|1266.22,938.23|1210.99,893.686|1210.22,850.491|982.749,641.596|932.49,666.771|1007.71,707.137|1158.81,685.45|1236.39,694.893|1295.4,765.001|1223.06,748.192|1039.47,873.617|1056.27,1031.55|1064.8,1150.36|1071.7,1251.85|950.104,876.116|991.919,934.37|1028.9,965.14|1030.3,1022.94|1014.11,582.182|1046.99,579.442|1056.08,553.29|1063.52,547.683|1026,555.49|971.49,545.334
193|1|992.291,875.151|987.405,801.544|983.313,732.126|1002.71,622.403|1015.25,639.677|1078.69,661.121|1140.72,801.624|1212.36,924.045|1269.22,937.856|1211.69,892.672|1213.87,847.881|982.736,641.909|932.451,666.951|1007.71,707.218|1158.83,685.333|1236.81,695.446|1296.33,766.59|1225.22,749.791|1039.39,873.896|1055.24,1032.86|1062.72,1152.92|1069.71,1254.87|950.045,876.395|985.543,931.036|1017.18,958.812|1018.61,1015.55|1014.13,582.533|1047.31,581.46|1055.9,554.64|1062.97,547.16|1025.92,557.626|970.997,546.982
194|1|993.584,870.247|988.095,797.343|984.05,728.278|1003.27,619.692|1016.43,636.903|1081.88,658.684|1143.62,802.616|1211.41,929.426|1273.44,934.709|1212.62,889.261|1218.92,846.34|982.78,638.983|929.647,665.06|1007.45,706.427|1157.83,688.342|1235.85,694.786|1299.66,770.013|1218.71,747.567|1040.76,870.567|1057.87,1030.27|1067.2,1150.65|1072.11,1253.09|951.477,870.079|993.256,933.325|1030.61,968.087|1029.99,1026.81|1014.36,580.214|1048.64,590.616|1055.51,560.03|1061.49,541.145|1025.48,566.868|968.621,551.347
195|1|992.933,871.047|987.328,797.932|983.188,728.687|1001.9,619.734|1015.17,636.946|1080.83,658.425|1144.17,802.526|1213.62,927.943|1276.84,932.021|1213.35,889.865|1222.62,843.139|981.466,639.145|928.382,665.479|1007.03,706.28|1157.81,686.024|1234.9,693.988|1299.82,769.371|1219.83,749.567|1040.19,871.299|1058.03,1030.83|1068.01,1150.9|1073.1,1253.44|950.756,870.939|993.913,935.096|1032.51,970.572|1032.12,1029.71|1012.79,580.103|1043.33,581.446|1053.35,554.081|1063.09,545.318|1022.49,556.699|969.137,543.752
196|1|992.933,871.047|987.328,797.932|983.188,728.687|1001.9,619.734|1015.17,636.946|1080.83,658.425|1144.17,802.526|1213.62,927.943|1276.84,932.021|1213.35,889.865|1222.62,843.139|981.466,639.145|928.382,665.479|1007.03,706.28|1157.81,686.024|1234.9,693.988|1299.82,769.371|1219.83,749.567|1040.19,871.299|1058.03,1030.83|1068.01,1150.9|1073.1,1253.44|950.756,870.939|993.913,935.096|1032.51,970.572|1032.12,1029.71|1012.79,580.103|1043.33,581.446|1053.35,554.081|1063.09,545.318|1022.49,556.699|969.137,543.752
197|1|994.54,874.969|989.142,801.736|985.157,732.276|1006.79,622.988|1019.52,640.644|1080.37,661.388|1130.01,778.24|1197.57,894.331|1229.57,929.715|1172.05,956.522|1139.21,903.539|985.897,642.018|932.049,667.074|1006.31,703.689|1158.16,683.628|1233.73,689.972|1299.82,766.026|1219.24,745.819|1041.99,875.312|1056.59,1034.04|1064.12,1152.65|1066.99,1255.15|952.189,874.78|985.627,943.433|1016.77,981.755|1014.32,1042.95|1018.85,583.339|1042.19,583.492|1051.07,554.717|1065.67,543.52|1019.63,560.653|969.939,551.958
198|1|993.784,877.153|987.667,803.97|983.058,734.458|1002.51,624.571|1015.67,642.029|1080.74,667.034|1135.78,807.023|1198.32,937.899|1228.2,983.665|1170.58,957.97|1142.87,921.612|981.929,644.003|928.385,668.789|1004.36,700.647|1156.19,676.526|1231.35,682.388|1301.65,756.458|1223.23,741.04|1041.28,877.124|1057.88,1034.81|1066.6,1152.54|1069.98,1255.1|951.383,877.298|991.921,942.135|1028.3,977.89|1025.94,1038.17|1013.72,584.65|1041.55,578.336|1051.18,552.06|1062.84,548.049|1020.03,555.033|968.053,548.224
199|1|994.651,887.612|988.873,811.362|983.395,739.878|1001.15,623.397|1013.51,642.116|1070.7,665.596|1131.71,802.721|1216.14,915.179|1228.9,971.577|1168.63,957.292|1148.07,922.082|981.881,643.372|935.134,664.711|1000.62,695.32|1149.77,667.765|1222.79,674.848|1300.96,748.513|1224.01,736.192|1042.59,884.019|1056.56,1046.41|1062.49,1168.83|1068.08,1275.58|951.449,890.977|993.012,947.847|1029.34,977.012|1029.58,1038.01|1012.18,581.029|1041.79,578.645|1050.83,551.91|1060.61,544.984|1020.43,555.232|967.722,545.956
200|1|993.911,885.406|988.002,809.624|983.133,738.569|1001.3,624.715|1014.3,642.964|1078.36,667.078|1145.05,807.133|1223.51,927.171|1222.67,992.534|1171.04,955.893|1143.64,922.727|981.323,644.463|930.861,666.492|993.414,690.619|1141.53,655.644|1216.36,664.021|1302.5,722.549|1227.17,715.778|1041.84,883.974|1056.62,1045.5|1063.82,1166.88|1067.04,1271.7|950.96,886.813|996.547,952.252|1037.1,989.063|1036.95,1050.49|1012.16,583.295|1037.57,577.86|1047.51,551.534|1060.75,546.717|1016.4,554.765|966.26,547.669
201|1|990.353,889.271|986.461,811.677|983.152,739.147|1000.61,624.878|1013.8,642.816|1080.62,667.776|1150.23,812.072|1227,938.639|1218.69,997.902|1172.24,954.163|1142.46,924.314|980.633,645.159|925.341,666.245|989.263,687.212|1136.92,646.023|1212.39,656.241|1300.99,715.29|1222.3,699.554|1038.84,888.187|1052.56,1053.32|1057.06,1178.67|1064.95,1285.34|946.818,890.371|969.116,949.306|990.424,979.024|990.728,1038.3|1011.36,583.254|1036.07,579.45|1045.9,552.027|1059.99,545.239|1014.26,556.125|963.926,548.48
202|1|991.971,900.172|988.832,819.625|985.741,745.075|1003.11,629.034|1016.99,647.361|1087.77,672.163|1160.42,820.949|1233.8,952.985|1221.25,1016.2|1183.43,962.989|1147.15,928.408|982.494,649.547|922.339,668.715|979.091,684.993|1128.02,643.25|1207.33,644.496|1293.29,710.751|1198.56,666.67|1041.38,898.156|1061.01,1085.87|1059.04,1214.85|1068.53,1329.72|947.447,902.122|935.907,1029.87|950.821,1051.87|951.349,1115.14|1013.69,586.757|1034.25,578.602|1044.36,551.01|1061.97,546.231|1011.72,555.978|963.267,552.257
203|1|988.8,899.185|988.728,819.609|987.97,745.268|1003.28,624.899|1016.3,643.928|1078.33,665.399|1138.98,812.206|1220.23,930.932|1229.08,998.076|1175.89,959.856|1143.05,928.01|984.132,645.832|926.802,665.091|973.615,683.329|1113.78,634.151|1196.36,629.518|1286.66,686.164|1189.36,650.568|1038.12,897.786|1046.14,1079.52|1045.37,1223.06|1058.27,1342.93|944.238,900.583|935.398,971.205|933.087,1008.59|928.435,1076.13|1013.59,581.013|1030.43,580.995|1039.82,551.465|1059.3,539.16|1007.66,558.626|961.839,551.212
204|1|992.077,900.351|992.193,820.336|991.421,745.401|1006.24,623.329|1019.21,642.661|1076.11,664.289|1140.98,805.771|1232.51,916.684|1236.59,970.452|1170.33,959.071|1161.84,927.749|987.271,644.466|930.158,665.198|971.381,679.784|1108.62,627.815|1194.09,620.124|1286.5,677.69|1186.3,644.977|1041.73,898.629|1045.26,1081.29|1040.3,1225.34|1052.91,1345.57|947.175,902.044|930.347,946.193|921.781,963.838|917.799,1024.32|1016.5,578.804|1032.9,578.908|1038.96,547.902|1057.31,531.839|1007.62,558.923|961.282,555.428
205|1|991.674,900.541|991.667,820.407|990.805,745.371|1005.26,623.144|1018.35,642.486|1076.09,664.394|1143,804.755|1234.54,916.767|1238.66,970.167|1172.12,960.008|1164.68,927.414|986.311,644.319|928.917,665.086|967.953,678.246|1103.42,625.479|1187.06,615.793|1280.66,667.381|1180.46,639.199|1041.37,898.799|1044.56,1080.64|1039.41,1223.54|1051.43,1343.28|946.736,902.252|933.051,949.366|926.805,968.985|923.063,1029.88|1015.37,578.549|1032.11,578.759|1039.91,548.324|1058.91,533.998|1008,557.429|961.675,551.797
206|1|983.975,898.741|987.791,819.497|990.5,745.28|1005.81,623.805|1018.8,643.283|1080.76,665.891|1152.58,803.105|1243.53,914.149|1238.23,966.46|1171.5,960.87|1170.55,926.917|986.7,644.556|929.966,661.706|947.558,676.456|1076.37,617.463|1164.23,600.149|1265,629.96|1153.44,626.031|1033.37,899.539|1033.65,1078.7|1026.5,1218.77|1034.82,1337.88|939.355,898.154|924.197,953.836|917.45,979.886|913.144,1043|1016.09,579.543|1032.92,577.717|1041.95,548.509|1061.21,537.233|1009.98,555.872|964.188,550.066
207|1|984.248,899.388|987.996,820.001|990.661,745.671|1005.44,624.006|1018.59,643.469|1080.85,665.804|1154.79,801.848|1247.18,911.51|1240.54,963.649|1173.5,961.327|1173.67,926.075|986.356,644.835|929.177,661.986|943.16,674.186|1069.53,614.557|1154.95,598.266|1250.66,638.276|1150.15,619.981|1033.7,900.21|1031.31,1077.77|1022.05,1215.66|1028.44,1333.81|939.58,898.78|929.403,954.923|926.336,981.403|921.768,1044.62|1015.5,579.658|1025.41,578.156|1035.19,548.563|1059.39,536.279|1002.9,556.712|961.839,551.484
208|1|983.136,900.258|987.251,820.994|990.25,746.715|1005.33,624.935|1018.55,644.349|1081.81,666.248|1157.81,800.908|1250.36,910.399|1241.77,961.776|1174.45,961.627|1176.14,925.345|986.071,645.891|928.058,662.889|937.727,673.145|1065.29,613.759|1148.11,594.735|1238.72,627.622|1148.49,617.51|1032.71,901.24|1029.44,1080.33|1019.27,1219.86|1025.23,1339.12|938.354,899.506|918.544,964.462|908.053,997.09|902.587,1062.79|1015.52,580.54|1023.74,572.967|1036.88,545.801|1063.66,541.076|1003.68,550.327|964.547,545.917
209|1|979.871,896.721|986.21,820.634|991.635,748.311|1010.93,628.789|1023.43,648.065|1084.28,667.422|1158.11,798.956|1248.41,905.936|1243.62,955.453|1175.32,960.644|1180.28,924.345|990.971,649.223|931.86,662.179|932.883,671.203|1060.2,612.364|1145.62,599.377|1233.63,604.449|1148.23,622.813|1028.96,900.176|1023.86,1079.99|1013.83,1220.41|1014.61,1340.41|935.667,893.739|922.573,978.042|917.946,1026.29|907.334,1096.87|1022.73,585.355|1023.67,588.666|1026.13,555.82|1051.91,531.533|996.983,573.227|961.846,574.533
210|1|977.692,890.373|984.017,816.621|989.844,745.186|1013.14,624.538|1025.85,644.601|1088.84,668.125|1160.75,804.212|1248.83,919.407|1245.34,956.135|1174.21,957.814|1182.42,924.432|991.648,644.648|925.731,655.346|909.985,669.848|1042.36,614.046|1128.38,587.022|1209.62,612.509|1147.05,610.879|1027.34,894.859|1019.41,1078.09|1007.53,1221.88|1007.56,1346.1|933.086,886.474|915.209,984.376|909.152,1034.78|895.436,1110.08|1026.29,580.696|1023.62,571.196|1029.96,540.313|1060.9,527.138|998.395,554.971|964.902,562.281
211|1|978.01,888.572|984.025,815.379|989.572,744.444|1011.22,624.196|1024.3,643.931|1088.62,667.587|1160.4,803.724|1247.25,921.14|1245.21,959.346|1173.37,957.592|1182.28,924.609|989.912,644.554|923.568,656.443|903.794,671.675|1033.13,616.023|1118.68,586.885|1196.75,610.146|1130.28,603.016|1027.51,892.867|1017.22,1072.19|1002.3,1211.43|1002.96,1332.14|933.532,884.844|900.956,948.478|881.313,980.765|869.176,1048.23|1023.7,580.434|1013.99,578.347|1027.32,547.493|1066.44,534.399|993.566,556.602|965.884,552.332
212|1|980.13,879.057|986.277,811.555|991.259,744.005|1008.48,622.725|1022.56,641.807|1088.25,665.02|1165.39,799.069|1254.69,917.839|1247.25,955.03|1173.41,956.426|1189.98,923.335|987.613,644.213|919.554,658.681|892.01,675.55|1022.57,622.492|1110.45,587.295|1178.09,605.223|1125.18,600.705|1029.3,880.638|1018.64,1052.62|1003.14,1183.93|1006.85,1300.9|935.679,877.758|901.759,956.404|881.223,994.268|868.982,1066.33|1019.37,578.378|1011.33,579.452|1023.34,547.068|1061.23,530.409|989.354,557.641|959.657,552.325
213|1|974.251,870.303|984.24,806.401|991.653,741.133|1011.73,622.108|1024.56,640.701|1087.94,660.429|1163.14,786.553|1252.56,896.779|1248.48,942.28|1179.03,956.241|1197.67,919.364|991.082,643.373|922.338,655.701|873.743,684.449|1002.04,638.599|1075.76,579.95|1161.84,617.381|1093.91,606.68|1022.13,869.84|1007.5,1033.09|987.257,1156.82|996.979,1265.99|930.569,870.851|870.177,934.75|827.655,967.28|818.601,1035.74|1024.08,578.676|1011.7,575.408|1024.24,544.053|1064.75,530.25|990.703,554.688|964.63,552.777
214|1|970.117,874.138|981.279,809.214|989.637,743.415|1005.36,622.548|1018.95,641.014|1083.73,658.807|1162.2,781.157|1256.1,887.705|1248.8,934.404|1183.53,955.472|1203.6,915.281|985.419,644.519|915.937,659.1|864.685,689.679|992.225,645.115|1064.71,587.331|1156.73,628.756|1077.94,617.113|1018.12,873.692|998.846,1030.49|974.328,1147.34|983.033,1252.67|926.246,874.672|849.964,925.365|795.043,948.191|786.295,1012.43|1016.03,578.309|999.25,580.08|1016.94,549.671|1062.53,537.191|982.328,555.335|960.613,544.627
215|1|968.143,865.321|978.791,800.612|986.516,735.323|1000.94,618.418|1014.49,635.797|1079.61,651.519|1157.57,766.421|1247.21,869.783|1246.6,924.415|1188.86,952.988|1204.7,913.702|981.489,640.294|912.967,656.73|846.529,693.7|967.168,649.159|1047.78,606.368|1137.05,599.183|1057.54,628.499|1015.21,864.318|995.03,1015.55|970.037,1127.56|977.405,1228.02|925.089,866.359|848.094,924.027|791.481,952.496|783.662,1015.52|1011.08,575.557|1004.47,577.484|1017.51,546.255|1054.42,530.885|983.843,554.962|954.024,547.385
216|1|962.245,875.673|978.755,805.268|990.19,735.949|1007.27,613.723|1019.77,632.527|1081.14,649.505|1155.97,768.113|1252.98,864.219|1243.35,915.199|1186.57,947.949|1202.4,900.153|987.88,635.729|917.477,650.714|839.589,697.597|959.656,656.169|1040.25,621.122|1120.88,625.459|1049.19,630.633|1009.37,872.653|976.656,1021.21|941.286,1129.54|950.779,1228.29|918.591,878.596|845.607,907.612|795.672,914.754|787.989,972.426|1018.88,568.961|997.726,580.892|1006.27,545.984|1049.69,517.056|975.393,561.409|956.062,553.581
217|1|952.403,885.215|972.134,812.531|985.848,741.715|999.598,618.101|1012.38,636.967|1072.13,653.173|1150.17,766.073|1249.52,856.709|1242.68,908.056|1191.49,943.915|1205.84,895.904|981.062,640.371|912.071,653.713|827.3,698.908|948.918,661.289|1027.07,624.593|1094.53,623.377|1043.38,635.122|999.203,882.514|958.809,1024.19|917.661,1125.71|922.377,1221.03|908.849,887.854|835.044,903.105|784.839,900.524|777.85,952.839|1009.95,572.83|1008.96,566.972|1019.22,536.519|1051.25,524.819|986.119,546.988|951.761,547.043
218|1|950.078,884.717|969.9,814.012|983.25,744.858|995.425,622.966|1007.92,641.244|1064.72,656.006|1140.19,760.769|1238.86,845.166|1239.1,897.703|1198.4,936.583|1209.3,890.035|977.707,645.234|910.565,659.413|816.544,701.111|931.932,668.364|1015.1,634.585|1095.84,619.498|1028.49,654.958|995.495,880.297|949.468,1015.04|904.099,1110.96|906.7,1202.19|907.651,888.963|828.856,898.103|774.597,891.485|767.644,941.211|1005.23,578.343|999.402,584.589|1009.64,552.312|1044.34,531.699|977.307,563.491|946.993,555.534
219|1|949.747,901.247|970.187,824.043|982.403,750.585|987.773,625.088|1000.91,643.796|1057.33,658.575|1135.11,759.107|1236.98,837.622|1233.57,886.941|1201.93,931.814|1213.5,882.384|971.657,647.871|905.442,662.859|809.094,705.976|927.843,672.337|1006.15,637.196|1086.07,646.372|1020.78,663.555|994.214,893.69|939.941,1031.88|886.285,1131.96|889.442,1224.17|907.782,908.494|797.361,936.485|714.929,942.591|706.743,995.47|995.16,579.06|998.153,576.234|1013.04,548.378|1043.88,540.953|979.48,552.377|944.292,543.865
220|1|946.814,898.46|964.398,822.693|977.182,750.529|994.279,630.969|1006.93,649.722|1071.95,673.582|1096.4,767.283|1107.94,882.718|1099.9,884.057|1076.18,897.587|1087.06,867.999|974.876,651.965|908.374,666.419|799.73,710.704|912.385,680.322|996.753,657.24|1065.88,636.528|1007.71,670.174|994.282,899.261|939.784,1028.72|889.216,1118.51|882.113,1208.82|903.052,897.849|835.008,906.66|789.761,900.064|783.022,948.758|1005.35,587.477|968.706,582.022|993.121,556.885|1051.54,555.011|961.246,556.863|959.023,546.516
221|1|950.376,903.328|966.219,827.286|976.393,754.579|994.175,633.259|1007.21,652.639|1071.05,678.943|1097.83,780.522|1098.78,897.671|1083.07,897.376|1050.03,908.615|1072.69,872.307|974.192,654.151|905.087,665.859|793.92,707.952|909.868,685.769|991.265,663.578|1042,647.789|1001.87,670.628|997.316,899.525|938.344,1031.99|882.097,1126.02|878.237,1215.27|906.737,906.989|797.011,920.864|716.338,918.887|706.754,967.643|1005.33,589.171|989.145,570.345|1005.26,544.285|1048.67,544.543|972.107,551.364|950.675,557.837
222|1|943.459,897.07|960.978,824.432|973.869,753.925|991.662,633.705|1005.18,652.751|1073.05,681.59|1098.61,789.263|1087.29,910.943|1061.67,912.455|1017.74,925.397|1054.79,882.82|971.205,654.707|899.901,667.4|784.46,709.876|905.044,688.798|987.026,665.174|1036.22,659.401|995.731,672.75|991.084,896.999|934.304,1026.64|880.556,1117.61|876.332,1208.08|899.494,897.263|794.247,913.976|716.781,912.643|707.304,963.789|1002.68,589.971|987.34,569.99|1003.34,543.84|1046.41,544.707|969.83,551.074|947.377,558.451
223|1|949.483,888.545|962.828,819.25|973.1,750.749|989.823,632.058|1004.34,650.987|1072.89,675.16|1109.01,824.597|1069.9,930.756|1042.27,910.008|1007.54,881.25|1032.73,869.556|968.828,652.789|894.804,664.253|778.582,709.72|897.368,691.064|978.225,664.727|1038.96,663.115|985.347,675.897|997.45,889.567|949.606,1018.53|902.84,1108.94|896.402,1186.94|905.576,887.738|786.139,884.995|696.805,868.972|675.556,894.977|999.938,588.814|983.441,569.191|1000.59,543.168|1044.96,544.64|966.767,549.516|945.338,555.656
224|1|949.522,888.257|962.899,819.002|973.2,750.542|989.874,631.934|1004.4,650.838|1073,674.719|1109.83,823.92|1070.1,928.398|1042.92,904.994|1014.95,868.903|1035.06,864.835|968.889,652.668|894.852,664.292|778.373,710.693|896.263,692.816|977.53,669.047|1033.94,671.761|984.062,681.139|997.467,889.292|950.081,1017.88|903.708,1107.94|897.399,1185.4|905.633,887.438|785.506,883.89|695.607,864.138|672.279,886.76|999.97,588.719|983.486,568.958|1000.6,542.959|1044.94,544.492|966.791,549.34|945.348,555.62
225|1|950.026,888.755|963.334,819.601|973.571,751.285|989.923,633.143|1004.45,651.97|1073.1,675.351|1112.1,823.664|1069.26,923.715|1038.69,898.81|1013,856.742|1030.67,860.317|969.052,653.785|895.232,665.543|778.555,712.764|894.701,695.373|976.229,674.391|1030.36,679.927|983.778,686.432|997.797,889.834|951.447,1016.62|905.924,1105.19|898.986,1178.27|906.306,887.894|785.727,885.907|694.892,861.84|668.016,876.715|999.844,590.113|981.618,568.622|998.57,543.008|1043.71,545.231|965.145,549.888|945.153,558.049
226|1|951.368,891.678|964.214,821.833|974.061,753.149|989.108,635.157|1003.96,653.934|1073.8,675.474|1123.13,819.344|1076.19,922.982|1027.9,903.725|1005.59,847.289|1020.34,869.977|968.398,655.778|894.424,667.366|775.46,712.602|886.978,697.69|968.389,677.576|1029.18,686.071|976.445,692.605|999.114,892.812|959.537,1018.95|920.984,1105.3|916.995,1188.03|907.702,890.769|832.069,922.305|776.508,932.404|770.325,976.164|998.376,592.179|978.119,570.954|994.092,544.926|1039.84,545.578|961.255,553.237|942.71,562.728
227|1|964.703,901.234|972.315,826.402|977.973,754.553|987.514,633.268|1004.62,652.969|1080.17,673.578|1141.56,819.355|1097.71,935.56|1054,918.345|1031.31,875.321|1039.96,858.306|966.666,653.959|889.409,664.58|774.029,706.023|869.941,704.865|954.926,687.126|1019.51,686.277|963.132,701.502|1013.8,901.838|980.122,1034.58|948.592,1124.4|944.109,1216.18|920.071,900.818|876.439,993.752|847.951,1019.61|844.816,1078.21|993.582,588.931|976.273,567.752|989.998,540.966|1033.04,539.876|957.326,551.075|935.867,562.385
228|1|969.905,901.73|974.556,826.74|978.599,754.529|987.383,632.426|1005.24,652.403|1081.67,672.847|1139.36,821.386|1085.38,929.854|1044.24,908.35|1032.73,863.725|1029.13,852.39|966.133,653.197|887.536,664.495|768.897,708.957|872.845,707.63|951.447,692.38|996.137,686.204|958.951,700.57|1019.86,904.213|999.173,1054.61|975.924,1142.43|969.911,1240.39|924.873,899.628|899.908,1023.84|889.593,1071.95|886.016,1145.17|992.805,587.736|982.731,568.262|1002.16,543.598|1043.67,548.882|967.246,545.964|941.645,547.968
229|1|967.196,900.918|972.602,825.977|977.616,754.314|985.925,632.412|1004.06,652.462|1080.38,672.235|1131.63,824.049|1067.89,923.258|1033.52,896.606|1033,858.86|1014.31,848.664|964.605,653.072|885.68,664.354|767.375,710.526|872.296,713.764|950.732,696.977|991.295,690.751|957.476,703.457|1017.15,904.836|1003.92,1066.8|985.824,1153.28|981.196,1254.14|922.275,897.53|905.285,1040.98|902.487,1104.02|898.625,1185.79|990.927,587.783|975.63,573.426|992.852,545.801|1036.95,543.754|958.355,552.071|935.467,553.965
230|1|974.532,907.416|965.593,806.068|961.113,735.252|963.09,634.311|977.645,654.258|1043.17,681.988|1130.44,797.778|1185.69,821.427|1231.18,831.855|1235.07,862.505|1197.16,836.461|947.287,646.001|891.164,639.472|818.871,725.485|890.831,754.016|911.613,758.305|969.952,805.155|979.736,745.826|1024.69,916.303|1179,1074.09|1169.55,1531.48|1304.1,1776.11|927.427,899.215|1019.07,1053.62|1024.36,1550.08|1106.4,1795.08|966.763,597.446|1003.12,553.222|1007.53,546.587|1006.52,577.344|984.792,540.742|933.989,557.478
231|1|975.092,906.875|971.483,806.744|970.845,737.183|978.405,634.051|993.951,653.754|1065.74,678.637|1121.66,826.156|1091.24,878.942|1057.06,881.358|1023.54,907.441|1133.74,859.346|960.154,646.624|895.549,644.768|795.819,713.155|866.475,714.031|917.289,720.238|974.888,717.877|934.635,734.565|1031.55,918.842|1172.12,1110.94|1138.8,1629.11|1273.25,1973.06|922.794,895.971|986.628,1018.34|946.856,1564.91|1004.6,1859.71|982.902,596.243|978.911,560.175|991.27,544.461|1021.44,559.963|963.589,548.476|938.094,567.571
232|1|976.659,910.456|975.019,810.169|975.188,742.2|979.858,635.409|996.844,655.058|1072.84,677.593|1125.05,834.551|1116.7,905.795|1069.68,895.548|1022.46,902.278|1135.71,854.537|961.108,649.049|893.57,650.064|785.246,717.484|868.934,722.452|927.515,726.983|997.218,720.985|935.688,739.205|1038.67,924.094|1177.57,1134.05|1135.55,1725.38|0,0|919.636,898.13|950.627,1004.05|903.851,1615.9|934.176,2003.05|983.16,596.315|979.207,557.722|987.752,540.318|1016.81,553.249|960.081,548.544|932.372,573.74
233|1|974.727,913.208|973.913,811.879|974.485,743.891|979.341,635.886|996.687,655.688|1074.14,678.244|1126.45,838.469|1115.7,913.62|1062.56,899.02|1011.21,892.945|1055.7,881.825|960.191,649.681|891.274,651.313|780.959,721.634|866.497,724.657|927.633,731.872|1005.93,724.904|932.895,743.93|1038.85,927.479|1171.79,1146.7|1128.12,1783.85|0,0|915.858,900.335|929.416,1000.85|875.108,1654.77|889.642,2090.15|982.647,596.384|972.185,550.558|983.804,535.35|1018.59,554.023|955.25,542.652|932.352,572.328
234|1|975.705,917.069|974.683,814.635|975.017,746.414|979.531,637.331|997.174,657.232|1075.71,679.389|1126.11,841.926|1114.81,922.288|1059.29,903.27|1005.11,890.087|1043.8,884.186|960.195,651.316|890.392,653.007|778.121,724.728|864.496,728.753|927.634,732.209|1003.23,728.111|934.863,745.182|1041.15,931.459|1172.01,1156.68|1131.01,1827.61|0,0|915.646,904.104|919.373,1001.17|862.098,1685.57|866.489,2156.05|982.703,597.48|969.626,565.525|988.015,547.942|1027.59,562.9|957.87,549.544|938.919,561.971
235|1|975.624,923.697|974.328,819.103|974.467,749.873|979.116,638.162|997.063,658.495|1077.17,680.808|1124.43,846.172|1107.04,917.287|1044.67,904.499|981.902,894.357|1014.05,876.205|959.425,652.484|888.362,654.205|770.969,724.781|859.445,733.863|929.279,734.381|1001.37,736.781|936.194,746.702|1042.86,938.173|1174.05,1167.83|1135.86,1880.96|0,0|913.924,910.667|910.969,1000.07|851.061,1719.27|0,0|982.368,597.474|967.022,563.984|991.419,550.202|1033.89,573.098|961.472,545.219|947.711,552.551
236|1|975.618,923.699|974.319,819.11|974.456,749.887|979.094,638.183|997.043,658.513|1077.15,680.817|1124.42,846.176|1107.04,917.291|1044.67,904.517|981.892,894.384|1013.94,876.181|959.405,652.505|888.343,654.232|770.962,724.824|859.454,733.879|929.317,734.392|1001.5,736.728|936.239,746.706|1042.86,938.172|1174.04,1167.78|1135.91,1880.95|0,0|913.919,910.671|910.949,1000.02|851.06,1719.23|0,0|982.343,597.497|967.046,564.037|991.366,550.184|1033.8,572.959|961.394,545.294|947.527,552.684
237|1|975.461,923.859|974.087,819.274|974.149,750.124|978.558,638.477|996.557,658.75|1076.7,680.866|1124.24,846.489|1106.37,915.954|1043.92,901.566|981.163,888.812|1013.24,873.664|958.891,652.835|887.774,654.743|770.378,725.866|858.669,734.509|928.574,735.057|999.703,738.361|935.272,747.3|1042.77,938.258|1173.93,1167.06|1137.46,1882.91|0,0|913.698,910.899|910.11,999.125|850.543,1720.26|0,0|981.715,597.807|968.134,564.73|989.876,548.912|1030.99,568.271|959.314,546.953|942.141,556.661
238|1|975.461,923.859|974.087,819.274|974.149,750.124|978.558,638.477|996.557,658.75|1076.7,680.866|1124.24,846.489|1106.37,915.954|1043.92,901.566|981.163,888.812|1013.24,873.664|958.891,652.835|887.774,654.743|770.378,725.866|858.669,734.509|928.574,735.057|999.703,738.361|935.272,747.3|1042.77,938.258|1173.93,1167.06|1137.46,1882.91|0,0|913.698,910.899|910.11,999.125|850.543,1720.26|0,0|981.715,597.807|968.134,564.73|989.876,548.912|1030.99,568.271|959.314,546.953|942.141,556.661
239|1|975.461,923.859|974.087,819.274|974.149,750.124|978.558,638.477|996.557,658.75|1076.7,680.866|1124.24,846.489|1106.37,915.954|1043.92,901.566|981.163,888.812|1013.24,873.664|958.891,652.835|887.774,654.743|770.378,725.866|858.669,734.509|928.574,735.057|999.703,738.361|935.272,747.3|1042.77,938.258|1173.93,1167.06|1137.46,1882.91|0,0|913.698,910.899|910.11,999.125|850.543,1720.26|0,0|981.715,597.807|968.134,564.73|989.876,548.912|1030.99,568.271|959.314,546.953|942.141,556.661
240|1|974.96,924.475|973.429,819.602|973.404,750.253|977.695,638.172|995.759,658.47|1076.03,680.684|1123.32,846.394|1104.96,916.911|1041.88,901.806|978.403,886.782|1017.08,881.92|958,652.639|886.657,654.737|768.321,726.121|856.764,735.387|928.188,737.694|1002.88,740.991|933.69,749.408|1042.45,938.745|1173.45,1167.36|1139.86,1890.04|0,0|913.02,911.632|908.187,998.431|848.913,1725.46|0,0|980.803,597.358|970.861,562.542|987.832,544.717|1025.47,560.44|957.075,547.381|934.554,562.864
241|1|975.064,928.111|973.285,821.283|973.049,751.126|977.481,637.193|995.849,657.769|1077.17,680.73|1121.66,849.809|1089.68,911.118|1021.3,903.453|949.434,893.777|1050.84,892.324|957.441,651.907|885.064,654.389|765.273,726.189|856.332,735.018|929.088,736.939|997.455,745.268|937.528,747.723|1044.24,942.424|1177.15,1179.95|1142.52,1943.82|0,0|911.574,915.243|902.649,998.756|840.261,1760.96|0,0|980.63,595.773|972.698,563.932|988.81,544.517|1025.3,557.458|957.519,547.88|932.632,561.556
242|1|975.532,931.09|972.967,823.026|972.147,752.54|976.281,637.176|994.907,657.937|1077.09,681.917|1118.72,845.568|1088.9,925.084|1022.74,917.096|953.599,910.871|1049.51,890.398|956.067,652.114|882.839,654.728|760.443,726.075|854.591,735.467|930.806,735.775|995.795,747.165|940.052,747.018|1045.9,945.181|1180.46,1186.74|1149.95,1978.52|0,0|910.914,918.43|902.78,997.569|842.742,1787.75|0,0|979.344,595.296|972.316,563.469|988.25,543.682|1024.37,556.422|956.607,547.195|930.633,560.879
243|1|975.428,933.006|972.943,824.221|972.016,753.946|976.869,638.13|995.553,659.084|1078.41,684.154|1114.43,841.906|1092.13,944.721|1046.17,930.319|1000.44,924.046|1038.28,875.136|956.381,652.967|882.327,654.956|757.416,725.627|853.813,734.605|932.652,734.919|998.447,747.874|941.144,745.531|1046.94,947.332|1184.22,1189.42|1156.13,2006.87|0,0|909.79,920.143|902.396,996.28|841.14,1812.05|0,0|980.182,596.123|970.565,563.343|987.718,543.79|1026.08,557.578|955.776,546.883|931.821,560.755
244|1|975.408,933.026|972.922,824.238|971.994,753.967|976.862,638.158|995.543,659.115|1078.39,684.23|1114.23,842.058|1091.83,944.739|1046.02,930.291|999.944,923.703|1037.98,874.805|956.372,652.99|882.316,654.961|757.384,725.582|853.781,734.552|932.619,734.844|998.35,747.793|941.064,745.447|1046.92,947.354|1184.22,1189.34|1156.32,2007.17|0,0|909.767,920.161|902.395,996.18|841.115,1812.2|0,0|980.181,596.154|970.578,563.46|987.783,543.912|1026.15,557.703|955.833,546.943|931.89,560.687
245|1|975.407,933.027|972.921,824.239|971.993,753.968|976.861,638.16|995.543,659.116|1078.39,684.233|1114.22,842.066|1091.82,944.754|1046.01,930.308|999.936,923.723|1037.97,874.816|956.372,652.991|882.315,654.961|757.382,725.582|853.78,734.551|932.619,734.842|998.348,747.791|941.063,745.445|1046.92,947.356|1184.22,1189.34|1156.34,2007.19|0,0|909.766,920.162|902.394,996.174|841.111,1812.21|0,0|980.181,596.156|970.58,563.468|987.787,543.919|1026.16,557.709|955.837,546.947|931.894,560.683
246|1|976.202,933.868|973.484,824.221|972.278,753.998|977.239,637.843|996.094,658.862|1079.58,684.471|1112.24,843.293|1088.43,947.746|1049.13,929.529|999.999,911.658|1035.13,870.624|956.555,652.675|881.697,654.572|755.483,727.17|853.322,734.819|933.659,734.043|997.835,748.31|942.178,745.931|1048.81,948.25|1188.55,1194.53|1162.67,2042.85|0,0|909.566,920.966|900.82,996.72|837.011,1840.25|0,0|980.574,595.726|972.275,564.543|989.052,544.233|1026.67,556.697|956.821,547.538|931.489,560.289
247|1|975.714,933.582|972.919,823.865|971.632,753.709|976.461,637.658|995.351,658.648|1078.89,683.867|1112.64,847.486|1085.42,942.898|1041.15,918.662|992.062,897.411|1034.84,870.558|955.78,652.482|880.906,654.418|754.949,727.383|853.664,734.637|934.609,733.805|999.168,748.485|942.906,745.571|1048.44,947.898|1188.34,1194.63|1164.64,2050.83|0,0|908.965,920.738|898.68,996.808|834.232,1845.42|0,0|979.75,595.573|971.589,565.338|988.662,544.915|1026.32,557.081|956.355,547.874|931.022,559.541
248|1|975.693,933.529|972.829,823.769|971.497,753.606|976.237,637.479|995.145,658.485|1078.71,683.898|1111.66,846.79|1085.23,943.721|1041.47,920.387|994.402,901.281|1034.51,870.637|955.564,652.307|880.688,654.232|754.815,727.25|853.963,734.579|935.058,733.675|998.945,748.791|943.346,745.35|1048.46,947.846|1188.81,1194.56|1166.05,2053.41|0,0|908.898,920.683|898.669,996.649|834.274,1847.34|0,0|979.51,595.369|971.195,565.208|988.503,544.845|1026.35,557.167|956.156,547.597|931.01,558.996
249|1|976.701,933.754|973.432,823.435|971.697,753.61|976.545,637.111|995.575,658.282|1079.55,685.253|1104.79,845.964|1076.66,942.777|1036.36,919.085|994.6,901.767|1024.41,859.353|955.707,651.844|880.292,653.387|753.354,727.421|856.454,734.617|939.103,730.186|999.077,744.545|947.696,743.719|1050.51,948.272|1192.82,1202.22|1172.27,2093.6|0,0|908.941,920.73|897.436,999.697|831.311,1882.11|0,0|979.904,594.893|972.13,565.386|988.981,544.382|1026.54,555.699|956.399,547.67|930.386,558.995
250|1|976.707,933.763|973.442,823.433|971.71,753.601|976.577,637.095|995.603,658.274|1079.57,685.298|1104.61,846.093|1076.4,942.774|1036.16,919.138|995.329,902.655|1024.18,859.06|955.736,651.822|880.332,653.349|753.459,727.373|856.712,734.588|939.414,730.136|1000.17,744.092|948.022,743.705|1050.52,948.291|1192.83,1202.24|1172.52,2094.27|0,0|908.946,920.73|897.428,999.67|831.194,1882.5|0,0|979.946,594.875|972.007,565.416|989.078,544.488|1026.81,555.969|956.471,547.579|930.662,558.67
251|1|977.216,934.221|973.89,823.617|972.071,753.864|977.082,637.267|996.14,658.515|1080.34,685.825|1104.12,847.583|1075.79,945.141|1033.93,921.684|993.421,907.75|1022.17,859.142|956.164,651.934|880.558,653.273|753.34,727.81|857.567,734.998|940.653,729.809|1000.21,743.881|948.979,743.146|1051.43,948.897|1194.36,1205.8|1176.46,2115.65|0,0|909.09,921.056|896.534,1001.82|828.47,1900.06|0,0|980.516,595.025|972.772,566.279|989.702,545.002|1027.35,555.816|956.999,548.269|930.882,558.945
252|1|977.041,933.92|973.726,823.364|971.9,753.696|976.977,637.126|996.029,658.389|1080.23,685.837|1103.4,847.355|1074.92,944.861|1032.83,921.05|992.993,907.54|1021.72,858.728|956.043,651.766|880.421,653.042|753.158,727.48|857.734,734.704|941.099,729.809|999.373,745.149|949.884,743.633|1051.32,948.63|1194.24,1205.47|1177.52,2119.6|0,0|908.857,920.725|896.047,1001.55|827.358,1902.92|0,0|980.438,594.893|973.162,567.207|989.958,545.621|1027.28,555.674|957.225,548.932|930.703,558.832
253|1|977.015,933.867|973.678,823.293|971.841,753.618|976.955,637.004|996.003,658.286|1080.17,685.956|1102.35,847.386|1073.57,944.324|1031.37,919.973|992.492,906.65|1020.1,858.386|956.012,651.638|880.38,652.895|753.11,727.477|857.837,734.846|941.262,729.887|1000.4,744.787|949.954,743.718|1051.31,948.587|1194.34,1205.46|1178.34,2121.53|0,0|908.808,920.663|895.965,1001.58|827.126,1904.46|0,0|980.434,594.757|973.113,567.212|990.08,545.66|1027.5,555.788|957.314,548.799|930.882,558.418
254|1|976.697,933.789|973.46,823.379|971.643,753.963|977.002,637.557|996.017,658.848|1080.15,686.725|1101.78,848.006|1072.79,946.1|1030.25,921.531|990.451,907.806|1019.91,858.999|956.019,652.108|880.345,653.198|752.864,727.656|857.757,734.723|941.538,728.688|999.608,743.183|949.629,741.931|1051.11,948.603|1193.65,1206.01|1178.05,2128.25|0,0|908.398,920.501|894.925,1002.04|824.486,1909.41|0,0|980.562,595.384|974.26,568.213|990.545,546.341|1027.09,555.733|957.83,549.963|930.412,559.777
255|1|976.593,931.263|973.505,821.562|971.593,753.351|977.3,637.689|996.335,658.97|1080.76,687.167|1100.85,849.27|1072.18,948.889|1030.03,921.762|990.74,904.626|1019,859.63|956.195,651.981|880.204,652.78|751.672,728.285|857.347,735.027|941.832,728.251|999.225,743.128|950.149,742.254|1051.76,946.412|1194.47,1208.02|1179.37,2155.7|0,0|907.637,917.683|891.638,1003.56|816.624,1934.27|0,0|980.984,595.761|974.005,567.323|990.691,545.796|1027.87,556.251|957.869,549.201|930.986,559.732
256|1|976.607,931.247|973.527,821.562|971.619,753.373|977.338,637.727|996.37,659.011|1080.8,687.222|1100.87,849.279|1072.3,949.225|1030.26,922.324|991.105,905.528|1019.07,859.786|956.232,652.011|880.247,652.792|751.743,728.286|857.495,735.021|941.996,728.245|1000.01,742.803|950.205,742.215|1051.78,946.41|1194.43,1207.67|0,0|0,0|907.647,917.654|891.518,1003.33|816.239,1934.6|0,0|981.028,595.805|974.202,567.557|990.756,545.932|1027.79,556.151|957.943,549.444|930.899,559.936
257|1|978.48,928.209|974.863,819.173|972.304,752.781|977.501,637.997|996.797,659.197|1082.1,687.571|1100.53,849.515|1072.49,952.695|1029.62,923.75|989.052,904.677|1018.72,859.168|956.288,652.026|879.584,652.581|748.506,728.88|857.726,735.269|943.885,728.706|1002.96,744.384|951.819,742.014|1055.18,943.826|1200.76,1214.33|0,0|0,0|908.154,914.216|889.459,1004.67|809.402,1986.75|0,0|981.044,596.355|974.121,568.003|991.003,546.262|1028.41,556.696|957.895,549.601|930.764,559.899
258|1|978.691,927.6|974.921,818.765|972.12,753.215|977.592,638.864|996.928,660.158|1082.59,689.358|1096.74,852.39|1067.9,949.079|1024.85,917.216|984.032,894.276|1014.22,856.563|956.248,652.619|879.167,652.488|746.698,729.08|858.978,735.274|945.072,728.772|999.714,746.25|953.369,741.544|1056.25,943.657|1202.84,1217.66|0,0|0,0|907.578,913.213|887.123,1005.93|801.823,2025.09|0,0|981.278,597.379|974.094,568.763|991.593,547.194|1029.5,558.309|958.264,550.012|931.396,559.932
259|1|978.729,927.545|974.965,818.719|972.167,753.182|977.623,638.853|996.965,660.133|1082.69,689.096|1097.75,852.57|1068.81,948.802|1025.38,916.606|984.172,893.099|1014.8,856.72|956.278,652.614|879.18,652.522|746.684,729.192|858.927,735.268|945.061,728.659|999.748,746.069|953.4,741.403|1056.3,943.593|1202.8,1217.07|0,0|0,0|907.609,913.166|886.973,1005.47|801.406,2025.53|0,0|981.298,597.373|974.434,568.597|991.613,546.946|1029.21,557.903|958.315,550.03|931.093,560.336
260|1|979.055,927.593|975.22,818.711|972.359,753.253|977.842,638.874|997.207,660.187|1083.04,689.37|1097.18,852.671|1068.28,948.773|1025.15,916.285|984.344,892.41|1014.59,856.713|956.465,652.609|879.249,652.441|746.408,729.279|859.368,735.394|946.034,728.996|998.952,748.074|954.585,741.773|1056.83,943.731|1203.57,1216.65|0,0|0,0|907.747,913.133|886.754,1004.64|799.177,2036.14|0,0|981.536,597.381|975.095,568.682|992.393,547.073|1029.8,558.196|959.019,549.931|931.506,559.941
261|1|979.04,927.581|975.188,818.687|972.315,753.233|977.761,638.848|997.134,660.158|1082.98,689.331|1097.12,852.57|1068.31,948.831|1025.18,916.486|984.362,892.828|1014.55,856.68|956.386,652.587|879.166,652.431|746.352,729.299|859.413,735.363|946.086,728.939|998.832,748.074|954.662,741.697|1056.84,943.714|1203.68,1216.47|0,0|0,0|907.715,913.126|886.739,1004.48|799.117,2037.04|0,0|981.444,597.353|975.155,568.578|992.204,546.874|1029.43,557.81|958.852,549.971|931.125,560.273
262|1|979.04,927.581|975.188,818.687|972.315,753.233|977.761,638.848|997.134,660.158|1082.98,689.331|1097.12,852.57|1068.31,948.831|1025.18,916.486|984.362,892.828|1014.55,856.68|956.386,652.587|879.166,652.431|746.352,729.299|859.413,735.363|946.086,728.939|998.832,748.074|954.662,741.697|1056.84,943.714|1203.68,1216.47|0,0|0,0|907.715,913.126|886.739,1004.48|799.117,2037.04|0,0|981.444,597.353|975.155,568.578|992.204,546.874|1029.43,557.81|958.852,549.971|931.125,560.273
263|1|979.04,927.581|975.188,818.687|972.315,753.233|977.761,638.848|997.134,660.158|1082.98,689.331|1097.12,852.57|1068.31,948.831|1025.18,916.486|984.362,892.828|1014.55,856.68|956.386,652.587|879.166,652.431|746.352,729.299|859.413,735.363|946.086,728.939|998.832,748.074|954.662,741.697|1056.84,943.714|1203.68,1216.47|0,0|0,0|907.715,913.126|886.739,1004.48|799.117,2037.04|0,0|981.444,597.353|975.155,568.578|992.204,546.874|1029.43,557.81|958.852,549.971|931.125,560.273
264|1|979.04,927.58|975.188,818.686|972.315,753.233|977.76,638.848|997.133,660.158|1082.98,689.327|1097.13,852.587|1068.31,948.813|1025.18,916.45|984.359,892.766|1014.55,856.665|956.386,652.587|879.165,652.432|746.352,729.3|859.413,735.362|946.086,728.935|998.851,748.058|954.661,741.694|1056.84,943.713|1203.68,1216.46|0,0|0,0|907.716,913.125|886.738,1004.47|799.114,2037.04|0,0|981.443,597.353|975.154,568.575|992.204,546.872|1029.43,557.809|958.852,549.969|931.124,560.273
265|1|979.04,927.58|975.188,818.686|972.315,753.233|977.76,638.848|997.133,660.158|1082.98,689.327|1097.13,852.587|1068.31,948.813|1025.18,916.45|984.359,892.766|1014.55,856.665|956.386,652.587|879.165,652.432|746.352,729.3|859.413,735.362|946.086,728.935|998.851,748.058|954.661,741.694|1056.84,943.713|1203.68,1216.46|0,0|0,0|907.716,913.125|886.738,1004.47|799.114,2037.04|0,0|981.443,597.353|975.154,568.575|992.204,546.872|1029.43,557.809|958.852,549.969|931.124,560.273
266|1|979.04,927.58|975.188,818.686|972.315,753.233|977.76,638.848|997.133,660.158|1082.98,689.327|1097.13,852.587|1068.31,948.813|1025.18,916.45|984.359,892.766|1014.55,856.665|956.386,652.587|879.165,652.432|746.352,729.3|859.413,735.362|946.086,728.935|998.851,748.058|954.661,741.694|1056.84,943.713|1203.68,1216.46|0,0|0,0|907.716,913.125|886.738,1004.47|799.114,2037.04|0,0|981.443,597.353|975.154,568.575|992.204,546.872|1029.43,557.809|958.852,549.969|931.124,560.273
267|1|979.04,927.58|975.188,818.686|972.315,753.233|977.76,638.848|997.133,660.158|1082.98,689.327|1097.13,852.587|1068.31,948.813|1025.18,916.45|984.359,892.766|1014.55,856.665|956.386,652.587|879.165,652.432|746.352,729.3|859.413,735.362|946.086,728.935|998.851,748.058|954.661,741.694|1056.84,943.713|1203.68,1216.46|0,0|0,0|907.716,913.125|886.738,1004.47|799.114,2037.04|0,0|981.443,597.353|975.154,568.575|992.204,546.872|1029.43,557.809|958.852,549.969|931.124,560.273
268|1|979.04,927.58|975.188,818.686|972.315,753.233|977.76,638.848|997.133,660.158|1082.98,689.327|1097.13,852.587|1068.31,948.813|1025.18,916.45|984.359,892.766|1014.55,856.665|956.386,652.587|879.165,652.432|746.352,729.3|859.413,735.362|946.086,728.935|998.851,748.058|954.661,741.694|1056.84,943.713|1203.68,1216.46|0,0|0,0|907.716,913.125|886.738,1004.47|799.114,2037.04|0,0|981.443,597.353|975.154,568.575|992.204,546.872|1029.43,557.809|958.852,549.969|931.124,560.273
269|1|979.04,927.58|975.188,818.686|972.315,753.233|977.76,638.848|997.133,660.158|1082.98,689.327|1097.13,852.587|1068.31,948.813|1025.18,916.45|984.359,892.766|1014.55,856.665|956.386,652.587|879.165,652.432|746.352,729.3|859.413,735.362|946.086,728.935|998.851,748.058|954.661,741.694|1056.84,943.713|1203.68,1216.46|0,0|0,0|907.716,913.125|886.738,1004.47|799.114,2037.04|0,0|981.443,597.353|975.154,568.575|992.204,546.872|1029.43,557.809|958.852,549.969|931.124,560.273
270|1|972.556,913.79|971.711,812.044|970.673,751.891|977.09,641.509|996.325,662.486|1082.26,691.507|1096.29,854.39|1064.74,931.307|1026.96,902.108|990.777,885.591|1006.04,856.795|955.578,654.286|878.9,653.461|744.587,727.519|861.506,735.503|947.162,731.133|999.538,750.208|955.43,741.322|1052.59,929.315|1184.79,1200.67|0,0|0,0|899.657,900.002|854.878,999.03|754.79,2072.07|0,0|981.093,601.296|965.471,566.105|989.791,549.421|1034.65,570.924|956.947,546.518|939.904,556.072
271|1|972.523,913.659|971.721,811.906|970.719,751.709|977.221,641.265|996.444,662.26|1082.36,691.364|1096.2,854.396|1064.41,931.503|1025.65,903.592|988.081,888.909|1005.59,856.879|955.695,654.043|878.996,653.206|744.626,727.471|861.606,735.579|947.466,731.002|1001.23,749.496|955.741,741.229|1052.56,929.201|1183.3,1197.27|0,0|0,0|899.626,899.859|852.507,996.986|748.862,2072.63|0,0|981.252,601.031|971.965,566.917|992.073,548.061|1032.05,565.387|958.759,548.412|934.699,560.175
272|1|972.52,913.65|971.718,811.895|970.717,751.692|977.221,641.234|996.444,662.232|1082.35,691.344|1096.18,854.336|1064.39,931.517|1025.6,903.657|987.987,889.04|1005.58,856.917|955.694,654.014|878.993,653.182|744.62,727.487|861.6,735.623|947.472,731.047|1001.19,749.591|955.753,741.28|1052.55,929.191|1183.23,1197.06|0,0|0,0|899.622,899.85|852.38,996.86|748.535,2072.67|0,0|981.253,600.996|972.287,567.069|992.154,548.062|1031.86,565.068|958.832,548.599|934.418,560.396
273|1|972.473,913.498|971.692,811.66|970.723,751.337|977.266,640.701|996.494,661.723|1082.43,690.898|1096.16,853.772|1064.25,931.45|1025.04,904.482|986.781,891.149|1005.4,856.41|955.722,653.513|878.965,652.745|744.46,727.363|861.401,735.745|947.346,730.912|1002.59,748.612|955.5,741.4|1052.54,929.031|1182.19,1194.59|0,0|0,0|899.546,899.705|850.454,995.391|743.439,2074.29|0,0|981.309,600.404|975.869,567.244|992.971,546.956|1029.61,561.291|959.717,549.6|931.536,562.864
274|1|972.473,913.497|971.692,811.659|970.723,751.336|977.265,640.7|996.494,661.722|1082.43,690.897|1096.16,853.769|1064.26,931.453|1025.04,904.49|986.779,891.162|1005.4,856.413|955.721,653.512|878.965,652.745|744.459,727.364|861.4,735.746|947.346,730.911|1002.59,748.609|955.5,741.399|1052.54,929.03|1182.19,1194.57|0,0|0,0|899.546,899.704|850.445,995.381|743.415,2074.29|0,0|981.309,600.403|975.873,567.248|992.972,546.957|1029.61,561.286|959.718,549.604|931.532,562.867
275|1|973.014,910.182|972.432,809.942|971.727,750.365|977.342,639.221|996.775,660.032|1082.42,689.961|1096.27,852.411|1064.91,936.07|1024.4,910.859|985.632,898.762|1005.71,857.617|955.887,652.418|879.204,653.142|744.516,727.844|861.376,735.777|947.387,730.623|1000.45,749.113|954.882,739.888|1053.76,923.413|1174.44,1168.03|0,0|0,0|899.658,898.519|838.072,990.66|736.202,2064.9|0,0|980.992,598.73|975.396,568.539|992.581,547.437|1029.37,559.745|959.265,550.111|931.188,561.109
276|1|972.866,910.164|972.307,809.878|971.605,750.386|977.236,639.228|996.707,660.051|1082.55,689.954|1096.39,853.194|1065.1,935.424|1025.34,908.4|987.77,893.732|1005.59,857.398|955.74,652.409|878.89,653.061|743.836,728.057|860.874,735.771|947.206,729.958|1002.59,746.84|954.716,740.204|1053.89,923.416|1174.49,1161.25|0,0|0,0|899.263,898.487|834.946,987.334|728.22,2070.38|0,0|980.893,598.733|976.445,568.553|992.819,547.115|1028.65,558.802|959.518,550.395|930.255,561.968
277|1|973.371,903.889|973.297,808.379|973.212,751.38|978.55,640.406|998.338,660.955|1085.01,690.884|1095.91,854.736|1065.82,932.308|1025.88,904.742|986.413,891.136|1005.5,856.903|956.862,653.763|879.845,653.201|742.761,728.184|861.363,736.719|949.079,730.361|1000.38,748.803|956.731,739.666|1057.48,907.861|1154.71,1093.97|0,0|0,0|897.576,900.694|787.173,998.516|719.991,2121.37|0,0|981.972,599.943|975.099,566.752|991.902,545.788|1029.55,559.167|958.434,549.392|930.778,563.504
278|1|973.368,903.89|973.293,808.379|973.207,751.379|978.541,640.404|998.33,660.953|1085,690.878|1095.92,854.724|1065.83,932.32|1025.88,904.76|986.405,891.158|1005.51,856.937|956.854,653.762|879.838,653.202|742.759,728.189|861.369,736.723|949.088,730.352|1000.54,748.723|956.751,739.654|1057.48,907.861|1154.69,1093.69|0,0|0,0|897.573,900.696|787.099,998.546|719.894,2121.43|0,0|981.962,599.941|975.098,566.809|991.908,545.832|1029.56,559.18|958.437,549.428|930.777,563.485
279|1|973.368,903.89|973.293,808.379|973.207,751.379|978.541,640.404|998.33,660.953|1085,690.878|1095.92,854.724|1065.83,932.32|1025.88,904.76|986.405,891.158|1005.51,856.937|956.854,653.762|879.838,653.202|742.759,728.189|861.369,736.723|949.088,730.352|1000.54,748.723|956.751,739.654|1057.48,907.861|1154.69,1093.69|0,0|0,0|897.573,900.696|787.099,998.546|719.894,2121.43|0,0|981.962,599.941|975.098,566.809|991.908,545.832|1029.56,559.18|958.437,549.428|930.777,563.485
280|1|973.367,903.89|973.293,808.38|973.207,751.381|978.541,640.405|998.329,660.955|1085,690.879|1095.92,854.725|1065.83,932.322|1025.88,904.763|986.405,891.162|1005.51,856.94|956.854,653.764|879.837,653.204|742.759,728.191|861.369,736.723|949.087,730.351|1000.54,748.721|956.752,739.653|1057.48,907.861|1154.68,1093.66|0,0|0,0|897.573,900.696|787.092,998.547|719.884,2121.43|0,0|981.962,599.943|975.106,566.818|991.91,545.838|1029.55,559.177|958.44,549.438|930.771,563.493
281|1|973.239,903.897|973.171,808.416|973.09,751.444|978.368,640.498|998.166,661.033|1084.87,690.842|1096.14,854.592|1066.29,933.033|1026.34,906.084|986.881,893.301|1005.72,857.507|956.689,653.862|879.67,653.32|742.555,728.221|861.103,736.653|948.704,729.964|1000.02,748.03|956.702,739.455|1057.35,907.835|1153.78,1085.51|0,0|0,0|897.444,900.733|784.824,998.84|715.715,2122.28|0,0|981.769,600.045|975.596,567.926|992.642,546.878|1029.95,559.987|959.106,550.024|931.064,562.857
282|1|973.239,903.897|973.171,808.415|973.09,751.443|978.368,640.497|998.165,661.032|1084.87,690.841|1096.14,854.591|1066.29,933.035|1026.34,906.089|986.88,893.308|1005.72,857.508|956.689,653.861|879.67,653.319|742.555,728.221|861.104,736.653|948.704,729.964|1000.02,748.029|956.703,739.456|1057.35,907.835|1153.78,1085.47|0,0|0,0|897.443,900.733|784.816,998.842|715.696,2122.28|0,0|981.769,600.044|975.61,567.929|992.648,546.878|1029.94,559.979|959.113,550.028|931.058,562.862
283|1|973.239,903.897|973.171,808.415|973.09,751.443|978.368,640.497|998.165,661.032|1084.87,690.841|1096.14,854.59|1066.29,933.036|1026.34,906.089|986.88,893.309|1005.72,857.508|956.689,653.861|879.67,653.319|742.555,728.221|861.104,736.653|948.704,729.964|1000.02,748.028|956.703,739.456|1057.35,907.835|1153.78,1085.47|0,0|0,0|897.443,900.733|784.815,998.842|715.695,2122.29|0,0|981.769,600.044|975.61,567.929|992.648,546.877|1029.94,559.979|959.113,550.028|931.057,562.863
284|1|971.554,901.601|972.455,807.105|972.996,750.358|977.544,640.503|997.487,660.673|1084.58,689.042|1096.23,852.756|1072.26,949.142|1032.42,920.429|993.437,902.962|1009.81,864.548|955.954,653.894|878.87,653.397|742.764,728.609|862.375,736.803|949.302,728.628|998.968,745.519|957.571,738.541|1055.83,903.764|1143.92,1049.1|0,0|0,0|895.766,900.042|772.624,997.967|703.804,2115.17|0,0|980.628,600.369|977.064,569.139|993.905,548.161|1029.45,561.238|960.379,550.729|930.538,562.346
285|1|971.542,901.672|972.464,807.152|973.019,750.39|977.548,640.542|997.5,660.701|1084.64,688.893|1096.89,853.55|1072.93,948.994|1032.9,919.958|994.814,903.227|1010.27,864.542|955.958,653.942|878.86,653.48|742.753,728.735|862.24,736.87|949.088,728.62|998.777,745.345|957.344,738.39|1055.83,903.82|1143.49,1046.29|0,0|0,0|895.745,900.125|771.992,997.941|702.186,2115.78|0,0|980.621,600.409|976.801,569.475|993.569,548.336|1029.26,561.044|960.047,551.075|930.339,562.63
286|1|971.528,901.679|972.473,807.129|973.041,750.337|977.582,640.426|997.538,660.594|1084.7,688.79|1097.06,853.296|1073.08,948.997|1032.47,919.552|993.675,902.13|1010.59,865.372|955.984,653.835|878.869,653.389|742.746,728.71|862.211,736.952|949.068,728.729|999.771,745.044|957.376,738.511|1055.85,903.829|1143.29,1044|0,0|0,0|895.708,900.131|771.5,997.726|700.518,2116.79|0,0|980.659,600.273|976.702,569.559|993.441,548.311|1029.22,560.783|959.91,551.138|930.268,562.604
287|1|971.529,901.679|972.473,807.128|973.042,750.336|977.583,640.424|997.538,660.593|1084.7,688.788|1097.07,853.289|1073.09,948.999|1032.47,919.549|993.664,902.117|1010.6,865.391|955.985,653.834|878.869,653.388|742.745,728.711|862.209,736.953|949.067,728.73|999.786,745.037|957.376,738.512|1055.85,903.828|1143.29,1043.97|0,0|0,0|895.708,900.131|771.493,997.721|700.494,2116.81|0,0|980.66,600.271|976.704,569.555|993.44,548.306|1029.22,560.777|959.909,551.136|930.265,562.607
288|1|971.099,901.401|972.368,806.821|973.139,749.748|977.513,639.745|997.51,659.862|1084.86,687.113|1100.14,857.801|1074.99,939.306|1025.31,904.381|975.885,877.522|1014.53,868.708|955.927,653.238|878.828,653.101|743.148,728.791|861.578,737.767|949.343,728.906|996.32,747.273|957.579,738.686|1055.42,903.312|1140.32,1031.19|0,0|0,0|895.318,900.068|767.174,994.757|691.469,2107.34|0,0|980.511,599.553|977.669,569.8|992.979,547.706|1027.54,558.251|959.605,551.825|928.62,563.838
289|1|971.126,901.353|972.414,806.822|973.197,749.737|977.547,639.578|997.547,659.735|1084.92,687.265|1099.64,855.272|1076.18,943.231|1027.9,912.125|980.128,890.839|1014.8,869.673|955.963,653.079|878.868,652.908|743.094,728.451|861.825,737.781|950.012,729.163|1001.05,746.372|958.138,738.661|1055.47,903.28|1139.68,1026.28|0,0|0,0|895.324,900.006|767.115,992.911|689.345,2105.65|0,0|980.551,599.339|972.804,569.657|992.81,549.437|1032.03,563.862|959.08,549.65|933.529,557.775
290|1|970.146,900.023|972.39,806.667|973.747,749.507|977.689,640.663|997.733,660.476|1085.54,685.726|1102.8,859.993|1087.07,929.318|1023.04,907.509|959.622,884.646|1026.87,877.644|956.201,654.107|879.164,653.665|744.929,728.356|863.236,737.246|948.628,729.329|999.691,744.304|958.982,738.834|1054.31,900.316|1125.2,997.49|1229.46,2129.26|0,0|894.661,900.144|754.894,987.62|684.418,2074.56|0,0|980.49,600.824|973.69,567.218|990.296,546.456|1027.71,560.039|957.007,550.147|929.386,564.729
291|1|969.425,900.797|972.243,807.341|973.935,749.784|977.778,640.112|997.868,659.998|1085.8,685.286|1104.42,850.967|1091.25,949.958|1040.32,931.572|993.473,920.258|1023.17,870.792|956.274,653.74|879.103,653.617|744.335,727.658|862.452,737.397|949.53,728.771|1003.07,743.056|958.486,738.657|1053.65,900.863|1120.37,977.82|1221.07,2087.66|0,0|893.938,901.12|754.675,976.858|680.529,2051.52|0,0|980.535,600.01|975.172,570.548|993.483,549.685|1030.64,562.704|959.858,551.135|931.92,560.308
292|1|969.334,900.418|972.208,807.016|973.931,749.438|977.548,639.883|997.676,659.668|1085.88,683.317|1110.65,864.126|1098.89,932.448|1040.63,907.867|986.555,882.309|1030.67,879.636|956.079,653.581|878.901,653.733|744.315,728.126|862.02,737.25|948.955,728.565|999.532,744.238|958.327,738.529|1053.47,900.358|1118.54,972.452|1219.19,2077.3|0,0|893.944,900.853|751.838,976.495|678.599,2045.49|0,0|980.199,599.81|977.718,569.546|992.957,547.706|1027.2,558.705|959.678,551.719|928.519,564.057
293|1|968.377,899.456|971.723,806.457|973.727,749.067|977.873,639.487|997.975,659.284|1086.14,682.927|1107.9,861.173|1085.72,926.543|1015.7,913.306|943.724,897.995|1043.9,889.799|956.283,653.177|878.945,653.297|744.446,728.404|862.259,737.116|949.256,728.815|995.891,747.022|958.49,739.266|1052.74,899.331|1117.53,969.232|1207.88,2083.18|0,0|892.811,899.952|744.933,970.142|666.139,2034.83|0,0|980.665,599.402|978.624,569.751|992.414,547.073|1025.84,556.188|959.335,552.585|927.315,565.951
294|1|968.376,899.455|971.721,806.46|973.725,749.075|977.869,639.501|997.971,659.298|1086.13,682.938|1107.93,861.134|1085.81,926.795|1015.8,913.645|943.834,898.475|1043.94,889.894|956.279,653.19|878.944,653.307|744.455,728.397|862.293,737.092|949.31,728.781|996.119,746.914|958.551,739.217|1052.74,899.33|1117.5,969.168|1207.86,2083.1|0,0|892.81,899.951|744.912,970.094|666.055,2034.76|0,0|980.66,599.418|978.377,569.77|992.372,547.152|1026.03,556.409|959.257,552.516|927.468,565.726
295|1|968.341,899.658|971.718,806.722|973.739,749.323|977.796,639.621|997.9,659.455|1086.09,683.33|1107.73,858.592|1087.7,931.003|1018.54,919.801|947.469,907.937|1044.63,889.912|956.225,653.312|878.957,653.372|744.581,728.099|862.698,737.134|949.805,728.726|999.13,745.523|958.839,739.072|1052.7,899.544|1116.35,967.292|1206.51,2079.95|0,0|892.785,900.144|744.636,968.377|663.239,2032.21|0,0|980.576,599.501|972.014,569.398|992.718,549.668|1032.6,565.032|959.055,549.249|934.502,557.118
296|1|968.291,899.913|971.66,806.95|973.674,749.471|977.49,639.589|997.629,659.432|1085.88,683.4|1107.36,856.167|1089.52,934.959|1021.62,924.322|952.173,914.423|1045.01,889.064|955.952,653.326|878.726,653.475|744.521,728.227|862.944,737.468|949.981,728.912|998.786,745.668|959.001,738.732|1052.66,899.761|1115.4,965.403|1206.56,2076.23|0,0|892.728,900.432|744.815,966.937|662.13,2030.79|0,0|980.2,599.413|976.705,569.07|993.123,547.632|1028.49,559.633|959.63,550.683|929.553,562.094
297|1|969.721,898.29|973.862,807.156|976.001,748.758|978.198,639.994|998.66,659.411|1087.27,683.342|1109.14,851.102|1098.73,916.255|1032.82,914.904|965.987,912.171|1041.86,888.545|956.832,653.795|879.355,654.054|744.188,727.74|862.892,737.313|949.955,729.041|998.749,745.488|959.203,738.436|1054.23,892.814|1086.55,927.579|1196.74,2008.83|0,0|894.333,903.56|726.351,969.61|669.663,2029.12|0,0|980.327,600.146|976.357,569.227|992.653,547.786|1028.29,559.893|959.165,551.118|929.329,563.236
298|1|970.084,899.483|974.074,807.87|976.107,749.213|978.422,639.881|998.969,659.407|1087.95,683.805|1109.24,848.707|1100.21,933.252|1039.14,925.029|979.678,918.898|1039.65,888.162|956.935,653.729|878.959,653.951|742.662,728.162|862.116,737.353|949.609,728.513|999.021,744.287|959.442,738.389|1055.22,893.842|1082.46,910.911|1192.38,1991.39|0,0|894.133,904.905|723.945,963.971|665.776,2035.47|0,0|980.598,599.857|976.607,568.068|993.129,546.797|1028.98,559.637|959.465,549.965|929.566,562.528
299|1|968.973,899.466|973.303,807.923|975.524,749.254|977.493,640.251|998.086,659.606|1087.41,681.695|1120.75,867.521|1122.09,940.683|1050.91,938.565|962.476,948.394|1060.46,904.045|956.071,654.174|878.114,654.773|742.488,730.329|862.334,737.517|950.479,728.527|998.819,746.123|960.215,738.426|1053.91,893.63|1081.51,889.736|1190.77,1939.02|0,0|893.222,905.06|719.473,968.732|665.283,2036.2|0,0|979.51,600.323|976.066,570.089|992.917,548.691|1028.5,561.006|959.23,551.335|929.142,562.205
300|1|968.969,899.46|973.3,807.91|975.521,749.233|977.492,640.223|998.085,659.579|1087.42,681.675|1120.73,867.521|1122,940.276|1050.8,938.044|962.356,947.821|1060.4,903.84|956.069,654.146|878.109,654.744|742.475,730.298|862.319,737.499|950.461,728.516|998.84,746.094|960.187,738.422|1053.91,893.625|1081.49,889.533|1190.82,1938.81|0,0|893.215,905.053|719.434,968.789|665.269,2036.37|0,0|979.51,600.292|976.103,569.971|992.932,548.59|1028.49,560.953|959.247,551.245|929.125,562.193
301|1|968.875,899.57|974.242,808.777|976.72,748.701|977.802,641.189|998.537,660.277|1088.11,681.817|1119.92,867.913|1123.96,890.486|1057.61,919.306|981.86,970.059|1065.04,905.572|956.498,654.904|878.348,655.148|742.52,730.581|862.633,736.886|950.636,728.316|993.982,748.333|960.797,738.954|1053.86,892.242|1066.46,871.865|1167.65,1905.75|0,0|893.229,906.482|707.729,965.38|657.963,2019.81|0,0|979.544,601.72|975.984,567.684|992.561,547.23|1028.08,561.896|958.994,550.08|928.929,564.1
302|1|968.871,899.568|974.24,808.777|976.719,748.703|977.805,641.193|998.54,660.281|1088.11,681.821|1119.92,867.919|1123.95,890.533|1057.6,919.359|981.848,970.116|1065.04,905.595|956.501,654.908|878.352,655.151|742.525,730.589|862.643,736.892|950.663,728.318|994.221,748.266|960.827,738.952|1053.86,892.239|1066.35,871.724|1167.44,1905.39|0,0|893.228,906.479|707.69,965.359|657.872,2019.68|0,0|979.549,601.724|976.038,567.778|992.586,547.291|1028.07,561.877|959.021,550.16|928.91,564.13
303|1|968.871,899.568|974.24,808.777|976.719,748.703|977.805,641.193|998.54,660.281|1088.11,681.821|1119.92,867.919|1123.95,890.533|1057.6,919.359|981.848,970.116|1065.04,905.595|956.501,654.908|878.352,655.151|742.525,730.589|862.643,736.892|950.663,728.318|994.221,748.266|960.827,738.952|1053.86,892.239|1066.35,871.724|1167.44,1905.39|0,0|893.228,906.479|707.69,965.359|657.872,2019.68|0,0|979.549,601.724|976.038,567.778|992.586,547.291|1028.07,561.877|959.021,550.16|928.91,564.13
304|1|968.87,899.566|974.24,808.777|976.72,748.705|977.807,641.196|998.542,660.284|1088.11,681.823|1119.92,867.924|1123.93,890.454|1057.52,919.095|981.592,969.417|1064.96,905.419|956.503,654.911|878.354,655.154|742.525,730.592|862.64,736.892|950.664,728.316|994.284,748.239|960.831,738.945|1053.86,892.238|1066.31,871.679|1167.37,1905.26|0,0|893.228,906.477|707.678,965.35|657.841,2019.63|0,0|979.552,601.728|976.054,567.808|992.594,547.31|1028.06,561.875|959.029,550.185|928.906,564.141
305|1|968.869,899.566|974.24,808.778|976.719,748.706|977.807,641.197|998.542,660.285|1088.11,681.824|1119.92,867.926|1123.94,890.46|1057.52,919.102|981.592,969.426|1064.96,905.424|956.503,654.912|878.354,655.155|742.525,730.592|862.639,736.891|950.665,728.314|994.309,748.227|960.833,738.94|1053.86,892.238|1066.3,871.663|1167.34,1905.22|0,0|893.227,906.477|707.673,965.348|657.831,2019.61|0,0|979.552,601.729|976.036,567.813|992.59,547.319|1028.08,561.89|959.024,550.184|928.918,564.128
306|1|968.869,899.566|974.24,808.778|976.719,748.706|977.807,641.197|998.542,660.285|1088.11,681.824|1119.92,867.926|1123.94,890.46|1057.52,919.102|981.592,969.426|1064.96,905.424|956.503,654.912|878.354,655.155|742.525,730.592|862.639,736.891|950.665,728.314|994.309,748.227|960.833,738.94|1053.86,892.238|1066.3,871.663|1167.34,1905.22|0,0|893.227,906.477|707.673,965.348|657.831,2019.61|0,0|979.552,601.729|976.036,567.813|992.59,547.319|1028.08,561.89|959.024,550.184|928.918,564.128
