video_id,frame_index,timestamp_sec,joint_name,speed_ms,velocity_x,velocity_y,velocity_z,accel_ms2,jerk_ms3,reference_valid
KVAL0010,0,0.0,Neck,0.001622,0.00105,0.0003,0.0012,0.00571,156.661948,True
KVAL0010,1,0.301866,Neck,0.0018,0.001125,0.00039,0.00135,5.227227,264.446357,True
KVAL0010,2,0.335166,Neck,0.350102,0.230565,0.04464,0.25965,17.634918,115.096585,True
KVAL0010,3,0.368511,Neck,1.177296,0.32265,0.102735,1.12755,9.395147,529.330894,True
KVAL0010,4,0.401833,Neck,0.876428,0.08994,0.05829,0.86985,17.653853,333.598923,True
KVAL0010,5,0.435166,Neck,0.003051,-0.002805,-4.5e-05,0.0012,13.146512,265.634569,True
KVAL0010,6,0.468511,Neck,6e-05,-6e-05,0.0,0.0,0.133854,198.536875,True
KVAL0010,7,0.501844,Neck,0.011818,-0.009315,-0.001785,0.00705,0.179618,4.565593,True
KVAL0010,8,0.535166,Neck,0.012022,-0.009525,-0.002025,0.00705,0.170916,24.46899,True
KVAL0010,9,0.568511,Neck,0.000531,-0.00036,-0.00036,0.00015,1.652908,26.031307,True
KVAL0010,10,0.601833,Neck,0.11289,0.01023,-0.106455,0.03615,1.687442,50.098341,True
KVAL0010,11,0.635177,Neck,0.112849,0.010425,-0.106545,0.0357,1.691767,50.70268,True
KVAL0010,12,0.6685,Neck,0.000369,4.5e-05,-0.00021,-0.0003,1.692742,25.979544,True
KVAL0010,13,0.701844,Neck,0.0,0.0,0.0,0.0,0.236864,26.613673,True
KVAL0010,14,0.735166,Neck,0.016148,-0.00111,-0.006915,-0.01455,0.277499,6.707311,True
KVAL0010,15,0.768511,Neck,0.0185,-0.0021,-0.00972,-0.0156,0.211684,8.324981,True
KVAL0010,16,0.801844,Neck,0.003154,-0.00099,-0.002805,-0.00105,0.277499,2.823391,True
KVAL0010,17,0.835177,Neck,0.0,0.0,0.0,0.0,0.047317,4.16249,True
KVAL0010,18,0.868511,Neck,0.0,0.0,0.0,0.0,0.0,0.706754,True
KVAL0010,19,0.901855,Neck,0.0,0.0,0.0,0.0,0.000225,0.010673,True
KVAL0010,20,0.935177,Neck,1.5e-05,0.0,1.5e-05,0.0,0.000712,0.003375,True
KVAL0010,21,0.968522,Neck,4.7e-05,-1.5e-05,4.5e-05,0.0,0.000318,0.021345,True
KVAL0010,22,1.001833,Neck,3.4e-05,-1.5e-05,3e-05,0.0,0.000712,0.012169,True
KVAL0010,23,1.035177,Neck,0.0,0.0,0.0,0.0,0.000503,0.010673,True
KVAL0010,24,1.068511,Neck,0.0,0.0,0.0,0.0,0.0,0.007547,True
KVAL0010,25,1.101844,Neck,0.0,0.0,0.0,0.0,0.0,5.836996,True
KVAL0010,26,1.135188,Neck,0.0,0.0,0.0,0.0,0.389133,5.843898,True
KVAL0010,27,1.168522,Neck,0.025942,0.025815,0.001965,0.00165,0.389593,11.667018,True
KVAL0010,28,1.201855,Neck,0.025973,0.02583,0.00204,0.0018,0.388672,11.687531,True
KVAL0010,29,1.2352,Neck,0.000176,1.5e-05,9e-05,0.00015,0.389576,5.823437,True
KVAL0010,30,1.268533,Neck,1.5e-05,0.0,1.5e-05,0.0,0.002634,12.379429,True
KVAL0010,31,1.301844,Neck,0.0,0.0,0.0,0.0,0.50155,7.664284,True
KVAL0010,32,1.335177,Neck,0.033431,0.023595,-0.01344,0.0195,0.50996,34.882686,True
KVAL0010,33,1.368511,Neck,0.033997,0.02382,-0.013125,0.0204,2.509235,22.950173,True
KVAL0010,34,1.401855,Neck,0.18485,0.070875,0.075135,0.1533,1.339123,104.593567,True
KVAL0010,35,1.435166,Neck,0.088586,0.036225,0.07464,0.03105,4.539136,53.330685,True
KVAL0010,36,1.4685,Neck,0.125078,-0.033165,-0.00054,-0.1206,2.258574,85.426144,True
KVAL0010,37,1.501844,Neck,0.072256,0.021015,-0.06099,-0.03255,2.103108,88.76618,True
KVAL0010,38,1.535177,Neck,0.118653,-0.01083,-0.111795,-0.03825,6.065741,84.654236,True
KVAL0010,39,1.568511,Neck,0.423703,-0.08631,0.01749,-0.41445,4.291915,297.636624,True
KVAL0010,40,1.601855,Neck,0.242825,0.20775,0.057585,-0.11175,13.798108,169.077541,True
KVAL0010,41,1.635177,Neck,0.498009,0.117585,-0.080715,0.47715,7.128271,364.462041,True
KVAL0010,42,1.668522,Neck,0.238376,-0.219525,-0.083175,0.0414,10.542203,203.203695,True
KVAL0010,43,1.701833,Neck,0.229551,-0.04497,-0.08949,-0.20655,6.887751,263.95284,True
KVAL0010,44,1.735177,Neck,0.253122,0.21648,0.03264,0.12705,7.566851,206.157611,True
KVAL0010,45,1.768511,Neck,0.290516,0.18312,0.11202,0.19575,6.875994,231.714194,True
KVAL0010,46,1.801844,Neck,0.257084,-0.21759,-0.10824,0.08385,8.48253,154.667827,True
KVAL0010,47,1.835166,Neck,0.31899,-0.203895,-0.2451,-0.01035,4.507111,191.403665,True
KVAL0010,48,1.868511,Neck,0.199157,0.0204,-0.17871,-0.0855,4.416299,98.999436,True
KVAL0010,49,1.901833,Neck,0.047548,0.01158,-0.045345,0.0084,2.985111,62.079915,True
KVAL0010,50,1.935177,Neck,0.000246,0.00018,-7.5e-05,-0.00015,0.713167,44.743283,True
KVAL0010,51,1.9685,Neck,1.5e-05,1.5e-05,0.0,0.0,0.003529,10.696689,True
KVAL0010,52,2.001833,Neck,1.5e-05,1.5e-05,0.0,0.0,0.000225,21.961331,True
KVAL0010,53,2.035177,Neck,0.0,0.0,0.0,0.0,1.465198,17.192265,True
KVAL0010,54,2.068511,Neck,0.097676,-0.02697,0.09009,-0.0264,1.146142,50.38624,True
KVAL0010,55,2.101833,Neck,0.076409,0.00291,0.06849,0.03375,2.006009,242.936662,True
KVAL0010,56,2.135177,Neck,0.068598,0.06639,0.00456,0.01665,16.857706,118.00101,True
KVAL0010,57,2.168511,Neck,1.171302,0.09252,0.274575,1.1349,6.679229,1264.030312,True
KVAL0010,58,2.201855,Neck,0.447907,-0.03789,0.359625,0.2643,67.727004,,True
KVAL0010,59,2.235177,Neck,3.392415,0.53787,-0.00516,-3.3495,,,True
KVAL0010,60,2.268511,Neck,,,,,,,True
KVAL0010,61,2.301833,Neck,,,,,,,False
KVAL0010,62,2.335177,Neck,,,,,,,False
KVAL0010,63,2.3685,Neck,,,,,,,False
KVAL0010,64,2.401833,Neck,,,,,,,False
KVAL0010,65,2.435166,Neck,,,,,,,True
KVAL0010,66,2.4685,Neck,0.27487,-0.085185,-0.22728,-0.129,,,True
KVAL0010,67,2.501844,Neck,0.201287,0.00087,-0.092445,-0.1788,4.633954,,True
KVAL0010,68,2.535188,Neck,0.128342,0.0201,0.06255,-0.11025,2.783827,66.992744,True
KVAL0010,69,2.5685,Neck,0.094738,0.02178,0.05778,-0.07185,2.114916,45.861259,True
KVAL0010,70,2.601844,Neck,0.119546,0.093195,0.074235,0.00975,1.243621,58.803838,True
KVAL0010,71,2.635177,Neck,0.052897,0.05085,0.009615,-0.01095,2.22059,28.144795,True
KVAL0010,72,2.668511,Neck,0.047592,0.00117,-0.033075,-0.0342,1.169643,62.591228,True
KVAL0010,73,2.701833,Neck,0.027704,-0.025785,0.009525,0.00345,2.522541,42.613358,True
KVAL0010,74,2.735166,Neck,0.127506,0.01287,0.01815,0.12555,1.762099,79.865162,True
KVAL0010,75,2.7685,Neck,0.094347,0.085425,-0.000105,0.04005,2.95455,42.194418,True
KVAL0010,76,2.801844,Neck,0.097959,0.076245,0.0096,-0.06075,1.089008,36.000716,True
KVAL0010,77,2.835166,Neck,0.029221,0.028155,0.00669,-0.00405,0.699284,23.532542,True
KVAL0010,78,2.8685,Neck,0.124391,0.064665,0.00876,-0.1059,1.310081,38.06656,True
KVAL0010,79,2.901844,Neck,0.107028,0.07002,0.0063,-0.0807,1.90757,33.589875,True
KVAL0010,80,2.935177,Neck,0.035494,0.03084,0.00561,0.01665,0.963125,37.539471,True
KVAL0010,81,2.968511,Neck,0.057895,0.042435,0.02853,-0.02715,1.10346,145.36384,True
KVAL0010,82,3.001855,Neck,0.08992,0.051135,0.07395,-0.0015,8.831172,179.286507,True
KVAL0010,83,3.035177,Neck,0.621795,0.106635,0.018615,-0.6123,12.116651,233.647743,True
KVAL0010,84,3.068522,Neck,0.81339,0.13968,0.00336,-0.8013,6.74616,380.637895,True
KVAL0010,85,3.101844,Neck,0.179811,0.063675,0.033195,-0.16485,13.491463,49.571148,True
KVAL0010,86,3.135177,Neck,0.180064,-0.17442,-0.017295,0.04125,4.493088,240.076605,True
KVAL0010,87,3.1685,Neck,0.128589,-0.08718,0.015165,0.0933,4.276957,160.806642,True
KVAL0010,88,3.201844,Neck,0.118684,0.091065,0.07596,-0.0048,6.420131,116.004949,True
KVAL0010,89,3.235166,Neck,0.335292,-0.020865,0.0843,-0.32385,4.332977,224.728371,True
KVAL0010,90,3.2685,Neck,0.2213,-0.09417,-0.03375,-0.1974,8.588556,143.185657,True
KVAL0010,91,3.301833,Neck,0.245744,-0.068685,-0.06348,0.22725,5.581005,183.122166,True
KVAL0010,92,3.335177,Neck,0.159494,0.002205,0.012345,0.159,3.675041,95.607224,True
KVAL0010,93,3.3685,Neck,0.002615,0.001515,0.00135,0.00165,0.877348,78.106124,True
KVAL0010,94,3.401844,Neck,0.103963,0.010335,0.019725,0.10155,1.700349,13.540418,True
KVAL0010,95,3.435177,Neck,0.115142,0.02721,-0.012765,0.11115,1.508509,45.489332,True
KVAL0010,96,3.468522,Neck,0.046982,0.039735,-0.020625,0.01425,1.336513,30.795393,True
KVAL0010,97,3.501844,Neck,0.028858,0.010905,0.006945,0.0258,0.81676,14.889255,True
KVAL0010,98,3.535188,Neck,0.025276,-0.011745,-0.00462,0.0219,0.418533,25.43895,True
KVAL0010,99,3.5685,Neck,0.001033,0.000705,9e-05,0.00075,0.898556,23.474819,True
KVAL0010,100,3.601844,Neck,0.044574,0.04173,-0.015405,-0.00285,1.286949,39.339202,True
KVAL0010,101,3.635177,Neck,0.08653,0.038925,-0.05439,0.0549,2.25509,29.732549,True
KVAL0010,102,3.668511,Neck,0.16158,0.06828,-0.02016,0.14505,1.199824,116.810095,True
KVAL0010,103,3.701844,Neck,0.101081,0.098265,-0.01575,0.0177,5.548341,78.13384,True
KVAL0010,104,3.735177,Neck,0.224119,0.032595,0.034725,-0.219,5.286431,55.897179,True
KVAL0010,105,3.768522,Neck,0.323887,0.00135,-0.060675,-0.31815,3.360729,82.792178,True
KVAL0010,106,3.801855,Neck,0.41708,0.019305,-0.085095,-0.40785,1.792363,56.694354,True
KVAL0010,107,3.835188,Neck,0.35331,0.037365,0.04932,-0.34785,1.294065,65.830863,True
KVAL0010,108,3.868533,Neck,0.385336,0.039,-0.14892,-0.35325,2.660958,69.436768,True
KVAL0010,109,3.901866,Neck,0.370938,0.024855,-0.127635,-0.3474,4.582713,121.782383,True
KVAL0010,110,3.935177,Neck,0.102395,0.018735,0.019035,-0.09885,7.01179,58.975786,True
KVAL0010,111,3.968511,Neck,0.155135,0.1221,-0.011955,0.09495,4.612378,115.120197,True
KVAL0010,112,4.001833,Neck,0.217293,0.08511,-0.05778,0.1914,1.830222,110.509703,True
KVAL0010,113,4.035177,Neck,0.117045,0.01002,-0.05991,0.10005,2.788264,62.820537,True
KVAL0010,114,4.0685,Neck,0.078586,0.068595,-0.037635,0.00735,3.129887,38.599134,True
KVAL0010,115,4.101844,Neck,0.173267,0.110475,-0.1098,-0.0759,0.300505,99.365856,True
KVAL0010,116,4.135177,Neck,0.064336,0.054,-0.034455,-0.006,3.667728,6.992594,True
KVAL0010,117,4.168511,Neck,0.083968,-0.01191,0.04179,0.07185,0.656011,87.443177,True
KVAL0010,118,4.201833,Neck,0.056642,0.042435,-0.00591,-0.03705,2.280919,6.591207,True
KVAL0010,119,4.235177,Neck,0.08053,0.057885,-0.00201,-0.05595,0.72564,34.643055,True
KVAL0010,120,4.2685,Neck,0.098114,0.055875,0.01266,-0.07965,0.860797,21.182637,True
KVAL0010,121,4.301844,Neck,0.106122,0.03789,0.03849,-0.09135,0.898022,28.434521,True
KVAL0010,122,4.335177,Neck,0.063073,-0.000375,0.018975,-0.06015,1.203778,28.721279,True
KVAL0010,123,4.368511,Neck,0.029302,0.0054,0.00012,-0.0288,2.3174,11.392637,True
KVAL0010,124,4.401844,Neck,0.100265,-0.06075,-0.037875,0.0702,1.858977,59.547028,True
KVAL0010,125,4.435177,Neck,0.09985,-0.065895,-0.035385,0.06615,1.679464,50.212728,True
KVAL0010,126,4.4685,Neck,0.013485,0.00291,0.01014,-0.0084,1.497902,40.659159,True
KVAL0010,127,4.501844,Neck,1.5e-05,1.5e-05,0.0,0.0,1.088905,35.518289,True
KVAL0010,128,4.535177,Neck,0.061162,-0.013125,-0.0147,0.0579,0.953582,76.233428,True
KVAL0010,129,4.568511,Neck,0.063569,-0.01419,-0.01548,0.06,4.199235,125.084133,True
KVAL0010,130,4.601833,Neck,0.232597,-0.074835,-0.06441,-0.2106,7.453137,70.102208,True
KVAL0010,131,4.635177,Neck,0.439086,0.007845,-0.070305,-0.43335,2.727683,206.1104,True
KVAL0010,132,4.6685,Neck,0.294285,0.06729,0.020565,-0.28575,6.324874,139.616704,True
KVAL0010,133,4.701833,Neck,0.061344,-0.05058,0.02271,-0.02625,7.479055,36.953636,True
KVAL0010,134,4.735166,Neck,0.206448,-0.010125,-0.024405,0.20475,4.848351,128.589979,True
KVAL0010,135,4.768511,Neck,0.301053,-0.060105,-0.01521,0.2946,1.671936,171.864218,True
KVAL0010,136,4.801844,Neck,0.154801,-0.08583,0.005745,0.1287,6.631271,31.850149,True
KVAL0010,137,4.835177,Neck,0.144969,0.007725,0.042285,-0.13845,2.846568,152.767537,True
KVAL0010,138,4.868522,Neck,0.103274,-0.08316,0.004785,-0.06105,3.66374,59.523307,True
KVAL0010,139,4.901855,Neck,0.116639,-0.081885,-0.036015,0.07485,1.728727,100.720066,True
KVAL0010,140,4.935188,Neck,0.018432,0.017565,0.00228,-0.0051,3.330716,30.561268,True
KVAL0010,141,4.968533,Neck,0.119919,0.082785,-0.045615,-0.0738,1.507456,78.732249,True
KVAL0010,142,5.001866,Neck,0.11384,0.07683,-0.04659,-0.0699,1.969,50.73127,True
KVAL0010,143,5.035177,Neck,0.016312,-0.00411,-0.003885,0.0153,1.887301,32.301137,True
KVAL0010,144,5.068511,Neck,0.016381,-0.00714,-0.00477,0.01395,0.244674,30.717903,True
KVAL0010,145,5.101833,Neck,2.1e-05,-1.5e-05,1.5e-05,0.0,0.214823,42.170151,True
KVAL0010,146,5.135177,Neck,0.004226,0.00123,0.001065,0.0039,2.631566,13.324333,True
KVAL0010,147,5.1685,Neck,0.175446,-0.147765,-0.04758,0.08175,0.717145,108.461376,True
KVAL0010,148,5.201833,Neck,0.046695,-0.042675,-0.017595,0.00705,4.60042,21.230856,True
KVAL0010,149,5.235166,Neck,0.131549,0.10623,0.031065,-0.0711,0.699769,96.598632,True
KVAL0010,150,5.268511,Neck,0.000318,-0.000105,1.5e-05,-0.0003,1.872551,21.564403,True
KVAL0010,151,5.301844,Neck,0.031965,-0.00873,0.01941,-0.02385,1.320274,36.291264,True
KVAL0010,152,5.335177,Neck,0.08824,-0.02751,0.06549,-0.05235,1.303625,40.045248,True
KVAL0010,153,5.3685,Neck,0.118811,-0.027855,0.07614,-0.08685,1.520266,38.026789,True
KVAL0010,154,5.401844,Neck,0.066019,0.058215,0.0282,-0.0132,1.642756,47.005805,True
KVAL0010,155,5.435177,Neck,0.115869,0.077385,0.0618,-0.06015,1.750197,71.829316,True
KVAL0010,156,5.468511,Neck,0.119118,-0.00504,0.04662,-0.1095,3.271451,13.682542,True
KVAL0010,157,5.501844,Neck,0.246045,-0.080715,0.12222,-0.1977,1.204129,132.135787,True
KVAL0010,158,5.535188,Neck,0.192811,-0.03951,0.0963,-0.1623,5.820234,134.557838,True
KVAL0010,159,5.5685,Neck,0.159761,0.03291,0.01023,0.156,8.008788,66.796027,True
KVAL0010,160,5.601833,Neck,0.374064,0.099885,0.07473,0.35265,1.404097,205.649438,True
KVAL0010,161,5.635166,Neck,0.252431,0.05976,0.00153,0.24525,6.005763,80.157315,True
KVAL0010,162,5.6685,Neck,0.082438,0.041205,-0.06954,-0.0162,4.187267,118.453003,True
KVAL0010,163,5.701844,Neck,0.155801,0.11943,-0.099735,-0.00795,2.071512,99.248867,True
KVAL0010,164,5.735177,Neck,0.153443,0.0441,-0.08313,0.1212,2.60949,56.992809,True
KVAL0010,165,5.7685,Neck,0.114503,0.011205,-0.03102,0.10965,1.932344,51.485235,True
KVAL0010,166,5.801844,Neck,0.029288,-0.006135,-0.013035,0.0255,1.373533,28.61226,True
KVAL0010,167,5.835166,Neck,0.03555,-0.015255,-0.023055,0.02235,1.475186,16.29378,True
KVAL0010,168,5.868511,Neck,0.076683,0.06012,0.04257,-0.0213,1.597918,50.138875,True
KVAL0010,169,5.901844,Neck,0.073049,0.014235,0.030885,-0.06465,2.09185,51.609768,True
KVAL0010,170,5.935177,Neck,0.083166,-0.07716,0.018315,-0.02505,2.134857,44.031475,True
KVAL0010,171,5.968511,Neck,0.103312,-0.067905,0.06177,0.0474,1.177153,53.498233,True
KVAL0010,172,6.001855,Neck,0.057409,-0.03366,0.02364,0.04005,1.550111,24.639626,True
KVAL0010,173,6.035177,Neck,3.4e-05,3e-05,-1.5e-05,0.0,0.861142,23.258124,True
KVAL0010,174,6.068522,Neck,0.0,0.0,0.0,0.0,0.000503,22.632385,True
KVAL0010,175,6.101833,Neck,0.0,0.0,0.0,0.0,1.698455,28.031717,True
KVAL0010,176,6.135177,Neck,0.11323,-0.01017,-0.111375,-0.0177,1.868472,49.218076,True
KVAL0010,177,6.168511,Neck,0.124565,0.024525,-0.1221,-0.00255,1.643431,55.423123,True
KVAL0010,178,6.201844,Neck,0.042422,0.0315,-0.018105,0.0219,1.973838,30.49072,True
KVAL0010,179,6.235166,Neck,0.070627,0.02736,-0.00891,0.0645,2.734589,23.944998,True
KVAL0010,180,6.268511,Neck,0.211053,0.094275,0.02793,0.18675,0.977437,79.396261,True
KVAL0010,181,6.301833,Neck,0.132359,0.028215,-0.0021,0.1293,2.733067,28.037835,True
KVAL0010,182,6.335166,Neck,0.106167,-0.01923,-0.066795,0.08025,0.922085,70.996226,True
KVAL0010,183,6.368511,Neck,0.087642,0.048885,-0.010365,0.072,3.093896,23.123722,True
KVAL0010,184,6.401844,Neck,0.111541,0.06918,0.08085,-0.03345,1.491567,77.15779,True
KVAL0010,185,6.435166,Neck,0.07334,0.01536,0.06843,0.02145,2.170137,30.335158,True
KVAL0010,186,6.468511,Neck,0.046656,-0.042015,0.00504,0.01965,1.558045,77.990621,True
KVAL0010,187,6.501844,Neck,0.089318,0.0384,0.03318,-0.0735,3.10876,17.669008,True
KVAL0010,188,6.535177,Neck,0.166279,0.114195,0.059595,-0.10515,0.463628,84.962272,True
KVAL0010,189,6.5685,Neck,0.116128,0.05898,0.028125,-0.096,2.55613,41.462038,True
KVAL0010,190,6.601844,Neck,0.018849,-0.01086,0.0153,0.0018,2.329446,41.656983,True
KVAL0010,191,6.635177,Neck,0.042048,-0.01485,0.00618,0.03885,0.324111,45.688224,True
KVAL0010,192,6.668511,Neck,0.009355,0.004515,0.0033,-0.0075,0.797893,15.86981,True
KVAL0010,193,6.701833,Neck,0.021645,0.01836,-0.0114,0.0012,0.888737,25.766494,True
KVAL0010,194,6.735177,Neck,0.050022,-0.024315,-0.02544,0.03555,1.061776,32.499693,True
KVAL0010,195,6.768511,Neck,0.050367,-0.04965,0.008205,0.0021,1.423901,28.614889,True
KVAL0010,196,6.801855,Neck,0.066947,-0.045585,0.02262,-0.0435,2.081428,75.837897,True
KVAL0010,197,6.835166,Neck,0.170206,-0.13962,-0.097275,-0.00375,4.152057,61.763533,True
KVAL0010,198,6.8685,Neck,0.27862,-0.19731,-0.191745,0.04395,3.937182,92.712232,True
KVAL0010,199,6.901844,Neck,0.341429,-0.19317,-0.12642,0.25155,2.930621,213.085969,True
KVAL0010,200,6.935177,Neck,0.21127,-0.08898,-0.0888,0.1698,10.292492,141.46524,True
KVAL0010,201,6.9685,Neck,0.43579,-0.025245,-0.13464,-0.4137,7.304421,255.045844,True
KVAL0010,202,7.001844,Neck,0.378304,0.03297,-0.265815,-0.26715,7.07967,141.330195,True
KVAL0010,203,7.035166,Neck,0.335036,-0.100185,-0.319395,0.0141,3.903583,193.729236,True
KVAL0010,204,7.068511,Neck,0.441788,0.128955,-0.415455,-0.0771,12.334122,381.495424,True
KVAL0010,205,7.101855,Neck,0.627726,0.346845,0.1788,0.4917,25.46706,,True
KVAL0010,206,7.135188,Neck,1.36797,-0.117285,0.73236,1.14945,,,True
KVAL0010,207,7.168522,Neck,,,,,,,True
KVAL0010,208,7.201866,Neck,,,,,,,False
KVAL0010,209,7.2352,Neck,,,,,,,False
KVAL0010,210,7.268511,Neck,,,,,,,False
KVAL0010,211,7.301844,Neck,,,,,,,False
KVAL0010,212,7.335188,Neck,,,,,,,True
KVAL0010,213,7.368522,Neck,0.491671,0.116025,0.34101,-0.33465,,,True
KVAL0010,214,7.401855,Neck,0.093333,0.000105,0.033795,-0.087,5.622231,,True
KVAL0010,215,7.4352,Neck,0.205952,-0.10539,0.11241,-0.13665,5.150585,62.433682,True
KVAL0010,216,7.468533,Neck,0.288529,-0.111435,0.161355,0.21165,5.071773,184.893597,True
KVAL0010,217,7.501833,Neck,0.272936,-0.177735,0.07809,0.19185,7.399297,147.566517,True
KVAL0010,218,7.535166,Neck,0.28903,-0.13332,0.00699,-0.25635,4.958837,155.303908,True
KVAL0010,219,7.568511,Neck,0.156575,-0.103725,-0.016665,-0.1161,3.099797,115.101829,True
KVAL0010,220,7.601844,Neck,0.172634,-0.16437,0.0087,-0.05205,2.725677,39.060647,True
KVAL0010,221,7.635177,Neck,0.141819,-0.126015,0.02847,0.0585,2.632729,70.506877,True
KVAL0010,222,7.668522,Neck,0.085275,-0.04122,0.01674,0.07275,2.028865,63.310161,True
KVAL0010,223,7.701844,Neck,0.131056,-0.11076,-0.042945,-0.05535,1.909907,51.29607,True
KVAL0010,224,7.735177,Neck,0.068552,-0.043875,-0.00981,-0.05175,2.871506,54.261085,True
KVAL0010,225,7.7685,Neck,0.156933,0.010005,0.084285,-0.132,3.11243,66.705364,True
KVAL0010,226,7.801844,Neck,0.226278,-0.073065,0.19029,-0.09825,2.347273,116.454205,True
KVAL0010,227,7.835177,Neck,0.138321,-0.058575,0.12528,0.00255,4.662131,72.935725,True
KVAL0010,228,7.868522,Neck,0.127542,-0.061605,-0.11004,-0.01905,3.550936,89.682395,True
KVAL0010,229,7.901844,Neck,0.129494,-0.06483,-0.11028,-0.0201,1.415132,74.2314,True
KVAL0010,230,7.935177,Neck,0.046848,-0.04188,-0.01818,-0.0105,1.422491,17.571557,True
KVAL0010,231,7.968511,Neck,0.051673,-0.04755,-0.01998,0.00315,0.62279,21.811063,True
KVAL0010,232,8.001844,Neck,0.014687,-0.009825,-0.0024,0.01065,0.844669,22.338371,True
KVAL0010,233,8.035166,Neck,0.050537,-0.025785,0.00315,-0.04335,1.027594,15.986212,True
KVAL0010,234,8.0685,Neck,0.060936,-0.023205,0.00525,-0.0561,0.503859,24.944102,True
KVAL0010,235,8.101833,Neck,0.023146,0.0009,0.002865,-0.02295,0.649122,8.277719,True
KVAL0010,236,8.135166,Neck,0.021643,-0.01098,0.011085,-0.015,0.500069,7.789662,True
KVAL0010,237,8.168511,Neck,0.019503,-0.004695,0.01785,0.0063,0.297508,15.474588,True
KVAL0010,238,8.201844,Neck,0.014657,0.007305,0.010365,-0.00735,0.537093,13.628747,True
KVAL0010,239,8.235166,Neck,0.025193,0.008415,0.003045,-0.02355,1.141493,23.720044,True
KVAL0010,240,8.2685,Neck,0.077639,0.051195,0.023565,0.0534,1.258495,37.574992,True
KVAL0010,241,8.301833,Neck,0.072378,0.05655,0.00147,0.04515,1.554507,34.834297,True
KVAL0010,242,8.335177,Neck,0.079242,0.065595,-0.01272,-0.0426,1.16101,37.606856,True
KVAL0010,243,8.3685,Neck,0.062458,0.052995,0.009015,-0.0318,1.190086,25.008317,True
KVAL0010,244,8.401833,Neck,0.000675,-0.00045,-0.000225,-0.00045,1.183025,19.823015,True
KVAL0010,245,8.435166,Neck,0.039844,-0.02226,-0.01449,-0.0297,0.590925,15.094044,True
KVAL0010,246,8.4685,Neck,0.040064,-0.02253,-0.01437,-0.02985,1.131179,17.381155,True
KVAL0010,247,8.501844,Neck,0.077089,-0.06759,-0.02157,0.03015,1.102607,32.834017,True
KVAL0010,248,8.535177,Neck,0.089586,-0.085995,-0.02442,0.00585,1.067378,29.565372,True
KVAL0010,249,8.568511,Neck,0.044841,-0.033075,-0.00507,-0.02985,0.890158,14.561649,True
KVAL0010,250,8.601844,Neck,0.032463,-0.03018,-0.009315,-0.0075,0.130783,12.162079,True
KVAL0010,251,8.635177,Neck,0.048486,-0.029985,-0.008895,-0.03705,0.663452,5.405908,True
KVAL0010,252,8.668511,Neck,0.053204,-0.02019,0.00153,-0.0492,0.303865,16.61689,True
KVAL0010,253,8.701833,Neck,0.03622,-0.016035,0.004935,-0.0321,0.49348,6.012223,True
KVAL0010,254,8.735166,Neck,0.020622,-0.010215,0.001515,-0.01785,0.424054,5.119693,True
KVAL0010,255,8.7685,Neck,0.008663,-0.001335,-0.000405,-0.00855,0.186108,9.370655,True
KVAL0010,256,8.801833,Neck,0.009283,-0.001545,-0.00024,-0.00915,0.255269,6.131197,True
KVAL0010,257,8.835166,Neck,0.021149,-0.01743,0.0045,-0.0111,0.230791,24.017223,True
KVAL0010,258,8.868511,Neck,0.021671,-0.015075,0.00417,-0.015,1.493936,18.115467,True
KVAL0010,259,8.901844,Neck,0.101154,0.04149,0.039435,-0.0834,1.202337,47.537809,True
KVAL0010,260,8.935177,Neck,0.08958,0.017865,0.04776,-0.07365,1.678273,37.795156,True
KVAL0010,261,8.9685,Neck,0.031195,-0.02988,0.008445,-0.003,1.32393,36.528363,True
KVAL0010,262,9.001844,Neck,0.00839,-0.006465,-0.002025,-0.00495,0.79107,24.56479,True
KVAL0010,263,9.035177,Neck,0.041596,0.00669,0.00456,-0.0408,0.379622,19.351668,True
KVAL0010,264,9.068522,Neck,0.02611,0.010185,-0.00141,-0.024,0.546135,17.475428,True
KVAL0010,265,9.101833,Neck,0.026361,-0.015855,-0.011865,-0.0174,1.087826,10.725757,True
KVAL0010,266,9.135177,Neck,0.083265,-0.045675,0.00927,-0.069,0.600001,53.259988,True
KVAL0010,267,9.168511,Neck,0.019667,-0.007095,0.005805,0.0174,2.625341,17.83667,True
KVAL0010,268,9.201855,Neck,0.104598,-0.00423,-0.057,0.0876,0.961543,65.484907,True
KVAL0010,269,9.235166,Neck,0.069061,-0.016005,-0.053025,0.04125,1.820976,30.170202,True
KVAL0010,270,9.268511,Neck,0.022475,0.0126,-0.000645,-0.0186,1.088657,36.989381,True
KVAL0010,271,9.301844,Neck,0.008164,0.003645,-0.0024,-0.0069,0.681353,13.168283,True
KVAL0010,272,9.335188,Neck,0.025006,-0.001935,-0.00675,0.024,0.231743,16.408037,True
KVAL0010,273,9.3685,Neck,0.022302,0.010725,0.003705,-0.0192,0.458548,16.065009,True
KVAL0010,274,9.401844,Neck,0.016751,-0.004245,-0.01533,-0.00525,0.839673,12.674748,True
KVAL0010,275,9.435177,Neck,0.035333,-0.01317,-0.021675,0.0246,0.552967,23.057399,True
KVAL0010,276,9.468511,Neck,0.032133,0.03051,-0.0087,0.0051,0.906828,15.966215,True
KVAL0010,277,9.501844,Neck,0.052415,0.04662,-0.01491,0.01875,0.888598,24.069741,True
KVAL0010,278,9.535177,Neck,0.07093,0.02076,-0.043485,0.05205,0.805733,18.837337,True
KVAL0010,279,9.5685,Neck,0.064055,0.0108,-0.02808,0.05655,0.775451,11.966882,True
KVAL0010,280,9.601844,Neck,0.068301,-0.00645,-0.002505,0.06795,0.399918,26.097598,True
KVAL0010,281,9.635177,Neck,0.053373,-0.01176,-0.01566,0.04965,1.111641,15.558939,True
KVAL0010,282,9.668522,Neck,0.031239,0.019905,-0.023985,0.0021,0.859147,20.462808,True
KVAL0010,283,9.701844,Neck,0.026814,0.01857,-0.019305,0.0012,0.468562,16.147532,True
KVAL0010,284,9.735177,Neck,2.1e-05,-1.5e-05,-1.5e-05,0.0,0.402204,11.805542,True
KVAL0010,285,9.768511,Neck,0.0,0.0,0.0,0.0,0.582243,20.722501,True
KVAL0010,286,9.801844,Neck,0.03882,-0.004425,-0.005985,0.0381,1.183986,34.409921,True
KVAL0010,287,9.835166,Neck,0.078932,0.026175,-0.019005,-0.072,1.734102,48.656546,True
KVAL0010,288,9.868511,Neck,0.079704,0.033675,0.03588,-0.0627,2.123595,41.14388,True
KVAL0010,289,9.901833,Neck,0.076038,0.021615,0.05352,0.0495,1.02331,44.425594,True
KVAL0010,290,9.935177,Neck,0.025669,0.02478,0.00645,-0.0018,0.923274,30.412571,True
KVAL0010,291,9.968511,Neck,0.028464,0.02115,3e-05,0.01905,2.397858,41.063767,True
KVAL0010,292,10.001844,Neck,0.167878,0.055275,0.080595,0.1365,1.878789,74.494384,True
KVAL0010,293,10.035166,Neck,0.146215,0.04833,0.07341,0.11685,2.815837,78.190545,True
KVAL0010,294,10.068511,Neck,0.088559,-0.054015,-0.04674,0.05235,3.543654,48.541511,True
KVAL0010,295,10.101833,Neck,0.125062,-0.12207,-0.02184,-0.0162,2.063004,72.640512,True
KVAL0010,296,10.135177,Neck,0.105236,-0.081015,0.022875,-0.06315,1.564541,59.34768,True
KVAL0010,297,10.168511,Neck,0.032768,-0.0219,0.006285,-0.02355,2.337499,27.871227,True
KVAL0010,298,10.201844,Neck,0.068396,0.03672,0.04461,0.0366,2.225921,39.985205,True
KVAL0010,299,10.235177,Neck,0.123799,0.05601,0.06948,0.0858,0.378656,59.82865,True
KVAL0010,300,10.268511,Neck,0.044138,0.019335,0.028935,0.02715,1.772593,63.373227,True
KVAL0010,301,10.301855,Neck,0.006068,0.00105,0.00477,0.0036,4.330597,83.395981,True
KVAL0010,302,10.335188,Neck,0.270973,-0.05322,0.120105,-0.237,5.871717,107.829225,True
KVAL0010,303,10.368522,Neck,0.390617,0.03228,0.186495,-0.3417,3.075062,187.622166,True
KVAL0010,304,10.401866,Neck,0.152224,0.082725,0.09483,-0.08565,6.681966,40.718197,True
KVAL0010,305,10.4352,Neck,0.094953,0.00498,0.04905,0.08115,3.373237,97.902027,True
KVAL0010,306,10.4685,Neck,0.128208,0.076635,-0.038625,0.09525,2.544405,47.291804,True
KVAL0010,307,10.501844,Neck,0.160633,0.09987,-0.091455,0.0864,1.021964,54.365394,True
KVAL0010,308,10.535166,Neck,0.143249,0.06222,-0.1029,0.07785,1.679091,46.233057,True
KVAL0010,309,10.5685,Neck,0.084807,0.045195,-0.071175,-0.00915,2.723524,34.462423,True
KVAL0010,310,10.601833,Neck,0.106453,-0.095865,-0.02157,0.04095,2.128222,68.915884,True
KVAL0010,311,10.635166,Neck,0.13118,-0.092745,-0.091125,0.0174,2.320572,53.329882,True
KVAL0010,312,10.6685,Neck,0.090169,0.017025,-0.071415,-0.05235,2.54396,82.650218,True
KVAL0010,313,10.701833,Neck,0.178343,-0.045585,-0.032385,0.16935,3.469837,62.127993,True
KVAL0010,314,10.735166,Neck,0.175511,-0.03669,-0.03051,0.1689,2.26475,57.107446,True
KVAL0010,315,10.7685,Neck,0.065704,0.042465,-0.004335,0.04995,1.106025,55.3391,True
KVAL0010,316,10.801833,Neck,0.175862,0.03561,-0.01626,0.17145,1.428615,46.738517,True
KVAL0010,317,10.835177,Neck,0.130944,-0.008295,-0.01557,0.12975,2.624915,49.536466,True
KVAL0010,318,10.8685,Neck,0.010958,-0.010245,-0.00228,0.00315,1.976543,39.332306,True
KVAL0010,319,10.901833,Neck,0.00194,0.0,0.001845,-0.0006,0.164372,29.839155,True
KVAL0010,320,10.935177,Neck,0.0,0.0,0.0,0.0,0.029102,11.357459,True
KVAL0010,321,10.968511,Neck,0.0,0.0,0.0,0.0,0.671375,9.761913,True
KVAL0010,322,11.001833,Neck,0.044758,-0.00399,-0.020475,0.0396,0.671065,20.29512,True
KVAL0010,323,11.035177,Neck,0.044738,-0.004065,-0.020415,0.0396,0.683148,20.507546,True
KVAL0010,324,11.068511,Neck,0.00434,-0.00351,0.002535,0.0003,0.698618,9.657069,True
KVAL0010,325,11.101844,Neck,0.005826,-0.004365,0.003855,-0.00015,0.0672,10.454081,True
KVAL0010,326,11.135166,Neck,0.003909,-0.000195,0.00282,-0.0027,0.090315,1.620397,True
KVAL0010,327,11.1685,Neck,0.002771,0.000735,0.00144,-0.00225,0.058635,1.652186,True
KVAL0010,328,11.201833,Neck,0.0,0.0,0.0,0.0,0.041559,0.879529,True
KVAL0010,329,11.235166,Neck,0.0,0.0,0.0,0.0,0.0,0.623389,True
KVAL0010,330,11.2685,Neck,0.0,0.0,0.0,0.0,0.0,0.0,True
KVAL0010,331,11.301833,Neck,0.0,0.0,0.0,0.0,0.0,0.0,True
KVAL0010,332,11.335166,Neck,0.0,0.0,0.0,0.0,0.0,9.67092,True
KVAL0010,333,11.368511,Neck,0.0,0.0,0.0,0.0,0.644728,12.610185,True
KVAL0010,334,11.401833,Neck,0.042982,0.020325,0.00627,0.03735,0.840679,17.546294,True
KVAL0010,335,11.435177,Neck,0.056045,0.01668,0.02364,0.048,0.562798,27.587083,True
KVAL0010,336,11.468511,Neck,0.020711,-0.00357,0.0174,0.01065,1.02803,17.348981,True
KVAL0010,337,11.501855,Neck,0.025363,0.01839,0.002745,-0.01725,1.229904,30.357318,True
KVAL0010,338,11.535166,Neck,0.067945,0.02349,-0.004455,-0.0636,2.981092,12.764559,True
KVAL0010,339,11.568511,Neck,0.217842,0.0315,0.001125,-0.21555,1.573541,94.26336,True
KVAL0010,340,11.601833,Neck,0.168999,0.0225,0.0135,-0.16695,3.310257,50.386004,True
KVAL0010,341,11.635166,Neck,0.00684,-0.003825,0.005205,0.00225,1.867852,69.059779,True
KVAL0010,342,11.668511,Neck,0.05983,-0.014025,0.03102,-0.0492,1.564573,24.867634,True
KVAL0010,343,11.701844,Neck,0.106316,-0.01803,0.066825,-0.0807,0.30856,47.097774,True
KVAL0010,344,11.735166,Neck,0.049174,-0.005295,0.03726,-0.03165,1.576197,12.229168,True
KVAL0010,345,11.768511,Neck,0.00195,-0.00129,0.001455,-0.00015,0.676097,38.234419,True
KVAL0010,346,11.801833,Neck,0.073306,0.02877,0.030165,-0.0603,1.099035,25.013856,True
KVAL0010,347,11.835177,Neck,0.073459,0.0288,0.03021,-0.06045,1.097188,33.009653,True
KVAL0010,348,11.868511,Neck,0.000164,3e-05,6e-05,-0.00015,1.101799,16.421865,True
KVAL0010,349,11.901844,Neck,1.5e-05,0.0,1.5e-05,0.0,0.002465,16.525595,True
KVAL0010,350,11.935177,Neck,0.0,0.0,0.0,0.0,0.000225,0.036971,True
KVAL0010,351,11.968522,Neck,0.0,0.0,0.0,0.0,0.0,0.003375,True
KVAL0010,352,12.001833,Neck,0.0,0.0,0.0,0.0,0.0,0.0,True
KVAL0010,353,12.035166,Neck,0.0,0.0,0.0,0.0,0.0,0.0,True
KVAL0010,354,12.068511,Neck,0.0,0.0,0.0,0.0,0.0,0.0,True
KVAL0010,355,12.101844,Neck,0.0,0.0,0.0,0.0,0.0,6.973666,True
KVAL0010,356,12.135166,Neck,0.0,0.0,0.0,0.0,0.464911,6.976175,True
KVAL0010,357,12.168511,Neck,0.030994,-0.018495,-0.011505,-0.02205,0.465078,13.944829,True
KVAL0010,358,12.201833,Neck,0.031005,-0.018495,-0.011535,-0.02205,0.464744,13.95235,True
KVAL0010,359,12.235177,Neck,3e-05,0.0,-3e-05,0.0,0.465078,6.968666,True
KVAL0010,360,12.2685,Neck,0.0,0.0,0.0,0.0,0.00045,7.578682,True
KVAL0010,361,12.301844,Neck,0.0,0.0,0.0,0.0,0.048035,1.051208,True
KVAL0010,362,12.335177,Neck,0.003202,-0.00066,-0.002565,-0.0018,0.069724,1.107134,True
KVAL0010,363,12.368522,Neck,0.004648,-0.00153,-0.003675,-0.0024,0.027173,1.559604,True
KVAL0010,364,12.401833,Neck,0.001691,-0.000975,-0.001245,-0.0006,0.063014,1.520388,True
KVAL0010,365,12.435166,Neck,0.005519,-0.00387,-0.000525,-0.0039,0.099455,14.62391,True
KVAL0010,366,12.4685,Neck,0.007537,-0.006675,0.000585,-0.00345,1.028669,30.122765,True
KVAL0010,367,12.501833,Neck,0.071696,-0.01473,0.047385,-0.05175,2.066846,16.216407,True
KVAL0010,368,12.535166,Neck,0.141682,-0.02364,0.09282,-0.1044,2.103372,2.087377,True
KVAL0010,0,0.0,RShoulder,0.046308,-0.03903,-0.02466,-0.0036,0.21353,510.746309,False
KVAL0010,1,0.301866,RShoulder,0.05341,-0.044745,-0.02886,-0.0042,17.112525,866.577655,False
KVAL0010,2,0.335166,RShoulder,1.163523,-1.00401,0.426435,0.40485,57.870755,311.847365,False
KVAL0010,3,0.368511,RShoulder,3.88519,-2.995065,0.604155,2.39985,28.619918,1740.922516,False
KVAL0010,4,0.401833,RShoulder,2.845254,-2.01501,0.16614,2.0019,58.193644,1058.147707,False
KVAL0010,5,0.435166,RShoulder,0.01078,0.00129,0.005025,0.00945,42.677323,877.842137,False
KVAL0010,6,0.468511,RShoulder,0.000168,1.5e-05,7.5e-05,0.00015,0.51135,646.999636,False
KVAL0010,7,0.501844,RShoulder,0.044727,0.000855,0.016905,0.0414,0.688321,17.216678,False
KVAL0010,8,0.535166,RShoulder,0.046056,0.00099,0.017475,0.0426,0.636703,65.533656,False
KVAL0010,9,0.568511,RShoulder,0.00228,7.5e-05,0.000885,0.0021,5.01008,93.523512,False
KVAL0010,10,0.601833,RShoulder,0.377647,-0.093255,0.18525,0.3156,5.624814,159.990471,False
KVAL0010,11,0.635177,RShoulder,0.377157,-0.09327,0.185265,0.315,5.658242,169.232459,False
KVAL0010,12,0.6685,RShoulder,0.000452,-7.5e-05,0.00033,0.0003,5.657355,88.372254,False
KVAL0010,13,0.701844,RShoulder,0.0,0.0,0.0,0.0,0.367039,87.585187,False
KVAL0010,14,0.735166,RShoulder,0.024842,0.0042,0.023775,0.00585,0.85085,9.519534,False
KVAL0010,15,0.768511,RShoulder,0.056723,0.004575,0.052845,-0.0201,0.486959,25.525492,False
KVAL0010,16,0.801844,RShoulder,0.038969,0.000375,0.02907,-0.02595,0.85085,15.140207,False
KVAL0010,17,0.835177,RShoulder,0.0,0.0,0.0,0.0,0.58454,12.762746,False
KVAL0010,18,0.868511,RShoulder,0.0,0.0,0.0,0.0,0.0,8.770615,False
KVAL0010,19,0.901855,RShoulder,0.0,0.0,0.0,0.0,0.000225,0.06168,False
KVAL0010,20,0.935177,RShoulder,1.5e-05,0.0,1.5e-05,0.0,0.004112,0.053683,False
KVAL0010,21,0.968522,RShoulder,0.000274,4.5e-05,0.000225,0.00015,0.003751,0.120086,False
KVAL0010,22,1.001833,RShoulder,0.000262,4.5e-05,0.00021,0.00015,0.003897,0.111987,False
KVAL0010,23,1.035177,RShoulder,2.1e-05,1.5e-05,1.5e-05,0.0,0.003718,0.055457,False
KVAL0010,24,1.068511,RShoulder,2.1e-05,1.5e-05,1.5e-05,0.0,0.000318,0.052827,False
KVAL0010,25,1.101844,RShoulder,0.0,0.0,0.0,0.0,0.000318,27.43443,False
KVAL0010,26,1.135188,RShoulder,0.0,0.0,0.0,0.0,1.828848,27.446621,False
KVAL0010,27,1.168522,RShoulder,0.121923,0.006885,0.05499,-0.1086,1.82966,54.851741,False
KVAL0010,28,1.201855,RShoulder,0.121977,0.006885,0.05511,-0.1086,1.827935,54.888285,False
KVAL0010,29,1.2352,RShoulder,0.000135,0.0,0.000135,0.0,1.829559,27.405371,False
KVAL0010,30,1.268533,RShoulder,1.5e-05,0.0,1.5e-05,0.0,0.002025,41.813381,False
KVAL0010,31,1.301844,RShoulder,0.0,0.0,0.0,0.0,4.112965,62.736127,False
KVAL0010,32,1.335177,RShoulder,0.2742,-0.02265,0.03351,0.2712,4.182169,247.39736,False
KVAL0010,33,1.368511,RShoulder,0.278811,-0.023715,0.032865,0.27585,13.411622,483.396684,False
KVAL0010,34,1.401855,RShoulder,0.734998,-0.56481,-0.31722,-0.34725,35.664249,833.01459,False
KVAL0010,35,1.435166,RShoulder,2.616456,-0.954435,-0.76707,2.31225,45.235851,1085.073351,False
KVAL0010,36,1.4685,RShoulder,2.726952,-0.39126,-0.45327,2.6604,36.686909,1227.787302,False
KVAL0010,37,1.501844,RShoulder,0.219949,0.053535,-0.02148,0.21225,37.892206,468.232368,False
KVAL0010,38,1.535177,RShoulder,0.37636,0.1521,0.198735,0.2811,8.346017,313.741129,True
KVAL0010,39,1.568511,RShoulder,0.567896,0.452985,0.336435,0.0642,17.58362,248.128374,False
KVAL0010,40,1.601855,RShoulder,1.070676,0.6093,0.415095,-0.7764,15.224647,447.47975,False
KVAL0010,41,1.635177,RShoulder,1.016396,0.25134,0.322725,-0.93045,12.734052,434.949959,False
KVAL0010,42,1.668522,RShoulder,0.227783,0.08901,0.09414,-0.18735,14.566609,204.239008,False
KVAL0010,43,1.701833,RShoulder,0.116718,0.10626,0.0471,-0.01065,0.960805,273.52917,False
KVAL0010,44,1.735177,RShoulder,0.280544,0.14547,0.106185,-0.2151,3.678101,85.431251,False
KVAL0010,45,1.768511,RShoulder,0.306078,0.13839,0.134985,-0.2373,4.897079,87.211547,False
KVAL0010,46,1.801844,RShoulder,0.061194,0.007335,-0.00063,0.06075,2.42948,209.70251,False
KVAL0010,47,1.835166,RShoulder,0.25768,0.206055,0.125535,-0.09045,9.13366,73.089469,False
KVAL0010,48,1.868511,RShoulder,0.569578,0.349695,0.22263,-0.3906,2.49484,264.849484,False
KVAL0010,49,1.901833,RShoulder,0.292943,0.14352,0.08769,-0.23985,8.537607,90.156303,False
KVAL0010,50,1.935177,RShoulder,0.001154,-0.000255,-0.000405,-0.00105,4.394033,127.953982,False
KVAL0010,51,1.9685,RShoulder,1.5e-05,1.5e-05,0.0,0.0,0.019496,65.908848,False
KVAL0010,52,2.001833,RShoulder,0.000151,1.5e-05,1.5e-05,0.00015,0.000225,231.615689,False
KVAL0010,53,2.035177,RShoulder,0.0,0.0,0.0,0.0,15.425188,409.628837,False
KVAL0010,54,2.068511,RShoulder,1.028211,0.370335,-0.099765,-0.954,27.308516,185.828966,False
KVAL0010,55,2.101833,RShoulder,1.820568,0.591255,-0.34533,-1.6869,7.412335,1788.949866,False
KVAL0010,56,2.135177,RShoulder,1.385953,0.32283,-0.487575,-1.25655,138.51922,1774.282763,False
KVAL0010,57,2.168511,RShoulder,10.675604,-1.366125,-5.972565,-8.742465,125.645358,7359.629777,False
KVAL0010,58,2.201855,RShoulder,9.60785,0.00261,-6.53934,-7.03902,360.322924,,True
KVAL0010,59,2.235177,RShoulder,14.163989,-4.82835,5.026455,12.330465,,,True
KVAL0010,60,2.268511,RShoulder,,,,,,,False
KVAL0010,61,2.301833,RShoulder,,,,,,,False
KVAL0010,62,2.335177,RShoulder,,,,,,,False
KVAL0010,63,2.3685,RShoulder,,,,,,,False
KVAL0010,64,2.401833,RShoulder,,,,,,,False
KVAL0010,65,2.435166,RShoulder,,,,,,,False
KVAL0010,66,2.4685,RShoulder,0.333805,0.283125,0.079425,0.15798,,,False
KVAL0010,67,2.501844,RShoulder,0.309763,0.259125,0.074895,0.15231,2.220469,,False
KVAL0010,68,2.535188,RShoulder,0.19346,0.15348,0.021795,0.11574,3.188593,13.944668,False
KVAL0010,69,2.5685,RShoulder,0.10336,0.079815,0.00054,0.06567,2.227663,35.345981,False
KVAL0010,70,2.601844,RShoulder,0.045027,0.03618,0.00282,0.026655,1.069497,13.102447,False
KVAL0010,71,2.635177,RShoulder,0.036674,0.03528,0.00072,0.00999,2.650168,22.477311,False
KVAL0010,72,2.668511,RShoulder,0.135731,-0.10431,-0.068745,-0.05307,2.105738,332.555798,False
KVAL0010,73,2.701833,RShoulder,0.109116,-0.081765,-0.06591,-0.02961,19.544112,397.341917,False
KVAL0010,74,2.735166,RShoulder,1.170738,0.830415,0.451005,0.69111,24.531303,443.264023,False
KVAL0010,75,2.7685,RShoulder,1.537895,1.077855,0.47634,0.988155,10.01872,658.586035,False
KVAL0010,76,2.801844,RShoulder,0.507617,0.36225,0.148515,0.3231,19.458775,415.871909,False
KVAL0010,77,2.835166,RShoulder,0.274771,0.199065,0.169455,0.0846,18.323481,614.172866,False
KVAL0010,78,2.8685,RShoulder,1.675334,0.78906,0.99894,1.08915,22.878907,575.505536,False
KVAL0010,79,2.901844,RShoulder,1.770553,0.76998,1.15488,1.0992,20.546372,658.135167,False
KVAL0010,80,2.935177,RShoulder,0.409109,0.08034,0.391695,0.08655,21.105562,308.156294,False
KVAL0010,81,2.968511,RShoulder,0.421715,0.113385,0.388425,0.1188,1.748433,359.70135,False
KVAL0010,82,3.001855,RShoulder,0.329119,0.103365,0.285135,0.1278,3.848606,132.120563,False
KVAL0010,83,3.035177,RShoulder,0.668593,0.094185,0.630045,0.20295,7.34924,157.087246,False
KVAL0010,84,3.068522,RShoulder,0.808662,0.12984,0.76161,0.2388,6.691124,315.936022,False
KVAL0010,85,3.101844,RShoulder,0.223885,0.02349,0.21687,0.0504,14.112973,86.893788,False
KVAL0010,86,3.135177,RShoulder,0.279348,-0.26655,-0.03081,-0.0777,9.343579,200.578121,False
KVAL0010,87,3.1685,RShoulder,0.474196,-0.424905,-0.209295,-0.02265,3.716325,222.673297,False
KVAL0010,88,3.201844,RShoulder,0.361787,-0.286635,-0.191505,0.1098,5.520514,130.807058,False
KVAL0010,89,3.235166,RShoulder,0.15488,-0.14577,0.019785,0.04845,5.680552,57.424443,False
KVAL0010,90,3.2685,RShoulder,0.089732,-0.04011,0.0792,0.01305,2.059085,89.607603,False
KVAL0010,91,3.301833,RShoulder,0.074472,-0.01923,0.0675,0.0249,1.183515,34.759861,False
KVAL0010,92,3.335177,RShoulder,0.018003,0.00666,0.016455,0.003,1.102506,26.429468,False
KVAL0010,93,3.3685,RShoulder,0.003504,0.002835,0.00141,0.0015,1.481404,47.103123,False
KVAL0010,94,3.401844,RShoulder,0.112406,0.089775,0.06468,-0.0198,2.595133,17.489657,False
KVAL0010,95,3.435177,RShoulder,0.175957,0.133365,0.11412,-0.0123,0.678941,46.877211,False
KVAL0010,96,3.468522,RShoulder,0.145178,0.130395,0.063825,0.00015,1.090742,23.508247,False
KVAL0010,97,3.501844,RShoulder,0.167409,0.160365,0.046605,-0.0117,0.971099,42.2255,False
KVAL0010,98,3.535188,RShoulder,0.080806,0.07401,0.032235,-0.0036,2.491125,13.929035,False
KVAL0010,99,3.5685,RShoulder,0.001511,0.00129,0.00051,0.0006,0.07586,896.267786,False
KVAL0010,100,3.601844,RShoulder,0.078564,0.073215,0.027855,-0.006,60.381994,1211.086948,False
KVAL0010,101,3.635177,RShoulder,4.024957,0.01959,-4.024755,-0.03525,80.804467,1726.356568,False
KVAL0010,102,3.668511,RShoulder,5.386589,1.77159,-4.90707,-1.3407,59.087999,2490.469898,True
KVAL0010,103,3.701844,RShoulder,2.138813,1.467225,-0.633555,-1.4214,86.301306,897.46311,True
KVAL0010,104,3.735177,RShoulder,1.390873,1.22871,0.650085,0.0468,34.532884,1260.21709,True
KVAL0010,105,3.768522,RShoulder,1.694089,1.43322,0.83058,0.3549,23.979177,655.019584,False
KVAL0010,106,3.801855,RShoulder,0.934522,-0.34683,0.83178,0.24735,25.531502,387.617545,False
KVAL0010,107,3.835188,RShoulder,0.937876,-0.26175,0.876675,0.20625,2.659214,355.409286,False
KVAL0010,108,3.868533,RShoulder,0.834626,-0.24885,0.789615,0.10575,7.15342,85.110607,False
KVAL0010,109,3.901866,RShoulder,0.821643,-0.417255,0.679245,-0.19905,7.070528,166.901255,False
KVAL0010,110,3.935177,RShoulder,0.46706,-0.2145,0.389925,-0.14175,8.358039,89.53128,False
KVAL0010,111,3.968511,RShoulder,0.268442,-0.10557,0.231585,-0.08535,1.205925,116.973515,False
KVAL0010,112,4.001833,RShoulder,0.429331,-0.234915,0.317115,-0.16905,0.69048,92.098765,False
KVAL0010,113,4.035177,RShoulder,0.231152,-0.08016,0.21009,-0.05355,6.037123,27.053857,False
KVAL0010,114,4.0685,RShoulder,0.164787,0.05001,0.14595,0.0579,2.466165,108.803459,False
KVAL0010,115,4.101844,RShoulder,0.178568,0.03324,0.16593,0.057,1.834315,45.394168,False
KVAL0010,116,4.135177,RShoulder,0.256982,-0.02169,0.238755,0.09255,0.833928,62.59622,False
KVAL0010,117,4.168511,RShoulder,0.191789,-0.0198,0.17808,0.0684,2.342823,35.458739,False
KVAL0010,118,4.201833,RShoulder,0.135439,0.058485,0.112335,0.048,1.62319,66.78258,False
KVAL0010,119,4.235177,RShoulder,0.219438,0.081855,0.174255,0.1053,2.254469,42.595698,False
KVAL0010,120,4.2685,RShoulder,0.276019,0.04872,0.242475,0.12255,1.805445,43.980645,False
KVAL0010,121,4.301844,RShoulder,0.308697,0.03627,0.285465,0.11175,0.729185,62.070036,False
KVAL0010,122,4.335177,RShoulder,0.236537,0.054795,0.214515,0.08325,2.457796,20.545871,False
KVAL0010,123,4.368511,RShoulder,0.149451,0.0429,0.135705,0.0456,0.740816,65.72726,False
KVAL0010,124,4.401844,RShoulder,0.258238,0.06558,0.212415,0.1314,2.196709,48.013596,False
KVAL0010,125,4.435177,RShoulder,0.280595,0.09126,0.21003,0.16215,2.777998,94.927541,False
KVAL0010,126,4.4685,RShoulder,0.076937,0.038025,0.05412,0.0393,4.208443,371.612511,False
KVAL0010,127,4.501844,RShoulder,4.2e-05,3e-05,3e-05,0.0,26.806468,364.78013,False
KVAL0010,128,4.535177,RShoulder,1.743667,0.16899,-1.70721,0.31185,26.618219,675.279447,False
KVAL0010,129,4.568511,RShoulder,1.774521,0.15312,-1.73904,0.31815,25.363794,689.048923,True
KVAL0010,130,4.601833,RShoulder,1.683831,-0.999255,-1.121385,-0.7611,21.566196,867.065473,True
KVAL0010,131,4.635177,RShoulder,1.026476,-0.61305,-0.7356,-0.36975,42.211642,500.696119,True
KVAL0010,132,4.6685,RShoulder,1.13644,0.550035,0.84552,0.5235,28.812148,681.018449,False
KVAL0010,133,4.701833,RShoulder,0.917372,0.324015,0.816195,0.26535,4.528744,435.778173,False
KVAL0010,134,4.735166,RShoulder,0.979483,0.269685,0.846975,0.41145,3.16286,138.055693,False
KVAL0010,135,4.768511,RShoulder,0.935885,0.24876,0.77709,0.4584,9.638619,123.991983,False
KVAL0010,136,4.801844,RShoulder,0.346924,0.127665,0.26076,0.1899,7.998595,190.952211,False
KVAL0010,137,4.835177,RShoulder,0.502487,0.186795,0.251535,0.39285,4.683887,96.561154,False
KVAL0010,138,4.868522,RShoulder,0.611991,0.19137,0.310305,0.49155,5.458786,192.863207,False
KVAL0010,139,4.901855,RShoulder,0.143285,0.02472,0.084225,0.11325,8.353847,102.276005,False
KVAL0010,140,4.935188,RShoulder,0.064618,0.03246,0.04956,0.0258,1.574468,160.577071,False
KVAL0010,141,4.968533,RShoulder,0.2248,0.104295,0.081615,0.18165,2.458974,60.256661,False
KVAL0010,142,5.001866,RShoulder,0.212542,0.092205,0.074535,0.1764,2.468574,73.065694,False
KVAL0010,143,5.035177,RShoulder,0.106188,0.00717,0.09375,0.04935,2.447649,36.397764,False
KVAL0010,144,5.068511,RShoulder,0.081451,0.00264,0.070875,0.04005,1.58962,32.615185,False
KVAL0010,145,5.101833,RShoulder,0.000225,-3e-05,0.000165,0.00015,0.920558,55.56036,False
KVAL0010,146,5.135177,RShoulder,0.020198,-0.0012,0.01773,0.0096,5.233588,105.860767,False
KVAL0010,147,5.1685,RShoulder,0.348689,0.0561,-0.308415,-0.1527,7.912999,128.134892,False
KVAL0010,148,5.201833,RShoulder,0.507953,0.123735,-0.4671,-0.1566,3.442312,232.761027,False
KVAL0010,149,5.235166,RShoulder,0.156311,0.06564,-0.14178,0.0048,7.604681,39.1426,False
KVAL0010,150,5.268511,RShoulder,0.001596,-0.00087,-0.00099,-0.0009,1.418801,138.425194,False
KVAL0010,151,5.301844,RShoulder,0.064268,0.035175,-0.0525,0.0117,1.697136,28.334632,False
KVAL0010,152,5.335177,RShoulder,0.113767,0.03963,-0.106635,-0.0012,1.525594,67.447436,False
KVAL0010,153,5.3685,RShoulder,0.087798,-0.04293,-0.0549,-0.0534,3.01829,41.791787,False
KVAL0010,154,5.401844,RShoulder,0.130449,-0.10641,0.010665,-0.0747,2.602125,81.358925,False
KVAL0010,155,5.435177,RShoulder,0.152523,-0.112725,0.100575,-0.021,4.3166,209.171719,False
KVAL0010,156,5.468511,RShoulder,0.366197,-0.157095,-0.201675,-0.2622,12.140395,339.608113,False
KVAL0010,157,5.501844,RShoulder,0.691218,0.64476,-0.091425,-0.23175,19.674572,280.616107,False
KVAL0010,158,5.535188,RShoulder,1.0443,0.99,0.31317,0.1113,8.891069,897.707392,True
KVAL0010,159,5.5685,RShoulder,0.584878,0.158115,-0.36894,-0.4254,41.083475,66.008905,True
KVAL0010,160,5.601833,RShoulder,1.951133,-0.767835,-1.285875,-1.25055,13.152309,1083.487579,False
KVAL0010,161,5.635166,RShoulder,1.200527,-0.564045,-0.719715,-0.7779,31.393161,539.203075,False
KVAL0010,162,5.6685,RShoulder,0.349437,0.29706,0.127275,-0.1329,23.296637,394.232886,False
KVAL0010,163,5.701844,RShoulder,0.471882,0.36492,0.293955,-0.05565,7.303037,372.186972,False
KVAL0010,164,5.735177,RShoulder,0.555713,0.215895,0.469995,0.20325,8.283004,127.346996,False
KVAL0010,165,5.7685,RShoulder,0.506633,-0.0441,0.407745,0.29745,5.346794,155.031045,False
KVAL0010,166,5.801844,RShoulder,0.482828,-0.11037,0.36285,0.2988,2.841761,129.976748,False
KVAL0010,167,5.835166,RShoulder,0.317822,-0.015885,0.254355,0.1899,5.1556,6.540363,False
KVAL0010,168,5.868511,RShoulder,0.166111,0.027975,0.148905,0.0681,2.939841,69.487387,False
KVAL0010,169,5.901844,RShoulder,0.125818,0.00516,0.112275,0.05655,1.44163,189.664117,False
KVAL0010,170,5.935177,RShoulder,0.084241,-0.010995,0.061875,0.0561,9.894421,155.84952,False
KVAL0010,171,5.968511,RShoulder,0.757768,-0.179835,0.381,0.62985,9.687602,318.173192,False
KVAL0010,172,6.001855,RShoulder,0.725667,-0.16815,0.363555,0.6051,11.348769,308.520614,False
KVAL0010,173,6.035177,RShoulder,0.002106,0.001095,0.001635,0.00075,10.884365,169.966134,False
KVAL0010,174,6.068522,RShoulder,0.000142,7.5e-05,0.00012,0.0,0.031588,133.913657,False
KVAL0010,175,6.101833,RShoulder,0.0,0.0,0.0,0.0,2.556983,49.549889,False
KVAL0010,176,6.135177,RShoulder,0.170353,-0.038505,-0.135675,-0.09555,3.330583,60.002262,False
KVAL0010,177,6.168511,RShoulder,0.222039,-0.01635,-0.172455,-0.1389,1.490652,73.243124,False
KVAL0010,178,6.201844,RShoulder,0.082097,0.00786,-0.055155,-0.0603,1.649199,37.561237,False
KVAL0010,179,6.235166,RShoulder,0.129663,-0.05094,-0.10179,-0.0621,1.212384,41.495346,False
KVAL0010,180,6.268511,RShoulder,0.161219,0.029475,-0.119655,-0.10395,1.935165,40.243978,False
KVAL0010,181,6.301833,RShoulder,0.122376,0.07077,-0.06213,-0.07815,1.538594,55.691757,False
KVAL0010,182,6.335166,RShoulder,0.07768,-0.013815,-0.072675,-0.0237,1.95791,17.61873,False
KVAL0010,183,6.368511,RShoulder,0.06751,-0.03327,-0.05874,0.0006,0.971515,47.429054,False
KVAL0010,184,6.401844,RShoulder,0.013821,-0.005715,-0.01254,-0.00105,2.149753,25.676165,False
KVAL0010,185,6.435166,RShoulder,0.079108,0.007455,0.0786,0.00495,2.594181,29.507575,False
KVAL0010,186,6.468511,RShoulder,0.159556,0.027675,0.157125,0.00195,4.110793,109.101954,False
KVAL0010,187,6.501844,RShoulder,0.352525,0.071655,0.34482,0.01545,9.424763,94.968996,False
KVAL0010,188,6.535177,RShoulder,0.771989,-0.06099,0.728895,0.2469,7.999566,232.996033,False
KVAL0010,189,6.5685,RShoulder,0.805766,-0.12195,0.71925,0.34215,6.128987,282.233638,False
KVAL0010,190,6.601844,RShoulder,0.369367,0.018675,0.347625,0.12345,10.975007,37.664813,False
KVAL0010,191,6.635177,RShoulder,0.097852,0.03729,0.09039,0.00375,7.711658,125.612619,False
KVAL0010,192,6.668511,RShoulder,0.147383,-0.01971,-0.124515,-0.07635,2.991517,164.305822,False
KVAL0010,193,6.701833,RShoulder,0.115821,-0.006195,-0.087135,-0.07605,3.303379,73.846737,False
KVAL0010,194,6.735177,RShoulder,0.087935,0.043515,0.07575,-0.01005,1.941425,72.590581,False
KVAL0010,195,6.768511,RShoulder,0.045897,0.03618,0.020985,-0.0189,1.573559,35.950238,False
KVAL0010,196,6.801855,RShoulder,0.03072,0.012255,-0.0243,-0.01425,0.791444,35.193531,False
KVAL0010,197,6.835166,RShoulder,0.013545,0.003375,-0.00894,0.0096,0.951021,7.947673,False
KVAL0010,198,6.8685,RShoulder,0.038593,0.012,0.021105,0.03,0.937585,18.990062,False
KVAL0010,199,6.901844,RShoulder,0.064565,-0.056235,-0.02454,0.0201,0.696543,58.228692,False
KVAL0010,200,6.935177,RShoulder,0.063525,0.025935,-0.014685,0.0561,2.977495,34.737139,False
KVAL0010,201,6.9685,RShoulder,0.145604,0.14217,-0.027705,0.01485,2.426447,72.077182,False
KVAL0010,202,7.001844,RShoulder,0.157751,0.07452,-0.13176,-0.0444,2.007939,109.268899,False
KVAL0010,203,7.035166,RShoulder,0.091438,0.026205,-0.085605,-0.0186,5.798548,128.804553,False
KVAL0010,204,7.068511,RShoulder,0.285913,-0.243405,0.069555,-0.1329,9.315444,230.689555,False
KVAL0010,205,7.101855,RShoulder,0.559235,-0.494685,0.186,0.18285,14.438077,,False
KVAL0010,206,7.135188,RShoulder,0.952932,-0.538455,0.067725,0.7833,,,False
KVAL0010,207,7.168522,RShoulder,,,,,,,False
KVAL0010,208,7.201866,RShoulder,,,,,,,False
KVAL0010,209,7.2352,RShoulder,,,,,,,False
KVAL0010,210,7.268511,RShoulder,,,,,,,False
KVAL0010,211,7.301844,RShoulder,,,,,,,False
KVAL0010,212,7.335188,RShoulder,,,,,,,False
KVAL0010,213,7.368522,RShoulder,0.37636,-0.28266,0.22914,-0.09615,,,False
KVAL0010,214,7.401855,RShoulder,0.796404,-0.656085,0.450345,-0.03165,3.440199,,False
KVAL0010,215,7.4352,RShoulder,0.214641,-0.199845,0.066,0.04215,7.626553,84.516826,False
KVAL0010,216,7.468533,RShoulder,0.288177,-0.23859,0.161595,-0.00285,2.433444,24.850565,False
KVAL0010,217,7.501833,RShoulder,0.318456,-0.224835,0.224685,0.0195,6.555821,109.627173,False
KVAL0010,218,7.535166,RShoulder,0.159021,0.157005,-0.02415,-0.00735,5.502718,130.193897,False
KVAL0010,219,7.568511,RShoulder,0.091975,0.08637,0.030855,0.0069,2.142842,107.952765,False
KVAL0010,220,7.601844,RShoulder,0.06565,0.036165,0.05097,-0.0201,1.969856,18.744562,False
KVAL0010,221,7.635177,RShoulder,0.10388,-0.011805,0.080085,-0.0651,1.07962,29.623541,False
KVAL0010,222,7.668522,RShoulder,0.080182,-0.032235,0.061725,-0.03975,1.277208,11.181377,False
KVAL0010,223,7.701844,RShoulder,0.112229,-0.08469,0.070215,-0.0222,0.837724,38.622392,False
KVAL0010,224,7.735177,RShoulder,0.095228,-0.082095,0.04059,-0.0261,1.56814,36.780561,False
KVAL0010,225,7.7685,RShoulder,0.032867,0.01011,0.03123,-0.00165,1.693517,21.882772,False
KVAL0010,226,7.801844,RShoulder,0.051743,0.03033,0.03879,-0.0159,0.842522,62.002285,False
KVAL0010,227,7.835177,RShoulder,0.033076,0.016305,-0.02196,-0.0186,2.657743,31.166442,False
KVAL0010,228,7.868522,RShoulder,0.131094,-0.113085,-0.06519,-0.01215,2.051626,66.386215,False
KVAL0010,229,7.901844,RShoulder,0.131168,-0.113745,-0.063975,-0.0132,1.827386,55.540225,False
KVAL0010,230,7.935177,RShoulder,0.059399,-0.024345,0.0072,-0.0537,2.041879,27.931096,False
KVAL0010,231,7.968511,RShoulder,0.119456,-0.050985,0.01164,-0.1074,0.069398,34.545175,False
KVAL0010,232,8.001844,RShoulder,0.063203,-0.02739,0.00543,-0.0567,0.841974,10.152196,False
KVAL0010,233,8.035166,RShoulder,0.103663,-0.05718,0.05211,-0.069,0.662716,29.112016,False
KVAL0010,234,8.0685,RShoulder,0.085126,-0.04059,0.04758,-0.05775,1.837781,24.590048,False
KVAL0010,235,8.101833,RShoulder,0.02433,0.02034,0.00396,0.01275,1.191049,38.229381,False
KVAL0010,236,8.135166,RShoulder,0.020202,-0.011115,0.014715,0.00825,0.794914,23.643147,False
KVAL0010,237,8.168511,RShoulder,0.033594,-0.029565,0.015945,-0.00045,0.395536,17.851291,False
KVAL0010,238,8.201844,RShoulder,0.038884,-0.02079,0.03138,-0.00975,0.472614,75.762079,False
KVAL0010,239,8.235166,RShoulder,0.029428,-0.00108,0.02937,-0.0015,5.36368,122.032975,False
KVAL0010,240,8.2685,RShoulder,0.392541,-0.319905,0.192225,-0.12165,7.826063,104.655362,False
KVAL0010,241,8.301833,RShoulder,0.534582,-0.464715,0.22125,-0.14445,1.983405,202.798402,False
KVAL0010,242,8.335177,RShoulder,0.302712,-0.283185,0.101985,-0.03225,5.708769,56.983928,False
KVAL0010,243,8.3685,RShoulder,0.158457,-0.143325,0.066555,-0.0117,4.538094,49.968036,False
KVAL0010,244,8.401833,RShoulder,0.000374,-7.5e-05,0.00021,-0.0003,2.738607,63.672995,False
KVAL0010,245,8.435166,RShoulder,0.047523,0.03549,0.031605,0.0,0.721184,61.417686,False
KVAL0010,246,8.4685,RShoulder,0.048161,0.0357,0.032325,0.0003,2.386994,39.373697,False
KVAL0010,247,8.501844,RShoulder,0.123522,-0.02796,-0.092115,-0.0774,2.050324,82.781149,False
KVAL0010,248,8.535177,RShoulder,0.106858,-0.043665,-0.027405,-0.0936,3.274445,61.760463,False
KVAL0010,249,8.568511,RShoulder,0.120331,-0.01815,0.11763,-0.0177,2.192186,53.622937,False
KVAL0010,250,8.601844,RShoulder,0.088469,-0.003375,0.08748,-0.01275,0.430651,33.830265,False
KVAL0010,251,8.635177,RShoulder,0.100179,0.002355,0.09786,-0.0213,0.186441,10.053702,False
KVAL0010,252,8.668511,RShoulder,0.081908,0.006675,0.080355,-0.0144,0.623535,9.611458,False
KVAL0010,253,8.701833,RShoulder,0.074532,-0.001695,0.073515,0.01215,0.61323,9.218537,False
KVAL0010,254,8.735166,RShoulder,0.058805,-0.005325,0.056235,0.01635,0.75437,9.678496,False
KVAL0010,255,8.7685,RShoulder,0.027952,0.00288,0.023505,0.01485,0.555754,61.271667,False
KVAL0010,256,8.801833,RShoulder,0.02237,6e-05,0.020205,0.0096,3.440129,58.426968,False
KVAL0010,257,8.835166,RShoulder,0.240031,-0.08349,0.19944,-0.10425,3.456408,86.86031,False
KVAL0010,258,8.868511,RShoulder,0.243185,-0.076695,0.208815,-0.09825,2.436108,77.22774,False
KVAL0010,259,8.901844,RShoulder,0.114302,-0.0537,0.09894,0.0198,1.832881,50.057026,False
KVAL0010,260,8.935177,RShoulder,0.148355,-0.090735,0.11556,-0.02055,1.740657,55.448914,False
KVAL0010,261,8.9685,RShoulder,0.090154,-0.03498,0.03513,-0.0753,2.245733,167.639441,False
KVAL0010,262,9.001844,RShoulder,0.290438,-0.131385,0.258945,-0.0063,10.014342,23.573454,False
KVAL0010,263,9.035177,RShoulder,0.713993,-0.36444,0.613515,-0.02385,2.361392,301.97873,False
KVAL0010,264,9.068522,RShoulder,0.436714,-0.24846,0.356085,-0.0468,10.163643,120.15307,False
KVAL0010,265,9.101833,RShoulder,0.046348,-0.038775,0.020595,0.01485,5.734046,186.624887,False
KVAL0010,266,9.135177,RShoulder,0.058699,-0.024315,0.04719,-0.02505,2.287639,140.221381,False
KVAL0010,267,9.168511,RShoulder,0.188298,-0.09825,0.16059,0.00375,3.654085,48.837486,False
KVAL0010,268,9.201855,RShoulder,0.293924,-0.176655,0.234855,0.00525,1.074345,105.820947,False
KVAL0010,269,9.235166,RShoulder,0.132155,-0.086955,0.096195,-0.0255,3.486042,12.867804,False
KVAL0010,270,9.268511,RShoulder,0.080144,-0.048825,0.04488,0.045,1.407917,40.527877,False
KVAL0010,271,9.301844,RShoulder,0.059606,-0.058695,0.009045,-0.0051,1.472494,20.830518,False
KVAL0010,272,9.335188,RShoulder,0.032128,-0.013695,-0.025815,-0.01335,1.478226,19.019591,False
KVAL0010,273,9.3685,RShoulder,0.040922,0.03609,-0.017835,-0.00735,0.495896,34.366564,False
KVAL0010,274,9.401844,RShoulder,0.040482,0.015555,-0.024,-0.02865,0.833984,29.219191,False
KVAL0010,275,9.435177,RShoulder,0.017617,-0.01473,-0.002625,0.0093,1.547206,9.417767,False
KVAL0010,276,9.468511,RShoulder,0.066248,-0.04974,0.038055,0.0216,1.112859,41.302075,False
KVAL0010,277,9.501844,RShoulder,0.084624,-0.0783,0.03063,-0.0096,1.280515,45.125494,False
KVAL0010,278,9.535177,RShoulder,0.052297,-0.02916,-0.01779,-0.0396,2.304888,8.230545,False
KVAL0010,279,9.5685,RShoulder,0.12811,-0.01278,-0.06723,-0.1083,0.838737,67.812669,False
KVAL0010,280,9.601844,RShoulder,0.096542,-0.01017,-0.039615,-0.08745,2.416224,34.229696,False
KVAL0010,281,9.635177,RShoulder,0.034416,0.00699,0.02574,0.02175,1.525754,45.316883,False
KVAL0010,282,9.668522,RShoulder,0.012612,0.01053,0.006915,0.0006,0.608763,24.33288,False
KVAL0010,283,9.701844,RShoulder,0.010388,0.00537,-0.00087,-0.00885,0.1898,10.85031,False
KVAL0010,284,9.735177,RShoulder,4.2e-05,-3e-05,-3e-05,0.0,0.155824,8.596185,False
KVAL0010,285,9.768511,RShoulder,0.0,0.0,0.0,0.0,0.546199,9.812616,False
KVAL0010,286,9.801844,RShoulder,0.036416,-0.00276,-0.000915,0.0363,0.579882,39.926224,False
KVAL0010,287,9.835166,RShoulder,0.038659,0.033675,0.018915,0.00165,2.164437,9.123097,False
KVAL0010,288,9.868511,RShoulder,0.11314,0.071595,0.01449,-0.0864,0.691425,57.822788,False
KVAL0010,289,9.901833,RShoulder,0.074796,0.05286,0.040125,-0.0345,1.745151,14.711008,False
KVAL0010,290,9.935177,RShoulder,0.046888,0.01926,0.040305,0.01425,0.500719,26.095571,False
KVAL0010,291,9.968511,RShoulder,0.06117,0.041475,0.010155,-0.0438,0.629283,30.039985,False
KVAL0010,292,10.001844,RShoulder,0.088709,0.0405,0.07464,0.02565,1.772762,66.451859,False
KVAL0010,293,10.035166,RShoulder,0.074066,0.00051,0.038205,0.06345,4.005379,87.015126,False
KVAL0010,294,10.068511,RShoulder,0.2187,0.054285,-0.06465,-0.20175,4.042346,126.150188,False
KVAL0010,295,10.101833,RShoulder,0.201368,0.054825,-0.031095,-0.19125,4.487448,145.560784,False
KVAL0010,296,10.135177,RShoulder,0.08178,-0.02442,0.038925,0.06765,5.673853,59.24428,False
KVAL0010,297,10.168511,RShoulder,0.18155,-0.054285,0.080985,0.15315,0.839631,96.668781,False
KVAL0010,298,10.201844,RShoulder,0.130429,-0.026775,0.089925,0.0906,1.497419,8.0541,False
KVAL0010,299,10.235177,RShoulder,0.182715,-0.04926,0.153945,0.0852,0.599631,51.592497,False
KVAL0010,300,10.268511,RShoulder,0.162137,-0.052065,0.120555,0.0951,2.662613,23.779543,False
KVAL0010,301,10.301855,RShoulder,0.007789,-0.00012,0.0021,0.0075,1.686989,151.426195,False
KVAL0010,302,10.335188,RShoulder,0.2357,-0.130035,0.0951,0.17205,7.744459,38.080977,False
KVAL0010,303,10.368522,RShoulder,0.522445,-0.297315,0.236025,0.35895,3.332156,185.75124,False
KVAL0010,304,10.401866,RShoulder,0.453944,-0.26658,0.22236,0.2925,4.641852,215.336417,False
KVAL0010,305,10.4352,RShoulder,0.213468,-0.12834,0.099435,0.1386,11.158764,116.315078,False
KVAL0010,306,10.4685,RShoulder,0.319757,0.02475,-0.155055,-0.27855,11.591294,195.186245,False
KVAL0010,307,10.501844,RShoulder,0.601125,-0.04593,-0.26982,-0.5352,2.685179,271.251152,False
KVAL0010,308,10.535166,RShoulder,0.309033,-0.145755,-0.10866,-0.2499,6.991886,337.482573,False
KVAL0010,309,10.5685,RShoulder,0.322686,-0.11322,0.114225,-0.27975,23.912967,578.268564,False
KVAL0010,310,10.601833,RShoulder,1.420399,-0.7503,0.279825,1.17315,42.407803,453.748349,False
KVAL0010,311,10.635166,RShoulder,2.668246,-1.553415,0.340155,2.1426,7.929298,839.751181,False
KVAL0010,312,10.6685,RShoulder,1.172138,-0.92685,0.0921,0.7116,43.208304,780.409214,False
KVAL0010,313,10.701833,RShoulder,4.078519,-1.373685,-2.40615,2.99295,49.346347,1486.515365,True
KVAL0010,314,10.735166,RShoulder,3.915998,-1.229565,-2.394225,2.84445,63.435928,1627.213055,True
KVAL0010,315,10.7685,RShoulder,0.302211,0.229815,-0.1002,-0.16875,60.567153,964.934681,True
KVAL0010,316,10.801833,RShoulder,0.232965,0.21783,-0.01692,-0.08085,2.890764,931.141015,True
KVAL0010,317,10.835177,RShoulder,0.126427,0.08244,0.00033,-0.09585,3.226262,27.075647,True
KVAL0010,318,10.8685,RShoulder,0.038206,0.007965,0.001125,-0.03735,1.813591,45.652784,True
KVAL0010,319,10.901833,RShoulder,0.006726,0.00105,0.00159,-0.00645,0.573096,25.99051,True
KVAL0010,320,10.935177,RShoulder,0.0,0.0,0.0,0.0,0.100883,31.795793,True
KVAL0010,321,10.968511,RShoulder,0.0,0.0,0.0,0.0,1.839184,28.440935,True
KVAL0010,322,11.001833,RShoulder,0.122612,-0.04698,0.099795,-0.05355,1.838765,57.702135,True
KVAL0010,323,11.035177,RShoulder,0.122584,-0.047025,0.0999,-0.05325,2.047914,60.380154,True
KVAL0010,324,11.068511,RShoulder,0.03973,-0.00522,0.00807,0.03855,2.288022,29.46861,True
KVAL0010,325,11.101844,RShoulder,0.06762,-0.008805,0.0126,0.06585,0.144276,41.667265,True
KVAL0010,326,11.135166,RShoulder,0.049095,-0.004095,0.009465,0.048,0.702863,13.172137,True
KVAL0010,327,11.1685,RShoulder,0.020969,-0.000465,0.00483,0.0204,0.736431,5.945119,True
KVAL0010,328,11.201833,RShoulder,0.0,0.0,0.0,0.0,0.314537,11.046458,True
KVAL0010,329,11.235166,RShoulder,0.0,0.0,0.0,0.0,0.0,4.718058,False
KVAL0010,330,11.2685,RShoulder,0.0,0.0,0.0,0.0,0.0,0.0,True
KVAL0010,331,11.301833,RShoulder,0.0,0.0,0.0,0.0,0.0,0.0,True
KVAL0010,332,11.335166,RShoulder,0.0,0.0,0.0,0.0,0.0,20.048707,False
KVAL0010,333,11.368511,RShoulder,0.0,0.0,0.0,0.0,1.33658,86.596715,False
KVAL0010,334,11.401833,RShoulder,0.089105,-0.07437,-0.04908,-0.00015,5.773114,68.164935,False
KVAL0010,335,11.435177,RShoulder,0.384874,-0.299895,0.019365,-0.24045,4.622169,138.573089,False
KVAL0010,336,11.468511,RShoulder,0.337644,-0.226035,0.06828,-0.24135,5.782007,94.275578,False
KVAL0010,337,11.501855,RShoulder,0.462728,0.010365,0.11574,-0.4479,7.680075,113.712291,False
KVAL0010,338,11.535166,RShoulder,0.71992,-0.021255,0.160845,-0.7014,3.56708,205.610922,False
KVAL0010,339,11.568511,RShoulder,0.633023,-0.177675,0.16674,-0.58425,6.053541,189.401281,False
KVAL0010,340,11.601833,RShoulder,0.375408,-0.150915,0.12255,-0.32115,9.588961,65.044718,False
KVAL0010,341,11.635166,RShoulder,0.010123,-0.00537,0.000735,0.00855,3.936501,173.133058,False
KVAL0010,342,11.668511,RShoulder,0.118237,-0.035475,0.064035,-0.09285,2.036306,37.742413,False
KVAL0010,343,11.701844,RShoulder,0.131386,-0.04701,0.07368,-0.0981,1.582692,60.001532,False
KVAL0010,344,11.735166,RShoulder,0.016018,-0.01101,0.010305,-0.0054,1.966288,70.323157,False
KVAL0010,345,11.768511,RShoulder,0.000868,0.000525,0.000675,-0.00015,3.155639,78.640832,False
KVAL0010,346,11.801833,RShoulder,0.222291,-0.09261,0.06303,-0.192,3.334394,97.296664,False
KVAL0010,347,11.835177,RShoulder,0.222394,-0.092565,0.063,-0.19215,3.332834,100.055688,False
KVAL0010,348,11.868511,RShoulder,0.000159,4.5e-05,-3e-05,-0.00015,3.335997,49.968112,False
KVAL0010,349,11.901844,RShoulder,1.5e-05,1.5e-05,0.0,0.0,0.002338,50.041364,False
KVAL0010,350,11.935177,RShoulder,1.5e-05,1.5e-05,0.0,0.0,0.000225,0.034583,False
KVAL0010,351,11.968522,RShoulder,0.0,0.0,0.0,0.0,0.000225,0.003375,False
KVAL0010,352,12.001833,RShoulder,0.0,0.0,0.0,0.0,0.0,0.003375,False
KVAL0010,353,12.035166,RShoulder,0.0,0.0,0.0,0.0,0.0,0.0,False
KVAL0010,354,12.068511,RShoulder,0.0,0.0,0.0,0.0,0.0,0.0,False
KVAL0010,355,12.101844,RShoulder,0.0,0.0,0.0,0.0,0.0,21.782092,False
KVAL0010,356,12.135166,RShoulder,0.0,0.0,0.0,0.0,1.452139,21.802174,False
KVAL0010,357,12.168511,RShoulder,0.096809,-0.042045,-0.044235,-0.07515,1.453478,43.544153,False
KVAL0010,358,12.201833,RShoulder,0.096899,-0.042045,-0.04443,-0.07515,1.450805,43.604349,False
KVAL0010,359,12.235177,RShoulder,0.000195,0.0,-0.000195,0.0,1.453478,21.742136,False
KVAL0010,360,12.2685,RShoulder,0.0,0.0,0.0,0.0,0.002925,26.239132,False
KVAL0010,361,12.301844,RShoulder,0.0,0.0,0.0,0.0,0.359161,6.631576,False
KVAL0010,362,12.335177,RShoulder,0.023944,-0.00204,-0.021495,-0.01035,0.439456,9.429408,False
KVAL0010,363,12.368522,RShoulder,0.029297,-0.00669,-0.02652,-0.0105,0.274509,3.140849,False
KVAL0010,364,12.401833,RShoulder,0.007755,-0.004755,-0.00606,-0.0009,0.617437,21.437028,False
KVAL0010,365,12.435166,RShoulder,0.070075,-0.00822,-0.065955,-0.0222,1.17331,25.697137,False
KVAL0010,366,12.4685,RShoulder,0.084588,-0.006735,-0.083055,-0.01455,1.343109,55.58466,False
KVAL0010,367,12.501833,RShoulder,0.089644,-0.04191,-0.005535,-0.07905,3.105159,31.580533,False
KVAL0010,368,12.535166,RShoulder,0.194115,-0.08658,0.0252,-0.1719,3.225687,24.984986,False
KVAL0010,0,0.0,RElbow,0.066127,-0.05799,-0.03171,-0.0021,0.287727,814.354888,True
KVAL0010,1,0.301866,RElbow,0.075592,-0.06576,-0.03726,-0.0012,27.407696,789.506175,True
KVAL0010,2,0.335166,RElbow,1.883271,-1.30008,-1.032,0.88965,52.759405,826.955828,True
KVAL0010,3,0.368511,RElbow,3.544579,-1.363035,-0.361485,3.252,38.138046,1587.021758,True
KVAL0010,4,0.401833,RElbow,2.460468,-0.09984,0.650205,2.3709,53.047906,1043.013233,True
KVAL0010,5,0.435166,RElbow,0.008918,-0.00012,0.001095,0.00885,36.904848,802.291426,True
KVAL0010,6,0.468511,RElbow,0.00015,0.0,0.0,0.00015,0.469443,562.719531,True
KVAL0010,7,0.501844,RElbow,0.040194,-0.00276,0.00399,0.0399,0.618664,15.611752,True
KVAL0010,8,0.535166,RElbow,0.041393,-0.00279,0.00405,0.0411,0.571392,77.828402,True
KVAL0010,9,0.568511,RElbow,0.002108,-0.00018,4.5e-05,0.0021,5.700339,100.597516,True
KVAL0010,10,0.601833,RElbow,0.415562,-0.22356,-0.00615,0.35025,6.204042,178.772458,True
KVAL0010,11,0.635177,RElbow,0.415465,-0.22431,-0.006435,0.34965,6.222319,186.540208,True
KVAL0010,12,0.6685,RElbow,0.000995,-0.0009,-0.0003,0.0003,6.231981,98.202177,True
KVAL0010,13,0.701844,RElbow,0.0,0.0,0.0,0.0,0.536024,105.800448,True
KVAL0010,14,0.735166,RElbow,0.036706,-0.03435,-0.01251,0.0033,1.647772,5.554483,True
KVAL0010,15,0.768511,RElbow,0.109851,-0.10338,-0.03405,-0.01485,0.62648,49.43317,True
KVAL0010,16,0.801844,RElbow,0.074556,-0.06903,-0.02154,-0.01815,1.647772,25.907701,True
KVAL0010,17,0.835177,RElbow,0.0,0.0,0.0,0.0,1.118334,24.716585,True
KVAL0010,18,0.868511,RElbow,0.0,0.0,0.0,0.0,0.0,16.778131,True
KVAL0010,19,0.901855,RElbow,0.0,0.0,0.0,0.0,0.000225,0.039359,True
KVAL0010,20,0.935177,RElbow,1.5e-05,-1.5e-05,0.0,0.0,0.002624,0.031116,True
KVAL0010,21,0.968522,RElbow,0.000175,-0.00015,9e-05,0.0,0.00225,0.075844,True
KVAL0010,22,1.001833,RElbow,0.000162,-0.000135,9e-05,0.0,0.002434,0.0675,True
KVAL0010,23,1.035177,RElbow,1.5e-05,-1.5e-05,0.0,0.0,0.00225,0.03375,True
KVAL0010,24,1.068511,RElbow,1.5e-05,-1.5e-05,0.0,0.0,0.000225,0.031116,True
KVAL0010,25,1.101844,RElbow,0.0,0.0,0.0,0.0,0.000225,24.546309,True
KVAL0010,26,1.135188,RElbow,0.0,0.0,0.0,0.0,1.636223,24.571636,True
KVAL0010,27,1.168522,RElbow,0.109082,-0.095715,-0.046335,-0.0243,1.637912,49.054032,True
KVAL0010,28,1.201855,RElbow,0.109194,-0.095865,-0.04629,-0.0243,1.634046,49.12999,True
KVAL0010,29,1.2352,RElbow,0.000182,-0.00018,3e-05,0.0,1.637421,24.478058,True
KVAL0010,30,1.268533,RElbow,3.4e-05,-3e-05,-1.5e-05,0.0,0.002737,31.181985,True
KVAL0010,31,1.301844,RElbow,0.0,0.0,0.0,0.0,2.35287,35.852803,True
KVAL0010,32,1.335177,RElbow,0.156847,0.07155,-0.03246,0.13575,2.39152,157.663865,True
KVAL0010,33,1.368511,RElbow,0.159435,0.073335,-0.032865,0.1377,8.534059,133.53299,False
KVAL0010,34,1.401855,RElbow,0.453426,-0.367035,-0.181905,-0.1944,7.604074,293.687494,False
KVAL0010,35,1.435166,RElbow,0.461078,-0.421245,0.072705,0.1728,11.649972,222.280357,False
KVAL0010,36,1.4685,RElbow,0.44865,-0.052155,0.25245,0.3672,8.052564,288.637344,False
KVAL0010,37,1.501844,RElbow,0.186069,-0.027765,-0.00561,-0.1839,8.919836,154.095662,False
KVAL0010,38,1.535177,RElbow,0.305874,-0.025215,0.205665,-0.225,3.537201,111.277406,True
KVAL0010,39,1.568511,RElbow,0.143152,0.005835,0.14298,-0.0039,4.941958,182.357842,False
KVAL0010,40,1.601855,RElbow,0.617938,0.093285,0.441705,-0.42195,11.138528,172.155844,False
KVAL0010,41,1.635177,RElbow,0.845111,0.12765,0.62052,-0.55935,6.694194,356.238253,False
KVAL0010,42,1.668522,RElbow,0.181287,0.06894,0.136725,-0.09705,12.656763,103.302978,False
KVAL0010,43,1.701833,RElbow,0.067916,0.06078,0.01614,0.02565,0.402558,237.09404,False
KVAL0010,44,1.735177,RElbow,0.193101,0.078555,0.128595,-0.12075,3.204545,55.481999,False
KVAL0010,45,1.768511,RElbow,0.210914,0.052725,0.141915,-0.14685,3.479531,95.590979,False
KVAL0010,46,1.801844,RElbow,0.039785,-0.008025,-0.025575,0.0294,3.248481,102.414374,False
KVAL0010,47,1.835166,RElbow,0.017699,0.008535,-0.014925,-0.0042,3.394693,81.339901,False
KVAL0010,48,1.868511,RElbow,0.187729,0.071745,0.08505,-0.1512,2.202333,93.054742,False
KVAL0010,49,1.901833,RElbow,0.145067,0.0516,0.069015,-0.1167,2.810569,65.554396,False
KVAL0010,50,1.935177,RElbow,0.000861,-0.000195,-0.000375,-0.00075,2.175929,42.080025,False
KVAL0010,51,1.9685,RElbow,1.5e-05,1.5e-05,0.0,0.0,0.012966,32.637741,False
KVAL0010,52,2.001833,RElbow,1.5e-05,1.5e-05,0.0,0.0,0.000225,194.66062,False
KVAL0010,53,2.035177,RElbow,0.0,0.0,0.0,0.0,12.966754,330.745644,False
KVAL0010,54,2.068511,RElbow,0.864454,0.213825,-0.08517,-0.83325,22.049654,158.930084,False
KVAL0010,55,2.101833,RElbow,1.469977,0.366465,-0.26622,-1.39845,5.224411,1557.40926,False
KVAL0010,56,2.135177,RElbow,1.11276,0.2478,-0.37956,-1.01625,118.00533,1588.937751,False
KVAL0010,57,2.168511,RElbow,8.954896,-2.290995,-5.191185,-6.927705,110.6792,6106.007194,False
KVAL0010,58,2.201855,RElbow,8.316793,-1.471515,-5.30991,-6.22965,298.433544,,True
KVAL0010,59,2.235177,RElbow,11.949007,-3.948615,4.729635,10.238055,,,True
KVAL0010,60,2.268511,RElbow,,,,,,,False
KVAL0010,61,2.301833,RElbow,,,,,,,False
KVAL0010,62,2.335177,RElbow,,,,,,,False
KVAL0010,63,2.3685,RElbow,,,,,,,False
KVAL0010,64,2.401833,RElbow,,,,,,,False
KVAL0010,65,2.435166,RElbow,,,,,,,False
KVAL0010,66,2.4685,RElbow,0.373937,0.2592,0.01515,0.2691,,,False
KVAL0010,67,2.501844,RElbow,0.367057,0.259305,0.02325,0.25875,2.186703,,False
KVAL0010,68,2.535188,RElbow,0.231143,0.17436,0.018585,0.1506,3.25591,8.283023,False
KVAL0010,69,2.5685,RElbow,0.150577,0.112695,0.004815,0.09975,2.284271,32.39585,False
KVAL0010,70,2.601844,RElbow,0.07939,0.06345,0.00123,0.0477,1.128698,6.116302,False
KVAL0010,71,2.635177,RElbow,0.081409,0.073065,0.001935,0.03585,2.671525,24.950331,False
KVAL0010,72,2.668511,RElbow,0.100393,-0.0621,-0.01272,-0.07785,2.666579,326.331346,False
KVAL0010,73,2.701833,RElbow,0.099376,-0.067965,-0.012585,-0.0714,19.187986,436.70449,False
KVAL0010,74,2.735166,RElbow,1.183686,0.84144,0.448005,0.7017,26.553568,411.849163,False
KVAL0010,75,2.7685,RElbow,1.674616,1.18818,0.63501,0.99465,8.284912,710.907964,False
KVAL0010,76,2.801844,RElbow,0.636479,0.46635,0.273915,0.33555,20.854231,333.799814,False
KVAL0010,77,2.835166,RElbow,0.300321,0.223665,0.168345,0.10875,14.685645,640.74786,False
KVAL0010,78,2.8685,RElbow,1.56726,0.78675,0.951945,0.96495,22.921373,454.017303,False
KVAL0010,79,2.901844,RElbow,1.804653,0.85302,1.19217,1.05255,15.942881,651.484126,False
KVAL0010,80,2.935177,RElbow,0.557375,0.245205,0.46194,0.19275,20.612065,212.797685,False
KVAL0010,81,2.968511,RElbow,0.472395,0.180045,0.412785,0.14265,1.953695,323.594466,False
KVAL0010,82,3.001855,RElbow,0.432512,0.162585,0.37443,0.14295,1.460553,69.19564,False
KVAL0010,83,3.035177,RElbow,0.55797,0.165615,0.505845,0.1674,2.959422,107.661487,False
KVAL0010,84,3.068522,RElbow,0.619523,0.168705,0.567855,0.18135,5.847643,230.037957,False
KVAL0010,85,3.101844,RElbow,0.168634,0.04308,0.15717,0.04335,12.482217,44.21101,False
KVAL0010,86,3.135177,RElbow,0.216537,-0.092865,-0.193275,-0.03015,7.966832,199.570537,False
KVAL0010,87,3.1685,RElbow,0.371526,-0.17502,-0.32676,0.02505,1.810054,149.569755,False
KVAL0010,88,3.201844,RElbow,0.218395,-0.11208,-0.166575,0.08595,2.369634,56.513299,False
KVAL0010,89,3.235166,RElbow,0.271919,-0.208545,-0.172395,0.027,2.215065,58.335918,False
KVAL0010,90,3.2685,RElbow,0.241741,-0.181635,-0.153435,-0.04365,4.226469,77.7294,False
KVAL0010,91,3.301833,RElbow,0.043368,0.006765,-0.0045,-0.0426,3.815724,66.554009,False
KVAL0010,92,3.335177,RElbow,0.01529,0.01314,0.005655,-0.0054,0.675669,48.871785,False
KVAL0010,93,3.3685,RElbow,0.003298,0.00225,0.001605,0.0018,0.584438,38.946614,False
KVAL0010,94,3.401844,RElbow,0.050326,0.038775,0.030315,0.0105,2.319108,32.999838,False
KVAL0010,95,3.435177,RElbow,0.156763,0.143415,0.05196,-0.03615,2.385531,33.942069,False
KVAL0010,96,3.468522,RElbow,0.194208,0.17937,0.039195,-0.0633,0.27183,60.43171,False
KVAL0010,97,3.501844,RElbow,0.162339,0.152595,0.03714,-0.0411,1.656207,37.975441,False
KVAL0010,98,3.535188,RElbow,0.08403,0.078225,0.01968,-0.02355,2.420994,19.987858,False
KVAL0010,99,3.5685,RElbow,0.001401,0.001095,0.00045,0.00075,0.362887,518.019279,False
KVAL0010,100,3.601844,RElbow,0.064113,0.05994,0.021375,-0.0078,34.119352,1009.718758,False
KVAL0010,101,3.635177,RElbow,2.275077,1.029735,-1.792545,0.94995,67.269888,591.459473,False
KVAL0010,102,3.668511,RElbow,4.480783,1.359255,-4.12113,1.1163,26.991427,2259.146462,True
KVAL0010,103,3.701844,RElbow,3.148248,0.335655,-3.130125,-0.03345,83.953276,1444.354121,True
KVAL0010,104,3.735177,RElbow,1.435349,-0.35922,0.66579,-1.2198,78.211502,1373.90047,True
KVAL0010,105,3.768522,RElbow,2.262108,-0.091245,1.94466,-1.152,18.161363,1486.544965,False
KVAL0010,106,3.801855,RElbow,1.01242,0.344115,0.914205,-0.2661,22.824606,325.032644,False
KVAL0010,107,3.835188,RElbow,0.831681,0.189765,0.78147,-0.2121,6.810378,333.055317,False
KVAL0010,108,3.868533,RElbow,0.625375,0.029685,0.601065,-0.1701,4.525147,64.664996,False
KVAL0010,109,3.901866,RElbow,0.65903,-0.06141,0.615165,-0.2283,3.547929,109.681169,False
KVAL0010,110,3.935177,RElbow,0.393524,-0.014745,0.373665,-0.12255,7.544383,17.024892,False
KVAL0010,111,3.968511,RElbow,0.162129,0.018075,0.156765,-0.0372,3.62215,91.552811,False
KVAL0010,112,4.001833,RElbow,0.15368,0.01173,0.14532,-0.0486,1.444636,38.621416,False
KVAL0010,113,4.035177,RElbow,0.078983,0.03306,0.07155,0.0051,1.485087,18.979857,False
KVAL0010,114,4.0685,RElbow,0.102877,0.04647,0.088425,0.0246,0.199241,24.83014,False
KVAL0010,115,4.101844,RElbow,0.068895,0.029865,0.060855,0.0123,0.464003,6.915411,False
KVAL0010,116,4.135177,RElbow,0.075826,0.0327,0.068175,0.0057,0.263882,25.254555,False
KVAL0010,117,4.168511,RElbow,0.084168,0.03573,0.076005,0.00555,1.253703,33.680328,False
KVAL0010,118,4.201833,RElbow,0.158968,0.06936,0.140985,0.02415,2.43797,6.003663,False
KVAL0010,119,4.235177,RElbow,0.244969,0.10752,0.213,0.0555,0.907862,47.258293,False
KVAL0010,120,4.2685,RElbow,0.218064,0.099675,0.18822,0.0468,0.728822,26.313142,False
KVAL0010,121,4.301844,RElbow,0.198998,0.095295,0.171465,0.03345,0.852386,12.221158,False
KVAL0010,122,4.335177,RElbow,0.161272,0.072375,0.14004,0.03405,1.285213,3.295018,False
KVAL0010,123,4.368511,RElbow,0.12021,0.03357,0.112575,0.0255,0.909783,25.093855,False
KVAL0010,124,4.401844,RElbow,0.103645,0.036285,0.091305,0.033,0.782798,9.062079,False
KVAL0010,125,4.435177,RElbow,0.127625,0.06948,0.0909,0.05655,0.549346,34.522228,False
KVAL0010,126,4.4685,RElbow,0.074283,0.03858,0.054765,0.0321,1.913099,273.555744,False
KVAL0010,127,4.501844,RElbow,0.000151,1.5e-05,1.5e-05,0.00015,18.697311,261.833967,False
KVAL0010,128,4.535177,RElbow,1.206557,-0.22875,-1.027935,0.5889,18.350334,717.903189,False
KVAL0010,129,4.568511,RElbow,1.223411,-0.247335,-1.04613,0.5841,32.692516,741.248973,True
KVAL0010,130,4.601833,RElbow,1.507513,-0.425745,-0.226485,-1.4283,33.261362,847.147554,True
KVAL0010,131,4.635177,RElbow,1.404775,-0.459105,0.059535,-1.3263,27.656108,868.284006,True
KVAL0010,132,4.6685,RElbow,0.43811,0.08772,0.352275,0.24525,27.975461,304.461967,False
KVAL0010,133,4.701833,RElbow,0.519656,0.317565,0.19119,0.3642,9.058144,315.67463,False
KVAL0010,134,4.735166,RElbow,0.905196,0.437805,0.29763,0.73425,7.239232,250.704124,False
KVAL0010,135,4.768511,RElbow,0.970978,0.420495,0.29385,0.8244,8.090203,230.064274,False
KVAL0010,136,4.801844,RElbow,0.36696,0.16407,0.10818,0.3099,8.296387,165.697063,False
KVAL0010,137,4.835177,RElbow,0.420211,0.15438,0.11748,0.37275,3.211064,70.459041,False
KVAL0010,138,4.868522,RElbow,0.570277,0.177795,0.181785,0.51045,3.739679,165.325967,False
KVAL0010,139,4.901855,RElbow,0.180303,0.040605,0.086055,0.15315,7.873922,57.390001,False
KVAL0010,140,4.935188,RElbow,0.056815,0.02769,0.041325,0.02745,0.349615,146.168224,False
KVAL0010,141,4.968533,RElbow,0.186102,0.06003,0.09729,0.14685,1.896028,26.631155,False
KVAL0010,142,5.001866,RElbow,0.175595,0.048765,0.09237,0.14115,1.626644,53.128191,False
KVAL0010,143,5.035177,RElbow,0.092365,0.002535,0.07131,0.05865,1.681876,17.34198,False
KVAL0010,144,5.068511,RElbow,0.071079,-0.00021,0.051585,0.0489,1.382328,16.134716,False
KVAL0010,145,5.101833,RElbow,0.000214,-3e-05,0.00015,0.00015,0.804749,45.650794,False
KVAL0010,146,5.135177,RElbow,0.017822,-0.00132,0.01476,0.0099,4.307153,98.70356,False
KVAL0010,147,5.1685,RElbow,0.286941,-0.020685,-0.14676,-0.2457,7.373879,90.563184,False
KVAL0010,148,5.201833,RElbow,0.475166,-0.0108,-0.26262,-0.39585,1.759928,217.236149,False
KVAL0010,149,5.235166,RElbow,0.17422,0.007875,-0.10182,-0.14115,7.10891,18.729522,False
KVAL0010,150,5.268511,RElbow,0.001458,-0.000765,-0.000855,-0.0009,0.533296,161.629456,False
KVAL0010,151,5.301844,RElbow,0.145559,0.01815,-0.09639,-0.10755,3.721124,7.104475,False
KVAL0010,152,5.335177,RElbow,0.249219,0.02847,-0.16791,-0.18195,0.760409,116.566544,False
KVAL0010,153,5.3685,RElbow,0.094974,0.01152,-0.064875,-0.0684,4.050953,38.358811,False
KVAL0010,154,5.401844,RElbow,0.022085,0.004965,0.015855,0.01455,3.289124,131.84806,False
KVAL0010,155,5.435177,RElbow,0.128468,0.03402,0.08184,0.093,4.881673,142.642742,False
KVAL0010,156,5.468511,RElbow,0.303869,-0.07431,-0.16641,-0.24315,7.670622,295.274707,False
KVAL0010,157,5.501844,RElbow,0.488083,0.29718,-0.350895,0.16365,15.5213,99.271096,False
KVAL0010,158,5.535188,RElbow,0.80572,0.501885,-0.134715,0.61575,4.698842,632.778584,False
KVAL0010,159,5.5685,RElbow,0.651542,0.2226,-0.612285,0.00795,27.06386,268.691396,False
KVAL0010,160,5.601833,RElbow,1.156527,-0.47898,-0.69396,-0.79155,17.564572,705.601256,False
KVAL0010,161,5.635166,RElbow,0.878106,-0.539775,-0.0618,-0.68985,21.593166,460.265912,False
KVAL0010,162,5.6685,RElbow,0.458641,0.290265,0.329235,-0.13305,17.873131,329.753591,False
KVAL0010,163,5.701844,RElbow,0.631408,0.269025,0.565605,-0.07995,5.087854,348.051142,False
KVAL0010,164,5.735177,RElbow,0.372733,0.075255,0.341505,0.129,7.848546,99.045208,False
KVAL0010,165,5.7685,RElbow,0.172966,0.03291,0.135645,0.10215,3.336669,122.838683,False
KVAL0010,166,5.801844,RElbow,0.152902,0.01902,0.147345,0.03615,0.649688,46.39216,False
KVAL0010,167,5.835166,RElbow,0.1569,0.04242,0.13863,0.06,0.359888,12.797241,False
KVAL0010,168,5.868511,RElbow,0.133177,0.02706,0.1248,0.0378,0.991485,14.021102,False
KVAL0010,169,5.901844,RElbow,0.103455,0.011475,0.10176,0.0147,1.174699,112.369837,False
KVAL0010,170,5.935177,RElbow,0.055884,0.00378,0.052455,0.0189,6.550793,118.436917,False
KVAL0010,171,5.968511,RElbow,0.519022,0.073515,0.381,0.3447,6.862713,214.192313,False
KVAL0010,172,6.001855,RElbow,0.508474,0.07653,0.371445,0.3387,7.759291,217.244094,False
KVAL0010,173,6.035177,RElbow,0.00187,0.000885,0.00138,0.0009,7.624327,115.999066,False
KVAL0010,174,6.068522,RElbow,0.000193,6e-05,0.000105,0.00015,0.028053,102.351084,False
KVAL0010,175,6.101833,RElbow,0.0,0.0,0.0,0.0,0.809977,19.028462,False
KVAL0010,176,6.135177,RElbow,0.053819,-0.0102,-0.043605,-0.02985,1.296155,12.129397,False
KVAL0010,177,6.168511,RElbow,0.08641,-0.02673,-0.0699,-0.0432,0.264976,20.422162,False
KVAL0010,178,6.201844,RElbow,0.059398,-0.027795,-0.042435,-0.0309,0.234906,3.908747,False
KVAL0010,179,6.235166,RElbow,0.084768,-0.040305,-0.06252,-0.04065,0.118385,12.399227,False
KVAL0010,180,6.268511,RElbow,0.059183,-0.030435,-0.044805,-0.02385,0.789761,5.940377,False
KVAL0010,181,6.301833,RElbow,0.035906,-0.01617,-0.031575,-0.00555,0.468915,10.065156,False
KVAL0010,182,6.335166,RElbow,0.078292,-0.029655,-0.07197,-0.0084,0.149879,32.515986,False
KVAL0010,183,6.368511,RElbow,0.026303,-0.00969,-0.02409,-0.0042,1.786565,27.070286,False
KVAL0010,184,6.401844,RElbow,0.041129,0.0147,0.03837,-0.0018,1.939611,7.058557,False
KVAL0010,185,6.435166,RElbow,0.103662,0.02982,0.098985,-0.00765,1.594085,14.033445,False
KVAL0010,186,6.468511,RElbow,0.146837,0.033405,0.14247,-0.01215,2.572787,98.533938,False
KVAL0010,187,6.501844,RElbow,0.272113,0.03183,0.27024,0.00165,7.9278,74.903992,False
KVAL0010,188,6.535177,RElbow,0.660873,0.022785,0.637515,0.17265,7.080446,192.010182,False
KVAL0010,189,6.5685,RElbow,0.716159,0.022125,0.66954,0.2532,4.914083,247.468527,False
KVAL0010,190,6.601844,RElbow,0.33505,0.019965,0.316125,0.1092,9.493756,45.689386,False
KVAL0010,191,6.635177,RElbow,0.083761,0.00189,0.080985,0.0213,7.73155,49.128001,False
KVAL0010,192,6.668511,RElbow,0.182118,-0.04062,-0.164985,-0.06555,6.836749,87.016665,False
KVAL0010,193,6.701833,RElbow,0.374357,-0.10491,-0.348135,-0.0891,2.504742,136.728487,False
KVAL0010,194,6.735177,RElbow,0.337001,-0.12369,-0.30918,-0.05175,2.671981,93.825056,False
KVAL0010,195,6.768511,RElbow,0.259113,-0.122025,-0.178965,-0.1422,3.989272,35.966123,False
KVAL0010,196,6.801855,RElbow,0.214734,-0.09648,-0.07575,-0.17625,1.922875,87.628245,False
KVAL0010,197,6.835166,RElbow,0.131694,-0.07002,-0.08493,-0.0723,2.594098,43.721799,False
KVAL0010,198,6.8685,RElbow,0.115931,-0.055455,-0.101295,-0.0102,1.120006,83.193827,False
KVAL0010,199,6.901844,RElbow,0.199147,-0.123435,-0.137025,-0.07515,3.076534,82.710963,False
KVAL0010,200,6.935177,RElbow,0.27888,-0.1464,-0.1434,-0.18915,4.885119,92.111801,False
KVAL0010,201,6.9685,RElbow,0.354999,0.0051,-0.02808,-0.35385,5.628187,85.127048,False
KVAL0010,202,7.001844,RElbow,0.423722,0.12786,-0.00402,-0.40395,2.356082,119.995823,False
KVAL0010,203,7.035166,RElbow,0.307256,0.13902,-0.03351,-0.27195,2.908758,228.171257,False
KVAL0010,204,7.068511,RElbow,0.251364,0.107415,-0.05961,-0.2193,15.460556,336.73081,False
KVAL0010,205,7.101855,RElbow,0.726801,-0.228285,0.015255,0.68985,25.086608,,False
KVAL0010,206,7.135188,RElbow,1.428968,-0.515925,-0.02733,1.3323,,,False
KVAL0010,207,7.168522,RElbow,,,,,,,False
KVAL0010,208,7.201866,RElbow,,,,,,,False
KVAL0010,209,7.2352,RElbow,,,,,,,False
KVAL0010,210,7.268511,RElbow,,,,,,,False
KVAL0010,211,7.301844,RElbow,,,,,,,False
KVAL0010,212,7.335188,RElbow,,,,,,,False
KVAL0010,213,7.368522,RElbow,0.643094,-0.623865,0.10314,0.11715,,,False
KVAL0010,214,7.401855,RElbow,1.162188,-1.08891,0.406035,0.0096,3.359539,,False
KVAL0010,215,7.4352,RElbow,0.762743,-0.708825,0.281445,0.01155,11.673624,138.160529,False
KVAL0010,216,7.468533,RElbow,0.387777,-0.345405,0.176145,0.0063,6.860883,69.894388,False
KVAL0010,217,7.501833,RElbow,0.31193,-0.26805,0.15933,0.00795,7.123003,31.223921,False
KVAL0010,218,7.535166,RElbow,0.09154,0.09021,-0.012885,0.0087,4.965212,142.756913,False
KVAL0010,219,7.568511,RElbow,0.043098,0.0345,0.02505,0.0063,2.407183,92.13619,False
KVAL0010,220,7.601844,RElbow,0.078217,-0.053355,0.05625,-0.01035,1.322308,53.667954,False
KVAL0010,221,7.635177,RElbow,0.057492,-0.05034,0.021645,-0.0174,1.265455,20.399388,False
KVAL0010,222,7.668522,RElbow,0.012289,-0.002925,-0.011115,-0.00435,0.196056,25.048659,False
KVAL0010,223,7.701844,RElbow,0.055297,-0.052035,0.018045,-0.00495,0.494439,35.695777,False
KVAL0010,224,7.735177,RElbow,0.036358,-0.034635,-0.004275,-0.0102,2.355513,59.031637,False
KVAL0010,225,7.7685,RElbow,0.103937,0.087465,-0.052485,-0.01995,3.513508,35.030367,False
KVAL0010,226,7.801844,RElbow,0.212768,0.158355,-0.11451,-0.08415,0.879721,155.596739,False
KVAL0010,227,7.835177,RElbow,0.134962,0.0801,-0.084015,-0.06885,6.90218,90.198911,False
KVAL0010,228,7.868522,RElbow,0.261514,-0.223365,0.134445,-0.02055,5.678732,145.613148,False
KVAL0010,229,7.901844,RElbow,0.26336,-0.224625,0.135705,-0.02205,2.839307,120.194197,False
KVAL0010,230,7.935177,RElbow,0.072758,-0.063285,0.03378,-0.01215,2.351688,34.640648,False
KVAL0010,231,7.968511,RElbow,0.108514,-0.09723,0.044385,-0.01875,0.533923,24.472003,False
KVAL0010,232,8.001844,RElbow,0.038621,-0.035445,0.011715,-0.0099,0.82105,10.17791,False
KVAL0010,233,8.035166,RElbow,0.055596,-0.04494,0.03147,-0.009,0.2395,4.266438,False
KVAL0010,234,8.0685,RElbow,0.042984,-0.034125,0.02598,-0.00285,1.006876,7.345368,False
KVAL0010,235,8.101833,RElbow,0.014512,0.01308,0.001305,0.00615,0.375275,25.297957,False
KVAL0010,236,8.135166,RElbow,0.019805,-0.013275,0.014085,0.0042,0.686836,9.103389,False
KVAL0010,237,8.168511,RElbow,0.03382,-0.03006,0.015495,0.0003,0.244413,15.833148,False
KVAL0010,238,8.201844,RElbow,0.033208,-0.022395,0.024015,-0.00495,0.409726,52.801167,False
KVAL0010,239,8.235166,RElbow,0.021944,-0.003465,0.02166,-0.0006,3.714353,100.224528,False
KVAL0010,240,8.2685,RElbow,0.279467,-0.23478,0.151185,-0.0111,6.372571,48.886163,False
KVAL0010,241,8.301833,RElbow,0.43873,-0.37476,0.22773,-0.01335,0.565849,159.988556,False
KVAL0010,242,8.335177,RElbow,0.311292,-0.261225,0.169065,0.009,4.296601,77.432739,False
KVAL0010,243,8.3685,RElbow,0.153782,-0.12585,0.087855,0.0096,4.666652,33.785308,False
KVAL0010,244,8.401833,RElbow,0.000363,-0.00012,0.000165,-0.0003,2.108471,73.528113,False
KVAL0010,245,8.435166,RElbow,0.029109,0.001335,0.02904,-0.0015,0.443174,71.410349,False
KVAL0010,246,8.4685,RElbow,0.029714,0.00144,0.029655,-0.0012,2.761707,50.535059,False
KVAL0010,247,8.501844,RElbow,0.206172,-0.11877,0.16848,0.0039,3.699589,62.366199,False
KVAL0010,248,8.535177,RElbow,0.270316,-0.14457,0.22839,0.00285,1.421566,96.204998,False
KVAL0010,249,8.568511,RElbow,0.120464,-0.04206,0.11283,0.00345,2.717171,16.770307,False
KVAL0010,250,8.601844,RElbow,0.093727,-0.028635,0.089205,0.0027,0.314748,36.67405,False
KVAL0010,251,8.635177,RElbow,0.102493,-0.027015,0.098865,-0.0009,0.297348,5.475167,False
KVAL0010,252,8.668511,RElbow,0.079095,-0.01368,0.07782,-0.0036,0.542932,7.638254,False
KVAL0010,253,8.701833,RElbow,0.06932,-0.014865,0.06684,0.0108,0.48733,3.840574,False
KVAL0010,254,8.735166,RElbow,0.055916,-0.016005,0.05139,0.01515,0.686479,6.772095,False
KVAL0010,255,8.7685,RElbow,0.025227,-0.0042,0.022335,0.01095,0.510109,28.720681,False
KVAL0010,256,8.801833,RElbow,0.021937,-0.006375,0.019875,0.00675,1.261144,27.701286,False
KVAL0010,257,8.835166,RElbow,0.106483,-0.05217,0.090975,0.01845,1.343274,19.505059,False
KVAL0010,258,8.868511,RElbow,0.111106,-0.046875,0.098085,0.02295,0.10527,5.280696,False
KVAL0010,259,8.901844,RElbow,0.105138,-0.04587,0.092175,0.0213,0.994474,3.00539,False
KVAL0010,260,8.935177,RElbow,0.177286,-0.077235,0.156285,0.03225,0.206626,7.666237,False
KVAL0010,261,8.9685,RElbow,0.101633,-0.03681,0.09408,0.0111,0.50885,103.151114,False
KVAL0010,262,9.001844,RElbow,0.210646,-0.08571,0.18858,0.03825,6.799547,26.349672,False
KVAL0010,263,9.035177,RElbow,0.553642,-0.244275,0.48213,0.12,2.222498,215.498916,False
KVAL0010,264,9.068522,RElbow,0.356813,-0.166875,0.304485,0.0822,7.571135,101.507983,False
KVAL0010,265,9.101833,RElbow,0.049605,-0.02691,0.03882,0.01515,4.55694,142.392942,False
KVAL0010,266,9.135177,RElbow,0.053088,-0.026595,0.04473,0.0105,1.92904,129.054672,False
KVAL0010,267,9.168511,RElbow,0.17712,-0.070995,0.15573,0.0456,4.069531,36.959478,False
KVAL0010,268,9.201855,RElbow,0.323515,-0.116595,0.28878,0.0876,0.553701,112.240038,False
KVAL0010,269,9.235166,RElbow,0.14157,-0.048975,0.1266,0.0402,3.416303,11.638549,False
KVAL0010,270,9.268511,RElbow,0.096089,-0.03114,0.085215,0.03165,1.224347,24.829546,False
KVAL0010,271,9.301844,RElbow,0.063444,-0.030105,0.055665,0.0045,1.809154,13.05124,False
KVAL0010,272,9.335188,RElbow,0.026034,-0.00144,-0.02433,-0.00915,1.902875,19.426959,False
KVAL0010,273,9.3685,RElbow,0.064319,0.017025,-0.06123,-0.0099,0.528016,45.736738,False
KVAL0010,274,9.401844,RElbow,0.061138,0.00051,-0.057525,-0.0207,1.149886,41.12343,False
KVAL0010,275,9.435177,RElbow,0.017391,-0.01527,0.00669,0.00495,2.216118,5.201837,False
KVAL0010,276,9.468511,RElbow,0.087885,-0.02379,0.08028,0.0267,0.963591,51.806948,False
KVAL0010,277,9.501844,RElbow,0.075526,-0.025275,0.06849,0.01935,1.237913,38.048961,False
KVAL0010,278,9.535177,RElbow,0.01093,-0.010035,0.004005,-0.00165,1.574356,9.637171,False
KVAL0010,279,9.5685,RElbow,0.032198,-0.004965,-0.03033,-0.0096,0.633706,34.882839,False
KVAL0010,280,9.601844,RElbow,0.036161,0.00663,-0.03324,-0.0126,0.796736,17.083117,False
KVAL0010,281,9.635177,RElbow,0.021362,0.005865,0.017565,0.01065,0.531806,18.271301,False
KVAL0010,282,9.668522,RElbow,0.008176,0.004305,-0.00324,0.00615,0.422282,8.239274,False
KVAL0010,283,9.701844,RElbow,0.007704,0.00159,-0.00732,-0.0018,0.122794,7.946781,False
KVAL0010,284,9.735177,RElbow,3.4e-05,-3e-05,-1.5e-05,0.0,0.115559,7.86223,False
KVAL0010,285,9.768511,RElbow,0.0,0.0,0.0,0.0,0.429475,30.090103,False
KVAL0010,286,9.801844,RElbow,0.028637,-0.00384,-0.00318,0.0282,1.909221,62.262235,False
KVAL0010,287,9.835166,RElbow,0.127281,-0.043995,-0.108,-0.051,3.905697,15.980714,False
KVAL0010,288,9.868511,RElbow,0.246312,-0.062175,-0.19149,-0.1419,1.717372,85.392371,False
KVAL0010,289,9.901833,RElbow,0.231459,-0.066615,-0.165645,-0.1473,1.831793,45.029258,False
KVAL0010,290,9.935177,RElbow,0.128466,-0.042735,-0.084,-0.0873,1.336059,57.472885,False
KVAL0010,291,9.968511,RElbow,0.142974,-0.03396,-0.101775,-0.0945,2.112808,26.369003,False
KVAL0010,292,10.001844,RElbow,0.268798,-0.087975,-0.16311,-0.1947,0.555273,72.767444,False
KVAL0010,293,10.035166,RElbow,0.169541,-0.054975,-0.100545,-0.12495,2.78871,40.549395,False
KVAL0010,294,10.068511,RElbow,0.110076,0.008145,-0.09798,-0.0495,2.189409,33.097059,False
KVAL0010,295,10.101833,RElbow,0.046852,0.011595,-0.044745,-0.00765,2.551258,28.412,False
KVAL0010,296,10.135177,RElbow,0.060654,-0.003285,0.048255,0.0366,1.772455,46.27921,False
KVAL0010,297,10.168511,RElbow,0.07494,-0.021315,0.055395,0.04575,0.591647,44.683024,False
KVAL0010,298,10.201844,RElbow,0.034369,-0.015915,0.01188,0.02805,1.21243,8.96242,False
KVAL0010,299,10.235177,RElbow,0.025291,0.00372,-0.01656,0.01875,0.336355,21.547233,False
KVAL0010,300,10.268511,RElbow,0.02564,0.00264,-0.00045,0.0255,0.339562,58.50003,False
KVAL0010,301,10.301855,RElbow,0.006299,0.000465,0.00186,0.006,3.605236,86.813322,False
KVAL0010,302,10.335188,RElbow,0.250101,-0.1095,0.1893,0.12135,5.906939,62.651343,False
KVAL0010,303,10.368522,RElbow,0.397955,-0.185565,0.287655,0.20295,0.737551,154.816473,False
KVAL0010,304,10.401866,RElbow,0.218424,-0.113835,0.14034,0.1227,4.419998,45.378874,False
KVAL0010,305,10.4352,RElbow,0.105678,-0.06354,0.06351,0.05565,3.413863,28.90575,False
KVAL0010,306,10.4685,RElbow,0.017067,-0.007995,-0.010965,-0.01035,2.531347,58.014988,False
KVAL0010,307,10.501844,RElbow,0.065688,0.0198,-0.052275,-0.0345,0.540824,88.992463,False
KVAL0010,308,10.535166,RElbow,0.021926,-0.00432,0.020145,0.0075,8.297304,165.17864,False
KVAL0010,309,10.5685,RElbow,0.618079,0.18855,-0.53454,-0.24645,11.226162,722.777519,False
KVAL0010,310,10.601833,RElbow,0.757623,-0.32673,0.031995,0.6828,41.012861,110.440155,False
KVAL0010,311,10.635166,RElbow,2.234927,-1.144125,0.743625,1.77,5.342713,904.261533,False
KVAL0010,312,10.6685,RElbow,1.073612,-0.63111,0.040155,0.8676,24.082486,217.221045,True
KVAL0010,313,10.701833,RElbow,1.828617,-0.44487,-0.69498,1.63185,14.274915,588.924411,True
KVAL0010,314,10.735166,RElbow,1.694796,-0.41508,-0.61401,1.52415,27.894591,553.418676,True
KVAL0010,315,10.7685,RElbow,0.093464,0.09312,0.006915,-0.00405,25.108908,424.518219,True
KVAL0010,316,10.801833,RElbow,0.252963,0.23187,-0.05424,0.08535,1.81883,375.715342,True
KVAL0010,317,10.835177,RElbow,0.191801,0.17214,-0.08406,0.00945,3.725781,69.307452,True
KVAL0010,318,10.8685,RElbow,0.024507,0.012525,-0.00525,-0.0204,2.887867,55.389097,True
KVAL0010,319,10.901833,RElbow,0.004628,0.000255,0.00156,-0.00435,0.367607,43.505152,True
KVAL0010,320,10.935177,RElbow,0.0,0.0,0.0,0.0,0.069424,91.642379,True
KVAL0010,321,10.968511,RElbow,0.0,0.0,0.0,0.0,6.069645,91.809968,True
KVAL0010,322,11.001833,RElbow,0.404643,-0.20835,0.257565,-0.23235,6.070107,183.468741,True
KVAL0010,323,11.035177,RElbow,0.404674,-0.20841,0.2577,-0.2322,6.168583,184.087223,True
KVAL0010,324,11.068511,RElbow,0.028327,-0.00612,0.00957,0.02595,6.22153,94.225624,True
KVAL0010,325,11.101844,RElbow,0.04683,-0.011715,0.01671,0.04215,0.153206,96.928876,True
KVAL0010,326,11.135166,RElbow,0.034072,-0.010785,0.018645,0.0264,0.498011,9.353138,True
KVAL0010,327,11.1685,RElbow,0.016019,-0.00513,0.01137,0.01005,0.511082,5.153828,True
KVAL0010,328,11.201833,RElbow,0.0,0.0,0.0,0.0,0.240279,7.666237,True
KVAL0010,329,11.235166,RElbow,0.0,0.0,0.0,0.0,0.0,3.60419,True
KVAL0010,330,11.2685,RElbow,0.0,0.0,0.0,0.0,0.0,0.0,True
KVAL0010,331,11.301833,RElbow,0.0,0.0,0.0,0.0,0.0,0.0,True
KVAL0010,332,11.335166,RElbow,0.0,0.0,0.0,0.0,0.0,39.945042,True
KVAL0010,333,11.368511,RElbow,0.0,0.0,0.0,0.0,2.663003,79.80633,False
KVAL0010,334,11.401833,RElbow,0.177534,-0.14868,0.054075,-0.08055,5.320422,73.779571,False
KVAL0010,335,11.435177,RElbow,0.354695,-0.216135,-0.069945,-0.2724,3.380897,212.590667,True
KVAL0010,336,11.468511,RElbow,0.238989,-0.06801,-0.12408,-0.1926,8.923025,104.960008,False
KVAL0010,337,11.501855,RElbow,0.258102,0.17688,-0.070725,0.17415,5.495599,211.774636,False
KVAL0010,338,11.535166,RElbow,0.214268,0.17211,-0.097125,0.0828,5.256766,127.079772,True
KVAL0010,339,11.568511,RElbow,0.153982,-0.00153,-0.086985,-0.12705,3.123317,108.388558,True
KVAL0010,340,11.601833,RElbow,0.065324,-0.000975,-0.05961,-0.0267,2.420681,54.629917,True
KVAL0010,341,11.635166,RElbow,0.009581,-0.004785,0.000915,0.00825,1.080084,34.251402,True
KVAL0010,342,11.668511,RElbow,0.022132,0.01338,-0.00429,0.0171,0.56096,18.665529,True
KVAL0010,343,11.701844,RElbow,0.042315,0.009555,-0.018375,0.0369,0.294325,17.836634,True
KVAL0010,344,11.735166,RElbow,0.024448,-0.00351,-0.013905,0.0198,0.634803,10.860563,True
KVAL0010,345,11.768511,RElbow,0.000376,0.00033,0.00018,0.0,0.736252,21.747159,True
KVAL0010,346,11.801833,RElbow,0.063498,0.00882,-0.06114,0.0147,0.953938,24.936817,True
KVAL0010,347,11.835177,RElbow,0.063468,0.00885,-0.06114,0.01455,0.952406,28.589151,True
KVAL0010,348,11.868511,RElbow,3e-05,3e-05,0.0,0.0,0.952013,14.27738,True
KVAL0010,349,11.901844,RElbow,0.0,0.0,0.0,0.0,0.002295,14.280189,True
KVAL0010,350,11.935177,RElbow,0.00015,0.0,0.0,-0.00015,0.0,0.067837,True
KVAL0010,351,11.968522,RElbow,0.0,0.0,0.0,0.0,0.00225,0.0,True
KVAL0010,352,12.001833,RElbow,0.0,0.0,0.0,0.0,0.0,0.03375,True
KVAL0010,353,12.035166,RElbow,0.0,0.0,0.0,0.0,0.0,0.0,True
KVAL0010,354,12.068511,RElbow,0.0,0.0,0.0,0.0,0.0,0.0,True
KVAL0010,355,12.101844,RElbow,0.0,0.0,0.0,0.0,0.0,16.019744,True
KVAL0010,356,12.135166,RElbow,0.0,0.0,0.0,0.0,1.067983,16.048945,True
KVAL0010,357,12.168511,RElbow,0.071199,-0.00645,-0.067725,-0.021,1.06993,32.010291,True
KVAL0010,358,12.201833,RElbow,0.071329,-0.006465,-0.06786,-0.021,1.066037,32.097891,True
KVAL0010,359,12.235177,RElbow,0.000136,-1.5e-05,-0.000135,0.0,1.06993,15.961357,True
KVAL0010,360,12.2685,RElbow,0.0,0.0,0.0,0.0,0.002037,19.935732,True
KVAL0010,361,12.301844,RElbow,0.0,0.0,0.0,0.0,0.263305,4.75942,True
KVAL0010,362,12.335177,RElbow,0.017554,-0.002445,-0.0153,-0.00825,0.315454,6.98077,True
KVAL0010,363,12.368522,RElbow,0.02103,-0.005445,-0.018495,-0.0084,0.204468,1.628493,True
KVAL0010,364,12.401833,RElbow,0.005029,-0.00312,-0.00384,-0.0009,0.393807,14.013771,True
KVAL0010,365,12.435166,RElbow,0.047018,-0.007125,-0.043155,-0.01725,0.770762,8.040553,True
KVAL0010,366,12.4685,RElbow,0.055109,-0.00231,-0.054645,0.00675,0.456787,11.836438,True
KVAL0010,367,12.501833,RElbow,0.059498,0.006495,-0.058935,0.00495,0.878703,26.936589,True
KVAL0010,368,12.535166,RElbow,0.100566,0.0036,-0.0936,-0.0366,1.625669,23.119637,True
KVAL0010,0,0.0,RWrist,0.001547,0.00096,0.00018,0.0012,0.005902,157.743893,True
KVAL0010,1,0.301866,RWrist,0.001731,0.00105,0.00027,0.00135,5.263791,282.285425,True
KVAL0010,2,0.335166,RWrist,0.352457,0.19341,0.06756,0.2868,18.824337,115.689508,True
KVAL0010,3,0.368511,RWrist,1.256491,0.21465,0.22824,1.2168,10.121403,564.906554,True
KVAL0010,4,0.401833,RWrist,0.945962,0.01923,0.16107,0.93195,18.836139,361.126819,True
KVAL0010,5,0.435166,RWrist,0.002894,-0.002625,0.00021,0.0012,14.189444,283.466999,True
KVAL0010,6,0.468511,RWrist,4.5e-05,-4.5e-05,0.0,0.0,0.12681,214.264953,True
KVAL0010,7,0.501844,RWrist,0.011212,-0.00891,-0.00087,0.00675,0.170445,4.351528,True
KVAL0010,8,0.535166,RWrist,0.011399,-0.00912,-0.001095,0.00675,0.163612,22.654565,True
KVAL0010,9,0.568511,RWrist,0.000478,-0.00036,-0.000315,0.0,1.53544,24.39824,True
KVAL0010,10,0.601833,RWrist,0.105245,0.00171,-0.097125,0.0405,1.57505,46.616515,True
KVAL0010,11,0.635177,RWrist,0.105287,0.00189,-0.09723,0.04035,1.576832,47.315264,True
KVAL0010,12,0.6685,RWrist,0.000248,3e-05,-0.000195,-0.00015,1.579306,23.905005,True
KVAL0010,13,0.701844,RWrist,0.0,0.0,0.0,0.0,0.22575,24.249872,True
KVAL0010,14,0.735166,RWrist,0.015262,-0.00126,-0.00606,-0.01395,0.248398,6.560036,True
KVAL0010,15,0.768511,RWrist,0.01656,-0.00276,-0.00741,-0.01455,0.212378,7.451927,True
KVAL0010,16,0.801844,RWrist,0.002105,-0.0015,-0.00135,-0.0006,0.248398,2.992413,True
KVAL0010,17,0.835177,RWrist,0.0,0.0,0.0,0.0,0.03158,3.725963,True
KVAL0010,18,0.868511,RWrist,0.0,0.0,0.0,0.0,0.0,0.473704,True
KVAL0010,19,0.901855,RWrist,0.0,0.0,0.0,0.0,0.0,0.00675,True
KVAL0010,20,0.935177,RWrist,0.0,0.0,0.0,0.0,0.00045,0.00675,True
KVAL0010,21,0.968522,RWrist,3e-05,0.0,3e-05,0.0,0.00045,0.0135,True
KVAL0010,22,1.001833,RWrist,3e-05,0.0,3e-05,0.0,0.00045,0.0135,True
KVAL0010,23,1.035177,RWrist,0.0,0.0,0.0,0.0,0.00045,0.00675,True
KVAL0010,24,1.068511,RWrist,0.0,0.0,0.0,0.0,0.0,0.00675,True
KVAL0010,25,1.101844,RWrist,0.0,0.0,0.0,0.0,0.0,4.931337,True
KVAL0010,26,1.135188,RWrist,0.0,0.0,0.0,0.0,0.328756,4.940056,True
KVAL0010,27,1.168522,RWrist,0.021917,0.0213,0.005085,0.0009,0.329337,9.854162,True
KVAL0010,28,1.201855,RWrist,0.021956,0.021315,0.00516,0.00105,0.328193,9.880112,True
KVAL0010,29,1.2352,RWrist,0.000168,1.5e-05,7.5e-05,0.00015,0.329337,4.914729,True
KVAL0010,30,1.268533,RWrist,0.0,0.0,0.0,0.0,0.002526,10.434691,True
KVAL0010,31,1.301844,RWrist,0.0,0.0,0.0,0.0,0.456253,6.984848,True
KVAL0010,32,1.335177,RWrist,0.030417,0.02007,-0.01446,0.0177,0.464668,61.53263,True
KVAL0010,33,1.368511,RWrist,0.030978,0.020295,-0.014205,0.0186,4.275799,48.455308,True
KVAL0010,34,1.401855,RWrist,0.299284,0.079155,0.1146,0.2649,3.329567,148.010564,True
KVAL0010,35,1.435166,RWrist,0.232558,0.07845,0.134805,0.1725,5.648586,115.789256,True
KVAL0010,36,1.4685,RWrist,0.093225,0.000675,0.02001,-0.09105,4.391519,88.283729,True
KVAL0010,37,1.501844,RWrist,0.072463,0.013995,-0.062415,-0.03405,1.984802,74.489894,True
KVAL0010,38,1.535177,RWrist,0.123404,-0.0336,-0.1035,-0.0582,5.730922,87.879984,True
KVAL0010,39,1.568511,RWrist,0.400329,-0.09429,0.03375,-0.3876,4.294117,283.064724,True
KVAL0010,40,1.601855,RWrist,0.232206,0.215055,0.03675,-0.0795,13.175822,167.639354,True
KVAL0010,41,1.635177,RWrist,0.479064,0.1065,-0.08568,0.45915,7.050829,353.675193,False
KVAL0010,42,1.668522,RWrist,0.241248,-0.234705,-0.04884,0.027,10.448818,203.175487,True
KVAL0010,43,1.701833,RWrist,0.238528,-0.05571,-0.07848,-0.21825,6.923295,267.261991,True
KVAL0010,44,1.735177,RWrist,0.255574,0.211095,-0.01911,0.1428,7.708844,206.251353,True
KVAL0010,45,1.768511,RWrist,0.289155,0.184485,0.061305,0.21405,6.841866,234.273156,True
KVAL0010,46,1.801844,RWrist,0.249872,-0.22953,-0.08712,0.0465,8.480897,149.155269,True
KVAL0010,47,1.835166,RWrist,0.324874,-0.231315,-0.224355,-0.04125,4.007272,192.340983,True
KVAL0010,48,1.868511,RWrist,0.190988,-0.007995,-0.17616,-0.07335,4.464714,88.046755,True
KVAL0010,49,1.901833,RWrist,0.044837,-0.00204,-0.04266,0.01365,2.863475,61.89723,True
KVAL0010,50,1.935177,RWrist,0.000196,0.000165,-0.000105,0.0,0.673254,42.944926,True
KVAL0010,51,1.9685,RWrist,0.000151,1.5e-05,0.0,-0.00015,0.003697,10.109395,True
KVAL0010,52,2.001833,RWrist,0.00015,0.0,0.0,-0.00015,0.002261,23.88133,True
KVAL0010,53,2.035177,RWrist,0.0,0.0,0.0,0.0,1.59491,18.953082,True
KVAL0010,54,2.068511,RWrist,0.106378,-0.027285,0.096255,-0.03615,1.263901,52.781228,True
KVAL0010,55,2.101833,RWrist,0.08426,0.0045,0.08295,0.0141,2.033062,326.052827,True
KVAL0010,56,2.135177,RWrist,0.065721,0.06429,0.00813,0.01095,22.027997,227.227354,True
KVAL0010,57,2.168511,RWrist,1.492454,1.24242,0.269445,0.7818,15.928375,1062.493029,True
KVAL0010,58,2.201855,RWrist,1.125174,1.07934,0.313455,-0.0528,52.315868,,True
KVAL0010,59,2.235177,RWrist,2.49952,0.10923,-0.111315,-2.49465,,,True
KVAL0010,60,2.268511,RWrist,,,,,,,True
KVAL0010,61,2.301833,RWrist,,,,,,,False
KVAL0010,62,2.335177,RWrist,,,,,,,False
KVAL0010,63,2.3685,RWrist,,,,,,,False
KVAL0010,64,2.401833,RWrist,,,,,,,False
KVAL0010,65,2.435166,RWrist,,,,,,,True
KVAL0010,66,2.4685,RWrist,0.314984,-0.05865,-0.25428,-0.1764,,,True
KVAL0010,67,2.501844,RWrist,0.251522,0.00981,-0.12006,-0.2208,4.95321,,True
KVAL0010,68,2.535188,RWrist,0.128762,0.005385,0.06321,-0.11205,3.461405,71.031458,True
KVAL0010,69,2.5685,RWrist,0.098778,0.006585,0.060825,-0.07755,2.0816,56.670648,True
KVAL0010,70,2.601844,RWrist,0.110065,0.085575,0.06921,0.00105,1.207913,54.086895,True
KVAL0010,71,2.635177,RWrist,0.054413,0.045645,0.01149,-0.0273,1.953009,30.125944,True
KVAL0010,72,2.668511,RWrist,0.026524,-0.01479,-0.011295,-0.0189,1.351839,43.610476,True
KVAL0010,73,2.701833,RWrist,0.041238,-0.0369,0.016305,0.00855,1.514136,45.584184,True
KVAL0010,74,2.735166,RWrist,0.079119,0.010125,-0.001725,0.07845,1.802321,51.961881,True
KVAL0010,75,2.7685,RWrist,0.083879,0.080325,-0.005385,0.02355,2.186796,40.526472,True
KVAL0010,76,2.801844,RWrist,0.091303,0.07425,0.012045,-0.05175,0.937971,25.479555,True
KVAL0010,77,2.835166,RWrist,0.027765,0.02625,0.00747,-0.0051,0.677079,22.989247,True
KVAL0010,78,2.8685,RWrist,0.117177,0.065475,0.016005,-0.09585,1.155369,36.449649,True
KVAL0010,79,2.901844,RWrist,0.097764,0.067065,0.01053,-0.07035,1.822716,31.953678,True
KVAL0010,80,2.935177,RWrist,0.03126,0.02511,0.004155,0.01815,1.044039,37.150696,True
KVAL0010,81,2.968511,RWrist,0.059973,0.043095,0.039945,-0.012,1.259505,121.741866,True
KVAL0010,82,3.001855,RWrist,0.098765,0.050985,0.083775,0.0117,7.176179,150.959309,True
KVAL0010,83,3.035177,RWrist,0.502609,0.14151,0.04524,-0.48015,10.042533,186.421787,True
KVAL0010,84,3.068522,RWrist,0.667079,0.173715,0.023055,-0.64365,5.25664,322.186728,True
KVAL0010,85,3.101844,RWrist,0.154315,0.060735,0.02409,-0.1398,11.646552,26.396809,True
KVAL0010,86,3.135177,RWrist,0.170462,-0.160065,0.012375,0.0573,4.305459,210.53948,True
KVAL0010,87,3.1685,RWrist,0.1413,-0.08388,0.03603,0.10785,3.630413,153.772078,True
KVAL0010,88,3.201844,RWrist,0.100974,0.07134,0.069735,0.0156,6.104065,102.569765,True
KVAL0010,89,3.235166,RWrist,0.297628,-0.00693,0.062775,-0.29085,4.588397,201.802261,True
KVAL0010,90,3.2685,RWrist,0.24415,-0.06204,-0.05559,-0.2295,7.410809,155.66959,True
KVAL0010,91,3.301833,RWrist,0.203981,-0.06429,-0.056685,0.1851,6.006498,156.144169,True
KVAL0010,92,3.335177,RWrist,0.160797,-0.00297,0.016695,0.1599,3.051267,108.030929,True
KVAL0010,93,3.3685,RWrist,0.002397,0.00147,0.001155,0.0015,1.250325,58.26639,True
KVAL0010,94,3.401844,RWrist,0.079349,0.010965,0.00828,0.07815,0.975587,5.07024,True
KVAL0010,95,3.435177,RWrist,0.066432,0.02025,-0.021375,0.05955,1.488087,25.72588,True
KVAL0010,96,3.468522,RWrist,0.039682,0.031845,-0.018195,-0.01515,0.758466,33.088371,True
KVAL0010,97,3.501844,RWrist,0.02468,0.011535,0.008835,0.01995,0.837755,9.902132,True
KVAL0010,98,3.535188,RWrist,0.020488,-0.0108,-0.002355,0.01725,0.358086,24.978293,True
KVAL0010,99,3.5685,RWrist,0.000904,0.000675,3e-05,0.0006,0.840315,20.432041,True
KVAL0010,100,3.601844,RWrist,0.042839,0.03912,-0.017115,-0.00345,1.177147,31.658449,True
KVAL0010,101,3.635177,RWrist,0.079118,0.04095,-0.053445,0.04155,1.861094,27.177128,True
KVAL0010,102,3.668511,RWrist,0.138846,0.07539,-0.017985,0.1152,1.260119,96.581225,True
KVAL0010,103,3.701844,RWrist,0.109465,0.10683,-0.023835,-0.00135,4.608307,67.529728,True
KVAL0010,104,3.735177,RWrist,0.193639,0.042195,0.016665,-0.18825,4.528817,43.317163,True
KVAL0010,105,3.768522,RWrist,0.2907,0.00597,-0.06912,-0.2823,3.362825,72.99313,True
KVAL0010,106,3.801855,RWrist,0.391992,0.02634,-0.10263,-0.3774,1.512015,56.974022,True
KVAL0010,107,3.835188,RWrist,0.311673,0.05457,0.015825,-0.30645,1.328421,53.42294,True
KVAL0010,108,3.868533,RWrist,0.367348,0.052125,-0.167415,-0.3228,2.084207,78.328379,True
KVAL0010,109,3.901866,RWrist,0.307812,0.02154,-0.117225,-0.2838,5.080549,103.411417,True
KVAL0010,110,3.935177,RWrist,0.064195,0.0129,0.03369,-0.0531,6.144695,63.656276,True
KVAL0010,111,3.968511,RWrist,0.155131,0.12507,0.011535,0.09105,3.600324,108.099272,True
KVAL0010,112,4.001833,RWrist,0.192557,0.09429,-0.01629,0.1671,1.87563,89.871212,True
KVAL0010,113,4.035177,RWrist,0.089969,0.01362,-0.04353,0.07755,2.506494,60.757803,True
KVAL0010,114,4.0685,RWrist,0.075794,0.063375,-0.041295,0.0048,3.254422,23.923595,True
KVAL0010,115,4.101844,RWrist,0.193896,0.118095,-0.119535,-0.09675,1.015522,101.501031,True
KVAL0010,116,4.135177,RWrist,0.102255,0.071175,-0.038685,-0.0624,3.665085,23.766003,True
KVAL0010,117,4.168511,RWrist,0.057018,-0.006015,0.04488,0.03465,0.779124,80.420565,True
KVAL0010,118,4.201833,RWrist,0.053469,0.038595,-0.007905,-0.03615,1.760574,18.088129,True
KVAL0010,119,4.235177,RWrist,0.075584,0.05295,-0.005055,-0.0537,0.625969,27.707936,True
KVAL0010,120,4.2685,RWrist,0.090024,0.05133,0.004815,-0.0738,0.80272,18.097699,True
KVAL0010,121,4.301844,RWrist,0.10234,0.03468,0.027075,-0.0924,0.802602,27.228135,True
KVAL0010,122,4.335177,RWrist,0.065028,-0.000465,0.013545,-0.0636,1.158558,21.774173,True
KVAL0010,123,4.368511,RWrist,0.02766,0.00501,-0.001695,-0.02715,1.596907,5.291885,True
KVAL0010,124,4.401844,RWrist,0.055114,-0.037185,-0.031695,0.0255,1.106838,37.797685,True
KVAL0010,125,4.435177,RWrist,0.055885,-0.0423,-0.02865,0.02265,0.990714,28.788458,True
KVAL0010,126,4.4685,RWrist,0.012394,0.00246,0.009555,-0.0075,0.838275,28.585634,True
KVAL0010,127,4.501844,RWrist,0.0,0.0,0.0,0.0,1.02158,23.758686,True
KVAL0010,128,4.535177,RWrist,0.05768,-0.01026,-0.01497,0.05475,0.900532,69.463454,True
KVAL0010,129,4.568511,RWrist,0.060035,-0.01119,-0.01572,0.05685,3.808731,114.645002,True
KVAL0010,130,4.601833,RWrist,0.20961,-0.061545,-0.069855,-0.1878,6.820281,61.727852,True
KVAL0010,131,4.635177,RWrist,0.401325,0.01347,-0.087225,-0.3915,2.435432,186.750974,True
KVAL0010,132,4.6685,RWrist,0.26991,0.06057,0.006315,-0.26295,5.675457,115.686664,True
KVAL0010,133,4.701833,RWrist,0.057873,-0.037665,0.02721,-0.0345,6.062342,45.078945,True
KVAL0010,134,4.735166,RWrist,0.13922,0.01341,-0.012585,0.138,3.549647,101.967555,True
KVAL0010,135,4.768511,RWrist,0.200874,-0.0207,-0.00135,0.1998,1.363319,127.646129,True
KVAL0010,136,4.801844,RWrist,0.107039,-0.05784,0.015045,0.0888,4.997229,34.468504,True
KVAL0010,137,4.835177,RWrist,0.133759,0.017085,0.026205,-0.13005,2.597298,117.873903,True
KVAL0010,138,4.868522,RWrist,0.097256,-0.05034,-0.00435,-0.0831,2.976882,58.15329,True
KVAL0010,139,4.901855,RWrist,0.079498,-0.05883,-0.02934,0.0447,1.549415,78.324077,True
KVAL0010,140,4.935188,RWrist,0.017516,0.016755,0.00174,-0.0048,2.525309,32.948579,True
KVAL0010,141,4.968533,RWrist,0.107761,0.07008,-0.0552,-0.06045,1.370039,63.20493,True
KVAL0010,142,5.001866,RWrist,0.102721,0.06462,-0.05607,-0.05685,1.738704,45.380472,True
KVAL0010,143,5.035177,RWrist,0.015505,-0.00282,-0.00501,0.0144,1.673527,28.201337,True
KVAL0010,144,5.068511,RWrist,0.015685,-0.005955,-0.005685,0.01335,0.230523,27.011262,True
KVAL0010,145,5.101833,RWrist,0.000151,-1.5e-05,1.5e-05,0.00015,0.209253,46.307148,True
KVAL0010,146,5.135177,RWrist,0.003815,0.001395,0.00084,0.00345,2.924386,20.734226,True
KVAL0010,147,5.1685,RWrist,0.195038,-0.16197,-0.057165,0.0924,1.201627,114.217948,True
KVAL0010,148,5.201833,RWrist,0.079504,-0.067395,-0.034785,0.02385,4.692244,35.904433,True
KVAL0010,149,5.235166,RWrist,0.118367,0.09588,0.02325,-0.0654,1.192783,90.744808,True
KVAL0010,150,5.268511,RWrist,0.000319,-0.000105,3e-05,-0.0003,1.435786,23.142555,True
KVAL0010,151,5.301844,RWrist,0.045531,0.004395,0.025665,-0.03735,1.581798,27.894477,True
KVAL0010,152,5.335177,RWrist,0.105695,-0.0141,0.07551,-0.0726,1.330122,42.621464,True
KVAL0010,153,5.3685,RWrist,0.131386,-0.021315,0.08613,-0.0969,1.471742,40.37557,True
KVAL0010,154,5.401844,RWrist,0.074933,0.061395,0.03522,-0.0246,1.625489,43.186341,True
KVAL0010,155,5.435177,RWrist,0.114469,0.07674,0.06297,-0.057,1.465809,68.290939,True
KVAL0010,156,5.468511,RWrist,0.109425,-0.00174,0.04875,-0.09795,2.94877,11.815376,True
KVAL0010,157,5.501844,RWrist,0.214175,-0.08118,0.11289,-0.1629,0.965614,119.035178,True
KVAL0010,158,5.535188,RWrist,0.163628,-0.03999,0.08736,-0.13245,5.327249,128.676486,True
KVAL0010,159,5.5685,RWrist,0.160719,0.03714,0.01074,0.156,7.9365,60.748634,True
KVAL0010,160,5.601833,RWrist,0.403903,0.06732,0.099975,0.3855,1.773506,201.925004,True
KVAL0010,161,5.635166,RWrist,0.275222,0.028155,0.03285,0.2718,5.834027,80.073649,True
KVAL0010,162,5.6685,RWrist,0.081658,0.00396,-0.070185,0.04155,3.669503,100.54013,True
KVAL0010,163,5.701844,RWrist,0.141498,0.06018,-0.105495,0.0726,1.108622,66.402444,True
KVAL0010,164,5.735177,RWrist,0.141152,0.03732,-0.085905,0.1056,1.197088,44.238778,True
KVAL0010,165,5.7685,RWrist,0.081778,0.021465,-0.035745,0.07035,1.900399,22.140821,True
KVAL0010,166,5.801844,RWrist,0.028196,0.0171,-0.02232,-0.0021,1.115905,23.480451,True
KVAL0010,167,5.835166,RWrist,0.030843,0.00792,-0.0297,-0.00255,0.937324,9.71026,True
KVAL0010,168,5.868511,RWrist,0.061334,0.050895,0.02643,-0.02175,1.101375,38.342246,True
KVAL0010,169,5.901844,RWrist,0.062252,0.0036,0.01563,-0.06015,1.889774,34.883559,True
KVAL0010,170,5.935177,RWrist,0.080108,-0.07485,0.01866,-0.0216,1.688302,41.703708,True
KVAL0010,171,5.968511,RWrist,0.082156,-0.050775,0.057735,0.02895,1.051974,42.073496,True
KVAL0010,172,6.001855,RWrist,0.03723,-0.020955,0.02016,0.02325,1.23263,17.704811,True
KVAL0010,173,6.035177,RWrist,2.1e-05,1.5e-05,-1.5e-05,0.0,0.558455,18.493913,True
KVAL0010,174,6.068522,RWrist,0.0,0.0,0.0,0.0,0.000318,19.773884,True
KVAL0010,175,6.101833,RWrist,0.0,0.0,0.0,0.0,1.526938,23.163219,True
KVAL0010,176,6.135177,RWrist,0.101796,-0.019695,-0.09798,-0.01935,1.543985,45.635804,True
KVAL0010,177,6.168511,RWrist,0.102932,0.002355,-0.1029,-0.00105,1.555983,46.452018,True
KVAL0010,178,6.201844,RWrist,0.033275,0.01857,-0.01224,0.02475,1.705144,31.21277,True
KVAL0010,179,6.235166,RWrist,0.06642,0.017235,-0.01038,0.0633,2.775507,17.868224,True
KVAL0010,180,6.268511,RWrist,0.210788,0.05682,0.030375,0.2007,1.278421,80.002426,True
KVAL0010,181,6.301833,RWrist,0.145445,0.00417,0.00987,0.14505,2.679855,39.350567,True
KVAL0010,182,6.335166,RWrist,0.093125,-0.024705,-0.05799,0.06855,1.35611,62.732619,True
KVAL0010,183,6.368511,RWrist,0.072835,0.03384,-0.013815,0.063,2.685548,29.994392,True
KVAL0010,184,6.401844,RWrist,0.096081,0.05439,0.077025,-0.01845,1.450516,66.57731,True
KVAL0010,185,6.435166,RWrist,0.078273,0.005535,0.07233,0.0294,1.85933,35.214912,True
KVAL0010,186,6.468511,RWrist,0.046889,-0.042285,0.0087,0.0183,1.600343,67.844652,True
KVAL0010,187,6.501844,RWrist,0.072426,0.029775,0.02283,-0.06195,2.791288,17.585823,True
KVAL0010,188,6.535177,RWrist,0.144966,0.103845,0.04215,-0.09195,0.578697,76.030541,True
KVAL0010,189,6.5685,RWrist,0.106691,0.057135,0.01692,-0.0885,2.27837,40.64457,True
KVAL0010,190,6.601844,RWrist,0.018398,-0.011685,0.01398,0.00255,2.15793,37.771705,True
KVAL0010,191,6.635177,RWrist,0.039849,-0.01479,0.009165,0.03585,0.315448,44.982227,True
KVAL0010,192,6.668511,RWrist,0.008138,0.00372,0.00297,-0.0066,0.894914,11.032002,True
KVAL0010,193,6.701833,RWrist,0.026472,0.02469,-0.00777,-0.00555,0.576863,26.040732,True
KVAL0010,194,6.735177,RWrist,0.030614,-0.01137,-0.019155,0.021,0.975526,24.270793,True
KVAL0010,195,6.768511,RWrist,0.039453,-0.0378,0.01023,-0.0048,1.138878,26.825743,True
KVAL0010,196,6.801855,RWrist,0.056239,-0.03477,0.022155,-0.03825,1.986375,67.667105,True
KVAL0010,197,6.835166,RWrist,0.154035,-0.126435,-0.087975,0.0012,3.857572,57.974249,True
KVAL0010,198,6.8685,RWrist,0.254592,-0.179535,-0.17673,0.03675,3.931513,84.498597,True
KVAL0010,199,6.901844,RWrist,0.335828,-0.17643,-0.128355,0.2553,2.711876,203.109121,True
KVAL0010,200,6.935177,RWrist,0.203495,-0.06969,-0.10389,0.1605,9.656076,119.331649,True
KVAL0010,201,6.9685,RWrist,0.398338,-0.026325,-0.14391,-0.3705,5.858302,239.936149,True
KVAL0010,202,7.001844,RWrist,0.33203,-0.00468,-0.27651,-0.18375,6.700122,108.998638,True
KVAL0010,203,7.035166,RWrist,0.338943,-0.110205,-0.318945,0.0318,3.607879,174.414798,True
KVAL0010,204,7.068511,RWrist,0.457174,0.097335,-0.44442,-0.045,10.748677,339.541043,True
KVAL0010,205,7.101855,RWrist,0.564361,0.366255,0.041625,0.42735,21.948799,,True
KVAL0010,206,7.135188,RWrist,1.151095,-0.017835,0.57834,0.9951,,,False
KVAL0010,207,7.168522,RWrist,,,,,,,True
KVAL0010,208,7.201866,RWrist,,,,,,,False
KVAL0010,209,7.2352,RWrist,,,,,,,False
KVAL0010,210,7.268511,RWrist,,,,,,,False
KVAL0010,211,7.301844,RWrist,,,,,,,False
KVAL0010,212,7.335188,RWrist,,,,,,,True
KVAL0010,213,7.368522,RWrist,0.404877,0.092595,0.338955,-0.20115,,,True
KVAL0010,214,7.401855,RWrist,0.061577,-0.034695,0.04224,-0.02835,4.529384,,True
KVAL0010,215,7.4352,RWrist,0.2341,-0.12846,0.14571,-0.13065,4.693571,83.164047,True
KVAL0010,216,7.468533,RWrist,0.324378,-0.1071,0.19941,0.23235,5.414507,184.734482,True
KVAL0010,217,7.501833,RWrist,0.305425,-0.17481,0.10908,0.22545,7.789652,159.762747,True
KVAL0010,218,7.535166,RWrist,0.287547,-0.130755,0.02202,-0.25515,5.490307,161.557433,True
KVAL0010,219,7.568511,RWrist,0.152835,-0.101715,-0.007125,-0.11385,3.152505,126.472449,True
KVAL0010,220,7.601844,RWrist,0.168815,-0.1605,0.0228,-0.0471,2.946117,33.890702,True
KVAL0010,221,7.635177,RWrist,0.164335,-0.14163,0.04173,0.07215,2.486401,72.115327,True
KVAL0010,222,7.668522,RWrist,0.106074,-0.06027,0.02028,0.0849,1.967982,57.993038,True
KVAL0010,223,7.701844,RWrist,0.119966,-0.11025,-0.03954,-0.02595,1.744555,46.956048,True
KVAL0010,224,7.735177,RWrist,0.052258,-0.043605,-0.01473,-0.02475,2.90029,51.466609,True
KVAL0010,225,7.7685,RWrist,0.141124,0.020925,0.062475,-0.1248,3.109063,64.746167,True
KVAL0010,226,7.801844,RWrist,0.208672,-0.038595,0.176685,-0.1041,2.162936,115.87478,True
KVAL0010,227,7.835177,RWrist,0.132082,-0.035655,0.12687,-0.00885,4.627116,73.531748,True
KVAL0010,228,7.868522,RWrist,0.135141,-0.071985,-0.114165,-0.0069,3.663963,91.037553,True
KVAL0010,229,7.901844,RWrist,0.136869,-0.075045,-0.114195,-0.0078,1.514201,77.327319,True
KVAL0010,230,7.935177,RWrist,0.048842,-0.04539,-0.016785,-0.0066,1.507222,18.832586,True
KVAL0010,231,7.968511,RWrist,0.057529,-0.05424,-0.017235,0.0084,0.613423,21.902111,True
KVAL0010,232,8.001844,RWrist,0.017799,-0.01284,-0.000795,0.0123,0.850495,21.517054,True
KVAL0010,233,8.035166,RWrist,0.048231,-0.02973,0.00498,-0.03765,0.990258,14.606665,True
KVAL0010,234,8.0685,RWrist,0.05897,-0.027795,0.007605,-0.05145,0.496384,23.652859,True
KVAL0010,235,8.101833,RWrist,0.023791,0.000165,0.003375,-0.02355,0.598722,10.034318,True
KVAL0010,236,8.135166,RWrist,0.022162,-0.012885,0.01065,-0.01455,0.50088,6.623814,True
KVAL0010,237,8.168511,RWrist,0.020199,-0.009045,0.017235,0.0054,0.28101,15.361349,True
KVAL0010,238,8.201844,RWrist,0.012567,0.004125,0.009765,-0.00675,0.528605,12.698284,True
KVAL0010,239,8.235166,RWrist,0.023292,0.00717,0.00222,-0.02205,1.062348,21.545667,True
KVAL0010,240,8.2685,RWrist,0.07058,0.042435,0.02376,0.05115,1.134966,35.907975,True
KVAL0010,241,8.301833,RWrist,0.064318,0.049485,0.006915,0.0405,1.505539,30.912916,True
KVAL0010,242,8.335177,RWrist,0.072177,0.05817,-0.01779,-0.03885,0.997308,35.967412,True
KVAL0010,243,8.3685,RWrist,0.051238,0.04452,-0.00081,-0.02535,1.085042,20.044779,True
KVAL0010,244,8.401833,RWrist,0.00057,-0.00045,-0.00018,-0.0003,1.012406,18.071145,True
KVAL0010,245,8.435166,RWrist,0.036666,-0.022155,-0.01116,-0.027,0.5466,10.313746,True
KVAL0010,246,8.4685,RWrist,0.036987,-0.022395,-0.01101,-0.0273,1.008661,15.894648,True
KVAL0010,247,8.501844,RWrist,0.078461,-0.07797,0.00609,0.0063,1.156591,27.428526,True
KVAL0010,248,8.535177,RWrist,0.098236,-0.096885,0.004995,-0.01545,0.825104,32.145176,True
KVAL0010,249,8.568511,RWrist,0.042662,-0.033945,-0.00147,-0.0258,1.013528,10.863904,True
KVAL0010,250,8.601844,RWrist,0.031836,-0.03099,-0.00549,-0.0048,0.121576,17.408255,True
KVAL0010,251,8.635177,RWrist,0.045039,-0.03078,-0.00465,-0.03255,0.63483,4.973799,True
KVAL0010,252,8.668511,RWrist,0.049102,-0.020205,0.004245,-0.04455,0.29361,15.783369,True
KVAL0010,253,8.701833,RWrist,0.032922,-0.015735,0.007035,-0.02805,0.468047,5.531101,True
KVAL0010,254,8.735166,RWrist,0.018433,-0.010245,0.003135,-0.015,0.392814,4.914322,True
KVAL0010,255,8.7685,RWrist,0.00704,-0.00183,0.00081,-0.00675,0.173072,8.47663,True
KVAL0010,256,8.801833,RWrist,0.007545,-0.00201,0.00102,-0.0072,0.37874,6.162607,True
KVAL0010,257,8.835166,RWrist,0.024519,-0.01743,0.016275,0.0057,0.32722,26.80272,True
KVAL0010,258,8.868511,RWrist,0.022063,-0.015315,0.01578,0.0018,1.531444,22.49447,True
KVAL0010,259,8.901844,RWrist,0.093963,0.03939,0.038355,-0.0762,1.38798,44.537374,True
KVAL0010,260,8.935177,RWrist,0.095654,0.015915,0.057975,-0.0744,1.455461,40.147538,True
KVAL0010,261,8.9685,RWrist,0.039337,-0.030765,0.02178,-0.01125,1.296413,26.844141,True
KVAL0010,262,9.001844,RWrist,0.018817,-0.01353,0.00759,-0.01065,0.338789,20.184119,True
KVAL0010,263,9.035177,RWrist,0.043371,-0.017145,0.02829,-0.02805,0.154147,11.808627,True
KVAL0010,264,9.068522,RWrist,0.017003,-0.007065,0.01419,-0.00615,0.566658,14.504536,True
KVAL0010,265,9.101833,RWrist,0.024039,-0.01572,-0.00765,-0.0165,0.848959,15.037676,True
KVAL0010,266,9.135177,RWrist,0.067573,-0.04326,0.01515,-0.04965,0.725417,41.85851,True
KVAL0010,267,9.168511,RWrist,0.03345,-0.014325,0.01575,0.0258,2.052865,19.656604,True
KVAL0010,268,9.201855,RWrist,0.085213,-0.018615,-0.03714,0.0744,0.903582,51.701973,True
KVAL0010,269,9.235166,RWrist,0.061178,-0.02037,-0.04278,0.0387,1.498646,26.251909,True
KVAL0010,270,9.268511,RWrist,0.018113,0.012045,-0.00087,-0.0135,0.935372,31.384617,True
KVAL0010,271,9.301844,RWrist,0.004504,0.00312,-0.00219,-0.0024,0.603886,13.256652,True
KVAL0010,272,9.335188,RWrist,0.024819,-0.00204,-0.00708,0.0237,0.073756,12.290416,True
KVAL0010,273,9.3685,RWrist,0.009103,0.006105,-0.00243,-0.0063,0.341158,10.142985,True
KVAL0010,274,9.401844,RWrist,0.023463,-0.01086,-0.01962,0.0069,0.610359,11.621371,True
KVAL0010,275,9.435177,RWrist,0.034431,-0.01551,-0.019935,0.0234,0.60063,20.509733,True
KVAL0010,276,9.468511,RWrist,0.030606,0.02763,-0.01302,-0.00195,0.920691,20.982819,True
KVAL0010,277,9.501844,RWrist,0.055417,0.03999,-0.0381,0.0045,0.989994,26.363397,True
KVAL0010,278,9.535177,RWrist,0.072925,0.01014,-0.05787,0.0432,0.899077,23.138928,True
KVAL0010,279,9.5685,RWrist,0.057032,0.000465,-0.029595,0.04875,0.904464,12.044278,True
KVAL0010,280,9.601844,RWrist,0.061936,-0.008835,-0.00354,0.0612,0.33248,24.925805,True
KVAL0010,281,9.635177,RWrist,0.050963,-0.01104,-0.01065,0.0486,0.8975,13.560473,True
KVAL0010,282,9.668522,RWrist,0.03119,0.01527,-0.02496,0.0108,0.703814,16.332963,True
KVAL0010,283,9.701844,RWrist,0.02695,0.014355,-0.020325,0.01035,0.46778,12.843682,True
KVAL0010,284,9.735177,RWrist,2.1e-05,-1.5e-05,-1.5e-05,0.0,0.404248,12.996501,True
KVAL0010,285,9.768511,RWrist,0.0,0.0,0.0,0.0,0.56305,18.908811,True
KVAL0010,286,9.801844,RWrist,0.037541,-0.004005,-0.005625,0.0369,1.060578,29.180587,True
KVAL0010,287,9.835166,RWrist,0.070705,0.02709,-0.040035,-0.0516,1.410115,42.776074,True
KVAL0010,288,9.868511,RWrist,0.060593,0.03894,0.011985,-0.04485,1.86165,30.883283,True
KVAL0010,289,9.901833,RWrist,0.068271,0.035055,0.03822,0.0444,0.685613,39.603924,True
KVAL0010,290,9.935177,RWrist,0.033913,0.03303,-0.006795,-0.0036,0.805442,27.145227,True
KVAL0010,291,9.968511,RWrist,0.026708,0.0225,-0.00408,0.0138,2.074146,36.141039,True
KVAL0010,292,10.001844,RWrist,0.145201,0.071355,0.058335,0.1122,1.634616,65.579932,True
KVAL0010,293,10.035166,RWrist,0.127214,0.06258,0.054975,0.09615,2.557338,73.528243,True
KVAL0010,294,10.068511,RWrist,0.078723,-0.06168,-0.02295,0.0432,3.513101,41.084665,True
KVAL0010,295,10.101833,RWrist,0.138356,-0.136125,0.01356,-0.0207,1.973112,73.118492,True
KVAL0010,296,10.135177,RWrist,0.125956,-0.09924,0.047265,-0.0615,1.456057,60.598212,True
KVAL0010,297,10.168511,RWrist,0.049035,-0.04029,0.02565,-0.0111,2.400309,19.167562,True
KVAL0010,298,10.201844,RWrist,0.067637,0.02727,0.050025,0.03645,2.020581,39.54704,True
KVAL0010,299,10.235177,RWrist,0.120397,0.050175,0.084585,0.06945,0.247584,55.229792,True
KVAL0010,300,10.268511,RWrist,0.054199,0.0165,0.045225,0.0249,1.721233,60.986959,True
KVAL0010,301,10.301855,RWrist,0.005806,0.001215,0.00462,0.0033,4.232587,90.038602,True
KVAL0010,302,10.335188,RWrist,0.276489,-0.05094,0.143145,-0.231,5.93436,105.465671,True
KVAL0010,303,10.368522,RWrist,0.395262,0.039495,0.202905,-0.3369,3.069094,182.282661,True
KVAL0010,304,10.401866,RWrist,0.164595,0.095085,0.093375,-0.0966,6.272633,37.824458,True
KVAL0010,305,10.4352,RWrist,0.086036,0.01773,0.062505,0.0564,3.161324,90.172258,True
KVAL0010,306,10.4685,RWrist,0.123786,0.09228,-0.022605,0.07935,2.964319,41.910357,True
KVAL0010,307,10.501844,RWrist,0.179606,0.131355,-0.098325,0.07305,1.631626,61.348622,False
KVAL0010,308,10.535166,RWrist,0.169776,0.08352,-0.13056,0.0693,1.633961,63.649455,False
KVAL0010,309,10.5685,RWrist,0.10502,0.04017,-0.09609,0.0135,3.325471,22.574858,True
KVAL0010,310,10.601833,RWrist,0.135563,-0.112305,-0.02664,0.0711,2.196925,85.325237,True
KVAL0010,311,10.635166,RWrist,0.144902,-0.103995,-0.093,0.03915,2.702649,55.736244,True
KVAL0010,312,10.6685,RWrist,0.0921,0.017145,-0.079995,-0.0423,1.884701,69.806793,True
KVAL0010,313,10.701833,RWrist,0.112522,-0.007845,-0.0438,0.10335,2.263663,27.395362,True
KVAL0010,314,10.735166,RWrist,0.111501,0.00147,-0.042555,0.10305,1.282014,16.874473,True
KVAL0010,315,10.7685,RWrist,0.071277,0.04749,-0.002355,0.0531,1.676187,44.674199,True
KVAL0010,316,10.801833,RWrist,0.209956,0.044115,-0.021405,0.20415,1.788321,71.35225,True
KVAL0010,317,10.835177,RWrist,0.160683,-0.00336,-0.021885,0.15915,3.136502,61.84297,True
KVAL0010,318,10.8685,RWrist,0.009734,-0.00921,-0.00096,0.003,2.425255,46.956435,True
KVAL0010,319,10.901833,RWrist,0.001966,9e-05,0.001815,-0.00075,0.146006,36.60797,True
KVAL0010,320,10.935177,RWrist,0.0,0.0,0.0,0.0,0.029489,11.430451,True
KVAL0010,321,10.968511,RWrist,0.0,0.0,0.0,0.0,0.701094,10.223172,True
KVAL0010,322,11.001833,RWrist,0.04674,-0.00039,-0.01548,0.0441,0.700807,21.153372,True
KVAL0010,323,11.035177,RWrist,0.04672,-0.000465,-0.01542,0.0441,0.710503,21.321518,True
KVAL0010,324,11.068511,RWrist,0.004196,-0.00318,0.0027,0.00045,0.722957,10.156552,True
KVAL0010,325,11.101844,RWrist,0.005625,-0.003885,0.004065,0.00015,0.061578,10.805124,True
KVAL0010,326,11.135166,RWrist,0.003609,-9e-05,0.00282,-0.00225,0.085473,1.460701,True
KVAL0010,327,11.1685,RWrist,0.002495,0.00069,0.001395,-0.00195,0.054131,1.521844,True
KVAL0010,328,11.201833,RWrist,0.0,0.0,0.0,0.0,0.037424,0.811966,True
KVAL0010,329,11.235166,RWrist,0.0,0.0,0.0,0.0,0.0,0.561357,True
KVAL0010,330,11.2685,RWrist,0.0,0.0,0.0,0.0,0.0,0.0,True
KVAL0010,331,11.301833,RWrist,0.0,0.0,0.0,0.0,0.0,0.0,True
KVAL0010,332,11.335166,RWrist,0.0,0.0,0.0,0.0,0.0,9.191298,True
KVAL0010,333,11.368511,RWrist,0.0,0.0,0.0,0.0,0.612753,12.656364,True
KVAL0010,334,11.401833,RWrist,0.04085,0.013365,0.007065,0.03795,0.843758,16.061048,True
KVAL0010,335,11.435177,RWrist,0.056251,0.006795,0.02307,0.05085,0.499732,23.100476,True
KVAL0010,336,11.468511,RWrist,0.021491,-0.006495,0.016035,0.01275,0.700565,9.743466,True
KVAL0010,337,11.501855,RWrist,0.012245,0.008115,0.003315,0.00855,0.451991,24.347214,True
KVAL0010,338,11.535166,RWrist,0.010601,0.007485,-0.00153,-0.00735,2.245114,22.475863,True
KVAL0010,339,11.568511,RWrist,0.141434,0.01086,-0.00213,-0.141,1.735975,66.052865,True
KVAL0010,340,11.601833,RWrist,0.123213,0.00804,0.007845,-0.1227,2.1621,48.316227,True
KVAL0010,341,11.635166,RWrist,0.006563,-0.003375,0.00516,0.00225,1.546046,40.508292,True
KVAL0010,342,11.668511,RWrist,0.043591,-0.011445,0.0339,-0.0249,0.873251,20.780885,True
KVAL0010,343,11.701844,RWrist,0.061916,-0.010545,0.053295,-0.0297,0.394991,26.666517,True
KVAL0010,344,11.735166,RWrist,0.02146,-0.000225,0.02088,-0.00495,0.905758,11.206977,True
KVAL0010,345,11.768511,RWrist,0.001869,-0.001125,0.001485,-0.00015,0.488985,22.682289,True
KVAL0010,346,11.801833,RWrist,0.046869,0.02049,0.03186,-0.0276,0.695246,17.501719,True
KVAL0010,347,11.835177,RWrist,0.046922,0.02052,0.03192,-0.0276,0.70222,20.982424,True
KVAL0010,348,11.868511,RWrist,6.7e-05,3e-05,6e-05,0.0,0.703837,10.52118,True
KVAL0010,349,11.901844,RWrist,0.0,0.0,0.0,0.0,0.001006,10.557552,True
KVAL0010,350,11.935177,RWrist,0.0,0.0,0.0,0.0,0.0,0.015093,True
KVAL0010,351,11.968522,RWrist,0.0,0.0,0.0,0.0,0.0,0.0,True
KVAL0010,352,12.001833,RWrist,0.0,0.0,0.0,0.0,0.0,0.0,True
KVAL0010,353,12.035166,RWrist,0.0,0.0,0.0,0.0,0.0,0.0,True
KVAL0010,354,12.068511,RWrist,0.0,0.0,0.0,0.0,0.0,0.0,True
KVAL0010,355,12.101844,RWrist,0.0,0.0,0.0,0.0,0.0,7.614706,True
KVAL0010,356,12.135166,RWrist,0.0,0.0,0.0,0.0,0.507647,7.616544,True
KVAL0010,357,12.168511,RWrist,0.033843,-0.02754,-0.01842,-0.0069,0.50777,15.227576,True
KVAL0010,358,12.201833,RWrist,0.033851,-0.02754,-0.018435,-0.0069,0.507525,15.233087,True
KVAL0010,359,12.235177,RWrist,1.5e-05,0.0,-1.5e-05,0.0,0.50777,7.611034,True
KVAL0010,360,12.2685,RWrist,0.0,0.0,0.0,0.0,0.000225,8.138856,True
KVAL0010,361,12.301844,RWrist,0.0,0.0,0.0,0.0,0.045746,1.015365,True
KVAL0010,362,12.335177,RWrist,0.00305,-0.000765,-0.00234,-0.0018,0.067524,1.032761,True
KVAL0010,363,12.368522,RWrist,0.004502,-0.001635,-0.00333,-0.00255,0.024293,1.496461,True
KVAL0010,364,12.401833,RWrist,0.001667,-0.000975,-0.001125,-0.00075,0.06293,1.606333,True
KVAL0010,365,12.435166,RWrist,0.005612,-0.00417,-0.00021,-0.00375,0.107077,16.202015,True
KVAL0010,366,12.4685,RWrist,0.008036,-0.007155,0.001215,-0.00345,1.128121,33.016886,True
KVAL0010,367,12.501833,RWrist,0.078498,-0.0132,0.04923,-0.0597,2.260777,17.613954,True
KVAL0010,368,12.535166,RWrist,0.154925,-0.02022,0.09588,-0.12,2.296831,1.972641,True
KVAL0010,0,0.0,LShoulder,0.001704,0.00084,0.00087,0.0012,0.006203,153.665376,True
KVAL0010,1,0.301866,LShoulder,0.001902,0.000885,0.001005,0.00135,5.125512,156.832629,True
KVAL0010,2,0.335166,LShoulder,0.343002,0.321585,0.06702,0.0987,10.457946,84.563098,True
KVAL0010,3,0.368511,LShoulder,0.698396,0.671835,-0.012705,0.19035,2.230049,314.205846,True
KVAL0010,4,0.401833,LShoulder,0.370333,0.34899,-0.079065,0.0954,10.489143,100.841856,True
KVAL0010,5,0.435166,LShoulder,0.003477,-0.001755,9e-05,0.003,5.555418,157.253532,True
KVAL0010,6,0.468511,LShoulder,3e-05,-3e-05,0.0,0.0,0.172588,83.088909,True
KVAL0010,7,0.501844,LShoulder,0.014919,-0.00528,0.00033,0.01395,0.22814,5.806896,True
KVAL0010,8,0.535166,LShoulder,0.01522,-0.00534,0.000255,0.01425,0.214693,22.065382,True
KVAL0010,9,0.568511,LShoulder,0.00062,-0.000135,-7.5e-05,0.0006,1.597852,28.287697,True
KVAL0010,10,0.601833,LShoulder,0.116347,0.05052,-0.01215,0.1041,1.734996,50.067993,True
KVAL0010,11,0.635177,LShoulder,0.116151,0.050685,-0.01215,0.1038,1.744624,52.158822,True
KVAL0010,12,0.6685,LShoulder,9e-05,9e-05,0.0,0.0,1.742264,25.397364,True
KVAL0010,13,0.701844,LShoulder,0.0,0.0,0.0,0.0,0.081335,25.964383,True
KVAL0010,14,0.735166,LShoulder,0.005453,0.00192,-0.001245,-0.00495,0.107357,2.482885,True
KVAL0010,15,0.768511,LShoulder,0.007157,0.005715,-0.00147,-0.00405,0.093409,3.220712,True
KVAL0010,16,0.801844,LShoulder,0.003907,0.003795,-0.000225,0.0009,0.107357,1.991516,True
KVAL0010,17,0.835177,LShoulder,0.0,0.0,0.0,0.0,0.058601,1.610356,True
KVAL0010,18,0.868511,LShoulder,0.0,0.0,0.0,0.0,0.0,0.879017,True
KVAL0010,19,0.901855,LShoulder,0.0,0.0,0.0,0.0,0.0,0.03635,True
KVAL0010,20,0.935177,LShoulder,0.0,0.0,0.0,0.0,0.002423,0.03635,True
KVAL0010,21,0.968522,LShoulder,0.000162,0.0,6e-05,0.00015,0.002423,0.0727,True
KVAL0010,22,1.001833,LShoulder,0.000162,0.0,6e-05,0.00015,0.002423,0.0727,True
KVAL0010,23,1.035177,LShoulder,0.0,0.0,0.0,0.0,0.002423,0.03635,True
KVAL0010,24,1.068511,LShoulder,0.0,0.0,0.0,0.0,0.0,0.03635,True
KVAL0010,25,1.101844,LShoulder,0.0,0.0,0.0,0.0,0.0,10.110721,True
KVAL0010,26,1.135188,LShoulder,0.0,0.0,0.0,0.0,0.674048,10.119455,True
KVAL0010,27,1.168522,LShoulder,0.044937,0.04212,0.014805,-0.0051,0.67463,20.215475,True
KVAL0010,28,1.201855,LShoulder,0.044975,0.042135,0.01488,-0.0051,0.673653,20.241649,True
KVAL0010,29,1.2352,LShoulder,0.000176,1.5e-05,9e-05,0.00015,0.674815,10.099013,True
KVAL0010,30,1.268533,LShoulder,0.000151,0.0,1.5e-05,0.00015,0.002634,16.91117,True
KVAL0010,31,1.301844,LShoulder,0.0,0.0,0.0,0.0,0.552305,8.524198,True
KVAL0010,32,1.335177,LShoulder,0.036919,0.027495,0.006735,0.0237,0.566391,53.333053,True
KVAL0010,33,1.368511,LShoulder,0.037759,0.02775,0.00711,0.0246,3.041051,57.114219,True
KVAL0010,34,1.401855,LShoulder,0.169379,-0.089685,0.035625,-0.1392,3.312437,101.881934,True
KVAL0010,35,1.435166,LShoulder,0.189598,-0.05622,-0.123465,-0.13245,4.115204,90.88332,True
KVAL0010,36,1.4685,LShoulder,0.162914,0.0351,-0.15885,0.0087,2.766797,66.473887,True
KVAL0010,37,1.501844,LShoulder,0.05011,0.03873,-0.031575,-0.00375,2.036262,30.328138,True
KVAL0010,38,1.535177,LShoulder,0.156291,0.115995,-0.07266,0.07545,1.11752,57.388695,True
KVAL0010,39,1.568511,LShoulder,0.091539,0.08841,0.023475,0.00345,3.45567,39.957927,True
KVAL0010,40,1.601855,LShoulder,0.167623,0.11088,0.093255,-0.0843,1.801863,116.458331,True
KVAL0010,41,1.635177,LShoulder,0.105799,0.038205,-0.047085,0.0867,4.612076,42.845506,True
KVAL0010,42,1.668522,LShoulder,0.151542,-0.040335,-0.068535,0.129,1.117659,127.052796,True
KVAL0010,43,1.701833,LShoulder,0.078765,0.06912,-0.03159,0.0207,4.110738,53.514212,True
KVAL0010,44,1.735177,LShoulder,0.134518,-0.03174,0.09171,-0.09315,3.671199,118.248637,True
KVAL0010,45,1.768511,LShoulder,0.174707,-0.083955,0.130515,-0.08025,3.86824,113.057225,True
KVAL0010,46,1.801844,LShoulder,0.166576,-0.117,-0.03963,0.11175,4.266771,98.60693,True
KVAL0010,47,1.835166,LShoulder,0.151597,-0.070215,-0.08745,0.102,3.476684,91.532971,True
KVAL0010,48,1.868511,LShoulder,0.108947,0.087105,-0.06525,0.00495,2.41242,72.318318,True
KVAL0010,49,1.901833,LShoulder,0.051812,0.04614,-0.017535,0.01575,1.632324,41.557241,True
KVAL0010,50,1.935177,LShoulder,0.000223,0.000165,0.0,-0.00015,0.776973,24.456812,True
KVAL0010,51,1.9685,LShoulder,1.5e-05,1.5e-05,0.0,0.0,0.003345,11.651592,True
KVAL0010,52,2.001833,LShoulder,0.0,0.0,0.0,0.0,0.000225,17.777572,True
KVAL0010,53,2.035177,LShoulder,0.0,0.0,0.0,0.0,1.185763,57.846084,True
KVAL0010,54,2.068511,LShoulder,0.079051,0.034005,0.041085,0.05835,3.856298,26.482867,True
KVAL0010,55,2.101833,LShoulder,0.257087,0.123165,0.01914,0.22485,1.118926,1236.239232,True
KVAL0010,56,2.135177,LShoulder,0.09886,0.09126,-0.00216,0.03795,80.308983,1186.604815,False
KVAL0010,57,2.168511,LShoulder,5.222353,-5.215245,-0.263655,-0.0684,78.315685,2895.103621,True
KVAL0010,58,2.201855,LShoulder,5.125425,-5.07321,-0.147885,-0.7146,117.055197,,True
KVAL0010,59,2.235177,LShoulder,3.564026,2.023425,0.406485,-2.90565,,,True
KVAL0010,60,2.268511,LShoulder,,,,,,,False
KVAL0010,61,2.301833,LShoulder,,,,,,,False
KVAL0010,62,2.335177,LShoulder,,,,,,,False
KVAL0010,63,2.3685,LShoulder,,,,,,,False
KVAL0010,64,2.401833,LShoulder,,,,,,,False
KVAL0010,65,2.435166,LShoulder,,,,,,,True
KVAL0010,66,2.4685,LShoulder,0.295319,-0.099465,-0.230385,0.1557,,,True
KVAL0010,67,2.501844,LShoulder,0.085782,-0.00327,-0.03522,0.07815,6.691219,,True
KVAL0010,68,2.535188,LShoulder,0.167355,0.056205,0.157635,0.00015,3.071399,109.024562,True
KVAL0010,69,2.5685,LShoulder,0.151339,0.05562,0.14046,-0.009,0.991066,68.323377,True
KVAL0010,70,2.601844,LShoulder,0.138754,0.09312,0.102855,0.0015,1.642343,17.203178,True
KVAL0010,71,2.635177,LShoulder,0.096822,0.08247,0.041445,0.02925,1.606205,33.088905,True
KVAL0010,72,2.668511,LShoulder,0.075363,0.07413,-0.001455,-0.0135,1.161067,109.995236,True
KVAL0010,73,2.701833,LShoulder,0.048523,0.005115,0.038715,0.0288,6.67112,65.653367,True
KVAL0010,74,2.735166,LShoulder,0.434695,0.057375,0.081315,0.42315,3.68866,222.988562,True
KVAL0010,75,2.7685,LShoulder,0.28285,0.122865,0.088785,0.2388,8.245652,119.386533,True
KVAL0010,76,2.801844,LShoulder,0.151222,0.051105,0.06561,-0.1263,4.293036,116.841497,True
KVAL0010,77,2.835166,LShoulder,0.045285,0.025065,0.02946,-0.02355,0.722252,43.07797,True
KVAL0010,78,2.8685,LShoulder,0.166464,0.0477,0.02859,-0.1569,1.948031,36.491312,True
KVAL0010,79,2.901844,LShoulder,0.163232,0.041835,0.04407,-0.1515,1.905963,62.313028,True
KVAL0010,80,2.935177,LShoulder,0.0519,0.017175,0.03549,-0.03375,2.252437,29.560035,True
KVAL0010,81,2.968511,LShoulder,0.068351,0.065865,0.017355,-0.0057,0.978289,75.274091,True
KVAL0010,82,3.001855,LShoulder,0.089451,0.075555,0.04734,-0.0072,2.769979,57.520612,True
KVAL0010,83,3.035177,LShoulder,0.189827,0.021585,0.04851,-0.18225,3.176473,75.215849,True
KVAL0010,84,3.068522,LShoulder,0.215726,0.0369,0.01122,-0.21225,2.265616,105.070422,True
KVAL0010,85,3.101844,LShoulder,0.059816,0.043455,-0.0006,-0.0411,4.489995,17.740527,True
KVAL0010,86,3.135177,LShoulder,0.140635,-0.08013,-0.110115,0.0351,2.136221,104.853744,True
KVAL0010,87,3.1685,LShoulder,0.107827,0.003255,-0.084855,0.06645,3.674111,65.460996,True
KVAL0010,88,3.201844,LShoulder,0.141062,0.12633,0.019365,0.0597,2.795051,140.97939,True
KVAL0010,89,3.235166,LShoulder,0.143889,-0.096945,-0.058935,-0.0885,5.798617,106.944843,True
KVAL0010,90,3.2685,LShoulder,0.252806,-0.220365,-0.11502,-0.04605,4.627034,162.490076,True
KVAL0010,91,3.301833,LShoulder,0.22381,-0.068715,-0.000165,0.213,5.246448,116.355107,True
KVAL0010,92,3.335177,LShoulder,0.157965,0.0126,0.063705,0.144,3.331027,85.563316,True
KVAL0010,93,3.3685,LShoulder,0.003207,0.00078,0.002295,0.0021,1.077407,111.523824,True
KVAL0010,94,3.401844,LShoulder,0.192971,-0.034365,0.03093,0.18735,4.1961,40.879766,True
KVAL0010,95,3.435177,LShoulder,0.282074,-0.00708,0.03423,0.2799,1.725621,110.264643,True
KVAL0010,96,3.468522,LShoulder,0.115657,0.04359,0.030315,0.10275,3.158495,32.624672,True
KVAL0010,97,3.501844,LShoulder,0.073582,0.00324,0.022755,0.0699,1.175835,31.956084,True
KVAL0010,98,3.535188,LShoulder,0.062094,-0.012975,-0.00387,0.0606,1.089382,25.805063,True
KVAL0010,99,3.5685,LShoulder,0.001088,0.000555,0.000255,0.0009,1.222498,34.380623,True
KVAL0010,100,3.601844,LShoulder,0.045243,0.04194,-0.016875,0.0018,1.881671,94.355059,True
KVAL0010,101,3.635177,LShoulder,0.125843,0.05898,-0.100125,0.0483,5.503219,46.592967,True
KVAL0010,102,3.668511,LShoulder,0.379524,0.06372,-0.14511,0.34485,3.120859,264.439622,True
KVAL0010,103,3.701844,LShoulder,0.274962,0.029445,-0.10047,0.25425,12.153158,229.032932,True
KVAL0010,104,3.735177,LShoulder,0.440391,-0.01803,0.050625,-0.4371,12.212319,185.876619,True
KVAL0010,105,3.768522,LShoulder,0.553635,-0.01593,-0.00789,-0.55335,1.603412,208.460084,True
KVAL0010,106,3.801855,LShoulder,0.451939,-0.07812,-0.037545,-0.44355,2.073724,37.71306,True
KVAL0010,107,3.835188,LShoulder,0.449984,-0.094785,-0.00882,-0.4398,3.165338,63.094792,True
KVAL0010,108,3.868533,LShoulder,0.416048,-0.047865,-0.22317,-0.34785,4.231816,100.377622,True
KVAL0010,109,3.901866,LShoulder,0.30699,0.047655,-0.166005,-0.2538,5.667562,69.885223,True
KVAL0010,110,3.935177,LShoulder,0.103561,0.083715,-0.0204,-0.05745,6.235818,76.53294,True
KVAL0010,111,3.968511,LShoulder,0.248946,0.203205,-0.077175,0.12135,5.665556,104.627239,True
KVAL0010,112,4.001833,LShoulder,0.375765,0.20538,-0.155175,0.27375,2.437869,152.175893,True
KVAL0010,113,4.035177,LShoulder,0.196316,0.047835,-0.092085,0.16665,4.522626,59.242454,True
KVAL0010,114,4.0685,LShoulder,0.080254,0.061575,-0.035415,0.03735,2.603159,88.819977,True
KVAL0010,115,4.101844,LShoulder,0.11693,0.040395,-0.109575,-0.00585,2.676877,96.226694,True
KVAL0010,116,4.135177,LShoulder,0.186425,-0.050265,-0.03333,0.1764,4.160861,96.837941,True
KVAL0010,117,4.168511,LShoulder,0.214057,-0.05115,0.05001,0.20175,3.930673,124.350715,True
KVAL0010,118,4.201833,LShoulder,0.081853,0.03843,0.04305,-0.05805,4.560456,59.857481,True
KVAL0010,119,4.235177,LShoulder,0.113198,0.052155,0.054885,-0.08415,0.229542,72.810979,True
KVAL0010,120,4.2685,LShoulder,0.077076,0.023265,0.04242,-0.06,1.124304,7.169426,True
KVAL0010,121,4.301844,LShoulder,0.135887,-0.00831,0.09816,-0.0936,0.691956,39.592684,True
KVAL0010,122,4.335177,LShoulder,0.092893,-0.019065,0.047205,-0.0777,1.803673,74.462836,True
KVAL0010,123,4.368511,LShoulder,0.028151,-0.00045,-0.00234,-0.02805,4.829206,46.009628,True
KVAL0010,124,4.401844,LShoulder,0.243391,-0.105435,-0.101355,0.19455,4.144719,130.299067,True
KVAL0010,125,4.435177,LShoulder,0.254392,-0.11172,-0.103635,0.2037,3.880699,119.34284,True
KVAL0010,126,4.4685,LShoulder,0.022096,-0.001365,0.020265,-0.0087,3.815879,86.85465,True
KVAL0010,127,4.501844,LShoulder,0.0,0.0,0.0,0.0,1.944056,82.683942,True
KVAL0010,128,4.535177,LShoulder,0.112603,-0.02532,-0.04914,0.0981,1.727635,94.692637,True
KVAL0010,129,4.568511,LShoulder,0.115176,-0.02574,-0.051795,0.0996,5.810021,143.489961,True
KVAL0010,130,4.601833,LShoulder,0.381588,-0.113535,-0.33069,-0.15285,8.402084,166.273442,True
KVAL0010,131,4.635177,LShoulder,0.497331,-0.05235,-0.264495,-0.4179,7.06428,248.854222,True
KVAL0010,132,4.6685,LShoulder,0.334363,0.03168,0.084135,-0.32205,8.235149,313.280044,True
KVAL0010,133,4.701833,LShoulder,0.134157,-0.10455,-0.033165,0.07725,16.090447,52.331404,True
KVAL0010,134,4.735166,LShoulder,0.750938,-0.287325,-0.07389,0.68985,8.358847,394.468825,True
KVAL0010,135,4.768511,LShoulder,0.662956,-0.24306,-0.01323,0.61665,10.230735,287.769581,True
KVAL0010,136,4.801844,LShoulder,0.070765,-0.03126,0.007845,0.063,10.846989,133.231343,True
KVAL0010,137,4.835177,LShoulder,0.151525,-0.11772,0.00075,-0.0954,3.032938,180.240807,True
KVAL0010,138,4.868522,LShoulder,0.180281,-0.14304,0.03891,-0.1026,2.074398,86.461984,True
KVAL0010,139,4.901855,LShoulder,0.044473,-0.0186,0.03975,-0.0072,2.852964,35.740522,True
KVAL0010,140,4.935188,LShoulder,0.014936,0.01455,0.002025,-0.0027,0.946534,46.931754,True
KVAL0010,141,4.968533,LShoulder,0.023928,-0.001485,-0.02082,-0.0117,0.46513,19.008883,True
KVAL0010,142,5.001866,LShoulder,0.022825,-0.00648,-0.01974,-0.00945,0.362133,11.509952,True
KVAL0010,143,5.035177,LShoulder,0.006203,0.00417,0.00147,-0.00435,0.314528,5.823746,True
KVAL0010,144,5.068511,LShoulder,0.004662,0.001365,-0.000975,-0.00435,0.093289,4.000624,True
KVAL0010,145,5.101833,LShoulder,3.4e-05,-3e-05,1.5e-05,0.0,0.121479,22.325918,True
KVAL0010,146,5.135177,LShoulder,0.003873,0.000675,0.002355,0.003,1.5275,17.026788,True
KVAL0010,147,5.1685,LShoulder,0.101864,-0.09786,0.010515,-0.02625,1.065265,58.236819,True
KVAL0010,148,5.201833,LShoulder,0.069134,-0.036975,0.02499,-0.0528,2.392745,31.468204,True
KVAL0010,149,5.235166,LShoulder,0.068078,0.061515,0.016785,-0.02385,1.033299,56.787485,True
KVAL0010,150,5.268511,LShoulder,0.000315,-7.5e-05,-6e-05,-0.0003,1.481792,21.385686,True
KVAL0010,151,5.301844,LShoulder,0.030868,-0.0276,-0.00456,0.01305,0.522679,36.415716,True
KVAL0010,152,5.335177,LShoulder,0.034869,-0.02817,0.02055,0.0,1.174893,27.592748,True
KVAL0010,153,5.3685,LShoulder,0.061963,-0.00579,0.03288,-0.0522,1.50225,30.663974,True
KVAL0010,154,5.401844,LShoulder,0.086165,0.064815,0.055035,0.01395,1.04851,56.187575,True
KVAL0010,155,5.435177,LShoulder,0.035437,0.02382,0.024045,0.0105,2.37446,93.60602,True
KVAL0010,156,5.468511,LShoulder,0.085709,-0.03681,-0.03228,-0.07035,5.222946,54.967367,True
KVAL0010,157,5.501844,LShoulder,0.339473,-0.03549,0.079785,-0.32805,3.323368,156.706277,True
KVAL0010,158,5.535188,LShoulder,0.279198,-0.001305,0.04212,-0.276,5.54627,145.310242,True
KVAL0010,159,5.5685,LShoulder,0.186501,0.174525,-0.04311,-0.04965,8.216255,79.9346,True
KVAL0010,160,5.601833,LShoulder,0.475466,0.42978,0.202215,0.0216,3.945897,215.888132,True
KVAL0010,161,5.635166,LShoulder,0.338061,0.290745,0.14724,0.08985,6.304408,117.252034,True
KVAL0010,162,5.6685,LShoulder,0.337884,0.179085,0.053925,-0.2814,4.686332,179.795809,True
KVAL0010,163,5.701844,LShoulder,0.349786,0.241875,0.12759,-0.2181,7.829646,196.994857,True
KVAL0010,164,5.735177,LShoulder,0.21041,0.016965,-0.0318,0.2073,9.444942,133.861759,True
KVAL0010,165,5.7685,LShoulder,0.306501,-0.07155,-0.07944,0.28725,2.430651,204.332126,True
KVAL0010,166,5.801844,LShoulder,0.158335,-0.11196,-0.02334,0.1095,4.643691,55.726764,True
KVAL0010,167,5.835166,LShoulder,0.075571,-0.07341,-0.0105,-0.01455,2.013154,76.889163,True
KVAL0010,168,5.868511,LShoulder,0.046535,0.003795,0.001665,0.04635,0.643463,45.622157,True
KVAL0010,169,5.901844,LShoulder,0.048787,-0.04347,-0.01557,0.01575,1.586047,19.814505,True
KVAL0010,170,5.935177,LShoulder,0.082188,-0.07911,-0.01392,-0.0174,0.813194,34.309292,True
KVAL0010,171,5.968511,LShoulder,0.086947,-0.08352,0.020805,0.0123,0.719781,30.695048,True
KVAL0010,172,6.001855,LShoulder,0.048893,-0.046935,0.00501,0.01275,1.303668,11.541845,True
KVAL0010,173,6.035177,LShoulder,0.000151,-1.5e-05,0.0,0.00015,0.7334,19.547085,True
KVAL0010,174,6.068522,LShoulder,0.0,0.0,0.0,0.0,0.002261,20.305002,True
KVAL0010,175,6.101833,LShoulder,0.0,0.0,0.0,0.0,0.973731,25.881154,True
KVAL0010,176,6.135177,LShoulder,0.064915,-0.00216,-0.02196,0.06105,1.723657,28.442326,True
KVAL0010,177,6.168511,LShoulder,0.11491,0.06333,-0.00255,0.09585,1.225323,39.827562,True
KVAL0010,178,6.201844,LShoulder,0.076121,0.066345,0.01386,0.03465,1.043993,28.934785,True
KVAL0010,179,6.235166,LShoulder,0.069022,0.05709,0.022845,0.03135,2.976733,27.950034,True
KVAL0010,180,6.268511,LShoulder,0.266001,0.227325,0.128955,0.0495,1.460524,103.810271,True
KVAL0010,181,6.301833,LShoulder,0.163581,0.14985,0.05052,0.04185,3.972577,37.830826,True
KVAL0010,182,6.335166,LShoulder,0.088465,0.028275,-0.0444,0.0711,1.109729,100.725577,True
KVAL0010,183,6.368511,LShoulder,0.098846,0.07887,0.05553,0.0216,3.245736,18.557359,True
KVAL0010,184,6.401844,LShoulder,0.157778,0.09627,0.100005,-0.075,1.173584,76.14989,True
KVAL0010,185,6.435166,LShoulder,0.124441,0.066885,0.0948,-0.045,2.117261,18.535236,True
KVAL0010,186,6.468511,LShoulder,0.0508,-0.020865,0.03579,-0.0294,1.067639,51.648902,True
KVAL0010,187,6.501844,LShoulder,0.109036,0.01155,0.07035,-0.0825,1.32967,24.052628,True
KVAL0010,188,6.535177,LShoulder,0.111142,0.04977,0.08313,-0.05445,1.194871,43.286438,True
KVAL0010,189,6.5685,LShoulder,0.035467,0.00672,0.007305,-0.03405,1.600661,13.675109,True
KVAL0010,190,6.601844,LShoulder,0.01303,-0.008415,0.007935,-0.006,0.849684,23.95386,True
KVAL0010,191,6.635177,LShoulder,0.022912,0.00225,0.004515,0.02235,0.261577,15.453801,True
KVAL0010,192,6.668511,LShoulder,0.005808,0.005145,-0.00213,-0.00165,0.88687,23.411553,True
KVAL0010,193,6.701833,LShoulder,0.065628,0.01683,-0.05049,0.0384,1.647329,25.961378,True
KVAL0010,194,6.735177,LShoulder,0.109345,-0.02121,-0.08514,0.06525,1.182072,55.115403,True
KVAL0010,195,6.768511,LShoulder,0.07131,-0.05391,-0.046515,0.0039,2.207859,29.708233,True
KVAL0010,196,6.801855,LShoulder,0.084085,-0.05838,-0.01491,-0.05865,2.151516,108.778244,True
KVAL0010,197,6.835166,LShoulder,0.213219,-0.143715,-0.15225,0.04035,5.505038,22.891951,True
KVAL0010,198,6.8685,LShoulder,0.377539,-0.209295,-0.275445,0.1512,1.206642,122.895233,True
KVAL0010,199,6.901844,LShoulder,0.273742,-0.16503,-0.18966,0.1083,2.752349,108.924655,True
KVAL0010,200,6.935177,LShoulder,0.208059,-0.09876,-0.17835,0.04155,6.260266,55.542532,True
KVAL0010,201,6.9685,LShoulder,0.401987,-0.097635,-0.2502,-0.2991,5.325053,147.92989,True
KVAL0010,202,7.001844,LShoulder,0.348095,0.04005,-0.196245,-0.2847,3.706144,98.927143,True
KVAL0010,203,7.035166,LShoulder,0.254952,-0.068295,-0.239625,-0.054,2.158508,152.81706,True
KVAL0010,204,7.068511,LShoulder,0.336419,0.112365,-0.26178,-0.17895,11.338966,376.607035,True
KVAL0010,205,7.101855,LShoulder,0.530604,-0.11553,0.441,0.2715,24.610083,,False
KVAL0010,206,7.135188,LShoulder,1.310755,-0.693975,0.89091,0.6654,,,False
KVAL0010,207,7.168522,LShoulder,,,,,,,False
KVAL0010,208,7.201866,LShoulder,,,,,,,False
KVAL0010,209,7.2352,LShoulder,,,,,,,False
KVAL0010,210,7.268511,LShoulder,,,,,,,False
KVAL0010,211,7.301844,LShoulder,,,,,,,False
KVAL0010,212,7.335188,LShoulder,,,,,,,True
KVAL0010,213,7.368522,LShoulder,0.572013,0.128115,0.334335,-0.4461,,,True
KVAL0010,214,7.401855,LShoulder,0.339006,0.017505,0.2523,-0.22575,5.362854,,True
KVAL0010,215,7.4352,LShoulder,0.268455,0.00534,0.23778,-0.1245,3.914437,56.516393,True
KVAL0010,216,7.468533,LShoulder,0.117313,-0.000315,0.11727,-0.00315,3.353873,72.798134,True
KVAL0010,217,7.501833,LShoulder,0.104962,-0.08343,0.052845,-0.03555,2.527159,38.799588,True
KVAL0010,218,7.535166,LShoulder,0.120139,-0.06618,-0.003675,-0.1002,1.172056,54.427727,True
KVAL0010,219,7.568511,LShoulder,0.074533,-0.0657,-0.022755,-0.02685,1.86435,29.253461,True
KVAL0010,220,7.601844,LShoulder,0.11628,-0.11517,-0.00789,0.01395,1.126444,50.153783,True
KVAL0010,221,7.635177,LShoulder,0.050017,-0.0366,0.02406,0.02415,2.057763,40.737176,True
KVAL0010,222,7.668522,LShoulder,0.032247,0.01719,0.02691,0.0045,1.591577,47.131998,True
KVAL0010,223,7.701844,LShoulder,0.104508,-0.0855,-0.0405,-0.0444,1.257105,34.120478,True
KVAL0010,224,7.735177,LShoulder,0.06142,-0.045765,-0.005055,-0.04065,0.885355,12.255995,True
KVAL0010,225,7.7685,LShoulder,0.062093,-0.036375,-0.008205,-0.04965,1.14654,23.513023,True
KVAL0010,226,7.801844,LShoulder,0.127081,-0.120345,-0.02085,-0.0351,0.9516,36.914761,True
KVAL0010,227,7.835177,LShoulder,0.076971,-0.07653,0.007605,-0.00315,1.690226,30.024962,True
KVAL0010,228,7.868522,LShoulder,0.100298,-0.046185,-0.087255,0.0177,1.526884,40.10821,True
KVAL0010,229,7.901844,LShoulder,0.10224,-0.048765,-0.088305,0.01665,1.305,39.81073,True
KVAL0010,230,7.935177,LShoulder,0.03469,-0.029565,-0.008745,-0.0159,1.252291,22.045468,True
KVAL0010,231,7.968511,LShoulder,0.024532,-0.021795,-0.011235,-0.00075,0.66929,13.567402,True
KVAL0010,232,8.001844,LShoulder,0.013882,0.004575,-0.004095,0.01245,0.49235,16.743361,True
KVAL0010,233,8.035166,LShoulder,0.025234,-0.00645,0.0069,-0.0234,0.553097,10.78604,True
KVAL0010,234,8.0685,LShoulder,0.023416,-0.000615,0.008265,-0.0219,0.343168,13.144959,True
KVAL0010,235,8.101833,LShoulder,0.006914,0.0051,0.001695,-0.00435,0.373161,7.707392,True
KVAL0010,236,8.135166,LShoulder,0.014868,-0.007125,0.012945,0.00165,0.538388,7.873756,True
KVAL0010,237,8.168511,LShoulder,0.034005,0.00129,0.026355,0.02145,0.290306,17.359742,True
KVAL0010,238,8.201844,LShoulder,0.021757,0.011385,0.018525,0.00075,0.630856,9.961408,True
KVAL0010,239,8.235166,LShoulder,0.019008,0.009,0.007125,-0.01515,0.92417,21.239578,True
KVAL0010,240,8.2685,LShoulder,0.074894,0.072075,0.016965,0.01125,1.192866,19.540367,True
KVAL0010,241,8.301833,LShoulder,0.084864,0.083745,0.00669,0.012,0.585368,30.584501,True
KVAL0010,242,8.335177,LShoulder,0.07021,0.060225,0.026265,-0.02475,0.93335,19.218677,True
KVAL0010,243,8.3685,LShoulder,0.059742,0.04218,0.033645,-0.02565,1.056692,20.195607,True
KVAL0010,244,8.401833,LShoulder,0.00065,-0.0003,-0.00036,-0.00045,1.105473,16.139702,True
KVAL0010,245,8.435166,LShoulder,0.032741,-0.008475,-0.019875,-0.0246,0.485947,35.927813,True
KVAL0010,246,8.4685,LShoulder,0.033031,-0.008685,-0.01989,-0.0249,2.040093,33.033463,True
KVAL0010,247,8.501844,LShoulder,0.11542,0.029715,-0.038835,0.10455,1.844418,58.769197,True
KVAL0010,248,8.535177,LShoulder,0.103525,0.019395,-0.041475,0.09285,1.892462,49.372867,True
KVAL0010,249,8.568511,LShoulder,0.019722,-0.01764,-0.004875,-0.00735,1.468764,27.241839,True
KVAL0010,250,8.601844,LShoulder,0.019002,-0.015495,-0.007755,0.0078,0.15862,15.388973,True
KVAL0010,251,8.635177,LShoulder,0.022157,-0.01284,-0.007665,-0.01635,0.592372,3.65916,True
KVAL0010,252,8.668511,LShoulder,0.031602,-0.0084,-0.00096,-0.03045,0.199173,13.7271,True
KVAL0010,253,8.701833,LShoulder,0.020563,-0.00762,0.004335,-0.0186,0.352179,6.291876,True
KVAL0010,254,8.735166,LShoulder,0.009234,-0.003795,0.003165,-0.0078,0.35673,3.534616,True
KVAL0010,255,8.7685,LShoulder,0.004787,0.00423,0.001335,0.0018,0.174687,8.075301,True
KVAL0010,256,8.801833,LShoulder,0.004437,0.00411,0.00156,0.0006,0.586932,8.040814,True
KVAL0010,257,8.835166,LShoulder,0.042108,0.037605,-0.01893,-0.00075,0.621405,21.462726,True
KVAL0010,258,8.868511,LShoulder,0.044303,0.039975,-0.018885,-0.00285,1.18107,17.471007,True
KVAL0010,259,8.901844,LShoulder,0.081657,0.048645,0.03951,-0.05235,0.883572,38.556704,True
KVAL0010,260,8.935177,LShoulder,0.069633,0.055395,0.03279,-0.02655,1.440412,26.170113,True
KVAL0010,261,8.9685,LShoulder,0.024315,0.00873,-0.00696,0.0216,0.910002,46.774367,True
KVAL0010,262,9.001844,LShoulder,0.03774,0.03312,-0.001845,0.018,1.985665,30.175541,True
KVAL0010,263,9.035177,LShoulder,0.137562,0.133275,0.03393,0.00315,1.213104,61.973716,True
KVAL0010,264,9.068522,LShoulder,0.106864,0.101325,0.033015,-0.00795,2.162016,44.577549,True
KVAL0010,265,9.101833,LShoulder,0.008778,-0.0048,-0.007125,-0.0018,1.892646,44.420868,True
KVAL0010,266,9.135177,LShoulder,0.044647,-0.01203,-0.011055,-0.04155,0.80546,56.803661,True
KVAL0010,267,9.168511,LShoulder,0.048339,0.04824,0.001185,-0.00285,2.264808,24.84458,True
KVAL0010,268,9.201855,LShoulder,0.113283,0.068895,-0.031305,0.0843,1.097614,62.109028,True
KVAL0010,269,9.235166,LShoulder,0.066429,0.01839,-0.039555,0.0501,1.90553,33.739652,True
KVAL0010,270,9.268511,LShoulder,0.029173,0.014625,0.01281,-0.02175,1.243212,35.13551,True
KVAL0010,271,9.301844,LShoulder,0.019432,0.00666,0.010185,-0.01515,0.617042,22.94398,True
KVAL0010,272,9.335188,LShoulder,0.012331,-0.003135,-0.004725,0.01095,0.299265,9.530981,True
KVAL0010,273,9.3685,LShoulder,0.015548,0.01554,0.00048,-0.00015,0.203786,7.259726,True
KVAL0010,274,9.401844,LShoulder,0.020294,0.00807,-0.01143,0.0147,0.538561,8.933052,True
KVAL0010,275,9.435177,LShoulder,0.029046,-0.005895,-0.01347,0.02505,0.467689,22.385382,True
KVAL0010,276,9.468511,LShoulder,0.020786,0.01044,0.01761,0.0036,1.178312,10.357468,True
KVAL0010,277,9.501844,LShoulder,0.060776,-0.03651,0.045645,-0.01665,0.598432,35.646783,True
KVAL0010,278,9.535177,LShoulder,0.042839,-0.02568,0.03177,0.0129,1.283027,13.12748,True
KVAL0010,279,9.5685,LShoulder,0.053512,0.01098,0.01836,0.04905,0.341182,28.361146,True
KVAL0010,280,9.601844,LShoulder,0.026497,-0.013545,0.01335,0.01845,0.777668,9.666271,True
KVAL0010,281,9.635177,LShoulder,0.006258,-0.001905,-0.00423,0.0042,0.794478,13.632646,True
KVAL0010,282,9.668522,LShoulder,0.031294,0.0306,-0.00462,-0.00465,0.49363,18.647533,True
KVAL0010,283,9.701844,LShoulder,0.029745,0.02883,-0.001335,-0.0072,0.4696,14.044728,True
KVAL0010,284,9.735177,LShoulder,2.1e-05,-1.5e-05,-1.5e-05,0.0,0.446182,8.613471,True
KVAL0010,285,9.768511,LShoulder,0.0,0.0,0.0,0.0,0.482982,5.478943,True
KVAL0010,286,9.801844,LShoulder,0.032204,-0.00519,-0.00606,0.0312,0.460665,14.753702,True
KVAL0010,287,9.835166,LShoulder,0.030711,-0.019095,-0.020205,0.01305,0.554345,15.980464,True
KVAL0010,288,9.868511,LShoulder,0.022493,-0.0222,0.003615,-0.00015,0.819873,2.286051,True
KVAL0010,289,9.901833,LShoulder,0.053075,-0.048195,0.01926,-0.0111,0.465526,28.912476,True
KVAL0010,290,9.935177,LShoulder,0.045209,-0.034785,0.00465,-0.0285,1.176209,22.872268,True
KVAL0010,291,9.968511,LShoulder,0.04528,0.00171,-0.00297,0.04515,1.355464,43.692178,True
KVAL0010,292,10.001844,LShoulder,0.105377,-0.07047,0.077535,0.01125,1.793953,52.048719,True
KVAL0010,293,10.035166,LShoulder,0.09707,-0.058995,0.073155,-0.0243,2.372028,60.581419,True
KVAL0010,294,10.068511,LShoulder,0.073781,0.02502,-0.040035,0.0567,2.247274,44.820539,True
KVAL0010,295,10.101833,LShoulder,0.064943,0.014685,-0.029805,0.0558,0.884528,43.667287,True
KVAL0010,296,10.135177,LShoulder,0.049893,0.040485,0.008955,0.02775,1.462183,9.678875,True
KVAL0010,297,10.168511,LShoulder,0.089701,0.088095,0.014205,0.00915,0.702626,22.49447,True
KVAL0010,298,10.201844,LShoulder,0.091195,0.077475,0.037605,0.03,1.093425,13.304106,True
KVAL0010,299,10.235177,LShoulder,0.132638,0.098505,0.080865,0.03675,0.52423,42.613859,True
KVAL0010,300,10.268511,LShoulder,0.08484,0.066345,0.052875,0.0006,1.930291,13.799612,True
KVAL0010,301,10.301855,LShoulder,0.006389,-1.5e-05,0.00468,0.00435,0.732293,47.690995,True
KVAL0010,302,10.335188,LShoulder,0.036079,0.029025,0.021405,0.00105,1.42366,13.983491,True
KVAL0010,303,10.368522,LShoulder,0.095145,0.087075,0.03072,-0.02295,0.513888,43.03498,True
KVAL0010,304,10.401866,LShoulder,0.05357,0.05331,-0.00249,0.00465,1.494284,2.218179,True
KVAL0010,305,10.4352,LShoulder,0.038842,0.01464,-0.004455,0.0357,0.616191,31.003322,True
KVAL0010,306,10.4685,LShoulder,0.090692,0.08583,-0.02592,0.01365,1.06248,54.255837,True
KVAL0010,307,10.501844,LShoulder,0.032512,-0.01107,-0.00405,-0.0303,3.030487,25.877922,True
KVAL0010,308,10.535166,LShoulder,0.112004,-0.10311,0.02727,-0.0342,0.750975,66.04645,True
KVAL0010,309,10.5685,LShoulder,0.030644,-0.02415,-0.00564,0.018,1.556241,38.501302,True
KVAL0010,310,10.601833,LShoulder,0.062133,-0.04362,-0.041175,0.0162,2.22632,23.171231,True
KVAL0010,311,10.635166,LShoulder,0.152122,-0.03891,-0.14163,-0.0396,1.453332,53.185212,True
KVAL0010,312,10.6685,LShoulder,0.11215,0.006015,-0.106095,-0.03585,2.60475,61.747056,True
KVAL0010,313,10.701833,LShoulder,0.24535,-0.17727,-0.157005,0.0642,3.169571,94.839659,True
KVAL0010,314,10.735166,LShoulder,0.243119,-0.169965,-0.160005,0.06795,4.026192,98.726401,True
KVAL0010,315,10.7685,LShoulder,0.044933,0.04152,-0.00981,0.0141,3.593902,74.904803,True
KVAL0010,316,10.801833,LShoulder,0.025435,0.01254,-0.01308,0.01785,1.059705,56.356214,True
KVAL0010,317,10.835177,LShoulder,0.038791,-0.028365,-0.019395,0.018,0.343665,23.633962,True
KVAL0010,318,10.8685,LShoulder,0.013118,-0.006675,-0.00966,0.00585,0.591746,6.149758,True
KVAL0010,319,10.901833,LShoulder,0.001476,-0.000135,0.00147,0.0,0.196777,9.034195,True
KVAL0010,320,10.935177,LShoulder,0.0,0.0,0.0,0.0,0.022143,14.52856,True
KVAL0010,321,10.968511,LShoulder,0.0,0.0,0.0,0.0,0.815031,11.96547,True
KVAL0010,322,11.001833,LShoulder,0.054335,0.010845,-0.041055,0.0339,0.814637,24.605817,True
KVAL0010,323,11.035177,LShoulder,0.054309,0.01077,-0.04104,0.0339,0.826239,24.822927,True
KVAL0010,324,11.068511,LShoulder,0.003664,-0.003225,0.001095,0.00135,0.84153,12.20956,True
KVAL0010,325,11.101844,LShoulder,0.004736,-0.004095,0.002055,0.0012,0.056941,12.953731,True
KVAL0010,326,11.135166,LShoulder,0.002271,6e-05,0.002265,-0.00015,0.079422,1.14088,True
KVAL0010,327,11.1685,LShoulder,0.001635,0.001005,0.00129,0.0,0.034061,1.404884,True
KVAL0010,328,11.201833,LShoulder,0.0,0.0,0.0,0.0,0.024529,0.51092,True
KVAL0010,329,11.235166,LShoulder,0.0,0.0,0.0,0.0,0.0,0.367937,True
KVAL0010,330,11.2685,LShoulder,0.0,0.0,0.0,0.0,0.0,0.0,True
KVAL0010,331,11.301833,LShoulder,0.0,0.0,0.0,0.0,0.0,0.0,True
KVAL0010,332,11.335166,LShoulder,0.0,0.0,0.0,0.0,0.0,13.245589,True
KVAL0010,333,11.368511,LShoulder,0.0,0.0,0.0,0.0,0.883039,23.340326,True
KVAL0010,334,11.401833,LShoulder,0.058869,0.029595,0.03822,0.0336,1.556022,23.099064,True
KVAL0010,335,11.435177,LShoulder,0.103735,0.017865,0.09813,0.0285,0.911385,49.209592,True
KVAL0010,336,11.468511,LShoulder,0.06144,-0.011685,0.06009,-0.00525,1.860745,45.287252,True
KVAL0010,337,11.501855,LShoulder,0.066818,0.062355,-0.005385,-0.0234,2.318617,26.30346,True
KVAL0010,338,11.535166,LShoulder,0.122919,0.118965,-0.020565,-0.0231,1.411245,43.104179,True
KVAL0010,339,11.568511,LShoulder,0.160076,0.155205,-0.00918,-0.0381,0.627207,58.32286,True
KVAL0010,340,11.601833,LShoulder,0.101109,0.09387,0.01023,-0.03615,2.481307,16.67382,True
KVAL0010,341,11.635166,LShoulder,0.006765,-0.00468,0.00441,0.0021,1.037402,41.754169,True
KVAL0010,342,11.668511,LShoulder,0.039521,0.03234,-0.014955,-0.0171,0.410552,15.018358,True
KVAL0010,343,11.701844,LShoulder,0.024881,0.01005,0.01068,-0.0201,1.061895,11.744857,True
KVAL0010,344,11.735166,LShoulder,0.03536,-0.023565,0.026175,-0.00315,0.376221,45.853678,True
KVAL0010,345,11.768511,LShoulder,0.001393,-0.001275,0.00054,-0.00015,2.103287,28.160796,True
KVAL0010,346,11.801833,LShoulder,0.113726,0.11226,-0.00138,0.01815,1.725457,56.889102,True
KVAL0010,347,11.835177,LShoulder,0.11374,0.112275,-0.001335,0.01815,1.705459,51.470027,True
KVAL0010,348,11.868511,LShoulder,6.7e-05,3e-05,6e-05,0.0,1.705887,25.575397,True
KVAL0010,349,11.901844,LShoulder,2.1e-05,1.5e-05,1.5e-05,0.0,0.001006,25.585009,True
KVAL0010,350,11.935177,LShoulder,0.0,0.0,0.0,0.0,0.000318,0.015093,True
KVAL0010,351,11.968522,LShoulder,0.0,0.0,0.0,0.0,0.0,0.004773,True
KVAL0010,352,12.001833,LShoulder,0.0,0.0,0.0,0.0,0.0,0.0,True
KVAL0010,353,12.035166,LShoulder,0.0,0.0,0.0,0.0,0.0,0.0,True
KVAL0010,354,12.068511,LShoulder,0.0,0.0,0.0,0.0,0.0,0.0,True
KVAL0010,355,12.101844,LShoulder,0.0,0.0,0.0,0.0,0.0,6.015497,True
KVAL0010,356,12.135166,LShoulder,0.0,0.0,0.0,0.0,0.401033,6.021841,True
KVAL0010,357,12.168511,LShoulder,0.026736,0.00906,-0.025125,-0.0012,0.401456,12.024651,True
KVAL0010,358,12.201833,LShoulder,0.026764,0.00906,-0.025155,-0.0012,0.40061,12.043682,True
KVAL0010,359,12.235177,LShoulder,3e-05,0.0,-3e-05,0.0,0.401456,6.002812,True
KVAL0010,360,12.2685,LShoulder,0.0,0.0,0.0,0.0,0.00045,6.610526,True
KVAL0010,361,12.301844,LShoulder,0.0,0.0,0.0,0.0,0.054265,1.222635,True
KVAL0010,362,12.335177,LShoulder,0.003618,-7.5e-05,-0.002565,-0.00255,0.08123,1.23971,True
KVAL0010,363,12.368522,LShoulder,0.005415,-0.000705,-0.003345,-0.0042,0.030298,2.132714,True
KVAL0010,364,12.401833,LShoulder,0.001994,-0.000705,-0.00087,-0.00165,0.097681,1.073696,True
KVAL0010,365,12.435166,LShoulder,0.007323,-0.00282,0.002445,-0.0063,0.086102,4.520496,True
KVAL0010,366,12.4685,LShoulder,0.006487,-0.004515,0.002955,-0.0036,0.387865,11.8826,True
KVAL0010,367,12.501833,LShoulder,0.032081,-0.01971,0.019065,-0.01665,0.873956,9.468715,True
KVAL0010,368,12.535166,LShoulder,0.064619,-0.03588,0.03729,-0.0387,0.985819,4.183399,True
