video_id,frame_index,timestamp_sec,joint_name,speed_ms,velocity_x,velocity_y,velocity_z,accel_ms2,jerk_ms3,reference_valid
KVAL006,0,0.301866,Neck,0.776996,0.28242,-0.09936,0.717,5.561298,129.699258,True
KVAL006,1,0.335177,Neck,0.641673,0.239355,0.032895,0.59445,8.398965,104.890512,True
KVAL006,2,0.368522,Neck,0.249545,0.079545,0.07386,0.2247,9.058009,84.801395,True
KVAL006,3,0.401833,Neck,0.110161,-0.07494,-0.00744,0.0804,4.548174,147.552966,True
KVAL006,4,0.435166,Neck,0.321952,-0.10191,0.28617,0.10665,4.514963,129.038627,True
KVAL006,5,0.4685,Neck,0.288906,-0.04557,0.284895,0.015,4.829281,130.425184,True
KVAL006,6,0.501833,Neck,0.0,0.0,0.0,0.0,4.333815,72.436217,True
KVAL006,7,0.535166,Neck,1.5e-05,0.0,-1.5e-05,0.0,0.000225,65.010549,True
KVAL006,8,0.568511,Neck,1.5e-05,0.0,-1.5e-05,0.0,0.000225,0.00675,True
KVAL006,9,0.601833,Neck,0.0,0.0,0.0,0.0,0.000225,0.003375,True
KVAL006,10,0.635166,Neck,0.0,0.0,0.0,0.0,0.0,0.003375,True
KVAL006,11,0.668511,Neck,0.0,0.0,0.0,0.0,0.0,0.0,True
KVAL006,12,0.701844,Neck,0.0,0.0,0.0,0.0,0.0,0.0,True
KVAL006,13,0.735166,Neck,0.0,0.0,0.0,0.0,0.0,0.0,True
KVAL006,14,0.768511,Neck,0.0,0.0,0.0,0.0,0.0,0.0,True
KVAL006,15,0.801844,Neck,0.0,0.0,0.0,0.0,0.0,0.0,True
KVAL006,16,0.835188,Neck,0.0,0.0,0.0,0.0,0.0,0.0,True
KVAL006,17,0.868511,Neck,0.0,0.0,0.0,0.0,0.0,0.0,True
KVAL006,18,0.901855,Neck,0.0,0.0,0.0,0.0,0.0,0.0,True
KVAL006,19,0.935166,Neck,0.0,0.0,0.0,0.0,0.0,0.0,True
KVAL006,20,0.968511,Neck,0.0,0.0,0.0,0.0,0.0,0.0,True
KVAL006,21,1.001844,Neck,0.0,0.0,0.0,0.0,0.0,0.0,True
KVAL006,22,1.035177,Neck,0.0,0.0,0.0,0.0,0.0,0.0,True
KVAL006,23,1.068511,Neck,0.0,0.0,0.0,0.0,0.0,0.0,True
KVAL006,24,1.101855,Neck,0.0,0.0,0.0,0.0,0.0,113.736305,True
KVAL006,25,1.135166,Neck,0.0,0.0,0.0,0.0,7.58242,113.786123,True
KVAL006,26,1.168511,Neck,0.505495,0.0792,-0.234315,0.44085,7.585742,241.178449,True
KVAL006,27,1.201844,Neck,0.505716,0.07929,-0.23448,0.441,8.505911,313.368741,True
KVAL006,28,1.235188,Neck,0.072019,-0.003,-0.006075,-0.0717,13.421784,74.176446,True
KVAL006,29,1.2685,Neck,0.415966,-0.01902,0.00507,-0.4155,4.184101,291.624577,True
KVAL006,30,1.301844,Neck,0.350638,-0.02193,-0.00096,-0.34995,6.14424,141.613478,True
KVAL006,31,1.335166,Neck,0.014929,-0.005985,-0.01206,-0.00645,5.25733,92.567241,True
KVAL006,32,1.3685,Neck,0.000193,1.5e-05,-0.00012,-0.00015,1.608624,73.948052,True
KVAL006,33,1.401833,Neck,0.11682,0.029415,-0.113055,0.00045,1.378586,57.668837,True
KVAL006,34,1.435177,Neck,0.091966,0.01467,-0.08481,0.0324,2.272027,51.74898,True
KVAL006,35,1.4685,Neck,0.04529,-0.01479,0.02832,0.0321,2.203018,27.661532,True
KVAL006,36,1.501844,Neck,0.08431,-0.049665,0.046005,0.05025,0.707547,86.355734,True
KVAL006,37,1.535166,Neck,0.091602,-0.03879,0.04848,0.06735,3.907994,82.303025,True
KVAL006,38,1.5685,Neck,0.182814,0.028485,-0.11034,-0.14295,4.832454,102.110621,True
KVAL006,39,1.601833,Neck,0.240545,0.01347,-0.050025,-0.2349,3.308387,161.178114,True
KVAL006,40,1.635177,Neck,0.138622,0.0108,0.10344,-0.09165,6.201749,546.599062,True
KVAL006,41,1.668511,Neck,0.204305,0.13191,0.03786,0.15135,35.833593,883.900612,True
KVAL006,42,1.701844,Neck,2.492521,0.11619,0.340275,-2.46645,53.139962,1341.673327,True
KVAL006,43,1.735177,Neck,3.397091,0.190395,0.09921,-3.3903,53.805384,,True
KVAL006,44,1.768511,Neck,1.185622,0.415365,0.135375,1.1022,,,True
KVAL006,45,1.801844,Neck,,,,,,,True
KVAL006,46,1.835188,Neck,,,,,,,False
KVAL006,47,1.868511,Neck,,,,,,,False
KVAL006,48,1.901844,Neck,,,,,,,False
KVAL006,49,1.935166,Neck,,,,,,,False
KVAL006,50,1.968511,Neck,,,,,,,False
KVAL006,51,2.001833,Neck,,,,,,,False
KVAL006,52,2.035166,Neck,,,,,,,False
KVAL006,53,2.0685,Neck,,,,,,,True
KVAL006,54,2.101844,Neck,0.258953,0.099765,-0.23793,0.0222,,,True
KVAL006,55,2.135177,Neck,0.2723,0.10026,-0.158145,-0.1977,5.090037,,True
KVAL006,56,2.168511,Neck,0.356456,0.1188,-0.14445,-0.30345,0.871584,121.699349,True
KVAL006,57,2.201833,Neck,0.306171,0.14268,-0.13902,-0.2325,3.185755,53.386184,True
KVAL006,58,2.235177,Neck,0.18807,0.113835,-0.117435,-0.09285,2.907924,42.868271,True
KVAL006,59,2.2685,Neck,0.12041,0.06942,-0.0735,-0.0654,1.058709,35.329034,True
KVAL006,60,2.301844,Neck,0.119105,0.072165,-0.066345,-0.06765,0.76703,7.526522,True
KVAL006,61,2.335166,Neck,0.093398,0.07941,-0.04089,-0.0273,1.249757,108.900822,True
KVAL006,62,2.368511,Neck,0.052354,0.049305,-0.004185,-0.0171,6.854084,189.048617,True
KVAL006,63,2.401844,Neck,0.477706,0.077565,0.112275,-0.4578,11.934487,110.979102,True
KVAL006,64,2.435188,Neck,0.813562,0.05019,0.10611,-0.80505,2.503643,275.06835,True
KVAL006,65,2.468511,Neck,0.484343,-0.06579,0.029445,-0.47895,6.488525,87.121209,True
KVAL006,66,2.501844,Neck,0.393122,-0.003345,0.115035,-0.3759,3.85552,41.33395,True
KVAL006,67,2.535177,Neck,0.286542,0.06417,0.08796,-0.26505,4.806359,45.82991,True
KVAL006,68,2.568511,Neck,0.081927,0.03339,0.02328,-0.0711,2.896576,89.588075,True
KVAL006,69,2.601833,Neck,0.09472,0.0333,0.026085,-0.08475,2.09523,44.539236,True
KVAL006,70,2.635177,Neck,0.209138,0.14241,-0.00702,-0.153,0.581626,88.709369,True
KVAL006,71,2.668511,Neck,0.109009,0.061725,0.00021,-0.08985,3.822087,71.855764,True
KVAL006,72,2.701855,Neck,0.062947,-0.048225,0.0393,0.0096,4.411913,31.366882,True
KVAL006,73,2.735166,Neck,0.186373,-0.129315,0.01644,0.1332,1.807915,147.671726,True
KVAL006,74,2.7685,Neck,0.178675,-0.149565,0.072105,0.066,5.647256,123.612799,True
KVAL006,75,2.801833,Neck,0.228539,0.021525,0.111285,-0.19845,6.829704,80.812542,True
KVAL006,76,2.835177,Neck,0.370157,0.018975,0.09924,-0.3561,1.32536,179.632868,True
KVAL006,77,2.8685,Neck,0.27021,-0.01995,0.065265,-0.26145,5.344094,25.952828,True
KVAL006,78,2.901844,Neck,0.017886,-0.009915,0.001035,-0.01485,3.001274,164.893729,True
KVAL006,79,2.935166,Neck,0.39933,-0.10644,-0.072465,-0.378,6.09236,120.228091,True
KVAL006,80,2.9685,Neck,0.422424,-0.09912,-0.07539,-0.40365,5.386433,167.269989,True
KVAL006,81,3.001833,Neck,0.048097,0.01287,-0.005205,-0.04605,5.084696,86.378361,True
KVAL006,82,3.035177,Neck,0.095672,0.01854,-0.0045,-0.09375,0.411927,59.382264,True
KVAL006,83,3.068511,Neck,0.074538,0.013065,-0.002235,-0.07335,1.434812,14.775959,True
KVAL006,84,3.101844,Neck,9e-05,9e-05,0.0,0.0,0.669209,75.016224,True
KVAL006,85,3.135166,Neck,0.049485,0.001485,0.026835,-0.04155,4.061801,50.784734,True
KVAL006,86,3.1685,Neck,0.270853,0.198585,0.139215,-0.1206,3.254302,130.00643,True
KVAL006,87,3.201844,Neck,0.240327,0.19734,0.11262,-0.0783,4.607877,146.641343,True
KVAL006,88,3.235188,Neck,0.038963,-0.034065,-0.005805,0.018,6.534741,45.543589,True
KVAL006,89,3.268511,Neck,0.200994,-0.17367,-0.10116,0.00195,2.761318,131.48215,True
KVAL006,90,3.301844,Neck,0.211203,-0.167595,-0.127215,-0.0183,2.291267,90.240572,True
KVAL006,91,3.335166,Neck,0.06013,-0.028785,-0.052785,0.0009,3.669441,45.014009,True
KVAL006,92,3.3685,Neck,0.138824,0.01605,-0.017325,-0.1368,2.481609,59.969018,True
KVAL006,93,3.401833,Neck,0.159599,-0.005355,-0.01605,-0.1587,1.738147,69.851399,True
KVAL006,94,3.435177,Neck,0.084758,0.075405,-0.00057,-0.0387,2.757973,27.212588,True
KVAL006,95,3.4685,Neck,0.114636,0.1092,0.02739,-0.0216,1.27755,48.650786,True
KVAL006,96,3.501844,Neck,0.0371,0.019995,0.02244,0.02175,3.990272,41.800517,True
KVAL006,97,3.535166,Neck,0.245189,0.054555,0.016095,0.2385,3.154286,40.411391,True
KVAL006,98,3.568511,Neck,0.234158,0.07158,-0.012465,0.2226,4.461983,45.385022,True
KVAL006,99,3.601833,Neck,0.522856,0.128775,-0.12015,0.4923,6.072188,135.051713,True
KVAL006,100,3.635177,Neck,0.63287,0.099795,-0.09876,0.6171,4.557536,197.865516,True
KVAL006,101,3.668511,Neck,0.230251,0.028905,-0.007695,0.2283,7.165039,38.193465,True
KVAL006,102,3.701844,Neck,0.160043,-0.008775,-0.023265,0.1581,2.130833,99.970749,True
KVAL006,103,3.735177,Neck,0.145858,-0.04029,0.062055,0.1257,1.492954,43.170253,True
KVAL006,104,3.768511,Neck,0.146365,-0.00216,0.07131,0.1278,2.268524,53.119086,True
KVAL006,105,3.801833,Neck,0.021236,0.01551,-0.01284,0.00675,2.6808,43.632698,True
KVAL006,106,3.835177,Neck,0.047301,0.00903,-0.04596,-0.0066,1.404972,51.075386,True
KVAL006,107,3.8685,Neck,0.10763,0.00753,-0.080715,0.0708,0.984008,35.040271,True
KVAL006,108,3.901844,Neck,0.078649,-0.007755,-0.05442,0.05625,1.321752,16.809482,True
KVAL006,109,3.935166,Neck,0.091178,-0.044565,-0.01011,0.0789,0.654546,30.86598,True
KVAL006,110,3.9685,Neck,0.07002,-0.03177,-0.01815,0.0597,1.120982,20.734281,True
KVAL006,111,4.001844,Neck,0.021515,0.00114,-0.00834,0.0198,1.140662,33.012616,True
KVAL006,112,4.035177,Neck,0.015229,0.0135,0.00606,0.0036,2.367133,39.413939,True
KVAL006,113,4.0685,Neck,0.165655,0.15327,-0.012945,0.0615,2.497125,100.033177,True
KVAL006,114,4.101844,Neck,0.178928,0.157425,-0.02496,0.0813,4.388711,106.184149,True
KVAL006,115,4.135166,Neck,0.151902,-0.12549,0.07398,0.04305,4.68769,103.135492,True
KVAL006,116,4.1685,Neck,0.161423,-0.118365,0.10812,0.0189,2.526839,108.114109,True
KVAL006,117,4.201833,Neck,0.054403,0.03669,0.035835,0.01815,2.555634,45.834715,True
KVAL006,118,4.235177,Neck,0.040127,0.018945,0.008445,0.03435,0.863316,40.066625,True
KVAL006,119,4.2685,Neck,0.025845,-0.00231,-0.005925,0.02505,0.389724,11.715189,True
KVAL006,120,4.301833,Neck,0.031344,-0.00024,-0.008565,0.03015,0.114934,8.557352,True
KVAL006,121,4.335177,Neck,0.024175,-0.00642,-0.01071,0.0207,0.490779,25.144847,True
KVAL006,122,4.368511,Neck,0.053653,0.015555,-0.036615,0.036,1.655584,5.619733,True
KVAL006,123,4.401833,Neck,0.119441,0.07593,-0.07935,0.04695,0.449863,54.239021,True
KVAL006,124,4.435177,Neck,0.066289,0.031605,-0.05517,0.01875,1.968151,23.217966,True
KVAL006,125,4.4685,Neck,0.028727,-0.026715,-0.00969,0.0042,1.200198,34.244735,True
KVAL006,126,4.501833,Neck,0.093635,-0.03687,-0.062145,0.05955,1.177805,18.886242,True
KVAL006,127,4.535166,Neck,0.103492,-0.07452,-0.04884,0.05265,1.05261,32.584398,True
KVAL006,128,4.568511,Neck,0.108199,-0.053655,-0.0033,0.0939,1.882068,22.39725,True
KVAL006,129,4.601833,Neck,0.154174,0.004065,-0.036645,0.1497,0.734073,63.385895,True
KVAL006,130,4.635177,Neck,0.140763,-0.08226,-0.040905,0.10665,2.375486,66.020328,True
KVAL006,131,4.668511,Neck,0.106085,-0.10002,-0.0138,0.03255,3.811781,59.967443,True
KVAL006,132,4.701855,Neck,0.126696,0.005565,0.076155,-0.1011,2.972415,152.933226,True
KVAL006,133,4.735166,Neck,0.137602,0.03513,-0.10821,-0.0774,7.094589,79.68488,True
KVAL006,134,4.768511,Neck,0.373445,-0.012075,-0.368565,0.05895,2.874228,227.314936,True
KVAL006,135,4.801833,Neck,0.197445,-0.072735,-0.1704,0.06825,8.11064,134.183113,True
KVAL006,136,4.835166,Neck,0.168478,0.02532,0.161715,-0.0399,6.743507,123.550446,True
KVAL006,137,4.8685,Neck,0.254536,0.05019,0.24057,-0.0663,1.88501,160.847947,True
KVAL006,138,4.901844,Neck,0.205505,-0.049635,0.191235,0.05655,4.895832,366.140586,True
KVAL006,139,4.935166,Neck,0.255811,-0.08226,0.123795,0.2082,23.07276,278.36129,True
KVAL006,140,4.9685,Neck,1.545369,-0.033105,0.58287,-1.43085,13.838793,1299.655137,True
KVAL006,141,5.001844,Neck,0.806927,0.015555,0.51339,-0.62235,63.656261,803.795164,True
KVAL006,142,5.035177,Neck,2.762716,-0.278775,-0.1287,2.7456,39.824925,1521.57127,True
KVAL006,143,5.068511,Neck,1.926824,-0.18741,-0.31674,1.89135,38.486296,1018.763669,True
KVAL006,144,5.101844,Neck,0.360789,0.07863,-0.282975,0.20955,28.434581,531.963387,True
KVAL006,145,5.135166,Neck,0.108961,-0.042435,-0.099405,0.0138,6.552763,418.482553,True
KVAL006,146,5.1685,Neck,0.110531,-0.0882,0.012675,-0.0654,2.566712,83.14906,True
KVAL006,147,5.201844,Neck,0.139496,-0.131205,0.0429,-0.0201,2.752912,60.035845,True
KVAL006,148,5.235177,Neck,0.270288,-0.114195,-0.01953,-0.2442,2.452325,116.659732,True
KVAL006,149,5.2685,Neck,0.171718,-0.05985,0.000495,-0.16095,5.048514,86.471607,True
KVAL006,150,5.301844,Neck,0.081286,-0.0126,0.035865,0.07185,3.561384,115.257902,True
KVAL006,151,5.335177,Neck,0.120827,-0.03285,0.10464,0.0507,2.779195,90.876513,True
KVAL006,152,5.368511,Neck,0.146801,-0.079005,0.07824,-0.09585,2.527882,71.224332,True
KVAL006,153,5.401833,Neck,0.104048,-0.06495,0.00471,-0.08115,2.199884,50.562573,True
KVAL006,154,5.435177,Neck,0.09276,-0.089985,-0.014295,0.0174,1.516833,43.158059,True
KVAL006,155,5.4685,Neck,0.118537,-0.115335,-0.02736,0.00045,0.948235,40.594351,True
KVAL006,156,5.501844,Neck,0.074881,-0.060195,-0.02403,-0.0375,1.334809,26.419267,True
KVAL006,157,5.535166,Neck,0.046716,-0.03786,0.007215,-0.0264,1.57003,60.170424,True
KVAL006,158,5.568511,Neck,0.110403,-0.050025,0.07755,-0.0606,4.160515,62.734691,True
KVAL006,159,5.601844,Neck,0.307352,-0.04746,0.006315,-0.3036,3.208393,134.391279,True
KVAL006,160,5.635177,Neck,0.231497,-0.032805,-0.063975,-0.22005,4.807179,97.130897,True
KVAL006,161,5.668522,Neck,0.029034,-0.01998,-0.01479,0.015,3.469974,79.635969,True
KVAL006,162,5.701855,Neck,0.000174,-7.5e-05,-4.5e-05,-0.00015,0.530063,58.587378,True
KVAL006,163,5.735188,Neck,0.031512,-0.01401,-0.02055,-0.01935,0.593295,15.203855,True
KVAL006,164,5.768533,Neck,0.039696,-0.02421,-0.0258,-0.018,0.50414,14.45989,True
KVAL006,165,5.801866,Neck,0.03844,-0.023775,-0.02772,0.012,0.632859,13.277269,True
KVAL006,166,5.835177,Neck,0.050614,-0.044985,-0.01551,0.01725,0.432321,31.227003,True
KVAL006,167,5.868511,Neck,0.029714,-0.02718,-0.008115,-0.00885,1.455712,15.784181,True
KVAL006,168,5.901844,Neck,0.075351,0.00996,-0.051285,-0.0543,0.992276,35.983207,True
KVAL006,169,5.935177,Neck,0.073939,-0.00372,-0.04749,-0.05655,1.351472,128.99306,True
KVAL006,170,5.968511,Neck,0.085922,-0.040245,0.02118,-0.0729,9.094873,130.318755,True
KVAL006,171,6.001844,Neck,0.653252,-0.04332,0.09192,-0.6453,8.884632,237.167362,True
KVAL006,172,6.035166,Neck,0.665527,-0.005235,0.05595,-0.66315,6.735214,228.438263,True
KVAL006,173,6.068511,Neck,0.208085,0.01782,0.019515,-0.2064,6.470984,82.290094,True
KVAL006,174,6.101833,Neck,0.276087,0.002565,0.137235,-0.23955,2.233706,66.439352,True
KVAL006,175,6.135166,Neck,0.127817,-0.033435,0.08922,-0.0852,4.620816,33.736138,True
KVAL006,176,6.1685,Neck,0.041356,-0.025575,-0.02493,0.02085,0.954056,109.071104,True
KVAL006,177,6.201844,Neck,0.071734,-0.000615,0.060105,-0.03915,2.650963,26.724201,True
KVAL006,178,6.235177,Neck,0.145233,-0.00726,0.07053,-0.12675,1.714076,83.825256,True
KVAL006,179,6.268522,Neck,0.088976,-0.00168,-0.04854,-0.07455,3.046454,31.390282,True
KVAL006,180,6.301833,Neck,0.094935,-0.00384,-0.094485,-0.0084,0.506515,80.5491,True
KVAL006,181,6.335177,Neck,0.057826,-0.01104,-0.0336,-0.04575,2.352758,13.885389,True
KVAL006,182,6.3685,Neck,0.091453,-0.024195,0.045915,-0.0753,1.232899,59.666423,True
KVAL006,183,6.401844,Neck,0.059175,-0.037245,0.040515,-0.02175,1.921541,30.874901,True
KVAL006,184,6.435166,Neck,0.046487,-0.01557,-0.000465,0.0438,0.852864,44.386244,True
KVAL006,185,6.4685,Neck,0.026168,-0.01116,-0.010005,-0.02145,1.11674,23.073062,True
KVAL006,186,6.501844,Neck,0.032165,-0.009255,-0.006315,-0.03015,0.848126,26.837058,True
KVAL006,187,6.535177,Neck,0.037654,-0.01404,0.02919,0.0192,0.737638,21.512905,True
KVAL006,188,6.5685,Neck,0.027733,-0.01332,0.02235,0.0096,0.612104,14.249999,True
KVAL006,189,6.601844,Neck,0.004663,0.00231,-9e-05,-0.00405,0.732019,16.817242,True
KVAL006,190,6.635166,Neck,0.044005,0.0066,-0.007245,0.0429,0.717363,19.953741,True
KVAL006,191,6.668511,Neck,0.044138,0.006525,-0.00723,0.04305,0.660004,34.951441,True
KVAL006,192,6.701833,Neck,3e-05,0.0,-3e-05,0.0,1.674107,11.95636,True
KVAL006,193,6.735166,Neck,0.076459,0.000615,-0.045015,-0.0618,1.164951,52.676817,True
KVAL006,194,6.768511,Neck,0.077677,0.011595,-0.03609,-0.0678,1.842732,42.106519,True
KVAL006,195,6.801844,Neck,0.049867,0.00801,0.00867,0.04845,1.646027,42.526278,True
KVAL006,196,6.835177,Neck,0.033542,-0.001455,0.004905,0.03315,1.04312,18.656518,True
KVAL006,197,6.868522,Neck,0.021257,0.00201,0.004395,-0.0207,0.475395,34.715479,True
KVAL006,198,6.901844,Neck,0.064297,0.0078,0.00924,0.06315,1.32308,30.50439,True
KVAL006,199,6.935177,Neck,0.067098,-0.013905,-0.018435,0.063,1.61371,36.975906,True
KVAL006,200,6.9685,Neck,0.062877,-0.01257,-0.0591,-0.0174,1.182631,53.760408,True
KVAL006,201,7.001844,Neck,0.026619,0.025545,0.007485,-0.00015,2.038183,23.066416,True
KVAL006,202,7.035177,Neck,0.077506,0.038085,0.050715,0.04455,0.419351,48.544606,True
KVAL006,203,7.068511,Neck,0.03653,0.02118,0.012525,0.027,1.389196,15.494194,True
KVAL006,204,7.101844,Neck,0.074184,0.017595,-0.038055,0.0612,1.119968,26.883662,True
KVAL006,205,7.135177,Neck,0.087003,0.020985,-0.04971,0.06825,0.483436,28.745231,True
KVAL006,206,7.1685,Neck,0.061224,0.00405,-0.00882,0.06045,0.850765,13.991849,True
KVAL006,207,7.201844,Neck,0.055449,0.002385,0.002295,0.05535,0.882408,8.186184,True
KVAL006,208,7.235177,Neck,0.002901,0.00174,-0.00057,0.00225,0.853538,18.291946,True
KVAL006,209,7.268522,Neck,0.044955,0.004185,0.042225,0.01485,0.684068,21.288965,True
KVAL006,210,7.301844,Neck,0.046018,0.004665,0.042345,0.0174,0.619056,30.923234,True
KVAL006,211,7.335177,Neck,0.029481,0.01233,0.003495,0.02655,1.725734,16.471081,True
KVAL006,212,7.368511,Neck,0.11124,0.054915,-0.02913,0.09225,1.136936,46.836312,True
KVAL006,213,7.401855,Neck,0.102923,0.071355,0.0033,0.0741,1.445439,35.90319,True
KVAL006,214,7.435177,Neck,0.054552,0.043665,0.028575,0.0159,1.2704,25.263197,True
KVAL006,215,7.468522,Neck,0.020595,0.01605,-0.007065,0.0108,0.65433,34.844274,True
KVAL006,216,7.501833,Neck,0.014306,0.00873,0.002925,0.01095,1.12885,19.272859,True
KVAL006,217,7.535166,Neck,0.087628,0.05079,0.03654,0.06135,0.656709,61.319114,True
KVAL006,218,7.5685,Neck,0.055182,0.031935,0.03708,0.0255,3.044206,40.423796,True
KVAL006,219,7.601833,Neck,0.120163,-0.08607,-0.000525,-0.08385,2.131198,71.993088,True
KVAL006,220,7.635177,Neck,0.095218,-0.07005,-0.004305,-0.06435,1.933629,49.787359,True
KVAL006,221,7.668511,Neck,0.059111,-0.039765,-0.02853,0.03315,1.675871,26.619018,True
KVAL006,222,7.701844,Neck,0.082566,-0.040755,-0.06819,0.0225,0.942337,52.561799,True
KVAL006,223,7.735177,Neck,0.075818,-0.025845,0.02199,0.0678,2.32637,34.815564,True
KVAL006,224,7.768511,Neck,0.1124,-0.06345,0.08439,0.03855,1.811838,52.212658,True
KVAL006,225,7.801844,Neck,0.057776,0.019545,0.032415,-0.04365,2.243489,39.260178,True
KVAL006,226,7.835177,Neck,0.164109,0.03828,0.063855,0.14625,2.425111,154.469293,True
KVAL006,227,7.868522,Neck,0.205434,0.079995,0.182175,-0.05115,8.795332,73.301902,True
KVAL006,228,7.901844,Neck,0.483293,0.142215,0.207525,-0.41265,3.355628,245.185262,True
KVAL006,229,7.935177,Neck,0.26874,0.06285,0.079185,-0.249,7.699642,113.255943,True
KVAL006,230,7.9685,Neck,0.051081,0.022665,-0.041055,0.02025,4.982178,148.236545,True
KVAL006,231,8.001844,Neck,0.06987,0.00639,-0.043125,0.0546,3.049104,142.121793,True
KVAL006,232,8.035177,Neck,0.198107,-0.012705,-0.098175,-0.1716,5.22979,157.606674,True
KVAL006,233,8.068511,Neck,0.321172,0.043665,-0.174,-0.2664,7.928276,265.204828,True
KVAL006,234,8.101833,Neck,0.417731,-0.12159,-0.22608,0.32955,12.605736,178.276535,True
KVAL006,235,8.135166,Neck,0.571284,-0.139035,-0.07932,0.5484,4.945604,302.032647,True
KVAL006,236,8.1685,Neck,0.19926,0.057405,0.013275,0.19035,7.638648,84.79419,True
KVAL006,237,8.201844,Neck,0.091034,0.032805,-0.048,0.07005,2.183278,123.24164,True
KVAL006,238,8.235166,Neck,0.097128,0.029475,-0.061845,0.06885,0.665122,46.832486,True
KVAL006,239,8.2685,Neck,0.109932,-0.0015,-0.04959,0.0981,1.766803,36.453332,True
KVAL006,240,8.301844,Neck,0.070026,-0.02361,0.041775,0.051,2.017435,38.411982,True
KVAL006,241,8.335177,Neck,0.030467,-0.00483,0.027585,-0.012,1.342009,15.433357,True
KVAL006,242,8.368511,Neck,0.027804,0.00108,0.005895,-0.02715,1.383874,25.410752,True
KVAL006,243,8.401855,Neck,0.114998,-0.04371,0.05499,-0.09105,1.588306,43.498824,True
KVAL006,244,8.435177,Neck,0.12972,-0.04551,0.0576,-0.10695,1.540428,53.34629,True
KVAL006,245,8.468511,Neck,0.015188,-0.000585,0.0009,-0.01515,1.973722,20.554075,True
KVAL006,246,8.501844,Neck,0.002314,0.001245,-0.0018,0.00075,0.225593,30.052893,True
KVAL006,247,8.535188,Neck,0.000153,3e-05,0.0,-0.00015,0.035262,6.292769,True
KVAL006,248,8.568511,Neck,0.000153,3e-05,0.0,-0.00015,0.33359,5.448059,True
KVAL006,249,8.601855,Neck,0.022286,0.01623,-0.014805,-0.00375,0.33359,9.978521,True
KVAL006,250,8.635166,Neck,0.022286,0.01623,-0.014805,-0.00375,0.331655,7.93922,True
KVAL006,251,8.668511,Neck,0.000376,-3e-05,-0.000225,-0.0003,0.248053,7.664081,True
KVAL006,252,8.701833,Neck,0.017199,0.0084,-0.00471,-0.01425,0.323532,4.145046,True
KVAL006,253,8.735177,Neck,0.021928,-0.004665,-0.007815,-0.01995,0.521179,8.824995,True
KVAL006,254,8.768511,Neck,0.03902,-0.010905,0.016875,-0.03345,0.446489,18.58257,True
KVAL006,255,8.801855,Neck,0.034224,0.00222,0.020115,-0.0276,0.918206,11.372823,True
KVAL006,256,8.835177,Neck,0.041252,-0.003765,0.032325,0.02535,0.609092,25.046791,True
KVAL006,257,8.868511,Neck,0.035183,-0.009165,0.03267,0.0093,0.786438,15.238906,True
KVAL006,258,8.901844,Neck,0.017071,-0.00537,0.00039,-0.0162,0.525442,14.892032,True
KVAL006,259,8.935188,Neck,0.000165,0.0,0.000165,0.0,0.256059,7.847189,True
KVAL006,260,8.968511,Neck,3e-05,0.0,3e-05,0.0,0.002475,3.840756,True
KVAL006,261,9.001844,Neck,0.0,0.0,0.0,0.0,0.00045,10.066481,True
KVAL006,262,9.035166,Neck,0.0,0.0,0.0,0.0,0.670501,10.499679,True
KVAL006,263,9.0685,Neck,0.0447,-0.028185,0.01071,-0.033,0.699875,19.682437,True
KVAL006,264,9.101833,Neck,0.046658,-0.03054,0.01074,-0.0336,0.641855,23.678513,True
KVAL006,265,9.135166,Neck,0.00243,-0.002355,3e-05,-0.0006,0.93495,13.917699,True
KVAL006,266,9.1685,Neck,0.032389,0.012285,-0.028125,-0.01035,0.523697,22.140368,True
KVAL006,267,9.201833,Neck,0.034511,0.01182,-0.014895,-0.0288,0.636653,15.235788,True
KVAL006,268,9.235166,Neck,0.023227,0.007215,0.013395,-0.01755,0.503431,13.55124,True
KVAL006,269,9.268511,Neck,0.007855,0.0078,0.00021,0.0009,0.347458,7.745269,True
KVAL006,270,9.301844,Neck,0.000128,0.00012,4.5e-05,0.0,0.117372,17.345114,True
KVAL006,271,9.335177,Neck,3e-05,3e-05,0.0,0.0,0.822101,12.437142,True
KVAL006,272,9.368522,Neck,0.054845,0.002235,0.040785,-0.0366,0.822554,24.672948,True
KVAL006,273,9.401855,Neck,0.054838,0.00234,0.04077,-0.0366,0.822762,24.676904,True
KVAL006,274,9.4352,Neck,0.000136,0.000135,-1.5e-05,0.0,0.822573,11.739804,True
KVAL006,275,9.468533,Neck,0.0,0.0,0.0,0.0,0.060778,11.183072,True
KVAL006,276,9.501844,Neck,0.004115,0.001905,-0.000585,0.0036,0.123443,0.940748,True
KVAL006,277,9.535177,Neck,0.00823,0.00381,-0.00117,0.0072,0.123443,0.0,True
KVAL006,0,0.301866,RShoulder,3.9587,-0.41733,2.40213,3.1188,40.228848,325.822473,True
KVAL006,1,0.335177,RShoulder,2.621239,-0.232695,1.540755,2.1078,50.723594,483.625068,True
KVAL006,2,0.368522,RShoulder,0.577256,-0.070065,0.354705,0.45,64.254063,716.371872,True
KVAL006,3,0.401833,RShoulder,2.038539,0.26868,0.3795,-1.9848,24.583463,1739.542671,False
KVAL006,4,0.435166,RShoulder,1.542623,-1.2372,0.637545,-0.66525,55.325423,704.29369,False
KVAL006,5,0.4685,RShoulder,1.993542,-1.551915,0.27306,1.22115,23.139342,1252.763153,True
KVAL006,6,0.501833,RShoulder,0.0,0.0,0.0,0.0,29.903128,347.092831,True
KVAL006,7,0.535166,RShoulder,0.0,0.0,0.0,0.0,0.000225,448.549552,True
KVAL006,8,0.568511,RShoulder,1.5e-05,-1.5e-05,0.0,0.0,0.000225,0.00675,True
KVAL006,9,0.601833,RShoulder,1.5e-05,-1.5e-05,0.0,0.0,0.000225,0.00675,False
KVAL006,10,0.635166,RShoulder,0.0,0.0,0.0,0.0,0.000225,0.003375,False
KVAL006,11,0.668511,RShoulder,0.0,0.0,0.0,0.0,0.0,0.003375,False
KVAL006,12,0.701844,RShoulder,0.0,0.0,0.0,0.0,0.0,0.0,True
KVAL006,13,0.735166,RShoulder,0.0,0.0,0.0,0.0,0.0,0.0,False
KVAL006,14,0.768511,RShoulder,0.0,0.0,0.0,0.0,0.0,0.0,True
KVAL006,15,0.801844,RShoulder,0.0,0.0,0.0,0.0,0.0,0.0,True
KVAL006,16,0.835188,RShoulder,0.0,0.0,0.0,0.0,0.0,0.0,True
KVAL006,17,0.868511,RShoulder,0.0,0.0,0.0,0.0,0.0,0.0,False
KVAL006,18,0.901855,RShoulder,0.0,0.0,0.0,0.0,0.0,0.0,False
KVAL006,19,0.935166,RShoulder,0.0,0.0,0.0,0.0,0.0,0.0,False
KVAL006,20,0.968511,RShoulder,0.0,0.0,0.0,0.0,0.0,0.0,False
KVAL006,21,1.001844,RShoulder,0.0,0.0,0.0,0.0,0.0,0.0,True
KVAL006,22,1.035177,RShoulder,0.0,0.0,0.0,0.0,0.0,0.0,True
KVAL006,23,1.068511,RShoulder,0.0,0.0,0.0,0.0,0.0,0.0,False
KVAL006,24,1.101855,RShoulder,0.0,0.0,0.0,0.0,0.0,177.590125,False
KVAL006,25,1.135166,RShoulder,0.0,0.0,0.0,0.0,11.839342,177.625953,False
KVAL006,26,1.168511,RShoulder,0.789289,-0.11724,0.1281,-0.76995,11.84173,752.118349,False
KVAL006,27,1.201844,RShoulder,0.789449,-0.117735,0.127725,-0.7701,38.460367,766.92215,False
KVAL006,28,1.235188,RShoulder,1.794556,0.088335,-0.72468,1.63935,39.435325,964.061987,False
KVAL006,29,1.2685,RShoulder,1.857903,0.21753,-0.75597,1.68315,25.914951,1006.418575,True
KVAL006,30,1.301844,RShoulder,0.13888,0.120045,-0.04926,0.0495,27.697455,375.68429,True
KVAL006,31,1.335166,RShoulder,0.020566,-0.008685,-0.0177,0.00585,2.083028,452.61646,True
KVAL006,32,1.3685,RShoulder,0.000109,-3e-05,-0.000105,0.0,13.511151,196.996532,True
KVAL006,33,1.401833,RShoulder,0.908889,0.346785,-0.73374,-0.4092,11.623483,447.804689,False
KVAL006,34,1.435177,RShoulder,0.77497,0.41148,-0.639345,-0.15,16.497402,393.295432,False
KVAL006,35,1.4685,RShoulder,0.281064,0.063495,0.094155,0.2571,15.443924,366.28729,False
KVAL006,36,1.501844,RShoulder,0.515388,-0.222195,0.11436,-0.45075,12.233214,308.185503,False
KVAL006,37,1.535166,RShoulder,0.56853,-0.24741,0.1257,-0.4962,10.730825,389.75523,False
KVAL006,38,1.5685,RShoulder,0.467761,-0.401355,0.036495,0.23745,14.56952,558.986792,False
KVAL006,39,1.601833,RShoulder,0.579585,-0.346395,0.02004,0.46425,27.165925,728.384138,False
KVAL006,40,1.635177,RShoulder,1.477473,0.45993,0.74979,-1.1871,34.198241,2010.890128,True
KVAL006,41,1.668511,RShoulder,1.774482,0.25473,0.519675,-1.67745,128.044129,1696.644499,False
KVAL006,42,1.701844,RShoulder,8.444572,-2.502255,-6.205125,-5.152275,108.719769,6427.872145,False
KVAL006,43,1.735177,RShoulder,7.416072,-0.67476,-6.364005,-3.7473,311.046028,,True
KVAL006,44,1.768511,RShoulder,13.039283,-1.82643,6.85419,10.941075,,,True
KVAL006,45,1.801844,RShoulder,,,,,,,False
KVAL006,46,1.835188,RShoulder,,,,,,,False
KVAL006,47,1.868511,RShoulder,,,,,,,False
KVAL006,48,1.901844,RShoulder,,,,,,,False
KVAL006,49,1.935166,RShoulder,,,,,,,False
KVAL006,50,1.968511,RShoulder,,,,,,,False
KVAL006,51,2.001833,RShoulder,,,,,,,False
KVAL006,52,2.035166,RShoulder,,,,,,,False
KVAL006,53,2.0685,RShoulder,,,,,,,False
KVAL006,54,2.101844,RShoulder,1.047813,0.494085,0.554475,0.739155,,,False
KVAL006,55,2.135177,RShoulder,1.586931,0.03405,1.3236,0.8748,15.457411,,False
KVAL006,56,2.168511,RShoulder,1.812093,0.091665,1.42554,1.11495,15.517538,581.613001,False
KVAL006,57,2.201833,RShoulder,0.609412,0.07569,0.36855,0.4794,24.602313,166.58493,False
KVAL006,58,2.235177,RShoulder,0.172836,-0.006045,0.13107,0.1125,9.621552,196.695019,False
KVAL006,59,2.2685,RShoulder,0.200435,0.105345,0.12681,-0.114,13.624929,156.88816,False
KVAL006,60,2.301844,RShoulder,0.757218,-0.355215,-0.40728,-0.5304,2.568909,565.640217,False
KVAL006,61,2.335166,RShoulder,0.076692,-0.03261,0.04773,-0.0504,24.16634,150.671004,False
KVAL006,62,2.368511,RShoulder,0.86483,0.416085,0.60297,0.4596,8.469855,468.0626,False
KVAL006,63,2.401844,RShoulder,0.549989,0.290835,0.378105,0.27375,7.442157,282.816258,False
KVAL006,64,2.435188,RShoulder,0.423607,0.06558,0.288675,0.303,10.718226,265.909018,False
KVAL006,65,2.468511,RShoulder,0.28425,-0.27177,-0.01815,0.0813,10.941132,484.725914,False
KVAL006,66,2.501844,RShoulder,1.032276,0.698415,0.39393,0.6501,21.81658,312.202139,False
KVAL006,67,2.535177,RShoulder,1.272755,0.936225,0.51216,0.6936,10.325934,569.595777,False
KVAL006,68,2.568511,RShoulder,0.387494,0.289275,0.226995,0.12225,16.433234,141.557436,False
KVAL006,69,2.601833,RShoulder,0.219264,0.16512,0.144045,0.00795,1.729181,296.383772,False
KVAL006,70,2.635177,RShoulder,0.284311,0.19464,0.161595,0.12975,3.444654,28.430805,False
KVAL006,71,2.668511,RShoulder,0.396711,0.29337,0.18309,0.1944,1.568929,171.181991,False
KVAL006,72,2.701855,RShoulder,0.213609,0.176115,0.11472,0.0381,8.232211,114.078582,False
KVAL006,73,2.735166,RShoulder,0.153111,-0.12414,-0.05337,-0.072,8.895235,103.909212,False
KVAL006,74,2.7685,RShoulder,0.412399,-0.20418,-0.17538,-0.31245,4.616464,125.209377,False
KVAL006,75,2.801833,RShoulder,0.40873,-0.130875,-0.08259,-0.3783,4.94782,40.061987,False
KVAL006,76,2.835177,RShoulder,0.659995,-0.17211,-0.09324,-0.6303,2.640903,203.853439,False
KVAL006,77,2.8685,RShoulder,0.578653,-0.182025,-0.170025,-0.5223,8.819392,127.77292,False
KVAL006,78,2.901844,RShoulder,0.145134,-0.10362,-0.090435,-0.04635,5.93794,171.75555,False
KVAL006,79,2.935166,RShoulder,0.183757,-0.062625,-0.0672,-0.15915,2.660544,87.152457,False
KVAL006,80,2.9685,RShoulder,0.284105,-0.14013,-0.11652,-0.21795,1.511928,67.443117,False
KVAL006,81,3.001833,RShoulder,0.198591,-0.140535,-0.096195,-0.10215,1.875521,33.527517,False
KVAL006,82,3.035177,RShoulder,0.205635,-0.143835,-0.11379,-0.093,1.261895,42.077451,False
KVAL006,83,3.068511,RShoulder,0.116729,-0.081195,-0.067365,-0.04995,3.076319,6.986874,False
KVAL006,84,3.101844,RShoulder,0.000555,-0.000315,-0.000345,-0.0003,0.847197,65.894565,False
KVAL006,85,3.135166,RShoulder,0.062437,-0.046935,-0.03792,-0.01605,1.743211,20.100719,False
KVAL006,86,3.1685,RShoulder,0.116607,-0.005505,-0.11562,-0.0141,1.471214,41.147131,False
KVAL006,87,3.201844,RShoulder,0.088471,0.040335,-0.078705,0.0024,1.255942,63.519571,False
KVAL006,88,3.235188,RShoulder,0.087574,-0.064935,-0.05874,0.0015,3.128912,48.328689,False
KVAL006,89,3.268511,RShoulder,0.223848,-0.13716,-0.16395,-0.06645,2.470559,70.961806,False
KVAL006,90,3.301844,RShoulder,0.234203,-0.10899,-0.183255,-0.0969,1.649687,432.727976,False
KVAL006,91,3.335166,RShoulder,0.130142,-0.0618,-0.11448,-0.00345,26.435097,446.878324,False
KVAL006,92,3.3685,RShoulder,1.549439,0.473565,0.857775,1.2003,31.30456,559.909705,False
KVAL006,93,3.401833,RShoulder,1.997678,0.66414,1.11471,1.5189,10.931845,906.390163,False
KVAL006,94,3.435177,RShoulder,0.824766,0.205815,0.48819,0.6321,29.338147,204.934818,False
KVAL006,95,3.4685,RShoulder,0.26578,-0.07632,0.2451,-0.06885,24.063339,230.013517,False
KVAL006,96,3.501844,RShoulder,0.829453,-0.12579,-0.134205,-0.8088,18.712793,295.879025,False
KVAL006,97,3.535166,RShoulder,1.275057,-0.039345,-0.08367,-1.2717,4.580623,734.867196,False
KVAL006,98,3.568511,RShoulder,1.128802,-0.109305,-0.216195,-1.1025,30.355331,660.843181,False
KVAL006,99,3.601833,RShoulder,0.79983,0.12438,0.384375,0.6903,39.605346,510.431126,False
KVAL006,100,3.635177,RShoulder,1.554591,0.328275,0.78444,1.3014,3.948709,858.206444,False
KVAL006,101,3.668511,RShoulder,0.56049,0.17628,0.25611,0.46635,17.664324,36.112383,False
KVAL006,102,3.701844,RShoulder,0.386457,0.12321,0.23751,0.27885,3.400091,240.0915,False
KVAL006,103,3.735177,RShoulder,0.375119,0.12843,0.25356,0.2448,1.726544,48.803886,False
KVAL006,104,3.768511,RShoulder,0.274961,0.07395,0.18612,0.1884,4.522375,50.68719,False
KVAL006,105,3.801833,RShoulder,0.077096,0.007485,0.04983,0.05835,4.990516,36.717017,False
KVAL006,106,3.835177,RShoulder,0.057806,-0.013125,-0.03831,-0.04125,2.256427,77.398012,False
KVAL006,107,3.8685,RShoulder,0.07352,-0.0129,-0.050295,-0.05205,0.173112,41.388416,False
KVAL006,108,3.901844,RShoulder,0.046487,-0.01251,-0.03042,-0.03285,0.505808,3.509094,False
KVAL006,109,3.935166,RShoulder,0.039999,-0.00678,-0.025395,-0.03015,0.234397,8.193316,False
KVAL006,110,3.9685,RShoulder,0.040995,-0.00213,-0.019215,-0.03615,1.051484,14.346561,False
KVAL006,111,4.001844,RShoulder,0.030731,0.006615,0.024765,0.01695,0.991419,9.432944,False
KVAL006,112,4.035177,RShoulder,0.025484,0.00399,0.015915,0.0195,1.335087,13.115325,False
KVAL006,113,4.0685,RShoulder,0.115487,-0.00456,0.06381,0.09615,0.929417,97.920034,False
KVAL006,114,4.101844,RShoulder,0.080834,0.05679,0.03882,0.04245,5.302489,116.603916,False
KVAL006,115,4.135166,RShoulder,0.265855,0.171705,-0.00276,-0.20295,8.030925,69.65298,False
KVAL006,116,4.1685,RShoulder,0.550154,0.43905,0.01056,-0.33135,6.004449,148.262268,False
KVAL006,117,4.201833,RShoulder,0.630986,0.56307,-0.026895,-0.2835,2.623915,165.098879,False
KVAL006,118,4.235177,RShoulder,0.47467,0.440475,-0.05355,-0.1686,5.337909,117.995512,False
KVAL006,119,4.2685,RShoulder,0.30106,0.282495,-0.07671,-0.07035,6.909545,88.001902,False
KVAL006,120,4.301833,RShoulder,0.245124,-0.01128,-0.005625,-0.2448,5.743765,106.713958,False
KVAL006,121,4.335177,RShoulder,0.220577,-0.057495,0.02949,-0.2109,1.591644,138.655637,False
KVAL006,122,4.368511,RShoulder,0.144847,-0.028485,-0.01818,-0.14085,3.584153,73.481102,False
KVAL006,123,4.401833,RShoulder,0.154384,0.116685,-0.065025,-0.0774,5.883252,70.925751,False
KVAL006,124,4.435177,RShoulder,0.270667,0.201975,-0.03951,0.1758,2.967439,149.561677,False
KVAL006,125,4.4685,RShoulder,0.08665,0.026715,0.01056,0.08175,4.089259,88.278953,False
KVAL006,126,4.501833,RShoulder,0.068179,0.03969,-0.03474,-0.0432,2.962368,45.436188,False
KVAL006,127,4.535166,RShoulder,0.135968,0.071385,-0.067215,-0.0942,1.226245,41.067267,False
KVAL006,128,4.568511,RShoulder,0.132512,0.021885,-0.046605,-0.1221,2.030004,10.340141,False
KVAL006,129,4.601833,RShoulder,0.200489,-0.01377,-0.040365,-0.1959,1.209757,90.062613,False
KVAL006,130,4.635177,RShoulder,0.212061,0.04917,-0.06552,-0.1956,3.987954,221.806973,False
KVAL006,131,4.668511,RShoulder,0.156824,0.144495,-0.058545,0.01695,13.589212,190.863121,False
KVAL006,132,4.701855,RShoulder,0.699342,-0.32418,0.24378,0.5697,12.199179,375.788763,False
KVAL006,133,4.735166,RShoulder,0.706768,-0.420885,0.27732,0.49545,11.464068,351.31283,False
KVAL006,134,4.768511,RShoulder,0.075106,-0.00519,-0.02619,-0.0702,11.358947,221.607267,False
KVAL006,135,4.801833,RShoulder,0.072678,-0.014475,-0.03693,-0.0609,3.392813,251.932476,False
KVAL006,136,4.835166,RShoulder,0.154523,-0.04539,0.05751,0.13605,5.674038,221.106463,False
KVAL006,137,4.8685,RShoulder,0.313161,-0.095085,0.161175,0.2511,11.749939,455.25697,False
KVAL006,138,4.901844,RShoulder,0.666392,-0.24252,-0.452415,-0.42495,25.205576,1869.431445,False
KVAL006,139,4.935166,RShoulder,1.42649,-0.49464,-0.91788,-0.9735,125.08558,2162.58508,False
KVAL006,140,4.9685,RShoulder,8.502524,-4.485795,-5.512725,4.66695,138.745809,5626.315466,False
KVAL006,141,5.001844,RShoulder,9.30445,-5.192625,-5.05383,5.8368,252.086555,6162.407154,False
KVAL006,142,5.035177,RShoulder,8.937083,5.64393,1.494525,-6.76638,272.814685,6065.213209,False
KVAL006,143,5.068511,RShoulder,9.092716,5.94468,2.44761,-6.4302,164.129658,6392.497672,False
KVAL006,144,5.101844,RShoulder,3.012224,-1.43706,2.14614,1.54998,161.437887,2640.394405,False
KVAL006,145,5.135166,RShoulder,2.957253,-1.532625,2.16606,1.3056,15.94941,2812.348749,False
KVAL006,146,5.1685,RShoulder,1.955268,-1.011,1.37079,0.96015,35.140779,156.09497,False
KVAL006,147,5.201844,RShoulder,0.664461,-0.40746,0.51924,0.07665,26.214607,421.256111,False
KVAL006,148,5.235177,RShoulder,0.306324,-0.223785,0.197625,-0.06855,7.765927,393.427893,False
KVAL006,149,5.2685,RShoulder,0.161787,-0.061395,0.147675,-0.02445,2.368862,157.73679,False
KVAL006,150,5.301844,RShoulder,0.254701,-0.080325,0.240975,-0.01875,2.758771,49.717731,False
KVAL006,151,5.335177,RShoulder,0.33582,-0.17187,0.287805,0.0201,1.179354,119.036392,False
KVAL006,152,5.368511,RShoulder,0.262135,-0.14667,0.21669,0.01575,5.2102,38.840899,False
KVAL006,153,5.401833,RShoulder,0.073274,-0.01989,-0.01137,-0.0696,2.187281,120.887576,False
KVAL006,154,5.435177,RShoulder,0.127218,-0.069615,0.096435,0.04515,2.903578,34.124295,False
KVAL006,155,5.4685,RShoulder,0.17095,-0.07683,0.151665,0.01785,0.7182,64.96388,False
KVAL006,156,5.501844,RShoulder,0.110027,-0.043965,0.10074,0.00495,1.706448,22.255126,False
KVAL006,157,5.535166,RShoulder,0.075434,-0.02949,0.052095,0.0459,1.211635,17.013217,False
KVAL006,158,5.568511,RShoulder,0.04041,-0.02256,0.024855,0.0225,0.937008,9.521954,False
KVAL006,159,5.601844,RShoulder,0.028737,0.011055,0.00954,0.02475,1.22382,15.239645,False
KVAL006,160,5.635177,RShoulder,0.059386,0.0357,-0.03057,0.0363,0.56495,30.820357,False
KVAL006,161,5.668522,RShoulder,0.05725,0.01128,-0.01362,0.05445,0.896724,22.798889,False
KVAL006,162,5.701855,RShoulder,0.001335,-0.000465,-0.00087,-0.0009,1.032604,51.573948,False
KVAL006,163,5.735188,RShoulder,0.018156,0.000345,-0.012135,-0.0135,3.527967,25.730613,False
KVAL006,164,5.768533,RShoulder,0.236461,-0.011355,-0.142245,-0.18855,2.320212,103.236304,False
KVAL006,165,5.801866,RShoulder,0.172216,-0.039105,-0.112875,-0.12405,3.388686,55.317473,False
KVAL006,166,5.835177,RShoulder,0.047533,-0.03666,-0.029715,0.0057,1.374122,73.803754,False
KVAL006,167,5.868511,RShoulder,0.082553,-0.009195,-0.061365,-0.05445,1.586874,31.991495,False
KVAL006,168,5.901844,RShoulder,0.109984,0.007695,-0.07761,-0.07755,0.871939,48.243866,False
KVAL006,169,5.935177,RShoulder,0.137189,0.00906,-0.09699,-0.0966,1.681328,148.132256,False
KVAL006,170,5.968511,RShoulder,0.019332,-0.01845,0.00342,-0.00465,9.132688,82.950204,False
KVAL006,171,6.001844,RShoulder,0.497257,-0.16074,0.46704,0.05745,6.795997,236.30601,False
KVAL006,172,6.035166,RShoulder,0.461286,-0.14007,0.43848,0.03,6.739624,149.84289,False
KVAL006,173,6.068511,RShoulder,0.071924,-0.030165,0.03714,0.0537,3.279016,157.32491,False
KVAL006,174,6.101833,RShoulder,0.259677,-0.115575,0.2238,0.06315,3.768589,22.477909,False
KVAL006,175,6.135166,RShoulder,0.299853,-0.12936,0.267555,0.0399,2.544142,112.456391,False
KVAL006,176,6.1685,RShoulder,0.091791,-0.044805,0.072375,0.03435,3.730618,43.017175,False
KVAL006,177,6.201844,RShoulder,0.065357,-0.02538,0.041655,0.0435,0.653031,105.820158,False
KVAL006,178,6.235177,RShoulder,0.11429,-0.01641,0.102555,0.0477,3.907322,45.855834,False
KVAL006,179,6.268522,RShoulder,0.270857,-0.06297,0.223935,-0.13875,2.988397,111.810598,False
KVAL006,180,6.301833,RShoulder,0.268828,-0.10449,0.237885,-0.069,3.568045,97.032364,False
KVAL006,181,6.335177,RShoulder,0.104728,-0.038805,0.08274,0.05115,3.716297,73.664481,False
KVAL006,182,6.3685,RShoulder,0.045202,-0.00021,0.014685,-0.04275,2.128264,60.994655,False
KVAL006,183,6.401844,RShoulder,0.079655,-0.00372,0.027405,-0.0747,0.381945,49.092872,False
KVAL006,184,6.435166,RShoulder,0.052549,-0.016485,0.03342,-0.03705,1.232302,19.405627,False
KVAL006,185,6.4685,RShoulder,0.036026,-0.0288,0.02139,0.0033,1.526987,23.803479,False
KVAL006,186,6.501844,RShoulder,0.106441,-0.030945,0.091065,0.0456,1.2861,46.313301,False
KVAL006,187,6.535177,RShoulder,0.106933,-0.01485,0.10077,0.03255,1.573576,42.241655,False
KVAL006,188,6.5685,RShoulder,0.035158,-0.00546,0.020685,-0.0279,1.564957,17.642874,False
KVAL006,189,6.601844,RShoulder,0.002972,0.000735,0.00288,0.0,0.784353,14.756907,False
KVAL006,190,6.635166,RShoulder,0.041813,0.000405,-0.031275,-0.02775,0.668272,19.796489,False
KVAL006,191,6.668511,RShoulder,0.042357,0.00012,-0.031605,-0.0282,0.628037,19.601002,False
KVAL006,192,6.701833,RShoulder,8.1e-05,3e-05,7.5e-05,0.0,1.730011,45.525213,False
KVAL006,193,6.735166,RShoulder,0.15057,0.056355,-0.067185,-0.1224,2.457737,70.268154,False
KVAL006,194,6.768511,RShoulder,0.163824,0.047685,-0.07374,-0.1383,2.987321,87.231054,False
KVAL006,195,6.801844,RShoulder,0.050505,-0.01638,0.03552,0.03195,3.385242,58.524587,False
KVAL006,196,6.835177,RShoulder,0.072521,0.025185,0.037095,0.057,1.034223,65.185913,False
KVAL006,197,6.868522,RShoulder,0.034045,0.032445,-0.00675,0.0078,1.018039,28.008003,False
KVAL006,198,6.901844,RShoulder,0.039715,0.02658,0.02769,-0.0102,0.872072,36.556633,False
KVAL006,199,6.935177,RShoulder,0.041905,-0.000945,0.040815,0.00945,1.592938,19.955414,False
KVAL006,200,6.9685,RShoulder,0.090431,-0.04755,0.04191,0.0645,0.501513,52.551046,False
KVAL006,201,7.001844,RShoulder,0.009859,0.00219,0.00774,0.0057,1.96397,7.561921,False
KVAL006,202,7.035177,RShoulder,0.040591,0.023235,-0.016155,-0.0291,0.087552,31.126961,False
KVAL006,203,7.068511,RShoulder,0.013303,0.0015,0.00669,0.0114,0.810622,16.403163,False
KVAL006,204,7.101844,RShoulder,0.068479,-0.020205,-0.03186,-0.05715,1.026873,25.173361,False
KVAL006,205,7.135177,RShoulder,0.055333,-0.014925,-0.022815,-0.04815,0.910481,23.815382,False
KVAL006,206,7.1685,RShoulder,0.014762,0.00822,-0.00315,-0.01185,0.579915,11.636285,False
KVAL006,207,7.201844,RShoulder,0.021282,0.005175,-0.011565,-0.0171,0.258704,16.987286,False
KVAL006,208,7.235177,RShoulder,0.004569,0.002295,0.00063,0.0039,1.333448,11.855143,False
KVAL006,209,7.268522,RShoulder,0.068073,-0.031665,0.03393,0.0498,1.026242,24.729905,False
KVAL006,210,7.301844,RShoulder,0.070594,-0.02991,0.035175,0.0534,0.581326,21.3228,False
KVAL006,211,7.335177,RShoulder,0.061873,0.00543,0.024855,0.0564,0.50741,31.231136,False
KVAL006,212,7.368511,RShoulder,0.05205,-0.03039,0.03741,0.01965,1.792873,17.60606,False
KVAL006,213,7.401855,RShoulder,0.062226,-0.02754,0.00015,-0.0558,1.282491,41.198941,False
KVAL006,214,7.435177,RShoulder,0.035551,0.006705,-0.028755,-0.0198,1.023134,28.675979,False
KVAL006,215,7.468522,RShoulder,0.015813,0.001035,-0.01521,0.0042,0.697103,19.332139,False
KVAL006,216,7.501833,RShoulder,0.016996,0.006915,0.00153,0.01545,1.568461,11.131814,False
KVAL006,217,7.535166,RShoulder,0.099661,0.006195,0.04902,0.08655,0.934275,53.928025,False
KVAL006,218,7.5685,RShoulder,0.072487,0.048375,0.046395,0.0276,2.113038,28.117959,False
KVAL006,219,7.601833,RShoulder,0.060431,0.046155,-0.000825,-0.039,0.965231,34.258777,False
KVAL006,220,7.635177,RShoulder,0.035159,0.00075,0.00375,0.03495,0.905281,33.669512,False
KVAL006,221,7.668511,RShoulder,0.061654,0.015135,-0.05178,-0.02985,2.091555,54.678166,False
KVAL006,222,7.701844,RShoulder,0.108305,0.025905,-0.059295,-0.08685,2.936344,114.287081,False
KVAL006,223,7.735177,RShoulder,0.137799,-0.00132,0.13566,0.02415,5.695128,44.182822,False
KVAL006,224,7.768511,RShoulder,0.280282,-0.0576,0.24318,0.1269,3.00491,97.83022,False
KVAL006,225,7.801844,RShoulder,0.284429,-0.104745,0.185715,0.18825,1.289635,61.446582,False
KVAL006,226,7.835177,RShoulder,0.231295,-0.071325,0.161385,0.14955,1.257759,34.393715,False
KVAL006,227,7.868522,RShoulder,0.244753,-0.030315,0.19101,0.15,1.4002,59.41895,False
KVAL006,228,7.901844,RShoulder,0.324308,-0.10788,0.22719,0.20475,3.002137,13.098363,False
KVAL006,229,7.935177,RShoulder,0.421291,-0.163965,0.329385,0.2052,1.998878,90.491916,False
KVAL006,230,7.9685,RShoulder,0.452451,-0.11139,0.33507,0.2829,3.115047,639.483349,False
KVAL006,231,8.001844,RShoulder,0.26777,-0.04251,0.160995,0.2097,42.042616,924.995232,False
KVAL006,232,8.035177,RShoulder,2.816354,-2.335335,-1.20888,1.0083,61.610826,921.263831,False
KVAL006,233,8.068511,RShoulder,4.141649,-3.1197,-2.05401,1.78935,20.233404,1701.942964,True
KVAL006,234,8.101833,RShoulder,1.643291,-1.07412,-0.7305,1.0065,54.564097,187.095435,False
KVAL006,235,8.135166,RShoulder,1.915302,-0.018045,-0.15726,1.90875,22.542551,943.585855,False
KVAL006,236,8.1685,RShoulder,1.852956,0.09456,-0.268905,1.8309,27.257552,668.256124,True
KVAL006,237,8.201844,RShoulder,0.212418,-0.17613,-0.06252,0.10095,27.758709,386.14664,False
KVAL006,238,8.235166,RShoulder,0.063615,-0.04356,-0.04635,-0.00105,3.095201,305.634794,False
KVAL006,239,8.2685,RShoulder,0.030889,-0.016425,-0.0156,-0.021,7.863855,91.317553,False
KVAL006,240,8.301844,RShoulder,0.530983,0.004575,-0.11277,-0.51885,7.303009,235.966126,False
KVAL006,241,8.335177,RShoulder,0.51009,0.005295,-0.10683,-0.49875,7.920475,233.137525,True
KVAL006,242,8.368511,RShoulder,0.024289,0.0207,0.01128,-0.00585,8.580765,144.294476,True
KVAL006,243,8.401855,RShoulder,0.212363,0.20628,0.04854,0.0138,3.59443,156.842482,True
KVAL006,244,8.435177,RShoulder,0.262492,0.24126,0.043665,-0.09375,2.457127,113.778802,True
KVAL006,245,8.468511,RShoulder,0.074682,0.05817,0.01131,-0.04545,4.046625,31.568954,True
KVAL006,246,8.501844,RShoulder,0.068394,0.023025,0.01593,0.0624,1.115918,66.055902,True
KVAL006,247,8.535188,RShoulder,0.000332,0.00012,7.5e-05,-0.0003,1.029148,41.623822,True
KVAL006,248,8.568511,RShoulder,0.000332,0.00012,7.5e-05,-0.0003,1.814688,36.055035,True
KVAL006,249,8.601855,RShoulder,0.121102,0.119925,0.016695,0.00225,1.814688,54.521094,True
KVAL006,250,8.635166,RShoulder,0.121102,0.119925,0.016695,0.00225,1.820119,49.873053,True
KVAL006,251,8.668511,RShoulder,0.001194,-0.00018,-0.00054,0.00105,1.520929,37.94323,True
KVAL006,252,8.701833,RShoulder,0.026404,0.021465,-0.00399,0.01485,0.92644,32.043629,True
KVAL006,253,8.735177,RShoulder,0.061407,0.045585,-0.03024,-0.0279,0.711564,28.114833,True
KVAL006,254,8.768511,RShoulder,0.062678,0.059895,-0.01509,-0.01065,1.072561,18.912552,True
KVAL006,255,8.801855,RShoulder,0.047711,0.035805,0.0114,0.0294,0.743116,42.418713,True
KVAL006,256,8.835177,RShoulder,0.038333,0.019155,0.00189,-0.03315,1.860927,8.202218,True
KVAL006,257,8.868511,RShoulder,0.089434,0.00552,-0.01467,-0.08805,0.667487,47.53377,True
KVAL006,258,8.901844,RShoulder,0.060453,-0.01389,-0.016755,-0.0564,1.346337,22.302434,True
KVAL006,259,8.935188,RShoulder,0.00034,-0.000105,0.00012,0.0003,0.908964,20.267447,True
KVAL006,260,8.968511,RShoulder,0.000151,0.0,1.5e-05,0.00015,0.005096,13.66689,True
KVAL006,261,9.001844,RShoulder,0.0,0.0,0.0,0.0,0.002261,18.155444,True
KVAL006,262,9.035166,RShoulder,0.0,0.0,0.0,0.0,1.205937,18.505672,True
KVAL006,263,9.0685,RShoulder,0.080396,-0.056775,0.006495,0.05655,1.232091,35.789258,True
KVAL006,264,9.101833,RShoulder,0.082139,-0.057315,0.00756,0.05835,1.180093,27.269082,True
KVAL006,265,9.135166,RShoulder,0.00216,-0.00054,0.001065,0.0018,0.598669,31.147093,True
KVAL006,266,9.1685,RShoulder,0.044622,-0.036285,0.00876,0.02445,0.945101,4.042244,True
KVAL006,267,9.201833,RShoulder,0.064105,-0.05937,-0.00294,0.024,0.622491,30.992039,True
KVAL006,268,9.235166,RShoulder,0.01778,-0.01449,-0.007785,-0.00675,1.122066,10.316414,True
KVAL006,269,9.268511,RShoulder,0.011426,0.00873,0.004065,-0.00615,0.270194,19.294105,True
KVAL006,270,9.301844,RShoulder,0.000251,0.000135,0.00015,0.00015,0.172457,12.668062,True
KVAL006,271,9.335177,RShoulder,0.000153,0.0,3e-05,0.00015,0.740066,9.716871,True
KVAL006,272,9.368522,RShoulder,0.049277,-0.00249,-0.04245,0.0249,0.739528,22.160308,True
KVAL006,273,9.401855,RShoulder,0.049351,-0.00243,-0.04254,0.0249,0.737289,22.19697,True
KVAL006,274,9.4352,RShoulder,0.000172,6e-05,-6e-05,0.00015,0.740272,11.52999,True
KVAL006,275,9.468533,RShoulder,0.0,0.0,0.0,0.0,0.045513,12.128306,True
KVAL006,276,9.501844,RShoulder,0.003206,0.001395,-0.00102,0.0027,0.096171,0.759885,True
KVAL006,277,9.535177,RShoulder,0.006411,0.00279,-0.00204,0.0054,0.096171,0.0,True
KVAL006,0,0.301866,RElbow,3.410671,0.27426,1.81212,2.8764,44.504466,327.574613,True
KVAL006,1,0.335177,RElbow,2.126531,-0.21315,0.730545,1.9857,47.789555,608.435468,True
KVAL006,2,0.368522,RElbow,0.624525,-0.374505,-0.17172,0.46935,52.842906,679.450416,False
KVAL006,3,0.401833,RElbow,1.470455,0.396195,0.043695,-1.4154,23.540553,1236.743042,False
KVAL006,4,0.435166,RElbow,0.952442,0.411435,0.255225,-0.8202,29.728739,566.986958,False
KVAL006,5,0.4685,RElbow,0.560166,-0.008985,0.215325,0.51705,14.286637,565.700684,True
KVAL006,6,0.501833,RElbow,0.0,0.0,0.0,0.0,8.402581,214.297187,True
KVAL006,7,0.535166,RElbow,1.5e-05,0.0,-1.5e-05,0.0,0.000318,126.040067,True
KVAL006,8,0.568511,RElbow,2.1e-05,-1.5e-05,-1.5e-05,0.0,0.000318,0.009546,False
KVAL006,9,0.601833,RElbow,1.5e-05,-1.5e-05,0.0,0.0,0.000318,0.007547,False
KVAL006,10,0.635166,RElbow,0.0,0.0,0.0,0.0,0.000225,0.004773,False
KVAL006,11,0.668511,RElbow,0.0,0.0,0.0,0.0,0.0,0.003375,False
KVAL006,12,0.701844,RElbow,0.0,0.0,0.0,0.0,0.0,0.0,False
KVAL006,13,0.735166,RElbow,0.0,0.0,0.0,0.0,0.0,0.0,False
KVAL006,14,0.768511,RElbow,0.0,0.0,0.0,0.0,0.0,0.0,True
KVAL006,15,0.801844,RElbow,0.0,0.0,0.0,0.0,0.0,0.0,True
KVAL006,16,0.835188,RElbow,0.0,0.0,0.0,0.0,0.0,0.0,True
KVAL006,17,0.868511,RElbow,0.0,0.0,0.0,0.0,0.0,0.0,False
KVAL006,18,0.901855,RElbow,0.0,0.0,0.0,0.0,0.0,0.0,False
KVAL006,19,0.935166,RElbow,0.0,0.0,0.0,0.0,0.0,0.0,False
KVAL006,20,0.968511,RElbow,0.0,0.0,0.0,0.0,0.0,0.0,False
KVAL006,21,1.001844,RElbow,0.0,0.0,0.0,0.0,0.0,0.0,True
KVAL006,22,1.035177,RElbow,0.0,0.0,0.0,0.0,0.0,0.0,True
KVAL006,23,1.068511,RElbow,0.0,0.0,0.0,0.0,0.0,0.0,False
KVAL006,24,1.101855,RElbow,0.0,0.0,0.0,0.0,0.0,137.167314,False
KVAL006,25,1.135166,RElbow,0.0,0.0,0.0,0.0,9.144488,137.242657,False
KVAL006,26,1.168511,RElbow,0.609633,-0.24489,-0.15837,-0.53535,9.14951,521.633836,False
KVAL006,27,1.201844,RElbow,0.609967,-0.24525,-0.158595,-0.5355,26.493707,544.754421,False
KVAL006,28,1.235188,RElbow,1.267955,-0.349215,0.020175,1.21875,29.084307,649.47632,False
KVAL006,29,1.2685,RElbow,1.549623,-0.801225,-0.114045,1.3215,17.005157,772.706671,True
KVAL006,30,1.301844,RElbow,0.531172,-0.4935,-0.16323,0.10935,22.815974,277.980642,True
KVAL006,31,1.335166,RElbow,0.050864,-0.04134,-0.02889,0.0066,7.964633,356.281392,True
KVAL006,32,1.3685,RElbow,0.000279,-0.00021,-0.000105,-0.00015,5.912994,331.888634,True
KVAL006,33,1.401833,RElbow,0.430384,-0.38793,-0.04725,-0.1803,14.325486,145.54223,True
KVAL006,34,1.435177,RElbow,0.95527,-0.869415,-0.39522,-0.02145,6.930613,451.602303,True
KVAL006,35,1.4685,RElbow,0.615496,-0.482505,-0.3483,0.1572,16.34928,305.388945,False
KVAL006,36,1.501844,RElbow,0.414334,-0.07629,0.313245,-0.26025,13.67094,350.981636,False
KVAL006,37,1.535166,RElbow,0.464876,-0.097095,0.33333,-0.30915,8.090671,363.419087,False
KVAL006,38,1.5685,RElbow,0.250286,-0.182295,-0.16704,-0.03885,11.03347,448.395956,False
KVAL006,39,1.601833,RElbow,0.318376,-0.15318,-0.19302,0.2016,21.820193,567.475161,False
KVAL006,40,1.635177,RElbow,1.286862,0.21336,1.10283,-0.6279,26.847739,2375.537934,True
KVAL006,41,1.668511,RElbow,1.495832,0.109245,0.96423,-1.13835,144.476603,2060.997708,False
KVAL006,42,1.701844,RElbow,9.048061,-2.58438,-6.774375,-5.4126,126.199813,6728.373398,False
KVAL006,43,1.735177,RElbow,8.066626,-0.688065,-6.79398,-4.29405,310.440888,,True
KVAL006,44,1.768511,RElbow,12.16545,-0.3438,6.638475,10.18875,,,True
KVAL006,45,1.801844,RElbow,,,,,,,False
KVAL006,46,1.835188,RElbow,,,,,,,False
KVAL006,47,1.868511,RElbow,,,,,,,False
KVAL006,48,1.901844,RElbow,,,,,,,False
KVAL006,49,1.935166,RElbow,,,,,,,False
KVAL006,50,1.968511,RElbow,,,,,,,False
KVAL006,51,2.001833,RElbow,,,,,,,False
KVAL006,52,2.035166,RElbow,,,,,,,False
KVAL006,53,2.0685,RElbow,,,,,,,False
KVAL006,54,2.101844,RElbow,1.203109,0.50727,0.583545,0.92175,,,False
KVAL006,55,2.135177,RElbow,1.631139,0.094455,1.213785,1.08555,14.162104,,False
KVAL006,56,2.168511,RElbow,1.883961,0.16749,1.40214,1.2471,13.195958,537.114481,False
KVAL006,57,2.201833,RElbow,0.801265,0.00618,0.44568,0.66585,23.201853,117.9255,False
KVAL006,58,2.235177,RElbow,0.404024,-0.103755,0.170775,0.35115,11.97232,243.320703,False
KVAL006,59,2.2685,RElbow,0.112773,0.04179,0.09255,-0.04905,7.291344,237.276516,False
KVAL006,60,2.301844,RElbow,0.200238,-0.127845,-0.153795,-0.0099,3.913559,263.32463,False
KVAL006,61,2.335166,RElbow,0.276431,0.07815,0.181125,0.19365,11.253795,79.698241,False
KVAL006,62,2.368511,RElbow,0.560458,0.260295,0.44832,0.213,2.492807,190.446303,False
KVAL006,63,2.401844,RElbow,0.330889,0.15921,0.27732,0.08505,2.706525,31.806553,False
KVAL006,64,2.435188,RElbow,0.488918,0.28845,0.392325,0.0438,2.181869,107.280558,False
KVAL006,65,2.468511,RElbow,0.337598,0.243855,0.2322,-0.0243,5.337904,144.741028,False
KVAL006,66,2.501844,RElbow,0.766708,0.55662,0.453075,0.2697,8.807029,168.743252,False
KVAL006,67,2.535177,RElbow,0.862292,0.59604,0.514965,0.35085,6.221054,284.843126,False
KVAL006,68,2.568511,RElbow,0.355153,0.2337,0.234915,0.1278,10.270162,73.411836,False
KVAL006,69,2.601833,RElbow,0.190942,0.12441,0.14316,0.02205,1.400723,190.709342,False
KVAL006,70,2.635177,RElbow,0.266795,0.174285,0.188445,0.07275,2.534765,10.336726,False
KVAL006,71,2.668511,RElbow,0.339914,0.20862,0.22806,0.14145,1.593542,79.462965,False
KVAL006,72,2.701855,RElbow,0.167772,0.08478,0.13521,0.05175,2.804602,20.497929,False
KVAL006,73,2.735166,RElbow,0.155268,0.09813,0.111105,0.0462,1.982487,11.511365,False
KVAL006,74,2.7685,RElbow,0.071957,0.04536,0.043575,-0.03495,3.530378,83.057871,False
KVAL006,75,2.801833,RElbow,0.097953,-0.04728,-0.0213,-0.0831,5.833108,74.523126,False
KVAL006,76,2.835177,RElbow,0.385839,-0.28386,0.16611,-0.20175,5.381313,159.555296,False
KVAL006,77,2.8685,RElbow,0.425054,-0.33588,0.14493,-0.21645,4.990049,130.347169,False
KVAL006,78,2.901844,RElbow,0.090588,-0.07713,-0.033285,-0.0339,4.702353,134.51131,False
KVAL006,79,2.935166,RElbow,0.378426,-0.3735,-0.057495,0.01995,5.398325,108.008266,False
KVAL006,80,2.9685,RElbow,0.440067,-0.432405,-0.081705,-0.003,4.128204,152.725733,False
KVAL006,81,3.001833,RElbow,0.12323,-0.106365,-0.04329,-0.0447,4.816845,54.386797,False
KVAL006,82,3.035177,RElbow,0.155067,-0.11763,-0.076245,-0.0663,0.578854,55.417822,False
KVAL006,83,3.068511,RElbow,0.101353,-0.070455,-0.05742,-0.04485,2.320025,13.009717,False
KVAL006,84,3.101844,RElbow,0.000424,-0.00024,-0.00018,-0.0003,0.328692,52.22167,False
KVAL006,85,3.135166,RElbow,0.103171,-0.08562,-0.047475,-0.03255,1.382409,38.975908,False
KVAL006,86,3.1685,RElbow,0.092551,-0.018255,-0.045585,-0.07845,2.398735,35.79984,False
KVAL006,87,3.201844,RElbow,0.08043,0.06603,0.001485,-0.0459,1.245573,111.480579,False
KVAL006,88,3.235188,RElbow,0.074222,-0.05685,-0.04746,-0.00495,5.130957,62.565321,False
KVAL006,89,3.268511,RElbow,0.295113,-0.207045,-0.204495,-0.04905,4.067508,110.192648,False
KVAL006,90,3.301844,RElbow,0.343438,-0.22926,-0.24309,-0.07935,2.280904,207.324622,False
KVAL006,91,3.335166,RElbow,0.151563,-0.0843,-0.12582,-0.00585,9.838863,176.266789,False
KVAL006,92,3.3685,RElbow,0.339757,0.174795,0.160725,0.243,13.771971,60.463353,False
KVAL006,93,3.401833,RElbow,0.79785,0.386505,0.444975,0.53775,6.479227,377.80854,False
KVAL006,94,3.435177,RElbow,0.767339,0.345075,0.43752,0.52755,11.847613,382.760228,False
KVAL006,95,3.4685,RElbow,0.209324,0.02727,0.174885,-0.11175,19.249412,113.22602,False
KVAL006,96,3.501844,RElbow,0.558971,-0.217005,-0.064695,-0.51105,4.736333,355.885474,False
KVAL006,97,3.535166,RElbow,0.360594,-0.1938,0.050595,-0.29985,5.011233,170.415107,False
KVAL006,98,3.568511,RElbow,0.339924,-0.238605,0.099315,-0.2208,6.800816,151.481796,False
KVAL006,99,3.601833,RElbow,0.257679,-0.006525,0.25011,0.06165,13.061103,56.074803,False
KVAL006,100,3.635177,RElbow,0.643827,0.327735,0.42624,0.35415,4.907466,269.041916,False
KVAL006,101,3.668511,RElbow,0.450276,0.24534,0.263925,0.27,5.063559,110.171225,False
KVAL006,102,3.701844,RElbow,0.310218,0.12765,0.21015,0.18915,2.459454,66.639105,False
KVAL006,103,3.735177,RElbow,0.312767,0.11553,0.23202,0.17505,0.721776,29.321252,False
KVAL006,104,3.768511,RElbow,0.272976,0.08853,0.200355,0.1629,3.062879,66.200995,False
KVAL006,105,3.801833,RElbow,0.109336,0.0327,0.07917,0.06795,4.927555,8.983708,False
KVAL006,106,3.835177,RElbow,0.055736,-0.02121,-0.03732,-0.03555,2.549633,82.330236,False
KVAL006,107,3.8685,RElbow,0.060839,-0.02313,-0.044685,-0.0342,0.568716,46.544206,False
KVAL006,108,3.901844,RElbow,0.018393,-0.00621,-0.01479,-0.009,0.553708,11.550913,False
KVAL006,109,3.935166,RElbow,0.023978,-0.00957,-0.01812,-0.01245,0.201621,2.661814,False
KVAL006,110,3.9685,RElbow,0.031346,-0.012045,-0.02217,-0.0186,0.710503,14.950666,False
KVAL006,111,4.001844,RElbow,0.023465,0.008595,0.019305,0.0102,0.799524,14.745029,False
KVAL006,112,4.035177,RElbow,0.02199,0.007695,0.016635,0.01215,1.672012,46.132227,False
KVAL006,113,4.0685,RElbow,0.134393,0.0663,0.094035,0.06945,3.733044,86.526052,False
KVAL006,114,4.101844,RElbow,0.267619,0.20154,0.114975,0.13335,6.86595,64.948469,False
KVAL006,115,4.135166,RElbow,0.560121,0.49323,0.1326,0.22995,7.16032,109.720702,False
KVAL006,116,4.1685,RElbow,0.718183,0.667875,0.120045,0.2352,3.010168,171.02729,False
KVAL006,117,4.201833,RElbow,0.575644,0.56349,-0.017205,0.1164,4.926488,86.056052,False
KVAL006,118,4.235177,RElbow,0.455814,0.44448,-0.063075,0.0789,4.661908,83.915778,False
KVAL006,119,4.2685,RElbow,0.276854,0.26691,-0.064035,0.03615,7.558448,35.377721,False
KVAL006,120,4.301833,RElbow,0.048176,-0.04725,0.003555,-0.0087,5.449462,80.837088,False
KVAL006,121,4.335177,RElbow,0.089642,-0.08505,0.02364,0.0156,2.384891,25.36234,False
KVAL006,122,4.368511,RElbow,0.204255,-0.196425,0.05493,0.01095,6.268615,36.145443,False
KVAL006,123,4.401833,RElbow,0.499135,-0.482655,0.0762,-0.10185,1.002888,213.250212,False
KVAL006,124,4.435177,RElbow,0.230985,-0.219285,0.050895,-0.05175,7.954117,13.199205,False
KVAL006,125,4.4685,RElbow,0.056362,0.02877,0.036045,0.0324,1.29832,245.775744,False
KVAL006,126,4.501833,RElbow,0.230518,-0.189075,0.02664,-0.12915,9.007818,44.298563,False
KVAL006,127,4.535166,RElbow,0.558018,-0.40068,0.02895,-0.3873,3.839279,195.310431,False
KVAL006,128,4.568511,RElbow,0.456898,-0.268575,-0.0114,-0.36945,4.252438,20.435019,False
KVAL006,129,4.601833,RElbow,0.310336,-0.153555,-0.040005,-0.2667,3.113636,216.500148,False
KVAL006,130,4.635177,RElbow,0.647355,-0.34314,-0.105735,-0.53865,11.098012,110.481997,False
KVAL006,131,4.668511,RElbow,1.048076,-0.51,-0.236505,-0.88455,4.771416,426.285478,False
KVAL006,132,4.701855,RElbow,0.548786,-0.233865,0.18288,-0.46155,17.527209,134.575307,False
KVAL006,133,4.735166,RElbow,0.339344,-0.01215,0.33912,0.0021,7.531619,307.81879,False
KVAL006,134,4.768511,RElbow,0.057389,-0.036735,-0.01137,-0.0426,5.263369,100.224419,False
KVAL006,135,4.801833,RElbow,0.014173,0.00855,-0.01116,0.0018,1.154313,99.508984,False
KVAL006,136,4.835166,RElbow,0.023152,0.00129,0.01029,0.0207,1.909077,30.715713,False
KVAL006,137,4.8685,RElbow,0.122657,0.01377,0.06939,0.1002,2.312859,45.50812,False
KVAL006,138,4.901844,RElbow,0.173357,-0.06276,0.11898,0.10935,1.451315,1830.226445,False
KVAL006,139,4.935166,RElbow,0.088703,-0.05715,0.05787,0.0354,121.686208,2035.41052,False
KVAL006,140,4.9685,RElbow,8.09532,-2.89659,-6.34395,4.11075,135.714515,5303.720772,False
KVAL006,141,5.001844,RElbow,9.053288,-4.017705,-6.209475,5.22135,235.862845,6031.893954,False
KVAL006,142,5.035177,RElbow,8.312374,4.61235,2.624505,-6.39795,268.299942,5538.655965,False
KVAL006,143,5.068511,RElbow,9.176623,4.918155,3.30813,-7.0056,142.631547,6338.85515,False
KVAL006,144,5.101844,RElbow,1.96285,-1.23276,1.18575,0.96285,161.16966,2105.323478,False
KVAL006,145,5.135166,RElbow,2.368101,-1.30851,1.27047,1.5105,4.921376,2719.293829,False
KVAL006,146,5.1685,RElbow,1.997838,-1.102365,1.10001,1.25145,26.008717,423.091621,False
KVAL006,147,5.201844,RElbow,0.640798,-0.390975,0.372195,0.3453,26.819908,271.931823,False
KVAL006,148,5.235177,RElbow,0.210814,-0.118935,0.128325,0.1176,8.17602,404.506057,False
KVAL006,149,5.2685,RElbow,0.113751,-0.016755,0.091335,0.0657,1.192672,166.440883,False
KVAL006,150,5.301844,RElbow,0.236102,-0.072585,0.192885,0.1152,3.06539,27.45924,False
KVAL006,151,5.335177,RElbow,0.312598,-0.11559,0.251715,0.1449,0.709969,132.330868,False
KVAL006,152,5.368511,RElbow,0.196463,-0.080865,0.14919,0.099,5.809432,6.80043,False
KVAL006,153,5.401833,RElbow,0.082421,0.006795,-0.0495,-0.06555,0.650766,146.421699,False
KVAL006,154,5.435177,RElbow,0.155325,-0.068685,0.121785,0.06765,3.968217,7.971562,False
KVAL006,155,5.4685,RElbow,0.186467,-0.05913,0.145095,0.1011,0.680636,80.862342,False
KVAL006,156,5.501844,RElbow,0.119303,-0.030495,0.098505,0.06,1.423856,14.684198,False
KVAL006,157,5.535166,RElbow,0.093259,-0.032295,0.07809,0.03945,1.27883,4.460736,False
KVAL006,158,5.568511,RElbow,0.03733,-0.014205,0.033825,0.0069,1.424468,9.509502,False
KVAL006,159,5.601844,RElbow,0.006286,0.000945,0.00162,-0.006,0.934943,26.990456,False
KVAL006,160,5.635177,RElbow,0.025108,0.006705,-0.023715,-0.0048,0.478569,19.497003,False
KVAL006,161,5.668522,RElbow,0.026582,-0.005445,0.0093,0.0243,0.365241,16.334933,False
KVAL006,162,5.701855,RElbow,0.001259,-0.000435,-0.000765,-0.0009,0.620527,52.148566,False
KVAL006,163,5.735188,RElbow,0.015693,0.00321,-0.01107,-0.01065,3.183138,24.676125,False
KVAL006,164,5.768533,RElbow,0.213327,0.02613,-0.14232,-0.15675,2.230368,91.410402,False
KVAL006,165,5.801866,RElbow,0.163589,-0.006735,-0.095775,-0.13245,2.918003,53.876892,False
KVAL006,166,5.835177,RElbow,0.02756,-0.013155,-0.00624,-0.0234,1.394069,65.614468,False
KVAL006,167,5.868511,RElbow,0.080126,0.019425,-0.05814,-0.0516,1.518605,31.894201,False
KVAL006,168,5.901844,RElbow,0.113651,0.03069,-0.08613,-0.0675,0.851514,45.609545,False
KVAL006,169,5.935177,RElbow,0.136889,0.03306,-0.09999,-0.08745,1.522265,111.909626,False
KVAL006,170,5.968511,RElbow,0.029743,-0.01431,-0.005445,-0.0255,6.618119,42.776464,False
KVAL006,171,6.001844,RElbow,0.306716,-0.135615,0.22002,0.16515,4.297682,154.330822,False
KVAL006,172,6.035166,RElbow,0.272911,-0.114675,0.193185,0.15495,3.674956,72.288043,False
KVAL006,173,6.068511,RElbow,0.062068,-0.028395,0.047355,0.02835,0.524252,102.068323,False
KVAL006,174,6.101833,RElbow,0.23829,-0.099885,0.171525,0.13185,3.138482,24.367618,False
KVAL006,175,6.135166,RElbow,0.27023,-0.105555,0.190185,0.16035,2.137621,93.609417,False
KVAL006,176,6.1685,RElbow,0.09619,-0.035445,0.068145,0.0579,3.104933,34.414907,False
KVAL006,177,6.201844,RElbow,0.063495,-0.020205,0.046725,0.03795,0.41531,61.366442,False
KVAL006,178,6.235177,RElbow,0.108429,-0.019065,0.090435,0.0567,1.047955,20.594649,False
KVAL006,179,6.268522,RElbow,0.131605,-0.03177,0.11049,0.06405,1.394719,22.25829,False
KVAL006,180,6.301833,RElbow,0.197508,-0.06855,0.152595,0.105,0.5326,65.251762,False
KVAL006,181,6.335177,RElbow,0.10786,-0.04554,0.08979,0.0387,2.981959,21.665341,False
KVAL006,182,6.3685,RElbow,0.025515,-0.003195,0.01368,-0.0213,1.658329,50.58495,False
KVAL006,183,6.401844,RElbow,0.013076,0.01035,0.005445,-0.00585,0.476148,37.446934,False
KVAL006,184,6.435166,RElbow,0.023365,-0.005385,0.02061,0.0096,0.848468,18.390987,False
KVAL006,185,6.4685,RElbow,0.053639,-0.015555,0.044025,0.0264,1.527205,4.812978,False
KVAL006,186,6.501844,RElbow,0.124941,-0.026925,0.1029,0.06555,0.734853,50.742394,False
KVAL006,187,6.535177,RElbow,0.102119,-0.02064,0.08418,0.054,1.855765,33.636414,False
KVAL006,188,6.5685,RElbow,0.002037,0.00021,0.001935,-0.0006,1.510604,22.098384,False
KVAL006,189,6.601844,RElbow,0.001973,0.000615,0.001875,0.0,0.384946,16.792467,False
KVAL006,190,6.635166,RElbow,0.024342,0.004755,-0.02037,-0.01245,0.393057,11.25608,False
KVAL006,191,6.668511,RElbow,0.02472,0.00453,-0.020595,-0.0129,0.365801,26.809756,False
KVAL006,192,6.701833,RElbow,6.7e-05,3e-05,6e-05,0.0,2.141136,43.045982,False
KVAL006,193,6.735166,RElbow,0.165755,-0.01134,-0.11565,-0.1182,2.520711,77.897506,False
KVAL006,194,6.768511,RElbow,0.168003,-0.007215,-0.120495,-0.11685,3.059371,80.166265,False
KVAL006,195,6.801844,RElbow,0.039288,-0.00612,0.030615,0.02385,2.833273,59.687571,False
KVAL006,196,6.835177,RElbow,0.029838,-0.01995,0.020715,0.00795,0.922018,51.82994,False
KVAL006,197,6.868522,RElbow,0.02476,-0.01008,-0.01623,-0.01575,0.644284,20.068663,False
KVAL006,198,6.901844,RElbow,0.020859,-0.00504,-0.01083,-0.0171,0.432824,29.2434,False
KVAL006,199,6.935177,RElbow,0.017166,-0.013185,0.010095,-0.00435,1.308943,7.922804,False
KVAL006,200,6.9685,RElbow,0.070587,-0.024465,0.055275,0.03645,0.274507,43.391237,False
KVAL006,201,7.001844,RElbow,0.009662,-0.00126,0.004605,0.0084,1.593519,5.784294,False
KVAL006,202,7.035177,RElbow,0.035707,0.011175,-0.02946,-0.0168,0.139091,23.640887,False
KVAL006,203,7.068511,RElbow,0.003914,-0.00348,0.001785,-0.00015,0.032607,7.606822,False
KVAL006,204,7.101844,RElbow,0.036941,0.00999,-0.030495,-0.0183,0.580026,5.581737,False
KVAL006,205,7.135177,RElbow,0.036361,0.00774,-0.03063,-0.018,0.353164,14.01361,False
KVAL006,206,7.1685,RElbow,0.013577,0.00216,-0.01191,-0.00615,0.361842,2.249852,False
KVAL006,207,7.201844,RElbow,0.013367,0.005925,-0.011475,-0.00345,0.23178,6.523396,False
KVAL006,208,7.235177,RElbow,0.003656,0.001545,0.0003,0.0033,0.759541,5.412766,False
KVAL006,209,7.268522,RElbow,0.037605,-0.01233,0.03045,0.0183,0.573546,12.74376,False
KVAL006,210,7.301844,RElbow,0.039701,-0.010965,0.031455,0.0216,0.370831,12.713727,False
KVAL006,211,7.335177,RElbow,0.046128,-0.000915,0.024135,0.0393,0.414943,29.552126,False
KVAL006,212,7.368511,RElbow,0.038843,0.004725,0.0138,0.036,1.729282,29.215339,False
KVAL006,213,7.401855,RElbow,0.06944,-0.007335,-0.04005,-0.05625,1.814632,37.898868,False
KVAL006,214,7.435177,RElbow,0.083258,-0.01917,-0.048435,-0.06495,0.804731,48.869758,False
KVAL006,215,7.468522,RElbow,0.019829,-0.004155,-0.01788,-0.0075,1.445333,9.173465,False
KVAL006,216,7.501833,RElbow,0.015636,0.006435,0.000105,0.01425,0.72387,51.11972,False
KVAL006,217,7.535166,RElbow,0.032116,-0.01734,0.025035,0.0102,2.057517,34.747058,False
KVAL006,218,7.5685,RElbow,0.121588,-0.042,-0.007605,-0.11385,1.769769,66.992761,False
KVAL006,219,7.601833,RElbow,0.103341,-0.02427,-0.02091,-0.09825,2.426703,51.72435,False
KVAL006,220,7.635177,RElbow,0.046737,-0.01128,0.011775,0.0438,1.757989,50.77668,False
KVAL006,221,7.668511,RElbow,0.025584,0.00291,-0.01995,0.01575,1.098658,31.573461,False
KVAL006,222,7.701844,RElbow,0.030011,0.00951,-0.02241,-0.01755,1.891608,99.667567,False
KVAL006,223,7.735177,RElbow,0.117408,-0.04179,0.085185,0.06915,5.618676,24.911341,False
KVAL006,224,7.768511,RElbow,0.344596,-0.122895,0.25707,0.1938,3.507353,125.908676,False
KVAL006,225,7.801844,RElbow,0.351115,-0.12063,0.26334,0.19845,2.780312,113.750293,False
KVAL006,226,7.835177,RElbow,0.160244,-0.05004,0.114735,0.10005,4.115985,51.009657,False
KVAL006,227,7.868522,RElbow,0.098572,-0.06852,0.070035,0.0108,2.654935,88.216044,False
KVAL006,228,7.901844,RElbow,0.19099,-0.141,0.117975,-0.05175,4.31525,63.300721,False
KVAL006,229,7.935177,RElbow,0.357536,-0.205605,0.21975,-0.19305,2.634572,160.921156,False
KVAL006,230,7.9685,RElbow,0.324281,-0.17952,0.268335,0.03045,6.71306,395.27834,False
KVAL006,231,8.001844,RElbow,0.28435,-0.06606,0.1572,0.22755,26.72542,522.806936,False
KVAL006,232,8.035177,RElbow,1.848291,-1.221345,-0.323775,1.34895,37.498817,634.4373,False
KVAL006,233,8.068511,RElbow,2.633675,-1.645515,-0.9156,1.84125,16.763848,1036.501055,True
KVAL006,234,8.101833,RElbow,0.857077,-0.461805,-0.475545,0.5433,32.957282,286.495199,True
KVAL006,235,8.135166,RElbow,1.11818,0.27213,-0.16908,1.0713,14.050787,513.905023,False
KVAL006,236,8.1685,RElbow,1.110845,0.358455,-0.37164,0.98355,18.005404,439.47988,True
KVAL006,237,8.201844,RElbow,0.188196,0.060765,-0.14013,-0.10995,18.219874,267.637324,True
KVAL006,238,8.235166,RElbow,0.125974,0.01605,-0.01056,-0.1245,2.80887,252.06376,True
KVAL006,239,8.2685,RElbow,0.122363,-0.01935,0.028965,-0.1173,3.581862,91.25049,True
KVAL006,240,8.301844,RElbow,0.354492,0.11931,-0.11175,-0.31455,3.416589,155.064877,False
KVAL006,241,8.335177,RElbow,0.264198,0.110055,-0.14229,-0.1935,6.819094,104.924688,True
KVAL006,242,8.368511,RElbow,0.10571,-0.04194,-0.0051,0.0969,5.532054,221.445696,True
KVAL006,243,8.401855,RElbow,0.447341,0.33345,0.143145,-0.2616,8.670564,183.233341,True
KVAL006,244,8.435177,RElbow,0.482737,0.348345,0.134025,-0.30615,7.344888,257.238034,True
KVAL006,245,8.468511,RElbow,0.050763,-0.012075,-0.016395,0.0465,8.479159,120.082062,True
KVAL006,246,8.501844,RElbow,0.095981,-0.027495,-0.00753,0.09165,0.76451,146.644295,True
KVAL006,247,8.535188,RElbow,0.000246,0.00018,7.5e-05,-0.00015,1.44273,24.090418,True
KVAL006,248,8.568511,RElbow,0.000246,0.00018,7.5e-05,-0.00015,1.16822,32.411997,True
KVAL006,249,8.601855,RElbow,0.077935,0.060735,0.00723,0.0483,1.16822,35.148419,True
KVAL006,250,8.635166,RElbow,0.077935,0.060735,0.00723,0.0483,1.175021,50.278672,True
KVAL006,251,8.668511,RElbow,0.000806,0.00012,-0.00027,-0.00075,2.519307,10.743195,True
KVAL006,252,8.701833,RElbow,0.136651,0.06603,0.00462,-0.11955,1.075941,78.876712,True
KVAL006,253,8.735177,RElbow,0.072462,-0.019515,-0.027705,-0.06405,2.951927,38.023331,True
KVAL006,254,8.768511,RElbow,0.062218,-0.043935,0.005955,0.04365,1.556026,76.618932,True
KVAL006,255,8.801855,RElbow,0.05709,0.04089,0.038175,-0.0114,2.186243,67.391591,True
KVAL006,256,8.835177,RElbow,0.088018,0.048675,0.03258,-0.0657,3.802975,117.388525,True
KVAL006,257,8.868511,RElbow,0.211532,-0.16689,0.00441,0.1299,5.646201,104.37524,True
KVAL006,258,8.901844,RElbow,0.29231,-0.215895,-0.028455,0.195,3.179437,150.357165,True
KVAL006,259,8.935188,RElbow,0.000447,0.000315,0.000105,-0.0003,4.385176,47.788454,True
KVAL006,260,8.968511,RElbow,4.7e-05,4.5e-05,1.5e-05,0.0,0.006712,65.785443,True
KVAL006,261,9.001844,RElbow,0.0,0.0,0.0,0.0,0.000712,39.812634,True
KVAL006,262,9.035166,RElbow,0.0,0.0,0.0,0.0,2.647563,32.587897,True
KVAL006,263,9.0685,RElbow,0.176504,0.10311,0.034455,-0.13905,2.172097,86.571868,True
KVAL006,264,9.101833,RElbow,0.144806,0.08199,0.030105,-0.1155,3.124096,120.316427,True
KVAL006,265,9.135166,RElbow,0.031931,-0.02112,-0.00435,0.02355,5.876138,19.833947,True
KVAL006,266,9.1685,RElbow,0.25083,-0.182085,0.00213,0.1725,2.644004,164.880114,True
KVAL006,267,9.201833,RElbow,0.20661,-0.161535,0.020355,0.1272,5.116701,95.81252,True
KVAL006,268,9.235166,RElbow,0.093751,0.053835,0.024015,-0.0729,3.749776,97.236152,True
KVAL006,269,9.268511,RElbow,0.04438,0.03399,0.005985,-0.0279,1.395963,66.026379,True
KVAL006,270,9.301844,RElbow,0.000791,0.000705,0.000195,-0.0003,0.662496,22.586327,True
KVAL006,271,9.335177,RElbow,0.000214,0.00015,3e-05,-0.00015,2.880178,33.132939,True
KVAL006,272,9.368522,RElbow,0.191321,-0.11649,-0.02586,0.14955,2.850636,86.633536,True
KVAL006,273,9.401855,RElbow,0.18983,-0.11553,-0.026085,0.14835,2.895399,85.471227,True
KVAL006,274,9.4352,RElbow,0.001759,0.00111,-0.000195,-0.00135,2.847446,37.553694,True
KVAL006,275,9.468533,RElbow,0.0,0.0,0.0,0.0,0.406121,30.316059,True
KVAL006,276,9.501844,RElbow,0.028831,0.01938,-0.00288,-0.02115,0.864917,6.882006,True
KVAL006,277,9.535177,RElbow,0.057661,0.03876,-0.00576,-0.0423,0.864917,0.0,True
KVAL006,0,0.301866,RWrist,0.754088,0.21096,-0.06669,0.7209,5.886882,120.415392,True
KVAL006,1,0.335177,RWrist,0.60724,0.154575,0.06204,0.58395,8.456546,97.156256,True
KVAL006,2,0.368522,RWrist,0.229226,0.030075,0.087555,0.2097,8.771742,85.694226,True
KVAL006,3,0.401833,RWrist,0.094741,-0.079005,-0.004995,0.05205,4.036664,149.416873,True
KVAL006,4,0.435166,RWrist,0.307465,-0.090825,0.284745,0.07215,4.417428,119.34887,True
KVAL006,5,0.4685,RWrist,0.283662,-0.03084,0.28191,0.0063,4.61197,128.350019,True
KVAL006,6,0.501833,RWrist,0.0,0.0,0.0,0.0,4.254928,69.179549,True
KVAL006,7,0.535166,RWrist,0.0,0.0,0.0,0.0,0.0,63.823916,True
KVAL006,8,0.568511,RWrist,0.0,0.0,0.0,0.0,0.0,0.0,True
KVAL006,9,0.601833,RWrist,0.0,0.0,0.0,0.0,0.0,0.0,True
KVAL006,10,0.635166,RWrist,0.0,0.0,0.0,0.0,0.0,0.0,True
KVAL006,11,0.668511,RWrist,0.0,0.0,0.0,0.0,0.0,0.0,True
KVAL006,12,0.701844,RWrist,0.0,0.0,0.0,0.0,0.0,0.0,True
KVAL006,13,0.735166,RWrist,0.0,0.0,0.0,0.0,0.0,0.0,True
KVAL006,14,0.768511,RWrist,0.0,0.0,0.0,0.0,0.0,0.0,True
KVAL006,15,0.801844,RWrist,0.0,0.0,0.0,0.0,0.0,0.0,True
KVAL006,16,0.835188,RWrist,0.0,0.0,0.0,0.0,0.0,0.0,True
KVAL006,17,0.868511,RWrist,0.0,0.0,0.0,0.0,0.0,0.0,True
KVAL006,18,0.901855,RWrist,0.0,0.0,0.0,0.0,0.0,0.0,True
KVAL006,19,0.935166,RWrist,0.0,0.0,0.0,0.0,0.0,0.0,True
KVAL006,20,0.968511,RWrist,0.0,0.0,0.0,0.0,0.0,0.0,True
KVAL006,21,1.001844,RWrist,0.0,0.0,0.0,0.0,0.0,0.0,True
KVAL006,22,1.035177,RWrist,0.0,0.0,0.0,0.0,0.0,0.0,True
KVAL006,23,1.068511,RWrist,0.0,0.0,0.0,0.0,0.0,0.0,True
KVAL006,24,1.101855,RWrist,0.0,0.0,0.0,0.0,0.0,120.555893,True
KVAL006,25,1.135166,RWrist,0.0,0.0,0.0,0.0,8.03706,120.6005,True
KVAL006,26,1.168511,RWrist,0.535804,0.031425,-0.14886,0.51375,8.040033,240.927932,True
KVAL006,27,1.201844,RWrist,0.536002,0.0315,-0.14904,0.5139,8.032921,305.190392,True
KVAL006,28,1.235188,RWrist,0.03405,-0.008355,0.03114,0.01095,12.314374,65.947101,True
KVAL006,29,1.2685,RWrist,0.287604,0.001485,0.0363,-0.2853,4.739846,248.223924,True
KVAL006,30,1.301844,RWrist,0.302646,0.00402,-0.006465,-0.30255,4.245367,139.012495,True
KVAL006,31,1.335166,RWrist,0.014495,-0.005895,-0.011565,-0.00645,4.539648,60.732503,True
KVAL006,32,1.3685,RWrist,0.00012,0.0,-0.00012,0.0,1.519265,64.396732,True
KVAL006,33,1.401833,RWrist,0.110842,0.015375,-0.109425,0.0087,1.136849,56.462183,True
KVAL006,34,1.435177,RWrist,0.075902,0.002145,-0.070905,0.027,2.265867,44.417048,True
KVAL006,35,1.4685,RWrist,0.044716,-0.013275,0.03858,0.0183,1.956234,31.457556,True
KVAL006,36,1.501844,RWrist,0.080762,-0.04593,0.049005,0.04485,0.730792,76.420382,True
KVAL006,37,1.535166,RWrist,0.086111,-0.036285,0.05052,0.05955,3.403797,73.383754,True
KVAL006,38,1.5685,RWrist,0.15208,0.022605,-0.09486,-0.1167,4.193213,86.435978,True
KVAL006,39,1.601833,RWrist,0.204284,0.013005,-0.04269,-0.19935,2.686023,140.576408,True
KVAL006,40,1.635177,RWrist,0.111933,0.01482,0.079635,-0.07725,5.483127,494.523911,True
KVAL006,41,1.668511,RWrist,0.189101,0.119715,0.013035,0.1458,32.358265,775.847548,True
KVAL006,42,1.701844,RWrist,2.240042,0.331995,0.160245,-2.2095,46.920225,1205.434049,False
KVAL006,43,1.735177,RWrist,3.01391,0.768255,0.02958,-2.9142,49.355704,,True
KVAL006,44,1.768511,RWrist,1.47218,1.03995,0.288645,1.00125,,,True
KVAL006,45,1.801844,RWrist,,,,,,,True
KVAL006,46,1.835188,RWrist,,,,,,,False
KVAL006,47,1.868511,RWrist,,,,,,,False
KVAL006,48,1.901844,RWrist,,,,,,,False
KVAL006,49,1.935166,RWrist,,,,,,,False
KVAL006,50,1.968511,RWrist,,,,,,,False
KVAL006,51,2.001833,RWrist,,,,,,,False
KVAL006,52,2.035166,RWrist,,,,,,,False
KVAL006,53,2.0685,RWrist,,,,,,,True
KVAL006,54,2.101844,RWrist,0.236547,0.09141,-0.216945,0.0231,,,True
KVAL006,55,2.135177,RWrist,0.226767,0.093825,-0.144495,-0.14745,4.165675,,True
KVAL006,56,2.168511,RWrist,0.30356,0.11697,-0.14013,-0.24255,1.221546,95.580481,True
KVAL006,57,2.201833,RWrist,0.299304,0.13788,-0.156105,-0.21495,2.306763,57.824131,True
KVAL006,58,2.235177,RWrist,0.188351,0.106605,-0.12675,-0.0897,2.682751,34.908009,True
KVAL006,59,2.2685,RWrist,0.12418,0.06771,-0.07575,-0.0714,0.921523,35.720187,True
KVAL006,60,2.301844,RWrist,0.137347,0.080655,-0.071235,-0.08535,0.659073,13.554424,True
KVAL006,61,2.335166,RWrist,0.110951,0.089235,-0.04614,-0.0471,1.442623,97.273372,True
KVAL006,62,2.368511,RWrist,0.055557,0.05082,-0.00555,-0.02175,6.325672,174.816863,True
KVAL006,63,2.401844,RWrist,0.462656,0.11253,0.13023,-0.42945,10.845278,110.063832,True
KVAL006,64,2.435188,RWrist,0.748742,0.10998,0.15579,-0.72405,2.388384,245.671871,True
KVAL006,65,2.468511,RWrist,0.425692,-0.03528,0.072135,-0.41805,5.648547,69.790468,True
KVAL006,66,2.501844,RWrist,0.386513,0.01398,0.139215,-0.3603,2.951413,37.724048,True
KVAL006,67,2.535177,RWrist,0.286182,0.07479,0.10026,-0.2574,4.720171,41.564628,True
KVAL006,68,2.568511,RWrist,0.07903,0.03216,0.023085,-0.0684,2.941287,87.431285,True
KVAL006,69,2.601833,RWrist,0.090969,0.032115,0.025665,-0.08115,2.055849,45.925401,True
KVAL006,70,2.635177,RWrist,0.20148,0.134115,-0.02052,-0.14895,0.619313,86.443742,True
KVAL006,71,2.668511,RWrist,0.108462,0.052695,-0.007545,-0.0945,3.709744,66.946388,True
KVAL006,72,2.701855,RWrist,0.06654,-0.049785,0.044025,0.0033,4.016688,33.572408,True
KVAL006,73,2.735166,RWrist,0.164678,-0.126855,0.030435,0.1005,1.65368,130.067327,True
KVAL006,74,2.7685,RWrist,0.173303,-0.14658,0.08484,0.03675,4.878211,94.619957,True
KVAL006,75,2.801833,RWrist,0.20899,0.01902,0.102645,-0.18105,5.120569,80.370916,True
KVAL006,76,2.835177,RWrist,0.28732,-0.00165,0.091815,-0.27225,1.009757,134.21735,True
KVAL006,77,2.8685,RWrist,0.203212,-0.03681,0.06582,-0.1887,4.121224,37.896561,True
KVAL006,78,2.901844,RWrist,0.01584,-0.00921,0.001875,-0.01275,3.008028,136.610551,True
KVAL006,79,2.935166,RWrist,0.34866,-0.0759,-0.067185,-0.3336,5.367204,110.804333,True
KVAL006,80,2.9685,RWrist,0.371368,-0.06918,-0.070965,-0.3579,4.633761,145.090956,True
KVAL006,81,3.001833,RWrist,0.045618,0.0117,-0.0072,-0.0435,4.327085,75.114495,True
KVAL006,82,3.035177,RWrist,0.091187,0.01677,-0.01323,-0.08865,0.391222,47.800217,True
KVAL006,83,3.068511,RWrist,0.071136,0.011865,-0.00981,-0.06945,1.3676,16.012998,True
KVAL006,84,3.101844,RWrist,7.5e-05,7.5e-05,0.0,0.0,0.755563,58.800609,True
KVAL006,85,3.135166,RWrist,0.048545,0.00855,0.029235,-0.0378,3.101203,34.630766,True
KVAL006,86,3.1685,RWrist,0.206806,0.16308,0.09792,-0.08115,2.273629,100.515144,True
KVAL006,87,3.201844,RWrist,0.17468,0.15477,0.06888,-0.0426,3.60289,111.535857,True
KVAL006,88,3.235188,RWrist,0.036024,-0.030795,-0.003,0.01845,5.1967,33.464881,True
KVAL006,89,3.268511,RWrist,0.173719,-0.155085,-0.07797,0.0069,2.454188,106.304785,True
KVAL006,90,3.301844,RWrist,0.187284,-0.15261,-0.107895,-0.012,1.944221,84.25087,True
KVAL006,91,3.335166,RWrist,0.060321,-0.02787,-0.053385,0.00345,3.718481,45.881783,True
KVAL006,92,3.3685,RWrist,0.165218,0.03186,-0.031635,-0.159,2.8834,70.106095,True
KVAL006,93,3.401833,RWrist,0.186584,0.01065,-0.031485,-0.1836,1.926552,80.116932,True
KVAL006,94,3.435177,RWrist,0.07982,0.06921,-0.01323,-0.0375,2.89765,24.862959,True
KVAL006,95,3.4685,RWrist,0.10382,0.100965,0.0147,-0.0192,1.24783,49.087006,True
KVAL006,96,3.501844,RWrist,0.034857,0.01917,0.022395,0.0186,4.640936,47.471838,True
KVAL006,97,3.535166,RWrist,0.28239,0.024075,0.023835,0.28035,3.708184,69.755375,True
KVAL006,98,3.568511,RWrist,0.266668,0.04053,-0.00324,0.26355,2.902954,16.397126,True
KVAL006,99,3.601833,RWrist,0.411779,0.1362,-0.102465,0.37485,3.732924,92.190221,True
KVAL006,100,3.635177,RWrist,0.508321,0.109815,-0.080475,0.48975,3.33828,141.382258,True
KVAL006,101,3.668511,RWrist,0.209223,0.029265,-0.00261,0.20715,5.710264,19.037999,True
KVAL006,102,3.701844,RWrist,0.132871,-0.00054,-0.00846,0.1326,2.109777,81.495416,True
KVAL006,103,3.735177,RWrist,0.134968,-0.0324,0.075045,0.1074,1.220254,46.551114,True
KVAL006,104,3.768511,RWrist,0.140178,-0.00045,0.071955,0.1203,2.263253,50.497156,True
KVAL006,105,3.801833,RWrist,0.030365,0.02586,-0.015795,0.00195,2.5254,43.268372,True
KVAL006,106,3.835177,RWrist,0.048528,0.02358,-0.042405,-0.0009,1.310019,47.610562,True
KVAL006,107,3.8685,RWrist,0.100021,0.017595,-0.066675,0.07245,0.857075,32.490448,True
KVAL006,108,3.901844,RWrist,0.066575,-0.002715,-0.0441,0.0498,1.23346,13.689278,True
KVAL006,109,3.935166,RWrist,0.074315,-0.03699,-0.00573,0.0642,0.576491,26.35102,True
KVAL006,110,3.9685,RWrist,0.0573,-0.027015,-0.014355,0.04845,0.908862,17.859029,True
KVAL006,111,4.001844,RWrist,0.017366,0.00018,-0.00585,0.01635,0.97716,30.833054,True
KVAL006,112,4.035177,RWrist,0.01414,0.012675,0.00618,0.00105,2.179817,36.964507,True
KVAL006,113,4.0685,RWrist,0.151897,0.137955,-0.0192,0.0606,2.329344,90.143068,True
KVAL006,114,4.101844,RWrist,0.165199,0.1419,-0.03126,0.0786,3.939639,98.16102,True
KVAL006,115,4.135166,RWrist,0.137939,-0.094785,0.09711,0.02475,4.331043,93.545407,True
KVAL006,116,4.1685,RWrist,0.154859,-0.08163,0.13152,-0.0045,2.349995,101.637544,True
KVAL006,117,4.201833,RWrist,0.059033,0.04752,0.034695,0.0048,2.490046,43.858441,True
KVAL006,118,4.235177,RWrist,0.037693,0.026505,0.00912,0.0252,0.959429,38.942211,True
KVAL006,119,4.2685,RWrist,0.022481,-9e-05,-0.00438,0.02205,0.472916,12.909619,True
KVAL006,120,4.301833,RWrist,0.030342,4.5e-05,-0.0075,0.0294,0.114005,9.285329,True
KVAL006,121,4.335177,RWrist,0.023063,-0.005895,-0.009,0.0204,0.47724,24.047451,True
KVAL006,122,4.368511,RWrist,0.052637,0.01311,-0.03564,0.03645,1.593117,4.552555,True
KVAL006,123,4.401833,RWrist,0.118407,0.054345,-0.088515,0.05685,0.440936,51.921499,True
KVAL006,124,4.435177,RWrist,0.070925,0.01311,-0.06381,0.02805,1.878527,16.160779,True
KVAL006,125,4.4685,RWrist,0.027582,-0.025995,-0.008355,0.0039,0.871927,37.357135,True
KVAL006,126,4.501833,RWrist,0.091745,-0.03297,-0.057975,0.063,1.262758,9.182612,True
KVAL006,127,4.535166,RWrist,0.107373,-0.07476,-0.052365,0.05655,0.838228,29.79851,True
KVAL006,128,4.568511,RWrist,0.109317,-0.059895,-0.017025,0.08985,1.730875,13.90074,True
KVAL006,129,4.601833,RWrist,0.157857,-0.009825,-0.043245,0.1515,0.636376,56.848832,True
KVAL006,130,4.635177,RWrist,0.148533,-0.08898,-0.037695,0.1128,2.117974,55.108283,True
KVAL006,131,4.668511,RWrist,0.123437,-0.10929,-0.01398,0.05565,3.084954,57.518171,True
KVAL006,132,4.701855,RWrist,0.086351,-0.018825,0.068955,-0.04845,2.78166,141.506349,True
KVAL006,133,4.735166,RWrist,0.125641,0.009285,-0.118155,-0.0417,6.942816,71.214794,True
KVAL006,134,4.768511,RWrist,0.38608,-0.04332,-0.37566,0.07785,2.541868,222.849117,True
KVAL006,135,4.801833,RWrist,0.211713,-0.09093,-0.17175,0.084,7.937784,124.065219,True
KVAL006,136,4.835166,RWrist,0.143857,0.01035,0.14289,-0.01305,6.366304,114.048086,True
KVAL006,137,4.8685,RWrist,0.222554,0.030045,0.21819,-0.03195,1.806201,142.759841,True
KVAL006,138,4.901844,RWrist,0.219228,-0.06159,0.20022,0.06465,4.194535,350.649005,True
KVAL006,139,4.935166,RWrist,0.269014,-0.10032,0.143835,0.204,22.001229,308.797565,True
KVAL006,140,4.9685,RWrist,1.439908,0.71088,0.512745,-1.1424,16.715405,1168.214584,True
KVAL006,141,5.001844,RWrist,0.989353,0.77793,0.45651,-0.4065,55.930248,834.06281,True
KVAL006,142,5.035177,RWrist,2.3094,-1.00233,-0.393465,2.043,39.087724,1281.27553,True
KVAL006,143,5.068511,RWrist,1.681433,-0.950145,-0.495975,1.29555,29.558797,912.815751,True
KVAL006,144,5.101844,RWrist,0.375912,-0.014445,-0.06099,0.37065,21.851472,392.1191,True
KVAL006,145,5.135166,RWrist,0.294405,-0.109635,0.087765,0.25875,5.274664,293.968417,True
KVAL006,146,5.1685,RWrist,0.148497,-0.092625,0.095685,0.0657,3.751992,65.002461,True
KVAL006,147,5.201844,RWrist,0.131803,-0.11529,0.063105,0.0099,4.441742,30.576891,True
KVAL006,148,5.235177,RWrist,0.223634,-0.08382,-0.02115,-0.20625,2.700438,130.836783,True
KVAL006,149,5.2685,RWrist,0.144923,-0.04209,-0.00792,-0.13845,4.405059,89.347709,True
KVAL006,150,5.301844,RWrist,0.082942,-0.013665,0.037125,0.0729,3.43327,95.328515,True
KVAL006,151,5.335177,RWrist,0.120902,-0.02724,0.099435,0.06315,2.120076,84.427214,True
KVAL006,152,5.368511,RWrist,0.109899,-0.05457,0.076935,-0.0564,2.216721,54.333333,True
KVAL006,153,5.401833,RWrist,0.070351,-0.04548,0.009645,-0.0528,1.792968,43.551377,True
KVAL006,154,5.435177,RWrist,0.091887,-0.089025,-0.00669,0.02175,1.432498,35.667491,True
KVAL006,155,5.4685,RWrist,0.116874,-0.1155,-0.016605,0.0066,0.783551,40.412271,True
KVAL006,156,5.501844,RWrist,0.06397,-0.05946,-0.010455,-0.02115,1.339164,20.4677,True
KVAL006,157,5.535166,RWrist,0.04004,-0.03462,0.016875,-0.01095,1.38865,56.205021,True
KVAL006,158,5.568511,RWrist,0.100025,-0.041385,0.075135,-0.05145,3.732527,53.805767,True
KVAL006,159,5.601844,RWrist,0.262854,-0.039585,0.01035,-0.25965,2.793307,117.973111,True
KVAL006,160,5.635177,RWrist,0.194775,-0.03177,-0.05526,-0.18405,4.146506,82.704212,True
KVAL006,161,5.668522,RWrist,0.028042,-0.020055,-0.012435,0.01515,2.919128,69.379906,True
KVAL006,162,5.701855,RWrist,0.000174,-7.5e-05,-4.5e-05,-0.00015,0.51188,49.923009,True
KVAL006,163,5.735188,RWrist,0.029048,-0.013335,-0.01878,-0.0177,0.544021,14.736763,True
KVAL006,164,5.768533,RWrist,0.036412,-0.022815,-0.02298,-0.01665,0.490944,13.85212,True
KVAL006,165,5.801866,RWrist,0.036077,-0.02163,-0.02568,0.0132,0.592716,12.838733,True
KVAL006,166,5.835177,RWrist,0.044321,-0.036975,-0.014925,0.01935,0.393687,29.927621,True
KVAL006,167,5.868511,RWrist,0.02274,-0.01989,-0.008715,-0.00675,1.4235,14.83934,True
KVAL006,168,5.901844,RWrist,0.075969,0.01239,-0.054645,-0.0513,0.965661,36.573811,True
KVAL006,169,5.935177,RWrist,0.071666,0.00135,-0.04956,-0.05175,1.344641,98.117921,True
KVAL006,170,5.968511,RWrist,0.067817,-0.02562,0.02634,-0.057,6.931232,104.188737,True
KVAL006,171,6.001844,RWrist,0.500372,-0.016275,0.089685,-0.492,6.915503,173.640514,True
KVAL006,172,6.035166,RWrist,0.518414,0.012465,0.049965,-0.51585,4.65938,167.429943,True
KVAL006,173,6.068511,RWrist,0.194761,0.021465,0.014235,-0.19305,4.432456,60.794008,True
KVAL006,174,6.101833,RWrist,0.275486,-0.00204,0.14268,-0.23565,2.286996,58.360135,True
KVAL006,175,6.135166,RWrist,0.138837,-0.04026,0.10221,-0.0849,4.632102,40.907564,True
KVAL006,176,6.1685,RWrist,0.042158,-0.026085,-0.02298,0.02385,1.279221,106.731233,True
KVAL006,177,6.201844,RWrist,0.063726,0.00657,0.055005,-0.0315,2.491437,28.173588,True
KVAL006,178,6.235177,RWrist,0.131117,0.003165,0.06702,-0.11265,1.428758,75.142418,True
KVAL006,179,6.268522,RWrist,0.081032,-0.019305,-0.026085,-0.07425,2.605708,24.430451,True
KVAL006,180,6.301833,RWrist,0.078746,-0.02472,-0.073395,-0.01425,0.472057,68.98159,True
KVAL006,181,6.335177,RWrist,0.057103,-0.010965,-0.0336,-0.04485,2.023603,22.083898,True
KVAL006,182,6.3685,RWrist,0.087811,-0.02091,0.04971,-0.0693,1.389573,51.339152,True
KVAL006,183,6.401844,RWrist,0.063836,-0.03087,0.052845,-0.01815,1.707438,34.945715,True
KVAL006,184,6.435166,RWrist,0.041331,-0.01122,0.01239,0.0378,0.960426,38.538641,True
KVAL006,185,6.4685,RWrist,0.02449,-0.00843,-0.007005,-0.0219,1.001827,25.40562,True
KVAL006,186,6.501844,RWrist,0.02787,-0.007305,-0.00855,-0.0255,0.855887,25.26835,True
KVAL006,187,6.535177,RWrist,0.040512,-0.014295,0.03336,0.018,0.736565,22.265546,True
KVAL006,188,6.5685,RWrist,0.031438,-0.014115,0.02703,0.00765,0.650619,16.630142,True
KVAL006,189,6.601844,RWrist,0.004466,0.00216,-0.00027,-0.0039,0.741617,16.003102,True
KVAL006,190,6.635166,RWrist,0.039402,0.004635,-0.006705,0.03855,0.642809,18.857076,True
KVAL006,191,6.668511,RWrist,0.039247,0.00456,-0.006705,0.0384,0.59316,29.977002,True
KVAL006,192,6.701833,RWrist,0.000153,0.0,-3e-05,-0.00015,1.449436,12.677062,True
KVAL006,193,6.735166,RWrist,0.07049,0.00069,-0.053235,-0.0462,1.078203,45.263933,True
KVAL006,194,6.768511,RWrist,0.072014,0.00933,-0.04548,-0.05505,1.581417,38.737379,True
KVAL006,195,6.801844,RWrist,0.037884,0.00345,0.01383,0.0351,1.506549,34.535605,True
KVAL006,196,6.835177,RWrist,0.029302,-0.00318,0.011295,0.02685,0.789033,18.499386,True
KVAL006,197,6.868522,RWrist,0.017406,0.00243,0.004455,-0.01665,0.64982,31.23787,True
KVAL006,198,6.901844,RWrist,0.068034,-0.01209,-0.00261,0.0669,1.394878,27.642647,True
KVAL006,199,6.935177,RWrist,0.076079,-0.02784,-0.02676,0.06555,1.404848,38.037982,True
KVAL006,200,6.9685,RWrist,0.060456,-0.00936,-0.059235,-0.00765,1.163096,45.988837,True
KVAL006,201,7.001844,RWrist,0.016717,0.01515,0.00048,0.00705,1.815409,19.120768,True
KVAL006,202,7.035177,RWrist,0.066127,0.029535,0.046485,0.0366,0.301855,44.342079,True
KVAL006,203,7.068511,RWrist,0.032812,0.02034,0.01167,0.02295,1.317663,17.337167,True
KVAL006,204,7.101844,RWrist,0.073859,0.02448,-0.03855,0.05805,1.124381,27.685032,True
KVAL006,205,7.135177,RWrist,0.086803,0.02694,-0.049125,0.0663,0.619456,30.012169,True
KVAL006,206,7.1685,RWrist,0.059416,0.002925,-0.003345,0.05925,0.937074,15.70607,True
KVAL006,207,7.201844,RWrist,0.053247,0.00207,0.00657,0.0528,0.858413,12.353714,True
KVAL006,208,7.235177,RWrist,0.002728,0.001605,-0.000675,0.0021,0.809931,16.792348,True
KVAL006,209,7.268522,RWrist,0.038282,0.013305,0.034935,0.00825,0.579668,19.569415,True
KVAL006,210,7.301844,RWrist,0.039077,0.013785,0.035025,0.0105,0.548032,29.021091,True
KVAL006,211,7.335177,RWrist,0.027305,0.01227,0.00213,0.0243,1.680432,17.044877,True
KVAL006,212,7.368511,RWrist,0.109719,0.054465,-0.03366,0.0891,1.228086,44.992245,True
KVAL006,213,7.401855,RWrist,0.106102,0.078195,-0.012315,0.07065,1.367046,38.054492,True
KVAL006,214,7.435177,RWrist,0.053497,0.05001,0.01473,0.012,1.322649,23.282354,True
KVAL006,215,7.468522,RWrist,0.01962,0.01512,-0.00852,0.00915,0.653502,35.61047,True
KVAL006,216,7.501833,RWrist,0.013126,0.008295,0.00234,0.0099,1.161039,18.986007,True
KVAL006,217,7.535166,RWrist,0.088768,0.05442,0.03081,0.063,0.647479,64.259733,True
KVAL006,218,7.5685,RWrist,0.053225,0.039645,0.031125,0.0171,3.239443,43.115738,True
KVAL006,219,7.601833,RWrist,0.135232,-0.097275,0.02484,-0.0906,2.36104,73.803449,True
KVAL006,220,7.635177,RWrist,0.11662,-0.092115,0.020895,-0.0684,1.831006,55.55191,True
KVAL006,221,7.668511,RWrist,0.056454,-0.05244,-0.01284,0.0165,1.745317,27.37161,True
KVAL006,222,7.701844,RWrist,0.077537,-0.0588,-0.04611,0.0207,1.38925,56.416502,True
KVAL006,223,7.735177,RWrist,0.103252,-0.040125,0.05676,0.07635,2.639691,46.884923,True
KVAL006,224,7.768511,RWrist,0.157455,-0.07809,0.12561,0.054,2.061263,62.623763,True
KVAL006,225,7.801844,RWrist,0.062288,0.018585,0.03723,-0.04635,2.499825,43.761622,True
KVAL006,226,7.835177,RWrist,0.161302,0.05862,0.071265,0.1323,2.517479,148.810352,True
KVAL006,227,7.868522,RWrist,0.218699,0.10131,0.18174,-0.06735,8.723412,72.426865,True
KVAL006,228,7.901844,RWrist,0.494565,0.163815,0.185715,-0.4281,3.206553,245.64882,True
KVAL006,229,7.935177,RWrist,0.266435,0.07113,0.06996,-0.24705,7.815301,108.510324,True
KVAL006,230,7.9685,RWrist,0.05026,0.020565,-0.04218,0.018,4.922028,148.792035,True
KVAL006,231,8.001844,RWrist,0.068677,0.00465,-0.041985,0.05415,3.020824,144.89112,True
KVAL006,232,8.035177,RWrist,0.203495,-0.006,-0.114675,-0.168,5.567932,151.605716,False
KVAL006,233,8.068511,RWrist,0.347433,0.05145,-0.20385,-0.2766,7.583073,264.132951,True
KVAL006,234,8.101833,RWrist,0.402479,-0.104505,-0.228105,0.3147,12.220405,175.033916,True
KVAL006,235,8.135166,RWrist,0.531388,-0.09291,-0.084705,0.5163,5.018244,285.709913,True
KVAL006,236,8.1685,RWrist,0.181964,0.084885,0.00084,0.16095,6.966698,86.466956,True
KVAL006,237,8.201844,RWrist,0.088243,0.030255,-0.043845,0.07035,1.800987,114.188883,True
KVAL006,238,8.235166,RWrist,0.095214,0.025275,-0.055395,0.0732,0.754239,40.510685,True
KVAL006,239,8.2685,RWrist,0.111919,-0.00576,-0.03831,0.105,1.72815,33.889949,True
KVAL006,240,8.301844,RWrist,0.088949,-0.027465,0.046995,0.07035,1.790787,42.638787,True
KVAL006,241,8.335177,RWrist,0.030467,-0.008595,0.028575,0.00615,1.631943,12.751623,True
KVAL006,242,8.368511,RWrist,0.027167,0.00117,0.0063,-0.0264,1.378344,26.380781,True
KVAL006,243,8.401855,RWrist,0.100518,-0.040935,0.049605,-0.07725,1.375555,39.843955,True
KVAL006,244,8.435177,RWrist,0.114516,-0.042495,0.052635,-0.0924,1.32996,46.656968,True
KVAL006,245,8.468511,RWrist,0.014914,-0.00054,0.001275,-0.01485,1.741813,17.51882,True
KVAL006,246,8.501844,RWrist,0.002163,0.001035,-0.001845,0.00045,0.223724,26.490918,True
KVAL006,247,8.535188,RWrist,1.5e-05,1.5e-05,0.0,0.0,0.032335,7.547046,True
KVAL006,248,8.568511,RWrist,1.5e-05,1.5e-05,0.0,0.0,0.670502,10.439702,True
KVAL006,249,8.601855,RWrist,0.044703,0.00909,-0.027315,0.0342,0.670502,20.140057,True
KVAL006,250,8.635166,RWrist,0.044703,0.00909,-0.027315,0.0342,0.672178,19.952029,True
KVAL006,251,8.668511,RWrist,0.000367,-3e-05,-0.00021,-0.0003,0.674369,9.971562,True
KVAL006,252,8.701833,RWrist,0.013248,0.008235,-0.00813,-0.00645,0.230411,7.150154,True
KVAL006,253,8.735177,RWrist,0.01572,-0.00387,-0.010275,-0.01125,0.479056,8.60074,True
KVAL006,254,8.768511,RWrist,0.026848,-0.010095,0.0138,-0.0207,0.410343,15.238602,True
KVAL006,255,8.801855,RWrist,0.022581,0.002055,0.01605,-0.01575,0.787663,8.860529,True
KVAL006,256,8.835177,RWrist,0.042705,-0.005595,0.03117,0.02865,0.540322,23.438483,True
KVAL006,257,8.868511,RWrist,0.037168,-0.00981,0.03315,0.01365,0.78956,15.642142,True
KVAL006,258,8.901844,RWrist,0.015849,-0.0042,0.00201,-0.01515,0.555518,14.617916,True
KVAL006,259,8.935188,RWrist,0.00015,0.0,0.00015,0.0,0.237712,8.302717,True
KVAL006,260,8.968511,RWrist,1.5e-05,0.0,1.5e-05,0.0,0.00225,3.565259,True
KVAL006,261,9.001844,RWrist,0.0,0.0,0.0,0.0,0.000225,6.849719,True
KVAL006,262,9.035166,RWrist,0.0,0.0,0.0,0.0,0.455885,7.334462,True
KVAL006,263,9.0685,RWrist,0.030392,-0.026955,0.010245,-0.0096,0.488892,13.182909,True
KVAL006,264,9.101833,RWrist,0.032593,-0.029115,0.010515,-0.0102,0.423014,18.491557,True
KVAL006,265,9.135166,RWrist,0.002258,-0.00216,0.00027,-0.0006,0.780168,7.286816,True
KVAL006,266,9.1685,RWrist,0.027939,0.00966,-0.02415,-0.0102,0.187483,21.025986,True
KVAL006,267,9.201833,RWrist,0.013296,-0.00435,-0.00828,-0.00945,0.667408,6.375478,True
KVAL006,268,9.235166,RWrist,0.017082,-0.00708,0.01551,0.00105,0.254658,13.805603,True
KVAL006,269,9.268511,RWrist,0.007064,0.00705,-0.00033,0.0003,0.256571,5.022912,True
KVAL006,270,9.301844,RWrist,0.000124,0.00012,3e-05,0.0,0.105512,13.176268,True
KVAL006,271,9.335177,RWrist,3e-05,3e-05,0.0,0.0,0.680928,10.322494,True
KVAL006,272,9.368522,RWrist,0.045428,0.00291,0.037785,-0.02505,0.679688,20.460313,True
KVAL006,273,9.401855,RWrist,0.045315,0.003015,0.03774,-0.0249,0.683093,20.391096,True
KVAL006,274,9.4352,RWrist,0.000207,0.000135,-4.5e-05,0.00015,0.679718,9.80075,True
KVAL006,275,9.468533,RWrist,0.0,0.0,0.0,0.0,0.052179,9.319832,True
KVAL006,276,9.501844,RWrist,0.00368,0.001785,-0.00066,0.00315,0.110408,0.873551,True
KVAL006,277,9.535177,RWrist,0.007361,0.00357,-0.00132,0.0063,0.110408,0.0,True
KVAL006,0,0.301866,LShoulder,0.537122,0.46167,-0.05574,0.2688,6.167625,110.520341,True
KVAL006,1,0.335177,LShoulder,0.46017,0.45138,0.032505,0.0834,6.607859,133.802705,True
KVAL006,2,0.368522,LShoulder,0.225309,0.205875,0.05691,-0.0717,7.229814,98.075371,True
KVAL006,3,0.401833,LShoulder,0.085196,-0.006615,-0.08421,-0.0111,3.706215,114.271763,True
KVAL006,4,0.435166,LShoulder,0.045216,-0.02064,-0.030615,-0.0261,2.075207,61.792269,True
KVAL006,5,0.4685,LShoulder,0.067904,-0.028695,0.05013,-0.0357,0.678242,45.136689,True
KVAL006,6,0.501833,LShoulder,0.0,0.0,0.0,0.0,1.018555,10.173628,True
KVAL006,7,0.535166,LShoulder,0.0,0.0,0.0,0.0,0.0,15.278328,True
KVAL006,8,0.568511,LShoulder,0.0,0.0,0.0,0.0,0.0,0.0,True
KVAL006,9,0.601833,LShoulder,0.0,0.0,0.0,0.0,0.0,0.0,True
KVAL006,10,0.635166,LShoulder,0.0,0.0,0.0,0.0,0.0,0.0,True
KVAL006,11,0.668511,LShoulder,0.0,0.0,0.0,0.0,0.0,0.0,True
KVAL006,12,0.701844,LShoulder,0.0,0.0,0.0,0.0,0.0,0.0,True
KVAL006,13,0.735166,LShoulder,0.0,0.0,0.0,0.0,0.0,0.0,True
KVAL006,14,0.768511,LShoulder,0.0,0.0,0.0,0.0,0.0,0.0,True
KVAL006,15,0.801844,LShoulder,0.0,0.0,0.0,0.0,0.0,0.0,True
KVAL006,16,0.835188,LShoulder,0.0,0.0,0.0,0.0,0.0,0.0,True
KVAL006,17,0.868511,LShoulder,0.0,0.0,0.0,0.0,0.0,0.0,True
KVAL006,18,0.901855,LShoulder,0.0,0.0,0.0,0.0,0.0,0.0,True
KVAL006,19,0.935166,LShoulder,0.0,0.0,0.0,0.0,0.0,0.0,True
KVAL006,20,0.968511,LShoulder,0.0,0.0,0.0,0.0,0.0,0.0,True
KVAL006,21,1.001844,LShoulder,0.0,0.0,0.0,0.0,0.0,0.0,True
KVAL006,22,1.035177,LShoulder,0.0,0.0,0.0,0.0,0.0,0.0,True
KVAL006,23,1.068511,LShoulder,0.0,0.0,0.0,0.0,0.0,0.0,True
KVAL006,24,1.101855,LShoulder,0.0,0.0,0.0,0.0,0.0,51.113457,True
KVAL006,25,1.135166,LShoulder,0.0,0.0,0.0,0.0,3.407564,51.145188,True
KVAL006,26,1.168511,LShoulder,0.227171,0.09807,0.056565,0.19695,3.409679,129.269544,True
KVAL006,27,1.201844,LShoulder,0.227312,0.09813,0.056505,0.1971,5.222055,141.220273,True
KVAL006,28,1.235188,LShoulder,0.124602,-0.04827,0.00531,-0.11475,6.011085,94.665219,True
KVAL006,29,1.2685,LShoulder,0.174888,-0.06954,-0.015165,-0.15975,1.261184,129.370556,True
KVAL006,30,1.301844,LShoulder,0.056866,-0.023445,-0.0297,-0.04245,2.63504,16.021784,True
KVAL006,31,1.335166,LShoulder,0.009801,-0.00222,-0.00924,0.0024,0.852498,32.037297,True
KVAL006,32,1.3685,LShoulder,7.6e-05,1.5e-05,-7.5e-05,0.0,0.960488,18.412424,True
KVAL006,33,1.401833,LShoulder,0.066232,0.05499,-0.027525,0.0246,1.115903,28.051407,True
KVAL006,34,1.435177,LShoulder,0.07444,0.065445,-0.03354,0.01155,0.933732,40.607083,True
KVAL006,35,1.4685,LShoulder,0.017695,0.010335,-0.006,-0.01305,1.663793,24.410837,True
KVAL006,36,1.501844,LShoulder,0.055699,-0.03534,0.00042,0.04305,1.179006,62.770565,True
KVAL006,37,1.535166,LShoulder,0.061815,-0.023445,0.006285,0.05685,2.531825,49.748846,True
KVAL006,38,1.5685,LShoulder,0.130621,0.107595,-0.073665,-0.00765,2.231095,80.474855,True
KVAL006,39,1.601833,LShoulder,0.102497,0.07848,-0.05886,-0.0297,2.892718,77.808418,True
KVAL006,40,1.635177,LShoulder,0.07818,-0.02244,0.05736,0.04815,3.399376,888.823446,True
KVAL006,41,1.668511,LShoulder,0.192331,0.09261,0.08196,0.1473,59.486587,1277.295073,True
KVAL006,42,1.701844,LShoulder,3.937543,-1.99137,0.177,-3.39225,82.834144,2206.689881,False
KVAL006,43,1.735177,LShoulder,5.347522,-3.305535,-0.074055,-4.20285,92.40821,,True
KVAL006,44,1.768511,LShoulder,3.394116,-1.96767,-0.00543,2.76555,,,True
KVAL006,45,1.801844,LShoulder,,,,,,,True
KVAL006,46,1.835188,LShoulder,,,,,,,False
KVAL006,47,1.868511,LShoulder,,,,,,,False
KVAL006,48,1.901844,LShoulder,,,,,,,False
KVAL006,49,1.935166,LShoulder,,,,,,,False
KVAL006,50,1.968511,LShoulder,,,,,,,False
KVAL006,51,2.001833,LShoulder,,,,,,,False
KVAL006,52,2.035166,LShoulder,,,,,,,False
KVAL006,53,2.0685,LShoulder,,,,,,,True
KVAL006,54,2.101844,LShoulder,0.370219,0.158235,-0.086235,0.3234,,,True
KVAL006,55,2.135177,LShoulder,0.169923,0.05208,-0.12303,-0.105,7.929748,,True
KVAL006,56,2.168511,LShoulder,0.223854,0.02454,-0.120735,-0.1869,1.644767,155.501676,True
KVAL006,57,2.201833,LShoulder,0.167878,0.039555,-0.029295,-0.1605,2.723189,50.417365,True
KVAL006,58,2.235177,LShoulder,0.074084,0.058935,-0.01839,-0.04095,2.246421,33.692488,True
KVAL006,59,2.2685,LShoulder,0.058412,0.052305,-0.02337,-0.0114,1.198536,2.763457,True
KVAL006,60,2.301844,LShoulder,0.069663,0.04554,-0.039465,0.03495,2.291825,15.570887,True
KVAL006,61,2.335166,LShoulder,0.154493,0.056865,-0.02586,0.1413,1.110632,100.820317,True
KVAL006,62,2.368511,LShoulder,0.103043,0.04272,0.00564,0.0936,4.529394,81.913769,True
KVAL006,63,2.401844,LShoulder,0.149087,-0.033825,0.047385,-0.13725,4.571864,105.570927,True
KVAL006,64,2.435188,LShoulder,0.208697,-0.131775,-0.077535,-0.14205,3.70664,98.131277,True
KVAL006,65,2.468511,LShoulder,0.207703,-0.12546,-0.160575,-0.0402,2.039789,89.765132,True
KVAL006,66,2.501844,LShoulder,0.10386,-0.05664,-0.082155,-0.0288,2.683715,38.77509,True
KVAL006,67,2.535177,LShoulder,0.03493,-0.00615,-0.03429,0.00255,1.9769,35.647018,True
KVAL006,68,2.568511,LShoulder,0.058573,0.02238,0.02121,-0.0498,1.44395,29.020558,True
KVAL006,69,2.601833,LShoulder,0.07426,0.01962,0.028515,-0.0657,0.324792,30.140693,True
KVAL006,70,2.635177,LShoulder,0.051059,0.033675,0.02214,-0.03135,0.793275,15.215722,True
KVAL006,71,2.668511,LShoulder,0.044529,0.006945,0.04101,-0.0159,0.885876,10.033725,True
KVAL006,72,2.701855,LShoulder,0.065212,-0.01071,0.06015,-0.0228,1.142749,40.393246,True
KVAL006,73,2.735166,LShoulder,0.100842,-0.025785,0.093045,0.0291,2.747761,107.504112,True
KVAL006,74,2.7685,LShoulder,0.23915,-0.002985,0.16608,-0.17205,6.416177,66.077979,True
KVAL006,75,2.801833,LShoulder,0.413168,0.05337,0.125535,-0.39,5.407864,111.111577,True
KVAL006,76,2.835177,LShoulder,0.514574,0.058965,0.05232,-0.5085,1.798747,188.834155,True
KVAL006,77,2.8685,LShoulder,0.349594,0.024945,0.016755,-0.3483,7.488349,69.509874,True
KVAL006,78,2.901844,LShoulder,0.019974,-0.00693,-0.007305,-0.01725,6.383516,178.791037,True
KVAL006,79,2.935166,LShoulder,0.451034,-0.15135,-0.353745,-0.23535,6.692406,181.38908,True
KVAL006,80,2.9685,LShoulder,0.463615,-0.146085,-0.351885,-0.26415,6.495111,192.680993,True
KVAL006,81,3.001833,LShoulder,0.054426,0.00804,0.005475,-0.05355,6.204315,102.479953,True
KVAL006,82,3.035177,LShoulder,0.100292,-0.00684,0.001335,-0.10005,0.436835,86.35416,True
KVAL006,83,3.068511,LShoulder,0.076084,-0.00954,-0.002235,-0.07545,1.502207,14.18881,True
KVAL006,84,3.101844,LShoulder,0.000178,7.5e-05,6e-05,-0.00015,0.571736,95.406439,True
KVAL006,85,3.135166,LShoulder,0.044598,0.00198,-0.01569,-0.0417,5.441423,82.711964,True
KVAL006,86,3.1685,LShoulder,0.362919,0.156855,0.26001,-0.19875,5.231306,169.313121,True
KVAL006,87,3.201844,LShoulder,0.353005,0.154905,0.276105,-0.15615,5.84918,204.333812,True
KVAL006,88,3.235188,LShoulder,0.032224,-0.02715,-0.016395,0.0057,8.410974,61.346956,True
KVAL006,89,3.268511,LShoulder,0.231616,-0.114435,-0.19917,-0.0297,3.307041,159.201996,True
KVAL006,90,3.301844,LShoulder,0.246346,-0.12069,-0.21204,-0.03405,2.414923,99.379641,True
KVAL006,91,3.335166,LShoulder,0.074551,-0.03309,-0.066045,0.01005,5.22072,96.778936,True
KVAL006,92,3.3685,LShoulder,0.405993,-0.241605,-0.15474,0.28725,5.220765,185.030629,True
KVAL006,93,3.401833,LShoulder,0.395919,-0.2685,-0.138195,0.25605,7.74821,210.520021,True
KVAL006,94,3.435177,LShoulder,0.110616,0.06414,0.03951,-0.081,8.911715,90.316167,True
KVAL006,95,3.4685,LShoulder,0.203367,0.11544,0.120345,-0.1164,2.584716,102.600414,True
KVAL006,96,3.501844,LShoulder,0.266064,0.07155,0.175005,-0.1872,2.789131,86.223921,True
KVAL006,97,3.535166,LShoulder,0.372125,0.2724,0.21948,-0.1269,3.902671,254.427038,True
KVAL006,98,3.568511,LShoulder,0.289059,0.26826,0.102435,-0.03315,15.650461,238.734234,True
KVAL006,99,3.601833,LShoulder,0.852299,-0.036075,0.02721,0.8511,16.812231,367.894925,True
KVAL006,100,3.635177,LShoulder,1.034822,-0.081,0.048645,1.0305,9.088655,450.557691,True
KVAL006,101,3.668511,LShoulder,0.253378,0.038535,0.01629,0.2499,13.396487,97.515803,True
KVAL006,102,3.701844,LShoulder,0.159796,0.049125,-0.02493,0.15,2.597816,184.577904,True
KVAL006,103,3.735177,LShoulder,0.093797,0.049275,0.020625,0.0771,1.861068,27.333295,True
KVAL006,104,3.768511,LShoulder,0.098906,0.044115,0.06279,0.0624,1.673051,48.485782,True
KVAL006,105,3.801833,LShoulder,0.021404,-0.014295,-0.01389,-0.0078,2.392885,40.946814,True
KVAL006,106,3.835177,LShoulder,0.064707,-0.012315,-0.058755,-0.02415,1.439905,51.631631,True
KVAL006,107,3.8685,LShoulder,0.095084,0.03768,-0.074535,0.04545,1.440661,33.524254,True
KVAL006,108,3.901844,LShoulder,0.094186,0.01956,-0.063975,0.0663,1.205905,28.875637,True
KVAL006,109,3.935166,LShoulder,0.096235,-0.025005,-0.041295,0.08325,0.635881,33.349946,True
KVAL006,110,3.9685,LShoulder,0.058872,-0.0051,-0.035745,0.0465,1.299214,9.481978,True
KVAL006,111,4.001844,LShoulder,0.024665,0.017355,-0.00591,0.0165,0.743062,35.06365,True
KVAL006,112,4.035177,LShoulder,0.023318,0.010455,0.00348,0.02055,2.164044,37.723053,True
KVAL006,113,4.0685,LShoulder,0.163912,0.1269,0.05487,0.08805,2.421704,85.659801,True
KVAL006,114,4.101844,LShoulder,0.183301,0.130695,0.03009,0.12495,3.808838,85.114017,True
KVAL006,115,4.135166,LShoulder,0.165502,-0.07005,-0.104175,0.10785,3.406892,92.316357,True
KVAL006,116,4.1685,LShoulder,0.110912,-0.06204,-0.070425,0.0591,2.524642,70.80492,True
KVAL006,117,4.201833,LShoulder,0.033773,0.02091,0.010275,0.02445,1.438962,44.356251,True
KVAL006,118,4.235177,LShoulder,0.052856,0.0024,0.00036,0.0528,0.460346,21.697269,True
KVAL006,119,4.2685,LShoulder,0.034493,-0.004005,-0.00495,0.0339,0.642123,13.553741,True
KVAL006,120,4.301833,LShoulder,0.015823,0.0114,0.000705,0.01095,0.549916,11.135105,True
KVAL006,121,4.335177,LShoulder,0.007238,0.00717,-0.000645,-0.00075,0.205029,19.915389,True
KVAL006,122,4.368511,LShoulder,0.029167,0.0225,-0.00201,0.01845,1.032256,3.798021,True
KVAL006,123,4.401833,LShoulder,0.074111,0.060945,0.00126,0.04215,0.108472,36.924829,True
KVAL006,124,4.435177,LShoulder,0.027246,0.02172,-0.00795,0.0144,1.430353,11.478978,True
KVAL006,125,4.4685,LShoulder,0.022028,-0.015165,-0.005895,-0.01485,0.864587,23.390842,True
KVAL006,126,4.501833,LShoulder,0.057959,-0.00105,-0.057855,-0.0033,1.180344,32.530359,True
KVAL006,127,4.535166,LShoulder,0.08919,-0.05694,-0.067995,0.00945,1.550138,54.247735,True
KVAL006,128,4.568511,LShoulder,0.058419,-0.042345,0.03561,-0.01875,2.470608,31.998018,True
KVAL006,129,4.601833,LShoulder,0.076057,0.05673,0.050595,-0.00255,0.624456,62.44686,True
KVAL006,130,4.635177,LShoulder,0.031273,-0.01626,0.00408,-0.0264,2.304409,22.762877,True
KVAL006,131,4.668511,LShoulder,0.12538,-0.06111,0.04272,-0.1008,1.391651,54.860263,True
KVAL006,132,4.701855,LShoulder,0.113407,0.01617,0.047505,-0.1017,1.762102,68.505524,True
KVAL006,133,4.735166,LShoulder,0.080345,0.00939,-0.044625,-0.06615,3.324712,30.865117,True
KVAL006,134,4.768511,LShoulder,0.149712,-0.045645,-0.14247,-0.0057,1.524903,108.879824,True
KVAL006,135,4.801833,LShoulder,0.104491,-0.0471,-0.093225,0.003,3.974086,90.626537,True
KVAL006,136,4.835166,LShoulder,0.127936,0.041955,0.09954,-0.06855,4.636222,67.354571,True
KVAL006,137,4.8685,LShoulder,0.215811,0.08421,0.157575,-0.12105,1.190259,101.348152,True
KVAL006,138,4.901844,LShoulder,0.110486,0.08094,0.075105,-0.0039,2.683377,1082.252201,True
KVAL006,139,4.935166,LShoulder,0.131726,0.095505,0.081255,0.04035,71.138281,991.588627,True
KVAL006,140,4.9685,LShoulder,4.674313,-3.76929,-0.27741,-2.7504,65.024087,3140.796511,True
KVAL006,141,5.001844,LShoulder,4.222441,-3.79017,-0.467715,-1.80135,138.579071,2880.299879,True
KVAL006,142,5.035177,LShoulder,4.639551,3.281325,1.324665,3.0006,127.067769,3129.549509,True
KVAL006,143,5.068511,LShoulder,4.269882,3.62358,0.999555,2.02545,71.977498,2930.839364,False
KVAL006,144,5.101844,LShoulder,0.765159,0.368985,-0.60486,-0.2889,68.888503,1082.82915,True
KVAL006,145,5.135166,LShoulder,0.530607,-0.027825,-0.289425,-0.44385,9.805309,1083.760664,True
KVAL006,146,5.1685,LShoulder,0.261346,-0.0873,-0.14553,-0.19875,7.449554,112.546404,True
KVAL006,147,5.201844,LShoulder,0.147243,-0.13974,-0.020355,-0.0417,2.57682,118.403998,True
KVAL006,148,5.235177,LShoulder,0.227793,-0.19428,-0.044235,-0.1104,0.525429,65.797571,True
KVAL006,149,5.2685,LShoulder,0.136995,-0.11643,-0.02676,-0.06705,3.521698,21.931481,True
KVAL006,150,5.301844,LShoulder,0.037553,-0.015735,0.018945,0.02835,1.29053,102.221325,True
KVAL006,151,5.335177,LShoulder,0.124731,-0.09768,0.056115,-0.05355,3.432205,32.798964,True
KVAL006,152,5.368511,LShoulder,0.228553,-0.19128,0.048045,-0.1155,0.931902,87.208505,True
KVAL006,153,5.401833,LShoulder,0.127709,-0.120285,-0.000765,-0.0429,2.514539,10.638208,True
KVAL006,154,5.435177,LShoulder,0.094246,-0.081345,-0.04047,-0.02505,0.842338,32.992345,True
KVAL006,155,5.4685,LShoulder,0.117898,-0.09705,-0.051885,-0.0423,0.821425,25.851667,True
KVAL006,156,5.501844,LShoulder,0.047312,-0.027885,-0.028605,-0.02535,1.410872,26.752732,True
KVAL006,157,5.535166,LShoulder,0.025688,-0.020265,-0.00492,-0.015,1.360604,37.193305,True
KVAL006,158,5.568511,LShoulder,0.099399,-0.071955,0.046665,-0.05025,1.916248,36.326083,True
KVAL006,159,5.601844,LShoulder,0.142256,-0.041295,0.066735,-0.11865,1.196378,66.186574,True
KVAL006,160,5.635177,LShoulder,0.0539,-0.00039,0.011535,-0.05265,2.499171,20.922984,True
KVAL006,161,5.668522,LShoulder,0.028985,-0.009015,-0.01671,0.0219,0.806586,44.339832,True
KVAL006,162,5.701855,LShoulder,0.000204,-0.000105,-9e-05,-0.00015,0.572224,19.638169,True
KVAL006,163,5.735188,LShoulder,0.029406,-0.00984,-0.0228,-0.01575,0.768135,13.23864,True
KVAL006,164,5.768533,LShoulder,0.0514,-0.020865,-0.037455,-0.02835,0.447036,18.394012,True
KVAL006,165,5.801866,LShoulder,0.048219,-0.02295,-0.04233,0.00255,0.8765,10.876779,True
KVAL006,166,5.835177,LShoulder,0.073518,-0.05718,-0.04293,0.0171,0.457745,27.617643,True
KVAL006,167,5.868511,LShoulder,0.055719,-0.045255,-0.02943,-0.0138,0.990651,13.457298,True
KVAL006,168,5.901844,LShoulder,0.045256,-0.001545,-0.041295,-0.01845,0.466901,26.061514,True
KVAL006,169,5.935177,LShoulder,0.04341,-0.015885,-0.03909,-0.0102,0.881007,28.666444,True
KVAL006,170,5.968511,LShoulder,0.036495,-0.035145,-0.00213,0.0096,1.873921,47.860811,True
KVAL006,171,6.001844,LShoulder,0.101929,0.02892,0.05241,-0.0825,2.618629,42.334242,True
KVAL006,172,6.035166,LShoulder,0.148599,0.06288,0.03702,-0.12945,0.997686,57.862769,True
KVAL006,173,6.068511,LShoulder,0.060879,0.02541,-0.007935,-0.05475,1.555232,23.472674,True
KVAL006,174,6.101833,LShoulder,0.092689,0.08136,0.034905,-0.02745,1.179728,31.813104,True
KVAL006,175,6.135166,LShoulder,0.056229,0.04908,0.024135,0.01305,1.802867,33.562018,True
KVAL006,176,6.1685,LShoulder,0.028565,-0.020115,-0.01314,0.01545,1.263612,46.852869,True
KVAL006,177,6.201844,LShoulder,0.053012,-0.019665,0.035265,-0.03435,1.832101,50.14911,True
KVAL006,178,6.235177,LShoulder,0.105142,-0.02079,0.03297,-0.09765,2.10968,70.487544,True
KVAL006,179,6.268522,LShoulder,0.101247,0.096585,-0.016725,0.02535,3.025433,61.433236,True
KVAL006,180,6.301833,LShoulder,0.107934,0.08148,-0.023985,0.0666,2.033355,76.827611,True
KVAL006,181,6.335177,LShoulder,0.048177,-0.019575,-0.0057,-0.04365,2.10888,37.864619,True
KVAL006,182,6.3685,LShoulder,0.039902,-0.005985,0.009045,-0.0384,0.516519,45.086919,True
KVAL006,183,6.401844,LShoulder,0.018767,0.00207,-0.007785,-0.01695,0.953321,10.460643,True
KVAL006,184,6.435166,LShoulder,0.024289,0.010365,-0.00537,0.0213,0.421501,25.789699,True
KVAL006,185,6.4685,LShoulder,0.019243,-0.015885,0.009885,-0.0045,0.797975,10.092878,True
KVAL006,186,6.501844,LShoulder,0.029818,-0.021525,0.0063,-0.01965,0.329476,18.069623,True
KVAL006,187,6.535177,LShoulder,0.010183,0.00573,0.00837,-0.0009,0.462284,6.015729,True
KVAL006,188,6.5685,LShoulder,0.013803,0.007815,0.004725,-0.01035,0.135945,8.331735,True
KVAL006,189,6.601844,LShoulder,0.003789,0.00207,0.00039,-0.00315,0.429659,6.37291,True
KVAL006,190,6.635166,LShoulder,0.020147,0.005685,0.006645,0.01815,0.335103,10.702847,True
KVAL006,191,6.668511,LShoulder,0.019995,0.005625,0.006645,0.018,0.302352,19.425066,True
KVAL006,192,6.701833,LShoulder,3e-05,0.0,-3e-05,0.0,1.04108,11.668336,True
KVAL006,193,6.735166,LShoulder,0.056133,-0.01119,-0.053715,-0.01185,0.732631,37.243149,True
KVAL006,194,6.768511,LShoulder,0.048871,-0.001275,-0.04659,0.0147,1.477954,19.693732,True
KVAL006,195,6.801844,LShoulder,0.06013,0.02286,0.010575,0.0546,0.679261,35.487546,True
KVAL006,196,6.835177,LShoulder,0.034811,0.02037,-0.008715,0.02685,0.927284,5.128402,True
KVAL006,197,6.868522,LShoulder,0.014843,0.007905,-0.01254,-0.00075,0.470996,25.431264,True
KVAL006,198,6.901844,LShoulder,0.051967,0.02259,0.018,0.0432,0.837467,21.785609,True
KVAL006,199,6.935177,LShoulder,0.050291,-0.00951,0.00573,0.04905,1.065898,21.329009,True
KVAL006,200,6.9685,LShoulder,0.03169,-0.02607,-0.017235,0.00525,0.745744,37.212547,True
KVAL006,201,7.001844,LShoulder,0.045223,0.033195,0.016425,0.02595,1.430554,13.540635,True
KVAL006,202,7.035177,LShoulder,0.069518,0.04461,0.03834,0.03705,0.341058,39.562984,True
KVAL006,203,7.068511,LShoulder,0.026228,0.016965,0.017295,0.01005,1.210962,10.028414,True
KVAL006,204,7.101844,LShoulder,0.018136,-0.008895,-0.014145,0.00705,0.697766,26.824265,True
KVAL006,205,7.135177,LShoulder,0.025838,0.00135,-0.02574,0.0018,0.699942,20.358868,True
KVAL006,206,7.1685,LShoulder,0.048722,0.02454,-0.014265,0.0396,0.798268,20.391104,True
KVAL006,207,7.201844,LShoulder,0.050131,0.01566,-0.002625,0.04755,0.68596,26.286067,True
KVAL006,208,7.235177,LShoulder,0.003167,0.00138,3e-05,0.00285,1.219792,10.492602,True
KVAL006,209,7.268522,LShoulder,0.05287,-0.04167,0.03249,0.0018,0.807769,32.151905,True
KVAL006,210,7.301844,LShoulder,0.05293,-0.041385,0.03273,0.0042,0.926903,30.089843,True
KVAL006,211,7.335177,LShoulder,0.032197,0.00594,0.006105,0.03105,1.321548,16.349153,True
KVAL006,212,7.368511,LShoulder,0.061771,0.02775,0.01065,0.05415,0.212339,32.453756,True
KVAL006,213,7.401855,LShoulder,0.022106,0.003705,0.011835,0.0183,0.90401,5.436329,True
KVAL006,214,7.435177,LShoulder,0.010168,-0.007455,0.003915,0.0057,0.256444,16.832894,True
KVAL006,215,7.468522,LShoulder,0.018256,0.011445,-0.002775,0.01395,0.237687,11.890251,True
KVAL006,216,7.501833,LShoulder,0.015486,0.006525,0.00519,0.01305,0.620604,5.055498,True
KVAL006,217,7.535166,LShoulder,0.054038,0.029265,0.02691,0.0366,0.124794,17.891351,True
KVAL006,218,7.5685,LShoulder,0.016704,-0.001185,0.007845,0.0147,0.69707,20.431566,True
KVAL006,219,7.601833,LShoulder,0.053567,0.01392,-0.015015,0.0495,1.309243,12.281623,True
KVAL006,220,7.635177,LShoulder,0.099139,0.04938,0.00534,0.0858,0.234513,24.571259,True
KVAL006,221,7.668511,LShoulder,0.064783,0.019725,-0.00663,0.06135,0.453617,21.771231,True
KVAL006,222,7.701844,LShoulder,0.079723,0.048885,-0.012855,0.06165,1.551506,21.906143,True
KVAL006,223,7.735177,LShoulder,0.136657,0.120525,0.016545,0.06225,1.220218,44.22805,True
KVAL006,224,7.768511,LShoulder,0.150373,0.12405,0.008145,0.0846,1.544334,49.556102,True
KVAL006,225,7.801844,LShoulder,0.043701,0.03246,0.02748,0.01005,2.260084,25.4909,True
KVAL006,226,7.835177,LShoulder,0.048411,0.018345,0.04122,-0.01755,0.715974,25.544291,True
KVAL006,227,7.868522,LShoulder,0.084879,0.040695,0.07428,0.00555,1.009644,31.116389,True
KVAL006,228,7.901844,LShoulder,0.109239,0.015465,0.080685,-0.072,1.526187,53.252606,True
KVAL006,229,7.935177,LShoulder,0.062387,0.010695,0.003735,-0.06135,2.551349,42.585279,True
KVAL006,230,7.9685,LShoulder,0.064941,0.01866,-0.041145,0.04665,1.85255,57.302667,True
KVAL006,231,8.001844,LShoulder,0.067078,0.011655,-0.035355,0.0558,2.661602,66.526848,True
KVAL006,232,8.035177,LShoulder,0.169884,-0.093645,-0.128835,-0.0591,3.301812,54.307537,True
KVAL006,233,8.068511,LShoulder,0.205808,-0.12126,-0.14523,-0.081,2.171448,60.669329,True
KVAL006,234,8.101833,LShoulder,0.241476,-0.14262,-0.18345,0.0657,1.790896,75.401438,True
KVAL006,235,8.135166,LShoulder,0.24029,-0.17931,-0.15837,0.0225,3.074235,73.43757,True
KVAL006,236,8.1685,LShoulder,0.053629,-0.028575,-0.03861,-0.02385,3.899388,43.085534,True
KVAL006,237,8.201844,LShoulder,0.074858,0.04782,-0.034185,0.04635,1.373288,60.066543,True
KVAL006,238,8.235166,LShoulder,0.062469,0.05229,-0.029055,0.018,0.118323,27.163393,True
KVAL006,239,8.2685,LShoulder,0.075765,0.0432,-0.040515,0.04725,0.919191,16.354574,True
KVAL006,240,8.301844,LShoulder,0.053724,0.01593,0.007875,0.0507,1.035785,23.289528,True
KVAL006,241,8.335177,LShoulder,0.020041,0.01728,0.008295,0.00585,0.889114,21.480047,True
KVAL006,242,8.368511,LShoulder,0.007671,0.003645,0.0,-0.00675,1.054388,16.755407,True
KVAL006,243,8.401855,LShoulder,0.05221,-0.04842,-0.01617,0.01095,0.833706,27.545224,True
KVAL006,244,8.435177,LShoulder,0.052024,-0.048585,-0.018465,-0.00225,0.806413,24.17575,True
KVAL006,245,8.468511,LShoulder,0.011016,0.001965,-0.00882,-0.0063,0.793598,12.913796,True
KVAL006,246,8.501844,LShoulder,0.009756,0.002145,-0.006555,0.0069,0.165154,12.484708,True
KVAL006,247,8.535188,LShoulder,3e-05,3e-05,0.0,0.0,0.146241,4.960219,True
KVAL006,248,8.568511,LShoulder,3e-05,3e-05,0.0,0.0,0.444772,7.646488,True
KVAL006,249,8.601855,LShoulder,0.029662,0.01038,0.014505,0.0237,0.444772,13.476414,True
KVAL006,250,8.635166,LShoulder,0.029662,0.01038,0.014505,0.0237,0.453664,13.472512,True
KVAL006,251,8.668511,LShoulder,0.000648,4.5e-05,-0.00024,-0.0006,0.462642,4.61212,True
KVAL006,252,8.701833,LShoulder,0.008702,0.001845,0.006915,-0.00495,0.212622,3.825071,True
KVAL006,253,8.735177,LShoulder,0.014605,-0.008925,0.00051,-0.01155,0.259146,5.590876,True
KVAL006,254,8.768511,LShoulder,0.018437,-0.0078,-0.001365,-0.01665,0.19412,12.719653,True
KVAL006,255,8.801855,LShoulder,0.011324,0.00297,0.00522,-0.0096,0.599054,5.846642,True
KVAL006,256,8.835177,LShoulder,0.025482,0.002325,0.02013,0.01545,0.383607,16.229376,True
KVAL006,257,8.868511,LShoulder,0.027817,-0.001635,0.02772,0.00165,0.488016,11.714005,True
KVAL006,258,8.901844,LShoulder,0.016402,-0.00393,0.00768,-0.01395,0.414765,10.076252,True
KVAL006,259,8.935188,LShoulder,0.000168,-3e-05,0.000165,0.0,0.245873,6.184084,True
KVAL006,260,8.968511,LShoulder,2.1e-05,-1.5e-05,1.5e-05,0.0,0.002516,3.68571,True
KVAL006,261,9.001844,LShoulder,0.0,0.0,0.0,0.0,0.000318,4.791637,True
KVAL006,262,9.035166,LShoulder,0.0,0.0,0.0,0.0,0.318755,5.065119,True
KVAL006,263,9.0685,LShoulder,0.02125,-0.008745,0.00423,-0.0189,0.337539,9.312876,True
KVAL006,264,9.101833,LShoulder,0.022503,-0.01056,0.002955,-0.01965,0.302893,15.519259,True
KVAL006,265,9.135166,LShoulder,0.002341,-0.001815,-0.001275,-0.00075,0.723342,17.594972,True
KVAL006,266,9.1685,LShoulder,0.030102,0.02565,-0.013935,0.00735,1.35579,10.028218,True
KVAL006,267,9.201833,LShoulder,0.088452,0.08121,-0.002685,0.03495,0.792826,38.326132,True
KVAL006,268,9.235166,LShoulder,0.072028,0.06213,0.01374,0.03375,1.200571,27.570705,True
KVAL006,269,9.268511,LShoulder,0.00952,0.00666,0.002565,0.0063,1.077983,16.183568,True
KVAL006,270,9.301844,LShoulder,0.00019,9e-05,7.5e-05,0.00015,0.142421,18.189368,True
KVAL006,271,9.335177,LShoulder,3.4e-05,3e-05,1.5e-05,0.0,0.405957,6.606002,True
KVAL006,272,9.368522,LShoulder,0.02707,0.00855,0.021165,-0.01455,0.406153,12.168844,True
KVAL006,273,9.401855,LShoulder,0.027098,0.00864,0.021165,-0.01455,0.405303,12.189377,True
KVAL006,274,9.4352,LShoulder,0.000121,0.00012,1.5e-05,0.0,0.406472,5.778864,True
KVAL006,275,9.468533,LShoulder,0.0,0.0,0.0,0.0,0.059633,5.660499,True
KVAL006,276,9.501844,LShoulder,0.004017,0.00144,3e-05,0.00375,0.120513,0.913902,True
KVAL006,277,9.535177,LShoulder,0.008034,0.00288,6e-05,0.0075,0.120513,0.0,True
