video_id,frame_index,source_frame_index,body_id,j00_PELVIS_valid,j00_PELVIS_quality,j00_PELVIS_reason,j01_SPINE_NAVAL_valid,j01_SPINE_NAVAL_quality,j01_SPINE_NAVAL_reason,j02_SPINE_CHEST_valid,j02_SPINE_CHEST_quality,j02_SPINE_CHEST_reason,j03_NECK_valid,j03_NECK_quality,j03_NECK_reason,j04_CLAVICLE_LEFT_valid,j04_CLAVICLE_LEFT_quality,j04_CLAVICLE_LEFT_reason,j05_SHOULDER_LEFT_valid,j05_SHOULDER_LEFT_quality,j05_SHOULDER_LEFT_reason,j06_ELBOW_LEFT_valid,j06_ELBOW_LEFT_quality,j06_ELBOW_LEFT_reason,j07_WRIST_LEFT_valid,j07_WRIST_LEFT_quality,j07_WRIST_LEFT_reason,j08_CLAVICLE_RIGHT_valid,j08_CLAVICLE_RIGHT_quality,j08_CLAVICLE_RIGHT_reason,j09_SHOULDER_RIGHT_valid,j09_SHOULDER_RIGHT_quality,j09_SHOULDER_RIGHT_reason,j10_ELBOW_RIGHT_valid,j10_ELBOW_RIGHT_quality,j10_ELBOW_RIGHT_reason,j11_WRIST_RIGHT_valid,j11_WRIST_RIGHT_quality,j11_WRIST_RIGHT_reason,j12_HIP_LEFT_valid,j12_HIP_LEFT_quality,j12_HIP_LEFT_reason,j13_KNEE_LEFT_valid,j13_KNEE_LEFT_quality,j13_KNEE_LEFT_reason,j14_ANKLE_LEFT_valid,j14_ANKLE_LEFT_quality,j14_ANKLE_LEFT_reason,j15_FOOT_LEFT_valid,j15_FOOT_LEFT_quality,j15_FOOT_LEFT_reason,j16_HIP_RIGHT_valid,j16_HIP_RIGHT_quality,j16_HIP_RIGHT_reason,j17_KNEE_RIGHT_valid,j17_KNEE_RIGHT_quality,j17_KNEE_RIGHT_reason,j18_ANKLE_RIGHT_valid,j18_ANKLE_RIGHT_quality,j18_ANKLE_RIGHT_reason,j19_FOOT_RIGHT_valid,j19_FOOT_RIGHT_quality,j19_FOOT_RIGHT_reason,j20_HEAD_valid,j20_HEAD_quality,j20_HEAD_reason,j21_NOSE_valid,j21_NOSE_quality,j21_NOSE_reason,j22_EYE_LEFT_valid,j22_EYE_LEFT_quality,j22_EYE_LEFT_reason,j23_EAR_LEFT_valid,j23_EAR_LEFT_quality,j23_EAR_LEFT_reason,j24_EYE_RIGHT_valid,j24_EYE_RIGHT_quality,j24_EYE_RIGHT_reason,j25_EAR_RIGHT_valid,j25_EAR_RIGHT_quality,j25_EAR_RIGHT_reason,j26_WRIST_THUMB_LEFT_valid,j26_WRIST_THUMB_LEFT_quality,j26_WRIST_THUMB_LEFT_reason,j27_BICEPS_LEFT_valid,j27_BICEPS_LEFT_quality,j27_BICEPS_LEFT_reason,j28_WRIST_THUMB_RIGHT_valid,j28_WRIST_THUMB_RIGHT_quality,j28_WRIST_THUMB_RIGHT_reason,j29_BICEPS_RIGHT_valid,j29_BICEPS_RIGHT_quality,j29_BICEPS_RIGHT_reason,j30_BACK_LEFT_valid,j30_BACK_LEFT_quality,j30_BACK_LEFT_reason,j31_BACK_RIGHT_valid,j31_BACK_RIGHT_quality,j31_BACK_RIGHT_reason
KVAL006,0,1,1,True,medium,none,True,medium,none,True,medium,none,True,medium,none,True,medium,none,True,medium,none,True,medium,none,True,medium,none,True,medium,none,False,low,bone_length_anomaly,False,low,bone_length_anomaly,True,medium,none,True,medium,none,True,medium,none,True,medium,none,True,medium,none,True,medium,none,True,medium,none,True,medium,none,False,low,occlusion,False,low,occlusion,False,low,occlusion,True,medium,none,True,medium,none,True,medium,none,True,medium,none,True,medium,none,True,medium,none,True,medium,none,True,medium,none,True,medium,none,True,medium,none
KVAL006,1,2,1,True,medium,none,True,medium,none,True,medium,none,True,medium,none,True,medium,none,True,medium,none,True,medium,none,True,medium,none,True,medium,none,False,low,bone_length_anomaly,False,low,bone_length_anomaly,True,medium,none,True,medium,none,True,medium,none,True,medium,none,True,medium,none,True,medium,none,True,medium,none,True,medium,none,False,low,occlusion,False,low,occlusion,False,low,occlusion,True,medium,none,False,low,occlusion,False,low,occlusion,False,low,occlusion,True,medium,none,True,medium,none,True,medium,none,True,medium,none,True,medium,none,True,medium,none
KVAL006,2,3,1,True,medium,none,True,medium,none,True,medium,none,True,medium,none,True,medium,none,True,medium,none,True,medium,none,True,medium,none,True,medium,none,False,low,bone_length_anomaly,False,low,occlusion,True,medium,none,True,medium,none,True,medium,none,True,medium,none,True,medium,none,True,medium,none,True,medium,none,True,medium,none,False,low,occlusion,False,low,occlusion,False,low,occlusion,True,medium,none,False,low,occlusion,False,low,occlusion,False,low,occlusion,True,medium,none,True,medium,none,True,medium,none,True,medium,none,True,medium,none,True,medium,none
KVAL006,3,4,1,True,medium,none,True,medium,none,True,medium,none,True,medium,none,True,medium,none,True,medium,none,True,medium,none,True,medium,none,False,low,occlusion,False,low,occlusion,False,low,occlusion,True,medium,none,True,medium,none,True,medium,none,True,medium,none,True,medium,none,True,medium,none,True,medium,none,True,medium,none,False,low,occlusion,False,low,occlusion,False,low,occlusion,True,medium,none,False,low,occlusion,False,low,occlusion,False,low,occlusion,True,medium,none,True,medium,none,True,medium,none,True,medium,none,True,medium,none,True,medium,none
KVAL006,4,5,1,True,medium,none,True,medium,none,True,medium,none,True,medium,none,True,medium,none,True,medium,none,True,medium,none,True,medium,none,True,medium,none,False,low,occlusion,False,low,occlusion,True,medium,none,True,medium,none,True,medium,none,True,medium,none,True,medium,none,True,medium,none,True,medium,none,True,medium,none,False,low,occlusion,False,low,occlusion,False,low,occlusion,True,medium,none,True,medium,none,True,medium,none,True,medium,none,True,medium,none,True,medium,none,True,medium,none,True,medium,none,True,medium,none,True,medium,none
KVAL006,5,6,1,True,medium,none,True,medium,none,True,medium,none,True,medium,none,True,medium,none,True,medium,none,True,medium,none,True,medium,none,True,medium,none,False,low,bone_length_anomaly,False,low,bone_length_anomaly,True,medium,none,True,medium,none,True,medium,none,True,medium,none,True,medium,none,True,medium,none,True,medium,none,True,medium,none,False,low,occlusion,False,low,occlusion,False,low,occlusion,True,medium,none,True,medium,none,True,medium,none,True,medium,none,True,medium,none,True,medium,none,True,medium,none,True,medium,none,True,medium,none,True,medium,none
KVAL006,6,7,1,True,medium,none,True,medium,none,True,medium,none,True,medium,none,True,medium,none,True,medium,none,True,medium,none,True,medium,none,True,medium,none,False,low,bone_length_anomaly,False,low,bone_length_anomaly,True,medium,none,True,medium,none,True,medium,none,True,medium,none,True,medium,none,True,medium,none,True,medium,none,True,medium,none,False,low,occlusion,False,low,occlusion,False,low,occlusion,True,medium,none,False,low,occlusion,False,low,occlusion,False,low,occlusion,True,medium,none,True,medium,none,True,medium,none,True,medium,none,True,medium,none,True,medium,none
KVAL006,7,8,1,True,medium,none,True,medium,none,True,medium,none,True,medium,none,True,medium,none,True,medium,none,True,medium,none,True,medium,none,True,medium,none,False,low,bone_length_anomaly,False,low,bone_length_anomaly,True,medium,none,True,medium,none,True,medium,none,True,medium,none,True,medium,none,True,medium,none,True,medium,none,True,medium,none,False,low,occlusion,False,low,occlusion,False,low,occlusion,True,medium,none,False,low,occlusion,False,low,occlusion,False,low,occlusion,True,medium,none,True,medium,none,True,medium,none,True,medium,none,True,medium,none,True,medium,none
KVAL006,8,9,1,True,medium,none,True,medium,none,True,medium,none,True,medium,none,True,medium,none,True,medium,none,True,medium,none,True,medium,none,True,medium,none,False,low,bone_length_anomaly,False,low,occlusion,True,medium,none,True,medium,none,True,medium,none,True,medium,none,True,medium,none,True,medium,none,True,medium,none,True,medium,none,False,low,occlusion,False,low,occlusion,False,low,occlusion,True,medium,none,True,medium,none,True,medium,none,True,medium,none,True,medium,none,True,medium,none,True,medium,none,True,medium,none,True,medium,none,True,medium,none
KVAL006,9,10,1,True,medium,none,True,medium,none,True,medium,none,True,medium,none,True,medium,none,True,medium,none,True,medium,none,True,medium,none,False,low,occlusion,False,low,occlusion,False,low,occlusion,True,medium,none,True,medium,none,True,medium,none,True,medium,none,True,medium,none,True,medium,none,True,medium,none,True,medium,none,False,low,occlusion,False,low,occlusion,False,low,occlusion,True,medium,none,False,low,occlusion,False,low,occlusion,False,low,occlusion,True,medium,none,True,medium,none,True,medium,none,True,medium,none,True,medium,none,True,medium,none
KVAL006,10,11,1,True,medium,none,True,medium,none,True,medium,none,True,medium,none,True,medium,none,True,medium,none,True,medium,none,True,medium,none,True,medium,none,False,low,occlusion,False,low,occlusion,True,medium,none,True,medium,none,True,medium,none,True,medium,none,True,medium,none,True,medium,none,True,medium,none,True,medium,none,False,low,occlusion,False,low,occlusion,False,low,occlusion,True,medium,none,False,low,occlusion,False,low,occlusion,False,low,occlusion,True,medium,none,True,medium,none,True,medium,none,True,medium,none,True,medium,none,True,medium,none
KVAL006,11,12,1,True,medium,none,True,medium,none,True,medium,none,True,medium,none,True,medium,none,True,medium,none,True,medium,none,True,medium,none,False,low,occlusion,False,low,occlusion,False,low,occlusion,True,medium,none,True,medium,none,True,medium,none,True,medium,none,True,medium,none,True,medium,none,True,medium,none,True,medium,none,False,low,occlusion,False,low,occlusion,False,low,occlusion,True,medium,none,True,medium,none,True,medium,none,True,medium,none,True,medium,none,True,medium,none,True,medium,none,True,medium,none,True,medium,none,True,medium,none
KVAL006,12,13,1,True,medium,none,True,medium,none,True,medium,none,True,medium,none,True,medium,none,True,medium,none,True,medium,none,True,medium,none,True,medium,none,False,low,bone_length_anomaly,False,low,occlusion,True,medium,none,True,medium,none,True,medium,none,True,medium,none,True,medium,none,True,medium,none,True,medium,none,True,medium,none,False,low,occlusion,False,low,occlusion,False,low,occlusion,True,medium,none,False,low,occlusion,False,low,occlusion,False,low,occlusion,True,medium,none,True,medium,none,True,medium,none,True,medium,none,True,medium,none,True,medium,none
KVAL006,13,14,1,True,medium,none,True,medium,none,True,medium,none,True,medium,none,True,medium,none,True,medium,none,True,medium,none,True,medium,none,True,medium,none,False,low,occlusion,False,low,occlusion,True,medium,none,True,medium,none,True,medium,none,True,medium,none,True,medium,none,True,medium,none,True,medium,none,True,medium,none,False,low,occlusion,False,low,occlusion,False,low,occlusion,True,medium,none,False,low,occlusion,False,low,occlusion,False,low,occlusion,True,medium,none,True,medium,none,True,medium,none,True,medium,none,True,medium,none,True,medium,none
KVAL006,14,15,1,True,medium,none,True,medium,none,True,medium,none,True,medium,none,True,medium,none,True,medium,none,True,medium,none,True,medium,none,True,medium,none,False,low,bone_length_anomaly,False,low,bone_length_anomaly,True,medium,none,True,medium,none,True,medium,none,True,medium,none,True,medium,none,True,medium,none,True,medium,none,True,medium,none,False,low,occlusion,False,low,occlusion,False,low,occlusion,True,medium,none,False,low,occlusion,False,low,occlusion,False,low,occlusion,True,medium,none,True,medium,none,True,medium,none,True,medium,none,True,medium,none,True,medium,none
KVAL006,15,16,1,True,medium,none,True,medium,none,True,medium,none,True,medium,none,True,medium,none,True,medium,none,True,medium,none,True,medium,none,True,medium,none,False,low,bone_length_anomaly,False,low,bone_length_anomaly,True,medium,none,True,medium,none,True,medium,none,True,medium,none,True,medium,none,True,medium,none,True,medium,none,True,medium,none,False,low,occlusion,False,low,occlusion,False,low,occlusion,True,medium,none,False,low,occlusion,False,low,occlusion,False,low,occlusion,True,medium,none,True,medium,none,True,medium,none,True,medium,none,True,medium,none,True,medium,none
KVAL006,16,17,1,True,medium,none,True,medium,none,True,medium,none,True,medium,none,True,medium,none,True,medium,none,True,medium,none,True,medium,none,True,medium,none,False,low,bone_length_anomaly,False,low,bone_length_anomaly,True,medium,none,True,medium,none,True,medium,none,True,medium,none,True,medium,none,True,medium,none,True,medium,none,True,medium,none,False,low,occlusion,False,low,occlusion,False,low,occlusion,True,medium,none,False,low,occlusion,False,low,occlusion,False,low,occlusion,True,medium,none,True,medium,none,True,medium,none,True,medium,none,True,medium,none,True,medium,none
KVAL006,17,18,1,True,medium,none,True,medium,none,True,medium,none,True,medium,none,True,medium,none,True,medium,none,True,medium,none,True,medium,none,False,low,occlusion,False,low,occlusion,False,low,occlusion,True,medium,none,True,medium,none,True,medium,none,True,medium,none,True,medium,none,True,medium,none,True,medium,none,True,medium,none,False,low,occlusion,False,low,occlusion,False,low,occlusion,True,medium,none,False,low,occlusion,False,low,occlusion,False,low,occlusion,True,medium,none,True,medium,none,True,medium,none,True,medium,none,True,medium,none,True,medium,none
KVAL006,18,19,1,True,medium,none,True,medium,none,True,medium,none,True,medium,none,True,medium,none,True,medium,none,True,medium,none,True,medium,none,False,low,occlusion,False,low,occlusion,False,low,occlusion,True,medium,none,True,medium,none,True,medium,none,True,medium,none,True,medium,none,True,medium,none,True,medium,none,True,medium,none,False,low,occlusion,False,low,occlusion,False,low,occlusion,True,medium,none,True,medium,none,True,medium,none,True,medium,none,True,medium,none,True,medium,none,True,medium,none,True,medium,none,True,medium,none,True,medium,none
KVAL006,19,20,1,True,medium,none,True,medium,none,True,medium,none,True,medium,none,True,medium,none,True,medium,none,True,medium,none,True,medium,none,False,low,occlusion,False,low,occlusion,False,low,occlusion,True,medium,none,True,medium,none,True,medium,none,True,medium,none,True,medium,none,True,medium,none,True,medium,none,True,medium,none,False,low,occlusion,False,low,occlusion,False,low,occlusion,True,medium,none,False,low,occlusion,False,low,occlusion,False,low,occlusion,True,medium,none,True,medium,none,True,medium,none,True,medium,none,True,medium,none,True,medium,none
KVAL006,20,21,1,True,medium,none,True,medium,none,True,medium,none,True,medium,none,True,medium,none,True,medium,none,True,medium,none,True,medium,none,False,low,occlusion,False,low,occlusion,False,low,occlusion,True,medium,none,True,medium,none,True,medium,none,True,medium,none,True,medium,none,True,medium,none,True,medium,none,True,medium,none,False,low,occlusion,False,low,occlusion,False,low,occlusion,True,medium,none,False,low,occlusion,False,low,occlusion,False,low,occlusion,True,medium,none,True,medium,none,True,medium,none,True,medium,none,True,medium,none,True,medium,none
KVAL006,21,22,1,True,medium,none,True,medium,none,True,medium,none,True,medium,none,True,medium,none,True,medium,none,True,medium,none,True,medium,none,True,medium,none,False,low,bone_length_anomaly,False,low,bone_length_anomaly,True,medium,none,True,medium,none,True,medium,none,True,medium,none,True,medium,none,True,medium,none,True,medium,none,True,medium,none,False,low,occlusion,False,low,occlusion,False,low,occlusion,True,medium,none,False,low,occlusion,False,low,occlusion,False,low,occlusion,True,medium,none,True,medium,none,True,medium,none,True,medium,none,True,medium,none,True,medium,none
KVAL006,22,23,1,True,medium,none,True,medium,none,True,medium,none,True,medium,none,True,medium,none,True,medium,none,True,medium,none,True,medium,none,True,medium,none,False,low,bone_length_anomaly,False,low,bone_length_anomaly,True,medium,none,True,medium,none,True,medium,none,True,medium,none,True,medium,none,True,medium,none,True,medium,none,True,medium,none,False,low,occlusion,False,low,occlusion,False,low,occlusion,True,medium,none,False,low,occlusion,False,low,occlusion,False,low,occlusion,True,medium,none,True,medium,none,True,medium,none,True,medium,none,True,medium,none,True,medium,none
KVAL006,23,24,1,True,medium,none,True,medium,none,True,medium,none,True,medium,none,True,medium,none,True,medium,none,True,medium,none,True,medium,none,False,low,occlusion,False,low,occlusion,False,low,occlusion,True,medium,none,True,medium,none,True,medium,none,True,medium,none,True,medium,none,True,medium,none,True,medium,none,True,medium,none,False,low,occlusion,False,low,occlusion,False,low,occlusion,True,medium,none,False,low,occlusion,False,low,occlusion,False,low,occlusion,True,medium,none,True,medium,none,True,medium,none,True,medium,none,True,medium,none,True,medium,none
KVAL006,24,25,1,True,medium,none,True,medium,none,True,medium,none,True,medium,none,True,medium,none,True,medium,none,True,medium,none,True,medium,none,False,low,occlusion,False,low,occlusion,False,low,occlusion,True,medium,none,True,medium,none,True,medium,none,True,medium,none,True,medium,none,True,medium,none,True,medium,none,True,medium,none,False,low,occlusion,False,low,occlusion,False,low,occlusion,True,medium,none,True,medium,none,True,medium,none,True,medium,none,True,medium,none,True,medium,none,True,medium,none,True,medium,none,True,medium,none,True,medium,none
KVAL006,25,26,1,True,medium,none,True,medium,none,True,medium,none,True,medium,none,True,medium,none,True,medium,none,True,medium,none,True,medium,none,False,low,occlusion,False,low,occlusion,False,low,occlusion,True,medium,none,True,medium,none,True,medium,none,True,medium,none,True,medium,none,True,medium,none,True,medium,none,True,medium,none,False,low,occlusion,False,low,occlusion,False,low,occlusion,True,medium,none,False,low,occlusion,False,low,occlusion,False,low,occlusion,True,medium,none,True,medium,none,True,medium,none,True,medium,none,True,medium,none,True,medium,none
KVAL006,26,27,1,True,medium,none,True,medium,none,True,medium,none,True,medium,none,True,medium,none,True,medium,none,True,medium,none,True,medium,none,False,low,occlusion,False,low,occlusion,False,low,occlusion,True,medium,none,True,medium,none,True,medium,none,True,medium,none,True,medium,none,True,medium,none,True,medium,none,True,medium,none,False,low,occlusion,False,low,occlusion,False,low,occlusion,True,medium,none,False,low,occlusion,False,low,occlusion,False,low,occlusion,True,medium,none,True,medium,none,True,medium,none,True,medium,none,True,medium,none,True,medium,none
KVAL006,27,28,1,True,medium,none,True,medium,none,True,medium,none,True,medium,none,True,medium,none,True,medium,none,True,medium,none,True,medium,none,False,low,occlusion,False,low,occlusion,False,low,occlusion,True,medium,none,True,medium,none,True,medium,none,True,medium,none,True,medium,none,True,medium,none,True,medium,none,True,medium,none,False,low,occlusion,False,low,occlusion,False,low,occlusion,True,medium,none,False,low,occlusion,False,low,occlusion,False,low,occlusion,True,medium,none,True,medium,none,True,medium,none,True,medium,none,True,medium,none,True,medium,none
KVAL006,28,29,1,True,medium,none,True,medium,none,True,medium,none,True,medium,none,True,medium,none,True,medium,none,True,medium,none,True,medium,none,False,low,occlusion,False,low,occlusion,False,low,occlusion,True,medium,none,True,medium,none,True,medium,none,True,medium,none,True,medium,none,True,medium,none,True,medium,none,True,medium,none,False,low,occlusion,False,low,occlusion,False,low,occlusion,True,medium,none,False,low,occlusion,False,low,occlusion,False,low,occlusion,True,medium,none,True,medium,none,True,medium,none,True,medium,none,True,medium,none,True,medium,none
KVAL006,29,30,1,True,medium,none,True,medium,none,True,medium,none,True,medium,none,True,medium,none,True,medium,none,True,medium,none,True,medium,none,True,medium,none,False,low,bone_length_anomaly,False,low,bone_length_anomaly,True,medium,none,True,medium,none,True,medium,none,True,medium,none,True,medium,none,True,medium,none,True,medium,none,True,medium,none,False,low,occlusion,False,low,occlusion,False,low,occlusion,True,medium,none,False,low,occlusion,False,low,occlusion,False,low,occlusion,True,medium,none,True,medium,none,True,medium,none,True,medium,none,True,medium,none,True,medium,none
KVAL006,30,31,1,True,medium,none,True,medium,none,True,medium,none,True,medium,none,True,medium,none,True,medium,none,True,medium,none,True,medium,none,True,medium,none,False,low,bone_length_anomaly,False,low,bone_length_anomaly,True,medium,none,True,medium,none,True,medium,none,True,medium,none,True,medium,none,True,medium,none,True,medium,none,True,medium,none,False,low,occlusion,False,low,occlusion,False,low,occlusion,True,medium,none,True,medium,none,True,medium,none,True,medium,none,True,medium,none,True,medium,none,True,medium,none,True,medium,none,True,medium,none,True,medium,none
KVAL006,31,32,1,True,medium,none,True,medium,none,True,medium,none,True,medium,none,True,medium,none,True,medium,none,True,medium,none,True,medium,none,True,medium,none,False,low,bone_length_anomaly,False,low,bone_length_anomaly,True,medium,none,True,medium,none,True,medium,none,True,medium,none,True,medium,none,True,medium,none,True,medium,none,True,medium,none,False,low,occlusion,False,low,occlusion,False,low,occlusion,True,medium,none,True,medium,none,True,medium,none,True,medium,none,True,medium,none,True,medium,none,True,medium,none,True,medium,none,True,medium,none,True,medium,none
KVAL006,32,33,1,True,medium,none,True,medium,none,True,medium,none,True,medium,none,True,medium,none,True,medium,none,True,medium,none,True,medium,none,True,medium,none,False,low,bone_length_anomaly,False,low,bone_length_anomaly,True,medium,none,True,medium,none,True,medium,none,True,medium,none,True,medium,none,True,medium,none,True,medium,none,True,medium,none,False,low,occlusion,False,low,occlusion,False,low,occlusion,True,medium,none,True,medium,none,True,medium,none,True,medium,none,True,medium,none,True,medium,none,True,medium,none,True,medium,none,True,medium,none,True,medium,none
KVAL006,33,34,1,True,medium,none,True,medium,none,True,medium,none,True,medium,none,True,medium,none,True,medium,none,True,medium,none,True,medium,none,True,medium,none,False,low,occlusion,False,low,bone_length_anomaly,True,medium,none,True,medium,none,True,medium,none,True,medium,none,True,medium,none,True,medium,none,True,medium,none,True,medium,none,False,low,occlusion,False,low,occlusion,False,low,occlusion,True,medium,none,True,medium,none,True,medium,none,True,medium,none,True,medium,none,True,medium,none,True,medium,none,True,medium,none,True,medium,none,True,medium,none
KVAL006,34,35,1,True,medium,none,True,medium,none,True,medium,none,True,medium,none,True,medium,none,True,medium,none,True,medium,none,True,medium,none,False,low,occlusion,False,low,occlusion,False,low,bone_length_anomaly,True,medium,none,True,medium,none,True,medium,none,True,medium,none,True,medium,none,True,medium,none,True,medium,none,True,medium,none,False,low,occlusion,False,low,occlusion,False,low,occlusion,True,medium,none,False,low,occlusion,False,low,occlusion,False,low,occlusion,True,medium,none,True,medium,none,True,medium,none,True,medium,none,True,medium,none,True,medium,none
KVAL006,35,36,1,True,medium,none,True,medium,none,True,medium,none,True,medium,none,True,medium,none,True,medium,none,True,medium,none,True,medium,none,False,low,occlusion,False,low,occlusion,False,low,occlusion,True,medium,none,True,medium,none,True,medium,none,True,medium,none,True,medium,none,True,medium,none,True,medium,none,True,medium,none,False,low,occlusion,False,low,occlusion,False,low,occlusion,True,medium,none,True,medium,none,True,medium,none,True,medium,none,True,medium,none,True,medium,none,True,medium,none,True,medium,none,True,medium,none,True,medium,none
KVAL006,36,37,1,True,medium,none,True,medium,none,True,medium,none,True,medium,none,True,medium,none,True,medium,none,True,medium,none,False,low,occlusion,False,low,occlusion,False,low,occlusion,False,low,occlusion,True,medium,none,True,medium,none,True,medium,none,True,medium,none,True,medium,none,True,medium,none,True,medium,none,True,medium,none,False,low,occlusion,False,low,occlusion,False,low,occlusion,True,medium,none,True,medium,none,True,medium,none,True,medium,none,True,medium,none,True,medium,none,True,medium,none,True,medium,none,True,medium,none,True,medium,none
KVAL006,37,38,1,True,medium,none,True,medium,none,True,medium,none,True,medium,none,True,medium,none,True,medium,none,True,medium,none,False,low,occlusion,False,low,occlusion,False,low,occlusion,False,low,occlusion,True,medium,none,True,medium,none,True,medium,none,True,medium,none,True,medium,none,True,medium,none,True,medium,none,True,medium,none,False,low,occlusion,False,low,occlusion,False,low,occlusion,True,medium,none,True,medium,none,True,medium,none,True,medium,none,True,medium,none,True,medium,none,True,medium,none,True,medium,none,True,medium,none,True,medium,none
KVAL006,38,39,1,True,medium,none,True,medium,none,True,medium,none,True,medium,none,True,medium,none,True,medium,none,True,medium,none,False,low,occlusion,False,low,occlusion,False,low,occlusion,False,low,occlusion,True,medium,none,True,medium,none,True,medium,none,True,medium,none,True,medium,none,True,medium,none,True,medium,none,False,low,occlusion,False,low,occlusion,False,low,occlusion,False,low,occlusion,True,medium,none,False,low,occlusion,False,low,occlusion,False,low,occlusion,True,medium,none,True,medium,none,True,medium,none,True,medium,none,True,medium,none,True,medium,none
KVAL006,39,40,1,True,medium,none,True,medium,none,True,medium,none,True,medium,none,True,medium,none,True,medium,none,True,medium,none,True,medium,none,False,low,occlusion,False,low,occlusion,False,low,occlusion,True,medium,none,True,medium,none,True,medium,none,True,medium,none,True,medium,none,True,medium,none,True,medium,none,False,low,occlusion,False,low,occlusion,False,low,occlusion,False,low,occlusion,True,medium,none,True,medium,none,False,low,occlusion,False,low,occlusion,True,medium,none,True,medium,none,True,medium,none,True,medium,none,True,medium,none,True,medium,none
KVAL006,40,41,1,True,medium,none,True,medium,none,True,medium,none,True,medium,none,True,medium,none,True,medium,none,True,medium,none,True,medium,none,True,medium,none,False,low,bone_length_anomaly,False,low,bone_length_anomaly,True,medium,none,True,medium,none,True,medium,none,True,medium,none,True,medium,none,True,medium,none,True,medium,none,True,medium,none,False,low,occlusion,False,low,occlusion,False,low,occlusion,True,medium,none,True,medium,none,False,low,occlusion,False,low,occlusion,True,medium,none,True,medium,none,True,medium,none,True,medium,none,True,medium,none,True,medium,none
KVAL006,41,42,1,True,medium,none,True,medium,none,True,medium,none,True,medium,none,True,medium,none,True,medium,none,True,medium,none,False,low,occlusion,False,low,occlusion,False,low,occlusion,False,low,occlusion,True,medium,none,True,medium,none,True,medium,none,True,medium,none,True,medium,none,True,medium,none,True,medium,none,True,medium,none,False,low,occlusion,False,low,occlusion,False,low,occlusion,True,medium,none,True,medium,none,False,low,occlusion,False,low,occlusion,True,medium,none,True,medium,none,True,medium,none,True,medium,none,True,medium,none,True,medium,none
KVAL006,42,43,1,True,medium,none,True,medium,none,True,medium,none,True,medium,none,False,low,occlusion,False,low,occlusion,False,low,occlusion,False,low,occlusion,False,low,occlusion,False,low,occlusion,False,low,occlusion,False,low,occlusion,False,low,occlusion,False,low,occlusion,False,low,occlusion,False,low,occlusion,False,low,occlusion,False,low,occlusion,True,medium,none,False,low,occlusion,False,low,occlusion,False,low,occlusion,True,medium,none,True,medium,none,False,low,occlusion,False,low,occlusion,True,medium,none,True,medium,none,True,medium,none,True,medium,none,True,medium,none,True,medium,none
KVAL006,43,44,1,True,medium,none,True,medium,none,True,medium,none,True,medium,none,True,medium,none,True,medium,none,True,medium,none,True,medium,none,True,medium,none,False,low,bone_length_anomaly,False,low,bone_length_anomaly,True,medium,none,True,medium,none,True,medium,none,False,low,occlusion,False,low,occlusion,False,low,occlusion,False,low,occlusion,True,medium,none,True,medium,none,False,low,occlusion,False,low,occlusion,True,medium,none,False,low,occlusion,False,low,occlusion,False,low,occlusion,True,medium,none,True,medium,none,True,medium,none,True,medium,none,True,medium,none,True,medium,none
KVAL006,44,45,1,True,medium,none,True,medium,none,True,medium,none,True,medium,none,True,medium,none,True,medium,none,True,medium,none,True,medium,none,True,medium,none,False,low,bone_length_anomaly,False,low,bone_length_anomaly,True,medium,none,True,medium,none,True,medium,none,True,medium,none,False,low,occlusion,False,low,occlusion,False,low,occlusion,True,medium,none,True,medium,none,False,low,occlusion,False,low,occlusion,True,medium,none,False,low,occlusion,False,low,occlusion,False,low,occlusion,True,medium,none,False,low,occlusion,False,low,occlusion,False,low,occlusion,False,low,occlusion,False,low,occlusion
KVAL006,45,46,1,True,medium,none,True,medium,none,True,medium,none,True,medium,none,True,medium,none,True,medium,none,True,medium,none,False,low,occlusion,False,low,occlusion,False,low,occlusion,False,low,occlusion,True,medium,none,True,medium,none,True,medium,none,True,medium,none,False,low,occlusion,False,low,occlusion,False,low,occlusion,True,medium,none,True,medium,none,False,low,occlusion,False,low,occlusion,True,medium,none,False,low,occlusion,False,low,occlusion,False,low,occlusion,False,low,occlusion,False,low,occlusion,False,low,occlusion,False,low,occlusion,False,low,occlusion,False,low,occlusion
KVAL006,46,47,-1,False,unusable,tracking_failure,False,unusable,tracking_failure,False,unusable,tracking_failure,False,unusable,tracking_failure,False,unusable,tracking_failure,False,unusable,tracking_failure,False,unusable,tracking_failure,False,unusable,tracking_failure,False,unusable,tracking_failure,False,unusable,tracking_failure,False,unusable,tracking_failure,False,unusable,tracking_failure,False,unusable,tracking_failure,False,unusable,tracking_failure,False,unusable,tracking_failure,False,unusable,tracking_failure,False,unusable,tracking_failure,False,unusable,tracking_failure,False,unusable,tracking_failure,False,unusable,tracking_failure,False,unusable,tracking_failure,False,unusable,tracking_failure,False,unusable,tracking_failure,False,unusable,tracking_failure,False,unusable,tracking_failure,False,unusable,tracking_failure,False,unusable,tracking_failure,False,unusable,tracking_failure,False,unusable,tracking_failure,False,unusable,tracking_failure,False,unusable,tracking_failure,False,unusable,tracking_failure
KVAL006,47,48,-1,False,unusable,tracking_failure,False,unusable,tracking_failure,False,unusable,tracking_failure,False,unusable,tracking_failure,False,unusable,tracking_failure,False,unusable,tracking_failure,False,unusable,tracking_failure,False,unusable,tracking_failure,False,unusable,tracking_failure,False,unusable,tracking_failure,False,unusable,tracking_failure,False,unusable,tracking_failure,False,unusable,tracking_failure,False,unusable,tracking_failure,False,unusable,tracking_failure,False,unusable,tracking_failure,False,unusable,tracking_failure,False,unusable,tracking_failure,False,unusable,tracking_failure,False,unusable,tracking_failure,False,unusable,tracking_failure,False,unusable,tracking_failure,False,unusable,tracking_failure,False,unusable,tracking_failure,False,unusable,tracking_failure,False,unusable,tracking_failure,False,unusable,tracking_failure,False,unusable,tracking_failure,False,unusable,tracking_failure,False,unusable,tracking_failure,False,unusable,tracking_failure,False,unusable,tracking_failure
KVAL006,48,49,-1,False,unusable,tracking_failure,False,unusable,tracking_failure,False,unusable,tracking_failure,False,unusable,tracking_failure,False,unusable,tracking_failure,False,unusable,tracking_failure,False,unusable,tracking_failure,False,unusable,tracking_failure,False,unusable,tracking_failure,False,unusable,tracking_failure,False,unusable,tracking_failure,False,unusable,tracking_failure,False,unusable,tracking_failure,False,unusable,tracking_failure,False,unusable,tracking_failure,False,unusable,tracking_failure,False,unusable,tracking_failure,False,unusable,tracking_failure,False,unusable,tracking_failure,False,unusable,tracking_failure,False,unusable,tracking_failure,False,unusable,tracking_failure,False,unusable,tracking_failure,False,unusable,tracking_failure,False,unusable,tracking_failure,False,unusable,tracking_failure,False,unusable,tracking_failure,False,unusable,tracking_failure,False,unusable,tracking_failure,False,unusable,tracking_failure,False,unusable,tracking_failure,False,unusable,tracking_failure
KVAL006,49,50,-1,False,unusable,tracking_failure,False,unusable,tracking_failure,False,unusable,tracking_failure,False,unusable,tracking_failure,False,unusable,tracking_failure,False,unusable,tracking_failure,False,unusable,tracking_failure,False,unusable,tracking_failure,False,unusable,tracking_failure,False,unusable,tracking_failure,False,unusable,tracking_failure,False,unusable,tracking_failure,False,unusable,tracking_failure,False,unusable,tracking_failure,False,unusable,tracking_failure,False,unusable,tracking_failure,False,unusable,tracking_failure,False,unusable,tracking_failure,False,unusable,tracking_failure,False,unusable,tracking_failure,False,unusable,tracking_failure,False,unusable,tracking_failure,False,unusable,tracking_failure,False,unusable,tracking_failure,False,unusable,tracking_failure,False,unusable,tracking_failure,False,unusable,tracking_failure,False,unusable,tracking_failure,False,unusable,tracking_failure,False,unusable,tracking_failure,False,unusable,tracking_failure,False,unusable,tracking_failure
KVAL006,50,51,-1,False,unusable,tracking_failure,False,unusable,tracking_failure,False,unusable,tracking_failure,False,unusable,tracking_failure,False,unusable,tracking_failure,False,unusable,tracking_failure,False,unusable,tracking_failure,False,unusable,tracking_failure,False,unusable,tracking_failure,False,unusable,tracking_failure,False,unusable,tracking_failure,False,unusable,tracking_failure,False,unusable,tracking_failure,False,unusable,tracking_failure,False,unusable,tracking_failure,False,unusable,tracking_failure,False,unusable,tracking_failure,False,unusable,tracking_failure,False,unusable,tracking_failure,False,unusable,tracking_failure,False,unusable,tracking_failure,False,unusable,tracking_failure,False,unusable,tracking_failure,False,unusable,tracking_failure,False,unusable,tracking_failure,False,unusable,tracking_failure,False,unusable,tracking_failure,False,unusable,tracking_failure,False,unusable,tracking_failure,False,unusable,tracking_failure,False,unusable,tracking_failure,False,unusable,tracking_failure
KVAL006,51,52,-1,False,unusable,tracking_failure,False,unusable,tracking_failure,False,unusable,tracking_failure,False,unusable,tracking_failure,False,unusable,tracking_failure,False,unusable,tracking_failure,False,unusable,tracking_failure,False,unusable,tracking_failure,False,unusable,tracking_failure,False,unusable,tracking_failure,False,unusable,tracking_failure,False,unusable,tracking_failure,False,unusable,tracking_failure,False,unusable,tracking_failure,False,unusable,tracking_failure,False,unusable,tracking_failure,False,unusable,tracking_failure,False,unusable,tracking_failure,False,unusable,tracking_failure,False,unusable,tracking_failure,False,unusable,tracking_failure,False,unusable,tracking_failure,False,unusable,tracking_failure,False,unusable,tracking_failure,False,unusable,tracking_failure,False,unusable,tracking_failure,False,unusable,tracking_failure,False,unusable,tracking_failure,False,unusable,tracking_failure,False,unusable,tracking_failure,False,unusable,tracking_failure,False,unusable,tracking_failure
KVAL006,52,53,-1,False,unusable,tracking_failure,False,unusable,tracking_failure,False,unusable,tracking_failure,False,unusable,tracking_failure,False,unusable,tracking_failure,False,unusable,tracking_failure,False,unusable,tracking_failure,False,unusable,tracking_failure,False,unusable,tracking_failure,False,unusable,tracking_failure,False,unusable,tracking_failure,False,unusable,tracking_failure,False,unusable,tracking_failure,False,unusable,tracking_failure,False,unusable,tracking_failure,False,unusable,tracking_failure,False,unusable,tracking_failure,False,unusable,tracking_failure,False,unusable,tracking_failure,False,unusable,tracking_failure,False,unusable,tracking_failure,False,unusable,tracking_failure,False,unusable,tracking_failure,False,unusable,tracking_failure,False,unusable,tracking_failure,False,unusable,tracking_failure,False,unusable,tracking_failure,False,unusable,tracking_failure,False,unusable,tracking_failure,False,unusable,tracking_failure,False,unusable,tracking_failure,False,unusable,tracking_failure
KVAL006,53,54,1,True,medium,none,True,medium,none,True,medium,none,True,medium,none,True,medium,none,True,medium,none,False,low,occlusion,False,low,occlusion,False,low,occlusion,False,low,occlusion,False,low,occlusion,True,medium,none,True,medium,none,True,medium,none,True,medium,none,True,medium,none,True,medium,none,True,medium,none,True,medium,none,False,low,occlusion,False,low,occlusion,False,low,occlusion,True,medium,none,False,low,occlusion,False,low,occlusion,False,low,occlusion,True,medium,none,True,medium,none,True,medium,none,True,medium,none,False,low,occlusion,False,low,occlusion
KVAL006,54,55,1,True,medium,none,True,medium,none,True,medium,none,True,medium,none,True,medium,none,True,medium,none,True,medium,none,False,low,occlusion,False,low,occlusion,False,low,occlusion,False,low,occlusion,True,medium,none,True,medium,none,True,medium,none,True,medium,none,True,medium,none,True,medium,none,True,medium,none,True,medium,none,False,low,occlusion,False,low,occlusion,False,low,occlusion,True,medium,none,True,medium,none,False,low,occlusion,False,low,occlusion,True,medium,none,True,medium,none,True,medium,none,True,medium,none,True,medium,none,True,medium,none
KVAL006,55,56,1,True,medium,none,True,medium,none,True,medium,none,True,medium,none,True,medium,none,True,medium,none,True,medium,none,False,low,occlusion,False,low,occlusion,False,low,occlusion,False,low,occlusion,True,medium,none,True,medium,none,True,medium,none,True,medium,none,True,medium,none,True,medium,none,True,medium,none,True,medium,none,False,low,occlusion,False,low,occlusion,False,low,occlusion,True,medium,none,False,low,occlusion,False,low,occlusion,False,low,occlusion,True,medium,none,True,medium,none,True,medium,none,True,medium,none,True,medium,none,True,medium,none
KVAL006,56,57,1,True,medium,none,True,medium,none,True,medium,none,True,medium,none,True,medium,none,True,medium,none,True,medium,none,False,low,occlusion,False,low,occlusion,False,low,occlusion,False,low,occlusion,True,medium,none,True,medium,none,True,medium,none,True,medium,none,True,medium,none,True,medium,none,True,medium,none,True,medium,none,False,low,occlusion,False,low,occlusion,False,low,occlusion,True,medium,none,False,low,occlusion,False,low,occlusion,False,low,occlusion,True,medium,none,True,medium,none,True,medium,none,True,medium,none,True,medium,none,True,medium,none
KVAL006,57,58,1,True,medium,none,True,medium,none,True,medium,none,True,medium,none,True,medium,none,True,medium,none,True,medium,none,False,low,occlusion,False,low,occlusion,False,low,occlusion,False,low,occlusion,True,medium,none,True,medium,none,True,medium,none,True,medium,none,True,medium,none,True,medium,none,True,medium,none,True,medium,none,False,low,occlusion,False,low,occlusion,False,low,occlusion,True,medium,none,False,low,occlusion,False,low,occlusion,False,low,occlusion,True,medium,none,True,medium,none,False,low,occlusion,False,low,occlusion,True,medium,none,True,medium,none
KVAL006,58,59,1,True,medium,none,True,medium,none,True,medium,none,True,medium,none,True,medium,none,True,medium,none,True,medium,none,False,low,occlusion,False,low,occlusion,False,low,occlusion,False,low,occlusion,True,medium,none,True,medium,none,True,medium,none,True,medium,none,True,medium,none,True,medium,none,True,medium,none,True,medium,none,False,low,occlusion,False,low,occlusion,False,low,occlusion,True,medium,none,False,low,occlusion,False,low,occlusion,False,low,occlusion,True,medium,none,True,medium,none,False,low,occlusion,False,low,occlusion,True,medium,none,True,medium,none
KVAL006,59,60,1,True,medium,none,True,medium,none,True,medium,none,True,medium,none,True,medium,none,True,medium,none,True,medium,none,False,low,occlusion,False,low,occlusion,False,low,occlusion,False,low,occlusion,True,medium,none,True,medium,none,True,medium,none,True,medium,none,True,medium,none,True,medium,none,True,medium,none,True,medium,none,False,low,occlusion,False,low,occlusion,False,low,occlusion,True,medium,none,False,low,occlusion,False,low,occlusion,False,low,occlusion,True,medium,none,True,medium,none,False,low,occlusion,False,low,occlusion,True,medium,none,True,medium,none
KVAL006,60,61,1,True,medium,none,True,medium,none,True,medium,none,True,medium,none,True,medium,none,True,medium,none,True,medium,none,False,low,occlusion,False,low,occlusion,False,low,occlusion,False,low,occlusion,True,medium,none,True,medium,none,True,medium,none,True,medium,none,True,medium,none,True,medium,none,True,medium,none,True,medium,none,False,low,occlusion,False,low,occlusion,False,low,occlusion,True,medium,none,False,low,occlusion,False,low,occlusion,False,low,occlusion,True,medium,none,True,medium,none,True,medium,none,False,low,occlusion,True,medium,none,True,medium,none
KVAL006,61,62,1,True,medium,none,True,medium,none,True,medium,none,True,medium,none,True,medium,none,True,medium,none,False,low,occlusion,False,low,occlusion,False,low,occlusion,False,low,occlusion,False,low,occlusion,True,medium,none,True,medium,none,True,medium,none,True,medium,none,True,medium,none,True,medium,none,True,medium,none,True,medium,none,False,low,occlusion,False,low,occlusion,False,low,occlusion,True,medium,none,True,medium,none,False,low,occlusion,False,low,occlusion,True,medium,none,True,medium,none,True,medium,none,False,low,occlusion,True,medium,none,True,medium,none
KVAL006,62,63,1,True,medium,none,True,medium,none,True,medium,none,True,medium,none,True,medium,none,True,medium,none,True,medium,none,False,low,occlusion,False,low,occlusion,False,low,occlusion,False,low,occlusion,True,medium,none,True,medium,none,True,medium,none,True,medium,none,True,medium,none,True,medium,none,True,medium,none,True,medium,none,False,low,occlusion,False,low,occlusion,False,low,occlusion,True,medium,none,True,medium,none,False,low,occlusion,False,low,occlusion,True,medium,none,True,medium,none,True,medium,none,False,low,occlusion,True,medium,none,True,medium,none
KVAL006,63,64,1,True,medium,none,True,medium,none,True,medium,none,True,medium,none,True,medium,none,True,medium,none,True,medium,none,False,low,occlusion,False,low,occlusion,False,low,occlusion,False,low,occlusion,True,medium,none,True,medium,none,True,medium,none,True,medium,none,True,medium,none,True,medium,none,True,medium,none,True,medium,none,False,low,occlusion,False,low,occlusion,False,low,occlusion,True,medium,none,True,medium,none,False,low,occlusion,False,low,occlusion,True,medium,none,True,medium,none,True,medium,none,True,medium,none,True,medium,none,True,medium,none
KVAL006,64,65,1,True,medium,none,True,medium,none,True,medium,none,True,medium,none,True,medium,none,True,medium,none,True,medium,none,False,low,occlusion,False,low,occlusion,False,low,occlusion,False,low,occlusion,True,medium,none,True,medium,none,True,medium,none,True,medium,none,True,medium,none,True,medium,none,True,medium,none,True,medium,none,False,low,occlusion,False,low,occlusion,False,low,occlusion,True,medium,none,True,medium,none,False,low,occlusion,False,low,occlusion,True,medium,none,True,medium,none,True,medium,none,True,medium,none,True,medium,none,True,medium,none
KVAL006,65,66,1,True,medium,none,True,medium,none,True,medium,none,True,medium,none,True,medium,none,True,medium,none,False,low,occlusion,False,low,occlusion,False,low,occlusion,False,low,occlusion,False,low,occlusion,True,medium,none,True,medium,none,True,medium,none,True,medium,none,True,medium,none,True,medium,none,True,medium,none,True,medium,none,False,low,occlusion,False,low,occlusion,False,low,occlusion,True,medium,none,True,medium,none,False,low,occlusion,False,low,occlusion,True,medium,none,True,medium,none,True,medium,none,True,medium,none,True,medium,none,True,medium,none
KVAL006,66,67,1,True,medium,none,True,medium,none,True,medium,none,True,medium,none,True,medium,none,True,medium,none,False,low,occlusion,False,low,occlusion,False,low,occlusion,False,low,occlusion,False,low,occlusion,True,medium,none,True,medium,none,True,medium,none,True,medium,none,True,medium,none,True,medium,none,True,medium,none,True,medium,none,False,low,occlusion,False,low,occlusion,False,low,occlusion,True,medium,none,True,medium,none,False,low,occlusion,False,low,occlusion,True,medium,none,True,medium,none,True,medium,none,True,medium,none,True,medium,none,True,medium,none
KVAL006,67,68,1,True,medium,none,True,medium,none,True,medium,none,True,medium,none,True,medium,none,True,medium,none,True,medium,none,False,low,occlusion,False,low,occlusion,False,low,occlusion,False,low,occlusion,True,medium,none,True,medium,none,True,medium,none,True,medium,none,True,medium,none,True,medium,none,True,medium,none,True,medium,none,False,low,occlusion,False,low,occlusion,False,low,occlusion,True,medium,none,True,medium,none,False,low,occlusion,False,low,occlusion,True,medium,none,True,medium,none,True,medium,none,True,medium,none,True,medium,none,True,medium,none
KVAL006,68,69,1,True,medium,none,True,medium,none,True,medium,none,True,medium,none,True,medium,none,True,medium,none,True,medium,none,False,low,occlusion,False,low,occlusion,False,low,occlusion,False,low,occlusion,True,medium,none,True,medium,none,True,medium,none,True,medium,none,True,medium,none,True,medium,none,True,medium,none,True,medium,none,False,low,occlusion,False,low,occlusion,False,low,occlusion,True,medium,none,True,medium,none,False,low,occlusion,False,low,occlusion,True,medium,none,True,medium,none,True,medium,none,True,medium,none,True,medium,none,True,medium,none
KVAL006,69,70,1,True,medium,none,True,medium,none,True,medium,none,True,medium,none,True,medium,none,True,medium,none,True,medium,none,False,low,occlusion,False,low,occlusion,False,low,occlusion,False,low,occlusion,True,medium,none,True,medium,none,True,medium,none,True,medium,none,True,medium,none,True,medium,none,True,medium,none,True,medium,none,False,low,occlusion,False,low,occlusion,False,low,occlusion,True,medium,none,False,low,occlusion,False,low,occlusion,False,low,occlusion,True,medium,none,True,medium,none,True,medium,none,True,medium,none,True,medium,none,True,medium,none
KVAL006,70,71,1,True,medium,none,True,medium,none,True,medium,none,True,medium,none,True,medium,none,True,medium,none,True,medium,none,False,low,occlusion,False,low,occlusion,False,low,occlusion,False,low,occlusion,True,medium,none,True,medium,none,True,medium,none,True,medium,none,True,medium,none,True,medium,none,True,medium,none,True,medium,none,False,low,occlusion,False,low,occlusion,False,low,occlusion,True,medium,none,True,medium,none,False,low,occlusion,False,low,occlusion,True,medium,none,True,medium,none,True,medium,none,True,medium,none,True,medium,none,True,medium,none
KVAL006,71,72,1,True,medium,none,True,medium,none,True,medium,none,True,medium,none,True,medium,none,True,medium,none,True,medium,none,False,low,occlusion,False,low,occlusion,False,low,occlusion,False,low,occlusion,True,medium,none,True,medium,none,True,medium,none,True,medium,none,True,medium,none,True,medium,none,True,medium,none,True,medium,none,False,low,occlusion,False,low,occlusion,False,low,occlusion,True,medium,none,False,low,occlusion,False,low,occlusion,False,low,occlusion,True,medium,none,True,medium,none,True,medium,none,True,medium,none,True,medium,none,True,medium,none
KVAL006,72,73,1,True,medium,none,True,medium,none,True,medium,none,True,medium,none,True,medium,none,True,medium,none,True,medium,none,False,low,occlusion,False,low,occlusion,False,low,occlusion,False,low,occlusion,True,medium,none,True,medium,none,True,medium,none,True,medium,none,True,medium,none,True,medium,none,True,medium,none,True,medium,none,False,low,occlusion,False,low,occlusion,False,low,occlusion,True,medium,none,False,low,occlusion,False,low,occlusion,False,low,occlusion,True,medium,none,True,medium,none,True,medium,none,True,medium,none,True,medium,none,True,medium,none
KVAL006,73,74,1,True,medium,none,True,medium,none,True,medium,none,True,medium,none,True,medium,none,True,medium,none,True,medium,none,False,low,occlusion,False,low,occlusion,False,low,occlusion,False,low,occlusion,True,medium,none,True,medium,none,True,medium,none,True,medium,none,True,medium,none,True,medium,none,True,medium,none,True,medium,none,False,low,occlusion,False,low,occlusion,False,low,occlusion,True,medium,none,True,medium,none,False,low,occlusion,False,low,occlusion,True,medium,none,True,medium,none,True,medium,none,True,medium,none,True,medium,none,True,medium,none
KVAL006,74,75,1,True,medium,none,True,medium,none,True,medium,none,True,medium,none,True,medium,none,True,medium,none,False,low,occlusion,False,low,occlusion,False,low,occlusion,False,low,occlusion,False,low,occlusion,True,medium,none,True,medium,none,True,medium,none,True,medium,none,True,medium,none,True,medium,none,True,medium,none,False,low,occlusion,False,low,occlusion,False,low,occlusion,False,low,occlusion,True,medium,none,True,medium,none,False,low,occlusion,False,low,occlusion,True,medium,none,True,medium,none,True,medium,none,True,medium,none,True,medium,none,True,medium,none
KVAL006,75,76,1,True,medium,none,True,medium,none,True,medium,none,True,medium,none,True,medium,none,True,medium,none,False,low,occlusion,False,low,occlusion,False,low,occlusion,False,low,occlusion,False,low,occlusion,True,medium,none,True,medium,none,True,medium,none,True,medium,none,True,medium,none,True,medium,none,True,medium,none,False,low,occlusion,False,low,occlusion,False,low,occlusion,False,low,occlusion,True,medium,none,True,medium,none,False,low,occlusion,False,low,occlusion,True,medium,none,True,medium,none,True,medium,none,True,medium,none,True,medium,none,True,medium,none
KVAL006,76,77,1,True,medium,none,True,medium,none,True,medium,none,True,medium,none,True,medium,none,True,medium,none,False,low,occlusion,False,low,occlusion,False,low,occlusion,False,low,occlusion,False,low,occlusion,True,medium,none,True,medium,none,True,medium,none,True,medium,none,True,medium,none,True,medium,none,True,medium,none,False,low,occlusion,False,low,occlusion,False,low,occlusion,False,low,occlusion,True,medium,none,True,medium,none,False,low,occlusion,False,low,occlusion,True,medium,none,True,medium,none,True,medium,none,True,medium,none,True,medium,none,True,medium,none
KVAL006,77,78,1,True,medium,none,True,medium,none,True,medium,none,True,medium,none,True,medium,none,True,medium,none,False,low,occlusion,False,low,occlusion,False,low,occlusion,False,low,occlusion,False,low,occlusion,True,medium,none,True,medium,none,True,medium,none,True,medium,none,True,medium,none,True,medium,none,True,medium,none,False,low,occlusion,False,low,occlusion,False,low,occlusion,False,low,occlusion,True,medium,none,True,medium,none,False,low,occlusion,False,low,occlusion,True,medium,none,True,medium,none,True,medium,none,True,medium,none,True,medium,none,True,medium,none
KVAL006,78,79,1,True,medium,none,True,medium,none,True,medium,none,True,medium,none,True,medium,none,True,medium,none,False,low,occlusion,False,low,occlusion,False,low,occlusion,False,low,occlusion,False,low,occlusion,True,medium,none,True,medium,none,True,medium,none,True,medium,none,True,medium,none,True,medium,none,True,medium,none,False,low,occlusion,False,low,occlusion,False,low,occlusion,False,low,occlusion,True,medium,none,True,medium,none,False,low,occlusion,False,low,occlusion,True,medium,none,True,medium,none,True,medium,none,True,medium,none,True,medium,none,True,medium,none
KVAL006,79,80,1,True,medium,none,True,medium,none,True,medium,none,True,medium,none,True,medium,none,True,medium,none,False,low,occlusion,False,low,occlusion,False,low,occlusion,False,low,occlusion,False,low,occlusion,True,medium,none,True,medium,none,True,medium,none,True,medium,none,True,medium,none,True,medium,none,True,medium,none,True,medium,none,False,low,occlusion,False,low,occlusion,False,low,occlusion,True,medium,none,True,medium,none,False,low,occlusion,False,low,occlusion,True,medium,none,True,medium,none,True,medium,none,True,medium,none,True,medium,none,True,medium,none
KVAL006,80,81,1,True,medium,none,True,medium,none,True,medium,none,True,medium,none,True,medium,none,True,medium,none,False,low,occlusion,False,low,occlusion,False,low,occlusion,False,low,occlusion,False,low,occlusion,True,medium,none,True,medium,none,True,medium,none,True,medium,none,True,medium,none,True,medium,none,True,medium,none,True,medium,none,False,low,occlusion,False,low,occlusion,False,low,occlusion,True,medium,none,True,medium,none,True,medium,none,False,low,occlusion,True,medium,none,True,medium,none,True,medium,none,True,medium,none,True,medium,none,True,medium,none
KVAL006,81,82,1,True,medium,none,True,medium,none,True,medium,none,True,medium,none,True,medium,none,True,medium,none,False,low,occlusion,False,low,occlusion,False,low,occlusion,False,low,occlusion,False,low,occlusion,True,medium,none,True,medium,none,True,medium,none,True,medium,none,True,medium,none,True,medium,none,True,medium,none,True,medium,none,False,low,occlusion,False,low,occlusion,False,low,occlusion,True,medium,none,True,medium,none,True,medium,none,False,low,occlusion,True,medium,none,True,medium,none,True,medium,none,True,medium,none,True,medium,none,True,medium,none
KVAL006,82,83,1,True,medium,none,True,medium,none,True,medium,none,True,medium,none,True,medium,none,True,medium,none,False,low,occlusion,False,low,occlusion,False,low,occlusion,False,low,occlusion,False,low,occlusion,True,medium,none,True,medium,none,True,medium,none,True,medium,none,True,medium,none,True,medium,none,True,medium,none,True,medium,none,False,low,occlusion,False,low,occlusion,False,low,occlusion,True,medium,none,True,medium,none,True,medium,none,False,low,occlusion,True,medium,none,True,medium,none,True,medium,none,True,medium,none,True,medium,none,True,medium,none
KVAL006,83,84,1,True,medium,none,True,medium,none,True,medium,none,True,medium,none,True,medium,none,True,medium,none,False,low,occlusion,False,low,occlusion,False,low,occlusion,False,low,occlusion,False,low,occlusion,True,medium,none,True,medium,none,True,medium,none,True,medium,none,True,medium,none,True,medium,none,True,medium,none,True,medium,none,False,low,occlusion,False,low,occlusion,False,low,occlusion,True,medium,none,True,medium,none,True,medium,none,False,low,occlusion,True,medium,none,True,medium,none,True,medium,none,True,medium,none,True,medium,none,True,medium,none
KVAL006,84,85,1,True,medium,none,True,medium,none,True,medium,none,True,medium,none,True,medium,none,True,medium,none,False,low,occlusion,False,low,occlusion,False,low,occlusion,False,low,occlusion,False,low,occlusion,True,medium,none,True,medium,none,True,medium,none,True,medium,none,True,medium,none,True,medium,none,True,medium,none,True,medium,none,False,low,occlusion,False,low,occlusion,False,low,occlusion,True,medium,none,True,medium,none,True,medium,none,False,low,occlusion,True,medium,none,True,medium,none,True,medium,none,True,medium,none,True,medium,none,True,medium,none
KVAL006,85,86,1,True,medium,none,True,medium,none,True,medium,none,True,medium,none,True,medium,none,True,medium,none,False,low,occlusion,False,low,occlusion,False,low,occlusion,False,low,occlusion,False,low,occlusion,True,medium,none,True,medium,none,True,medium,none,True,medium,none,True,medium,none,True,medium,none,True,medium,none,False,low,occlusion,False,low,occlusion,False,low,occlusion,False,low,occlusion,True,medium,none,True,medium,none,False,low,occlusion,False,low,occlusion,True,medium,none,True,medium,none,True,medium,none,True,medium,none,True,medium,none,True,medium,none
KVAL006,86,87,1,True,medium,none,True,medium,none,True,medium,none,True,medium,none,True,medium,none,True,medium,none,False,low,occlusion,False,low,occlusion,False,low,occlusion,False,low,occlusion,False,low,occlusion,True,medium,none,True,medium,none,True,medium,none,True,medium,none,True,medium,none,True,medium,none,True,medium,none,True,medium,none,False,low,occlusion,False,low,occlusion,False,low,occlusion,True,medium,none,True,medium,none,True,medium,none,True,medium,none,True,medium,none,True,medium,none,True,medium,none,True,medium,none,True,medium,none,True,medium,none
KVAL006,87,88,1,True,medium,none,True,medium,none,True,medium,none,True,medium,none,True,medium,none,True,medium,none,False,low,occlusion,False,low,occlusion,False,low,occlusion,False,low,occlusion,False,low,occlusion,True,medium,none,True,medium,none,True,medium,none,True,medium,none,True,medium,none,True,medium,none,True,medium,none,False,low,occlusion,False,low,occlusion,False,low,occlusion,False,low,occlusion,True,medium,none,True,medium,none,False,low,occlusion,False,low,occlusion,True,medium,none,True,medium,none,True,medium,none,True,medium,none,True,medium,none,True,medium,none
KVAL006,88,89,1,True,medium,none,True,medium,none,True,medium,none,True,medium,none,True,medium,none,True,medium,none,False,low,occlusion,False,low,occlusion,False,low,occlusion,False,low,occlusion,False,low,occlusion,True,medium,none,True,medium,none,True,medium,none,True,medium,none,True,medium,none,True,medium,none,True,medium,none,True,medium,none,False,low,occlusion,False,low,occlusion,False,low,occlusion,True,medium,none,True,medium,none,False,low,occlusion,False,low,occlusion,True,medium,none,True,medium,none,True,medium,none,True,medium,none,True,medium,none,True,medium,none
KVAL006,89,90,1,True,medium,none,True,medium,none,True,medium,none,True,medium,none,True,medium,none,True,medium,none,False,low,occlusion,False,low,occlusion,False,low,occlusion,False,low,occlusion,False,low,occlusion,True,medium,none,True,medium,none,True,medium,none,True,medium,none,True,medium,none,True,medium,none,True,medium,none,False,low,occlusion,False,low,occlusion,False,low,occlusion,False,low,occlusion,True,medium,none,True,medium,none,True,medium,none,False,low,occlusion,True,medium,none,True,medium,none,True,medium,none,True,medium,none,True,medium,none,True,medium,none
KVAL006,90,91,1,True,medium,none,True,medium,none,True,medium,none,True,medium,none,True,medium,none,True,medium,none,False,low,occlusion,False,low,occlusion,False,low,occlusion,False,low,occlusion,False,low,occlusion,True,medium,none,True,medium,none,True,medium,none,True,medium,none,True,medium,none,True,medium,none,True,medium,none,True,medium,none,False,low,occlusion,False,low,occlusion,False,low,occlusion,True,medium,none,True,medium,none,False,low,occlusion,False,low,occlusion,True,medium,none,True,medium,none,True,medium,none,True,medium,none,True,medium,none,True,medium,none
KVAL006,91,92,1,True,medium,none,True,medium,none,True,medium,none,True,medium,none,True,medium,none,True,medium,none,False,low,occlusion,False,low,occlusion,False,low,occlusion,False,low,occlusion,False,low,occlusion,True,medium,none,True,medium,none,True,medium,none,True,medium,none,True,medium,none,True,medium,none,True,medium,none,True,medium,none,False,low,occlusion,False,low,occlusion,False,low,occlusion,True,medium,none,True,medium,none,False,low,occlusion,False,low,occlusion,True,medium,none,True,medium,none,True,medium,none,True,medium,none,True,medium,none,True,medium,none
KVAL006,92,93,1,True,medium,none,True,medium,none,True,medium,none,True,medium,none,True,medium,none,True,medium,none,False,low,occlusion,False,low,occlusion,False,low,occlusion,False,low,occlusion,False,low,occlusion,True,medium,none,True,medium,none,True,medium,none,True,medium,none,True,medium,none,True,medium,none,True,medium,none,True,medium,none,False,low,occlusion,False,low,occlusion,False,low,occlusion,True,medium,none,True,medium,none,True,medium,none,False,low,occlusion,True,medium,none,True,medium,none,True,medium,none,True,medium,none,True,medium,none,True,medium,none
KVAL006,93,94,1,True,medium,none,True,medium,none,True,medium,none,True,medium,none,True,medium,none,True,medium,none,True,medium,none,False,low,occlusion,False,low,occlusion,False,low,occlusion,False,low,occlusion,True,medium,none,True,medium,none,True,medium,none,True,medium,none,True,medium,none,True,medium,none,True,medium,none,True,medium,none,False,low,occlusion,False,low,occlusion,False,low,occlusion,True,medium,none,True,medium,none,True,medium,none,False,low,occlusion,True,medium,none,True,medium,none,True,medium,none,True,medium,none,True,medium,none,True,medium,none
KVAL006,94,95,1,True,medium,none,True,medium,none,True,medium,none,True,medium,none,True,medium,none,True,medium,none,True,medium,none,False,low,occlusion,False,low,occlusion,False,low,occlusion,False,low,occlusion,True,medium,none,True,medium,none,True,medium,none,True,medium,none,True,medium,none,True,medium,none,True,medium,none,True,medium,none,False,low,occlusion,False,low,occlusion,False,low,occlusion,True,medium,none,True,medium,none,False,low,occlusion,False,low,occlusion,True,medium,none,True,medium,none,True,medium,none,True,medium,none,True,medium,none,True,medium,none
KVAL006,95,96,1,True,medium,none,True,medium,none,True,medium,none,True,medium,none,True,medium,none,True,medium,none,True,medium,none,False,low,occlusion,False,low,occlusion,False,low,occlusion,False,low,occlusion,True,medium,none,True,medium,none,True,medium,none,True,medium,none,True,medium,none,True,medium,none,True,medium,none,True,medium,none,False,low,occlusion,False,low,occlusion,False,low,occlusion,True,medium,none,True,medium,none,False,low,occlusion,False,low,occlusion,True,medium,none,True,medium,none,True,medium,none,True,medium,none,True,medium,none,True,medium,none
KVAL006,96,97,1,True,medium,none,True,medium,none,True,medium,none,True,medium,none,True,medium,none,True,medium,none,False,low,occlusion,False,low,occlusion,False,low,occlusion,False,low,occlusion,False,low,occlusion,True,medium,none,True,medium,none,True,medium,none,True,medium,none,True,medium,none,True,medium,none,True,medium,none,True,medium,none,False,low,occlusion,False,low,occlusion,False,low,occlusion,True,medium,none,True,medium,none,False,low,occlusion,False,low,occlusion,True,medium,none,True,medium,none,True,medium,none,True,medium,none,True,medium,none,True,medium,none
KVAL006,97,98,1,True,medium,none,True,medium,none,True,medium,none,True,medium,none,True,medium,none,True,medium,none,False,low,occlusion,False,low,occlusion,False,low,occlusion,False,low,occlusion,False,low,occlusion,True,medium,none,True,medium,none,True,medium,none,True,medium,none,True,medium,none,True,medium,none,True,medium,none,True,medium,none,False,low,occlusion,False,low,occlusion,False,low,occlusion,True,medium,none,True,medium,none,False,low,occlusion,False,low,occlusion,True,medium,none,True,medium,none,True,medium,none,True,medium,none,True,medium,none,True,medium,none
KVAL006,98,99,1,True,medium,none,True,medium,none,True,medium,none,True,medium,none,True,medium,none,True,medium,none,False,low,occlusion,False,low,occlusion,False,low,occlusion,False,low,occlusion,False,low,occlusion,True,medium,none,True,medium,none,True,medium,none,True,medium,none,True,medium,none,True,medium,none,True,medium,none,True,medium,none,False,low,occlusion,False,low,occlusion,False,low,occlusion,True,medium,none,True,medium,none,False,low,occlusion,False,low,occlusion,True,medium,none,True,medium,none,True,medium,none,True,medium,none,True,medium,none,True,medium,none
KVAL006,99,100,1,True,medium,none,True,medium,none,True,medium,none,True,medium,none,True,medium,none,True,medium,none,False,low,occlusion,False,low,occlusion,False,low,occlusion,False,low,occlusion,False,low,occlusion,True,medium,none,True,medium,none,True,medium,none,True,medium,none,True,medium,none,True,medium,none,True,medium,none,True,medium,none,False,low,occlusion,False,low,occlusion,False,low,occlusion,True,medium,none,True,medium,none,False,low,occlusion,False,low,occlusion,True,medium,none,True,medium,none,True,medium,none,True,medium,none,True,medium,none,True,medium,none
KVAL006,100,101,1,True,medium,none,True,medium,none,True,medium,none,True,medium,none,True,medium,none,True,medium,none,True,medium,none,False,low,occlusion,False,low,occlusion,False,low,occlusion,False,low,occlusion,True,medium,none,True,medium,none,True,medium,none,True,medium,none,True,medium,none,True,medium,none,True,medium,none,True,medium,none,False,low,occlusion,False,low,occlusion,False,low,occlusion,True,medium,none,True,medium,none,False,low,occlusion,False,low,occlusion,True,medium,none,True,medium,none,True,medium,none,True,medium,none,True,medium,none,True,medium,none
KVAL006,101,102,1,True,medium,none,True,medium,none,True,medium,none,True,medium,none,True,medium,none,True,medium,none,True,medium,none,False,low,occlusion,False,low,occlusion,False,low,occlusion,False,low,occlusion,True,medium,none,True,medium,none,True,medium,none,True,medium,none,True,medium,none,True,medium,none,True,medium,none,True,medium,none,False,low,occlusion,False,low,occlusion,False,low,occlusion,True,medium,none,False,low,occlusion,False,low,occlusion,False,low,occlusion,True,medium,none,True,medium,none,True,medium,none,True,medium,none,True,medium,none,True,medium,none
KVAL006,102,103,1,True,medium,none,True,medium,none,True,medium,none,True,medium,none,True,medium,none,True,medium,none,True,medium,none,False,low,occlusion,False,low,occlusion,False,low,occlusion,False,low,occlusion,True,medium,none,True,medium,none,True,medium,none,True,medium,none,True,medium,none,True,medium,none,True,medium,none,True,medium,none,False,low,occlusion,False,low,occlusion,False,low,occlusion,True,medium,none,False,low,occlusion,False,low,occlusion,False,low,occlusion,True,medium,none,True,medium,none,True,medium,none,True,medium,none,True,medium,none,True,medium,none
KVAL006,103,104,1,True,medium,none,True,medium,none,True,medium,none,True,medium,none,True,medium,none,True,medium,none,True,medium,none,False,low,occlusion,False,low,occlusion,False,low,occlusion,False,low,occlusion,True,medium,none,True,medium,none,True,medium,none,True,medium,none,True,medium,none,True,medium,none,True,medium,none,True,medium,none,False,low,occlusion,False,low,occlusion,False,low,occlusion,True,medium,none,False,low,occlusion,False,low,occlusion,False,low,occlusion,True,medium,none,True,medium,none,True,medium,none,True,medium,none,True,medium,none,True,medium,none
KVAL006,104,105,1,True,medium,none,True,medium,none,True,medium,none,True,medium,none,True,medium,none,True,medium,none,True,medium,none,False,low,occlusion,False,low,occlusion,False,low,occlusion,False,low,occlusion,True,medium,none,True,medium,none,True,medium,none,True,medium,none,True,medium,none,True,medium,none,True,medium,none,True,medium,none,False,low,occlusion,False,low,occlusion,False,low,occlusion,True,medium,none,False,low,occlusion,False,low,occlusion,False,low,occlusion,True,medium,none,True,medium,none,True,medium,none,True,medium,none,True,medium,none,True,medium,none
KVAL006,105,106,1,True,medium,none,True,medium,none,True,medium,none,True,medium,none,True,medium,none,True,medium,none,True,medium,none,False,low,occlusion,False,low,occlusion,False,low,occlusion,False,low,occlusion,True,medium,none,True,medium,none,True,medium,none,True,medium,none,True,medium,none,True,medium,none,True,medium,none,True,medium,none,False,low,occlusion,False,low,occlusion,False,low,occlusion,True,medium,none,True,medium,none,False,low,occlusion,False,low,occlusion,True,medium,none,True,medium,none,True,medium,none,True,medium,none,True,medium,none,True,medium,none
KVAL006,106,107,1,True,medium,none,True,medium,none,True,medium,none,True,medium,none,True,medium,none,True,medium,none,True,medium,none,False,low,occlusion,False,low,occlusion,False,low,occlusion,False,low,occlusion,True,medium,none,True,medium,none,True,medium,none,True,medium,none,True,medium,none,True,medium,none,True,medium,none,True,medium,none,False,low,occlusion,False,low,occlusion,False,low,occlusion,True,medium,none,True,medium,none,False,low,occlusion,False,low,occlusion,True,medium,none,True,medium,none,True,medium,none,True,medium,none,True,medium,none,True,medium,none
KVAL006,107,108,1,True,medium,none,True,medium,none,True,medium,none,True,medium,none,True,medium,none,True,medium,none,True,medium,none,False,low,occlusion,False,low,occlusion,False,low,occlusion,False,low,occlusion,True,medium,none,True,medium,none,True,medium,none,True,medium,none,True,medium,none,True,medium,none,True,medium,none,True,medium,none,False,low,occlusion,False,low,occlusion,False,low,occlusion,True,medium,none,True,medium,none,False,low,occlusion,False,low,occlusion,True,medium,none,True,medium,none,True,medium,none,True,medium,none,True,medium,none,True,medium,none
KVAL006,108,109,1,True,medium,none,True,medium,none,True,medium,none,True,medium,none,True,medium,none,True,medium,none,True,medium,none,False,low,occlusion,False,low,occlusion,False,low,occlusion,False,low,occlusion,True,medium,none,True,medium,none,True,medium,none,True,medium,none,True,medium,none,True,medium,none,True,medium,none,True,medium,none,False,low,occlusion,False,low,occlusion,False,low,occlusion,True,medium,none,False,low,occlusion,False,low,occlusion,False,low,occlusion,True,medium,none,True,medium,none,True,medium,none,True,medium,none,True,medium,none,True,medium,none
KVAL006,109,110,1,True,medium,none,True,medium,none,True,medium,none,True,medium,none,True,medium,none,True,medium,none,True,medium,none,False,low,occlusion,False,low,occlusion,False,low,occlusion,False,low,occlusion,True,medium,none,True,medium,none,True,medium,none,True,medium,none,True,medium,none,True,medium,none,True,medium,none,True,medium,none,False,low,occlusion,False,low,occlusion,False,low,occlusion,True,medium,none,False,low,occlusion,False,low,occlusion,False,low,occlusion,True,medium,none,True,medium,none,True,medium,none,True,medium,none,True,medium,none,True,medium,none
KVAL006,110,111,1,True,medium,none,True,medium,none,True,medium,none,True,medium,none,True,medium,none,True,medium,none,True,medium,none,False,low,occlusion,False,low,occlusion,False,low,occlusion,False,low,occlusion,True,medium,none,True,medium,none,True,medium,none,True,medium,none,True,medium,none,True,medium,none,True,medium,none,True,medium,none,False,low,occlusion,False,low,occlusion,False,low,occlusion,True,medium,none,False,low,occlusion,False,low,occlusion,False,low,occlusion,True,medium,none,True,medium,none,True,medium,none,True,medium,none,True,medium,none,True,medium,none
KVAL006,111,112,1,True,medium,none,True,medium,none,True,medium,none,True,medium,none,True,medium,none,True,medium,none,True,medium,none,False,low,occlusion,False,low,occlusion,False,low,occlusion,False,low,occlusion,True,medium,none,True,medium,none,True,medium,none,True,medium,none,True,medium,none,True,medium,none,True,medium,none,True,medium,none,False,low,occlusion,False,low,occlusion,False,low,occlusion,True,medium,none,False,low,occlusion,False,low,occlusion,False,low,occlusion,True,medium,none,True,medium,none,True,medium,none,True,medium,none,True,medium,none,True,medium,none
KVAL006,112,113,1,True,medium,none,True,medium,none,True,medium,none,True,medium,none,True,medium,none,True,medium,none,True,medium,none,False,low,occlusion,False,low,occlusion,False,low,occlusion,False,low,occlusion,True,medium,none,True,medium,none,True,medium,none,True,medium,none,True,medium,none,True,medium,none,True,medium,none,True,medium,none,False,low,occlusion,False,low,occlusion,False,low,occlusion,True,medium,none,False,low,occlusion,False,low,occlusion,False,low,occlusion,True,medium,none,True,medium,none,True,medium,none,True,medium,none,True,medium,none,True,medium,none
KVAL006,113,114,1,True,medium,none,True,medium,none,True,medium,none,True,medium,none,True,medium,none,True,medium,none,True,medium,none,False,low,occlusion,False,low,occlusion,False,low,occlusion,False,low,occlusion,True,medium,none,True,medium,none,True,medium,none,True,medium,none,True,medium,none,True,medium,none,True,medium,none,True,medium,none,False,low,occlusion,False,low,occlusion,False,low,occlusion,True,medium,none,False,low,occlusion,False,low,occlusion,False,low,occlusion,True,medium,none,True,medium,none,True,medium,none,False,low,occlusion,True,medium,none,True,medium,none
KVAL006,114,115,1,True,medium,none,True,medium,none,True,medium,none,True,medium,none,True,medium,none,True,medium,none,True,medium,none,False,low,occlusion,False,low,occlusion,False,low,occlusion,False,low,occlusion,True,medium,none,True,medium,none,True,medium,none,True,medium,none,True,medium,none,True,medium,none,True,medium,none,True,medium,none,False,low,occlusion,False,low,occlusion,False,low,occlusion,True,medium,none,False,low,occlusion,False,low,occlusion,False,low,occlusion,True,medium,none,True,medium,none,True,medium,none,False,low,occlusion,True,medium,none,True,medium,none
KVAL006,115,116,1,True,medium,none,True,medium,none,True,medium,none,True,medium,none,True,medium,none,True,medium,none,False,low,occlusion,False,low,occlusion,False,low,occlusion,False,low,occlusion,False,low,occlusion,True,medium,none,True,medium,none,True,medium,none,True,medium,none,True,medium,none,True,medium,none,True,medium,none,True,medium,none,False,low,occlusion,False,low,occlusion,False,low,occlusion,True,medium,none,False,low,occlusion,False,low,occlusion,False,low,occlusion,True,medium,none,True,medium,none,True,medium,none,False,low,occlusion,True,medium,none,True,medium,none
KVAL006,116,117,1,True,medium,none,True,medium,none,True,medium,none,True,medium,none,True,medium,none,True,medium,none,False,low,occlusion,False,low,occlusion,False,low,occlusion,False,low,occlusion,False,low,occlusion,True,medium,none,True,medium,none,True,medium,none,True,medium,none,True,medium,none,True,medium,none,True,medium,none,True,medium,none,False,low,occlusion,False,low,occlusion,False,low,occlusion,True,medium,none,False,low,occlusion,False,low,occlusion,False,low,occlusion,True,medium,none,True,medium,none,True,medium,none,True,medium,none,True,medium,none,True,medium,none
KVAL006,117,118,1,True,medium,none,True,medium,none,True,medium,none,True,medium,none,True,medium,none,True,medium,none,False,low,occlusion,False,low,occlusion,False,low,occlusion,False,low,occlusion,False,low,occlusion,True,medium,none,True,medium,none,True,medium,none,True,medium,none,True,medium,none,True,medium,none,True,medium,none,True,medium,none,False,low,occlusion,False,low,occlusion,False,low,occlusion,True,medium,none,False,low,occlusion,False,low,occlusion,False,low,occlusion,True,medium,none,True,medium,none,True,medium,none,True,medium,none,True,medium,none,True,medium,none
KVAL006,118,119,1,True,medium,none,True,medium,none,True,medium,none,True,medium,none,True,medium,none,True,medium,none,False,low,occlusion,False,low,occlusion,False,low,occlusion,False,low,occlusion,False,low,occlusion,True,medium,none,True,medium,none,True,medium,none,True,medium,none,True,medium,none,True,medium,none,True,medium,none,True,medium,none,False,low,occlusion,False,low,occlusion,False,low,occlusion,True,medium,none,False,low,occlusion,False,low,occlusion,False,low,occlusion,True,medium,none,True,medium,none,True,medium,none,True,medium,none,True,medium,none,True,medium,none
KVAL006,119,120,1,True,medium,none,True,medium,none,True,medium,none,True,medium,none,True,medium,none,True,medium,none,False,low,occlusion,False,low,occlusion,False,low,occlusion,False,low,occlusion,False,low,occlusion,True,medium,none,True,medium,none,True,medium,none,True,medium,none,True,medium,none,True,medium,none,True,medium,none,True,medium,none,False,low,occlusion,False,low,occlusion,False,low,occlusion,True,medium,none,False,low,occlusion,False,low,occlusion,False,low,occlusion,True,medium,none,True,medium,none,True,medium,none,True,medium,none,True,medium,none,True,medium,none
KVAL006,120,121,1,True,medium,none,True,medium,none,True,medium,none,True,medium,none,True,medium,none,True,medium,none,False,low,occlusion,False,low,occlusion,False,low,occlusion,False,low,occlusion,False,low,occlusion,True,medium,none,True,medium,none,True,medium,none,True,medium,none,True,medium,none,True,medium,none,True,medium,none,True,medium,none,False,low,occlusion,False,low,occlusion,False,low,occlusion,True,medium,none,False,low,occlusion,False,low,occlusion,False,low,occlusion,True,medium,none,True,medium,none,True,medium,none,True,medium,none,True,medium,none,True,medium,none
KVAL006,121,122,1,True,medium,none,True,medium,none,True,medium,none,True,medium,none,True,medium,none,True,medium,none,True,medium,none,False,low,occlusion,False,low,occlusion,False,low,occlusion,False,low,occlusion,True,medium,none,True,medium,none,True,medium,none,True,medium,none,True,medium,none,True,medium,none,True,medium,none,True,medium,none,False,low,occlusion,False,low,occlusion,False,low,occlusion,True,medium,none,False,low,occlusion,False,low,occlusion,False,low,occlusion,True,medium,none,True,medium,none,True,medium,none,True,medium,none,True,medium,none,True,medium,none
KVAL006,122,123,1,True,medium,none,True,medium,none,True,medium,none,True,medium,none,True,medium,none,True,medium,none,False,low,occlusion,False,low,occlusion,False,low,occlusion,False,low,occlusion,False,low,occlusion,True,medium,none,True,medium,none,True,medium,none,True,medium,none,True,medium,none,True,medium,none,True,medium,none,True,medium,none,False,low,occlusion,False,low,occlusion,False,low,occlusion,True,medium,none,False,low,occlusion,False,low,occlusion,False,low,occlusion,True,medium,none,True,medium,none,True,medium,none,False,low,occlusion,True,medium,none,True,medium,none
KVAL006,123,124,1,True,medium,none,True,medium,none,True,medium,none,True,medium,none,True,medium,none,True,medium,none,True,medium,none,False,low,occlusion,False,low,occlusion,False,low,occlusion,False,low,occlusion,True,medium,none,True,medium,none,True,medium,none,True,medium,none,True,medium,none,True,medium,none,True,medium,none,True,medium,none,False,low,occlusion,False,low,occlusion,False,low,occlusion,True,medium,none,False,low,occlusion,False,low,occlusion,False,low,occlusion,True,medium,none,True,medium,none,True,medium,none,False,low,occlusion,True,medium,none,True,medium,none
KVAL006,124,125,1,True,medium,none,True,medium,none,True,medium,none,True,medium,none,True,medium,none,True,medium,none,True,medium,none,False,low,occlusion,False,low,occlusion,False,low,occlusion,False,low,occlusion,True,medium,none,True,medium,none,True,medium,none,True,medium,none,True,medium,none,True,medium,none,True,medium,none,True,medium,none,False,low,occlusion,False,low,occlusion,False,low,occlusion,True,medium,none,False,low,occlusion,False,low,occlusion,False,low,occlusion,True,medium,none,True,medium,none,True,medium,none,False,low,occlusion,True,medium,none,True,medium,none
KVAL006,125,126,1,True,medium,none,True,medium,none,True,medium,none,True,medium,none,True,medium,none,True,medium,none,True,medium,none,False,low,occlusion,False,low,occlusion,False,low,occlusion,False,low,occlusion,True,medium,none,True,medium,none,True,medium,none,True,medium,none,True,medium,none,True,medium,none,True,medium,none,True,medium,none,False,low,occlusion,False,low,occlusion,False,low,occlusion,True,medium,none,False,low,occlusion,False,low,occlusion,False,low,occlusion,True,medium,none,True,medium,none,True,medium,none,False,low,occlusion,True,medium,none,True,medium,none
KVAL006,126,127,1,True,medium,none,True,medium,none,True,medium,none,True,medium,none,True,medium,none,True,medium,none,True,medium,none,False,low,occlusion,False,low,occlusion,False,low,occlusion,False,low,occlusion,True,medium,none,True,medium,none,True,medium,none,True,medium,none,True,medium,none,True,medium,none,True,medium,none,True,medium,none,False,low,occlusion,False,low,occlusion,False,low,occlusion,True,medium,none,False,low,occlusion,False,low,occlusion,False,low,occlusion,True,medium,none,True,medium,none,True,medium,none,False,low,occlusion,True,medium,none,True,medium,none
KVAL006,127,128,1,True,medium,none,True,medium,none,True,medium,none,True,medium,none,True,medium,none,True,medium,none,True,medium,none,False,low,occlusion,False,low,occlusion,False,low,occlusion,False,low,occlusion,True,medium,none,True,medium,none,True,medium,none,True,medium,none,True,medium,none,True,medium,none,True,medium,none,True,medium,none,False,low,occlusion,False,low,occlusion,False,low,occlusion,True,medium,none,False,low,occlusion,False,low,occlusion,False,low,occlusion,True,medium,none,True,medium,none,True,medium,none,False,low,occlusion,True,medium,none,True,medium,none
KVAL006,128,129,1,True,medium,none,True,medium,none,True,medium,none,True,medium,none,True,medium,none,True,medium,none,True,medium,none,False,low,occlusion,False,low,occlusion,False,low,occlusion,False,low,occlusion,True,medium,none,True,medium,none,True,medium,none,True,medium,none,True,medium,none,True,medium,none,True,medium,none,True,medium,none,False,low,occlusion,False,low,occlusion,False,low,occlusion,True,medium,none,False,low,occlusion,False,low,occlusion,False,low,occlusion,True,medium,none,True,medium,none,True,medium,none,False,low,occlusion,True,medium,none,True,medium,none
KVAL006,129,130,1,True,medium,none,True,medium,none,True,medium,none,True,medium,none,True,medium,none,True,medium,none,True,medium,none,False,low,occlusion,False,low,occlusion,False,low,occlusion,False,low,occlusion,True,medium,none,True,medium,none,True,medium,none,True,medium,none,True,medium,none,True,medium,none,True,medium,none,True,medium,none,False,low,occlusion,False,low,occlusion,False,low,occlusion,True,medium,none,False,low,occlusion,False,low,occlusion,False,low,occlusion,True,medium,none,True,medium,none,True,medium,none,False,low,occlusion,True,medium,none,True,medium,none
KVAL006,130,131,1,True,medium,none,True,medium,none,True,medium,none,True,medium,none,True,medium,none,True,medium,none,True,medium,none,False,low,occlusion,False,low,occlusion,False,low,occlusion,False,low,occlusion,True,medium,none,True,medium,none,True,medium,none,True,medium,none,True,medium,none,True,medium,none,True,medium,none,True,medium,none,False,low,occlusion,False,low,occlusion,False,low,occlusion,True,medium,none,False,low,occlusion,False,low,occlusion,False,low,occlusion,True,medium,none,True,medium,none,True,medium,none,False,low,occlusion,True,medium,none,True,medium,none
KVAL006,131,132,1,True,medium,none,True,medium,none,True,medium,none,True,medium,none,True,medium,none,True,medium,none,True,medium,none,False,low,occlusion,False,low,occlusion,False,low,occlusion,False,low,occlusion,True,medium,none,True,medium,none,True,medium,none,True,medium,none,True,medium,none,True,medium,none,True,medium,none,True,medium,none,False,low,occlusion,False,low,occlusion,False,low,occlusion,True,medium,none,False,low,occlusion,False,low,occlusion,False,low,occlusion,True,medium,none,True,medium,none,True,medium,none,True,medium,none,True,medium,none,True,medium,none
KVAL006,132,133,1,True,medium,none,True,medium,none,True,medium,none,True,medium,none,True,medium,none,True,medium,none,True,medium,none,False,low,occlusion,False,low,occlusion,False,low,occlusion,False,low,occlusion,True,medium,none,True,medium,none,True,medium,none,True,medium,none,True,medium,none,True,medium,none,True,medium,none,True,medium,none,False,low,occlusion,False,low,occlusion,False,low,occlusion,True,medium,none,True,medium,none,False,low,occlusion,False,low,occlusion,True,medium,none,True,medium,none,True,medium,none,True,medium,none,True,medium,none,True,medium,none
KVAL006,133,134,1,True,medium,none,True,medium,none,True,medium,none,True,medium,none,True,medium,none,True,medium,none,True,medium,none,False,low,occlusion,False,low,occlusion,False,low,occlusion,False,low,occlusion,True,medium,none,True,medium,none,True,medium,none,True,medium,none,True,medium,none,True,medium,none,True,medium,none,True,medium,none,False,low,occlusion,False,low,occlusion,False,low,occlusion,True,medium,none,True,medium,none,False,low,occlusion,False,low,occlusion,True,medium,none,True,medium,none,True,medium,none,True,medium,none,True,medium,none,True,medium,none
KVAL006,134,135,1,True,medium,none,True,medium,none,True,medium,none,True,medium,none,True,medium,none,True,medium,none,True,medium,none,False,low,occlusion,False,low,occlusion,False,low,occlusion,False,low,occlusion,True,medium,none,True,medium,none,True,medium,none,True,medium,none,True,medium,none,True,medium,none,True,medium,none,True,medium,none,False,low,occlusion,False,low,occlusion,False,low,occlusion,True,medium,none,True,medium,none,False,low,occlusion,False,low,occlusion,True,medium,none,True,medium,none,True,medium,none,False,low,occlusion,True,medium,none,True,medium,none
KVAL006,135,136,1,True,medium,none,True,medium,none,True,medium,none,True,medium,none,True,medium,none,True,medium,none,True,medium,none,False,low,occlusion,False,low,occlusion,False,low,occlusion,False,low,occlusion,True,medium,none,True,medium,none,True,medium,none,True,medium,none,True,medium,none,True,medium,none,True,medium,none,True,medium,none,False,low,occlusion,False,low,occlusion,False,low,occlusion,True,medium,none,True,medium,none,False,low,occlusion,False,low,occlusion,True,medium,none,True,medium,none,False,low,occlusion,False,low,occlusion,True,medium,none,True,medium,none
KVAL006,136,137,1,True,medium,none,True,medium,none,True,medium,none,True,medium,none,True,medium,none,True,medium,none,True,medium,none,False,low,occlusion,False,low,occlusion,False,low,occlusion,False,low,occlusion,True,medium,none,True,medium,none,True,medium,none,True,medium,none,True,medium,none,True,medium,none,True,medium,none,True,medium,none,False,low,occlusion,False,low,occlusion,False,low,occlusion,True,medium,none,True,medium,none,False,low,occlusion,False,low,occlusion,True,medium,none,True,medium,none,False,low,occlusion,False,low,occlusion,True,medium,none,True,medium,none
KVAL006,137,138,1,True,medium,none,True,medium,none,True,medium,none,True,medium,none,True,medium,none,True,medium,none,True,medium,none,False,low,occlusion,False,low,occlusion,False,low,occlusion,False,low,occlusion,True,medium,none,True,medium,none,True,medium,none,True,medium,none,True,medium,none,True,medium,none,True,medium,none,True,medium,none,False,low,occlusion,False,low,occlusion,False,low,occlusion,True,medium,none,True,medium,none,False,low,occlusion,False,low,occlusion,True,medium,none,True,medium,none,False,low,occlusion,False,low,occlusion,True,medium,none,True,medium,none
KVAL006,138,139,1,True,medium,none,True,medium,none,True,medium,none,True,medium,none,True,medium,none,True,medium,none,True,medium,none,False,low,occlusion,False,low,occlusion,False,low,occlusion,False,low,occlusion,True,medium,none,True,medium,none,True,medium,none,True,medium,none,True,medium,none,True,medium,none,True,medium,none,True,medium,none,False,low,occlusion,False,low,occlusion,False,low,occlusion,True,medium,none,True,medium,none,False,low,occlusion,False,low,occlusion,True,medium,none,True,medium,none,True,medium,none,True,medium,none,True,medium,none,True,medium,none
KVAL006,139,140,1,True,medium,none,True,medium,none,True,medium,none,True,medium,none,True,medium,none,True,medium,none,False,low,occlusion,False,low,occlusion,False,low,occlusion,False,low,occlusion,False,low,occlusion,True,medium,none,True,medium,none,True,medium,none,True,medium,none,True,medium,none,True,medium,none,True,medium,none,False,low,occlusion,False,low,occlusion,False,low,occlusion,False,low,occlusion,True,medium,none,True,medium,none,False,low,occlusion,False,low,occlusion,True,medium,none,True,medium,none,False,low,occlusion,False,low,occlusion,True,medium,none,True,medium,none
KVAL006,140,141,1,True,medium,none,True,medium,none,True,medium,none,True,medium,none,True,medium,none,True,medium,none,False,low,occlusion,False,low,occlusion,False,low,occlusion,False,low,occlusion,False,low,occlusion,True,medium,none,True,medium,none,True,medium,none,True,medium,none,True,medium,none,True,medium,none,True,medium,none,False,low,occlusion,False,low,occlusion,False,low,occlusion,False,low,occlusion,False,low,occlusion,False,low,occlusion,False,low,occlusion,False,low,occlusion,True,medium,none,True,medium,none,False,low,occlusion,False,low,occlusion,True,medium,none,True,medium,none
KVAL006,141,142,1,True,medium,none,True,medium,none,True,medium,none,True,medium,none,True,medium,none,True,medium,none,True,medium,none,True,medium,none,True,medium,none,False,low,occlusion,False,low,occlusion,True,medium,none,True,medium,none,True,medium,none,False,low,occlusion,False,low,occlusion,False,low,occlusion,False,low,occlusion,True,medium,none,False,low,occlusion,False,low,occlusion,False,low,occlusion,True,medium,none,False,low,occlusion,False,low,occlusion,False,low,occlusion,True,medium,none,True,medium,none,True,medium,none,True,medium,none,True,medium,none,True,medium,none
KVAL006,142,143,1,True,medium,none,True,medium,none,True,medium,none,True,medium,none,True,medium,none,True,medium,none,True,medium,none,False,low,occlusion,False,low,occlusion,False,low,occlusion,False,low,occlusion,True,medium,none,True,medium,none,True,medium,none,False,low,occlusion,False,low,occlusion,False,low,occlusion,False,low,occlusion,True,medium,none,False,low,occlusion,False,low,occlusion,False,low,occlusion,True,medium,none,False,low,occlusion,False,low,occlusion,False,low,occlusion,True,medium,none,True,medium,none,False,low,occlusion,False,low,occlusion,True,medium,none,True,medium,none
KVAL006,143,144,1,True,medium,none,True,medium,none,True,medium,none,True,medium,none,False,low,occlusion,False,low,occlusion,False,low,occlusion,False,low,occlusion,False,low,occlusion,False,low,occlusion,False,low,occlusion,True,medium,none,True,medium,none,True,medium,none,True,medium,none,True,medium,none,True,medium,none,True,medium,none,True,medium,none,False,low,occlusion,False,low,occlusion,False,low,occlusion,True,medium,none,False,low,occlusion,False,low,occlusion,False,low,occlusion,True,medium,none,True,medium,none,False,low,occlusion,False,low,occlusion,True,medium,none,True,medium,none
KVAL006,144,145,1,True,medium,none,True,medium,none,True,medium,none,True,medium,none,True,medium,none,True,medium,none,True,medium,none,False,low,occlusion,False,low,occlusion,False,low,occlusion,False,low,occlusion,True,medium,none,True,medium,none,True,medium,none,True,medium,none,True,medium,none,True,medium,none,True,medium,none,True,medium,none,False,low,occlusion,False,low,occlusion,False,low,occlusion,True,medium,none,True,medium,none,False,low,occlusion,False,low,occlusion,True,medium,none,True,medium,none,True,medium,none,True,medium,none,True,medium,none,True,medium,none
KVAL006,145,146,1,True,medium,none,True,medium,none,True,medium,none,True,medium,none,True,medium,none,True,medium,none,True,medium,none,False,low,occlusion,False,low,occlusion,False,low,occlusion,False,low,occlusion,True,medium,none,True,medium,none,True,medium,none,True,medium,none,True,medium,none,True,medium,none,True,medium,none,True,medium,none,False,low,occlusion,False,low,occlusion,False,low,occlusion,True,medium,none,True,medium,none,False,low,occlusion,False,low,occlusion,True,medium,none,True,medium,none,True,medium,none,True,medium,none,True,medium,none,True,medium,none
KVAL006,146,147,1,True,medium,none,True,medium,none,True,medium,none,True,medium,none,True,medium,none,True,medium,none,True,medium,none,True,medium,none,False,low,occlusion,False,low,occlusion,False,low,occlusion,True,medium,none,True,medium,none,True,medium,none,True,medium,none,True,medium,none,True,medium,none,True,medium,none,True,medium,none,False,low,occlusion,False,low,occlusion,False,low,occlusion,True,medium,none,True,medium,none,False,low,occlusion,False,low,occlusion,True,medium,none,True,medium,none,True,medium,none,True,medium,none,True,medium,none,True,medium,none
KVAL006,147,148,1,True,medium,none,True,medium,none,True,medium,none,True,medium,none,True,medium,none,True,medium,none,True,medium,none,True,medium,none,False,low,occlusion,False,low,occlusion,False,low,occlusion,True,medium,none,True,medium,none,True,medium,none,True,medium,none,True,medium,none,True,medium,none,True,medium,none,True,medium,none,False,low,occlusion,False,low,occlusion,False,low,occlusion,True,medium,none,False,low,occlusion,False,low,occlusion,False,low,occlusion,True,medium,none,True,medium,none,True,medium,none,True,medium,none,True,medium,none,True,medium,none
KVAL006,148,149,1,True,medium,none,True,medium,none,True,medium,none,True,medium,none,True,medium,none,True,medium,none,True,medium,none,True,medium,none,False,low,occlusion,False,low,occlusion,False,low,occlusion,True,medium,none,True,medium,none,True,medium,none,True,medium,none,True,medium,none,True,medium,none,True,medium,none,True,medium,none,False,low,occlusion,False,low,occlusion,False,low,occlusion,True,medium,none,True,medium,none,False,low,occlusion,False,low,occlusion,True,medium,none,True,medium,none,True,medium,none,True,medium,none,True,medium,none,True,medium,none
KVAL006,149,150,1,True,medium,none,True,medium,none,True,medium,none,True,medium,none,True,medium,none,True,medium,none,True,medium,none,True,medium,none,False,low,occlusion,False,low,occlusion,False,low,occlusion,True,medium,none,True,medium,none,True,medium,none,True,medium,none,True,medium,none,True,medium,none,False,low,occlusion,True,medium,none,False,low,occlusion,False,low,occlusion,False,low,occlusion,True,medium,none,True,medium,none,False,low,occlusion,False,low,occlusion,True,medium,none,True,medium,none,True,medium,none,True,medium,none,True,medium,none,True,medium,none
KVAL006,150,151,1,True,medium,none,True,medium,none,True,medium,none,True,medium,none,True,medium,none,True,medium,none,True,medium,none,False,low,occlusion,False,low,occlusion,False,low,occlusion,False,low,occlusion,True,medium,none,True,medium,none,True,medium,none,True,medium,none,True,medium,none,True,medium,none,True,medium,none,True,medium,none,False,low,occlusion,False,low,occlusion,False,low,occlusion,True,medium,none,True,medium,none,False,low,occlusion,False,low,occlusion,True,medium,none,True,medium,none,True,medium,none,True,medium,none,True,medium,none,True,medium,none
KVAL006,151,152,1,True,medium,none,True,medium,none,True,medium,none,True,medium,none,True,medium,none,True,medium,none,True,medium,none,False,low,occlusion,False,low,occlusion,False,low,occlusion,False,low,occlusion,True,medium,none,True,medium,none,True,medium,none,True,medium,none,True,medium,none,True,medium,none,True,medium,none,True,medium,none,False,low,occlusion,False,low,occlusion,False,low,occlusion,True,medium,none,True,medium,none,False,low,occlusion,False,low,occlusion,True,medium,none,True,medium,none,True,medium,none,True,medium,none,True,medium,none,True,medium,none
KVAL006,152,153,1,True,medium,none,True,medium,none,True,medium,none,True,medium,none,True,medium,none,True,medium,none,True,medium,none,False,low,occlusion,False,low,occlusion,False,low,occlusion,False,low,occlusion,True,medium,none,True,medium,none,True,medium,none,True,medium,none,True,medium,none,True,medium,none,True,medium,none,True,medium,none,False,low,occlusion,False,low,occlusion,False,low,occlusion,True,medium,none,True,medium,none,False,low,occlusion,False,low,occlusion,True,medium,none,True,medium,none,True,medium,none,True,medium,none,True,medium,none,True,medium,none
KVAL006,153,154,1,True,medium,none,True,medium,none,True,medium,none,True,medium,none,True,medium,none,True,medium,none,True,medium,none,True,medium,none,False,low,occlusion,False,low,occlusion,False,low,occlusion,True,medium,none,True,medium,none,True,medium,none,True,medium,none,True,medium,none,True,medium,none,True,medium,none,True,medium,none,False,low,occlusion,False,low,occlusion,False,low,occlusion,True,medium,none,True,medium,none,False,low,occlusion,False,low,occlusion,True,medium,none,True,medium,none,True,medium,none,True,medium,none,True,medium,none,True,medium,none
KVAL006,154,155,1,True,medium,none,True,medium,none,True,medium,none,True,medium,none,True,medium,none,True,medium,none,True,medium,none,False,low,occlusion,False,low,occlusion,False,low,occlusion,False,low,occlusion,True,medium,none,True,medium,none,True,medium,none,True,medium,none,True,medium,none,True,medium,none,True,medium,none,True,medium,none,False,low,occlusion,False,low,occlusion,False,low,occlusion,True,medium,none,True,medium,none,False,low,occlusion,False,low,occlusion,True,medium,none,True,medium,none,True,medium,none,True,medium,none,True,medium,none,True,medium,none
KVAL006,155,156,1,True,medium,none,True,medium,none,True,medium,none,True,medium,none,True,medium,none,True,medium,none,True,medium,none,False,low,occlusion,False,low,occlusion,False,low,occlusion,False,low,occlusion,True,medium,none,True,medium,none,True,medium,none,True,medium,none,True,medium,none,True,medium,none,True,medium,none,True,medium,none,False,low,occlusion,False,low,occlusion,False,low,occlusion,True,medium,none,True,medium,none,False,low,occlusion,False,low,occlusion,True,medium,none,True,medium,none,True,medium,none,True,medium,none,True,medium,none,True,medium,none
KVAL006,156,157,1,True,medium,none,True,medium,none,True,medium,none,True,medium,none,True,medium,none,True,medium,none,True,medium,none,False,low,occlusion,False,low,occlusion,False,low,occlusion,False,low,occlusion,True,medium,none,True,medium,none,True,medium,none,True,medium,none,True,medium,none,True,medium,none,True,medium,none,True,medium,none,False,low,occlusion,False,low,occlusion,False,low,occlusion,True,medium,none,True,medium,none,False,low,occlusion,False,low,occlusion,True,medium,none,True,medium,none,True,medium,none,True,medium,none,True,medium,none,True,medium,none
KVAL006,157,158,1,True,medium,none,True,medium,none,True,medium,none,True,medium,none,True,medium,none,True,medium,none,True,medium,none,False,low,occlusion,False,low,occlusion,False,low,occlusion,False,low,occlusion,True,medium,none,True,medium,none,True,medium,none,True,medium,none,True,medium,none,True,medium,none,True,medium,none,True,medium,none,False,low,occlusion,False,low,occlusion,False,low,occlusion,True,medium,none,True,medium,none,False,low,occlusion,False,low,occlusion,True,medium,none,True,medium,none,True,medium,none,True,medium,none,True,medium,none,True,medium,none
KVAL006,158,159,1,True,medium,none,True,medium,none,True,medium,none,True,medium,none,True,medium,none,True,medium,none,True,medium,none,False,low,occlusion,False,low,occlusion,False,low,occlusion,False,low,occlusion,True,medium,none,True,medium,none,True,medium,none,True,medium,none,True,medium,none,True,medium,none,True,medium,none,True,medium,none,False,low,occlusion,False,low,occlusion,False,low,occlusion,True,medium,none,True,medium,none,False,low,occlusion,False,low,occlusion,True,medium,none,True,medium,none,True,medium,none,True,medium,none,True,medium,none,True,medium,none
KVAL006,159,160,1,True,medium,none,True,medium,none,True,medium,none,True,medium,none,True,medium,none,True,medium,none,True,medium,none,False,low,occlusion,False,low,occlusion,False,low,occlusion,False,low,occlusion,True,medium,none,True,medium,none,True,medium,none,True,medium,none,True,medium,none,True,medium,none,True,medium,none,True,medium,none,False,low,occlusion,False,low,occlusion,False,low,occlusion,True,medium,none,True,medium,none,False,low,occlusion,False,low,occlusion,True,medium,none,True,medium,none,True,medium,none,True,medium,none,True,medium,none,True,medium,none
KVAL006,160,161,1,True,medium,none,True,medium,none,True,medium,none,True,medium,none,True,medium,none,True,medium,none,True,medium,none,False,low,occlusion,False,low,occlusion,False,low,occlusion,False,low,occlusion,True,medium,none,True,medium,none,True,medium,none,True,medium,none,True,medium,none,True,medium,none,True,medium,none,True,medium,none,False,low,occlusion,False,low,occlusion,False,low,occlusion,True,medium,none,True,medium,none,False,low,occlusion,False,low,occlusion,True,medium,none,True,medium,none,True,medium,none,True,medium,none,True,medium,none,True,medium,none
KVAL006,161,162,1,True,medium,none,True,medium,none,True,medium,none,True,medium,none,True,medium,none,True,medium,none,True,medium,none,False,low,occlusion,False,low,occlusion,False,low,occlusion,False,low,occlusion,True,medium,none,True,medium,none,True,medium,none,True,medium,none,True,medium,none,True,medium,none,True,medium,none,True,medium,none,False,low,occlusion,False,low,occlusion,False,low,occlusion,True,medium,none,True,medium,none,False,low,occlusion,False,low,occlusion,True,medium,none,True,medium,none,True,medium,none,True,medium,none,True,medium,none,True,medium,none
KVAL006,162,163,1,True,medium,none,True,medium,none,True,medium,none,True,medium,none,True,medium,none,True,medium,none,True,medium,none,False,low,occlusion,False,low,occlusion,False,low,occlusion,False,low,occlusion,True,medium,none,True,medium,none,True,medium,none,True,medium,none,True,medium,none,True,medium,none,True,medium,none,True,medium,none,False,low,occlusion,False,low,occlusion,False,low,occlusion,True,medium,none,True,medium,none,False,low,occlusion,False,low,occlusion,True,medium,none,True,medium,none,True,medium,none,True,medium,none,True,medium,none,True,medium,none
KVAL006,163,164,1,True,medium,none,True,medium,none,True,medium,none,True,medium,none,True,medium,none,True,medium,none,True,medium,none,False,low,occlusion,False,low,occlusion,False,low,occlusion,False,low,occlusion,True,medium,none,True,medium,none,True,medium,none,True,medium,none,True,medium,none,True,medium,none,True,medium,none,True,medium,none,False,low,occlusion,False,low,occlusion,False,low,occlusion,True,medium,none,True,medium,none,False,low,occlusion,False,low,occlusion,True,medium,none,True,medium,none,True,medium,none,True,medium,none,True,medium,none,True,medium,none
KVAL006,164,165,1,True,medium,none,True,medium,none,True,medium,none,True,medium,none,True,medium,none,True,medium,none,True,medium,none,False,low,occlusion,False,low,occlusion,False,low,occlusion,False,low,occlusion,True,medium,none,True,medium,none,True,medium,none,True,medium,none,True,medium,none,True,medium,none,True,medium,none,True,medium,none,False,low,occlusion,False,low,occlusion,False,low,occlusion,True,medium,none,True,medium,none,False,low,occlusion,False,low,occlusion,True,medium,none,True,medium,none,True,medium,none,True,medium,none,True,medium,none,True,medium,none
KVAL006,165,166,1,True,medium,none,True,medium,none,True,medium,none,True,medium,none,True,medium,none,True,medium,none,True,medium,none,False,low,occlusion,False,low,occlusion,False,low,occlusion,False,low,occlusion,True,medium,none,True,medium,none,True,medium,none,True,medium,none,True,medium,none,True,medium,none,True,medium,none,True,medium,none,False,low,occlusion,False,low,occlusion,False,low,occlusion,True,medium,none,True,medium,none,False,low,occlusion,False,low,occlusion,True,medium,none,True,medium,none,True,medium,none,True,medium,none,True,medium,none,True,medium,none
KVAL006,166,167,1,True,medium,none,True,medium,none,True,medium,none,True,medium,none,True,medium,none,True,medium,none,True,medium,none,False,low,occlusion,False,low,occlusion,False,low,occlusion,False,low,occlusion,True,medium,none,True,medium,none,True,medium,none,True,medium,none,True,medium,none,True,medium,none,True,medium,none,True,medium,none,False,low,occlusion,False,low,occlusion,False,low,occlusion,True,medium,none,True,medium,none,False,low,occlusion,False,low,occlusion,True,medium,none,True,medium,none,True,medium,none,True,medium,none,True,medium,none,True,medium,none
KVAL006,167,168,1,True,medium,none,True,medium,none,True,medium,none,True,medium,none,True,medium,none,True,medium,none,True,medium,none,False,low,occlusion,False,low,occlusion,False,low,occlusion,False,low,occlusion,True,medium,none,True,medium,none,True,medium,none,True,medium,none,True,medium,none,True,medium,none,True,medium,none,True,medium,none,False,low,occlusion,False,low,occlusion,False,low,occlusion,True,medium,none,True,medium,none,False,low,occlusion,False,low,occlusion,True,medium,none,True,medium,none,True,medium,none,True,medium,none,True,medium,none,True,medium,none
KVAL006,168,169,1,True,medium,none,True,medium,none,True,medium,none,True,medium,none,True,medium,none,True,medium,none,True,medium,none,False,low,occlusion,False,low,occlusion,False,low,occlusion,False,low,occlusion,True,medium,none,True,medium,none,True,medium,none,True,medium,none,True,medium,none,True,medium,none,True,medium,none,True,medium,none,False,low,occlusion,False,low,occlusion,False,low,occlusion,True,medium,none,True,medium,none,False,low,occlusion,False,low,occlusion,True,medium,none,True,medium,none,True,medium,none,True,medium,none,True,medium,none,True,medium,none
KVAL006,169,170,1,True,medium,none,True,medium,none,True,medium,none,True,medium,none,True,medium,none,True,medium,none,True,medium,none,False,low,occlusion,False,low,occlusion,False,low,occlusion,False,low,occlusion,True,medium,none,True,medium,none,True,medium,none,True,medium,none,True,medium,none,True,medium,none,True,medium,none,True,medium,none,False,low,occlusion,False,low,occlusion,False,low,occlusion,True,medium,none,True,medium,none,False,low,occlusion,False,low,occlusion,True,medium,none,True,medium,none,True,medium,none,True,medium,none,True,medium,none,True,medium,none
KVAL006,170,171,1,True,medium,none,True,medium,none,True,medium,none,True,medium,none,True,medium,none,True,medium,none,True,medium,none,False,low,occlusion,False,low,occlusion,False,low,occlusion,False,low,occlusion,True,medium,none,True,medium,none,True,medium,none,True,medium,none,True,medium,none,True,medium,none,True,medium,none,True,medium,none,False,low,occlusion,False,low,occlusion,False,low,occlusion,True,medium,none,True,medium,none,False,low,occlusion,False,low,occlusion,True,medium,none,True,medium,none,True,medium,none,True,medium,none,True,medium,none,True,medium,none
KVAL006,171,172,1,True,medium,none,True,medium,none,True,medium,none,True,medium,none,True,medium,none,True,medium,none,True,medium,none,False,low,occlusion,False,low,occlusion,False,low,occlusion,False,low,occlusion,True,medium,none,True,medium,none,True,medium,none,True,medium,none,True,medium,none,True,medium,none,True,medium,none,True,medium,none,False,low,occlusion,False,low,occlusion,False,low,occlusion,True,medium,none,True,medium,none,False,low,occlusion,False,low,occlusion,True,medium,none,True,medium,none,True,medium,none,True,medium,none,True,medium,none,True,medium,none
KVAL006,172,173,1,True,medium,none,True,medium,none,True,medium,none,True,medium,none,True,medium,none,True,medium,none,True,medium,none,False,low,occlusion,False,low,occlusion,False,low,occlusion,False,low,occlusion,True,medium,none,True,medium,none,True,medium,none,True,medium,none,True,medium,none,True,medium,none,True,medium,none,True,medium,none,False,low,occlusion,False,low,occlusion,False,low,occlusion,True,medium,none,True,medium,none,False,low,occlusion,False,low,occlusion,True,medium,none,True,medium,none,True,medium,none,True,medium,none,True,medium,none,True,medium,none
KVAL006,173,174,1,True,medium,none,True,medium,none,True,medium,none,True,medium,none,True,medium,none,True,medium,none,True,medium,none,False,low,occlusion,False,low,occlusion,False,low,occlusion,False,low,occlusion,True,medium,none,True,medium,none,True,medium,none,True,medium,none,True,medium,none,True,medium,none,True,medium,none,True,medium,none,False,low,occlusion,False,low,occlusion,False,low,occlusion,True,medium,none,True,medium,none,False,low,occlusion,False,low,occlusion,True,medium,none,True,medium,none,True,medium,none,True,medium,none,True,medium,none,True,medium,none
KVAL006,174,175,1,True,medium,none,True,medium,none,True,medium,none,True,medium,none,True,medium,none,True,medium,none,True,medium,none,False,low,occlusion,False,low,occlusion,False,low,occlusion,False,low,occlusion,True,medium,none,True,medium,none,True,medium,none,True,medium,none,True,medium,none,True,medium,none,True,medium,none,True,medium,none,False,low,occlusion,False,low,occlusion,False,low,occlusion,True,medium,none,True,medium,none,False,low,occlusion,False,low,occlusion,True,medium,none,True,medium,none,True,medium,none,True,medium,none,True,medium,none,True,medium,none
KVAL006,175,176,1,True,medium,none,True,medium,none,True,medium,none,True,medium,none,True,medium,none,True,medium,none,True,medium,none,False,low,occlusion,False,low,occlusion,False,low,occlusion,False,low,occlusion,True,medium,none,True,medium,none,True,medium,none,True,medium,none,True,medium,none,True,medium,none,False,low,occlusion,True,medium,none,False,low,occlusion,False,low,occlusion,False,low,occlusion,True,medium,none,True,medium,none,False,low,occlusion,False,low,occlusion,True,medium,none,True,medium,none,True,medium,none,True,medium,none,True,medium,none,True,medium,none
KVAL006,176,177,1,True,medium,none,True,medium,none,True,medium,none,True,medium,none,True,medium,none,True,medium,none,True,medium,none,False,low,occlusion,False,low,occlusion,False,low,occlusion,False,low,occlusion,True,medium,none,True,medium,none,True,medium,none,True,medium,none,True,medium,none,True,medium,none,True,medium,none,True,medium,none,False,low,occlusion,False,low,occlusion,False,low,occlusion,True,medium,none,True,medium,none,False,low,occlusion,False,low,occlusion,True,medium,none,True,medium,none,True,medium,none,True,medium,none,True,medium,none,True,medium,none
KVAL006,177,178,1,True,medium,none,True,medium,none,True,medium,none,True,medium,none,True,medium,none,True,medium,none,True,medium,none,False,low,occlusion,False,low,occlusion,False,low,occlusion,False,low,occlusion,True,medium,none,True,medium,none,True,medium,none,True,medium,none,True,medium,none,True,medium,none,True,medium,none,True,medium,none,False,low,occlusion,False,low,occlusion,False,low,occlusion,True,medium,none,False,low,occlusion,False,low,occlusion,False,low,occlusion,True,medium,none,True,medium,none,True,medium,none,True,medium,none,True,medium,none,True,medium,none
KVAL006,178,179,1,True,medium,none,True,medium,none,True,medium,none,True,medium,none,True,medium,none,True,medium,none,True,medium,none,False,low,occlusion,False,low,occlusion,False,low,occlusion,False,low,occlusion,True,medium,none,True,medium,none,True,medium,none,True,medium,none,True,medium,none,True,medium,none,True,medium,none,True,medium,none,False,low,occlusion,False,low,occlusion,False,low,occlusion,True,medium,none,False,low,occlusion,False,low,occlusion,False,low,occlusion,True,medium,none,True,medium,none,True,medium,none,True,medium,none,True,medium,none,True,medium,none
KVAL006,179,180,1,True,medium,none,True,medium,none,True,medium,none,True,medium,none,True,medium,none,True,medium,none,True,medium,none,False,low,occlusion,False,low,occlusion,False,low,occlusion,False,low,occlusion,True,medium,none,True,medium,none,True,medium,none,True,medium,none,True,medium,none,True,medium,none,True,medium,none,True,medium,none,False,low,occlusion,False,low,occlusion,False,low,occlusion,True,medium,none,False,low,occlusion,False,low,occlusion,False,low,occlusion,True,medium,none,True,medium,none,True,medium,none,True,medium,none,True,medium,none,True,medium,none
KVAL006,180,181,1,True,medium,none,True,medium,none,True,medium,none,True,medium,none,True,medium,none,True,medium,none,True,medium,none,False,low,occlusion,False,low,occlusion,False,low,occlusion,False,low,occlusion,True,medium,none,True,medium,none,True,medium,none,True,medium,none,True,medium,none,True,medium,none,True,medium,none,True,medium,none,False,low,occlusion,False,low,occlusion,False,low,occlusion,True,medium,none,False,low,occlusion,False,low,occlusion,False,low,occlusion,True,medium,none,True,medium,none,True,medium,none,True,medium,none,True,medium,none,True,medium,none
KVAL006,181,182,1,True,medium,none,True,medium,none,True,medium,none,True,medium,none,True,medium,none,True,medium,none,True,medium,none,False,low,occlusion,False,low,occlusion,False,low,occlusion,False,low,occlusion,True,medium,none,True,medium,none,True,medium,none,True,medium,none,True,medium,none,True,medium,none,True,medium,none,True,medium,none,False,low,occlusion,False,low,occlusion,False,low,occlusion,True,medium,none,False,low,occlusion,False,low,occlusion,False,low,occlusion,True,medium,none,True,medium,none,True,medium,none,True,medium,none,True,medium,none,True,medium,none
KVAL006,182,183,1,True,medium,none,True,medium,none,True,medium,none,True,medium,none,True,medium,none,True,medium,none,True,medium,none,False,low,occlusion,False,low,occlusion,False,low,occlusion,False,low,occlusion,True,medium,none,True,medium,none,True,medium,none,True,medium,none,True,medium,none,True,medium,none,True,medium,none,True,medium,none,False,low,occlusion,False,low,occlusion,False,low,occlusion,True,medium,none,True,medium,none,False,low,occlusion,False,low,occlusion,True,medium,none,True,medium,none,True,medium,none,True,medium,none,True,medium,none,True,medium,none
KVAL006,183,184,1,True,medium,none,True,medium,none,True,medium,none,True,medium,none,True,medium,none,True,medium,none,True,medium,none,False,low,occlusion,False,low,occlusion,False,low,occlusion,False,low,occlusion,True,medium,none,True,medium,none,True,medium,none,True,medium,none,True,medium,none,True,medium,none,True,medium,none,True,medium,none,False,low,occlusion,False,low,occlusion,False,low,occlusion,True,medium,none,False,low,occlusion,False,low,occlusion,False,low,occlusion,True,medium,none,True,medium,none,True,medium,none,True,medium,none,True,medium,none,True,medium,none
KVAL006,184,185,1,True,medium,none,True,medium,none,True,medium,none,True,medium,none,True,medium,none,True,medium,none,True,medium,none,False,low,occlusion,False,low,occlusion,False,low,occlusion,False,low,occlusion,True,medium,none,True,medium,none,True,medium,none,True,medium,none,True,medium,none,True,medium,none,True,medium,none,True,medium,none,False,low,occlusion,False,low,occlusion,False,low,occlusion,True,medium,none,False,low,occlusion,False,low,occlusion,False,low,occlusion,True,medium,none,True,medium,none,True,medium,none,True,medium,none,True,medium,none,True,medium,none
KVAL006,185,186,1,True,medium,none,True,medium,none,True,medium,none,True,medium,none,True,medium,none,True,medium,none,True,medium,none,False,low,occlusion,False,low,occlusion,False,low,occlusion,False,low,occlusion,True,medium,none,True,medium,none,True,medium,none,True,medium,none,True,medium,none,True,medium,none,True,medium,none,True,medium,none,False,low,occlusion,False,low,occlusion,False,low,occlusion,True,medium,none,False,low,occlusion,False,low,occlusion,False,low,occlusion,True,medium,none,True,medium,none,True,medium,none,True,medium,none,True,medium,none,True,medium,none
KVAL006,186,187,1,True,medium,none,True,medium,none,True,medium,none,True,medium,none,True,medium,none,True,medium,none,True,medium,none,False,low,occlusion,False,low,occlusion,False,low,occlusion,False,low,occlusion,True,medium,none,True,medium,none,True,medium,none,True,medium,none,True,medium,none,True,medium,none,True,medium,none,True,medium,none,False,low,occlusion,False,low,occlusion,False,low,occlusion,True,medium,none,False,low,occlusion,False,low,occlusion,False,low,occlusion,True,medium,none,True,medium,none,True,medium,none,True,medium,none,True,medium,none,True,medium,none
KVAL006,187,188,1,True,medium,none,True,medium,none,True,medium,none,True,medium,none,True,medium,none,True,medium,none,True,medium,none,False,low,occlusion,False,low,occlusion,False,low,occlusion,False,low,occlusion,True,medium,none,True,medium,none,True,medium,none,True,medium,none,True,medium,none,True,medium,none,True,medium,none,True,medium,none,True,medium,none,False,low,occlusion,False,low,occlusion,True,medium,none,False,low,occlusion,False,low,occlusion,False,low,occlusion,True,medium,none,True,medium,none,True,medium,none,True,medium,none,True,medium,none,True,medium,none
KVAL006,188,189,1,True,medium,none,True,medium,none,True,medium,none,True,medium,none,True,medium,none,True,medium,none,True,medium,none,False,low,occlusion,False,low,occlusion,False,low,occlusion,False,low,occlusion,True,medium,none,True,medium,none,True,medium,none,True,medium,none,True,medium,none,True,medium,none,True,medium,none,True,medium,none,False,low,occlusion,False,low,occlusion,False,low,occlusion,True,medium,none,False,low,occlusion,False,low,occlusion,False,low,occlusion,True,medium,none,True,medium,none,True,medium,none,True,medium,none,True,medium,none,True,medium,none
KVAL006,189,190,1,True,medium,none,True,medium,none,True,medium,none,True,medium,none,True,medium,none,True,medium,none,True,medium,none,False,low,occlusion,False,low,occlusion,False,low,occlusion,False,low,occlusion,True,medium,none,True,medium,none,True,medium,none,True,medium,none,True,medium,none,True,medium,none,True,medium,none,True,medium,none,False,low,occlusion,False,low,occlusion,False,low,occlusion,True,medium,none,False,low,occlusion,False,low,occlusion,False,low,occlusion,True,medium,none,True,medium,none,True,medium,none,True,medium,none,True,medium,none,True,medium,none
KVAL006,190,191,1,True,medium,none,True,medium,none,True,medium,none,True,medium,none,True,medium,none,True,medium,none,True,medium,none,False,low,occlusion,False,low,occlusion,False,low,occlusion,False,low,occlusion,True,medium,none,True,medium,none,True,medium,none,True,medium,none,True,medium,none,True,medium,none,True,medium,none,True,medium,none,False,low,occlusion,False,low,occlusion,False,low,occlusion,True,medium,none,False,low,occlusion,False,low,occlusion,False,low,occlusion,True,medium,none,True,medium,none,True,medium,none,True,medium,none,True,medium,none,True,medium,none
KVAL006,191,192,1,True,medium,none,True,medium,none,True,medium,none,True,medium,none,True,medium,none,True,medium,none,True,medium,none,False,low,occlusion,False,low,occlusion,False,low,occlusion,False,low,occlusion,True,medium,none,True,medium,none,True,medium,none,True,medium,none,True,medium,none,True,medium,none,True,medium,none,True,medium,none,False,low,occlusion,False,low,occlusion,False,low,occlusion,True,medium,none,False,low,occlusion,False,low,occlusion,False,low,occlusion,True,medium,none,True,medium,none,True,medium,none,True,medium,none,True,medium,none,True,medium,none
KVAL006,192,193,1,True,medium,none,True,medium,none,True,medium,none,True,medium,none,True,medium,none,True,medium,none,True,medium,none,False,low,occlusion,False,low,occlusion,False,low,occlusion,False,low,occlusion,True,medium,none,True,medium,none,True,medium,none,True,medium,none,True,medium,none,True,medium,none,True,medium,none,True,medium,none,False,low,occlusion,False,low,occlusion,False,low,occlusion,True,medium,none,False,low,occlusion,False,low,occlusion,False,low,occlusion,True,medium,none,True,medium,none,True,medium,none,True,medium,none,True,medium,none,True,medium,none
KVAL006,193,194,1,True,medium,none,True,medium,none,True,medium,none,True,medium,none,True,medium,none,True,medium,none,True,medium,none,False,low,occlusion,False,low,occlusion,False,low,occlusion,False,low,occlusion,True,medium,none,True,medium,none,True,medium,none,True,medium,none,True,medium,none,True,medium,none,True,medium,none,True,medium,none,False,low,occlusion,False,low,occlusion,False,low,occlusion,True,medium,none,False,low,occlusion,False,low,occlusion,False,low,occlusion,True,medium,none,True,medium,none,True,medium,none,True,medium,none,True,medium,none,True,medium,none
KVAL006,194,195,1,True,medium,none,True,medium,none,True,medium,none,True,medium,none,True,medium,none,True,medium,none,True,medium,none,False,low,occlusion,False,low,occlusion,False,low,occlusion,False,low,occlusion,True,medium,none,True,medium,none,True,medium,none,True,medium,none,True,medium,none,True,medium,none,True,medium,none,True,medium,none,False,low,occlusion,False,low,occlusion,False,low,occlusion,True,medium,none,True,medium,none,False,low,occlusion,False,low,occlusion,True,medium,none,True,medium,none,True,medium,none,True,medium,none,True,medium,none,True,medium,none
KVAL006,195,196,1,True,medium,none,True,medium,none,True,medium,none,True,medium,none,True,medium,none,True,medium,none,True,medium,none,False,low,occlusion,False,low,occlusion,False,low,occlusion,False,low,occlusion,True,medium,none,True,medium,none,True,medium,none,True,medium,none,True,medium,none,True,medium,none,True,medium,none,True,medium,none,False,low,occlusion,False,low,occlusion,False,low,occlusion,True,medium,none,False,low,occlusion,False,low,occlusion,False,low,occlusion,True,medium,none,True,medium,none,True,medium,none,True,medium,none,True,medium,none,True,medium,none
KVAL006,196,197,1,True,medium,none,True,medium,none,True,medium,none,True,medium,none,True,medium,none,True,medium,none,True,medium,none,False,low,occlusion,False,low,occlusion,False,low,occlusion,False,low,occlusion,True,medium,none,True,medium,none,True,medium,none,True,medium,none,True,medium,none,True,medium,none,True,medium,none,True,medium,none,False,low,occlusion,False,low,occlusion,False,low,occlusion,False,low,occlusion,False,low,occlusion,False,low,occlusion,False,low,occlusion,True,medium,none,True,medium,none,True,medium,none,True,medium,none,True,medium,none,True,medium,none
KVAL006,197,198,1,True,medium,none,True,medium,none,True,medium,none,True,medium,none,True,medium,none,True,medium,none,True,medium,none,False,low,occlusion,False,low,occlusion,False,low,occlusion,False,low,occlusion,True,medium,none,True,medium,none,True,medium,none,True,medium,none,True,medium,none,True,medium,none,True,medium,none,True,medium,none,False,low,occlusion,False,low,occlusion,False,low,occlusion,True,medium,none,True,medium,none,False,low,occlusion,False,low,occlusion,True,medium,none,True,medium,none,True,medium,none,True,medium,none,True,medium,none,True,medium,none
KVAL006,198,199,1,True,medium,none,True,medium,none,True,medium,none,True,medium,none,True,medium,none,True,medium,none,True,medium,none,False,low,occlusion,False,low,occlusion,False,low,occlusion,False,low,occlusion,True,medium,none,True,medium,none,True,medium,none,True,medium,none,True,medium,none,True,medium,none,True,medium,none,True,medium,none,False,low,occlusion,False,low,occlusion,False,low,occlusion,True,medium,none,True,medium,none,False,low,occlusion,False,low,occlusion,True,medium,none,True,medium,none,True,medium,none,True,medium,none,True,medium,none,True,medium,none
KVAL006,199,200,1,True,medium,none,True,medium,none,True,medium,none,True,medium,none,True,medium,none,True,medium,none,True,medium,none,False,low,occlusion,False,low,occlusion,False,low,occlusion,False,low,occlusion,True,medium,none,True,medium,none,True,medium,none,True,medium,none,True,medium,none,True,medium,none,True,medium,none,True,medium,none,False,low,occlusion,False,low,occlusion,False,low,occlusion,True,medium,none,True,medium,none,False,low,occlusion,False,low,occlusion,True,medium,none,True,medium,none,True,medium,none,True,medium,none,True,medium,none,True,medium,none
KVAL006,200,201,1,True,medium,none,True,medium,none,True,medium,none,True,medium,none,True,medium,none,True,medium,none,True,medium,none,False,low,occlusion,False,low,occlusion,False,low,occlusion,False,low,occlusion,True,medium,none,True,medium,none,True,medium,none,True,medium,none,True,medium,none,True,medium,none,True,medium,none,True,medium,none,False,low,occlusion,False,low,occlusion,False,low,occlusion,True,medium,none,True,medium,none,False,low,occlusion,False,low,occlusion,True,medium,none,True,medium,none,True,medium,none,True,medium,none,True,medium,none,True,medium,none
KVAL006,201,202,1,True,medium,none,True,medium,none,True,medium,none,True,medium,none,True,medium,none,True,medium,none,True,medium,none,False,low,occlusion,False,low,occlusion,False,low,occlusion,False,low,occlusion,True,medium,none,True,medium,none,True,medium,none,True,medium,none,True,medium,none,True,medium,none,True,medium,none,True,medium,none,False,low,occlusion,False,low,occlusion,False,low,occlusion,True,medium,none,True,medium,none,False,low,occlusion,False,low,occlusion,True,medium,none,True,medium,none,True,medium,none,True,medium,none,True,medium,none,True,medium,none
KVAL006,202,203,1,True,medium,none,True,medium,none,True,medium,none,True,medium,none,True,medium,none,True,medium,none,True,medium,none,False,low,occlusion,False,low,occlusion,False,low,occlusion,False,low,occlusion,True,medium,none,True,medium,none,True,medium,none,True,medium,none,True,medium,none,True,medium,none,True,medium,none,True,medium,none,False,low,occlusion,False,low,occlusion,False,low,occlusion,True,medium,none,True,medium,none,False,low,occlusion,False,low,occlusion,True,medium,none,True,medium,none,True,medium,none,True,medium,none,True,medium,none,True,medium,none
KVAL006,203,204,1,True,medium,none,True,medium,none,True,medium,none,True,medium,none,True,medium,none,True,medium,none,True,medium,none,False,low,occlusion,False,low,occlusion,False,low,occlusion,False,low,occlusion,True,medium,none,True,medium,none,True,medium,none,True,medium,none,True,medium,none,True,medium,none,True,medium,none,True,medium,none,False,low,occlusion,False,low,occlusion,False,low,occlusion,True,medium,none,True,medium,none,False,low,occlusion,False,low,occlusion,True,medium,none,True,medium,none,True,medium,none,True,medium,none,True,medium,none,True,medium,none
KVAL006,204,205,1,True,medium,none,True,medium,none,True,medium,none,True,medium,none,True,medium,none,True,medium,none,True,medium,none,False,low,occlusion,False,low,occlusion,False,low,occlusion,False,low,occlusion,True,medium,none,True,medium,none,True,medium,none,True,medium,none,True,medium,none,True,medium,none,True,medium,none,True,medium,none,False,low,occlusion,False,low,occlusion,False,low,occlusion,True,medium,none,True,medium,none,False,low,occlusion,False,low,occlusion,True,medium,none,True,medium,none,True,medium,none,True,medium,none,True,medium,none,True,medium,none
KVAL006,205,206,1,True,medium,none,True,medium,none,True,medium,none,True,medium,none,True,medium,none,True,medium,none,True,medium,none,False,low,occlusion,False,low,occlusion,False,low,occlusion,False,low,occlusion,True,medium,none,True,medium,none,True,medium,none,True,medium,none,True,medium,none,True,medium,none,True,medium,none,True,medium,none,False,low,occlusion,False,low,occlusion,False,low,occlusion,True,medium,none,True,medium,none,False,low,occlusion,False,low,occlusion,True,medium,none,True,medium,none,True,medium,none,True,medium,none,True,medium,none,True,medium,none
KVAL006,206,207,1,True,medium,none,True,medium,none,True,medium,none,True,medium,none,True,medium,none,True,medium,none,True,medium,none,False,low,occlusion,False,low,occlusion,False,low,occlusion,False,low,occlusion,True,medium,none,True,medium,none,True,medium,none,True,medium,none,True,medium,none,True,medium,none,True,medium,none,True,medium,none,False,low,occlusion,False,low,occlusion,False,low,occlusion,True,medium,none,True,medium,none,True,medium,none,False,low,occlusion,True,medium,none,True,medium,none,True,medium,none,True,medium,none,True,medium,none,True,medium,none
KVAL006,207,208,1,True,medium,none,True,medium,none,True,medium,none,True,medium,none,True,medium,none,True,medium,none,True,medium,none,False,low,occlusion,False,low,occlusion,False,low,occlusion,False,low,occlusion,True,medium,none,True,medium,none,True,medium,none,True,medium,none,True,medium,none,True,medium,none,True,medium,none,True,medium,none,False,low,occlusion,False,low,occlusion,False,low,occlusion,True,medium,none,True,medium,none,False,low,occlusion,False,low,occlusion,True,medium,none,True,medium,none,True,medium,none,True,medium,none,True,medium,none,True,medium,none
KVAL006,208,209,1,True,medium,none,True,medium,none,True,medium,none,True,medium,none,True,medium,none,True,medium,none,True,medium,none,False,low,occlusion,False,low,occlusion,False,low,occlusion,False,low,occlusion,True,medium,none,True,medium,none,True,medium,none,True,medium,none,True,medium,none,True,medium,none,True,medium,none,True,medium,none,False,low,occlusion,False,low,occlusion,False,low,occlusion,True,medium,none,True,medium,none,True,medium,none,False,low,occlusion,True,medium,none,True,medium,none,True,medium,none,True,medium,none,True,medium,none,True,medium,none
KVAL006,209,210,1,True,medium,none,True,medium,none,True,medium,none,True,medium,none,True,medium,none,True,medium,none,True,medium,none,False,low,occlusion,False,low,occlusion,False,low,occlusion,False,low,occlusion,True,medium,none,True,medium,none,True,medium,none,True,medium,none,True,medium,none,True,medium,none,False,low,occlusion,True,medium,none,False,low,occlusion,False,low,occlusion,False,low,occlusion,True,medium,none,True,medium,none,False,low,occlusion,False,low,occlusion,True,medium,none,True,medium,none,True,medium,none,True,medium,none,True,medium,none,True,medium,none
KVAL006,210,211,1,True,medium,none,True,medium,none,True,medium,none,True,medium,none,True,medium,none,True,medium,none,True,medium,none,False,low,occlusion,False,low,occlusion,False,low,occlusion,False,low,occlusion,True,medium,none,True,medium,none,True,medium,none,True,medium,none,True,medium,none,True,medium,none,False,low,occlusion,True,medium,none,False,low,occlusion,False,low,occlusion,False,low,occlusion,True,medium,none,True,medium,none,False,low,occlusion,False,low,occlusion,True,medium,none,True,medium,none,True,medium,none,True,medium,none,True,medium,none,True,medium,none
KVAL006,211,212,1,True,medium,none,True,medium,none,True,medium,none,True,medium,none,True,medium,none,True,medium,none,True,medium,none,False,low,occlusion,False,low,occlusion,False,low,occlusion,False,low,occlusion,True,medium,none,True,medium,none,True,medium,none,True,medium,none,True,medium,none,True,medium,none,False,low,occlusion,True,medium,none,False,low,occlusion,False,low,occlusion,False,low,occlusion,True,medium,none,True,medium,none,False,low,occlusion,False,low,occlusion,True,medium,none,True,medium,none,True,medium,none,True,medium,none,True,medium,none,True,medium,none
KVAL006,212,213,1,True,medium,none,True,medium,none,True,medium,none,True,medium,none,True,medium,none,True,medium,none,True,medium,none,False,low,occlusion,False,low,occlusion,False,low,occlusion,False,low,occlusion,True,medium,none,True,medium,none,True,medium,none,True,medium,none,True,medium,none,True,medium,none,False,low,occlusion,True,medium,none,False,low,occlusion,False,low,occlusion,False,low,occlusion,True,medium,none,True,medium,none,False,low,occlusion,False,low,occlusion,True,medium,none,True,medium,none,True,medium,none,True,medium,none,True,medium,none,True,medium,none
KVAL006,213,214,1,True,medium,none,True,medium,none,True,medium,none,True,medium,none,True,medium,none,True,medium,none,True,medium,none,False,low,occlusion,False,low,occlusion,False,low,occlusion,False,low,occlusion,True,medium,none,True,medium,none,True,medium,none,True,medium,none,True,medium,none,False,low,occlusion,False,low,occlusion,True,medium,none,False,low,occlusion,False,low,occlusion,False,low,occlusion,True,medium,none,True,medium,none,False,low,occlusion,False,low,occlusion,True,medium,none,True,medium,none,True,medium,none,True,medium,none,True,medium,none,True,medium,none
KVAL006,214,215,1,True,medium,none,True,medium,none,True,medium,none,True,medium,none,True,medium,none,True,medium,none,True,medium,none,False,low,occlusion,False,low,occlusion,False,low,occlusion,False,low,occlusion,True,medium,none,True,medium,none,True,medium,none,True,medium,none,True,medium,none,False,low,occlusion,False,low,occlusion,True,medium,none,False,low,occlusion,False,low,occlusion,False,low,occlusion,True,medium,none,True,medium,none,False,low,occlusion,False,low,occlusion,True,medium,none,True,medium,none,True,medium,none,True,medium,none,True,medium,none,True,medium,none
KVAL006,215,216,1,True,medium,none,True,medium,none,True,medium,none,True,medium,none,True,medium,none,True,medium,none,True,medium,none,False,low,occlusion,False,low,occlusion,False,low,occlusion,False,low,occlusion,True,medium,none,True,medium,none,True,medium,none,True,medium,none,True,medium,none,False,low,occlusion,True,medium,none,True,medium,none,False,low,occlusion,False,low,occlusion,False,low,occlusion,True,medium,none,True,medium,none,True,medium,none,False,low,occlusion,True,medium,none,True,medium,none,True,medium,none,True,medium,none,True,medium,none,True,medium,none
KVAL006,216,217,1,True,medium,none,True,medium,none,True,medium,none,True,medium,none,True,medium,none,True,medium,none,True,medium,none,False,low,occlusion,False,low,occlusion,False,low,occlusion,False,low,occlusion,True,medium,none,True,medium,none,True,medium,none,True,medium,none,True,medium,none,False,low,occlusion,True,medium,none,True,medium,none,False,low,occlusion,False,low,occlusion,False,low,occlusion,True,medium,none,True,medium,none,True,medium,none,False,low,occlusion,True,medium,none,True,medium,none,True,medium,none,True,medium,none,True,medium,none,True,medium,none
KVAL006,217,218,1,True,medium,none,True,medium,none,True,medium,none,True,medium,none,True,medium,none,True,medium,none,True,medium,none,False,low,occlusion,False,low,occlusion,False,low,occlusion,False,low,occlusion,True,medium,none,True,medium,none,True,medium,none,True,medium,none,True,medium,none,False,low,occlusion,True,medium,none,True,medium,none,False,low,occlusion,False,low,occlusion,False,low,occlusion,True,medium,none,True,medium,none,False,low,occlusion,False,low,occlusion,True,medium,none,True,medium,none,True,medium,none,True,medium,none,True,medium,none,True,medium,none
KVAL006,218,219,1,True,medium,none,True,medium,none,True,medium,none,True,medium,none,True,medium,none,True,medium,none,True,medium,none,False,low,occlusion,False,low,occlusion,False,low,occlusion,False,low,occlusion,True,medium,none,True,medium,none,True,medium,none,True,medium,none,True,medium,none,False,low,occlusion,True,medium,none,True,medium,none,False,low,occlusion,False,low,occlusion,False,low,occlusion,True,medium,none,True,medium,none,False,low,occlusion,False,low,occlusion,True,medium,none,True,medium,none,True,medium,none,True,medium,none,True,medium,none,True,medium,none
KVAL006,219,220,1,True,medium,none,True,medium,none,True,medium,none,True,medium,none,True,medium,none,True,medium,none,True,medium,none,False,low,occlusion,False,low,occlusion,False,low,occlusion,False,low,occlusion,True,medium,none,True,medium,none,True,medium,none,True,medium,none,True,medium,none,True,medium,none,True,medium,none,True,medium,none,False,low,occlusion,False,low,occlusion,False,low,occlusion,True,medium,none,True,medium,none,False,low,occlusion,False,low,occlusion,True,medium,none,True,medium,none,True,medium,none,True,medium,none,True,medium,none,True,medium,none
KVAL006,220,221,1,True,medium,none,True,medium,none,True,medium,none,True,medium,none,True,medium,none,True,medium,none,True,medium,none,False,low,occlusion,False,low,occlusion,False,low,occlusion,False,low,occlusion,True,medium,none,True,medium,none,True,medium,none,True,medium,none,True,medium,none,True,medium,none,True,medium,none,True,medium,none,False,low,occlusion,False,low,occlusion,False,low,occlusion,True,medium,none,True,medium,none,False,low,occlusion,False,low,occlusion,True,medium,none,True,medium,none,True,medium,none,True,medium,none,True,medium,none,True,medium,none
KVAL006,221,222,1,True,medium,none,True,medium,none,True,medium,none,True,medium,none,True,medium,none,True,medium,none,True,medium,none,False,low,occlusion,False,low,occlusion,False,low,occlusion,False,low,occlusion,True,medium,none,True,medium,none,True,medium,none,True,medium,none,True,medium,none,True,medium,none,True,medium,none,True,medium,none,False,low,occlusion,False,low,occlusion,False,low,occlusion,True,medium,none,False,low,occlusion,False,low,occlusion,False,low,occlusion,True,medium,none,True,medium,none,True,medium,none,True,medium,none,True,medium,none,True,medium,none
KVAL006,222,223,1,True,medium,none,True,medium,none,True,medium,none,True,medium,none,True,medium,none,True,medium,none,True,medium,none,False,low,occlusion,False,low,occlusion,False,low,occlusion,False,low,occlusion,True,medium,none,True,medium,none,True,medium,none,True,medium,none,True,medium,none,True,medium,none,True,medium,none,True,medium,none,False,low,occlusion,False,low,occlusion,False,low,occlusion,True,medium,none,False,low,occlusion,False,low,occlusion,False,low,occlusion,True,medium,none,True,medium,none,True,medium,none,True,medium,none,True,medium,none,True,medium,none
KVAL006,223,224,1,True,medium,none,True,medium,none,True,medium,none,True,medium,none,True,medium,none,True,medium,none,True,medium,none,False,low,occlusion,False,low,occlusion,False,low,occlusion,False,low,occlusion,True,medium,none,True,medium,none,True,medium,none,True,medium,none,True,medium,none,True,medium,none,True,medium,none,True,medium,none,False,low,occlusion,False,low,occlusion,False,low,occlusion,True,medium,none,False,low,occlusion,False,low,occlusion,False,low,occlusion,True,medium,none,True,medium,none,True,medium,none,True,medium,none,True,medium,none,True,medium,none
KVAL006,224,225,1,True,medium,none,True,medium,none,True,medium,none,True,medium,none,True,medium,none,True,medium,none,True,medium,none,False,low,occlusion,False,low,occlusion,False,low,occlusion,False,low,occlusion,True,medium,none,True,medium,none,True,medium,none,True,medium,none,True,medium,none,True,medium,none,True,medium,none,True,medium,none,False,low,occlusion,False,low,occlusion,False,low,occlusion,True,medium,none,False,low,occlusion,False,low,occlusion,False,low,occlusion,True,medium,none,True,medium,none,True,medium,none,True,medium,none,True,medium,none,True,medium,none
KVAL006,225,226,1,True,medium,none,True,medium,none,True,medium,none,True,medium,none,True,medium,none,True,medium,none,True,medium,none,False,low,occlusion,False,low,occlusion,False,low,occlusion,False,low,occlusion,True,medium,none,True,medium,none,True,medium,none,True,medium,none,True,medium,none,True,medium,none,True,medium,none,True,medium,none,False,low,occlusion,False,low,occlusion,False,low,occlusion,True,medium,none,False,low,occlusion,False,low,occlusion,False,low,occlusion,True,medium,none,True,medium,none,True,medium,none,True,medium,none,True,medium,none,True,medium,none
KVAL006,226,227,1,True,medium,none,True,medium,none,True,medium,none,True,medium,none,True,medium,none,True,medium,none,True,medium,none,False,low,occlusion,False,low,occlusion,False,low,occlusion,False,low,occlusion,True,medium,none,True,medium,none,True,medium,none,True,medium,none,True,medium,none,True,medium,none,True,medium,none,False,low,occlusion,False,low,occlusion,False,low,occlusion,False,low,occlusion,True,medium,none,False,low,occlusion,False,low,occlusion,False,low,occlusion,True,medium,none,True,medium,none,True,medium,none,True,medium,none,True,medium,none,True,medium,none
KVAL006,227,228,1,True,medium,none,True,medium,none,True,medium,none,True,medium,none,True,medium,none,True,medium,none,True,medium,none,False,low,occlusion,False,low,occlusion,False,low,occlusion,False,low,occlusion,True,medium,none,True,medium,none,True,medium,none,True,medium,none,True,medium,none,True,medium,none,True,medium,none,False,low,occlusion,False,low,occlusion,False,low,occlusion,False,low,occlusion,False,low,occlusion,False,low,occlusion,False,low,occlusion,False,low,occlusion,True,medium,none,True,medium,none,True,medium,none,True,medium,none,True,medium,none,True,medium,none
KVAL006,228,229,1,True,medium,none,True,medium,none,True,medium,none,True,medium,none,True,medium,none,True,medium,none,True,medium,none,False,low,occlusion,False,low,occlusion,False,low,occlusion,False,low,occlusion,True,medium,none,True,medium,none,True,medium,none,True,medium,none,True,medium,none,True,medium,none,True,medium,none,False,low,occlusion,False,low,occlusion,False,low,occlusion,False,low,occlusion,False,low,occlusion,False,low,occlusion,False,low,occlusion,False,low,occlusion,True,medium,none,True,medium,none,True,medium,none,True,medium,none,True,medium,none,True,medium,none
KVAL006,229,230,1,True,medium,none,True,medium,none,True,medium,none,True,medium,none,True,medium,none,True,medium,none,True,medium,none,False,low,occlusion,False,low,occlusion,False,low,occlusion,False,low,occlusion,True,medium,none,True,medium,none,True,medium,none,True,medium,none,True,medium,none,True,medium,none,True,medium,none,False,low,occlusion,False,low,occlusion,False,low,occlusion,False,low,occlusion,False,low,occlusion,False,low,occlusion,False,low,occlusion,False,low,occlusion,True,medium,none,True,medium,none,True,medium,none,True,medium,none,True,medium,none,True,medium,none
KVAL006,230,231,1,True,medium,none,True,medium,none,True,medium,none,True,medium,none,True,medium,none,True,medium,none,True,medium,none,True,medium,none,False,low,occlusion,False,low,occlusion,False,low,occlusion,True,medium,none,True,medium,none,True,medium,none,True,medium,none,True,medium,none,True,medium,none,True,medium,none,False,low,occlusion,False,low,occlusion,False,low,occlusion,False,low,occlusion,False,low,occlusion,False,low,occlusion,False,low,occlusion,False,low,occlusion,True,medium,none,True,medium,none,True,medium,none,True,medium,none,True,medium,none,True,medium,none
KVAL006,231,232,1,True,medium,none,True,medium,none,True,medium,none,True,medium,none,True,medium,none,True,medium,none,True,medium,none,True,medium,none,False,low,occlusion,False,low,occlusion,False,low,occlusion,True,medium,none,True,medium,none,False,low,occlusion,False,low,occlusion,False,low,occlusion,False,low,occlusion,False,low,occlusion,False,low,occlusion,False,low,occlusion,False,low,occlusion,False,low,occlusion,False,low,occlusion,False,low,occlusion,False,low,occlusion,False,low,occlusion,True,medium,none,True,medium,none,True,medium,none,True,medium,none,True,medium,none,True,medium,none
KVAL006,232,233,1,True,medium,none,True,medium,none,True,medium,none,True,medium,none,True,medium,none,True,medium,none,True,medium,none,True,medium,none,False,low,occlusion,False,low,occlusion,False,low,occlusion,False,low,occlusion,False,low,occlusion,False,low,occlusion,False,low,occlusion,False,low,occlusion,False,low,occlusion,False,low,occlusion,False,low,occlusion,False,low,occlusion,False,low,occlusion,False,low,occlusion,False,low,occlusion,False,low,occlusion,False,low,occlusion,False,low,occlusion,True,medium,none,True,medium,none,True,medium,none,True,medium,none,True,medium,none,True,medium,none
KVAL006,233,234,1,True,medium,none,True,medium,none,True,medium,none,True,medium,none,True,medium,none,True,medium,none,True,medium,none,True,medium,none,True,medium,none,False,low,bone_length_anomaly,False,low,bone_length_anomaly,True,medium,none,True,medium,none,True,medium,none,True,medium,none,True,medium,none,True,medium,none,True,medium,none,True,medium,none,False,low,occlusion,False,low,occlusion,False,low,occlusion,True,medium,none,False,low,occlusion,False,low,occlusion,False,low,occlusion,True,medium,none,True,medium,none,True,medium,none,True,medium,none,True,medium,none,True,medium,none
KVAL006,234,235,1,True,medium,none,True,medium,none,True,medium,none,True,medium,none,True,medium,none,True,medium,none,True,medium,none,True,medium,none,True,medium,none,False,low,occlusion,False,low,bone_length_anomaly,True,medium,none,True,medium,none,True,medium,none,True,medium,none,True,medium,none,True,medium,none,True,medium,none,True,medium,none,False,low,occlusion,False,low,occlusion,False,low,occlusion,True,medium,none,False,low,occlusion,False,low,occlusion,False,low,occlusion,True,medium,none,True,medium,none,True,medium,none,True,medium,none,True,medium,none,True,medium,none
KVAL006,235,236,1,True,medium,none,True,medium,none,True,medium,none,True,medium,none,True,medium,none,True,medium,none,True,medium,none,True,medium,none,True,medium,none,False,low,occlusion,False,low,occlusion,True,medium,none,True,medium,none,True,medium,none,True,medium,none,True,medium,none,True,medium,none,True,medium,none,True,medium,none,False,low,occlusion,False,low,occlusion,False,low,occlusion,True,medium,none,False,low,occlusion,False,low,occlusion,False,low,occlusion,True,medium,none,True,medium,none,True,medium,none,True,medium,none,True,medium,none,True,medium,none
KVAL006,236,237,1,True,medium,none,True,medium,none,True,medium,none,True,medium,none,True,medium,none,True,medium,none,True,medium,none,True,medium,none,True,medium,none,False,low,bone_length_anomaly,False,low,bone_length_anomaly,True,medium,none,True,medium,none,True,medium,none,True,medium,none,True,medium,none,True,medium,none,True,medium,none,True,medium,none,False,low,occlusion,False,low,occlusion,False,low,occlusion,True,medium,none,False,low,occlusion,False,low,occlusion,False,low,occlusion,True,medium,none,True,medium,none,True,medium,none,True,medium,none,True,medium,none,True,medium,none
KVAL006,237,238,1,True,medium,none,True,medium,none,True,medium,none,True,medium,none,True,medium,none,True,medium,none,True,medium,none,True,medium,none,True,medium,none,False,low,occlusion,False,low,bone_length_anomaly,True,medium,none,True,medium,none,True,medium,none,True,medium,none,True,medium,none,True,medium,none,True,medium,none,True,medium,none,False,low,occlusion,False,low,occlusion,False,low,occlusion,True,medium,none,False,low,occlusion,False,low,occlusion,False,low,occlusion,True,medium,none,True,medium,none,True,medium,none,True,medium,none,True,medium,none,True,medium,none
KVAL006,238,239,1,True,medium,none,True,medium,none,True,medium,none,True,medium,none,True,medium,none,True,medium,none,True,medium,none,True,medium,none,True,medium,none,False,low,occlusion,False,low,bone_length_anomaly,True,medium,none,True,medium,none,True,medium,none,True,medium,none,True,medium,none,True,medium,none,True,medium,none,True,medium,none,False,low,occlusion,False,low,occlusion,False,low,occlusion,True,medium,none,False,low,occlusion,False,low,occlusion,False,low,occlusion,True,medium,none,True,medium,none,True,medium,none,True,medium,none,True,medium,none,True,medium,none
KVAL006,239,240,1,True,medium,none,True,medium,none,True,medium,none,True,medium,none,True,medium,none,True,medium,none,True,medium,none,True,medium,none,True,medium,none,False,low,occlusion,False,low,bone_length_anomaly,True,medium,none,True,medium,none,True,medium,none,True,medium,none,True,medium,none,True,medium,none,True,medium,none,True,medium,none,False,low,occlusion,False,low,occlusion,False,low,occlusion,True,medium,none,False,low,occlusion,False,low,occlusion,False,low,occlusion,True,medium,none,True,medium,none,True,medium,none,True,medium,none,True,medium,none,True,medium,none
KVAL006,240,241,1,True,medium,none,True,medium,none,True,medium,none,True,medium,none,True,medium,none,True,medium,none,True,medium,none,True,medium,none,False,low,occlusion,False,low,occlusion,False,low,occlusion,True,medium,none,True,medium,none,True,medium,none,True,medium,none,True,medium,none,True,medium,none,True,medium,none,True,medium,none,False,low,occlusion,False,low,occlusion,False,low,occlusion,True,medium,none,False,low,occlusion,False,low,occlusion,False,low,occlusion,True,medium,none,True,medium,none,True,medium,none,True,medium,none,True,medium,none,True,medium,none
KVAL006,241,242,1,True,medium,none,True,medium,none,True,medium,none,True,medium,none,True,medium,none,True,medium,none,True,medium,none,True,medium,none,True,medium,none,False,low,bone_length_anomaly,False,low,bone_length_anomaly,True,medium,none,True,medium,none,True,medium,none,True,medium,none,True,medium,none,True,medium,none,True,medium,none,False,low,occlusion,False,low,occlusion,False,low,occlusion,False,low,occlusion,False,low,occlusion,False,low,occlusion,False,low,occlusion,False,low,occlusion,True,medium,none,True,medium,none,True,medium,none,True,medium,none,True,medium,none,True,medium,none
KVAL006,242,243,1,True,medium,none,True,medium,none,True,medium,none,True,medium,none,True,medium,none,True,medium,none,True,medium,none,True,medium,none,True,medium,none,False,low,bone_length_anomaly,False,low,bone_length_anomaly,True,medium,none,True,medium,none,True,medium,none,True,medium,none,True,medium,none,True,medium,none,True,medium,none,False,low,occlusion,False,low,occlusion,False,low,occlusion,False,low,occlusion,False,low,occlusion,False,low,occlusion,False,low,occlusion,False,low,occlusion,True,medium,none,True,medium,none,True,medium,none,True,medium,none,True,medium,none,True,medium,none
KVAL006,243,244,1,True,medium,none,True,medium,none,True,medium,none,True,medium,none,True,medium,none,True,medium,none,True,medium,none,True,medium,none,True,medium,none,False,low,bone_length_anomaly,False,low,bone_length_anomaly,True,medium,none,True,medium,none,True,medium,none,True,medium,none,True,medium,none,True,medium,none,True,medium,none,False,low,occlusion,False,low,occlusion,False,low,occlusion,False,low,occlusion,False,low,occlusion,False,low,occlusion,False,low,occlusion,False,low,occlusion,True,medium,none,True,medium,none,True,medium,none,True,medium,none,True,medium,none,True,medium,none
KVAL006,244,245,1,True,medium,none,True,medium,none,True,medium,none,True,medium,none,True,medium,none,True,medium,none,True,medium,none,True,medium,none,True,medium,none,False,low,bone_length_anomaly,False,low,bone_length_anomaly,True,medium,none,True,medium,none,True,medium,none,True,medium,none,True,medium,none,True,medium,none,True,medium,none,False,low,occlusion,False,low,occlusion,False,low,occlusion,False,low,occlusion,False,low,occlusion,False,low,occlusion,False,low,occlusion,False,low,occlusion,True,medium,none,True,medium,none,True,medium,none,True,medium,none,True,medium,none,True,medium,none
KVAL006,245,246,1,True,medium,none,True,medium,none,True,medium,none,True,medium,none,True,medium,none,True,medium,none,True,medium,none,True,medium,none,True,medium,none,False,low,bone_length_anomaly,False,low,bone_length_anomaly,True,medium,none,True,medium,none,True,medium,none,True,medium,none,True,medium,none,True,medium,none,True,medium,none,False,low,occlusion,False,low,occlusion,False,low,occlusion,False,low,occlusion,True,medium,none,False,low,occlusion,False,low,occlusion,False,low,occlusion,True,medium,none,True,medium,none,True,medium,none,True,medium,none,True,medium,none,True,medium,none
KVAL006,246,247,1,True,medium,none,True,medium,none,True,medium,none,True,medium,none,True,medium,none,True,medium,none,True,medium,none,True,medium,none,True,medium,none,False,low,bone_length_anomaly,False,low,bone_length_anomaly,True,medium,none,True,medium,none,True,medium,none,True,medium,none,True,medium,none,True,medium,none,True,medium,none,True,medium,none,False,low,occlusion,False,low,occlusion,False,low,occlusion,True,medium,none,False,low,occlusion,False,low,occlusion,False,low,occlusion,True,medium,none,True,medium,none,True,medium,none,True,medium,none,True,medium,none,True,medium,none
KVAL006,247,248,1,True,medium,none,True,medium,none,True,medium,none,True,medium,none,True,medium,none,True,medium,none,True,medium,none,True,medium,none,True,medium,none,False,low,bone_length_anomaly,False,low,bone_length_anomaly,True,medium,none,True,medium,none,True,medium,none,True,medium,none,True,medium,none,True,medium,none,True,medium,none,True,medium,none,False,low,occlusion,False,low,occlusion,False,low,occlusion,True,medium,none,False,low,occlusion,False,low,occlusion,False,low,occlusion,True,medium,none,True,medium,none,True,medium,none,True,medium,none,True,medium,none,True,medium,none
KVAL006,248,249,1,True,medium,none,True,medium,none,True,medium,none,True,medium,none,True,medium,none,True,medium,none,True,medium,none,True,medium,none,True,medium,none,False,low,bone_length_anomaly,False,low,bone_length_anomaly,True,medium,none,True,medium,none,True,medium,none,True,medium,none,True,medium,none,True,medium,none,True,medium,none,True,medium,none,False,low,occlusion,False,low,occlusion,False,low,occlusion,True,medium,none,False,low,occlusion,False,low,occlusion,False,low,occlusion,True,medium,none,True,medium,none,True,medium,none,True,medium,none,True,medium,none,True,medium,none
KVAL006,249,250,1,True,medium,none,True,medium,none,True,medium,none,True,medium,none,True,medium,none,True,medium,none,True,medium,none,True,medium,none,True,medium,none,False,low,bone_length_anomaly,False,low,bone_length_anomaly,True,medium,none,True,medium,none,True,medium,none,True,medium,none,True,medium,none,True,medium,none,True,medium,none,False,low,occlusion,False,low,occlusion,False,low,occlusion,False,low,occlusion,True,medium,none,False,low,occlusion,False,low,occlusion,False,low,occlusion,True,medium,none,True,medium,none,True,medium,none,True,medium,none,True,medium,none,True,medium,none
KVAL006,250,251,1,True,medium,none,True,medium,none,True,medium,none,True,medium,none,True,medium,none,True,medium,none,True,medium,none,True,medium,none,True,medium,none,False,low,bone_length_anomaly,False,low,bone_length_anomaly,True,medium,none,True,medium,none,True,medium,none,True,medium,none,True,medium,none,True,medium,none,True,medium,none,False,low,occlusion,False,low,occlusion,False,low,occlusion,False,low,occlusion,False,low,occlusion,False,low,occlusion,False,low,occlusion,False,low,occlusion,True,medium,none,True,medium,none,True,medium,none,True,medium,none,True,medium,none,True,medium,none
KVAL006,251,252,1,True,medium,none,True,medium,none,True,medium,none,True,medium,none,True,medium,none,True,medium,none,True,medium,none,True,medium,none,True,medium,none,False,low,bone_length_anomaly,False,low,bone_length_anomaly,True,medium,none,True,medium,none,True,medium,none,True,medium,none,True,medium,none,True,medium,none,True,medium,none,False,low,occlusion,False,low,occlusion,False,low,occlusion,False,low,occlusion,True,medium,none,False,low,occlusion,False,low,occlusion,False,low,occlusion,True,medium,none,True,medium,none,True,medium,none,True,medium,none,True,medium,none,True,medium,none
KVAL006,252,253,1,True,medium,none,True,medium,none,True,medium,none,True,medium,none,True,medium,none,True,medium,none,True,medium,none,True,medium,none,True,medium,none,False,low,bone_length_anomaly,False,low,bone_length_anomaly,True,medium,none,True,medium,none,True,medium,none,True,medium,none,True,medium,none,True,medium,none,True,medium,none,False,low,occlusion,False,low,occlusion,False,low,occlusion,False,low,occlusion,False,low,occlusion,False,low,occlusion,False,low,occlusion,False,low,occlusion,True,medium,none,True,medium,none,True,medium,none,True,medium,none,True,medium,none,True,medium,none
KVAL006,253,254,1,True,medium,none,True,medium,none,True,medium,none,True,medium,none,True,medium,none,True,medium,none,True,medium,none,True,medium,none,True,medium,none,False,low,bone_length_anomaly,False,low,bone_length_anomaly,True,medium,none,True,medium,none,True,medium,none,True,medium,none,True,medium,none,True,medium,none,True,medium,none,False,low,occlusion,False,low,occlusion,False,low,occlusion,False,low,occlusion,False,low,occlusion,False,low,occlusion,False,low,occlusion,False,low,occlusion,True,medium,none,True,medium,none,True,medium,none,True,medium,none,True,medium,none,True,medium,none
KVAL006,254,255,1,True,medium,none,True,medium,none,True,medium,none,True,medium,none,True,medium,none,True,medium,none,True,medium,none,True,medium,none,True,medium,none,False,low,bone_length_anomaly,False,low,bone_length_anomaly,True,medium,none,True,medium,none,True,medium,none,True,medium,none,True,medium,none,True,medium,none,True,medium,none,False,low,occlusion,False,low,occlusion,False,low,occlusion,False,low,occlusion,False,low,occlusion,False,low,occlusion,False,low,occlusion,False,low,occlusion,True,medium,none,True,medium,none,True,medium,none,True,medium,none,True,medium,none,True,medium,none
KVAL006,255,256,1,True,medium,none,True,medium,none,True,medium,none,True,medium,none,True,medium,none,True,medium,none,True,medium,none,True,medium,none,True,medium,none,False,low,bone_length_anomaly,False,low,bone_length_anomaly,True,medium,none,True,medium,none,True,medium,none,True,medium,none,True,medium,none,True,medium,none,True,medium,none,False,low,occlusion,False,low,occlusion,False,low,occlusion,False,low,occlusion,False,low,occlusion,False,low,occlusion,False,low,occlusion,False,low,occlusion,True,medium,none,True,medium,none,True,medium,none,True,medium,none,True,medium,none,True,medium,none
KVAL006,256,257,1,True,medium,none,True,medium,none,True,medium,none,True,medium,none,True,medium,none,True,medium,none,True,medium,none,True,medium,none,True,medium,none,False,low,bone_length_anomaly,False,low,bone_length_anomaly,True,medium,none,True,medium,none,True,medium,none,True,medium,none,True,medium,none,True,medium,none,True,medium,none,False,low,occlusion,False,low,occlusion,False,low,occlusion,False,low,occlusion,True,medium,none,False,low,occlusion,False,low,occlusion,False,low,occlusion,True,medium,none,True,medium,none,True,medium,none,True,medium,none,True,medium,none,True,medium,none
KVAL006,257,258,1,True,medium,none,True,medium,none,True,medium,none,True,medium,none,True,medium,none,True,medium,none,True,medium,none,True,medium,none,True,medium,none,False,low,bone_length_anomaly,False,low,bone_length_anomaly,True,medium,none,True,medium,none,True,medium,none,True,medium,none,True,medium,none,True,medium,none,True,medium,none,True,medium,none,False,low,occlusion,False,low,occlusion,False,low,occlusion,False,low,occlusion,False,low,occlusion,False,low,occlusion,False,low,occlusion,True,medium,none,True,medium,none,True,medium,none,True,medium,none,True,medium,none,True,medium,none
KVAL006,258,259,1,True,medium,none,True,medium,none,True,medium,none,True,medium,none,True,medium,none,True,medium,none,True,medium,none,True,medium,none,True,medium,none,False,low,bone_length_anomaly,False,low,bone_length_anomaly,True,medium,none,True,medium,none,True,medium,none,True,medium,none,True,medium,none,True,medium,none,True,medium,none,False,low,occlusion,False,low,occlusion,False,low,occlusion,False,low,occlusion,False,low,occlusion,False,low,occlusion,False,low,occlusion,False,low,occlusion,True,medium,none,True,medium,none,True,medium,none,True,medium,none,True,medium,none,True,medium,none
KVAL006,259,260,1,True,medium,none,True,medium,none,True,medium,none,True,medium,none,True,medium,none,True,medium,none,True,medium,none,True,medium,none,True,medium,none,False,low,bone_length_anomaly,False,low,bone_length_anomaly,True,medium,none,True,medium,none,True,medium,none,True,medium,none,True,medium,none,True,medium,none,True,medium,none,True,medium,none,False,low,occlusion,False,low,occlusion,False,low,occlusion,False,low,occlusion,False,low,occlusion,False,low,occlusion,False,low,occlusion,True,medium,none,True,medium,none,True,medium,none,True,medium,none,True,medium,none,True,medium,none
KVAL006,260,261,1,True,medium,none,True,medium,none,True,medium,none,True,medium,none,True,medium,none,True,medium,none,True,medium,none,True,medium,none,True,medium,none,False,low,bone_length_anomaly,False,low,bone_length_anomaly,True,medium,none,True,medium,none,True,medium,none,True,medium,none,True,medium,none,True,medium,none,True,medium,none,False,low,occlusion,False,low,occlusion,False,low,occlusion,False,low,occlusion,False,low,occlusion,False,low,occlusion,False,low,occlusion,False,low,occlusion,True,medium,none,True,medium,none,True,medium,none,True,medium,none,True,medium,none,True,medium,none
KVAL006,261,262,1,True,medium,none,True,medium,none,True,medium,none,True,medium,none,True,medium,none,True,medium,none,True,medium,none,True,medium,none,True,medium,none,False,low,bone_length_anomaly,False,low,bone_length_anomaly,True,medium,none,True,medium,none,True,medium,none,True,medium,none,True,medium,none,True,medium,none,True,medium,none,False,low,occlusion,False,low,occlusion,False,low,occlusion,False,low,occlusion,False,low,occlusion,False,low,occlusion,False,low,occlusion,False,low,occlusion,True,medium,none,True,medium,none,True,medium,none,True,medium,none,True,medium,none,True,medium,none
KVAL006,262,263,1,True,medium,none,True,medium,none,True,medium,none,True,medium,none,True,medium,none,True,medium,none,True,medium,none,True,medium,none,True,medium,none,False,low,bone_length_anomaly,False,low,bone_length_anomaly,True,medium,none,True,medium,none,True,medium,none,True,medium,none,True,medium,none,True,medium,none,True,medium,none,True,medium,none,False,low,occlusion,False,low,occlusion,False,low,occlusion,False,low,occlusion,False,low,occlusion,False,low,occlusion,False,low,occlusion,True,medium,none,True,medium,none,True,medium,none,True,medium,none,True,medium,none,True,medium,none
KVAL006,263,264,1,True,medium,none,True,medium,none,True,medium,none,True,medium,none,True,medium,none,True,medium,none,True,medium,none,True,medium,none,True,medium,none,False,low,bone_length_anomaly,False,low,bone_length_anomaly,True,medium,none,True,medium,none,True,medium,none,True,medium,none,True,medium,none,True,medium,none,True,medium,none,False,low,occlusion,False,low,occlusion,False,low,occlusion,False,low,occlusion,False,low,occlusion,False,low,occlusion,False,low,occlusion,False,low,occlusion,True,medium,none,True,medium,none,True,medium,none,True,medium,none,True,medium,none,True,medium,none
KVAL006,264,265,1,True,medium,none,True,medium,none,True,medium,none,True,medium,none,True,medium,none,True,medium,none,True,medium,none,True,medium,none,True,medium,none,False,low,bone_length_anomaly,False,low,bone_length_anomaly,True,medium,none,True,medium,none,True,medium,none,True,medium,none,True,medium,none,True,medium,none,True,medium,none,True,medium,none,False,low,occlusion,False,low,occlusion,False,low,occlusion,False,low,occlusion,False,low,occlusion,False,low,occlusion,False,low,occlusion,True,medium,none,True,medium,none,True,medium,none,True,medium,none,True,medium,none,True,medium,none
KVAL006,265,266,1,True,medium,none,True,medium,none,True,medium,none,True,medium,none,True,medium,none,True,medium,none,True,medium,none,True,medium,none,True,medium,none,False,low,bone_length_anomaly,False,low,bone_length_anomaly,True,medium,none,True,medium,none,True,medium,none,True,medium,none,True,medium,none,True,medium,none,True,medium,none,False,low,occlusion,False,low,occlusion,False,low,occlusion,False,low,occlusion,False,low,occlusion,False,low,occlusion,False,low,occlusion,False,low,occlusion,True,medium,none,True,medium,none,True,medium,none,True,medium,none,True,medium,none,True,medium,none
KVAL006,266,267,1,True,medium,none,True,medium,none,True,medium,none,True,medium,none,True,medium,none,True,medium,none,True,medium,none,True,medium,none,True,medium,none,False,low,bone_length_anomaly,False,low,bone_length_anomaly,True,medium,none,True,medium,none,True,medium,none,True,medium,none,True,medium,none,True,medium,none,True,medium,none,False,low,occlusion,False,low,occlusion,False,low,occlusion,False,low,occlusion,False,low,occlusion,False,low,occlusion,False,low,occlusion,False,low,occlusion,True,medium,none,True,medium,none,True,medium,none,True,medium,none,True,medium,none,True,medium,none
KVAL006,267,268,1,True,medium,none,True,medium,none,True,medium,none,True,medium,none,True,medium,none,True,medium,none,True,medium,none,True,medium,none,True,medium,none,False,low,bone_length_anomaly,False,low,bone_length_anomaly,True,medium,none,True,medium,none,True,medium,none,True,medium,none,True,medium,none,True,medium,none,True,medium,none,False,low,occlusion,False,low,occlusion,False,low,occlusion,False,low,occlusion,False,low,occlusion,False,low,occlusion,False,low,occlusion,False,low,occlusion,True,medium,none,True,medium,none,True,medium,none,True,medium,none,True,medium,none,True,medium,none
KVAL006,268,269,1,True,medium,none,True,medium,none,True,medium,none,True,medium,none,True,medium,none,True,medium,none,True,medium,none,True,medium,none,True,medium,none,False,low,bone_length_anomaly,False,low,bone_length_anomaly,True,medium,none,True,medium,none,True,medium,none,True,medium,none,True,medium,none,True,medium,none,True,medium,none,False,low,occlusion,False,low,occlusion,False,low,occlusion,False,low,occlusion,False,low,occlusion,False,low,occlusion,False,low,occlusion,False,low,occlusion,True,medium,none,True,medium,none,True,medium,none,True,medium,none,True,medium,none,True,medium,none
KVAL006,269,270,1,True,medium,none,True,medium,none,True,medium,none,True,medium,none,True,medium,none,True,medium,none,True,medium,none,True,medium,none,True,medium,none,False,low,bone_length_anomaly,False,low,bone_length_anomaly,True,medium,none,True,medium,none,True,medium,none,True,medium,none,True,medium,none,True,medium,none,True,medium,none,False,low,occlusion,False,low,occlusion,False,low,occlusion,False,low,occlusion,False,low,occlusion,False,low,occlusion,False,low,occlusion,False,low,occlusion,True,medium,none,True,medium,none,True,medium,none,True,medium,none,True,medium,none,True,medium,none
KVAL006,270,271,1,True,medium,none,True,medium,none,True,medium,none,True,medium,none,True,medium,none,True,medium,none,True,medium,none,True,medium,none,True,medium,none,False,low,bone_length_anomaly,False,low,bone_length_anomaly,True,medium,none,True,medium,none,True,medium,none,True,medium,none,True,medium,none,True,medium,none,True,medium,none,False,low,occlusion,False,low,occlusion,False,low,occlusion,False,low,occlusion,False,low,occlusion,False,low,occlusion,False,low,occlusion,False,low,occlusion,True,medium,none,True,medium,none,True,medium,none,True,medium,none,True,medium,none,True,medium,none
KVAL006,271,272,1,True,medium,none,True,medium,none,True,medium,none,True,medium,none,True,medium,none,True,medium,none,True,medium,none,True,medium,none,True,medium,none,False,low,bone_length_anomaly,False,low,bone_length_anomaly,True,medium,none,True,medium,none,True,medium,none,True,medium,none,True,medium,none,True,medium,none,True,medium,none,False,low,occlusion,False,low,occlusion,False,low,occlusion,False,low,occlusion,False,low,occlusion,False,low,occlusion,False,low,occlusion,False,low,occlusion,True,medium,none,True,medium,none,True,medium,none,True,medium,none,True,medium,none,True,medium,none
KVAL006,272,273,1,True,medium,none,True,medium,none,True,medium,none,True,medium,none,True,medium,none,True,medium,none,True,medium,none,True,medium,none,True,medium,none,False,low,bone_length_anomaly,False,low,bone_length_anomaly,True,medium,none,True,medium,none,True,medium,none,True,medium,none,True,medium,none,True,medium,none,True,medium,none,False,low,occlusion,False,low,occlusion,False,low,occlusion,False,low,occlusion,False,low,occlusion,False,low,occlusion,False,low,occlusion,False,low,occlusion,True,medium,none,True,medium,none,True,medium,none,True,medium,none,True,medium,none,True,medium,none
KVAL006,273,274,1,True,medium,none,True,medium,none,True,medium,none,True,medium,none,True,medium,none,True,medium,none,True,medium,none,True,medium,none,True,medium,none,False,low,bone_length_anomaly,False,low,bone_length_anomaly,True,medium,none,True,medium,none,True,medium,none,True,medium,none,True,medium,none,True,medium,none,True,medium,none,False,low,occlusion,False,low,occlusion,False,low,occlusion,False,low,occlusion,False,low,occlusion,False,low,occlusion,False,low,occlusion,False,low,occlusion,True,medium,none,True,medium,none,True,medium,none,True,medium,none,True,medium,none,True,medium,none
KVAL006,274,275,1,True,medium,none,True,medium,none,True,medium,none,True,medium,none,True,medium,none,True,medium,none,True,medium,none,True,medium,none,True,medium,none,False,low,bone_length_anomaly,False,low,bone_length_anomaly,True,medium,none,True,medium,none,True,medium,none,True,medium,none,True,medium,none,True,medium,none,True,medium,none,False,low,occlusion,False,low,occlusion,False,low,occlusion,False,low,occlusion,False,low,occlusion,False,low,occlusion,False,low,occlusion,False,low,occlusion,True,medium,none,True,medium,none,True,medium,none,True,medium,none,True,medium,none,True,medium,none
KVAL006,275,276,1,True,medium,none,True,medium,none,True,medium,none,True,medium,none,True,medium,none,True,medium,none,True,medium,none,True,medium,none,True,medium,none,False,low,bone_length_anomaly,False,low,bone_length_anomaly,True,medium,none,True,medium,none,True,medium,none,True,medium,none,True,medium,none,True,medium,none,True,medium,none,False,low,occlusion,False,low,occlusion,False,low,occlusion,False,low,occlusion,False,low,occlusion,False,low,occlusion,False,low,occlusion,False,low,occlusion,True,medium,none,True,medium,none,True,medium,none,True,medium,none,True,medium,none,True,medium,none
KVAL006,276,277,1,True,medium,none,True,medium,none,True,medium,none,True,medium,none,True,medium,none,True,medium,none,True,medium,none,True,medium,none,True,medium,none,False,low,bone_length_anomaly,False,low,bone_length_anomaly,True,medium,none,True,medium,none,True,medium,none,True,medium,none,True,medium,none,True,medium,none,True,medium,none,False,low,occlusion,False,low,occlusion,False,low,occlusion,False,low,occlusion,False,low,occlusion,False,low,occlusion,False,low,occlusion,False,low,occlusion,True,medium,none,True,medium,none,True,medium,none,True,medium,none,True,medium,none,True,medium,none
KVAL006,277,278,1,True,medium,none,True,medium,none,True,medium,none,True,medium,none,True,medium,none,True,medium,none,True,medium,none,True,medium,none,True,medium,none,False,low,bone_length_anomaly,False,low,bone_length_anomaly,True,medium,none,True,medium,none,True,medium,none,True,medium,none,True,medium,none,True,medium,none,True,medium,none,False,low,occlusion,False,low,occlusion,False,low,occlusion,False,low,occlusion,False,low,occlusion,False,low,occlusion,False,low,occlusion,False,low,occlusion,True,medium,none,True,medium,none,True,medium,none,True,medium,none,True,medium,none,True,medium,none
