1|1|987.465,900.625|987.228,788.651|986.372,704.564|993.661,578.035|1011.93,599.663|1092.99,622.999|1145.74,780.341|1149.2,854.452|1173.26,896.846|1136.84,946.901|1117.1,900.325|972.802,598.17|896.741,607.154|763.068,651.704|854.731,656.682|897.518,654.961|990.232,659.961|920.708,662.966|1042.51,901.99|1060.69,1198.62|1042.14,1462.72|1042.6,1668.2|938.296,899.568|862.928,1184.22|891.832,1369.29|868.365,1538.72|997.432,531.167|1010.29,514.507|1024.6,490.595|1048.57,495.034|991.388,492.005|949.719,491.396
2|1|987.465,900.622|987.228,788.647|986.371,704.56|993.66,578.03|1011.93,599.658|1092.99,622.994|1145.74,780.332|1149.21,854.447|1173.26,896.842|1136.85,946.9|1117.11,900.323|972.801,598.165|896.741,607.147|763.069,651.684|854.74,656.655|897.533,654.926|990.247,659.921|920.727,662.927|1042.51,901.987|1060.69,1198.61|1042.14,1462.72|1042.6,1668.2|938.296,899.565|862.927,1184.22|891.832,1369.3|868.365,1538.73|997.432,531.162|1010.26,514.471|1024.56,490.559|1048.55,495.005|991.345,491.983|949.698,491.41
3|1|986.597,895.582|989.478,784.537|990.855,703.135|1000.1,572.769|1018.96,595.278|1101.7,622.599|1145.8,780.596|1146.32,875.972|1165.96,898.674|1142.61,936.572|1123.3,892.066|977.945,593.595|897.606,604.109|755.431,645.012|852.666,633.9|923.996,645.85|997.558,637.611|930.13,642.049|1042.16,898.808|1059.47,1195.54|1030.82,1443.93|1038.77,1647.86|936.961,892.863|872.51,1177.82|888.505,1354.06|857.392,1525.52|1004.77,524.292|997.287,506.766|1013.12,479.002|1052.51,478.741|977.73,485.643|948.046,490.042
4|1|986.593,895.536|989.466,784.465|990.837,703.039|1000.06,572.637|1018.93,595.149|1101.68,622.425|1145.85,780.275|1146.54,875.999|1166.25,898.898|1143,937.079|1123.62,892.46|977.906,593.471|897.558,603.965|755.421,644.74|852.825,633.47|924.269,645.237|997.88,636.955|930.44,641.317|1042.16,898.756|1059.42,1195.65|1030.73,1443.29|1038.62,1647.1|936.946,892.822|872.433,1177.91|888.557,1353.69|857.444,1525.1|1004.73,524.146|996.442,506.026|1012.32,478.338|1052.22,478.34|976.964,485.119|947.866,490.106
5|1|987.561,897.343|989.721,786.098|990.18,703.525|998.84,572.227|1018.02,594.799|1101.76,621.33|1146.64,777.633|1150.86,887.682|1162.14,901.114|1142.35,928.038|1124.96,887.193|976.566,593.35|895.216,603.641|754.548,645.184|853.402,626.975|929.86,641.432|991.881,628.452|934.692,636.901|1043.52,900.806|1056.26,1206.09|1030.45,1439.7|1034.08,1641.31|937.721,894.424|869.624,1186.15|889.924,1352.58|857.908,1520.99|1003.29,523.364|989.312,495.25|1011.01,471.819|1056.65,483.443|974.857,473.649|951.683,481.259
6|1|987.561,897.344|989.721,786.098|990.18,703.523|998.841,572.222|1018.02,594.795|1101.76,621.323|1146.65,777.619|1150.88,887.693|1162.16,901.143|1142.39,928.092|1124.98,887.234|976.566,593.346|895.214,603.634|754.555,645.175|853.435,626.963|929.902,641.407|991.966,628.438|934.733,636.86|1043.52,900.807|1056.26,1206.11|1030.44,1439.64|1034.07,1641.24|937.72,894.425|869.62,1186.17|889.935,1352.53|857.923,1520.93|1003.29,523.358|989.289,495.257|1010.98,471.816|1056.64,483.42|974.83,473.658|951.67,481.268
7|1|987.517,897.384|989.648,786.056|990.091,703.437|998.652,572.001|1017.87,594.573|1101.72,620.928|1146.86,776.972|1151.75,888.149|1163.1,902.133|1143.42,929.881|1125.76,888.372|976.369,593.175|894.919,603.401|754.512,644.841|854.213,626.425|930.941,639.995|995.87,627.406|935.591,634.497|1043.53,900.823|1056.09,1207.01|1030.19,1436.46|1033.5,1637.23|937.627,894.487|869.378,1187.12|890.56,1350.03|858.827,1517.81|1003.08,523.081|988.091,496.155|1009.47,472.05|1055.72,482.181|973.308,474.562|950.611,481.882
8|1|989.878,892.348|992.561,783.755|994.02,703.713|999.99,575.552|1019.36,596.864|1102.93,619.19|1145.91,774.688|1158.12,889.707|1163.18,903.293|1145.61,931.48|1127.14,887.917|978.302,597.145|899.334,617.149|791.404,740.754|877.635,740.586|931.829,685.685|983.05,626.329|921.8,649.609|1044.85,895.474|1064.73,1194.53|1040.57,1405.44|1052.42,1598.03|940.742,889.713|875.839,1181.09|895.758,1340.83|867.335,1503.71|1003.86,527.83|988.666,496.643|1008.08,472.528|1053.77,483.195|972.185,477.42|948.828,490.295
9|1|991.528,890.544|993.867,783.214|995.681,703.864|1000.12,576.423|1019.7,597.149|1102.86,618.892|1141.81,775.723|1157.95,894.554|1165.13,908.528|1150.18,940.86|1127.52,887.996|978.669,598.474|900.67,622.989|809.693,772.027|893.517,802.241|937.43,732.482|971.543,647.025|906.781,689.367|1046.23,892.861|1074.85,1192.58|1050.17,1387.98|1067.32,1575.39|942.46,888.626|884.097,1182.97|902.856,1333.1|877.419,1492.52|1003.66,528.934|985.597,496.206|1008.81,473.884|1057.65,488.992|972.525,475.355|952.649,486.003
10|1|988.265,882.479|989.261,779.831|990.108,703.482|998.992,576.753|1017.88,598.261|1099.64,621.002|1144.67,777.973|1156.93,877.415|1167.88,903.183|1157.19,964.836|1125.81,895.023|976.805,597.76|895.625,606.038|743.304,649.988|886.683,643.638|895.835,597.416|974.345,602.954|902.878,625.608|1041.91,883.802|1069.12,1177.35|1044.38,1369.1|1053.22,1551.35|940.079,881.444|897.096,1171.22|910.94,1296.81|888.782,1446.93|1003.93,529.587|972.99,504.728|1001.9,483.32|1059.78,497.924|966.976,480.077|960.083,480.457
11|1|988.28,882.474|989.285,779.817|990.142,703.463|999.064,576.719|1017.95,598.234|1099.69,620.981|1144.66,777.887|1156.96,877.38|1167.94,903.187|1157.29,964.864|1125.9,895.044|976.87,597.726|895.68,605.977|743.399,649.832|886.939,643.562|896.241,597.356|974.882,603.004|903.473,625.539|1041.93,883.799|1069.09,1177.4|1044.3,1368.88|1053.09,1551.1|940.088,881.437|897.132,1171.26|911,1296.49|888.876,1446.53|1004.03,529.548|973.53,504.471|1002.38,483.1|1059.97,497.844|967.401,479.867|960.128,480.421
12|1|988.869,883.336|991.483,780.11|993.576,702.844|1001.37,576.732|1020.19,597.938|1101.13,621.502|1142.61,775.712|1154.54,883.336|1168.83,904.615|1158.39,953.878|1128.41,893.354|979.605,597.781|901.205,616.714|792.045,745.093|880.566,744.111|891.449,668.487|961.969,620.32|909.279,652.736|1042.38,885.623|1070.25,1180.29|1044.26,1355.35|1058.18,1532.57|940.838,881.434|894.639,1169.81|909.005,1295.24|888.808,1442.54|1005.96,529.817|984.113,497.665|1001.22,472.623|1049.65,479.967|966.686,481.596|947.902,499.424
13|1|988.482,883.978|992.833,779.763|996.792,701.555|1002.17,576.35|1020.97,597.044|1101.71,620.302|1139.26,777.049|1149.33,894.32|1171.13,908.17|1157.07,949.118|1128.32,893.304|981.233,597.489|905.672,620.253|816.788,764.633|887.142,794.511|881.544,716.1|929.849,659.173|906.512,695.77|1041.58,886.509|1074.59,1178.59|1046.49,1350.83|1063.5,1523.31|940.66,881.848|894.587,1167.36|904.691,1303.8|888.578,1451.05|1005.89,529.803|978.751,498.252|996.715,473.801|1047.98,480.795|963.322,482.739|949.65,500.342
14|1|990.07,884.556|993.798,779.553|997.296,700.32|1001.4,574.867|1020.42,595.444|1101.38,618.317|1138.28,778.888|1151.41,901.267|1175.33,909.555|1154.35,949.647|1127.18,892.909|980.681,596.187|905.73,620.702|827.26,774.038|885.988,831.532|879.445,752.199|911.748,688.068|910.235,729.043|1043.37,886.725|1078.37,1179.54|1052.29,1351.06|1070.18,1522.76|942.053,882.755|895.032,1168.82|906.49,1312.27|889.974,1460.8|1004.6,528.203|984.665,497.408|1006.58,475.342|1055.07,488.245|971.982,477.834|954.483,488.502
15|1|990.8,884.617|994.351,779.581|997.754,700.068|1001.66,574.545|1020.71,595.087|1101.52,618.191|1138.22,779.283|1152.21,902.184|1176.1,909.952|1153.69,950.294|1126.85,892.736|980.973,595.927|906.279,621.32|831.3,780.155|884.062,855.929|881.102,780.717|899.601,712.781|912.254,755.248|1044.13,886.601|1080.37,1179.15|1054.95,1349.9|1073.88,1520.86|942.737,882.98|896.727,1168.99|908.011,1314.48|891.533,1463.21|1004.82,527.848|989.854,495.857|1009.02,473.225|1053.57,485.098|974.353,477.556|952.056,490.965
16|1|991.552,884.075|994.591,779.633|997.832,700.707|1001,575.281|1020.27,595.615|1101.51,618.099|1138.4,779.8|1153.24,903.649|1176.37,910.531|1153.83,949.653|1127.24,892.896|980.328,596.915|905.518,623.72|833.411,787.677|884.247,876.89|882.407,805.393|890.974,735.953|913.732,777.1|1044.78,885.406|1082.98,1176.95|1057.92,1345.91|1079.41,1515.96|943.495,883.026|899.816,1169.73|910.28,1315.01|894.436,1464.25|1003.94,528.595|988.297,495.9|1008.21,473.418|1053.63,486.205|973.218,477.286|951.401,490.667
17|1|991.845,884.239|994.759,779.756|997.978,700.746|1001.27,574.985|1020.56,595.355|1101.8,618.034|1137.35,780.334|1153.22,905.467|1176.8,912.508|1155.41,952.201|1127.5,893.395|980.517,596.709|905.61,624.074|835.685,791.588|883.827,892.09|882.815,824.68|885.026,756.134|914.881,794.157|1045.15,885.361|1084.64,1176.96|1059.3,1342.81|1081.6,1511.9|943.682,883.377|901.167,1170.56|911.712,1313.04|896.38,1461.67|1004.31,528.163|988.338,495.398|1008.19,472.692|1053.91,485.253|973.076,476.823|951.305,490.455
18|1|992.017,884.347|994.812,779.832|997.963,700.563|1001.33,574.958|1020.59,595.315|1101.62,618.014|1137.69,780.123|1154.35,906.863|1176.36,912.951|1156.75,953.82|1127.83,893.639|980.577,596.648|905.919,624.473|837.764,793.75|882.488,903.636|882.804,840.487|880.503,773.407|915.297,808.738|1045.3,885.306|1085.14,1176.08|1060.31,1340.49|1082.85,1508.34|943.855,883.633|902.589,1170.07|912.954,1312.45|898.312,1460.3|1004.39,528.195|988.173,495.932|1008.36,473.26|1054.33,485.81|973.237,477.061|951.803,489.99
19|1|991.523,884.842|994.336,780.131|997.652,700.484|1001.36,574.777|1020.59,595.192|1101.55,618.087|1137.3,780.358|1153.51,908.737|1175.74,913.154|1157.54,954.366|1127.92,893.84|980.528,596.449|905.882,624.539|838.477,795.477|880.466,913.065|882.058,853.682|876.963,788.12|915.592,821.159|1044.8,885.461|1086.14,1175.71|1060.45,1338.83|1084.01,1505.57|943.284,884.435|904.05,1171.6|913.081,1314.13|899.847,1462.12|1004.57,527.974|990.976,494.067|1007.2,470.317|1050.05,480.41|972.543,477.749|947.777,495.597
20|1|991.84,884.223|994.43,779.808|997.622,700.298|1000.98,574.879|1020.32,595.183|1101.62,617.866|1137.49,780.237|1152.62,909.652|1175.14,913.94|1158.62,954.667|1128.29,894.262|980.158,596.608|905.504,625.273|839.071,797.548|879.436,920.362|880.716,864.055|874.281,801|915.54,831.336|1045.04,884.583|1087.22,1174.02|1061.65,1335.2|1085.88,1501.01|943.64,884.05|905.286,1171.32|914.224,1314.35|901.474,1462.53|1004.03,528.171|987.925,495.462|1008.22,472.799|1054.28,485.692|972.934,476.546|951.301,489.706
21|1|991.656,885.37|994.419,780.41|997.603,699.737|1001.54,573.957|1020.73,594.44|1101.44,617.914|1137.43,779.944|1153.06,910.158|1174.22,913.878|1159.25,954.437|1128.68,894.632|980.676,595.576|906.222,623.948|839.634,796.158|876.508,923.856|878.703,870.915|872.409,810.556|915.109,839.153|1044.99,885.769|1086.93,1174.98|1061.29,1336.16|1084.98,1501.16|943.315,885.162|906.248,1172.1|914.483,1317.1|902.236,1465.03|1004.82,527.122|988.818,495.604|1007.94,472.202|1053.45,483.094|972.896,477.161|950.841,490.644
22|1|991.165,883.963|994.178,780.06|997.807,700.068|1002.04,574.844|1021.01,595.266|1101.23,618.094|1136.95,778.842|1151.14,908.752|1172.19,915.264|1160.71,954.674|1129.06,895.257|981.285,596.305|907.216,624.053|840.144,794.914|873.802,925.677|876.173,875.909|870.677,819.074|914.532,845.662|1043.89,883.842|1085.72,1168.63|1058.93,1329.94|1084.56,1492.39|943.234,884.225|909.24,1169.06|913.677,1315.46|903.488,1462.81|1005.47,528.247|988.281,495.321|1007.99,472.753|1054.21,485.12|973.252,477.214|952.603,491.385
23|1|991.959,884.459|994.798,779.801|998.307,699.501|1001.69,574.192|1020.93,594.541|1101.59,617.968|1137.3,779.703|1149.67,911.874|1172.35,915.811|1161.22,955.137|1129.09,895.263|980.976,595.788|906.882,624.547|840.96,796.594|872.532,929.849|874.439,881.598|868.884,826.597|913.878,851.824|1044.93,884.437|1087.78,1170.61|1060.73,1328.58|1085.76,1490.98|943.835,884.631|909.63,1171.31|915.4,1319.54|904.977,1468.1|1004.71,527.537|988.424,495.466|1008,472.551|1053.74,484.346|973.061,476.989|951.541,490.434
24|1|992.263,884.273|994.763,779.583|998.208,699.765|1001.37,574.444|1020.68,594.73|1101.51,617.814|1137.82,779.721|1150.7,912.558|1172.31,916.074|1161.58,955.198|1129.28,895.596|980.651,596.13|906.498,625.336|841.335,798.397|872.52,934.767|874.433,888.489|866.807,834.023|913.353,857.498|1045.21,883.989|1089.63,1170.55|1062.45,1326.88|1088.16,1489.21|944.141,884.684|910.507,1172.57|916.698,1320.84|906.557,1470.14|1004.33,527.776|988.224,496.085|1008.18,473.162|1054.02,485.103|973.07,477.183|951.453,489.887
25|1|992.327,883.864|994.592,779.659|997.978,700.056|1001.14,574.594|1020.5,594.838|1101.55,617.771|1137.26,780.512|1151.09,914.936|1172.73,917.161|1162.52,956.612|1129.32,895.747|980.345,596.409|905.871,625.937|841.74,800.638|873.007,940.691|875.442,896.438|864.659,841.318|913.003,862.939|1045.18,883.065|1091.04,1168.8|1063.47,1323.95|1090.79,1485.49|944.219,884.744|912.466,1173.22|917.68,1320.15|908.018,1469.54|1004.17,527.86|988.333,495.568|1008.1,472.502|1053.86,484.555|972.799,476.802|950.687,490.165
26|1|992.349,884.479|994.618,779.984|997.971,699.929|1001.42,574.068|1020.74,594.394|1101.61,617.439|1137.57,779.938|1152.65,914.835|1172.98,917.352|1163.3,956.923|1129.55,896.366|980.55,595.929|905.995,625.566|841.976,800.985|872.777,943.971|875.821,901.674|863.387,846.726|912.805,866.915|1045.33,883.597|1091.69,1169.73|1063.68,1323.46|1091.07,1484.63|944.108,885.436|913.107,1174.55|918.257,1320.17|908.945,1469.35|1004.61,527.177|987.854,496.393|1008.19,473.02|1054.8,484.392|972.773,476.967|951.454,488.787
27|1|992.447,885.229|994.863,780.376|998.326,700.152|1001.72,574.382|1021.1,594.728|1102.31,617.66|1137.86,780.397|1151.36,916.146|1172.64,917.75|1163.63,956.693|1129.67,896.516|980.833,596.197|906.298,625.945|842.644,801.418|872.013,945.727|874.759,904.644|862.582,851.202|912.491,870.39|1045.51,884.531|1092.13,1171.24|1063.97,1324.2|1090.96,1485.24|944.147,886.019|912.559,1175.65|918.164,1322.17|909.16,1471.64|1004.82,527.529|988.223,495.694|1008.12,472.386|1054.46,484|972.757,476.809|951.15,489.901
28|1|992.676,884.759|994.917,780.335|998.375,700.407|1001.71,574.641|1021.15,594.918|1102.59,617.607|1137.23,780.606|1150.72,916.976|1172.25,918.238|1164.37,956.649|1129.86,897.018|980.767,596.566|905.966,626.66|842.643,803.261|872.582,949.558|875.164,909.72|861.237,856.444|912.271,874.099|1045.64,883.645|1092.92,1169.76|1064.47,1321.87|1092.55,1482.35|944.409,885.928|913.978,1176.05|918.729,1322|910.078,1471.71|1004.85,527.776|988.245,495.73|1008.17,472.274|1054.66,483.915|972.615,476.796|950.816,490.076
29|1|992.339,885.343|994.636,780.295|998.299,699.738|1001.87,574.08|1021.2,594.365|1102.4,617.517|1137.56,780.256|1149.49,917.424|1171.77,918.307|1164.7,956.378|1129.93,897.176|980.948,595.946|906.557,626.266|843.621,802.61|873.059,950.113|874.962,912.321|860.347,861.192|912.061,876.98|1045.15,883.842|1094.98,1168.56|1064.1,1319.93|1093.1,1478.79|944.098,886.868|916.174,1178.12|918.775,1325.55|912.554,1475.68|1005.12,527.258|988.26,495.77|1008.18,472.253|1054.76,483.519|972.737,476.781|951.231,489.673
30|1|992.311,883.473|994.596,780.837|998.229,701.175|1002.44,575.599|1021.71,595.778|1102.44,617.706|1137.24,780.731|1152.26,919.018|1171.84,918.249|1164.81,955.633|1130.21,898.161|981.322,597.624|906.019,627.539|842.519,805.683|873.303,957.354|877.144,921.472|859.11,868.007|911.658,881.319|1044.61,880.879|1094.24,1162.66|1063.46,1310.77|1094.94,1467.28|944.4,886.001|921.001,1176.37|921.082,1321.02|914.714,1470.49|1006.14,528.801|988.043,495.821|1008.45,472.368|1056.22,484.56|972.684,476.954|951.876,490.895
31|1|993.24,883.417|994.699,780.614|997.836,700.978|1001.61,574.961|1021.16,595.123|1102.69,617.533|1137.41,782.455|1150.22,924.041|1172.2,918.349|1164.88,954.954|1130.31,898.466|980.353,597.215|904.536,628.14|842.195,808.72|873.843,963.224|877.424,928.258|858.881,875.6|911.529,885.224|1045.73,880.186|1097.03,1161.88|1066.17,1305.86|1098.11,1461.15|945.129,886.532|923.753,1178.2|924.601,1320.09|919.072,1469.38|1005.13,527.956|987.808,496.69|1008.34,472.483|1056.01,483.597|972.071,476.945|950.287,489.301
32|1|992.779,884.536|994.526,781.128|997.76,700.872|1002.01,574.455|1021.41,594.777|1102.41,617.599|1136.89,782.382|1150.69,924.314|1171.83,918.452|1165.09,954.687|1130.43,898.868|980.733,596.635|905.251,627.5|843.611,807.941|873.551,964.191|877.125,931.189|858.781,880.276|911.439,887.594|1045.41,881.603|1096.68,1162.23|1065.85,1304.63|1096.8,1458.66|944.551,887.378|923.482,1177.58|924.479,1318.49|919.646,1466.39|1005.73,527.312|987.682,496.105|1008.29,471.978|1056.34,483.026|972.185,476.476|951.094,488.863
33|1|992.137,884.293|994.452,780.511|998.073,700.045|1002.37,574.162|1021.73,594.453|1102.65,617.681|1137.18,781.04|1148.07,922.059|1169.66,918.53|1166,954.107|1130.6,899.637|981.151,596.19|906.132,627.252|843.675,806.325|872.76,961.375|875.205,930.624|858.889,882.532|911.373,889.595|1044.77,881.931|1095.21,1161.79|1064.02,1303.39|1093.69,1456.64|943.934,886.61|922.056,1175.45|923.055,1318.14|918.691,1465.55|1006.05,527.227|988.308,495.767|1008.09,471.52|1055.53,482.008|972.236,476.773|950.781,490.162
34|1|992.549,883.726|994.683,780.483|998.209,700.374|1002.01,574.835|1021.44,594.963|1102.59,617.817|1136.81,781.494|1147.69,923.328|1169.69,919.309|1165.98,953.827|1130.67,899.789|980.87,596.934|905.891,628.304|844.47,807.718|873.333,963.375|874.869,932.325|858.388,885.839|911.18,891.644|1044.99,881.07|1095.36,1159.72|1064.16,1300.32|1094.17,1452.68|944.493,886.312|922.939,1174.59|923.583,1317.36|919.366,1464.63|1005.5,528.027|987.771,496.591|1008.33,472.7|1056.05,484.038|972.354,477.075|951.17,489.575
35|1|993.004,882.385|994.647,780.303|998.153,701.32|1001.58,575.621|1021.14,595.597|1102.58,617.667|1137.33,782.189|1150.22,925.522|1170.51,919.845|1165.93,953.94|1130.76,900.217|980.415,597.977|904.929,629.782|844.401,811.058|874.488,969.278|876.807,938.854|857.051,890.698|911.13,894.861|1045.14,878.778|1096.55,1155.75|1065.04,1294.06|1097.13,1444.95|945.137,885.848|926.259,1174.32|925.715,1313.69|922.19,1460.65|1005.04,528.733|987.533,496.619|1008.42,472.763|1056.33,484.777|972.114,476.898|950.597,489.575
36|1|992.966,882.374|994.699,780.657|998.187,701.487|1001.93,575.394|1021.44,595.439|1102.62,617.497|1137.7,782.646|1152.42,927.026|1171.07,920.02|1165.63,953.853|1130.83,900.458|980.696,597.811|905.083,629.641|845.203,811.746|874.902,972.112|877.116,943.37|857.218,896.767|911.085,897.166|1045.02,878.419|1096.4,1153.15|1064.77,1289.85|1097.4,1438.95|945.12,886.162|928.079,1173.25|926.559,1310.72|923.799,1456.51|1005.59,528.353|988.083,496.577|1008.31,472.203|1056.06,483.175|971.986,477.15|950.099,490.329
37|1|992.526,883.275|994.383,781.081|997.848,701.406|1001.97,575.255|1021.41,595.379|1102.45,617.636|1137.66,782.003|1151.66,925.965|1170.21,919.938|1165.94,953.338|1130.96,901.046|980.677,597.604|905.191,629.513|844.795,811.405|874.353,972.231|876.709,944.37|857.023,898.668|911.009,898.435|1044.72,879.516|1095.75,1153.83|1063.78,1288.5|1095.33,1436.68|944.565,886.883|927.397,1173.28|926.238,1309.26|923.961,1454.03|1005.77,528.197|989.328,496.694|1009.21,472.225|1056.18,482.937|972.88,477.249|950.113,490.311
38|1|992.404,884.683|994.148,782.422|997.466,702.45|1001.35,575.963|1020.91,596.073|1102.6,617.485|1137.52,783.063|1152.2,928.104|1171.15,920.389|1165.94,953.882|1130.9,900.659|980.001,598.458|904.168,630.615|844.753,813.953|874.864,976.148|877.055,948.597|856.998,903.141|911.031,900.69|1044.7,880.634|1096.13,1155.39|1063.95,1289.06|1095.76,1436.87|944.323,888.56|927.268,1175.85|926.163,1310.67|924.446,1455.41|1005.07,528.771|989.953,495.978|1009.89,471.809|1056.19,483.68|973.3,476.533|949.41,490.23
39|1|992.726,885.065|994.472,782.794|997.767,702.684|1001.59,575.924|1021.17,596.043|1102.82,617.292|1137.74,782.994|1153.32,928.051|1171.92,920.307|1166.26,954.302|1130.91,900.646|980.239,598.501|904.368,630.845|845.342,814.737|875.516,978.035|877.562,951.372|857.29,906.781|911.128,902.286|1045.05,880.895|1096.51,1155.35|1063.99,1287.71|1095.78,1434.92|944.604,889.055|927.794,1176.23|926.548,1309.55|925.087,1453.8|1005.34,528.624|988.697,495.943|1009.48,471.906|1057.06,484.173|972.807,476.147|950.27,489.246
40|1|994.789,890.663|996.042,786.094|998.503,703.647|1001.95,576.476|1021.34,596.657|1102.73,617.494|1137.02,782.94|1150.93,927.023|1170.87,919.629|1166.82,955.888|1130.56,899.375|980.898,599.005|906.323,631.438|849.804,814.613|879.391,977.695|879.209,952.831|856.61,910.4|911.065,902.512|1047.11,886.161|1099.11,1159.27|1065.36,1295.58|1096.66,1441.67|946.563,894.969|929.966,1182.23|927.542,1320.41|929.472,1464.29|1005.59,529.063|990.024,495.707|1010.48,472.349|1056.92,485.343|974.262,476.357|951.345,489.936
41|1|995.403,890.571|995.995,786.195|998.152,704.011|1001.25,576.641|1020.86,596.726|1102.86,617.533|1137.05,783.601|1150.07,927.7|1171.01,919.677|1166.95,955.963|1130.59,899.328|980.085,599.405|904.933,632.576|848.546,817.641|881.861,981.168|880.608,955.993|856.258,913.677|911.163,903.493|1047.75,885.397|1102.31,1160.75|1068.35,1297.46|1101.37,1444.96|947.11,895.502|932.882,1186.92|930.675,1326.31|932.904,1472.69|1004.79,529.119|989.742,496.48|1010.81,472.878|1057.43,485.952|974.101,476.279|950.644,488.581
42|1|1003.8,913.022|995.208,789.42|991.048,701.799|994.189,573.829|1012,596.498|1091.38,616.545|1147.76,766.809|1179.27,790.769|1216.58,806.126|1199.3,830.991|1169.47,800.654|974.761,591.969|903.451,594.892|753.167,639.707|857.718,634.184|911.731,579.973|980.558,601.22|930.273,603.167|1065.56,914.782|1197.78,1147.98|1185.15,1633.14|1294.52,2012.35|946.598,911.606|956.953,1138.5|957.825,1615.12|989.832,1958.67|998.084,527.011|1009.54,494.966|1027.97,479.039|1053.13,500.276|995.726,474.164|958.549,479.929
43|1|998.285,919.314|990.195,795.483|986.065,705.736|993.472,573.798|1011.54,596.38|1094.35,619.828|1142.89,780.922|1145.61,812.248|1208.7,816.145|1200.28,819.737|1171.63,801.564|972.509,594.312|899.356,604.01|748.804,640.782|859.279,633.474|907.151,577.694|989.27,608.47|929.892,606.688|1058.8,917.891|1173.07,1115.2|1170.61,1575.77|1267.78,1903.73|942.631,920.83|932.752,1093.42|945.123,1537.08|952.33,1822.67|998.373,525.11|986.622,496.547|1009.97,476.955|1053,493.174|975.787,474.725|954.279,479.61
44|1|993.415,920.107|988.081,797.848|986.992,707.223|996.183,575.479|1014.53,597.981|1097.74,623.096|1141.6,785.473|1138.96,839.45|1195.26,824.706|1199.59,819.058|1166.29,804.991|974.389,596.505|897.194,608.154|745.701,644.114|853.431,630.902|905.463,573.436|988.768,605.51|929.536,607.296|1052.02,918.011|1145.54,1106.32|1133.76,1514.85|1215.71,1779.45|939.854,922.217|926.384,1087.65|933.873,1460.68|922.375,1692.54|1001.56,526.663|987.408,497.825|1008.59,475.185|1053.56,487.26|973.302,477.127|950.904,485.684
45|1|989.32,906.965|986.762,790.488|987.24,708.094|995.381,578.219|1014.52,600.266|1098.89,624.376|1140.87,788.86|1122.09,868.305|1172.24,840.849|1194.11,818.21|1155.17,811.63|973.234,599.517|892.844,612.573|742.578,648.433|852.131,628.869|900.646,572.271|985.288,607.016|927.654,609.888|1045.8,905.719|1115.62,1095.58|1095.64,1439.16|1160.71,1657.62|938.151,908.27|920.51,1079.88|927.997,1378.51|904.664,1577.89|999.916,529.933|985.735,492.554|1004.13,469.756|1048.71,483.803|968.405,475.479|943.976,493.974
46|1|988.835,903.29|988.078,789.357|989.5,709.12|997.057,579.849|1016.36,601.611|1100.48,623.339|1141.78,786.933|1122.43,879.498|1166.42,848.44|1191.72,824.357|1149.49,819.613|974.916,601.338|893.77,613.999|741.952,646.132|852.887,624.212|904.717,567.168|984.72,605.422|931.303,607.913|1044.63,902.829|1104.35,1118.5|1076.59,1406.12|1127.56,1617.97|938.351,903.878|915.133,1109.29|925.36,1348.43|903.895,1541.83|1001.47,531.768|990.588,494.71|1011.28,473.068|1054.83,490.189|974.848,475.431|948.754,490.309
47|1|988.531,905.775|989.249,791.699|991.13,710.007|999.68,579.726|1019.06,601.798|1103.41,623.674|1143.72,785.001|1114.12,885.78|1155.62,857.531|1185.36,834.791|1140.29,830.839|977.121,601.29|894.766,613.553|739.595,647.361|847.693,620.866|902.793,561.956|983.626,603.275|931.071,608.705|1044.84,906.246|1098.48,1149.76|1065.52,1400.86|1105.6,1612.49|937.685,905.523|910.602,1143.53|922.201,1350.05|903.505,1540.87|1004.5,531.241|986.628,496.746|1010.71,474.801|1060.06,491.77|973.871,475.572|953.719,486.725
48|1|991.122,907.991|992.25,793.726|993.641,711.038|1000.42,578.927|1020.34,601.102|1105.66,621.819|1145.76,780.76|1118.98,890.658|1152.25,863.304|1181.75,839.807|1135.09,838.274|977.943,600.964|894.639,613.279|738.483,646.595|846.345,617.354|903.977,557.877|982.996,601.803|930.862,604.931|1048.01,909.257|1091.36,1179.03|1060.61,1408.54|1091.39,1618.65|939.954,907.029|905.198,1171.11|921.372,1360.42|902.273,1547.46|1004.49,529.725|986.591,496.937|1009.99,473.743|1059.47,488.491|972.785,475.536|951.886,486.218
49|1|994.985,909.787|995.402,795.841|996.073,711.93|1001.74,579.252|1021.77,601.32|1106.82,621.342|1148.14,779.094|1126.78,894.26|1153.39,866.119|1179.9,840.109|1133.57,841.487|979.5,601.52|896.386,613.806|739.95,645.572|846.7,617.953|909.654,557.568|984.858,595.749|931.706,603.735|1051.97,910.855|1088.92,1201.25|1062.28,1420.74|1086.62,1627.37|943.775,909.002|904.456,1195.03|924.141,1374.16|906.68,1556.26|1005.46,529.856|988.908,497.402|1010.04,473.155|1057.91,485.471|973.016,477.165|950.226,489.754
50|1|997.465,909.189|996.022,796.078|995.024,712.081|999.664,579.19|1019.8,601.161|1105.07,621.05|1149.36,778.027|1140.81,896.078|1156.12,868.069|1178.96,835.49|1133.47,841.936|977.673,601.565|894.802,613.822|740.349,645.341|844.907,612.756|907.362,554.913|985.552,590.362|929.732,599.801|1054.31,909.495|1088.95,1212.16|1066.59,1429.77|1087.79,1633.04|946.439,909.088|905.03,1206.89|927.117,1377.68|910.059,1555.06|1002.97,529.731|987.809,505.507|1007.05,478.648|1053.37,483.827|970.249,484.238|945.841,492.16
51|1|998.884,911.881|996.557,797.473|993.997,712.362|996.403,577.094|1017.29,599.316|1104.46,619.916|1149.22,778.896|1144.31,902.381|1158.51,870.028|1176.7,835.039|1132.87,844.314|974.504,599.922|890.711,613.117|741.045,645.669|846.737,609.555|909.04,554.29|971.164,574.176|935.072,591.93|1056.57,912.855|1085.04,1230.11|1067.46,1446.81|1084.97,1651.8|947.413,911.189|899.549,1218.79|927.025,1384.22|907.196,1559.89|998.519,526.725|986.612,497.959|1010.44,474.928|1056.18,489.265|972.938,474.374|948.081,479.859
52|1|998.896,911.953|996.542,797.616|993.956,712.531|996.246,577.367|1017.12,599.56|1104.28,619.867|1150.22,778.79|1145.94,902.526|1159.44,870.156|1176.86,835.082|1133.14,844.547|974.398,600.177|890.728,613.303|740.874,644.682|847.181,608.693|909.709,552.955|975.643,574.503|935.644,592.176|1056.53,912.92|1084.17,1230.74|1066.88,1444.33|1083.72,1647.99|947.473,911.268|898.9,1219.57|927.271,1380.8|907.73,1555.19|998.304,527.045|988.282,496.933|1011.3,474.073|1055.56,488.917|973.851,473.923|947.379,480.841
53|1|997.994,914.499|996.301,800.451|994.125,715.174|996.141,579.316|1017.03,601.582|1104.95,619.908|1159.2,778.111|1166.54,901.433|1163.61,872.864|1173.22,827.257|1133.22,844.696|974.364,602.183|890.62,614.176|740.37,638.102|839.468,603.243|908.533,544.065|978.055,553.271|930.482,594.171|1055.66,916.072|1080.27,1239.88|1063.72,1456.16|1077.59,1658.94|946.599,913.275|894.799,1226.37|922.344,1386.35|903.529,1558.37|998.098,528.797|989.578,496.197|1009.7,472.591|1052.1,486.229|972.505,475.35|943.745,486.95
54|1|997.996,914.497|996.304,800.449|994.128,715.172|996.147,579.313|1017.04,601.58|1104.95,619.906|1159.21,778.105|1166.56,901.422|1163.63,872.852|1173.23,827.242|1133.23,844.686|974.37,602.18|890.626,614.169|740.38,638.072|839.496,603.217|908.585,544.061|978.121,553.276|930.503,594.155|1055.66,916.07|1080.26,1239.88|1063.7,1456.13|1077.56,1658.89|946.601,913.273|894.788,1226.37|922.341,1386.31|903.522,1558.31|998.106,528.794|989.621,496.207|1009.75,472.604|1052.12,486.244|972.547,475.351|943.764,486.932
55|1|997.328,916.294|996.572,800.787|994.925,714.083|997.614,576.42|1018.63,599.129|1107.7,619.745|1163.38,777.191|1171.98,898.667|1164.52,873.523|1172.22,826.555|1133.2,845.376|975.504,599.401|891.156,612.866|735.028,638.395|838.018,587.073|914.158,549.852|930.181,584.048|906.594,573.628|1055.72,918.777|1078.52,1252.09|1060.53,1468.71|1072.18,1673.49|945.395,914.267|889.087,1234.98|916.645,1395.32|896.765,1567.31|999.785,525.203|992.997,494.913|1011.61,469.685|1052.71,480.239|974.13,473.963|943.139,485.129
56|1|996.951,917.23|996.7,802.616|995.362,716.413|997.594,578.356|1018.77,601.025|1108.53,619.262|1168.7,775.829|1184.99,894.793|1170.08,871.616|1167.15,824.934|1133.37,845.683|975.461,601.537|890.582,614.46|730.404,633.835|826.835,584.703|892.699,530.997|941.564,584.674|915.789,580.877|1055.28,920.256|1073.41,1254.85|1056.29,1470.22|1066.07,1673.38|945.117,914.72|885.992,1235.81|913.206,1393.75|892.596,1563.71|999.651,526.996|988.181,500.683|1011.55,476.327|1057.27,488.236|973.566,476.492|947.65,480.628
57|1|996.34,915.782|996.298,800.889|995.134,714.374|998.383,575.798|1019.47,598.711|1109.04,618.004|1168.21,775.797|1185.99,893.413|1170.22,870.607|1166.07,824.008|1132.75,844.56|975.996,598.921|890.658,611.013|728.928,627.05|828.83,580.483|888.501,526.701|947.033,587.757|910.169,582.62|1054.86,918.916|1070.06,1255.3|1052.92,1469.01|1059.99,1670.85|944.336,913.178|884.086,1235.88|910.914,1389.88|889.815,1558.13|1000.85,524.21|987.894,497.631|1008.88,471.463|1055.05,480.135|970.889,475.064|944.664,482.547
58|1|996.952,911.649|995.821,799.189|994.006,713.302|997.29,575.498|1018.21,598.247|1106.79,617.756|1179.48,773.008|1202.77,890.176|1177.25,868.825|1158.85,822.147|1133.47,845.446|975.031,598.533|889.875,608.607|727.131,619.113|816.969,569.417|896.39,522.303|913.303,552.936|910.573,573.959|1054.89,914.284|1069.87,1245.94|1053.89,1458.38|1059.02,1655.13|945.457,909.484|890.706,1228.83|914.675,1381.47|893.203,1545.98|999.858,524.198|987.039,501.13|1010.35,475.807|1056.95,485.101|972.377,476.384|947.329,478.437
59|1|996.947,909.336|995.146,798.157|993.206,712.32|996.652,575.076|1017.39,597.758|1105.26,616.122|1189.94,772.674|1214.1,889.015|1177.69,865.596|1144.83,815.591|1129.59,841.873|974.519,597.949|889.837,606.925|727.782,617.11|813.888,564.264|873.534,518.166|929.273,564.125|904.555,574.818|1054.51,910.976|1073.66,1238.81|1058.17,1448.13|1065.27,1640.78|945.627,908.05|898.489,1226.16|919.957,1377.56|902.107,1539.65|999.295,524.007|984.747,498.147|1011.9,476.507|1059.94,492.547|974.65,472.336|953.627,472.371
60|1|996.733,909.085|995.136,797.966|993.367,712.155|997.444,575.008|1018.04,597.77|1105.59,616.402|1193.38,772.21|1216.26,882.927|1176.31,861.485|1138.39,813.272|1126.8,839.487|975.24,597.755|890.664,606.486|728.555,614.812|815.885,560.979|871.322,518.646|925.201,562.806|895.999,573.902|1054.25,910.818|1074.89,1238.2|1059.13,1443.43|1066.49,1634.28|945.452,907.717|900.675,1225.5|921.871,1372.65|905.757,1533.44|1000.34,523.987|989.609,497.912|1010.03,472.258|1054.18,480.975|972.577,475.511|945.177,482.496
61|1|993.708,909.677|993.847,800.179|993.758,714.922|998.936,578.056|1019.3,600.877|1106.56,617.053|1196.61,771.851|1216.48,878.21|1175.12,859.024|1134.02,812.75|1124.79,837.844|976.567,600.674|891.761,607.473|728.203,611.141|812.123,553.166|861.059,505.785|898.995,558.125|886.056,566.956|1050.89,911.613|1074.28,1236.4|1054.4,1435.05|1065.25,1622.38|942.56,908.121|903.428,1225.4|918.625,1368.66|905.57,1528.05|1002.37,527.173|988.28,500.658|1009.97,475.361|1056.66,484.91|972.509,478.07|947.97,484.841
62|1|993.864,909.182|994.089,799.539|994.071,714.11|999.411,577|1019.76,599.901|1106.97,616.87|1197.92,771.429|1216.81,876.521|1174.75,857.973|1132.44,812.262|1124.1,837.327|977.001,599.602|892.163,606.522|727.91,609.328|810.517,549.165|858.111,503.376|900.907,558.795|887.378,565.753|1051.12,911.176|1073.61,1236.03|1053.28,1429.43|1063.05,1615.06|942.655,907.573|903.332,1224.73|918.36,1366.2|905.433,1524.9|1002.89,526.021|991.156,486.443|1011.08,463.956|1055.56,481.035|973.914,468.018|947.14,486.148
63|1|992.755,912.167|994.137,801.935|995.061,716.1|1000.39,578.053|1020.76,601.114|1108.49,617.58|1201.65,771.935|1223.85,874.851|1178.49,857.621|1132.49,813|1127.22,839.59|977.952,600.717|892.959,607.065|728.211,606.089|797.758,529.559|846.726,523.269|892.574,545.067|890.12,574.993|1050.27,914.74|1073.48,1241.52|1051.45,1431.57|1061,1616.48|941.311,910.042|900.552,1228.68|913.942,1372.43|901.264,1531.79|1003.89,526.777|985.04,500.144|1007.82,474.882|1057.86,484.512|970.517,477.589|949.833,484.409
64|1|992.069,913.756|994.196,802.124|995.677,715.281|1001.29,575.461|1021.9,598.876|1110.73,616.504|1202.94,775.199|1226.84,881.199|1179.69,859.29|1132.02,810.081|1128.69,839.979|978.525,598.365|892.545,606.593|728.332,602.075|798.249,527.631|841.006,517.279|888.088,538.28|884.089,549.297|1050.3,916.855|1070.65,1248.62|1047.66,1438.94|1057.36,1625.64|940.016,911.166|895.7,1234.07|909.026,1379.62|895.225,1540.85|1004.9,523.478|990.896,494.059|1010.96,467.982|1057.45,477.226|973.173,472.967|947.363,483.943
65|1|991.952,911.858|994.513,802.047|996.354,716.787|1002.1,578.18|1022.45,601.398|1110.28,618.797|1204.22,772.642|1231.86,877.948|1185.96,857.585|1137.68,814.642|1134.31,843.606|979.545,600.841|894.216,605.549|729.426,598.531|791.799,512.878|825.777,501.4|892.516,528.228|869.072,546.508|1049.46,915.105|1069.99,1240.28|1046.41,1427.62|1053.98,1610.44|940.519,909.131|897.982,1226.09|906.906,1374.37|891.623,1533.53|1005.79,526.711|992.196,488.623|1014.26,466.47|1060.69,484.3|976.859,468.762|952.209,483.972
66|1|991.209,914.257|994.868,803.548|997.505,717.243|1003.48,578.058|1023.98,601.494|1113.93,619.971|1233.13,768.572|1259.37,877.544|1198.13,854.861|1133.29,806.58|1145.11,848.846|980.76,600.682|895.19,605.233|732.284,593.808|798.463,502.876|807.301,481.067|884.423,515.248|855.478,539.143|1049.08,918.479|1072.6,1246.66|1047.2,1429.95|1052.26,1612.43|939.544,910.666|895.63,1229.2|903.968,1384.55|889.016,1544.5|1007.05,526.37|990.587,492.152|1012.37,468.254|1060.68,482.218|974.913,471.782|951.934,485.115
67|1|992.447,915.568|995.71,804.171|997.845,717.691|1003.96,576.97|1024.63,600.68|1114.63,619.135|1223.53,767.165|1258.72,869.925|1211.07,850.326|1155.33,812.836|1153.25,853.877|981.016,599.8|894.667,605.359|732.076,589.765|780.518,512.88|814.828,497.976|871.2,507.965|852.082,546.327|1050.8,920.07|1065.1,1251.68|1040.85,1435.94|1044.05,1619.97|940.448,911.737|890.395,1233.13|900.51,1385.39|882.392,1546.9|1007.61,524.704|990.854,496.562|1011.87,470.262|1060.48,478.924|974.038,474.946|950.482,484.607
68|1|993.631,914.683|996.555,803.771|998.451,717.25|1004.31,576.74|1024.94,600.357|1114.73,618.367|1221.08,766.608|1261.38,877.773|1216.26,848.365|1165.5,816.969|1158.73,855.623|981.477,599.579|895.274,604.172|733.163,586.46|776.424,506.352|812.898,496.754|849.32,475.045|839.951,530.343|1051.87,919.114|1063.34,1248.6|1040.46,1434.67|1041.49,1617.71|941.752,910.915|889.968,1229.68|900.112,1384.28|880.628,1544.56|1007.93,524.56|986.479,504.344|1007.95,476.076|1059.68,478.902|970.378,481.181|950.44,485.239
69|1|993.625,914.068|996.569,803.504|998.476,717.19|1004.28,577|1024.86,600.584|1115.12,619.345|1238.17,764.808|1282.95,879.718|1226.7,847.176|1163.09,810.946|1164.51,857.355|981.543,599.721|895.707,603.685|733.284,581.849|771.621,495.479|804.946,487.721|845.558,493.37|828.952,527.352|1051.69,918.548|1064.94,1246.16|1041.73,1433.27|1042.41,1615.58|941.912,910.257|891.515,1226.77|900.341,1382.93|881.597,1542.11|1007.82,524.965|986.534,496.53|1008.85,470.823|1060.45,480.213|971.502,474.986|952.093,484.447
70|1|995.105,919.274|997.474,805.512|998.723,717.267|1004.95,573.639|1025.98,597.876|1117.7,617.976|1230.41,772.986|1278.85,887.432|1228.29,849.001|1169.9,813.675|1163,855.79|981.613,596.83|893.797,601.846|738.169,579.551|781.641,501.034|792.519,487.526|807.878,490.885|814.265,539.423|1054.63,923.893|1064.7,1263.62|1041.56,1452.9|1040.49,1640.91|942.184,915.355|885.507,1242.52|898.6,1395.22|876.564,1557.42|1008.62,520.275|983.9,506.62|1006.38,476.389|1061.15,474.801|968.114,481.331|950.107,480.018
71|1|996.304,914.219|997.952,804.355|998.659,718.474|1004.32,578.748|1024.87,602.235|1114.4,619.204|1222.28,765.321|1266.8,879.981|1227.68,853.844|1182.67,818.139|1169.84,859.433|981.656,601.419|896.017,603.529|738.662,578.957|771.626,497.168|767.165,474.916|816.782,508.563|807.917,529.025|1054.16,918.669|1062.56,1244.38|1043.27,1435.24|1041.17,1616.64|944.905,910.442|891.064,1223.77|902.071,1380.25|880.601,1537.84|1007.76,526.902|980.36,500.857|1008.87,478.12|1065.66,492.489|972.107,475.753|960.651,477.39
72|1|995.61,909.981|998.117,801.191|999.577,716.072|1006,578.218|1026.18,601.592|1115.07,620.746|1235.97,765.877|1286,886.233|1231.75,857.425|1173.81,808.123|1170.63,859.752|983.523,600.331|899.308,602.337|745.416,579.52|777.909,497.776|739.719,474.465|799.732,503.715|787.701,538.43|1052.74,914.688|1065.17,1234.12|1045.52,1424.27|1043.64,1603.16|944.833,905.968|894.921,1212.98|903.386,1373.01|882.745,1528.76|1009.51,527.092|982.47,501.431|1003.16,474.581|1057.09,479.408|967.288,481.472|952.362,491.727
73|1|996.575,910.447|998.335,801.33|999.034,715.713|1004.7,576.264|1025.24,599.774|1114.43,617.692|1224.43,764.466|1270.09,879.717|1236.42,856.636|1189.37,809.879|1174,861.804|982.099,598.778|896.902,601.589|743.159,579.555|759.055,514.87|741.962,489.649|764.781,487.849|782.537,553.718|1054.17,915.512|1059.1,1239.3|1041.46,1428.44|1037.59,1608.94|945.518,906.129|890.95,1216.34|904.481,1370.21|881.439,1526.65|1007.96,524.509|979.902,503.203|1004.5,476.853|1060.82,482.98|967.749,479.394|954.628,481.98
74|1|997.413,905.555|998.753,797.841|999.056,713.124|1005.15,574.694|1025.58,598.15|1114.82,617.895|1236.1,764.812|1291.42,889.431|1237.96,862.484|1182.68,807.174|1175.43,862.39|982.551,596.994|897.775,600.364|744.456,583.142|746.189,511.109|732.665,494.732|730.115,479.382|762.126,539.976|1054.52,910.704|1060.83,1229.99|1044.99,1420.43|1040.94,1599.82|946.848,901.164|893.965,1205.06|906.696,1362.37|882.548,1516.61|1008.43,523.268|981.448,506.45|1002.13,477.314|1056.47,476.233|965.793,484.027|950.39,487.295
75|1|994.063,898.48|998.745,793.484|1002.03,711.006|1008.08,577.449|1027.69,600.126|1114.05,618.57|1238.88,754.702|1288.76,867.168|1231.39,850.994|1168.66,807.737|1176.27,862.582|986.353,598.798|905.141,603.203|750.312,588.669|736.873,527.533|709.649,499.484|720.326,500.891|763.194,536.829|1049.28,904.134|1057.36,1206.99|1039.19,1396.51|1038.47,1569.8|944.964,893.611|897.261,1183.8|902.128,1346.53|883.159,1497.48|1011.22,527.938|973.751,502.114|998.123,477.729|1058.38,485.574|964.479,481.743|960.631,489.705
76|1|999.661,900.975|1002.28,794.323|1003.62,710.892|1008.95,575.795|1028.93,598.662|1116.14,618.122|1242.64,756.143|1291.56,865.782|1231.52,847.379|1166.05,801.221|1180.62,863.351|987.163,597.391|905.485,602.996|755.203,589.691|730.71,540.41|707.521,505.734|714.176,505.674|729.795,565.284|1055.55,906.496|1056.66,1214.98|1041.77,1404.5|1036.64,1579.52|950.164,896.245|895.596,1190.24|906.748,1353.53|883.668,1505.98|1011.6,525.709|978.028,502.71|1001.15,477.124|1059.03,482.403|966.78,481.756|959.002,488.126
77|1|1000.41,897.193|1002.57,792.04|1003.82,709.25|1008.92,576.613|1028.6,599.04|1114.53,618.365|1242.89,750.666|1287.19,851.222|1225.92,840.901|1156.87,803.805|1182.16,863.593|987.487,597.905|906.969,602.896|755.104,596.086|734.732,553.395|702.606,516.377|694.381,524.247|715.252,544.482|1055.51,901.848|1060.22,1203.37|1045.47,1394.33|1041.01,1567.08|951.504,893.216|901.109,1181.96|910.376,1347.52|889.28,1498.28|1011.53,527.43|978.136,496.319|1002.59,473.859|1060.17,486.238|968.84,477.049|962.277,488.379
78|1|1001.66,898.743|1003.37,792.858|1004.26,709.586|1007.97,576.175|1027.97,598.5|1114.27,617.515|1243.93,749.627|1286.66,846.774|1224.79,838.246|1153.92,802.812|1184.31,863.612|986.657,597.817|905.775,603.931|753.918,599.942|729.546,556.737|699.175,515.663|680.173,533.183|713.372,560.799|1057.09,903.126|1064,1208.05|1050,1397.29|1046.6,1571.14|952.438,895.01|902.894,1187.27|914.135,1353.41|893.296,1505.84|1010.09,526.7|976.009,502.7|1000.6,478.54|1058.91,486.489|966.597,481.245|960.34,486.649
79|1|1001.79,898.524|1003.43,792.847|1004.27,709.779|1008.12,576.661|1028.06,598.962|1114.15,617.727|1244.07,748.881|1286.01,843.384|1224.07,836.318|1152.53,802.506|1186.05,863.543|986.829,598.232|906.121,604.44|754.362,601.868|727.42,559.438|699.457,515.441|673.648,541.02|710.711,567.871|1057.11,902.857|1065.28,1207.28|1051.88,1396.93|1049.47,1570.75|952.675,894.834|904.354,1186.73|915.701,1353.62|895.367,1506.1|1010.3,527.3|976.903,499.457|1002.85,477.127|1060.95,489.444|968.938,478.17|963.061,484.956
80|1|1001.79,898.524|1003.43,792.848|1004.27,709.78|1008.12,576.661|1028.06,598.962|1114.15,617.727|1244.07,748.879|1286,843.382|1224.07,836.316|1152.53,802.504|1186.04,863.541|986.827,598.233|906.118,604.442|754.358,601.874|727.409,559.447|699.44,515.454|673.626,541.039|710.694,567.886|1057.11,902.857|1065.28,1207.28|1051.88,1396.93|1049.47,1570.75|952.674,894.834|904.354,1186.73|915.702,1353.62|895.368,1506.11|1010.29,527.3|976.894,499.463|1002.84,477.13|1060.95,489.44|968.927,478.177|963.054,484.961
81|1|1001.79,899.787|1002.75,793.536|1003.14,710.491|1007.27,577.441|1027.14,599.766|1113.24,617.716|1246.99,744.775|1285.51,836.294|1224.17,833.57|1151.41,804.681|1188.14,863.584|985.946,598.962|905.214,604.239|752.667,604.003|727.288,578.862|694.159,525.628|673.082,570.115|718.354,583.771|1057.18,903.059|1066.63,1208.29|1052.41,1399.53|1050.61,1573.53|952.465,897.033|905.732,1192.1|917.224,1356.76|899.669,1510.01|1009.57,528.118|972.803,497.916|996.754,474.513|1056.2,484.76|963.328,479.159|958.998,491.135
82|1|1002.21,901.096|1002.92,794.055|1003.1,710.528|1006.47,576.492|1026.63,598.854|1113.82,616.191|1249.88,743.518|1287.76,835.887|1223.49,833.434|1148.26,804.576|1190.54,863.289|985.104,598.324|903.729,604.306|750.985,606.826|726.085,582.614|684.169,532.529|666.755,583.742|716.773,579.905|1058.01,904.222|1069.24,1213.6|1054.56,1406.5|1053.65,1582.61|952.521,898.474|905.527,1197.81|918.082,1364.2|900.97,1519.76|1008.52,526.777|978.112,502.597|998.837,476.489|1053.84,480.499|964.536,483.246|953.515,492.68
83|1|1001.79,901.949|1002.5,794.293|1002.65,710.458|1006.64,575.653|1026.87,598.256|1114.44,616.244|1251,745.013|1288.07,836.571|1222.93,833.619|1146.56,804.046|1190.05,863.703|985.015,597.53|903.074,603.928|748.606,609.975|728.945,588.04|672.669,545.61|664.648,600.286|718.602,585.244|1057.9,905.112|1069.5,1217.53|1054.73,1410.56|1054.57,1588.17|951.818,899.298|904.87,1201.62|918.159,1367.99|900.828,1524.85|1008.87,525.627|978.258,499.659|1000.6,474.361|1056.53,481.101|965.816,479.582|955.244,488.734
84|1|1001.77,901.976|1002.47,794.324|1002.61,710.499|1006.57,575.694|1026.8,598.292|1114.38,616.25|1250.97,745.001|1288.06,836.607|1222.93,833.686|1146.57,804.147|1190.05,863.739|984.947,597.578|903.002,604.02|748.505,610.32|728.745,588.585|672.247,546.497|664.448,601.47|718.296,586.294|1057.88,905.134|1069.5,1217.55|1054.75,1410.62|1054.61,1588.24|951.797,899.328|904.872,1201.66|918.164,1368.06|900.838,1524.93|1008.79,525.668|977.939,500.055|1000.27,474.646|1056.34,481.091|965.503,479.917|955.098,488.846
85|1|1000.56,902.333|1001.58,794.477|1001.99,710.59|1005.86,575.34|1026.19,597.986|1114.06,615.877|1251.17,745.134|1288.08,836.63|1222.21,833.697|1145.26,804.015|1189.9,863.782|984.16,597.352|901.818,603.965|746.493,614.642|728.955,594.908|661.863,564.903|661.38,613.971|715.427,605.466|1056.82,905.573|1069.89,1219.87|1054.41,1412.66|1054.98,1591.36|950.431,899.612|904.239,1203.81|917.307,1370.54|899.76,1528.3|1008.1,525.129|980.998,510.056|1001.05,481.463|1054.44,479.332|965.866,488.1|951.462,490.376
86|1|999.763,901.471|1000.89,793.681|1001.41,709.741|1005.6,574.755|1025.82,597.394|1113.21,615.92|1248.62,745.926|1286.94,836.964|1222.54,833.684|1146.9,803.646|1188.2,864.268|983.897,596.684|901.747,603.594|746.927,616.486|728.532,595.115|660.333,575.472|662.231,621.488|714.413,610.784|1055.95,904.659|1069.83,1217.93|1054.21,1411.66|1055.34,1590.23|949.69,898.795|904.204,1202.05|916.375,1369.72|898.696,1527.24|1008,524.641|977.272,509.147|996.819,480.234|1052.03,477.072|962.257,488.178|950.612,492.087
87|1|1001.4,903.298|1001.61,794.751|1001.45,710.492|1004.33,575.168|1024.77,597.633|1112.37,615.915|1246.87,747.14|1288.27,840.337|1223.87,833.401|1148.97,802.897|1187.48,864.565|982.811,597.373|900.584,605.235|748.577,618.383|724.893,593.338|656.768,586.208|661.925,642.972|707.729,625.071|1057.79,905.774|1074.16,1220.66|1058.89,1415.3|1061.26,1594.61|951.096,901.256|905.164,1206.7|918.045,1375.33|900.776,1533.75|1006.32,524.936|973.432,506.679|997.313,480.252|1055.39,483.478|962.338,483.659|953.905,485.162
88|1|1001.95,905.866|1001.92,796.648|1001.6,711.897|1004,575.913|1024.6,598.399|1112.86,616.152|1248.51,747.8|1290.41,842.826|1224.8,833.469|1149.12,802.266|1188.3,864.583|982.464,598.307|899.868,606.251|748.738,619.78|725.753,595.348|653.528,588.487|660.666,656.432|703.546,626.666|1058.64,908.201|1077.68,1225.84|1062.43,1422.28|1065.75,1602.83|951.364,903.953|905.683,1212.35|919.052,1382.65|902.288,1542.23|1005.84,525.443|975.249,505.439|997.67,478.532|1054.01,481.399|962.417,483.503|951.408,487.775
89|1|1001.95,909.042|1001.92,798.313|1001.59,712.416|1004.37,575.325|1025.06,598.062|1114.01,615.939|1249.06,750.096|1292.69,847.34|1226.1,832.103|1150.16,800.692|1187.74,864.638|982.631,597.797|899.537,606.192|749.801,621.557|721.647,597.277|643.84,597.276|659.045,674.033|701.064,637.988|1059.22,911.401|1079.84,1233.73|1064.57,1433.4|1069.04,1616.23|950.869,907.11|903.911,1219.91|917.941,1393.33|901.362,1554.59|1006.32,524.449|970.117,505.86|995.371,479.559|1056.13,483.701|960.295,482.228|954.612,483.12
90|1|1001.95,909.042|1001.92,798.313|1001.59,712.417|1004.37,575.325|1025.06,598.062|1114.01,615.94|1249.06,750.097|1292.69,847.34|1226.1,832.104|1150.16,800.692|1187.74,864.638|982.631,597.797|899.537,606.192|749.801,621.558|721.646,597.279|643.839,597.279|659.044,674.037|701.062,637.991|1059.22,911.401|1079.84,1233.73|1064.57,1433.4|1069.04,1616.23|950.869,907.11|903.911,1219.91|917.941,1393.33|901.361,1554.59|1006.32,524.449|970.117,505.859|995.372,479.558|1056.13,483.701|960.296,482.227|954.612,483.12
91|1|1002.1,909.007|1002.1,798.335|1001.8,712.483|1004.59,575.442|1025.27,598.176|1114.32,616.105|1249.39,750.365|1292.32,847.893|1225.31,832.447|1149.02,800.498|1187.4,864.906|982.853,597.905|899.778,606.326|749.856,622.069|721.065,598.343|642.836,599.28|658.532,676.968|699.655,641.209|1059.34,911.396|1080.27,1233.61|1065.08,1434.74|1069.84,1617.88|951.034,907.048|903.982,1219.71|917.599,1394.68|900.888,1556.19|1006.54,524.585|971.853,503.426|996.148,477.155|1055.67,481.934|960.981,480.959|953.688,484.869
92|1|1001.17,909.118|1001.05,797.962|1000.64,711.866|1002.64,574.529|1023.5,597.197|1112.6,614.512|1247.26,748.88|1292.5,847.811|1225.93,831.224|1150.15,799.663|1186.91,864.889|980.991,597.149|897.729,605.499|750.005,621.896|722.603,599.88|637.633,606.205|658.694,685.109|697.788,649.769|1058.55,911.426|1080.61,1234.63|1066.56,1436.66|1071.63,1620.08|949.968,907.233|903.889,1221.33|917.656,1399.26|900.709,1561.28|1004.24,523.551|971.561,510.327|994.762,482.086|1052.96,481.05|959.279,486.248|949.825,484.546
93|1|1001.24,908.844|1001.16,797.656|1000.77,711.555|1002.77,574.105|1023.67,596.792|1112.8,614.229|1247.51,748.881|1292.94,847.88|1226.41,831.202|1150.68,799.595|1187.14,864.923|981.096,596.76|897.719,605.238|749.747,622.7|721.519,601.97|635.795,610.094|658.643,690.416|696.169,653.917|1058.67,911.168|1080.86,1234.64|1066.89,1437.33|1072.11,1621.08|950.007,906.945|903.947,1221.35|917.441,1400.65|900.301,1563.04|1004.39,523.072|972.947,506.207|996.908,479.082|1054.6,481.443|961.187,482.366|951.057,482.533
94|1|1001.23,908.852|1001.14,797.665|1000.75,711.566|1002.73,574.116|1023.63,596.8|1112.77,614.229|1247.49,748.882|1292.9,847.901|1226.36,831.23|1150.61,799.63|1187.1,864.943|981.056,596.774|897.677,605.271|749.674,622.829|721.356,602.198|635.582,610.457|658.478,690.853|695.942,654.308|1058.66,911.174|1080.86,1234.65|1066.91,1437.36|1072.14,1621.12|949.992,906.955|903.942,1221.37|917.44,1400.72|900.299,1563.11|1004.34,523.082|972.859,506.215|996.808,479.078|1054.52,481.416|961.09,482.386|950.984,482.576
95|1|1001.23,908.852|1001.14,797.665|1000.75,711.566|1002.73,574.116|1023.63,596.8|1112.77,614.229|1247.49,748.882|1292.9,847.901|1226.36,831.23|1150.61,799.63|1187.1,864.943|981.056,596.774|897.677,605.271|749.674,622.829|721.356,602.198|635.582,610.457|658.478,690.853|695.942,654.308|1058.66,911.174|1080.86,1234.65|1066.91,1437.36|1072.14,1621.12|949.992,906.955|903.942,1221.37|917.44,1400.72|900.299,1563.11|1004.34,523.082|972.859,506.215|996.808,479.078|1054.52,481.416|961.09,482.386|950.984,482.576
96|1|1001.24,908.898|1001.15,797.697|1000.75,711.633|1002.73,574.066|1023.68,596.774|1113.11,614.522|1248.43,749.534|1293.51,850.512|1226.23,832.044|1150.05,799.275|1187.26,865.058|981.008,596.767|897.449,605.318|748.077,623.367|717.508,604.611|630.227,614.917|658.654,697.076|694.593,656.994|1058.71,911.245|1081.28,1235.3|1067.08,1437.93|1072.48,1622.1|949.968,906.98|903.812,1222.04|917.324,1401.84|899.911,1564.71|1004.32,522.974|973.846,505.97|996.722,478.205|1053.57,479.424|960.888,482.725|949.436,484.144
97|1|1001.67,908.56|1001.56,797.258|1001.15,711.212|1003.13,573.405|1024.16,596.149|1113.79,614.007|1249.63,749.454|1294.05,851.128|1226.59,832.276|1150.24,799.326|1187.15,865.129|981.33,596.197|897.458,604.903|747.656,623.794|717.466,607.337|628.031,618.715|658.458,703.976|692.734,661.245|1059.24,910.872|1081.98,1236.06|1067.47,1438.2|1072.99,1623.09|950.311,906.673|903.858,1222.8|917.739,1402.24|900.054,1565.66|1004.77,522.193|975.187,504.061|998.169,476.432|1054.65,478.528|962.048,480.842|949.755,482.939
98|1|1001.67,908.561|1001.56,797.259|1001.15,711.213|1003.13,573.407|1024.15,596.15|1113.78,614.007|1249.63,749.454|1294.05,851.128|1226.59,832.277|1150.24,799.327|1187.15,865.13|981.329,596.198|897.457,604.905|747.654,623.799|717.461,607.345|628.026,618.727|658.453,703.988|692.728,661.257|1059.24,910.873|1081.98,1236.06|1067.47,1438.2|1072.99,1623.09|950.311,906.673|903.858,1222.8|917.74,1402.24|900.055,1565.67|1004.77,522.194|975.183,504.066|998.164,476.435|1054.64,478.529|962.044,480.847|949.753,482.942
99|1|1001.67,908.561|1001.56,797.259|1001.15,711.213|1003.13,573.407|1024.15,596.15|1113.78,614.007|1249.63,749.454|1294.05,851.128|1226.59,832.277|1150.24,799.327|1187.15,865.13|981.329,596.198|897.457,604.905|747.654,623.799|717.461,607.345|628.026,618.727|658.453,703.988|692.728,661.257|1059.24,910.873|1081.98,1236.06|1067.47,1438.2|1072.99,1623.09|950.311,906.673|903.858,1222.8|917.74,1402.24|900.055,1565.67|1004.77,522.194|975.183,504.066|998.164,476.435|1054.64,478.529|962.044,480.847|949.753,482.942
100|1|1001.67,908.561|1001.56,797.259|1001.15,711.213|1003.13,573.407|1024.15,596.15|1113.78,614.007|1249.63,749.454|1294.05,851.128|1226.59,832.277|1150.24,799.327|1187.15,865.13|981.329,596.198|897.457,604.905|747.654,623.799|717.461,607.345|628.026,618.727|658.453,703.988|692.728,661.257|1059.24,910.873|1081.98,1236.06|1067.47,1438.2|1072.99,1623.09|950.311,906.673|903.858,1222.8|917.74,1402.24|900.055,1565.67|1004.77,522.194|975.183,504.066|998.164,476.435|1054.64,478.529|962.044,480.847|949.753,482.942
101|1|1001.67,908.561|1001.56,797.259|1001.15,711.213|1003.13,573.407|1024.15,596.15|1113.78,614.007|1249.63,749.454|1294.05,851.128|1226.59,832.277|1150.24,799.327|1187.15,865.13|981.329,596.198|897.457,604.905|747.654,623.799|717.461,607.345|628.026,618.727|658.453,703.988|692.728,661.257|1059.24,910.873|1081.98,1236.06|1067.47,1438.2|1072.99,1623.09|950.311,906.673|903.858,1222.8|917.74,1402.24|900.055,1565.67|1004.77,522.194|975.183,504.066|998.164,476.435|1054.64,478.529|962.044,480.847|949.753,482.942
102|1|1001.67,908.561|1001.56,797.259|1001.15,711.213|1003.13,573.407|1024.15,596.15|1113.78,614.007|1249.63,749.454|1294.05,851.128|1226.59,832.277|1150.24,799.327|1187.15,865.13|981.329,596.198|897.457,604.905|747.654,623.799|717.461,607.345|628.026,618.727|658.453,703.988|692.728,661.257|1059.24,910.873|1081.98,1236.06|1067.47,1438.2|1072.99,1623.09|950.311,906.673|903.858,1222.8|917.74,1402.24|900.055,1565.67|1004.77,522.194|975.183,504.066|998.164,476.435|1054.64,478.529|962.044,480.847|949.753,482.942
103|1|1001.49,909.601|1001.39,798.242|1000.99,712.163|1003.27,574.287|1024.26,597.085|1113.97,614.691|1250.25,749.973|1294.44,851.629|1226.87,832.38|1150.44,799.417|1187.23,865.15|981.407,597.047|897.45,605.482|747.672,624.039|717.172,608.214|627.098,619.848|658.052,706.204|692.039,662.458|1059.09,911.923|1081.85,1237.83|1067.12,1440.04|1072.71,1625.3|950.094,907.706|903.361,1224.46|917.428,1403.3|899.843,1566.83|1005.03,523.059|978.552,502.446|1001.04,475.31|1055.47,479.077|964.673,479.775|949.828,483.803
104|1|1001.49,909.604|1001.39,798.245|1000.99,712.166|1003.27,574.289|1024.26,597.088|1113.97,614.693|1250.24,749.974|1294.44,851.634|1226.87,832.387|1150.45,799.426|1187.23,865.154|981.406,597.05|897.449,605.486|747.67,624.05|717.166,608.232|627.089,619.874|658.047,706.234|692.029,662.487|1059.09,911.925|1081.85,1237.83|1067.12,1440.04|1072.71,1625.3|950.094,907.708|903.361,1224.46|917.427,1403.3|899.843,1566.83|1005.03,523.062|978.545,502.463|1001.03,475.323|1055.46,479.079|964.665,479.789|949.824,483.808
105|1|1001.48,909.615|1001.39,798.257|1000.98,712.18|1003.27,574.302|1024.26,597.1|1113.97,614.703|1250.25,749.988|1294.47,851.677|1226.91,832.441|1150.49,799.492|1187.25,865.189|981.401,597.064|897.442,605.504|747.662,624.113|717.159,608.346|627.078,620.047|658.078,706.435|692.051,662.696|1059.09,911.937|1081.85,1237.85|1067.11,1440.07|1072.71,1625.33|950.09,907.72|903.357,1224.48|917.42,1403.32|899.836,1566.84|1005.02,523.074|978.512,502.566|1001,475.402|1055.45,479.092|964.632,479.872|949.809,483.826
106|1|1003.17,909.89|1002.09,798.497|1001.07,712.299|1003.55,574.413|1024.47,597.213|1113.94,614.321|1250.64,748.785|1294.54,848.201|1228.26,832.688|1152.17,799.924|1187.88,865.162|981.648,597.184|897.645,605.506|747.918,622.865|717.866,605.801|627.337,620.572|658.079,711.853|691.282,667.327|1060.77,911.261|1084.51,1237.14|1069.57,1439.88|1076.47,1625.39|951.676,908.841|905.842,1226.78|920.126,1403.9|903.865,1567.64|1005.47,523.181|978.396,504.162|1001.1,476.729|1056.02,479.578|964.714,481.011|950.362,483.648
107|1|1003.22,912.186|1002.07,800.237|1001,713.655|1003.36,575.347|1024.34,598.201|1114.25,614.953|1252.08,749.105|1296.92,848.743|1228.84,832.189|1151.47,800.157|1188.78,865.226|981.45,598.164|897.308,606.128|748.276,621.482|721.095,601.915|631.33,617.91|658.292,714.904|691.422,667.954|1061.02,913.545|1086.64,1241.31|1071.4,1445.14|1078.66,1631.62|951.557,911.149|906.293,1231.19|920.966,1408.54|905.464,1572.87|1005.22,523.986|978.834,504.106|1001.37,476.799|1055.81,480.139|964.927,481.185|949.972,484.567
108|1|1002.3,912.307|1001.71,800.351|1001.24,713.755|1003.78,575.38|1024.72,598.243|1114.39,614.936|1252.8,748.404|1296.68,844.556|1229.17,832.019|1151.59,800.232|1189.21,865.204|981.831,598.224|897.558,606.051|746.261,621.434|727.97,595.146|647.336,604.967|653.197,713.262|693.359,653.396|1060.08,913.519|1088.92,1241.18|1071.67,1444.42|1080.93,1631.08|950.559,911.4|908.654,1232.83|921.009,1410.51|906.795,1575.51|1005.83,523.987|977.754,501.592|1001.56,475.275|1057.43,481.302|965.134,478.682|951.946,482.993
109|1|1002.21,912.376|1002.44,800.511|1002.71,714.117|1005.9,576.557|1026.58,599.397|1115.77,616.435|1254.89,747.862|1294.34,840.203|1228.74,832.428|1151.37,800.381|1190.01,865.145|983.985,599.126|900.306,606.363|743.783,621.833|724.067,594.951|664.262,595.339|652.738,702.664|704.995,633.927|1059.72,913.795|1089.6,1239.58|1070.74,1442.09|1080.07,1627.66|950.662,911.28|910.074,1231.52|920.433,1410.8|907.507,1575.82|1008.16,525.5|978.815,503.379|1001.62,476.669|1057.71,481.229|965.723,481.371|953.393,486.81
110|1|1000.95,908.704|1002.21,797.907|1003.36,712.491|1006.97,576.227|1027.38,598.921|1115.77,616.212|1254.16,745.828|1290.33,834.304|1227.49,831.325|1150.95,801.352|1189.25,865.049|985.189,598.515|902.343,605.408|742.371,624.271|722.798,592.883|690.79,585.312|650.521,682.396|709.829,615.613|1057.87,910.484|1088.89,1231.53|1068.8,1432.76|1078.65,1616.69|949.889,907.281|911.269,1223.32|919.2,1405.62|906.634,1570.49|1009.39,525.656|977.607,498.606|1005.26,476.217|1063.67,489.881|970.059,475.323|962.669,479.375
111|1|1000.61,905.413|1001.85,795.654|1002.76,711.217|1006.45,576.487|1026.59,598.988|1114.08,616.574|1247.21,747.051|1288.9,837.708|1224.28,832.294|1148.61,799.601|1188.31,865.44|984.961,598.372|903.397,605.582|753.552,615.664|727.133,574.937|703.462,560.975|644.093,642.487|710.429,615.45|1056.94,907.706|1085.03,1223.71|1067.33,1426.07|1076.36,1608.03|950.2,903.529|908.114,1213.1|916.383,1399.22|901.683,1562.89|1008.71,526.531|983.122,498.659|1009.9,477.483|1063.72,492.669|974.928,475.721|963.349,479.895
112|1|1000.07,906.172|1002.28,796.224|1004.08,711.748|1008.17,577.188|1028.21,599.719|1115.63,617.141|1251.45,745.02|1284.11,828.69|1220.4,828.618|1143.54,802.023|1187.37,865.812|986.643,598.986|905.204,605.69|747.755,616.511|727.729,573.489|708.474,556.378|645.488,618.014|716.931,587.637|1056.35,908.68|1084.75,1225.1|1064.62,1424.97|1073.19,1607.03|949.643,904.093|907.158,1214.28|914.454,1400.61|900.727,1564.95|1010.6,527.306|984.896,510.868|1003.3,482.424|1054.83,479.954|968.759,490.41|953.283,495.24
113|1|999.948,904.625|1002.11,794.494|1003.9,709.866|1008.01,575.061|1028.07,597.624|1114.33,614.871|1240.59,746.45|1275.57,829.87|1243.8,821.431|1194.43,789.127|1181.23,862.499|986.451,596.916|904.904,604.099|747.367,615.031|729.059,571.102|710.321,550.201|645.252,612.04|720.419,575.976|1056.32,907.049|1080.87,1223.73|1061.01,1418.39|1068.69,1599.68|949.423,902.621|907.063,1213.57|914.309,1401.75|899.598,1567.46|1010.53,525.062|980.202,500.142|1005.59,476.641|1062.18,486.797|970.784,477.786|961.671,482.32
114|1|999.166,901.99|1001.57,791.863|1003.56,707.256|1007.72,572.039|1027.84,594.661|1115.14,614.514|1246.55,748.308|1292.48,847.373|1239.68,825.602|1181.05,780.839|1181.99,861.029|986.051,594.026|904.165,601.59|748.41,609.423|741.585,563.202|723.159,528.522|642.814,580.211|717.523,546.32|1055.64,904.476|1083.01,1221.1|1061.31,1418.7|1068.52,1601.16|948.535,899.93|906.815,1211.19|912.802,1400.9|896.87,1566.96|1010.35,521.828|979.339,500.258|1001.98,474.039|1058.44,478.232|967.049,478.772|956.771,484.083
115|1|985.947,889.423|994.965,782.503|1001.4,700.652|1008.28,568.815|1027.67,591.334|1112.77,612.144|1238.26,746.218|1278.7,844.451|1229.5,825.207|1176.55,777.985|1174.26,862.74|986.458,589.985|905.682,598.156|754.2,607.404|734.369,577.462|721.705,537.645|636.578,583.02|725.682,580.88|1040.92,896.736|1052.24,1206.1|1033,1386.36|1033.9,1566.87|937.004,883.07|839.897,1162.64|862.138,1346.29|832.143,1509.71|1011.83,519.762|982.014,497.254|1001.88,470.47|1056.23,472.589|967.675,477.986|955.944,486.926
116|1|959.589,884.66|979.896,779.237|995.533,698.062|1007.46,567.03|1025.46,590.059|1107.7,612.1|1213.49,747.364|1247.04,840.778|1232.27,825.05|1204.39,790.247|1165.52,863.235|985.234,587.252|905.191,592.338|755.565,600.121|741.184,584.404|715.709,540.964|633.679,586.978|731.281,591.384|1013.45,897.094|1015.95,1204.62|974.047,1387.65|969.98,1567.17|911.488,873.715|843.282,1165.79|828.557,1354.5|798.314,1517.57|1013.45,518.391|980.298,505.377|999.86,476.958|1055.78,472.501|966.601,484.51|957.965,486.535
117|1|959.969,882.584|980.266,778.038|995.85,697.5|1007.72,567.269|1025.67,590.191|1108.52,614.245|1224.04,750.558|1264.66,862.845|1231.13,827.53|1194.62,784.127|1165.1,861.15|985.588,587.34|905.98,591.387|758.027,592.251|743.564,569.084|716.01,518.605|639.05,553.234|731.76,554.858|1013.44,895.129|1003.18,1198.82|958.595,1384.67|946.321,1562.9|912.246,871.543|839.146,1159.05|818.752,1354|783.857,1514.69|1013.56,518.923|979.276,502.333|999.637,475.1|1056.28,473.692|966.633,482.066|959.4,486.258
118|1|973.736,883.855|987.199,778.266|997.354,696.99|1007.33,567.496|1025.53,590.056|1107.92,613.925|1224.3,749.003|1267.7,855.731|1226.78,820.818|1181.26,778.076|1163.85,860.431|985.62,587.657|906.758,592.31|762.041,585.97|747.379,549.631|699.269,503.483|638.667,539.762|740.379,517.76|1027.61,892.944|1011.77,1193.63|975.778,1384.43|960.566,1561.6|925.672,875.901|847.682,1160.13|835.323,1355.44|798.733,1514.13|1012.27,519.418|978.214,498.95|999.68,473.383|1056.28,475.973|966.852,479.057|960.229,485.008
119|1|976.071,877.164|989.005,772.853|998.711,692.685|1008.92,565.029|1026.82,587.314|1107.06,609.192|1208.5,741.837|1241.47,840.328|1228.26,820.547|1206.75,784.03|1161.98,857.979|987.432,584.904|909.549,589.036|767.5,580.205|753.558,544.516|707.693,498.643|647.728,522.736|749.954,507.584|1029.27,885.947|913.029,1125.58|904.599,1306.28|867.747,1483.29|928.619,869.478|816.671,1117.68|821.368,1316.82|772.876,1479.24|1014.01,517.601|979.602,498.442|1000.26,472.649|1056.46,473.699|968.002,478.989|961.814,484.767
120|1|988.397,875.86|997.185,769.256|999.164,690.703|1006.58,566.507|1024.74,587.893|1104.01,605.131|1200.17,737.984|1225.94,847.618|1222.57,823.899|1211.36,784.37|1160.59,860.394|985.856,586.288|909.486,589.736|773.197,575.466|764.108,534.465|702.001,513.754|651.579,511.28|755.869,479.477|1040.68,884.397|886.826,963.222|915.776,1177.74|871.231,1348.41|942.615,868.521|817.12,974.497|856.222,1185.41|794.895,1333.67|1010.19,520.321|977.301,498.158|999.105,474.388|1054.28,479.541|967.189,478.783|961.012,485.16
121|1|988.458,875.459|997.308,768.837|999.36,690.227|1007.05,565.995|1025.15,587.427|1104.35,604.957|1199.71,738.626|1225.12,847.83|1221.99,823.653|1211.12,783.567|1159.7,860.006|986.283,585.732|909.935,588.812|774.36,572.467|767.254,529.985|706.749,506.443|658.284,501.02|762.507,472.325|1040.75,884.016|895.59,970.472|921.512,1183.38|880.712,1356.67|942.665,868.102|819.35,968.348|855.918,1183.76|793.93,1332.43|1010.76,519.794|978.303,497.204|1000.02,473.529|1054.89,478.942|968.081,477.963|961.552,484.712
122|1|982.549,866.459|995.403,763.199|1000.74,687.01|1008.72,566.247|1026.19,587.109|1103.37,605.915|1195.54,736.214|1217.66,846.565|1219.31,824.585|1212.41,786.775|1161.95,859.898|988.447,585.412|914.275,589.74|779.425,565.939|750.255,514.131|716.187,514.852|662.107,510.763|758.484,479.948|1033.26,876.556|946.311,1023.97|941.441,1234.2|909.708,1414.03|938.056,857.73|822.909,978.522|848.554,1188.65|789.463,1334.18|1012.66,521.367|981.462,498.118|997.992,473.521|1049.18,474.369|967.79,483.096|959.582,496.002
123|1|978.687,861.256|995.716,759.224|999.78,683.505|1009.16,564.576|1026.28,585.503|1102.31,604.368|1188.44,737.56|1203.55,850.673|1215.19,830.631|1214.68,788.427|1154.33,859.734|988.885,583.096|915.791,586.614|783.06,562.983|745.32,513.045|735.686,505.121|694.975,487.121|768.775,450.85|1026.93,874.008|838.303,895.745|878.521,1122.95|819.222,1270.38|936.993,850.352|799.161,929.805|837.93,1144.72|767.754,1275.02|1013.22,520.346|981.818,496.649|1000.53,473.396|1052.52,477.187|970.294,480.336|963.348,490.996
124|1|978.142,860.652|995.454,758.317|999.855,682.454|1008.9,562.956|1026.17,583.917|1102.7,603.722|1183.2,740.131|1192.08,854.62|1209.19,834.563|1217.13,791.505|1150.03,859.398|988.579,581.649|915.082,584.951|783.731,559.133|754.97,508.049|734.769,489.254|714.677,470.38|763.768,436.34|1026.68,873.568|895.116,938.63|899.678,1167.28|843.456,1328.57|936.171,849.6|804.398,910.844|837.043,1124.2|765.198,1251.69|1012.88,518.492|983.624,497.061|1000.53,472.55|1050.71,473.285|970.168,481.008|960.751,491.461
125|1|970.039,858.732|989.819,757.142|998.482,682.244|1008.9,562.693|1025.84,583.763|1102.15,604.604|1182.15,740.372|1190.05,854.653|1207.61,835.402|1216.34,793.207|1151.33,859.658|988.368,581.284|914.753,584.511|783.636,554.975|764.622,501.691|738.922,473.825|733.187,442.08|767.396,430.151|1019.39,872.247|929.259,977.629|910.693,1202.18|869.591,1375.91|926.94,847.052|803.544,929.604|823.35,1142.38|755.753,1277.04|1013.7,518.232|980.087,497.005|1000.61,473.634|1054.8,477.378|970.138,478.881|965.354,485.835
126|1|969.373,860.321|988.902,758.139|997.744,682.662|1008.25,562.169|1025.25,583.401|1101.79,605.237|1178.77,742.33|1187.86,859.553|1203.2,837.415|1215.13,797.864|1152.93,860.637|987.628,580.866|913.672,583.694|783.022,553.476|770.381,498.814|741.983,467.99|732.307,434.763|781.062,421.447|1019.06,873.828|945.368,1021.18|917.165,1249.02|878.125,1433.3|925.963,848.646|803.934,993.892|816.78,1202.8|750.468,1345.78|1013.12,517.358|979.832,498.1|999.791,473.945|1053.74,475.791|969.195,479.718|963.772,485.663
127|1|967.542,856.171|986.044,754.844|995.974,679.841|1008.57,560.371|1025.08,581.679|1100.55,604.734|1172.32,742.893|1184.31,858.968|1201.53,838.238|1214.69,799.484|1153.19,860.863|987.683,578.726|913.809,580.459|783.172,549.446|770.491,492.149|742.791,461.624|732.274,428.827|784.409,418.532|1017.4,868.737|957.381,1036.25|925.057,1258.05|894.184,1442.55|923.704,845.248|805.593,977.451|815.342,1187.79|751.926,1331.14|1014.43,515.937|979.34,493.847|1000.32,470.607|1055.6,474.981|969.885,475.795|966.326,483.279
128|1|968.269,857.012|984.119,754.9|994.828,679.763|1008.03,560.42|1024.3,581.701|1099.53,604.407|1172.26,742.385|1183.86,858.229|1201.19,837.417|1214.15,798.224|1152.64,859.916|987.126,578.753|913.319,579.701|783.969,548.841|773.499,494.716|753.301,461.192|733.258,425.226|790.839,419.765|1018.96,866.805|983.175,1054.52|945.45,1269.09|928.962,1456.1|923.1,848.42|828.219,993.151|827.352,1206.96|773.719,1360.37|1014.37,516.064|989.452,495.598|1003.98,470.224|1050.66,468.75|973.567,480.31|960.057,491.739
129|1|969.581,853.517|984.813,753.335|994.577,678.924|1008.6,561.516|1024.55,582.679|1098.8,605.643|1169.54,741.777|1178.17,855.544|1199.49,838.658|1213.73,799.579|1152.35,859.716|987.785,579.338|915.043,579.741|788.726,544.281|773.983,492.495|760.443,452.461|745.347,427.901|785.165,413.763|1019.39,863.411|981.359,1051.44|949.724,1259.34|932.555,1440.53|925.351,844.859|818.221,966.318|825.519,1182.73|769.718,1328.99|1015.03,517.89|982.941,494.384|1004.24,472.441|1057.51,479.193|973.917,476.324|968.742,483.811
130|1|970.373,852.367|985.737,752.665|995.651,678.583|1010.21,561.803|1025.98,582.946|1099.78,605.855|1168.74,741.408|1175.72,853.796|1198.28,838.328|1213.91,800.151|1152.3,859.616|989.4,579.437|916.988,579.454|790.437,542.11|771.262,488.768|759.792,455.629|747.192,426.707|789.303,404.829|1019.95,862.307|975.991,1043.01|948.546,1245.79|930.767,1423.54|926.343,843.666|805.865,930.434|818.175,1151.21|758.633,1291.49|1016.84,518.421|990.81,497.312|1004.59,472.484|1051.01,470.847|975.15,483.236|963.039,496.149
131|1|970.68,852.215|986.104,752.297|996.135,678.08|1011.16,561.084|1026.87,582.302|1100.6,605.352|1168.65,741.679|1176.38,853.929|1198.97,837.847|1214.91,799.388|1152.35,859.492|990.24,578.726|917.757,578.116|794.08,538.19|778.353,483.628|768.235,449.346|758.009,413.57|796.312,401.245|1020.39,862.159|976.404,1041.27|948.099,1243.51|929.784,1421.42|926.52,843.509|811.193,938.128|822.672,1155.09|764.32,1296.36|1018.06,517.62|989.289,496.32|1007.26,472.635|1057.39,474.84|976.97,479.55|967.897,488.453
132|1|971.75,853.179|986.525,752.955|996.344,678.689|1010.81,561.751|1026.55,582.846|1100.35,605.286|1168.28,742.161|1175.35,854.972|1198.54,838.52|1214.88,799.894|1151.5,858.935|990.023,579.483|917.806,578.697|796.666,536.834|782.604,477.865|765.059,439.059|753.723,405.056|811.193,406.104|1021.58,862.558|982.649,1037.1|953.631,1239.34|937.387,1417.35|927.407,844.96|817.876,936.189|828.145,1155.14|771.099,1297.61|1017.55,518.322|991.481,495.362|1009.37,472.302|1057.85,476.168|978.857,478.727|967.743,488.447
133|1|975.172,853.38|988.375,752.915|997.207,678.472|1011.09,561.488|1026.87,582.494|1100.43,605.128|1168.6,742.015|1176.85,856.164|1198.85,839.206|1213.92,799.98|1152.15,859.135|990.448,579.296|918.487,578.573|799.587,535.481|786.548,474.892|778.564,439.824|766.893,401.255|820.661,405.666|1025.12,861.844|993.801,1045.74|962.776,1251.65|948.295,1431.68|930.672,845.967|829.089,971.117|836.258,1186.43|783.15,1333.77|1017.65,518.044|990.363,494.807|1009.22,472.24|1058.7,477.163|978.785,477.797|969.068,486.872
134|1|975.878,855.559|988.776,754.463|997.491,679.547|1011.11,561.847|1026.99,582.908|1100.96,605.503|1168.72,743.165|1177.63,859.082|1197.29,839.623|1212.96,801.365|1152.96,859.389|990.436,579.824|918.273,578.987|801.134,533.603|794.521,471.382|787.073,434.339|779.82,393.948|834.496,403.073|1026.14,863.841|1006.43,1063.55|969.795,1274.16|957.114,1458.5|931.082,848.308|846.114,1017.46|845.209,1226.45|797.828,1380.31|1017.64,518.142|990.823,498.033|1009.68,474.671|1059.08,477.639|978.998,480.019|968.722,486.446
135|1|976.719,855.778|989.358,754.418|998.008,679.204|1011.81,561.26|1027.65,582.38|1101.57,605.762|1168.21,744.299|1177.1,861.601|1195.81,840.59|1212.24,802.658|1153.52,859.682|991.102,579.247|918.961,578.588|802.523,533.791|801.512,470.678|798.321,432.652|790.983,389.551|846.155,405.693|1027.12,863.885|1015.59,1076.61|976.142,1291.37|965.097,1477.86|931.78,848.681|854.467,1038.85|849.774,1245.35|806.203,1401.96|1018.46,517.464|992.338,498.018|1010.87,474.384|1059.78,476.687|980.117,479.944|969.146,486.073
136|1|980.306,853.435|990.314,753.587|997.554,678.374|1012.44,561.189|1028,582.295|1101.24,606.617|1168.39,744.417|1180.54,861.881|1196.74,840.964|1211.44,803.021|1153.68,859.665|991.636,578.976|919.809,577.72|804.802,533.323|812.586,467.859|808.551,428.72|801.315,384.719|854.945,405.109|1030.36,860.043|1025.72,1089.82|986.22,1304.63|979.153,1488.11|935.579,847.657|865.604,1059.5|859.807,1258.36|819.98,1412.73|1019.59,517.689|995.642,497.878|1011.01,473.249|1057.22,472.795|980.727,481.875|967.181,491.477
137|1|983.241,854.919|991.502,754.457|998.404,679.023|1012.42,560.121|1028.23,581.33|1101.93,606.354|1169.09,745.919|1187.2,866.4|1198.27,844.009|1210.66,804.13|1154.08,859.883|991.609,578.342|918.858,576.324|812.593,525.884|827.657,464.975|815.636,424.873|818.092,381.726|862.597,397.919|1033.66,859.681|1040.44,1106.32|997.899,1317.98|996.382,1500.74|937.881,850.765|881.54,1077.7|870.506,1269.95|836.48,1427.28|1019.42,515.973|996.904,498.31|1012.07,472.863|1057.68,470.883|981.33,481.524|966.257,489.393
138|1|980.388,849.864|990.017,751.656|997.634,676.811|1013.07,559.125|1028.49,580.367|1100.96,606.148|1167.45,744.412|1188.29,864.531|1198.36,843.689|1210.27,805.286|1155.09,860.389|992.194,576.914|920.115,575.073|816.171,526.09|833.037,464.016|818.511,413.763|825.568,370.475|874.066,396.9|1030.16,855.676|1037.89,1109.26|996.924,1314.93|995.499,1492.07|935.717,844.774|882.206,1082.64|869.598,1269.46|836.918,1421.56|1020.57,515.437|999.987,495.567|1015.54,471.18|1059.97,471.694|984.776,478.885|968.613,487.564
139|1|980.325,849.603|990.042,751.27|997.758,676.333|1013.51,558.453|1028.88,579.751|1101.2,605.635|1166.63,744.093|1187.93,864.44|1198.42,843.873|1210.96,805.922|1155.49,860.557|992.556,576.26|920.452,574.194|818.34,524.529|838.422,462.449|825.215,412.631|833.574,369.143|882.001,394.411|1030.18,855.423|1037.74,1110.72|996.429,1311.2|994.377,1487.2|935.573,844.506|881.611,1084.72|869.963,1265.45|837.737,1416.17|1021.18,514.692|998.032,499.872|1012.65,473.796|1058.28,469.381|982.291,482.956|967.778,489.27
140|1|980.374,849.551|990.15,751.209|997.921,676.269|1013.86,558.377|1029.19,579.697|1101.43,605.696|1166.28,744.31|1187.51,864.767|1198.28,844.322|1211.18,806.5|1155.47,860.9|992.874,576.169|920.794,573.984|819.51,524.217|841.259,462.398|829.423,412.562|839.96,369.686|887.616,394.971|1030.24,855.392|1037.6,1110.94|996.143,1310.5|993.843,1486.29|935.61,844.435|875.702,1081.72|864.503,1266.37|829.338,1417.33|1021.62,514.613|999.3,499.892|1014.25,473.935|1059.58,469.961|983.673,482.582|968.559,488.275
141|1|980.441,849.347|990.329,750.969|998.203,675.998|1014.5,558.056|1029.77,579.429|1101.88,605.654|1165.88,744.524|1186.99,865.1|1198.18,844.779|1211.6,807.09|1155.52,861.18|993.458,575.811|921.417,573.308|821.495,522.508|845.841,460.59|836.238,410.116|849.375,367.392|897.208,394.525|1030.33,855.232|1037.21,1111.11|995.526,1309.68|992.707,1485.28|935.65,844.191|868.664,1077.92|857.867,1266.64|819.294,1417.67|1022.43,514.275|1001.27,499.532|1016.78,473.83|1061.75,470.7|985.902,481.637|969.986,486.462
142|1|973.171,845.315|986.425,746.755|997.408,671.981|1017.82,554.72|1032.1,576.584|1102.3,604.837|1153.58,748.746|1169.79,867.519|1194.88,848.177|1212.66,806.717|1154.2,860.279|996.355,571.704|924.822,566.716|841.349,503.231|874.594,435.986|886.348,401.203|910.326,389.256|930.116,398.797|1022.78,852.306|1025.53,1099.51|979.295,1288.37|974.37,1462.7|928.45,839.142|843.421,1022.36|838.708,1210.95|798.396,1360.8|1027.49,511.241|1002.55,507.449|1017.91,479.629|1065.13,468.66|987.567,487.685|974.668,484.611
143|1|973.197,844.116|985.775,744.734|997.31,669.556|1018.49,552.29|1032.45,574.231|1102.25,604.467|1151.68,748.963|1167.15,868.178|1192.95,848.851|1211.83,807.457|1154.47,860.474|997.048,569.169|925.88,564.845|849.478,507.192|895.001,448.1|901.273,416.017|931.408,420.192|946.424,439.728|1022.57,849.596|1034.47,1100.52|978.547,1292.85|977.633,1467.63|928.317,839.263|864.309,1046.12|842.473,1238.8|805.979,1394.82|1028.65,508.831|1011.21,510.193|1023.94,481.003|1065.6,465.254|993.54,490.424|974.319,484.983
144|1|972.753,847.161|985.55,747.068|998.191,672.031|1018.46,553.584|1032.46,575.622|1102.54,605.148|1149.68,751.087|1168.38,871.688|1192.4,850.574|1211.37,808.466|1154.68,860.718|997.241,570.644|926.225,566.509|859.31,507.27|914.427,442.491|917.912,397.538|943.525,413.263|955.855,424.824|1021.98,852.045|1041.43,1107.5|981.347,1299.27|985.401,1474.38|927.787,842.829|873.015,1054.37|844.649,1254.16|811.431,1415.61|1028.45,509.739|1018.65,520.873|1030.37,490.284|1067.16,468.252|999.552,499.355|974.253,486.343
145|1|973.102,848.725|985.656,747.719|998.302,672.108|1018.35,552.321|1032.48,574.472|1102.38,604.255|1149.23,751.344|1171.33,873.221|1193.81,852.057|1211.3,808.593|1154.74,860.808|997.03,569.735|925.594,566.045|861.052,507.697|921.832,442.816|927.387,394.657|951.865,412.885|960.654,425.646|1022.74,853.278|1046.15,1112.85|985.861,1305.18|991.339,1481.94|927.712,844.692|879.587,1066.47|849.31,1268.77|817.138,1433.58|1028.43,507.966|1013.57,527.153|1029.21,496.684|1071.37,472.613|997.296,502.066|976.078,479.26
146|1|974.655,848.639|986.893,748.001|999.656,672.751|1020.06,553.674|1033.8,575.589|1102.95,604.203|1148.77,751.924|1170.87,870.825|1196.64,849.086|1213.82,804.554|1152.53,859.63|998.934,571.125|928.845,568.708|864.172,508.542|932.513,437.819|934.355,377.611|957.698,414.849|959.262,427.926|1023.86,852.736|1051.27,1106.34|992.111,1296.61|1000.88,1472.46|929.568,845.014|874.577,1046.78|850.203,1251.91|818.465,1416.28|1030.55,509.635|1030,521.216|1032.13,488.483|1057.82,458.385|1004.51,505.864|971.858,501.689
147|1|983.334,852.804|991.939,751.947|1001.19,675.71|1018.51,554.721|1032.99,576.456|1103.23,603.408|1151.27,751.626|1178.62,873.383|1196.77,851.348|1212.12,804.905|1152.24,860.939|997.664,572.998|927.28,571.934|871.131,507.552|938.622,422.455|956.755,360.836|968.245,404.192|967.749,421.658|1033.29,855.06|1062.61,1117.39|1009.04,1314.39|1020.3,1491.7|937.667,850.875|893.458,1093.1|867.941,1293.08|839.007,1457.88|1027.94,509.92|1029.26,521.104|1031.76,488.044|1056.88,458.49|1003.43,505.133|968.905,500.68
148|1|992.807,859.931|998.604,757.604|1004.83,679.587|1019.32,556.296|1034.59,577.978|1106.44,603.752|1152.51,754.817|1179.66,879.823|1195.72,857.956|1212.23,811.125|1152.6,863.586|998.602,575.398|927.196,575.609|874.38,509.847|950.38,419.2|974.898,355.635|983.747,402.301|990.661,406.666|1044.1,861.554|1073.89,1134.37|1028.74,1338.05|1039.81,1518.66|946.175,858.595|900.865,1120.32|883.751,1312.43|856.569,1476.55|1027.74,510.585|1013.52,514.874|1032.97,487.199|1076.48,476.73|999.601,489.196|978.463,473.613
149|1|993.32,862.584|999.188,760.585|1005.56,682.859|1019.78,558.341|1035.13,580.105|1107.21,605.382|1152.29,758.003|1182.67,884.306|1195.43,861.447|1212.92,814.137|1153.17,864.257|999.017,577.77|927.661,578.208|877.442,510.104|964.793,417.664|985.679,338.589|1001.59,372.707|998.746,409.707|1044.79,863.986|1079.71,1141.06|1036.35,1349.38|1051.03,1529.64|946.505,861.449|906.603,1133.94|888.741,1314.48|865.09,1475.9|1028.24,512.193|1021.37,508.007|1034.51,478.696|1071.13,467.845|1001.61,487.013|972.887,483.863
150|1|993.127,861.165|999.103,759.551|1005.6,681.543|1020.53,557.236|1035.58,579.109|1107.25,605.964|1152.19,758.481|1182.67,884.26|1195.51,861.115|1213.1,813.642|1153.36,863.811|999.832,576.441|929.641,577.604|877.937,508.234|972.958,413.622|1003.63,335.528|1005.87,364.364|1002.55,406.414|1044.3,862.113|1082,1140.17|1040.11,1351.3|1058.6,1528.6|946.475,860.44|910.106,1138.43|889.536,1312.63|870.804,1471|1029.35,511.198|1030.27,502.059|1053.54,481.594|1087.27,488.957|1020.43,475.155|991.861,461.895
151|1|995.384,858.387|1000.93,754.272|1007.03,673.919|1022.14,546.919|1037.35,569.263|1109.21,601.068|1151.84,758.284|1186.88,888.374|1196,863.813|1215.24,816.268|1152.99,863.541|1001.16,566.581|931.294,571.915|887.241,503.255|990.547,401.826|1050.36,340.367|1019.39,378.861|1015.17,406.612|1047.69,859.056|1086.58,1144.4|1046.48,1361.75|1066.91,1540.77|947.669,857.921|908.934,1145.12|888.767,1320.39|870.004,1480.47|1031.27,499.757|1050.25,474.017|1066.01,453.899|1086.52,468.302|1032.64,451.39|987.716,453.913
152|1|998.171,858.302|1002.69,755.111|1007.98,675.343|1020.6,549.246|1035.82,571.133|1107.48,601.892|1151.54,757.027|1193.43,884.13|1198.72,861.668|1214.42,816.8|1153.1,864.073|1000.41,569|933.526,576.017|893.333,505.683|997.605,387.676|1082.39,360.511|1046.56,403.218|1018.8,395.859|1049.91,858.322|1089.84,1138.26|1055.59,1354.14|1078.92,1527.89|950.937,858.427|912.101,1141.79|892.152,1318.27|876.1,1474.21|1028.9,502.45|1018.66,481.651|1035.94,457.15|1076.23,461.321|1002.33,461.684|977.215,467.197
153|1|1014.04,859.432|1010.18,757.065|1008.83,677.643|1016.84,552.117|1032.73,573.269|1105.45,601.565|1152.18,755.253|1198.45,879.87|1200.84,859.15|1213.31,816.15|1153.3,864.111|997.52,572.416|932.333,579.283|902.435,507.292|1007.69,393.491|1065.9,363.596|1077.95,400.319|1019.24,358.38|1065.14,854.939|1109.64,1130.66|1086.57,1346.14|1110.02,1517.73|967.339,863.68|932.087,1145.59|922.105,1312.33|908.856,1464.81|1023.37,505.475|1019.67,490.398|1029.44,462.591|1062.14,456.8|997.659,473.461|966.315,481.31
154|1|1013.88,856.606|1010.62,756.996|1009.66,679.457|1020.54,556.403|1035.6,577.261|1106.34,603.125|1152.43,753.575|1199.34,874.797|1202.11,857.92|1212.73,818.418|1155.1,864.97|1001.07,576.281|936.365,580.785|912.106,510.773|1016.26,403.064|1073.03,355.43|1095.26,399.521|1043.98,356.513|1063.96,852.228|1116.9,1120.57|1095.31,1328.85|1122.32,1496.22|968.112,860.743|941.606,1137.05|930.798,1289.31|921.551,1434.83|1028.22,510.753|1029.3,506.772|1036.44,476.535|1064.73,461.525|1005.59,489.206|970.768,490.765
155|1|1013.97,856.639|1010.74,757.065|1009.81,679.548|1020.76,556.561|1035.79,577.425|1106.44,603.341|1152.5,753.76|1199.48,874.823|1202.27,857.855|1212.92,818.263|1155.29,864.88|1001.3,576.404|936.708,580.768|913.032,510.421|1017.82,402.785|1075.14,355.168|1097.95,398.776|1046.1,354.27|1064.03,852.28|1117.27,1120.44|1095.71,1328.69|1122.96,1495.94|968.228,860.759|941.892,1136.92|931.148,1288.17|922.039,1433.33|1028.48,510.941|1031.09,507.489|1038.52,477.316|1066.01,462.502|1007.5,489.414|971.584,489.956
156|1|1014.7,855.125|1011.78,754.605|1011.39,676.078|1025.59,552.85|1039.53,574.044|1109.25,601.695|1152.54,754.295|1203.33,872.727|1203.31,855.418|1211.9,815.665|1153.27,863.998|1006.03,572.45|943.283,577.367|933.066,512.444|1062.16,396.904|1095.93,381.993|1131.88,409.971|1063.06,401.065|1064.3,849.836|1130.88,1115.96|1103.49,1324.18|1138.91,1490.2|969.094,860.125|950.365,1139.95|931.729,1282.72|927.491,1426.99|1034.98,507.203|1046.81,515.406|1044.89,482.069|1060.98,452.082|1017.85,502.005|975.564,502.884
157|1|1015.58,848.349|1011.7,750.743|1010.18,673.158|1023.28,551.418|1036.58,571.902|1104.31,597.756|1155.86,745.026|1212.31,855.044|1207.56,847.889|1207.3,818.418|1155.8,864.012|1004.64,571.31|945.993,573.159|944.478,510.153|1088.68,409.05|1112.69,390.79|1129.36,402.204|1066.44,407.314|1062.55,840.114|1137.5,1093.76|1112.09,1297.34|1152.62,1455.01|971.951,856.126|970.83,1132.28|942.798,1271.27|944.899,1410.92|1032.63,506.292|1029.96,522.396|1049.37,494.435|1085.22,478.176|1015.93,494.307|986.928,467.998
158|1|1016.03,846.245|1011.82,747.968|1010.45,670.159|1024.27,549.543|1036.93,569.909|1103.2,596.207|1155.69,741.051|1213.46,846.937|1208.85,844.643|1206.21,820.447|1157.8,863.764|1006,569.164|948.556,572.386|948.625,513.591|1089.56,410.593|1120.57,397.579|1144.98,412.238|1074.11,411.227|1061.06,836.924|1143.6,1083.1|1113.71,1281.88|1160,1432.41|973.849,855.094|986.946,1131.5|949.957,1273.56|959.74,1412.61|1034.05,504.873|1046.08,522.178|1058.63,491.507|1082.3,468.891|1026.35,497.093|985.08,475.457
159|1|1015.41,845.179|1011.94,747.164|1010.62,669.352|1025.16,549.3|1037.7,569.601|1103.12,596.201|1155.49,740.152|1214.23,843.932|1209.57,843.62|1206.16,821.763|1158.88,863.889|1006.78,568.825|949.589,573.26|951.161,513.853|1092.73,410.903|1125.39,396.254|1150.89,415.365|1080.06,411.138|1061.36,837.015|1145.76,1083.39|1115.98,1278.25|1160.34,1429.14|972.57,852.914|983.917,1127.66|952.322,1272.17|960.742,1411.89|1035.2,504.845|1055.26,510.146|1066.07,481.342|1083.38,467.465|1034.52,486.419|987.862,473.122
160|1|1014.16,844.532|1011.1,745.869|1009.91,667.534|1023.74,547.14|1036.27,567.437|1101.98,593.308|1155.47,735.187|1214.35,838.786|1210.73,839.835|1207.65,823.571|1163.82,862.649|1005.58,566.776|949.7,571.871|962.118,515.292|1108.18,416.702|1150.31,409.145|1189.17,419.64|1103.6,416.42|1060.3,836.697|1145.9,1083.91|1115.18,1279.81|1159.28,1431.61|971.139,851.961|982.399,1127.8|951.458,1276.35|960.826,1417.46|1033.58,502.527|1058.17,512.531|1065.5,481.648|1078.35,461.154|1034.9,490.279|984.298,477.099
161|1|1014.62,843.935|1011.39,744.834|1010.07,666.259|1022.46,545.673|1035.03,565.784|1100.46,590.757|1155.07,731.209|1218.36,835.025|1212.99,835.855|1208.85,824.778|1169.16,860.663|1004.72,565.57|949.369,572.87|969.675,517.322|1112.88,413.422|1157.74,402.954|1200.84,418.705|1113.87,416.918|1060.9,836.246|1147.09,1083.94|1116.29,1280.04|1161.27,1431.97|971.469,851.227|981.798,1127.47|952.31,1280.78|962.191,1423.42|1031.88,500.934|1056.91,474.415|1062.06,451.524|1073.35,457.895|1032.39,457.876|981.632,470.317
162|1|1014.64,843.908|1011.42,744.802|1010.11,666.221|1022.53,545.626|1035.09,565.74|1100.49,590.701|1155.06,731.124|1218.41,835.072|1213.14,836.014|1209.1,825.062|1169.33,860.803|1004.79,565.525|949.477,572.818|970.109,517.372|1113.43,413.484|1158.54,403.155|1201.96,419.008|1114.7,417.105|1060.93,836.219|1147.17,1083.92|1116.42,1280.12|1161.46,1432.08|971.492,851.201|981.858,1127.47|952.364,1281.07|962.279,1423.81|1031.95,500.884|1058.91,473.309|1063.42,450.733|1073.1,457.908|1034.06,456.976|981.991,470.147
163|1|1017.35,838.964|1012.81,744.017|1010.14,668.305|1018.83,551.583|1031.17,570.226|1094.79,589.696|1154.69,720.61|1220.24,818.408|1215.78,829.85|1210.97,825.536|1177.2,855.528|1002.54,571.758|952.296,580.215|980.889,522.635|1120.24,424.483|1160.65,412.85|1201.97,417.071|1121.47,425.78|1061.98,830.541|1147.28,1067.55|1122.78,1255.59|1165.1,1399.99|975.795,846.921|986.861,1111.09|963.762,1263.38|974.753,1399.11|1026.93,508.211|1060.13,461.086|1068.57,450.786|1074.7,482.04|1040.29,445.96|987.678,464.295
164|1|1017.06,838.552|1012.95,743.824|1010.48,668.306|1020.18,552.271|1032.4,571.051|1095.81,590.911|1154.7,722.085|1219.84,825.733|1215.64,829.594|1213.6,825.591|1179.12,853.8|1003.71,572.035|952.372,580.624|977.065,528.941|1098.61,435.043|1164.16,413.345|1241.54,413.979|1132.86,439.702|1061.61,830.567|1147.42,1066.81|1122.79,1255.74|1166.52,1399.38|975.61,846.097|986.809,1109.06|962.67,1259.67|973.656,1394.68|1028.55,509.22|1063.69,461.172|1060.32,446.066|1058.96,467.408|1036.15,451.822|979.871,481.895
165|1|1017.08,840.958|1013.06,746.039|1010.62,670.409|1020.06,554.36|1032.24,573.156|1095.32,592.852|1155.1,722.765|1220.92,828.533|1216.72,827.312|1214.8,825.952|1181.61,852.459|1003.72,574.081|953.219,582.469|981.83,528.312|1101.76,433.939|1165.68,406.95|1251.87,423.52|1178.48,423.015|1061.6,833.032|1148.5,1069.44|1123.74,1259.17|1167.74,1403.31|975.638,848.45|987.169,1111.97|962.84,1263.87|973.964,1399.54|1028.35,511.332|1065.83,451.099|1066.01,444.243|1065.22,481.479|1040.85,442.072|983.85,474.114
166|1|1017.86,840.561|1014.13,745.78|1012.03,670.251|1022.38,554.243|1034.33,573.032|1097.07,592.676|1155.27,723.218|1220.76,830.548|1217.21,827.538|1215.99,826.04|1182.48,851.926|1005.94,573.985|955.982,582.11|987.125,526.771|1109.6,433.181|1172.02,406.778|1257.16,429.019|1182.25,422.845|1062.3,832.624|1150.21,1069.05|1125.04,1259.52|1169.19,1404.15|976.48,848.064|988.56,1111.68|963.258,1263.66|973.915,1399.75|1031.08,511.244|1061.74,454.966|1065.68,445.875|1071.61,479.578|1038.46,444.73|985.926,474.251
167|1|1018.91,845.391|1015.73,750.338|1013.62,674.182|1025.27,557.692|1036.91,576.5|1099.83,595.721|1157.13,728.351|1220.34,838.571|1217.51,828.648|1216.44,826.081|1181.07,852.489|1008.68,577.603|958.646,585.399|989.168,526.428|1113.35,428.456|1170.98,405.826|1257.07,432.146|1185.88,424.276|1062.92,836.817|1155.75,1073.46|1126.73,1263.13|1172.7,1407.51|977.802,853.515|995.542,1120.2|965.93,1271.05|978.325,1408.33|1034.61,514.564|1058.74,453.419|1064.53,445.688|1076,482.307|1036.19,445.017|987.7,478.873
168|1|1020.96,847.083|1017.72,751.877|1015.55,675.404|1026.57,558.203|1037.99,576.947|1101.59,596.592|1157.14,730.584|1214.87,844.868|1216.15,830.065|1218.72,827.133|1180.34,853.043|1010.36,578.42|959.378,586.537|988.573,528.037|1114.22,425.874|1170.61,406.861|1253.1,431.804|1186.42,423.408|1060.2,835.008|1153.63,1063.51|1117.85,1251.59|1171.95,1384.38|983.655,858.663|1030.16,1126.47|982.722,1288.97|1007.8,1427.82|1035.88,514.789|1063.57,457.016|1067.33,447.226|1075.54,480.35|1039.54,447.644|988.178,479.738
169|1|1021.79,847.079|1018.76,751.694|1016.9,675.132|1028.53,557.836|1039.84,576.611|1102.93,596.485|1159.49,731.112|1220,845.259|1218.95,831.783|1219.48,827.438|1181.17,853.288|1012.22,578.068|961.402,586.129|991.969,528.685|1119.41,427.414|1176.9,406.955|1260.35,435.044|1189.63,427.275|1061.14,835.123|1155.05,1062.07|1116.89,1243.63|1168.84,1374.42|984.383,858.546|1037.12,1125.53|992.55,1294.93|1019.5,1435.8|1038.11,514.392|1062.28,463.453|1066.9,450.046|1077.97,476.493|1038.38,452.626|989.116,481.127
170|1|1019.68,843.969|1018.24,751.065|1017.53,675.927|1030.66,559.566|1042.14,578.245|1103.22,596.831|1159.24,730.588|1221.67,843.253|1219.38,831.129|1218.82,827.708|1182.07,853.452|1013.72,579.64|961.178,586.551|991.526,530.699|1118.99,434.449|1180.14,405.685|1262.78,438.773|1186.41,429.338|1062.15,834.169|1153.34,1064.69|1118.53,1237.18|1163.75,1371.39|979.816,853.278|1017,1116.69|983.966,1275.94|1001.08,1414.72|1040.63,516.499|1056.65,463.794|1061.88,450.08|1078.55,475.616|1032.96,454.914|988.965,487.137
171|1|1024.29,845.083|1021.12,751.223|1019.42,675.563|1030.66,557.459|1042.75,576.337|1105.13,596.166|1159.77,733.068|1223.19,848.259|1220.8,836.598|1220.66,828.176|1182.27,853.52|1013.74,577.904|960.433,586.691|994.461,538.384|1123.23,444.703|1191.31,420.083|1273.35,461.272|1196.09,438.959|1067.8,834.994|1157.23,1070.61|1124.52,1245.67|1169.85,1384|983.552,854.644|1011.38,1122.37|980.504,1273.18|994.352,1411.67|1039.9,513.653|1050.44,471.78|1061.06,454.671|1084.22,474.339|1029.99,458.083|990.342,479.676
172|1|1020.67,849.936|1019.53,753.969|1019.5,676.936|1031.55,557.302|1043.74,576.826|1106.88,598.04|1163.34,738.739|1226.72,857.591|1223,846.3|1222.63,826.384|1178.68,852.521|1014.27,577.51|960.365,585.711|996.398,543.335|1128.43,450.665|1194.21,435.298|1277.55,480.804|1201.89,452.739|1065.22,841.3|1155.39,1081.08|1122.21,1262.24|1169.16,1404.22|978.983,858.135|1001.05,1130.46|968.251,1281.81|980.932,1421.56|1041.04,512.994|1050.05,482.082|1057.88,459.907|1080.92,467.79|1027.24,467.833|987.639,485.331
173|1|1021.34,847.981|1019.58,752.02|1019.44,675.077|1030.68,554.699|1043.05,574.287|1106.35,596.436|1162.91,737.816|1228,856.525|1224.99,847.471|1225.85,826.714|1178.78,852.538|1013.47,575.096|958.852,583.912|998.397,546.914|1132.67,456.877|1198.14,441.768|1285.28,486.911|1206.64,475.412|1065.49,838.504|1151.43,1078.47|1120.06,1262.37|1168.79,1403.94|979.944,856.985|1000.4,1129.87|965.515,1281.76|978.126,1421.92|1039.9,510.059|1033.09,489.245|1049.98,466.185|1087.21,471.628|1017.33,469.557|990.825,474.369
174|1|1021.98,849.977|1020.36,753.84|1020.16,676.551|1031.46,555.604|1043.85,575.202|1107.33,596.662|1163.46,738.939|1228.78,857.798|1225.69,847.551|1226.37,826.384|1178.55,852.366|1014.2,576.201|960.089,585.476|1002.44,550.033|1141.6,466.374|1210.92,446.061|1291.52,502.733|1212.71,486.327|1066.16,840.21|1150.48,1081.54|1119.6,1265.54|1167.85,1407.59|980.52,859.26|999.899,1133.84|964.906,1283.92|977.591,1423.96|1040.77,510.743|1039.75,490.02|1053.27,465.704|1085.7,468.704|1020.79,471.483|988.872,478.564
175|1|1023.75,854.248|1021.01,756.468|1020.15,678.287|1030.28,556.174|1043.13,576.049|1108.61,599.039|1163.08,744.239|1225.96,866.093|1224.84,851.768|1228.27,826.021|1175.89,851.164|1012.97,576.815|958.793,586.281|1001.62,555.735|1143.43,473.002|1216.57,451.386|1291.53,508.477|1216.2,489.957|1068.78,844.614|1152.39,1089.4|1122.81,1276.73|1170.77,1422.19|981.562,863.398|996.9,1141.37|964.432,1292.5|976.494,1434.44|1039.05,510.88|1038.5,497.644|1049.4,470.446|1080.53,465.399|1017.42,479.266|984.368,483.72
176|1|1024.45,856.589|1020.95,758.378|1019.62,679.972|1028.51,556.966|1041.92,577.041|1108.49,600.968|1164,746.653|1227.85,868.95|1226.02,854.649|1228.88,826.257|1176.45,851.565|1011.08,577.647|955.402,587.327|999.3,563.328|1144.09,481.393|1211.68,466.618|1293.36,515.45|1212.89,497.335|1070.02,846.843|1150.71,1093.2|1124.11,1282.98|1172.72,1429.94|981.802,865.835|994.677,1144.47|964.341,1297.43|975.715,1440.61|1036.67,511.332|1052.97,495.207|1059.26,468.426|1077.34,464.96|1028.43,477.733|982.94,484.963
177|1|1026.69,859.77|1021.95,760.577|1019.78,681.661|1027.64,558.02|1041.39,578.107|1108.94,601.383|1163.81,748.001|1227.44,871.309|1226.19,856.867|1230.05,827.082|1176.84,851.86|1010.23,578.889|954.485,588.839|1001.4,567.508|1147.31,493.077|1222.54,478.649|1297.77,534.721|1219.94,510.812|1072.8,849.858|1153.64,1099.29|1128.76,1291.41|1176.3,1441.04|983.587,869.162|994.193,1150.34|966.571,1302.82|977.301,1446.85|1035.38,512.13|1058.34,499.229|1064.14,471.928|1077.69,467.066|1033.47,480.406|983.358,484.23
178|1|1024.02,859.786|1020.84,761.115|1019.87,682.437|1029.77,558.61|1043.28,578.945|1110.15,601.73|1163.82,748.874|1227.35,873.013|1226.64,859.206|1231.39,828.743|1177.98,852.827|1011.91,579.295|954.685,587.937|1003.58,570.385|1150.61,504.688|1232.31,486.976|1302.54,548.539|1228.87,529.56|1070.45,850.496|1150.63,1101.4|1125.68,1294.66|1173.1,1445.11|980.673,868.589|990.36,1149.6|961.065,1299.51|969.985,1442.98|1038.26,512.708|1063,494.259|1069.31,468.666|1081.99,469.117|1038.47,475.473|987.266,481.783
179|1|1023.49,858.562|1020.2,760.541|1019.15,682.206|1028.39,558.198|1041.92,578.406|1108.4,601.291|1165.34,747.566|1231.43,871.918|1229.15,860.472|1231.94,830.073|1180.31,854.494|1010.72,579.096|954.263,588.594|1006.41,575.679|1153.8,516.478|1242.82,503.294|1306.65,570.729|1232.56,542.401|1069.68,848.811|1148.46,1099|1124.69,1292.49|1172.53,1442.5|980.333,867.801|989.438,1147.72|959.788,1295.76|968.192,1438.39|1036.72,512.193|1061.4,499.61|1067.34,472.202|1079.96,467.508|1036.47,480.259|985.044,483.302
180|1|1023.57,858.72|1020.35,760.718|1019.4,682.405|1028.86,558.373|1042.35,578.579|1108.74,601.469|1165.47,747.732|1231.46,872.459|1229.41,861.5|1232.54,831.31|1180.85,855.282|1011.15,579.29|954.744,588.899|1007.5,577.084|1155.69,518.787|1245.08,506.383|1308.1,573.732|1229.36,548.058|1069.75,848.959|1148.43,1099.08|1124.19,1291.69|1171.85,1441.43|980.414,867.97|989.261,1147.81|959.351,1294.16|967.596,1436.21|1037.29,512.361|1063.07,502.801|1069.2,474.777|1081.21,468.135|1038.26,482.734|986.089,483.33
181|1|1023.82,858.464|1020.96,760.61|1020.06,682.225|1030.36,558.353|1043.56,578.644|1108.56,602.355|1165.41,747.541|1232.61,871.312|1231.47,860.791|1235.28,833.314|1182.6,856.519|1012.64,579.115|956.997,588.723|1010.2,580.996|1159.76,528.507|1254.1,525.142|1311.08,589.458|1226.39,561.156|1069.96,848.829|1146.5,1098.32|1122.82,1290.57|1169.55,1439.88|980.713,867.594|987.94,1145.61|957.566,1290.48|965.277,1430.91|1039.15,512.438|1058.93,506.284|1068.71,478.46|1086.39,471.579|1036.59,484.254|989.089,480.044
182|1|1021.16,859.79|1018.38,762.256|1017.42,684.041|1027.48,560.644|1040.53,580.721|1104.8,603.682|1167.48,746.504|1238.57,868.721|1236.95,861.149|1239.89,833.703|1184.24,857.228|1009.98,581.476|955.565,591.509|1012.47,589.227|1163.24,542.211|1258.44,545.02|1319.38,606.147|1233.61,576.012|1067.08,850.067|1145.88,1098.25|1122.26,1289.4|1168.78,1437.93|978.23,869.006|986.15,1145.64|955.885,1288.79|963.678,1427.66|1036.23,514.92|1057.19,507.879|1067.32,480.709|1084.22,475.336|1035.31,485.577|987.327,481.146
183|1|1021.19,860.765|1018.03,763.393|1016.74,685.272|1025.8,561.955|1038.97,581.808|1103.65,604.091|1167.41,745.553|1238.47,867.672|1236.35,860.846|1238.52,834.647|1185.43,858.01|1008.52,583.009|954.598,593.517|1013.97,592.652|1165.84,546.76|1261.36,549.081|1323.95,611.921|1235.23,588.745|1067,850.76|1146.68,1098.11|1123,1287.69|1169.23,1435.55|978.353,870.249|987.2,1146.54|957.449,1289.25|965.793,1427.66|1034.22,516.228|1067.1,496.223|1067.34,469.833|1071.28,467.776|1039.13,480.409|982.024,492.055
184|1|1019.42,860.723|1016.19,763.688|1014.92,685.853|1023.95,562.861|1037.08,582.543|1101.63,604.53|1177.63,741.409|1257.71,859.132|1253.92,856.171|1252.7,833.989|1193.55,859.102|1006.71,584.013|953.105,595.249|1014.13,598.245|1166.86,555.073|1262.58,558.846|1325.85,623.85|1236.2,600.964|1065.1,850.6|1146.2,1096.74|1123.28,1285.56|1169.79,1432.72|976.69,870.316|986.75,1145.68|957.621,1288.9|966.358,1426.84|1032.37,517.245|1063.42,505.411|1069.61,478.807|1077.84,475.697|1039.2,484.675|984.028,484.905
185|1|1006.4,842.979|1004.89,750.475|1006.65,677.205|1019.78,562.313|1031.32,579.621|1095.46,595.61|1182.89,719.733|1261.43,832.274|1256.71,846.263|1246.71,842.929|1196.04,858.61|1002.7,583.602|953.076,597.364|1024.18,605.138|1178.22,579.306|1249.98,590.005|1321.76,666.226|1248.77,622.183|1049.04,832.876|1168.39,1054.1|1123.79,1218.63|1169.25,1354.53|966.349,852.579|1049.07,1082.92|1006.18,1223.15|1022.17,1359.21|1030.01,519.643|1057.69,504.054|1067.66,480.669|1079.26,484.377|1036.82,482.149|985.596,481.095
186|1|1007.69,834.681|1004.02,744.448|1005.68,674.536|1022.51,566.568|1034.09,582.484|1100.55,595.108|1190,718.034|1260.06,834.549|1253.83,851.481|1239.14,852.292|1188.21,860.01|1004.17,587.189|951.881,599.593|1027.71,607.752|1181.89,591.937|1258.3,597.58|1325.24,671.514|1250.87,634.216|1049.92,824.617|1186.03,1014.76|1129.2,1157.51|1169.67,1288.87|968.179,844.204|1032.33,977.3|1008.7,1106.5|1019.98,1234.01|1033.83,526.643|1063.4,503.236|1068.43,479.982|1076.67,485.171|1038.95,485.338|985.281,494.307
187|1|1007.94,833.273|1004.22,743.021|1005.9,673.126|1022.63,565.259|1034.25,581.112|1101.13,593.242|1191.64,716.43|1260.17,832.127|1251.82,849.728|1234.28,851.232|1186.79,859.063|1004.29,585.929|951.907,598.674|1027.6,608.239|1181.78,593.234|1257.99,598.721|1324.45,672.649|1246.87,634.755|1050.17,823.209|1189.76,1004.97|1134.97,1151.13|1179.98,1282.89|968.424,842.794|1044.75,920.358|1016.74,1027|1032.01,1142.56|1033.92,525.351|1064.47,505.19|1070.95,481.728|1079.19,486.102|1041.08,485.663|987.112,490.615
188|1|1007.97,833.047|1004.24,742.819|1005.97,672.963|1022.77,565.194|1034.37,581.002|1101.32,592.813|1192.32,715.965|1260.41,831.181|1251.41,848.212|1233.06,848.9|1186.57,858.055|1004.42,585.885|952.122,598.817|1028.51,609.565|1183.39,595.221|1260.35,601.295|1327.13,675.489|1247.62,637.997|1050.19,822.958|1190.84,1001.87|1137.03,1149.18|1183.74,1280.86|968.46,842.593|1044.29,908.45|1016.84,1009.92|1033.1,1122.93|1034.11,525.323|1064.45,506.2|1071.35,482.576|1079.93,486.476|1041.33,486.281|987.551,490.18
189|1|1007.93,832.417|1004.21,742.241|1005.98,672.457|1022.89,564.869|1034.46,580.611|1101.44,591.63|1193.32,714.263|1261.01,828.636|1251.32,845.318|1232.07,845.523|1186.88,856.078|1004.52,585.578|952.359,598.769|1029.65,611.332|1185.3,598.005|1263.06,605.048|1329.75,679.897|1247.23,642.462|1050.12,822.31|1191.66,997.173|1139.2,1145.32|1188.04,1276.63|968.447,841.98|1035.22,892.67|1018.74,1001.97|1037.3,1116.15|1034.29,525.064|1064.83,507.512|1072.07,483.607|1080.68,486.657|1041.95,487.1|988.11,489.557
190|1|1007.92,832.39|1004.19,742.226|1005.97,672.456|1022.91,564.9|1034.47,580.632|1101.42,591.557|1193.39,714.106|1261.08,828.385|1251.34,845.011|1232.04,845.15|1186.95,855.845|1004.53,585.61|952.395,598.838|1029.83,611.66|1185.59,598.469|1263.49,605.69|1330.21,680.64|1247.5,643.277|1050.1,822.281|1191.68,996.82|1139.34,1145.02|1188.35,1276.29|968.437,841.955|1034.18,891.798|1018.49,1001.58|1036.97,1115.89|1034.31,525.107|1064.85,507.717|1072.12,483.777|1080.73,486.722|1042,487.267|988.152,489.593
191|1|1007.92,832.39|1004.19,742.226|1005.97,672.456|1022.91,564.9|1034.47,580.632|1101.42,591.557|1193.39,714.106|1261.08,828.385|1251.34,845.011|1232.04,845.15|1186.95,855.845|1004.53,585.61|952.395,598.838|1029.83,611.66|1185.59,598.469|1263.49,605.69|1330.21,680.64|1247.5,643.277|1050.1,822.281|1191.68,996.82|1139.34,1145.02|1188.35,1276.29|968.437,841.955|1034.18,891.798|1018.49,1001.58|1036.97,1115.89|1034.31,525.107|1064.85,507.717|1072.12,483.777|1080.73,486.722|1042,487.267|988.152,489.593
192|1|1004.32,824.016|999.478,733.522|1001.3,664.14|1019.77,558.479|1030.65,573.875|1092.06,580.234|1183.53,699.232|1246.91,807.295|1245.85,836.675|1236.18,855.02|1184.45,858.357|1001.54,578.921|951.18,594.911|1030.54,618.698|1182.78,618.903|1265.12,632.645|1329.48,701.853|1240.3,655.933|1045.92,813.983|1183.04,951.719|1129.78,1095.15|1183.15,1220.25|965.341,833.517|1021.53,880.978|1020.27,1012.02|1039.04,1132.93|1031.87,519.412|1068.95,501.04|1064.39,474.297|1061.84,468.07|1039.48,488.288|980.637,503.007
193|1|1004.31,824.011|999.473,733.516|1001.3,664.136|1019.77,558.48|1030.65,573.873|1092.06,580.227|1183.53,699.232|1246.9,807.295|1245.82,836.67|1236.13,855.005|1184.43,858.354|1001.54,578.923|951.17,594.927|1030.51,618.771|1182.73,619.027|1265.05,632.8|1329.38,702.041|1240.22,656.127|1045.92,813.978|1183.05,951.461|1129.92,1095.16|1183.37,1220.31|965.334,833.512|1021.35,880.807|1020.17,1011.95|1038.89,1132.89|1031.86,519.415|1069.02,501.114|1064.5,474.359|1061.93,468.121|1039.57,488.309|980.673,502.922
194|1|1004.22,823.902|999.388,733.39|1001.25,664.014|1019.77,558.409|1030.65,573.778|1092.1,580.022|1183.64,699.078|1246.79,807.111|1245.55,836.432|1235.66,854.668|1184.23,858.208|1001.51,578.866|951.062,595.031|1030.22,619.568|1182.25,620.484|1264.3,634.584|1328.38,704.125|1239.49,658.391|1045.84,813.865|1182.65,949.954|1130.02,1094.75|1183.72,1220.22|965.226,833.407|1019.03,877.486|1018.72,1011.71|1036.63,1133.33|1031.88,519.363|1070.01,502.638|1066.2,475.605|1063.48,468.893|1040.91,488.899|981.287,501.481
195|1|1002.21,818.577|996.847,727.815|998.658,658.421|1016.98,553.428|1027.8,568.52|1090,575.685|1181.21,695.594|1243.41,804.206|1243.41,837.606|1235.22,861.57|1183.54,860.63|998.843,574.01|949.065,592.473|1030.14,621.841|1180.99,624.413|1260.29,636.492|1328.43,706.324|1244.33,667.504|1043.71,808.529|1183.17,918.606|1126.31,1065.93|1183.14,1188.57|963.31,828.094|1021.88,856.414|1019.86,998.33|1038.18,1120.22|1029.09,514.555|1063.52,512.999|1069.29,484.896|1074.34,474.454|1040,491.269|983.399,484.418
196|1|1001.69,818.748|996.16,727.768|997.971,658.293|1016.62,553.394|1027.35,568.482|1089.42,575.682|1181.01,695.63|1242.4,803.97|1242.35,838.899|1234.06,864.979|1183.38,862.013|998.447,573.95|948.889,592.598|1030.62,622.101|1181.63,625.042|1260.39,635.973|1328.38,706.212|1244.3,667.832|1043.19,808.699|1182.93,907.399|1125.92,1056.56|1184.3,1178.27|962.783,828.269|1021.12,848.419|1021.09,992.56|1040.26,1114.16|1028.86,514.568|1063.85,513.364|1072.53,486.875|1078.18,479.855|1042.84,489.473|987.019,478.515
197|1|1002.03,819.365|996.141,728.021|997.926,658.443|1017.12,553.947|1027.71,568.992|1089.76,576.038|1181.43,695.978|1241.37,803.71|1241.34,840.84|1233.25,870.017|1183.61,863.316|998.91,574.407|949.686,593.333|1031.5,622.792|1182.61,625.981|1260.37,636.257|1328.73,706.268|1246.9,669.652|1043.5,809.382|1183.5,900.258|1125.45,1050.73|1183.49,1172.19|963.153,828.826|1016.37,851.803|1016.78,995.527|1035.33,1117.57|1029.58,515.304|1062.59,513.658|1069.49,486.019|1075.98,476.619|1039.87,491.378|984.494,483.578
198|1|1002.03,819.365|996.141,728.021|997.926,658.443|1017.12,553.947|1027.71,568.992|1089.76,576.038|1181.43,695.978|1241.37,803.71|1241.34,840.84|1233.25,870.017|1183.61,863.316|998.91,574.407|949.686,593.333|1031.5,622.792|1182.61,625.981|1260.37,636.257|1328.73,706.268|1246.9,669.652|1043.5,809.382|1183.5,900.258|1125.45,1050.73|1183.49,1172.19|963.153,828.826|1016.37,851.803|1016.78,995.527|1035.33,1117.57|1029.58,515.304|1062.59,513.658|1069.49,486.019|1075.98,476.619|1039.87,491.378|984.494,483.578
199|1|1001.25,826.759|992.491,731.236|994.662,658.742|1021.75,554.951|1030.29,570.695|1089.12,581.564|1178.33,702.363|1234.51,800.661|1238.7,840.866|1235.38,874.906|1182.8,866.058|1002.86,574.345|957.03,593.003|1029.19,626.537|1182.66,626.852|1259.1,634.318|1326.37,707.269|1243.56,671.255|1040.97,816.649|1201.48,890.671|1132.1,1052.9|1189.68,1175.02|963.614,836.431|1034.93,875.378|1018.99,1022.59|1045.43,1147.43|1037.45,516.914|1058.2,506.324|1059.54,478.047|1071.42,467.213|1031.4,491.319|983.308,499.047
200|1|1001.25,826.757|992.495,731.234|994.669,658.74|1021.76,554.951|1030.3,570.695|1089.13,581.567|1178.33,702.376|1234.5,800.676|1238.69,840.874|1235.38,874.903|1182.77,866.061|1002.88,574.344|957.043,593.001|1029.2,626.547|1182.68,626.879|1259.12,634.355|1326.39,707.309|1243.57,671.29|1040.97,816.648|1201.49,890.661|1132.12,1052.9|1189.71,1175.03|963.615,836.429|1034.75,875.124|1018.99,1022.48|1045.47,1147.33|1037.47,516.914|1058.44,506.356|1059.78,478.081|1071.52,467.27|1031.63,491.305|983.393,498.955
201|1|1001.25,826.756|992.495,731.232|994.67,658.739|1021.77,554.949|1030.3,570.694|1089.13,581.567|1178.33,702.379|1234.5,800.68|1238.69,840.876|1235.38,874.901|1182.76,866.062|1002.88,574.343|957.045,593|1029.2,626.548|1182.68,626.887|1259.11,634.363|1326.38,707.319|1243.57,671.295|1040.97,816.647|1201.49,890.657|1132.12,1052.91|1189.72,1175.03|963.615,836.428|1034.69,875.045|1018.99,1022.45|1045.47,1147.32|1037.48,516.913|1058.51,506.364|1059.85,478.091|1071.56,467.288|1031.71,491.299|983.419,498.924
202|1|1001.24,826.741|992.488,731.196|994.671,658.69|1021.79,554.888|1030.33,570.634|1089.16,581.521|1178.32,702.419|1234.42,800.742|1238.61,840.889|1235.34,874.821|1182.51,866.049|1002.89,574.285|957.008,592.953|1028.99,626.493|1182.38,626.947|1258.61,634.377|1325.81,707.237|1242.94,671.202|1040.98,816.63|1201.56,890.537|1132.3,1053.01|1190.02,1175.18|963.593,836.415|1033.35,872.822|1018.89,1021.4|1045.53,1146.37|1037.51,516.847|1060.26,506.376|1061.76,478.191|1072.47,467.836|1033.55,490.862|984.073,497.816
203|1|1001.57,824.596|992.069,729.386|993.712,657.069|1018.17,553.393|1027.18,568.677|1087.37,578.176|1177.4,698.454|1229.44,797.05|1236.63,839.295|1237.16,876.673|1181.39,864.682|999.69,573.274|954.227,593.208|1026.37,624.93|1180.26,621.13|1253.3,633.721|1326.46,701.435|1247.29,673.15|1041.17,814.155|1199.55,874.844|1133.44,1038.5|1194.82,1158.32|964.043,834.582|1023.18,831.704|1019.11,993.62|1047.89,1117.04|1032.89,515.266|1055.08,513.131|1068.31,488.037|1084.47,483.78|1037.05,488.49|990.714,476.371
204|1|1003.99,821.975|993.24,727.22|994.038,655.143|1016.18,551.679|1025.57,566.484|1085.23,575.48|1176.47,695.152|1227.02,800.908|1234.59,841.851|1234.02,877.838|1182.19,871.59|998.097,572.036|953.095,593.588|1023.81,623.105|1175.81,616.622|1247.41,627.384|1322.21,693.309|1245.98,673.427|1043.3,810.861|1199.48,881.113|1145.4,1037.98|1213.92,1151.56|966.749,832.599|1051.7,861.657|1096.45,1036.71|1142.46,1163.18|1030.06,513.504|1057.58,512.808|1066.91,485.64|1078.15,476.886|1036.43,489.676|985.147,479.888
205|1|1004.08,821.813|993.195,726.969|993.895,654.809|1015.69,551.154|1025.17,565.95|1084.8,574.537|1175.97,694.295|1226.62,800.302|1234.34,841.292|1234.02,877.377|1181.71,870.891|997.637,571.593|952.534,593.205|1022.73,621.251|1174.64,613.508|1246.54,622.073|1323.43,684.714|1248.54,667.409|1043.43,810.63|1199.72,878.344|1146.88,1035.84|1217.22,1148.5|966.797,832.505|1034.8,825.868|1074.59,991.738|1119.19,1112.06|1029.44,512.883|1055.7,513.019|1065.42,485.654|1077.75,476.318|1034.71,489.706|984.236,479.291
206|1|1004.06,821.829|993.141,726.972|993.807,654.796|1015.49,551.1|1025,565.895|1084.84,574.533|1175.98,694.433|1226.23,800.546|1233.7,841.568|1233.04,877.658|1181.24,871.151|997.446,571.555|952.294,593.177|1022.26,620.94|1174.02,612.937|1245.83,621.207|1322.8,683.555|1248.73,665.628|1043.42,810.635|1199.62,877.917|1147.03,1035.6|1217.61,1148.18|966.764,832.532|1034.5,824.233|1073.1,989.656|1117.41,1109.74|1029.19,512.808|1055.1,513.054|1064.85,485.631|1077.45,476.146|1034.1,489.759|983.836,479.338
207|1|1010.94,831.178|998.66,736.35|998.958,665.307|1015.18,558.452|1026.88,573.748|1094.03,585.005|1189.36,709.048|1248.81,821.001|1234.73,858.948|1225.86,891.666|1181.25,872.112|996.887,579.462|947.22,601.152|1013.95,620.254|1161.17,594.442|1230.86,606.986|1310.67,675.612|1231.42,618.222|1051.66,818.719|1219.87,903.979|1160.27,1067.83|1226.65,1190.49|972.509,843.037|1060.62,868.475|1053.27,1030.29|1089.42,1156.75|1026.37,518.825|1046.23,511.054|1058.66,485.592|1076.81,483.493|1026.6,487.634|980.523,481.083
208|1|1008.22,830.666|997.905,735.187|999.931,664.496|1018.48,556.771|1030.63,572.853|1100.25,585.083|1196.07,712.723|1248.49,822.889|1232.01,867.925|1216.65,908.869|1183.87,870.539|998.984,577.294|944.008,595.768|1001.25,612.16|1150.3,587.954|1231.06,590.461|1316.65,649.458|1219.03,613.794|1050.19,819.074|1209.98,903.679|1146.61,1063.97|1212.38,1188.3|968.709,841.683|1005.79,854.717|1007.04,989.859|1030.24,1113.41|1030.3,516.887|1047.68,510.975|1057.1,482.562|1076.33,474.466|1024.87,489.434|978.662,486.1
209|1|1011.54,834.101|1004.09,736.995|1005.88,666.363|1024.65,558.494|1038.08,575.27|1111.2,590.375|1203.88,725.265|1249.62,839.04|1225.85,884.95|1203.98,928.467|1185.27,870.201|1003.93,578.415|942.27,594.574|988.382,607.978|1134.45,578.508|1217.93,574.863|1305.81,628.364|1209.32,590.429|1057.51,826.172|1196.86,916.234|1135.07,1073.96|1189.77,1210.27|968.926,841.569|961.073,871.35|982.779,990.63|990.959,1115.08|1035.97,518.595|1036.92,507.817|1045.5,478.325|1075.31,468.873|1013.23,489.949|977.697,495.08
210|1|1017.45,845.862|1008.9,745.594|1009.62,672.192|1028.01,559.312|1041.72,577.23|1105.89,590.09|1200.16,722.894|1251.76,819.578|1234.41,859.273|1216.29,911.682|1181.13,872.826|1007.14,579.654|943.439,594.861|976.987,604.495|1118.54,570.067|1204.78,563.561|1296.06,618.292|1196.95,588.811|1064.67,837.661|1174.2,933.085|1126.92,1091.55|1177.19,1238.01|973.69,853.592|915.555,880.929|965.162,1043.03|956.97,1181.2|1039.21,517.442|1043.33,512.089|1055.29,482.337|1085.16,472.689|1021.39,490.263|983.658,487.223
211|1|1019.52,857.28|1010.22,754.785|1010.15,679.193|1026.4,560.721|1040.35,579.66|1108.39,593.841|1210.05,725.047|1265.99,820.675|1246.99,857.163|1225.86,908.727|1183.88,871.194|1006.01,581.7|941.487,595.533|960.823,602.479|1101.1,559.611|1190.45,547.213|1282.23,601.883|1182.55,577.939|1067.46,848.374|1198.5,974.987|1140.23,1153.23|1193.71,1312.27|975.001,865.684|998.256,1002.64|993.607,1147.1|996.136,1298.59|1036.94,516.694|1042.44,511.772|1054.1,481.754|1083.05,471.677|1020.11,489.82|981.195,486.534
212|1|1017.88,860.609|1012,758.98|1014.84,683.62|1027.16,561.32|1041.33,580.967|1110.34,597.672|1219.72,722.701|1284.48,814.7|1259.02,852.655|1235.43,899.812|1197.05,861.913|1007.87,582.561|945.055,594.543|949.116,601.316|1089.31,558.821|1176.9,536.113|1272.06,579.088|1170.52,564.716|1064.92,851.831|1208.56,1034.42|1149.08,1228.22|1209.39,1393.39|973.996,868.929|1029.3,1080.46|1001.02,1230.14|1012.91,1389.62|1036.29,515.862|1031.64,506.388|1048.84,479.501|1086.11,476.813|1014.45,483.132|984.75,479.028
213|1|1017.76,860.635|1011.79,758.951|1014.52,683.526|1026.49,561.127|1040.76,580.763|1109.85,597.349|1219.98,721.776|1285.84,813.924|1260.91,852.33|1237.93,900.109|1198.63,861.6|1007.23,582.412|944.228,594.51|946.879,600.57|1085.61,557.481|1172.2,533.749|1266.47,576.903|1165.65,561.767|1064.84,851.824|1208.72,1035.77|1149.3,1229.26|1209.76,1394.33|973.848,868.984|1030.09,1082.14|1001.76,1231.97|1014.21,1391.56|1035.48,515.622|1030.89,508.298|1047.59,480.706|1084.68,475.95|1013.24,484.943|983.268,479.809
214|1|1024.24,861.155|1014.89,758.503|1014.55,681.71|1020.23,558.045|1035.63,577.277|1106.94,595.544|1220.86,717.536|1298.32,810.064|1267.13,848.099|1242.9,894.439|1208.72,854.807|1001.96,580.125|939.724,595.198|940.763,600.702|1073.96,551.489|1163.66,533.993|1248.49,562.199|1165.08,560.14|1071.55,851.1|1213.58,1068|1169.08,1271.65|1230.79,1440.32|980.131,870.666|1035.85,1118.71|1015.29,1284.66|1032.68,1449.79|1026.75,511.88|1027.3,507.148|1047,481.613|1081.4,480.039|1012.47,480.911|980.486,469.137
215|1|1022.42,849.99|1015.73,752.095|1013.64,675.722|1026.81,559.117|1040.31,577.435|1108.23,595.472|1218.59,712.711|1285.26,800.292|1272.55,832.471|1249.18,884.866|1208.43,855.017|1007.91,579.978|949.743,594.688|931.505,598.909|1054.43,553.406|1141.27,528.044|1228.74,539.747|1152.44,558.532|1068.03,840.554|1199.11,1061.35|1166.6,1264|1224.43,1423|979.911,858.907|1030.99,1112.17|1013.13,1284.27|1032.21,1439.87|1036.28,515.771|1031,503.926|1042.62,475.904|1077.31,469.269|1010.27,485.317|980.331,489.155
216|1|1024.47,849.819|1016.97,752.594|1012.55,675.496|1023.93,559.448|1037.92,577.283|1106.79,593.99|1218.8,708.61|1282.25,795.726|1272.04,824.192|1251.44,877.02|1208.82,853.822|1005.14,580.696|946.053,596.862|917.747,600.237|1045.89,555.581|1130.34,521.842|1215.71,541.371|1142.67,553.624|1070.57,840.065|1196.61,1068.52|1167,1263.04|1220,1420.51|981.623,859.011|1028.31,1119.3|1016.15,1284.42|1035,1436.37|1032.65,516.233|1018.32,504.337|1031.49,476.076|1072.52,468.979|999.193,485.896|976.061,490.095
217|1|1022.91,847.397|1015.15,750.109|1010.4,672.825|1020.98,556.46|1035.24,574.277|1104.88,592.023|1216.91,706.517|1281.2,793.871|1271.83,821.521|1251.62,873.221|1209.48,852.422|1002.19,577.86|942.041,595.682|903.895,602.989|1031.27,556.664|1115.38,521.909|1197.53,543.339|1135,546.81|1069.15,837.509|1192.69,1070.05|1163.95,1261.34|1216.44,1416.85|979.938,856.714|1026.09,1121.19|1014.07,1282.14|1034.02,1431.72|1029.35,513.065|1026.92,504|1036.79,474.689|1069.08,464.78|1004.58,485.555|971.99,488.714
218|1|1007.57,843.145|1005.94,746.802|1007.51,671.845|1023.35,559.559|1036.73,577.099|1103.95,591.044|1211.31,703.058|1261.87,781.917|1254.69,818.474|1247.6,870.341|1198.6,849.673|1003.68,579.959|941.97,594.757|889.632,605.475|1018.53,568.13|1094.51,522.262|1172.82,523.567|1119.65,547.611|1053.98,837.081|1166.86,1050.2|1123.82,1210.58|1165.88,1361.29|964.563,848.885|914.922,1016.55|940.856,1175.55|941.706,1321.4|1033.66,517.901|1018.89,503.031|1030.13,474.938|1070.26,467.959|998.646,486.776|975.706,495.431
219|1|998.629,833.706|1000.78,740.099|1003.72,666.221|1016.09,558.008|1030.92,574.754|1104.46,589.91|1215.11,702.167|1253.39,794.356|1242.9,841.82|1244.56,892.275|1190.53,860.474|996.304,577.985|931.76,595.557|870.343,610.789|997.619,581.924|1068.21,535.978|1152.96,549.449|1084.09,560.852|1046.06,831.636|1144.9,1052.95|1100.76,1210.41|1131.42,1359.61|955.211,835.719|948.29,1063.63|947.46,1219.64|947.616,1363.34|1024.3,517.858|1012.56,509.08|1028.15,481.646|1068.52,475.815|995.262,488.025|971.029,486.459
220|1|993.654,833.012|998.159,736.902|1001.98,662.649|1008.69,555.1|1025.58,571.767|1104.15,583.677|1213.79,704.462|1220.66,793.918|1233.15,851.698|1238.39,912.153|1191.47,860.937|988.995,575.021|922.917,595.254|865.09,615.801|991.01,586.743|1062.24,539.903|1144.19,563.595|1078.45,559.124|1042.89,835.893|1092.35,1043.48|1071.53,1180.34|1084.28,1332.3|949.397,830.544|809.047,929.271|865.575,1115.47|846.711,1253.83|1013.77,515.127|1005.08,510.89|1025.11,485.072|1065.25,481.937|991.213,485.615|966.192,474.857
221|1|991.878,836.445|998.249,738.307|1003.32,663.112|1013.48,556.853|1030.29,574.282|1110.1,591.153|1211.99,724.205|1180.36,801.573|1217.21,864.193|1256.24,937.589|1189.77,853.235|992.802,575.623|923.063,590.961|851.7,621.381|975.282,602.943|1044.78,557.503|1130.66,580.021|1060.45,580.987|1041.65,840.692|1065.04,1006.53|1044.88,1146.84|1051.06,1302.06|947.245,832.761|799.83,849.01|855.984,1053.17|820.012,1185.91|1019.45,517.485|1003.43,506.69|1023.84,481.135|1068.98,480.91|989.949,483.177|969.975,478.656
222|1|995.172,832.372|998.699,736.136|1001.44,661.84|1015.06,559.477|1031.67,577.121|1110.75,601.261|1206.97,741.52|1165.84,817.644|1206.76,878.244|1260.45,951.589|1191.56,865.923|993.453,576.844|921.428,589.428|832.017,628.095|959.884,610.611|1027.19,568.084|1109.02,589.624|1043.81,600.071|1044.68,835.298|1082.15,1012.79|1047.42,1163.28|1049.91,1320.44|950.816,829.872|859.066,970.717|892.659,1130.21|864.164,1266.11|1022,521.772|1005.88,503.927|1022.86,477.434|1067.12,477.465|989.055,484.038|967.397,489.113
223|1|994.112,835.516|996.246,738.718|997.93,663.921|1010.99,560.401|1027.61,577.974|1102.96,595.593|1177.51,717.391|1177.7,798.898|1186.13,833.364|1207.82,860.468|1198.89,880.978|989.533,578.199|917.602,591.966|825.15,632.536|952.135,617.571|1021.85,578.45|1100.91,602.421|1038.42,608.809|1043.79,837.58|1078.94,1035.74|1049.64,1177.16|1052.4,1332.65|949.557,833.788|884.842,1016.41|912.956,1161.88|887.748,1299.07|1017.86,522.228|1003.49,505.057|1021.19,478.953|1064.63,479.796|987.153,484.28|964.479,487.594
224|1|993.42,834.977|995.522,738.458|997.146,663.885|1009.88,560.688|1026.48,578.203|1101.34,595.837|1173.61,716.535|1168.05,790.913|1150.64,816.078|1144.01,836.953|1108.72,853.518|988.575,578.418|916.891,592.202|823.736,633.177|948.276,618.051|1017.55,579.795|1093.34,609.816|1033.73,610.061|1042.91,837.058|1072.53,1034.13|1045.95,1172.16|1046.61,1325.86|949.047,833.234|805.314,942.484|862.321,1104.31|816.721,1228.39|1016.58,522.646|1002.87,505.061|1020.37,479.249|1063.15,480.464|986.536,484.506|963.535,488.149
225|1|992.782,835.308|994.722,739.13|996.198,664.852|1008.59,562.233|1025.17,579.62|1099.56,597.182|1169.16,715.939|1164.14,793.878|1137.18,817.306|1117.92,837.319|1088.44,837.98|987.414,579.885|915.85,593.984|820.738,636.607|940.95,622.546|1009.23,585.916|1083.26,613.565|1023.95,616.854|1042.07,837.314|1066.08,1033.63|1043.1,1167|1042.75,1318.62|948.588,833.631|822.536,959.369|877.28,1112.16|841.392,1240.05|1015.11,524.438|1001.41,506.143|1019.01,480.731|1061.67,482.679|985.326,485.755|962.543,489.77
226|1|994.016,842.338|994.918,748.647|996.271,676.701|1007.31,567.578|1023.17,585.353|1095,597.61|1168.18,719.61|1160.4,829.381|1119.5,826.044|1081.94,835.327|1094.57,836.439|987.173,586.688|915.914,597.55|810.411,637.324|920.639,632.804|994.706,622.379|1071.21,623.732|997.756,615.062|1042.41,842.535|1071.79,1051.24|1043.25,1193.79|1055.55,1346.8|950.335,842.281|896.231,1048.58|918.413,1177.41|901.69,1310.42|1014.02,527.188|1005.46,499.156|1020.27,476.57|1057.73,484.276|987.958,482.596|961.781,495.538
227|1|994.497,850.454|997.864,755.41|1000.57,683.007|1005.36,568.006|1022.85,586.674|1098.78,597.792|1179.38,724.761|1131.26,836.05|1078.14,827.797|1022,832.885|1054.18,816.893|985.893,587.93|912.409,597.778|811.472,637.027|907.988,641.174|977.686,626.987|1059.95,631.382|981.385,625.214|1043.77,853.137|1069.29,1083.95|1039.27,1230.89|1052.11,1389.1|950.29,848.171|921.344,1080.47|931.65,1224.83|921.489,1365.89|1009.04,525.266|999.255,490.221|1016.76,470.752|1055.84,485.971|984.265,474.019|960.093,489.664
228|1|997.329,848.441|1000.68,753.96|1003.34,681.776|1007.05,567.553|1024.61,586.036|1100.42,597.893|1183.71,723.726|1126.15,834.287|1070.05,831.803|1008.55,839.998|1046.74,811.558|987.915,587.371|915.208,598.014|812.506,636.848|903.942,642.064|970.262,630.599|1049.79,641.225|972.735,626.414|1046.25,851.229|1069.75,1090.69|1041.94,1240.85|1054.28,1397.38|953.466,846.063|934.092,1086.32|940.809,1241.52|934.255,1383.4|1010.19,525.105|1000.02,500.922|1016.2,478.286|1054.9,484.72|984.106,482.986|959.979,491.789
229|1|1004.29,852.226|1006.16,756.687|1007.66,681.967|1007.81,566.424|1025.96,584.757|1103.09,596.876|1186.48,726.324|1115.01,833.75|1059.84,823.789|998.382,825.501|1041.62,803.623|989.303,586.717|917.193,598.448|811.182,636.4|897.797,644.285|963.518,636.189|1041.81,642.342|964.997,628.423|1053.67,854.463|1079.07,1106.39|1055.4,1260.33|1066.73,1417.57|960.058,850.346|944.505,1101.26|955.042,1271.74|953.172,1417.76|1009.45,523.44|996.99,500.266|1013.94,477.75|1054.18,483.918|982.055,482.042|960.076,489.738
230|1|1004.46,851.8|1006.46,756.051|1008.05,681.175|1008.33,565.504|1026.51,583.885|1103.75,596.246|1185.66,726.534|1110.49,830.992|1055.42,818.686|993.802,816.956|1040.54,796.97|989.757,585.805|917.514,597.897|810.096,637.038|895.37,646.248|961.321,638.307|1039.7,642.623|962.583,629.672|1053.94,854.125|1082.26,1108.9|1059,1264.46|1071.79,1421.67|960.155,849.842|949.298,1103.33|959.302,1277.56|959.223,1424.46|1010,522.461|997.327,499.993|1013.43,476.788|1053.55,481.404|981.606,482.154|959.385,490.35
231|1|997.363,849.909|1002.73,754.614|1007.15,679.455|1008.33,564.658|1026.34,583.045|1103.64,596.457|1184.04,727.515|1106.85,829.933|1052.07,816.701|990.539,814.989|1040.81,785.832|989.65,584.697|917.893,598.069|808.831,637.543|892.177,648.131|955.62,642.858|1031.35,645.315|957.777,630.708|1046.55,853.441|1079.94,1110.07|1051.49,1264.33|1065.7,1418.67|953.201,846.86|946.691,1101.61|951.418,1283.3|953.767,1431.1|1010.31,521.948|996.09,499.4|1012.17,476.138|1053.15,480.442|980.528,481.877|959.505,490.535
232|1|997.269,850.261|1002.52,754.99|1006.84,679.84|1008.3,565.156|1026.27,583.579|1103.45,597.688|1180.3,730.343|1101.74,831.588|1047.13,817.16|985.69,814.241|1036.37,789.321|989.563,585.124|917.732,598.188|807.479,638.595|888.823,650.89|952.655,645.806|1028.56,647.455|953.108,635.747|1046.44,853.757|1077.3,1111.76|1049.31,1262.6|1062.1,1415.27|953.124,847.244|944.083,1102.42|948.79,1284.41|949.901,1431.99|1010.34,522.498|995.674,497.222|1012.23,474.803|1053.63,481.367|980.582,480.139|960.081,490.484
233|1|1003.62,852|1005.3,756.736|1006.72,680.56|1007.43,565.768|1025.45,584.116|1102.49,595.955|1178.18,729.745|1101.27,833.084|1046.65,819.27|985.337,817.526|1038.06,788.773|988.896,585.801|917.421,598.261|808.412,638.632|886.523,658.543|952.853,656.065|1030.09,656.836|953.434,645.141|1052.8,853.098|1083.85,1112.15|1060.64,1265.53|1073.98,1416.44|959.352,851.135|951.111,1108.93|959.934,1292.11|963.623,1438.97|1009.18,523.073|994.072,492.669|1012.24,472.467|1054.3,484.299|980.638,476.051|961.324,488.666
234|1|1000.41,855.011|1003.65,758.135|1006.27,680.781|1007.58,565.156|1025.55,583.782|1103.07,596.04|1177.77,731.153|1100.8,834.928|1045.88,821.524|984.206,819.975|1037.37,791.134|988.904,585.146|917.275,597.873|807.844,642.2|889.189,655.238|953.412,658.472|1028.56,661.121|953.526,648.213|1049.98,856.743|1088.28,1119.26|1061.04,1273.54|1076.13,1425.11|955.719,853.577|952.221,1115.54|958.363,1303.57|964.916,1452.65|1009.55,522.146|998.59,489.681|1012.53,468.645|1050.37,478.496|981.406,475.645|957.606,493.384
235|1|1000.34,855.162|1003.53,758.382|1006.09,681.116|1007.23,565.654|1025.21,584.235|1102.63,596.398|1177.45,731.247|1100.71,835.017|1045.87,821.688|984.287,820.168|1037.29,790.927|988.608,585.629|917.113,598.526|807.481,643.328|888.013,656.178|952.101,659.426|1027.1,662.723|952.004,650.233|1049.86,856.881|1088.27,1118.98|1061.32,1273.68|1076.56,1425.22|955.716,853.739|952.207,1115.21|958.503,1304.44|965.056,1453.76|1009.11,522.712|996.135,493.849|1010.72,471.932|1050.06,479.442|979.595,478.819|957.48,493.633
236|1|1001.33,855.783|1004.23,758.783|1006.57,681.372|1007.15,565.724|1025.26,584.265|1102.94,596.798|1176.06,733.585|1097.51,835.751|1043.09,823.532|981.515,821.784|1034.39,789.905|988.595,585.797|916.957,598.427|807.437,644.549|889.026,658.282|952.921,662.533|1027.87,667.474|951.441,656.841|1050.94,857.391|1089.77,1120.27|1063.42,1276.77|1078.7,1429.28|956.62,854.46|952.373,1116.41|959.269,1307.79|965.26,1458.28|1008.79,522.707|991.917,495.723|1010.61,474.701|1053.98,484.366|979,478.112|961.136,487.898
237|1|1001.2,855.935|1004.03,758.951|1006.31,681.565|1006.76,565.985|1024.88,584.498|1102.51,596.987|1175.63,733.662|1097.34,835.971|1043.01,823.99|981.513,822.45|1034,790.231|988.231,586.063|916.657,598.867|807.181,645.941|888.585,659.534|952.662,663.656|1027.74,668.73|951.086,658.993|1050.79,857.511|1089.94,1120.25|1063.84,1277.09|1079.32,1429.66|956.509,854.641|952.322,1116.45|959.405,1308.33|965.386,1458.95|1008.34,522.997|993.172,496.659|1010.65,475.088|1052.54,483.407|979.086,479.405|959.5,489.616
238|1|1001.21,855.743|1003.97,758.429|1006.22,680.815|1006.92,564.897|1025.09,583.505|1103.01,596.632|1174.13,735.133|1098.36,839.315|1043.3,829.48|981.232,829.718|1033.72,791.134|988.265,585.011|916.368,597.963|806.643,648.15|888.371,662.521|952.769,666.215|1028.41,671.726|950.226,663.835|1050.98,857.295|1090.57,1121.1|1064.63,1279.63|1080.49,1433.48|956.362,854.472|951.042,1117.27|958.228,1308.91|963.352,1460.2|1008.59,521.766|995.099,496.445|1010.92,473.852|1051.29,479.971|979.344,479.676|957.763,490.569
239|1|1001.21,855.743|1003.97,758.429|1006.22,680.816|1006.92,564.898|1025.09,583.506|1103.01,596.633|1174.13,735.135|1098.35,839.318|1043.3,829.482|981.23,829.72|1033.72,791.137|988.265,585.012|916.367,597.963|806.643,648.151|888.371,662.524|952.77,666.221|1028.41,671.735|950.227,663.842|1050.97,857.295|1090.57,1121.1|1064.63,1279.63|1080.49,1433.48|956.361,854.473|951.041,1117.27|958.227,1308.91|963.351,1460.2|1008.59,521.767|995.098,496.447|1010.92,473.854|1051.29,479.973|979.344,479.677|957.763,490.569
240|1|1001.21,855.743|1003.97,758.429|1006.22,680.816|1006.92,564.898|1025.09,583.506|1103.01,596.633|1174.13,735.135|1098.35,839.318|1043.3,829.482|981.23,829.72|1033.72,791.137|988.265,585.012|916.367,597.963|806.643,648.151|888.371,662.524|952.77,666.221|1028.41,671.735|950.227,663.842|1050.97,857.295|1090.57,1121.1|1064.63,1279.63|1080.49,1433.48|956.361,854.473|951.041,1117.27|958.227,1308.91|963.351,1460.2|1008.59,521.767|995.098,496.447|1010.92,473.854|1051.29,479.973|979.344,479.677|957.763,490.569
241|1|1001.2,855.744|1003.97,758.43|1006.22,680.817|1006.92,564.898|1025.09,583.507|1103.01,596.637|1174.12,735.148|1098.37,839.352|1043.31,829.526|981.235,829.778|1033.72,791.181|988.264,585.013|916.366,597.963|806.641,648.144|888.376,662.526|952.779,666.232|1028.42,671.76|950.236,663.859|1050.97,857.296|1090.57,1121.1|1064.63,1279.63|1080.49,1433.48|956.36,854.474|951.038,1117.27|958.224,1308.9|963.347,1460.19|1008.59,521.768|995.102,496.448|1010.93,473.856|1051.3,479.978|979.35,479.676|957.766,490.563
242|1|1003.63,854.643|1003.99,759.076|1004.39,682.465|1005.86,566.226|1024.22,585.068|1101.82,597.182|1171.89,738.94|1126.46,838.236|1073.88,861.139|1034.36,885.359|1045.16,817.331|986.802,586.294|913.674,597.98|807.041,649.45|893.809,659.791|951.853,669.031|1022.46,680.116|954.62,664.818|1053.28,854.765|1086.25,1118.2|1066.8,1275.26|1083.08,1429.87|958.882,854.661|944.942,1116.4|956.507,1290.83|953.99,1438.82|1007.66,522.983|992.147,497.53|1012.42,476.511|1055.93,486.971|979.983,478.035|961.192,484.596
243|1|1002.09,852.975|1003.35,758.706|1004.52,683.13|1007.28,567.454|1025.29,586.354|1102.52,600.111|1166.55,739.749|1132.96,864.433|1084.29,864.929|1052.42,816.636|1055.86,820.991|988.121,587.263|915.216,597.861|805.445,648.294|884.388,662.485|951.204,666.988|1028.41,669.2|951.804,668.621|1051.3,853.451|1087.18,1114.44|1065.68,1269.54|1082.55,1420.91|957.714,852.671|947.548,1113.4|955.08,1280.27|953.416,1423.06|1009.65,524.451|996.121,490.76|1006.05,468.426|1043.52,474.478|976.075,480.211|953.088,503.957
244|1|1002.09,852.975|1003.35,758.706|1004.52,683.131|1007.29,567.456|1025.29,586.356|1102.52,600.114|1166.55,739.753|1132.96,864.438|1084.29,864.936|1052.42,816.642|1055.86,820.998|988.124,587.264|915.219,597.86|805.45,648.291|884.398,662.487|951.217,666.994|1028.43,669.213|951.82,668.628|1051.3,853.452|1087.18,1114.44|1065.68,1269.53|1082.54,1420.9|957.715,852.671|947.549,1113.4|955.079,1280.26|953.416,1423.04|1009.66,524.453|996.137,490.767|1006.07,468.432|1043.54,474.488|976.093,480.211|953.097,503.945
245|1|1002.67,853.385|1003.66,758.961|1004.61,683.243|1007.48,567.369|1025.63,586.297|1103.63,601.054|1166.01,741.953|1130.63,870.873|1083.24,877.73|1052.5,819.749|1059.6,823.64|988.127,587.28|914.604,598.23|806.236,646.513|889.591,661.301|952.601,668.744|1026.41,668.735|956.181,669.562|1052.12,853.742|1089.93,1116.12|1067.46,1267.69|1084.24,1418.21|958.099,853.19|949.462,1115.61|956.87,1277.41|956.074,1418.84|1009.88,524.279|993.377,482.507|1002.96,462.204|1041.96,472.778|973.247,474.977|952.187,506.157
246|1|1002.67,853.386|1003.66,758.967|1004.61,683.252|1007.48,567.385|1025.63,586.311|1103.62,601.074|1166,741.996|1130.58,870.892|1083.18,877.71|1052.46,819.732|1059.55,823.61|988.13,587.294|914.612,598.244|806.249,646.532|889.605,661.315|952.634,668.757|1026.47,668.785|956.227,669.571|1052.12,853.743|1089.93,1116.11|1067.46,1267.65|1084.23,1418.15|958.102,853.191|949.467,1115.6|956.875,1277.36|956.082,1418.77|1009.88,524.297|993.516,482.629|1003.08,462.297|1042,472.82|973.362,475.049|952.198,506.122
247|1|1002.67,853.388|1003.66,758.971|1004.61,683.258|1007.48,567.394|1025.63,586.321|1103.62,601.088|1165.99,742.017|1130.55,870.901|1083.14,877.715|1052.43,819.726|1059.52,823.61|988.131,587.302|914.616,598.253|806.255,646.542|889.611,661.326|952.65,668.769|1026.5,668.819|956.247,669.582|1052.12,853.745|1089.93,1116.1|1067.45,1267.63|1084.22,1418.12|958.102,853.192|949.468,1115.59|956.877,1277.33|956.084,1418.73|1009.89,524.309|993.592,482.697|1003.15,462.348|1042.02,472.845|973.426,475.088|952.205,506.104
248|1|1002.67,853.388|1003.66,758.971|1004.61,683.259|1007.48,567.395|1025.63,586.322|1103.62,601.089|1165.99,742.017|1130.55,870.901|1083.14,877.713|1052.43,819.727|1059.52,823.608|988.132,587.303|914.616,598.253|806.255,646.543|889.612,661.327|952.651,668.77|1026.5,668.822|956.248,669.584|1052.12,853.745|1089.93,1116.1|1067.45,1267.63|1084.22,1418.12|958.102,853.192|949.468,1115.59|956.877,1277.33|956.084,1418.73|1009.89,524.31|993.596,482.701|1003.16,462.352|1042.02,472.847|973.43,475.091|952.205,506.103
249|1|1002.67,853.388|1003.66,758.971|1004.61,683.259|1007.48,567.395|1025.63,586.322|1103.62,601.089|1165.99,742.017|1130.55,870.901|1083.14,877.713|1052.43,819.727|1059.52,823.608|988.132,587.303|914.616,598.253|806.255,646.543|889.612,661.327|952.651,668.77|1026.5,668.822|956.248,669.584|1052.12,853.745|1089.93,1116.1|1067.45,1267.63|1084.22,1418.12|958.102,853.192|949.468,1115.59|956.877,1277.33|956.084,1418.73|1009.89,524.31|993.596,482.701|1003.16,462.352|1042.02,472.847|973.43,475.091|952.205,506.103
250|1|1002.67,853.388|1003.66,758.972|1004.61,683.26|1007.48,567.397|1025.63,586.324|1103.62,601.092|1165.99,742.021|1130.54,870.903|1083.13,877.702|1052.42,819.731|1059.51,823.6|988.132,587.305|914.616,598.255|806.256,646.546|889.611,661.33|952.651,668.773|1026.5,668.829|956.248,669.586|1052.12,853.746|1089.93,1116.1|1067.45,1267.62|1084.22,1418.11|958.102,853.193|949.468,1115.59|956.877,1277.32|956.085,1418.72|1009.89,524.312|993.61,482.714|1003.17,462.361|1042.03,472.852|973.442,475.098|952.206,506.1
251|1|1002.67,853.388|1003.66,758.972|1004.61,683.26|1007.48,567.397|1025.63,586.324|1103.62,601.092|1165.99,742.021|1130.54,870.903|1083.13,877.702|1052.42,819.731|1059.51,823.6|988.132,587.305|914.616,598.255|806.256,646.546|889.611,661.33|952.651,668.773|1026.5,668.829|956.248,669.586|1052.12,853.746|1089.93,1116.1|1067.45,1267.62|1084.22,1418.11|958.102,853.193|949.468,1115.59|956.877,1277.32|956.085,1418.72|1009.89,524.312|993.61,482.714|1003.17,462.361|1042.03,472.852|973.442,475.098|952.206,506.1
252|1|1002.67,853.388|1003.66,758.972|1004.61,683.26|1007.48,567.398|1025.63,586.324|1103.62,601.093|1165.99,742.023|1130.54,870.904|1083.13,877.702|1052.42,819.731|1059.51,823.6|988.132,587.305|914.617,598.255|806.256,646.547|889.61,661.331|952.651,668.773|1026.5,668.83|956.248,669.587|1052.12,853.746|1089.93,1116.1|1067.45,1267.62|1084.22,1418.11|958.102,853.193|949.468,1115.59|956.877,1277.32|956.085,1418.72|1009.89,524.313|993.613,482.716|1003.17,462.363|1042.03,472.853|973.444,475.1|952.206,506.099
253|1|1002.67,853.388|1003.66,758.972|1004.61,683.26|1007.48,567.398|1025.63,586.324|1103.62,601.093|1165.99,742.023|1130.54,870.904|1083.13,877.702|1052.42,819.731|1059.51,823.6|988.132,587.305|914.617,598.255|806.256,646.547|889.61,661.331|952.651,668.773|1026.5,668.83|956.248,669.587|1052.12,853.746|1089.93,1116.1|1067.45,1267.62|1084.22,1418.11|958.102,853.193|949.468,1115.59|956.877,1277.32|956.085,1418.72|1009.89,524.313|993.613,482.716|1003.17,462.363|1042.03,472.853|973.444,475.1|952.206,506.099
254|1|1002.67,853.388|1003.66,758.972|1004.61,683.26|1007.48,567.398|1025.63,586.324|1103.62,601.093|1165.99,742.023|1130.54,870.904|1083.13,877.702|1052.42,819.731|1059.51,823.6|988.132,587.305|914.617,598.255|806.256,646.547|889.61,661.331|952.651,668.773|1026.5,668.83|956.248,669.587|1052.12,853.746|1089.93,1116.1|1067.45,1267.62|1084.22,1418.11|958.102,853.193|949.468,1115.59|956.877,1277.32|956.085,1418.72|1009.89,524.313|993.613,482.716|1003.17,462.363|1042.03,472.853|973.444,475.1|952.206,506.099
255|1|1002.67,853.388|1003.66,758.972|1004.61,683.26|1007.48,567.398|1025.63,586.324|1103.62,601.093|1165.99,742.023|1130.54,870.904|1083.13,877.702|1052.42,819.731|1059.51,823.6|988.132,587.305|914.617,598.255|806.256,646.547|889.61,661.331|952.651,668.773|1026.5,668.83|956.248,669.587|1052.12,853.746|1089.93,1116.1|1067.45,1267.62|1084.22,1418.11|958.102,853.193|949.468,1115.59|956.877,1277.32|956.085,1418.72|1009.89,524.313|993.613,482.716|1003.17,462.363|1042.03,472.853|973.444,475.1|952.206,506.099
256|1|1002.67,853.388|1003.66,758.972|1004.61,683.26|1007.48,567.398|1025.63,586.324|1103.62,601.093|1165.99,742.023|1130.54,870.904|1083.13,877.702|1052.42,819.731|1059.51,823.6|988.132,587.305|914.617,598.255|806.256,646.547|889.61,661.331|952.651,668.773|1026.5,668.83|956.248,669.587|1052.12,853.746|1089.93,1116.1|1067.45,1267.62|1084.22,1418.11|958.102,853.193|949.468,1115.59|956.877,1277.32|956.085,1418.72|1009.89,524.313|993.613,482.716|1003.17,462.363|1042.03,472.853|973.444,475.1|952.206,506.099
257|1|1002.62,853.435|1003.59,759.108|1004.54,683.471|1007.41,567.746|1025.54,586.658|1103.47,601.576|1165.7,742.874|1129.15,871.241|1082.06,875.598|1050.76,820.174|1057.96,822.088|988.083,587.618|914.666,598.601|806.186,647.063|889.157,661.753|952.385,669.147|1026.44,669.817|955.964,669.856|1052.01,853.803|1089.76,1115.83|1067.3,1266.91|1084.02,1417.07|958.095,853.23|949.467,1115.29|956.935,1276.35|956.176,1417.36|1009.8,524.718|995.808,485.042|1005.28,464.182|1042.83,473.841|975.357,476.429|952.406,505.359
258|1|1002.61,853.436|1003.59,759.109|1004.54,683.474|1007.41,567.751|1025.54,586.663|1103.47,601.582|1165.7,742.881|1129.14,871.247|1082.06,875.604|1050.75,820.18|1057.95,822.094|988.083,587.622|914.667,598.605|806.187,647.064|889.16,661.758|952.394,669.154|1026.45,669.838|955.972,669.866|1052,853.804|1089.76,1115.83|1067.3,1266.9|1084.02,1417.06|958.094,853.231|949.467,1115.29|956.936,1276.33|956.177,1417.34|1009.8,524.724|995.842,485.074|1005.32,464.207|1042.85,473.857|975.389,476.444|952.412,505.344
259|1|1002.61,853.436|1003.59,759.109|1004.54,683.474|1007.41,567.751|1025.54,586.663|1103.47,601.582|1165.7,742.881|1129.14,871.247|1082.06,875.604|1050.75,820.18|1057.95,822.094|988.083,587.622|914.667,598.605|806.187,647.064|889.16,661.758|952.394,669.154|1026.45,669.838|955.972,669.866|1052,853.804|1089.76,1115.83|1067.3,1266.9|1084.02,1417.06|958.094,853.231|949.467,1115.29|956.936,1276.33|956.177,1417.34|1009.8,524.724|995.842,485.074|1005.32,464.207|1042.85,473.857|975.389,476.444|952.412,505.344
260|1|1000.94,853.803|1001.88,759.435|1002.78,683.749|1005.95,567.938|1024.05,586.938|1101.84,602.015|1165.5,746.315|1130.31,871.532|1073.82,877.29|1051.76,825.899|1052.11,820.257|986.561,587.744|913.032,598.26|803.423,648.192|886.387,661.753|950.315,670.11|1024.55,669.811|952.295,670.154|1050.35,854.183|1088.52,1116.45|1066.38,1267.31|1082.69,1417.38|956.398,853.586|946.703,1116.09|954.35,1272.18|953.01,1411.6|1008.41,524.883|990.717,491.455|1010.7,471.838|1055.46,486.497|978.419,474.599|960.991,488.431
261|1|1000.94,853.804|1001.88,759.438|1002.78,683.753|1005.95,567.943|1024.05,586.944|1101.84,602.022|1165.49,746.324|1130.29,871.53|1073.8,877.28|1051.74,825.891|1052.1,820.246|986.562,587.749|913.033,598.264|803.426,648.193|886.399,661.761|950.336,670.127|1024.58,669.849|952.317,670.17|1050.35,854.185|1088.51,1116.45|1066.37,1267.3|1082.69,1417.36|956.398,853.588|946.7,1116.09|954.347,1272.16|953.006,1411.57|1008.41,524.889|990.743,491.506|1010.71,471.876|1055.46,486.501|978.434,474.64|960.983,488.44
262|1|1000.94,853.804|1001.88,759.438|1002.78,683.753|1005.95,567.943|1024.05,586.944|1101.84,602.022|1165.49,746.324|1130.29,871.53|1073.8,877.28|1051.74,825.891|1052.1,820.246|986.562,587.749|913.033,598.264|803.426,648.193|886.399,661.761|950.336,670.127|1024.58,669.849|952.317,670.17|1050.35,854.185|1088.51,1116.45|1066.37,1267.3|1082.69,1417.36|956.398,853.588|946.7,1116.09|954.347,1272.16|953.006,1411.57|1008.41,524.889|990.743,491.506|1010.71,471.876|1055.46,486.501|978.434,474.64|960.983,488.44
263|1|1000.94,853.804|1001.88,759.438|1002.78,683.753|1005.95,567.943|1024.05,586.944|1101.84,602.022|1165.49,746.324|1130.29,871.53|1073.8,877.28|1051.74,825.891|1052.1,820.246|986.562,587.749|913.033,598.264|803.426,648.193|886.399,661.761|950.336,670.127|1024.58,669.849|952.317,670.17|1050.35,854.185|1088.51,1116.45|1066.37,1267.3|1082.69,1417.36|956.398,853.588|946.7,1116.09|954.347,1272.16|953.006,1411.57|1008.41,524.889|990.743,491.506|1010.71,471.876|1055.46,486.501|978.434,474.64|960.983,488.44
264|1|1000.94,853.804|1001.88,759.438|1002.78,683.753|1005.95,567.943|1024.05,586.944|1101.84,602.022|1165.49,746.324|1130.29,871.53|1073.8,877.28|1051.74,825.891|1052.1,820.246|986.562,587.749|913.033,598.264|803.426,648.193|886.399,661.761|950.336,670.127|1024.58,669.849|952.317,670.17|1050.35,854.185|1088.51,1116.45|1066.37,1267.3|1082.69,1417.36|956.398,853.588|946.7,1116.09|954.347,1272.16|953.006,1411.57|1008.41,524.889|990.743,491.506|1010.71,471.876|1055.46,486.501|978.434,474.64|960.983,488.44
265|1|1000.94,853.804|1001.88,759.438|1002.78,683.753|1005.95,567.943|1024.05,586.944|1101.84,602.022|1165.49,746.324|1130.29,871.53|1073.8,877.28|1051.74,825.891|1052.1,820.246|986.562,587.749|913.033,598.264|803.426,648.193|886.399,661.761|950.336,670.127|1024.58,669.849|952.317,670.17|1050.35,854.185|1088.51,1116.45|1066.37,1267.3|1082.69,1417.36|956.398,853.588|946.7,1116.09|954.347,1272.16|953.006,1411.57|1008.41,524.889|990.743,491.506|1010.71,471.876|1055.46,486.501|978.434,474.64|960.983,488.44
266|1|1000.91,853.904|1001.84,759.607|1002.75,683.986|1005.96,568.303|1024.04,587.283|1101.72,602.314|1164.68,746.042|1131.57,872.515|1075.82,879.452|1052.47,827.34|1053.31,822.191|986.573,588.089|913.085,598.614|803.543,648.799|886.549,662.664|950.638,671.204|1025.07,671.449|952.431,671.15|1050.29,854.281|1088.37,1116.36|1066.22,1266.89|1082.47,1416.73|956.396,853.691|946.619,1116.02|954.26,1271.29|952.864,1410.32|1008.44,525.301|991.917,494.317|1011.35,473.941|1055.24,486.686|979.007,476.938|960.467,489.128
267|1|1000.9,853.905|1001.84,759.608|1002.75,683.988|1005.95,568.307|1024.04,587.287|1101.71,602.316|1164.67,746.034|1131.6,872.529|1075.86,879.49|1052.49,827.367|1053.33,822.23|986.571,588.093|913.084,598.619|803.542,648.808|886.549,662.677|950.641,671.219|1025.08,671.476|952.431,671.161|1050.28,854.281|1088.37,1116.36|1066.22,1266.88|1082.47,1416.72|956.395,853.691|946.617,1116.02|954.259,1271.27|952.862,1410.3|1008.43,525.307|991.929,494.37|1011.35,473.979|1055.23,486.688|979.01,476.981|960.455,489.139
268|1|999.997,853.023|1001.15,758.766|1002.24,683.209|1005.95,567.646|1024.03,586.71|1102.05,602.654|1163.5,745.082|1134.97,877.524|1089.28,884.096|1054.85,831.489|1062.44,828.631|986.413,587.342|912.654,597.646|801.823,651.078|883.561,664.372|949.225,670.619|1025.28,671.491|948.424,668.502|1049.42,853.556|1088.46,1115.73|1065.58,1264.66|1081.89,1413.72|955.455,852.668|946.329,1115.2|953.027,1268.79|951.469,1406.81|1008.58,524.682|998.313,507.686|1012.61,482.027|1051,481.136|980.406,489.163|955.237,494.764
269|1|999.997,853.023|1001.15,758.766|1002.24,683.21|1005.95,567.646|1024.03,586.71|1102.06,602.656|1163.5,745.088|1134.96,877.53|1089.27,884.1|1054.84,831.489|1062.43,828.633|986.415,587.342|912.655,597.644|801.824,651.075|883.565,664.374|949.23,670.625|1025.28,671.502|948.428,668.508|1049.42,853.557|1088.46,1115.73|1065.58,1264.66|1081.89,1413.72|955.455,852.668|946.328,1115.2|953.025,1268.79|951.468,1406.8|1008.58,524.682|998.315,507.667|1012.62,482.014|1051.02,481.144|980.413,489.143|955.247,494.749
270|1|999.997,853.023|1001.15,758.766|1002.24,683.21|1005.95,567.646|1024.03,586.71|1102.06,602.656|1163.5,745.089|1134.96,877.53|1089.27,884.101|1054.84,831.49|1062.43,828.633|986.415,587.342|912.655,597.644|801.823,651.075|883.565,664.374|949.231,670.626|1025.29,671.504|948.429,668.509|1049.42,853.557|1088.46,1115.73|1065.58,1264.66|1081.89,1413.72|955.455,852.668|946.328,1115.2|953.025,1268.79|951.467,1406.8|1008.58,524.682|998.315,507.664|1012.62,482.012|1051.02,481.145|980.414,489.14|955.248,494.747
271|1|999.996,853.033|1001.16,758.768|1002.25,683.204|1005.99,567.624|1024.07,586.695|1102.11,602.695|1163.51,745.336|1134.6,877.683|1088.78,883.999|1054.52,831.345|1062.07,828.433|986.447,587.32|912.667,597.598|801.824,650.994|883.665,664.377|949.397,670.701|1025.53,671.711|948.587,668.617|1049.43,853.57|1088.47,1115.8|1065.55,1264.61|1081.84,1413.65|955.447,852.677|946.308,1115.27|952.991,1268.73|951.425,1406.72|1008.63,524.654|998.256,507.242|1012.74,481.731|1051.28,481.286|980.49,488.7|955.445,494.441
272|1|999.996,853.033|1001.16,758.768|1002.25,683.204|1005.99,567.624|1024.07,586.695|1102.11,602.695|1163.51,745.336|1134.6,877.683|1088.78,883.999|1054.52,831.345|1062.07,828.433|986.447,587.32|912.667,597.598|801.824,650.994|883.665,664.377|949.397,670.701|1025.53,671.711|948.587,668.617|1049.43,853.57|1088.47,1115.8|1065.55,1264.61|1081.84,1413.65|955.447,852.677|946.308,1115.27|952.991,1268.73|951.425,1406.72|1008.63,524.654|998.256,507.242|1012.74,481.731|1051.28,481.286|980.49,488.7|955.445,494.441
273|1|999.996,853.033|1001.16,758.768|1002.25,683.204|1005.99,567.624|1024.07,586.695|1102.11,602.695|1163.51,745.336|1134.6,877.683|1088.78,883.999|1054.52,831.345|1062.07,828.433|986.447,587.32|912.667,597.598|801.824,650.994|883.665,664.377|949.397,670.701|1025.53,671.711|948.587,668.617|1049.43,853.57|1088.47,1115.8|1065.55,1264.61|1081.84,1413.65|955.447,852.677|946.308,1115.27|952.991,1268.73|951.425,1406.72|1008.63,524.654|998.256,507.242|1012.74,481.731|1051.28,481.286|980.49,488.7|955.445,494.441
274|1|999.996,853.033|1001.16,758.768|1002.25,683.204|1005.99,567.624|1024.07,586.695|1102.11,602.695|1163.51,745.336|1134.6,877.683|1088.78,883.999|1054.52,831.345|1062.07,828.433|986.447,587.32|912.667,597.598|801.824,650.994|883.665,664.377|949.397,670.701|1025.53,671.711|948.587,668.617|1049.43,853.57|1088.47,1115.8|1065.55,1264.61|1081.84,1413.65|955.447,852.677|946.308,1115.27|952.991,1268.73|951.425,1406.72|1008.63,524.654|998.256,507.242|1012.74,481.731|1051.28,481.286|980.49,488.7|955.445,494.441
275|1|999.996,853.033|1001.16,758.768|1002.25,683.204|1005.99,567.624|1024.07,586.695|1102.11,602.695|1163.51,745.336|1134.6,877.683|1088.78,883.999|1054.52,831.345|1062.07,828.433|986.447,587.32|912.667,597.598|801.824,650.994|883.665,664.377|949.397,670.701|1025.53,671.711|948.587,668.617|1049.43,853.57|1088.47,1115.8|1065.55,1264.61|1081.84,1413.65|955.447,852.677|946.308,1115.27|952.991,1268.73|951.425,1406.72|1008.63,524.654|998.256,507.242|1012.74,481.731|1051.28,481.286|980.49,488.7|955.445,494.441
276|1|999.996,853.033|1001.16,758.768|1002.25,683.204|1005.99,567.624|1024.07,586.695|1102.11,602.695|1163.51,745.336|1134.6,877.683|1088.78,883.999|1054.52,831.345|1062.07,828.433|986.447,587.32|912.667,597.598|801.824,650.994|883.665,664.377|949.397,670.701|1025.53,671.711|948.587,668.617|1049.43,853.57|1088.47,1115.8|1065.55,1264.61|1081.84,1413.65|955.447,852.677|946.308,1115.27|952.991,1268.73|951.425,1406.72|1008.63,524.654|998.256,507.242|1012.74,481.731|1051.28,481.286|980.49,488.7|955.445,494.441
277|1|999.996,853.033|1001.16,758.768|1002.25,683.204|1005.99,567.624|1024.07,586.695|1102.11,602.695|1163.51,745.336|1134.6,877.683|1088.78,883.999|1054.52,831.345|1062.07,828.433|986.447,587.32|912.667,597.598|801.824,650.994|883.665,664.377|949.397,670.701|1025.53,671.711|948.587,668.617|1049.43,853.57|1088.47,1115.8|1065.55,1264.61|1081.84,1413.65|955.447,852.677|946.308,1115.27|952.991,1268.73|951.425,1406.72|1008.63,524.654|998.256,507.242|1012.74,481.731|1051.28,481.286|980.49,488.7|955.445,494.441
278|1|999.996,853.033|1001.16,758.768|1002.25,683.204|1005.99,567.624|1024.07,586.695|1102.11,602.695|1163.51,745.336|1134.6,877.683|1088.78,883.999|1054.52,831.345|1062.07,828.433|986.447,587.32|912.667,597.598|801.824,650.994|883.665,664.377|949.397,670.701|1025.53,671.711|948.587,668.617|1049.43,853.57|1088.47,1115.8|1065.55,1264.61|1081.84,1413.65|955.447,852.677|946.308,1115.27|952.991,1268.73|951.425,1406.72|1008.63,524.654|998.256,507.242|1012.74,481.731|1051.28,481.286|980.49,488.7|955.445,494.441
279|1|994.572,851.365|998.289,758.505|1001.43,683.538|1006.03,567.601|1024.15,586.823|1102.64,602.986|1162.76,747.231|1130.32,879.163|1076.19,884.155|1045.14,836.454|1056.46,827.131|986.145,587.326|911.563,597.573|801.104,650.926|886.882,663.258|946.676,672.107|1018.95,680.518|949.833,669.586|1044.06,853.368|1081.44,1116.14|1056.48,1259.86|1072.29,1407.69|950.018,849.688|940.624,1112.31|945.58,1263.82|942.351,1401.07|1009.03,524.487|998.589,497.535|1021.53,478.784|1062.8,494.659|988.428,475.941|967.1,479.422
280|1|994.572,851.365|998.288,758.505|1001.43,683.539|1006.03,567.601|1024.15,586.823|1102.64,602.987|1162.76,747.232|1130.32,879.163|1076.18,884.153|1045.13,836.453|1056.45,827.127|986.143,587.327|911.562,597.574|801.104,650.925|886.884,663.258|946.681,672.105|1018.96,680.519|949.839,669.584|1044.05,853.368|1081.44,1116.14|1056.48,1259.85|1072.28,1407.68|950.018,849.688|940.623,1112.31|945.579,1263.82|942.35,1401.06|1009.03,524.488|998.575,497.539|1021.51,478.785|1062.8,494.654|988.414,475.946|967.094,479.428
281|1|994.572,851.365|998.288,758.505|1001.43,683.539|1006.03,567.601|1024.15,586.823|1102.64,602.987|1162.76,747.232|1130.32,879.163|1076.18,884.153|1045.13,836.453|1056.45,827.127|986.143,587.327|911.562,597.574|801.104,650.925|886.884,663.258|946.681,672.105|1018.96,680.519|949.839,669.584|1044.05,853.368|1081.44,1116.14|1056.48,1259.85|1072.28,1407.68|950.018,849.688|940.623,1112.31|945.579,1263.82|942.35,1401.06|1009.03,524.488|998.575,497.539|1021.51,478.785|1062.8,494.654|988.414,475.946|967.094,479.428
282|1|994.572,851.365|998.288,758.505|1001.43,683.539|1006.03,567.601|1024.15,586.823|1102.64,602.987|1162.76,747.232|1130.32,879.163|1076.18,884.153|1045.13,836.453|1056.45,827.127|986.143,587.327|911.562,597.574|801.104,650.925|886.884,663.258|946.681,672.105|1018.96,680.519|949.839,669.584|1044.05,853.368|1081.44,1116.14|1056.48,1259.85|1072.28,1407.68|950.018,849.688|940.623,1112.31|945.579,1263.82|942.35,1401.06|1009.03,524.488|998.575,497.539|1021.51,478.785|1062.8,494.654|988.414,475.946|967.094,479.428
283|1|994.572,851.365|998.288,758.505|1001.43,683.539|1006.03,567.601|1024.15,586.823|1102.64,602.987|1162.76,747.232|1130.32,879.163|1076.18,884.153|1045.13,836.453|1056.45,827.127|986.143,587.327|911.562,597.574|801.104,650.925|886.884,663.258|946.681,672.105|1018.96,680.519|949.839,669.584|1044.05,853.368|1081.44,1116.14|1056.48,1259.85|1072.28,1407.68|950.018,849.688|940.623,1112.31|945.579,1263.82|942.35,1401.06|1009.03,524.488|998.575,497.539|1021.51,478.785|1062.8,494.654|988.414,475.946|967.094,479.428
284|1|994.572,851.365|998.288,758.505|1001.43,683.539|1006.03,567.601|1024.15,586.823|1102.64,602.987|1162.76,747.232|1130.32,879.163|1076.18,884.153|1045.13,836.453|1056.45,827.127|986.143,587.327|911.562,597.574|801.104,650.925|886.884,663.258|946.681,672.105|1018.96,680.519|949.839,669.584|1044.05,853.368|1081.44,1116.14|1056.48,1259.85|1072.28,1407.68|950.018,849.688|940.623,1112.31|945.579,1263.82|942.35,1401.06|1009.03,524.488|998.575,497.539|1021.51,478.785|1062.8,494.654|988.414,475.946|967.094,479.428
285|1|994.572,851.365|998.288,758.505|1001.43,683.539|1006.03,567.601|1024.15,586.823|1102.64,602.987|1162.76,747.232|1130.32,879.163|1076.18,884.153|1045.13,836.453|1056.45,827.127|986.143,587.327|911.562,597.574|801.104,650.925|886.884,663.258|946.681,672.105|1018.96,680.519|949.839,669.584|1044.05,853.368|1081.44,1116.14|1056.48,1259.85|1072.28,1407.68|950.018,849.688|940.623,1112.31|945.579,1263.82|942.35,1401.06|1009.03,524.488|998.575,497.539|1021.51,478.785|1062.8,494.654|988.414,475.946|967.094,479.428
286|1|994.572,851.365|998.288,758.505|1001.43,683.539|1006.03,567.601|1024.15,586.823|1102.64,602.987|1162.76,747.232|1130.32,879.163|1076.18,884.153|1045.13,836.453|1056.45,827.127|986.143,587.327|911.562,597.574|801.104,650.925|886.884,663.258|946.681,672.105|1018.96,680.519|949.839,669.584|1044.05,853.368|1081.44,1116.14|1056.48,1259.85|1072.28,1407.68|950.018,849.688|940.623,1112.31|945.579,1263.82|942.35,1401.06|1009.03,524.488|998.575,497.539|1021.51,478.785|1062.8,494.654|988.414,475.946|967.094,479.428
287|1|994.572,851.365|998.288,758.505|1001.43,683.539|1006.03,567.601|1024.15,586.823|1102.64,602.987|1162.76,747.232|1130.32,879.163|1076.18,884.153|1045.13,836.453|1056.45,827.127|986.143,587.327|911.562,597.574|801.104,650.925|886.884,663.258|946.681,672.105|1018.96,680.519|949.839,669.584|1044.05,853.368|1081.44,1116.14|1056.48,1259.85|1072.28,1407.68|950.018,849.688|940.623,1112.31|945.579,1263.82|942.35,1401.06|1009.03,524.488|998.575,497.539|1021.51,478.785|1062.8,494.654|988.414,475.946|967.094,479.428
288|1|994.572,851.365|998.288,758.505|1001.43,683.539|1006.03,567.601|1024.15,586.823|1102.64,602.987|1162.76,747.232|1130.32,879.163|1076.18,884.153|1045.13,836.453|1056.45,827.127|986.143,587.327|911.562,597.574|801.104,650.925|886.884,663.258|946.681,672.105|1018.96,680.519|949.839,669.584|1044.05,853.368|1081.44,1116.14|1056.48,1259.85|1072.28,1407.68|950.018,849.688|940.623,1112.31|945.579,1263.82|942.35,1401.06|1009.03,524.488|998.575,497.539|1021.51,478.785|1062.8,494.654|988.414,475.946|967.094,479.428
289|1|994.572,851.365|998.288,758.505|1001.43,683.539|1006.03,567.601|1024.15,586.823|1102.64,602.987|1162.76,747.232|1130.32,879.163|1076.18,884.153|1045.13,836.453|1056.45,827.127|986.143,587.327|911.562,597.574|801.104,650.925|886.884,663.258|946.681,672.105|1018.96,680.519|949.839,669.584|1044.05,853.368|1081.44,1116.14|1056.48,1259.85|1072.28,1407.68|950.018,849.688|940.623,1112.31|945.579,1263.82|942.35,1401.06|1009.03,524.488|998.575,497.539|1021.51,478.785|1062.8,494.654|988.414,475.946|967.094,479.428
290|1|994.572,851.365|998.288,758.505|1001.43,683.539|1006.03,567.601|1024.15,586.823|1102.64,602.987|1162.76,747.232|1130.32,879.163|1076.18,884.153|1045.13,836.453|1056.45,827.127|986.143,587.327|911.562,597.574|801.104,650.925|886.884,663.258|946.681,672.105|1018.96,680.519|949.839,669.584|1044.05,853.368|1081.44,1116.14|1056.48,1259.85|1072.28,1407.68|950.018,849.688|940.623,1112.31|945.579,1263.82|942.35,1401.06|1009.03,524.488|998.575,497.539|1021.51,478.785|1062.8,494.654|988.414,475.946|967.094,479.428
291|1|994.572,851.365|998.288,758.505|1001.43,683.539|1006.03,567.601|1024.15,586.823|1102.64,602.987|1162.76,747.232|1130.32,879.163|1076.18,884.153|1045.13,836.453|1056.45,827.127|986.143,587.327|911.562,597.574|801.104,650.925|886.884,663.258|946.681,672.105|1018.96,680.519|949.839,669.584|1044.05,853.368|1081.44,1116.14|1056.48,1259.85|1072.28,1407.68|950.018,849.688|940.623,1112.31|945.579,1263.82|942.35,1401.06|1009.03,524.488|998.575,497.539|1021.51,478.785|1062.8,494.654|988.414,475.946|967.094,479.428
292|1|994.572,851.365|998.288,758.505|1001.43,683.539|1006.03,567.601|1024.15,586.823|1102.64,602.987|1162.76,747.232|1130.32,879.163|1076.18,884.153|1045.13,836.453|1056.45,827.127|986.143,587.327|911.562,597.574|801.104,650.925|886.884,663.258|946.681,672.105|1018.96,680.519|949.839,669.584|1044.05,853.368|1081.44,1116.14|1056.48,1259.85|1072.28,1407.68|950.018,849.688|940.623,1112.31|945.579,1263.82|942.35,1401.06|1009.03,524.488|998.575,497.539|1021.51,478.785|1062.8,494.654|988.414,475.946|967.094,479.428
293|1|994.572,851.365|998.288,758.505|1001.43,683.539|1006.03,567.601|1024.15,586.823|1102.64,602.987|1162.76,747.232|1130.32,879.163|1076.18,884.153|1045.13,836.453|1056.45,827.127|986.143,587.327|911.562,597.574|801.104,650.925|886.884,663.258|946.681,672.105|1018.96,680.519|949.839,669.584|1044.05,853.368|1081.44,1116.14|1056.48,1259.85|1072.28,1407.68|950.018,849.688|940.623,1112.31|945.579,1263.82|942.35,1401.06|1009.03,524.488|998.575,497.539|1021.51,478.785|1062.8,494.654|988.414,475.946|967.094,479.428
294|1|994.572,851.365|998.288,758.505|1001.43,683.539|1006.03,567.601|1024.15,586.823|1102.64,602.987|1162.76,747.232|1130.32,879.163|1076.18,884.153|1045.13,836.453|1056.45,827.127|986.143,587.327|911.562,597.574|801.104,650.925|886.884,663.258|946.681,672.105|1018.96,680.519|949.839,669.584|1044.05,853.368|1081.44,1116.14|1056.48,1259.85|1072.28,1407.68|950.018,849.688|940.623,1112.31|945.579,1263.82|942.35,1401.06|1009.03,524.488|998.575,497.539|1021.51,478.785|1062.8,494.654|988.414,475.946|967.094,479.428
295|1|994.572,851.365|998.288,758.505|1001.43,683.539|1006.03,567.601|1024.15,586.823|1102.64,602.987|1162.76,747.232|1130.32,879.163|1076.18,884.153|1045.13,836.453|1056.45,827.127|986.143,587.327|911.562,597.574|801.104,650.925|886.884,663.258|946.681,672.105|1018.96,680.519|949.839,669.584|1044.05,853.368|1081.44,1116.14|1056.48,1259.85|1072.28,1407.68|950.018,849.688|940.623,1112.31|945.579,1263.82|942.35,1401.06|1009.03,524.488|998.575,497.539|1021.51,478.785|1062.8,494.654|988.414,475.946|967.094,479.428
296|1|994.572,851.365|998.288,758.505|1001.43,683.539|1006.03,567.601|1024.15,586.823|1102.64,602.987|1162.76,747.232|1130.32,879.163|1076.18,884.153|1045.13,836.453|1056.45,827.127|986.143,587.327|911.562,597.574|801.104,650.925|886.884,663.258|946.681,672.105|1018.96,680.519|949.839,669.584|1044.05,853.368|1081.44,1116.14|1056.48,1259.85|1072.28,1407.68|950.018,849.688|940.623,1112.31|945.579,1263.82|942.35,1401.06|1009.03,524.488|998.575,497.539|1021.51,478.785|1062.8,494.654|988.414,475.946|967.094,479.428
297|1|994.572,851.365|998.288,758.505|1001.43,683.539|1006.03,567.601|1024.15,586.823|1102.64,602.987|1162.76,747.232|1130.32,879.163|1076.18,884.153|1045.13,836.453|1056.45,827.127|986.143,587.327|911.562,597.574|801.104,650.925|886.884,663.258|946.681,672.105|1018.96,680.519|949.839,669.584|1044.05,853.368|1081.44,1116.14|1056.48,1259.85|1072.28,1407.68|950.018,849.688|940.623,1112.31|945.579,1263.82|942.35,1401.06|1009.03,524.488|998.575,497.539|1021.51,478.785|1062.8,494.654|988.414,475.946|967.094,479.428
298|1|994.572,851.365|998.288,758.505|1001.43,683.539|1006.03,567.601|1024.15,586.823|1102.64,602.987|1162.76,747.232|1130.32,879.163|1076.18,884.153|1045.13,836.453|1056.45,827.127|986.143,587.327|911.562,597.574|801.104,650.925|886.884,663.258|946.681,672.105|1018.96,680.519|949.839,669.584|1044.05,853.368|1081.44,1116.14|1056.48,1259.85|1072.28,1407.68|950.018,849.688|940.623,1112.31|945.579,1263.82|942.35,1401.06|1009.03,524.488|998.575,497.539|1021.51,478.785|1062.8,494.654|988.414,475.946|967.094,479.428
299|1|994.572,851.365|998.288,758.505|1001.43,683.539|1006.03,567.601|1024.15,586.823|1102.64,602.987|1162.76,747.232|1130.32,879.163|1076.18,884.153|1045.13,836.453|1056.45,827.127|986.143,587.327|911.562,597.574|801.104,650.925|886.884,663.258|946.681,672.105|1018.96,680.519|949.839,669.584|1044.05,853.368|1081.44,1116.14|1056.48,1259.85|1072.28,1407.68|950.018,849.688|940.623,1112.31|945.579,1263.82|942.35,1401.06|1009.03,524.488|998.575,497.539|1021.51,478.785|1062.8,494.654|988.414,475.946|967.094,479.428
300|1|994.572,851.365|998.288,758.505|1001.43,683.539|1006.03,567.601|1024.15,586.823|1102.64,602.987|1162.76,747.232|1130.32,879.163|1076.18,884.153|1045.13,836.453|1056.45,827.127|986.143,587.327|911.562,597.574|801.104,650.925|886.884,663.258|946.681,672.105|1018.96,680.519|949.839,669.584|1044.05,853.368|1081.44,1116.14|1056.48,1259.85|1072.28,1407.68|950.018,849.688|940.623,1112.31|945.579,1263.82|942.35,1401.06|1009.03,524.488|998.575,497.539|1021.51,478.785|1062.8,494.654|988.414,475.946|967.094,479.428
301|1|994.572,851.365|998.288,758.505|1001.43,683.539|1006.03,567.601|1024.15,586.823|1102.64,602.987|1162.76,747.232|1130.32,879.163|1076.18,884.153|1045.13,836.453|1056.45,827.127|986.143,587.327|911.562,597.574|801.104,650.925|886.884,663.258|946.681,672.105|1018.96,680.519|949.839,669.584|1044.05,853.368|1081.44,1116.14|1056.48,1259.85|1072.28,1407.68|950.018,849.688|940.623,1112.31|945.579,1263.82|942.35,1401.06|1009.03,524.488|998.575,497.539|1021.51,478.785|1062.8,494.654|988.414,475.946|967.094,479.428
302|1|994.572,851.365|998.288,758.505|1001.43,683.539|1006.03,567.601|1024.15,586.823|1102.64,602.987|1162.76,747.232|1130.32,879.163|1076.18,884.153|1045.13,836.453|1056.45,827.127|986.143,587.327|911.562,597.574|801.104,650.925|886.884,663.258|946.681,672.105|1018.96,680.519|949.839,669.584|1044.05,853.368|1081.44,1116.14|1056.48,1259.85|1072.28,1407.68|950.018,849.688|940.623,1112.31|945.579,1263.82|942.35,1401.06|1009.03,524.488|998.575,497.539|1021.51,478.785|1062.8,494.654|988.414,475.946|967.094,479.428
303|1|994.572,851.365|998.288,758.505|1001.43,683.539|1006.03,567.601|1024.15,586.823|1102.64,602.987|1162.76,747.232|1130.32,879.163|1076.18,884.153|1045.13,836.453|1056.45,827.127|986.143,587.327|911.562,597.574|801.104,650.925|886.884,663.258|946.681,672.105|1018.96,680.519|949.839,669.584|1044.05,853.368|1081.44,1116.14|1056.48,1259.85|1072.28,1407.68|950.018,849.688|940.623,1112.31|945.579,1263.82|942.35,1401.06|1009.03,524.488|998.575,497.539|1021.51,478.785|1062.8,494.654|988.414,475.946|967.094,479.428
304|1|994.572,851.365|998.288,758.505|1001.43,683.539|1006.03,567.601|1024.15,586.823|1102.64,602.987|1162.76,747.232|1130.32,879.163|1076.18,884.153|1045.13,836.453|1056.45,827.127|986.143,587.327|911.562,597.574|801.104,650.925|886.884,663.258|946.681,672.105|1018.96,680.519|949.839,669.584|1044.05,853.368|1081.44,1116.14|1056.48,1259.85|1072.28,1407.68|950.018,849.688|940.623,1112.31|945.579,1263.82|942.35,1401.06|1009.03,524.488|998.575,497.539|1021.51,478.785|1062.8,494.654|988.414,475.946|967.094,479.428
305|1|994.572,851.365|998.288,758.505|1001.43,683.539|1006.03,567.601|1024.15,586.823|1102.64,602.987|1162.76,747.232|1130.32,879.163|1076.18,884.153|1045.13,836.453|1056.45,827.127|986.143,587.327|911.562,597.574|801.104,650.925|886.884,663.258|946.681,672.105|1018.96,680.519|949.839,669.584|1044.05,853.368|1081.44,1116.14|1056.48,1259.85|1072.28,1407.68|950.018,849.688|940.623,1112.31|945.579,1263.82|942.35,1401.06|1009.03,524.488|998.575,497.539|1021.51,478.785|1062.8,494.654|988.414,475.946|967.094,479.428
306|1|995.353,853.385|998.677,760.708|1001.54,685.746|1006.55,568.489|1024.43,587.971|1100.89,603.705|1163.34,748.061|1147.6,869.18|1089.66,887.303|1062.68,877.169|1060.77,832.718|986.735,588.252|912.435,597.898|803.27,649.335|886.374,660.442|949.55,671.273|1022.74,669.569|953.299,667.678|1044.7,854.562|1073.95,1116.93|1049.89,1260|1064.23,1405.84|950.808,852.448|937.217,1115.48|939.81,1258.31|934.347,1392.52|1009.81,524.898|998.412,504.616|1012.95,479.593|1052.18,480.853|980.69,486.804|956.323,494.938
307|1|995.352,853.384|998.677,760.707|1001.54,685.745|1006.54,568.488|1024.43,587.971|1100.89,603.705|1163.35,748.062|1147.6,869.173|1089.66,887.295|1062.68,877.167|1060.76,832.71|986.734,588.252|912.435,597.897|803.271,649.328|886.383,660.432|949.572,671.262|1022.78,669.569|953.321,667.66|1044.7,854.561|1073.94,1116.93|1049.88,1259.98|1064.22,1405.82|950.808,852.448|937.212,1115.47|939.806,1258.29|934.341,1392.49|1009.81,524.897|998.398,504.574|1012.95,479.564|1052.18,480.859|980.685,486.767|956.329,494.926
308|1|995.352,853.384|998.677,760.707|1001.54,685.745|1006.54,568.488|1024.43,587.971|1100.89,603.705|1163.35,748.062|1147.6,869.173|1089.66,887.295|1062.68,877.167|1060.76,832.71|986.734,588.252|912.435,597.897|803.271,649.328|886.383,660.432|949.572,671.262|1022.78,669.569|953.321,667.66|1044.7,854.561|1073.94,1116.93|1049.88,1259.98|1064.22,1405.82|950.808,852.448|937.212,1115.47|939.806,1258.29|934.341,1392.49|1009.81,524.897|998.398,504.574|1012.95,479.564|1052.18,480.859|980.685,486.767|956.329,494.926
309|1|995.492,853.976|998.63,761.317|1001.35,686.403|1005.66,569.048|1023.68,588.438|1100.53,604.204|1163.99,749.097|1147.1,867.706|1089.36,887.671|1065.39,880.867|1060.44,832.779|985.947,588.938|911.577,598.567|802.983,649.887|886.408,660.034|949.887,671.014|1021.97,665.194|953.071,666.826|1044.86,855.043|1072.22,1117.27|1048.07,1258.05|1060.9,1402.8|950.926,853.139|934.922,1116.12|937.697,1256.41|931.689,1389.64|1008.66,525.421|992.51,498.74|1010.57,476.314|1054.04,484.515|978.013,480.884|958.262,491.204
310|1|995.494,853.976|998.632,761.319|1001.36,686.406|1005.66,569.053|1023.69,588.443|1100.54,604.21|1164,749.101|1147.09,867.701|1089.36,887.665|1065.39,880.866|1060.44,832.773|985.951,588.943|911.583,598.571|802.995,649.882|886.443,660.033|949.947,671.022|1022.07,665.244|953.144,666.828|1044.86,855.044|1072.21,1117.27|1048.06,1258.02|1060.88,1402.76|950.928,853.139|934.919,1116.12|937.694,1256.39|931.684,1389.6|1008.66,525.427|992.532,498.753|1010.59,476.326|1054.04,484.522|978.029,480.896|958.265,491.213
311|1|995.494,853.976|998.633,761.319|1001.36,686.407|1005.66,569.053|1023.69,588.443|1100.54,604.21|1164,749.1|1147.1,867.7|1089.36,887.665|1065.4,880.867|1060.44,832.774|985.951,588.943|911.583,598.571|802.995,649.882|886.444,660.033|949.949,671.022|1022.07,665.245|953.146,666.828|1044.86,855.044|1072.21,1117.27|1048.06,1258.01|1060.88,1402.75|950.929,853.139|934.919,1116.12|937.694,1256.39|931.684,1389.6|1008.66,525.427|992.532,498.754|1010.59,476.326|1054.04,484.522|978.029,480.897|958.265,491.213
312|1|995.494,853.976|998.633,761.319|1001.36,686.407|1005.66,569.053|1023.69,588.443|1100.54,604.21|1164,749.1|1147.1,867.7|1089.36,887.665|1065.4,880.867|1060.44,832.774|985.951,588.943|911.583,598.571|802.995,649.882|886.444,660.033|949.949,671.022|1022.07,665.245|953.146,666.828|1044.86,855.044|1072.21,1117.27|1048.06,1258.01|1060.88,1402.75|950.929,853.139|934.919,1116.12|937.694,1256.39|931.684,1389.6|1008.66,525.427|992.532,498.754|1010.59,476.326|1054.04,484.522|978.029,480.897|958.265,491.213
313|1|995.494,853.976|998.633,761.319|1001.36,686.407|1005.66,569.054|1023.69,588.444|1100.54,604.21|1164.01,749.099|1147.11,867.699|1089.37,887.666|1065.41,880.87|1060.45,832.776|985.951,588.944|911.583,598.572|802.995,649.883|886.445,660.034|949.951,671.024|1022.07,665.249|953.149,666.828|1044.86,855.044|1072.21,1117.27|1048.06,1258.01|1060.88,1402.75|950.929,853.139|934.919,1116.12|937.694,1256.38|931.684,1389.6|1008.66,525.428|992.531,498.755|1010.59,476.328|1054.04,484.522|978.029,480.898|958.265,491.214
314|1|995.561,854.101|998.73,761.399|1001.48,686.453|1005.81,569.024|1023.85,588.429|1100.89,604.175|1168.14,748.374|1152.06,867.105|1094.43,888.196|1070.85,882.675|1064.77,833.809|986.071,588.929|911.621,598.582|802.754,650.354|885.71,660.645|948.777,671.728|1020.68,666.462|951.57,667.207|1044.97,855.183|1072.13,1117.61|1047.77,1257.5|1060.4,1402.02|950.961,853.251|934.762,1116.44|937.516,1256.1|931.456,1389.18|1008.81,525.367|992.559,498.967|1010.53,476.37|1054.07,484.223|977.948,481.092|958.193,491.332
315|1|995.562,854.101|998.73,761.401|1001.48,686.456|1005.81,569.03|1023.85,588.434|1100.88,604.177|1168.14,748.362|1152.07,867.091|1094.45,888.184|1070.86,882.66|1064.78,833.8|986.07,588.934|911.622,598.589|802.759,650.355|885.726,660.644|948.812,671.732|1020.74,666.503|951.615,667.201|1044.97,855.183|1072.12,1117.6|1047.76,1257.47|1060.38,1401.98|950.963,853.251|934.762,1116.43|937.517,1256.08|931.457,1389.15|1008.81,525.374|992.556,498.977|1010.53,476.379|1054.06,484.227|977.942,481.105|958.187,491.347
316|1|995.562,854.101|998.73,761.401|1001.48,686.457|1005.81,569.032|1023.85,588.436|1100.88,604.177|1168.14,748.359|1152.07,867.088|1094.45,888.181|1070.87,882.657|1064.79,833.798|986.069,588.936|911.622,598.592|802.759,650.357|885.725,660.644|948.815,671.733|1020.75,666.511|951.621,667.2|1044.97,855.183|1072.12,1117.6|1047.76,1257.47|1060.38,1401.97|950.964,853.251|934.762,1116.43|937.517,1256.08|931.458,1389.15|1008.81,525.376|992.553,498.98|1010.52,476.381|1054.05,484.228|977.939,481.108|958.185,491.351
317|1|995.562,854.101|998.73,761.401|1001.48,686.457|1005.81,569.032|1023.85,588.436|1100.88,604.177|1168.14,748.359|1152.07,867.088|1094.45,888.181|1070.87,882.657|1064.79,833.798|986.069,588.936|911.622,598.592|802.759,650.357|885.725,660.644|948.815,671.733|1020.75,666.511|951.621,667.2|1044.97,855.183|1072.12,1117.6|1047.76,1257.47|1060.38,1401.97|950.964,853.251|934.762,1116.43|937.517,1256.08|931.458,1389.15|1008.81,525.376|992.553,498.98|1010.52,476.381|1054.05,484.228|977.939,481.108|958.185,491.351
318|1|995.562,854.101|998.73,761.401|1001.48,686.457|1005.81,569.032|1023.85,588.436|1100.88,604.177|1168.14,748.359|1152.07,867.088|1094.45,888.181|1070.87,882.657|1064.79,833.798|986.069,588.936|911.622,598.592|802.759,650.357|885.725,660.644|948.815,671.733|1020.75,666.511|951.621,667.2|1044.97,855.183|1072.12,1117.6|1047.76,1257.47|1060.38,1401.97|950.964,853.251|934.762,1116.43|937.517,1256.08|931.458,1389.15|1008.81,525.376|992.553,498.98|1010.52,476.381|1054.05,484.228|977.939,481.108|958.185,491.351
319|1|995.562,854.101|998.73,761.401|1001.48,686.457|1005.81,569.032|1023.85,588.436|1100.88,604.177|1168.15,748.358|1152.08,867.087|1094.45,888.181|1070.87,882.658|1064.79,833.799|986.069,588.936|911.622,598.592|802.759,650.358|885.725,660.645|948.815,671.734|1020.75,666.514|951.621,667.201|1044.97,855.183|1072.12,1117.6|1047.76,1257.47|1060.38,1401.97|950.964,853.251|934.762,1116.43|937.517,1256.08|931.458,1389.15|1008.81,525.377|992.552,498.98|1010.52,476.382|1054.05,484.228|977.938,481.109|958.185,491.351
320|1|995.552,854.11|998.711,761.426|1001.45,686.496|1005.74,569.098|1023.78,588.493|1100.85,604.231|1168.81,748.265|1152.78,866.922|1095.19,888.215|1071.83,882.951|1065.43,833.935|986.016,589.001|911.594,598.689|802.725,650.501|885.659,660.75|948.831,671.849|1020.91,666.857|951.669,667.28|1044.95,855.19|1072.08,1117.54|1047.72,1257.27|1060.31,1401.69|950.964,853.262|934.753,1116.37|937.529,1255.94|931.476,1388.95|1008.73,525.454|992.43,499.086|1010.37,476.475|1053.91,484.267|977.806,481.237|958.083,491.496
321|1|995.552,854.11|998.711,761.426|1001.45,686.496|1005.74,569.098|1023.78,588.493|1100.85,604.231|1168.81,748.265|1152.78,866.922|1095.19,888.215|1071.83,882.951|1065.43,833.935|986.016,589.001|911.594,598.689|802.725,650.501|885.659,660.75|948.831,671.849|1020.91,666.857|951.669,667.28|1044.95,855.19|1072.08,1117.54|1047.72,1257.27|1060.31,1401.69|950.964,853.262|934.753,1116.37|937.529,1255.94|931.476,1388.95|1008.73,525.454|992.43,499.086|1010.37,476.475|1053.91,484.267|977.806,481.237|958.083,491.496
322|1|995.552,854.11|998.71,761.426|1001.45,686.496|1005.74,569.098|1023.78,588.494|1100.85,604.231|1168.81,748.264|1152.78,866.921|1095.19,888.215|1071.84,882.952|1065.44,833.936|986.016,589.001|911.594,598.69|802.725,650.502|885.659,660.751|948.832,671.849|1020.91,666.86|951.67,667.281|1044.95,855.19|1072.08,1117.54|1047.72,1257.27|1060.31,1401.69|950.964,853.262|934.753,1116.37|937.529,1255.94|931.476,1388.95|1008.73,525.454|992.43,499.087|1010.37,476.475|1053.91,484.267|977.805,481.238|958.083,491.497
323|1|995.552,854.11|998.71,761.426|1001.45,686.496|1005.74,569.098|1023.78,588.494|1100.85,604.231|1168.81,748.264|1152.78,866.92|1095.19,888.215|1071.84,882.951|1065.44,833.935|986.016,589.001|911.595,598.69|802.725,650.502|885.66,660.751|948.834,671.85|1020.91,666.862|951.672,667.281|1044.95,855.19|1072.07,1117.54|1047.72,1257.27|1060.31,1401.69|950.964,853.262|934.753,1116.37|937.529,1255.94|931.476,1388.95|1008.73,525.454|992.431,499.087|1010.37,476.476|1053.91,484.267|977.806,481.238|958.083,491.497
324|1|995.552,854.11|998.71,761.426|1001.45,686.496|1005.74,569.098|1023.78,588.494|1100.85,604.231|1168.81,748.264|1152.78,866.92|1095.19,888.215|1071.84,882.951|1065.44,833.935|986.016,589.001|911.595,598.69|802.725,650.502|885.66,660.751|948.834,671.85|1020.91,666.862|951.672,667.281|1044.95,855.19|1072.07,1117.54|1047.72,1257.27|1060.31,1401.69|950.964,853.262|934.753,1116.37|937.529,1255.94|931.476,1388.95|1008.73,525.454|992.431,499.087|1010.37,476.476|1053.91,484.267|977.806,481.238|958.083,491.497
325|1|995.527,854.028|998.669,761.392|1001.39,686.502|1005.64,569.184|1023.67,588.561|1100.68,604.236|1168.73,747.92|1152.75,866.473|1095.26,887.704|1071.79,882.389|1065.49,833.545|985.936,589.076|911.586,598.813|802.797,650.515|886.034,660.664|949.778,671.846|1022.69,667.858|952.624,667.054|1044.89,855.103|1071.88,1117.21|1047.47,1256.33|1059.91,1400.41|950.969,853.183|934.697,1116.06|937.497,1255.3|931.477,1388.08|1008.6,525.572|992.347,499.215|1010.18,476.593|1053.63,484.296|977.662,481.44|957.904,491.788
326|1|995.528,854.029|998.671,761.394|1001.4,686.505|1005.64,569.189|1023.68,588.565|1100.69,604.239|1168.82,747.905|1152.86,866.453|1095.37,887.711|1071.93,882.425|1065.59,833.564|985.94,589.08|911.59,598.817|802.804,650.52|886.053,660.674|949.812,671.861|1022.74,667.897|952.66,667.067|1044.89,855.105|1071.88,1117.21|1047.47,1256.31|1059.9,1400.38|950.971,853.184|934.696,1116.06|937.495,1255.29|931.475,1388.06|1008.61,525.577|992.367,499.222|1010.2,476.6|1053.64,484.304|977.679,481.445|957.909,491.791
327|1|995.528,854.029|998.671,761.394|1001.4,686.505|1005.64,569.189|1023.68,588.565|1100.69,604.239|1168.82,747.905|1152.86,866.453|1095.37,887.711|1071.93,882.425|1065.59,833.564|985.94,589.08|911.59,598.817|802.804,650.52|886.053,660.674|949.812,671.861|1022.74,667.897|952.66,667.067|1044.89,855.105|1071.88,1117.21|1047.47,1256.31|1059.9,1400.38|950.971,853.184|934.696,1116.06|937.495,1255.29|931.475,1388.06|1008.61,525.577|992.367,499.222|1010.2,476.6|1053.64,484.304|977.679,481.445|957.909,491.791
328|1|995.528,854.029|998.671,761.394|1001.4,686.505|1005.64,569.189|1023.68,588.565|1100.69,604.239|1168.82,747.905|1152.86,866.453|1095.37,887.711|1071.93,882.425|1065.59,833.564|985.94,589.08|911.59,598.817|802.804,650.52|886.053,660.674|949.812,671.861|1022.74,667.897|952.66,667.067|1044.89,855.105|1071.88,1117.21|1047.47,1256.31|1059.9,1400.38|950.971,853.184|934.696,1116.06|937.495,1255.29|931.475,1388.06|1008.61,525.577|992.367,499.222|1010.2,476.6|1053.64,484.304|977.679,481.445|957.909,491.791
329|1|995.528,854.029|998.671,761.394|1001.4,686.505|1005.64,569.189|1023.68,588.565|1100.69,604.239|1168.82,747.905|1152.86,866.453|1095.37,887.711|1071.93,882.425|1065.59,833.563|985.94,589.081|911.59,598.817|802.804,650.521|886.053,660.674|949.813,671.862|1022.74,667.898|952.661,667.067|1044.89,855.105|1071.88,1117.21|1047.47,1256.31|1059.9,1400.38|950.971,853.184|934.696,1116.06|937.495,1255.29|931.475,1388.06|1008.61,525.577|992.367,499.222|1010.2,476.6|1053.64,484.304|977.68,481.445|957.909,491.791
330|1|995.528,854.029|998.671,761.394|1001.4,686.505|1005.64,569.189|1023.68,588.565|1100.69,604.24|1168.82,747.905|1152.86,866.453|1095.37,887.711|1071.93,882.426|1065.59,833.564|985.94,589.081|911.59,598.817|802.804,650.521|886.053,660.674|949.814,671.862|1022.75,667.899|952.661,667.068|1044.89,855.105|1071.88,1117.21|1047.47,1256.31|1059.89,1400.37|950.971,853.184|934.696,1116.06|937.495,1255.29|931.475,1388.06|1008.61,525.577|992.368,499.222|1010.2,476.6|1053.64,484.305|977.68,481.445|957.909,491.791
331|1|995.528,854.029|998.671,761.394|1001.4,686.505|1005.64,569.189|1023.68,588.565|1100.69,604.24|1168.82,747.905|1152.86,866.453|1095.37,887.711|1071.93,882.426|1065.59,833.564|985.94,589.081|911.59,598.817|802.804,650.521|886.053,660.674|949.814,671.862|1022.75,667.899|952.661,667.068|1044.89,855.105|1071.88,1117.21|1047.47,1256.31|1059.89,1400.37|950.971,853.184|934.696,1116.06|937.495,1255.29|931.475,1388.06|1008.61,525.577|992.368,499.222|1010.2,476.6|1053.64,484.305|977.68,481.445|957.909,491.791
332|1|995.528,854.029|998.671,761.394|1001.4,686.505|1005.64,569.189|1023.68,588.565|1100.69,604.24|1168.82,747.905|1152.86,866.453|1095.37,887.711|1071.93,882.426|1065.59,833.564|985.94,589.081|911.59,598.817|802.804,650.521|886.053,660.674|949.814,671.862|1022.75,667.899|952.661,667.068|1044.89,855.105|1071.88,1117.21|1047.47,1256.31|1059.89,1400.37|950.971,853.184|934.696,1116.06|937.495,1255.29|931.475,1388.06|1008.61,525.577|992.368,499.222|1010.2,476.6|1053.64,484.305|977.68,481.445|957.909,491.791
333|1|995.528,854.029|998.671,761.394|1001.4,686.505|1005.64,569.189|1023.68,588.565|1100.69,604.24|1168.82,747.905|1152.86,866.453|1095.37,887.711|1071.93,882.426|1065.59,833.564|985.94,589.081|911.59,598.817|802.804,650.521|886.053,660.674|949.814,671.862|1022.75,667.899|952.661,667.068|1044.89,855.105|1071.88,1117.21|1047.47,1256.31|1059.89,1400.37|950.971,853.184|934.696,1116.06|937.495,1255.29|931.475,1388.06|1008.61,525.577|992.368,499.222|1010.2,476.6|1053.64,484.305|977.68,481.445|957.909,491.791
334|1|995.528,854.029|998.671,761.394|1001.4,686.505|1005.64,569.189|1023.68,588.565|1100.69,604.24|1168.82,747.905|1152.86,866.453|1095.37,887.711|1071.93,882.426|1065.59,833.564|985.94,589.081|911.59,598.817|802.804,650.521|886.053,660.674|949.814,671.862|1022.75,667.899|952.661,667.068|1044.89,855.105|1071.88,1117.21|1047.47,1256.31|1059.89,1400.37|950.971,853.184|934.696,1116.06|937.495,1255.29|931.475,1388.06|1008.61,525.577|992.368,499.222|1010.2,476.6|1053.64,484.305|977.68,481.445|957.909,491.791
335|1|995.528,854.029|998.671,761.394|1001.4,686.505|1005.64,569.189|1023.68,588.565|1100.69,604.24|1168.82,747.905|1152.86,866.453|1095.37,887.711|1071.93,882.426|1065.59,833.564|985.94,589.081|911.59,598.817|802.804,650.521|886.053,660.674|949.814,671.862|1022.75,667.899|952.661,667.068|1044.89,855.105|1071.88,1117.21|1047.47,1256.31|1059.89,1400.37|950.971,853.184|934.696,1116.06|937.495,1255.29|931.475,1388.06|1008.61,525.577|992.368,499.222|1010.2,476.6|1053.64,484.305|977.68,481.445|957.909,491.791
336|1|995.528,854.029|998.671,761.394|1001.4,686.505|1005.64,569.189|1023.68,588.565|1100.69,604.24|1168.82,747.905|1152.86,866.453|1095.37,887.711|1071.93,882.426|1065.59,833.564|985.94,589.081|911.59,598.817|802.804,650.521|886.053,660.674|949.814,671.862|1022.75,667.899|952.661,667.068|1044.89,855.105|1071.88,1117.21|1047.47,1256.31|1059.89,1400.37|950.971,853.184|934.696,1116.06|937.495,1255.29|931.475,1388.06|1008.61,525.577|992.368,499.222|1010.2,476.6|1053.64,484.305|977.68,481.445|957.909,491.791
