video_id,frame_index,timestamp_sec,joint_name,speed_ms,velocity_x,velocity_y,velocity_z,accel_ms2,jerk_ms3,reference_valid
KVAL005,0,0.301866,Neck,0.315791,0.04368,-0.12747,0.2856,4.875782,3.985279,True
KVAL005,1,0.3352,Neck,0.153747,0.02955,-0.063645,0.1368,4.890314,37.428563,True
KVAL005,2,0.3685,Neck,0.027316,0.021945,-0.004605,-0.0156,2.381916,75.656148,True
KVAL005,3,0.401844,Neck,0.01827,0.01461,-0.004725,-0.0099,0.350524,36.815242,True
KVAL005,4,0.435177,Neck,0.004116,0.003615,0.00027,-0.00195,0.207016,39.999154,True
KVAL005,5,0.468522,Neck,0.005009,0.004515,0.00054,-0.0021,2.807983,40.658348,True
KVAL005,6,0.501833,Neck,0.186324,0.03936,0.08022,0.1635,2.812778,82.259129,True
KVAL005,7,0.535177,Neck,0.186685,0.038715,0.06873,0.1692,2.69999,92.568304,True
KVAL005,8,0.5685,Neck,0.037134,0.03114,-0.016395,0.01185,3.470211,42.609889,True
KVAL005,9,0.601844,Neck,0.093507,0.037305,0.05928,-0.06195,1.74418,67.284266,True
KVAL005,10,0.635166,Neck,0.093373,0.004185,0.061935,-0.06975,1.430854,48.476013,True
KVAL005,11,0.6685,Neck,0.003802,-0.00261,-0.00249,-0.0012,1.556368,18.80254,True
KVAL005,12,0.701844,Neck,0.018063,-0.013785,-0.01161,0.0012,0.218573,26.12315,True
KVAL005,13,0.735177,Neck,0.017912,-0.01419,-0.010755,0.00195,0.275049,7.297875,True
KVAL005,14,0.768511,Neck,0.001448,-0.000495,0.00102,0.0009,0.268871,4.211736,True
KVAL005,15,0.801855,Neck,0.00024,-9e-05,0.000165,0.00015,0.021713,9.817586,True
KVAL005,16,0.835177,Neck,0.0,0.0,0.0,0.0,0.478394,7.123624,True
KVAL005,17,0.868522,Neck,0.031898,-0.000705,-0.021,0.024,0.473759,14.426028,True
KVAL005,18,0.901833,Neck,0.031584,-0.00078,-0.02034,0.02415,0.483357,14.214956,True
KVAL005,19,0.935177,Neck,0.000681,-7.5e-05,0.00066,0.00015,0.473904,7.32378,True
KVAL005,20,0.9685,Neck,1.5e-05,0.0,1.5e-05,0.0,0.009997,22.23107,True
KVAL005,21,1.001844,Neck,1.5e-05,0.0,1.5e-05,0.0,1.267237,19.196246,True
KVAL005,22,1.035166,Neck,0.08449,-0.0156,0.044115,0.07035,1.272559,37.940396,True
KVAL005,23,1.068511,Neck,0.084845,-0.015,0.04476,0.0705,1.262152,36.51644,True
KVAL005,24,1.101833,Neck,0.000894,0.0006,0.000645,0.00015,1.163822,20.955056,True
KVAL005,25,1.135177,Neck,0.009748,0.004125,0.00687,0.00555,0.164708,16.304749,True
KVAL005,26,1.1685,Neck,0.011752,0.004875,0.00804,0.00705,0.116463,4.525467,True
KVAL005,27,1.201844,Neck,0.002045,0.00075,0.00117,0.0015,0.142533,12.44963,True
KVAL005,28,1.235177,Neck,0.004318,0.00099,-0.00015,0.0042,0.904168,14.121482,True
KVAL005,29,1.268511,Neck,0.0586,-0.02832,0.00045,-0.0513,0.993503,21.517989,True
KVAL005,30,1.301833,Neck,0.062028,-0.02796,0.001455,-0.05535,0.730966,50.869534,True
KVAL005,31,1.335177,Neck,0.052355,0.020055,-0.004515,-0.04815,2.658516,48.873415,True
KVAL005,32,1.3685,Neck,0.144444,0.052425,-0.13107,0.0306,3.286842,76.861212,True
KVAL005,33,1.401833,Neck,0.182846,0.03012,-0.10656,0.1455,3.729797,84.579779,True
KVAL005,34,1.435177,Neck,0.209541,-0.01356,0.031605,0.2067,2.491073,152.994618,True
KVAL005,35,1.468511,Neck,0.047457,-0.021705,0.01134,0.04065,7.440801,31.338592,True
KVAL005,36,1.501833,Neck,0.299959,-0.04539,0.07749,-0.2862,3.56502,149.155063,True
KVAL005,37,1.535177,Neck,0.205463,-0.03297,0.078,-0.1872,3.474712,74.430418,True
KVAL005,38,1.568511,Neck,0.199573,0.028095,-0.10662,-0.16635,5.631288,76.05474,True
KVAL005,39,1.601844,Neck,0.489292,0.068655,-0.163575,-0.456,2.009924,259.894251,True
KVAL005,40,1.635166,Neck,0.294649,0.06558,-0.051525,-0.2826,12.061565,124.998415,True
KVAL005,41,1.668511,Neck,0.333018,0.08613,0.153135,0.2829,6.643358,207.278874,True
KVAL005,42,1.701833,Neck,0.176639,0.08211,0.005445,0.1563,3.264913,54.64139,True
KVAL005,43,1.735177,Neck,0.305759,0.13599,-0.058185,0.2676,3.337259,134.78505,True
KVAL005,44,1.7685,Neck,0.37684,0.04314,-0.02052,0.3738,9.284208,216.265828,True
KVAL005,45,1.801833,Neck,0.379131,-0.073305,-0.23688,-0.2868,11.274191,180.786994,True
KVAL005,46,1.835177,Neck,0.390442,-0.034935,-0.13389,-0.3651,3.0543,263.863802,True
KVAL005,47,1.868511,Neck,0.183355,-0.009705,-0.09261,-0.15795,6.377957,34.024359,True
KVAL005,48,1.901833,Neck,0.141279,0.067065,-0.11502,0.04725,3.887863,119.852948,True
KVAL005,49,1.935177,Neck,0.119236,0.069885,-0.04692,0.08445,2.233518,96.992839,True
KVAL005,50,1.9685,Neck,0.091723,0.071595,-0.008505,-0.0567,3.118645,27.461905,True
KVAL005,51,2.001844,Neck,0.165467,0.12759,0.02193,-0.10305,1.096617,100.530518,True
KVAL005,52,2.035166,Neck,0.163824,0.124095,-0.00054,-0.10695,3.74003,108.744368,True
KVAL005,53,2.0685,Neck,0.170217,0.08487,0.04044,0.1419,6.443773,59.22199,True
KVAL005,54,2.101844,Neck,0.337788,0.091695,0.09873,0.30975,0.551306,170.239427,True
KVAL005,55,2.135177,Neck,0.165468,0.07782,0.073035,0.12645,5.104698,37.646084,True
KVAL005,56,2.1685,Neck,0.154304,0.067095,0.136185,-0.0276,2.836592,84.060258,True
KVAL005,57,2.201844,Neck,0.150386,0.0648,0.123975,-0.0552,1.005893,67.150119,True
KVAL005,58,2.235166,Neck,0.101021,0.0699,0.07266,-0.0063,1.80085,19.014956,True
KVAL005,59,2.268511,Neck,0.188441,0.115605,0.139245,0.0525,0.60001,63.900495,True
KVAL005,60,2.301844,Neck,0.134186,0.098685,0.08955,0.01575,2.87883,43.030425,True
KVAL005,61,2.335188,Neck,0.010447,0.001455,-0.001725,-0.0102,2.394082,43.700999,True
KVAL005,62,2.3685,Neck,0.042461,-0.0039,-0.03216,0.02745,0.868379,60.465794,True
KVAL005,63,2.401844,Neck,0.067047,0.03618,-0.01956,-0.05295,2.274516,29.056777,True
KVAL005,64,2.435177,Neck,0.114018,0.01872,0.03339,-0.1074,1.193829,52.274439,True
KVAL005,65,2.468522,Neck,0.055494,-0.00675,0.044325,-0.0327,1.296811,24.565697,True
KVAL005,66,2.501833,Neck,0.046408,-0.02433,0.021045,-0.03345,0.491135,19.094109,True
KVAL005,67,2.535166,Neck,0.036033,-0.003135,0.011805,-0.0339,1.061835,17.554298,True
KVAL005,68,2.568511,Neck,0.072707,-0.052845,-0.0432,-0.02505,1.432711,29.791758,True
KVAL005,69,2.601844,Neck,0.102309,-0.065895,-0.05763,-0.05295,0.98145,51.264248,True
KVAL005,70,2.635177,Neck,0.074356,-0.04848,0.015165,-0.0543,2.21715,9.256478,True
KVAL005,71,2.668522,Neck,0.124725,-0.05856,0.08958,-0.06405,0.888167,68.866547,True
KVAL005,72,2.701833,Neck,0.117906,-0.033285,0.04053,-0.1056,2.538294,50.978596,True
KVAL005,73,2.735166,Neck,0.118105,0.00528,-0.063015,-0.09975,3.725588,55.563605,True
KVAL005,74,2.7685,Neck,0.324946,-0.018615,-0.10338,-0.3075,3.575675,105.96861,True
KVAL005,75,2.801844,Neck,0.349025,-0.02391,-0.100785,-0.3333,3.513191,104.177092,True
KVAL005,76,2.835166,Neck,0.100361,0.02796,-0.04392,-0.0858,3.370665,58.576973,True
KVAL005,77,2.868511,Neck,0.127832,0.00132,-0.057225,-0.1143,0.546714,25.674099,True
KVAL005,78,2.901833,Neck,0.117298,-0.001545,-0.0579,-0.102,1.811073,33.084496,True
KVAL005,79,2.935166,Neck,0.007818,-0.002205,-0.005205,-0.0054,1.879255,22.898616,True
KVAL005,80,2.9685,Neck,0.01499,-0.01275,0.00588,0.00525,0.398265,28.837867,True
KVAL005,81,3.001844,Neck,0.022972,-0.01875,0.00867,0.01005,0.071765,10.80876,True
KVAL005,82,3.035177,Neck,0.012372,-0.011325,0.001335,0.0048,0.33099,19.464984,True
KVAL005,83,3.068511,Neck,0.00112,-0.00039,0.00054,0.0009,1.272782,64.605817,True
KVAL005,84,3.101844,Neck,0.089798,-0.00546,0.02385,0.0864,4.245248,41.473912,True
KVAL005,85,3.135177,Neck,0.283778,0.09033,0.018945,0.26835,3.817994,78.319507,True
KVAL005,86,3.1685,Neck,0.332036,0.11658,0.026685,0.30975,1.283199,105.887417,True
KVAL005,87,3.201844,Neck,0.232459,0.025875,-0.022155,0.22995,3.245967,29.197011,True
KVAL005,88,3.235166,Neck,0.129771,0.006615,0.038505,0.12375,1.809989,64.467959,True
KVAL005,89,3.2685,Neck,0.122192,0.02598,0.02148,0.11745,2.147797,31.771305,True
KVAL005,90,3.301833,Neck,0.170887,0.04578,-0.099,0.13155,1.583111,46.136223,True
KVAL005,91,3.335177,Neck,0.085968,-0.001965,-0.062115,0.0594,1.243948,42.221527,True
KVAL005,92,3.3685,Neck,0.090307,0.01179,-0.058995,0.06735,2.558169,46.578782,True
KVAL005,93,3.401844,Neck,0.103957,0.04668,-0.002625,-0.09285,4.034649,68.421653,True
KVAL005,94,3.435177,Neck,0.194798,0.04908,0.01803,-0.18765,2.09795,136.864438,True
KVAL005,95,3.468511,Neck,0.035969,-0.01392,0.001035,0.03315,5.191496,19.148427,True
KVAL005,96,3.501844,Neck,0.152642,-0.0576,0.00402,0.1413,1.204715,89.844276,True
KVAL005,97,3.535177,Neck,0.112744,-0.00624,-0.013575,0.11175,1.18963,23.684221,True
KVAL005,98,3.568511,Neck,0.114721,-0.014805,-0.05007,0.10215,0.639951,27.000596,True
KVAL005,99,3.601844,Neck,0.101742,-0.015315,-0.048075,0.08835,1.049625,22.519042,True
KVAL005,100,3.635177,Neck,0.070642,-0.00486,0.01107,0.0696,1.057699,21.832725,True
KVAL005,101,3.668522,Neck,0.063454,0.01524,0.00924,0.0609,0.468223,24.342742,True
KVAL005,102,3.701833,Neck,0.069912,-0.0147,-0.018315,0.06585,0.876485,18.240221,True
KVAL005,103,3.735166,Neck,0.048563,-0.0342,-0.006285,0.0339,1.028302,19.481075,True
KVAL005,104,3.7685,Neck,0.001536,-0.000135,0.0003,0.0015,0.716803,15.152769,True
KVAL005,105,3.801844,Neck,0.001073,-0.000105,0.000195,0.00105,0.020822,10.605351,True
KVAL005,106,3.835166,Neck,0.000151,-1.5e-05,0.0,0.00015,0.013879,6.557441,True
KVAL005,107,3.8685,Neck,0.000151,-1.5e-05,0.0,0.00015,0.41658,24.514108,True
KVAL005,108,3.901833,Neck,0.027921,0.000645,0.003015,0.02775,1.635051,36.36253,True
KVAL005,109,3.935177,Neck,0.109005,0.10167,-0.03753,0.0117,2.110211,63.733828,True
KVAL005,110,3.9685,Neck,0.122411,0.073425,-0.071955,-0.06645,2.745038,71.439291,True
KVAL005,111,4.001844,Neck,0.102437,-0.06972,-0.05628,-0.04965,2.777928,55.849887,True
KVAL005,112,4.035177,Neck,0.082875,-0.08241,-0.004545,0.0075,1.498422,57.196099,True
KVAL005,113,4.068522,Neck,0.052338,-0.047295,0.018435,0.01275,2.377093,71.976545,True
KVAL005,114,4.101844,Neck,0.196071,-0.109305,-0.15423,0.05205,3.7364,68.588458,True
KVAL005,115,4.135177,Neck,0.244037,-0.07131,-0.223275,0.06795,2.522343,113.689051,True
KVAL005,116,4.1685,Neck,0.066969,0.021525,-0.04929,0.0399,3.922463,65.676526,True
KVAL005,117,4.201844,Neck,0.066659,-0.032145,0.002325,-0.05835,3.307754,73.680562,True
KVAL005,118,4.235166,Neck,0.173734,-0.05625,-0.015435,-0.16365,1.696225,158.831363,True
KVAL005,119,4.2685,Neck,0.049538,0.001695,-0.000945,0.0495,7.449668,69.906151,True
KVAL005,120,4.301844,Neck,0.32771,0.16632,0.09012,0.2676,5.476707,1024.721956,True
KVAL005,121,4.335177,Neck,0.390657,0.22431,0.235335,0.2166,61.792023,604.847057,True
KVAL005,122,4.3685,Neck,3.860132,-0.085185,0.594345,-3.81315,37.022524,2295.479328,True
KVAL005,123,4.401844,Neck,2.23611,-0.110115,0.160125,-2.22765,91.391268,1172.739683,True
KVAL005,124,4.435177,Neck,2.241384,-0.10854,-0.533535,2.17425,41.580853,1875.817529,True
KVAL005,125,4.468511,Neck,0.612152,-0.28254,0.075675,0.53775,34.135713,623.776353,True
KVAL005,126,4.501833,Neck,0.351397,-0.15333,0.3102,0.0612,5.060626,748.383046,True
KVAL005,127,4.535166,Neck,0.748835,-0.259755,0.41076,0.5697,15.849168,296.148605,True
KVAL005,128,4.568511,Neck,1.06315,-0.02307,0.00027,1.0629,15.320381,391.136169,True
KVAL005,129,4.601844,Neck,0.859467,0.210615,-0.48981,0.6741,10.683032,363.50757,True
KVAL005,130,4.635188,Neck,0.363997,-0.066015,-0.0531,0.354,9.088298,160.805433,True
KVAL005,131,4.668522,Neck,0.632915,-0.190605,-0.04155,0.6021,1.028003,238.810375,True
KVAL005,132,4.701855,Neck,0.387056,-0.08055,-0.11988,0.3591,12.68338,163.338571,True
KVAL005,133,4.7352,Neck,0.218536,0.026145,-0.028395,-0.2151,10.462872,219.394023,True
KVAL005,134,4.768533,Neck,0.329496,-0.082695,0.097755,-0.3036,2.917774,219.17883,True
KVAL005,135,4.801844,Neck,0.190516,-0.119775,0.069015,-0.1311,4.193505,55.09604,True
KVAL005,136,4.835177,Neck,0.088699,-0.06432,0.054255,-0.02805,2.116846,46.886697,True
KVAL005,137,4.868522,Neck,0.076544,-0.049695,0.057495,-0.00915,1.205982,32.165992,True
KVAL005,138,4.901855,Neck,0.061484,-0.045135,0.014505,0.03915,1.221324,25.921129,True
KVAL005,139,4.935188,Neck,0.068443,-0.06375,-0.01839,0.0168,1.165432,21.540875,True
KVAL005,140,4.968533,Neck,0.084317,-0.068055,-0.04974,0.00195,0.529611,22.42272,True
KVAL005,141,5.001866,Neck,0.037039,-0.030705,-0.02022,0.0045,0.682263,9.411352,True
KVAL005,142,5.035166,Neck,0.056843,-0.022635,-0.05208,0.00255,0.504998,13.204607,True
KVAL005,143,5.068511,Neck,0.05826,-0.02388,-0.0531,0.0021,0.828812,15.282642,True
KVAL005,144,5.101844,Neck,0.001969,-0.0015,-0.001125,-0.0006,0.52314,19.213312,True
KVAL005,145,5.135188,Neck,0.032134,-0.02592,-0.018705,-0.0033,0.532098,10.498184,True
KVAL005,146,5.1685,Neck,0.037398,-0.03234,-0.017895,-0.0057,0.677615,12.641493,True
KVAL005,147,5.201833,Neck,0.063185,-0.044475,-0.01044,-0.04365,0.400612,18.880121,True
KVAL005,148,5.235166,Neck,0.029357,-0.024165,0.00546,-0.01575,0.725286,13.094704,True
KVAL005,149,5.2685,Neck,0.030934,0.001665,-0.004215,-0.0306,0.743049,12.428393,True
KVAL005,150,5.301844,Neck,0.060887,-0.012,-0.020805,-0.05595,0.286843,61.599721,True
KVAL005,151,5.335177,Neck,0.020086,-0.007245,0.006555,-0.01755,4.472105,125.615003,True
KVAL005,152,5.368522,Neck,0.343718,0.00345,0.094515,-0.33045,8.195345,69.832799,True
KVAL005,153,5.401855,Neck,0.564787,-0.04494,0.03963,-0.5616,2.902135,138.611202,True
KVAL005,154,5.435188,Neck,0.453802,-0.07509,-0.039495,-0.4458,1.131393,78.950752,True
KVAL005,155,5.468533,Neck,0.49631,-0.019785,0.012795,-0.49575,2.510495,45.048602,True
KVAL005,156,5.501866,Neck,0.303372,-0.003615,0.01104,-0.30315,3.800267,37.503507,True
KVAL005,157,5.535177,Neck,0.256548,-0.02373,0.063225,-0.2475,1.583087,15.190062,True
KVAL005,158,5.568511,Neck,0.321596,-0.00555,0.116505,-0.2997,3.336706,84.775832,True
KVAL005,159,5.601833,Neck,0.065688,-0.03168,0.051585,-0.0255,4.72827,61.480061,True
KVAL005,160,5.635177,Neck,0.088045,-0.068745,-0.04248,-0.03495,1.395726,84.411259,True
KVAL005,161,5.6685,Neck,0.078706,-0.026835,-0.031605,-0.0669,1.55174,20.690568,True
KVAL005,162,5.701833,Neck,0.060242,-0.021975,0.04941,-0.02655,0.107817,51.238876,True
KVAL005,163,5.735166,Neck,0.080771,-0.03321,-0.034395,-0.0651,1.976778,18.655674,True
KVAL005,164,5.768511,Neck,0.092211,-0.016545,-0.081615,-0.0396,1.20456,52.74955,True
KVAL005,165,5.801844,Neck,0.000717,-0.000645,9e-05,-0.0003,2.051402,59.220483,True
KVAL005,166,5.835177,Neck,0.147958,-0.007665,0.00162,-0.14775,2.922067,55.64108,True
KVAL005,167,5.8685,Neck,0.195266,-0.048855,0.033855,-0.186,2.091773,79.68228,True
KVAL005,168,5.901844,Neck,0.08236,-0.072885,0.02709,-0.02715,2.429468,41.244749,True
KVAL005,169,5.935177,Neck,0.054983,-0.047775,0.007185,-0.02625,0.892707,31.918285,True
KVAL005,170,5.968522,Neck,0.042515,-0.01614,0.01233,-0.03735,0.806018,16.262046,True
KVAL005,171,6.001833,Neck,0.001742,-0.00165,0.00033,0.00045,0.63879,17.311036,True
KVAL005,172,6.035177,Neck,0.012292,-0.011775,-0.002715,0.00225,0.454528,18.188952,True
KVAL005,173,6.068511,Neck,0.030318,-0.0105,-0.0102,-0.02655,0.661096,16.999729,True
KVAL005,174,6.101855,Neck,0.042119,-0.003,-0.01599,-0.03885,0.682203,23.611825,True
KVAL005,175,6.135166,Neck,0.016193,0.00498,0.011415,0.01035,1.048426,17.267764,True
KVAL005,176,6.168511,Neck,0.042202,0.02199,0.036015,0.0006,0.522934,25.681752,True
KVAL005,177,6.201833,Neck,0.025858,0.01143,0.00336,-0.02295,0.964385,27.860058,True
KVAL005,178,6.235177,Neck,0.038299,0.01218,-0.020235,0.03015,1.373787,25.843925,True
KVAL005,179,6.2685,Neck,0.070731,0.01926,-0.0087,0.0675,0.815546,38.763421,True
KVAL005,180,6.301844,Neck,0.053614,0.035205,0.02898,0.0282,1.311534,23.549091,True
KVAL005,181,6.335166,Neck,0.058377,0.053805,0.02157,-0.0069,0.754789,37.871623,True
KVAL005,182,6.368511,Neck,0.037412,0.01578,-0.01743,0.0291,1.216333,17.271346,True
KVAL005,183,6.401844,Neck,0.063266,0.016005,-0.00099,0.0612,0.400182,19.686999,True
KVAL005,184,6.435177,Neck,0.03998,0.02304,0.008115,0.03165,0.253409,10.389658,True
KVAL005,185,6.468511,Neck,0.049004,0.00462,-0.001875,0.04875,0.405754,8.23052,True
KVAL005,186,6.501855,Neck,0.049,0.00459,-0.00183,0.04875,0.374482,8.823064,True
KVAL005,187,6.535166,Neck,0.063549,0.015735,-0.02253,0.0573,0.644894,14.218022,True
KVAL005,188,6.5685,Neck,0.083926,0.017625,-0.033285,0.075,0.653576,12.473401,True
KVAL005,189,6.601833,Neck,0.020797,0.00189,-0.010755,0.0177,0.252903,23.276511,True
KVAL005,190,6.635177,Neck,0.069778,0.009675,-0.03402,0.06015,0.943699,26.460064,True
KVAL005,191,6.668511,Neck,0.083525,0.00423,-0.05082,0.06615,1.989586,37.461362,True
KVAL005,192,6.701855,Neck,0.075289,0.000375,-0.022965,-0.0717,1.599385,88.17915,True
KVAL005,193,6.735177,Neck,0.043084,0.035505,-0.003525,-0.02415,3.920868,58.888031,True
KVAL005,194,6.768511,Neck,0.187977,0.018915,0.01257,0.1866,2.468737,98.212199,True
KVAL005,195,6.801833,Neck,0.134115,-0.010335,0.009885,0.13335,2.638631,66.29675,True
KVAL005,196,6.835177,Neck,0.032491,0.028125,-0.01047,0.01245,1.954496,35.373609,True
KVAL005,197,6.868511,Neck,0.032162,0.02844,-0.01059,0.01065,0.496536,27.337764,True
KVAL005,198,6.901844,Neck,0.029817,0.00801,-0.027765,-0.00735,0.373751,21.350867,True
KVAL005,199,6.935177,Neck,0.030594,0.014745,-0.026685,-0.00255,1.034913,41.673202,True
KVAL005,200,6.968522,Neck,0.064412,0.010725,-0.01803,0.0609,2.440844,23.910608,True
KVAL005,201,7.001833,Neck,0.148626,0.03831,0.074115,0.123,1.404406,73.568047,True
KVAL005,202,7.035177,Neck,0.098635,-0.00372,0.0744,0.06465,2.521144,42.955282,True
KVAL005,203,7.0685,Neck,0.03962,-0.03474,-0.018735,0.00345,1.800636,37.994862,True
KVAL005,204,7.101844,Neck,0.051946,-0.04914,-0.001185,-0.0168,0.366066,46.356698,True
KVAL005,205,7.135177,Neck,0.060961,-0.049725,-0.029385,0.0195,1.312882,28.544318,True
KVAL005,206,7.168511,Neck,0.058896,-0.000915,0.038685,0.0444,1.614584,27.854527,True
KVAL005,207,7.201855,Neck,0.06723,-0.004365,0.066975,0.0039,1.087041,16.074748,True
KVAL005,208,7.235188,Neck,0.108801,-0.056055,0.085245,0.0378,0.620964,79.231196,True
KVAL005,209,7.268522,Neck,0.100317,0.02361,0.09711,0.0087,4.578104,51.57683,True
KVAL005,210,7.301866,Neck,0.254566,0.201015,0.091485,-0.1266,3.632661,111.893955,True
KVAL005,211,7.3352,Neck,0.285102,0.13935,0.1521,-0.1968,2.937717,135.725393,True
KVAL005,212,7.368511,Neck,0.062803,0.043905,0.03912,-0.02205,5.766136,64.654665,True
KVAL005,213,7.401844,Neck,0.150855,0.071145,-0.10743,0.07845,5.445906,60.789332,True
KVAL005,214,7.435166,Neck,0.319716,0.01998,-0.219975,0.23115,2.272274,154.080162,True
KVAL005,215,7.4685,Neck,0.247288,-0.011385,-0.14547,0.19965,4.97164,51.120858,True
KVAL005,216,7.501844,Neck,0.072011,-0.043785,-0.04065,-0.0402,1.86365,132.204993,True
KVAL005,217,7.535177,Neck,0.161065,-0.072045,-0.06258,0.12975,4.192692,39.335213,True
KVAL005,218,7.568511,Neck,0.236247,0.02553,-0.044805,0.23055,2.065416,118.810007,True
KVAL005,219,7.601855,Neck,0.079969,0.039375,-0.00915,0.069,3.855329,29.018775,True
KVAL005,220,7.635177,Neck,0.043248,0.03669,0.010965,-0.0201,2.074624,44.319839,True
KVAL005,221,7.668511,Neck,0.085163,0.050895,0.012915,-0.06705,1.06663,44.213289,True
KVAL005,222,7.701844,Neck,0.086828,0.006255,0.02634,-0.0825,1.124112,32.463162,True
KVAL005,223,7.735188,Neck,0.026864,-0.00795,0.015165,-0.0207,1.175632,20.191804,True
KVAL005,224,7.7685,Neck,0.008987,-0.000525,0.005145,-0.00735,0.261127,38.176445,True
KVAL005,225,7.801833,Neck,0.026159,0.00729,0.007425,-0.024,1.444515,25.335431,True
KVAL005,226,7.835177,Neck,0.105144,-0.023895,0.06003,-0.08295,1.532349,39.133369,True
KVAL005,227,7.868511,Neck,0.119128,-0.022935,0.093135,-0.07065,1.211099,49.564649,True
KVAL005,228,7.901844,Neck,0.042791,0.008265,0.040365,-0.01155,1.785283,18.356592,True
KVAL005,229,7.935188,Neck,0.000154,1.5e-05,3e-05,-0.00015,0.616368,27.922965,True
KVAL005,230,7.9685,Neck,0.008105,0.00018,0.000225,-0.0081,0.121565,9.356224,True
KVAL005,231,8.001833,Neck,0.008255,0.000195,0.000225,-0.00825,0.042587,1.980357,True
KVAL005,232,8.035177,Neck,0.005493,-0.0003,0.00096,-0.0054,0.033452,0.140174,True
KVAL005,233,8.068511,Neck,0.008141,-0.00066,0.002235,-0.0078,0.043016,7.580885,True
KVAL005,234,8.101844,Neck,0.002872,-0.000345,0.001275,-0.00255,0.485342,9.209822,True
KVAL005,235,8.135188,Neck,0.029632,0.028395,-0.00828,0.0018,0.584119,20.679902,True
KVAL005,236,8.168511,Neck,0.039491,0.003195,-0.029985,-0.0255,1.013897,13.706256,True
KVAL005,237,8.201844,Neck,0.055487,-0.02031,-0.03984,-0.03285,0.347216,27.128344,True
KVAL005,238,8.235166,Neck,0.019225,0.005595,-0.01728,-0.0063,0.838944,6.554376,True
KVAL005,239,8.268511,Neck,0.001338,0.000705,0.000855,-0.00075,0.498694,12.235078,True
KVAL005,240,8.301844,Neck,0.015754,-0.008505,0.01272,-0.00375,0.232797,10.823351,True
KVAL005,241,8.335188,Neck,0.015954,-0.00858,0.01296,-0.0036,0.233357,7.075937,True
KVAL005,242,8.3685,Neck,0.000293,-7.5e-05,0.00024,0.00015,0.239314,3.548668,True
KVAL005,243,8.401844,Neck,0.0,0.0,0.0,0.0,0.006404,3.68688,True
KVAL005,244,8.435177,Neck,0.000715,-0.00018,0.000525,0.00045,0.010718,0.254919,True
KVAL005,245,8.468511,Neck,0.000715,-0.00018,0.000525,0.00045,0.010613,0.342259,True
KVAL005,246,8.501833,Neck,3e-05,-3e-05,0.0,0.0,0.012169,0.178109,True
KVAL005,247,8.535177,Neck,0.000153,-3e-05,0.0,-0.00015,0.001591,0.614408,True
KVAL005,248,8.5685,Neck,0.000114,-4.5e-05,0.000105,0.0,0.043394,0.68559,True
KVAL005,249,8.601844,Neck,0.003031,-0.00048,0.00129,-0.0027,0.046278,1.329257,True
KVAL005,250,8.635177,Neck,0.003131,-0.00045,0.001215,-0.00285,0.045234,1.398383,True
KVAL005,251,8.668511,Neck,3.4e-05,-1.5e-05,3e-05,0.0,0.04696,4.109349,True
KVAL005,252,8.701844,Neck,0.0,0.0,0.0,0.0,0.256929,4.140034,True
KVAL005,253,8.735188,Neck,0.017104,0.00582,-0.010875,-0.01185,0.256719,7.679914,True
KVAL005,254,8.7685,Neck,0.017115,0.00585,-0.010875,-0.01185,0.255093,8.108872,True
KVAL005,255,8.801844,Neck,0.000349,1.5e-05,-0.000315,0.00015,0.284689,4.879663,True
KVAL005,256,8.835177,Neck,0.002721,-0.00018,-0.000285,0.0027,0.304439,7.57677,True
KVAL005,257,8.868522,Neck,0.020578,-0.00051,-0.00996,0.018,0.516007,2.944714,True
KVAL005,258,8.901833,Neck,0.036803,-0.00069,-0.01998,0.0309,0.49006,1.093187,True
KVAL005,0,0.301866,RShoulder,1.903384,0.63342,-0.73923,1.6356,27.950456,254.117318,True
KVAL005,1,0.3352,RShoulder,1.052693,0.19872,-0.19737,1.01475,27.934949,241.563774,False
KVAL005,2,0.3685,RShoulder,1.130538,-0.419565,0.59106,0.8676,12.949609,557.476959,True
KVAL005,3,0.401844,RShoulder,0.836435,-0.298755,0.414,0.66255,18.281894,320.673317,True
KVAL005,4,0.435177,RShoulder,0.088576,0.031545,-0.04002,-0.07245,14.297388,271.439288,True
KVAL005,5,0.468522,RShoulder,0.116946,0.04503,-0.051315,-0.09495,6.517672,108.127856,True
KVAL005,6,0.501833,RShoulder,0.46296,-0.326655,-0.126495,-0.3027,8.766496,345.100981,True
KVAL005,7,0.535177,RShoulder,0.69468,0.198225,-0.1224,-0.65445,17.815642,240.151955,False
KVAL005,8,0.5685,RShoulder,0.9812,0.82542,0.05448,-0.5277,9.336698,414.647063,True
KVAL005,9,0.601844,RShoulder,0.618504,0.556935,0.14883,-0.2241,10.793924,230.076258,True
KVAL005,10,0.635166,RShoulder,0.296131,0.27126,0.09561,-0.0705,9.296354,97.946394,True
KVAL005,11,0.6685,RShoulder,0.015731,-0.00141,0.01332,0.00825,6.6329,110.316834,True
KVAL005,12,0.701844,RShoulder,0.157923,-0.157515,0.006495,-0.0093,2.360523,133.707887,False
KVAL005,13,0.735177,RShoulder,0.158225,-0.157815,0.007845,-0.00825,2.365563,70.931873,True
KVAL005,14,0.768511,RShoulder,0.002287,-0.00024,0.00183,0.00135,2.37375,35.441627,False
KVAL005,15,0.801855,RShoulder,0.000529,3e-05,0.000435,0.0003,0.034301,48.767024,False
KVAL005,16,0.835177,RShoulder,0.0,0.0,0.0,0.0,1.4608,23.545339,True
KVAL005,17,0.868522,RShoulder,0.097093,-0.034515,-0.000405,-0.09075,1.586603,42.433803,True
KVAL005,18,0.901833,RShoulder,0.105774,-0.054195,-0.006525,-0.0906,1.384196,47.59116,True
KVAL005,19,0.935177,RShoulder,0.02061,-0.01968,-0.00612,0.00015,1.586142,20.686625,True
KVAL005,20,0.9685,RShoulder,6e-05,-6e-05,0.0,0.0,0.308293,32.24338,True
KVAL005,21,1.001844,RShoulder,6e-05,-6e-05,0.0,0.0,0.666899,12.966489,True
KVAL005,22,1.035166,RShoulder,0.044463,-0.002355,-0.023535,-0.03765,0.702383,19.716439,True
KVAL005,23,1.068511,RShoulder,0.046839,-0.01026,-0.025905,-0.03765,0.653195,24.610754,True
KVAL005,24,1.101833,RShoulder,0.008253,-0.007905,-0.00237,0.0,1.284321,22.120375,True
KVAL005,25,1.135177,RShoulder,0.084219,-0.081525,-0.018975,0.0093,1.407516,32.89744,True
KVAL005,26,1.1685,RShoulder,0.102007,-0.09849,-0.023535,0.0123,0.998898,64.257636,True
KVAL005,27,1.201844,RShoulder,0.017678,-0.01683,-0.0045,0.003,2.891115,117.259369,True
KVAL005,28,1.235177,RShoulder,0.093649,0.08304,0.041235,0.0132,7.591452,143.784941,True
KVAL005,29,1.268511,RShoulder,0.510515,-0.062055,0.03528,0.5055,7.968126,224.870753,True
KVAL005,30,1.301833,RShoulder,0.511092,-0.14631,-0.00999,0.4896,7.400897,174.609683,True
KVAL005,31,1.335177,RShoulder,0.033035,-0.028305,-0.007785,0.01515,5.110309,202.024786,True
KVAL005,32,1.3685,RShoulder,0.448103,-0.102555,0.286995,0.3285,19.570324,503.250937,False
KVAL005,33,1.401833,RShoulder,1.303703,-0.55242,-0.170535,-1.1685,33.667461,454.996074,False
KVAL005,34,1.435177,RShoulder,1.879625,-0.563115,-0.502665,-1.7214,10.858118,851.151512,False
KVAL005,35,1.468511,RShoulder,0.602281,-0.236055,-0.196845,-0.51795,23.231911,51.993884,False
KVAL005,36,1.501833,RShoulder,0.347806,-0.147225,-0.16566,-0.26805,9.016925,274.035107,False
KVAL005,37,1.535177,RShoulder,0.044492,0.01524,-0.04143,0.00555,5.338379,112.687385,False
KVAL005,38,1.568511,RShoulder,0.027476,0.020925,-0.01608,0.00765,1.690801,81.887229,True
KVAL005,39,1.601844,RShoulder,0.103435,0.034575,0.02565,0.09405,0.479454,138.002677,False
KVAL005,40,1.635166,RShoulder,0.042247,0.00054,-0.03594,0.0222,7.526306,79.020972,False
KVAL005,41,1.668511,RShoulder,0.414886,-0.083835,-0.32202,-0.2478,5.251037,225.802774,False
KVAL005,42,1.701833,RShoulder,0.351171,-0.05157,-0.20814,-0.2781,10.031116,163.342968,False
KVAL005,43,1.735177,RShoulder,0.553316,-0.115275,0.318465,-0.43755,9.334569,274.679688,False
KVAL005,44,1.7685,RShoulder,0.664825,0.07062,0.32439,-0.576,10.702551,286.239033,False
KVAL005,45,1.801833,RShoulder,0.614127,0.49329,-0.04644,-0.36285,11.47035,168.001299,False
KVAL005,46,1.835177,RShoulder,0.624881,0.51897,-0.21591,-0.273,3.696357,153.809144,False
KVAL005,47,1.868511,RShoulder,0.496228,0.382815,-0.219675,-0.2268,5.517675,61.270551,False
KVAL005,48,1.901833,RShoulder,0.618578,0.34968,-0.498435,-0.1092,6.765513,118.882244,False
KVAL005,49,1.935177,RShoulder,0.726682,0.416625,-0.59502,0.021,4.125951,222.472843,False
KVAL005,50,1.9685,RShoulder,0.378199,0.272025,-0.26259,0.00915,8.842095,42.304288,False
KVAL005,51,2.001844,RShoulder,0.152431,0.10137,-0.102075,-0.0504,3.127038,119.156094,False
KVAL005,52,2.035166,RShoulder,0.174683,0.12936,-0.114585,-0.0255,2.193598,98.265962,False
KVAL005,53,2.0685,RShoulder,0.206562,0.09141,-0.03774,-0.18135,6.992125,40.917711,False
KVAL005,54,2.101844,RShoulder,0.488249,0.05088,-0.060555,-0.4818,3.414357,173.702547,False
KVAL005,55,2.135177,RShoulder,0.412276,0.06273,-0.140055,-0.38265,4.595541,88.861037,False
KVAL005,56,2.1685,RShoulder,0.238213,0.0954,-0.117345,-0.18405,2.611468,73.826225,False
KVAL005,57,2.201844,RShoulder,0.270027,0.10893,-0.11997,-0.216,0.592346,50.018551,False
KVAL005,58,2.235166,RShoulder,0.228299,0.083895,-0.081525,-0.19605,1.721576,8.926723,False
KVAL005,59,2.268511,RShoulder,0.239962,0.058335,-0.01821,-0.23205,1.044568,45.912139,False
KVAL005,60,2.301844,RShoulder,0.193214,0.057855,-0.01818,-0.18345,2.190906,170.460105,False
KVAL005,61,2.335188,RShoulder,0.10819,0.057075,-0.03093,-0.08655,10.908736,112.920191,False
KVAL005,62,2.3685,RShoulder,0.641394,0.4209,-0.298635,0.38085,8.467371,402.97728,False
KVAL005,63,2.401844,RShoulder,0.552595,-0.03636,-0.52377,0.17235,16.52294,277.758812,False
KVAL005,64,2.435177,RShoulder,0.56769,-0.41076,-0.203115,-0.3351,10.442693,262.877214,False
KVAL005,65,2.468522,RShoulder,0.332375,-0.130065,-0.02556,-0.3048,4.625911,142.87303,False
KVAL005,66,2.501833,RShoulder,0.528489,-0.23271,0.006615,-0.47445,1.324466,63.767996,False
KVAL005,67,2.535166,RShoulder,0.357206,-0.07944,0.03345,-0.34665,4.165303,37.426166,False
KVAL005,68,2.568511,RShoulder,0.421093,0.03786,0.033465,-0.41805,3.240795,59.602762,False
KVAL005,69,2.601844,RShoulder,0.418325,0.13083,0.046155,-0.39465,4.216505,79.643116,False
KVAL005,70,2.635177,RShoulder,0.220748,0.14805,-0.011295,-0.16335,3.461852,47.705968,False
KVAL005,71,2.668522,RShoulder,0.208012,0.1245,0.018585,-0.1656,5.344457,120.397213,False
KVAL005,72,2.701833,RShoulder,0.45873,0.44619,-0.10629,0.00705,9.456377,83.898754,False
KVAL005,73,2.735166,RShoulder,0.662548,0.610485,-0.18153,0.18255,2.209475,256.406666,False
KVAL005,74,2.7685,RShoulder,0.424294,0.38676,-0.10173,0.14175,7.83682,107.480416,False
KVAL005,75,2.801844,RShoulder,0.14081,0.133785,-0.027555,0.0342,6.976982,75.930839,False
KVAL005,76,2.835166,RShoulder,0.040859,-0.03738,0.01065,-0.0126,2.795045,106.852528,False
KVAL005,77,2.868511,RShoulder,0.048369,-0.03711,0.012255,-0.0285,0.278268,49.930744,False
KVAL005,78,2.901833,RShoulder,0.0347,-0.023865,0.00606,-0.02445,0.568122,7.885041,False
KVAL005,79,2.935166,RShoulder,0.013126,-0.010485,-0.00384,-0.0069,0.411294,7.660778,False
KVAL005,80,2.9685,RShoulder,0.011896,-0.011535,-0.00249,-0.0015,0.123459,5.899501,False
KVAL005,81,3.001844,RShoulder,0.006093,-0.005895,0.000345,-0.0015,0.170904,1.298779,False
KVAL005,82,3.035177,RShoulder,0.002167,-0.00069,0.00099,-0.0018,0.101545,9.020858,False
KVAL005,83,3.068511,RShoulder,0.000997,0.00042,-9e-05,0.0009,0.48364,97.52158,False
KVAL005,84,3.101844,RShoulder,0.034163,-0.02358,0.007515,-0.02355,6.596356,29.104174,False
KVAL005,85,3.135177,RShoulder,0.440515,0.359115,-0.174465,0.18615,1.880494,174.667859,False
KVAL005,86,3.1685,RShoulder,0.129662,-0.019905,-0.111225,-0.0636,5.976956,72.047931,False
KVAL005,87,3.201844,RShoulder,0.319741,0.11226,0.126495,0.27135,3.223646,287.529331,False
KVAL005,88,3.235166,RShoulder,0.113502,0.084225,0.016605,0.07425,19.123282,179.247995,False
KVAL005,89,3.2685,RShoulder,0.99077,-0.68721,0.00057,-0.7137,9.365593,682.76092,False
KVAL005,90,3.301833,RShoulder,0.515341,-0.34425,0.074445,-0.3762,26.437006,533.857268,False
KVAL005,91,3.335177,RShoulder,0.819461,0.39174,0.32718,0.6411,26.675406,468.034931,False
KVAL005,92,3.3685,RShoulder,1.319233,0.620205,0.474015,1.0635,4.85039,622.056244,False
KVAL005,93,3.401844,RShoulder,0.536679,0.21777,0.323685,0.36855,14.811556,29.112334,False
KVAL005,94,3.435177,RShoulder,0.397166,0.10701,0.29925,0.2382,3.123982,173.642756,False
KVAL005,95,3.468511,RShoulder,0.401046,0.069075,0.326265,0.22275,3.458621,62.912183,False
KVAL005,96,3.501844,RShoulder,0.24584,0.05343,0.238935,0.0222,5.295932,52.773164,False
KVAL005,97,3.535177,RShoulder,0.113983,0.026325,0.101025,-0.04575,2.73058,89.971892,False
KVAL005,98,3.568511,RShoulder,0.063926,0.01341,0.06183,0.00915,1.160723,46.305532,False
KVAL005,99,3.601844,RShoulder,0.086675,0.01146,0.08136,0.0276,0.370318,30.520039,False
KVAL005,100,3.635177,RShoulder,0.08802,0.01239,0.085995,0.0141,1.047633,17.568974,False
KVAL005,101,3.668522,RShoulder,0.058267,0.01383,0.0462,-0.0327,0.836056,23.984258,False
KVAL005,102,3.701833,RShoulder,0.051886,0.01398,0.044385,-0.02295,0.687323,14.182898,False
KVAL005,103,3.735166,RShoulder,0.035874,0.00303,0.03426,0.0102,0.768424,12.912877,False
KVAL005,104,3.7685,RShoulder,0.002128,0.001185,0.00114,0.00135,0.528837,11.395268,False
KVAL005,105,3.801844,RShoulder,0.001086,0.00069,0.000375,0.00075,0.031786,7.798879,False
KVAL005,106,3.835166,RShoulder,3.4e-05,3e-05,-1.5e-05,0.0,0.016007,6.888001,False
KVAL005,107,3.8685,RShoulder,3e-05,3e-05,0.0,0.0,0.433049,14.613274,False
KVAL005,108,3.901833,RShoulder,0.028858,-0.000675,0.022425,0.01815,0.978187,13.318296,False
KVAL005,109,3.935177,RShoulder,0.065228,0.033315,0.00558,-0.0558,0.779224,42.794431,False
KVAL005,110,3.9685,RShoulder,0.059667,0.02115,0.05286,-0.01785,1.96745,62.888291,False
KVAL005,111,4.001844,RShoulder,0.082078,-0.019185,0.061875,0.0504,3.833392,81.50417,False
KVAL005,112,4.035177,RShoulder,0.212365,-0.027975,-0.182025,-0.10575,3.749331,58.483484,False
KVAL005,113,4.068522,RShoulder,0.172546,-0.02214,-0.150735,-0.081,2.71213,123.211702,False
KVAL005,114,4.101844,RShoulder,0.307513,-0.19674,-0.22848,-0.06045,6.882625,57.509499,False
KVAL005,115,4.135177,RShoulder,0.491757,-0.35811,-0.263115,0.2106,3.959808,214.152989,False
KVAL005,116,4.1685,RShoulder,0.360371,-0.255855,-0.168525,0.18975,8.453901,129.450994,False
KVAL005,117,4.201844,RShoulder,0.231548,0.065085,0.10872,0.1938,8.049317,188.723765,False
KVAL005,118,4.235166,RShoulder,0.34505,0.148755,0.177765,0.2556,4.975046,175.016041,False
KVAL005,119,4.2685,RShoulder,0.142174,-0.05973,-0.129015,-0.0009,4.318687,136.165593,False
KVAL005,120,4.301844,RShoulder,0.089043,0.05799,-0.018105,0.0651,6.306738,1893.909009,False
KVAL005,121,4.335177,RShoulder,0.433013,-0.38733,0.05814,0.18465,126.519838,2142.211767,False
KVAL005,122,4.3685,RShoulder,8.48711,-0.691905,-6.17991,5.7759,142.244936,3372.844077,False
KVAL005,123,4.401844,RShoulder,9.57499,-1.10214,-7.82493,5.40705,100.59952,4215.562996,True
KVAL005,124,4.435177,RShoulder,2.735857,-1.478385,-2.26974,0.38415,139.167774,1307.218516,True
KVAL005,125,4.468511,RShoulder,1.390461,-0.979695,0.304935,0.9384,70.420147,2116.716802,True
KVAL005,126,4.501833,RShoulder,2.542981,-0.75159,2.3652,0.5547,160.958733,1971.517728,True
KVAL005,127,4.535166,RShoulder,9.530652,3.987375,2.020095,-8.417445,122.343235,5003.507537,False
KVAL005,128,4.568511,RShoulder,7.987566,3.03714,3.30603,-6.6066,177.284081,3557.651096,False
KVAL005,129,4.601844,RShoulder,4.467381,0.23721,3.56334,2.683995,116.493109,3247.312591,False
KVAL005,130,4.635188,RShoulder,2.135558,1.04073,1.71666,0.7284,53.606949,1830.845888,False
KVAL005,131,4.668522,RShoulder,1.766995,-0.974295,1.473255,0.0504,31.93613,753.50197,False
KVAL005,132,4.701855,RShoulder,1.363768,-0.845385,1.06998,-0.01815,11.924844,563.882106,False
KVAL005,133,4.7352,RShoulder,0.97744,-0.59406,0.776085,0.0132,10.076674,62.848453,False
KVAL005,134,4.768533,RShoulder,0.70729,-0.36732,0.60258,0.04725,9.057424,45.084979,False
KVAL005,135,4.801844,RShoulder,0.388633,-0.17004,0.34707,0.0408,8.491628,93.51022,False
KVAL005,136,4.835177,RShoulder,0.141941,-0.062325,0.12696,0.012,2.973882,139.347349,False
KVAL005,137,4.868522,RShoulder,0.19215,-0.06813,0.17751,0.02775,0.938832,39.48801,False
KVAL005,138,4.901855,RShoulder,0.199679,-0.064695,0.186135,0.03225,0.463285,43.976956,False
KVAL005,139,4.935188,RShoulder,0.166175,-0.072615,0.146955,0.0273,2.017799,40.059762,False
KVAL005,140,4.968533,RShoulder,0.07552,-0.04836,0.052875,0.02385,3.064367,16.941114,False
KVAL005,141,5.001866,RShoulder,0.043377,-0.00096,-0.043065,0.0051,1.738191,46.637946,False
KVAL005,142,5.035166,RShoulder,0.041017,0.018675,-0.033495,-0.01455,0.433812,35.520278,False
KVAL005,143,5.068511,RShoulder,0.039701,0.019125,-0.03237,-0.01275,0.63684,14.057741,False
KVAL005,144,5.101844,RShoulder,0.002273,0.000405,0.001095,0.00195,0.719112,10.121402,False
KVAL005,145,5.135188,RShoulder,0.016062,0.004875,0.00426,0.0147,0.131038,26.436652,False
KVAL005,146,5.1685,RShoulder,0.009133,-0.003255,-0.00522,0.00675,1.265059,15.555096,False
KVAL005,147,5.201833,RShoulder,0.069306,-0.042075,-0.027,-0.048,1.043509,24.935059,False
KVAL005,148,5.235166,RShoulder,0.068975,-0.035325,-0.037455,-0.0459,0.64489,22.442702,False
KVAL005,149,5.2685,RShoulder,0.062166,-0.009855,-0.051465,-0.03345,0.494865,12.600835,False
KVAL005,150,5.301844,RShoulder,0.042807,-0.00843,-0.031485,-0.02775,0.740268,15.342015,False
KVAL005,151,5.335177,RShoulder,0.028028,0.016455,-0.022425,-0.00345,1.215473,23.5615,False
KVAL005,152,5.368522,RShoulder,0.041224,0.00813,0.039795,0.00705,1.648003,45.813384,False
KVAL005,153,5.401855,RShoulder,0.082271,-0.034455,0.07443,0.00645,3.498151,18.453342,False
KVAL005,154,5.435188,RShoulder,0.259869,-0.144045,0.216285,-0.00195,2.861277,108.298042,False
KVAL005,155,5.468533,RShoulder,0.272607,-0.131355,0.238725,0.0084,3.754403,78.809505,False
KVAL005,156,5.501866,RShoulder,0.019888,-0.01578,0.00159,-0.012,2.409948,107.541026,False
KVAL005,157,5.535177,RShoulder,0.119396,-0.03192,0.113145,0.02085,3.554676,53.100167,False
KVAL005,158,5.568511,RShoulder,0.239321,-0.068385,0.2223,0.0564,1.184912,56.693517,False
KVAL005,159,5.601833,RShoulder,0.19121,-0.0885,0.164475,0.04095,0.989393,28.041978,False
KVAL005,160,5.635177,RShoulder,0.246395,-0.13101,0.202575,0.0501,0.820204,52.306723,False
KVAL005,161,5.6685,RShoulder,0.144313,-0.085995,0.11424,0.0195,3.084637,6.968562,False
KVAL005,162,5.701833,RShoulder,0.041835,-0.015645,0.03852,0.00465,0.989749,46.727341,False
KVAL005,163,5.735166,RShoulder,0.079819,-0.055455,0.0567,0.009,0.530968,5.664187,False
KVAL005,164,5.768511,RShoulder,0.048277,-0.044355,0.018945,-0.0021,1.190315,32.5678,False
KVAL005,165,5.801844,RShoulder,0.00086,0.000135,0.00072,0.00045,1.85751,83.648866,False
KVAL005,166,5.835177,RShoulder,0.151504,-0.05712,0.133605,0.0429,4.463695,30.483061,False
KVAL005,167,5.8685,RShoulder,0.29829,-0.113205,0.26259,0.0849,0.466993,146.307716,False
KVAL005,168,5.901844,RShoulder,0.137596,-0.02658,0.12765,0.04395,5.336418,35.47256,False
KVAL005,169,5.935177,RShoulder,0.085997,0.08343,-0.0207,-0.00255,2.617362,95.296246,False
KVAL005,170,5.968522,RShoulder,0.0574,0.05382,-0.01944,-0.0045,1.321971,56.312527,False
KVAL005,171,6.001833,RShoulder,0.003062,-0.00252,-0.00126,-0.0012,1.209565,23.023925,False
KVAL005,172,6.035177,RShoulder,0.03182,-0.0093,0.0279,0.01215,0.224901,29.401969,False
KVAL005,173,6.068511,RShoulder,0.012446,0.01167,-0.00261,0.00345,0.759708,12.472664,False
KVAL005,174,6.101855,RShoulder,0.024896,0.02337,-0.008535,-0.0009,0.884975,20.309977,False
KVAL005,175,6.135166,RShoulder,0.06314,0.033165,0.049455,0.021,0.648573,32.032622,False
KVAL005,176,6.168511,RShoulder,0.038551,0.017235,0.03198,0.0129,1.288241,23.034062,False
KVAL005,177,6.201833,RShoulder,0.026871,-0.02523,-0.00858,-0.00345,0.973264,22.878009,False
KVAL005,178,6.235177,RShoulder,0.02655,-0.01536,-0.020625,-0.0066,0.367015,19.84447,False
KVAL005,179,6.2685,RShoulder,0.013022,-0.00108,-0.01251,-0.00345,0.353336,14.481029,False
KVAL005,180,6.301844,RShoulder,0.007223,-0.007065,-0.00012,0.0015,0.685183,10.483091,False
KVAL005,181,6.335166,RShoulder,0.036118,-0.025275,0.02418,0.009,0.876404,14.572555,False
KVAL005,182,6.368511,RShoulder,0.06241,-0.03492,0.048765,0.01725,0.328943,31.478664,False
KVAL005,183,6.401844,RShoulder,0.018616,-0.00555,0.014655,0.01005,1.225207,6.994492,False
KVAL005,184,6.435177,RShoulder,0.019654,0.011295,-0.01605,-0.00105,0.550434,19.353035,False
KVAL005,185,6.468511,RShoulder,0.018185,0.002865,-0.01527,-0.00945,0.177089,11.40454,False
KVAL005,186,6.501855,RShoulder,0.018036,0.002895,-0.01518,-0.0093,0.248517,4.370177,False
KVAL005,187,6.535166,RShoulder,0.010548,0.009825,-0.003825,0.0003,0.158763,6.525809,False
KVAL005,188,6.5685,RShoulder,0.009112,0.00297,-0.00855,-0.00105,0.251783,2.661487,False
KVAL005,189,6.601833,RShoulder,0.008434,-0.006855,-0.004725,-0.00135,0.272682,8.286969,False
KVAL005,190,6.635177,RShoulder,0.011223,0.006105,0.00882,0.0033,0.318901,14.45723,False
KVAL005,191,6.668511,RShoulder,0.018104,0.012705,-0.0108,-0.00705,0.932711,18.678181,False
KVAL005,192,6.701855,RShoulder,0.067551,0.06738,0.00168,-0.0045,1.448034,17.157027,False
KVAL005,193,6.735177,RShoulder,0.104625,0.101685,0.02235,0.01035,0.479927,43.929448,False
KVAL005,194,6.768511,RShoulder,0.063769,0.057315,-0.027825,0.0027,1.493985,18.881665,False
KVAL005,195,6.801833,RShoulder,0.033013,0.016785,-0.028395,-0.00135,1.010893,28.008198,False
KVAL005,196,6.835177,RShoulder,0.017189,0.00567,0.015405,0.0051,0.71016,16.13753,False
KVAL005,197,6.868511,RShoulder,0.020257,0.007935,0.01743,0.0066,0.077198,9.643539,False
KVAL005,198,6.901844,RShoulder,0.016427,0.0084,0.011865,0.00765,0.263856,7.852778,False
KVAL005,199,6.935177,RShoulder,0.035714,0.016095,0.024375,0.02055,0.48859,11.418711,False
KVAL005,200,6.968522,RShoulder,0.03468,-0.02046,0.018,0.02145,0.579363,24.649644,False
KVAL005,201,7.001833,RShoulder,0.036168,-0.02217,0.024135,0.0153,1.172903,29.496172,False
KVAL005,202,7.035177,RShoulder,0.058908,0.056745,0.011415,0.01095,1.413345,23.428456,False
KVAL005,203,7.0685,RShoulder,0.070647,0.06588,-0.00822,0.02415,0.758582,24.918611,False
KVAL005,204,7.101844,RShoulder,0.053774,0.03864,-0.035805,0.0108,0.706687,27.011819,False
KVAL005,205,7.135177,RShoulder,0.064895,0.051285,-0.038835,-0.00855,1.108277,29.000044,False
KVAL005,206,7.168511,RShoulder,0.04924,0.02652,0.03654,0.01965,1.470844,45.945824,False
KVAL005,207,7.201855,RShoulder,0.041925,-0.003855,0.038085,0.0171,3.584812,41.87694,False
KVAL005,208,7.235188,RShoulder,0.238495,-0.18654,0.142275,0.0429,4.180965,150.245489,False
KVAL005,209,7.268522,RShoulder,0.309846,-0.21633,0.211305,0.0675,6.543307,769.093163,False
KVAL005,210,7.301866,RShoulder,0.257294,0.239655,0.05523,0.0756,49.356978,835.841956,False
KVAL005,211,7.3352,RShoulder,3.150691,-0.83358,-2.966505,0.65715,52.601012,1513.659203,False
KVAL005,212,7.368511,RShoulder,3.358815,-1.89873,-2.354505,1.4604,52.420064,1549.357765,True
KVAL005,213,7.401844,RShoulder,1.164926,-0.70815,0.52434,0.762,50.771278,891.429776,False
KVAL005,214,7.435166,RShoulder,0.188078,-0.045165,0.139275,0.11805,15.865656,832.724009,False
KVAL005,215,7.4685,RShoulder,0.196592,0.02004,0.179985,0.0765,31.859545,679.953329,False
KVAL005,216,7.501844,RShoulder,2.259228,0.817905,0.9114,1.89855,36.025014,923.419696,False
KVAL005,217,7.535177,RShoulder,2.552903,0.85152,1.209855,2.0805,30.03477,1119.445951,True
KVAL005,218,7.568511,RShoulder,0.492052,0.3294,0.363795,0.03555,38.811391,396.186464,True
KVAL005,219,7.601855,RShoulder,0.350951,0.32064,-0.002805,-0.14265,5.94612,637.293257,True
KVAL005,220,7.635177,RShoulder,0.21873,0.185235,0.025905,-0.1134,6.40685,133.964112,True
KVAL005,221,7.668511,RShoulder,0.248041,0.02865,0.240885,0.05175,4.058447,119.380103,True
KVAL005,222,7.701844,RShoulder,0.214652,0.04299,0.20862,0.02655,2.129145,94.343489,True
KVAL005,223,7.735188,RShoulder,0.112273,0.018135,0.11073,-0.0039,2.985993,27.216644,True
KVAL005,224,7.7685,RShoulder,0.017509,-0.00384,0.01635,0.00495,1.024924,90.044131,True
KVAL005,225,7.801833,RShoulder,0.072825,-0.026235,0.0648,0.0204,3.097506,57.422533,True
KVAL005,226,7.835177,RShoulder,0.223491,0.001155,0.20949,0.07785,3.160889,71.342912,True
KVAL005,227,7.868511,RShoulder,0.272591,0.02406,0.243645,0.11985,1.684871,108.425855,True
KVAL005,228,7.901844,RShoulder,0.116311,-0.003285,0.098385,0.06195,4.090436,13.211411,True
KVAL005,229,7.935188,RShoulder,0.000157,1.5e-05,-4.5e-05,-0.00015,1.875342,59.67989,True
KVAL005,230,7.9685,RShoulder,0.012075,-0.002205,-0.002745,-0.01155,0.178765,29.060607,True
KVAL005,231,8.001833,RShoulder,0.012069,-0.00219,-0.00273,-0.01155,0.090658,3.037586,True
KVAL005,232,8.035177,RShoulder,0.006501,0.000525,-0.001515,-0.0063,0.025404,1.424014,True
KVAL005,233,8.068511,RShoulder,0.010521,-0.00192,-0.003,-0.0099,0.059879,33.596473,True
KVAL005,234,8.101844,RShoulder,0.004577,-0.002415,-0.00147,-0.0036,2.214362,33.794318,True
KVAL005,235,8.135188,RShoulder,0.157129,-0.02415,0.021615,-0.15375,2.219341,65.318503,True
KVAL005,236,8.168511,RShoulder,0.15166,-0.024255,0.018975,-0.1485,2.145072,63.857994,True
KVAL005,237,8.201844,RShoulder,0.018508,-0.012285,0.0069,-0.012,2.041245,28.46276,True
KVAL005,238,8.235166,RShoulder,0.018889,-0.00828,0.010095,-0.01365,0.350363,41.73532,True
KVAL005,239,8.268511,RShoulder,0.005336,0.0039,0.000555,0.0036,0.926388,18.943529,True
KVAL005,240,8.301844,RShoulder,0.067792,-0.000825,-0.027855,-0.0618,1.035205,29.418777,True
KVAL005,241,8.335188,RShoulder,0.065322,-0.00123,-0.02715,-0.0594,1.054009,30.213136,True
KVAL005,242,8.3685,RShoulder,0.002534,-0.000405,0.000705,0.0024,0.979834,15.339098,True
KVAL005,243,8.401844,RShoulder,0.0,0.0,0.0,0.0,0.032747,13.66957,True
KVAL005,244,8.435177,RShoulder,0.004596,0.00021,0.00147,0.00435,0.068947,1.484559,True
KVAL005,245,8.468511,RShoulder,0.004596,0.00021,0.00147,0.00435,0.066796,2.03517,True
KVAL005,246,8.501833,RShoulder,0.000162,-6e-05,1.5e-05,0.00015,0.066737,1.07764,True
KVAL005,247,8.535177,RShoulder,0.00017,-7.5e-05,3e-05,0.00015,0.005141,2.081686,True
KVAL005,248,8.5685,RShoulder,0.00049,-7.5e-05,0.00018,0.00045,0.075107,0.887978,True
KVAL005,249,8.601844,RShoulder,0.005158,-0.001095,0.003,0.00405,0.064108,2.278242,True
KVAL005,250,8.635177,RShoulder,0.00474,-0.00114,0.002865,0.0036,0.076784,2.027836,True
KVAL005,251,8.668511,RShoulder,0.000109,-0.000105,3e-05,0.0,0.0711,40.164284,True
KVAL005,252,8.701844,RShoulder,0.0,0.0,0.0,0.0,2.628689,40.14891,True
KVAL005,253,8.735188,RShoulder,0.175348,-0.154995,0.05337,0.06225,2.628761,79.168075,True
KVAL005,254,8.7685,RShoulder,0.175251,-0.154995,0.0534,0.06195,2.649496,79.854629,True
KVAL005,255,8.801844,RShoulder,0.004079,-0.00066,-0.0018,-0.0036,2.69744,34.751676,True
KVAL005,256,8.835177,RShoulder,0.01192,-0.001335,-0.00576,-0.01035,0.939182,33.700156,True
KVAL005,257,8.868522,RShoulder,0.066564,0.00327,-0.02253,-0.06255,1.587734,8.83689,True
KVAL005,258,8.901833,RShoulder,0.117333,0.00789,-0.0372,-0.111,1.524979,1.934096,True
KVAL005,0,0.301866,RElbow,3.223306,-0.21309,1.02753,3.0477,43.733119,124.088433,True
KVAL005,1,0.3352,RElbow,1.767006,-0.102885,0.607365,1.65615,45.02143,283.850859,True
KVAL005,2,0.3685,RElbow,0.340639,-0.251355,0.1434,0.1797,25.690724,625.637328,True
KVAL005,3,0.401844,RElbow,0.264907,-0.25662,0.048345,0.04455,5.191931,375.678195,True
KVAL005,4,0.435177,RElbow,0.025608,-0.013245,-0.009075,-0.01995,3.835434,107.065755,True
KVAL005,5,0.468522,RElbow,0.0308,-0.01719,-0.010275,-0.0234,4.498412,111.621099,True
KVAL005,6,0.501833,RElbow,0.323868,-0.246705,-0.11682,-0.1743,4.49439,141.605817,True
KVAL005,7,0.535177,RElbow,0.327903,-0.26823,-0.106665,-0.15555,5.042022,108.522569,True
KVAL005,8,0.5685,RElbow,0.087419,-0.05595,0.03192,0.0591,2.901074,113.158958,True
KVAL005,9,0.601844,RElbow,0.167839,-0.161955,0.00933,-0.04305,2.561058,32.188818,True
KVAL005,10,0.635166,RElbow,0.163468,-0.139995,-0.008205,-0.084,2.438128,75.35542,True
KVAL005,11,0.6685,RElbow,0.01131,-0.006915,0.0069,0.0057,2.502798,39.536976,True
KVAL005,12,0.701844,RElbow,0.046274,-0.024255,0.02286,0.0321,0.559036,40.809271,True
KVAL005,13,0.735177,RElbow,0.048189,-0.02517,0.024285,0.03315,0.659448,19.127745,True
KVAL005,14,0.768511,RElbow,0.002454,-0.00111,0.00183,0.0012,0.716825,9.375432,True
KVAL005,15,0.801855,RElbow,0.000461,-0.000195,0.00039,0.00015,0.036807,8.070031,True
KVAL005,16,0.835177,RElbow,0.0,0.0,0.0,0.0,0.4237,5.349615,True
KVAL005,17,0.868522,RElbow,0.027992,-0.00822,-0.013245,-0.02325,0.377821,13.287459,True
KVAL005,18,0.901833,RElbow,0.025188,-0.007815,-0.011505,-0.021,0.462134,11.33513,True
KVAL005,19,0.935177,RElbow,0.002873,0.000405,0.00174,0.00225,0.377854,7.567157,True
KVAL005,20,0.9685,RElbow,2.1e-05,-1.5e-05,1.5e-05,0.0,0.042991,6.15676,True
KVAL005,21,1.001844,RElbow,2.1e-05,-1.5e-05,1.5e-05,0.0,0.410069,6.706696,True
KVAL005,22,1.035166,RElbow,0.027353,-0.0006,0.027345,0.0003,0.419502,12.16434,True
KVAL005,23,1.068511,RElbow,0.027982,-0.000435,0.027975,0.00045,0.400896,10.694641,True
KVAL005,24,1.101833,RElbow,0.000668,0.000165,0.00063,0.00015,0.300771,8.2636,True
KVAL005,25,1.135177,RElbow,0.010459,3e-05,0.00867,0.00585,0.180185,3.350464,True
KVAL005,26,1.1685,RElbow,0.012595,0.000255,0.009765,0.00795,0.126618,2.246736,True
KVAL005,27,1.201844,RElbow,0.002386,0.000225,0.00111,0.0021,0.202721,92.245258,True
KVAL005,28,1.235177,RElbow,0.024023,0.006585,0.01215,0.01965,6.122836,84.948429,True
KVAL005,29,1.268511,RElbow,0.409773,-0.135915,-0.095085,0.3747,5.761786,221.589047,True
KVAL005,30,1.301833,RElbow,0.395023,-0.146145,-0.112425,0.34935,8.880359,153.975591,True
KVAL005,31,1.335177,RElbow,0.251265,-0.076335,-0.10689,-0.2142,5.049674,152.951521,True
KVAL005,32,1.3685,RElbow,0.234786,-0.20697,0.078165,0.0786,12.254101,261.319167,True
KVAL005,33,1.401833,RElbow,0.870998,0.145815,0.52908,-0.67635,21.109088,278.049475,True
KVAL005,34,1.435177,RElbow,1.292922,0.301185,0.380175,-1.1985,6.846385,511.808397,False
KVAL005,35,1.468511,RElbow,0.63327,0.064995,0.082875,-0.62445,13.140246,143.223895,False
KVAL005,36,1.501833,RElbow,0.431995,0.05037,0.05229,-0.42585,9.070436,104.014861,False
KVAL005,37,1.535177,RElbow,0.044823,0.0135,-0.02805,-0.03225,6.604872,128.803994,False
KVAL005,38,1.568511,RElbow,0.033567,-0.0219,-0.025395,0.0015,4.802615,108.519363,True
KVAL005,39,1.601844,RElbow,0.292477,-0.27891,0.046365,0.07485,2.811772,318.04517,False
KVAL005,40,1.635166,RElbow,0.20013,-0.19365,0.046965,-0.0186,16.708316,271.157943,False
KVAL005,41,1.668511,RElbow,0.867737,0.5121,-0.1539,-0.6834,16.079185,238.312983,False
KVAL005,42,1.701833,RElbow,0.946918,0.574935,-0.179595,-0.73065,6.08987,226.982056,False
KVAL005,43,1.735177,RElbow,1.112059,0.33471,-0.30612,-1.01535,11.625719,128.852348,False
KVAL005,44,1.7685,RElbow,1.521382,0.34047,-0.50265,-1.395,4.233592,361.724826,False
KVAL005,45,1.801833,RElbow,0.978706,0.307635,-0.480585,-0.79515,13.51579,76.166077,False
KVAL005,46,1.835177,RElbow,0.748473,0.274215,-0.48837,-0.4965,6.818224,102.123508,False
KVAL005,47,1.868511,RElbow,0.577187,0.18081,-0.40938,-0.3645,7.558568,82.268993,False
KVAL005,48,1.901833,RElbow,0.514345,0.35715,-0.36987,-0.0138,7.252716,142.719895,False
KVAL005,49,1.935177,RElbow,0.570844,0.416325,-0.386355,0.05715,3.377663,183.729828,False
KVAL005,50,1.9685,RElbow,0.340079,0.185655,-0.261975,-0.11205,6.128196,37.159094,False
KVAL005,51,2.001844,RElbow,0.222412,0.10602,-0.169815,-0.0969,1.875156,76.665169,False
KVAL005,52,2.035166,RElbow,0.215569,0.1122,-0.166725,-0.078,2.369431,101.174571,False
KVAL005,53,2.0685,RElbow,0.278387,-0.028065,-0.22896,-0.15585,6.04956,31.733014,False
KVAL005,54,2.101844,RElbow,0.516946,-0.12885,-0.397035,-0.30495,1.370632,177.234615,False
KVAL005,55,2.135177,RElbow,0.366999,-0.02136,-0.291,-0.2226,5.784643,63.206789,False
KVAL005,56,2.1685,RElbow,0.194965,0.08118,-0.142815,-0.105,3.054749,80.464242,False
KVAL005,57,2.201844,RElbow,0.218469,0.092325,-0.16335,-0.1119,0.453894,31.80863,False
KVAL005,58,2.235166,RElbow,0.18068,0.095205,-0.130275,-0.0813,1.231179,11.191732,False
KVAL005,59,2.268511,RElbow,0.149898,0.09474,-0.098265,-0.06195,0.902361,11.28439,False
KVAL005,60,2.301844,RElbow,0.129299,0.08592,-0.074025,-0.0621,0.913099,145.82086,False
KVAL005,61,2.335188,RElbow,0.092627,0.06405,-0.04797,-0.04665,9.741536,85.094797,False
KVAL005,62,2.3685,RElbow,0.715591,0.709395,0.024375,0.09075,5.261324,362.869058,False
KVAL005,63,2.401844,RElbow,0.406063,0.40248,-0.031065,0.04395,14.473439,212.363314,False
KVAL005,64,2.435177,RElbow,0.25911,-0.233085,-0.04224,-0.105,8.912737,198.627305,False
KVAL005,65,2.468522,RElbow,0.237115,-0.156705,-0.107385,-0.1419,2.438222,148.978772,False
KVAL005,66,2.501833,RElbow,0.385402,-0.31086,-0.181035,-0.1383,1.307781,124.169752,False
KVAL005,67,2.535166,RElbow,0.154413,-0.11448,-0.072435,-0.0741,6.308015,59.933671,False
KVAL005,68,2.568511,RElbow,0.14025,0.086175,-0.047895,-0.09975,4.27431,103.015443,False
KVAL005,69,2.601844,RElbow,0.213572,0.163455,-0.044085,-0.1302,1.124353,99.650577,False
KVAL005,70,2.635177,RElbow,0.196809,0.07035,-0.08427,-0.16335,2.612321,40.701408,False
KVAL005,71,2.668522,RElbow,0.205949,0.00459,-0.088935,-0.1857,1.969409,138.034666,False
KVAL005,72,2.701833,RElbow,0.24248,0.194835,-0.05526,-0.13335,6.605877,17.774919,False
KVAL005,73,2.735166,RElbow,0.429065,0.42336,-0.02688,-0.06435,2.719329,167.069564,False
KVAL005,74,2.7685,RElbow,0.337292,0.335895,-0.01455,-0.027,4.905522,113.393891,False
KVAL005,75,2.801844,RElbow,0.103115,0.10302,-0.00339,-0.00285,5.336479,40.481907,False
KVAL005,76,2.835166,RElbow,0.020041,-0.018975,7.5e-05,-0.00645,2.312039,76.096028,False
KVAL005,77,2.868511,RElbow,0.05151,-0.05106,-0.001605,-0.0066,0.268114,43.762489,False
KVAL005,78,2.901833,RElbow,0.037085,-0.03663,-0.002445,-0.00525,0.606024,8.729217,False
KVAL005,79,2.935166,RElbow,0.012544,-0.010755,-0.00396,-0.0051,0.325105,9.175166,False
KVAL005,80,2.9685,RElbow,0.016164,-0.015855,-0.003015,0.0009,0.10264,2.520275,False
KVAL005,81,3.001844,RElbow,0.010564,-0.010545,-0.00018,0.0006,0.204324,2.789841,False
KVAL005,82,3.035177,RElbow,0.002728,-0.0027,0.00036,-0.00015,0.1626,8.908395,False
KVAL005,83,3.068511,RElbow,0.00109,0.000285,-6e-05,0.00105,0.390634,93.691933,False
KVAL005,84,3.101844,RElbow,0.028665,-0.028425,-0.00369,-0.0003,6.393839,59.235863,False
KVAL005,85,3.135177,RElbow,0.426687,0.38817,-0.166365,0.0609,3.830715,210.316357,False
KVAL005,86,3.1685,RElbow,0.248818,0.070395,-0.21387,0.1059,8.222351,150.051857,False
KVAL005,87,3.201844,RElbow,0.301481,0.055305,0.262275,0.138,6.473242,174.321236,False
KVAL005,88,3.235166,RElbow,0.231041,0.040845,0.2154,0.0729,9.296901,127.960692,False
KVAL005,89,3.2685,RElbow,0.469917,-0.46614,-0.00885,-0.0588,3.570426,426.558455,False
KVAL005,90,3.301833,RElbow,0.173181,-0.13527,0.10086,-0.039,19.204897,410.034195,False
KVAL005,91,3.335177,RElbow,0.943306,0.5016,0.682245,0.41565,23.928607,327.119046,False
KVAL005,92,3.3685,RElbow,1.588684,0.690735,1.244475,0.70575,7.244624,586.940842,False
KVAL005,93,3.401844,RElbow,1.101834,0.13377,0.99201,0.4605,15.544219,216.909183,False
KVAL005,94,3.435177,RElbow,0.730501,-0.058155,0.676575,0.26925,10.084801,182.457204,False
KVAL005,95,3.468511,RElbow,0.453103,-0.050385,0.424095,0.15135,7.703026,76.07155,False
KVAL005,96,3.501844,RElbow,0.220572,-0.03336,0.211545,0.0528,5.928184,77.384179,False
KVAL005,97,3.535177,RElbow,0.061699,-0.01743,0.059085,0.00345,2.652764,94.205909,False
KVAL005,98,3.568511,RElbow,0.043853,-0.005355,0.041475,0.0132,0.419043,48.162293,False
KVAL005,99,3.601844,RElbow,0.080933,-0.00819,0.07731,0.0225,0.561722,14.523952,False
KVAL005,100,3.635177,RElbow,0.080892,-0.010185,0.078405,0.0171,0.563908,17.064991,False
KVAL005,101,3.668522,RElbow,0.046929,-0.01209,0.045225,0.0033,0.583688,6.590608,False
KVAL005,102,3.701833,RElbow,0.042786,-0.00981,0.041295,0.0054,0.323551,3.051037,False
KVAL005,103,3.735166,RElbow,0.027108,-0.0027,0.026115,0.00675,0.630787,2.942646,False
KVAL005,104,3.7685,RElbow,0.00209,0.001155,0.000885,0.0015,0.401409,9.311101,False
KVAL005,105,3.801844,RElbow,0.001041,0.000675,0.000255,0.00075,0.029719,5.953657,False
KVAL005,106,3.835166,RElbow,0.000156,3e-05,-3e-05,0.00015,0.013821,5.21218,False
KVAL005,107,3.8685,RElbow,0.000154,3e-05,-1.5e-05,0.00015,0.323402,9.760113,False
KVAL005,108,3.901833,RElbow,0.021622,0.001155,0.017745,0.0123,0.644042,6.87169,False
KVAL005,109,3.935177,RElbow,0.042976,-0.002385,0.039855,0.0159,0.671508,10.691888,False
KVAL005,110,3.9685,RElbow,0.063285,-0.011295,0.06072,0.0138,0.268359,82.222717,False
KVAL005,111,4.001844,RElbow,0.045471,-0.013395,0.043395,0.00225,4.859146,64.204348,False
KVAL005,112,4.035177,RElbow,0.262231,0.007605,-0.23904,-0.10755,4.264561,113.178409,False
KVAL005,113,4.068522,RElbow,0.241428,0.015915,-0.22677,-0.0813,7.926607,205.435534,False
KVAL005,114,4.101844,RElbow,0.67251,-0.3192,-0.576435,0.13455,13.835846,257.17328,False
KVAL005,115,4.135177,RElbow,1.002396,-0.85377,-0.52518,-0.0078,11.61326,456.89619,False
KVAL005,116,4.1685,RElbow,0.639888,-0.586425,0.0381,-0.2532,18.426943,290.987153,False
KVAL005,117,4.201844,RElbow,0.542519,-0.132015,0.409635,0.3303,13.285635,375.467965,False
KVAL005,118,4.235166,RElbow,0.62279,-0.170055,0.416055,0.4311,7.509802,296.092714,False
KVAL005,119,4.2685,RElbow,0.187966,-0.184455,0.008685,0.0351,7.833172,131.610643,False
KVAL005,120,4.301844,RElbow,0.107326,-0.05952,0.05502,0.07035,3.854664,1905.516582,False
KVAL005,121,4.335177,RElbow,0.077674,0.06747,0.037965,-0.0063,127.541848,2209.483071,False
KVAL005,122,4.3685,RElbow,8.511321,-1.29063,-6.61641,5.19615,145.775849,3413.170081,False
KVAL005,123,4.401844,RElbow,9.66994,-1.963905,-7.947795,5.1462,101.104534,4244.160071,True
KVAL005,124,4.435177,RElbow,2.31178,-1.323135,-1.845,0.43545,138.019861,1204.869086,True
KVAL005,125,4.468511,RElbow,1.502676,-1.12809,0.208755,0.9705,50.986482,2071.774889,True
KVAL005,126,4.501833,RElbow,1.863015,-0.779505,1.49034,0.8013,162.219176,1908.484056,True
KVAL005,127,4.535166,RElbow,9.491521,4.204155,2.10669,-8.24475,135.49252,5104.104269,False
KVAL005,128,4.568511,RElbow,8.812973,2.743245,4.92504,-6.774,183.015557,4022.895697,False
KVAL005,129,4.601844,RElbow,4.8447,-0.759375,3.913005,2.7537,134.445909,3474.691007,False
KVAL005,130,4.635188,RElbow,1.890555,1.173375,0.97464,1.1169,58.52367,2173.829403,False
KVAL005,131,4.668522,RElbow,1.095807,0.100245,1.067415,0.22665,24.181182,804.193152,False
KVAL005,132,4.701855,RElbow,0.826798,-0.08736,0.81255,0.1254,7.051188,367.935947,False
KVAL005,133,4.7352,RElbow,0.661799,-0.077295,0.64788,0.1107,6.136578,54.814851,False
KVAL005,134,4.768533,RElbow,0.418389,-0.03399,0.409845,0.07695,6.886393,18.283057,False
KVAL005,135,4.801844,RElbow,0.202909,-0.01668,0.198855,0.03675,5.040757,86.852563,False
KVAL005,136,4.835177,RElbow,0.082533,-0.01116,0.080775,0.01275,1.106788,88.071683,False
KVAL005,137,4.868522,RElbow,0.129583,-0.015945,0.1257,0.02715,0.837321,10.282938,False
KVAL005,138,4.901855,RElbow,0.137962,-0.01869,0.133425,0.0297,0.424057,38.150987,False
KVAL005,139,4.935188,RElbow,0.101847,-0.01434,0.097515,0.02565,1.730284,27.161678,False
KVAL005,140,4.968533,RElbow,0.034046,-0.00069,0.0195,0.0279,2.231792,14.737588,False
KVAL005,141,5.001866,RElbow,0.050192,0.00759,-0.048735,0.0093,1.169064,34.340817,False
KVAL005,142,5.035166,RElbow,0.048122,0.011325,-0.044145,-0.01545,0.358326,28.413797,False
KVAL005,143,5.068511,RElbow,0.047114,0.011715,-0.043545,-0.01365,0.737454,13.762535,False
KVAL005,144,5.101844,RElbow,0.002047,0.00036,0.00051,0.00195,0.733943,13.033488,False
KVAL005,145,5.135188,RElbow,0.012991,0.00558,-0.002055,0.01155,0.157893,24.749391,False
KVAL005,146,5.1685,RElbow,0.010446,-0.001365,-0.009765,0.00345,1.153528,12.990933,False
KVAL005,147,5.201833,RElbow,0.065356,-0.040875,-0.01881,-0.0474,0.904216,26.185549,False
KVAL005,148,5.235166,RElbow,0.062609,-0.027735,-0.03252,-0.04575,0.790859,20.400709,False
KVAL005,149,5.2685,RElbow,0.056016,0.00183,-0.045765,-0.03225,0.477621,12.357004,False
KVAL005,150,5.301844,RElbow,0.035675,-0.004335,-0.024255,-0.0258,0.443385,4.948626,False
KVAL005,151,5.335177,RElbow,0.034153,0.00882,-0.032265,-0.0069,0.447903,22.990582,False
KVAL005,152,5.368522,RElbow,0.006609,-0.0003,-0.00615,-0.0024,1.673845,52.35558,False
KVAL005,153,5.401855,RElbow,0.077979,-0.03405,0.06975,0.0075,3.747976,3.87515,False
KVAL005,154,5.435188,RElbow,0.243919,-0.079635,0.229155,0.02535,1.687284,118.794459,False
KVAL005,155,5.468533,RElbow,0.189515,-0.061845,0.17835,0.0168,4.177697,42.38203,False
KVAL005,156,5.501866,RElbow,0.04173,-0.004635,-0.03474,-0.02265,1.141106,115.520948,False
KVAL005,157,5.535177,RElbow,0.114467,-0.04281,0.1047,0.01755,3.540342,18.731951,False
KVAL005,158,5.568511,RElbow,0.199252,-0.064005,0.182445,0.04815,0.236719,64.215325,False
KVAL005,159,5.601833,RElbow,0.12281,-0.040695,0.111465,0.03165,0.755396,12.371614,False
KVAL005,160,5.635177,RElbow,0.149437,-0.043815,0.136875,0.04095,0.649816,20.526604,False
KVAL005,161,5.6685,RElbow,0.080134,-0.025005,0.07461,0.01515,2.098589,6.260762,False
KVAL005,162,5.701833,RElbow,0.012911,-0.00084,0.011895,-0.00495,1.021681,29.738769,False
KVAL005,163,5.735166,RElbow,0.01247,-0.001425,0.011655,0.0042,0.220342,12.740267,False
KVAL005,164,5.768511,RElbow,0.004177,-0.003675,-0.00084,0.0018,0.180493,16.180183,False
KVAL005,165,5.801844,RElbow,0.000492,0.000105,0.000375,0.0003,0.918325,29.28018,False
KVAL005,166,5.835177,RElbow,0.061495,-0.010575,0.057405,0.01935,1.771563,6.632226,False
KVAL005,167,5.8685,RElbow,0.118535,-0.017415,0.11109,0.0375,0.476972,38.935953,False
KVAL005,168,5.901844,RElbow,0.093185,-0.01293,0.087675,0.0288,0.827387,21.963181,False
KVAL005,169,5.935177,RElbow,0.06394,-0.013665,0.060285,0.01635,0.987766,3.075847,False
KVAL005,170,5.968522,RElbow,0.027916,-0.00765,0.026235,0.0057,0.974934,13.080059,False
KVAL005,171,6.001833,RElbow,0.00266,-0.001905,-0.001095,-0.0015,0.143727,15.609244,False
KVAL005,172,6.035177,RElbow,0.019645,-0.005805,0.01707,0.0078,0.089532,4.150252,False
KVAL005,173,6.068511,RElbow,0.003946,-0.00042,0.00234,0.00315,0.383279,13.477298,False
KVAL005,174,6.101855,RElbow,0.006596,0.004485,-0.004815,-0.00045,0.958292,19.656818,False
KVAL005,175,6.135166,RElbow,0.067085,-0.015615,0.06177,0.021,0.929108,35.241824,False
KVAL005,176,6.168511,RElbow,0.056026,-0.016035,0.05163,0.0147,1.391307,34.944426,False
KVAL005,177,6.201833,RElbow,0.025693,0.006555,-0.023865,-0.0069,1.401992,21.350296,False
KVAL005,178,6.235177,RElbow,0.037493,0.00846,-0.0354,-0.009,0.042289,35.620682,False
KVAL005,179,6.2685,RElbow,0.023689,0.005145,-0.02262,-0.0048,0.973234,18.169292,False
KVAL005,180,6.301844,RElbow,0.027427,-0.006,0.02541,0.0084,1.240318,12.034709,False
KVAL005,181,6.335166,RElbow,0.059016,-0.011835,0.055995,0.0144,0.175273,27.736561,False
KVAL005,182,6.368511,RElbow,0.03888,-0.00765,0.03693,0.00945,0.615431,11.711342,False
KVAL005,183,6.401844,RElbow,0.020305,-0.003645,0.015855,0.01215,0.605851,5.093534,False
KVAL005,184,6.435177,RElbow,0.007094,0.000885,-0.002445,0.0066,0.425006,8.30596,False
KVAL005,185,6.468511,RElbow,0.008247,-0.00045,-0.00717,-0.00405,0.175524,8.297365,False
KVAL005,186,6.501855,RElbow,0.008194,-0.000435,-0.00711,-0.00405,0.130973,5.437448,False
KVAL005,187,6.535166,RElbow,0.001972,0.00033,-0.000735,0.0018,0.205219,1.56858,False
KVAL005,188,6.5685,RElbow,0.005744,-0.001785,0.00435,0.0033,0.094798,2.14802,False
KVAL005,189,6.601833,RElbow,0.005708,-0.002115,0.005085,0.0015,0.090785,4.789564,False
KVAL005,190,6.635177,RElbow,0.011023,-0.002565,0.010335,0.00285,0.234001,42.757186,False
KVAL005,191,6.668511,RElbow,0.010218,0.000255,-0.00885,-0.0051,2.762274,35.270384,False
KVAL005,192,6.701855,RElbow,0.173235,0.045045,-0.16599,-0.0207,2.568706,95.241385,False
KVAL005,193,6.735177,RElbow,0.180266,0.05736,-0.169095,-0.02475,3.588,100.123794,False
KVAL005,194,6.768511,RElbow,0.066153,-0.017865,0.06366,0.0021,4.106913,70.243741,False
KVAL005,195,6.801833,RElbow,0.093578,-0.03276,0.086415,0.0147,1.097779,84.021058,False
KVAL005,196,6.835177,RElbow,0.007415,0.004185,-0.006105,0.00045,1.496854,23.957025,False
KVAL005,197,6.868511,RElbow,0.007877,0.006075,-0.00462,0.00195,0.509847,32.077774,False
KVAL005,198,6.901844,RElbow,0.027585,-0.004155,0.025635,0.0093,0.667513,5.673611,False
KVAL005,199,6.935177,RElbow,0.040375,-0.004065,0.034515,0.02055,0.308987,6.236873,False
KVAL005,200,6.968522,RElbow,0.044603,-0.010785,0.033825,0.027,0.943846,23.270159,False
KVAL005,201,7.001833,RElbow,0.09961,-0.03891,0.08514,0.03405,1.731251,17.120334,False
KVAL005,202,7.035177,RElbow,0.15606,-0.062265,0.13518,0.04695,0.288711,55.719993,False
KVAL005,203,7.0685,RElbow,0.091657,-0.03177,0.072315,0.0465,1.983677,14.333031,False
KVAL005,204,7.101844,RElbow,0.032473,-0.00462,0.017895,0.0267,0.968141,36.360734,False
KVAL005,205,7.135177,RElbow,0.029472,-0.01551,0.024135,0.00675,0.497856,18.028086,False
KVAL005,206,7.168511,RElbow,0.05124,-0.024825,0.04191,0.0159,0.234313,27.915615,False
KVAL005,207,7.201855,RElbow,0.043851,-0.01851,0.036435,0.0159,2.203467,45.207856,False
KVAL005,208,7.235188,RElbow,0.19807,-0.092475,0.1608,0.06945,3.228801,93.581271,False
KVAL005,209,7.268522,RElbow,0.258995,-0.12363,0.21036,0.08685,4.040563,818.047269,False
KVAL005,210,7.301866,RElbow,0.074264,0.011595,-0.06861,-0.02595,53.241012,790.529344,False
KVAL005,211,7.3352,RElbow,3.458528,-1.74213,-2.80398,1.03155,53.126882,1584.434604,False
KVAL005,212,7.368511,RElbow,3.565724,-1.853865,-2.33349,1.95765,52.952743,1612.012633,True
KVAL005,213,7.401844,RElbow,0.864285,-0.068205,0.29613,0.8091,54.358161,830.925149,True
KVAL005,214,7.435166,RElbow,0.083475,-0.00261,0.082995,-0.00855,12.105008,788.307822,False
KVAL005,215,7.4685,RElbow,0.116296,0.01125,0.112485,0.0273,2.904395,226.699578,True
KVAL005,216,7.501844,RElbow,0.270946,0.05067,0.2637,0.03615,4.421734,50.068733,True
KVAL005,217,7.535177,RElbow,0.409314,-0.001275,0.384915,0.1392,2.059753,84.414114,True
KVAL005,218,7.568511,RElbow,0.314492,-0.016275,0.27276,0.1557,1.725786,42.355581,True
KVAL005,219,7.601855,RElbow,0.351225,0.05142,0.293745,0.18555,1.442833,20.564671,True
KVAL005,220,7.635177,RElbow,0.261946,0.04452,0.198765,0.1647,2.210015,23.704331,True
KVAL005,221,7.668511,RElbow,0.284834,0.02448,0.15789,0.2358,2.0565,60.180107,True
KVAL005,222,7.701844,RElbow,0.190249,0.01884,0.06474,0.1779,4.04603,44.5944,True
KVAL005,223,7.735188,RElbow,0.020482,0.004635,-0.002445,0.0198,2.701398,77.015179,True
KVAL005,224,7.7685,RElbow,0.012242,-0.0039,0.007845,0.00855,1.182625,51.965214,True
KVAL005,225,7.801833,RElbow,0.097272,-0.00588,0.015495,0.09585,0.980131,38.641375,True
KVAL005,226,7.835177,RElbow,0.072442,0.03747,0.048675,0.0384,1.497506,26.840733,True
KVAL005,227,7.868511,RElbow,0.055058,0.04011,0.036435,0.00975,1.009156,28.863609,True
KVAL005,228,7.901844,RElbow,0.066432,-0.00309,0.00282,0.0663,0.826692,27.821891,True
KVAL005,229,7.935188,RElbow,0.000468,0.000105,-7.5e-05,-0.00045,1.215725,11.758138,True
KVAL005,230,7.9685,RElbow,0.01489,0.00054,-0.00375,-0.0144,0.218613,18.37385,True
KVAL005,231,8.001833,RElbow,0.015032,0.000555,-0.003735,-0.01455,0.048667,1.473125,True
KVAL005,232,8.035177,RElbow,0.014495,0.00354,-0.00267,-0.0138,0.141645,1.606631,True
KVAL005,233,8.068511,RElbow,0.024137,0.003945,-0.005145,-0.02325,0.07841,11.772458,True
KVAL005,234,8.101844,RElbow,0.00992,0.000435,-0.00246,-0.0096,0.903825,34.327019,True
KVAL005,235,8.135188,RElbow,0.082762,0.0003,0.00429,-0.08265,2.216393,18.295939,True
KVAL005,236,8.168511,RElbow,0.157475,0.03558,-0.0276,-0.1509,0.71134,65.794189,True
KVAL005,237,8.201844,RElbow,0.095131,0.030345,-0.03237,-0.08415,2.170272,28.23,True
KVAL005,238,8.235166,RElbow,0.013681,-0.000915,4.5e-05,-0.01365,1.441877,41.445915,True
KVAL005,239,8.268511,RElbow,0.004637,0.00402,0.000525,0.00225,0.885844,33.720434,True
KVAL005,240,8.301844,RElbow,0.063902,0.0285,-0.048225,-0.03075,0.91732,28.029097,True
KVAL005,241,8.335188,RElbow,0.061425,0.02811,-0.047475,-0.027,0.997633,27.560781,True
KVAL005,242,8.3685,RElbow,0.003844,-0.00039,0.00075,0.00375,0.921377,14.694839,True
KVAL005,243,8.401844,RElbow,0.0,0.0,0.0,0.0,0.027396,13.063131,True
KVAL005,244,8.435177,RElbow,0.005505,0.000135,0.00165,0.00525,0.082573,1.632677,True
KVAL005,245,8.468511,RElbow,0.005505,0.000135,0.00165,0.00525,0.082709,2.47819,True
KVAL005,246,8.501833,RElbow,3e-05,0.0,-3e-05,0.0,0.08264,1.320371,True
KVAL005,247,8.535177,RElbow,1.5e-05,0.0,-1.5e-05,0.0,0.005697,1.364778,True
KVAL005,248,8.5685,RElbow,0.000363,-6e-05,0.000195,0.0003,0.037717,0.571014,True
KVAL005,249,8.601844,RElbow,0.0025,0.0,0.002385,-0.00075,0.037631,1.118735,True
KVAL005,250,8.635177,RElbow,0.00251,0.0,0.002205,-0.0012,0.036901,1.126345,True
KVAL005,251,8.668511,RElbow,0.000162,-6e-05,0.0,-0.00015,0.037656,8.58581,True
KVAL005,252,8.701844,RElbow,0.0,0.0,0.0,0.0,0.582524,8.903039,True
KVAL005,253,8.735188,RElbow,0.038964,-0.000795,-0.02046,-0.03315,0.594022,15.967014,True
KVAL005,254,8.7685,RElbow,0.039601,-0.000675,-0.02046,-0.0339,0.482353,12.253539,True
KVAL005,255,8.801844,RElbow,0.0071,0.000495,-0.002145,-0.00675,0.24902,23.525466,True
KVAL005,256,8.835177,RElbow,0.026867,0.002895,-0.00633,-0.02595,1.112898,24.163837,True
KVAL005,257,8.868522,RElbow,0.081228,-0.00159,-0.017295,-0.07935,1.434072,2.949652,True
KVAL005,258,8.901833,RElbow,0.121936,-0.00822,-0.02622,-0.1188,1.229603,6.417277,True
KVAL005,0,0.301866,RWrist,0.339885,-0.03678,-0.06228,0.3321,5.248468,2.551366,True
KVAL005,1,0.3352,RWrist,0.165048,-0.01353,-0.03018,0.1617,5.221607,40.852643,True
KVAL005,2,0.3685,RWrist,0.014928,0.012495,0.00585,-0.0057,2.526505,79.7633,True
KVAL005,3,0.401844,RWrist,0.009452,0.007965,0.004815,-0.00165,0.175203,38.19051,True
KVAL005,4,0.435177,RWrist,0.003694,0.003225,-9e-05,-0.0018,0.09244,40.201614,True
KVAL005,5,0.468522,RWrist,0.004469,0.00402,9e-05,-0.00195,2.656671,40.305159,True
KVAL005,6,0.501833,RWrist,0.175982,0.022995,0.0996,0.14325,2.640455,80.075008,True
KVAL005,7,0.535177,RWrist,0.174839,0.020745,0.089175,0.14895,2.691125,99.577563,True
KVAL005,8,0.5685,RWrist,0.022796,0.01518,-0.015855,0.00615,4.091203,38.754541,True
KVAL005,9,0.601844,RWrist,0.124098,0.007785,0.03651,-0.11835,2.116969,86.457063,True
KVAL005,10,0.635166,RWrist,0.127725,-0.011235,0.03963,-0.1209,1.852017,60.501943,True
KVAL005,11,0.6685,RWrist,0.003991,-0.002715,-0.002415,-0.00165,1.947555,27.07162,True
KVAL005,12,0.701844,RWrist,0.022016,-0.018915,-0.011145,-0.00165,0.275794,30.459429,True
KVAL005,13,0.735177,RWrist,0.021916,-0.01929,-0.01035,-0.00105,0.332902,9.060348,True
KVAL005,14,0.768511,RWrist,0.001218,-0.00045,0.00096,0.0006,0.328936,5.048014,True
KVAL005,15,0.801855,RWrist,0.000181,-7.5e-05,0.000165,0.0,0.018274,9.127938,True
KVAL005,16,0.835177,RWrist,0.0,0.0,0.0,0.0,0.379864,5.692252,True
KVAL005,17,0.868522,RWrist,0.025274,-0.008445,-0.01152,0.02085,0.375544,11.440301,True
KVAL005,18,0.901833,RWrist,0.025036,-0.008535,-0.01092,0.02085,0.382845,11.267797,True
KVAL005,19,0.935177,RWrist,0.000607,-9e-05,0.0006,0.0,0.375642,5.799808,True
KVAL005,20,0.9685,RWrist,1.5e-05,0.0,1.5e-05,0.0,0.008878,20.291281,True
KVAL005,21,1.001844,RWrist,1.5e-05,0.0,1.5e-05,0.0,1.159755,17.56688,True
KVAL005,22,1.035166,RWrist,0.077327,-0.016635,0.050385,0.05625,1.165074,34.71619,True
KVAL005,23,1.068511,RWrist,0.077681,-0.01608,0.05094,0.0564,1.154682,33.38217,True
KVAL005,24,1.101833,RWrist,0.000799,0.000555,0.000555,0.00015,1.062077,19.191656,True
KVAL005,25,1.135177,RWrist,0.008969,0.00384,0.006045,0.0054,0.150776,14.792887,True
KVAL005,26,1.1685,RWrist,0.010734,0.004515,0.00702,0.00675,0.108198,4.166281,True
KVAL005,27,1.201844,RWrist,0.001803,0.00069,0.000975,0.00135,0.132922,6.756431,True
KVAL005,28,1.235177,RWrist,0.004123,0.000615,-0.000465,0.00405,0.428102,7.156981,True
KVAL005,29,1.268511,RWrist,0.028711,-0.02301,0.01653,0.00465,0.439904,18.707961,True
KVAL005,30,1.301833,RWrist,0.02838,-0.02229,0.01755,0.00075,0.850947,48.198086,True
KVAL005,31,1.335177,RWrist,0.033116,0.019695,-0.00444,-0.02625,2.885922,64.808385,True
KVAL005,32,1.3685,RWrist,0.176458,0.043095,-0.09585,0.14175,3.88453,69.20666,True
KVAL005,33,1.401833,RWrist,0.235917,0.02613,-0.061155,0.22635,2.591685,99.338118,True
KVAL005,34,1.435177,RWrist,0.203404,-0.01662,0.057495,0.1944,2.890372,113.878165,True
KVAL005,35,1.468511,RWrist,0.085012,-0.027885,0.03846,0.0705,6.589553,28.456654,True
KVAL005,36,1.501833,RWrist,0.262536,-0.02505,0.09579,-0.24315,3.796854,130.791143,True
KVAL005,37,1.535177,RWrist,0.197615,-0.014595,0.08448,-0.17805,3.538581,75.257517,True
KVAL005,38,1.568511,RWrist,0.20203,0.030015,-0.118365,-0.16095,5.6719,70.006326,True
KVAL005,39,1.601844,RWrist,0.466221,0.06459,-0.197295,-0.41745,1.562638,247.089899,True
KVAL005,40,1.635166,RWrist,0.269104,0.05739,-0.075465,-0.25185,11.202972,105.994316,True
KVAL005,41,1.668511,RWrist,0.296927,0.0825,0.136965,0.2502,5.779711,191.19892,True
KVAL005,42,1.701833,RWrist,0.151197,0.079275,-0.01431,0.12795,2.865784,39.094679,True
KVAL005,43,1.735177,RWrist,0.282705,0.131775,-0.047565,0.24555,3.331605,128.540385,True
KVAL005,44,1.7685,RWrist,0.349797,0.047745,0.010965,0.34635,8.73485,209.472456,True
KVAL005,45,1.801833,RWrist,0.358213,-0.05397,-0.21732,-0.2796,10.711013,169.269486,True
KVAL005,46,1.835177,RWrist,0.373899,-0.017835,-0.127185,-0.35115,2.774218,236.359142,True
KVAL005,47,1.868511,RWrist,0.179454,-0.003525,-0.090195,-0.1551,5.182639,30.922976,True
KVAL005,48,1.901833,RWrist,0.15648,0.068355,-0.139755,-0.0168,2.617564,94.508077,True
KVAL005,49,1.935177,RWrist,0.120618,0.07578,-0.09384,0.0003,1.817288,63.236841,True
KVAL005,50,1.9685,RWrist,0.112935,0.074025,-0.035175,-0.0777,2.176784,22.969805,True
KVAL005,51,2.001844,RWrist,0.15497,0.113685,-0.0018,-0.1053,0.816472,72.076949,True
KVAL005,52,2.035166,RWrist,0.162351,0.112755,-0.024075,-0.1143,3.14671,90.98054,True
KVAL005,53,2.0685,RWrist,0.130822,0.077745,0.040995,0.0969,5.494155,48.231814,True
KVAL005,54,2.101844,RWrist,0.257083,0.06906,0.08442,0.2328,0.329893,140.009017,True
KVAL005,55,2.135177,RWrist,0.118374,0.06036,0.05115,0.08805,4.09802,36.161201,True
KVAL005,56,2.1685,RWrist,0.145865,0.06531,0.124965,-0.03735,2.56901,67.180229,True
KVAL005,57,2.201844,RWrist,0.149734,0.06405,0.11544,-0.07065,0.77124,62.732544,True
KVAL005,58,2.235166,RWrist,0.103131,0.06627,0.07566,-0.0228,1.901353,17.152381,True
KVAL005,59,2.268511,RWrist,0.186136,0.10287,0.14832,0.04545,0.726154,65.328399,True
KVAL005,60,2.301844,RWrist,0.131335,0.08871,0.095655,0.01515,2.831015,43.118876,True
KVAL005,61,2.335188,RWrist,0.020405,0.00204,0.002865,-0.0201,2.353563,38.645702,True
KVAL005,62,2.3685,RWrist,0.032284,-0.00342,-0.03114,0.0078,1.069366,53.887268,True
KVAL005,63,2.401844,RWrist,0.086206,0.03477,-0.035685,-0.07035,1.986943,36.520528,True
KVAL005,64,2.435177,RWrist,0.115726,0.018615,0.01974,-0.1125,1.427375,47.075826,True
KVAL005,65,2.468522,RWrist,0.056227,-0.004485,0.043575,-0.03525,1.24758,28.530791,True
KVAL005,66,2.501833,RWrist,0.048988,-0.02115,0.019905,-0.03945,0.513944,17.966248,True
KVAL005,67,2.535166,RWrist,0.040673,-0.002235,0.009645,-0.03945,1.121733,18.244263,True
KVAL005,68,2.568511,RWrist,0.076556,-0.0627,-0.039135,-0.01995,1.461634,31.735943,True
KVAL005,69,2.601844,RWrist,0.104873,-0.075105,-0.05433,-0.04905,1.062572,48.739519,True
KVAL005,70,2.635177,RWrist,0.079313,-0.039945,0.007575,-0.0681,1.992643,7.679107,True
KVAL005,71,2.668522,RWrist,0.121515,-0.03612,0.06312,-0.09735,1.285698,53.138316,True
KVAL005,72,2.701833,RWrist,0.141436,0.002835,0.035805,-0.1368,1.956099,44.024433,True
KVAL005,73,2.735166,RWrist,0.11919,0.027135,-0.0507,-0.1044,3.137281,51.986335,True
KVAL005,74,2.7685,RWrist,0.308767,0.00126,-0.10695,-0.28965,3.289008,93.660071,True
KVAL005,75,2.801844,RWrist,0.33055,-0.01563,-0.113115,-0.3102,3.323291,97.132183,True
KVAL005,76,2.835166,RWrist,0.094528,0.01659,-0.0555,-0.0747,3.192883,54.656269,True
KVAL005,77,2.868511,RWrist,0.121251,0.008475,-0.05844,-0.1059,0.354347,24.615023,True
KVAL005,78,2.901833,RWrist,0.111944,0.00462,-0.059595,-0.09465,1.717846,31.106562,True
KVAL005,79,2.935166,RWrist,0.007317,-0.001965,-0.00453,-0.0054,1.802439,21.502342,True
KVAL005,80,2.9685,RWrist,0.013718,-0.011265,0.006405,0.0045,0.36789,27.772909,True
KVAL005,81,3.001844,RWrist,0.020875,-0.01653,0.00972,0.00825,0.065117,9.902948,True
KVAL005,82,3.035177,RWrist,0.01081,-0.00996,0.0024,0.00345,0.300379,19.448456,True
KVAL005,83,3.068511,RWrist,0.001093,-0.00033,0.000525,0.0009,1.268597,58.22258,True
KVAL005,84,3.101844,RWrist,0.08877,-0.007935,0.018765,0.0864,3.83786,33.107073,True
KVAL005,85,3.135177,RWrist,0.256616,0.07551,-0.00156,0.24525,3.230064,68.676096,True
KVAL005,86,3.1685,RWrist,0.292466,0.083805,-0.001125,0.2802,1.105852,89.505358,True
KVAL005,87,3.201844,RWrist,0.221355,0.009345,-0.02211,0.22005,2.764507,29.294765,True
KVAL005,88,3.235166,RWrist,0.130436,0.00915,0.050655,0.11985,1.709729,61.29773,True
KVAL005,89,3.2685,RWrist,0.128392,0.01758,0.035595,0.1221,1.978416,32.055095,True
KVAL005,90,3.301833,RWrist,0.162048,0.03399,-0.07758,0.13815,1.252118,41.349257,True
KVAL005,91,3.335177,RWrist,0.087978,-0.004665,-0.03366,0.08115,0.993865,32.616146,True
KVAL005,92,3.3685,RWrist,0.100202,0.003465,-0.043605,0.09015,2.143023,45.470527,True
KVAL005,93,3.401844,RWrist,0.06487,0.0327,-0.011175,-0.0549,3.668882,50.758067,True
KVAL005,94,3.435177,RWrist,0.152775,0.046605,0.006435,-0.14535,1.284401,117.351715,True
KVAL005,95,3.468511,RWrist,0.022095,-0.008055,-0.004395,0.0201,4.2321,11.535918,True
KVAL005,96,3.501844,RWrist,0.13026,-0.052875,0.009705,0.11865,1.314501,72.848591,True
KVAL005,97,3.535177,RWrist,0.107271,0.00081,-0.001965,0.10725,1.000517,27.050454,True
KVAL005,98,3.568511,RWrist,0.10307,-0.00966,-0.03585,0.09615,0.719366,23.815815,True
KVAL005,99,3.601844,RWrist,0.095209,-0.018585,-0.039525,0.0846,0.901873,23.065584,True
KVAL005,100,3.635177,RWrist,0.069475,-0.00567,0.016695,0.0672,0.989644,19.862516,True
KVAL005,101,3.668522,RWrist,0.060142,0.012345,0.01212,0.0576,0.504525,22.951407,True
KVAL005,102,3.701833,RWrist,0.065779,-0.01734,-0.014385,0.0618,0.83258,17.36287,True
KVAL005,103,3.735166,RWrist,0.045216,-0.033375,-0.00354,0.0303,0.968068,18.304345,True
KVAL005,104,3.7685,RWrist,0.001375,-0.000105,0.00024,0.00135,0.668278,14.243199,True
KVAL005,105,3.801844,RWrist,0.000918,-0.000105,0.00015,0.0009,0.020574,9.878994,True
KVAL005,106,3.835166,RWrist,2.1e-05,-1.5e-05,1.5e-05,0.0,0.013718,6.518648,True
KVAL005,107,3.8685,RWrist,2.1e-05,-1.5e-05,1.5e-05,0.0,0.414082,22.419702,True
KVAL005,108,3.901833,RWrist,0.027607,4.5e-05,0.00294,0.02745,1.491288,29.085555,True
KVAL005,109,3.935177,RWrist,0.099401,0.086505,-0.031305,0.03765,1.667843,60.137851,True
KVAL005,110,3.9685,RWrist,0.097652,0.06033,-0.07062,-0.03015,2.629083,53.865287,True
KVAL005,111,4.001844,RWrist,0.098849,-0.068205,-0.05949,-0.03975,2.100261,53.787358,True
KVAL005,112,4.035177,RWrist,0.070166,-0.06696,-0.014175,-0.01545,1.233397,47.24035,True
KVAL005,113,4.068522,RWrist,0.034341,-0.03201,0.007905,-0.0096,2.206259,67.77418,True
KVAL005,114,4.101844,RWrist,0.180397,-0.102165,-0.137505,0.05655,3.558249,61.638651,True
KVAL005,115,4.135177,RWrist,0.233711,-0.06567,-0.213945,0.06735,2.223874,106.252136,True
KVAL005,116,4.1685,RWrist,0.070542,0.02043,-0.056445,0.03705,3.529797,53.084173,True
KVAL005,117,4.201844,RWrist,0.030581,-0.02223,-0.00021,-0.021,2.600411,61.99581,True
KVAL005,118,4.235166,RWrist,0.128074,-0.045,-0.017325,-0.11865,1.240503,143.307867,True
KVAL005,119,4.2685,RWrist,0.063073,-0.01464,0.000225,0.06135,7.144676,71.179791,True
KVAL005,120,4.301844,RWrist,0.34893,0.129855,0.087405,0.31185,5.368639,941.900906,True
KVAL005,121,4.335177,RWrist,0.387671,0.175335,0.234315,0.25425,56.970783,539.885594,True
KVAL005,122,4.3685,RWrist,3.533055,0.73077,0.62625,-3.39945,33.577678,2128.994878,True
KVAL005,123,4.401844,RWrist,2.064088,0.76218,0.21699,-1.9059,85.026874,1101.242239,True
KVAL005,124,4.435177,RWrist,2.15995,-0.0531,-0.50568,2.09925,40.030089,1758.335806,True
KVAL005,125,4.468511,RWrist,0.616632,-0.26442,0.067965,0.5529,33.009851,672.593046,True
KVAL005,126,4.501833,RWrist,0.361237,-0.170415,0.31284,0.05985,14.290111,656.524217,True
KVAL005,127,4.535166,RWrist,1.073993,-1.063275,0.14604,0.03975,14.696011,551.435089,True
KVAL005,128,4.568511,RWrist,1.015798,-0.826155,-0.230565,0.5442,22.86848,383.681483,True
KVAL005,129,4.601844,RWrist,0.848881,0.182085,-0.411675,0.7197,11.632268,473.024201,True
KVAL005,130,4.635188,RWrist,0.435935,-0.10635,0.03066,0.42165,10.192299,183.558599,True
KVAL005,131,4.668522,RWrist,0.782022,-0.244695,0.11688,0.7335,1.188744,294.516707,True
KVAL005,132,4.701855,RWrist,0.509038,-0.124185,0.00276,0.49365,13.873146,184.001703,True
KVAL005,133,4.7352,RWrist,0.143929,0.027825,-0.015135,-0.1404,11.117348,231.026618,True
KVAL005,134,4.768533,RWrist,0.257166,-0.039765,0.09039,-0.23745,2.224125,220.183664,True
KVAL005,135,4.801844,RWrist,0.137541,-0.089895,0.05739,-0.08685,3.56849,42.064693,True
KVAL005,136,4.835177,RWrist,0.079885,-0.065475,0.045465,-0.00525,1.730851,40.731709,True
KVAL005,137,4.868522,RWrist,0.075382,-0.042105,0.059835,0.01815,1.049995,29.011726,True
KVAL005,138,4.901855,RWrist,0.071471,-0.038055,0.024075,0.0555,0.947126,26.146058,True
KVAL005,139,4.935188,RWrist,0.063471,-0.056325,-0.000675,0.02925,1.087771,15.394235,True
KVAL005,140,4.968533,RWrist,0.072194,-0.061275,-0.033585,0.01815,0.589935,18.453753,True
KVAL005,141,5.001866,RWrist,0.034408,-0.02796,-0.01821,0.0084,0.658615,7.109171,True
KVAL005,142,5.035166,RWrist,0.051486,-0.020865,-0.04656,0.0069,0.448351,14.023898,True
KVAL005,143,5.068511,RWrist,0.052715,-0.02205,-0.047445,0.00645,0.752026,14.058435,True
KVAL005,144,5.101844,RWrist,0.00182,-0.001425,-0.00096,-0.0006,0.503482,17.145707,True
KVAL005,145,5.135188,RWrist,0.029133,-0.02475,-0.01518,-0.0024,0.483334,8.697812,True
KVAL005,146,5.1685,RWrist,0.033979,-0.03066,-0.01389,-0.00465,0.626981,12.075432,True
KVAL005,147,5.201833,RWrist,0.057045,-0.04041,-0.0054,-0.0399,0.372266,18.689019,True
KVAL005,148,5.235166,RWrist,0.021701,-0.01929,0.008145,-0.0057,0.737381,15.306554,True
KVAL005,149,5.2685,RWrist,0.0232,0.00543,-0.00399,-0.0222,0.84186,12.540323,True
KVAL005,150,5.301844,RWrist,0.057953,-0.00957,-0.018735,-0.054,0.254066,54.228411,True
KVAL005,151,5.335177,RWrist,0.021166,-0.00105,0.011085,-0.018,4.050675,102.012927,True
KVAL005,152,5.368522,RWrist,0.311462,0.038505,0.09534,-0.294,6.749232,77.708607,True
KVAL005,153,5.401855,RWrist,0.468754,-0.005235,0.040755,-0.46695,2.385609,115.877979,True
KVAL005,154,5.435188,RWrist,0.333193,-0.066105,-0.020115,-0.32595,1.03764,52.934355,True
KVAL005,155,5.468533,RWrist,0.4046,-0.017415,0.01491,-0.40395,1.333901,28.764913,True
KVAL005,156,5.501866,RWrist,0.272563,0.0024,-0.00105,-0.27255,2.592942,30.943115,True
KVAL005,157,5.535177,RWrist,0.247184,-0.016365,0.063975,-0.2382,1.684449,15.565237,True
KVAL005,158,5.568511,RWrist,0.314397,0.000915,0.10899,-0.2949,2.993032,84.74405,True
KVAL005,159,5.601833,RWrist,0.072493,-0.02859,0.05379,-0.0393,4.448402,52.449186,True
KVAL005,160,5.635177,RWrist,0.082381,-0.06609,-0.0279,-0.0405,1.258061,76.475712,True
KVAL005,161,5.6685,RWrist,0.072484,-0.02598,-0.02688,-0.0621,1.41637,18.352709,True
KVAL005,162,5.701833,RWrist,0.054413,-0.012825,0.047925,-0.02235,0.097505,47.65917,True
KVAL005,163,5.735166,RWrist,0.07765,-0.03153,-0.02892,-0.0648,1.867771,18.573916,True
KVAL005,164,5.768511,RWrist,0.08922,-0.02355,-0.07434,-0.04335,1.158213,46.910341,True
KVAL005,165,5.801844,RWrist,0.000671,-0.000585,0.000135,-0.0003,1.675619,51.800855,True
KVAL005,166,5.835177,RWrist,0.122418,0.00207,0.000315,-0.1224,2.46437,45.444443,True
KVAL005,167,5.8685,RWrist,0.164727,-0.033765,0.03774,-0.15675,1.907106,63.073059,True
KVAL005,168,5.901844,RWrist,0.083845,-0.06588,0.045495,-0.0249,1.809169,40.521629,True
KVAL005,169,5.935177,RWrist,0.06769,-0.04842,0.029025,-0.03735,0.866052,23.402976,True
KVAL005,170,5.968522,RWrist,0.054491,-0.01842,0.02097,-0.0468,1.001487,18.817032,True
KVAL005,171,6.001833,RWrist,0.001687,-0.001515,0.000435,0.0006,0.852947,19.222551,True
KVAL005,172,6.035177,RWrist,0.011951,-0.010815,-0.00168,0.0048,0.375056,21.086561,True
KVAL005,173,6.068511,RWrist,0.024937,-0.01011,-0.005175,-0.0222,0.645562,15.345257,True
KVAL005,174,6.101855,RWrist,0.038423,-0.0036,-0.01161,-0.03645,0.65566,23.058605,True
KVAL005,175,6.135166,RWrist,0.021133,0.0006,0.014565,0.0153,1.015809,19.382995,True
KVAL005,176,6.168511,RWrist,0.042097,0.017295,0.038115,0.0045,0.685441,25.879472,True
KVAL005,177,6.201833,RWrist,0.029841,0.01218,0.002235,-0.02715,0.946537,29.81869,True
KVAL005,178,6.235177,RWrist,0.033617,0.010155,-0.02157,0.0237,1.356563,25.858523,True
KVAL005,179,6.2685,RWrist,0.065247,0.01662,-0.00705,0.0627,0.842873,37.714719,True
KVAL005,180,6.301844,RWrist,0.054216,0.03129,0.029685,0.03285,1.245821,24.491375,True
KVAL005,181,6.335166,RWrist,0.054815,0.052095,0.014295,-0.0093,0.794929,35.427281,True
KVAL005,182,6.368511,RWrist,0.030456,0.01632,-0.018795,0.01755,1.12838,18.188047,True
KVAL005,183,6.401844,RWrist,0.051819,0.00837,0.003765,0.051,0.426293,17.031389,True
KVAL005,184,6.435177,RWrist,0.031089,0.01767,0.00885,0.024,0.151477,9.931712,True
KVAL005,185,6.468511,RWrist,0.045493,0.00156,-0.001215,0.04545,0.429718,6.277182,True
KVAL005,186,6.501855,RWrist,0.04549,0.00153,-0.001155,0.04545,0.385617,7.564062,True
KVAL005,187,6.535166,RWrist,0.062418,0.0087,-0.0228,0.05745,0.709195,13.731568,True
KVAL005,188,6.5685,RWrist,0.086084,0.006585,-0.034485,0.0786,0.59211,11.368564,True
KVAL005,189,6.601833,RWrist,0.024256,-0.002115,-0.011685,0.02115,0.30533,24.624955,True
KVAL005,190,6.635177,RWrist,0.083007,-0.00255,-0.04866,0.0672,1.122135,20.765311,True
KVAL005,191,6.668511,RWrist,0.098368,-0.01017,-0.064065,0.07395,1.503601,36.925489,True
KVAL005,192,6.701855,RWrist,0.048672,-0.004215,-0.03621,-0.03225,1.386113,65.557724,True
KVAL005,193,6.735177,RWrist,0.034408,0.027525,-0.02058,0.00165,2.958432,45.8549,True
KVAL005,194,6.768511,RWrist,0.157455,0.00564,0.022755,0.1557,1.947637,77.455858,True
KVAL005,195,6.801833,RWrist,0.118897,-0.018075,0.022455,0.11535,2.235211,56.17053,True
KVAL005,196,6.835177,RWrist,0.035065,0.02943,-0.013755,0.0132,1.798525,32.987553,True
KVAL005,197,6.868511,RWrist,0.03475,0.029685,-0.01389,0.01155,0.403101,27.910147,True
KVAL005,198,6.901844,RWrist,0.031466,0.00795,-0.02922,0.00855,0.324276,13.879273,True
KVAL005,199,6.935177,RWrist,0.033339,0.013455,-0.02817,0.0117,0.729137,32.163879,True
KVAL005,200,6.968522,RWrist,0.057085,0.00444,-0.015,0.0549,1.935379,20.660749,True
KVAL005,201,7.001833,RWrist,0.121594,0.03174,0.068175,0.09555,1.359038,58.486692,True
KVAL005,202,7.035177,RWrist,0.089824,-0.009915,0.074295,0.0495,2.053924,38.432964,True
KVAL005,203,7.0685,RWrist,0.042464,-0.04026,-0.00993,0.00915,1.607749,28.656355,True
KVAL005,204,7.101844,RWrist,0.06601,-0.063405,0.00864,-0.0162,0.440491,43.20926,True
KVAL005,205,7.135177,RWrist,0.071672,-0.068685,-0.0129,0.0159,1.301654,29.141095,True
KVAL005,206,7.168511,RWrist,0.056345,-0.002445,0.045165,0.0336,1.596333,29.370642,True
KVAL005,207,7.201855,RWrist,0.066933,-0.00027,0.06693,-0.0006,1.486229,10.373711,True
KVAL005,208,7.235188,RWrist,0.145552,-0.05442,0.129375,0.03855,1.029935,92.418649,True
KVAL005,209,7.268522,RWrist,0.132112,0.029565,0.12876,0.0006,5.139826,55.229128,True
KVAL005,210,7.301866,RWrist,0.276378,0.21681,0.062115,-0.15975,3.748671,125.518578,True
KVAL005,211,7.3352,RWrist,0.294137,0.161685,0.12507,-0.2115,3.336876,133.752538,True
KVAL005,212,7.368511,RWrist,0.068223,0.055785,0.03843,-0.0081,5.688394,69.46017,True
KVAL005,213,7.401844,RWrist,0.143991,0.06831,-0.0975,0.081,5.594884,50.864994,True
KVAL005,214,7.435166,RWrist,0.340111,0.034575,-0.24567,0.23265,2.330629,162.058654,False
KVAL005,215,7.4685,RWrist,0.269292,0.01134,-0.18135,0.19875,5.424342,58.566354,True
KVAL005,216,7.501844,RWrist,0.103232,-0.016545,-0.06645,-0.07725,1.977367,151.884913,True
KVAL005,217,7.535177,RWrist,0.160359,-0.04773,-0.090945,0.12315,5.14025,34.905001,True
KVAL005,218,7.568511,RWrist,0.267411,0.028125,-0.04611,0.2619,2.17665,137.700527,True
KVAL005,219,7.601855,RWrist,0.090558,0.044895,0.01116,0.07785,4.173589,34.52821,True
KVAL005,220,7.635177,RWrist,0.040742,0.03333,0.022095,-0.0078,1.630445,55.10655,True
KVAL005,221,7.668511,RWrist,0.050477,0.03696,0.01596,-0.03045,0.752506,30.059982,True
KVAL005,222,7.701844,RWrist,0.050909,-0.000285,0.023805,-0.045,0.742038,19.108914,True
KVAL005,223,7.735188,RWrist,0.017493,-0.008175,0.01107,-0.0108,0.638463,15.031464,True
KVAL005,224,7.7685,RWrist,0.008438,-0.00051,0.00483,-0.0069,0.307415,30.750611,True
KVAL005,225,7.801833,RWrist,0.027356,0.00324,0.004995,-0.0267,1.42838,22.417213,True
KVAL005,226,7.835177,RWrist,0.103522,-0.023895,0.0549,-0.08445,1.442062,39.46135,True
KVAL005,227,7.868511,RWrist,0.113262,-0.019155,0.089475,-0.06675,1.250351,46.830173,True
KVAL005,228,7.901844,RWrist,0.041214,0.00798,0.03942,-0.009,1.695962,19.674635,True
KVAL005,229,7.935188,RWrist,0.000302,1.5e-05,3e-05,-0.0003,0.599018,26.501516,True
KVAL005,230,7.9685,RWrist,0.007807,0.000195,0.00027,-0.0078,0.112585,9.137492,True
KVAL005,231,8.001833,RWrist,0.007807,0.00018,0.00027,-0.0078,0.042632,1.811731,True
KVAL005,232,8.035177,RWrist,0.00521,-0.000255,0.001035,-0.0051,0.032687,0.153405,True
KVAL005,233,8.068511,RWrist,0.007865,-0.000525,0.00231,-0.0075,0.04066,5.491793,True
KVAL005,234,8.101844,RWrist,0.002731,-0.00027,0.001275,-0.0024,0.345532,8.255273,True
KVAL005,235,8.135188,RWrist,0.020547,0.01944,-0.006645,-0.0003,0.518943,16.745103,True
KVAL005,236,8.168511,RWrist,0.03551,-0.00516,-0.02301,-0.02655,0.871732,12.598036,True
KVAL005,237,8.201844,RWrist,0.050657,-0.021705,-0.032775,-0.03195,0.344942,24.160619,True
KVAL005,238,8.235166,RWrist,0.017291,0.00354,-0.015585,-0.0066,0.763761,7.948349,True
KVAL005,239,8.268511,RWrist,0.001381,0.000645,0.000825,-0.0009,0.487306,11.39457,True
KVAL005,240,8.301844,RWrist,0.017284,-0.00885,0.014325,-0.0039,0.25454,10.993606,True
KVAL005,241,8.335188,RWrist,0.017471,-0.00894,0.014535,-0.00375,0.256484,7.743778,True
KVAL005,242,8.3685,RWrist,0.000273,-9e-05,0.00021,0.00015,0.262072,3.899352,True
KVAL005,243,8.401844,RWrist,0.0,0.0,0.0,0.0,0.006621,4.02866,True
KVAL005,244,8.435177,RWrist,0.000711,-0.000165,0.000525,0.00045,0.010663,0.260225,True
KVAL005,245,8.468511,RWrist,0.000711,-0.000165,0.000525,0.00045,0.010737,0.320216,True
KVAL005,246,8.501833,RWrist,3.4e-05,-3e-05,-1.5e-05,0.0,0.010696,0.20351,True
KVAL005,247,8.535177,RWrist,4.7e-05,-4.5e-05,-1.5e-05,0.0,0.00289,0.605556,True
KVAL005,248,8.5685,RWrist,0.000189,-4.5e-05,0.000105,0.00015,0.040975,0.711557,True
KVAL005,249,8.601844,RWrist,0.002733,-0.00048,0.001215,-0.0024,0.045916,1.196203,True
KVAL005,250,8.635177,RWrist,0.002967,-0.000465,0.00114,-0.0027,0.038777,1.355919,True
KVAL005,251,8.668511,RWrist,0.000154,-1.5e-05,3e-05,-0.00015,0.044512,3.974698,True
KVAL005,252,8.701844,RWrist,0.0,0.0,0.0,0.0,0.25291,4.108644,True
KVAL005,253,8.735188,RWrist,0.01694,0.000885,-0.01236,-0.01155,0.25566,7.578678,True
KVAL005,254,8.7685,RWrist,0.017044,0.000915,-0.01236,-0.0117,0.252379,8.058876,True
KVAL005,255,8.801844,RWrist,0.000336,1.5e-05,-0.0003,0.00015,0.282475,5.994202,True
KVAL005,256,8.835177,RWrist,0.002717,-0.000135,-0.00027,0.0027,0.400982,9.989843,True
KVAL005,257,8.868522,RWrist,0.026997,0.000645,-0.011745,0.0243,0.708969,4.326846,True
KVAL005,258,8.901833,RWrist,0.049753,0.00153,-0.02355,0.0438,0.684363,0.957763,True
KVAL005,0,0.301866,LShoulder,0.24108,0.18342,0.15372,-0.0291,2.940831,21.616954,True
KVAL005,1,0.3352,LShoulder,0.144931,0.101025,0.103095,-0.01305,2.712164,25.286468,True
KVAL005,2,0.3685,LShoulder,0.07425,0.036015,0.04977,-0.0417,1.692765,30.8503,True
KVAL005,3,0.401844,LShoulder,0.056484,0.02691,0.023685,-0.04365,1.042848,23.724096,True
KVAL005,4,0.435177,LShoulder,0.004784,0.002415,0.00267,-0.00315,0.763074,47.270941,True
KVAL005,5,0.468522,LShoulder,0.005967,0.003045,0.00393,-0.0033,2.792741,46.065408,True
KVAL005,6,0.501833,LShoulder,0.187048,0.1737,-0.011685,0.0684,2.935334,73.388038,True
KVAL005,7,0.535177,LShoulder,0.196815,0.17898,-0.00963,0.0813,2.204091,91.004715,True
KVAL005,8,0.5685,LShoulder,0.081909,0.062925,0.05229,-0.0039,3.970225,24.961242,True
KVAL005,9,0.601844,LShoulder,0.236305,0.120285,0.181125,-0.09255,1.606902,104.023164,True
KVAL005,10,0.635166,LShoulder,0.164607,0.06165,0.133845,-0.07335,3.558738,56.136625,True
KVAL005,11,0.6685,LShoulder,0.003832,-0.001815,0.001545,0.003,2.237719,57.191725,True
KVAL005,12,0.701844,LShoulder,0.025686,-0.00327,0.02493,0.00525,0.373684,30.724254,True
KVAL005,13,0.735177,LShoulder,0.027192,-0.003615,0.02613,0.0066,0.359266,11.638756,True
KVAL005,14,0.768511,LShoulder,0.002217,-0.000405,0.001425,0.00165,0.403411,5.017957,True
KVAL005,15,0.801855,LShoulder,0.000382,-7.5e-05,0.000225,0.0003,0.033262,17.063024,True
KVAL005,16,0.835177,LShoulder,0.0,0.0,0.0,0.0,1.105713,16.174227,True
KVAL005,17,0.868522,LShoulder,0.073445,0.016185,0.011865,-0.07065,1.099328,33.14865,True
KVAL005,18,0.901833,LShoulder,0.073289,0.01605,0.012825,-0.07035,1.104225,32.979239,True
KVAL005,19,0.935177,LShoulder,0.001015,-0.000135,0.00096,0.0003,1.099288,16.605139,True
KVAL005,20,0.9685,LShoulder,1.5e-05,0.0,1.5e-05,0.0,0.015009,14.889937,True
KVAL005,21,1.001844,LShoulder,1.5e-05,0.0,1.5e-05,0.0,0.718619,11.061558,True
KVAL005,22,1.035166,LShoulder,0.047913,0.02982,0.01725,0.0333,0.730203,21.387374,True
KVAL005,23,1.068511,LShoulder,0.048686,0.030225,0.018105,0.0336,0.707237,19.83779,True
KVAL005,24,1.101833,LShoulder,0.000992,0.000405,0.000855,0.0003,0.5963,13.144248,True
KVAL005,25,1.135177,LShoulder,0.011263,0.002835,0.008895,0.0063,0.194336,7.670458,True
KVAL005,26,1.1685,LShoulder,0.013884,0.003405,0.010635,0.00825,0.130117,4.616528,True
KVAL005,27,1.201844,LShoulder,0.002675,0.00057,0.00174,0.00195,0.123449,25.6606,True
KVAL005,28,1.235177,LShoulder,0.007699,0.001455,0.00273,0.00705,1.679181,24.945138,True
KVAL005,29,1.268511,LShoulder,0.112671,-0.098715,0.039855,0.0369,1.643216,60.225572,True
KVAL005,30,1.301833,LShoulder,0.110804,-0.09966,0.03837,0.02955,2.424511,54.724183,True
KVAL005,31,1.335177,LShoulder,0.073382,0.008325,-0.072405,-0.00855,2.236852,47.531987,True
KVAL005,32,1.3685,LShoulder,0.098003,-0.011595,-0.078765,0.05715,1.384211,31.757859,True
KVAL005,33,1.401833,LShoulder,0.107243,0.00654,-0.066915,0.08355,1.75616,33.090151,True
KVAL005,34,1.435177,LShoulder,0.162842,0.080265,-0.061485,0.12765,1.669302,77.590431,True
KVAL005,35,1.468511,LShoulder,0.099347,0.0573,0.031725,0.0747,3.81743,41.498049,True
KVAL005,36,1.501833,LShoulder,0.09918,-0.01284,0.06918,-0.0699,1.976903,77.250842,True
KVAL005,37,1.535177,LShoulder,0.053667,-0.015135,0.03753,-0.03525,1.473543,17.016027,True
KVAL005,38,1.568511,LShoulder,0.02051,-0.01641,-0.008055,-0.0093,1.206466,39.668643,True
KVAL005,39,1.601844,LShoulder,0.111146,-0.03798,0.00339,-0.1044,1.233506,87.309022,True
KVAL005,40,1.635166,LShoulder,0.085448,0.00072,0.03093,-0.07965,4.614279,46.260177,True
KVAL005,41,1.668511,LShoulder,0.21481,0.054,0.135375,0.1578,1.980165,103.730197,True
KVAL005,42,1.701833,LShoulder,0.0591,0.03612,0.00975,0.04575,3.974166,34.104337,False
KVAL005,43,1.735177,LShoulder,0.248636,0.18798,-0.09198,0.13425,3.6885,107.541832,True
KVAL005,44,1.7685,LShoulder,0.290132,0.14973,-0.135915,0.20805,6.740283,149.562458,False
KVAL005,45,1.801833,LShoulder,0.353071,-0.04593,-0.29193,-0.1932,6.913906,146.602211,False
KVAL005,46,1.835177,LShoulder,0.273959,-0.038715,-0.170145,-0.2112,3.328581,253.284509,False
KVAL005,47,1.868511,LShoulder,0.132665,-0.0027,-0.11382,-0.0681,10.125854,88.056989,False
KVAL005,48,1.901833,LShoulder,0.453848,0.069855,-0.055035,0.44505,8.054307,272.548501,False
KVAL005,49,1.935177,LShoulder,0.447756,0.00189,0.04176,0.4458,8.299697,262.20593,True
KVAL005,50,1.9685,LShoulder,0.101736,-0.01044,0.03501,-0.09495,9.80985,119.737585,True
KVAL005,51,2.001844,LShoulder,0.238793,0.05037,0.11688,-0.20205,1.447541,208.49175,True
KVAL005,52,2.035166,LShoulder,0.168909,0.048,0.10707,-0.1215,4.493911,47.776851,True
KVAL005,53,2.0685,LShoulder,0.175262,0.16356,0.02253,0.0588,3.213256,100.240298,True
KVAL005,54,2.101844,LShoulder,0.227863,0.18378,0.127695,0.0429,2.531929,80.491326,True
KVAL005,55,2.135177,LShoulder,0.167987,0.076695,0.14901,-0.01155,2.222533,39.389796,True
KVAL005,56,2.1685,LShoulder,0.150179,0.059895,0.1323,-0.03825,0.832362,46.287318,True
KVAL005,57,2.201844,LShoulder,0.151117,0.06885,0.12099,-0.0588,1.109616,34.264059,True
KVAL005,58,2.235166,LShoulder,0.133992,0.10698,0.077775,-0.02145,1.768162,13.007166,True
KVAL005,59,2.268511,LShoulder,0.223209,0.17886,0.132315,-0.018,0.538302,67.114012,True
KVAL005,60,2.301844,LShoulder,0.163664,0.142575,0.078555,-0.01695,3.183116,110.080375,True
KVAL005,61,2.335188,LShoulder,0.054813,0.036915,-0.015345,0.0375,7.287521,68.586935,True
KVAL005,62,2.3685,LShoulder,0.461509,0.05517,0.022425,0.45765,2.935172,271.795187,True
KVAL005,63,2.401844,LShoulder,0.221311,0.021345,0.093075,0.19965,11.043427,117.211704,True
KVAL005,64,2.435177,LShoulder,0.288264,-0.03975,0.09666,-0.26865,5.099511,186.541482,True
KVAL005,65,2.468522,LShoulder,0.142512,-0.022635,0.04353,-0.1338,1.783161,80.897069,True
KVAL005,66,2.501833,LShoulder,0.192136,-0.04566,0.01113,-0.1863,0.372961,17.812497,True
KVAL005,67,2.535166,LShoulder,0.119326,-0.0258,0.031905,-0.11205,1.748428,14.163913,True
KVAL005,68,2.568511,LShoulder,0.077937,-0.02895,-0.00552,-0.07215,1.316953,17.403564,True
KVAL005,69,2.601844,LShoulder,0.054422,-0.038955,-0.010755,-0.03645,1.29435,43.595141,True
KVAL005,70,2.635177,LShoulder,0.067326,-0.06456,0.01893,0.00255,2.423229,69.61113,True
KVAL005,71,2.668522,LShoulder,0.178745,-0.13734,0.114135,-0.0078,5.832084,114.764038,True
KVAL005,72,2.701833,LShoulder,0.406134,-0.09843,0.096405,0.38205,6.6384,221.98058,True
KVAL005,73,2.735166,LShoulder,0.393641,-0.02304,-0.040245,0.3909,9.059901,244.157588,True
KVAL005,74,2.7685,LShoulder,0.257172,-0.136815,-0.12408,-0.17895,10.016098,168.378316,True
KVAL005,75,2.801844,LShoulder,0.318656,-0.15975,-0.089325,-0.26085,2.831563,189.029543,True
KVAL005,76,2.835166,LShoulder,0.09238,-0.016875,-0.00825,-0.09045,2.927608,55.666913,True
KVAL005,77,2.868511,LShoulder,0.149467,-0.02577,-0.08676,-0.11895,1.030298,32.402055,True
KVAL005,78,2.901833,LShoulder,0.129101,-0.032685,-0.074355,-0.10035,2.208097,44.139978,True
KVAL005,79,2.935166,LShoulder,0.005714,-0.004785,0.001275,-0.00285,2.102219,29.124588,True
KVAL005,80,2.9685,LShoulder,0.02307,-0.017385,0.012525,0.00855,0.416525,32.476955,True
KVAL005,81,3.001844,LShoulder,0.029929,-0.021765,0.013875,0.01515,0.149576,12.679575,True
KVAL005,82,3.035177,LShoulder,0.015621,-0.01179,0.004305,0.0093,0.43325,12.440476,True
KVAL005,83,3.068511,LShoulder,0.001223,-0.00042,0.000465,0.00105,0.779167,114.833307,True
KVAL005,84,3.101844,LShoulder,0.062745,-0.008895,0.02634,0.05625,7.448207,60.641519,True
KVAL005,85,3.135177,LShoulder,0.497594,0.06042,0.072585,0.48855,3.752738,268.953347,True
KVAL005,86,3.1685,LShoulder,0.230131,0.18324,0.11652,-0.0762,10.627553,105.982037,True
KVAL005,87,3.201844,LShoulder,0.260114,0.149265,0.01815,-0.21225,3.403876,157.784405,True
KVAL005,88,3.235166,LShoulder,0.088852,0.060045,-0.01218,0.06435,1.346887,63.655383,True
KVAL005,89,3.2685,LShoulder,0.253244,0.100245,-0.05586,-0.22575,2.476043,93.021727,True
KVAL005,90,3.301833,LShoulder,0.196942,0.132015,-0.146145,0.00015,6.129815,71.3639,True
KVAL005,91,3.335177,LShoulder,0.253261,0.10224,-0.157335,0.1701,2.568895,175.36922,True
KVAL005,92,3.3685,LShoulder,0.182453,0.063675,-0.088575,0.14625,5.867282,98.944363,True
KVAL005,93,3.401844,LShoulder,0.150362,-0.030315,0.036615,-0.14265,5.026451,119.456938,True
KVAL005,94,3.435177,LShoulder,0.15544,-0.059415,0.03825,-0.13845,2.207981,122.460539,True
KVAL005,95,3.468511,LShoulder,0.017052,-0.01674,-0.00288,-0.0015,3.145061,19.702267,True
KVAL005,96,3.501844,LShoulder,0.059569,0.00225,-0.035205,0.048,1.210513,39.050384,True
KVAL005,97,3.535177,LShoulder,0.074364,0.02304,-0.043035,0.0561,0.611276,21.639702,True
KVAL005,98,3.568511,LShoulder,0.097465,0.02178,-0.060735,0.07305,0.237241,27.820917,True
KVAL005,99,3.601844,LShoulder,0.060113,0.01281,-0.03468,0.0474,1.280346,10.91672,True
KVAL005,100,3.635177,LShoulder,0.027923,0.0132,0.008055,0.02325,0.801956,23.53402,True
KVAL005,101,3.668522,LShoulder,0.041456,0.03159,0.010035,0.0249,0.355234,22.324741,True
KVAL005,102,3.701833,LShoulder,0.032308,0.000765,-0.01077,0.03045,0.874199,10.853877,True
KVAL005,103,3.735166,LShoulder,0.033803,-0.02379,-0.00798,0.02265,0.464083,19.254992,True
KVAL005,104,3.7685,LShoulder,0.001505,4.5e-05,0.00012,0.0015,0.497014,6.68752,True
KVAL005,105,3.801844,LShoulder,0.001052,1.5e-05,6e-05,0.00105,0.02035,7.311703,True
KVAL005,106,3.835166,LShoulder,0.000151,-1.5e-05,0.0,0.00015,0.015782,4.637261,True
KVAL005,107,3.8685,LShoulder,1.5e-05,-1.5e-05,0.0,0.0,0.289785,21.657583,True
KVAL005,108,3.901833,LShoulder,0.019459,0.00492,-0.00291,0.0186,1.445818,21.133269,True
KVAL005,109,3.935177,LShoulder,0.096373,0.09393,-0.01605,-0.0144,1.14982,68.414773,True
KVAL005,110,3.9685,LShoulder,0.060489,0.01554,-0.01644,-0.0561,3.15395,40.19769,True
KVAL005,111,4.001844,LShoulder,0.120624,-0.11592,-0.01938,-0.02715,1.949678,59.852062,True
KVAL005,112,4.035177,LShoulder,0.110485,-0.102375,-0.04092,-0.0072,0.912299,53.754963,True
KVAL005,113,4.068522,LShoulder,0.070383,-0.06294,-0.0315,0.00015,3.266534,63.918036,True
KVAL005,114,4.101844,LShoulder,0.252319,-0.05355,-0.2295,0.09015,4.653744,82.914304,True
KVAL005,115,4.135177,LShoulder,0.335693,-0.019155,-0.300525,0.14835,2.631493,149.600387,True
KVAL005,116,4.1685,LShoulder,0.095951,0.02214,-0.075075,0.0555,5.349132,67.881882,True
KVAL005,117,4.201844,LShoulder,0.121475,-0.11019,-0.017205,-0.04815,4.174877,80.49739,True
KVAL005,118,4.235166,LShoulder,0.207649,-0.181095,0.047715,-0.0897,2.231937,126.720011,True
KVAL005,119,4.2685,LShoulder,0.084298,-0.01035,0.083595,-0.0033,5.038063,51.472638,True
KVAL005,120,4.301844,LShoulder,0.193529,0.14694,0.112155,-0.0573,4.817724,1236.443621,True
KVAL005,121,4.335177,LShoulder,0.36928,0.2265,0.264315,-0.1233,77.899972,1160.858606,True
KVAL005,122,4.3685,LShoulder,5.08537,-4.14954,-0.790335,-2.83155,73.753953,2456.054394,True
KVAL005,123,4.401844,LShoulder,4.673683,-4.309785,-1.12296,-1.41705,87.330232,2113.503668,True
KVAL005,124,4.435177,LShoulder,1.49543,-0.22152,-0.331935,1.4412,67.241676,1540.216968,True
KVAL005,125,4.468511,LShoulder,0.296115,-0.2658,0.10509,0.0774,22.599613,237.946981,True
KVAL005,126,4.501833,LShoulder,0.26334,-0.128565,0.225465,0.04455,65.557051,1076.947443,True
KVAL005,127,4.535166,LShoulder,4.161279,3.89046,1.38156,0.5214,66.873919,1895.296152,True
KVAL005,128,4.568511,LShoulder,4.399128,4.13154,1.15593,0.9729,61.211424,2007.439292,True
KVAL005,129,4.601844,LShoulder,0.579156,0.208035,-0.37218,0.39195,67.081223,882.746716,True
KVAL005,130,4.635188,LShoulder,0.147273,-0.025095,-0.134025,-0.05565,6.557478,1013.026039,True
KVAL005,131,4.668522,LShoulder,0.246424,-0.094335,-0.135615,0.18285,2.542748,80.860787,True
KVAL005,132,4.701855,LShoulder,0.155093,-0.04722,-0.099825,0.1089,5.445915,103.093499,True
KVAL005,133,4.7352,LShoulder,0.146556,-0.0549,0.051615,-0.1257,5.234599,105.97674,True
KVAL005,134,4.768533,LShoulder,0.274536,-0.228315,0.075495,-0.13245,2.936847,113.112144,True
KVAL005,135,4.801844,LShoulder,0.259693,-0.2433,0.01206,-0.09,2.425944,78.761803,True
KVAL005,136,4.835177,LShoulder,0.113604,-0.09981,0.02667,-0.04725,2.453634,24.349326,True
KVAL005,137,4.868522,LShoulder,0.101018,-0.08535,0.022995,-0.0489,1.06119,29.863954,True
KVAL005,138,4.901855,LShoulder,0.06993,-0.05991,-0.026925,-0.024,1.385844,8.909303,True
KVAL005,139,4.935188,LShoulder,0.053539,-0.039765,-0.035265,0.00645,0.554317,22.388939,True
KVAL005,140,4.968533,LShoulder,0.078597,-0.052365,-0.058305,-0.006,0.197765,10.236091,True
KVAL005,141,5.001866,LShoulder,0.048994,-0.03543,-0.03333,-0.00585,0.541695,7.831676,True
KVAL005,142,5.035166,LShoulder,0.06401,-0.016515,-0.06114,-0.0093,0.514191,15.094581,True
KVAL005,143,5.068511,LShoulder,0.065286,-0.01734,-0.062205,-0.0096,0.937771,16.112519,True
KVAL005,144,5.101844,LShoulder,0.001637,-0.00102,-0.001245,-0.0003,0.612754,20.526823,True
KVAL005,145,5.135188,LShoulder,0.027719,-0.015495,-0.022935,0.0015,0.467519,15.958071,True
KVAL005,146,5.1685,LShoulder,0.032791,-0.0219,-0.024315,-0.0021,0.820886,12.590439,True
KVAL005,147,5.201833,LShoulder,0.063777,-0.04395,-0.013335,-0.04425,0.736312,16.253619,True
KVAL005,148,5.235166,LShoulder,0.061307,-0.045735,-0.00516,-0.0405,0.38269,17.301903,True
KVAL005,149,5.2685,LShoulder,0.047982,-0.018525,-0.012015,-0.0426,0.571614,7.724148,True
KVAL005,150,5.301844,LShoulder,0.047597,-0.010155,-0.018645,-0.0426,0.599414,35.122334,True
KVAL005,151,5.335177,LShoulder,0.011643,6e-05,-0.00903,-0.00735,2.060074,45.978837,True
KVAL005,152,5.368522,LShoulder,0.152592,-0.02748,0.09711,-0.11445,2.607181,60.610936,True
KVAL005,153,5.401855,LShoulder,0.173419,-0.0597,0.10257,-0.12645,2.097293,76.777074,True
KVAL005,154,5.435188,LShoulder,0.065492,0.0501,0.006345,-0.0417,2.781411,38.984897,True
KVAL005,155,5.468533,LShoulder,0.116029,0.0915,0.010965,-0.0705,0.718052,50.611374,True
KVAL005,156,5.501866,LShoulder,0.057848,0.00534,0.000405,-0.0576,1.421052,15.416016,True
KVAL005,157,5.535177,LShoulder,0.066159,0.022005,-0.046545,-0.04155,0.384586,24.60149,True
KVAL005,158,5.568511,LShoulder,0.051997,0.02223,-0.01407,-0.04485,1.182737,17.334172,True
KVAL005,159,5.601833,LShoulder,0.025152,-0.025005,0.002355,-0.00135,1.037129,24.285116,True
KVAL005,160,5.635177,LShoulder,0.056595,-0.03561,-0.040335,-0.01755,0.501869,25.34836,True
KVAL005,161,5.6685,LShoulder,0.037906,-0.018285,-0.0105,-0.0315,0.934629,12.009188,True
KVAL005,162,5.701833,LShoulder,0.053473,-0.035955,0.019665,-0.03435,0.355481,32.239565,True
KVAL005,163,5.735166,LShoulder,0.03456,-0.027375,-0.01803,-0.01095,1.33376,10.141302,True
KVAL005,164,5.768511,LShoulder,0.043067,0.00408,-0.037545,0.0207,0.51016,31.181905,True
KVAL005,165,5.801844,LShoulder,0.000558,-0.000495,-0.00021,-0.00015,1.049892,29.214071,True
KVAL005,166,5.835177,LShoulder,0.070672,-0.00369,-0.052425,-0.04725,1.535032,24.597736,True
KVAL005,167,5.8685,LShoulder,0.102682,-0.02049,-0.0915,-0.04185,0.618046,44.742648,True
KVAL005,168,5.901844,LShoulder,0.057773,-0.00723,-0.056955,-0.00645,1.472093,14.745935,True
KVAL005,169,5.935177,LShoulder,0.025539,0.015555,-0.01704,0.01095,0.99131,22.764321,True
KVAL005,170,5.968522,LShoulder,0.023576,0.00594,0.000825,0.0228,0.397149,20.222367,True
KVAL005,171,6.001833,LShoulder,0.001415,-0.001335,-0.000135,-0.00045,0.474051,8.664595,True
KVAL005,172,6.035177,LShoulder,0.010443,-0.0072,-0.005445,-0.00525,0.275027,8.903712,True
KVAL005,173,6.068511,LShoulder,0.018163,0.006675,-0.0126,-0.01125,0.354083,7.373016,True
KVAL005,174,6.101855,LShoulder,0.024456,0.011595,-0.01854,-0.01095,0.440623,16.444358,True
KVAL005,175,6.135166,LShoulder,0.035169,0.034395,-0.00462,-0.0057,0.978029,16.080787,True
KVAL005,176,6.168511,LShoulder,0.055105,0.04125,0.03171,0.01815,0.771058,25.005347,True
KVAL005,177,6.201833,LShoulder,0.02609,-0.00573,0.023385,0.01005,0.730892,20.474118,True
KVAL005,178,6.235177,LShoulder,0.011818,0.004395,0.00066,0.01095,0.85036,22.550527,True
KVAL005,179,6.2685,LShoulder,0.057963,0.025755,0.00168,0.0519,0.802007,30.561543,True
KVAL005,180,6.301844,LShoulder,0.061242,0.053565,0.01662,0.0246,1.280655,25.797668,True
KVAL005,181,6.335166,LShoulder,0.059869,0.026265,0.0507,-0.018,0.970354,39.054415,True
KVAL005,182,6.368511,LShoulder,0.032737,-0.009315,0.027885,0.0144,1.332496,24.911322,True
KVAL005,183,6.401844,LShoulder,0.069888,0.03939,0.005685,0.05745,0.709662,25.905541,True
KVAL005,184,6.435177,LShoulder,0.04625,0.0312,0.011205,0.03225,0.538232,14.519189,True
KVAL005,185,6.468511,LShoulder,0.039072,0.010065,0.00798,0.0369,0.328124,10.463342,True
KVAL005,186,6.501855,LShoulder,0.038925,0.010035,0.007995,0.03675,0.339479,11.218207,True
KVAL005,187,6.535166,LShoulder,0.034801,0.026655,0.00525,0.02175,0.432366,7.922994,True
KVAL005,188,6.5685,LShoulder,0.042337,0.035175,0.00594,0.0228,0.418433,16.819441,True
KVAL005,189,6.601833,LShoulder,0.008612,0.00852,0.00069,0.00105,0.797375,7.125232,True
KVAL005,190,6.635177,LShoulder,0.021071,-0.01323,0.016065,0.0033,0.337225,19.834581,True
KVAL005,191,6.668511,LShoulder,0.016528,-0.011085,0.00702,0.01005,0.809965,15.025857,True
KVAL005,192,6.701855,LShoulder,0.035116,0.0045,-0.03204,-0.01365,0.674556,38.15082,True
KVAL005,193,6.735177,LShoulder,0.031003,0.026895,-0.015375,0.0012,2.08983,24.003623,True
KVAL005,194,6.768511,LShoulder,0.12248,0.058935,0.012405,0.10665,1.303888,55.051219,True
KVAL005,195,6.801833,LShoulder,0.092288,0.034755,0.00495,0.08535,1.604925,36.776995,True
KVAL005,196,6.835177,LShoulder,0.016527,0.012135,0.002445,0.01095,1.172033,23.113633,True
KVAL005,197,6.868511,LShoulder,0.016479,0.012495,0.00228,0.0105,0.161663,20.35739,True
KVAL005,198,6.901844,LShoulder,0.014738,0.009915,-0.00762,0.0078,0.204189,16.288317,True
KVAL005,199,6.935177,LShoulder,0.028001,0.01692,-0.003405,0.02205,1.007315,24.730391,True
KVAL005,200,6.968522,LShoulder,0.076951,0.02418,-0.000645,0.07305,1.640253,32.088585,True
KVAL005,201,7.001833,LShoulder,0.119194,0.01194,0.092715,0.07395,1.519772,49.419397,True
KVAL005,202,7.035177,LShoulder,0.089794,-0.002385,0.085605,0.027,1.66631,50.811056,True
KVAL005,203,7.0685,LShoulder,0.036909,0.005415,-0.01104,0.0348,1.877204,30.38078,True
KVAL005,204,7.101844,LShoulder,0.079383,0.019455,-0.02946,0.0711,1.196286,43.189558,True
KVAL005,205,7.135177,LShoulder,0.11511,0.042345,-0.03996,0.0993,1.009279,48.847054,True
KVAL005,206,7.168511,LShoulder,0.065984,0.014805,0.03537,0.0537,2.090871,39.228669,True
KVAL005,207,7.201855,LShoulder,0.046464,-0.01137,0.04497,0.0027,1.783968,61.014388,True
KVAL005,208,7.235188,LShoulder,0.142108,0.09894,-0.03804,0.09465,2.228501,58.493192,True
KVAL005,209,7.268522,LShoulder,0.132585,0.119775,0.000915,0.05685,2.210821,65.262043,True
KVAL005,210,7.301866,LShoulder,0.081219,0.045135,0.0672,0.0066,2.1296,60.369151,True
KVAL005,211,7.3352,LShoulder,0.035842,-0.001605,0.03477,-0.00855,2.295683,75.572605,True
KVAL005,212,7.368511,LShoulder,0.096278,0.04353,-0.08349,-0.0201,3.208075,45.874217,True
KVAL005,213,7.401844,LShoulder,0.18427,0.118065,-0.13578,0.03975,2.049332,113.724149,True
KVAL005,214,7.435166,LShoulder,0.126861,-0.09309,-0.083625,-0.02085,4.720886,9.981795,True
KVAL005,215,7.4685,LShoulder,0.177346,-0.173625,-0.031995,-0.0168,1.593482,84.373046,True
KVAL005,216,7.501844,LShoulder,0.217354,-0.19563,-0.094605,0.00465,2.185765,77.025151,True
KVAL005,217,7.535177,LShoulder,0.258515,-0.197025,-0.160245,0.0483,3.73489,95.627332,True
KVAL005,218,7.568511,LShoulder,0.119255,0.036945,-0.069165,0.08985,4.916333,53.846354,True
KVAL005,219,7.601855,LShoulder,0.105696,0.097995,-0.01806,0.03525,1.677291,67.096944,True
KVAL005,220,7.635177,LShoulder,0.092842,0.08781,0.00939,0.02865,0.625947,28.539542,True
KVAL005,221,7.668511,LShoulder,0.117862,0.114255,0.018195,0.0225,0.866137,33.5686,True
KVAL005,222,7.701844,LShoulder,0.045257,0.04383,0.00717,-0.0087,1.943313,9.219565,True
KVAL005,223,7.735188,LShoulder,0.018751,-0.011655,0.01263,-0.0075,0.67947,34.016697,True
KVAL005,224,7.7685,LShoulder,0.007859,-0.001305,0.005835,-0.0051,0.437801,17.138794,True
KVAL005,225,7.801833,LShoulder,0.02445,0.002955,0.01692,0.0174,1.210093,33.341179,True
KVAL005,226,7.835177,LShoulder,0.087959,-0.03783,0.04482,-0.06555,1.843627,34.291654,True
KVAL005,227,7.868511,LShoulder,0.115422,-0.03183,0.063825,-0.09075,1.123432,53.339206,True
KVAL005,228,7.901844,LShoulder,0.037659,0.008985,0.03573,-0.0078,1.729506,18.885499,True
KVAL005,229,7.935188,LShoulder,0.000151,1.5e-05,1.5e-05,-0.00015,0.549548,27.212925,True
KVAL005,230,7.9685,LShoulder,0.007368,0.00051,9e-05,-0.00735,0.108276,8.268809,True
KVAL005,231,8.001833,LShoulder,0.007369,0.000525,9e-05,-0.00735,0.047908,1.906603,True
KVAL005,232,8.035177,LShoulder,0.004206,0.0,0.000225,-0.0042,0.02931,0.305582,True
KVAL005,233,8.068511,LShoulder,0.006476,-0.00042,0.00144,-0.0063,0.035351,11.812927,True
KVAL005,234,8.101844,LShoulder,0.00246,-0.000405,0.001215,-0.0021,0.778179,9.954347,True
KVAL005,235,8.135188,LShoulder,0.050556,0.050025,0.005085,0.00525,0.645059,24.720146,True
KVAL005,236,8.168511,LShoulder,0.042823,0.039045,-0.01242,-0.01245,0.911297,16.88456,True
KVAL005,237,8.201844,LShoulder,0.02748,6e-05,-0.02385,-0.01365,0.496376,18.152207,True
KVAL005,238,8.235166,LShoulder,0.014309,0.01179,-0.00618,0.00525,0.423659,6.644999,True
KVAL005,239,8.268511,LShoulder,0.001425,0.00075,0.000165,0.0012,0.270751,6.105223,True
KVAL005,240,8.301844,LShoulder,0.004715,-0.00105,0.003825,-0.00255,0.083397,4.962546,True
KVAL005,241,8.335188,LShoulder,0.004837,-0.001215,0.004185,-0.0021,0.070019,2.323003,True
KVAL005,242,8.3685,LShoulder,0.000599,-0.000165,0.00036,0.00045,0.072561,1.006888,True
KVAL005,243,8.401844,LShoulder,0.0,0.0,0.0,0.0,0.009527,1.139161,True
KVAL005,244,8.435177,LShoulder,0.001211,-0.00027,0.00054,0.00105,0.018168,0.412427,True
KVAL005,245,8.468511,LShoulder,0.001211,-0.00027,0.00054,0.00105,0.018073,0.542074,True
KVAL005,246,8.501833,LShoulder,3e-05,-3e-05,0.0,0.0,0.017973,0.344994,True
KVAL005,247,8.535177,LShoulder,3.4e-05,-3e-05,1.5e-05,0.0,0.004955,0.505327,True
KVAL005,248,8.5685,LShoulder,0.000334,-6e-05,0.000135,0.0003,0.027173,0.500878,True
KVAL005,249,8.601844,LShoulder,0.001835,-0.000645,0.001545,-0.00075,0.03125,0.796014,True
KVAL005,250,8.635177,LShoulder,0.001995,-0.000615,0.00147,-0.0012,0.02593,0.9147,True
KVAL005,251,8.668511,LShoulder,0.000159,-3e-05,4.5e-05,-0.00015,0.029922,7.81071,True
KVAL005,252,8.701844,LShoulder,0.0,0.0,0.0,0.0,0.497538,7.890104,True
KVAL005,253,8.735188,LShoulder,0.03326,0.00369,0.030915,-0.0117,0.499958,14.971403,True
KVAL005,254,8.7685,LShoulder,0.033331,0.00372,0.03093,-0.01185,0.500557,15.117334,True
KVAL005,255,8.801844,LShoulder,0.000239,4.5e-05,-0.00018,-0.00015,0.507997,10.761091,True
KVAL005,256,8.835177,LShoulder,0.001218,-0.000195,-7.5e-05,0.0012,0.249162,14.801913,True
KVAL005,257,8.868522,LShoulder,0.016578,-0.005625,0.0108,-0.01125,0.53113,4.430428,True
KVAL005,258,8.901833,LShoulder,0.034548,-0.01083,0.02136,-0.0249,0.540773,0.567402,True
