video_id,frame_index,timestamp_sec,joint_name,speed_ms,velocity_x,velocity_y,velocity_z,accel_ms2,jerk_ms3,reference_valid
KVAL001,0,0.0,Neck,0.000404,0.0,-0.00027,0.0003,7.58991,113.843018,True
KVAL001,1,0.301866,Neck,0.252911,0.145515,-0.11256,-0.17355,3.795821,168.546415,True
KVAL001,2,0.3352,Neck,0.252973,0.14466,-0.115605,-0.17235,3.692541,111.760945,True
KVAL001,3,0.368511,Neck,0.048308,-0.0309,-0.010215,-0.0357,3.689802,56.718774,True
KVAL001,4,0.401844,Neck,0.048452,-0.03003,-0.007125,-0.03735,0.524401,72.871446,True
KVAL001,5,0.435188,Neck,0.014614,-0.00492,-0.004365,-0.01305,2.167606,59.005225,True
KVAL001,6,0.468522,Neck,0.161443,0.020925,0.087195,-0.13425,3.7021,39.801033,True
KVAL001,7,0.501855,Neck,0.255531,0.024435,0.118635,-0.225,1.446487,93.661772,True
KVAL001,8,0.5352,Neck,0.207444,-0.031515,0.04122,-0.20085,2.59074,83.85396,True
KVAL001,9,0.568533,Neck,0.103586,-0.028455,0.013365,-0.0987,4.436426,55.544565,True
KVAL001,10,0.601844,Neck,0.096698,0.058095,-0.005565,0.0771,4.803634,52.415091,True
KVAL001,11,0.635177,Neck,0.217038,0.08043,-0.021825,0.2004,1.725955,117.619656,True
KVAL001,12,0.6685,Neck,0.177294,0.008265,-0.054675,0.16845,3.092541,71.524712,True
KVAL001,13,0.701833,Neck,0.047627,-0.01089,-0.043215,0.0168,3.219212,41.020797,True
KVAL001,14,0.735177,Neck,0.038231,-0.010815,0.012,-0.03465,1.081252,46.575122,True
KVAL001,15,0.768511,Neck,0.033396,-0.010485,0.01224,-0.02925,0.42341,16.322034,True
KVAL001,16,0.801844,Neck,0.051739,0.005385,-0.004035,-0.0513,0.456732,14.688825,True
KVAL001,17,0.835188,Neck,0.054612,-0.000195,-0.001125,-0.0546,0.608742,21.499414,True
KVAL001,18,0.868511,Neck,0.015937,-0.008655,-0.00093,-0.01335,1.089274,11.012946,True
KVAL001,19,0.901844,Neck,0.025759,0.00498,-0.020115,0.0153,0.681219,17.188713,True
KVAL001,20,0.935177,Neck,0.030454,0.025425,-0.00195,0.01665,0.376162,18.943734,True
KVAL001,21,0.968511,Neck,0.023126,0.00444,0.003945,0.02235,0.633504,16.596978,True
KVAL001,22,1.001833,Neck,0.020095,-0.015255,-0.0099,0.00855,0.988509,19.846366,True
KVAL001,23,1.035166,Neck,0.044458,-0.01464,0.01209,-0.0402,1.166226,23.692908,True
KVAL001,24,1.0685,Neck,0.067945,-0.001785,-0.004065,-0.0678,0.644246,31.321412,True
KVAL001,25,1.101833,Neck,0.017832,0.012945,-0.004125,-0.01155,0.978797,13.646242,True
KVAL001,26,1.135177,Neck,0.016116,0.006495,0.013665,-0.00555,0.287442,34.467472,True
KVAL001,27,1.168511,Neck,0.028017,0.002295,-0.005115,-0.02745,1.385095,15.168429,True
KVAL001,28,1.201855,Neck,0.10142,0.012615,0.02871,-0.09645,1.232571,43.313414,True
KVAL001,29,1.235188,Neck,0.105976,-0.010515,0.02733,-0.10185,1.568303,49.040844,True
KVAL001,30,1.268522,Neck,0.029559,-0.010425,-0.02571,-0.0102,2.039034,24.263097,True
KVAL001,31,1.301866,Neck,0.035232,0.01872,-0.01995,0.0222,0.721034,50.003743,True
KVAL001,32,1.3352,Neck,0.024068,0.00096,0.007185,0.02295,1.368653,27.160474,True
KVAL001,33,1.368511,Neck,0.05643,-0.020145,0.03627,-0.03825,1.273496,30.665275,True
KVAL001,34,1.401844,Neck,0.063688,-0.004455,0.017055,-0.0612,0.767128,29.722375,True
KVAL001,35,1.435166,Neck,0.034028,0.00771,-0.00624,-0.03255,0.724792,17.98967,True
KVAL001,36,1.468511,Neck,0.024292,-0.0141,0.014025,-0.01395,0.477033,8.75987,True
KVAL001,37,1.501833,Neck,0.027122,-0.00972,0.01668,-0.01905,0.793413,11.551284,True
KVAL001,38,1.535177,Neck,0.034963,0.01503,0.009825,0.03,0.798756,87.799406,True
KVAL001,39,1.5685,Neck,0.037483,-0.006555,0.014235,0.03405,6.2118,128.55389,True
KVAL001,40,1.601833,Neck,0.432445,-0.16446,-0.088005,0.39015,9.318417,187.81698,True
KVAL001,41,1.635166,Neck,0.652676,-0.156885,-0.108675,0.62415,6.327494,351.512984,True
KVAL001,42,1.668511,Neck,0.07659,0.048375,0.035565,0.04755,14.126188,58.780757,True
KVAL001,43,1.701844,Neck,0.297035,0.034905,0.122145,-0.2685,4.405132,231.767141,True
KVAL001,44,1.735188,Neck,0.260258,0.011145,0.117315,-0.23205,1.877365,117.468868,True
KVAL001,45,1.7685,Neck,0.213687,0.092625,0.04698,-0.18675,3.564234,32.416326,True
KVAL001,46,1.801844,Neck,0.091979,0.076185,-0.018375,-0.04815,2.929413,55.018494,True
KVAL001,47,1.835166,Neck,0.048955,0.047445,-0.010635,-0.0057,1.895474,27.495231,True
KVAL001,48,1.8685,Neck,0.038948,-0.01611,0.003855,0.03525,3.509966,19.053304,True
KVAL001,49,1.901833,Neck,0.201846,-0.11754,-0.060075,0.1527,1.84351,89.609493,True
KVAL001,50,1.935177,Neck,0.157047,-0.07431,-0.050775,0.1287,2.628321,58.396401,True
KVAL001,51,1.968522,Neck,0.08783,-0.0036,0.04725,0.07395,2.100574,55.205695,True
KVAL001,52,2.001855,Neck,0.068714,-0.000495,0.042105,0.0543,1.904096,38.735351,True
KVAL001,53,2.035188,Neck,0.097956,0.03699,-0.071625,0.05565,1.181621,45.683047,True
KVAL001,54,2.068533,Neck,0.053711,0.03525,-0.02454,0.03225,1.691925,25.279245,True
KVAL001,55,2.101866,Neck,0.043148,0.016605,-0.012075,-0.03795,1.680689,34.069838,True
KVAL001,56,2.135166,Neck,0.089608,-0.00927,-0.062895,-0.06315,1.034507,58.404221,True
KVAL001,57,2.168511,Neck,0.043902,-0.04047,-0.01701,0.00045,2.258995,41.203633,True
KVAL001,58,2.201833,Neck,0.081404,0.006735,-0.016875,0.07935,1.925764,58.430388,True
KVAL001,59,2.235166,Neck,0.08871,0.052815,0.070605,-0.00975,2.074801,49.515074,True
KVAL001,60,2.268511,Neck,0.075544,0.044475,0.049215,-0.03615,1.771716,70.308719,True
KVAL001,61,2.301844,Neck,0.087971,0.037305,-0.00519,0.0795,2.666485,42.733209,True
KVAL001,62,2.335177,Neck,0.132743,0.049215,-0.043905,0.1152,1.208545,77.878144,True
KVAL001,63,2.368522,Neck,0.040316,0.0402,0.003,-0.0006,2.536796,35.792624,True
KVAL001,64,2.401844,Neck,0.081912,0.05052,0.06237,-0.01635,1.221522,64.784163,True
KVAL001,65,2.435188,Neck,0.092301,0.04725,-0.03321,0.072,1.845673,40.296265,True
KVAL001,66,2.468511,Neck,0.067766,0.0222,-0.034635,0.05385,1.502395,16.547766,True
KVAL001,67,2.501844,Neck,0.014782,0.00705,0.001545,-0.0129,0.768351,30.620502,True
KVAL001,68,2.535166,Neck,0.113614,0.01917,-0.07887,0.0795,0.899896,62.8988,True
KVAL001,69,2.568511,Neck,0.051625,0.00216,0.039135,0.0336,3.426655,32.260497,True
KVAL001,70,2.601833,Neck,0.122965,0.02214,0.11166,-0.0465,1.532288,92.326684,True
KVAL001,71,2.635177,Neck,0.077939,0.011445,-0.06183,0.04605,2.970536,45.347792,True
KVAL001,72,2.668511,Neck,0.090349,-0.02124,-0.081135,-0.0336,1.717148,84.89163,True
KVAL001,73,2.701855,Neck,0.08866,0.081,0.02649,0.02445,3.691758,42.729512,True
KVAL001,74,2.735166,Neck,0.1873,0.0978,0.015345,0.159,1.151952,103.622809,True
KVAL001,75,2.768511,Neck,0.043403,0.02166,-0.02187,0.0306,3.345307,18.413373,True
KVAL001,76,2.801844,Neck,0.03844,-0.024945,0.010875,-0.02715,0.826335,56.193949,True
KVAL001,77,2.835188,Neck,0.018967,-0.0189,0.00105,0.0012,0.461029,8.596501,True
KVAL001,78,2.868511,Neck,0.019052,0.002835,0.012495,-0.0141,0.489079,16.319116,True
KVAL001,79,2.901844,Neck,0.038743,-0.02157,0.020205,-0.02505,0.683222,19.247385,True
KVAL001,80,2.935166,Neck,0.040366,-0.03939,-0.003495,-0.0081,0.921294,20.544728,True
KVAL001,81,2.9685,Neck,0.049487,-0.01578,-0.040905,-0.02295,0.808342,21.650703,True
KVAL001,82,3.001844,Neck,0.045265,0.0003,-0.01611,-0.0423,0.530368,17.040147,True
KVAL001,83,3.035177,Neck,0.025945,-0.019125,-0.00633,-0.01635,0.382512,7.856493,True
KVAL001,84,3.0685,Neck,0.049313,-0.02457,-0.019695,-0.03795,0.299382,18.125513,True
KVAL001,85,3.101833,Neck,0.037415,-0.03657,-0.003585,-0.00705,1.228266,19.666596,True
KVAL001,86,3.135166,Neck,0.053428,-0.036735,0.025485,0.02925,1.275568,25.782902,True
KVAL001,87,3.168511,Neck,0.067772,0.003975,-0.000855,0.06765,1.045903,34.44828,True
KVAL001,88,3.201833,Neck,0.059214,0.0114,-0.017685,0.05535,1.099755,38.00053,True
KVAL001,89,3.235166,Neck,0.008091,0.004965,0.003165,-0.00555,1.712246,14.486893,True
KVAL001,90,3.2685,Neck,0.064209,-0.042975,-0.01584,-0.045,1.228018,35.254428,True
KVAL001,91,3.301844,Neck,0.081845,-0.045675,-0.027495,-0.0621,0.744962,36.50744,True
KVAL001,92,3.335166,Neck,0.0251,0.00123,-0.008175,-0.0237,1.208709,12.397821,True
KVAL001,93,3.368511,Neck,0.001508,-0.001035,0.000315,-0.00105,0.183279,29.020653,True
KVAL001,94,3.401844,Neck,0.031398,-0.001425,0.000975,-0.03135,0.866555,6.817667,True
KVAL001,95,3.435177,Neck,0.058578,0.00708,-0.0129,-0.0567,0.281962,26.179735,True
KVAL001,96,3.4685,Neck,0.030098,0.00846,-0.013845,-0.02535,0.878857,8.808524,True
KVAL001,97,3.501833,Neck,5.4e-05,-4.5e-05,3e-05,0.0,0.451467,13.185577,True
KVAL001,98,3.535177,Neck,0.0,0.0,0.0,0.0,0.000811,6.772007,True
KVAL001,99,3.568511,Neck,0.0,0.0,0.0,0.0,0.0,4.737597,True
KVAL001,100,3.601844,Neck,0.0,0.0,0.0,0.0,0.315499,4.747517,True
KVAL001,101,3.635188,Neck,0.021033,0.003255,0.020775,0.00045,0.316501,9.377415,True
KVAL001,102,3.668511,Neck,0.0211,0.003225,0.02085,0.0003,0.309823,8.754613,True
KVAL001,103,3.701855,Neck,0.00102,-0.000165,0.00045,-0.0009,0.281991,11.182446,True
KVAL001,104,3.735177,Neck,0.009128,0.006165,0.00333,-0.00585,0.482604,9.641037,True
KVAL001,105,3.768522,Neck,0.031862,0.002955,0.023235,0.0216,0.373853,15.364267,True
KVAL001,106,3.801833,Neck,0.025217,0.005955,0.02214,0.0105,0.890106,16.977709,True
KVAL001,107,3.835177,Neck,0.066657,0.060075,0.028185,0.0063,1.135353,31.460707,True
KVAL001,108,3.8685,Neck,0.086933,0.0768,0.017565,0.03675,1.383019,26.281784,True
KVAL001,109,3.901844,Neck,0.081867,0.016905,-0.00696,0.0798,0.939809,31.396697,True
KVAL001,110,3.935166,Neck,0.088792,0.032295,0.017445,0.08085,0.924123,45.094433,True
KVAL001,111,3.9685,Neck,0.060761,0.038775,-0.035895,0.03,2.650315,41.333659,True
KVAL001,112,4.001833,Neck,0.123119,-0.01092,-0.120975,-0.0201,3.504929,35.963801,True
KVAL001,113,4.035166,Neck,0.223246,-0.00186,-0.13545,-0.17745,0.816062,109.953259,True
KVAL001,114,4.0685,Neck,0.135734,-0.009045,-0.11346,-0.07395,3.868923,40.17372,True
KVAL001,115,4.101844,Neck,0.075579,-0.00972,-0.041295,0.06255,2.226574,68.088832,True
KVAL001,116,4.135166,Neck,0.013219,-0.002925,0.010485,0.0075,0.857094,51.101097,True
KVAL001,117,4.1685,Neck,0.067059,0.030015,-0.05502,0.02385,1.378953,37.098491,True
KVAL001,118,4.201833,Neck,0.082843,-0.021255,-0.01743,-0.07815,2.279728,42.195797,True
KVAL001,119,4.235177,Neck,0.094394,-0.048375,0.028845,-0.07575,1.55439,65.53559,True
KVAL001,120,4.268511,Neck,0.050593,0.0501,-0.005865,-0.0039,2.118854,36.398956,True
KVAL001,121,4.301855,Neck,0.060693,0.050235,-0.03387,0.0036,1.272179,46.687102,True
KVAL001,122,4.335177,Neck,0.077696,0.00459,-0.07743,-0.0045,1.106835,29.982432,True
KVAL001,123,4.368511,Neck,0.058768,-0.00801,-0.041235,-0.0411,0.951242,16.039361,True
KVAL001,124,4.401833,Neck,0.028035,-0.01449,-0.01974,0.01365,0.154749,27.379697,True
KVAL001,125,4.435177,Neck,0.067383,-0.009615,-0.051315,-0.0426,1.153829,22.118283,True
KVAL001,126,4.468511,Neck,0.071597,-0.00807,-0.03627,-0.0612,1.326678,30.993391,True
KVAL001,127,4.501855,Neck,0.027487,0.00039,0.027285,-0.0033,1.405773,34.277286,True
KVAL001,128,4.535166,Neck,0.074845,0.04866,0.03627,-0.0438,1.270056,32.684023,True
KVAL001,129,4.568511,Neck,0.080847,0.057225,-0.005445,-0.05685,1.002259,44.808332,True
KVAL001,130,4.601833,Neck,0.014147,0.014085,-0.001185,-0.0006,1.786329,11.534938,True
KVAL001,131,4.635177,Neck,0.047731,0.00072,0.005565,0.0474,0.401372,33.716865,True
KVAL001,132,4.6685,Neck,0.02683,0.00834,0.00015,0.0255,0.483909,16.496681,True
KVAL001,133,4.701833,Neck,0.030656,0.01821,-0.00732,0.02355,0.717701,11.000196,True
KVAL001,134,4.735166,Neck,0.036743,0.030675,-0.014355,-0.01425,1.031259,10.457212,True
KVAL001,135,4.768511,Neck,0.050434,0.01218,-0.02328,-0.04305,0.637849,12.585391,True
KVAL001,136,4.801833,Neck,0.060175,0.01299,-0.04548,-0.0372,0.304271,15.600245,True
KVAL001,137,4.835177,Neck,0.069846,0.02259,-0.034455,-0.0564,0.470205,14.625575,True
KVAL001,138,4.8685,Neck,0.043859,0.016335,-0.014325,-0.0381,0.701312,29.093452,True
KVAL001,139,4.901844,Neck,0.029678,0.022275,-0.007785,-0.018,1.627693,39.891364,True
KVAL001,140,4.935177,Neck,0.126316,0.092835,-0.08526,-0.00825,2.465254,44.877852,True
KVAL001,141,4.968511,Neck,0.176094,0.097155,-0.139755,0.04515,1.757251,83.114783,True
KVAL001,142,5.001844,Neck,0.076252,0.01914,-0.032745,0.06615,3.092136,60.176105,True
KVAL001,143,5.035177,Neck,0.057592,-0.00699,0.006,-0.05685,2.775781,39.190363,True
KVAL001,144,5.0685,Neck,0.117622,0.030375,0.012435,-0.11295,0.843614,67.475789,True
KVAL001,145,5.101844,Neck,0.085593,-0.000135,0.06177,-0.05925,2.005577,19.100525,True
KVAL001,146,5.135166,Neck,0.063779,-0.01743,0.06132,0.00195,1.214201,35.7739,True
KVAL001,147,5.1685,Neck,0.089709,0.029655,0.0837,0.01275,1.017709,85.535752,True
KVAL001,148,5.201844,Neck,0.044917,0.029865,0.01971,0.02715,5.407142,42.141829,True
KVAL001,149,5.235177,Neck,0.284785,0.060525,-0.273195,0.05295,3.162395,174.682056,True
KVAL001,150,5.268522,Neck,0.189013,0.00345,-0.18873,0.00975,6.446196,129.922724,True
KVAL001,151,5.301855,Neck,0.180086,-0.12078,0.11622,0.06585,5.630843,132.376655,True
KVAL001,152,5.335188,Neck,0.193256,-0.00783,0.175425,-0.0807,4.32741,149.879372,True
KVAL001,153,5.368533,Neck,0.199564,0.082155,0.117045,-0.1392,4.577066,89.391356,True
KVAL001,154,5.401866,Neck,0.147225,0.119445,-0.084645,0.0156,3.445016,107.391052,True
KVAL001,155,5.435166,Neck,0.168359,0.05163,-0.1095,-0.117,3.420383,66.466101,True
KVAL001,156,5.468511,Neck,0.164063,-0.040245,-0.063555,-0.1458,1.390904,74.447307,True
KVAL001,157,5.501844,Neck,0.079406,0.040485,-0.044415,-0.0519,1.735597,31.721759,True
KVAL001,158,5.535177,Neck,0.064077,-0.014145,-0.052695,-0.0336,1.759281,21.859577,True
KVAL001,159,5.5685,Neck,0.10483,-0.062625,-0.08325,-0.0117,0.503094,72.147242,True
KVAL001,160,5.601844,Neck,0.045533,-0.02841,-0.034305,-0.00945,3.912935,44.46898,True
KVAL001,161,5.635177,Neck,0.216297,-0.092865,0.14928,-0.126,3.111647,100.981158,True
KVAL001,162,5.668522,Neck,0.186168,-0.05994,0.161145,-0.0714,3.30021,77.217669,True
KVAL001,163,5.701833,Neck,0.075977,0.030045,0.06108,0.03375,2.301911,61.385129,True
KVAL001,164,5.735177,Neck,0.091114,0.046335,0.051075,-0.05955,1.860935,37.116149,True
KVAL001,165,5.7685,Neck,0.151334,0.11544,0.081705,-0.05385,1.051739,43.312505,True
KVAL001,166,5.801844,Neck,0.135854,0.093375,0.09396,-0.03015,1.332861,37.403865,True
KVAL001,167,5.835166,Neck,0.080579,0.072255,0.006345,-0.0351,1.629651,15.853473,True
KVAL001,168,5.868511,Neck,0.156465,0.084075,0.041985,-0.1251,0.442755,84.451028,True
KVAL001,169,5.901844,Neck,0.061568,0.04569,-0.005115,-0.04095,4.478207,31.824487,True
KVAL001,170,5.935177,Neck,0.165444,0.032085,-0.064815,0.1488,2.18568,102.621647,True
KVAL001,171,5.9685,Neck,0.109593,0.007245,-0.070905,0.08325,2.515985,44.734093,True
KVAL001,172,6.001844,Neck,0.040274,-0.002835,-0.037995,-0.01305,1.466009,74.056896,True
KVAL001,173,6.035177,Neck,0.099501,-0.002325,0.0255,0.09615,2.741591,23.165156,True
KVAL001,174,6.068511,Neck,0.163576,-0.056625,0.01803,0.1524,0.896688,82.634199,True
KVAL001,175,6.101833,Neck,0.098045,-0.055815,0.03654,0.07185,2.906712,38.881027,True
KVAL001,176,6.135177,Neck,0.05262,0.02706,0.039945,-0.021,2.38556,48.22905,True
KVAL001,177,6.168511,Neck,0.071241,0.012225,0.010125,-0.06945,1.02958,32.920226,True
KVAL001,178,6.201855,Neck,0.046733,-0.023745,-0.002025,-0.0402,0.416039,25.633266,True
KVAL001,179,6.235166,Neck,0.083367,0.03978,0.00984,-0.0726,1.205921,44.378417,True
KVAL001,180,6.268511,Neck,0.114193,-0.038745,0.06,-0.0891,2.592118,19.281086,True
KVAL001,181,6.301844,Neck,0.170835,-0.11169,0.090705,-0.0921,0.729917,92.122261,True
KVAL001,182,6.335177,Neck,0.139248,-0.08733,0.05847,-0.09135,6.070447,161.963579,True
KVAL001,183,6.3685,Neck,0.520998,-0.16884,0.04839,-0.4905,10.803372,131.074554,True
KVAL001,184,6.401833,Neck,0.824031,-0.08712,0.147105,-0.8061,3.607022,338.557121,True
KVAL001,185,6.435166,Neck,0.391188,0.03804,0.095655,-0.3774,11.832873,82.462978,True
KVAL001,186,6.4685,Neck,0.05,0.003195,-0.02694,-0.042,5.424029,173.394078,True
KVAL001,187,6.501833,Neck,0.032863,0.00363,-0.00603,-0.0321,0.492543,75.220784,True
KVAL001,188,6.535177,Neck,0.01835,0.00174,-0.00507,-0.01755,0.473191,43.26733,True
KVAL001,189,6.568511,Neck,0.001703,0.000135,0.000795,-0.0015,2.467253,44.240499,True
KVAL001,190,6.601855,Neck,0.175806,-0.07308,-0.13347,-0.08805,2.641196,75.110561,True
KVAL001,191,6.635166,Neck,0.17617,-0.073185,-0.133395,-0.0888,2.540929,48.456553,True
KVAL001,192,6.668511,Neck,0.011895,-0.0009,-0.00051,-0.01185,0.606101,68.287657,True
KVAL001,193,6.701833,Neck,0.137443,-0.06378,-0.104985,-0.06165,2.021184,24.013377,True
KVAL001,194,6.735177,Neck,0.140345,-0.071535,-0.104175,-0.06105,2.070588,63.325826,True
KVAL001,195,6.768511,Neck,0.04088,0.000645,0.014805,-0.0381,2.211622,53.001129,True
KVAL001,196,6.801855,Neck,0.032541,0.009195,0.01458,-0.0276,3.63685,48.237278,True
KVAL001,197,6.835166,Neck,0.209609,0.111885,0.005955,0.17715,3.436314,101.613592,True
KVAL001,198,6.868511,Neck,0.209516,0.112185,0.005955,0.17685,3.146851,99.177838,True
KVAL001,199,6.901833,Neck,0.000586,0.000375,-1.5e-05,-0.00045,3.186075,36.915843,True
KVAL001,200,6.935177,Neck,0.003763,0.00036,-0.001035,-0.0036,1.326604,33.013069,True
KVAL001,201,6.9685,Neck,0.088203,-0.07974,-0.032445,-0.0192,2.233101,23.869751,True
KVAL001,202,7.001844,Neck,0.150183,-0.125355,-0.065925,-0.04995,0.6506,61.670467,True
KVAL001,203,7.035177,Neck,0.090323,-0.057105,-0.044145,-0.0543,1.882423,57.745439,True
KVAL001,204,7.068522,Neck,0.029181,-0.01626,-0.01068,-0.02175,3.481658,27.208817,True
KVAL001,205,7.101833,Neck,0.164731,-0.00897,0.155265,0.0543,2.953198,91.624193,True
KVAL001,206,7.135177,Neck,0.169437,0.070755,0.11532,0.102,4.196946,69.690876,True
KVAL001,207,7.1685,Neck,0.236127,0.213885,-0.007695,0.09975,5.664059,148.494977,True
KVAL001,208,7.201844,Neck,0.489051,0.23913,0.019605,0.42615,8.913583,113.014946,True
KVAL001,209,7.235177,Neck,0.685579,0.08616,-0.007725,0.6801,3.416805,251.528089,True
KVAL001,210,7.268522,Neck,0.451153,0.013005,0.007695,0.4509,8.120344,91.910261,True
KVAL001,211,7.301833,Neck,0.144388,0.01215,-0.002715,0.14385,6.251647,89.043997,True
KVAL001,212,7.335177,Neck,0.190655,-0.152805,-0.08202,0.0792,2.334978,110.789555,True
KVAL001,213,7.3685,Neck,0.046576,0.007305,-0.045645,-0.0057,4.694356,53.204297,True
KVAL001,214,7.401833,Neck,0.127889,0.07839,0.040215,-0.0927,2.189593,93.863843,True
KVAL001,215,7.435166,Neck,0.15058,-0.130425,-0.064455,0.03885,1.607766,103.130412,True
KVAL001,216,7.4685,Neck,0.059347,-0.01695,0.007335,-0.0564,5.840054,77.417852,True
KVAL001,217,7.501833,Neck,0.359849,-0.131805,0.064095,-0.32865,6.006069,147.584654,True
KVAL001,218,7.535166,Neck,0.44431,-0.34734,-0.07821,-0.2658,4.075447,206.067574,True
KVAL001,219,7.568511,Neck,0.103152,-0.063045,-0.019215,-0.07935,7.945174,55.698515,True
KVAL001,220,7.601844,Neck,0.2319,0.133935,0.1119,-0.1527,2.026612,182.017971,True
KVAL001,221,7.635177,Neck,0.097546,-0.055755,0.078945,0.0132,6.380305,32.466854,True
KVAL001,222,7.668522,Neck,0.21263,-0.10608,0.011805,0.1839,1.530371,97.368906,True
KVAL001,223,7.701833,Neck,0.119504,-0.048975,0.03282,0.10395,2.715424,93.539845,True
KVAL001,224,7.735177,Neck,0.33408,-0.043875,0.132675,0.30345,7.460528,64.34008,True
KVAL001,225,7.7685,Neck,0.606255,-0.045,0.085545,0.5985,3.13644,197.864197,True
KVAL001,226,7.801844,Neck,0.419117,0.014955,-0.03234,0.4176,5.995641,84.509688,True
KVAL001,227,7.835177,Neck,0.258139,0.06918,-0.055605,0.2424,3.566116,64.119563,True
KVAL001,228,7.868522,Neck,0.197238,0.039225,-0.06225,0.183,2.839102,30.299808,True
KVAL001,229,7.901833,Neck,0.078327,0.015765,-0.04647,0.06105,2.403624,34.71829,True
KVAL001,230,7.935177,Neck,0.037674,0.0012,-0.01104,0.036,1.347643,49.762072,True
KVAL001,231,7.9685,Neck,0.037814,-0.02055,0.02469,0.01995,1.029329,37.05737,True
KVAL001,232,8.001833,Neck,0.104319,-0.011625,-0.00813,0.10335,1.232805,26.695711,True
KVAL001,233,8.035177,Neck,0.092178,-4.5e-05,-0.009855,0.09165,0.78498,28.386264,True
KVAL001,234,8.068511,Neck,0.055455,-0.00759,0.00924,0.05415,0.663422,12.936856,True
KVAL001,235,8.101833,Neck,0.05146,-0.00879,0.003945,0.05055,0.558732,11.685192,True
KVAL001,236,8.135166,Neck,0.041697,-0.00369,-0.02244,0.03495,0.680491,12.688755,True
KVAL001,237,8.168511,Neck,0.035024,0.005055,-0.02757,0.021,0.625683,14.089289,True
KVAL001,238,8.201844,Neck,3.4e-05,-1.5e-05,3e-05,0.0,0.526916,16.808175,True
KVAL001,239,8.235166,Neck,0.000151,-1.5e-05,1.5e-05,-0.00015,1.666311,30.623119,True
KVAL001,240,8.2685,Neck,0.111102,-0.03003,0.03939,-0.09945,2.491878,40.516153,True
KVAL001,241,8.301844,Neck,0.166267,0.000855,0.072345,-0.1497,1.177889,66.338965,True
KVAL001,242,8.335177,Neck,0.06774,0.03096,0.033015,-0.0504,1.940434,22.750118,True
KVAL001,243,8.3685,Neck,0.041788,0.00246,0.001155,-0.0417,0.653098,21.667203,True
KVAL001,244,8.401844,Neck,0.041199,0.00246,0.00144,-0.0411,0.640017,11.544423,True
KVAL001,245,8.435177,Neck,0.001058,0.000135,0.00054,0.0009,0.622323,9.799917,True
KVAL001,246,8.468522,Neck,0.000378,4.5e-05,0.000225,0.0003,0.01576,9.400526,True
KVAL001,247,8.501833,Neck,1.5e-05,0.0,1.5e-05,0.0,0.005291,0.239839,True
KVAL001,248,8.535166,Neck,4.5e-05,0.0,4.5e-05,0.0,0.00045,0.076143,True
KVAL001,249,8.5685,Neck,4.5e-05,0.0,4.5e-05,0.0,0.00045,0.0135,True
KVAL001,250,8.601844,Neck,1.5e-05,0.0,1.5e-05,0.0,0.00045,0.003375,True
KVAL001,251,8.635166,Neck,1.5e-05,0.0,1.5e-05,0.0,0.000225,0.003375,True
KVAL001,252,8.668511,Neck,0.0,0.0,0.0,0.0,0.000225,0.003375,True
KVAL001,253,8.701833,Neck,0.0,0.0,0.0,0.0,0.0,3.119137,True
KVAL001,254,8.735177,Neck,0.0,0.0,0.0,0.0,0.207823,3.129921,True
KVAL001,255,8.768511,Neck,0.013855,-0.001125,0.007335,0.0117,0.208661,6.222223,True
KVAL001,256,8.801855,Neck,0.013911,-0.001125,0.00744,0.0117,0.206994,8.992455,True
KVAL001,257,8.835166,Neck,0.000105,0.0,0.000105,0.0,0.699971,15.085851,True
KVAL001,258,8.8685,Neck,0.056079,-0.032205,0.00096,0.0459,0.841073,23.006235,True
KVAL001,259,8.901833,Neck,0.056074,-0.03219,0.00111,0.0459,0.841284,25.232622,True
KVAL001,260,8.935166,Neck,0.000151,1.5e-05,0.00015,0.0,0.841103,12.620757,True
KVAL001,261,8.968511,Neck,0.0,0.0,0.0,0.0,0.002261,12.616539,True
KVAL001,262,9.001844,Neck,0.0,0.0,0.0,0.0,0.0,1.963931,True
KVAL001,263,9.035166,Neck,0.0,0.0,0.0,0.0,0.128732,1.961557,True
KVAL001,264,9.0685,Neck,0.008582,0.00021,0.008355,0.00195,0.13077,9.733671,True
KVAL001,265,9.101844,Neck,0.008718,0.00015,0.00846,0.0021,0.544736,9.877923,True
KVAL001,266,9.135177,Neck,0.030224,-0.00135,-0.013515,-0.027,0.551926,14.88145,True
KVAL001,267,9.168511,Neck,0.030535,-0.00126,-0.01362,-0.0273,0.451379,14.470431,True
KVAL001,268,9.201844,Neck,0.000157,4.5e-05,0.0,-0.00015,0.415203,7.397788,True
KVAL001,269,9.235177,Neck,0.003266,0.000825,-0.000255,-0.00315,0.046597,5.608507,True
KVAL001,270,9.268522,Neck,0.003262,0.00081,-0.000255,-0.00315,0.048993,1.433008,True
KVAL001,271,9.301833,Neck,0.0,0.0,0.0,0.0,0.048937,0.734898,True
KVAL001,272,9.335177,Neck,0.0,0.0,0.0,0.0,0.0,0.734053,True
KVAL001,273,9.3685,Neck,0.0,0.0,0.0,0.0,0.0,0.0,True
KVAL001,274,9.401844,Neck,0.0,0.0,0.0,0.0,0.0,0.0,True
KVAL001,275,9.435177,Neck,0.0,0.0,0.0,0.0,0.0,19.19676,True
KVAL001,276,9.468522,Neck,0.0,0.0,0.0,0.0,1.279784,19.197389,True
KVAL001,277,9.501844,Neck,0.085319,-0.0033,0.00591,-0.08505,1.279826,38.392897,True
KVAL001,278,9.535188,Neck,0.085322,-0.003345,0.005925,-0.08505,1.279743,38.394777,True
KVAL001,279,9.5685,Neck,4.7e-05,-4.5e-05,1.5e-05,0.0,1.279826,19.195521,True
KVAL001,280,9.601844,Neck,0.0,0.0,0.0,0.0,0.000712,19.197389,True
KVAL001,281,9.635177,Neck,0.0,0.0,0.0,0.0,0.0,0.010673,True
KVAL001,282,9.668522,Neck,0.0,0.0,0.0,0.0,0.0,0.0,True
KVAL001,283,9.701833,Neck,0.0,0.0,0.0,0.0,0.0,0.0,True
KVAL001,284,9.735177,Neck,0.0,0.0,0.0,0.0,0.0,0.0,True
KVAL001,285,9.7685,Neck,0.0,0.0,0.0,0.0,0.0,0.0,True
KVAL001,286,9.801844,Neck,0.0,0.0,0.0,0.0,0.0,0.0,True
KVAL001,287,9.835177,Neck,0.0,0.0,0.0,0.0,0.0,0.0,True
KVAL001,288,9.868511,Neck,0.0,0.0,0.0,0.0,0.0,0.0,True
KVAL001,289,9.901833,Neck,0.0,0.0,0.0,0.0,0.0,0.0,True
KVAL001,290,9.935177,Neck,0.0,0.0,0.0,0.0,0.0,0.0,True
KVAL001,291,9.968511,Neck,0.0,0.0,0.0,0.0,0.0,0.0,True
KVAL001,292,10.001844,Neck,0.0,0.0,0.0,0.0,0.0,0.0,True
KVAL001,293,10.035177,Neck,0.0,0.0,0.0,0.0,0.0,0.0,True
KVAL001,294,10.068511,Neck,0.0,0.0,0.0,0.0,0.0,0.0,True
KVAL001,295,10.101833,Neck,0.0,0.0,0.0,0.0,0.0,0.0,True
KVAL001,296,10.135177,Neck,0.0,0.0,0.0,0.0,0.0,0.0,True
KVAL001,297,10.168511,Neck,0.0,0.0,0.0,0.0,0.0,0.0,True
KVAL001,298,10.201855,Neck,0.0,0.0,0.0,0.0,0.0,0.0,True
KVAL001,299,10.235177,Neck,0.0,0.0,0.0,0.0,0.0,0.0,True
KVAL001,300,10.268511,Neck,0.0,0.0,0.0,0.0,0.0,0.0,True
KVAL001,301,10.301833,Neck,0.0,0.0,0.0,0.0,0.0,0.0,True
KVAL001,302,10.335166,Neck,0.0,0.0,0.0,0.0,0.0,7.658592,True
KVAL001,303,10.3685,Neck,0.0,0.0,0.0,0.0,0.510573,7.632538,True
KVAL001,304,10.401844,Neck,0.034038,0.010965,0.02262,-0.02295,0.508836,15.343285,True
KVAL001,305,10.435166,Neck,0.033922,0.01095,0.022605,-0.0228,0.512314,19.686171,True
KVAL001,306,10.468511,Neck,0.000151,-1.5e-05,-1.5e-05,0.00015,0.850326,7.932483,True
KVAL001,307,10.501844,Neck,0.032763,-0.01971,0.011415,0.02355,0.491069,19.371963,True
KVAL001,308,10.535177,Neck,0.03285,-0.019605,0.011535,0.0237,0.490152,14.757201,True
KVAL001,309,10.568511,Neck,0.000219,0.000105,0.00012,0.00015,0.492745,7.334396,True
KVAL001,310,10.601844,Neck,0.0,0.0,0.0,0.0,0.003166,5.110603,True
KVAL001,311,10.635177,Neck,1.5e-05,0.0,1.5e-05,0.0,0.21771,3.170952,True
KVAL001,312,10.668511,Neck,0.014514,0.00273,0.000375,-0.01425,0.21324,6.632545,True
KVAL001,313,10.701833,Neck,0.014216,0.0027,0.000465,-0.01395,0.224465,6.431501,True
KVAL001,314,10.735166,Neck,0.000474,-6e-05,0.000135,0.00045,0.215527,3.468622,True
KVAL001,315,10.768511,Neck,0.000156,-3e-05,3e-05,0.00015,0.007104,3.267202,True
KVAL001,316,10.801844,Neck,0.0,0.0,0.0,0.0,0.002306,0.821353,True
KVAL001,317,10.835166,Neck,1.5e-05,0.0,1.5e-05,0.0,0.048071,0.7496,True
KVAL001,318,10.868511,Neck,0.003205,-0.001365,0.00138,0.00255,0.047878,1.440682,True
KVAL001,319,10.901844,Neck,0.003198,-0.001365,0.001365,0.00255,0.047975,1.436347,True
KVAL001,320,10.935177,Neck,1.5e-05,-1.5e-05,0.0,0.0,0.047878,0.718209,True
KVAL001,321,10.9685,Neck,1.5e-05,-1.5e-05,0.0,0.0,0.000225,2.622314,True
KVAL001,322,11.001833,Neck,0.0,0.0,0.0,0.0,0.12922,1.939157,True
KVAL001,323,11.035177,Neck,0.008618,-0.002055,0.00141,0.00825,0.129226,3.878464,True
KVAL001,324,11.068511,Neck,0.008615,-0.001965,0.001515,0.00825,0.129354,3.876769,True
KVAL001,325,11.101833,Neck,0.000138,9e-05,0.000105,0.0,0.129226,1.942021,True
KVAL001,326,11.135166,Neck,0.0,0.0,0.0,0.0,0.002074,1.938384,True
KVAL001,327,11.1685,Neck,0.0,0.0,0.0,0.0,0.0,0.031116,True
KVAL001,328,11.201833,Neck,0.0,0.0,0.0,0.0,0.0,0.0,True
KVAL001,329,11.235177,Neck,0.0,0.0,0.0,0.0,0.0,0.0,True
KVAL001,330,11.268511,Neck,0.0,0.0,0.0,0.0,0.0,0.0,True
KVAL001,331,11.301844,Neck,0.0,0.0,0.0,0.0,0.0,0.0,True
KVAL001,332,11.335188,Neck,0.0,0.0,0.0,0.0,0.0,0.0,True
KVAL001,333,11.368511,Neck,0.0,0.0,0.0,0.0,0.0,0.0,True
KVAL001,334,11.401855,Neck,0.0,0.0,0.0,0.0,0.0,0.0,True
KVAL001,335,11.435177,Neck,0.0,0.0,0.0,0.0,0.0,0.0,True
KVAL001,0,0.0,RShoulder,0.000997,0.00039,0.00018,0.0009,9.698412,140.523497,False
KVAL001,1,0.301866,RShoulder,0.324174,0.15474,-0.08478,0.27195,5.025879,170.184963,False
KVAL001,2,0.3352,RShoulder,0.335971,0.16347,-0.0726,0.2844,1.940456,106.734609,False
KVAL001,3,0.368511,RShoulder,0.230142,0.039765,-0.077145,0.21315,2.354797,44.140643,False
KVAL001,4,0.401844,RShoulder,0.221672,0.0315,-0.08835,0.20085,3.35927,58.48911,False
KVAL001,5,0.435188,RShoulder,0.048007,0.021945,0.037005,0.0213,3.079936,69.133242,False
KVAL001,6,0.468522,RShoulder,0.154944,0.074895,0.087315,0.1038,3.351581,83.077111,False
KVAL001,7,0.501855,RShoulder,0.27126,0.13311,0.21357,0.10125,8.310212,123.631929,False
KVAL001,8,0.5352,RShoulder,0.56213,0.12438,0.451785,-0.3105,6.589803,300.718644,False
KVAL001,9,0.568533,RShoulder,0.437726,0.04782,0.29208,-0.3225,11.749542,259.039241,False
KVAL001,10,0.601844,RShoulder,0.27318,0.075915,-0.10125,0.2421,11.232671,232.223042,False
KVAL001,11,0.635177,RShoulder,0.321095,0.057975,-0.17379,0.2637,5.140393,261.446914,False
KVAL001,12,0.6685,RShoulder,0.135851,-0.08115,-0.089415,-0.06225,6.566681,94.998473,False
KVAL001,13,0.701833,RShoulder,0.147653,-0.084105,-0.018105,-0.12,1.763233,133.036219,False
KVAL001,14,0.735177,RShoulder,0.021902,-0.012645,-0.005235,-0.0171,2.83882,3.675914,False
KVAL001,15,0.768511,RShoulder,0.052728,0.0327,0.037095,0.0183,1.584979,39.486796,False
KVAL001,16,0.801844,RShoulder,0.090297,0.051735,0.072765,0.0135,0.212958,32.554488,False
KVAL001,17,0.835188,RShoulder,0.066311,0.04161,0.0441,0.02685,0.821207,8.722643,False
KVAL001,18,0.868511,RShoulder,0.064508,0.04086,0.02721,0.04185,0.506048,9.976304,False
KVAL001,19,0.901844,RShoulder,0.060565,0.03903,0.015045,0.0438,0.39272,9.761985,False
KVAL001,20,0.935177,RShoulder,0.08508,0.05004,0.020925,0.06555,0.194497,19.925631,False
KVAL001,21,0.968511,RShoulder,0.069773,0.04395,0.026535,0.04725,0.959619,13.617483,False
KVAL001,22,1.001833,RShoulder,0.024018,0.017355,0.01221,0.01125,0.804627,18.243286,False
KVAL001,23,1.035166,RShoulder,0.032281,0.021735,0.02382,-0.0015,0.395022,21.115233,False
KVAL001,24,1.0685,RShoulder,0.049019,0.032595,0.03333,0.01515,0.631863,12.301191,False
KVAL001,25,1.101833,RShoulder,0.04974,0.0276,0.01383,0.039,0.521878,8.552988,False
KVAL001,26,1.135177,RShoulder,0.047033,0.026955,0.00753,0.0378,0.095694,4.650512,False
KVAL001,27,1.168511,RShoulder,0.051264,0.027975,0.008295,0.04215,0.351763,5.080465,False
KVAL001,28,1.201855,RShoulder,0.063423,0.02085,0.002385,0.05985,0.404178,10.305392,False
KVAL001,29,1.235188,RShoulder,0.066603,0.01746,-0.003075,0.0642,0.386783,8.963145,False
KVAL001,30,1.268522,RShoulder,0.038696,0.01314,-0.00423,0.03615,0.30705,13.036353,False
KVAL001,31,1.301866,RShoulder,0.076504,0.03465,0.00744,0.0678,0.488236,20.143873,False
KVAL001,32,1.3352,RShoulder,0.069369,0.029475,0.00555,0.06255,1.132616,26.750006,False
KVAL001,33,1.368511,RShoulder,0.002951,-0.000735,-0.00222,0.0018,1.303005,22.088814,False
KVAL001,34,1.401844,RShoulder,0.017788,-0.009345,-0.00417,-0.01455,0.348504,25.135062,False
KVAL001,35,1.435166,RShoulder,0.024905,0.00561,-0.002355,0.02415,0.38239,18.90978,False
KVAL001,36,1.468511,RShoulder,0.008109,0.00648,0.001875,0.0045,0.916216,16.356958,False
KVAL001,37,1.501833,RShoulder,0.036373,-0.00243,0.00459,-0.036,0.801398,13.593088,False
KVAL001,38,1.535177,RShoulder,0.050055,0.004845,0.018645,-0.0462,0.188666,567.228623,False
KVAL001,39,1.5685,RShoulder,0.040766,0.003435,0.015615,-0.0375,37.81657,604.127684,False
KVAL001,40,1.601833,RShoulder,2.520181,0.44583,-2.323695,-0.86775,40.141623,1112.880672,False
KVAL001,41,1.635166,RShoulder,2.67316,0.482055,-2.501655,-0.8094,36.499562,1253.299889,False
KVAL001,42,1.668511,RShoulder,0.25395,0.058665,-0.164175,0.18465,43.705275,441.204393,False
KVAL001,43,1.701844,RShoulder,0.48893,0.012855,0.066615,0.4842,7.537218,586.437979,False
KVAL001,44,1.735188,RShoulder,0.564448,-0.01221,0.19392,0.52995,4.986961,87.467479,False
KVAL001,45,1.7685,RShoulder,0.648618,-0.04545,0.392535,0.51435,2.921146,145.456533,False
KVAL001,46,1.801844,RShoulder,0.653309,-0.06723,0.3807,0.52665,5.43832,185.391323,False
KVAL001,47,1.835166,RShoulder,0.291648,-0.0465,0.147105,0.2475,10.307051,6.60897,False
KVAL001,48,1.8685,RShoulder,0.088057,-0.046035,-0.0741,0.012,5.048595,172.952468,False
KVAL001,49,1.901833,RShoulder,0.104449,-0.0546,-0.088725,0.0075,1.340692,51.459555,False
KVAL001,50,1.935177,RShoulder,0.058299,-0.02688,0.003705,0.0516,1.679088,66.576611,False
KVAL001,51,1.968522,RShoulder,0.190741,-0.07752,-0.154935,-0.0798,3.115191,61.325072,False
KVAL001,52,2.001855,RShoulder,0.187959,-0.07875,-0.154455,-0.0726,2.51549,65.392499,False
KVAL001,53,2.035188,RShoulder,0.02619,-0.0201,-0.014175,-0.009,1.676524,67.772278,False
KVAL001,54,2.068533,RShoulder,0.15139,-0.12546,-0.05313,-0.066,2.281587,27.055974,False
KVAL001,55,2.101866,RShoulder,0.17711,-0.1332,-0.063495,-0.09795,0.841274,41.863449,False
KVAL001,56,2.135166,RShoulder,0.207084,-0.171465,-0.06663,-0.0951,4.739929,49.276907,False
KVAL001,57,2.168511,RShoulder,0.485376,-0.41955,-0.17775,-0.16725,4.074436,124.956891,False
KVAL001,58,2.201833,RShoulder,0.475914,-0.403485,-0.18603,-0.17055,3.605362,138.462751,False
KVAL001,59,2.235166,RShoulder,0.248619,-0.21546,-0.067695,-0.10395,5.160012,15.636164,False
KVAL001,60,2.268511,RShoulder,0.13587,-0.11892,-0.027795,-0.05955,3.584353,50.834432,False
KVAL001,61,2.301844,RShoulder,0.031705,-0.024615,0.008025,0.0183,2.584256,18.7111,False
KVAL001,62,2.335177,RShoulder,0.066912,0.00426,-0.02739,0.0609,2.379216,80.486211,False
KVAL001,63,2.368522,RShoulder,0.150949,0.110865,0.045165,0.09195,3.245649,72.296701,False
KVAL001,64,2.401844,RShoulder,0.17114,-0.001425,-0.088125,-0.1467,4.516385,203.082704,False
KVAL001,65,2.435188,RShoulder,0.327637,0.29991,-0.0567,-0.1191,11.476109,95.43151,False
KVAL001,66,2.468511,RShoulder,0.679502,0.61755,0.21207,0.1881,3.054608,346.069861,False
KVAL001,67,2.501844,RShoulder,0.215373,0.104655,-0.066495,-0.1761,11.625885,150.911748,False
KVAL001,68,2.535166,RShoulder,0.241196,0.03471,-0.09897,-0.2172,7.547699,197.002625,False
KVAL001,69,2.568511,RShoulder,0.453453,0.388305,0.154875,0.17565,2.282308,224.918426,False
KVAL001,70,2.601833,RShoulder,0.141589,0.058755,-0.109815,-0.06735,7.56794,44.101453,False
KVAL001,71,2.635177,RShoulder,0.215235,0.104175,-0.16344,-0.0936,1.700685,105.811155,False
KVAL001,72,2.668511,RShoulder,0.166447,0.14052,-0.032835,-0.08295,9.227441,156.874545,False
KVAL001,73,2.701855,RShoulder,0.579739,-0.44955,-0.096555,-0.3531,9.215711,183.695392,False
KVAL001,74,2.735166,RShoulder,0.56453,-0.377115,-0.16659,-0.38565,3.022403,198.317629,False
KVAL001,75,2.768511,RShoulder,0.399169,-0.2637,-0.113835,-0.2772,4.517386,22.249233,False
KVAL001,76,2.801844,RShoulder,0.300673,-0.247725,-0.00039,-0.1704,3.143307,49.961609,False
KVAL001,77,2.835188,RShoulder,0.194415,-0.106215,-0.048165,-0.15555,3.638385,17.727743,False
KVAL001,78,2.868511,RShoulder,0.066467,-0.035055,-0.014415,-0.0546,2.720357,63.541286,False
KVAL001,79,2.901844,RShoulder,0.044457,-0.02379,0.03381,-0.01635,1.003214,57.751383,False
KVAL001,80,2.935166,RShoulder,0.093445,-0.081615,0.029325,-0.0348,1.301469,28.521226,False
KVAL001,81,2.9685,RShoulder,0.100049,-0.090885,-0.01659,-0.0384,0.968847,35.54306,False
KVAL001,82,3.001844,RShoulder,0.039851,-0.032895,-0.010395,-0.01995,1.123964,11.131925,False
KVAL001,83,3.035177,RShoulder,0.025396,-0.02406,-0.001695,-0.00795,0.534576,23.505425,False
KVAL001,84,3.0685,RShoulder,0.03799,-0.0009,-0.014505,-0.0351,1.536745,4.839502,False
KVAL001,85,3.101833,RShoulder,0.093096,0.050475,-0.03162,-0.07155,0.666187,29.396485,False
KVAL001,86,3.135166,RShoulder,0.077305,0.02628,-0.034395,-0.06405,0.780482,12.940617,False
KVAL001,87,3.168511,RShoulder,0.100056,0.004515,-0.051525,-0.08565,0.316932,23.727679,False
KVAL001,88,3.201833,RShoulder,0.076167,0.00549,-0.03762,-0.066,1.278747,2.871538,False
KVAL001,89,3.235166,RShoulder,0.030495,-0.0231,-0.006255,-0.0189,0.309219,31.801694,False
KVAL001,90,3.2685,RShoulder,0.073668,-0.012915,-0.028365,-0.06675,0.890104,15.614551,False
KVAL001,91,3.301844,RShoulder,0.06576,0.017025,-0.025095,-0.05835,0.961244,27.407105,False
KVAL001,92,3.335166,RShoulder,0.01266,0.00555,-0.002505,-0.0111,0.986486,15.129137,False
KVAL001,93,3.368511,RShoulder,0.001514,-0.001305,0.00048,-0.0006,0.261566,15.952557,False
KVAL001,94,3.401844,RShoulder,0.013154,-0.010245,-0.0066,-0.00495,0.144516,7.051442,False
KVAL001,95,3.435177,RShoulder,0.010469,-0.00717,-0.005805,-0.00495,0.240599,4.520538,False
KVAL001,96,3.4685,RShoulder,0.003188,0.003075,0.00084,0.0,0.157417,4.280071,False
KVAL001,97,3.501833,RShoulder,4.5e-05,0.0,4.5e-05,0.0,0.047815,2.366915,False
KVAL001,98,3.535177,RShoulder,0.0,0.0,0.0,0.0,0.000675,0.717225,False
KVAL001,99,3.568511,RShoulder,0.0,0.0,0.0,0.0,0.0,1.157802,False
KVAL001,100,3.601844,RShoulder,0.0,0.0,0.0,0.0,0.076936,1.17973,False
KVAL001,101,3.635188,RShoulder,0.005129,0.00393,0.00189,0.0027,0.078649,2.06763,False
KVAL001,102,3.668511,RShoulder,0.005243,0.004005,0.00204,0.0027,0.061973,4.978194,False
KVAL001,103,3.701855,RShoulder,0.001519,0.00087,0.001245,0.0,0.393559,6.312265,False
KVAL001,104,3.735177,RShoulder,0.030696,0.029475,0.00831,0.0021,0.362362,14.418065,False
KVAL001,105,3.768522,RShoulder,0.025406,0.01857,0.012795,0.0117,0.57546,9.985464,False
KVAL001,106,3.801833,RShoulder,0.014103,-0.008175,0.00675,0.0093,0.313589,9.347867,False
KVAL001,107,3.835177,RShoulder,0.00901,-0.00036,0.00498,0.0075,0.27225,16.884477,False
KVAL001,108,3.8685,RShoulder,0.022087,-0.01227,0.017805,-0.0045,1.370566,31.796323,False
KVAL001,109,3.901844,RShoulder,0.084949,-0.05787,-0.022305,-0.05805,2.23958,236.426672,False
KVAL001,110,3.935166,RShoulder,0.161003,-0.14109,-0.0012,-0.07755,14.642866,250.792085,False
KVAL001,111,3.9685,RShoulder,0.905888,0.850245,-0.135195,0.28185,14.685498,497.104857,False
KVAL001,112,4.001833,RShoulder,0.829185,0.712305,-0.311115,0.28875,18.619421,304.870776,False
KVAL001,113,4.035166,RShoulder,0.397997,-0.326085,-0.200445,-0.10905,9.270926,491.107472,False
KVAL001,114,4.0685,RShoulder,0.768897,0.525615,0.23514,0.50955,14.966145,364.627857,False
KVAL001,115,4.101844,RShoulder,0.633301,0.415545,0.16827,0.4473,19.892098,259.421339,False
KVAL001,116,4.135166,RShoulder,0.571382,-0.457995,-0.2421,-0.24105,2.483682,636.823336,False
KVAL001,117,4.1685,RShoulder,0.498406,0.312375,0.055035,0.38445,22.58934,49.319275,False
KVAL001,118,4.201833,RShoulder,0.954366,0.68787,0.199035,0.6309,4.798439,524.488983,False
KVAL001,119,4.235177,RShoulder,0.178817,0.11472,0.011895,0.13665,12.446795,84.929791,False
KVAL001,120,4.268511,RShoulder,0.143003,0.04899,0.061005,0.1197,1.659249,204.077964,False
KVAL001,121,4.301855,RShoulder,0.238995,0.108975,0.113565,0.17985,1.311222,27.856021,False
KVAL001,122,4.335177,RShoulder,0.214192,0.120615,0.106005,0.14175,0.621353,41.291281,False
KVAL001,123,4.368511,RShoulder,0.210414,0.070845,0.111465,0.1638,1.958284,10.917407,False
KVAL001,124,4.401833,RShoulder,0.250934,0.01281,0.14805,0.2022,1.017404,67.051305,False
KVAL001,125,4.435177,RShoulder,0.227067,0.011985,0.142845,0.1761,3.188249,48.700989,False
KVAL001,126,4.468511,RShoulder,0.042083,-0.007875,0.013275,0.03915,2.716535,60.747273,False
KVAL001,127,4.501855,RShoulder,0.054332,-0.003795,0.01086,0.0531,0.89422,34.475823,False
KVAL001,128,4.535166,RShoulder,0.095777,0.01554,0.04869,0.081,0.758128,37.961311,False
KVAL001,129,4.568511,RShoulder,0.029563,0.02595,-0.001335,0.0141,1.689393,19.50121,False
KVAL001,130,4.601833,RShoulder,0.022926,0.01395,-0.007665,-0.0165,0.644782,45.564064,False
KVAL001,131,4.635177,RShoulder,0.027287,-0.013875,0.01416,0.01875,1.409272,16.070413,False
KVAL001,132,4.6685,RShoulder,0.07223,-0.02133,0.03708,0.0582,1.086043,24.923524,False
KVAL001,133,4.701833,RShoulder,0.096868,-0.013965,0.06171,0.07335,0.295925,29.910694,False
KVAL001,134,4.735166,RShoulder,0.056997,-0.019575,0.03714,0.03855,0.924691,7.149686,False
KVAL001,135,4.768511,RShoulder,0.0451,-0.025155,0.030885,0.02115,0.264081,25.320343,False
KVAL001,136,4.801833,RShoulder,0.069591,-0.011085,0.049875,0.04725,0.874589,10.519368,False
KVAL001,137,4.835177,RShoulder,0.073772,0.01929,0.042675,0.057,0.654343,19.221367,False
KVAL001,138,4.8685,RShoulder,0.057695,0.027,0.02934,0.0417,0.523425,7.397326,False
KVAL001,139,4.901844,RShoulder,0.041265,0.018255,0.025935,0.0264,0.438397,22.133973,False
KVAL001,140,4.935177,RShoulder,0.075914,0.043635,0.01431,0.06045,1.004691,18.643422,False
KVAL001,141,4.968511,RShoulder,0.09951,0.028365,0.02307,0.09255,0.902259,33.118834,False
KVAL001,142,5.001844,RShoulder,0.080399,-0.008145,0.044295,0.0666,1.22545,59.056062,False
KVAL001,143,5.035177,RShoulder,0.03111,-0.006015,0.024315,0.01845,3.421485,25.342112,False
KVAL001,144,5.0685,RShoulder,0.147955,0.019065,-0.09255,-0.11385,1.922389,117.150809,False
KVAL001,145,5.101844,RShoulder,0.097365,0.00306,-0.07833,-0.05775,4.439641,88.423182,False
KVAL001,146,5.135166,RShoulder,0.153627,-0.0153,0.134115,0.07335,4.040305,90.468914,False
KVAL001,147,5.1685,RShoulder,0.178997,0.016575,0.175395,0.03165,1.621946,102.249386,False
KVAL001,148,5.201844,RShoulder,0.054924,0.01887,0.04902,0.01605,2.859203,34.466221,False
KVAL001,149,5.235177,RShoulder,0.088625,0.02022,0.023235,-0.0831,2.718621,34.124092,False
KVAL001,150,5.268522,RShoulder,0.163399,-0.019875,0.028005,-0.15975,1.812013,67.491736,False
KVAL001,151,5.301855,RShoulder,0.160527,-0.073275,-0.02778,-0.1401,1.881723,69.246141,False
KVAL001,152,5.335188,RShoulder,0.060471,-0.042435,0.022965,-0.03645,2.988814,52.291363,False
KVAL001,153,5.368533,RShoulder,0.053975,-0.00066,0.04425,0.0309,1.973959,127.227122,False
KVAL001,154,5.401866,RShoulder,0.153161,-0.04671,-0.07323,-0.12615,5.517732,56.521954,False
KVAL001,155,5.435166,RShoulder,0.333385,-0.17691,-0.04839,-0.2784,2.573164,156.185298,False
KVAL001,156,5.468511,RShoulder,0.233305,-0.15207,0.055515,-0.168,4.902579,107.318937,False
KVAL001,157,5.501844,RShoulder,0.064387,-0.025725,0.058335,-0.009,5.514467,13.754219,False
KVAL001,158,5.535177,RShoulder,0.165797,0.058455,0.081045,0.1323,4.683148,79.713789,False
KVAL001,159,5.5685,RShoulder,0.307914,0.116145,0.104835,0.2652,0.460482,84.635981,False
KVAL001,160,5.601844,RShoulder,0.170606,0.06423,0.055335,0.14805,1.112825,53.94934,False
KVAL001,161,5.635177,RShoulder,0.240842,0.094965,0.05514,0.21435,3.782158,38.852618,False
KVAL001,162,5.668522,RShoulder,0.419808,0.181305,0.08088,0.3699,1.614862,100.207476,False
KVAL001,163,5.701833,RShoulder,0.347031,0.15297,0.066345,0.30435,2.904078,89.524429,False
KVAL001,164,5.735177,RShoulder,0.226252,0.09816,0.046605,0.19845,4.375754,9.879972,False
KVAL001,165,5.7685,RShoulder,0.059224,0.042045,0.009975,0.0405,2.939584,58.109278,False
KVAL001,166,5.801844,RShoulder,0.058922,0.054045,0.021615,0.00915,0.776444,38.284587,False
KVAL001,167,5.835166,RShoulder,0.060394,0.05526,0.023085,-0.0078,0.906463,18.807575,False
KVAL001,168,5.868511,RShoulder,0.013864,-0.001485,0.008565,-0.0108,0.551789,38.335028,False
KVAL001,169,5.901844,RShoulder,0.032768,0.025575,0.016035,0.01275,2.602244,54.720715,False
KVAL001,170,5.935177,RShoulder,0.180129,0.02826,-0.058515,-0.168,3.32807,66.410823,False
KVAL001,171,5.9685,RShoulder,0.20872,0.047565,-0.06618,-0.19215,1.911161,76.270974,False
KVAL001,172,6.001844,RShoulder,0.078328,0.056475,-0.011235,-0.0531,1.765265,33.33586,False
KVAL001,173,6.035177,RShoulder,0.091114,0.02337,-0.02958,-0.08295,0.451466,9.539762,False
KVAL001,174,6.068511,RShoulder,0.073562,0.029445,-0.015735,-0.06555,1.588053,34.50612,False
KVAL001,175,6.101833,RShoulder,0.042218,0.03546,0.02094,0.0093,1.996322,8.467192,False
KVAL001,176,6.135177,RShoulder,0.090648,0.057945,0.053865,0.04425,1.107022,30.336082,False
KVAL001,177,6.168511,RShoulder,0.106479,0.051525,0.067395,0.06435,0.374767,18.543369,False
KVAL001,178,6.201855,RShoulder,0.082501,0.033675,0.056895,0.04935,0.411872,31.974485,False
KVAL001,179,6.235166,RShoulder,0.114007,0.075195,0.069195,0.05055,1.772205,14.46661,False
KVAL001,180,6.268511,RShoulder,0.141192,0.134925,0.040545,-0.0093,0.925794,30.171994,False
KVAL001,181,6.301844,RShoulder,0.068628,0.06309,0.02562,0.00855,2.887546,96.558655,False
KVAL001,182,6.335177,RShoulder,0.261508,0.187905,-0.034095,-0.17865,7.003619,183.551851,False
KVAL001,183,6.3685,RShoulder,0.458203,0.01314,0.054165,-0.4548,12.411649,111.871462,False
KVAL001,184,6.401833,RShoulder,0.813975,-0.45612,0.19269,-0.64605,6.593031,312.044357,False
KVAL001,185,6.435166,RShoulder,0.714499,-0.404235,0.02181,-0.58875,8.819568,220.611086,False
KVAL001,186,6.4685,RShoulder,0.305334,-0.171915,-0.107805,-0.22815,9.076654,97.561514,False
KVAL001,187,6.501833,RShoulder,0.175612,-0.065745,-0.12174,-0.10815,3.470956,119.24832,False
KVAL001,188,6.535177,RShoulder,0.094283,-0.02928,-0.075105,-0.0489,2.556006,69.019209,False
KVAL001,189,6.568511,RShoulder,0.006682,-0.00057,-0.006615,-0.00075,3.558064,47.65817,False
KVAL001,190,6.601855,RShoulder,0.181076,0.03789,0.146805,-0.099,2.791418,94.086917,False
KVAL001,191,6.635166,RShoulder,0.180992,0.036855,0.146355,-0.0999,2.768962,59.17388,False
KVAL001,192,6.668511,RShoulder,0.021306,-0.01296,-0.009105,-0.01425,1.688184,86.523563,False
KVAL001,193,6.701833,RShoulder,0.156546,-0.0552,0.08466,-0.11955,3.33899,25.183121,False
KVAL001,194,6.735177,RShoulder,0.231324,-0.08337,0.13707,-0.16665,0.572114,78.016495,False
KVAL001,195,6.768511,RShoulder,0.190905,-0.0786,0.111195,-0.1338,1.871462,33.350685,False
KVAL001,196,6.801855,RShoulder,0.106822,-0.038505,0.06744,-0.07335,1.669853,27.895374,False
KVAL001,197,6.835166,RShoulder,0.106087,0.008535,0.060105,-0.087,0.743601,23.429712,False
KVAL001,198,6.868511,RShoulder,0.106252,0.008475,0.05997,-0.0873,1.587604,27.995311,False
KVAL001,199,6.901833,RShoulder,0.000509,-0.000135,-0.000195,-0.00045,1.550418,34.558017,False
KVAL001,200,6.935177,RShoulder,0.006839,-0.00222,-0.00276,-0.00585,0.743996,32.384213,False
KVAL001,201,6.9685,RShoulder,0.049868,0.017055,0.01851,-0.04305,0.855423,34.155633,False
KVAL001,202,7.001844,RShoulder,0.056697,-0.028575,0.0474,-0.0123,1.590546,24.539344,False
KVAL001,203,7.035177,RShoulder,0.065765,-0.04182,0.023475,0.045,0.797478,122.733156,False
KVAL001,204,7.068522,RShoulder,0.016475,-0.016155,-0.00216,0.0024,7.318236,192.091818,False
KVAL001,205,7.101833,RShoulder,0.477035,-0.254835,0.140085,-0.37815,12.207007,81.850098,False
KVAL001,206,7.135177,RShoulder,0.82003,-0.45732,0.35835,-0.5787,6.33128,372.673187,False
KVAL001,207,7.1685,RShoulder,0.8458,-0.51732,0.44877,-0.49635,12.670134,424.924548,False
KVAL001,208,7.201844,RShoulder,0.087028,0.008115,0.061785,0.06075,22.497388,92.885308,False
KVAL001,209,7.235177,RShoulder,0.667191,0.483375,-0.19584,0.4161,7.618504,404.177229,False
KVAL001,210,7.268522,RShoulder,0.530446,0.415395,-0.10971,0.3111,4.451036,181.030333,False
KVAL001,211,7.301833,RShoulder,0.374094,0.27678,-0.07623,0.23985,4.483205,98.014337,False
KVAL001,212,7.335177,RShoulder,0.232235,0.173355,-0.05079,0.14595,2.305099,118.607166,False
KVAL001,213,7.3685,RShoulder,0.505235,0.311445,-0.1587,0.3648,3.874643,92.285792,False
KVAL001,214,7.401833,RShoulder,0.470006,0.25983,-0.207615,0.3321,4.269246,121.687332,False
KVAL001,215,7.435166,RShoulder,0.252311,0.10305,-0.154275,0.171,4.672827,108.082979,False
KVAL001,216,7.4685,RShoulder,0.238063,0.00678,-0.05655,0.23115,10.057856,274.560216,False
KVAL001,217,7.501833,RShoulder,0.41943,-0.21315,0.25764,-0.2532,21.428192,115.609449,False
KVAL001,218,7.535166,RShoulder,1.20754,-0.487305,0.42783,-1.01865,7.849801,556.683566,False
KVAL001,219,7.568511,RShoulder,0.849664,-0.03153,0.5451,-0.651,17.308255,648.290176,False
KVAL001,220,7.601844,RShoulder,0.653755,0.283545,0.563745,-0.17085,35.481949,789.747669,False
KVAL001,221,7.635177,RShoulder,1.547443,-0.46164,-0.95946,1.1229,48.332098,723.637154,False
KVAL001,222,7.668522,RShoulder,2.623291,-1.570815,-1.48521,1.48605,20.179982,1090.845363,False
KVAL001,223,7.701833,RShoulder,1.651613,-1.500195,-0.251295,0.6435,28.0205,488.031011,True
KVAL001,224,7.735177,RShoulder,1.757267,-0.957045,0.278685,1.4472,24.567639,474.833269,True
KVAL001,225,7.7685,RShoulder,2.747387,-1.67046,0.368865,2.1498,19.763844,547.335508,False
KVAL001,226,7.801844,RShoulder,3.040693,-1.33677,0.656145,2.6511,19.364418,926.355127,True
KVAL001,227,7.835177,RShoulder,1.895369,-0.42855,0.212205,1.83405,42.138196,422.667275,True
KVAL001,228,7.868522,RShoulder,0.620536,-0.323835,-0.45141,0.27645,29.261523,592.302726,True
KVAL001,229,7.901833,RShoulder,0.306367,-0.18174,-0.24213,-0.04695,8.245345,444.14901,True
KVAL001,230,7.935177,RShoulder,0.232089,-0.190365,-0.079875,-0.10605,4.361214,118.659194,True
KVAL001,231,7.9685,RShoulder,0.165851,-0.12315,0.036705,-0.10485,4.301664,76.074622,True
KVAL001,232,8.001833,RShoulder,0.13454,-0.034425,0.129435,0.01275,3.031914,72.703001,True
KVAL001,233,8.035177,RShoulder,0.100535,-0.02283,0.071205,0.0672,2.671717,32.836514,True
KVAL001,234,8.068511,RShoulder,0.204075,-0.05847,0.07491,0.1806,2.000516,95.705239,True
KVAL001,235,8.101833,RShoulder,0.221524,-0.06018,0.088185,0.1941,3.71711,91.351901,True
KVAL001,236,8.135166,RShoulder,0.173642,-0.008085,0.16791,-0.0435,4.17454,84.623157,True
KVAL001,237,8.168511,RShoulder,0.164673,-0.00864,0.147405,-0.0729,2.603939,89.717259,False
KVAL001,238,8.201844,RShoulder,6.4e-05,-4.5e-05,4.5e-05,0.0,2.449497,404.75018,False
KVAL001,239,8.235166,RShoulder,0.00142,9e-05,0.001095,-0.0009,25.166995,379.882048,False
KVAL001,240,8.2685,RShoulder,1.677798,1.181415,1.10628,-0.44205,25.56043,959.677279,False
KVAL001,241,8.301844,RShoulder,1.704086,1.61421,-0.371745,-0.40005,40.986453,771.049384,False
KVAL001,242,8.335177,RShoulder,1.539479,0.432825,-1.47681,0.0411,25.853972,939.127722,True
KVAL001,243,8.3685,RShoulder,0.074695,0.00255,0.071895,0.0201,24.104864,392.711527,True
KVAL001,244,8.401844,RShoulder,0.073285,0.00144,0.071025,0.018,1.147616,376.874702,True
KVAL001,245,8.435177,RShoulder,0.003413,-0.00183,-0.001005,-0.0027,1.104027,17.669215,False
KVAL001,246,8.468522,RShoulder,0.000847,-0.00069,-0.000195,-0.00045,0.053026,16.666909,True
KVAL001,247,8.501833,RShoulder,0.000164,-3e-05,6e-05,0.00015,0.012722,0.809219,True
KVAL001,248,8.535166,RShoulder,0.000263,-0.00018,0.00012,0.00015,0.002423,0.212812,False
KVAL001,249,8.5685,RShoulder,0.000263,-0.00018,0.00012,0.00015,0.003772,0.087294,False
KVAL001,250,8.601844,RShoulder,3.4e-05,-3e-05,-1.5e-05,0.0,0.003772,0.054837,False
KVAL001,251,8.635166,RShoulder,3.4e-05,-3e-05,-1.5e-05,0.0,0.000503,0.054837,False
KVAL001,252,8.668511,RShoulder,0.0,0.0,0.0,0.0,0.000503,0.007547,True
KVAL001,253,8.701833,RShoulder,0.0,0.0,0.0,0.0,0.0,10.181909,False
KVAL001,254,8.735177,RShoulder,0.0,0.0,0.0,0.0,0.67851,10.229024,False
KVAL001,255,8.768511,RShoulder,0.045234,-0.03573,0.014415,0.0237,0.681935,20.303955,False
KVAL001,256,8.801855,RShoulder,0.045462,-0.035865,0.01455,0.02385,0.675087,32.898081,False
KVAL001,257,8.835166,RShoulder,0.000243,-0.000135,0.000135,0.00015,1.916458,30.556766,False
KVAL001,258,8.8685,RShoulder,0.124107,0.018975,0.12081,-0.02115,1.857212,55.795623,False
KVAL001,259,8.901833,RShoulder,0.123899,0.018615,0.1206,-0.02145,1.864736,55.735448,False
KVAL001,260,8.935166,RShoulder,0.000514,-0.00036,-0.00021,-0.0003,1.858486,28.018516,False
KVAL001,261,8.968511,RShoulder,0.0,0.0,0.0,0.0,0.007703,27.877292,False
KVAL001,262,9.001844,RShoulder,0.0,0.0,0.0,0.0,0.0,17.799272,False
KVAL001,263,9.035166,RShoulder,0.0,0.0,0.0,0.0,1.193386,18.253008,False
KVAL001,264,9.0685,RShoulder,0.079559,0.022035,0.04395,0.06255,1.216867,35.234545,False
KVAL001,265,9.101844,RShoulder,0.081124,0.022575,0.044805,0.06375,1.587423,36.083821,False
KVAL001,266,9.135177,RShoulder,0.102643,0.04974,0.084135,-0.03135,1.607113,43.361126,False
KVAL001,267,9.168511,RShoulder,0.101987,0.049005,0.08325,-0.0327,1.540673,42.850516,False
KVAL001,268,9.201844,RShoulder,0.000259,-0.00021,-1.5e-05,-0.00015,1.61948,22.483902,False
KVAL001,269,9.235177,RShoulder,0.019541,-0.008865,-0.00639,-0.0162,0.289731,26.311931,False
KVAL001,270,9.268522,RShoulder,0.019539,-0.00885,-0.006405,-0.0162,0.293119,8.74227,False
KVAL001,271,9.301833,RShoulder,0.0,0.0,0.0,0.0,0.29309,4.396781,False
KVAL001,272,9.335177,RShoulder,0.0,0.0,0.0,0.0,0.0,4.396356,False
KVAL001,273,9.3685,RShoulder,0.0,0.0,0.0,0.0,0.0,0.0,False
KVAL001,274,9.401844,RShoulder,0.0,0.0,0.0,0.0,0.0,0.0,False
KVAL001,275,9.435177,RShoulder,0.0,0.0,0.0,0.0,0.0,106.542088,True
KVAL001,276,9.468522,RShoulder,0.0,0.0,0.0,0.0,7.102806,106.513638,False
KVAL001,277,9.501844,RShoulder,0.47352,-0.180465,0.1938,0.39255,7.100909,213.112631,False
KVAL001,278,9.535188,RShoulder,0.473394,-0.18054,0.193725,0.3924,7.104703,213.027275,False
KVAL001,279,9.5685,RShoulder,0.000184,-7.5e-05,-7.5e-05,-0.00015,7.100909,106.599013,False
KVAL001,280,9.601844,RShoulder,0.0,0.0,0.0,0.0,0.002756,106.513638,False
KVAL001,281,9.635177,RShoulder,0.0,0.0,0.0,0.0,0.0,0.041335,False
KVAL001,282,9.668522,RShoulder,0.0,0.0,0.0,0.0,0.0,0.0,False
KVAL001,283,9.701833,RShoulder,0.0,0.0,0.0,0.0,0.0,0.0,False
KVAL001,284,9.735177,RShoulder,0.0,0.0,0.0,0.0,0.0,0.0,False
KVAL001,285,9.7685,RShoulder,0.0,0.0,0.0,0.0,0.0,0.0,False
KVAL001,286,9.801844,RShoulder,0.0,0.0,0.0,0.0,0.0,0.0,False
KVAL001,287,9.835177,RShoulder,0.0,0.0,0.0,0.0,0.0,0.0,False
KVAL001,288,9.868511,RShoulder,0.0,0.0,0.0,0.0,0.0,0.0,False
KVAL001,289,9.901833,RShoulder,0.0,0.0,0.0,0.0,0.0,0.0,True
KVAL001,290,9.935177,RShoulder,0.0,0.0,0.0,0.0,0.0,0.0,False
KVAL001,291,9.968511,RShoulder,0.0,0.0,0.0,0.0,0.0,0.0,False
KVAL001,292,10.001844,RShoulder,0.0,0.0,0.0,0.0,0.0,0.0,False
KVAL001,293,10.035177,RShoulder,0.0,0.0,0.0,0.0,0.0,0.0,False
KVAL001,294,10.068511,RShoulder,0.0,0.0,0.0,0.0,0.0,0.0,False
KVAL001,295,10.101833,RShoulder,0.0,0.0,0.0,0.0,0.0,0.0,False
KVAL001,296,10.135177,RShoulder,0.0,0.0,0.0,0.0,0.0,0.0,False
KVAL001,297,10.168511,RShoulder,0.0,0.0,0.0,0.0,0.0,0.0,False
KVAL001,298,10.201855,RShoulder,0.0,0.0,0.0,0.0,0.0,0.0,False
KVAL001,299,10.235177,RShoulder,0.0,0.0,0.0,0.0,0.0,0.0,True
KVAL001,300,10.268511,RShoulder,0.0,0.0,0.0,0.0,0.0,0.0,False
KVAL001,301,10.301833,RShoulder,0.0,0.0,0.0,0.0,0.0,0.0,False
KVAL001,302,10.335166,RShoulder,0.0,0.0,0.0,0.0,0.0,211.99332,False
KVAL001,303,10.3685,RShoulder,0.0,0.0,0.0,0.0,14.132888,211.971108,False
KVAL001,304,10.401844,RShoulder,0.942193,0.367695,0.84123,-0.2118,14.131407,424.008894,False
KVAL001,305,10.435166,RShoulder,0.942094,0.36756,0.841065,-0.21225,14.134373,403.712051,False
KVAL001,306,10.468511,RShoulder,0.000498,-0.000135,-0.000165,-0.00045,12.803857,233.033321,False
KVAL001,307,10.501844,RShoulder,0.113531,0.051345,0.05892,-0.08235,1.702741,173.621771,False
KVAL001,308,10.535177,RShoulder,0.113696,0.05133,0.05883,-0.08265,1.699583,51.108627,False
KVAL001,309,10.568511,RShoulder,0.000327,0.000105,-7.5e-05,-0.0003,1.70451,25.49693,False
KVAL001,310,10.601844,RShoulder,0.000121,0.00012,1.5e-05,0.0,0.00355,55.205891,False
KVAL001,311,10.635177,RShoulder,0.000297,0.000255,3e-05,-0.00015,2.120016,31.617405,False
KVAL001,312,10.668511,RShoulder,0.141432,0.113265,0.01713,-0.08295,2.10852,63.692136,False
KVAL001,313,10.701833,RShoulder,0.140864,0.113445,0.017025,-0.08175,2.126164,63.328633,False
KVAL001,314,10.735166,RShoulder,0.001307,0.00051,-9e-05,0.0012,2.113389,31.965207,False
KVAL001,315,10.768511,RShoulder,0.000168,7.5e-05,-1.5e-05,0.00015,0.019605,31.748668,False
KVAL001,316,10.801844,RShoulder,0.0,0.0,0.0,0.0,0.004556,5.841153,False
KVAL001,317,10.835166,RShoulder,0.000192,0.00012,0.0,-0.00015,0.395356,5.792859,False
KVAL001,318,10.868511,RShoulder,0.026357,0.01959,0.00171,-0.01755,0.389685,11.840405,False
KVAL001,319,10.901844,RShoulder,0.026168,0.01947,0.00171,-0.0174,0.394005,11.712772,False
KVAL001,320,10.935177,RShoulder,0.000121,0.00012,1.5e-05,0.0,0.391168,5.889877,False
KVAL001,321,10.9685,RShoulder,0.000121,0.00012,1.5e-05,0.0,0.001814,5.088197,False
KVAL001,322,11.001833,RShoulder,0.0,0.0,0.0,0.0,0.37004,5.148176,False
KVAL001,323,11.035177,RShoulder,0.024675,0.00201,-0.006,0.02385,0.342891,11.57345,False
KVAL001,324,11.068511,RShoulder,0.022859,0.00474,-0.00579,0.0216,0.402574,10.286725,False
KVAL001,325,11.101833,RShoulder,0.003544,0.00273,0.00021,-0.00225,0.342891,6.586167,False
KVAL001,326,11.135166,RShoulder,0.0,0.0,0.0,0.0,0.053159,5.145472,False
KVAL001,327,11.1685,RShoulder,0.0,0.0,0.0,0.0,0.000675,0.805212,False
KVAL001,328,11.201833,RShoulder,4.5e-05,4.5e-05,0.0,0.0,0.000675,0.02025,False
KVAL001,329,11.235177,RShoulder,4.5e-05,4.5e-05,0.0,0.0,0.000675,0.02025,False
KVAL001,330,11.268511,RShoulder,0.0,0.0,0.0,0.0,0.000675,0.010125,False
KVAL001,331,11.301844,RShoulder,0.0,0.0,0.0,0.0,0.0,0.010125,False
KVAL001,332,11.335188,RShoulder,0.0,0.0,0.0,0.0,0.0,0.0,False
KVAL001,333,11.368511,RShoulder,0.0,0.0,0.0,0.0,0.0,0.0,False
KVAL001,334,11.401855,RShoulder,0.0,0.0,0.0,0.0,0.0,0.0,False
KVAL001,335,11.435177,RShoulder,0.0,0.0,0.0,0.0,0.0,0.0,False
KVAL001,0,0.0,RElbow,0.00071,0.00036,0.00012,0.0006,15.966811,233.631876,False
KVAL001,1,0.301866,RElbow,0.532915,0.197835,-0.011475,0.4947,8.182194,278.152369,False
KVAL001,2,0.3352,RElbow,0.546171,0.205335,-0.00162,0.5061,2.657401,167.48264,False
KVAL001,3,0.368511,RElbow,0.365008,0.092895,0.005265,0.35295,3.049254,43.537359,False
KVAL001,4,0.401844,RElbow,0.352324,0.085785,-0.00378,0.3417,5.127036,26.619547,False
KVAL001,5,0.435188,RElbow,0.037613,0.018045,0.026175,0.0201,2.930854,114.451801,False
KVAL001,6,0.468522,RElbow,0.177054,0.067005,0.05205,0.1554,2.523276,107.84358,False
KVAL001,7,0.501855,RElbow,0.196421,0.064485,0.03987,0.1812,9.792919,199.553374,False
KVAL001,8,0.5352,RElbow,0.483819,-0.109305,0.003165,-0.4713,10.780836,323.168274,False
KVAL001,9,0.568533,RElbow,0.525674,-0.121605,-0.00816,-0.51135,11.752973,345.543927,False
KVAL001,10,0.601844,RElbow,0.302981,0.097815,0.04503,0.2832,12.255565,271.167253,False
KVAL001,11,0.635177,RElbow,0.293681,0.093075,0.041715,0.2754,6.376122,284.056422,False
KVAL001,12,0.6685,RElbow,0.123158,-0.041625,-0.03669,-0.10995,6.732376,124.026576,False
KVAL001,13,0.701833,RElbow,0.156499,-0.0513,-0.0468,-0.14025,1.900848,150.780678,False
KVAL001,14,0.735177,RElbow,0.003627,0.001695,0.0006,0.00315,3.341102,14.777976,False
KVAL001,15,0.768511,RElbow,0.066514,0.02163,0.026595,0.057,0.937786,49.392691,False
KVAL001,16,0.801844,RElbow,0.065969,0.020235,0.0279,0.05625,0.10296,12.83972,False
KVAL001,17,0.835188,RElbow,0.069778,0.018495,0.024405,0.0627,0.106903,3.70486,False
KVAL001,18,0.868511,RElbow,0.071739,0.0192,0.027765,0.0633,0.239259,5.846252,False
KVAL001,19,0.901844,RElbow,0.084695,0.02646,0.03339,0.0732,0.465995,8.184447,False
KVAL001,20,0.935177,RElbow,0.102707,0.029565,0.04134,0.08925,0.311484,22.09084,False
KVAL001,21,0.968511,RElbow,0.064222,0.017205,0.0261,0.0561,1.007221,0.833844,False
KVAL001,22,1.001833,RElbow,0.035579,0.009315,0.01434,0.0312,0.337853,20.325251,False
KVAL001,23,1.035166,RElbow,0.04179,0.01026,0.018285,0.03615,0.352802,9.582795,False
KVAL001,24,1.0685,RElbow,0.058877,0.013575,0.02724,0.0504,0.302721,6.967208,False
KVAL001,25,1.101833,RElbow,0.061956,0.01548,0.027915,0.0531,0.112602,7.363304,False
KVAL001,26,1.135177,RElbow,0.051526,0.01323,0.023415,0.04395,0.188774,12.032905,False
KVAL001,27,1.168511,RElbow,0.049413,0.01206,0.02307,0.042,0.690582,15.17922,False
KVAL001,28,1.201855,RElbow,0.097441,0.020775,0.043365,0.08475,0.824029,22.417756,False
KVAL001,29,1.235188,RElbow,0.104287,0.022215,0.04749,0.09015,0.804556,18.642809,False
KVAL001,30,1.268522,RElbow,0.044071,0.01023,0.02256,0.03645,0.421401,16.813714,False
KVAL001,31,1.301866,RElbow,0.076614,0.01629,0.038505,0.0642,0.316651,2.541032,False
KVAL001,32,1.3352,RElbow,0.065074,0.01377,0.03159,0.0552,0.556121,10.218886,False
KVAL001,33,1.368511,RElbow,0.039543,0.008565,0.01953,0.0333,0.364733,10.238747,False
KVAL001,34,1.401844,RElbow,0.040855,0.008775,0.021285,0.03375,0.129905,1.223213,False
KVAL001,35,1.435166,RElbow,0.047933,0.01023,0.025695,0.03915,0.433964,18.321875,False
KVAL001,36,1.468511,RElbow,0.011927,0.002775,0.006285,0.00975,1.094763,11.784164,False
KVAL001,37,1.501833,RElbow,0.025071,-0.004335,-0.01299,-0.021,1.218946,7.154237,False
KVAL001,38,1.535177,RElbow,0.069341,-0.015495,-0.038355,-0.05565,0.626824,525.160753,False
KVAL001,39,1.5685,RElbow,0.066704,-0.014835,-0.038175,-0.05265,35.989754,562.927502,False
KVAL001,40,1.601833,RElbow,2.455927,0.53139,-2.045715,-1.2507,38.062974,1121.558779,False
KVAL001,41,1.635166,RElbow,2.594769,0.51873,-2.068245,-1.47855,38.785624,1327.419501,False
KVAL001,42,1.668511,RElbow,0.132949,-0.041145,0.091725,0.087,50.67596,452.59138,False
KVAL001,43,1.701844,RElbow,0.887846,-0.13203,0.324765,0.8157,10.764259,775.610791,False
KVAL001,44,1.735188,RElbow,0.842594,-0.16932,0.39684,0.72375,4.26146,183.205658,False
KVAL001,45,1.7685,RElbow,0.758412,-0.180165,0.46359,0.57255,2.237233,82.482115,False
KVAL001,46,1.801844,RElbow,0.772207,-0.17376,0.46527,0.5913,4.79451,131.862064,False
KVAL001,47,1.835166,RElbow,0.441662,-0.073215,0.270465,0.3414,9.441275,10.449408,False
KVAL001,48,1.8685,RElbow,0.144394,-0.013785,0.09222,0.11025,5.05353,129.283971,False
KVAL001,49,1.901833,RElbow,0.106691,-0.000915,0.07047,0.0801,0.827407,51.662171,False
KVAL001,50,1.935177,RElbow,0.092235,0.004275,0.06351,0.06675,1.640364,11.076549,False
KVAL001,51,1.968522,RElbow,0.01081,0.005295,0.005505,-0.00765,1.432637,30.580223,False
KVAL001,52,2.001855,RElbow,0.005905,0.00069,0.00138,-0.0057,0.406556,29.652484,False
KVAL001,53,2.035188,RElbow,0.023726,0.002205,0.016455,0.01695,0.547182,17.084444,False
KVAL001,54,2.068533,RElbow,0.033339,0.00624,0.023655,0.02265,0.770673,18.805223,False
KVAL001,55,2.101866,RElbow,0.028344,-0.01146,-0.01908,-0.01755,0.706996,11.420657,False
KVAL001,56,2.135166,RElbow,0.01436,-0.000105,-0.007155,-0.01245,0.947988,35.098407,False
KVAL001,57,2.168511,RElbow,0.086054,-0.063945,-0.05424,-0.01935,2.762411,5.175802,False
KVAL001,58,2.201833,RElbow,0.191956,-0.13719,-0.12279,-0.0543,0.676325,69.002955,False
KVAL001,59,2.235166,RElbow,0.131104,-0.09741,-0.08184,-0.03165,1.848352,52.973278,False
KVAL001,60,2.268511,RElbow,0.069668,-0.053775,-0.04272,-0.0117,2.85643,14.810705,False
KVAL001,61,2.301844,RElbow,0.059668,0.048135,0.034245,0.0084,2.697583,19.307417,False
KVAL001,62,2.335177,RElbow,0.110656,0.092925,0.05454,0.0252,1.648442,26.874544,False
KVAL001,63,2.368522,RElbow,0.168897,0.143175,0.08211,0.03585,3.703202,39.744113,False
KVAL001,64,2.401844,RElbow,0.348702,0.30972,0.15645,-0.0345,3.742295,70.288653,False
KVAL001,65,2.435188,RElbow,0.398364,0.351855,0.17547,-0.06405,1.095824,97.224667,False
KVAL001,66,2.468511,RElbow,0.294386,0.264705,0.12789,0.01545,2.799946,46.358912,False
KVAL001,67,2.501844,RElbow,0.224601,0.215925,0.061545,-0.00585,3.568576,23.276491,False
KVAL001,68,2.535166,RElbow,0.083965,0.07518,-0.006045,-0.0369,1.710057,82.22808,False
KVAL001,69,2.568511,RElbow,0.118804,0.107685,0.043485,0.02505,1.999953,23.047928,False
KVAL001,70,2.601833,RElbow,0.174466,0.152355,0.079425,0.0303,0.679324,48.585119,False
KVAL001,71,2.635177,RElbow,0.088221,0.077385,0.04149,-0.00855,1.272882,8.598711,False
KVAL001,72,2.668511,RElbow,0.100279,0.088485,0.04512,-0.0138,0.767479,13.915468,False
KVAL001,73,2.701855,RElbow,0.044974,0.039195,0.009405,-0.01995,1.005814,24.210171,False
KVAL001,74,2.735166,RElbow,0.107211,0.085395,0.001695,-0.0648,1.219487,16.057975,False
KVAL001,75,2.768511,RElbow,0.123156,0.09555,-0.000525,-0.0777,0.460866,26.328096,False
KVAL001,76,2.801844,RElbow,0.08178,0.05775,-0.009315,-0.05715,0.62025,5.33244,False
KVAL001,77,2.835188,RElbow,0.08863,0.06045,-0.016425,-0.0627,0.626771,10.085958,False
KVAL001,78,2.868511,RElbow,0.040477,0.026655,-0.008505,-0.02925,0.817869,19.84985,False
KVAL001,79,2.901844,RElbow,0.039878,0.036615,-0.0033,-0.01545,0.826089,18.710961,False
KVAL001,80,2.935166,RElbow,0.084898,0.081225,-0.01083,-0.0222,0.528093,35.480418,False
KVAL001,81,2.9685,RElbow,0.05512,0.02511,-0.00945,-0.04815,1.540846,19.838274,False
KVAL001,82,3.001844,RElbow,0.045286,-0.019305,-0.001125,-0.04095,0.899688,20.234316,False
KVAL001,83,3.035177,RElbow,0.005096,-0.00195,0.0024,0.00405,0.474857,24.476386,False
KVAL001,84,3.0685,RElbow,0.044428,-0.040125,0.005865,-0.01815,1.150221,17.457053,False
KVAL001,85,3.101833,RElbow,0.075566,-0.058245,0.003705,-0.048,0.689216,24.372647,False
KVAL001,86,3.135166,RElbow,0.052586,-0.010515,-0.006195,-0.05115,0.832402,12.558928,False
KVAL001,87,3.168511,RElbow,0.074494,-0.012,-0.015585,-0.07185,0.187364,19.801811,False
KVAL001,88,3.201833,RElbow,0.052654,-0.021675,-0.009915,-0.04695,0.664849,4.992743,False
KVAL001,89,3.235166,RElbow,0.03281,-0.0138,-0.001995,-0.0297,0.302027,13.141836,False
KVAL001,90,3.2685,RElbow,0.072564,-0.03126,-0.010425,-0.06465,0.216837,19.453127,False
KVAL001,91,3.301844,RElbow,0.045535,-0.01479,-0.009525,-0.042,0.996592,13.095725,False
KVAL001,92,3.335166,RElbow,0.008045,0.00177,-0.00087,-0.0078,0.669067,17.176846,False
KVAL001,93,3.368511,RElbow,0.001193,-0.0009,0.000225,-0.00075,0.151844,12.993956,False
KVAL001,94,3.401844,RElbow,0.017563,-0.001215,-0.002055,-0.0174,0.203869,6.954421,False
KVAL001,95,3.435177,RElbow,0.014461,-0.00246,3e-05,-0.01425,0.316694,6.342457,False
KVAL001,96,3.4685,RElbow,0.004105,-0.001245,0.0021,0.0033,0.219129,5.587755,False
KVAL001,97,3.501833,RElbow,0.000151,0.0,1.5e-05,0.00015,0.061573,3.320211,False
KVAL001,98,3.535177,RElbow,0.0,0.0,0.0,0.0,0.002261,0.923598,False
KVAL001,99,3.568511,RElbow,0.0,0.0,0.0,0.0,0.0,0.295886,False
KVAL001,100,3.601844,RElbow,0.0,0.0,0.0,0.0,0.020569,0.324878,False
KVAL001,101,3.635188,RElbow,0.001371,0.001215,0.00021,-0.0006,0.021659,0.561844,False
KVAL001,102,3.668511,RElbow,0.001444,0.001275,0.000315,-0.0006,0.020451,2.435343,False
KVAL001,103,3.701855,RElbow,0.001115,0.0006,0.000825,0.00045,0.18133,7.745654,False
KVAL001,104,3.735177,RElbow,0.01339,0.010485,-0.001935,-0.0081,0.497284,1.388848,False
KVAL001,105,3.768522,RElbow,0.033125,0.023505,-0.004995,-0.0228,0.252772,8.623495,False
KVAL001,106,3.801833,RElbow,0.029903,0.019995,-0.00462,-0.02175,0.087652,8.169333,False
KVAL001,107,3.835177,RElbow,0.028102,0.01854,-0.00648,-0.0201,0.37311,15.579352,False
KVAL001,108,3.8685,RElbow,0.024801,-0.00459,-0.008205,-0.02295,1.082875,11.027981,False
KVAL001,109,3.901844,RElbow,0.070765,-0.045195,-0.007005,-0.054,0.96675,83.483029,False
KVAL001,110,3.935166,RElbow,0.084181,-0.05166,-0.001425,-0.06645,5.033255,102.068443,False
KVAL001,111,3.9685,RElbow,0.288481,-0.067305,0.01338,0.2802,6.066436,121.205524,False
KVAL001,112,4.001833,RElbow,0.337477,-0.020775,-0.00765,0.33675,3.148219,173.174465,False
KVAL001,113,4.035166,RElbow,0.141621,-0.116805,0.023685,0.0765,6.242259,40.147478,False
KVAL001,114,4.0685,RElbow,0.316361,-0.30876,0.054075,0.04275,1.0818,148.400856,False
KVAL001,115,4.101844,RElbow,0.172607,-0.16608,-0.017475,0.04365,4.529126,41.446485,False
KVAL001,116,4.135166,RElbow,0.059656,-0.023355,-0.04398,0.03285,1.934308,82.746878,False
KVAL001,117,4.1685,RElbow,0.094459,-0.042885,-0.041535,0.0732,1.552995,70.458038,False
KVAL001,118,4.201833,RElbow,0.090897,-0.073755,-0.012015,-0.05175,3.578165,41.594203,False
KVAL001,119,4.235177,RElbow,0.177006,-0.078375,0.001665,-0.1587,1.465892,66.859092,False
KVAL001,120,4.268511,RElbow,0.037751,0.02079,-0.015735,-0.0273,1.168891,89.583893,False
KVAL001,121,4.301855,RElbow,0.163176,-0.12384,-0.02763,-0.1026,4.524674,27.508632,False
KVAL001,122,4.335177,RElbow,0.296459,-0.257085,-0.039675,-0.1422,1.581308,162.439808,False
KVAL001,123,4.368511,RElbow,0.065023,-0.06144,-0.00555,-0.02055,6.410161,15.998767,False
KVAL001,124,4.401833,RElbow,0.142327,0.076605,0.04761,0.1101,2.607877,127.362454,False
KVAL001,125,4.435177,RElbow,0.121403,0.05454,0.04464,0.09885,2.170472,71.48859,False
KVAL001,126,4.468511,RElbow,0.013793,-0.00399,-0.01191,0.0057,2.196606,32.238043,False
KVAL001,127,4.501855,RElbow,0.030333,-0.01722,-0.023175,-0.0093,0.125336,37.178036,False
KVAL001,128,4.535166,RElbow,0.008091,-0.00609,-0.00519,0.0012,0.358416,4.502156,False
KVAL001,129,4.568511,RElbow,0.008635,-0.00129,-0.005595,-0.00645,0.281742,6.732008,False
KVAL001,130,4.601833,RElbow,0.025006,-0.017175,-0.014835,-0.0105,0.372597,24.434213,False
KVAL001,131,4.635177,RElbow,0.018306,-4.5e-05,-0.002385,0.01815,1.349646,9.667957,False
KVAL001,132,4.6685,RElbow,0.067002,0.03822,0.01992,0.0513,0.851264,26.460217,False
KVAL001,133,4.701833,RElbow,0.068704,0.036885,0.022185,0.05355,0.41663,21.10292,False
KVAL001,134,4.735166,RElbow,0.039509,0.01998,0.01227,0.0318,0.560941,11.723196,False
KVAL001,135,4.768511,RElbow,0.031393,0.015675,0.009465,0.0255,0.369832,19.116253,False
KVAL001,136,4.801833,RElbow,0.063446,0.03618,0.023835,0.04635,0.714381,10.385003,False
KVAL001,137,4.835177,RElbow,0.078976,0.039645,0.026745,0.06285,0.341991,23.03487,False
KVAL001,138,4.8685,RElbow,0.046259,0.015045,0.018585,0.0396,0.83099,17.451313,False
KVAL001,139,4.901844,RElbow,0.027327,0.004455,0.01653,0.0213,1.408415,6.296988,False
KVAL001,140,4.935177,RElbow,0.049147,-0.030945,-0.018945,-0.03315,1.037104,39.292852,False
KVAL001,141,4.968511,RElbow,0.043665,-0.02574,-0.01971,-0.02925,1.213547,31.651638,False
KVAL001,142,5.001844,RElbow,0.032241,0.014265,0.013905,0.02535,1.075913,47.005923,False
KVAL001,143,5.035177,RElbow,0.02889,0.009855,0.01182,0.02445,1.920576,39.554121,False
KVAL001,144,5.0685,RElbow,0.096083,-0.055065,-0.035955,-0.07005,1.587219,72.246571,False
KVAL001,145,5.101844,RElbow,0.079889,-0.05895,-0.00936,-0.0531,2.955675,60.71779,False
KVAL001,146,5.135166,RElbow,0.111822,0.01224,0.088875,0.06675,2.516511,62.879387,False
KVAL001,147,5.1685,RElbow,0.102058,0.02826,0.0759,0.0621,1.367584,65.706284,False
KVAL001,148,5.201844,RElbow,0.031198,0.01929,0.00939,0.02265,1.926018,18.982441,False
KVAL001,149,5.235177,RElbow,0.026505,-0.006735,-0.01764,-0.0186,0.497523,40.216011,False
KVAL001,150,5.268522,RElbow,0.007185,-0.0051,0.005025,0.0006,0.759398,27.118326,False
KVAL001,151,5.301855,RElbow,0.024241,0.00909,0.01458,0.0171,1.317421,7.244439,False
KVAL001,152,5.335188,RElbow,0.086782,0.050925,0.031125,0.063,0.907875,59.628942,False
KVAL001,153,5.368533,RElbow,0.082691,0.050115,0.02793,0.05955,2.662925,34.546074,False
KVAL001,154,5.401866,RElbow,0.090826,-0.04881,-0.03387,-0.0687,1.432518,92.487435,False
KVAL001,155,5.435166,RElbow,0.024079,0.008115,-0.01914,-0.01215,3.52823,47.655345,False
KVAL001,156,5.468511,RElbow,0.147476,0.108105,0.01791,0.0987,1.767782,38.651151,False
KVAL001,157,5.501844,RElbow,0.109827,0.07593,0.01536,0.07785,1.015162,35.265999,False
KVAL001,158,5.535177,RElbow,0.213716,0.15,0.01329,0.15165,3.886787,16.530909,False
KVAL001,159,5.5685,RElbow,0.367262,0.258975,-0.002325,0.2604,0.24284,68.570168,False
KVAL001,160,5.601844,RElbow,0.207664,0.142185,-0.000885,0.15135,0.958387,48.575321,False
KVAL001,161,5.635177,RElbow,0.326028,0.21648,-0.04524,0.23955,3.220456,19.985003,False
KVAL001,162,5.668522,RElbow,0.417214,0.26931,-0.06549,0.31185,1.59434,104.578489,False
KVAL001,163,5.701833,RElbow,0.224304,0.131925,-0.019995,0.1803,3.763042,34.53517,False
KVAL001,164,5.735177,RElbow,0.169129,0.100245,-0.00678,0.13605,3.722762,17.084608,False
KVAL001,165,5.7685,RElbow,0.024506,-0.01539,-0.00348,-0.01875,4.28113,55.052865,False
KVAL001,166,5.801844,RElbow,0.116353,-0.065955,0.00084,-0.09585,0.294871,104.406303,False
KVAL001,167,5.835166,RElbow,0.032135,-0.005385,0.008745,-0.03045,2.692877,19.710822,False
KVAL001,168,5.868511,RElbow,0.065484,0.04467,0.01755,0.04455,1.206186,83.903313,False
KVAL001,169,5.901844,RElbow,0.053269,0.031305,0.01344,0.04095,2.935015,59.675379,False
KVAL001,170,5.935177,RElbow,0.130192,-0.08781,-0.037155,-0.08865,2.822058,71.689753,False
KVAL001,171,5.9685,RElbow,0.135163,-0.09063,-0.038955,-0.0924,1.844402,47.003486,False
KVAL001,172,6.001844,RElbow,0.007644,-0.003705,-0.00414,-0.00525,0.343999,44.360562,False
KVAL001,173,6.035177,RElbow,0.115191,-0.07446,-0.043005,-0.07665,1.113649,30.043762,False
KVAL001,174,6.068511,RElbow,0.081572,-0.054,-0.02721,-0.05475,2.279135,48.546272,False
KVAL001,175,6.101833,RElbow,0.037014,0.023535,0.018165,0.02205,2.12758,12.355434,False
KVAL001,176,6.135177,RElbow,0.061066,0.037815,0.03201,0.0357,1.485607,19.067775,False
KVAL001,177,6.168511,RElbow,0.136051,0.086175,0.068145,0.08025,0.868719,31.203626,False
KVAL001,178,6.201855,RElbow,0.118966,0.072255,0.062775,0.07065,0.597834,13.165942,False
KVAL001,179,6.235166,RElbow,0.096596,0.057885,0.051765,0.05745,0.219787,10.825986,False
KVAL001,180,6.268511,RElbow,0.121271,0.083205,0.05304,0.0705,0.235469,24.841494,False
KVAL001,181,6.301844,RElbow,0.101292,0.069945,0.042045,0.06,1.814544,32.451678,False
KVAL001,182,6.335177,RElbow,0.19529,0.19074,0.038265,0.0171,2.351031,91.212614,False
KVAL001,183,6.3685,RElbow,0.224302,0.221655,0.0162,0.0303,4.401053,132.756023,False
KVAL001,184,6.401833,RElbow,0.108515,-0.10221,0.024975,0.02655,6.732415,86.092097,False
KVAL001,185,6.435166,RElbow,0.228965,-0.20931,-0.0102,-0.09225,2.908418,141.236676,False
KVAL001,186,6.4685,RElbow,0.167854,-0.06447,-0.069345,-0.1386,3.024987,62.122222,False
KVAL001,187,6.501833,RElbow,0.14245,-0.022635,-0.083595,-0.1131,1.619698,58.364224,False
KVAL001,188,6.535177,RElbow,0.07488,-0.002685,-0.05448,-0.0513,2.083894,37.720117,False
KVAL001,189,6.568511,RElbow,0.005102,0.001245,-0.0048,-0.0012,1.658251,41.972475,False
KVAL001,190,6.601855,RElbow,0.088211,-0.06315,0.038025,-0.04845,1.370916,40.967643,False
KVAL001,191,6.635166,RElbow,0.089014,-0.063855,0.037755,-0.0492,1.189532,26.592839,False
KVAL001,192,6.668511,RElbow,0.015971,-0.007425,-0.00579,-0.0129,0.498145,36.774299,False
KVAL001,193,6.701833,RElbow,0.068219,-0.0312,0.032145,-0.05145,1.327881,4.300477,False
KVAL001,194,6.735177,RElbow,0.095905,-0.03537,0.057525,-0.0681,0.297477,34.868082,False
KVAL001,195,6.768511,RElbow,0.066676,-0.01272,0.039285,-0.05235,1.013055,11.627297,False
KVAL001,196,6.801855,RElbow,0.030582,-0.00183,0.019425,-0.02355,0.684909,20.668334,False
KVAL001,197,6.835166,RElbow,0.055014,-0.020115,0.05046,-0.0087,0.586225,17.100095,False
KVAL001,198,6.868511,RElbow,0.055306,-0.020745,0.050445,-0.00915,0.819558,20.283852,False
KVAL001,199,6.901833,RElbow,0.001057,-0.00087,-3e-05,-0.0006,0.810859,11.280649,False
KVAL001,200,6.935177,RElbow,0.008987,-0.006495,-0.001605,-0.006,0.520541,35.285042,False
KVAL001,201,6.9685,RElbow,0.035109,-0.0237,-0.023475,0.01095,1.553005,38.647149,False
KVAL001,202,7.001844,RElbow,0.103914,-0.01554,0.10008,-0.02325,2.131166,48.097291,False
KVAL001,203,7.035177,RElbow,0.115328,-0.002895,0.11325,-0.0216,1.660261,55.03302,False
KVAL001,204,7.068522,RElbow,0.019676,-0.017985,-0.007455,0.00285,1.691559,35.785983,False
KVAL001,205,7.101833,RElbow,0.064405,-0.023595,0.008985,-0.05925,1.752096,23.431225,False
KVAL001,206,7.135177,RElbow,0.110299,0.02952,-0.036255,-0.0999,1.948717,60.677265,False
KVAL001,207,7.1685,RElbow,0.157623,0.04995,-0.069045,-0.1326,2.360923,73.993294,False
KVAL001,208,7.201844,RElbow,0.070969,-0.05445,0.045195,0.0054,3.060648,138.626468,False
KVAL001,209,7.235177,RElbow,0.047331,-0.020265,0.02703,0.03315,7.041609,127.814349,False
KVAL001,210,7.268522,RElbow,0.400731,0.288,-0.242325,-0.13755,5.9142,136.525573,False
KVAL001,211,7.301833,RElbow,0.353938,0.27561,-0.20469,-0.0861,2.210706,116.46922,False
KVAL001,212,7.335177,RElbow,0.270209,0.221745,-0.14724,-0.0465,1.863381,34.877873,False
KVAL001,213,7.3685,RElbow,0.233496,0.188385,-0.13395,-0.033,3.902326,18.075112,False
KVAL001,214,7.401833,RElbow,0.024321,0.00747,-0.01455,0.018,2.841866,47.106883,False
KVAL001,215,7.435166,RElbow,0.053914,0.023745,-0.048165,0.0048,3.758888,77.934493,False
KVAL001,216,7.4685,RElbow,0.262175,-0.142965,-0.028185,0.21795,7.662924,102.267365,False
KVAL001,217,7.501833,RElbow,0.474108,-0.30906,0.22149,0.2832,4.386453,250.142333,False
KVAL001,218,7.535166,RElbow,0.290419,-0.124365,0.24072,0.10455,9.134507,152.444182,False
KVAL001,219,7.568511,RElbow,0.194153,-0.034185,-0.16134,-0.10245,9.05075,309.871922,False
KVAL001,220,7.601844,RElbow,0.45741,-0.108315,-0.009435,-0.4443,13.356257,501.589257,False
KVAL001,221,7.635177,RElbow,0.699185,0.22995,0.59583,0.28455,27.246299,751.800206,False
KVAL001,222,7.668522,RElbow,1.664614,-1.49727,-0.054015,0.7254,40.584091,671.364752,False
KVAL001,223,7.701833,RElbow,2.301077,-2.132295,-0.705495,0.50055,19.7332,1015.925058,True
KVAL001,224,7.735177,RElbow,0.672389,-0.195615,-0.2055,0.6096,31.708237,504.639226,True
KVAL001,225,7.7685,RElbow,1.827143,-0.53706,-0.09114,1.74405,17.417014,786.03987,False
KVAL001,226,7.801844,RElbow,1.795672,-0.86175,-0.215295,1.5606,28.45583,701.211166,True
KVAL001,227,7.835177,RElbow,0.445199,-0.292545,-0.31176,-0.1242,29.708232,424.872422,True
KVAL001,228,7.868522,RElbow,0.493608,-0.161025,-0.369105,-0.28545,4.305795,493.863126,True
KVAL001,229,7.901833,RElbow,0.422091,-0.02232,-0.40731,-0.10845,4.554828,143.184598,True
KVAL001,230,7.935177,RElbow,0.209952,-0.096975,-0.176385,-0.0597,6.855768,54.271044,True
KVAL001,231,7.9685,RElbow,0.139663,-0.07191,0.04704,-0.1101,3.512215,108.031594,True
KVAL001,232,8.001833,RElbow,0.077016,0.01644,0.028215,-0.06975,1.95125,75.632677,True
KVAL001,233,8.035177,RElbow,0.051855,-0.01728,0.04824,0.00795,1.914945,37.060991,True
KVAL001,234,8.068511,RElbow,0.071306,-0.065805,-0.02448,0.01245,1.235896,41.987127,True
KVAL001,235,8.101833,RElbow,0.076079,-0.072555,-0.01173,0.01965,1.144885,34.960823,False
KVAL001,236,8.135166,RElbow,0.040221,-0.01371,0.03039,0.0225,1.145959,22.277148,True
KVAL001,237,8.168511,RElbow,0.0207,-0.00684,0.01908,-0.0042,0.603829,18.308132,False
KVAL001,238,8.201844,RElbow,0.000162,-1.5e-05,6e-05,-0.00015,0.296597,140.802558,False
KVAL001,239,8.235166,RElbow,0.001126,-3e-05,0.00084,-0.00075,9.16172,180.145084,True
KVAL001,240,8.2685,RElbow,0.610876,0.232755,0.53001,-0.19515,11.845502,243.93469,False
KVAL001,241,8.301844,RElbow,0.790501,0.470565,0.60888,-0.1809,7.44271,334.849801,False
KVAL001,242,8.335177,RElbow,0.25121,0.237795,0.07986,0.0135,10.484185,114.917808,False
KVAL001,243,8.3685,RElbow,0.097984,0.081015,0.054045,-0.0108,2.437805,136.835948,False
KVAL001,244,8.401844,RElbow,0.096486,0.079695,0.052875,-0.01275,1.499374,20.38899,False
KVAL001,245,8.435177,RElbow,0.003389,-0.00192,-0.00114,-0.00255,1.455222,22.946838,False
KVAL001,246,8.468522,RElbow,0.000783,-0.00063,-0.00012,-0.00045,0.052433,21.89716,False
KVAL001,247,8.501833,RElbow,0.000151,-1.5e-05,0.0,0.00015,0.013357,0.787555,True
KVAL001,248,8.535166,RElbow,0.000356,-0.00015,-0.00012,0.0003,0.003522,0.282877,False
KVAL001,249,8.5685,RElbow,0.000356,-0.00015,-0.00012,0.0003,0.007161,0.155177,False
KVAL001,250,8.601844,RElbow,0.000154,-3e-05,-1.5e-05,-0.00015,0.007161,0.138004,False
KVAL001,251,8.635166,RElbow,0.000154,-3e-05,-1.5e-05,-0.00015,0.002306,0.138004,False
KVAL001,252,8.668511,RElbow,0.0,0.0,0.0,0.0,0.002306,0.034583,False
KVAL001,253,8.701833,RElbow,0.0,0.0,0.0,0.0,0.0,10.925815,False
KVAL001,254,8.735177,RElbow,0.0,0.0,0.0,0.0,0.729134,10.953177,False
KVAL001,255,8.768511,RElbow,0.048609,-0.03141,-0.027225,0.0252,0.730212,21.858044,False
KVAL001,256,8.801855,RElbow,0.048681,-0.03153,-0.027075,0.02535,0.728073,16.742083,False
KVAL001,257,8.835166,RElbow,0.000244,-0.00012,0.00015,0.00015,1.446981,39.671773,False
KVAL001,258,8.8685,RElbow,0.133469,-0.127425,-0.035085,0.0186,2.006029,51.161559,False
KVAL001,259,8.901833,RElbow,0.133831,-0.127755,-0.03534,0.01845,1.996625,60.202324,False
KVAL001,260,8.935166,RElbow,0.000443,-0.00033,-0.000255,-0.00015,2.007461,29.868278,False
KVAL001,261,8.968511,RElbow,0.0,0.0,0.0,0.0,0.006648,30.111909,False
KVAL001,262,9.001844,RElbow,0.0,0.0,0.0,0.0,0.0,17.660785,False
KVAL001,263,9.035166,RElbow,0.0,0.0,0.0,0.0,1.183284,18.109528,False
KVAL001,264,9.0685,RElbow,0.078886,0.031125,0.05136,0.05115,1.207302,46.006344,False
KVAL001,265,9.101844,RElbow,0.080487,0.031725,0.05241,0.0522,3.117297,46.199912,False
KVAL001,266,9.135177,RElbow,0.238778,0.195915,0.126795,-0.05055,3.106357,99.172212,False
KVAL001,267,9.168511,RElbow,0.237839,0.195135,0.125745,-0.05175,3.583476,100.033323,False
KVAL001,268,9.201844,RElbow,0.000246,-0.000195,1.5e-05,-0.00015,3.70179,52.046642,False
KVAL001,269,9.235177,RElbow,0.019963,-0.00954,-0.007395,-0.0159,0.296318,57.819377,False
KVAL001,270,9.268522,RElbow,0.019961,-0.009525,-0.00741,-0.0159,0.29944,8.935959,False
KVAL001,271,9.301833,RElbow,0.0,0.0,0.0,0.0,0.299416,4.491598,True
KVAL001,272,9.335177,RElbow,0.0,0.0,0.0,0.0,0.0,4.491237,True
KVAL001,273,9.3685,RElbow,0.0,0.0,0.0,0.0,0.0,0.0,False
KVAL001,274,9.401844,RElbow,0.0,0.0,0.0,0.0,0.0,0.0,False
KVAL001,275,9.435177,RElbow,0.0,0.0,0.0,0.0,0.0,29.830801,False
KVAL001,276,9.468522,RElbow,0.0,0.0,0.0,0.0,1.98872,29.868591,False
KVAL001,277,9.501844,RElbow,0.132581,-0.12657,-0.031785,-0.0234,1.991239,59.62392,False
KVAL001,278,9.535188,RElbow,0.132749,-0.12666,-0.031905,-0.0237,1.98621,59.737182,False
KVAL001,279,9.5685,RElbow,0.000335,-9e-05,-0.00012,-0.0003,1.991239,29.755652,False
KVAL001,280,9.601844,RElbow,0.0,0.0,0.0,0.0,0.005031,29.868591,False
KVAL001,281,9.635177,RElbow,0.0,0.0,0.0,0.0,0.0,0.075467,False
KVAL001,282,9.668522,RElbow,0.0,0.0,0.0,0.0,0.0,0.0,False
KVAL001,283,9.701833,RElbow,0.0,0.0,0.0,0.0,0.0,0.0,False
KVAL001,284,9.735177,RElbow,0.0,0.0,0.0,0.0,0.0,0.0,False
KVAL001,285,9.7685,RElbow,0.0,0.0,0.0,0.0,0.0,0.0,False
KVAL001,286,9.801844,RElbow,0.0,0.0,0.0,0.0,0.0,0.0,False
KVAL001,287,9.835177,RElbow,0.0,0.0,0.0,0.0,0.0,0.0,False
KVAL001,288,9.868511,RElbow,0.0,0.0,0.0,0.0,0.0,0.0,False
KVAL001,289,9.901833,RElbow,0.0,0.0,0.0,0.0,0.0,0.0,False
KVAL001,290,9.935177,RElbow,0.0,0.0,0.0,0.0,0.0,0.0,False
KVAL001,291,9.968511,RElbow,0.0,0.0,0.0,0.0,0.0,0.0,True
KVAL001,292,10.001844,RElbow,0.0,0.0,0.0,0.0,0.0,0.0,True
KVAL001,293,10.035177,RElbow,0.0,0.0,0.0,0.0,0.0,0.0,False
KVAL001,294,10.068511,RElbow,0.0,0.0,0.0,0.0,0.0,0.0,False
KVAL001,295,10.101833,RElbow,0.0,0.0,0.0,0.0,0.0,0.0,False
KVAL001,296,10.135177,RElbow,0.0,0.0,0.0,0.0,0.0,0.0,True
KVAL001,297,10.168511,RElbow,0.0,0.0,0.0,0.0,0.0,0.0,False
KVAL001,298,10.201855,RElbow,0.0,0.0,0.0,0.0,0.0,0.0,True
KVAL001,299,10.235177,RElbow,0.0,0.0,0.0,0.0,0.0,0.0,True
KVAL001,300,10.268511,RElbow,0.0,0.0,0.0,0.0,0.0,0.0,False
KVAL001,301,10.301833,RElbow,0.0,0.0,0.0,0.0,0.0,0.0,False
KVAL001,302,10.335166,RElbow,0.0,0.0,0.0,0.0,0.0,38.364124,True
KVAL001,303,10.3685,RElbow,0.0,0.0,0.0,0.0,2.557608,38.365747,True
KVAL001,304,10.401844,RElbow,0.170507,0.081585,0.094905,-0.1158,2.557716,76.726786,False
KVAL001,305,10.435166,RElbow,0.170514,0.081435,0.09468,-0.1161,2.557514,77.329924,False
KVAL001,306,10.468511,RElbow,0.000404,-0.00015,-0.000225,-0.0003,2.59862,37.789371,False
KVAL001,307,10.501844,RElbow,0.007325,-0.00717,0.0015,0.0,0.108061,39.669387,False
KVAL001,308,10.535177,RElbow,0.007299,-0.00717,0.001365,0.0,0.11165,3.282633,False
KVAL001,309,10.568511,RElbow,0.000221,9e-05,-0.000135,-0.00015,0.110831,1.664679,False
KVAL001,310,10.601844,RElbow,0.000175,9e-05,0.0,-0.00015,0.003607,22.522632,False
KVAL001,311,10.635177,RElbow,0.000182,0.00018,3e-05,0.0,1.59061,23.787904,False
KVAL001,312,10.668511,RElbow,0.106197,0.0888,0.009585,-0.05745,1.58601,47.794396,False
KVAL001,313,10.701833,RElbow,0.105888,0.08901,0.00957,-0.05655,1.595735,47.619124,False
KVAL001,314,10.735166,RElbow,0.001148,0.000465,0.0,0.00105,1.588598,23.980411,False
KVAL001,315,10.768511,RElbow,0.000168,7.5e-05,-1.5e-05,0.00015,0.017225,23.847364,False
KVAL001,316,10.801844,RElbow,0.0,0.0,0.0,0.0,0.002261,3.910561,False
KVAL001,317,10.835166,RElbow,7.5e-05,7.5e-05,0.0,0.0,0.266097,3.943681,False
KVAL001,318,10.868511,RElbow,0.01774,0.01278,0.000285,-0.0123,0.26448,7.97075,False
KVAL001,319,10.901844,RElbow,0.017686,0.012705,0.000285,-0.0123,0.265287,7.934409,False
KVAL001,320,10.935177,RElbow,7.5e-05,7.5e-05,0.0,0.0,0.26448,3.967204,False
KVAL001,321,10.9685,RElbow,7.5e-05,7.5e-05,0.0,0.0,0.001125,4.039592,False
KVAL001,322,11.001833,RElbow,0.0,0.0,0.0,0.0,0.299653,4.25196,False
KVAL001,323,11.035177,RElbow,0.01999,0.003525,-0.004305,0.0192,0.283135,9.287927,False
KVAL001,324,11.068511,RElbow,0.018876,0.00549,-0.00426,0.01755,0.32034,8.494043,False
KVAL001,325,11.101833,RElbow,0.002566,0.001965,4.5e-05,-0.00165,0.283135,5.158981,False
KVAL001,326,11.135166,RElbow,0.0,0.0,0.0,0.0,0.038494,4.24899,False
KVAL001,327,11.1685,RElbow,0.0,0.0,0.0,0.0,0.00045,0.582596,False
KVAL001,328,11.201833,RElbow,3e-05,3e-05,0.0,0.0,0.00045,0.0135,False
KVAL001,329,11.235177,RElbow,3e-05,3e-05,0.0,0.0,0.00045,0.0135,False
KVAL001,330,11.268511,RElbow,0.0,0.0,0.0,0.0,0.00045,0.00675,False
KVAL001,331,11.301844,RElbow,0.0,0.0,0.0,0.0,0.0,0.00675,False
KVAL001,332,11.335188,RElbow,0.0,0.0,0.0,0.0,0.0,0.0,False
KVAL001,333,11.368511,RElbow,0.0,0.0,0.0,0.0,0.0,0.0,False
KVAL001,334,11.401855,RElbow,0.0,0.0,0.0,0.0,0.0,0.0,False
KVAL001,335,11.435177,RElbow,0.0,0.0,0.0,0.0,0.0,0.0,False
KVAL001,0,0.0,RWrist,0.000385,-3e-05,-0.00024,0.0003,6.223856,93.187662,True
KVAL001,1,0.301866,RWrist,0.207365,0.119415,-0.10155,-0.13575,3.118264,139.94689,True
KVAL001,2,0.3352,RWrist,0.207792,0.11856,-0.104385,-0.135,3.151821,93.647705,True
KVAL001,3,0.368511,RWrist,0.043604,-0.032835,-0.00441,-0.02835,3.159152,50.456475,True
KVAL001,4,0.401844,RWrist,0.043558,-0.031965,-0.00153,-0.02955,0.476947,66.64291,True
KVAL001,5,0.435188,RWrist,0.014609,-0.004815,-0.003465,-0.01335,2.25311,56.769705,True
KVAL001,6,0.468522,RWrist,0.158417,0.038355,0.094335,-0.12135,3.676759,50.435142,True
KVAL001,7,0.501855,RWrist,0.253107,0.049815,0.13293,-0.20955,1.870763,101.137893,True
KVAL001,8,0.5352,RWrist,0.193937,-0.037995,0.02244,-0.18885,3.167769,83.985617,False
KVAL001,9,0.568533,RWrist,0.09993,-0.043185,-0.0135,-0.0891,4.160186,70.827029,True
KVAL001,10,0.601844,RWrist,0.094125,0.066015,-0.002415,0.06705,4.488444,50.761282,True
KVAL001,11,0.635177,RWrist,0.200939,0.10449,-0.012885,0.17115,1.480311,110.392682,False
KVAL001,12,0.6685,RWrist,0.157134,0.02808,-0.04353,0.14835,2.892718,62.301568,False
KVAL001,13,0.701833,RWrist,0.040217,-0.005655,-0.037005,0.0147,2.849042,40.12322,False
KVAL001,14,0.735177,RWrist,0.034085,-0.00885,0.018165,-0.02745,1.007836,40.606906,False
KVAL001,15,0.768511,RWrist,0.031061,-0.011145,0.01917,-0.02175,0.531655,18.147225,False
KVAL001,16,0.801844,RWrist,0.051968,0.00477,-0.003915,-0.0516,0.612381,17.894068,False
KVAL001,17,0.835188,RWrist,0.054128,-0.00081,-0.00363,-0.054,0.722099,22.750174,False
KVAL001,18,0.868511,RWrist,0.01148,-0.009855,-0.000675,-0.00585,1.062774,14.502927,False
KVAL001,19,0.901844,RWrist,0.02578,0.003795,-0.02094,0.01455,0.560828,16.04471,False
KVAL001,20,0.935177,RWrist,0.027244,0.026265,-0.00711,0.00135,0.40934,17.580477,False
KVAL001,21,0.968511,RWrist,0.026848,0.0075,0.00378,0.0255,0.675241,17.626887,False
KVAL001,22,1.001833,RWrist,0.025664,-0.014325,-0.004995,0.0207,1.003801,27.318456,False
KVAL001,23,1.035166,RWrist,0.042463,-0.015465,0.016035,-0.03615,1.371446,23.729308,False
KVAL001,24,1.0685,RWrist,0.070167,-0.00375,-0.00153,-0.07005,0.632276,36.934718,False
KVAL001,25,1.101833,RWrist,0.016032,0.01113,-0.00444,-0.01065,1.127934,13.404504,False
KVAL001,26,1.135177,RWrist,0.015776,0.005055,0.01467,0.00285,0.297957,39.361577,False
KVAL001,27,1.168511,RWrist,0.02879,0.002115,-0.004545,-0.02835,1.546951,13.296925,False
KVAL001,28,1.201855,RWrist,0.103804,0.010725,0.0288,-0.09915,1.12346,46.167773,False
KVAL001,29,1.235188,RWrist,0.097672,-0.015705,0.033345,-0.09045,1.598123,45.288691,False
KVAL001,30,1.268522,RWrist,0.027809,-0.01374,-0.02244,-0.009,1.897194,23.286081,False
KVAL001,31,1.301866,RWrist,0.035029,0.01884,-0.02439,0.01665,0.761807,47.867747,False
KVAL001,32,1.3352,RWrist,0.030313,0.003765,0.00561,0.02955,1.368261,30.427998,False
KVAL001,33,1.368511,RWrist,0.056895,-0.017805,0.042675,-0.03315,1.434615,31.176815,False
KVAL001,34,1.401844,RWrist,0.068267,-0.0054,0.022995,-0.06405,0.824556,32.9841,False
KVAL001,35,1.435166,RWrist,0.039091,0.005295,-0.00696,-0.0381,0.788306,20.319978,False
KVAL001,36,1.468511,RWrist,0.026063,-0.01632,0.01545,-0.0132,0.561011,12.833162,False
KVAL001,37,1.501833,RWrist,0.030948,-0.01053,0.021465,-0.01965,0.637001,10.107674,False
KVAL001,38,1.535177,RWrist,0.025192,0.02079,0.01227,0.0072,0.646766,59.980704,False
KVAL001,39,1.5685,RWrist,0.030381,-0.00315,0.01983,0.0228,3.699148,102.377254,False
KVAL001,40,1.601833,RWrist,0.22636,-0.140205,-0.16524,0.0654,7.348423,124.456768,False
KVAL001,41,1.635166,RWrist,0.505397,-0.169065,-0.138495,0.4557,5.552752,254.57034,True
KVAL001,42,1.668511,RWrist,0.308873,-0.0048,0.091725,0.2949,9.645684,159.471073,True
KVAL001,43,1.701844,RWrist,0.162197,0.01563,0.126465,-0.10035,6.464816,136.488924,True
KVAL001,44,1.735188,RWrist,0.179843,0.01023,0.11838,-0.135,1.904609,123.329447,True
KVAL001,45,1.7685,RWrist,0.196616,0.08814,0.048075,-0.16905,2.52287,55.859256,True
KVAL001,46,1.801844,RWrist,0.080872,0.06981,-0.007125,-0.0402,2.431747,45.607456,True
KVAL001,47,1.835166,RWrist,0.05758,0.054975,0.00597,-0.01605,1.453064,30.770696,True
KVAL001,48,1.8685,RWrist,0.022037,-0.00603,0.013305,0.0165,3.657237,21.362112,True
KVAL001,49,1.901833,RWrist,0.195427,-0.113835,-0.043245,0.15285,2.192822,91.881953,True
KVAL001,50,1.935177,RWrist,0.158882,-0.07428,-0.03768,0.1353,2.579036,64.816516,True
KVAL001,51,1.968522,RWrist,0.079351,-0.00255,0.050445,0.0612,2.172912,54.349828,True
KVAL001,52,2.001855,RWrist,0.062005,-0.00015,0.045195,0.04245,1.827496,38.883973,True
KVAL001,53,2.035188,RWrist,0.09037,0.02766,-0.067335,0.05355,1.015725,44.891325,True
KVAL001,54,2.068533,RWrist,0.044131,0.026085,-0.01629,0.03165,1.627703,24.888075,True
KVAL001,55,2.101866,RWrist,0.039727,0.01104,-0.009735,-0.0369,1.786606,30.963188,True
KVAL001,56,2.135166,RWrist,0.097369,-0.01095,-0.067515,-0.0693,0.800735,59.478499,True
KVAL001,57,2.168511,RWrist,0.043194,-0.034815,-0.022245,-0.0126,2.208786,36.962329,True
KVAL001,58,2.201833,RWrist,0.072849,0.005925,-0.02118,0.06945,1.794741,56.177138,True
KVAL001,59,2.235166,RWrist,0.081412,0.047685,0.064395,-0.0144,1.988214,44.653377,True
KVAL001,60,2.268511,RWrist,0.072637,0.040635,0.044955,-0.04005,1.57465,66.606879,True
KVAL001,61,2.301844,RWrist,0.074085,0.033615,-0.00162,0.066,2.487408,37.742593,True
KVAL001,62,2.335177,RWrist,0.117421,0.037725,-0.033435,0.10605,1.063618,70.198276,True
KVAL001,63,2.368522,RWrist,0.037796,0.03738,0.003105,-0.00465,2.210257,35.850421,True
KVAL001,64,2.401844,RWrist,0.076636,0.05229,0.054945,-0.01095,1.350555,55.642217,True
KVAL001,65,2.435188,RWrist,0.092068,0.0363,-0.02769,0.07995,1.574397,43.985215,True
KVAL001,66,2.468511,RWrist,0.054844,0.017895,-0.027735,0.0438,1.605996,11.482068,True
KVAL001,67,2.501844,RWrist,0.024078,0.012,-0.001005,-0.02085,0.832862,35.929754,True
KVAL001,68,2.535166,RWrist,0.104932,0.005115,-0.068295,0.0795,1.055865,57.087373,True
KVAL001,69,2.568511,RWrist,0.053344,0.003345,0.03852,0.03675,2.974282,33.774969,True
KVAL001,70,2.601833,RWrist,0.103608,0.044025,0.08445,-0.0408,1.561509,81.387317,True
KVAL001,71,2.635177,RWrist,0.082416,0.01173,-0.06438,0.0501,2.657051,42.41974,True
KVAL001,72,2.668511,RWrist,0.08346,-0.023175,-0.077955,-0.01875,1.6806,78.955022,True
KVAL001,73,2.701855,RWrist,0.105541,0.10149,-0.00075,0.02895,3.513024,42.114867,True
KVAL001,74,2.735166,RWrist,0.190932,0.113175,0.002685,0.15375,1.162654,100.073393,True
KVAL001,75,2.768511,RWrist,0.054214,0.02808,-0.02286,0.04035,3.290246,18.071636,True
KVAL001,76,2.801844,RWrist,0.030763,-0.01275,0.01122,-0.02565,1.014005,53.702412,True
KVAL001,77,2.835188,RWrist,0.017553,-0.01569,0.0078,-0.00105,0.304614,10.204849,True
KVAL001,78,2.868511,RWrist,0.01757,0.003615,0.010455,-0.01365,0.432535,13.926734,True
KVAL001,79,2.901844,RWrist,0.039376,-0.021735,0.018465,-0.02715,0.686142,16.646223,True
KVAL001,80,2.935166,RWrist,0.042055,-0.04113,0.002535,-0.0084,0.801591,19.785845,True
KVAL001,81,2.9685,RWrist,0.042466,-0.022335,-0.033315,-0.01395,0.732679,18.628578,True
KVAL001,82,3.001844,RWrist,0.038648,-0.004545,-0.016185,-0.0348,0.447202,14.238879,True
KVAL001,83,3.035177,RWrist,0.025739,-0.02061,-0.00357,-0.015,0.334915,6.379266,True
KVAL001,84,3.0685,RWrist,0.05202,-0.025815,-0.019365,-0.0408,0.192019,20.671297,True
KVAL001,85,3.101833,RWrist,0.036464,-0.03234,0.00123,-0.0168,1.269348,20.752379,True
KVAL001,86,3.135166,RWrist,0.054633,-0.03351,0.03744,0.02145,1.291977,27.426694,True
KVAL001,87,3.168511,RWrist,0.064376,-0.00285,0.007275,0.0639,1.082952,33.977266,True
KVAL001,88,3.201833,RWrist,0.055687,0.00519,-0.01437,0.05355,1.035188,36.518479,True
KVAL001,89,3.235166,RWrist,0.007377,0.005145,0.002775,-0.0045,1.598374,13.933992,True
KVAL001,90,3.2685,RWrist,0.060143,-0.03978,-0.01347,-0.04305,1.169734,32.80388,True
KVAL001,91,3.301844,RWrist,0.077366,-0.04287,-0.024525,-0.05955,0.695369,34.666824,True
KVAL001,92,3.335166,RWrist,0.023309,0.001095,-0.007905,-0.0219,1.143968,11.488193,True
KVAL001,93,3.368511,RWrist,0.001368,-0.00096,0.000375,-0.0009,0.159769,26.484822,True
KVAL001,94,3.401844,RWrist,0.027072,-0.001695,0.00102,-0.027,0.739378,6.186611,True
KVAL001,95,3.435177,RWrist,0.049956,0.005505,-0.011505,-0.0483,0.25708,22.331465,True
KVAL001,96,3.4685,RWrist,0.025714,0.00717,-0.012495,-0.0213,0.749487,7.719177,True
KVAL001,97,3.501833,RWrist,4.2e-05,-3e-05,3e-05,0.0,0.385714,11.244618,True
KVAL001,98,3.535177,RWrist,0.0,0.0,0.0,0.0,0.000636,5.785712,True
KVAL001,99,3.568511,RWrist,0.0,0.0,0.0,0.0,0.0,4.527685,True
KVAL001,100,3.601844,RWrist,0.0,0.0,0.0,0.0,0.301438,4.537141,True
KVAL001,101,3.635188,RWrist,0.020096,0.0018,0.02001,0.00045,0.302476,8.952307,True
KVAL001,102,3.668511,RWrist,0.020165,0.00177,0.020085,0.0003,0.295549,8.60672,True
KVAL001,103,3.701855,RWrist,0.001017,-0.00015,0.00045,-0.0009,0.30061,10.660497,True
KVAL001,104,3.735177,RWrist,0.012381,0.005475,0.003615,-0.0105,0.434121,10.086387,True
KVAL001,105,3.768522,RWrist,0.028881,0.00135,0.025335,0.0138,0.373451,15.568263,True
KVAL001,106,3.801833,RWrist,0.024986,0.004335,0.024405,0.00315,0.900662,19.865835,True
KVAL001,107,3.835177,RWrist,0.06402,0.059865,0.02268,0.0006,1.26003,30.445479,True
KVAL001,108,3.8685,RWrist,0.087204,0.0801,0.0054,0.03405,1.411949,27.450134,True
KVAL001,109,3.901844,RWrist,0.083052,0.025035,-0.021015,0.07635,0.923854,31.092932,True
KVAL001,110,3.935166,RWrist,0.085904,0.03642,0.00789,0.0774,0.817133,43.108619,True
KVAL001,111,3.9685,RWrist,0.056571,0.03612,-0.03561,0.02505,2.512055,38.343427,True
KVAL001,112,4.001833,RWrist,0.119522,-0.014235,-0.11649,-0.02265,3.238802,22.022537,True
KVAL001,113,4.035166,RWrist,0.216508,-0.00327,-0.15681,-0.14925,1.36569,89.80362,True
KVAL001,114,4.0685,RWrist,0.188327,-0.02154,-0.15495,-0.10485,2.80901,65.770476,True
KVAL001,115,4.101844,RWrist,0.067261,-0.02004,-0.063075,0.012,3.127385,41.944702,True
KVAL001,116,4.135166,RWrist,0.024464,0.009615,0.008445,0.02085,1.016365,61.409975,True
KVAL001,117,4.1685,RWrist,0.08082,0.044655,-0.059385,0.0318,0.999902,40.417744,True
KVAL001,118,4.201833,RWrist,0.045234,0.004845,-0.030555,-0.033,1.910975,24.166901,True
KVAL001,119,4.235177,RWrist,0.049379,-0.028185,0.02154,-0.03435,0.903761,59.00214,True
KVAL001,120,4.268511,RWrist,0.065445,0.060855,-0.019935,-0.0135,2.033866,31.393319,True
KVAL001,121,4.301855,RWrist,0.091204,0.062295,-0.06351,0.0201,1.446144,54.096847,True
KVAL001,122,4.335177,RWrist,0.092439,0.004005,-0.090105,0.02025,1.696909,36.199245,True
KVAL001,123,4.368511,RWrist,0.073011,-0.013815,-0.03924,-0.06,1.268402,27.17884,True
KVAL001,124,4.401833,RWrist,0.032101,-0.022815,-0.01764,-0.0141,0.291352,24.800051,True
KVAL001,125,4.435177,RWrist,0.079852,-0.017445,-0.05703,-0.0531,1.059348,22.708904,True
KVAL001,126,4.468511,RWrist,0.091608,-0.013845,-0.04497,-0.0786,1.321488,34.799606,True
KVAL001,127,4.501855,RWrist,0.016108,0.002175,0.01479,-0.006,1.544382,32.413853,True
KVAL001,128,4.535166,RWrist,0.063858,0.052515,0.018105,-0.0315,1.200924,30.022912,True
KVAL001,129,4.568511,RWrist,0.082428,0.055995,-0.01062,-0.05955,0.716358,42.242519,True
KVAL001,130,4.601833,RWrist,0.016514,0.014385,0.001605,-0.00795,1.650673,9.095978,True
KVAL001,131,4.635177,RWrist,0.038144,0.005925,0.01113,0.036,0.346893,30.753164,True
KVAL001,132,4.6685,RWrist,0.018764,0.010125,0.007125,0.0141,0.414663,14.92248,True
KVAL001,133,4.701833,RWrist,0.021106,0.01584,-0.002025,0.0138,0.672845,11.27232,True
KVAL001,134,4.735166,RWrist,0.038018,0.027705,-0.01881,-0.018,1.075793,7.567645,True
KVAL001,135,4.768511,RWrist,0.059569,0.010185,-0.01773,-0.05595,0.666944,16.087867,True
KVAL001,136,4.801833,RWrist,0.068392,0.011655,-0.04524,-0.04995,0.439959,16.413887,True
KVAL001,137,4.835177,RWrist,0.07556,0.020505,-0.045165,-0.057,0.480766,16.825851,True
KVAL001,138,4.8685,RWrist,0.0454,0.014625,-0.014805,-0.04035,0.776351,30.151949,True
KVAL001,139,4.901844,RWrist,0.029926,0.020475,-0.00918,-0.0198,1.655728,43.740449,True
KVAL001,140,4.935177,RWrist,0.133906,0.08076,-0.102555,-0.02985,2.448607,47.374864,True
KVAL001,141,4.968511,RWrist,0.178192,0.084975,-0.156375,0.00885,1.652594,85.288017,True
KVAL001,142,5.001844,RWrist,0.041814,0.02175,-0.02658,0.02385,3.293421,48.995316,True
KVAL001,143,5.035177,RWrist,0.089879,-0.00384,0.01974,-0.0876,2.36319,43.395014,True
KVAL001,144,5.0685,RWrist,0.132205,0.034455,0.02037,-0.126,0.987371,64.106504,True
KVAL001,145,5.101844,RWrist,0.107393,0.0117,0.081075,-0.06945,2.343126,15.167757,True
KVAL001,146,5.135166,RWrist,0.099812,-0.008115,0.099465,0.0018,1.276174,47.685429,True
KVAL001,147,5.1685,RWrist,0.115108,0.03123,0.110505,0.00795,1.268414,91.47045,True
KVAL001,148,5.201844,RWrist,0.038363,0.02886,0.02373,0.0087,5.623714,30.369205,True
KVAL001,149,5.235177,RWrist,0.270086,0.05232,-0.263055,0.0318,2.973227,176.679476,True
KVAL001,150,5.268522,RWrist,0.173611,0.013575,-0.17232,-0.0162,6.281731,122.268051,True
KVAL001,151,5.301855,RWrist,0.164107,-0.083385,0.13278,0.04845,5.256457,125.30342,True
KVAL001,152,5.335188,RWrist,0.1875,0.011565,0.174195,-0.0684,3.652727,141.362608,True
KVAL001,153,5.368533,RWrist,0.182496,0.082215,0.101625,-0.12735,4.328591,65.631651,True
KVAL001,154,5.401866,RWrist,0.145339,0.115095,-0.088365,-0.00825,3.16368,96.749741,True
KVAL001,155,5.435166,RWrist,0.200806,0.07071,-0.107235,-0.15435,3.114266,65.344535,True
KVAL001,156,5.468511,RWrist,0.184575,-0.00864,-0.06348,-0.1731,1.683104,73.474541,True
KVAL001,157,5.501844,RWrist,0.092131,0.046815,-0.05295,-0.0591,2.077008,26.942028,True
KVAL001,158,5.535177,RWrist,0.063995,-0.01101,-0.052365,-0.0351,1.539485,26.934897,True
KVAL001,159,5.5685,RWrist,0.09097,-0.048015,-0.07299,-0.02535,0.484955,65.200364,True
KVAL001,160,5.601844,RWrist,0.036966,-0.018825,-0.027555,-0.0159,3.659569,38.725268,True
KVAL001,161,5.635177,RWrist,0.201915,-0.05625,0.15102,-0.12165,2.838479,93.954353,True
KVAL001,162,5.668522,RWrist,0.170673,-0.02859,0.154455,-0.06675,2.988761,68.622162,True
KVAL001,163,5.701833,RWrist,0.064904,0.027855,0.05106,0.0288,1.953491,60.157896,True
KVAL001,164,5.735177,RWrist,0.093092,0.04773,0.04899,-0.06315,1.804455,36.7753,True
KVAL001,165,5.7685,RWrist,0.148016,0.10992,0.083895,-0.0528,1.159942,40.060271,True
KVAL001,166,5.801844,RWrist,0.148474,0.09774,0.103815,-0.0414,1.165887,37.788409,True
KVAL001,167,5.835166,RWrist,0.090955,0.07815,0.01344,-0.04455,1.440329,13.173105,True
KVAL001,168,5.868511,RWrist,0.12798,0.07026,0.034065,-0.1014,0.806276,67.517462,True
KVAL001,169,5.901844,RWrist,0.038691,0.03324,-0.002445,-0.01965,3.901397,18.669357,True
KVAL001,170,5.935177,RWrist,0.149975,0.020775,-0.057135,0.1371,1.756467,92.031691,True
KVAL001,171,5.9685,RWrist,0.098366,-0.00156,-0.06858,0.0705,2.341905,41.377963,True
KVAL001,172,6.001844,RWrist,0.03247,-0.00231,-0.02886,-0.0147,1.560478,71.384327,True
KVAL001,173,6.035177,RWrist,0.09769,-0.00669,0.03315,0.09165,2.715264,24.944589,True
KVAL001,174,6.068511,RWrist,0.162226,-0.063135,0.023355,0.1476,0.845789,80.517097,True
KVAL001,175,6.101833,RWrist,0.10296,-0.05892,0.042855,0.07275,2.755974,39.401145,True
KVAL001,176,6.135177,RWrist,0.045836,0.01773,0.03885,-0.01665,2.380503,42.796993,True
KVAL001,177,6.168511,RWrist,0.068367,0.007515,0.00903,-0.06735,0.862458,31.28817,True
KVAL001,178,6.201855,RWrist,0.045559,-0.0195,0.00249,-0.0411,0.504241,22.025215,True
KVAL001,179,6.235166,RWrist,0.085979,0.039765,0.00525,-0.07605,1.16322,43.846769,True
KVAL001,180,6.268511,RWrist,0.115564,-0.031995,0.055815,-0.096,2.488302,19.430707,True
KVAL001,181,6.301844,RWrist,0.165675,-0.099105,0.094305,-0.09345,0.725015,81.867715,True
KVAL001,182,6.335177,RWrist,0.132979,-0.078915,0.06276,-0.0867,5.225222,136.175711,True
KVAL001,183,6.3685,RWrist,0.460678,-0.15141,0.03882,-0.43335,8.931582,118.851053,True
KVAL001,184,6.401833,RWrist,0.6947,-0.0894,0.108975,-0.68025,3.273641,281.917824,True
KVAL001,185,6.435166,RWrist,0.311222,0.02097,0.068565,-0.30285,9.938293,58.302202,True
KVAL001,186,6.4685,RWrist,0.046744,0.00378,-0.026385,-0.0384,4.254934,145.356184,True
KVAL001,187,6.501833,RWrist,0.030542,0.00384,-0.006,-0.0297,0.463669,58.119136,True
KVAL001,188,6.535177,RWrist,0.016951,0.00189,-0.005115,-0.01605,0.440651,44.142139,True
KVAL001,189,6.568511,RWrist,0.00156,0.000165,0.000765,-0.00135,2.542659,44.970157,True
KVAL001,190,6.601855,RWrist,0.180326,-0.06846,-0.14037,-0.09015,2.708816,77.351647,True
KVAL001,191,6.635166,RWrist,0.180602,-0.06858,-0.14028,-0.09075,2.614876,51.737192,True
KVAL001,192,6.668511,RWrist,0.010872,-0.00114,-0.00051,-0.0108,0.763815,68.551269,True
KVAL001,193,6.701833,RWrist,0.132325,-0.060345,-0.10305,-0.057,1.969603,21.208919,True
KVAL001,194,6.735177,RWrist,0.13651,-0.068355,-0.103005,-0.0579,1.956956,61.231983,True
KVAL001,195,6.768511,RWrist,0.040451,-0.00015,0.011265,-0.03885,2.12445,49.0639,True
KVAL001,196,6.801855,RWrist,0.031442,0.00888,0.01182,-0.02775,3.116709,44.77886,True
KVAL001,197,6.835166,RWrist,0.172953,0.0921,-0.011355,0.14595,2.907676,85.562067,True
KVAL001,198,6.868511,RWrist,0.172845,0.09237,-0.01137,0.14565,2.595436,82.972045,True
KVAL001,199,6.901833,RWrist,0.000447,0.00033,-3e-05,-0.0003,2.633922,31.752797,True
KVAL001,200,6.935177,RWrist,0.003612,0.000195,-0.00105,-0.00345,1.118177,29.614528,True
KVAL001,201,6.9685,RWrist,0.074288,-0.069885,-0.022545,-0.01125,1.789329,21.896866,True
KVAL001,202,7.001844,RWrist,0.120456,-0.105645,-0.04668,-0.0342,0.645709,49.051061,True
KVAL001,203,7.035177,RWrist,0.073127,-0.04635,-0.033465,-0.0456,1.487067,59.103689,True
KVAL001,204,7.068522,RWrist,0.027073,-0.01494,-0.009015,-0.0207,3.547048,39.954851,True
KVAL001,205,7.101833,RWrist,0.183772,-0.01416,0.16656,0.07635,3.190472,95.902722,True
KVAL001,206,7.135177,RWrist,0.187998,0.038655,0.115635,0.1431,4.209258,63.143311,True
KVAL001,207,7.1685,RWrist,0.233469,0.16128,-0.03351,0.16545,5.366109,116.108375,True
KVAL001,208,7.201844,RWrist,0.491898,0.20031,0.02352,0.44865,6.848813,120.39248,True
KVAL001,209,7.235177,RWrist,0.613988,0.07464,0.03549,0.6084,2.945704,217.955546,True
KVAL001,210,7.268522,RWrist,0.35167,0.033435,0.0444,0.34725,7.837898,48.05175,True
KVAL001,211,7.301833,RWrist,0.094449,0.031995,0.010845,0.0882,5.046372,102.601856,True
KVAL001,212,7.335177,RWrist,0.161421,-0.130935,-0.059985,0.0729,1.446123,98.476053,True
KVAL001,213,7.3685,RWrist,0.06285,0.016815,-0.056745,0.02115,3.664819,40.917955,True
KVAL001,214,7.401833,RWrist,0.08396,0.070635,0.01566,-0.0426,2.240171,78.813953,True
KVAL001,215,7.435166,RWrist,0.150129,-0.127275,-0.05217,0.06015,1.658954,81.959276,True
KVAL001,216,7.4685,RWrist,0.045684,-0.03429,-0.015165,-0.0261,4.564647,54.184943,True
KVAL001,217,7.501833,RWrist,0.276301,-0.14337,0.01809,-0.2355,5.005999,129.542385,True
KVAL001,218,7.535166,RWrist,0.37755,-0.33783,-0.1035,-0.13305,4.111428,178.743246,True
KVAL001,219,7.568511,RWrist,0.097694,-0.078195,-0.05484,0.02055,6.970783,68.124476,True
KVAL001,220,7.601844,RWrist,0.131268,0.098145,0.046155,-0.07395,1.692599,154.56091,True
KVAL001,221,7.635177,RWrist,0.101316,-0.07287,0.055575,0.0432,4.766724,31.824585,True
KVAL001,222,7.668522,RWrist,0.20086,-0.10515,0.024675,0.16935,1.068705,88.285508,True
KVAL001,223,7.701833,RWrist,0.11813,-0.045255,0.03174,0.1044,2.612136,79.949378,True
KVAL001,224,7.735177,RWrist,0.269544,-0.026925,0.17688,0.2016,6.064137,85.828202,True
KVAL001,225,7.7685,RWrist,0.51322,-0.02241,0.157005,0.4881,4.285535,161.655985,True
KVAL001,226,7.801844,RWrist,0.414301,0.028695,-0.006795,0.41325,5.07984,106.320985,True
KVAL001,227,7.835177,RWrist,0.254835,0.08658,-0.04125,0.2361,3.616851,62.538591,True
KVAL001,228,7.868522,RWrist,0.188641,0.04857,-0.0465,0.17625,2.71549,32.72036,True
KVAL001,229,7.901833,RWrist,0.089395,0.01053,-0.05172,0.07215,2.138103,32.886585,True
KVAL001,230,7.935177,RWrist,0.050073,-0.003105,-0.01869,0.04635,1.49816,40.319807,True
KVAL001,231,7.9685,RWrist,0.034175,-0.01746,0.02526,0.015,0.705716,39.24063,True
KVAL001,232,8.001833,RWrist,0.091186,-0.012915,-0.00459,0.09015,1.195553,17.971283,True
KVAL001,233,8.035177,RWrist,0.086366,-0.00429,-0.008895,0.0858,0.582129,26.346982,True
KVAL001,234,8.068511,RWrist,0.057575,-0.00576,0.0123,0.05595,0.562156,12.031065,True
KVAL001,235,8.101833,RWrist,0.05325,-0.007485,0.007395,0.0522,0.561105,11.683899,True
KVAL001,236,8.135166,RWrist,0.044475,-0.00666,-0.02088,0.0387,0.668676,13.199202,True
KVAL001,237,8.168511,RWrist,0.036131,0.00159,-0.026415,0.0246,0.66723,13.784203,True
KVAL001,238,8.201844,RWrist,1.5e-05,0.0,1.5e-05,0.0,0.543846,13.436253,True
KVAL001,239,8.235166,RWrist,0.000156,-3e-05,3e-05,-0.00015,1.383337,25.762582,True
KVAL001,240,8.2685,RWrist,0.092228,-0.037035,0.03483,-0.07695,2.207717,33.382747,True
KVAL001,241,8.301844,RWrist,0.147331,-0.007425,0.0609,-0.13395,1.051637,59.792439,True
KVAL001,242,8.335177,RWrist,0.069486,0.029655,0.02613,-0.05715,1.782595,22.162562,True
KVAL001,243,8.3685,RWrist,0.03098,-0.000765,0.002085,-0.0309,0.703979,20.628544,True
KVAL001,244,8.401844,RWrist,0.03055,-0.00075,0.002355,-0.03045,0.475547,8.59322,True
KVAL001,245,8.435177,RWrist,0.000911,0.00015,0.000495,0.00075,0.46253,7.298212,True
KVAL001,246,8.468522,RWrist,0.000371,6e-05,0.00021,0.0003,0.013545,7.003176,True
KVAL001,247,8.501833,RWrist,1.5e-05,0.0,1.5e-05,0.0,0.005214,0.206841,True
KVAL001,248,8.535166,RWrist,4.5e-05,0.0,4.5e-05,0.0,0.00045,0.073943,True
KVAL001,249,8.5685,RWrist,4.5e-05,0.0,4.5e-05,0.0,0.000675,0.016875,True
KVAL001,250,8.601844,RWrist,0.0,0.0,0.0,0.0,0.000675,0.010125,True
KVAL001,251,8.635166,RWrist,0.0,0.0,0.0,0.0,0.0,0.010125,True
KVAL001,252,8.668511,RWrist,0.0,0.0,0.0,0.0,0.0,0.0,True
KVAL001,253,8.701833,RWrist,0.0,0.0,0.0,0.0,0.0,3.103598,True
KVAL001,254,8.735177,RWrist,0.0,0.0,0.0,0.0,0.206907,3.113558,True
KVAL001,255,8.768511,RWrist,0.013794,-0.00084,0.00675,0.012,0.207571,6.197312,True
KVAL001,256,8.801855,RWrist,0.013838,-0.00084,0.00684,0.012,0.206249,9.500781,True
KVAL001,257,8.835166,RWrist,9e-05,0.0,9e-05,0.0,0.733564,15.486222,True
KVAL001,258,8.8685,RWrist,0.058166,-0.03474,0.000375,0.04665,0.87055,24.009052,True
KVAL001,259,8.901833,RWrist,0.058037,-0.034725,0.00051,0.0465,0.874412,26.116644,True
KVAL001,260,8.935166,RWrist,0.000202,1.5e-05,0.000135,-0.00015,0.87056,13.145213,True
KVAL001,261,8.968511,RWrist,0.0,0.0,0.0,0.0,0.003035,13.058407,True
KVAL001,262,9.001844,RWrist,0.0,0.0,0.0,0.0,0.0,1.883217,True
KVAL001,263,9.035166,RWrist,0.0,0.0,0.0,0.0,0.124225,1.892244,True
KVAL001,264,9.0685,RWrist,0.008282,0.000315,0.00792,0.0024,0.12615,9.154797,True
KVAL001,265,9.101844,RWrist,0.00841,0.000255,0.00801,0.00255,0.495494,9.277752,True
KVAL001,266,9.135177,RWrist,0.025768,-0.00426,-0.01665,-0.0192,0.501625,13.177586,True
KVAL001,267,9.168511,RWrist,0.026036,-0.00417,-0.01674,-0.0195,0.384927,12.833689,True
KVAL001,268,9.201844,RWrist,0.000153,3e-05,0.0,-0.00015,0.354836,6.317327,True
KVAL001,269,9.235177,RWrist,0.00324,0.000675,-0.000345,-0.00315,0.046318,4.837829,True
KVAL001,270,9.268522,RWrist,0.00324,0.000675,-0.000345,-0.00315,0.048599,1.423754,True
KVAL001,271,9.301833,RWrist,0.0,0.0,0.0,0.0,0.048599,0.728984,True
KVAL001,272,9.335177,RWrist,0.0,0.0,0.0,0.0,0.0,0.728984,True
KVAL001,273,9.3685,RWrist,0.0,0.0,0.0,0.0,0.0,0.0,True
KVAL001,274,9.401844,RWrist,0.0,0.0,0.0,0.0,0.0,0.0,True
KVAL001,275,9.435177,RWrist,0.0,0.0,0.0,0.0,0.0,17.665912,True
KVAL001,276,9.468522,RWrist,0.0,0.0,0.0,0.0,1.177727,17.666894,True
KVAL001,277,9.501844,RWrist,0.078515,-0.00921,0.00438,-0.07785,1.177793,35.330845,True
KVAL001,278,9.535188,RWrist,0.07852,-0.00924,0.004395,-0.07785,1.177662,35.333787,True
KVAL001,279,9.5685,RWrist,3.4e-05,-3e-05,1.5e-05,0.0,1.177793,17.663958,True
KVAL001,280,9.601844,RWrist,0.0,0.0,0.0,0.0,0.000503,17.666894,True
KVAL001,281,9.635177,RWrist,0.0,0.0,0.0,0.0,0.0,0.007547,True
KVAL001,282,9.668522,RWrist,0.0,0.0,0.0,0.0,0.0,0.0,True
KVAL001,283,9.701833,RWrist,0.0,0.0,0.0,0.0,0.0,0.0,True
KVAL001,284,9.735177,RWrist,0.0,0.0,0.0,0.0,0.0,0.0,True
KVAL001,285,9.7685,RWrist,0.0,0.0,0.0,0.0,0.0,0.0,True
KVAL001,286,9.801844,RWrist,0.0,0.0,0.0,0.0,0.0,0.0,True
KVAL001,287,9.835177,RWrist,0.0,0.0,0.0,0.0,0.0,0.0,True
KVAL001,288,9.868511,RWrist,0.0,0.0,0.0,0.0,0.0,0.0,True
KVAL001,289,9.901833,RWrist,0.0,0.0,0.0,0.0,0.0,0.0,True
KVAL001,290,9.935177,RWrist,0.0,0.0,0.0,0.0,0.0,0.0,True
KVAL001,291,9.968511,RWrist,0.0,0.0,0.0,0.0,0.0,0.0,True
KVAL001,292,10.001844,RWrist,0.0,0.0,0.0,0.0,0.0,0.0,True
KVAL001,293,10.035177,RWrist,0.0,0.0,0.0,0.0,0.0,0.0,True
KVAL001,294,10.068511,RWrist,0.0,0.0,0.0,0.0,0.0,0.0,True
KVAL001,295,10.101833,RWrist,0.0,0.0,0.0,0.0,0.0,0.0,True
KVAL001,296,10.135177,RWrist,0.0,0.0,0.0,0.0,0.0,0.0,True
KVAL001,297,10.168511,RWrist,0.0,0.0,0.0,0.0,0.0,0.0,True
KVAL001,298,10.201855,RWrist,0.0,0.0,0.0,0.0,0.0,0.0,True
KVAL001,299,10.235177,RWrist,0.0,0.0,0.0,0.0,0.0,0.0,True
KVAL001,300,10.268511,RWrist,0.0,0.0,0.0,0.0,0.0,0.0,True
KVAL001,301,10.301833,RWrist,0.0,0.0,0.0,0.0,0.0,0.0,True
KVAL001,302,10.335166,RWrist,0.0,0.0,0.0,0.0,0.0,13.223697,True
KVAL001,303,10.3685,RWrist,0.0,0.0,0.0,0.0,0.88158,13.19177,True
KVAL001,304,10.401844,RWrist,0.058772,0.012465,0.0246,-0.0519,0.879451,26.479328,True
KVAL001,305,10.435166,RWrist,0.05863,0.01245,0.024585,-0.05175,0.883709,31.324345,True
KVAL001,306,10.468511,RWrist,0.000151,-1.5e-05,-1.5e-05,0.00015,1.239073,10.945685,True
KVAL001,307,10.501844,RWrist,0.033765,-0.017925,0.014865,0.02445,0.504691,25.154474,True
KVAL001,308,10.535177,RWrist,0.033756,-0.01782,0.01497,0.02445,0.506525,15.16391,True
KVAL001,309,10.568511,RWrist,0.000159,0.000105,0.00012,0.0,0.506238,7.624705,True
KVAL001,310,10.601844,RWrist,1.5e-05,0.0,1.5e-05,0.0,0.003166,5.480169,True
KVAL001,311,10.635177,RWrist,0.000151,0.0,1.5e-05,0.00015,0.203687,3.093599,True
KVAL001,312,10.668511,RWrist,0.01358,0.00246,0.00036,-0.01335,0.203685,6.21138,True
KVAL001,313,10.701833,RWrist,0.013432,0.002445,0.00045,-0.0132,0.21041,6.11167,True
KVAL001,314,10.735166,RWrist,0.000472,-4.5e-05,0.000135,0.00045,0.20376,3.257244,True
KVAL001,315,10.768511,RWrist,0.000156,-3e-05,3e-05,0.00015,0.007079,3.090693,True
KVAL001,316,10.801844,RWrist,0.0,0.0,0.0,0.0,0.002306,0.805523,True
KVAL001,317,10.835166,RWrist,1.5e-05,0.0,1.5e-05,0.0,0.046999,0.733735,True
KVAL001,318,10.868511,RWrist,0.003133,-0.00117,0.001395,0.00255,0.046801,1.408475,True
KVAL001,319,10.901844,RWrist,0.003127,-0.00117,0.00138,0.00255,0.046899,1.404016,True
KVAL001,320,10.935177,RWrist,1.5e-05,0.0,1.5e-05,0.0,0.046801,0.702008,True
KVAL001,321,10.9685,RWrist,1.5e-05,0.0,1.5e-05,0.0,0.000225,2.553073,True
KVAL001,322,11.001833,RWrist,0.0,0.0,0.0,0.0,0.125656,1.885912,True
KVAL001,323,11.035177,RWrist,0.008379,-0.00168,0.001335,0.0081,0.125689,3.770647,True
KVAL001,324,11.068511,RWrist,0.008379,-0.00159,0.00144,0.0081,0.125728,3.770659,True
KVAL001,325,11.101833,RWrist,0.000138,9e-05,0.000105,0.0,0.125689,1.886987,True
KVAL001,326,11.135166,RWrist,0.0,0.0,0.0,0.0,0.002074,1.885329,True
KVAL001,327,11.1685,RWrist,0.0,0.0,0.0,0.0,0.0,0.031116,True
KVAL001,328,11.201833,RWrist,0.0,0.0,0.0,0.0,0.0,0.0,True
KVAL001,329,11.235177,RWrist,0.0,0.0,0.0,0.0,0.0,0.0,True
KVAL001,330,11.268511,RWrist,0.0,0.0,0.0,0.0,0.0,0.0,True
KVAL001,331,11.301844,RWrist,0.0,0.0,0.0,0.0,0.0,0.0,True
KVAL001,332,11.335188,RWrist,0.0,0.0,0.0,0.0,0.0,0.0,True
KVAL001,333,11.368511,RWrist,0.0,0.0,0.0,0.0,0.0,0.0,True
KVAL001,334,11.401855,RWrist,0.0,0.0,0.0,0.0,0.0,0.0,True
KVAL001,335,11.435177,RWrist,0.0,0.0,0.0,0.0,0.0,0.0,True
KVAL001,0,0.0,LShoulder,0.000659,3e-05,-0.00027,0.0006,6.693572,100.100998,True
KVAL001,1,0.301866,LShoulder,0.223328,0.21411,-0.01095,0.06255,3.358212,151.478483,True
KVAL001,2,0.3352,LShoulder,0.2241,0.21405,-0.014955,0.06465,3.428737,101.792786,True
KVAL001,3,0.368511,LShoulder,0.033086,-0.00021,-0.02964,-0.0147,3.44337,52.280773,True
KVAL001,4,0.401844,LShoulder,0.030899,-0.000135,-0.025635,-0.01725,0.325763,58.73554,True
KVAL001,5,0.435188,LShoulder,0.011899,-0.001725,-0.009315,-0.0072,0.599699,14.92585,True
KVAL001,6,0.468522,LShoulder,0.057577,0.027975,-0.050235,-0.003,0.721297,45.668828,True
KVAL001,7,0.501855,LShoulder,0.055112,0.026865,-0.047895,-0.00465,2.445615,45.781332,True
KVAL001,8,0.5352,LShoulder,0.119594,-0.08835,0.044055,-0.0675,2.366139,74.371884,True
KVAL001,9,0.568533,LShoulder,0.114198,-0.084135,0.0504,-0.0585,2.652558,76.319964,True
KVAL001,10,0.601844,LShoulder,0.064156,0.04203,0.010815,0.04725,2.798799,48.69461,True
KVAL001,11,0.635177,LShoulder,0.073703,0.05475,-0.01692,0.04635,1.405539,54.819901,True
KVAL001,12,0.6685,LShoulder,0.081172,0.011295,-0.075495,0.0276,1.124637,35.636144,True
KVAL001,13,0.701833,LShoulder,0.050949,-0.00207,-0.049875,0.0102,1.080146,26.927984,True
KVAL001,14,0.735177,LShoulder,0.014379,0.00513,-0.0054,0.0123,0.776653,15.2071,True
KVAL001,15,0.768511,LShoulder,0.033201,0.01134,-0.00435,0.0309,0.428499,22.321284,True
KVAL001,16,0.801844,LShoulder,0.015694,0.00024,-0.001695,-0.0156,1.008812,8.565089,True
KVAL001,17,0.835188,LShoulder,0.034104,-0.01092,0.00195,-0.03225,0.147083,26.528863,True
KVAL001,18,0.868511,LShoulder,0.006926,-0.000885,-0.003345,-0.006,0.762871,5.227653,True
KVAL001,19,0.901844,LShoulder,0.017528,0.000255,-0.004455,0.01695,0.476493,15.034536,True
KVAL001,20,0.935177,LShoulder,0.025434,-0.0057,0.00489,0.0243,0.260449,13.750542,True
KVAL001,21,0.968511,LShoulder,0.003942,0.00363,0.001245,0.0009,0.451834,4.677835,True
KVAL001,22,1.001833,LShoulder,0.00947,0.006735,-0.00663,-0.0006,0.112833,5.229644,True
KVAL001,23,1.035166,LShoulder,0.004734,-0.00102,-0.00462,0.00015,0.257732,5.764786,True
KVAL001,24,1.0685,LShoulder,0.018416,0.00012,-0.008475,-0.01635,0.310505,9.018213,True
KVAL001,25,1.101833,LShoulder,0.019795,0.01641,-0.00243,-0.0108,0.3971,7.817792,True
KVAL001,26,1.135177,LShoulder,0.023307,0.02169,0.004065,-0.0075,0.248426,10.841635,True
KVAL001,27,1.168511,LShoulder,0.014139,0.000135,-0.003075,-0.0138,0.443519,9.849222,True
KVAL001,28,1.201855,LShoulder,0.010713,-0.0018,0.0021,0.01035,0.505989,8.088095,True
KVAL001,29,1.235188,LShoulder,0.020777,0.009555,-6e-05,0.01845,0.139839,11.960942,True
KVAL001,30,1.268522,LShoulder,0.003536,-0.000405,-0.002565,0.0024,0.304376,3.038681,True
KVAL001,31,1.301866,LShoulder,0.003813,-0.00078,0.00348,0.00135,0.227551,4.326535,True
KVAL001,32,1.3352,LShoulder,0.011796,0.002535,0.005355,-0.0102,0.066104,8.944479,True
KVAL001,33,1.368511,LShoulder,0.001954,-0.00183,-0.00033,-0.0006,0.371463,1.093068,True
KVAL001,34,1.401844,LShoulder,0.01355,0.002565,-0.00777,0.0108,0.028465,10.198547,True
KVAL001,35,1.435166,LShoulder,0.003144,-0.002925,-0.00072,0.0009,0.314674,3.450229,True
KVAL001,36,1.468511,LShoulder,0.008435,-0.001755,-0.00012,-0.00825,0.212553,6.691726,True
KVAL001,37,1.501833,LShoulder,0.012129,0.008595,-0.00807,-0.00285,0.144285,7.397079,True
KVAL001,38,1.535177,LShoulder,0.003187,0.00318,0.00021,0.0,0.312321,62.98884,True
KVAL001,39,1.5685,LShoulder,0.013278,0.002595,0.0054,0.01185,4.115436,44.492294,True
KVAL001,40,1.601833,LShoulder,0.271183,-0.269745,-0.0213,-0.018,3.10095,163.248507,True
KVAL001,41,1.635166,LShoulder,0.206592,-0.197955,0.05415,0.0237,6.896429,113.316667,True
KVAL001,42,1.668511,LShoulder,0.21889,0.15222,0.153225,0.03555,4.616789,138.306589,True
KVAL001,43,1.701844,LShoulder,0.149386,0.101955,0.107205,-0.0207,2.718872,78.876898,True
KVAL001,44,1.735188,LShoulder,0.064789,0.06174,0.00585,-0.01875,1.897539,46.477819,True
KVAL001,45,1.7685,LShoulder,0.108578,0.107205,-0.01686,0.00345,1.256006,21.148987,True
KVAL001,46,1.801844,LShoulder,0.131227,0.12504,-0.036375,0.0162,0.688881,48.417438,True
KVAL001,47,1.835166,LShoulder,0.098873,0.08193,-0.0552,0.00405,2.094008,28.403791,True
KVAL001,48,1.8685,LShoulder,0.022751,-0.012885,-0.018165,0.00465,2.070413,31.371826,True
KVAL001,49,1.901833,LShoulder,0.063927,-0.054375,-0.033495,0.00285,0.210278,46.220807,True
KVAL001,50,1.935177,LShoulder,0.035202,-0.01587,-0.02808,0.0141,1.155044,12.632692,True
KVAL001,51,1.968522,LShoulder,0.021365,0.01392,-0.000525,0.0162,0.669004,13.469495,True
KVAL001,52,2.001855,LShoulder,0.016788,0.01641,0.000795,0.00345,0.861351,12.755881,True
KVAL001,53,2.035188,LShoulder,0.064328,0.062685,-0.00375,-0.01395,1.049569,24.497716,True
KVAL001,54,2.068533,LShoulder,0.085173,0.083235,-0.01521,-0.00975,0.923981,43.212054,True
KVAL001,55,2.101866,LShoulder,0.06174,0.03666,-0.0417,0.027,1.883711,21.438584,True
KVAL001,56,2.135166,LShoulder,0.054585,-0.037875,-0.035745,0.01635,1.807987,37.103574,True
KVAL001,57,2.168511,LShoulder,0.110444,-0.078255,-0.045675,0.06315,1.472026,55.44072,True
KVAL001,58,2.201833,LShoulder,0.116256,-0.010395,-0.03444,0.11055,2.039852,42.188408,True
KVAL001,59,2.235166,LShoulder,0.079257,0.040515,0.020535,0.06495,1.628402,29.679124,True
KVAL001,60,2.268511,LShoulder,0.044352,0.03618,0.010515,0.0234,0.360743,36.217991,True
KVAL001,61,2.301844,LShoulder,0.071372,0.052935,0.011385,0.0465,1.362377,11.01498,True
KVAL001,62,2.335177,LShoulder,0.131514,0.10257,-0.0108,0.0816,0.836404,84.437878,True
KVAL001,63,2.368522,LShoulder,0.050624,0.041205,0.028965,-0.0051,4.462386,18.723194,True
KVAL001,64,2.401844,LShoulder,0.215752,0.04257,0.086085,-0.1932,0.979198,145.331592,True
KVAL001,65,2.435188,LShoulder,0.102821,0.098175,0.00834,-0.0294,5.277783,38.855967,True
KVAL001,66,2.468511,LShoulder,0.147191,0.042195,-0.04074,0.135,1.989932,104.333374,True
KVAL001,67,2.501844,LShoulder,0.110985,-0.006765,0.00711,-0.11055,1.737557,72.038892,True
KVAL001,68,2.535166,LShoulder,0.081216,0.075435,-0.010095,0.02835,3.283334,49.626293,True
KVAL001,69,2.568511,LShoulder,0.107989,0.00078,-0.005415,0.10785,3.944904,70.833283,True
KVAL001,70,2.601833,LShoulder,0.196128,-0.090495,0.06897,-0.15975,1.510581,107.047925,True
KVAL001,71,2.635177,LShoulder,0.038286,0.003585,-0.03618,0.012,3.337084,26.631719,True
KVAL001,72,2.668511,LShoulder,0.067633,-0.005475,-0.06717,-0.0057,2.625645,57.714837,True
KVAL001,73,2.701855,LShoulder,0.15377,-0.03396,0.02394,-0.14805,1.236261,67.887237,True
KVAL001,74,2.735166,LShoulder,0.033173,0.0321,0.005145,0.0066,1.914292,33.940082,True
KVAL001,75,2.768511,LShoulder,0.031254,0.00639,-0.00423,-0.0303,1.241325,17.280186,True
KVAL001,76,2.801844,LShoulder,0.049806,-0.045915,-0.013935,-0.01335,0.956163,29.111079,True
KVAL001,77,2.835188,LShoulder,0.035481,-0.003315,-0.01569,0.03165,0.707327,24.617819,True
KVAL001,78,2.868511,LShoulder,0.007738,-0.00369,0.0051,-0.0045,0.757629,18.291746,True
KVAL001,79,2.901844,LShoulder,0.026404,-0.023595,4.5e-05,-0.01185,0.665831,20.189389,True
KVAL001,80,2.935166,LShoulder,0.042508,-0.01053,-0.035775,-0.0204,0.914317,19.103341,True
KVAL001,81,2.9685,LShoulder,0.049707,0.02472,-0.034215,-0.02625,0.643467,25.079414,True
KVAL001,82,3.001844,LShoulder,0.021636,0.010095,0.001815,-0.01905,0.804664,17.507697,True
KVAL001,83,3.035177,LShoulder,0.014261,-0.007245,-0.00882,0.00855,0.678771,7.324374,True
KVAL001,84,3.0685,LShoulder,0.028188,-0.02643,-0.00786,0.00585,0.486375,14.300753,True
KVAL001,85,3.101833,LShoulder,0.040464,-0.037575,0.00066,0.015,0.385513,25.380426,True
KVAL001,86,3.135166,LShoulder,0.016272,-0.005925,0.00516,0.01425,1.247968,7.49998,True
KVAL001,87,3.168511,LShoulder,0.054086,0.043965,-0.00027,0.0315,0.692862,31.454616,True
KVAL001,88,3.201833,LShoulder,0.049495,0.03312,-0.005925,0.0363,0.988687,32.952641,True
KVAL001,89,3.235166,LShoulder,0.021352,0.003795,0.00438,-0.02055,1.581367,15.785701,True
KVAL001,90,3.2685,LShoulder,0.062216,-0.03861,-0.03276,-0.03615,0.970112,35.52292,True
KVAL001,91,3.301844,LShoulder,0.064236,-0.03924,-0.04356,-0.02625,0.817476,28.426052,True
KVAL001,92,3.335166,LShoulder,0.01339,0.00225,-0.00639,-0.01155,0.950048,16.809366,True
KVAL001,93,3.368511,LShoulder,0.001284,-0.000915,3e-05,-0.0009,0.57431,20.123676,True
KVAL001,94,3.401844,LShoulder,0.047637,0.000225,0.008055,-0.04695,0.756119,20.278184,True
KVAL001,95,3.435177,LShoulder,0.050953,0.016155,-0.004095,-0.04815,0.788057,22.8389,True
KVAL001,96,3.4685,LShoulder,0.020029,0.0159,-0.012135,-0.00105,0.766577,14.324937,True
KVAL001,97,3.501833,LShoulder,0.000154,-3e-05,1.5e-05,0.00015,0.300439,11.532966,True
KVAL001,98,3.535177,LShoulder,0.0,0.0,0.0,0.0,0.002306,4.506581,True
KVAL001,99,3.568511,LShoulder,0.0,0.0,0.0,0.0,0.0,3.871524,True
KVAL001,100,3.601844,LShoulder,0.0,0.0,0.0,0.0,0.257478,3.872855,True
KVAL001,101,3.635188,LShoulder,0.017165,0.0048,0.015975,0.00405,0.25819,7.695814,True
KVAL001,102,3.668511,LShoulder,0.017213,0.00477,0.016035,0.00405,0.255642,12.168124,True
KVAL001,103,3.701855,LShoulder,0.000561,-0.00015,0.0003,-0.00045,0.69112,10.750476,True
KVAL001,104,3.735177,LShoulder,0.043745,0.00636,-0.009825,0.04215,0.562523,17.28704,True
KVAL001,105,3.768522,LShoulder,0.037071,0.01218,0.005025,0.03465,0.481973,12.129367,True
KVAL001,106,3.801833,LShoulder,0.029476,0.013965,0.013935,0.0219,0.616787,3.153914,True
KVAL001,107,3.835177,LShoulder,0.057229,0.03903,0.03429,0.024,0.542128,29.173059,True
KVAL001,108,3.8685,LShoulder,0.043591,0.03096,0.03018,-0.00555,1.492442,14.396729,True
KVAL001,109,3.901844,LShoulder,0.049143,-0.043515,0.0039,-0.0225,0.550811,68.628321,True
KVAL001,110,3.935166,LShoulder,0.023453,-0.004845,0.022065,-0.0063,3.457643,20.800649,True
KVAL001,111,3.9685,LShoulder,0.196575,0.03774,-0.044775,0.18765,1.386043,139.407389,True
KVAL001,112,4.001833,LShoulder,0.069904,-0.005115,-0.062715,0.03045,5.914893,42.972222,True
KVAL001,113,4.035166,LShoulder,0.212105,-0.067275,-0.059505,-0.19215,2.888998,140.97138,True
KVAL001,114,4.0685,LShoulder,0.225846,-0.14946,-0.06099,0.15795,3.831763,126.460502,True
KVAL001,115,4.101844,LShoulder,0.113257,-0.09504,0.04887,0.0375,5.871849,73.135705,True
KVAL001,116,4.135166,LShoulder,0.20507,-0.02709,0.04851,-0.1974,3.367259,174.294306,True
KVAL001,117,4.1685,LShoulder,0.195866,-0.008265,-0.12405,0.15135,6.045202,91.961621,True
KVAL001,118,4.201833,LShoulder,0.247652,-0.07152,-0.21138,0.1074,3.319101,152.90155,True
KVAL001,119,4.235177,LShoulder,0.135609,-0.07176,-0.09873,-0.0591,4.245129,54.827261,True
KVAL001,120,4.268511,LShoulder,0.056703,-0.022965,0.02031,-0.0477,1.331631,78.56569,True
KVAL001,121,4.301855,LShoulder,0.074153,-0.055575,-0.01221,-0.04755,1.08335,16.548354,True
KVAL001,122,4.335177,LShoulder,0.06487,-0.020325,-0.05073,-0.03495,0.731126,36.43303,True
KVAL001,123,4.368511,LShoulder,0.048174,-0.01092,0.00729,-0.04635,1.507656,21.469914,True
KVAL001,124,4.401833,LShoulder,0.043777,-0.0195,0.03534,0.01695,1.006335,33.188882,True
KVAL001,125,4.435177,LShoulder,0.038974,-0.03549,0.00258,0.0159,1.016332,18.617206,True
KVAL001,126,4.468511,LShoulder,0.066742,-0.046575,-0.02109,0.0429,0.373812,43.043295,True
KVAL001,127,4.501855,LShoulder,0.046954,-0.04167,0.021615,0.00105,1.981779,22.340284,True
KVAL001,128,4.535166,LShoulder,0.077805,-0.005055,0.036735,-0.0684,1.335803,52.417207,True
KVAL001,129,4.568511,LShoulder,0.046371,0.039105,-0.00615,-0.02415,1.637175,33.974698,True
KVAL001,130,4.601833,LShoulder,0.034015,0.017535,-0.014385,0.02535,1.129995,26.866479,True
KVAL001,131,4.635177,LShoulder,0.04232,0.00252,-0.006765,0.0417,0.279912,24.726879,True
KVAL001,132,4.6685,LShoulder,0.030907,0.018015,0.00426,0.02475,0.604113,4.72932,True
KVAL001,133,4.701833,LShoulder,0.038911,0.0297,0.014265,0.0207,0.4556,11.820902,True
KVAL001,134,4.735166,LShoulder,0.02798,0.00717,0.02619,0.00675,0.3943,13.747835,True
KVAL001,135,4.768511,LShoulder,0.017189,0.00912,0.013905,0.00435,0.596687,7.008413,True
KVAL001,136,4.801833,LShoulder,0.013046,-0.005865,-0.01122,0.00315,0.657246,10.873253,True
KVAL001,137,4.835177,LShoulder,0.027035,-0.018645,-0.01671,-0.0102,0.271425,18.475852,True
KVAL001,138,4.8685,LShoulder,0.015627,0.010725,-0.01062,-0.00405,0.595891,16.593617,True
KVAL001,139,4.901844,LShoulder,0.015939,0.015915,0.00045,-0.00075,1.040082,21.38201,True
KVAL001,140,4.935177,LShoulder,0.072104,0.03039,-0.02262,0.06135,1.377486,20.246833,True
KVAL001,141,4.968511,LShoulder,0.093457,0.022335,-0.031245,0.0852,0.49851,34.555109,True
KVAL001,142,5.001844,LShoulder,0.056762,0.013935,0.00549,0.05475,0.93521,13.8487,True
KVAL001,143,5.035177,LShoulder,0.031609,0.00783,-0.00615,0.03,0.525722,19.570852,True
KVAL001,144,5.0685,LShoulder,0.045706,0.01563,-0.02388,0.0357,0.428311,19.839025,True
KVAL001,145,5.101844,LShoulder,0.055972,0.02736,-0.021885,0.04365,1.141691,22.908378,True
KVAL001,146,5.135166,LShoulder,0.101594,0.09036,-0.012585,0.0447,1.591843,33.1625,True
KVAL001,147,5.1685,LShoulder,0.134785,0.10539,0.044535,0.07125,1.354544,57.468075,True
KVAL001,148,5.201844,LShoulder,0.080796,0.027315,0.051,0.0564,2.387042,51.45052,True
KVAL001,149,5.235177,LShoulder,0.129721,0.057525,-0.105555,0.04875,2.437907,65.397305,True
KVAL001,150,5.268522,LShoulder,0.097998,0.00639,-0.097605,-0.006,3.037341,63.091271,True
KVAL001,151,5.301855,LShoulder,0.095499,-0.093135,0.012795,-0.0168,2.038752,62.873294,True
KVAL001,152,5.335188,LShoulder,0.05286,-0.032325,0.03075,-0.02835,1.74657,63.149154,True
KVAL001,153,5.368533,LShoulder,0.059086,0.017505,0.04395,-0.0354,2.560193,65.269591,True
KVAL001,154,5.401866,LShoulder,0.119499,0.08283,-0.037485,0.07755,3.120166,89.481394,True
KVAL001,155,5.435166,LShoulder,0.150954,-0.04077,-0.136215,0.0507,3.955403,72.083237,True
KVAL001,156,5.468511,LShoulder,0.196437,-0.145275,-0.13128,-0.01575,1.703651,88.332,True
KVAL001,157,5.501844,LShoulder,0.0469,-0.028275,-0.037245,-0.0036,1.986722,48.500538,True
KVAL001,158,5.535177,LShoulder,0.075434,-0.028665,-0.06969,-0.00345,1.558799,29.786342,True
KVAL001,159,5.5685,LShoulder,0.146814,-0.05784,-0.13248,0.02565,0.41339,58.375568,True
KVAL001,160,5.601844,LShoulder,0.074938,-0.03117,-0.064005,0.0234,2.76228,35.929506,True
KVAL001,161,5.635177,LShoulder,0.174695,-0.148815,-0.02082,-0.0891,2.188788,74.429233,True
KVAL001,162,5.668522,LShoulder,0.138487,-0.122175,0.008505,-0.06465,3.184171,60.595167,True
KVAL001,163,5.701833,LShoulder,0.077124,0.01284,0.075495,0.00915,2.3202,36.773658,True
KVAL001,164,5.735177,LShoulder,0.059972,0.02484,0.04404,-0.03225,1.420943,15.225317,True
KVAL001,165,5.7685,LShoulder,0.127129,0.10689,0.06882,0.0,1.490442,30.711838,True
KVAL001,166,5.801844,LShoulder,0.141732,0.1059,0.09411,-0.00405,0.941943,47.878374,True
KVAL001,167,5.835166,LShoulder,0.075388,0.07158,0.018885,-0.01425,1.742441,9.866556,True
KVAL001,168,5.868511,LShoulder,0.04719,0.03414,0.00708,-0.0318,0.560272,53.279925,True
KVAL001,169,5.901844,LShoulder,0.054417,0.05364,-0.00798,0.0045,2.244386,12.211998,True
KVAL001,170,5.935177,LShoulder,0.145453,0.10269,0.024525,0.10005,0.899521,62.843754,True
KVAL001,171,5.9685,LShoulder,0.072551,0.03855,0.003705,0.06135,2.052183,22.022882,True
KVAL001,172,6.001844,LShoulder,0.039111,0.013665,-0.033825,0.0141,0.97184,53.935371,True
KVAL001,173,6.035177,LShoulder,0.093907,0.059565,0.060945,0.03945,2.065247,22.018653,True
KVAL001,174,6.068511,LShoulder,0.108819,0.029145,0.10284,0.0204,0.994774,50.113659,True
KVAL001,175,6.101833,LShoulder,0.056897,0.00678,0.05649,-0.00045,1.308631,17.208704,True
KVAL001,176,6.135177,LShoulder,0.043726,0.039705,0.018195,0.0021,0.92901,23.54894,True
KVAL001,177,6.168511,LShoulder,0.013008,-0.01266,-0.002265,0.00195,1.175502,22.390068,True
KVAL001,178,6.201855,LShoulder,0.03538,-0.03447,-0.006,-0.00525,0.680536,19.330249,True
KVAL001,179,6.235166,LShoulder,0.04107,-0.00159,0.026835,-0.03105,1.361618,31.297682,True
KVAL001,180,6.268511,LShoulder,0.11597,-0.099435,0.054375,-0.0246,2.009141,28.166542,True
KVAL001,181,6.301844,LShoulder,0.152582,-0.12909,0.04449,-0.0681,1.038202,94.618172,True
KVAL001,182,6.335177,LShoulder,0.126186,-0.08946,0.023625,-0.0858,6.902059,169.641158,True
KVAL001,183,6.3685,LShoulder,0.547316,-0.257685,-0.18297,-0.44685,12.295695,151.775467,True
KVAL001,184,6.401833,LShoulder,0.908345,-0.154185,-0.185655,-0.8757,5.310251,375.20854,True
KVAL001,185,6.435166,LShoulder,0.494032,0.059955,-0.032535,-0.4893,12.789102,145.83823,True
KVAL001,186,6.4685,LShoulder,0.07211,0.01107,-0.05052,-0.05025,7.014698,182.965112,True
KVAL001,187,6.501833,LShoulder,0.043936,0.003795,-0.035895,-0.02505,0.694775,99.903312,True
KVAL001,188,6.535177,LShoulder,0.030386,0.001125,-0.02838,-0.0108,0.637935,73.758534,True
KVAL001,189,6.568511,LShoulder,0.001704,-0.00033,-0.001665,-0.00015,4.906472,81.549926,True
KVAL001,190,6.601855,LShoulder,0.344564,-0.19692,-0.266595,0.0942,5.146199,150.963669,True
KVAL001,191,6.635166,LShoulder,0.344516,-0.19698,-0.2667,0.0936,5.161093,136.850645,True
KVAL001,192,6.668511,LShoulder,0.011478,-0.00054,-0.004245,-0.01065,4.154226,100.11652,True
KVAL001,193,6.701833,LShoulder,0.138788,-0.056745,-0.10014,-0.07755,1.958052,53.523432,True
KVAL001,194,6.735177,LShoulder,0.139046,-0.070455,-0.09573,-0.07215,1.895032,59.435677,True
KVAL001,195,6.768511,LShoulder,0.040667,-0.011055,0.01068,-0.03765,2.024384,60.20156,True
KVAL001,196,6.801855,LShoulder,0.034745,0.003135,0.01041,-0.033,4.867407,60.493648,True
KVAL001,197,6.835166,LShoulder,0.292036,0.0207,0.11118,0.26925,4.784743,138.661816,True
KVAL001,198,6.868511,LShoulder,0.291941,0.02091,0.111255,0.2691,4.383977,138.095993,True
KVAL001,199,6.901833,LShoulder,0.000411,0.00027,7.5e-05,-0.0003,4.427248,50.743034,True
KVAL001,200,6.935177,LShoulder,0.003305,0.000465,-0.000885,-0.00315,1.52216,52.912233,True
KVAL001,201,6.9685,LShoulder,0.101441,-0.046335,-0.076035,-0.0486,2.628942,23.693163,True
KVAL001,202,7.001844,LShoulder,0.176642,-0.09672,-0.137415,-0.05445,0.451254,72.671019,True
KVAL001,203,7.035177,LShoulder,0.106231,-0.061605,-0.083235,-0.0237,2.219746,105.352549,True
KVAL001,204,7.068522,LShoulder,0.032737,-0.01173,-0.02052,-0.02265,6.678285,80.268189,True
KVAL001,205,7.101833,LShoulder,0.361277,0.184095,0.253755,-0.17955,6.981538,116.872274,True
KVAL001,206,7.135177,LShoulder,0.453815,0.324495,0.25581,-0.18765,3.594897,272.429426,True
KVAL001,207,7.1685,LShoulder,0.409507,0.374355,0.128445,-0.10515,13.443929,250.802136,True
KVAL001,208,7.201844,LShoulder,0.729965,0.23484,0.07968,0.68655,16.851729,301.723669,True
KVAL001,209,7.235177,LShoulder,0.982452,0.09066,0.033105,0.9777,6.881601,458.1428,True
KVAL001,210,7.268522,LShoulder,0.33063,0.14172,0.16902,0.2463,14.061654,84.367264,True
KVAL001,211,7.301833,LShoulder,0.100873,0.040095,0.08202,0.0429,6.246619,195.707455,True
KVAL001,212,7.335177,LShoulder,0.10151,-0.084465,-0.04965,-0.02655,2.585645,105.087193,True
KVAL001,213,7.3685,LShoulder,0.073833,-0.04434,-0.043095,-0.04035,1.172446,37.562192,True
KVAL001,214,7.401833,LShoulder,0.047694,-0.00765,-0.035775,-0.0306,1.081595,34.103309,True
KVAL001,215,7.435166,LShoulder,0.113524,-0.07683,-0.08295,0.0102,1.246248,146.352395,True
KVAL001,216,7.4685,LShoulder,0.09749,-0.063405,-0.0714,0.01965,8.931892,220.780023,True
KVAL001,217,7.501833,LShoulder,0.590367,-0.09954,-0.020595,-0.58155,14.022698,150.649113,True
KVAL001,218,7.535166,LShoulder,0.929088,-0.13362,-0.12348,-0.9111,2.598681,375.410244,True
KVAL001,219,7.568511,LShoulder,0.530171,0.04572,0.05523,-0.5253,12.579609,210.85522,True
KVAL001,220,7.601844,LShoulder,0.527032,0.09327,0.41574,-0.3102,14.361519,276.127868,True
KVAL001,221,7.635177,LShoulder,0.439984,-0.099,0.082185,0.42075,16.357363,285.911074,True
KVAL001,222,7.668522,LShoulder,0.627815,-0.11859,-0.149145,0.5982,4.73188,306.643234,True
KVAL001,223,7.701833,LShoulder,0.131698,-0.062385,0.032115,0.11145,4.128937,137.386336,True
KVAL001,224,7.735177,LShoulder,0.398024,-0.09159,0.024765,0.38655,4.758727,66.976738,True
KVAL001,225,7.7685,LShoulder,0.410968,0.04251,-0.00333,0.40875,5.726629,155.689149,True
KVAL001,226,7.801844,LShoulder,0.163725,0.140415,0.00285,0.08415,5.977815,85.296579,True
KVAL001,227,7.835177,LShoulder,0.108339,0.10479,-0.02265,0.0156,1.377674,96.180427,True
KVAL001,228,7.868522,LShoulder,0.096575,0.083625,-0.040455,0.0264,1.339358,28.332111,True
KVAL001,229,7.901833,LShoulder,0.029052,0.016455,-0.010935,0.0213,1.862855,11.46918,True
KVAL001,230,7.935177,LShoulder,0.036744,-0.009045,0.03468,-0.0081,0.59509,48.313871,True
KVAL001,231,7.9685,LShoulder,0.037273,-0.02283,-0.01308,0.0264,1.629697,17.197782,True
KVAL001,232,8.001833,LShoulder,0.079912,0.002205,-0.04224,0.0678,0.634417,40.925404,True
KVAL001,233,8.035177,LShoulder,0.044525,0.009645,0.00864,0.0426,1.107127,12.63366,True
KVAL001,234,8.068511,LShoulder,0.029304,0.00027,0.017025,0.02385,0.30221,22.153019,True
KVAL001,235,8.101833,LShoulder,0.028221,0.00075,0.012975,0.02505,0.384323,8.528943,True
KVAL001,236,8.135166,LShoulder,0.035204,0.007065,-0.005475,0.03405,0.40557,12.188361,True
KVAL001,237,8.168511,LShoulder,0.027397,0.015285,-0.009405,0.0207,0.528124,10.505799,True
KVAL001,238,8.201844,LShoulder,3e-05,0.0,3e-05,0.0,0.413491,19.491056,True
KVAL001,239,8.235166,LShoulder,0.000181,-4.5e-05,9e-05,-0.00015,0.846664,16.790962,True
KVAL001,240,8.2685,LShoulder,0.05645,-0.020865,0.010935,0.0513,1.337163,43.068599,True
KVAL001,241,8.301844,LShoulder,0.089279,-0.017085,0.084105,-0.0246,2.159161,34.371242,True
KVAL001,242,8.335177,LShoulder,0.105717,0.003795,0.073335,-0.07605,1.117549,42.245468,True
KVAL001,243,8.3685,LShoulder,0.060642,0.01788,0.024525,-0.0525,0.836205,23.189151,True
KVAL001,244,8.401844,LShoulder,0.060521,0.01779,0.02493,-0.0522,0.910927,11.005586,True
KVAL001,245,8.435177,LShoulder,0.000929,-6e-05,0.00081,0.00045,0.907687,13.689127,True
KVAL001,246,8.468522,LShoulder,0.000391,-3e-05,0.00036,0.00015,0.013537,13.589036,True
KVAL001,247,8.501833,LShoulder,3e-05,0.0,3e-05,0.0,0.004506,0.227431,True
KVAL001,248,8.535166,LShoulder,0.000162,-1.5e-05,6e-05,0.00015,0.002306,0.066565,True
KVAL001,249,8.5685,LShoulder,0.000162,-1.5e-05,6e-05,0.00015,0.00236,0.069904,True
KVAL001,250,8.601844,LShoulder,1.5e-05,0.0,1.5e-05,0.0,0.00236,0.034583,True
KVAL001,251,8.635166,LShoulder,1.5e-05,0.0,1.5e-05,0.0,0.000225,0.034583,True
KVAL001,252,8.668511,LShoulder,0.0,0.0,0.0,0.0,0.000225,0.003375,True
KVAL001,253,8.701833,LShoulder,0.0,0.0,0.0,0.0,0.0,2.770637,True
KVAL001,254,8.735177,LShoulder,0.0,0.0,0.0,0.0,0.184501,2.800477,True
KVAL001,255,8.768511,LShoulder,0.0123,-0.00318,0.01137,0.00345,0.186698,5.502099,True
KVAL001,256,8.801855,LShoulder,0.012447,-0.00321,0.01152,0.00345,0.182306,13.061252,True
KVAL001,257,8.835166,LShoulder,0.000153,-3e-05,0.00015,0.0,0.910618,16.27184,True
KVAL001,258,8.8685,LShoulder,0.065658,-0.03015,0.008175,0.05775,0.984788,28.31294,True
KVAL001,259,8.901833,LShoulder,0.065685,-0.030165,0.00834,0.05775,0.984455,29.550973,True
KVAL001,260,8.935166,LShoulder,0.000166,-1.5e-05,0.000165,0.0,0.985278,14.76079,True
KVAL001,261,8.968511,LShoulder,0.0,0.0,0.0,0.0,0.002485,14.77917,True
KVAL001,262,9.001844,LShoulder,0.0,0.0,0.0,0.0,0.0,2.693954,True
KVAL001,263,9.035166,LShoulder,0.0,0.0,0.0,0.0,0.17818,2.708317,True
KVAL001,264,9.0685,LShoulder,0.011879,-0.001575,0.0066,0.00975,0.180554,15.562001,True
KVAL001,265,9.101844,LShoulder,0.012037,-0.00165,0.006645,0.0099,0.890664,15.700463,True
KVAL001,266,9.135177,LShoulder,0.050496,0.00036,0.009975,-0.0495,0.897465,24.622562,True
KVAL001,267,9.168511,LShoulder,0.050794,0.000465,0.00999,-0.0498,0.755059,23.956858,True
KVAL001,268,9.201844,LShoulder,0.000164,3e-05,6e-05,-0.00015,0.703618,12.166828,True
KVAL001,269,9.235177,LShoulder,0.003973,0.000765,0.001065,-0.00375,0.057138,9.683378,True
KVAL001,270,9.268522,LShoulder,0.003973,0.000765,0.001065,-0.00375,0.05959,1.750919,True
KVAL001,271,9.301833,LShoulder,0.0,0.0,0.0,0.0,0.05959,0.893846,True
KVAL001,272,9.335177,LShoulder,0.0,0.0,0.0,0.0,0.0,0.893846,True
KVAL001,273,9.3685,LShoulder,0.0,0.0,0.0,0.0,0.0,0.0,True
KVAL001,274,9.401844,LShoulder,0.0,0.0,0.0,0.0,0.0,0.0,True
KVAL001,275,9.435177,LShoulder,0.0,0.0,0.0,0.0,0.0,9.279756,True
KVAL001,276,9.468522,LShoulder,0.0,0.0,0.0,0.0,0.61865,9.278747,True
KVAL001,277,9.501844,LShoulder,0.041243,0.00618,0.008415,-0.0399,0.618583,18.560524,True
KVAL001,278,9.535188,LShoulder,0.041239,0.00615,0.008415,-0.0399,0.618718,18.557493,True
KVAL001,279,9.5685,LShoulder,3e-05,-3e-05,0.0,0.0,0.618583,9.281788,True
KVAL001,280,9.601844,LShoulder,0.0,0.0,0.0,0.0,0.00045,9.278747,True
KVAL001,281,9.635177,LShoulder,0.0,0.0,0.0,0.0,0.0,0.00675,True
KVAL001,282,9.668522,LShoulder,0.0,0.0,0.0,0.0,0.0,0.0,True
KVAL001,283,9.701833,LShoulder,0.0,0.0,0.0,0.0,0.0,0.0,True
KVAL001,284,9.735177,LShoulder,0.0,0.0,0.0,0.0,0.0,0.0,True
KVAL001,285,9.7685,LShoulder,0.0,0.0,0.0,0.0,0.0,0.0,True
KVAL001,286,9.801844,LShoulder,0.0,0.0,0.0,0.0,0.0,0.0,True
KVAL001,287,9.835177,LShoulder,0.0,0.0,0.0,0.0,0.0,0.0,True
KVAL001,288,9.868511,LShoulder,0.0,0.0,0.0,0.0,0.0,0.0,True
KVAL001,289,9.901833,LShoulder,0.0,0.0,0.0,0.0,0.0,0.0,True
KVAL001,290,9.935177,LShoulder,0.0,0.0,0.0,0.0,0.0,0.0,True
KVAL001,291,9.968511,LShoulder,0.0,0.0,0.0,0.0,0.0,0.0,True
KVAL001,292,10.001844,LShoulder,0.0,0.0,0.0,0.0,0.0,0.0,True
KVAL001,293,10.035177,LShoulder,0.0,0.0,0.0,0.0,0.0,0.0,True
KVAL001,294,10.068511,LShoulder,0.0,0.0,0.0,0.0,0.0,0.0,True
KVAL001,295,10.101833,LShoulder,0.0,0.0,0.0,0.0,0.0,0.0,True
KVAL001,296,10.135177,LShoulder,0.0,0.0,0.0,0.0,0.0,0.0,True
KVAL001,297,10.168511,LShoulder,0.0,0.0,0.0,0.0,0.0,0.0,True
KVAL001,298,10.201855,LShoulder,0.0,0.0,0.0,0.0,0.0,0.0,True
KVAL001,299,10.235177,LShoulder,0.0,0.0,0.0,0.0,0.0,0.0,True
KVAL001,300,10.268511,LShoulder,0.0,0.0,0.0,0.0,0.0,0.0,True
KVAL001,301,10.301833,LShoulder,0.0,0.0,0.0,0.0,0.0,0.0,True
KVAL001,302,10.335166,LShoulder,0.0,0.0,0.0,0.0,0.0,21.925883,True
KVAL001,303,10.3685,LShoulder,0.0,0.0,0.0,0.0,1.461726,21.927804,True
KVAL001,304,10.401844,LShoulder,0.097448,-0.02772,0.013785,0.0924,1.461854,43.849846,True
KVAL001,305,10.435166,LShoulder,0.097457,-0.02775,0.013785,0.0924,1.461598,42.850078,True
KVAL001,306,10.468511,LShoulder,3e-05,-3e-05,0.0,0.0,1.402677,23.25038,True
KVAL001,307,10.501844,LShoulder,0.014677,-0.00855,0.011895,0.0009,0.221016,20.643581,True
KVAL001,308,10.535177,LShoulder,0.014752,-0.00849,0.01203,0.0009,0.219041,6.634357,True
KVAL001,309,10.568511,LShoulder,0.000148,6e-05,0.000135,0.0,0.221275,3.269239,True
KVAL001,310,10.601844,LShoulder,0.0,0.0,0.0,0.0,0.002216,5.281818,True
KVAL001,311,10.635177,LShoulder,0.0,0.0,0.0,0.0,0.322515,4.772285,True
KVAL001,312,10.668511,LShoulder,0.021501,0.00525,-9e-05,-0.02085,0.31793,9.778612,True
KVAL001,313,10.701833,LShoulder,0.021195,0.00519,-6e-05,-0.02055,0.329393,9.572276,True
KVAL001,314,10.735166,LShoulder,0.00046,-9e-05,3e-05,0.00045,0.320222,5.044066,True
KVAL001,315,10.768511,LShoulder,0.000153,-3e-05,0.0,0.00015,0.006898,4.836871,True
KVAL001,316,10.801844,LShoulder,0.0,0.0,0.0,0.0,0.002272,0.497718,True
KVAL001,317,10.835166,LShoulder,2.1e-05,-1.5e-05,1.5e-05,0.0,0.036873,0.521697,True
KVAL001,318,10.868511,LShoulder,0.002458,-0.00099,0.00135,-0.0018,0.036447,1.106177,True
KVAL001,319,10.901844,LShoulder,0.002444,-0.000975,0.001335,-0.0018,0.036873,1.119956,True
KVAL001,320,10.935177,LShoulder,0.0,0.0,0.0,0.0,0.038229,0.53082,True
KVAL001,321,10.9685,LShoulder,0.000151,0.0,1.5e-05,0.00015,0.002261,1.535684,True
KVAL001,322,11.001833,LShoulder,0.000151,0.0,1.5e-05,0.00015,0.120305,1.702412,True
KVAL001,323,11.035177,LShoulder,0.00816,-0.002835,-0.00018,0.00765,0.115591,3.711549,True
KVAL001,324,11.068511,LShoulder,0.007846,-0.002745,-7.5e-05,0.00735,0.127137,3.499237,True
KVAL001,325,11.101833,LShoulder,0.00033,9e-05,0.000105,-0.0003,0.117693,1.978271,True
KVAL001,326,11.135166,LShoulder,0.0,0.0,0.0,0.0,0.004955,1.764221,True
KVAL001,327,11.1685,LShoulder,0.0,0.0,0.0,0.0,0.000225,0.075316,True
KVAL001,328,11.201833,LShoulder,1.5e-05,1.5e-05,0.0,0.0,0.000225,0.00675,True
KVAL001,329,11.235177,LShoulder,1.5e-05,1.5e-05,0.0,0.0,0.000225,0.00675,True
KVAL001,330,11.268511,LShoulder,0.0,0.0,0.0,0.0,0.000225,0.003375,True
KVAL001,331,11.301844,LShoulder,0.0,0.0,0.0,0.0,0.0,0.003375,True
KVAL001,332,11.335188,LShoulder,0.0,0.0,0.0,0.0,0.0,0.0,True
KVAL001,333,11.368511,LShoulder,0.0,0.0,0.0,0.0,0.0,0.0,True
KVAL001,334,11.401855,LShoulder,0.0,0.0,0.0,0.0,0.0,0.0,True
KVAL001,335,11.435177,LShoulder,0.0,0.0,0.0,0.0,0.0,0.0,True
