video_id,frame_index,timestamp_sec,joint_name,speed_ms,velocity_x,velocity_y,velocity_z,accel_ms2,jerk_ms3,reference_valid
KVAL004,0,0.301866,Neck,0.500973,0.16455,0.03861,0.4716,7.514768,0.131061,True
KVAL004,1,0.335166,Neck,0.250481,0.08235,0.018915,0.2358,7.514728,56.362945,True
KVAL004,2,0.3685,Neck,0.000503,9e-05,-0.000495,0.0,3.757267,112.691033,True
KVAL004,3,0.401833,Neck,0.000106,1.5e-05,-0.000105,0.0,0.006784,56.327741,True
KVAL004,4,0.435177,Neck,0.000168,1.5e-05,-7.5e-05,-0.00015,0.002295,25.367817,True
KVAL004,5,0.4685,Neck,0.000168,1.5e-05,-7.5e-05,-0.00015,1.68957,25.296135,True
KVAL004,6,0.501833,Neck,0.112481,-0.004695,0.01041,0.1119,1.684218,50.733415,True
KVAL004,7,0.535166,Neck,0.112124,-0.004875,0.011265,0.11145,1.692689,50.491145,True
KVAL004,8,0.568511,Neck,0.000983,-0.00018,0.000855,-0.00045,1.681858,25.474316,True
KVAL004,9,0.601844,Neck,0.0,0.0,0.0,0.0,0.014547,25.228216,True
KVAL004,10,0.635177,Neck,1.5e-05,0.0,1.5e-05,0.0,0.000225,0.215287,True
KVAL004,11,0.6685,Neck,1.5e-05,0.0,1.5e-05,0.0,0.000225,0.007547,True
KVAL004,12,0.701844,Neck,0.0,0.0,0.0,0.0,0.000318,0.004773,True
KVAL004,13,0.735177,Neck,1.5e-05,-1.5e-05,0.0,0.0,0.000225,0.007547,True
KVAL004,14,0.768511,Neck,1.5e-05,-1.5e-05,0.0,0.0,0.000225,0.00675,True
KVAL004,15,0.801833,Neck,0.0,0.0,0.0,0.0,0.000225,0.003375,True
KVAL004,16,0.835177,Neck,0.0,0.0,0.0,0.0,0.0,0.003375,True
KVAL004,17,0.868511,Neck,0.0,0.0,0.0,0.0,0.0,0.0,True
KVAL004,18,0.901844,Neck,0.0,0.0,0.0,0.0,0.0,0.689269,True
KVAL004,19,0.935177,Neck,0.0,0.0,0.0,0.0,0.045951,0.689269,True
KVAL004,20,0.968522,Neck,0.003063,-0.000525,-0.00183,-0.0024,0.045951,1.378538,True
KVAL004,21,1.001833,Neck,0.003063,-0.000525,-0.00183,-0.0024,0.045951,1.378538,True
KVAL004,22,1.035177,Neck,0.0,0.0,0.0,0.0,0.045951,1.30303,True
KVAL004,23,1.0685,Neck,0.0,0.0,0.0,0.0,0.053828,1.474566,True
KVAL004,24,1.101833,Neck,0.003589,0.002205,-0.00273,-0.00075,0.065868,1.435058,True
KVAL004,25,1.135166,Neck,0.004391,0.0027,-0.0033,-0.00105,0.041872,0.942181,True
KVAL004,26,1.1685,Neck,0.000812,0.000495,-0.00057,-0.0003,0.03294,35.416123,True
KVAL004,27,1.201844,Neck,0.005538,0.001845,-0.00447,-0.0027,2.32676,25.129476,True
KVAL004,28,1.235177,Neck,0.155742,0.00825,-0.15453,-0.01755,1.691337,98.289859,True
KVAL004,29,1.2685,Neck,0.116712,0.062265,-0.02103,-0.09645,4.332963,47.842012,True
KVAL004,30,1.301844,Neck,0.155338,0.052245,0.124875,-0.0762,1.588675,101.656069,True
KVAL004,31,1.335177,Neck,0.056325,-0.00693,-0.0513,-0.0222,2.706014,43.042737,True
KVAL004,32,1.368522,Neck,0.141803,0.00288,-0.03777,-0.13665,1.742936,67.676818,True
KVAL004,33,1.401833,Neck,0.087823,0.086745,0.009495,0.0099,2.542474,86.43101,True
KVAL004,34,1.435177,Neck,0.031576,-0.001305,-0.00879,0.0303,4.35932,60.244495,True
KVAL004,35,1.468511,Neck,0.247681,-0.056595,-0.04752,-0.2364,1.80709,106.155833,True
KVAL004,36,1.501844,Neck,0.114608,0.004395,-0.10821,-0.0375,3.005579,58.97426,True
KVAL004,37,1.535177,Neck,0.102355,-0.03435,-0.08715,-0.04125,3.308368,74.780344,True
KVAL004,38,1.568511,Neck,0.210271,-0.06042,0.02652,-0.19965,2.421062,111.742495,True
KVAL004,39,1.601833,Neck,0.141686,0.01977,0.03114,-0.1368,4.646151,73.576914,True
KVAL004,40,1.635177,Neck,0.242338,0.20298,-0.095535,-0.09165,2.872448,113.720689,True
KVAL004,41,1.668511,Neck,0.182026,0.085035,-0.13968,-0.07995,4.155224,80.236889,True
KVAL004,42,1.701844,Neck,0.112292,-0.016155,-0.080025,0.0771,3.992634,84.36343,True
KVAL004,43,1.735166,Neck,0.160035,0.03618,-0.022905,0.1542,1.697556,211.463983,True
KVAL004,44,1.768511,Neck,0.166779,0.06762,-0.146895,0.0408,10.118551,187.167719,True
KVAL004,45,1.801844,Neck,0.559309,0.18288,-0.26079,-0.45975,13.099937,136.79695,True
KVAL004,46,1.835177,Neck,0.860796,0.170925,-0.17145,-0.82605,2.932744,284.004864,True
KVAL004,47,1.868511,Neck,0.646365,0.12198,-0.15828,-0.6147,5.953382,132.517721,True
KVAL004,48,1.901844,Neck,0.465162,0.096795,-0.07008,-0.44955,7.254125,9.328711,True
KVAL004,49,1.935177,Neck,0.203749,0.02856,0.059055,-0.1929,6.203721,86.421747,True
KVAL004,50,1.968511,Neck,0.102428,0.02643,0.072225,-0.06765,1.504907,103.456658,True
KVAL004,51,2.001844,Neck,0.15191,0.02007,0.10749,-0.10545,1.96309,35.09471,True
KVAL004,52,2.035188,Neck,0.228168,0.008745,0.179055,-0.14115,0.966391,69.777821,True
KVAL004,53,2.068511,Neck,0.196081,0.05889,0.102255,-0.1566,2.797774,45.968616,True
KVAL004,54,2.101844,Neck,0.1273,0.07182,0.00732,-0.10485,2.260287,74.492058,True
KVAL004,55,2.135177,Neck,0.059585,0.038175,0.040875,-0.02055,2.621131,36.081263,True
KVAL004,56,2.168522,Neck,0.140016,0.019305,0.13866,-0.00225,1.934369,69.367614,True
KVAL004,57,2.201844,Neck,0.159075,0.06294,0.127035,0.07215,6.056468,63.624281,True
KVAL004,58,2.235177,Neck,0.442707,0.003855,0.195465,0.3972,5.536725,135.623089,True
KVAL004,59,2.268511,Neck,0.468626,-0.062415,0.229215,0.40395,3.571294,159.00636,True
KVAL004,60,2.301844,Neck,0.259371,-0.09843,0.056385,0.23325,5.462051,59.334612,True
KVAL004,61,2.335177,Neck,0.146095,-0.056745,-0.01488,0.1338,5.228398,52.880333,True
KVAL004,62,2.368522,Neck,0.107306,0.03003,-0.0849,-0.05835,2.851841,99.833575,True
KVAL004,63,2.401844,Neck,0.067117,0.00834,-0.052635,-0.0408,1.612319,68.459351,True
KVAL004,64,2.435177,Neck,0.007929,0.006705,0.003675,-0.0021,1.882365,46.163617,True
KVAL004,65,2.468511,Neck,0.11094,-0.086955,-0.055515,0.0408,2.7477,72.038927,True
KVAL004,66,2.501844,Neck,0.17738,-0.169905,0.00504,-0.0507,3.232567,139.682095,True
KVAL004,67,2.535177,Neck,0.149353,-0.030135,0.053745,-0.13605,8.67196,49.236968,True
KVAL004,68,2.568511,Neck,0.594124,0.02925,-0.001965,-0.5934,4.274901,316.383543,True
KVAL004,69,2.601844,Neck,0.38851,0.100335,-0.033855,-0.3738,13.022377,192.543868,True
KVAL004,70,2.635188,Neck,0.304129,0.13875,-0.045975,0.2667,8.766445,237.766394,True
KVAL004,71,2.668511,Neck,0.201758,0.004185,0.03696,0.1983,6.013475,135.699779,True
KVAL004,72,2.701855,Neck,0.326181,-0.19872,0.16074,0.20265,2.160466,163.858899,True
KVAL004,73,2.735166,Neck,0.229274,-0.125685,0.09162,0.16845,5.304448,77.926818,True
KVAL004,74,2.7685,Neck,0.108264,0.07122,-0.029415,0.07605,3.649523,67.872774,True
KVAL004,75,2.801844,Neck,0.035982,0.033495,0.012975,0.0021,3.743425,39.66387,True
KVAL004,76,2.835177,Neck,0.210208,0.089415,-0.097515,-0.16335,2.731665,121.240871,True
KVAL004,77,2.8685,Neck,0.177084,0.01848,-0.03963,-0.1716,4.59507,100.226897,True
KVAL004,78,2.901844,Neck,0.098117,-0.0426,0.063915,0.06105,4.017175,96.584458,True
KVAL004,79,2.935166,Neck,0.114645,0.054615,-0.037035,0.09375,2.211889,75.912185,True
KVAL004,80,2.9685,Neck,0.08432,0.058965,-0.041565,0.04365,1.153226,58.648448,True
KVAL004,81,3.001833,Neck,0.039779,0.01305,-0.021165,0.03105,3.309805,102.656021,True
KVAL004,82,3.035177,Neck,0.281537,0.07254,-0.07617,0.26115,5.751838,69.780089,True
KVAL004,83,3.068511,Neck,0.419112,0.10308,-0.060555,0.4017,1.825995,142.324641,True
KVAL004,84,3.101844,Neck,0.215013,0.06165,0.0306,0.2037,3.775163,38.52847,True
KVAL004,85,3.135177,Neck,0.173647,0.0432,0.01065,0.16785,1.21363,183.023665,True
KVAL004,86,3.168511,Neck,0.175113,0.01614,-0.028335,0.17205,8.497439,116.607301,True
KVAL004,87,3.201833,Neck,0.731165,0.053205,-0.115635,0.72,7.504314,309.88769,True
KVAL004,88,3.235177,Neck,0.672895,0.046605,-0.20331,0.63975,12.206859,273.627756,True
KVAL004,89,3.268511,Neck,0.099174,0.016185,-0.039765,-0.0894,10.75208,218.291295,True
KVAL004,90,3.301855,Neck,0.098465,0.04203,0.08772,-0.0153,2.522615,194.888567,True
KVAL004,91,3.335166,Neck,0.073058,-0.01854,-0.001545,0.07065,2.82385,22.458679,True
KVAL004,92,3.3685,Neck,0.106635,-0.055005,-0.04137,0.08145,1.705432,72.439009,True
KVAL004,93,3.401844,Neck,0.183872,-0.05304,-0.043095,0.1707,2.153469,98.460352,True
KVAL004,94,3.435177,Neck,0.046818,0.04389,-0.004185,-0.01575,4.888354,82.465086,True
KVAL004,95,3.4685,Neck,0.144764,0.069975,0.01041,-0.1263,3.359939,135.621209,True
KVAL004,96,3.501844,Neck,0.182149,-0.125985,-0.0324,0.1275,4.155715,113.287781,True
KVAL004,97,3.535177,Neck,0.136333,-0.02496,-0.02715,0.13125,4.197886,101.801138,True
KVAL004,98,3.568511,Neck,0.098249,0.07599,0.019635,-0.0591,2.678453,81.432468,True
KVAL004,99,3.601833,Neck,0.048007,-0.00375,-0.014535,-0.0456,1.725882,45.529475,True
KVAL004,100,3.635177,Neck,0.094719,0.043215,-0.08247,-0.0174,0.539838,46.326675,True
KVAL004,101,3.6685,Neck,0.05028,0.00177,-0.04356,-0.02505,2.147817,42.440153,True
KVAL004,102,3.701844,Neck,0.111762,-0.0738,-0.02778,-0.0792,2.659366,61.151987,True
KVAL004,103,3.735166,Neck,0.212302,-0.108795,-0.10383,-0.14985,3.549437,57.456103,True
KVAL004,104,3.768511,Neck,0.321239,-0.05493,-0.17322,-0.2649,4.262415,94.333444,True
KVAL004,105,3.801844,Neck,0.434341,-0.00846,-0.12966,-0.41445,2.813423,156.780342,True
KVAL004,106,3.835188,Neck,0.147137,-0.02193,-0.036465,-0.14085,6.478025,127.099143,True
KVAL004,107,3.868511,Neck,0.150863,0.032385,-0.146565,0.01515,6.4477,270.16184,True
KVAL004,108,3.901855,Neck,0.569114,0.02031,-0.021375,-0.56835,11.807916,194.12605,True
KVAL004,109,3.935166,Neck,0.723893,-0.104235,0.153315,-0.69975,6.603741,371.883849,True
KVAL004,110,3.9685,Neck,0.199225,-0.126225,0.00513,-0.15405,13.103449,89.111823,True
KVAL004,111,4.001844,Neck,0.173705,-0.06915,-0.06564,0.1452,4.168528,282.704871,True
KVAL004,112,4.035177,Neck,0.079831,0.061785,0.0006,0.05055,6.617263,121.854156,True
KVAL004,113,4.068522,Neck,0.272131,0.142035,0.1533,-0.1743,4.233237,242.039902,True
KVAL004,114,4.101855,Neck,0.220912,-0.067785,0.135465,-0.1608,12.205761,623.31988,True
KVAL004,115,4.1352,Neck,0.761129,-0.314085,0.618525,0.3132,45.045525,730.001541,True
KVAL004,116,4.168533,Neck,3.189178,-0.23532,0.611985,-3.12105,38.759077,1980.401522,True
KVAL004,117,4.201844,Neck,2.174298,-0.22287,-0.12723,-2.1591,86.992961,1519.341704,True
KVAL004,118,4.235188,Neck,2.62501,-0.04902,-0.22254,2.6151,64.159693,1709.726747,True
KVAL004,119,4.268511,Neck,2.125401,0.2883,-0.302265,2.08395,27.428842,1465.580162,True
KVAL004,120,4.301844,Neck,0.843882,0.148575,-0.233355,0.79725,33.604507,223.732681,True
KVAL004,121,4.335177,Neck,0.144458,0.04413,-0.048945,-0.12855,14.201166,537.561262,True
KVAL004,122,4.368522,Neck,0.118572,-0.00339,-0.02967,-0.11475,3.734169,246.804946,True
KVAL004,123,4.401844,Neck,0.143657,-0.13806,-0.013485,0.03735,2.972301,82.126044,True
KVAL004,124,4.435177,Neck,0.119599,-0.106485,-0.01065,0.0534,1.877193,74.995693,True
KVAL004,125,4.4685,Neck,0.024279,-0.02262,0.004875,-0.00735,2.085631,36.215783,True
KVAL004,126,4.501833,Neck,0.073122,-0.03435,0.018645,-0.0618,0.671284,42.189455,True
KVAL004,127,4.535166,Neck,0.069017,-0.06456,0.014865,-0.01935,0.978768,17.744851,True
KVAL004,128,4.568511,Neck,0.063894,-0.037725,0.051285,-0.0054,1.516233,35.805068,True
KVAL004,129,4.601833,Neck,0.155706,-0.10188,0.088605,-0.07755,1.797538,56.246289,True
KVAL004,130,4.635177,Neck,0.161852,-0.140115,0.04503,-0.06735,2.265397,60.61548,True
KVAL004,131,4.6685,Neck,0.071234,-0.059775,0.001875,0.0387,2.465875,45.490693,True
KVAL004,132,4.701844,Neck,0.052879,-0.02139,-0.0483,-0.0024,1.384323,53.01401,True
KVAL004,133,4.735166,Neck,0.067127,-0.036615,-0.03858,-0.04095,1.37767,26.361423,True
KVAL004,134,4.768511,Neck,0.072117,-0.019335,0.016455,-0.0675,1.115316,51.426002,True
KVAL004,135,4.801833,Neck,0.065156,0.00294,0.02088,-0.06165,2.16503,41.99289,True
KVAL004,136,4.835177,Neck,0.090246,-0.056535,-0.02628,0.06525,1.856825,60.209919,True
KVAL004,137,4.8685,Neck,0.108034,-0.10719,-0.006135,-0.012,1.893514,49.259189,True
KVAL004,138,4.901844,Neck,0.083215,-0.06084,0.007695,-0.05625,1.669819,29.286713,True
KVAL004,139,4.935166,Neck,0.080316,-0.03072,0.074175,-0.00225,1.172607,38.385603,True
KVAL004,140,4.968511,Neck,0.104332,-0.03243,0.080505,-0.0579,1.294181,49.267003,True
KVAL004,141,5.001844,Neck,0.031697,-0.00618,-0.00342,-0.0309,2.453779,31.610986,True
KVAL004,142,5.035177,Neck,0.075696,-0.02355,-0.023625,0.06795,1.453039,51.759067,True
KVAL004,143,5.068511,Neck,0.07029,-0.021315,-0.023955,0.06255,1.068947,35.618999,True
KVAL004,144,5.101855,Neck,0.006813,-0.004155,0.002745,0.00465,0.938806,27.942354,True
KVAL004,145,5.135166,Neck,0.009772,-0.00528,0.0021,0.00795,1.917814,35.973496,True
KVAL004,146,5.1685,Neck,0.131568,-0.07287,0.107685,-0.0201,2.565342,38.845167,True
KVAL004,147,5.201833,Neck,0.174569,-0.065775,0.16167,-0.0033,1.05898,69.188582,True
KVAL004,148,5.235177,Neck,0.114273,-0.00543,0.106545,-0.04095,2.355719,34.772296,True
KVAL004,149,5.268511,Neck,0.110126,-0.031635,0.04062,-0.09735,1.875869,42.302848,True
KVAL004,150,5.301844,Neck,0.063422,-0.034755,-0.01461,-0.051,1.254636,24.991475,True
KVAL004,151,5.335166,Neck,0.032372,-0.02166,0.00168,-0.024,0.516389,22.619382,True
KVAL004,152,5.3685,Neck,0.088668,-0.025065,-0.03321,-0.0783,1.722964,37.020357,True
KVAL004,153,5.401833,Neck,0.119632,-0.046215,-0.109785,-0.0111,2.112128,52.60789,True
KVAL004,154,5.435166,Neck,0.096115,-0.02949,-0.07143,0.05715,1.809563,56.847737,True
KVAL004,155,5.468511,Neck,0.004346,-0.002715,0.0024,-0.0024,1.769638,29.064475,True
KVAL004,156,5.501844,Neck,0.033221,-0.006435,0.00165,-0.03255,0.333323,33.840115,True
KVAL004,157,5.535166,Neck,0.02518,-0.00927,-0.000735,-0.0234,0.58964,4.153148,True
KVAL004,158,5.5685,Neck,0.009881,-0.007125,0.00114,0.00675,0.401498,21.433607,True
KVAL004,159,5.601833,Neck,0.047947,0.001005,0.00288,-0.04785,0.842453,13.64701,True
KVAL004,160,5.635177,Neck,0.048812,0.00144,0.001995,-0.04875,0.513367,21.883716,True
KVAL004,161,5.6685,Neck,0.015362,-0.00531,-0.00066,-0.0144,0.617353,10.406371,True
KVAL004,162,5.701833,Neck,0.011608,-0.00735,0.00276,-0.00855,0.510969,21.546443,True
KVAL004,163,5.735166,Neck,0.031272,0.021195,-0.021285,-0.0087,0.893653,15.707069,True
KVAL004,164,5.768511,Neck,0.060581,0.03255,-0.016665,-0.0483,0.594849,34.451799,True
KVAL004,165,5.801844,Neck,0.034301,0.008835,0.00825,-0.0321,1.48039,27.823817,True
KVAL004,166,5.835177,Neck,0.046106,0.004425,-0.005175,0.0456,1.3199,30.33334,True
KVAL004,167,5.868511,Neck,0.056657,0.00048,-0.037005,0.0429,0.626823,31.116882,True
KVAL004,168,5.901844,Neck,0.029874,-0.001575,-0.02775,0.01095,0.786639,12.576547,True
KVAL004,169,5.935166,Neck,0.011392,0.002475,0.004065,0.01035,0.452476,13.916432,True
KVAL004,170,5.968511,Neck,0.001072,0.000765,-4.5e-05,-0.00075,0.15153,30.355731,True
KVAL004,171,6.001844,Neck,0.019216,0.004635,-0.00135,0.0186,1.967507,25.265676,True
KVAL004,172,6.035188,Neck,0.130515,0.01029,0.048825,0.1206,1.768301,62.01584,True
KVAL004,173,6.0685,Neck,0.135291,0.010455,0.04038,0.1287,2.186302,60.880138,True
KVAL004,174,6.101844,Neck,0.031186,0.021945,-0.021105,-0.00675,2.303718,41.373356,True
KVAL004,175,6.135166,Neck,0.036629,0.00015,-0.03642,-0.0039,0.805058,46.635577,True
KVAL004,176,6.168511,Neck,0.042715,-0.01695,-0.025245,0.03,0.973973,26.561217,True
KVAL004,177,6.201844,Neck,0.039917,0.030315,0.01548,0.02085,1.207643,21.911925,True
KVAL004,178,6.235177,Neck,0.058675,0.035325,0.035985,0.03,0.777395,33.520904,True
KVAL004,179,6.2685,Neck,0.062317,0.016065,-0.018495,0.0573,1.255416,14.88024,True
KVAL004,180,6.301844,Neck,0.086326,0.041085,-0.04005,0.0645,0.327156,28.318847,True
KVAL004,181,6.335177,Neck,0.050035,0.022335,-0.02469,0.03735,0.854217,3.198827,True
KVAL004,182,6.368511,Neck,0.033872,0.009855,-0.026325,0.0189,0.361087,6.441856,True
KVAL004,183,6.401844,Neck,0.04578,0.01662,-0.03846,0.01845,0.511867,19.364492,True
KVAL004,184,6.435188,Neck,0.009345,-0.002355,-0.00663,-0.00615,1.242373,16.298543,True
KVAL004,185,6.468511,Neck,0.039037,-0.00141,0.028995,-0.0261,0.732361,31.511459,True
KVAL004,186,6.501855,Neck,0.040338,0.009705,0.01266,0.03705,1.000341,10.893766,True
KVAL004,187,6.535166,Neck,0.040753,0.00996,0.012465,0.0375,0.142224,5.956806,True
KVAL004,188,6.5685,Neck,0.042723,0.019095,0.01149,0.03645,0.901173,9.760454,True
KVAL004,189,6.601844,Neck,0.099498,0.009225,0.019155,0.0972,0.533182,38.471505,True
KVAL004,190,6.635177,Neck,0.029171,-0.01155,-0.003555,0.02655,1.679705,8.224507,True
KVAL004,191,6.6685,Neck,0.016856,-0.00606,-0.0129,-0.009,0.38696,32.328723,True
KVAL004,192,6.701833,Neck,0.051088,-0.01659,-0.023355,0.0423,1.059483,32.124533,True
KVAL004,193,6.735166,Neck,0.060606,-0.01518,0.056955,-0.0141,1.760343,28.815071,True
KVAL004,194,6.768511,Neck,0.077429,0.01914,0.073935,-0.01275,0.912562,49.044865,True
KVAL004,195,6.801844,Neck,0.015358,0.010905,0.00681,0.0084,1.819427,28.264723,True
KVAL004,196,6.835177,Neck,0.076343,-0.06255,-0.010665,-0.04245,1.278939,37.795314,True
KVAL004,197,6.868511,Neck,0.071058,-0.060195,-0.00288,-0.03765,0.786852,52.751594,True
KVAL004,198,6.901855,Neck,0.024769,-0.01929,0.001635,-0.01545,2.266792,35.763381,True
KVAL004,199,6.935177,Neck,0.083978,0.0462,-0.00972,0.06945,3.161457,36.840926,True
KVAL004,200,6.968511,Neck,0.186847,0.141315,0.039585,0.11565,0.996048,96.146034,True
KVAL004,201,7.001844,Neck,0.097644,0.08493,0.032355,0.0357,3.249118,36.859994,True
KVAL004,202,7.035188,Neck,0.029885,-0.02082,-0.00558,-0.0207,1.817915,59.742631,True
KVAL004,203,7.0685,Neck,0.024405,-0.018975,-0.00441,-0.0147,0.800971,67.864718,True
KVAL004,204,7.101844,Neck,0.027867,0.000105,0.00255,0.02775,2.988373,81.886631,True
KVAL004,205,7.135166,Neck,0.178101,0.06129,0.018465,0.1662,4.889244,220.366559,True
KVAL004,206,7.168511,Neck,0.300917,0.125355,0.02967,-0.27195,11.958127,101.465255,True
KVAL004,207,7.201844,Neck,0.637224,0.055605,0.10104,-0.6267,2.628483,353.315223,True
KVAL004,208,7.235177,Neck,0.238201,-0.0429,-0.00162,-0.2343,11.865028,120.540211,True
KVAL004,209,7.2685,Neck,0.20645,-0.112605,-0.13386,0.10965,8.427647,166.575822,True
KVAL004,210,7.301833,Neck,0.338363,-0.08703,-0.04059,0.32445,2.592018,174.301018,True
KVAL004,211,7.335166,Neck,0.239925,-0.065775,-0.01899,0.22995,3.300406,65.695622,True
KVAL004,212,7.3685,Neck,0.129266,-0.00981,-0.050355,0.11865,2.643563,30.36715,True
KVAL004,213,7.401844,Neck,0.100652,0.040725,-0.021285,0.08955,1.993371,30.726303,True
KVAL004,214,7.435177,Neck,0.014909,0.00045,0.014565,0.00315,2.276688,33.866048,True
KVAL004,215,7.4685,Neck,0.06208,0.019485,0.02463,-0.05355,1.300625,63.573106,True
KVAL004,216,7.501844,Neck,0.101037,-0.018645,0.09306,0.03465,2.137358,56.829518,True
KVAL004,217,7.535177,Neck,0.08945,-0.02652,0.026235,0.0813,2.566248,70.615841,True
KVAL004,218,7.568522,Neck,0.091422,0.01107,-0.02256,-0.0879,2.583652,57.377846,True
KVAL004,219,7.601833,Neck,0.092265,0.004095,0.026775,-0.0882,1.371103,58.828006,True
KVAL004,220,7.635177,Neck,5.4e-05,3e-05,-4.5e-05,0.0,1.383981,28.414375,True
KVAL004,221,7.6685,Neck,0.0,0.0,0.0,0.0,0.528714,28.108716,True
KVAL004,222,7.701833,Neck,0.03526,0.00816,-0.004155,-0.03405,0.528897,15.86415,True
KVAL004,223,7.735177,Neck,0.03526,0.00816,-0.004155,-0.03405,0.528897,15.866901,True
KVAL004,224,7.768511,Neck,0.0,0.0,0.0,0.0,0.528897,7.934232,True
KVAL004,225,7.801844,Neck,0.0,0.0,0.0,0.0,0.000225,8.673302,True
KVAL004,226,7.835188,Neck,1.5e-05,1.5e-05,0.0,0.0,0.104232,1.553805,True
KVAL004,227,7.868511,Neck,0.006949,0.006645,-0.00174,-0.00105,0.103802,3.12697,True
KVAL004,228,7.901855,Neck,0.006934,0.00663,-0.00174,-0.00105,0.104232,9.171288,True
KVAL004,229,7.935166,Neck,0.0,0.0,0.0,0.0,0.523863,5.58335,True
KVAL004,230,7.9685,Neck,0.02955,-0.01695,0.00723,0.0231,0.441434,14.498744,True
KVAL004,231,8.001833,Neck,0.029429,-0.01695,0.007215,0.02295,0.445062,17.535973,True
KVAL004,232,8.035177,Neck,0.000151,0.0,-1.5e-05,-0.00015,0.763574,6.726296,True
KVAL004,233,8.0685,Neck,0.028991,-0.010245,-0.0162,-0.02175,0.435094,17.50258,True
KVAL004,234,8.101833,Neck,0.029123,-0.01131,-0.01671,-0.021,0.433886,16.057542,True
KVAL004,235,8.135166,Neck,0.001399,-0.001065,-0.00051,0.00075,0.656437,9.716018,True
KVAL004,236,8.168511,Neck,0.020353,0.00306,-0.00648,0.01905,0.381667,19.016711,True
KVAL004,237,8.201844,Neck,0.024765,0.01866,-0.01536,-0.0054,0.680087,11.291108,True
KVAL004,238,8.235177,Neck,0.030339,0.015615,-0.00888,-0.02445,0.371299,16.743976,True
KVAL004,239,8.2685,Neck,1.5e-05,1.5e-05,0.0,0.0,0.455092,5.564409,True
KVAL004,240,8.301833,Neck,0.0,0.0,0.0,0.0,0.00045,13.645831,True
KVAL004,0,0.301866,RShoulder,0.133872,0.03225,-0.1179,-0.0546,2.006311,0.062232,False
KVAL004,1,0.335166,RShoulder,0.066995,0.016095,-0.059025,-0.0273,2.007986,15.009032,False
KVAL004,2,0.3685,RShoulder,3.4e-05,-3e-05,-1.5e-05,0.0,1.005714,30.125732,False
KVAL004,3,0.401833,RShoulder,6e-05,0.0,6e-05,0.0,0.00045,15.104909,False
KVAL004,4,0.435177,RShoulder,5.4e-05,-3e-05,-4.5e-05,0.0,0.001638,30.004609,False
KVAL004,5,0.4685,RShoulder,5.4e-05,-3e-05,-4.5e-05,0.0,2.000396,30.905406,False
KVAL004,6,0.501833,RShoulder,0.133389,-0.08892,-0.02643,-0.09585,2.060963,59.098905,False
KVAL004,7,0.535166,RShoulder,0.137426,-0.08994,-0.026955,-0.10035,1.939686,61.784184,False
KVAL004,8,0.568511,RShoulder,0.004683,-0.00108,-0.00072,-0.0045,2.057984,28.217464,False
KVAL004,9,0.601844,RShoulder,0.000347,-9e-05,-0.0003,-0.00015,0.067839,30.815936,False
KVAL004,10,0.635177,RShoulder,0.000176,-1.5e-05,-9e-05,-0.00015,0.005465,0.995144,False
KVAL004,11,0.6685,RShoulder,2.1e-05,1.5e-05,1.5e-05,0.0,0.003628,0.145908,False
KVAL004,12,0.701844,RShoulder,0.00028,-7.5e-05,-0.00027,0.0,0.004483,0.110965,False
KVAL004,13,0.735177,RShoulder,0.00028,-7.5e-05,-0.00027,0.0,0.004203,0.130277,False
KVAL004,14,0.768511,RShoulder,0.0,0.0,0.0,0.0,0.004203,0.06305,False
KVAL004,15,0.801833,RShoulder,0.0,0.0,0.0,0.0,0.0,0.06305,False
KVAL004,16,0.835177,RShoulder,0.0,0.0,0.0,0.0,0.0,0.0,False
KVAL004,17,0.868511,RShoulder,0.0,0.0,0.0,0.0,0.0,0.0,False
KVAL004,18,0.901844,RShoulder,0.0,0.0,0.0,0.0,0.0,23.682561,False
KVAL004,19,0.935177,RShoulder,0.0,0.0,0.0,0.0,1.578837,23.682561,False
KVAL004,20,0.968522,RShoulder,0.105256,-0.025365,-0.100635,-0.01755,1.578837,47.377214,False
KVAL004,21,1.001833,RShoulder,0.105256,-0.025365,-0.100635,-0.01755,1.579644,47.377214,False
KVAL004,22,1.035177,RShoulder,0.000153,0.0,3e-05,0.00015,1.579644,20.652657,False
KVAL004,23,1.0685,RShoulder,0.000153,0.0,3e-05,0.00015,0.214951,24.612778,False
KVAL004,24,1.101833,RShoulder,0.014384,0.007545,0.01191,0.00285,0.094467,10.331309,False
KVAL004,25,1.135166,RShoulder,0.00621,0.00336,-0.00447,-0.0027,0.476348,2.820622,False
KVAL004,26,1.1685,RShoulder,0.017794,-0.004185,-0.01638,-0.00555,0.10506,16.890804,False
KVAL004,27,1.201844,RShoulder,0.004467,0.003435,0.00243,-0.0015,0.8072,32.081862,False
KVAL004,28,1.235177,RShoulder,0.045461,-0.033435,0.028305,-0.01215,2.207593,48.006303,False
KVAL004,29,1.2685,RShoulder,0.148713,0.0585,0.08247,0.10905,2.774314,353.569273,False
KVAL004,30,1.301844,RShoulder,0.157869,0.100695,0.04062,0.1146,21.975413,456.166463,False
KVAL004,31,1.335177,RShoulder,1.362103,-0.904245,-1.01841,0.0225,28.962097,403.339163,False
KVAL004,32,1.368522,RShoulder,1.855793,-1.49142,-0.971925,0.5244,13.876234,586.003314,False
KVAL004,33,1.401833,RShoulder,1.644932,-0.93966,-0.963975,0.9453,11.823924,458.662926,False
KVAL004,34,1.435177,RShoulder,1.351598,-0.7206,-0.918915,0.68055,21.380825,307.911878,True
KVAL004,35,1.468511,RShoulder,0.364895,-0.280035,0.07242,0.22245,26.009508,358.112288,False
KVAL004,36,1.501844,RShoulder,1.286047,0.221745,0.446205,1.1856,13.298605,804.918032,False
KVAL004,37,1.535177,RShoulder,1.054124,0.048135,0.494205,0.92985,34.342423,570.695592,True
KVAL004,38,1.568511,RShoulder,1.012416,-0.066675,-0.217395,-0.98655,25.929584,635.273848,False
KVAL004,39,1.601833,RShoulder,0.733323,0.28584,-0.469515,-0.4854,10.462906,276.913409,False
KVAL004,40,1.635177,RShoulder,0.704594,0.28938,-0.46701,-0.44115,9.82819,235.247977,False
KVAL004,41,1.668511,RShoulder,1.258904,0.130305,-0.57279,-1.11345,6.478496,314.150467,False
KVAL004,42,1.701844,RShoulder,1.056591,0.19341,-0.619815,-0.83355,11.428839,245.219378,False
KVAL004,43,1.735166,RShoulder,0.514295,0.091395,-0.311745,-0.3987,10.220814,136.348493,False
KVAL004,44,1.768511,RShoulder,0.380906,0.120765,-0.218085,-0.288,2.730451,94.026941,False
KVAL004,45,1.801844,RShoulder,0.388306,0.16653,-0.25197,-0.24405,8.40297,190.288125,False
KVAL004,46,1.835177,RShoulder,0.421172,0.354465,-0.095925,0.20625,15.100235,152.669695,False
KVAL004,47,1.868511,RShoulder,1.008711,0.93189,-0.060735,0.3813,15.250701,230.483496,False
KVAL004,48,1.901844,RShoulder,1.401161,1.247055,0.16521,0.6171,5.092576,424.191201,False
KVAL004,49,1.935177,RShoulder,1.006396,0.8784,0.273465,0.408,13.285185,145.24999,False
KVAL004,50,1.968511,RShoulder,0.533865,0.46323,0.16884,0.20475,7.431724,181.842884,False
KVAL004,51,2.001844,RShoulder,0.563881,0.409665,0.11775,0.36915,2.394597,95.659224,False
KVAL004,52,2.035188,RShoulder,0.429591,0.33783,0.082245,0.2523,6.834266,105.929326,False
KVAL004,53,2.068511,RShoulder,0.188918,0.18843,0.004635,-0.01275,7.399992,75.59707,False
KVAL004,54,2.101844,RShoulder,0.168415,0.07305,-0.02742,-0.14925,2.987481,138.428302,False
KVAL004,55,2.135177,RShoulder,0.079073,0.000645,0.001815,-0.07905,2.382951,83.226883,False
KVAL004,56,2.168522,RShoulder,0.053177,0.03924,0.03516,-0.0072,2.907607,28.644299,False
KVAL004,57,2.201844,RShoulder,0.144482,0.106155,0.07005,0.06855,2.601738,35.191374,False
KVAL004,58,2.235177,RShoulder,0.208683,0.13125,0.10968,0.11955,0.738116,715.075077,False
KVAL004,59,2.268511,RShoulder,0.182376,0.10773,0.10356,0.10455,48.022861,724.625846,False
KVAL004,60,2.301844,RShoulder,3.282664,1.741785,2.268645,-1.611,48.354019,1448.245245,False
KVAL004,61,2.335177,RShoulder,3.29356,1.715805,2.26215,-1.6692,48.663907,1465.897213,False
KVAL004,62,2.368522,RShoulder,0.165847,-0.08937,0.03363,-0.1356,49.518837,718.31691,False
KVAL004,63,2.401844,RShoulder,0.191009,-0.063465,-0.07566,-0.1635,2.764717,683.300576,False
KVAL004,64,2.435177,RShoulder,0.09866,0.023325,-0.08298,-0.048,11.93546,106.412674,False
KVAL004,65,2.468511,RShoulder,0.666822,0.217635,-0.33366,0.53475,8.568084,414.475649,False
KVAL004,66,2.501844,RShoulder,0.556946,0.48636,0.018375,0.27075,16.329969,270.410055,False
KVAL004,67,2.535177,RShoulder,0.522148,0.250305,0.221595,-0.4011,10.74354,380.6044,False
KVAL004,68,2.568511,RShoulder,0.574537,0.31443,-0.372165,-0.3045,11.601997,163.669204,False
KVAL004,69,2.601844,RShoulder,0.676925,0.30195,-0.53979,-0.2751,7.570536,182.265605,False
KVAL004,70,2.635188,RShoulder,0.659926,-0.122535,-0.61008,-0.21975,5.41079,132.523415,False
KVAL004,71,2.668511,RShoulder,0.667815,-0.05181,-0.609855,-0.26715,1.357493,75.528599,False
KVAL004,72,2.701855,RShoulder,0.603453,-0.067935,-0.544785,-0.2505,1.64138,18.58113,False
KVAL004,73,2.735166,RShoulder,0.583257,-0.10791,-0.53073,-0.216495,1.39863,38.465569,False
KVAL004,74,2.7685,RShoulder,0.555368,0.01023,-0.51402,-0.21003,2.283006,42.098437,False
KVAL004,75,2.801844,RShoulder,0.474555,0.00681,-0.44475,-0.16539,3.160929,45.964413,False
KVAL004,76,2.835177,RShoulder,0.34507,0.01116,-0.31557,-0.139155,4.107941,5.381739,False
KVAL004,77,2.8685,RShoulder,0.208334,0.02598,-0.178485,-0.104265,2.80773,46.206564,False
KVAL004,78,2.901844,RShoulder,0.159611,0.015945,-0.139395,-0.076095,1.080205,20.365676,False
KVAL004,79,2.935166,RShoulder,0.137008,0.017205,-0.1131,-0.07539,4.049668,93.03476,False
KVAL004,80,2.9685,RShoulder,0.110665,-0.00243,0.099885,0.04758,7.274913,80.985091,False
KVAL004,81,3.001833,RShoulder,0.350957,-0.092805,0.31395,0.126465,2.449644,252.624349,False
KVAL004,82,3.035177,RShoulder,0.157292,-0.11139,-0.00393,0.110985,9.905714,88.515053,False
KVAL004,83,3.068511,RShoulder,0.353547,0.000585,-0.33924,0.099555,5.422547,184.872019,False
KVAL004,84,3.101844,RShoulder,0.304448,0.09831,-0.286695,0.0288,2.807781,143.090395,False
KVAL004,85,3.135177,RShoulder,0.180679,0.043515,-0.17382,0.02319,4.24124,78.999945,False
KVAL004,86,3.168511,RShoulder,0.047841,-0.029115,-0.034635,0.01554,4.424681,235.707034,False
KVAL004,87,3.201833,RShoulder,0.26607,-0.24348,-0.105945,0.01692,17.130062,374.757054,False
KVAL004,88,3.235177,RShoulder,1.158399,-0.55149,0.320025,0.967125,25.872243,315.366902,False
KVAL004,89,3.268511,RShoulder,1.747755,-0.560025,0.807795,1.44516,6.016977,691.539483,False
KVAL004,90,3.301855,RShoulder,0.984269,-0.40542,0.571725,0.69105,20.467273,162.217524,False
KVAL004,91,3.335166,RShoulder,0.4438,-0.20952,0.324795,0.2181,11.930263,265.49393,False
KVAL004,92,3.3685,RShoulder,0.246034,-0.08073,0.22644,0.05235,3.191825,179.201743,False
KVAL004,93,3.401844,RShoulder,0.262877,-0.070125,0.23985,0.0816,0.899384,40.099535,False
KVAL004,94,3.435177,RShoulder,0.207601,-0.08625,0.172245,0.0774,3.185117,39.754832,False
KVAL004,95,3.4685,RShoulder,0.063693,-0.0477,0.039675,0.0144,3.046707,50.595988,False
KVAL004,96,3.501844,RShoulder,0.005834,-0.005175,0.002655,0.00045,0.59114,55.237101,False
KVAL004,97,3.535177,RShoulder,0.057015,-0.011535,0.05484,0.0105,0.663765,221.034259,False
KVAL004,98,3.568511,RShoulder,0.048166,-0.01431,0.045375,0.0075,14.725306,198.866969,False
KVAL004,99,3.601833,RShoulder,0.926736,0.30408,-0.790545,-0.37605,12.614782,475.732917,False
KVAL004,100,3.635177,RShoulder,0.79432,0.2211,-0.692805,-0.3195,17.005169,395.776783,False
KVAL004,101,3.6685,RShoulder,0.213031,-0.11754,0.152025,0.09195,13.776213,296.575881,False
KVAL004,102,3.701844,RShoulder,0.127094,-0.055605,0.094035,0.06495,2.822732,411.119237,False
KVAL004,103,3.735166,RShoulder,0.06619,-0.062025,0.0114,-0.0201,17.642066,109.290053,False
KVAL004,104,3.768511,RShoulder,1.118472,-0.54714,-0.300105,-0.9282,7.541262,647.928884,False
KVAL004,105,3.801844,RShoulder,0.560581,-0.41466,-0.02991,-0.37605,25.55862,315.867626,False
KVAL004,106,3.835188,RShoulder,0.610076,0.115125,0.27222,0.5337,13.687462,357.619628,False
KVAL004,107,3.868511,RShoulder,0.42045,0.07911,0.21993,0.3495,2.52706,129.127225,False
KVAL004,108,3.901855,RShoulder,0.752518,0.11979,0.421395,0.61185,9.717752,58.754746,False
KVAL004,109,3.935166,RShoulder,1.060645,0.045165,0.58692,0.8823,2.948717,356.49759,False
KVAL004,110,3.9685,RShoulder,0.797804,-0.04857,0.375375,0.7023,14.110969,167.868874,False
KVAL004,111,4.001844,RShoulder,0.135279,-0.042345,0.039525,0.12225,9.533148,261.373162,False
KVAL004,112,4.035177,RShoulder,0.196025,0.031065,0.159285,0.10995,3.635427,132.602676,False
KVAL004,113,4.068522,RShoulder,0.339175,0.023145,0.24429,0.23415,11.179423,199.954906,False
KVAL004,114,4.101855,RShoulder,0.584093,-0.421095,-0.25044,-0.318,9.845554,2287.448822,False
KVAL004,115,4.1352,RShoulder,0.350616,-0.218955,-0.1632,-0.2199,155.682833,2415.339021,False
KVAL004,116,4.168533,RShoulder,10.558298,-4.03746,-8.167755,5.3352,163.772381,4618.999477,False
KVAL004,117,4.201844,RShoulder,11.030569,-4.209885,-8.92614,4.9269,152.479875,7765.7515,True
KVAL004,118,4.235188,RShoulder,0.809819,-0.71061,0.062925,0.38325,355.181119,674.87231,True
KVAL004,119,4.268511,RShoulder,12.872023,1.933905,11.88048,-4.56105,193.657448,8213.144917,False
KVAL004,120,4.301844,RShoulder,12.638281,2.660805,11.23977,-5.1297,193.378828,5758.579356,False
KVAL004,121,4.335177,RShoulder,0.063854,0.03237,-0.005655,0.05475,190.389838,2904.819111,False
KVAL004,122,4.368522,RShoulder,0.086682,-0.068205,-0.02268,0.04845,3.141258,2660.742849,False
KVAL004,123,4.401844,RShoulder,0.241242,-0.06309,0.08988,0.2148,14.369399,299.606846,False
KVAL004,124,4.435177,RShoulder,1.018352,-0.545805,-0.84756,0.14415,18.613965,454.854336,False
KVAL004,125,4.4685,RShoulder,1.16407,-0.61311,-0.9876,-0.06165,15.982094,562.685515,False
KVAL004,126,4.501833,RShoulder,0.054744,0.048765,0.02325,-0.00885,19.29324,270.66794,False
KVAL004,127,4.535166,RShoulder,0.186182,0.17463,0.02916,-0.0576,6.723707,305.493566,False
KVAL004,128,4.568511,RShoulder,0.469583,0.37206,-0.22953,0.17145,3.163407,266.847255,False
KVAL004,129,4.601833,RShoulder,0.244759,0.197055,-0.060105,0.13215,11.085484,134.83704,False
KVAL004,130,4.635177,RShoulder,0.293614,-0.120135,0.24363,-0.11145,6.350115,199.041446,False
KVAL004,131,4.6685,RShoulder,0.210022,-0.0831,0.17505,-0.081,2.292911,133.89477,False
KVAL004,132,4.701844,RShoulder,0.140821,-0.06045,0.115845,-0.0525,2.730011,7.703208,False
KVAL004,133,4.735166,RShoulder,0.028033,-0.010395,0.02355,-0.0111,2.303145,34.660236,False
KVAL004,134,4.768511,RShoulder,0.029507,0.029385,0.00252,-0.0009,0.472366,36.630771,False
KVAL004,135,4.801833,RShoulder,0.014223,0.013155,0.004035,-0.0036,0.3407,6.999053,False
KVAL004,136,4.835177,RShoulder,0.010454,0.008205,-0.005055,-0.00405,0.085993,5.087004,False
KVAL004,137,4.8685,RShoulder,0.019738,0.017475,0.00681,-0.00615,0.244559,10.232096,False
KVAL004,138,4.901844,RShoulder,0.011653,-0.00165,0.006825,-0.0093,0.632396,15.62524,False
KVAL004,139,4.935166,RShoulder,0.040008,0.022035,-0.031845,0.01005,0.8012,17.808076,False
KVAL004,140,4.968511,RShoulder,0.044541,0.02142,-0.038325,0.0075,0.641495,22.998657,False
KVAL004,141,5.001844,RShoulder,0.013875,-0.00954,-0.00798,-0.00615,0.762512,11.43385,False
KVAL004,142,5.035177,RShoulder,0.013613,9e-05,0.007665,0.01125,0.32353,14.988769,False
KVAL004,143,5.068511,RShoulder,0.008548,0.003345,0.007815,0.0009,0.342044,8.378953,False
KVAL004,144,5.101855,RShoulder,0.009889,-0.00378,-0.00726,-0.00555,0.239274,7.774771,False
KVAL004,145,5.135166,RShoulder,0.007642,-0.005175,-0.00555,-0.0009,0.203864,4.685869,False
KVAL004,146,5.1685,RShoulder,0.007959,-0.004605,0.00597,-0.00255,0.152341,8.924881,False
KVAL004,147,5.201833,RShoulder,0.012355,-0.01224,0.00162,0.00045,0.446636,4.43376,False
KVAL004,148,5.235177,RShoulder,0.028565,-0.02301,-0.01599,0.00555,0.268099,22.970495,False
KVAL004,149,5.268511,RShoulder,0.015366,-0.000795,0.015345,0.00015,1.087438,1.609128,False
KVAL004,150,5.301844,RShoulder,0.046941,0.016605,0.043065,-0.00855,0.238402,18.349335,False
KVAL004,151,5.335166,RShoulder,0.029588,0.006195,0.028365,-0.0057,0.569682,45.069377,False
KVAL004,152,5.3685,RShoulder,0.066593,-0.012855,0.06534,0.0003,3.134683,21.141497,False
KVAL004,153,5.401833,RShoulder,0.232389,-0.091875,0.20799,-0.048,1.788359,98.486551,False
KVAL004,154,5.435166,RShoulder,0.178066,-0.07734,0.152805,-0.04875,3.439296,68.942108,False
KVAL004,155,5.468511,RShoulder,0.008255,-0.00375,0.000255,-0.00735,2.831372,46.799399,False
KVAL004,156,5.501844,RShoulder,0.013471,-0.000105,-0.009135,0.0099,0.47049,44.082851,False
KVAL004,157,5.535166,RShoulder,0.026776,-0.00579,-0.020865,0.01575,0.395382,11.563855,False
KVAL004,158,5.5685,RShoulder,0.025499,-0.01617,-0.017385,-0.0093,0.361037,12.095319,False
KVAL004,159,5.601833,RShoulder,0.02251,0.00096,-0.021255,-0.00735,0.424068,16.606463,False
KVAL004,160,5.635177,RShoulder,0.016983,0.00747,-0.014085,0.00585,1.025824,19.182611,False
KVAL004,161,5.6685,RShoulder,0.048859,-0.01761,0.04452,-0.00975,1.085767,6.99459,False
KVAL004,162,5.701833,RShoulder,0.055771,-0.01824,0.05193,-0.009,0.754024,8.511845,False
KVAL004,163,5.735166,RShoulder,0.098408,-0.04152,0.084495,-0.02865,0.719304,31.526496,False
KVAL004,164,5.768511,RShoulder,0.099868,-0.039075,0.08343,-0.03855,1.374233,24.513321,False
KVAL004,165,5.801844,RShoulder,0.021166,-0.012765,-0.00168,-0.0168,0.98588,52.563422,False
KVAL004,166,5.835177,RShoulder,0.043522,-0.03114,0.020115,-0.0228,2.157804,39.041511,False
KVAL004,167,5.868511,RShoulder,0.154461,-0.08445,0.11703,-0.05505,1.634808,60.98625,False
KVAL004,168,5.901844,RShoulder,0.145931,-0.069795,0.11889,-0.04785,1.943181,56.957754,False
KVAL004,169,5.935166,RShoulder,0.032483,-0.001665,0.03234,-0.00255,2.17904,27.45919,False
KVAL004,170,5.968511,RShoulder,0.00117,0.00045,0.00108,0.0,0.379451,38.02195,False
KVAL004,171,6.001844,RShoulder,0.013727,-0.007635,0.008325,-0.0078,0.413616,10.796857,False
KVAL004,172,6.035188,RShoulder,0.028438,0.000735,0.02271,-0.0171,0.380061,8.871375,False
KVAL004,173,6.0685,RShoulder,0.034359,0.00252,0.02925,-0.01785,0.376116,5.653207,False
KVAL004,174,6.101844,RShoulder,0.036139,0.010275,0.03453,0.00285,0.33947,13.279381,False
KVAL004,175,6.135166,RShoulder,0.049361,-0.0015,0.04881,-0.0072,0.541812,17.791238,False
KVAL004,176,6.168511,RShoulder,0.038731,-0.017835,0.02862,-0.01905,0.917154,22.697989,False
KVAL004,177,6.201844,RShoulder,0.022333,0.01974,-0.006405,0.00825,1.024335,19.546666,False
KVAL004,178,6.235177,RShoulder,0.055622,0.049425,0.024195,-0.0081,0.459116,29.938249,False
KVAL004,179,6.2685,RShoulder,0.01103,-0.00231,0.006375,-0.0087,1.118275,14.024451,False
KVAL004,180,6.301844,RShoulder,0.021536,-0.012015,-0.012525,0.01275,0.476344,14.104724,False
KVAL004,181,6.335177,RShoulder,0.023401,0.020385,-0.005295,0.0102,0.506331,29.894721,False
KVAL004,182,6.368511,RShoulder,0.051707,-0.01176,-0.044505,0.02355,1.54771,31.804812,False
KVAL004,183,6.401844,RShoulder,0.080277,-0.075705,0.020385,-0.01725,1.665345,42.245282,False
KVAL004,184,6.435188,RShoulder,0.079716,-0.063795,0.040335,-0.02565,1.272921,40.492809,False
KVAL004,185,6.468511,RShoulder,0.012684,-0.000465,-0.0081,0.00975,1.19857,21.071709,False
KVAL004,186,6.501855,RShoulder,0.019885,0.010005,0.01482,-0.0087,0.466371,19.495458,False
KVAL004,187,6.535166,RShoulder,0.019972,0.010605,0.01494,-0.00795,0.615793,20.603405,False
KVAL004,188,6.5685,RShoulder,0.022203,-0.002415,-0.01698,0.0141,0.908895,17.262415,False
KVAL004,189,6.601844,RShoulder,0.040914,-0.015885,-0.030255,0.0225,0.924005,41.732089,False
KVAL004,190,6.635177,RShoulder,0.059368,-0.05928,-0.00075,-0.00315,2.300376,23.028463,False
KVAL004,191,6.6685,RShoulder,0.140224,-0.116025,0.05526,-0.0561,2.019338,56.303411,False
KVAL004,192,6.701833,RShoulder,0.166689,-0.107955,0.09513,-0.08415,1.630309,66.348938,False
KVAL004,193,6.735166,RShoulder,0.054071,-0.013185,0.047715,-0.02175,2.606055,23.251698,False
KVAL004,194,6.768511,RShoulder,0.045673,0.03432,0.02841,-0.01005,1.095868,50.674181,False
KVAL004,195,6.801844,RShoulder,0.109235,0.03543,0.07938,-0.06615,0.914798,33.177952,False
KVAL004,196,6.835177,RShoulder,0.085105,0.01524,0.05946,-0.05895,1.194038,36.550706,False
KVAL004,197,6.868511,RShoulder,0.031125,0.01158,0.016305,-0.02385,1.528333,7.869603,False
KVAL004,198,6.901855,RShoulder,0.055125,0.053595,-0.001935,0.01275,0.910525,23.943826,False
KVAL004,199,6.935177,RShoulder,0.033968,0.01149,-0.021615,0.02355,0.478974,21.030987,False
KVAL004,200,6.968511,RShoulder,0.03508,0.0243,-0.007545,0.02415,0.677623,14.727258,False
KVAL004,201,7.001844,RShoulder,0.04771,0.043905,0.009015,0.01635,1.436786,168.4926,False
KVAL004,202,7.035188,RShoulder,0.096442,-0.0543,-0.013215,0.0786,10.620129,430.027147,False
KVAL004,203,7.0685,RShoulder,0.677763,-0.28926,-0.604365,-0.10215,28.807153,471.783153,False
KVAL004,204,7.101844,RShoulder,1.931411,-0.47685,-1.84533,-0.3126,39.882196,792.285224,True
KVAL004,205,7.135166,RShoulder,3.252587,-1.6524,-2.6478,0.91545,36.652671,1357.942298,True
KVAL004,206,7.168511,RShoulder,2.715295,-0.90633,-1.50693,2.06895,52.767964,1130.596073,True
KVAL004,207,7.201844,RShoulder,1.207372,0.72813,-0.05814,0.96135,45.410417,909.673843,False
KVAL004,208,7.235177,RShoulder,0.405528,0.319125,0.2367,-0.08115,19.981155,1171.895201,True
KVAL004,209,7.2685,RShoulder,0.303394,-0.090465,0.28794,-0.0309,35.84566,839.707619,True
KVAL004,210,7.301833,RShoulder,2.144175,-1.08174,0.08823,1.8492,40.175232,983.286154,False
KVAL004,211,7.335166,RShoulder,2.652528,-0.35364,0.09165,2.62725,31.390225,1224.343826,False
KVAL004,212,7.3685,RShoulder,1.12439,0.74904,0.01047,0.8385,41.689439,583.920807,True
KVAL004,213,7.401844,RShoulder,0.230999,0.21147,-0.01365,-0.09195,20.618512,589.808082,True
KVAL004,214,7.435177,RShoulder,0.310312,-0.00957,0.041685,-0.30735,7.58764,292.330977,True
KVAL004,215,7.4685,RShoulder,0.442375,-0.187935,-0.1437,-0.3738,3.850654,186.333026,True
KVAL004,216,7.501844,RShoulder,0.382811,-0.20655,-0.12267,-0.29805,5.252727,125.565513,True
KVAL004,217,7.535177,RShoulder,0.096553,-0.054975,-0.00993,-0.07875,5.729071,55.856547,True
KVAL004,218,7.568522,RShoulder,0.049821,-0.043755,0.003615,0.02355,1.738059,87.210301,True
KVAL004,219,7.601833,RShoulder,0.040061,-0.021735,-0.009615,0.03225,0.751398,32.401863,True
KVAL004,220,7.635177,RShoulder,0.000274,0.000225,-4.5e-05,-0.00015,0.601288,11.714551,True
KVAL004,221,7.6685,RShoulder,4.5e-05,4.5e-05,0.0,0.0,0.293364,8.630706,True
KVAL004,222,7.701833,RShoulder,0.019557,0.0042,0.019095,0.00045,0.293062,8.800487,True
KVAL004,223,7.735177,RShoulder,0.019547,0.004155,0.019095,0.00045,0.293349,8.794007,True
KVAL004,224,7.768511,RShoulder,0.0,0.0,0.0,0.0,0.293205,4.400966,True
KVAL004,225,7.801844,RShoulder,0.0,0.0,0.0,0.0,0.000225,20.290773,True
KVAL004,226,7.835188,RShoulder,1.5e-05,1.5e-05,0.0,0.0,1.417691,21.265007,True
KVAL004,227,7.868511,RShoulder,0.094513,0.003405,-0.02958,-0.0897,1.417675,42.530739,True
KVAL004,228,7.901855,RShoulder,0.094512,0.00339,-0.02958,-0.0897,1.417691,50.572539,True
KVAL004,229,7.935166,RShoulder,0.0,0.0,0.0,0.0,1.961785,13.990622,True
KVAL004,230,7.9685,RShoulder,0.039423,-0.01332,-0.00201,0.03705,0.591104,37.909324,True
KVAL004,231,8.001833,RShoulder,0.039407,-0.013275,-0.001995,0.03705,0.591583,22.051904,True
KVAL004,232,8.035177,RShoulder,4.7e-05,4.5e-05,1.5e-05,0.0,0.959073,10.204725,True
KVAL004,233,8.0685,RShoulder,0.040943,0.029805,0.028065,0.0006,0.573084,22.884031,True
KVAL004,234,8.101833,RShoulder,0.038249,0.02775,0.02628,-0.0015,0.656132,21.751763,True
KVAL004,235,8.135166,RShoulder,0.003438,-0.002055,-0.001785,-0.0021,0.942004,24.54198,True
KVAL004,236,8.168511,RShoulder,0.038191,-0.034185,0.01638,-0.00465,1.279154,25.879574,True
KVAL004,237,8.201844,RShoulder,0.083931,-0.03288,0.07452,0.02025,0.93394,38.065098,True
KVAL004,238,8.235177,RShoulder,0.063261,0.001305,0.05814,0.0249,1.258963,26.904849,True
KVAL004,239,8.2685,RShoulder,0.0,0.0,0.0,0.0,0.948917,18.884441,True
KVAL004,240,8.301833,RShoulder,0.0,0.0,0.0,0.0,0.0,28.467516,True
KVAL004,0,0.301866,RElbow,0.451008,-0.1758,0.20397,-0.3618,6.769811,0.102369,False
KVAL004,1,0.335166,RElbow,0.225348,-0.08793,0.10188,-0.18075,6.76715,50.848683,False
KVAL004,2,0.3685,RElbow,0.000157,-1.5e-05,-4.5e-05,0.00015,3.379903,101.53564,False
KVAL004,3,0.401833,RElbow,6.2e-05,1.5e-05,6e-05,0.0,0.002261,50.691828,False
KVAL004,4,0.435177,RElbow,5.4e-05,-3e-05,-4.5e-05,0.0,0.001714,38.038162,False
KVAL004,5,0.4685,RElbow,5.4e-05,-3e-05,-4.5e-05,0.0,2.537843,38.994256,False
KVAL004,6,0.501833,RElbow,0.169192,-0.083085,0.047565,-0.1395,2.599515,75.220108,False
KVAL004,7,0.535166,RElbow,0.173303,-0.08409,0.04719,-0.144,2.476945,77.994344,False
KVAL004,8,0.568511,RElbow,0.004657,-0.001065,-0.000555,-0.0045,2.600109,36.243089,False
KVAL004,9,0.601844,RElbow,0.00028,-7.5e-05,-0.00027,0.0,0.069663,39.010144,False
KVAL004,10,0.635177,RElbow,9.1e-05,-1.5e-05,-9e-05,0.0,0.004203,1.084174,False
KVAL004,11,0.6685,RElbow,0.0,0.0,0.0,0.0,0.003412,0.126551,False
KVAL004,12,0.701844,RElbow,0.000302,-6e-05,-0.000255,-0.00015,0.004528,0.11851,False
KVAL004,13,0.735177,RElbow,0.000302,-6e-05,-0.000255,-0.00015,0.004528,0.135841,False
KVAL004,14,0.768511,RElbow,0.0,0.0,0.0,0.0,0.004528,0.067921,False
KVAL004,15,0.801833,RElbow,0.0,0.0,0.0,0.0,0.0,0.067921,False
KVAL004,16,0.835177,RElbow,0.0,0.0,0.0,0.0,0.0,0.0,False
KVAL004,17,0.868511,RElbow,0.0,0.0,0.0,0.0,0.0,0.0,False
KVAL004,18,0.901844,RElbow,0.0,0.0,0.0,0.0,0.0,20.938155,False
KVAL004,19,0.935177,RElbow,0.0,0.0,0.0,0.0,1.395877,20.938155,False
KVAL004,20,0.968522,RElbow,0.093058,-0.02073,-0.090075,-0.0108,1.395877,41.883596,False
KVAL004,21,1.001833,RElbow,0.093058,-0.02073,-0.090075,-0.0108,1.396363,41.883596,False
KVAL004,22,1.035177,RElbow,3.4e-05,1.5e-05,3e-05,0.0,1.396363,18.260147,False
KVAL004,23,1.0685,RElbow,3.4e-05,1.5e-05,3e-05,0.0,0.191265,21.919808,False
KVAL004,24,1.101833,RElbow,0.012784,0.006705,0.01068,0.0021,0.091762,9.32777,False
KVAL004,25,1.135166,RElbow,0.006101,0.003,-0.00474,-0.0024,0.432962,2.744597,False
KVAL004,26,1.1685,RElbow,0.016485,-0.003705,-0.01542,-0.0045,0.101755,23.938397,False
KVAL004,27,1.201844,RElbow,0.004278,0.003225,0.002025,-0.00195,1.373534,46.233032,False
KVAL004,28,1.235177,RElbow,0.085353,-0.04212,0.052335,-0.05265,3.093822,97.459378,False
KVAL004,29,1.2685,RElbow,0.205898,0.08463,0.01371,0.1872,5.284336,324.913515,False
KVAL004,30,1.301844,RElbow,0.274839,0.13509,-0.05031,0.234,21.900297,507.701527,False
KVAL004,31,1.335177,RElbow,1.50039,-1.134015,-0.207375,0.9603,35.142217,531.270904,False
KVAL004,32,1.368522,RElbow,2.444697,-1.41339,-0.692085,1.8708,20.912976,900.465228,True
KVAL004,33,1.401833,RElbow,1.698129,-0.223035,-1.249335,1.1283,26.573275,614.377679,True
KVAL004,34,1.435177,RElbow,1.366877,0.22695,-0.333285,1.30605,24.422277,416.802542,True
KVAL004,35,1.468511,RElbow,1.181463,0.04404,0.35676,1.12545,10.78847,397.496287,True
KVAL004,36,1.501844,RElbow,0.864803,0.02427,0.18054,0.8454,8.053704,416.141923,False
KVAL004,37,1.535177,RElbow,0.72735,0.238575,0.26691,0.63315,31.026434,233.301526,True
KVAL004,38,1.568511,RElbow,1.243082,0.428355,-0.120585,-1.1607,22.718616,627.704224,False
KVAL004,39,1.601833,RElbow,0.870167,0.227535,-0.118785,-0.83145,11.133925,266.943396,False
KVAL004,40,1.635177,RElbow,0.527671,0.164085,-0.1767,-0.46935,7.737269,250.921367,False
KVAL004,41,1.668511,RElbow,1.267382,0.26031,-0.550815,-1.11135,8.673575,291.855894,False
KVAL004,42,1.701844,RElbow,1.023593,0.017175,-0.612345,-0.82005,12.778029,260.549097,False
KVAL004,43,1.735166,RElbow,0.433996,0.0396,-0.26883,-0.3384,10.507072,222.274824,False
KVAL004,44,1.768511,RElbow,0.605496,-0.38817,-0.209895,-0.4146,4.660789,295.847896,False
KVAL004,45,1.801844,RElbow,0.620184,-0.220245,-0.278475,-0.5085,13.6512,331.791633,False
KVAL004,46,1.835177,RElbow,0.51119,0.475155,-0.1278,-0.1386,17.530477,113.073491,False
KVAL004,47,1.868511,RElbow,0.798641,0.797145,-0.04566,0.0174,9.124666,294.060705,False
KVAL004,48,1.901844,RElbow,0.916791,0.87159,0.082455,0.2721,6.396215,197.950217,False
KVAL004,49,1.935177,RElbow,0.624513,0.53154,0.130155,0.3009,5.537885,111.293014,False
KVAL004,50,1.968511,RElbow,0.591469,0.508635,0.149325,0.26235,1.591678,62.743633,False
KVAL004,51,2.001844,RElbow,0.710422,0.631005,0.162525,0.28305,2.590858,188.410782,False
KVAL004,52,2.035188,RElbow,0.423418,0.37998,0.09684,0.15975,11.228698,99.711877,False
KVAL004,53,2.068511,RElbow,0.057656,-0.0132,-0.03822,-0.0411,9.179494,164.301456,False
KVAL004,54,2.101844,RElbow,0.194986,-0.140265,-0.0705,-0.11565,0.744244,160.276757,False
KVAL004,55,2.135177,RElbow,0.065138,-0.044835,-0.000495,-0.04725,1.530962,27.647091,False
KVAL004,56,2.168522,RElbow,0.093858,-0.064575,-0.027645,-0.06225,1.614927,42.065404,False
KVAL004,57,2.201844,RElbow,0.070408,0.03612,0.05967,-0.0096,4.264854,18.363808,False
KVAL004,58,2.235177,RElbow,0.20173,0.11991,0.15054,0.06045,0.793052,624.198489,False
KVAL004,59,2.268511,RElbow,0.096543,0.05313,0.07038,0.0393,42.552093,658.741899,False
KVAL004,60,2.301844,RElbow,2.921246,1.565175,1.33593,-2.07345,43.572584,1270.914347,False
KVAL004,61,2.335177,RElbow,2.935562,1.55706,1.337445,-2.09865,42.260442,1292.702267,False
KVAL004,62,2.368522,RElbow,0.152154,-0.035325,0.077145,-0.1263,42.662509,613.551334,False
KVAL004,63,2.401844,RElbow,0.148597,-0.014955,-0.00846,-0.1476,2.727715,528.273797,False
KVAL004,64,2.435177,RElbow,0.084307,0.02136,-0.07179,-0.0387,17.022401,119.668782,False
KVAL004,65,2.468511,RElbow,1.008204,0.34884,-0.44523,0.8346,9.825032,587.061579,False
KVAL004,66,2.501844,RElbow,0.655427,0.339315,-0.22848,0.5121,22.141222,315.823267,False
KVAL004,67,2.535177,RElbow,0.488783,-0.02094,0.14868,-0.46515,11.245806,450.563532,False
KVAL004,68,2.568511,RElbow,0.172644,-0.010035,-0.101835,-0.13905,8.508164,192.847089,False
KVAL004,69,2.601844,RElbow,0.27545,-0.008925,-0.26442,-0.07665,5.832427,123.080885,False
KVAL004,70,2.635188,RElbow,0.5207,-0.045585,-0.48702,-0.1785,3.819475,85.188614,False
KVAL004,71,2.668511,RElbow,0.524133,-0.071505,-0.48183,-0.1935,0.626144,56.072339,False
KVAL004,72,2.701855,RElbow,0.543394,-0.03804,-0.49605,-0.21855,1.00474,29.274507,False
KVAL004,73,2.735166,RElbow,0.548231,-0.011895,-0.504705,-0.21375,1.452277,45.777336,False
KVAL004,74,2.7685,RElbow,0.454166,-0.01215,-0.42603,-0.1569,2.489967,20.435634,False
KVAL004,75,2.801844,RElbow,0.385151,-0.006495,-0.3639,-0.126,2.349246,17.92107,False
KVAL004,76,2.835177,RElbow,0.299402,-0.02046,-0.27477,-0.11715,3.045487,6.486586,False
KVAL004,77,2.8685,RElbow,0.188171,-0.01842,-0.16455,-0.0894,2.430978,32.494685,False
KVAL004,78,2.901844,RElbow,0.137822,-0.005235,-0.1236,-0.06075,1.033204,19.052534,False
KVAL004,79,2.935166,RElbow,0.121371,0.001515,-0.105915,-0.05925,3.62417,81.37405,False
KVAL004,80,2.9685,RElbow,0.103968,-0.001665,0.090585,0.051,6.329557,44.001434,False
KVAL004,81,3.001833,RElbow,0.30308,-0.06915,0.270705,0.11745,1.19928,197.695754,False
KVAL004,82,3.035177,RElbow,0.170695,-0.03678,0.118575,0.11715,7.232492,110.784648,False
KVAL004,83,3.068511,RElbow,0.242152,0.08466,-0.186105,0.12975,6.660028,143.966938,False
KVAL004,84,3.101844,RElbow,0.326986,0.106335,-0.299715,0.07605,2.717989,193.592632,False
KVAL004,85,3.135177,RElbow,0.062027,0.02445,-0.051495,0.02445,6.384386,161.270117,False
KVAL004,86,3.168511,RElbow,0.099593,-0.035445,0.092745,-0.0078,13.332948,93.721783,False
KVAL004,87,3.201833,RElbow,0.833369,-0.387885,0.417885,-0.6078,11.145872,549.809546,False
KVAL004,88,3.235177,RElbow,0.834731,-0.55797,0.620775,0.00915,26.885148,246.503672,False
KVAL004,89,3.268511,RElbow,1.414606,-0.543615,0.579345,1.17045,12.21583,604.552465,False
KVAL004,90,3.301855,RElbow,1.165807,-0.56763,0.59937,0.8232,13.822549,364.03489,False
KVAL004,91,3.335166,RElbow,0.531602,-0.273075,0.314535,0.3303,13.860889,162.536172,False
KVAL004,92,3.3685,RElbow,0.246969,-0.130995,0.15504,0.1407,3.429516,204.170916,False
KVAL004,93,3.401844,RElbow,0.30636,-0.13851,0.20307,0.18285,0.263367,20.88491,False
KVAL004,94,3.435177,RElbow,0.229518,-0.120525,0.143835,0.13215,4.059367,33.878692,False
KVAL004,95,3.4685,RElbow,0.049166,-0.044595,0.00996,0.01815,2.520597,73.100993,False
KVAL004,96,3.501844,RElbow,0.061634,-0.02916,0.039555,0.0372,0.897419,28.250795,False
KVAL004,97,3.535177,RElbow,0.087123,-0.0378,0.05889,0.0519,0.658094,221.121983,False
KVAL004,98,3.568511,RElbow,0.019486,-0.011715,0.01449,0.0057,13.948858,145.917886,False
KVAL004,99,3.601833,RElbow,0.843367,0.314745,-0.63987,-0.4503,10.366582,454.273717,False
KVAL004,100,3.635177,RElbow,0.672672,0.26622,-0.49239,-0.37305,16.342248,340.029177,False
KVAL004,101,3.6685,RElbow,0.24772,-0.074445,0.20703,0.11385,12.304124,285.376822,False
KVAL004,102,3.701844,RElbow,0.148436,-0.04305,0.11607,0.0819,2.702506,323.114531,False
KVAL004,103,3.735166,RElbow,0.068011,-0.01983,0.053475,0.03705,10.93501,55.472675,False
KVAL004,104,3.768511,RElbow,0.62019,-0.311895,-0.46509,-0.26655,4.288187,420.687439,False
KVAL004,105,3.801844,RElbow,0.26422,-0.11403,-0.20013,0.12945,17.252261,161.242882,False
KVAL004,106,3.835188,RElbow,0.556477,0.21075,0.29076,0.4251,6.948978,297.651464,False
KVAL004,107,3.868511,RElbow,0.3323,0.092835,0.1959,0.25185,2.807461,97.822853,False
KVAL004,108,3.901855,RElbow,0.392538,0.077625,0.23031,0.30825,5.970642,132.396007,False
KVAL004,109,3.935166,RElbow,0.692928,-0.04731,0.406455,0.5592,7.09307,179.250687,False
KVAL004,110,3.9685,RElbow,0.843292,-0.041625,0.492105,0.68355,6.08596,260.200447,False
KVAL004,111,4.001844,RElbow,0.287621,-0.009225,0.173715,0.22905,10.369436,92.083084,False
KVAL004,112,4.035177,RElbow,0.155038,-0.02736,0.104085,0.1116,0.458788,113.410023,False
KVAL004,113,4.068522,RElbow,0.290096,-0.038655,0.1803,0.22395,3.308484,156.638587,False
KVAL004,114,4.101855,RElbow,0.121767,-0.108675,-0.049035,-0.02475,10.200897,2447.55833,False
KVAL004,115,4.1352,RElbow,0.474963,0.22089,-0.419055,0.0345,164.593224,2415.675512,False
KVAL004,116,4.168533,RElbow,11.047022,-4.69302,-8.79753,4.7556,164.894853,5061.926159,False
KVAL004,117,4.201844,RElbow,11.248579,-4.56312,-9.056505,4.86705,173.045198,7779.211511,True
KVAL004,118,4.235188,RElbow,0.845042,0.12369,0.73587,0.3966,355.162895,566.42757,True
KVAL004,119,4.268511,RElbow,12.59343,2.41548,11.28933,-5.031,166.670513,8150.448941,False
KVAL004,120,4.301844,RElbow,11.579726,2.7267,10.0149,-5.1339,188.960304,5112.24034,False
KVAL004,121,4.335177,RElbow,0.004649,-0.001725,-0.004275,-0.0006,174.293567,2851.057379,False
KVAL004,122,4.368522,RElbow,0.086027,-0.07281,-0.002505,0.04575,3.086939,2172.318364,False
KVAL004,123,4.401844,RElbow,0.204144,-0.149535,0.1302,0.0486,33.126998,518.002479,False
KVAL004,124,4.435177,RElbow,2.275215,-1.4325,-1.463175,0.9918,34.32434,986.852832,False
KVAL004,125,4.4685,RElbow,2.296511,-1.33137,-1.59159,0.984,32.738033,985.960077,True
KVAL004,126,4.501833,RElbow,0.229909,-0.183675,-0.062895,-0.12315,31.652434,437.205012,False
KVAL004,127,4.535166,RElbow,0.423547,-0.3444,-0.148095,-0.1971,8.403928,415.530119,False
KVAL004,128,4.568511,RElbow,0.39687,0.375885,-0.07878,-0.10005,14.872252,189.661283,False
KVAL004,129,4.601833,RElbow,0.61059,0.60804,0.05472,-0.01065,4.846993,344.236493,False
KVAL004,130,4.635177,RElbow,0.135553,0.114225,0.071235,0.0159,8.307811,66.037866,False
KVAL004,131,4.6685,RElbow,0.071421,0.0546,0.04524,0.00855,0.972084,111.313118,False
KVAL004,132,4.701844,RElbow,0.072539,0.054495,0.046935,0.00945,1.192689,24.020689,False
KVAL004,133,4.735166,RElbow,0.008115,-0.0066,-0.004635,-0.0009,2.503344,3.607465,False
KVAL004,134,4.768511,RElbow,0.094384,-0.073275,-0.05814,-0.0126,0.952629,41.556927,False
KVAL004,135,4.801833,RElbow,0.071603,-0.05535,-0.044775,-0.00765,0.271416,17.859353,False
KVAL004,136,4.835177,RElbow,0.076747,-0.061755,-0.0447,-0.00885,0.255795,12.850448,False
KVAL004,137,4.8685,RElbow,0.056553,-0.04758,-0.029595,-0.00765,1.120067,19.607062,False
KVAL004,138,4.901844,RElbow,0.004444,-0.003825,0.001815,-0.00135,1.069924,44.441415,False
KVAL004,139,4.935166,RElbow,0.127002,-0.09753,-0.076995,-0.02625,1.857399,41.103328,False
KVAL004,140,4.968511,RElbow,0.125733,-0.08982,-0.08001,-0.0366,1.681042,60.640777,False
KVAL004,141,5.001844,RElbow,0.017573,-0.00684,-0.013455,-0.009,2.187555,17.792363,False
KVAL004,142,5.035177,RElbow,0.021544,0.01149,0.012075,0.01365,0.555797,38.724327,False
KVAL004,143,5.068511,RElbow,0.020182,0.013545,0.01401,0.00525,0.407659,13.862905,False
KVAL004,144,5.101855,RElbow,0.005826,-0.0036,-0.00399,-0.00225,0.379457,4.372683,False
KVAL004,145,5.135166,RElbow,0.005984,-0.004845,-0.003015,0.0018,0.365669,6.690408,False
KVAL004,146,5.1685,RElbow,0.029453,-0.024285,-0.016665,0.00015,0.074211,35.974766,False
KVAL004,147,5.201833,RElbow,0.00204,-0.001935,0.00063,0.00015,2.038751,26.368658,False
KVAL004,148,5.235177,RElbow,0.106627,0.082425,0.06708,0.0087,1.820345,41.323164,False
KVAL004,149,5.268511,RElbow,0.120397,0.08676,0.08004,0.0237,0.768004,47.634139,False
KVAL004,150,5.301844,RElbow,0.064794,0.037275,0.0477,0.0231,1.361575,17.951984,False
KVAL004,151,5.335166,RElbow,0.033138,0.01314,0.02952,0.00735,0.473542,53.6083,False
KVAL004,152,5.3685,RElbow,0.089285,0.053205,0.071115,0.00915,2.220528,7.571532,False
KVAL004,153,5.401833,RElbow,0.178245,0.12591,0.12465,0.0195,0.312486,73.82541,False
KVAL004,154,5.435166,RElbow,0.097874,0.072945,0.0645,0.0099,2.70521,25.029967,False
KVAL004,155,5.468511,RElbow,0.006669,-0.00357,0.001605,-0.0054,1.493598,38.720897,False
KVAL004,156,5.501844,RElbow,0.002191,-0.00033,-0.002145,-0.0003,0.278699,18.546702,False
KVAL004,157,5.535166,RElbow,0.015014,-0.00456,-0.012915,0.00615,0.258428,12.58401,False
KVAL004,158,5.5685,RElbow,0.019001,-0.01275,-0.01362,-0.0036,0.841953,4.544411,False
KVAL004,159,5.601833,RElbow,0.064862,-0.04497,-0.04275,-0.0189,0.561382,33.93215,False
KVAL004,160,5.635177,RElbow,0.05639,-0.039855,-0.038445,-0.01065,1.434862,29.246575,False
KVAL004,161,5.6685,RElbow,0.030935,0.01941,0.02289,0.0075,1.390803,15.283264,False
KVAL004,162,5.701833,RElbow,0.036843,0.01989,0.029895,0.00825,0.437338,19.174131,False
KVAL004,163,5.735166,RElbow,0.059813,0.03579,0.04689,0.0099,0.168667,25.482089,False
KVAL004,164,5.768511,RElbow,0.0448,0.02919,0.033825,0.0033,1.268404,11.07124,False
KVAL004,165,5.801844,RElbow,0.025906,-0.017235,-0.015285,-0.01185,0.603068,53.068631,False
KVAL004,166,5.835177,RElbow,0.009308,-0.000615,0.00804,-0.00465,2.27103,38.916553,False
KVAL004,167,5.868511,RElbow,0.126984,0.07377,0.101295,0.02055,2.004476,55.200901,False
KVAL004,168,5.901844,RElbow,0.139026,0.074955,0.11508,0.0216,1.411965,61.156274,False
KVAL004,169,5.935166,RElbow,0.034411,0.012195,0.031695,0.00555,2.073982,14.585451,False
KVAL004,170,5.968511,RElbow,0.000964,0.000345,0.00078,-0.00045,0.465821,23.189787,False
KVAL004,171,6.001844,RElbow,0.004556,-0.00093,0.004335,-0.00105,0.536511,2.12625,False
KVAL004,172,6.035188,RElbow,0.034994,-0.022905,-0.02625,-0.0033,0.557985,18.293458,False
KVAL004,173,6.0685,RElbow,0.034109,-0.019815,-0.027705,-0.0018,0.690709,14.839077,False
KVAL004,174,6.101844,RElbow,0.014071,0.001545,0.01083,0.00885,0.442983,16.016528,False
KVAL004,175,6.135166,RElbow,0.011439,-0.009105,-0.001545,0.00675,0.382368,24.255554,False
KVAL004,176,6.168511,RElbow,0.013274,-0.008625,-0.0099,-0.00195,1.176226,28.87396,False
KVAL004,177,6.201844,RElbow,0.081938,-0.04296,-0.066345,-0.0216,2.294364,22.838761,False
KVAL004,178,6.235177,RElbow,0.165948,-0.10098,-0.11907,-0.05625,1.926061,60.737711,False
KVAL004,179,6.2685,RElbow,0.190513,-0.14289,-0.07419,-0.10185,1.852481,84.465187,False
KVAL004,180,6.301844,RElbow,0.07413,-0.05685,-0.004065,-0.0474,3.812936,21.346694,False
KVAL004,181,6.335177,RElbow,0.065618,0.04743,0.039195,0.0228,2.315078,44.610416,False
KVAL004,182,6.368511,RElbow,0.098208,0.0579,0.077805,0.01545,1.279273,39.51418,False
KVAL004,183,6.401844,RElbow,0.145778,0.08028,0.11733,0.03225,0.35725,51.8628,False
KVAL004,184,6.435188,RElbow,0.076149,0.039525,0.06276,0.01725,2.203927,23.053517,False
KVAL004,185,6.468511,RElbow,0.003763,-0.002415,0.00102,-0.0027,1.85509,22.76929,False
KVAL004,186,6.501855,RElbow,0.047549,-0.026205,-0.03846,-0.00975,0.694276,52.860753,False
KVAL004,187,6.535166,RElbow,0.047159,-0.02568,-0.038445,-0.0093,1.669309,45.416546,False
KVAL004,188,6.5685,RElbow,0.063787,0.03441,0.051015,0.0168,2.336725,4.702132,False
KVAL004,189,6.601844,RElbow,0.108673,0.058635,0.08733,0.0273,1.364557,18.411395,False
KVAL004,190,6.635177,RElbow,0.154748,0.08292,0.123465,0.04275,1.119826,42.471594,False
KVAL004,191,6.6685,RElbow,0.183177,0.09723,0.14631,0.0519,1.467855,62.564178,False
KVAL004,192,6.701833,RElbow,0.057147,0.02787,0.04611,0.01905,3.052386,7.794521,False
KVAL004,193,6.735166,RElbow,0.020407,-0.01242,-0.015465,-0.0048,1.950031,21.516832,False
KVAL004,194,6.768511,RElbow,0.07287,-0.0348,-0.05994,-0.0225,1.684411,20.493769,False
KVAL004,195,6.801844,RElbow,0.132141,-0.057045,-0.116025,-0.0273,0.606476,25.282277,False
KVAL004,196,6.835177,RElbow,0.112702,-0.050595,-0.096765,-0.0279,0.916343,19.166928,False
KVAL004,197,6.868511,RElbow,0.161155,-0.08871,-0.10887,-0.07905,1.602103,33.079316,False
KVAL004,198,6.901855,RElbow,0.20627,-0.112455,-0.137505,-0.10485,1.564068,63.480907,False
KVAL004,199,6.935177,RElbow,0.058026,-0.034005,-0.032265,-0.0342,2.717538,25.039074,False
KVAL004,200,6.968511,RElbow,0.02764,-0.01773,-0.009,-0.0192,0.180982,27.929949,False
KVAL004,201,7.001844,RElbow,0.06294,-0.034305,-0.043515,-0.02985,1.948862,116.673697,False
KVAL004,202,7.035188,RElbow,0.104161,0.04656,0.00216,0.09315,7.913917,228.200078,False
KVAL004,203,7.0685,RElbow,0.529155,-0.0909,-0.289965,0.4332,16.068612,211.852058,False
KVAL004,204,7.101844,RElbow,1.13296,-0.22395,-0.62946,0.915,21.760173,223.840405,True
KVAL004,205,7.135166,RElbow,1.961724,-0.31482,-0.686145,1.81065,13.321807,645.159995,True
KVAL004,206,7.168511,RElbow,1.789335,0.286455,-0.652155,1.64145,22.454483,559.190343,True
KVAL004,207,7.201844,RElbow,0.9081,0.55485,-0.28284,0.6609,25.119736,338.766648,True
KVAL004,208,7.235177,RElbow,0.159654,0.016125,-0.142995,0.06915,15.079311,439.13684,True
KVAL004,209,7.2685,RElbow,0.112424,-0.02727,-0.00192,-0.10905,14.718739,328.89,True
KVAL004,210,7.301833,RElbow,0.889668,-0.41637,0.66549,0.41865,14.023829,416.420524,True
KVAL004,211,7.335166,RElbow,0.885105,-0.024165,0.81282,0.3495,15.450921,398.775627,True
KVAL004,212,7.3685,RElbow,0.664625,0.39927,0.497145,-0.1875,12.893249,314.536949,True
KVAL004,213,7.401844,RElbow,0.359098,0.041655,0.22647,-0.27555,9.274845,192.333529,True
KVAL004,214,7.435177,RElbow,0.1734,0.000435,0.024915,-0.1716,6.854756,82.917759,True
KVAL004,215,7.4685,RElbow,0.313467,-0.244035,-0.111645,-0.162,5.535389,169.011013,True
KVAL004,216,7.501844,RElbow,0.287365,-0.174675,-0.22542,0.0354,8.24471,137.079897,True
KVAL004,217,7.535177,RElbow,0.33491,0.1095,-0.19287,0.25095,4.001225,225.615913,True
KVAL004,218,7.568522,RElbow,0.037672,-0.011445,-0.01446,0.03285,7.165096,56.257082,True
KVAL004,219,7.601833,RElbow,0.148238,-0.08235,0.05103,-0.1122,0.56175,140.182173,True
KVAL004,220,7.635177,RElbow,0.000476,0.00033,-0.000165,0.0003,2.224143,35.026396,True
KVAL004,221,7.6685,RElbow,6.2e-05,6e-05,-1.5e-05,0.0,1.933957,4.449638,True
KVAL004,222,7.701833,RElbow,0.129395,0.06795,-0.047595,0.0993,1.93981,58.123151,True
KVAL004,223,7.735177,RElbow,0.129358,0.06789,-0.04758,0.0993,1.94092,58.202612,True
KVAL004,224,7.768511,RElbow,0.0,0.0,0.0,0.0,1.940365,29.086662,True
KVAL004,225,7.801844,RElbow,0.0,0.0,0.0,0.0,0.002261,13.012351,True
KVAL004,226,7.835188,RElbow,0.000151,0.0,1.5e-05,-0.00015,1.629662,24.349707,True
KVAL004,227,7.868511,RElbow,0.108644,-0.03657,-0.000945,-0.1023,1.625429,48.88986,True
KVAL004,228,7.901855,RElbow,0.108503,-0.03657,-0.00096,-0.10215,1.629662,39.298918,True
KVAL004,229,7.935166,RElbow,0.0,0.0,0.0,0.0,1.191765,38.013415,True
KVAL004,230,7.9685,RElbow,0.074931,-0.05274,0.03948,-0.0357,1.124961,24.739715,True
KVAL004,231,8.001833,RElbow,0.074997,-0.05271,0.03951,-0.03585,1.122976,31.465589,True
KVAL004,232,8.035177,RElbow,0.000156,3e-05,3e-05,-0.00015,1.113865,23.620112,True
KVAL004,233,8.0685,RElbow,0.052158,0.021225,0.0327,-0.03465,0.753025,23.965144,True
KVAL004,234,8.101833,RElbow,0.050335,0.01905,0.03081,-0.03495,0.811103,24.210154,True
KVAL004,235,8.135166,RElbow,0.002897,-0.002175,-0.00189,-0.0003,1.192472,18.58512,True
KVAL004,236,8.168511,RElbow,0.078165,-0.05931,0.04239,-0.0282,1.309763,56.167288,True
KVAL004,237,8.201844,RElbow,0.086408,0.00198,0.02412,0.08295,2.907862,39.113264,True
KVAL004,238,8.235177,RElbow,0.128071,0.06123,-0.018225,0.111,1.298118,71.808537,True
KVAL004,239,8.2685,RElbow,0.000168,-6e-05,4.5e-05,-0.00015,1.92107,19.531641,True
KVAL004,240,8.301833,RElbow,0.0,0.0,0.0,0.0,0.005031,57.780686,True
KVAL004,0,0.301866,RWrist,0.447496,0.07383,0.08136,0.4338,6.718552,0.133814,True
KVAL004,1,0.335166,RWrist,0.223545,0.03696,0.04032,0.21675,6.715746,50.477301,True
KVAL004,2,0.3685,RWrist,0.000492,6e-05,-0.000465,-0.00015,3.35342,100.782742,True
KVAL004,3,0.401833,RWrist,0.000106,1.5e-05,-0.000105,0.0,0.006332,50.301967,True
KVAL004,4,0.435177,RWrist,7.5e-05,0.0,-7.5e-05,0.0,0.000503,16.193328,True
KVAL004,5,0.4685,RWrist,7.5e-05,0.0,-7.5e-05,0.0,1.081952,16.113548,True
KVAL004,6,0.501833,RWrist,0.07213,-0.024615,-0.000195,0.0678,1.074318,32.573789,True
KVAL004,7,0.535166,RWrist,0.071621,-0.024765,0.0006,0.0672,1.08968,32.228233,True
KVAL004,8,0.568511,RWrist,0.00101,-0.000165,0.000795,-0.0006,1.074231,16.463402,True
KVAL004,9,0.601844,RWrist,1.5e-05,-1.5e-05,0.0,0.0,0.015144,16.112294,True
KVAL004,10,0.635177,RWrist,0.0,0.0,0.0,0.0,0.000225,0.227155,True
KVAL004,11,0.6685,RWrist,0.0,0.0,0.0,0.0,0.0,0.003375,True
KVAL004,12,0.701844,RWrist,0.0,0.0,0.0,0.0,0.0,0.0,True
KVAL004,13,0.735177,RWrist,0.0,0.0,0.0,0.0,0.0,0.0,True
KVAL004,14,0.768511,RWrist,0.0,0.0,0.0,0.0,0.0,0.0,True
KVAL004,15,0.801833,RWrist,0.0,0.0,0.0,0.0,0.0,0.0,True
KVAL004,16,0.835177,RWrist,0.0,0.0,0.0,0.0,0.0,0.0,True
KVAL004,17,0.868511,RWrist,0.0,0.0,0.0,0.0,0.0,0.0,True
KVAL004,18,0.901844,RWrist,0.0,0.0,0.0,0.0,0.0,0.642749,True
KVAL004,19,0.935177,RWrist,0.0,0.0,0.0,0.0,0.04285,0.642749,True
KVAL004,20,0.968522,RWrist,0.002857,-0.000525,-0.00168,-0.00225,0.04285,1.285498,True
KVAL004,21,1.001833,RWrist,0.002857,-0.000525,-0.00168,-0.00225,0.04285,1.285498,True
KVAL004,22,1.035177,RWrist,0.0,0.0,0.0,0.0,0.04285,1.241266,True
KVAL004,23,1.0685,RWrist,0.0,0.0,0.0,0.0,0.05186,1.419331,True
KVAL004,24,1.101833,RWrist,0.003457,0.002025,-0.0027,-0.00075,0.064198,1.371447,True
KVAL004,25,1.135166,RWrist,0.00428,0.002475,-0.00333,-0.00105,0.039596,0.86338,True
KVAL004,26,1.1685,RWrist,0.00083,0.00045,-0.00063,-0.0003,0.032687,33.463377,True
KVAL004,27,1.201844,RWrist,0.005604,0.001785,-0.004575,-0.0027,2.198379,21.026562,True
KVAL004,28,1.235177,RWrist,0.147249,0.00438,-0.144,-0.03045,1.399783,101.182154,True
KVAL004,29,1.2685,RWrist,0.095067,0.0798,0.01986,-0.0477,4.612675,46.010434,True
KVAL004,30,1.301844,RWrist,0.172441,0.073605,0.15522,-0.015,1.746822,119.94563,True
KVAL004,31,1.335177,RWrist,0.057096,-0.007605,-0.052425,-0.0213,3.59054,58.167616,True
KVAL004,32,1.368522,RWrist,0.136166,0.006285,-0.04446,-0.12855,2.490579,95.032808,True
KVAL004,33,1.401833,RWrist,0.123626,0.089205,0.043095,0.07395,3.251595,104.564504,True
KVAL004,34,1.435177,RWrist,0.080812,0.003465,0.025365,0.07665,4.626619,63.550747,True
KVAL004,35,1.468511,RWrist,0.197549,-0.05637,-0.03912,-0.18525,1.520105,124.869205,True
KVAL004,36,1.501844,RWrist,0.091541,-0.013125,-0.07218,0.05475,4.034259,63.439074,True
KVAL004,37,1.535177,RWrist,0.105517,-0.06285,-0.018105,0.0828,3.372798,112.356715,True
KVAL004,38,1.568511,RWrist,0.145642,-0.058065,0.069105,-0.1143,3.651622,107.388121,True
KVAL004,39,1.601833,RWrist,0.142701,0.03519,0.016965,-0.13725,4.61304,77.992114,True
KVAL004,40,1.635177,RWrist,0.235913,0.190005,-0.110415,-0.0858,2.680923,113.012242,True
KVAL004,41,1.668511,RWrist,0.180607,0.09573,-0.136725,-0.069,3.707988,73.631874,True
KVAL004,42,1.701844,RWrist,0.101815,0.007515,-0.06795,0.07545,3.687997,79.596905,True
KVAL004,43,1.735166,RWrist,0.146052,0.040245,-0.0183,0.1392,2.221576,188.635278,True
KVAL004,44,1.768511,RWrist,0.218125,0.071475,-0.19944,0.0519,8.89493,177.107992,True
KVAL004,45,1.801844,RWrist,0.502368,0.20031,-0.269925,-0.37335,11.91091,113.857491,True
KVAL004,46,1.835177,RWrist,0.764869,0.1836,-0.129645,-0.7311,3.951399,239.687668,True
KVAL004,47,1.868511,RWrist,0.642201,0.12696,-0.17049,-0.606,4.201017,146.845609,True
KVAL004,48,1.901844,RWrist,0.484924,0.110235,-0.080595,-0.4653,7.128052,33.99244,True
KVAL004,49,1.935177,RWrist,0.211192,0.03849,0.05865,-0.1992,6.192011,89.679831,True
KVAL004,50,1.968511,RWrist,0.118436,0.040185,0.069405,-0.08715,1.194491,98.208051,True
KVAL004,51,2.001844,RWrist,0.170812,0.043425,0.100125,-0.1314,1.713174,21.575392,True
KVAL004,52,2.035188,RWrist,0.220394,0.02178,0.16923,-0.1395,0.346626,63.416609,True
KVAL004,53,2.068511,RWrist,0.188392,0.05826,0.09933,-0.1491,2.565133,35.928691,True
KVAL004,54,2.101844,RWrist,0.129405,0.06855,0.0075,-0.1095,2.119961,69.491293,True
KVAL004,55,2.135177,RWrist,0.057873,0.036585,0.03816,-0.02355,2.502792,37.881195,True
KVAL004,56,2.168522,RWrist,0.132693,0.02049,0.13086,-0.00795,1.670583,67.357274,True
KVAL004,57,2.201844,RWrist,0.145221,0.056835,0.127635,0.0396,5.940514,81.189838,True
KVAL004,58,2.235177,RWrist,0.428608,0.01314,0.191145,0.3834,6.374412,230.485266,True
KVAL004,59,2.268511,RWrist,0.494861,-0.045315,0.21747,0.4422,9.675755,283.420454,True
KVAL004,60,2.301844,RWrist,0.219147,-0.03498,-0.123315,-0.17775,12.76046,174.47346,True
KVAL004,61,2.335177,RWrist,0.357839,0.00279,-0.19248,-0.30165,2.081607,257.962504,True
KVAL004,62,2.368522,RWrist,0.099528,0.02535,-0.072105,-0.06375,4.446729,21.97724,True
KVAL004,63,2.401844,RWrist,0.062925,0.00714,-0.04212,-0.0462,1.489433,53.320866,True
KVAL004,64,2.435177,RWrist,0.007801,0.006765,0.00336,-0.00195,2.107074,40.178503,True
KVAL004,65,2.468511,RWrist,0.114498,-0.084945,-0.04827,0.0597,2.546278,76.396657,True
KVAL004,66,2.501844,RWrist,0.16369,-0.161115,0.02136,-0.0195,3.232476,129.368112,True
KVAL004,67,2.535177,RWrist,0.134399,-0.02718,0.06312,-0.1155,7.703192,49.570458,True
KVAL004,68,2.568511,RWrist,0.506419,0.00126,0.00426,-0.5064,3.440781,280.634574,True
KVAL004,69,2.601844,RWrist,0.311441,0.043455,-0.044955,-0.3051,11.512835,160.728123,True
KVAL004,70,2.635188,RWrist,0.278342,0.103665,-0.058095,0.2517,7.46081,222.762934,True
KVAL004,71,2.668511,RWrist,0.187563,-0.000285,0.044325,0.18225,5.250329,128.803557,True
KVAL004,72,2.701855,RWrist,0.243768,-0.16656,0.125565,0.12615,1.913104,135.76574,True
KVAL004,73,2.735166,RWrist,0.156204,-0.10212,0.0525,0.1059,4.132489,53.168377,True
KVAL004,74,2.7685,RWrist,0.101637,0.054975,-0.031425,0.0795,2.523088,64.962273,True
KVAL004,75,2.801844,RWrist,0.028362,0.025725,0.010935,0.0048,3.051857,35.581159,True
KVAL004,76,2.835177,RWrist,0.152112,0.06564,-0.064905,-0.1209,2.256689,91.786946,True
KVAL004,77,2.8685,RWrist,0.14229,0.002625,-0.016545,-0.1413,3.356312,85.168822,True
KVAL004,78,2.901844,RWrist,0.074289,-0.03975,0.04677,0.04185,3.482703,72.624968,True
KVAL004,79,2.935166,RWrist,0.105865,0.045405,-0.04314,0.08535,1.906588,66.355336,True
KVAL004,80,2.9685,RWrist,0.080052,0.05124,-0.041925,0.045,1.010084,50.348574,True
KVAL004,81,3.001833,RWrist,0.039915,0.011145,-0.02205,0.03135,3.105573,94.908614,True
KVAL004,82,3.035177,RWrist,0.267266,0.06117,-0.074925,0.24915,5.387266,66.717461,True
KVAL004,83,3.068511,RWrist,0.394684,0.08592,-0.05883,0.3807,1.828237,134.137449,True
KVAL004,84,3.101844,RWrist,0.202587,0.051885,0.03288,0.19305,3.6921,31.265057,True
KVAL004,85,3.135177,RWrist,0.177143,0.05685,0.047865,0.1608,0.678375,191.184955,True
KVAL004,86,3.168511,RWrist,0.167133,0.03132,0.004875,0.1641,9.20189,141.469945,True
KVAL004,87,3.201833,RWrist,0.765438,0.01086,-0.05943,0.76305,9.093664,309.38495,True
KVAL004,88,3.235177,RWrist,0.765227,-0.02373,-0.10797,0.7572,11.497913,312.854099,True
KVAL004,89,3.268511,RWrist,0.028776,-0.020775,-0.01983,-0.0018,11.768174,186.752423,True
KVAL004,90,3.301855,RWrist,0.074947,0.03132,0.067875,-0.0054,1.010557,202.141144,True
KVAL004,91,3.335166,RWrist,0.066126,-0.02145,0.000105,0.06255,2.317891,15.132015,True
KVAL004,92,3.3685,RWrist,0.097953,-0.053295,-0.03327,0.07515,1.782964,61.100764,True
KVAL004,93,3.401844,RWrist,0.184709,-0.05484,-0.012315,0.17595,1.814362,94.716257,True
KVAL004,94,3.435177,RWrist,0.049716,0.04167,0.017865,0.0204,4.545319,68.46988,True
KVAL004,95,3.4685,RWrist,0.121997,0.07074,0.00696,-0.09915,2.789047,121.069689,True
KVAL004,96,3.501844,RWrist,0.161186,-0.119775,-0.014025,0.10695,3.530368,98.2061,True
KVAL004,97,3.535177,RWrist,0.118263,-0.02727,-0.023505,0.11265,3.795505,87.645487,True
KVAL004,98,3.568511,RWrist,0.092124,0.074025,0.008655,-0.05415,2.359277,72.792983,True
KVAL004,99,3.601833,RWrist,0.042703,0.000555,-0.00984,-0.04155,1.486251,42.843076,True
KVAL004,100,3.635177,RWrist,0.085352,0.04629,-0.07164,-0.00315,0.565807,45.535186,True
KVAL004,101,3.6685,RWrist,0.02872,0.009765,-0.02562,-0.00855,2.120112,45.168656,True
KVAL004,102,3.701844,RWrist,0.086969,-0.06192,-0.00153,-0.06105,2.627609,76.402022,True
KVAL004,103,3.735166,RWrist,0.187633,-0.08874,-0.092385,-0.1371,4.30528,56.038206,True
KVAL004,104,3.768511,RWrist,0.332011,-0.01701,-0.195375,-0.2679,4.195309,115.177858,True
KVAL004,105,3.801844,RWrist,0.411396,0.029685,-0.13848,-0.38625,3.406756,167.070155,True
KVAL004,106,3.835188,RWrist,0.11706,-0.012585,-0.029805,-0.1125,7.182767,107.312035,True
KVAL004,107,3.868511,RWrist,0.157203,0.011085,-0.126915,0.0921,4.596762,270.995012,True
KVAL004,108,3.901855,RWrist,0.41593,0.01383,0.00645,-0.41565,11.344744,138.402439,True
KVAL004,109,3.935166,RWrist,0.626807,-0.088905,0.166905,-0.5976,4.798559,344.682147,True
KVAL004,110,3.9685,RWrist,0.176988,-0.12315,0.01146,-0.1266,11.696715,71.22907,True
KVAL004,111,4.001844,RWrist,0.176213,-0.072135,-0.067425,0.14595,3.829017,253.708675,True
KVAL004,112,4.035177,RWrist,0.07994,0.04062,-0.011985,0.0678,5.864937,122.675556,True
KVAL004,113,4.068522,RWrist,0.219386,0.107025,0.132315,-0.13845,4.540302,171.565013,True
KVAL004,114,4.101855,RWrist,0.22772,-0.075345,0.116925,-0.1803,8.377103,571.136855,True
KVAL004,115,4.1352,RWrist,0.565317,-0.159255,0.5157,0.16815,41.480782,597.996847,True
KVAL004,116,4.168533,RWrist,2.945525,0.56235,0.633015,-2.8212,32.784861,1838.298,True
KVAL004,117,4.201844,RWrist,1.91874,0.46935,-0.000765,-1.86045,81.29807,1369.006731,True
KVAL004,118,4.235188,RWrist,2.508133,-0.025275,-0.22602,2.4978,59.654626,1614.128504,True
KVAL004,119,4.268511,RWrist,2.074516,-0.55233,-0.368175,1.96545,28.863,1384.402114,True
KVAL004,120,4.301844,RWrist,1.005775,-0.676425,-0.283935,0.68805,32.671023,385.64556,True
KVAL004,121,4.335177,RWrist,0.127306,0.04446,-0.0552,-0.10575,15.85848,532.707211,True
KVAL004,122,4.368522,RWrist,0.088419,-0.00015,-0.028935,-0.08355,3.611107,274.024383,True
KVAL004,123,4.401844,RWrist,0.137496,-0.12822,0.01083,0.04845,2.653166,77.193368,True
KVAL004,124,4.435177,RWrist,0.115045,-0.098595,0.007545,0.0588,1.65026,65.063367,True
KVAL004,125,4.4685,RWrist,0.02962,-0.025875,0.011925,0.0081,1.755412,31.273523,True
KVAL004,126,4.501833,RWrist,0.056928,-0.03429,0.0261,-0.0372,0.494237,34.330604,True
KVAL004,127,4.535166,RWrist,0.059467,-0.058245,0.011835,0.00195,0.677165,23.600151,True
KVAL004,128,4.568511,RWrist,0.052802,-0.03333,0.040575,0.00555,1.729776,34.894977,True
KVAL004,129,4.601833,RWrist,0.15103,-0.096255,0.089745,-0.0741,1.929688,56.715681,True
KVAL004,130,4.635177,RWrist,0.165487,-0.14019,0.06135,-0.063,2.073367,65.280837,True
KVAL004,131,4.6685,RWrist,0.074065,-0.06222,0.01518,0.0372,2.585668,39.954128,True
KVAL004,132,4.701844,RWrist,0.056616,-0.025785,-0.050385,0.00135,1.32607,52.019904,True
KVAL004,133,4.735166,RWrist,0.065644,-0.04257,-0.041655,-0.0276,1.121639,27.743802,True
KVAL004,134,4.768511,RWrist,0.049079,-0.02151,0.00963,-0.04305,1.066577,40.758358,True
KVAL004,135,4.801833,RWrist,0.044503,0.00189,0.011685,-0.0429,1.763774,40.238016,True
KVAL004,136,4.835177,RWrist,0.08516,-0.04773,-0.017775,0.06825,1.766678,49.174546,True
KVAL004,137,4.8685,RWrist,0.099788,-0.098025,-0.01071,0.0153,1.568894,49.171263,True
KVAL004,138,4.901844,RWrist,0.070005,-0.061065,-0.00147,-0.0342,1.729107,27.674531,True
KVAL004,139,4.935166,RWrist,0.075359,-0.01896,0.072675,0.00615,1.331695,39.106432,True
KVAL004,140,4.968511,RWrist,0.090679,-0.01938,0.076125,-0.0453,1.26455,45.487727,True
KVAL004,141,5.001844,RWrist,0.029911,-0.005655,-0.00267,-0.02925,2.013305,31.464082,True
KVAL004,142,5.035177,RWrist,0.062139,-0.01557,-0.007395,0.0597,1.263369,41.791773,True
KVAL004,143,5.068511,RWrist,0.056641,-0.013485,-0.007845,0.05445,0.859269,29.735778,True
KVAL004,144,5.101855,RWrist,0.006595,-0.0036,0.002985,0.00465,0.726303,32.398174,True
KVAL004,145,5.135166,RWrist,0.009551,-0.00471,0.002415,0.00795,2.216938,42.035874,True
KVAL004,146,5.1685,RWrist,0.151177,-0.0738,0.12921,-0.0267,2.912317,47.637065,True
KVAL004,147,5.201833,RWrist,0.197015,-0.06369,0.185565,-0.018,1.281967,78.697554,True
KVAL004,148,5.235177,RWrist,0.116259,0.00264,0.102765,-0.0543,2.601852,32.667352,True
KVAL004,149,5.268511,RWrist,0.109448,-0.025935,0.03723,-0.0996,1.767814,44.97958,True
KVAL004,150,5.301844,RWrist,0.057272,-0.032505,-0.009435,-0.0462,1.278619,24.379466,True
KVAL004,151,5.335166,RWrist,0.029072,-0.019425,0.00453,-0.02115,0.490573,21.884392,True
KVAL004,152,5.3685,RWrist,0.081775,-0.02583,-0.027765,-0.07245,1.475883,34.612023,True
KVAL004,153,5.401833,RWrist,0.102087,-0.05118,-0.08784,-0.0093,1.945478,44.937117,True
KVAL004,154,5.435166,RWrist,0.08355,-0.03282,-0.05436,0.0543,1.544228,51.093987,True
KVAL004,155,5.468511,RWrist,0.003852,-0.00234,0.002475,-0.0018,1.541243,25.16255,True
KVAL004,156,5.501844,RWrist,0.02864,-0.00573,0.000795,-0.02805,0.278222,29.921181,True
KVAL004,157,5.535166,RWrist,0.020698,-0.008295,-0.001545,-0.0189,0.535623,4.006847,True
KVAL004,158,5.5685,RWrist,0.009988,-0.006285,0.00132,0.00765,0.348649,19.021615,True
KVAL004,159,5.601833,RWrist,0.039864,0.00099,0.00285,-0.03975,0.735614,11.927176,True
KVAL004,160,5.635177,RWrist,0.040869,0.001275,0.001995,-0.0408,0.453564,19.61889,True
KVAL004,161,5.6685,RWrist,0.012381,-0.006075,0.003045,-0.01035,0.576154,9.91571,True
KVAL004,162,5.701833,RWrist,0.010786,-0.007875,0.006345,-0.00375,0.459648,19.101337,True
KVAL004,163,5.735166,RWrist,0.025259,0.013935,-0.019905,-0.0069,0.764425,13.064887,True
KVAL004,164,5.768511,RWrist,0.046274,0.02496,-0.016605,-0.03525,0.452365,28.422386,True
KVAL004,165,5.801844,RWrist,0.022808,0.00873,0.00678,-0.01995,1.19953,20.805682,True
KVAL004,166,5.835177,RWrist,0.039668,0.00078,-0.00219,0.0396,1.024934,24.46467,True
KVAL004,167,5.868511,RWrist,0.046151,-0.011295,-0.02487,0.0372,0.521678,24.508629,True
KVAL004,168,5.901844,RWrist,0.024121,-0.010155,-0.018855,0.0111,0.625807,10.06545,True
KVAL004,169,5.935166,RWrist,0.010958,0.001995,0.003885,0.01005,0.371508,11.077413,True
KVAL004,170,5.968511,RWrist,0.001129,0.000675,-9e-05,-0.0009,0.123276,27.012297,True
KVAL004,171,6.001844,RWrist,0.016415,0.00303,-0.001635,0.01605,1.738473,22.767213,True
KVAL004,172,6.035188,RWrist,0.115094,0.00657,0.05262,0.10215,1.556013,55.837725,True
KVAL004,173,6.0685,RWrist,0.117718,0.007365,0.0459,0.10815,1.996787,50.622981,True
KVAL004,174,6.101844,RWrist,0.027551,0.01629,-0.020445,-0.0087,1.844188,41.990364,True
KVAL004,175,6.135166,RWrist,0.037832,-0.00699,-0.03375,0.0156,0.988173,36.843446,True
KVAL004,176,6.168511,RWrist,0.055027,-0.01941,-0.021795,0.04665,0.831803,28.450971,True
KVAL004,177,6.201844,RWrist,0.036906,0.02946,0.00771,0.02085,1.151241,21.221748,True
KVAL004,178,6.235177,RWrist,0.057008,0.037755,0.02748,0.0327,0.774495,31.767936,True
KVAL004,179,6.2685,RWrist,0.065842,0.01473,-0.022365,0.06015,1.143137,15.742277,True
KVAL004,180,6.301844,RWrist,0.080881,0.03369,-0.04395,0.05895,0.34476,24.336164,True
KVAL004,181,6.335177,RWrist,0.048399,0.01755,-0.025065,0.0375,0.758112,4.142385,True
KVAL004,182,6.368511,RWrist,0.038938,0.002565,-0.03288,0.0207,0.430308,8.559369,True
KVAL004,183,6.401844,RWrist,0.042046,0.00561,-0.03876,0.0153,0.503465,17.696249,True
KVAL004,184,6.435188,RWrist,0.007972,-0.004335,-0.003735,0.00555,1.066245,10.318183,True
KVAL004,185,6.468511,RWrist,0.029691,0.002355,0.025245,-0.01545,0.499055,24.421447,True
KVAL004,186,6.501855,RWrist,0.035205,0.005505,0.0144,0.03165,0.731733,7.66296,True
KVAL004,187,6.535166,RWrist,0.035438,0.00573,0.01422,0.03195,0.217879,5.428456,True
KVAL004,188,6.5685,RWrist,0.0386,0.019845,0.01227,0.03075,0.784867,12.018989,True
KVAL004,189,6.601844,RWrist,0.087389,0.009795,0.027105,0.0825,0.604003,33.890399,True
KVAL004,190,6.635177,RWrist,0.026809,-0.017805,0.003105,0.0198,1.488089,10.469165,True
KVAL004,191,6.6685,RWrist,0.019292,-0.015375,-0.00999,-0.006,0.464175,30.218858,True
KVAL004,192,6.701833,RWrist,0.053194,-0.026175,-0.01413,0.0441,0.964712,31.362476,True
KVAL004,193,6.735166,RWrist,0.0574,-0.016155,0.05421,-0.00975,1.643673,27.873448,True
KVAL004,194,6.768511,RWrist,0.067721,0.023325,0.06075,-0.01875,0.956732,45.235143,True
KVAL004,195,6.801844,RWrist,0.014603,0.01287,-9e-05,0.0069,1.663732,30.304854,True
KVAL004,196,6.835177,RWrist,0.075153,-0.065475,-0.003225,-0.03675,1.293876,38.250085,True
KVAL004,197,6.868511,RWrist,0.071725,-0.06228,0.00807,-0.03465,0.968619,51.443618,True
KVAL004,198,6.901855,RWrist,0.013687,-0.00921,0.00741,-0.0069,2.151304,24.572059,True
KVAL004,199,6.935177,RWrist,0.074419,0.047085,-0.00186,0.0576,2.604675,34.649243,True
KVAL004,200,6.968511,RWrist,0.163619,0.13869,0.031995,0.0807,0.935308,78.223628,True
KVAL004,201,7.001844,RWrist,0.091528,0.08751,0.021375,0.0162,2.612218,30.706797,True
KVAL004,202,7.035188,RWrist,0.01959,-0.00558,0.011685,-0.0147,1.427828,45.751969,True
KVAL004,203,7.0685,RWrist,0.016122,-0.00378,0.012615,-0.0093,0.637356,59.452186,True
KVAL004,204,7.101844,RWrist,0.026348,0.000615,0.00219,0.02625,2.953337,85.913425,True
KVAL004,205,7.135166,RWrist,0.187167,0.06534,0.010935,0.17505,5.1914,227.880865,True
KVAL004,206,7.168511,RWrist,0.322435,0.13854,-0.00162,-0.29115,12.410792,105.880656,True
KVAL004,207,7.201844,RWrist,0.658703,0.079755,0.06999,-0.6501,2.603179,361.086821,True
KVAL004,208,7.235177,RWrist,0.253674,-0.02976,-0.016215,-0.2514,11.915351,127.870829,True
KVAL004,209,7.2685,RWrist,0.19318,-0.107535,-0.128715,0.09585,8.895186,167.668631,True
KVAL004,210,7.301833,RWrist,0.346815,-0.065295,-0.008775,0.3405,2.849697,185.280786,True
KVAL004,211,7.335166,RWrist,0.224812,-0.039735,-0.003135,0.22125,3.551211,63.504325,True
KVAL004,212,7.3685,RWrist,0.127695,-0.00267,-0.05244,0.1164,2.08568,37.692742,True
KVAL004,213,7.401844,RWrist,0.112506,0.033675,-0.023025,0.10485,1.906585,26.0002,True
KVAL004,214,7.435177,RWrist,0.011711,-0.00429,0.009465,0.0054,2.24021,33.555635,True
KVAL004,215,7.4685,RWrist,0.039753,0.00492,0.003405,-0.0393,1.154677,60.699409,True
KVAL004,216,7.501844,RWrist,0.088684,-0.03015,0.072315,0.04155,1.972794,50.108825,True
KVAL004,217,7.535177,RWrist,0.093986,-0.02784,0.024885,0.08625,2.210341,65.202213,True
KVAL004,218,7.568522,RWrist,0.065525,0.00606,-0.03036,-0.05775,2.384797,47.269564,True
KVAL004,219,7.601833,RWrist,0.072272,0.00222,0.018795,-0.06975,0.982541,51.389671,True
KVAL004,220,7.635177,RWrist,4.7e-05,1.5e-05,-4.5e-05,0.0,1.084132,24.291491,True
KVAL004,221,7.6685,RWrist,2.1e-05,1.5e-05,-1.5e-05,0.0,0.687576,26.008352,True
KVAL004,222,7.701833,RWrist,0.045845,0.01527,-0.00153,-0.0432,0.687509,20.62874,True
KVAL004,223,7.735177,RWrist,0.045839,0.015255,-0.001515,-0.0432,0.687673,20.626494,True
KVAL004,224,7.768511,RWrist,0.0,0.0,0.0,0.0,0.687591,10.3151,True
KVAL004,225,7.801844,RWrist,0.0,0.0,0.0,0.0,0.0,10.986133,True
KVAL004,226,7.835188,RWrist,0.0,0.0,0.0,0.0,0.093321,1.399812,True
KVAL004,227,7.868511,RWrist,0.006221,0.005625,-0.00255,-0.00075,0.093321,2.799623,True
KVAL004,228,7.901855,RWrist,0.006221,0.005625,-0.00255,-0.00075,0.093321,9.195979,True
KVAL004,229,7.935166,RWrist,0.0,0.0,0.0,0.0,0.537565,6.138709,True
KVAL004,230,7.9685,RWrist,0.031235,-0.016755,0.008655,0.0249,0.468531,15.062015,True
KVAL004,231,8.001833,RWrist,0.031235,-0.016755,0.008655,0.0249,0.468531,18.601612,True
KVAL004,232,8.035177,RWrist,0.0,0.0,0.0,0.0,0.800015,6.292383,True
KVAL004,233,8.0685,RWrist,0.02838,-0.00909,-0.015165,-0.0222,0.426305,17.98242,True
KVAL004,234,8.101833,RWrist,0.02842,-0.010095,-0.015675,-0.02145,0.426074,14.453231,True
KVAL004,235,8.135166,RWrist,0.001354,-0.001005,-0.00051,0.00075,0.555584,10.851135,True
KVAL004,236,8.168511,RWrist,0.01526,0.000885,-0.00786,0.01305,0.42744,15.836529,True
KVAL004,237,8.201844,RWrist,0.027983,0.01737,-0.020205,-0.00855,0.573927,12.707092,True
KVAL004,238,8.235177,RWrist,0.029839,0.016485,-0.01233,-0.0216,0.419911,15.052735,True
KVAL004,239,8.2685,RWrist,1.5e-05,0.0,1.5e-05,0.0,0.44758,6.303542,True
KVAL004,240,8.301833,RWrist,0.0,0.0,0.0,0.0,0.00045,13.43297,True
KVAL004,0,0.301866,LShoulder,0.505144,0.48993,-0.11475,-0.0444,7.571435,0.117884,True
KVAL004,1,0.335166,LShoulder,0.252763,0.245085,-0.057645,-0.02235,7.573604,56.710461,True
KVAL004,2,0.3685,LShoulder,0.000405,0.00015,-0.000345,-0.00015,3.790752,113.556363,True
KVAL004,3,0.401833,LShoulder,8.1e-05,3e-05,-7.5e-05,0.0,0.005423,56.85647,True
KVAL004,4,0.435177,LShoulder,4.7e-05,1.5e-05,-4.5e-05,0.0,0.000503,32.654987,True
KVAL004,5,0.4685,LShoulder,4.7e-05,1.5e-05,-4.5e-05,0.0,2.175229,32.43701,True
KVAL004,6,0.501833,LShoulder,0.145036,0.132555,-0.024105,0.0537,2.162189,65.461467,True
KVAL004,7,0.535166,LShoulder,0.144167,0.13212,-0.02325,0.0528,2.188895,64.873476,True
KVAL004,8,0.568511,LShoulder,0.00132,-0.00045,0.000855,-0.0009,2.16271,33.034511,True
KVAL004,9,0.601844,LShoulder,1.5e-05,-1.5e-05,0.0,0.0,0.019661,32.443196,True
KVAL004,10,0.635177,LShoulder,1.5e-05,0.0,1.5e-05,0.0,0.000318,0.29277,True
KVAL004,11,0.6685,LShoulder,1.5e-05,0.0,1.5e-05,0.0,0.000225,0.007547,True
KVAL004,12,0.701844,LShoulder,0.0,0.0,0.0,0.0,0.000225,0.003375,True
KVAL004,13,0.735177,LShoulder,0.0,0.0,0.0,0.0,0.0,0.003375,True
KVAL004,14,0.768511,LShoulder,0.0,0.0,0.0,0.0,0.0,0.0,True
KVAL004,15,0.801833,LShoulder,0.0,0.0,0.0,0.0,0.0,0.0,True
KVAL004,16,0.835177,LShoulder,0.0,0.0,0.0,0.0,0.0,0.0,True
KVAL004,17,0.868511,LShoulder,0.0,0.0,0.0,0.0,0.0,0.0,True
KVAL004,18,0.901844,LShoulder,0.0,0.0,0.0,0.0,0.0,0.416262,True
KVAL004,19,0.935177,LShoulder,0.0,0.0,0.0,0.0,0.027751,0.416262,True
KVAL004,20,0.968522,LShoulder,0.00185,-0.00081,0.00021,-0.00165,0.027751,0.832524,True
KVAL004,21,1.001833,LShoulder,0.00185,-0.00081,0.00021,-0.00165,0.027751,0.832524,True
KVAL004,22,1.035177,LShoulder,0.0,0.0,0.0,0.0,0.027751,0.547895,True
KVAL004,23,1.0685,LShoulder,0.0,0.0,0.0,0.0,0.040842,0.701042,True
KVAL004,24,1.101833,LShoulder,0.002723,0.002385,-0.001305,0.00015,0.046954,1.156242,True
KVAL004,25,1.135166,LShoulder,0.00313,0.002685,-0.001545,-0.00045,0.036877,0.788371,True
KVAL004,26,1.1685,LShoulder,0.000712,0.0003,-0.00024,-0.0006,0.022325,17.812945,True
KVAL004,27,1.201844,LShoulder,0.003428,0.00195,-0.002475,-0.00135,1.152124,25.593636,True
KVAL004,28,1.235177,LShoulder,0.076784,0.0582,-0.02658,0.04245,1.689788,60.239411,True
KVAL004,29,1.2685,LShoulder,0.109676,-0.01068,0.102675,0.03705,2.980287,59.606972,True
KVAL004,30,1.301844,LShoulder,0.137753,-0.06879,0.11931,-0.003,2.292713,71.718971,True
KVAL004,31,1.335177,LShoulder,0.045897,-0.01344,-0.03924,-0.01965,2.17829,57.604365,True
KVAL004,32,1.368522,LShoulder,0.071024,-0.030255,-0.006765,-0.0639,1.557972,48.363375,True
KVAL004,33,1.401833,LShoulder,0.059441,0.003,0.05781,0.0135,1.532927,44.683229,True
KVAL004,34,1.435177,LShoulder,0.060683,-0.04833,-0.002655,0.0366,1.883055,26.718015,True
KVAL004,35,1.468511,LShoulder,0.116871,-0.11139,0.024195,-0.0258,0.797496,68.515764,True
KVAL004,36,1.501844,LShoulder,0.087078,-0.069555,0.045075,0.0267,2.741486,24.809414,True
KVAL004,37,1.535177,LShoulder,0.085474,0.04644,0.02745,0.0663,1.302466,63.013344,True
KVAL004,38,1.568511,LShoulder,0.099479,0.00021,0.067035,0.0735,1.579021,51.671727,True
KVAL004,39,1.601833,LShoulder,0.025314,-0.019515,-0.01575,-0.00345,3.462899,37.388545,False
KVAL004,40,1.635177,LShoulder,0.179494,0.170205,-0.032955,-0.0465,2.440465,99.241974,True
KVAL004,41,1.668511,LShoulder,0.16884,0.058425,-0.142005,-0.0702,4.190282,91.34885,False
KVAL004,42,1.701844,LShoulder,0.225251,0.01104,-0.189255,0.12165,4.218993,92.304108,False
KVAL004,43,1.735166,LShoulder,0.207161,0.06888,-0.03921,0.1914,3.512152,107.518845,False
KVAL004,44,1.768511,LShoulder,0.149649,-0.13782,-0.058245,-0.00285,3.148209,140.797188,False
KVAL004,45,1.801844,LShoulder,0.21598,0.076155,-0.19545,0.05145,6.119771,51.7106,True
KVAL004,46,1.835177,LShoulder,0.322545,0.232005,-0.209325,0.07995,1.811412,156.35643,True
KVAL004,47,1.868511,LShoulder,0.267912,-0.02409,-0.251775,0.08835,4.543565,76.56512,True
KVAL004,48,1.901844,LShoulder,0.234961,-0.07035,-0.215235,0.0627,3.919948,93.888654,True
KVAL004,49,1.935177,LShoulder,0.051032,-0.034395,-0.02001,-0.03195,3.477946,48.548474,True
KVAL004,50,1.968511,LShoulder,0.024667,-0.02319,0.00036,-0.0084,0.919854,37.949649,True
KVAL004,51,2.001844,LShoulder,0.087363,-0.07113,0.02799,-0.0423,1.554814,30.932019,True
KVAL004,52,2.035188,LShoulder,0.119066,-0.05754,0.068295,-0.07875,1.677221,37.211209,True
KVAL004,53,2.068511,LShoulder,0.110327,0.025125,0.064845,-0.08565,1.538824,36.121555,True
KVAL004,54,2.101844,LShoulder,0.117733,0.044715,0.07647,-0.07755,1.136681,32.873284,True
KVAL004,55,2.135177,LShoulder,0.068907,0.019935,0.06519,-0.01005,1.091491,35.58299,True
KVAL004,56,2.168522,LShoulder,0.133891,0.013095,0.127995,-0.03705,2.382497,34.249165,True
KVAL004,57,2.201844,LShoulder,0.223047,0.08424,0.20385,0.03315,2.589357,52.795133,True
KVAL004,58,2.235177,LShoulder,0.283566,0.10935,0.26115,0.0159,1.511483,62.137764,True
KVAL004,59,2.268511,LShoulder,0.192908,0.04542,0.1788,-0.0564,3.147407,50.285657,True
KVAL004,60,2.301844,LShoulder,0.39836,-0.02199,0.38802,-0.08745,3.021986,122.700165,True
KVAL004,61,2.335177,LShoulder,0.379331,-0.013965,0.36867,-0.0882,5.54607,121.792519,True
KVAL004,62,2.368522,LShoulder,0.03087,0.00789,0.029835,-0.00075,5.186679,78.817919,True
KVAL004,63,2.401844,LShoulder,0.037365,-0.009855,0.0357,0.00495,0.326966,76.752427,True
KVAL004,64,2.435177,LShoulder,0.009345,0.002205,0.008835,-0.0021,2.634898,65.223003,True
KVAL004,65,2.468511,LShoulder,0.18054,-0.17721,-0.009615,0.03315,4.398773,83.869276,True
KVAL004,66,2.501844,LShoulder,0.292252,-0.28647,0.03183,-0.0483,3.512355,219.289502,True
KVAL004,67,2.535177,LShoulder,0.181692,-0.06345,0.033375,-0.16695,13.073001,88.179732,True
KVAL004,68,2.568511,LShoulder,0.861585,0.009015,-0.13839,-0.85035,8.999846,397.950287,True
KVAL004,69,2.601844,LShoulder,0.746905,0.105225,-0.035565,-0.7386,14.472039,314.466855,True
KVAL004,70,2.635188,LShoulder,0.223819,0.20004,0.06981,0.07215,12.241588,240.137469,True
KVAL004,71,2.668511,LShoulder,0.149015,0.124275,-0.02817,0.07725,3.727732,195.64745,True
KVAL004,72,2.701855,LShoulder,0.085064,-0.04668,0.05274,0.0477,2.718377,86.768444,True
KVAL004,73,2.735166,LShoulder,0.072149,-0.041595,0.037545,0.04545,2.354897,59.12356,True
KVAL004,74,2.7685,LShoulder,0.090455,0.08829,-0.01749,0.009,1.708498,40.103292,True
KVAL004,75,2.801844,LShoulder,0.054424,0.03669,0.01932,-0.03525,2.459685,25.386051,True
KVAL004,76,2.835177,LShoulder,0.18389,0.08205,-0.088965,-0.13845,1.906556,86.480505,True
KVAL004,77,2.8685,LShoulder,0.149521,0.017625,-0.05085,-0.1395,3.548979,69.374626,True
KVAL004,78,2.901844,LShoulder,0.062333,-0.024375,0.055035,0.0162,2.815198,66.815078,True
KVAL004,79,2.935166,LShoulder,0.086536,0.078135,-0.014265,0.03435,1.655898,43.00785,True
KVAL004,80,2.9685,LShoulder,0.084674,0.057645,-0.002985,0.06195,1.465628,124.00829,True
KVAL004,81,3.001833,LShoulder,0.081149,-0.001575,0.021255,0.0783,8.72588,168.840185,True
KVAL004,82,3.035177,LShoulder,0.64558,0.0549,0.04662,0.64155,11.653136,223.59923,True
KVAL004,83,3.068511,LShoulder,0.854983,0.12003,0.04893,0.8451,6.225691,342.327735,True
KVAL004,84,3.101844,LShoulder,0.262923,0.12063,0.0243,0.23235,11.229923,72.175672,True
KVAL004,85,3.135177,LShoulder,0.147702,0.11058,0.0048,0.0978,2.050382,263.036453,True
KVAL004,86,3.168511,LShoulder,0.136836,0.06384,-0.025335,0.11835,6.516151,87.847574,True
KVAL004,87,3.201833,LShoulder,0.548213,0.151695,-0.10245,0.51675,4.522738,271.149092,True
KVAL004,88,3.235177,LShoulder,0.427306,0.13698,-0.205935,0.34845,11.70459,187.49499,True
KVAL004,89,3.268511,LShoulder,0.259219,-0.024855,-0.08634,-0.24315,7.998345,235.403582,True
KVAL004,90,3.301855,LShoulder,0.11259,0.006855,0.05988,-0.0951,4.196541,154.879671,True
KVAL004,91,3.335166,LShoulder,0.020904,0.002265,0.00309,0.02055,2.54156,74.493068,True
KVAL004,92,3.3685,LShoulder,0.061911,-0.02904,-0.04089,0.0363,1.13334,62.146474,True
KVAL004,93,3.401844,LShoulder,0.068484,0.01638,-0.066225,-0.006,1.772373,33.99445,True
KVAL004,94,3.435177,LShoulder,0.072038,0.04254,-0.01869,-0.05505,1.242862,62.325137,True
KVAL004,95,3.4685,LShoulder,0.03273,0.016935,0.014685,-0.02385,2.384223,38.49854,True
KVAL004,96,3.501844,LShoulder,0.102063,-0.05079,-0.056925,0.0678,1.544063,69.737806,True
KVAL004,97,3.535177,LShoulder,0.078183,0.02289,-0.039045,0.06375,2.318623,41.149048,True
KVAL004,98,3.568511,LShoulder,0.054169,0.03966,0.02148,-0.03,1.433149,66.971835,True
KVAL004,99,3.601833,LShoulder,0.06799,0.005925,-0.06192,-0.02745,2.42764,47.374491,True
KVAL004,100,3.635177,LShoulder,0.134655,0.04905,-0.09405,0.08295,1.740116,63.625509,True
KVAL004,101,3.6685,LShoulder,0.096677,0.005655,-0.04209,0.08685,2.18577,61.846749,True
KVAL004,102,3.701844,LShoulder,0.074463,-0.058245,-0.046275,-0.0033,2.884749,74.787711,True
KVAL004,103,3.735166,LShoulder,0.187648,-0.13833,-0.126495,-0.0087,4.09566,39.134102,True
KVAL004,104,3.768511,LShoulder,0.33667,-0.17928,-0.261495,0.11325,1.270636,127.434699,True
KVAL004,105,3.801844,LShoulder,0.260229,-0.192465,-0.170715,0.03915,4.440209,73.601185,True
KVAL004,106,3.835188,LShoulder,0.106713,-0.101145,-0.014865,-0.0306,3.684404,70.106884,True
KVAL004,107,3.868511,LShoulder,0.041567,-0.00363,-0.02931,-0.02925,2.59018,97.56632,True
KVAL004,108,3.901855,LShoulder,0.22938,-0.09996,-0.06951,-0.1944,3.633567,52.238424,True
KVAL004,109,3.935166,LShoulder,0.274492,-0.17523,-0.115605,-0.17685,0.94222,108.155945,True
KVAL004,110,3.9685,LShoulder,0.180221,-0.09891,-0.073155,-0.1317,3.618721,50.154568,True
KVAL004,111,4.001844,LShoulder,0.044976,-0.044085,-0.005985,-0.0066,3.823909,51.246072,True
KVAL004,112,4.035177,LShoulder,0.083389,0.07356,0.030375,0.0249,3.538964,94.165654,True
KVAL004,113,4.068522,LShoulder,0.19967,0.147825,0.122415,-0.05505,2.866656,278.855944,True
KVAL004,114,4.101855,LShoulder,0.125866,-0.107505,0.058485,-0.0294,16.086097,1181.844602,True
KVAL004,115,4.1352,LShoulder,0.969748,-0.848145,0.42303,0.2052,81.344823,817.927535,False
KVAL004,116,4.168533,LShoulder,5.519414,-4.28316,-0.45231,-3.45165,59.397931,2762.264624,True
KVAL004,117,4.201844,LShoulder,4.395191,-3.700155,-0.954765,-2.1714,103.872054,2877.658352,True
KVAL004,118,4.235188,LShoulder,1.963158,0.026205,-0.12498,1.959,133.998059,1408.727152,True
KVAL004,119,4.268511,LShoulder,4.565409,4.16445,0.934605,1.62075,63.454838,3035.760476,True
KVAL004,120,4.301844,LShoulder,4.309808,4.028325,0.993255,1.1664,68.490239,1871.229036,True
KVAL004,121,4.335177,LShoulder,0.089015,0.030465,-0.076725,-0.0333,64.838782,1015.44829,True
KVAL004,122,4.368522,LShoulder,0.116311,0.025695,-0.106245,-0.03975,1.350881,966.029534,True
KVAL004,123,4.401844,LShoulder,0.117027,-0.039285,-0.109425,0.01335,1.507092,37.979561,True
KVAL004,124,4.435177,LShoulder,0.09954,-0.035775,-0.085245,0.0369,1.445105,40.600542,True
KVAL004,125,4.4685,LShoulder,0.091252,0.041715,-0.06774,0.0447,1.32259,56.029947,True
KVAL004,126,4.501833,LShoulder,0.062074,0.02436,-0.053715,-0.01935,2.68083,34.463051,True
KVAL004,127,4.535166,LShoulder,0.10779,-0.067605,-0.00822,-0.08355,1.756691,40.646691,True
KVAL004,128,4.568511,LShoulder,0.081336,-0.06027,0.021045,-0.0504,0.926621,24.129618,True
KVAL004,129,4.601833,LShoulder,0.1138,-0.093945,0.03783,-0.0519,0.427972,31.463564,True
KVAL004,130,4.635177,LShoulder,0.093295,-0.08406,0.02091,-0.03465,1.641777,18.050255,True
KVAL004,131,4.6685,LShoulder,0.016391,-0.012315,0.000615,0.0108,0.928645,37.200261,True
KVAL004,132,4.701844,LShoulder,0.033303,-0.03114,-0.001575,-0.0117,0.937011,19.182167,True
KVAL004,133,4.735166,LShoulder,0.060029,-0.03885,0.00102,-0.04575,0.853364,20.957298,True
KVAL004,134,4.768511,LShoulder,0.066146,-0.01143,-0.005115,-0.06495,0.574262,27.987536,True
KVAL004,135,4.801833,LShoulder,0.033677,-0.00279,-0.00273,-0.03345,1.046306,33.111056,True
KVAL004,136,4.835177,LShoulder,0.05619,-0.052095,-0.018585,-0.0099,1.714636,14.471841,True
KVAL004,137,4.8685,LShoulder,0.120855,-0.108255,-0.046365,-0.02715,0.321004,46.741126,True
KVAL004,138,4.901844,LShoulder,0.067911,-0.054885,-0.039495,-0.0063,1.451253,24.016959,True
KVAL004,139,4.935166,LShoulder,0.055211,-0.03762,0.019215,-0.03555,1.339284,22.864214,True
KVAL004,140,4.968511,LShoulder,0.088894,-0.04638,0.018675,-0.0735,0.686965,42.027463,True
KVAL004,141,5.001844,LShoulder,0.025057,-0.00285,-0.00807,-0.02355,1.600913,10.554371,True
KVAL004,142,5.035177,LShoulder,0.023996,-0.00411,-0.0144,0.01875,0.56937,28.392947,True
KVAL004,143,5.068511,LShoulder,0.02027,-0.00174,-0.014745,0.0138,0.335247,11.691233,True
KVAL004,144,5.101855,LShoulder,0.004656,-0.00402,0.000675,0.00225,0.273508,9.785219,True
KVAL004,145,5.135166,LShoulder,0.006562,-0.005025,0.000405,0.0042,0.434791,10.340688,True
KVAL004,146,5.1685,LShoulder,0.026842,0.02106,-0.002175,0.0165,0.707255,27.92584,True
KVAL004,147,5.201833,LShoulder,0.045316,0.029085,0.03042,0.0168,1.502685,34.374103,True
KVAL004,148,5.235177,LShoulder,0.081024,-0.035145,0.06669,-0.0297,1.698517,38.922439,True
KVAL004,149,5.268511,LShoulder,0.082174,-0.05319,0.017985,-0.06,1.30252,37.522764,True
KVAL004,150,5.301844,LShoulder,0.048745,-0.021345,-0.01845,-0.03975,0.860781,20.767388,True
KVAL004,151,5.335166,LShoulder,0.026076,-0.016215,-0.00093,-0.0204,0.283134,5.494451,True
KVAL004,152,5.3685,LShoulder,0.030586,-0.01221,-0.015225,-0.02355,1.027638,12.682236,True
KVAL004,153,5.401833,LShoulder,0.049943,0.009375,-0.037605,0.0315,1.11333,27.435791,True
KVAL004,154,5.435166,LShoulder,0.052084,0.01455,-0.020865,0.04545,0.815824,34.106098,True
KVAL004,155,5.468511,LShoulder,0.005576,-0.002355,0.00102,-0.00495,1.167485,11.800448,True
KVAL004,156,5.501844,LShoulder,0.02917,-0.00588,-0.00543,-0.02805,0.299724,23.443794,True
KVAL004,157,5.535166,LShoulder,0.024557,-0.008775,-0.008505,-0.0213,0.427551,5.924586,True
KVAL004,158,5.5685,LShoulder,0.006844,-0.006705,-0.001365,0.00015,0.353941,14.950392,True
KVAL004,159,5.601833,LShoulder,0.038639,0.009045,-0.007785,-0.03675,0.58951,12.027887,True
KVAL004,160,5.635177,LShoulder,0.037164,0.00969,-0.00873,-0.0348,0.535694,16.803637,True
KVAL004,161,5.6685,LShoulder,0.012116,0.01098,-0.00498,-0.0012,0.554664,5.650883,True
KVAL004,162,5.701833,LShoulder,0.009213,0.008925,-0.001725,0.0015,0.83629,10.898358,True
KVAL004,163,5.735166,LShoulder,0.058458,0.029955,0.008355,0.0495,0.683652,30.330448,True
KVAL004,164,5.768511,LShoulder,0.054551,0.051435,-0.003405,0.01785,1.197054,18.787323,True
KVAL004,165,5.801844,LShoulder,0.034331,0.01863,-0.00669,-0.02805,0.671456,42.300919,True
KVAL004,166,5.835177,LShoulder,0.037134,0.012765,0.01431,0.0318,1.625335,14.259022,True
KVAL004,167,5.868511,LShoulder,0.087867,0.042375,0.01089,0.0762,0.428251,42.027035,True
KVAL004,168,5.901844,LShoulder,0.06067,0.03141,0.005625,0.0516,1.210927,19.636123,True
KVAL004,169,5.935166,LShoulder,0.009805,0.002415,0.007245,0.00615,0.910598,20.353172,True
KVAL004,170,5.968511,LShoulder,0.00082,0.00063,0.00027,-0.00045,0.16014,29.100857,True
KVAL004,171,6.001844,LShoulder,0.018612,0.00315,0.007365,0.0168,1.036077,8.503891,True
KVAL004,172,6.035188,LShoulder,0.069045,0.032115,0.017205,0.05865,0.654254,29.383022,True
KVAL004,173,6.0685,LShoulder,0.057142,0.038565,0.003735,0.042,0.977292,18.869065,True
KVAL004,174,6.101844,LShoulder,0.031866,0.03129,-0.005535,-0.0024,0.752492,14.821439,True
KVAL004,175,6.135166,LShoulder,0.036161,0.033195,-0.013515,-0.0048,0.323201,19.563249,True
KVAL004,176,6.168511,LShoulder,0.018377,0.01155,-0.01416,-0.00195,0.687051,11.515068,True
KVAL004,177,6.201844,LShoulder,0.02684,0.00885,0.017985,0.01785,0.583273,14.667805,True
KVAL004,178,6.235177,LShoulder,0.027428,0.011715,0.02328,0.00855,0.353811,15.451428,True
KVAL004,179,6.2685,LShoulder,0.019087,0.00927,-0.005505,0.01575,0.721548,8.0712,True
KVAL004,180,6.301844,LShoulder,0.056068,0.0324,0.00087,0.04575,0.283621,16.327568,True
KVAL004,181,6.335177,LShoulder,0.031917,0.026235,0.002535,0.018,0.516517,13.863339,True
KVAL004,182,6.368511,LShoulder,0.032569,0.00432,-0.011535,0.03015,0.892426,11.270785,True
KVAL004,183,6.401844,LShoulder,0.081636,0.02796,-0.01104,0.0759,0.388568,38.120404,True
KVAL004,184,6.435188,LShoulder,0.023669,0.01485,0.007905,0.01665,1.676819,12.33277,True
KVAL004,185,6.468511,LShoulder,0.032022,-0.009015,0.016455,-0.02595,0.556783,44.417344,True
KVAL004,186,6.501855,LShoulder,0.057499,0.021915,0.00471,0.05295,1.289008,14.328451,True
KVAL004,187,6.535166,LShoulder,0.057859,0.022155,0.004605,0.05325,0.399305,13.344829,True
KVAL004,188,6.5685,LShoulder,0.03315,0.016395,0.00921,0.0273,0.424015,7.775559,True
KVAL004,189,6.601844,LShoulder,0.085364,0.02565,0.004395,0.0813,0.282915,26.545774,True
KVAL004,190,6.635177,LShoulder,0.043441,0.00912,0.025185,0.0342,1.375568,11.74019,True
KVAL004,191,6.6685,LShoulder,0.044128,0.01014,0.042945,-0.00045,0.617605,18.292275,True
KVAL004,192,6.701833,LShoulder,0.067406,0.02691,0.000345,0.0618,0.412509,39.015321,True
KVAL004,193,6.735166,LShoulder,0.051731,-0.015525,0.0486,-0.00855,1.985566,11.709001,True
KVAL004,194,6.768511,LShoulder,0.084177,-0.03219,0.06993,-0.03405,0.57172,51.534114,True
KVAL004,195,6.801844,LShoulder,0.031696,-0.01983,0.019305,0.01545,1.584455,5.618807,True
KVAL004,196,6.835177,LShoulder,0.048939,-0.034995,-0.012615,0.0318,0.790997,22.960392,True
KVAL004,197,6.868511,LShoulder,0.046482,-0.018255,-0.031725,0.02865,0.755657,24.266332,True
KVAL004,198,6.901855,LShoulder,0.051793,-0.008205,-0.04992,0.0111,1.379267,43.122902,True
KVAL004,199,6.935177,LShoulder,0.096135,0.05952,-0.01365,0.07425,2.530129,38.633683,True
KVAL004,200,6.968511,LShoulder,0.132897,0.0942,0.07746,0.0528,1.601528,69.625375,True
KVAL004,201,7.001844,LShoulder,0.058788,0.029595,0.050475,-0.0057,2.167107,30.552327,True
KVAL004,202,7.035188,LShoulder,0.016475,-0.004035,-0.003435,-0.0156,0.905333,38.053499,True
KVAL004,203,7.0685,LShoulder,0.012508,-0.003945,0.000675,-0.01185,0.529837,33.634454,True
KVAL004,204,7.101844,LShoulder,0.02033,-0.004785,0.0099,0.0171,1.662969,42.606282,True
KVAL004,205,7.135166,LShoulder,0.098898,0.03882,0.023955,0.08775,2.31432,103.560322,True
KVAL004,206,7.168511,LShoulder,0.135678,-0.017655,-0.0366,-0.12945,5.274571,87.544631,True
KVAL004,207,7.201844,LShoulder,0.255388,-0.12711,-0.114285,-0.18975,4.299263,143.584535,True
KVAL004,208,7.235177,LShoulder,0.246922,-0.157485,-0.17214,0.08085,5.25591,96.973918,True
KVAL004,209,7.2685,LShoulder,0.286011,-0.10218,-0.2268,0.14115,3.230864,102.453279,True
KVAL004,210,7.301833,LShoulder,0.202509,0.05781,-0.173415,0.08715,2.101674,71.791139,True
KVAL004,211,7.335166,LShoulder,0.155296,-0.0228,-0.138135,0.0672,2.13816,22.183609,True
KVAL004,212,7.3685,LShoulder,0.085267,-0.02214,-0.05928,0.05715,3.127198,20.306819,True
KVAL004,213,7.401844,LShoulder,0.076938,0.05925,0.046485,0.01575,1.820197,48.773446,True
KVAL004,214,7.435177,LShoulder,0.056723,-0.012885,0.053565,0.0135,1.485943,17.218668,True
KVAL004,215,7.4685,LShoulder,0.0924,-0.018225,0.08436,-0.033,1.088004,34.527891,True
KVAL004,216,7.501844,LShoulder,0.113366,-0.04101,0.099795,-0.0348,1.044293,40.982224,True
KVAL004,217,7.535177,LShoulder,0.033413,-0.014325,0.02886,0.00885,1.768802,19.768077,True
KVAL004,218,7.568522,LShoulder,0.022393,0.007815,-0.00651,-0.01995,0.700485,28.407985,True
KVAL004,219,7.601833,LShoulder,0.031462,-0.004095,0.00606,-0.0306,0.335416,16.262664,True
KVAL004,220,7.635177,LShoulder,8.1e-05,3e-05,-7.5e-05,0.0,0.472002,13.230885,True
KVAL004,221,7.6685,LShoulder,2.1e-05,1.5e-05,-1.5e-05,0.0,0.600138,16.068613,True
KVAL004,222,7.701833,LShoulder,0.039993,-0.00759,0.0057,-0.03885,0.600041,18.000436,True
KVAL004,223,7.735177,LShoulder,0.039998,-0.007605,0.005715,-0.03885,0.599891,18.000111,True
KVAL004,224,7.768511,LShoulder,0.0,0.0,0.0,0.0,0.599966,8.99837,True
KVAL004,225,7.801844,LShoulder,0.0,0.0,0.0,0.0,0.0,9.664989,True
KVAL004,226,7.835188,LShoulder,0.0,0.0,0.0,0.0,0.114152,1.712283,True
KVAL004,227,7.868511,LShoulder,0.00761,0.005865,0.00381,-0.003,0.114152,3.424566,True
KVAL004,228,7.901855,LShoulder,0.00761,0.005865,0.00381,-0.003,0.114152,4.386535,True
KVAL004,229,7.935166,LShoulder,0.0,0.0,0.0,0.0,0.208457,2.902108,True
KVAL004,230,7.9685,LShoulder,0.011046,-0.00768,0.005955,-0.00525,0.165407,5.387051,True
KVAL004,231,8.001833,LShoulder,0.011027,-0.007665,0.00594,-0.00525,0.165963,9.545431,True
KVAL004,232,8.035177,LShoulder,2.1e-05,1.5e-05,-1.5e-05,0.0,0.596642,9.744543,True
KVAL004,233,8.0685,LShoulder,0.040096,-0.007185,-0.02433,-0.03105,0.599396,17.850517,True
KVAL004,234,8.101833,LShoulder,0.039966,-0.00837,-0.024495,-0.03045,0.604049,23.422091,True
KVAL004,235,8.135166,LShoulder,0.001338,-0.001185,-0.000165,0.0006,0.966754,6.772203,True
KVAL004,236,8.168511,LShoulder,0.025771,-0.00492,0.016815,0.0189,0.211604,23.126081,True
KVAL004,237,8.201844,LShoulder,0.014302,-0.00234,0.013155,0.0051,0.589478,6.382278,True
KVAL004,238,8.235177,LShoulder,0.014507,0.002595,-0.003645,-0.0138,0.214356,12.002254,True
KVAL004,239,8.2685,LShoulder,2.1e-05,1.5e-05,1.5e-05,0.0,0.217609,3.210257,True
KVAL004,240,8.301833,LShoulder,0.0,0.0,0.0,0.0,0.000636,6.529264,True
