video_id,frame_index,source_frame_index,body_id,j00_PELVIS_valid,j00_PELVIS_quality,j00_PELVIS_reason,j01_SPINE_NAVAL_valid,j01_SPINE_NAVAL_quality,j01_SPINE_NAVAL_reason,j02_SPINE_CHEST_valid,j02_SPINE_CHEST_quality,j02_SPINE_CHEST_reason,j03_NECK_valid,j03_NECK_quality,j03_NECK_reason,j04_CLAVICLE_LEFT_valid,j04_CLAVICLE_LEFT_quality,j04_CLAVICLE_LEFT_reason,j05_SHOULDER_LEFT_valid,j05_SHOULDER_LEFT_quality,j05_SHOULDER_LEFT_reason,j06_ELBOW_LEFT_valid,j06_ELBOW_LEFT_quality,j06_ELBOW_LEFT_reason,j07_WRIST_LEFT_valid,j07_WRIST_LEFT_quality,j07_WRIST_LEFT_reason,j08_CLAVICLE_RIGHT_valid,j08_CLAVICLE_RIGHT_quality,j08_CLAVICLE_RIGHT_reason,j09_SHOULDER_RIGHT_valid,j09_SHOULDER_RIGHT_quality,j09_SHOULDER_RIGHT_reason,j10_ELBOW_RIGHT_valid,j10_ELBOW_RIGHT_quality,j10_ELBOW_RIGHT_reason,j11_WRIST_RIGHT_valid,j11_WRIST_RIGHT_quality,j11_WRIST_RIGHT_reason,j12_HIP_LEFT_valid,j12_HIP_LEFT_quality,j12_HIP_LEFT_reason,j13_KNEE_LEFT_valid,j13_KNEE_LEFT_quality,j13_KNEE_LEFT_reason,j14_ANKLE_LEFT_valid,j14_ANKLE_LEFT_quality,j14_ANKLE_LEFT_reason,j15_FOOT_LEFT_valid,j15_FOOT_LEFT_quality,j15_FOOT_LEFT_reason,j16_HIP_RIGHT_valid,j16_HIP_RIGHT_quality,j16_HIP_RIGHT_reason,j17_KNEE_RIGHT_valid,j17_KNEE_RIGHT_quality,j17_KNEE_RIGHT_reason,j18_ANKLE_RIGHT_valid,j18_ANKLE_RIGHT_quality,j18_ANKLE_RIGHT_reason,j19_FOOT_RIGHT_valid,j19_FOOT_RIGHT_quality,j19_FOOT_RIGHT_reason,j20_HEAD_valid,j20_HEAD_quality,j20_HEAD_reason,j21_NOSE_valid,j21_NOSE_quality,j21_NOSE_reason,j22_EYE_LEFT_valid,j22_EYE_LEFT_quality,j22_EYE_LEFT_reason,j23_EAR_LEFT_valid,j23_EAR_LEFT_quality,j23_EAR_LEFT_reason,j24_EYE_RIGHT_valid,j24_EYE_RIGHT_quality,j24_EYE_RIGHT_reason,j25_EAR_RIGHT_valid,j25_EAR_RIGHT_quality,j25_EAR_RIGHT_reason,j26_WRIST_THUMB_LEFT_valid,j26_WRIST_THUMB_LEFT_quality,j26_WRIST_THUMB_LEFT_reason,j27_BICEPS_LEFT_valid,j27_BICEPS_LEFT_quality,j27_BICEPS_LEFT_reason,j28_WRIST_THUMB_RIGHT_valid,j28_WRIST_THUMB_RIGHT_quality,j28_WRIST_THUMB_RIGHT_reason,j29_BICEPS_RIGHT_valid,j29_BICEPS_RIGHT_quality,j29_BICEPS_RIGHT_reason,j30_BACK_LEFT_valid,j30_BACK_LEFT_quality,j30_BACK_LEFT_reason,j31_BACK_RIGHT_valid,j31_BACK_RIGHT_quality,j31_BACK_RIGHT_reason
KVAL0014,0,1,-1,False,unusable,tracking_failure,False,unusable,tracking_failure,False,unusable,tracking_failure,False,unusable,tracking_failure,False,unusable,tracking_failure,False,unusable,tracking_failure,False,unusable,tracking_failure,False,unusable,tracking_failure,False,unusable,tracking_failure,False,unusable,tracking_failure,False,unusable,tracking_failure,False,unusable,tracking_failure,False,unusable,tracking_failure,False,unusable,tracking_failure,False,unusable,tracking_failure,False,unusable,tracking_failure,False,unusable,tracking_failure,False,unusable,tracking_failure,False,unusable,tracking_failure,False,unusable,tracking_failure,False,unusable,tracking_failure,False,unusable,tracking_failure,False,unusable,tracking_failure,False,unusable,tracking_failure,False,unusable,tracking_failure,False,unusable,tracking_failure,False,unusable,tracking_failure,False,unusable,tracking_failure,False,unusable,tracking_failure,False,unusable,tracking_failure,False,unusable,tracking_failure,False,unusable,tracking_failure
KVAL0014,1,2,-1,False,unusable,tracking_failure,False,unusable,tracking_failure,False,unusable,tracking_failure,False,unusable,tracking_failure,False,unusable,tracking_failure,False,unusable,tracking_failure,False,unusable,tracking_failure,False,unusable,tracking_failure,False,unusable,tracking_failure,False,unusable,tracking_failure,False,unusable,tracking_failure,False,unusable,tracking_failure,False,unusable,tracking_failure,False,unusable,tracking_failure,False,unusable,tracking_failure,False,unusable,tracking_failure,False,unusable,tracking_failure,False,unusable,tracking_failure,False,unusable,tracking_failure,False,unusable,tracking_failure,False,unusable,tracking_failure,False,unusable,tracking_failure,False,unusable,tracking_failure,False,unusable,tracking_failure,False,unusable,tracking_failure,False,unusable,tracking_failure,False,unusable,tracking_failure,False,unusable,tracking_failure,False,unusable,tracking_failure,False,unusable,tracking_failure,False,unusable,tracking_failure,False,unusable,tracking_failure
KVAL0014,2,3,-1,False,unusable,tracking_failure,False,unusable,tracking_failure,False,unusable,tracking_failure,False,unusable,tracking_failure,False,unusable,tracking_failure,False,unusable,tracking_failure,False,unusable,tracking_failure,False,unusable,tracking_failure,False,unusable,tracking_failure,False,unusable,tracking_failure,False,unusable,tracking_failure,False,unusable,tracking_failure,False,unusable,tracking_failure,False,unusable,tracking_failure,False,unusable,tracking_failure,False,unusable,tracking_failure,False,unusable,tracking_failure,False,unusable,tracking_failure,False,unusable,tracking_failure,False,unusable,tracking_failure,False,unusable,tracking_failure,False,unusable,tracking_failure,False,unusable,tracking_failure,False,unusable,tracking_failure,False,unusable,tracking_failure,False,unusable,tracking_failure,False,unusable,tracking_failure,False,unusable,tracking_failure,False,unusable,tracking_failure,False,unusable,tracking_failure,False,unusable,tracking_failure,False,unusable,tracking_failure
KVAL0014,3,4,-1,False,unusable,tracking_failure,False,unusable,tracking_failure,False,unusable,tracking_failure,False,unusable,tracking_failure,False,unusable,tracking_failure,False,unusable,tracking_failure,False,unusable,tracking_failure,False,unusable,tracking_failure,False,unusable,tracking_failure,False,unusable,tracking_failure,False,unusable,tracking_failure,False,unusable,tracking_failure,False,unusable,tracking_failure,False,unusable,tracking_failure,False,unusable,tracking_failure,False,unusable,tracking_failure,False,unusable,tracking_failure,False,unusable,tracking_failure,False,unusable,tracking_failure,False,unusable,tracking_failure,False,unusable,tracking_failure,False,unusable,tracking_failure,False,unusable,tracking_failure,False,unusable,tracking_failure,False,unusable,tracking_failure,False,unusable,tracking_failure,False,unusable,tracking_failure,False,unusable,tracking_failure,False,unusable,tracking_failure,False,unusable,tracking_failure,False,unusable,tracking_failure,False,unusable,tracking_failure
KVAL0014,4,5,-1,False,unusable,tracking_failure,False,unusable,tracking_failure,False,unusable,tracking_failure,False,unusable,tracking_failure,False,unusable,tracking_failure,False,unusable,tracking_failure,False,unusable,tracking_failure,False,unusable,tracking_failure,False,unusable,tracking_failure,False,unusable,tracking_failure,False,unusable,tracking_failure,False,unusable,tracking_failure,False,unusable,tracking_failure,False,unusable,tracking_failure,False,unusable,tracking_failure,False,unusable,tracking_failure,False,unusable,tracking_failure,False,unusable,tracking_failure,False,unusable,tracking_failure,False,unusable,tracking_failure,False,unusable,tracking_failure,False,unusable,tracking_failure,False,unusable,tracking_failure,False,unusable,tracking_failure,False,unusable,tracking_failure,False,unusable,tracking_failure,False,unusable,tracking_failure,False,unusable,tracking_failure,False,unusable,tracking_failure,False,unusable,tracking_failure,False,unusable,tracking_failure,False,unusable,tracking_failure
KVAL0014,5,6,-1,False,unusable,tracking_failure,False,unusable,tracking_failure,False,unusable,tracking_failure,False,unusable,tracking_failure,False,unusable,tracking_failure,False,unusable,tracking_failure,False,unusable,tracking_failure,False,unusable,tracking_failure,False,unusable,tracking_failure,False,unusable,tracking_failure,False,unusable,tracking_failure,False,unusable,tracking_failure,False,unusable,tracking_failure,False,unusable,tracking_failure,False,unusable,tracking_failure,False,unusable,tracking_failure,False,unusable,tracking_failure,False,unusable,tracking_failure,False,unusable,tracking_failure,False,unusable,tracking_failure,False,unusable,tracking_failure,False,unusable,tracking_failure,False,unusable,tracking_failure,False,unusable,tracking_failure,False,unusable,tracking_failure,False,unusable,tracking_failure,False,unusable,tracking_failure,False,unusable,tracking_failure,False,unusable,tracking_failure,False,unusable,tracking_failure,False,unusable,tracking_failure,False,unusable,tracking_failure
KVAL0014,6,7,-1,False,unusable,tracking_failure,False,unusable,tracking_failure,False,unusable,tracking_failure,False,unusable,tracking_failure,False,unusable,tracking_failure,False,unusable,tracking_failure,False,unusable,tracking_failure,False,unusable,tracking_failure,False,unusable,tracking_failure,False,unusable,tracking_failure,False,unusable,tracking_failure,False,unusable,tracking_failure,False,unusable,tracking_failure,False,unusable,tracking_failure,False,unusable,tracking_failure,False,unusable,tracking_failure,False,unusable,tracking_failure,False,unusable,tracking_failure,False,unusable,tracking_failure,False,unusable,tracking_failure,False,unusable,tracking_failure,False,unusable,tracking_failure,False,unusable,tracking_failure,False,unusable,tracking_failure,False,unusable,tracking_failure,False,unusable,tracking_failure,False,unusable,tracking_failure,False,unusable,tracking_failure,False,unusable,tracking_failure,False,unusable,tracking_failure,False,unusable,tracking_failure,False,unusable,tracking_failure
KVAL0014,7,8,-1,False,unusable,tracking_failure,False,unusable,tracking_failure,False,unusable,tracking_failure,False,unusable,tracking_failure,False,unusable,tracking_failure,False,unusable,tracking_failure,False,unusable,tracking_failure,False,unusable,tracking_failure,False,unusable,tracking_failure,False,unusable,tracking_failure,False,unusable,tracking_failure,False,unusable,tracking_failure,False,unusable,tracking_failure,False,unusable,tracking_failure,False,unusable,tracking_failure,False,unusable,tracking_failure,False,unusable,tracking_failure,False,unusable,tracking_failure,False,unusable,tracking_failure,False,unusable,tracking_failure,False,unusable,tracking_failure,False,unusable,tracking_failure,False,unusable,tracking_failure,False,unusable,tracking_failure,False,unusable,tracking_failure,False,unusable,tracking_failure,False,unusable,tracking_failure,False,unusable,tracking_failure,False,unusable,tracking_failure,False,unusable,tracking_failure,False,unusable,tracking_failure,False,unusable,tracking_failure
KVAL0014,8,9,-1,False,unusable,tracking_failure,False,unusable,tracking_failure,False,unusable,tracking_failure,False,unusable,tracking_failure,False,unusable,tracking_failure,False,unusable,tracking_failure,False,unusable,tracking_failure,False,unusable,tracking_failure,False,unusable,tracking_failure,False,unusable,tracking_failure,False,unusable,tracking_failure,False,unusable,tracking_failure,False,unusable,tracking_failure,False,unusable,tracking_failure,False,unusable,tracking_failure,False,unusable,tracking_failure,False,unusable,tracking_failure,False,unusable,tracking_failure,False,unusable,tracking_failure,False,unusable,tracking_failure,False,unusable,tracking_failure,False,unusable,tracking_failure,False,unusable,tracking_failure,False,unusable,tracking_failure,False,unusable,tracking_failure,False,unusable,tracking_failure,False,unusable,tracking_failure,False,unusable,tracking_failure,False,unusable,tracking_failure,False,unusable,tracking_failure,False,unusable,tracking_failure,False,unusable,tracking_failure
KVAL0014,9,10,-1,False,unusable,tracking_failure,False,unusable,tracking_failure,False,unusable,tracking_failure,False,unusable,tracking_failure,False,unusable,tracking_failure,False,unusable,tracking_failure,False,unusable,tracking_failure,False,unusable,tracking_failure,False,unusable,tracking_failure,False,unusable,tracking_failure,False,unusable,tracking_failure,False,unusable,tracking_failure,False,unusable,tracking_failure,False,unusable,tracking_failure,False,unusable,tracking_failure,False,unusable,tracking_failure,False,unusable,tracking_failure,False,unusable,tracking_failure,False,unusable,tracking_failure,False,unusable,tracking_failure,False,unusable,tracking_failure,False,unusable,tracking_failure,False,unusable,tracking_failure,False,unusable,tracking_failure,False,unusable,tracking_failure,False,unusable,tracking_failure,False,unusable,tracking_failure,False,unusable,tracking_failure,False,unusable,tracking_failure,False,unusable,tracking_failure,False,unusable,tracking_failure,False,unusable,tracking_failure
KVAL0014,10,11,-1,False,unusable,tracking_failure,False,unusable,tracking_failure,False,unusable,tracking_failure,False,unusable,tracking_failure,False,unusable,tracking_failure,False,unusable,tracking_failure,False,unusable,tracking_failure,False,unusable,tracking_failure,False,unusable,tracking_failure,False,unusable,tracking_failure,False,unusable,tracking_failure,False,unusable,tracking_failure,False,unusable,tracking_failure,False,unusable,tracking_failure,False,unusable,tracking_failure,False,unusable,tracking_failure,False,unusable,tracking_failure,False,unusable,tracking_failure,False,unusable,tracking_failure,False,unusable,tracking_failure,False,unusable,tracking_failure,False,unusable,tracking_failure,False,unusable,tracking_failure,False,unusable,tracking_failure,False,unusable,tracking_failure,False,unusable,tracking_failure,False,unusable,tracking_failure,False,unusable,tracking_failure,False,unusable,tracking_failure,False,unusable,tracking_failure,False,unusable,tracking_failure,False,unusable,tracking_failure
KVAL0014,11,12,-1,False,unusable,tracking_failure,False,unusable,tracking_failure,False,unusable,tracking_failure,False,unusable,tracking_failure,False,unusable,tracking_failure,False,unusable,tracking_failure,False,unusable,tracking_failure,False,unusable,tracking_failure,False,unusable,tracking_failure,False,unusable,tracking_failure,False,unusable,tracking_failure,False,unusable,tracking_failure,False,unusable,tracking_failure,False,unusable,tracking_failure,False,unusable,tracking_failure,False,unusable,tracking_failure,False,unusable,tracking_failure,False,unusable,tracking_failure,False,unusable,tracking_failure,False,unusable,tracking_failure,False,unusable,tracking_failure,False,unusable,tracking_failure,False,unusable,tracking_failure,False,unusable,tracking_failure,False,unusable,tracking_failure,False,unusable,tracking_failure,False,unusable,tracking_failure,False,unusable,tracking_failure,False,unusable,tracking_failure,False,unusable,tracking_failure,False,unusable,tracking_failure,False,unusable,tracking_failure
KVAL0014,12,13,-1,False,unusable,tracking_failure,False,unusable,tracking_failure,False,unusable,tracking_failure,False,unusable,tracking_failure,False,unusable,tracking_failure,False,unusable,tracking_failure,False,unusable,tracking_failure,False,unusable,tracking_failure,False,unusable,tracking_failure,False,unusable,tracking_failure,False,unusable,tracking_failure,False,unusable,tracking_failure,False,unusable,tracking_failure,False,unusable,tracking_failure,False,unusable,tracking_failure,False,unusable,tracking_failure,False,unusable,tracking_failure,False,unusable,tracking_failure,False,unusable,tracking_failure,False,unusable,tracking_failure,False,unusable,tracking_failure,False,unusable,tracking_failure,False,unusable,tracking_failure,False,unusable,tracking_failure,False,unusable,tracking_failure,False,unusable,tracking_failure,False,unusable,tracking_failure,False,unusable,tracking_failure,False,unusable,tracking_failure,False,unusable,tracking_failure,False,unusable,tracking_failure,False,unusable,tracking_failure
KVAL0014,13,14,-1,False,unusable,tracking_failure,False,unusable,tracking_failure,False,unusable,tracking_failure,False,unusable,tracking_failure,False,unusable,tracking_failure,False,unusable,tracking_failure,False,unusable,tracking_failure,False,unusable,tracking_failure,False,unusable,tracking_failure,False,unusable,tracking_failure,False,unusable,tracking_failure,False,unusable,tracking_failure,False,unusable,tracking_failure,False,unusable,tracking_failure,False,unusable,tracking_failure,False,unusable,tracking_failure,False,unusable,tracking_failure,False,unusable,tracking_failure,False,unusable,tracking_failure,False,unusable,tracking_failure,False,unusable,tracking_failure,False,unusable,tracking_failure,False,unusable,tracking_failure,False,unusable,tracking_failure,False,unusable,tracking_failure,False,unusable,tracking_failure,False,unusable,tracking_failure,False,unusable,tracking_failure,False,unusable,tracking_failure,False,unusable,tracking_failure,False,unusable,tracking_failure,False,unusable,tracking_failure
KVAL0014,14,15,-1,False,unusable,tracking_failure,False,unusable,tracking_failure,False,unusable,tracking_failure,False,unusable,tracking_failure,False,unusable,tracking_failure,False,unusable,tracking_failure,False,unusable,tracking_failure,False,unusable,tracking_failure,False,unusable,tracking_failure,False,unusable,tracking_failure,False,unusable,tracking_failure,False,unusable,tracking_failure,False,unusable,tracking_failure,False,unusable,tracking_failure,False,unusable,tracking_failure,False,unusable,tracking_failure,False,unusable,tracking_failure,False,unusable,tracking_failure,False,unusable,tracking_failure,False,unusable,tracking_failure,False,unusable,tracking_failure,False,unusable,tracking_failure,False,unusable,tracking_failure,False,unusable,tracking_failure,False,unusable,tracking_failure,False,unusable,tracking_failure,False,unusable,tracking_failure,False,unusable,tracking_failure,False,unusable,tracking_failure,False,unusable,tracking_failure,False,unusable,tracking_failure,False,unusable,tracking_failure
KVAL0014,15,16,-1,False,unusable,tracking_failure,False,unusable,tracking_failure,False,unusable,tracking_failure,False,unusable,tracking_failure,False,unusable,tracking_failure,False,unusable,tracking_failure,False,unusable,tracking_failure,False,unusable,tracking_failure,False,unusable,tracking_failure,False,unusable,tracking_failure,False,unusable,tracking_failure,False,unusable,tracking_failure,False,unusable,tracking_failure,False,unusable,tracking_failure,False,unusable,tracking_failure,False,unusable,tracking_failure,False,unusable,tracking_failure,False,unusable,tracking_failure,False,unusable,tracking_failure,False,unusable,tracking_failure,False,unusable,tracking_failure,False,unusable,tracking_failure,False,unusable,tracking_failure,False,unusable,tracking_failure,False,unusable,tracking_failure,False,unusable,tracking_failure,False,unusable,tracking_failure,False,unusable,tracking_failure,False,unusable,tracking_failure,False,unusable,tracking_failure,False,unusable,tracking_failure,False,unusable,tracking_failure
KVAL0014,16,17,-1,False,unusable,tracking_failure,False,unusable,tracking_failure,False,unusable,tracking_failure,False,unusable,tracking_failure,False,unusable,tracking_failure,False,unusable,tracking_failure,False,unusable,tracking_failure,False,unusable,tracking_failure,False,unusable,tracking_failure,False,unusable,tracking_failure,False,unusable,tracking_failure,False,unusable,tracking_failure,False,unusable,tracking_failure,False,unusable,tracking_failure,False,unusable,tracking_failure,False,unusable,tracking_failure,False,unusable,tracking_failure,False,unusable,tracking_failure,False,unusable,tracking_failure,False,unusable,tracking_failure,False,unusable,tracking_failure,False,unusable,tracking_failure,False,unusable,tracking_failure,False,unusable,tracking_failure,False,unusable,tracking_failure,False,unusable,tracking_failure,False,unusable,tracking_failure,False,unusable,tracking_failure,False,unusable,tracking_failure,False,unusable,tracking_failure,False,unusable,tracking_failure,False,unusable,tracking_failure
KVAL0014,17,18,-1,False,unusable,tracking_failure,False,unusable,tracking_failure,False,unusable,tracking_failure,False,unusable,tracking_failure,False,unusable,tracking_failure,False,unusable,tracking_failure,False,unusable,tracking_failure,False,unusable,tracking_failure,False,unusable,tracking_failure,False,unusable,tracking_failure,False,unusable,tracking_failure,False,unusable,tracking_failure,False,unusable,tracking_failure,False,unusable,tracking_failure,False,unusable,tracking_failure,False,unusable,tracking_failure,False,unusable,tracking_failure,False,unusable,tracking_failure,False,unusable,tracking_failure,False,unusable,tracking_failure,False,unusable,tracking_failure,False,unusable,tracking_failure,False,unusable,tracking_failure,False,unusable,tracking_failure,False,unusable,tracking_failure,False,unusable,tracking_failure,False,unusable,tracking_failure,False,unusable,tracking_failure,False,unusable,tracking_failure,False,unusable,tracking_failure,False,unusable,tracking_failure,False,unusable,tracking_failure
KVAL0014,18,19,-1,False,unusable,tracking_failure,False,unusable,tracking_failure,False,unusable,tracking_failure,False,unusable,tracking_failure,False,unusable,tracking_failure,False,unusable,tracking_failure,False,unusable,tracking_failure,False,unusable,tracking_failure,False,unusable,tracking_failure,False,unusable,tracking_failure,False,unusable,tracking_failure,False,unusable,tracking_failure,False,unusable,tracking_failure,False,unusable,tracking_failure,False,unusable,tracking_failure,False,unusable,tracking_failure,False,unusable,tracking_failure,False,unusable,tracking_failure,False,unusable,tracking_failure,False,unusable,tracking_failure,False,unusable,tracking_failure,False,unusable,tracking_failure,False,unusable,tracking_failure,False,unusable,tracking_failure,False,unusable,tracking_failure,False,unusable,tracking_failure,False,unusable,tracking_failure,False,unusable,tracking_failure,False,unusable,tracking_failure,False,unusable,tracking_failure,False,unusable,tracking_failure,False,unusable,tracking_failure
KVAL0014,19,20,-1,False,unusable,tracking_failure,False,unusable,tracking_failure,False,unusable,tracking_failure,False,unusable,tracking_failure,False,unusable,tracking_failure,False,unusable,tracking_failure,False,unusable,tracking_failure,False,unusable,tracking_failure,False,unusable,tracking_failure,False,unusable,tracking_failure,False,unusable,tracking_failure,False,unusable,tracking_failure,False,unusable,tracking_failure,False,unusable,tracking_failure,False,unusable,tracking_failure,False,unusable,tracking_failure,False,unusable,tracking_failure,False,unusable,tracking_failure,False,unusable,tracking_failure,False,unusable,tracking_failure,False,unusable,tracking_failure,False,unusable,tracking_failure,False,unusable,tracking_failure,False,unusable,tracking_failure,False,unusable,tracking_failure,False,unusable,tracking_failure,False,unusable,tracking_failure,False,unusable,tracking_failure,False,unusable,tracking_failure,False,unusable,tracking_failure,False,unusable,tracking_failure,False,unusable,tracking_failure
KVAL0014,20,21,-1,False,unusable,tracking_failure,False,unusable,tracking_failure,False,unusable,tracking_failure,False,unusable,tracking_failure,False,unusable,tracking_failure,False,unusable,tracking_failure,False,unusable,tracking_failure,False,unusable,tracking_failure,False,unusable,tracking_failure,False,unusable,tracking_failure,False,unusable,tracking_failure,False,unusable,tracking_failure,False,unusable,tracking_failure,False,unusable,tracking_failure,False,unusable,tracking_failure,False,unusable,tracking_failure,False,unusable,tracking_failure,False,unusable,tracking_failure,False,unusable,tracking_failure,False,unusable,tracking_failure,False,unusable,tracking_failure,False,unusable,tracking_failure,False,unusable,tracking_failure,False,unusable,tracking_failure,False,unusable,tracking_failure,False,unusable,tracking_failure,False,unusable,tracking_failure,False,unusable,tracking_failure,False,unusable,tracking_failure,False,unusable,tracking_failure,False,unusable,tracking_failure,False,unusable,tracking_failure
KVAL0014,21,22,-1,False,unusable,tracking_failure,False,unusable,tracking_failure,False,unusable,tracking_failure,False,unusable,tracking_failure,False,unusable,tracking_failure,False,unusable,tracking_failure,False,unusable,tracking_failure,False,unusable,tracking_failure,False,unusable,tracking_failure,False,unusable,tracking_failure,False,unusable,tracking_failure,False,unusable,tracking_failure,False,unusable,tracking_failure,False,unusable,tracking_failure,False,unusable,tracking_failure,False,unusable,tracking_failure,False,unusable,tracking_failure,False,unusable,tracking_failure,False,unusable,tracking_failure,False,unusable,tracking_failure,False,unusable,tracking_failure,False,unusable,tracking_failure,False,unusable,tracking_failure,False,unusable,tracking_failure,False,unusable,tracking_failure,False,unusable,tracking_failure,False,unusable,tracking_failure,False,unusable,tracking_failure,False,unusable,tracking_failure,False,unusable,tracking_failure,False,unusable,tracking_failure,False,unusable,tracking_failure
KVAL0014,22,23,-1,False,unusable,tracking_failure,False,unusable,tracking_failure,False,unusable,tracking_failure,False,unusable,tracking_failure,False,unusable,tracking_failure,False,unusable,tracking_failure,False,unusable,tracking_failure,False,unusable,tracking_failure,False,unusable,tracking_failure,False,unusable,tracking_failure,False,unusable,tracking_failure,False,unusable,tracking_failure,False,unusable,tracking_failure,False,unusable,tracking_failure,False,unusable,tracking_failure,False,unusable,tracking_failure,False,unusable,tracking_failure,False,unusable,tracking_failure,False,unusable,tracking_failure,False,unusable,tracking_failure,False,unusable,tracking_failure,False,unusable,tracking_failure,False,unusable,tracking_failure,False,unusable,tracking_failure,False,unusable,tracking_failure,False,unusable,tracking_failure,False,unusable,tracking_failure,False,unusable,tracking_failure,False,unusable,tracking_failure,False,unusable,tracking_failure,False,unusable,tracking_failure,False,unusable,tracking_failure
KVAL0014,23,24,-1,False,unusable,tracking_failure,False,unusable,tracking_failure,False,unusable,tracking_failure,False,unusable,tracking_failure,False,unusable,tracking_failure,False,unusable,tracking_failure,False,unusable,tracking_failure,False,unusable,tracking_failure,False,unusable,tracking_failure,False,unusable,tracking_failure,False,unusable,tracking_failure,False,unusable,tracking_failure,False,unusable,tracking_failure,False,unusable,tracking_failure,False,unusable,tracking_failure,False,unusable,tracking_failure,False,unusable,tracking_failure,False,unusable,tracking_failure,False,unusable,tracking_failure,False,unusable,tracking_failure,False,unusable,tracking_failure,False,unusable,tracking_failure,False,unusable,tracking_failure,False,unusable,tracking_failure,False,unusable,tracking_failure,False,unusable,tracking_failure,False,unusable,tracking_failure,False,unusable,tracking_failure,False,unusable,tracking_failure,False,unusable,tracking_failure,False,unusable,tracking_failure,False,unusable,tracking_failure
KVAL0014,24,25,-1,False,unusable,tracking_failure,False,unusable,tracking_failure,False,unusable,tracking_failure,False,unusable,tracking_failure,False,unusable,tracking_failure,False,unusable,tracking_failure,False,unusable,tracking_failure,False,unusable,tracking_failure,False,unusable,tracking_failure,False,unusable,tracking_failure,False,unusable,tracking_failure,False,unusable,tracking_failure,False,unusable,tracking_failure,False,unusable,tracking_failure,False,unusable,tracking_failure,False,unusable,tracking_failure,False,unusable,tracking_failure,False,unusable,tracking_failure,False,unusable,tracking_failure,False,unusable,tracking_failure,False,unusable,tracking_failure,False,unusable,tracking_failure,False,unusable,tracking_failure,False,unusable,tracking_failure,False,unusable,tracking_failure,False,unusable,tracking_failure,False,unusable,tracking_failure,False,unusable,tracking_failure,False,unusable,tracking_failure,False,unusable,tracking_failure,False,unusable,tracking_failure,False,unusable,tracking_failure
KVAL0014,25,26,-1,False,unusable,tracking_failure,False,unusable,tracking_failure,False,unusable,tracking_failure,False,unusable,tracking_failure,False,unusable,tracking_failure,False,unusable,tracking_failure,False,unusable,tracking_failure,False,unusable,tracking_failure,False,unusable,tracking_failure,False,unusable,tracking_failure,False,unusable,tracking_failure,False,unusable,tracking_failure,False,unusable,tracking_failure,False,unusable,tracking_failure,False,unusable,tracking_failure,False,unusable,tracking_failure,False,unusable,tracking_failure,False,unusable,tracking_failure,False,unusable,tracking_failure,False,unusable,tracking_failure,False,unusable,tracking_failure,False,unusable,tracking_failure,False,unusable,tracking_failure,False,unusable,tracking_failure,False,unusable,tracking_failure,False,unusable,tracking_failure,False,unusable,tracking_failure,False,unusable,tracking_failure,False,unusable,tracking_failure,False,unusable,tracking_failure,False,unusable,tracking_failure,False,unusable,tracking_failure
KVAL0014,26,27,-1,False,unusable,tracking_failure,False,unusable,tracking_failure,False,unusable,tracking_failure,False,unusable,tracking_failure,False,unusable,tracking_failure,False,unusable,tracking_failure,False,unusable,tracking_failure,False,unusable,tracking_failure,False,unusable,tracking_failure,False,unusable,tracking_failure,False,unusable,tracking_failure,False,unusable,tracking_failure,False,unusable,tracking_failure,False,unusable,tracking_failure,False,unusable,tracking_failure,False,unusable,tracking_failure,False,unusable,tracking_failure,False,unusable,tracking_failure,False,unusable,tracking_failure,False,unusable,tracking_failure,False,unusable,tracking_failure,False,unusable,tracking_failure,False,unusable,tracking_failure,False,unusable,tracking_failure,False,unusable,tracking_failure,False,unusable,tracking_failure,False,unusable,tracking_failure,False,unusable,tracking_failure,False,unusable,tracking_failure,False,unusable,tracking_failure,False,unusable,tracking_failure,False,unusable,tracking_failure
KVAL0014,27,28,-1,False,unusable,tracking_failure,False,unusable,tracking_failure,False,unusable,tracking_failure,False,unusable,tracking_failure,False,unusable,tracking_failure,False,unusable,tracking_failure,False,unusable,tracking_failure,False,unusable,tracking_failure,False,unusable,tracking_failure,False,unusable,tracking_failure,False,unusable,tracking_failure,False,unusable,tracking_failure,False,unusable,tracking_failure,False,unusable,tracking_failure,False,unusable,tracking_failure,False,unusable,tracking_failure,False,unusable,tracking_failure,False,unusable,tracking_failure,False,unusable,tracking_failure,False,unusable,tracking_failure,False,unusable,tracking_failure,False,unusable,tracking_failure,False,unusable,tracking_failure,False,unusable,tracking_failure,False,unusable,tracking_failure,False,unusable,tracking_failure,False,unusable,tracking_failure,False,unusable,tracking_failure,False,unusable,tracking_failure,False,unusable,tracking_failure,False,unusable,tracking_failure,False,unusable,tracking_failure
KVAL0014,28,29,-1,False,unusable,tracking_failure,False,unusable,tracking_failure,False,unusable,tracking_failure,False,unusable,tracking_failure,False,unusable,tracking_failure,False,unusable,tracking_failure,False,unusable,tracking_failure,False,unusable,tracking_failure,False,unusable,tracking_failure,False,unusable,tracking_failure,False,unusable,tracking_failure,False,unusable,tracking_failure,False,unusable,tracking_failure,False,unusable,tracking_failure,False,unusable,tracking_failure,False,unusable,tracking_failure,False,unusable,tracking_failure,False,unusable,tracking_failure,False,unusable,tracking_failure,False,unusable,tracking_failure,False,unusable,tracking_failure,False,unusable,tracking_failure,False,unusable,tracking_failure,False,unusable,tracking_failure,False,unusable,tracking_failure,False,unusable,tracking_failure,False,unusable,tracking_failure,False,unusable,tracking_failure,False,unusable,tracking_failure,False,unusable,tracking_failure,False,unusable,tracking_failure,False,unusable,tracking_failure
KVAL0014,29,30,-1,False,unusable,tracking_failure,False,unusable,tracking_failure,False,unusable,tracking_failure,False,unusable,tracking_failure,False,unusable,tracking_failure,False,unusable,tracking_failure,False,unusable,tracking_failure,False,unusable,tracking_failure,False,unusable,tracking_failure,False,unusable,tracking_failure,False,unusable,tracking_failure,False,unusable,tracking_failure,False,unusable,tracking_failure,False,unusable,tracking_failure,False,unusable,tracking_failure,False,unusable,tracking_failure,False,unusable,tracking_failure,False,unusable,tracking_failure,False,unusable,tracking_failure,False,unusable,tracking_failure,False,unusable,tracking_failure,False,unusable,tracking_failure,False,unusable,tracking_failure,False,unusable,tracking_failure,False,unusable,tracking_failure,False,unusable,tracking_failure,False,unusable,tracking_failure,False,unusable,tracking_failure,False,unusable,tracking_failure,False,unusable,tracking_failure,False,unusable,tracking_failure,False,unusable,tracking_failure
KVAL0014,30,31,-1,False,unusable,tracking_failure,False,unusable,tracking_failure,False,unusable,tracking_failure,False,unusable,tracking_failure,False,unusable,tracking_failure,False,unusable,tracking_failure,False,unusable,tracking_failure,False,unusable,tracking_failure,False,unusable,tracking_failure,False,unusable,tracking_failure,False,unusable,tracking_failure,False,unusable,tracking_failure,False,unusable,tracking_failure,False,unusable,tracking_failure,False,unusable,tracking_failure,False,unusable,tracking_failure,False,unusable,tracking_failure,False,unusable,tracking_failure,False,unusable,tracking_failure,False,unusable,tracking_failure,False,unusable,tracking_failure,False,unusable,tracking_failure,False,unusable,tracking_failure,False,unusable,tracking_failure,False,unusable,tracking_failure,False,unusable,tracking_failure,False,unusable,tracking_failure,False,unusable,tracking_failure,False,unusable,tracking_failure,False,unusable,tracking_failure,False,unusable,tracking_failure,False,unusable,tracking_failure
KVAL0014,31,32,-1,False,unusable,tracking_failure,False,unusable,tracking_failure,False,unusable,tracking_failure,False,unusable,tracking_failure,False,unusable,tracking_failure,False,unusable,tracking_failure,False,unusable,tracking_failure,False,unusable,tracking_failure,False,unusable,tracking_failure,False,unusable,tracking_failure,False,unusable,tracking_failure,False,unusable,tracking_failure,False,unusable,tracking_failure,False,unusable,tracking_failure,False,unusable,tracking_failure,False,unusable,tracking_failure,False,unusable,tracking_failure,False,unusable,tracking_failure,False,unusable,tracking_failure,False,unusable,tracking_failure,False,unusable,tracking_failure,False,unusable,tracking_failure,False,unusable,tracking_failure,False,unusable,tracking_failure,False,unusable,tracking_failure,False,unusable,tracking_failure,False,unusable,tracking_failure,False,unusable,tracking_failure,False,unusable,tracking_failure,False,unusable,tracking_failure,False,unusable,tracking_failure,False,unusable,tracking_failure
KVAL0014,32,33,-1,False,unusable,tracking_failure,False,unusable,tracking_failure,False,unusable,tracking_failure,False,unusable,tracking_failure,False,unusable,tracking_failure,False,unusable,tracking_failure,False,unusable,tracking_failure,False,unusable,tracking_failure,False,unusable,tracking_failure,False,unusable,tracking_failure,False,unusable,tracking_failure,False,unusable,tracking_failure,False,unusable,tracking_failure,False,unusable,tracking_failure,False,unusable,tracking_failure,False,unusable,tracking_failure,False,unusable,tracking_failure,False,unusable,tracking_failure,False,unusable,tracking_failure,False,unusable,tracking_failure,False,unusable,tracking_failure,False,unusable,tracking_failure,False,unusable,tracking_failure,False,unusable,tracking_failure,False,unusable,tracking_failure,False,unusable,tracking_failure,False,unusable,tracking_failure,False,unusable,tracking_failure,False,unusable,tracking_failure,False,unusable,tracking_failure,False,unusable,tracking_failure,False,unusable,tracking_failure
KVAL0014,33,34,-1,False,unusable,tracking_failure,False,unusable,tracking_failure,False,unusable,tracking_failure,False,unusable,tracking_failure,False,unusable,tracking_failure,False,unusable,tracking_failure,False,unusable,tracking_failure,False,unusable,tracking_failure,False,unusable,tracking_failure,False,unusable,tracking_failure,False,unusable,tracking_failure,False,unusable,tracking_failure,False,unusable,tracking_failure,False,unusable,tracking_failure,False,unusable,tracking_failure,False,unusable,tracking_failure,False,unusable,tracking_failure,False,unusable,tracking_failure,False,unusable,tracking_failure,False,unusable,tracking_failure,False,unusable,tracking_failure,False,unusable,tracking_failure,False,unusable,tracking_failure,False,unusable,tracking_failure,False,unusable,tracking_failure,False,unusable,tracking_failure,False,unusable,tracking_failure,False,unusable,tracking_failure,False,unusable,tracking_failure,False,unusable,tracking_failure,False,unusable,tracking_failure,False,unusable,tracking_failure
KVAL0014,34,35,-1,False,unusable,tracking_failure,False,unusable,tracking_failure,False,unusable,tracking_failure,False,unusable,tracking_failure,False,unusable,tracking_failure,False,unusable,tracking_failure,False,unusable,tracking_failure,False,unusable,tracking_failure,False,unusable,tracking_failure,False,unusable,tracking_failure,False,unusable,tracking_failure,False,unusable,tracking_failure,False,unusable,tracking_failure,False,unusable,tracking_failure,False,unusable,tracking_failure,False,unusable,tracking_failure,False,unusable,tracking_failure,False,unusable,tracking_failure,False,unusable,tracking_failure,False,unusable,tracking_failure,False,unusable,tracking_failure,False,unusable,tracking_failure,False,unusable,tracking_failure,False,unusable,tracking_failure,False,unusable,tracking_failure,False,unusable,tracking_failure,False,unusable,tracking_failure,False,unusable,tracking_failure,False,unusable,tracking_failure,False,unusable,tracking_failure,False,unusable,tracking_failure,False,unusable,tracking_failure
KVAL0014,35,36,-1,False,unusable,tracking_failure,False,unusable,tracking_failure,False,unusable,tracking_failure,False,unusable,tracking_failure,False,unusable,tracking_failure,False,unusable,tracking_failure,False,unusable,tracking_failure,False,unusable,tracking_failure,False,unusable,tracking_failure,False,unusable,tracking_failure,False,unusable,tracking_failure,False,unusable,tracking_failure,False,unusable,tracking_failure,False,unusable,tracking_failure,False,unusable,tracking_failure,False,unusable,tracking_failure,False,unusable,tracking_failure,False,unusable,tracking_failure,False,unusable,tracking_failure,False,unusable,tracking_failure,False,unusable,tracking_failure,False,unusable,tracking_failure,False,unusable,tracking_failure,False,unusable,tracking_failure,False,unusable,tracking_failure,False,unusable,tracking_failure,False,unusable,tracking_failure,False,unusable,tracking_failure,False,unusable,tracking_failure,False,unusable,tracking_failure,False,unusable,tracking_failure,False,unusable,tracking_failure
KVAL0014,36,37,-1,False,unusable,tracking_failure,False,unusable,tracking_failure,False,unusable,tracking_failure,False,unusable,tracking_failure,False,unusable,tracking_failure,False,unusable,tracking_failure,False,unusable,tracking_failure,False,unusable,tracking_failure,False,unusable,tracking_failure,False,unusable,tracking_failure,False,unusable,tracking_failure,False,unusable,tracking_failure,False,unusable,tracking_failure,False,unusable,tracking_failure,False,unusable,tracking_failure,False,unusable,tracking_failure,False,unusable,tracking_failure,False,unusable,tracking_failure,False,unusable,tracking_failure,False,unusable,tracking_failure,False,unusable,tracking_failure,False,unusable,tracking_failure,False,unusable,tracking_failure,False,unusable,tracking_failure,False,unusable,tracking_failure,False,unusable,tracking_failure,False,unusable,tracking_failure,False,unusable,tracking_failure,False,unusable,tracking_failure,False,unusable,tracking_failure,False,unusable,tracking_failure,False,unusable,tracking_failure
KVAL0014,37,38,-1,False,unusable,tracking_failure,False,unusable,tracking_failure,False,unusable,tracking_failure,False,unusable,tracking_failure,False,unusable,tracking_failure,False,unusable,tracking_failure,False,unusable,tracking_failure,False,unusable,tracking_failure,False,unusable,tracking_failure,False,unusable,tracking_failure,False,unusable,tracking_failure,False,unusable,tracking_failure,False,unusable,tracking_failure,False,unusable,tracking_failure,False,unusable,tracking_failure,False,unusable,tracking_failure,False,unusable,tracking_failure,False,unusable,tracking_failure,False,unusable,tracking_failure,False,unusable,tracking_failure,False,unusable,tracking_failure,False,unusable,tracking_failure,False,unusable,tracking_failure,False,unusable,tracking_failure,False,unusable,tracking_failure,False,unusable,tracking_failure,False,unusable,tracking_failure,False,unusable,tracking_failure,False,unusable,tracking_failure,False,unusable,tracking_failure,False,unusable,tracking_failure,False,unusable,tracking_failure
KVAL0014,38,39,-1,False,unusable,tracking_failure,False,unusable,tracking_failure,False,unusable,tracking_failure,False,unusable,tracking_failure,False,unusable,tracking_failure,False,unusable,tracking_failure,False,unusable,tracking_failure,False,unusable,tracking_failure,False,unusable,tracking_failure,False,unusable,tracking_failure,False,unusable,tracking_failure,False,unusable,tracking_failure,False,unusable,tracking_failure,False,unusable,tracking_failure,False,unusable,tracking_failure,False,unusable,tracking_failure,False,unusable,tracking_failure,False,unusable,tracking_failure,False,unusable,tracking_failure,False,unusable,tracking_failure,False,unusable,tracking_failure,False,unusable,tracking_failure,False,unusable,tracking_failure,False,unusable,tracking_failure,False,unusable,tracking_failure,False,unusable,tracking_failure,False,unusable,tracking_failure,False,unusable,tracking_failure,False,unusable,tracking_failure,False,unusable,tracking_failure,False,unusable,tracking_failure,False,unusable,tracking_failure
KVAL0014,39,40,-1,False,unusable,tracking_failure,False,unusable,tracking_failure,False,unusable,tracking_failure,False,unusable,tracking_failure,False,unusable,tracking_failure,False,unusable,tracking_failure,False,unusable,tracking_failure,False,unusable,tracking_failure,False,unusable,tracking_failure,False,unusable,tracking_failure,False,unusable,tracking_failure,False,unusable,tracking_failure,False,unusable,tracking_failure,False,unusable,tracking_failure,False,unusable,tracking_failure,False,unusable,tracking_failure,False,unusable,tracking_failure,False,unusable,tracking_failure,False,unusable,tracking_failure,False,unusable,tracking_failure,False,unusable,tracking_failure,False,unusable,tracking_failure,False,unusable,tracking_failure,False,unusable,tracking_failure,False,unusable,tracking_failure,False,unusable,tracking_failure,False,unusable,tracking_failure,False,unusable,tracking_failure,False,unusable,tracking_failure,False,unusable,tracking_failure,False,unusable,tracking_failure,False,unusable,tracking_failure
KVAL0014,40,41,-1,False,unusable,tracking_failure,False,unusable,tracking_failure,False,unusable,tracking_failure,False,unusable,tracking_failure,False,unusable,tracking_failure,False,unusable,tracking_failure,False,unusable,tracking_failure,False,unusable,tracking_failure,False,unusable,tracking_failure,False,unusable,tracking_failure,False,unusable,tracking_failure,False,unusable,tracking_failure,False,unusable,tracking_failure,False,unusable,tracking_failure,False,unusable,tracking_failure,False,unusable,tracking_failure,False,unusable,tracking_failure,False,unusable,tracking_failure,False,unusable,tracking_failure,False,unusable,tracking_failure,False,unusable,tracking_failure,False,unusable,tracking_failure,False,unusable,tracking_failure,False,unusable,tracking_failure,False,unusable,tracking_failure,False,unusable,tracking_failure,False,unusable,tracking_failure,False,unusable,tracking_failure,False,unusable,tracking_failure,False,unusable,tracking_failure,False,unusable,tracking_failure,False,unusable,tracking_failure
KVAL0014,41,42,-1,False,unusable,tracking_failure,False,unusable,tracking_failure,False,unusable,tracking_failure,False,unusable,tracking_failure,False,unusable,tracking_failure,False,unusable,tracking_failure,False,unusable,tracking_failure,False,unusable,tracking_failure,False,unusable,tracking_failure,False,unusable,tracking_failure,False,unusable,tracking_failure,False,unusable,tracking_failure,False,unusable,tracking_failure,False,unusable,tracking_failure,False,unusable,tracking_failure,False,unusable,tracking_failure,False,unusable,tracking_failure,False,unusable,tracking_failure,False,unusable,tracking_failure,False,unusable,tracking_failure,False,unusable,tracking_failure,False,unusable,tracking_failure,False,unusable,tracking_failure,False,unusable,tracking_failure,False,unusable,tracking_failure,False,unusable,tracking_failure,False,unusable,tracking_failure,False,unusable,tracking_failure,False,unusable,tracking_failure,False,unusable,tracking_failure,False,unusable,tracking_failure,False,unusable,tracking_failure
KVAL0014,42,43,-1,False,unusable,tracking_failure,False,unusable,tracking_failure,False,unusable,tracking_failure,False,unusable,tracking_failure,False,unusable,tracking_failure,False,unusable,tracking_failure,False,unusable,tracking_failure,False,unusable,tracking_failure,False,unusable,tracking_failure,False,unusable,tracking_failure,False,unusable,tracking_failure,False,unusable,tracking_failure,False,unusable,tracking_failure,False,unusable,tracking_failure,False,unusable,tracking_failure,False,unusable,tracking_failure,False,unusable,tracking_failure,False,unusable,tracking_failure,False,unusable,tracking_failure,False,unusable,tracking_failure,False,unusable,tracking_failure,False,unusable,tracking_failure,False,unusable,tracking_failure,False,unusable,tracking_failure,False,unusable,tracking_failure,False,unusable,tracking_failure,False,unusable,tracking_failure,False,unusable,tracking_failure,False,unusable,tracking_failure,False,unusable,tracking_failure,False,unusable,tracking_failure,False,unusable,tracking_failure
KVAL0014,43,44,-1,False,unusable,tracking_failure,False,unusable,tracking_failure,False,unusable,tracking_failure,False,unusable,tracking_failure,False,unusable,tracking_failure,False,unusable,tracking_failure,False,unusable,tracking_failure,False,unusable,tracking_failure,False,unusable,tracking_failure,False,unusable,tracking_failure,False,unusable,tracking_failure,False,unusable,tracking_failure,False,unusable,tracking_failure,False,unusable,tracking_failure,False,unusable,tracking_failure,False,unusable,tracking_failure,False,unusable,tracking_failure,False,unusable,tracking_failure,False,unusable,tracking_failure,False,unusable,tracking_failure,False,unusable,tracking_failure,False,unusable,tracking_failure,False,unusable,tracking_failure,False,unusable,tracking_failure,False,unusable,tracking_failure,False,unusable,tracking_failure,False,unusable,tracking_failure,False,unusable,tracking_failure,False,unusable,tracking_failure,False,unusable,tracking_failure,False,unusable,tracking_failure,False,unusable,tracking_failure
KVAL0014,44,45,-1,False,unusable,tracking_failure,False,unusable,tracking_failure,False,unusable,tracking_failure,False,unusable,tracking_failure,False,unusable,tracking_failure,False,unusable,tracking_failure,False,unusable,tracking_failure,False,unusable,tracking_failure,False,unusable,tracking_failure,False,unusable,tracking_failure,False,unusable,tracking_failure,False,unusable,tracking_failure,False,unusable,tracking_failure,False,unusable,tracking_failure,False,unusable,tracking_failure,False,unusable,tracking_failure,False,unusable,tracking_failure,False,unusable,tracking_failure,False,unusable,tracking_failure,False,unusable,tracking_failure,False,unusable,tracking_failure,False,unusable,tracking_failure,False,unusable,tracking_failure,False,unusable,tracking_failure,False,unusable,tracking_failure,False,unusable,tracking_failure,False,unusable,tracking_failure,False,unusable,tracking_failure,False,unusable,tracking_failure,False,unusable,tracking_failure,False,unusable,tracking_failure,False,unusable,tracking_failure
KVAL0014,45,46,-1,False,unusable,tracking_failure,False,unusable,tracking_failure,False,unusable,tracking_failure,False,unusable,tracking_failure,False,unusable,tracking_failure,False,unusable,tracking_failure,False,unusable,tracking_failure,False,unusable,tracking_failure,False,unusable,tracking_failure,False,unusable,tracking_failure,False,unusable,tracking_failure,False,unusable,tracking_failure,False,unusable,tracking_failure,False,unusable,tracking_failure,False,unusable,tracking_failure,False,unusable,tracking_failure,False,unusable,tracking_failure,False,unusable,tracking_failure,False,unusable,tracking_failure,False,unusable,tracking_failure,False,unusable,tracking_failure,False,unusable,tracking_failure,False,unusable,tracking_failure,False,unusable,tracking_failure,False,unusable,tracking_failure,False,unusable,tracking_failure,False,unusable,tracking_failure,False,unusable,tracking_failure,False,unusable,tracking_failure,False,unusable,tracking_failure,False,unusable,tracking_failure,False,unusable,tracking_failure
KVAL0014,46,47,-1,False,unusable,tracking_failure,False,unusable,tracking_failure,False,unusable,tracking_failure,False,unusable,tracking_failure,False,unusable,tracking_failure,False,unusable,tracking_failure,False,unusable,tracking_failure,False,unusable,tracking_failure,False,unusable,tracking_failure,False,unusable,tracking_failure,False,unusable,tracking_failure,False,unusable,tracking_failure,False,unusable,tracking_failure,False,unusable,tracking_failure,False,unusable,tracking_failure,False,unusable,tracking_failure,False,unusable,tracking_failure,False,unusable,tracking_failure,False,unusable,tracking_failure,False,unusable,tracking_failure,False,unusable,tracking_failure,False,unusable,tracking_failure,False,unusable,tracking_failure,False,unusable,tracking_failure,False,unusable,tracking_failure,False,unusable,tracking_failure,False,unusable,tracking_failure,False,unusable,tracking_failure,False,unusable,tracking_failure,False,unusable,tracking_failure,False,unusable,tracking_failure,False,unusable,tracking_failure
KVAL0014,47,48,-1,False,unusable,tracking_failure,False,unusable,tracking_failure,False,unusable,tracking_failure,False,unusable,tracking_failure,False,unusable,tracking_failure,False,unusable,tracking_failure,False,unusable,tracking_failure,False,unusable,tracking_failure,False,unusable,tracking_failure,False,unusable,tracking_failure,False,unusable,tracking_failure,False,unusable,tracking_failure,False,unusable,tracking_failure,False,unusable,tracking_failure,False,unusable,tracking_failure,False,unusable,tracking_failure,False,unusable,tracking_failure,False,unusable,tracking_failure,False,unusable,tracking_failure,False,unusable,tracking_failure,False,unusable,tracking_failure,False,unusable,tracking_failure,False,unusable,tracking_failure,False,unusable,tracking_failure,False,unusable,tracking_failure,False,unusable,tracking_failure,False,unusable,tracking_failure,False,unusable,tracking_failure,False,unusable,tracking_failure,False,unusable,tracking_failure,False,unusable,tracking_failure,False,unusable,tracking_failure
KVAL0014,48,49,-1,False,unusable,tracking_failure,False,unusable,tracking_failure,False,unusable,tracking_failure,False,unusable,tracking_failure,False,unusable,tracking_failure,False,unusable,tracking_failure,False,unusable,tracking_failure,False,unusable,tracking_failure,False,unusable,tracking_failure,False,unusable,tracking_failure,False,unusable,tracking_failure,False,unusable,tracking_failure,False,unusable,tracking_failure,False,unusable,tracking_failure,False,unusable,tracking_failure,False,unusable,tracking_failure,False,unusable,tracking_failure,False,unusable,tracking_failure,False,unusable,tracking_failure,False,unusable,tracking_failure,False,unusable,tracking_failure,False,unusable,tracking_failure,False,unusable,tracking_failure,False,unusable,tracking_failure,False,unusable,tracking_failure,False,unusable,tracking_failure,False,unusable,tracking_failure,False,unusable,tracking_failure,False,unusable,tracking_failure,False,unusable,tracking_failure,False,unusable,tracking_failure,False,unusable,tracking_failure
KVAL0014,49,50,-1,False,unusable,tracking_failure,False,unusable,tracking_failure,False,unusable,tracking_failure,False,unusable,tracking_failure,False,unusable,tracking_failure,False,unusable,tracking_failure,False,unusable,tracking_failure,False,unusable,tracking_failure,False,unusable,tracking_failure,False,unusable,tracking_failure,False,unusable,tracking_failure,False,unusable,tracking_failure,False,unusable,tracking_failure,False,unusable,tracking_failure,False,unusable,tracking_failure,False,unusable,tracking_failure,False,unusable,tracking_failure,False,unusable,tracking_failure,False,unusable,tracking_failure,False,unusable,tracking_failure,False,unusable,tracking_failure,False,unusable,tracking_failure,False,unusable,tracking_failure,False,unusable,tracking_failure,False,unusable,tracking_failure,False,unusable,tracking_failure,False,unusable,tracking_failure,False,unusable,tracking_failure,False,unusable,tracking_failure,False,unusable,tracking_failure,False,unusable,tracking_failure,False,unusable,tracking_failure
KVAL0014,50,51,-1,False,unusable,tracking_failure,False,unusable,tracking_failure,False,unusable,tracking_failure,False,unusable,tracking_failure,False,unusable,tracking_failure,False,unusable,tracking_failure,False,unusable,tracking_failure,False,unusable,tracking_failure,False,unusable,tracking_failure,False,unusable,tracking_failure,False,unusable,tracking_failure,False,unusable,tracking_failure,False,unusable,tracking_failure,False,unusable,tracking_failure,False,unusable,tracking_failure,False,unusable,tracking_failure,False,unusable,tracking_failure,False,unusable,tracking_failure,False,unusable,tracking_failure,False,unusable,tracking_failure,False,unusable,tracking_failure,False,unusable,tracking_failure,False,unusable,tracking_failure,False,unusable,tracking_failure,False,unusable,tracking_failure,False,unusable,tracking_failure,False,unusable,tracking_failure,False,unusable,tracking_failure,False,unusable,tracking_failure,False,unusable,tracking_failure,False,unusable,tracking_failure,False,unusable,tracking_failure
KVAL0014,51,52,-1,False,unusable,tracking_failure,False,unusable,tracking_failure,False,unusable,tracking_failure,False,unusable,tracking_failure,False,unusable,tracking_failure,False,unusable,tracking_failure,False,unusable,tracking_failure,False,unusable,tracking_failure,False,unusable,tracking_failure,False,unusable,tracking_failure,False,unusable,tracking_failure,False,unusable,tracking_failure,False,unusable,tracking_failure,False,unusable,tracking_failure,False,unusable,tracking_failure,False,unusable,tracking_failure,False,unusable,tracking_failure,False,unusable,tracking_failure,False,unusable,tracking_failure,False,unusable,tracking_failure,False,unusable,tracking_failure,False,unusable,tracking_failure,False,unusable,tracking_failure,False,unusable,tracking_failure,False,unusable,tracking_failure,False,unusable,tracking_failure,False,unusable,tracking_failure,False,unusable,tracking_failure,False,unusable,tracking_failure,False,unusable,tracking_failure,False,unusable,tracking_failure,False,unusable,tracking_failure
KVAL0014,52,53,-1,False,unusable,tracking_failure,False,unusable,tracking_failure,False,unusable,tracking_failure,False,unusable,tracking_failure,False,unusable,tracking_failure,False,unusable,tracking_failure,False,unusable,tracking_failure,False,unusable,tracking_failure,False,unusable,tracking_failure,False,unusable,tracking_failure,False,unusable,tracking_failure,False,unusable,tracking_failure,False,unusable,tracking_failure,False,unusable,tracking_failure,False,unusable,tracking_failure,False,unusable,tracking_failure,False,unusable,tracking_failure,False,unusable,tracking_failure,False,unusable,tracking_failure,False,unusable,tracking_failure,False,unusable,tracking_failure,False,unusable,tracking_failure,False,unusable,tracking_failure,False,unusable,tracking_failure,False,unusable,tracking_failure,False,unusable,tracking_failure,False,unusable,tracking_failure,False,unusable,tracking_failure,False,unusable,tracking_failure,False,unusable,tracking_failure,False,unusable,tracking_failure,False,unusable,tracking_failure
KVAL0014,53,54,-1,False,unusable,tracking_failure,False,unusable,tracking_failure,False,unusable,tracking_failure,False,unusable,tracking_failure,False,unusable,tracking_failure,False,unusable,tracking_failure,False,unusable,tracking_failure,False,unusable,tracking_failure,False,unusable,tracking_failure,False,unusable,tracking_failure,False,unusable,tracking_failure,False,unusable,tracking_failure,False,unusable,tracking_failure,False,unusable,tracking_failure,False,unusable,tracking_failure,False,unusable,tracking_failure,False,unusable,tracking_failure,False,unusable,tracking_failure,False,unusable,tracking_failure,False,unusable,tracking_failure,False,unusable,tracking_failure,False,unusable,tracking_failure,False,unusable,tracking_failure,False,unusable,tracking_failure,False,unusable,tracking_failure,False,unusable,tracking_failure,False,unusable,tracking_failure,False,unusable,tracking_failure,False,unusable,tracking_failure,False,unusable,tracking_failure,False,unusable,tracking_failure,False,unusable,tracking_failure
KVAL0014,54,55,-1,False,unusable,tracking_failure,False,unusable,tracking_failure,False,unusable,tracking_failure,False,unusable,tracking_failure,False,unusable,tracking_failure,False,unusable,tracking_failure,False,unusable,tracking_failure,False,unusable,tracking_failure,False,unusable,tracking_failure,False,unusable,tracking_failure,False,unusable,tracking_failure,False,unusable,tracking_failure,False,unusable,tracking_failure,False,unusable,tracking_failure,False,unusable,tracking_failure,False,unusable,tracking_failure,False,unusable,tracking_failure,False,unusable,tracking_failure,False,unusable,tracking_failure,False,unusable,tracking_failure,False,unusable,tracking_failure,False,unusable,tracking_failure,False,unusable,tracking_failure,False,unusable,tracking_failure,False,unusable,tracking_failure,False,unusable,tracking_failure,False,unusable,tracking_failure,False,unusable,tracking_failure,False,unusable,tracking_failure,False,unusable,tracking_failure,False,unusable,tracking_failure,False,unusable,tracking_failure
KVAL0014,55,56,-1,False,unusable,tracking_failure,False,unusable,tracking_failure,False,unusable,tracking_failure,False,unusable,tracking_failure,False,unusable,tracking_failure,False,unusable,tracking_failure,False,unusable,tracking_failure,False,unusable,tracking_failure,False,unusable,tracking_failure,False,unusable,tracking_failure,False,unusable,tracking_failure,False,unusable,tracking_failure,False,unusable,tracking_failure,False,unusable,tracking_failure,False,unusable,tracking_failure,False,unusable,tracking_failure,False,unusable,tracking_failure,False,unusable,tracking_failure,False,unusable,tracking_failure,False,unusable,tracking_failure,False,unusable,tracking_failure,False,unusable,tracking_failure,False,unusable,tracking_failure,False,unusable,tracking_failure,False,unusable,tracking_failure,False,unusable,tracking_failure,False,unusable,tracking_failure,False,unusable,tracking_failure,False,unusable,tracking_failure,False,unusable,tracking_failure,False,unusable,tracking_failure,False,unusable,tracking_failure
KVAL0014,56,57,-1,False,unusable,tracking_failure,False,unusable,tracking_failure,False,unusable,tracking_failure,False,unusable,tracking_failure,False,unusable,tracking_failure,False,unusable,tracking_failure,False,unusable,tracking_failure,False,unusable,tracking_failure,False,unusable,tracking_failure,False,unusable,tracking_failure,False,unusable,tracking_failure,False,unusable,tracking_failure,False,unusable,tracking_failure,False,unusable,tracking_failure,False,unusable,tracking_failure,False,unusable,tracking_failure,False,unusable,tracking_failure,False,unusable,tracking_failure,False,unusable,tracking_failure,False,unusable,tracking_failure,False,unusable,tracking_failure,False,unusable,tracking_failure,False,unusable,tracking_failure,False,unusable,tracking_failure,False,unusable,tracking_failure,False,unusable,tracking_failure,False,unusable,tracking_failure,False,unusable,tracking_failure,False,unusable,tracking_failure,False,unusable,tracking_failure,False,unusable,tracking_failure,False,unusable,tracking_failure
KVAL0014,57,58,-1,False,unusable,tracking_failure,False,unusable,tracking_failure,False,unusable,tracking_failure,False,unusable,tracking_failure,False,unusable,tracking_failure,False,unusable,tracking_failure,False,unusable,tracking_failure,False,unusable,tracking_failure,False,unusable,tracking_failure,False,unusable,tracking_failure,False,unusable,tracking_failure,False,unusable,tracking_failure,False,unusable,tracking_failure,False,unusable,tracking_failure,False,unusable,tracking_failure,False,unusable,tracking_failure,False,unusable,tracking_failure,False,unusable,tracking_failure,False,unusable,tracking_failure,False,unusable,tracking_failure,False,unusable,tracking_failure,False,unusable,tracking_failure,False,unusable,tracking_failure,False,unusable,tracking_failure,False,unusable,tracking_failure,False,unusable,tracking_failure,False,unusable,tracking_failure,False,unusable,tracking_failure,False,unusable,tracking_failure,False,unusable,tracking_failure,False,unusable,tracking_failure,False,unusable,tracking_failure
KVAL0014,58,59,-1,False,unusable,tracking_failure,False,unusable,tracking_failure,False,unusable,tracking_failure,False,unusable,tracking_failure,False,unusable,tracking_failure,False,unusable,tracking_failure,False,unusable,tracking_failure,False,unusable,tracking_failure,False,unusable,tracking_failure,False,unusable,tracking_failure,False,unusable,tracking_failure,False,unusable,tracking_failure,False,unusable,tracking_failure,False,unusable,tracking_failure,False,unusable,tracking_failure,False,unusable,tracking_failure,False,unusable,tracking_failure,False,unusable,tracking_failure,False,unusable,tracking_failure,False,unusable,tracking_failure,False,unusable,tracking_failure,False,unusable,tracking_failure,False,unusable,tracking_failure,False,unusable,tracking_failure,False,unusable,tracking_failure,False,unusable,tracking_failure,False,unusable,tracking_failure,False,unusable,tracking_failure,False,unusable,tracking_failure,False,unusable,tracking_failure,False,unusable,tracking_failure,False,unusable,tracking_failure
KVAL0014,59,60,-1,False,unusable,tracking_failure,False,unusable,tracking_failure,False,unusable,tracking_failure,False,unusable,tracking_failure,False,unusable,tracking_failure,False,unusable,tracking_failure,False,unusable,tracking_failure,False,unusable,tracking_failure,False,unusable,tracking_failure,False,unusable,tracking_failure,False,unusable,tracking_failure,False,unusable,tracking_failure,False,unusable,tracking_failure,False,unusable,tracking_failure,False,unusable,tracking_failure,False,unusable,tracking_failure,False,unusable,tracking_failure,False,unusable,tracking_failure,False,unusable,tracking_failure,False,unusable,tracking_failure,False,unusable,tracking_failure,False,unusable,tracking_failure,False,unusable,tracking_failure,False,unusable,tracking_failure,False,unusable,tracking_failure,False,unusable,tracking_failure,False,unusable,tracking_failure,False,unusable,tracking_failure,False,unusable,tracking_failure,False,unusable,tracking_failure,False,unusable,tracking_failure,False,unusable,tracking_failure
KVAL0014,60,61,-1,False,unusable,tracking_failure,False,unusable,tracking_failure,False,unusable,tracking_failure,False,unusable,tracking_failure,False,unusable,tracking_failure,False,unusable,tracking_failure,False,unusable,tracking_failure,False,unusable,tracking_failure,False,unusable,tracking_failure,False,unusable,tracking_failure,False,unusable,tracking_failure,False,unusable,tracking_failure,False,unusable,tracking_failure,False,unusable,tracking_failure,False,unusable,tracking_failure,False,unusable,tracking_failure,False,unusable,tracking_failure,False,unusable,tracking_failure,False,unusable,tracking_failure,False,unusable,tracking_failure,False,unusable,tracking_failure,False,unusable,tracking_failure,False,unusable,tracking_failure,False,unusable,tracking_failure,False,unusable,tracking_failure,False,unusable,tracking_failure,False,unusable,tracking_failure,False,unusable,tracking_failure,False,unusable,tracking_failure,False,unusable,tracking_failure,False,unusable,tracking_failure,False,unusable,tracking_failure
KVAL0014,61,62,-1,False,unusable,tracking_failure,False,unusable,tracking_failure,False,unusable,tracking_failure,False,unusable,tracking_failure,False,unusable,tracking_failure,False,unusable,tracking_failure,False,unusable,tracking_failure,False,unusable,tracking_failure,False,unusable,tracking_failure,False,unusable,tracking_failure,False,unusable,tracking_failure,False,unusable,tracking_failure,False,unusable,tracking_failure,False,unusable,tracking_failure,False,unusable,tracking_failure,False,unusable,tracking_failure,False,unusable,tracking_failure,False,unusable,tracking_failure,False,unusable,tracking_failure,False,unusable,tracking_failure,False,unusable,tracking_failure,False,unusable,tracking_failure,False,unusable,tracking_failure,False,unusable,tracking_failure,False,unusable,tracking_failure,False,unusable,tracking_failure,False,unusable,tracking_failure,False,unusable,tracking_failure,False,unusable,tracking_failure,False,unusable,tracking_failure,False,unusable,tracking_failure,False,unusable,tracking_failure
KVAL0014,62,63,-1,False,unusable,tracking_failure,False,unusable,tracking_failure,False,unusable,tracking_failure,False,unusable,tracking_failure,False,unusable,tracking_failure,False,unusable,tracking_failure,False,unusable,tracking_failure,False,unusable,tracking_failure,False,unusable,tracking_failure,False,unusable,tracking_failure,False,unusable,tracking_failure,False,unusable,tracking_failure,False,unusable,tracking_failure,False,unusable,tracking_failure,False,unusable,tracking_failure,False,unusable,tracking_failure,False,unusable,tracking_failure,False,unusable,tracking_failure,False,unusable,tracking_failure,False,unusable,tracking_failure,False,unusable,tracking_failure,False,unusable,tracking_failure,False,unusable,tracking_failure,False,unusable,tracking_failure,False,unusable,tracking_failure,False,unusable,tracking_failure,False,unusable,tracking_failure,False,unusable,tracking_failure,False,unusable,tracking_failure,False,unusable,tracking_failure,False,unusable,tracking_failure,False,unusable,tracking_failure
KVAL0014,63,64,-1,False,unusable,tracking_failure,False,unusable,tracking_failure,False,unusable,tracking_failure,False,unusable,tracking_failure,False,unusable,tracking_failure,False,unusable,tracking_failure,False,unusable,tracking_failure,False,unusable,tracking_failure,False,unusable,tracking_failure,False,unusable,tracking_failure,False,unusable,tracking_failure,False,unusable,tracking_failure,False,unusable,tracking_failure,False,unusable,tracking_failure,False,unusable,tracking_failure,False,unusable,tracking_failure,False,unusable,tracking_failure,False,unusable,tracking_failure,False,unusable,tracking_failure,False,unusable,tracking_failure,False,unusable,tracking_failure,False,unusable,tracking_failure,False,unusable,tracking_failure,False,unusable,tracking_failure,False,unusable,tracking_failure,False,unusable,tracking_failure,False,unusable,tracking_failure,False,unusable,tracking_failure,False,unusable,tracking_failure,False,unusable,tracking_failure,False,unusable,tracking_failure,False,unusable,tracking_failure
KVAL0014,64,65,-1,False,unusable,tracking_failure,False,unusable,tracking_failure,False,unusable,tracking_failure,False,unusable,tracking_failure,False,unusable,tracking_failure,False,unusable,tracking_failure,False,unusable,tracking_failure,False,unusable,tracking_failure,False,unusable,tracking_failure,False,unusable,tracking_failure,False,unusable,tracking_failure,False,unusable,tracking_failure,False,unusable,tracking_failure,False,unusable,tracking_failure,False,unusable,tracking_failure,False,unusable,tracking_failure,False,unusable,tracking_failure,False,unusable,tracking_failure,False,unusable,tracking_failure,False,unusable,tracking_failure,False,unusable,tracking_failure,False,unusable,tracking_failure,False,unusable,tracking_failure,False,unusable,tracking_failure,False,unusable,tracking_failure,False,unusable,tracking_failure,False,unusable,tracking_failure,False,unusable,tracking_failure,False,unusable,tracking_failure,False,unusable,tracking_failure,False,unusable,tracking_failure,False,unusable,tracking_failure
KVAL0014,65,66,-1,False,unusable,tracking_failure,False,unusable,tracking_failure,False,unusable,tracking_failure,False,unusable,tracking_failure,False,unusable,tracking_failure,False,unusable,tracking_failure,False,unusable,tracking_failure,False,unusable,tracking_failure,False,unusable,tracking_failure,False,unusable,tracking_failure,False,unusable,tracking_failure,False,unusable,tracking_failure,False,unusable,tracking_failure,False,unusable,tracking_failure,False,unusable,tracking_failure,False,unusable,tracking_failure,False,unusable,tracking_failure,False,unusable,tracking_failure,False,unusable,tracking_failure,False,unusable,tracking_failure,False,unusable,tracking_failure,False,unusable,tracking_failure,False,unusable,tracking_failure,False,unusable,tracking_failure,False,unusable,tracking_failure,False,unusable,tracking_failure,False,unusable,tracking_failure,False,unusable,tracking_failure,False,unusable,tracking_failure,False,unusable,tracking_failure,False,unusable,tracking_failure,False,unusable,tracking_failure
KVAL0014,66,67,-1,False,unusable,tracking_failure,False,unusable,tracking_failure,False,unusable,tracking_failure,False,unusable,tracking_failure,False,unusable,tracking_failure,False,unusable,tracking_failure,False,unusable,tracking_failure,False,unusable,tracking_failure,False,unusable,tracking_failure,False,unusable,tracking_failure,False,unusable,tracking_failure,False,unusable,tracking_failure,False,unusable,tracking_failure,False,unusable,tracking_failure,False,unusable,tracking_failure,False,unusable,tracking_failure,False,unusable,tracking_failure,False,unusable,tracking_failure,False,unusable,tracking_failure,False,unusable,tracking_failure,False,unusable,tracking_failure,False,unusable,tracking_failure,False,unusable,tracking_failure,False,unusable,tracking_failure,False,unusable,tracking_failure,False,unusable,tracking_failure,False,unusable,tracking_failure,False,unusable,tracking_failure,False,unusable,tracking_failure,False,unusable,tracking_failure,False,unusable,tracking_failure,False,unusable,tracking_failure
KVAL0014,67,68,-1,False,unusable,tracking_failure,False,unusable,tracking_failure,False,unusable,tracking_failure,False,unusable,tracking_failure,False,unusable,tracking_failure,False,unusable,tracking_failure,False,unusable,tracking_failure,False,unusable,tracking_failure,False,unusable,tracking_failure,False,unusable,tracking_failure,False,unusable,tracking_failure,False,unusable,tracking_failure,False,unusable,tracking_failure,False,unusable,tracking_failure,False,unusable,tracking_failure,False,unusable,tracking_failure,False,unusable,tracking_failure,False,unusable,tracking_failure,False,unusable,tracking_failure,False,unusable,tracking_failure,False,unusable,tracking_failure,False,unusable,tracking_failure,False,unusable,tracking_failure,False,unusable,tracking_failure,False,unusable,tracking_failure,False,unusable,tracking_failure,False,unusable,tracking_failure,False,unusable,tracking_failure,False,unusable,tracking_failure,False,unusable,tracking_failure,False,unusable,tracking_failure,False,unusable,tracking_failure
KVAL0014,68,69,-1,False,unusable,tracking_failure,False,unusable,tracking_failure,False,unusable,tracking_failure,False,unusable,tracking_failure,False,unusable,tracking_failure,False,unusable,tracking_failure,False,unusable,tracking_failure,False,unusable,tracking_failure,False,unusable,tracking_failure,False,unusable,tracking_failure,False,unusable,tracking_failure,False,unusable,tracking_failure,False,unusable,tracking_failure,False,unusable,tracking_failure,False,unusable,tracking_failure,False,unusable,tracking_failure,False,unusable,tracking_failure,False,unusable,tracking_failure,False,unusable,tracking_failure,False,unusable,tracking_failure,False,unusable,tracking_failure,False,unusable,tracking_failure,False,unusable,tracking_failure,False,unusable,tracking_failure,False,unusable,tracking_failure,False,unusable,tracking_failure,False,unusable,tracking_failure,False,unusable,tracking_failure,False,unusable,tracking_failure,False,unusable,tracking_failure,False,unusable,tracking_failure,False,unusable,tracking_failure
KVAL0014,69,70,-1,False,unusable,tracking_failure,False,unusable,tracking_failure,False,unusable,tracking_failure,False,unusable,tracking_failure,False,unusable,tracking_failure,False,unusable,tracking_failure,False,unusable,tracking_failure,False,unusable,tracking_failure,False,unusable,tracking_failure,False,unusable,tracking_failure,False,unusable,tracking_failure,False,unusable,tracking_failure,False,unusable,tracking_failure,False,unusable,tracking_failure,False,unusable,tracking_failure,False,unusable,tracking_failure,False,unusable,tracking_failure,False,unusable,tracking_failure,False,unusable,tracking_failure,False,unusable,tracking_failure,False,unusable,tracking_failure,False,unusable,tracking_failure,False,unusable,tracking_failure,False,unusable,tracking_failure,False,unusable,tracking_failure,False,unusable,tracking_failure,False,unusable,tracking_failure,False,unusable,tracking_failure,False,unusable,tracking_failure,False,unusable,tracking_failure,False,unusable,tracking_failure,False,unusable,tracking_failure
KVAL0014,70,71,-1,False,unusable,tracking_failure,False,unusable,tracking_failure,False,unusable,tracking_failure,False,unusable,tracking_failure,False,unusable,tracking_failure,False,unusable,tracking_failure,False,unusable,tracking_failure,False,unusable,tracking_failure,False,unusable,tracking_failure,False,unusable,tracking_failure,False,unusable,tracking_failure,False,unusable,tracking_failure,False,unusable,tracking_failure,False,unusable,tracking_failure,False,unusable,tracking_failure,False,unusable,tracking_failure,False,unusable,tracking_failure,False,unusable,tracking_failure,False,unusable,tracking_failure,False,unusable,tracking_failure,False,unusable,tracking_failure,False,unusable,tracking_failure,False,unusable,tracking_failure,False,unusable,tracking_failure,False,unusable,tracking_failure,False,unusable,tracking_failure,False,unusable,tracking_failure,False,unusable,tracking_failure,False,unusable,tracking_failure,False,unusable,tracking_failure,False,unusable,tracking_failure,False,unusable,tracking_failure
KVAL0014,71,72,-1,False,unusable,tracking_failure,False,unusable,tracking_failure,False,unusable,tracking_failure,False,unusable,tracking_failure,False,unusable,tracking_failure,False,unusable,tracking_failure,False,unusable,tracking_failure,False,unusable,tracking_failure,False,unusable,tracking_failure,False,unusable,tracking_failure,False,unusable,tracking_failure,False,unusable,tracking_failure,False,unusable,tracking_failure,False,unusable,tracking_failure,False,unusable,tracking_failure,False,unusable,tracking_failure,False,unusable,tracking_failure,False,unusable,tracking_failure,False,unusable,tracking_failure,False,unusable,tracking_failure,False,unusable,tracking_failure,False,unusable,tracking_failure,False,unusable,tracking_failure,False,unusable,tracking_failure,False,unusable,tracking_failure,False,unusable,tracking_failure,False,unusable,tracking_failure,False,unusable,tracking_failure,False,unusable,tracking_failure,False,unusable,tracking_failure,False,unusable,tracking_failure,False,unusable,tracking_failure
KVAL0014,72,73,-1,False,unusable,tracking_failure,False,unusable,tracking_failure,False,unusable,tracking_failure,False,unusable,tracking_failure,False,unusable,tracking_failure,False,unusable,tracking_failure,False,unusable,tracking_failure,False,unusable,tracking_failure,False,unusable,tracking_failure,False,unusable,tracking_failure,False,unusable,tracking_failure,False,unusable,tracking_failure,False,unusable,tracking_failure,False,unusable,tracking_failure,False,unusable,tracking_failure,False,unusable,tracking_failure,False,unusable,tracking_failure,False,unusable,tracking_failure,False,unusable,tracking_failure,False,unusable,tracking_failure,False,unusable,tracking_failure,False,unusable,tracking_failure,False,unusable,tracking_failure,False,unusable,tracking_failure,False,unusable,tracking_failure,False,unusable,tracking_failure,False,unusable,tracking_failure,False,unusable,tracking_failure,False,unusable,tracking_failure,False,unusable,tracking_failure,False,unusable,tracking_failure,False,unusable,tracking_failure
KVAL0014,73,74,-1,False,unusable,tracking_failure,False,unusable,tracking_failure,False,unusable,tracking_failure,False,unusable,tracking_failure,False,unusable,tracking_failure,False,unusable,tracking_failure,False,unusable,tracking_failure,False,unusable,tracking_failure,False,unusable,tracking_failure,False,unusable,tracking_failure,False,unusable,tracking_failure,False,unusable,tracking_failure,False,unusable,tracking_failure,False,unusable,tracking_failure,False,unusable,tracking_failure,False,unusable,tracking_failure,False,unusable,tracking_failure,False,unusable,tracking_failure,False,unusable,tracking_failure,False,unusable,tracking_failure,False,unusable,tracking_failure,False,unusable,tracking_failure,False,unusable,tracking_failure,False,unusable,tracking_failure,False,unusable,tracking_failure,False,unusable,tracking_failure,False,unusable,tracking_failure,False,unusable,tracking_failure,False,unusable,tracking_failure,False,unusable,tracking_failure,False,unusable,tracking_failure,False,unusable,tracking_failure
KVAL0014,74,75,-1,False,unusable,tracking_failure,False,unusable,tracking_failure,False,unusable,tracking_failure,False,unusable,tracking_failure,False,unusable,tracking_failure,False,unusable,tracking_failure,False,unusable,tracking_failure,False,unusable,tracking_failure,False,unusable,tracking_failure,False,unusable,tracking_failure,False,unusable,tracking_failure,False,unusable,tracking_failure,False,unusable,tracking_failure,False,unusable,tracking_failure,False,unusable,tracking_failure,False,unusable,tracking_failure,False,unusable,tracking_failure,False,unusable,tracking_failure,False,unusable,tracking_failure,False,unusable,tracking_failure,False,unusable,tracking_failure,False,unusable,tracking_failure,False,unusable,tracking_failure,False,unusable,tracking_failure,False,unusable,tracking_failure,False,unusable,tracking_failure,False,unusable,tracking_failure,False,unusable,tracking_failure,False,unusable,tracking_failure,False,unusable,tracking_failure,False,unusable,tracking_failure,False,unusable,tracking_failure
KVAL0014,75,76,-1,False,unusable,tracking_failure,False,unusable,tracking_failure,False,unusable,tracking_failure,False,unusable,tracking_failure,False,unusable,tracking_failure,False,unusable,tracking_failure,False,unusable,tracking_failure,False,unusable,tracking_failure,False,unusable,tracking_failure,False,unusable,tracking_failure,False,unusable,tracking_failure,False,unusable,tracking_failure,False,unusable,tracking_failure,False,unusable,tracking_failure,False,unusable,tracking_failure,False,unusable,tracking_failure,False,unusable,tracking_failure,False,unusable,tracking_failure,False,unusable,tracking_failure,False,unusable,tracking_failure,False,unusable,tracking_failure,False,unusable,tracking_failure,False,unusable,tracking_failure,False,unusable,tracking_failure,False,unusable,tracking_failure,False,unusable,tracking_failure,False,unusable,tracking_failure,False,unusable,tracking_failure,False,unusable,tracking_failure,False,unusable,tracking_failure,False,unusable,tracking_failure,False,unusable,tracking_failure
KVAL0014,76,77,-1,False,unusable,tracking_failure,False,unusable,tracking_failure,False,unusable,tracking_failure,False,unusable,tracking_failure,False,unusable,tracking_failure,False,unusable,tracking_failure,False,unusable,tracking_failure,False,unusable,tracking_failure,False,unusable,tracking_failure,False,unusable,tracking_failure,False,unusable,tracking_failure,False,unusable,tracking_failure,False,unusable,tracking_failure,False,unusable,tracking_failure,False,unusable,tracking_failure,False,unusable,tracking_failure,False,unusable,tracking_failure,False,unusable,tracking_failure,False,unusable,tracking_failure,False,unusable,tracking_failure,False,unusable,tracking_failure,False,unusable,tracking_failure,False,unusable,tracking_failure,False,unusable,tracking_failure,False,unusable,tracking_failure,False,unusable,tracking_failure,False,unusable,tracking_failure,False,unusable,tracking_failure,False,unusable,tracking_failure,False,unusable,tracking_failure,False,unusable,tracking_failure,False,unusable,tracking_failure
KVAL0014,77,78,-1,False,unusable,tracking_failure,False,unusable,tracking_failure,False,unusable,tracking_failure,False,unusable,tracking_failure,False,unusable,tracking_failure,False,unusable,tracking_failure,False,unusable,tracking_failure,False,unusable,tracking_failure,False,unusable,tracking_failure,False,unusable,tracking_failure,False,unusable,tracking_failure,False,unusable,tracking_failure,False,unusable,tracking_failure,False,unusable,tracking_failure,False,unusable,tracking_failure,False,unusable,tracking_failure,False,unusable,tracking_failure,False,unusable,tracking_failure,False,unusable,tracking_failure,False,unusable,tracking_failure,False,unusable,tracking_failure,False,unusable,tracking_failure,False,unusable,tracking_failure,False,unusable,tracking_failure,False,unusable,tracking_failure,False,unusable,tracking_failure,False,unusable,tracking_failure,False,unusable,tracking_failure,False,unusable,tracking_failure,False,unusable,tracking_failure,False,unusable,tracking_failure,False,unusable,tracking_failure
KVAL0014,78,79,-1,False,unusable,tracking_failure,False,unusable,tracking_failure,False,unusable,tracking_failure,False,unusable,tracking_failure,False,unusable,tracking_failure,False,unusable,tracking_failure,False,unusable,tracking_failure,False,unusable,tracking_failure,False,unusable,tracking_failure,False,unusable,tracking_failure,False,unusable,tracking_failure,False,unusable,tracking_failure,False,unusable,tracking_failure,False,unusable,tracking_failure,False,unusable,tracking_failure,False,unusable,tracking_failure,False,unusable,tracking_failure,False,unusable,tracking_failure,False,unusable,tracking_failure,False,unusable,tracking_failure,False,unusable,tracking_failure,False,unusable,tracking_failure,False,unusable,tracking_failure,False,unusable,tracking_failure,False,unusable,tracking_failure,False,unusable,tracking_failure,False,unusable,tracking_failure,False,unusable,tracking_failure,False,unusable,tracking_failure,False,unusable,tracking_failure,False,unusable,tracking_failure,False,unusable,tracking_failure
KVAL0014,79,80,-1,False,unusable,tracking_failure,False,unusable,tracking_failure,False,unusable,tracking_failure,False,unusable,tracking_failure,False,unusable,tracking_failure,False,unusable,tracking_failure,False,unusable,tracking_failure,False,unusable,tracking_failure,False,unusable,tracking_failure,False,unusable,tracking_failure,False,unusable,tracking_failure,False,unusable,tracking_failure,False,unusable,tracking_failure,False,unusable,tracking_failure,False,unusable,tracking_failure,False,unusable,tracking_failure,False,unusable,tracking_failure,False,unusable,tracking_failure,False,unusable,tracking_failure,False,unusable,tracking_failure,False,unusable,tracking_failure,False,unusable,tracking_failure,False,unusable,tracking_failure,False,unusable,tracking_failure,False,unusable,tracking_failure,False,unusable,tracking_failure,False,unusable,tracking_failure,False,unusable,tracking_failure,False,unusable,tracking_failure,False,unusable,tracking_failure,False,unusable,tracking_failure,False,unusable,tracking_failure
KVAL0014,80,81,-1,False,unusable,tracking_failure,False,unusable,tracking_failure,False,unusable,tracking_failure,False,unusable,tracking_failure,False,unusable,tracking_failure,False,unusable,tracking_failure,False,unusable,tracking_failure,False,unusable,tracking_failure,False,unusable,tracking_failure,False,unusable,tracking_failure,False,unusable,tracking_failure,False,unusable,tracking_failure,False,unusable,tracking_failure,False,unusable,tracking_failure,False,unusable,tracking_failure,False,unusable,tracking_failure,False,unusable,tracking_failure,False,unusable,tracking_failure,False,unusable,tracking_failure,False,unusable,tracking_failure,False,unusable,tracking_failure,False,unusable,tracking_failure,False,unusable,tracking_failure,False,unusable,tracking_failure,False,unusable,tracking_failure,False,unusable,tracking_failure,False,unusable,tracking_failure,False,unusable,tracking_failure,False,unusable,tracking_failure,False,unusable,tracking_failure,False,unusable,tracking_failure,False,unusable,tracking_failure
KVAL0014,81,82,-1,False,unusable,tracking_failure,False,unusable,tracking_failure,False,unusable,tracking_failure,False,unusable,tracking_failure,False,unusable,tracking_failure,False,unusable,tracking_failure,False,unusable,tracking_failure,False,unusable,tracking_failure,False,unusable,tracking_failure,False,unusable,tracking_failure,False,unusable,tracking_failure,False,unusable,tracking_failure,False,unusable,tracking_failure,False,unusable,tracking_failure,False,unusable,tracking_failure,False,unusable,tracking_failure,False,unusable,tracking_failure,False,unusable,tracking_failure,False,unusable,tracking_failure,False,unusable,tracking_failure,False,unusable,tracking_failure,False,unusable,tracking_failure,False,unusable,tracking_failure,False,unusable,tracking_failure,False,unusable,tracking_failure,False,unusable,tracking_failure,False,unusable,tracking_failure,False,unusable,tracking_failure,False,unusable,tracking_failure,False,unusable,tracking_failure,False,unusable,tracking_failure,False,unusable,tracking_failure
KVAL0014,82,83,-1,False,unusable,tracking_failure,False,unusable,tracking_failure,False,unusable,tracking_failure,False,unusable,tracking_failure,False,unusable,tracking_failure,False,unusable,tracking_failure,False,unusable,tracking_failure,False,unusable,tracking_failure,False,unusable,tracking_failure,False,unusable,tracking_failure,False,unusable,tracking_failure,False,unusable,tracking_failure,False,unusable,tracking_failure,False,unusable,tracking_failure,False,unusable,tracking_failure,False,unusable,tracking_failure,False,unusable,tracking_failure,False,unusable,tracking_failure,False,unusable,tracking_failure,False,unusable,tracking_failure,False,unusable,tracking_failure,False,unusable,tracking_failure,False,unusable,tracking_failure,False,unusable,tracking_failure,False,unusable,tracking_failure,False,unusable,tracking_failure,False,unusable,tracking_failure,False,unusable,tracking_failure,False,unusable,tracking_failure,False,unusable,tracking_failure,False,unusable,tracking_failure,False,unusable,tracking_failure
KVAL0014,83,84,-1,False,unusable,tracking_failure,False,unusable,tracking_failure,False,unusable,tracking_failure,False,unusable,tracking_failure,False,unusable,tracking_failure,False,unusable,tracking_failure,False,unusable,tracking_failure,False,unusable,tracking_failure,False,unusable,tracking_failure,False,unusable,tracking_failure,False,unusable,tracking_failure,False,unusable,tracking_failure,False,unusable,tracking_failure,False,unusable,tracking_failure,False,unusable,tracking_failure,False,unusable,tracking_failure,False,unusable,tracking_failure,False,unusable,tracking_failure,False,unusable,tracking_failure,False,unusable,tracking_failure,False,unusable,tracking_failure,False,unusable,tracking_failure,False,unusable,tracking_failure,False,unusable,tracking_failure,False,unusable,tracking_failure,False,unusable,tracking_failure,False,unusable,tracking_failure,False,unusable,tracking_failure,False,unusable,tracking_failure,False,unusable,tracking_failure,False,unusable,tracking_failure,False,unusable,tracking_failure
KVAL0014,84,85,-1,False,unusable,tracking_failure,False,unusable,tracking_failure,False,unusable,tracking_failure,False,unusable,tracking_failure,False,unusable,tracking_failure,False,unusable,tracking_failure,False,unusable,tracking_failure,False,unusable,tracking_failure,False,unusable,tracking_failure,False,unusable,tracking_failure,False,unusable,tracking_failure,False,unusable,tracking_failure,False,unusable,tracking_failure,False,unusable,tracking_failure,False,unusable,tracking_failure,False,unusable,tracking_failure,False,unusable,tracking_failure,False,unusable,tracking_failure,False,unusable,tracking_failure,False,unusable,tracking_failure,False,unusable,tracking_failure,False,unusable,tracking_failure,False,unusable,tracking_failure,False,unusable,tracking_failure,False,unusable,tracking_failure,False,unusable,tracking_failure,False,unusable,tracking_failure,False,unusable,tracking_failure,False,unusable,tracking_failure,False,unusable,tracking_failure,False,unusable,tracking_failure,False,unusable,tracking_failure
KVAL0014,85,86,-1,False,unusable,tracking_failure,False,unusable,tracking_failure,False,unusable,tracking_failure,False,unusable,tracking_failure,False,unusable,tracking_failure,False,unusable,tracking_failure,False,unusable,tracking_failure,False,unusable,tracking_failure,False,unusable,tracking_failure,False,unusable,tracking_failure,False,unusable,tracking_failure,False,unusable,tracking_failure,False,unusable,tracking_failure,False,unusable,tracking_failure,False,unusable,tracking_failure,False,unusable,tracking_failure,False,unusable,tracking_failure,False,unusable,tracking_failure,False,unusable,tracking_failure,False,unusable,tracking_failure,False,unusable,tracking_failure,False,unusable,tracking_failure,False,unusable,tracking_failure,False,unusable,tracking_failure,False,unusable,tracking_failure,False,unusable,tracking_failure,False,unusable,tracking_failure,False,unusable,tracking_failure,False,unusable,tracking_failure,False,unusable,tracking_failure,False,unusable,tracking_failure,False,unusable,tracking_failure
KVAL0014,86,87,-1,False,unusable,tracking_failure,False,unusable,tracking_failure,False,unusable,tracking_failure,False,unusable,tracking_failure,False,unusable,tracking_failure,False,unusable,tracking_failure,False,unusable,tracking_failure,False,unusable,tracking_failure,False,unusable,tracking_failure,False,unusable,tracking_failure,False,unusable,tracking_failure,False,unusable,tracking_failure,False,unusable,tracking_failure,False,unusable,tracking_failure,False,unusable,tracking_failure,False,unusable,tracking_failure,False,unusable,tracking_failure,False,unusable,tracking_failure,False,unusable,tracking_failure,False,unusable,tracking_failure,False,unusable,tracking_failure,False,unusable,tracking_failure,False,unusable,tracking_failure,False,unusable,tracking_failure,False,unusable,tracking_failure,False,unusable,tracking_failure,False,unusable,tracking_failure,False,unusable,tracking_failure,False,unusable,tracking_failure,False,unusable,tracking_failure,False,unusable,tracking_failure,False,unusable,tracking_failure
KVAL0014,87,88,-1,False,unusable,tracking_failure,False,unusable,tracking_failure,False,unusable,tracking_failure,False,unusable,tracking_failure,False,unusable,tracking_failure,False,unusable,tracking_failure,False,unusable,tracking_failure,False,unusable,tracking_failure,False,unusable,tracking_failure,False,unusable,tracking_failure,False,unusable,tracking_failure,False,unusable,tracking_failure,False,unusable,tracking_failure,False,unusable,tracking_failure,False,unusable,tracking_failure,False,unusable,tracking_failure,False,unusable,tracking_failure,False,unusable,tracking_failure,False,unusable,tracking_failure,False,unusable,tracking_failure,False,unusable,tracking_failure,False,unusable,tracking_failure,False,unusable,tracking_failure,False,unusable,tracking_failure,False,unusable,tracking_failure,False,unusable,tracking_failure,False,unusable,tracking_failure,False,unusable,tracking_failure,False,unusable,tracking_failure,False,unusable,tracking_failure,False,unusable,tracking_failure,False,unusable,tracking_failure
KVAL0014,88,89,-1,False,unusable,tracking_failure,False,unusable,tracking_failure,False,unusable,tracking_failure,False,unusable,tracking_failure,False,unusable,tracking_failure,False,unusable,tracking_failure,False,unusable,tracking_failure,False,unusable,tracking_failure,False,unusable,tracking_failure,False,unusable,tracking_failure,False,unusable,tracking_failure,False,unusable,tracking_failure,False,unusable,tracking_failure,False,unusable,tracking_failure,False,unusable,tracking_failure,False,unusable,tracking_failure,False,unusable,tracking_failure,False,unusable,tracking_failure,False,unusable,tracking_failure,False,unusable,tracking_failure,False,unusable,tracking_failure,False,unusable,tracking_failure,False,unusable,tracking_failure,False,unusable,tracking_failure,False,unusable,tracking_failure,False,unusable,tracking_failure,False,unusable,tracking_failure,False,unusable,tracking_failure,False,unusable,tracking_failure,False,unusable,tracking_failure,False,unusable,tracking_failure,False,unusable,tracking_failure
KVAL0014,89,90,-1,False,unusable,tracking_failure,False,unusable,tracking_failure,False,unusable,tracking_failure,False,unusable,tracking_failure,False,unusable,tracking_failure,False,unusable,tracking_failure,False,unusable,tracking_failure,False,unusable,tracking_failure,False,unusable,tracking_failure,False,unusable,tracking_failure,False,unusable,tracking_failure,False,unusable,tracking_failure,False,unusable,tracking_failure,False,unusable,tracking_failure,False,unusable,tracking_failure,False,unusable,tracking_failure,False,unusable,tracking_failure,False,unusable,tracking_failure,False,unusable,tracking_failure,False,unusable,tracking_failure,False,unusable,tracking_failure,False,unusable,tracking_failure,False,unusable,tracking_failure,False,unusable,tracking_failure,False,unusable,tracking_failure,False,unusable,tracking_failure,False,unusable,tracking_failure,False,unusable,tracking_failure,False,unusable,tracking_failure,False,unusable,tracking_failure,False,unusable,tracking_failure,False,unusable,tracking_failure
KVAL0014,90,91,-1,False,unusable,tracking_failure,False,unusable,tracking_failure,False,unusable,tracking_failure,False,unusable,tracking_failure,False,unusable,tracking_failure,False,unusable,tracking_failure,False,unusable,tracking_failure,False,unusable,tracking_failure,False,unusable,tracking_failure,False,unusable,tracking_failure,False,unusable,tracking_failure,False,unusable,tracking_failure,False,unusable,tracking_failure,False,unusable,tracking_failure,False,unusable,tracking_failure,False,unusable,tracking_failure,False,unusable,tracking_failure,False,unusable,tracking_failure,False,unusable,tracking_failure,False,unusable,tracking_failure,False,unusable,tracking_failure,False,unusable,tracking_failure,False,unusable,tracking_failure,False,unusable,tracking_failure,False,unusable,tracking_failure,False,unusable,tracking_failure,False,unusable,tracking_failure,False,unusable,tracking_failure,False,unusable,tracking_failure,False,unusable,tracking_failure,False,unusable,tracking_failure,False,unusable,tracking_failure
KVAL0014,91,92,-1,False,unusable,tracking_failure,False,unusable,tracking_failure,False,unusable,tracking_failure,False,unusable,tracking_failure,False,unusable,tracking_failure,False,unusable,tracking_failure,False,unusable,tracking_failure,False,unusable,tracking_failure,False,unusable,tracking_failure,False,unusable,tracking_failure,False,unusable,tracking_failure,False,unusable,tracking_failure,False,unusable,tracking_failure,False,unusable,tracking_failure,False,unusable,tracking_failure,False,unusable,tracking_failure,False,unusable,tracking_failure,False,unusable,tracking_failure,False,unusable,tracking_failure,False,unusable,tracking_failure,False,unusable,tracking_failure,False,unusable,tracking_failure,False,unusable,tracking_failure,False,unusable,tracking_failure,False,unusable,tracking_failure,False,unusable,tracking_failure,False,unusable,tracking_failure,False,unusable,tracking_failure,False,unusable,tracking_failure,False,unusable,tracking_failure,False,unusable,tracking_failure,False,unusable,tracking_failure
KVAL0014,92,93,-1,False,unusable,tracking_failure,False,unusable,tracking_failure,False,unusable,tracking_failure,False,unusable,tracking_failure,False,unusable,tracking_failure,False,unusable,tracking_failure,False,unusable,tracking_failure,False,unusable,tracking_failure,False,unusable,tracking_failure,False,unusable,tracking_failure,False,unusable,tracking_failure,False,unusable,tracking_failure,False,unusable,tracking_failure,False,unusable,tracking_failure,False,unusable,tracking_failure,False,unusable,tracking_failure,False,unusable,tracking_failure,False,unusable,tracking_failure,False,unusable,tracking_failure,False,unusable,tracking_failure,False,unusable,tracking_failure,False,unusable,tracking_failure,False,unusable,tracking_failure,False,unusable,tracking_failure,False,unusable,tracking_failure,False,unusable,tracking_failure,False,unusable,tracking_failure,False,unusable,tracking_failure,False,unusable,tracking_failure,False,unusable,tracking_failure,False,unusable,tracking_failure,False,unusable,tracking_failure
KVAL0014,93,94,-1,False,unusable,tracking_failure,False,unusable,tracking_failure,False,unusable,tracking_failure,False,unusable,tracking_failure,False,unusable,tracking_failure,False,unusable,tracking_failure,False,unusable,tracking_failure,False,unusable,tracking_failure,False,unusable,tracking_failure,False,unusable,tracking_failure,False,unusable,tracking_failure,False,unusable,tracking_failure,False,unusable,tracking_failure,False,unusable,tracking_failure,False,unusable,tracking_failure,False,unusable,tracking_failure,False,unusable,tracking_failure,False,unusable,tracking_failure,False,unusable,tracking_failure,False,unusable,tracking_failure,False,unusable,tracking_failure,False,unusable,tracking_failure,False,unusable,tracking_failure,False,unusable,tracking_failure,False,unusable,tracking_failure,False,unusable,tracking_failure,False,unusable,tracking_failure,False,unusable,tracking_failure,False,unusable,tracking_failure,False,unusable,tracking_failure,False,unusable,tracking_failure,False,unusable,tracking_failure
KVAL0014,94,95,-1,False,unusable,tracking_failure,False,unusable,tracking_failure,False,unusable,tracking_failure,False,unusable,tracking_failure,False,unusable,tracking_failure,False,unusable,tracking_failure,False,unusable,tracking_failure,False,unusable,tracking_failure,False,unusable,tracking_failure,False,unusable,tracking_failure,False,unusable,tracking_failure,False,unusable,tracking_failure,False,unusable,tracking_failure,False,unusable,tracking_failure,False,unusable,tracking_failure,False,unusable,tracking_failure,False,unusable,tracking_failure,False,unusable,tracking_failure,False,unusable,tracking_failure,False,unusable,tracking_failure,False,unusable,tracking_failure,False,unusable,tracking_failure,False,unusable,tracking_failure,False,unusable,tracking_failure,False,unusable,tracking_failure,False,unusable,tracking_failure,False,unusable,tracking_failure,False,unusable,tracking_failure,False,unusable,tracking_failure,False,unusable,tracking_failure,False,unusable,tracking_failure,False,unusable,tracking_failure
KVAL0014,95,96,-1,False,unusable,tracking_failure,False,unusable,tracking_failure,False,unusable,tracking_failure,False,unusable,tracking_failure,False,unusable,tracking_failure,False,unusable,tracking_failure,False,unusable,tracking_failure,False,unusable,tracking_failure,False,unusable,tracking_failure,False,unusable,tracking_failure,False,unusable,tracking_failure,False,unusable,tracking_failure,False,unusable,tracking_failure,False,unusable,tracking_failure,False,unusable,tracking_failure,False,unusable,tracking_failure,False,unusable,tracking_failure,False,unusable,tracking_failure,False,unusable,tracking_failure,False,unusable,tracking_failure,False,unusable,tracking_failure,False,unusable,tracking_failure,False,unusable,tracking_failure,False,unusable,tracking_failure,False,unusable,tracking_failure,False,unusable,tracking_failure,False,unusable,tracking_failure,False,unusable,tracking_failure,False,unusable,tracking_failure,False,unusable,tracking_failure,False,unusable,tracking_failure,False,unusable,tracking_failure
KVAL0014,96,97,-1,False,unusable,tracking_failure,False,unusable,tracking_failure,False,unusable,tracking_failure,False,unusable,tracking_failure,False,unusable,tracking_failure,False,unusable,tracking_failure,False,unusable,tracking_failure,False,unusable,tracking_failure,False,unusable,tracking_failure,False,unusable,tracking_failure,False,unusable,tracking_failure,False,unusable,tracking_failure,False,unusable,tracking_failure,False,unusable,tracking_failure,False,unusable,tracking_failure,False,unusable,tracking_failure,False,unusable,tracking_failure,False,unusable,tracking_failure,False,unusable,tracking_failure,False,unusable,tracking_failure,False,unusable,tracking_failure,False,unusable,tracking_failure,False,unusable,tracking_failure,False,unusable,tracking_failure,False,unusable,tracking_failure,False,unusable,tracking_failure,False,unusable,tracking_failure,False,unusable,tracking_failure,False,unusable,tracking_failure,False,unusable,tracking_failure,False,unusable,tracking_failure,False,unusable,tracking_failure
KVAL0014,97,98,-1,False,unusable,tracking_failure,False,unusable,tracking_failure,False,unusable,tracking_failure,False,unusable,tracking_failure,False,unusable,tracking_failure,False,unusable,tracking_failure,False,unusable,tracking_failure,False,unusable,tracking_failure,False,unusable,tracking_failure,False,unusable,tracking_failure,False,unusable,tracking_failure,False,unusable,tracking_failure,False,unusable,tracking_failure,False,unusable,tracking_failure,False,unusable,tracking_failure,False,unusable,tracking_failure,False,unusable,tracking_failure,False,unusable,tracking_failure,False,unusable,tracking_failure,False,unusable,tracking_failure,False,unusable,tracking_failure,False,unusable,tracking_failure,False,unusable,tracking_failure,False,unusable,tracking_failure,False,unusable,tracking_failure,False,unusable,tracking_failure,False,unusable,tracking_failure,False,unusable,tracking_failure,False,unusable,tracking_failure,False,unusable,tracking_failure,False,unusable,tracking_failure,False,unusable,tracking_failure
KVAL0014,98,99,-1,False,unusable,tracking_failure,False,unusable,tracking_failure,False,unusable,tracking_failure,False,unusable,tracking_failure,False,unusable,tracking_failure,False,unusable,tracking_failure,False,unusable,tracking_failure,False,unusable,tracking_failure,False,unusable,tracking_failure,False,unusable,tracking_failure,False,unusable,tracking_failure,False,unusable,tracking_failure,False,unusable,tracking_failure,False,unusable,tracking_failure,False,unusable,tracking_failure,False,unusable,tracking_failure,False,unusable,tracking_failure,False,unusable,tracking_failure,False,unusable,tracking_failure,False,unusable,tracking_failure,False,unusable,tracking_failure,False,unusable,tracking_failure,False,unusable,tracking_failure,False,unusable,tracking_failure,False,unusable,tracking_failure,False,unusable,tracking_failure,False,unusable,tracking_failure,False,unusable,tracking_failure,False,unusable,tracking_failure,False,unusable,tracking_failure,False,unusable,tracking_failure,False,unusable,tracking_failure
KVAL0014,99,100,-1,False,unusable,tracking_failure,False,unusable,tracking_failure,False,unusable,tracking_failure,False,unusable,tracking_failure,False,unusable,tracking_failure,False,unusable,tracking_failure,False,unusable,tracking_failure,False,unusable,tracking_failure,False,unusable,tracking_failure,False,unusable,tracking_failure,False,unusable,tracking_failure,False,unusable,tracking_failure,False,unusable,tracking_failure,False,unusable,tracking_failure,False,unusable,tracking_failure,False,unusable,tracking_failure,False,unusable,tracking_failure,False,unusable,tracking_failure,False,unusable,tracking_failure,False,unusable,tracking_failure,False,unusable,tracking_failure,False,unusable,tracking_failure,False,unusable,tracking_failure,False,unusable,tracking_failure,False,unusable,tracking_failure,False,unusable,tracking_failure,False,unusable,tracking_failure,False,unusable,tracking_failure,False,unusable,tracking_failure,False,unusable,tracking_failure,False,unusable,tracking_failure,False,unusable,tracking_failure
KVAL0014,100,101,-1,False,unusable,tracking_failure,False,unusable,tracking_failure,False,unusable,tracking_failure,False,unusable,tracking_failure,False,unusable,tracking_failure,False,unusable,tracking_failure,False,unusable,tracking_failure,False,unusable,tracking_failure,False,unusable,tracking_failure,False,unusable,tracking_failure,False,unusable,tracking_failure,False,unusable,tracking_failure,False,unusable,tracking_failure,False,unusable,tracking_failure,False,unusable,tracking_failure,False,unusable,tracking_failure,False,unusable,tracking_failure,False,unusable,tracking_failure,False,unusable,tracking_failure,False,unusable,tracking_failure,False,unusable,tracking_failure,False,unusable,tracking_failure,False,unusable,tracking_failure,False,unusable,tracking_failure,False,unusable,tracking_failure,False,unusable,tracking_failure,False,unusable,tracking_failure,False,unusable,tracking_failure,False,unusable,tracking_failure,False,unusable,tracking_failure,False,unusable,tracking_failure,False,unusable,tracking_failure
KVAL0014,101,102,-1,False,unusable,tracking_failure,False,unusable,tracking_failure,False,unusable,tracking_failure,False,unusable,tracking_failure,False,unusable,tracking_failure,False,unusable,tracking_failure,False,unusable,tracking_failure,False,unusable,tracking_failure,False,unusable,tracking_failure,False,unusable,tracking_failure,False,unusable,tracking_failure,False,unusable,tracking_failure,False,unusable,tracking_failure,False,unusable,tracking_failure,False,unusable,tracking_failure,False,unusable,tracking_failure,False,unusable,tracking_failure,False,unusable,tracking_failure,False,unusable,tracking_failure,False,unusable,tracking_failure,False,unusable,tracking_failure,False,unusable,tracking_failure,False,unusable,tracking_failure,False,unusable,tracking_failure,False,unusable,tracking_failure,False,unusable,tracking_failure,False,unusable,tracking_failure,False,unusable,tracking_failure,False,unusable,tracking_failure,False,unusable,tracking_failure,False,unusable,tracking_failure,False,unusable,tracking_failure
KVAL0014,102,103,-1,False,unusable,tracking_failure,False,unusable,tracking_failure,False,unusable,tracking_failure,False,unusable,tracking_failure,False,unusable,tracking_failure,False,unusable,tracking_failure,False,unusable,tracking_failure,False,unusable,tracking_failure,False,unusable,tracking_failure,False,unusable,tracking_failure,False,unusable,tracking_failure,False,unusable,tracking_failure,False,unusable,tracking_failure,False,unusable,tracking_failure,False,unusable,tracking_failure,False,unusable,tracking_failure,False,unusable,tracking_failure,False,unusable,tracking_failure,False,unusable,tracking_failure,False,unusable,tracking_failure,False,unusable,tracking_failure,False,unusable,tracking_failure,False,unusable,tracking_failure,False,unusable,tracking_failure,False,unusable,tracking_failure,False,unusable,tracking_failure,False,unusable,tracking_failure,False,unusable,tracking_failure,False,unusable,tracking_failure,False,unusable,tracking_failure,False,unusable,tracking_failure,False,unusable,tracking_failure
KVAL0014,103,104,-1,False,unusable,tracking_failure,False,unusable,tracking_failure,False,unusable,tracking_failure,False,unusable,tracking_failure,False,unusable,tracking_failure,False,unusable,tracking_failure,False,unusable,tracking_failure,False,unusable,tracking_failure,False,unusable,tracking_failure,False,unusable,tracking_failure,False,unusable,tracking_failure,False,unusable,tracking_failure,False,unusable,tracking_failure,False,unusable,tracking_failure,False,unusable,tracking_failure,False,unusable,tracking_failure,False,unusable,tracking_failure,False,unusable,tracking_failure,False,unusable,tracking_failure,False,unusable,tracking_failure,False,unusable,tracking_failure,False,unusable,tracking_failure,False,unusable,tracking_failure,False,unusable,tracking_failure,False,unusable,tracking_failure,False,unusable,tracking_failure,False,unusable,tracking_failure,False,unusable,tracking_failure,False,unusable,tracking_failure,False,unusable,tracking_failure,False,unusable,tracking_failure,False,unusable,tracking_failure
KVAL0014,104,105,-1,False,unusable,tracking_failure,False,unusable,tracking_failure,False,unusable,tracking_failure,False,unusable,tracking_failure,False,unusable,tracking_failure,False,unusable,tracking_failure,False,unusable,tracking_failure,False,unusable,tracking_failure,False,unusable,tracking_failure,False,unusable,tracking_failure,False,unusable,tracking_failure,False,unusable,tracking_failure,False,unusable,tracking_failure,False,unusable,tracking_failure,False,unusable,tracking_failure,False,unusable,tracking_failure,False,unusable,tracking_failure,False,unusable,tracking_failure,False,unusable,tracking_failure,False,unusable,tracking_failure,False,unusable,tracking_failure,False,unusable,tracking_failure,False,unusable,tracking_failure,False,unusable,tracking_failure,False,unusable,tracking_failure,False,unusable,tracking_failure,False,unusable,tracking_failure,False,unusable,tracking_failure,False,unusable,tracking_failure,False,unusable,tracking_failure,False,unusable,tracking_failure,False,unusable,tracking_failure
KVAL0014,105,106,-1,False,unusable,tracking_failure,False,unusable,tracking_failure,False,unusable,tracking_failure,False,unusable,tracking_failure,False,unusable,tracking_failure,False,unusable,tracking_failure,False,unusable,tracking_failure,False,unusable,tracking_failure,False,unusable,tracking_failure,False,unusable,tracking_failure,False,unusable,tracking_failure,False,unusable,tracking_failure,False,unusable,tracking_failure,False,unusable,tracking_failure,False,unusable,tracking_failure,False,unusable,tracking_failure,False,unusable,tracking_failure,False,unusable,tracking_failure,False,unusable,tracking_failure,False,unusable,tracking_failure,False,unusable,tracking_failure,False,unusable,tracking_failure,False,unusable,tracking_failure,False,unusable,tracking_failure,False,unusable,tracking_failure,False,unusable,tracking_failure,False,unusable,tracking_failure,False,unusable,tracking_failure,False,unusable,tracking_failure,False,unusable,tracking_failure,False,unusable,tracking_failure,False,unusable,tracking_failure
KVAL0014,106,107,-1,False,unusable,tracking_failure,False,unusable,tracking_failure,False,unusable,tracking_failure,False,unusable,tracking_failure,False,unusable,tracking_failure,False,unusable,tracking_failure,False,unusable,tracking_failure,False,unusable,tracking_failure,False,unusable,tracking_failure,False,unusable,tracking_failure,False,unusable,tracking_failure,False,unusable,tracking_failure,False,unusable,tracking_failure,False,unusable,tracking_failure,False,unusable,tracking_failure,False,unusable,tracking_failure,False,unusable,tracking_failure,False,unusable,tracking_failure,False,unusable,tracking_failure,False,unusable,tracking_failure,False,unusable,tracking_failure,False,unusable,tracking_failure,False,unusable,tracking_failure,False,unusable,tracking_failure,False,unusable,tracking_failure,False,unusable,tracking_failure,False,unusable,tracking_failure,False,unusable,tracking_failure,False,unusable,tracking_failure,False,unusable,tracking_failure,False,unusable,tracking_failure,False,unusable,tracking_failure
KVAL0014,107,108,-1,False,unusable,tracking_failure,False,unusable,tracking_failure,False,unusable,tracking_failure,False,unusable,tracking_failure,False,unusable,tracking_failure,False,unusable,tracking_failure,False,unusable,tracking_failure,False,unusable,tracking_failure,False,unusable,tracking_failure,False,unusable,tracking_failure,False,unusable,tracking_failure,False,unusable,tracking_failure,False,unusable,tracking_failure,False,unusable,tracking_failure,False,unusable,tracking_failure,False,unusable,tracking_failure,False,unusable,tracking_failure,False,unusable,tracking_failure,False,unusable,tracking_failure,False,unusable,tracking_failure,False,unusable,tracking_failure,False,unusable,tracking_failure,False,unusable,tracking_failure,False,unusable,tracking_failure,False,unusable,tracking_failure,False,unusable,tracking_failure,False,unusable,tracking_failure,False,unusable,tracking_failure,False,unusable,tracking_failure,False,unusable,tracking_failure,False,unusable,tracking_failure,False,unusable,tracking_failure
KVAL0014,108,109,-1,False,unusable,tracking_failure,False,unusable,tracking_failure,False,unusable,tracking_failure,False,unusable,tracking_failure,False,unusable,tracking_failure,False,unusable,tracking_failure,False,unusable,tracking_failure,False,unusable,tracking_failure,False,unusable,tracking_failure,False,unusable,tracking_failure,False,unusable,tracking_failure,False,unusable,tracking_failure,False,unusable,tracking_failure,False,unusable,tracking_failure,False,unusable,tracking_failure,False,unusable,tracking_failure,False,unusable,tracking_failure,False,unusable,tracking_failure,False,unusable,tracking_failure,False,unusable,tracking_failure,False,unusable,tracking_failure,False,unusable,tracking_failure,False,unusable,tracking_failure,False,unusable,tracking_failure,False,unusable,tracking_failure,False,unusable,tracking_failure,False,unusable,tracking_failure,False,unusable,tracking_failure,False,unusable,tracking_failure,False,unusable,tracking_failure,False,unusable,tracking_failure,False,unusable,tracking_failure
KVAL0014,109,110,-1,False,unusable,tracking_failure,False,unusable,tracking_failure,False,unusable,tracking_failure,False,unusable,tracking_failure,False,unusable,tracking_failure,False,unusable,tracking_failure,False,unusable,tracking_failure,False,unusable,tracking_failure,False,unusable,tracking_failure,False,unusable,tracking_failure,False,unusable,tracking_failure,False,unusable,tracking_failure,False,unusable,tracking_failure,False,unusable,tracking_failure,False,unusable,tracking_failure,False,unusable,tracking_failure,False,unusable,tracking_failure,False,unusable,tracking_failure,False,unusable,tracking_failure,False,unusable,tracking_failure,False,unusable,tracking_failure,False,unusable,tracking_failure,False,unusable,tracking_failure,False,unusable,tracking_failure,False,unusable,tracking_failure,False,unusable,tracking_failure,False,unusable,tracking_failure,False,unusable,tracking_failure,False,unusable,tracking_failure,False,unusable,tracking_failure,False,unusable,tracking_failure,False,unusable,tracking_failure
KVAL0014,110,111,-1,False,unusable,tracking_failure,False,unusable,tracking_failure,False,unusable,tracking_failure,False,unusable,tracking_failure,False,unusable,tracking_failure,False,unusable,tracking_failure,False,unusable,tracking_failure,False,unusable,tracking_failure,False,unusable,tracking_failure,False,unusable,tracking_failure,False,unusable,tracking_failure,False,unusable,tracking_failure,False,unusable,tracking_failure,False,unusable,tracking_failure,False,unusable,tracking_failure,False,unusable,tracking_failure,False,unusable,tracking_failure,False,unusable,tracking_failure,False,unusable,tracking_failure,False,unusable,tracking_failure,False,unusable,tracking_failure,False,unusable,tracking_failure,False,unusable,tracking_failure,False,unusable,tracking_failure,False,unusable,tracking_failure,False,unusable,tracking_failure,False,unusable,tracking_failure,False,unusable,tracking_failure,False,unusable,tracking_failure,False,unusable,tracking_failure,False,unusable,tracking_failure,False,unusable,tracking_failure
KVAL0014,111,112,-1,False,unusable,tracking_failure,False,unusable,tracking_failure,False,unusable,tracking_failure,False,unusable,tracking_failure,False,unusable,tracking_failure,False,unusable,tracking_failure,False,unusable,tracking_failure,False,unusable,tracking_failure,False,unusable,tracking_failure,False,unusable,tracking_failure,False,unusable,tracking_failure,False,unusable,tracking_failure,False,unusable,tracking_failure,False,unusable,tracking_failure,False,unusable,tracking_failure,False,unusable,tracking_failure,False,unusable,tracking_failure,False,unusable,tracking_failure,False,unusable,tracking_failure,False,unusable,tracking_failure,False,unusable,tracking_failure,False,unusable,tracking_failure,False,unusable,tracking_failure,False,unusable,tracking_failure,False,unusable,tracking_failure,False,unusable,tracking_failure,False,unusable,tracking_failure,False,unusable,tracking_failure,False,unusable,tracking_failure,False,unusable,tracking_failure,False,unusable,tracking_failure,False,unusable,tracking_failure
KVAL0014,112,113,-1,False,unusable,tracking_failure,False,unusable,tracking_failure,False,unusable,tracking_failure,False,unusable,tracking_failure,False,unusable,tracking_failure,False,unusable,tracking_failure,False,unusable,tracking_failure,False,unusable,tracking_failure,False,unusable,tracking_failure,False,unusable,tracking_failure,False,unusable,tracking_failure,False,unusable,tracking_failure,False,unusable,tracking_failure,False,unusable,tracking_failure,False,unusable,tracking_failure,False,unusable,tracking_failure,False,unusable,tracking_failure,False,unusable,tracking_failure,False,unusable,tracking_failure,False,unusable,tracking_failure,False,unusable,tracking_failure,False,unusable,tracking_failure,False,unusable,tracking_failure,False,unusable,tracking_failure,False,unusable,tracking_failure,False,unusable,tracking_failure,False,unusable,tracking_failure,False,unusable,tracking_failure,False,unusable,tracking_failure,False,unusable,tracking_failure,False,unusable,tracking_failure,False,unusable,tracking_failure
KVAL0014,113,114,-1,False,unusable,tracking_failure,False,unusable,tracking_failure,False,unusable,tracking_failure,False,unusable,tracking_failure,False,unusable,tracking_failure,False,unusable,tracking_failure,False,unusable,tracking_failure,False,unusable,tracking_failure,False,unusable,tracking_failure,False,unusable,tracking_failure,False,unusable,tracking_failure,False,unusable,tracking_failure,False,unusable,tracking_failure,False,unusable,tracking_failure,False,unusable,tracking_failure,False,unusable,tracking_failure,False,unusable,tracking_failure,False,unusable,tracking_failure,False,unusable,tracking_failure,False,unusable,tracking_failure,False,unusable,tracking_failure,False,unusable,tracking_failure,False,unusable,tracking_failure,False,unusable,tracking_failure,False,unusable,tracking_failure,False,unusable,tracking_failure,False,unusable,tracking_failure,False,unusable,tracking_failure,False,unusable,tracking_failure,False,unusable,tracking_failure,False,unusable,tracking_failure,False,unusable,tracking_failure
KVAL0014,114,115,-1,False,unusable,tracking_failure,False,unusable,tracking_failure,False,unusable,tracking_failure,False,unusable,tracking_failure,False,unusable,tracking_failure,False,unusable,tracking_failure,False,unusable,tracking_failure,False,unusable,tracking_failure,False,unusable,tracking_failure,False,unusable,tracking_failure,False,unusable,tracking_failure,False,unusable,tracking_failure,False,unusable,tracking_failure,False,unusable,tracking_failure,False,unusable,tracking_failure,False,unusable,tracking_failure,False,unusable,tracking_failure,False,unusable,tracking_failure,False,unusable,tracking_failure,False,unusable,tracking_failure,False,unusable,tracking_failure,False,unusable,tracking_failure,False,unusable,tracking_failure,False,unusable,tracking_failure,False,unusable,tracking_failure,False,unusable,tracking_failure,False,unusable,tracking_failure,False,unusable,tracking_failure,False,unusable,tracking_failure,False,unusable,tracking_failure,False,unusable,tracking_failure,False,unusable,tracking_failure
KVAL0014,115,116,-1,False,unusable,tracking_failure,False,unusable,tracking_failure,False,unusable,tracking_failure,False,unusable,tracking_failure,False,unusable,tracking_failure,False,unusable,tracking_failure,False,unusable,tracking_failure,False,unusable,tracking_failure,False,unusable,tracking_failure,False,unusable,tracking_failure,False,unusable,tracking_failure,False,unusable,tracking_failure,False,unusable,tracking_failure,False,unusable,tracking_failure,False,unusable,tracking_failure,False,unusable,tracking_failure,False,unusable,tracking_failure,False,unusable,tracking_failure,False,unusable,tracking_failure,False,unusable,tracking_failure,False,unusable,tracking_failure,False,unusable,tracking_failure,False,unusable,tracking_failure,False,unusable,tracking_failure,False,unusable,tracking_failure,False,unusable,tracking_failure,False,unusable,tracking_failure,False,unusable,tracking_failure,False,unusable,tracking_failure,False,unusable,tracking_failure,False,unusable,tracking_failure,False,unusable,tracking_failure
KVAL0014,116,117,-1,False,unusable,tracking_failure,False,unusable,tracking_failure,False,unusable,tracking_failure,False,unusable,tracking_failure,False,unusable,tracking_failure,False,unusable,tracking_failure,False,unusable,tracking_failure,False,unusable,tracking_failure,False,unusable,tracking_failure,False,unusable,tracking_failure,False,unusable,tracking_failure,False,unusable,tracking_failure,False,unusable,tracking_failure,False,unusable,tracking_failure,False,unusable,tracking_failure,False,unusable,tracking_failure,False,unusable,tracking_failure,False,unusable,tracking_failure,False,unusable,tracking_failure,False,unusable,tracking_failure,False,unusable,tracking_failure,False,unusable,tracking_failure,False,unusable,tracking_failure,False,unusable,tracking_failure,False,unusable,tracking_failure,False,unusable,tracking_failure,False,unusable,tracking_failure,False,unusable,tracking_failure,False,unusable,tracking_failure,False,unusable,tracking_failure,False,unusable,tracking_failure,False,unusable,tracking_failure
KVAL0014,117,118,-1,False,unusable,tracking_failure,False,unusable,tracking_failure,False,unusable,tracking_failure,False,unusable,tracking_failure,False,unusable,tracking_failure,False,unusable,tracking_failure,False,unusable,tracking_failure,False,unusable,tracking_failure,False,unusable,tracking_failure,False,unusable,tracking_failure,False,unusable,tracking_failure,False,unusable,tracking_failure,False,unusable,tracking_failure,False,unusable,tracking_failure,False,unusable,tracking_failure,False,unusable,tracking_failure,False,unusable,tracking_failure,False,unusable,tracking_failure,False,unusable,tracking_failure,False,unusable,tracking_failure,False,unusable,tracking_failure,False,unusable,tracking_failure,False,unusable,tracking_failure,False,unusable,tracking_failure,False,unusable,tracking_failure,False,unusable,tracking_failure,False,unusable,tracking_failure,False,unusable,tracking_failure,False,unusable,tracking_failure,False,unusable,tracking_failure,False,unusable,tracking_failure,False,unusable,tracking_failure
KVAL0014,118,119,-1,False,unusable,tracking_failure,False,unusable,tracking_failure,False,unusable,tracking_failure,False,unusable,tracking_failure,False,unusable,tracking_failure,False,unusable,tracking_failure,False,unusable,tracking_failure,False,unusable,tracking_failure,False,unusable,tracking_failure,False,unusable,tracking_failure,False,unusable,tracking_failure,False,unusable,tracking_failure,False,unusable,tracking_failure,False,unusable,tracking_failure,False,unusable,tracking_failure,False,unusable,tracking_failure,False,unusable,tracking_failure,False,unusable,tracking_failure,False,unusable,tracking_failure,False,unusable,tracking_failure,False,unusable,tracking_failure,False,unusable,tracking_failure,False,unusable,tracking_failure,False,unusable,tracking_failure,False,unusable,tracking_failure,False,unusable,tracking_failure,False,unusable,tracking_failure,False,unusable,tracking_failure,False,unusable,tracking_failure,False,unusable,tracking_failure,False,unusable,tracking_failure,False,unusable,tracking_failure
KVAL0014,119,120,-1,False,unusable,tracking_failure,False,unusable,tracking_failure,False,unusable,tracking_failure,False,unusable,tracking_failure,False,unusable,tracking_failure,False,unusable,tracking_failure,False,unusable,tracking_failure,False,unusable,tracking_failure,False,unusable,tracking_failure,False,unusable,tracking_failure,False,unusable,tracking_failure,False,unusable,tracking_failure,False,unusable,tracking_failure,False,unusable,tracking_failure,False,unusable,tracking_failure,False,unusable,tracking_failure,False,unusable,tracking_failure,False,unusable,tracking_failure,False,unusable,tracking_failure,False,unusable,tracking_failure,False,unusable,tracking_failure,False,unusable,tracking_failure,False,unusable,tracking_failure,False,unusable,tracking_failure,False,unusable,tracking_failure,False,unusable,tracking_failure,False,unusable,tracking_failure,False,unusable,tracking_failure,False,unusable,tracking_failure,False,unusable,tracking_failure,False,unusable,tracking_failure,False,unusable,tracking_failure
KVAL0014,120,121,-1,False,unusable,tracking_failure,False,unusable,tracking_failure,False,unusable,tracking_failure,False,unusable,tracking_failure,False,unusable,tracking_failure,False,unusable,tracking_failure,False,unusable,tracking_failure,False,unusable,tracking_failure,False,unusable,tracking_failure,False,unusable,tracking_failure,False,unusable,tracking_failure,False,unusable,tracking_failure,False,unusable,tracking_failure,False,unusable,tracking_failure,False,unusable,tracking_failure,False,unusable,tracking_failure,False,unusable,tracking_failure,False,unusable,tracking_failure,False,unusable,tracking_failure,False,unusable,tracking_failure,False,unusable,tracking_failure,False,unusable,tracking_failure,False,unusable,tracking_failure,False,unusable,tracking_failure,False,unusable,tracking_failure,False,unusable,tracking_failure,False,unusable,tracking_failure,False,unusable,tracking_failure,False,unusable,tracking_failure,False,unusable,tracking_failure,False,unusable,tracking_failure,False,unusable,tracking_failure
KVAL0014,121,122,-1,False,unusable,tracking_failure,False,unusable,tracking_failure,False,unusable,tracking_failure,False,unusable,tracking_failure,False,unusable,tracking_failure,False,unusable,tracking_failure,False,unusable,tracking_failure,False,unusable,tracking_failure,False,unusable,tracking_failure,False,unusable,tracking_failure,False,unusable,tracking_failure,False,unusable,tracking_failure,False,unusable,tracking_failure,False,unusable,tracking_failure,False,unusable,tracking_failure,False,unusable,tracking_failure,False,unusable,tracking_failure,False,unusable,tracking_failure,False,unusable,tracking_failure,False,unusable,tracking_failure,False,unusable,tracking_failure,False,unusable,tracking_failure,False,unusable,tracking_failure,False,unusable,tracking_failure,False,unusable,tracking_failure,False,unusable,tracking_failure,False,unusable,tracking_failure,False,unusable,tracking_failure,False,unusable,tracking_failure,False,unusable,tracking_failure,False,unusable,tracking_failure,False,unusable,tracking_failure
KVAL0014,122,123,-1,False,unusable,tracking_failure,False,unusable,tracking_failure,False,unusable,tracking_failure,False,unusable,tracking_failure,False,unusable,tracking_failure,False,unusable,tracking_failure,False,unusable,tracking_failure,False,unusable,tracking_failure,False,unusable,tracking_failure,False,unusable,tracking_failure,False,unusable,tracking_failure,False,unusable,tracking_failure,False,unusable,tracking_failure,False,unusable,tracking_failure,False,unusable,tracking_failure,False,unusable,tracking_failure,False,unusable,tracking_failure,False,unusable,tracking_failure,False,unusable,tracking_failure,False,unusable,tracking_failure,False,unusable,tracking_failure,False,unusable,tracking_failure,False,unusable,tracking_failure,False,unusable,tracking_failure,False,unusable,tracking_failure,False,unusable,tracking_failure,False,unusable,tracking_failure,False,unusable,tracking_failure,False,unusable,tracking_failure,False,unusable,tracking_failure,False,unusable,tracking_failure,False,unusable,tracking_failure
KVAL0014,123,124,-1,False,unusable,tracking_failure,False,unusable,tracking_failure,False,unusable,tracking_failure,False,unusable,tracking_failure,False,unusable,tracking_failure,False,unusable,tracking_failure,False,unusable,tracking_failure,False,unusable,tracking_failure,False,unusable,tracking_failure,False,unusable,tracking_failure,False,unusable,tracking_failure,False,unusable,tracking_failure,False,unusable,tracking_failure,False,unusable,tracking_failure,False,unusable,tracking_failure,False,unusable,tracking_failure,False,unusable,tracking_failure,False,unusable,tracking_failure,False,unusable,tracking_failure,False,unusable,tracking_failure,False,unusable,tracking_failure,False,unusable,tracking_failure,False,unusable,tracking_failure,False,unusable,tracking_failure,False,unusable,tracking_failure,False,unusable,tracking_failure,False,unusable,tracking_failure,False,unusable,tracking_failure,False,unusable,tracking_failure,False,unusable,tracking_failure,False,unusable,tracking_failure,False,unusable,tracking_failure
KVAL0014,124,125,-1,False,unusable,tracking_failure,False,unusable,tracking_failure,False,unusable,tracking_failure,False,unusable,tracking_failure,False,unusable,tracking_failure,False,unusable,tracking_failure,False,unusable,tracking_failure,False,unusable,tracking_failure,False,unusable,tracking_failure,False,unusable,tracking_failure,False,unusable,tracking_failure,False,unusable,tracking_failure,False,unusable,tracking_failure,False,unusable,tracking_failure,False,unusable,tracking_failure,False,unusable,tracking_failure,False,unusable,tracking_failure,False,unusable,tracking_failure,False,unusable,tracking_failure,False,unusable,tracking_failure,False,unusable,tracking_failure,False,unusable,tracking_failure,False,unusable,tracking_failure,False,unusable,tracking_failure,False,unusable,tracking_failure,False,unusable,tracking_failure,False,unusable,tracking_failure,False,unusable,tracking_failure,False,unusable,tracking_failure,False,unusable,tracking_failure,False,unusable,tracking_failure,False,unusable,tracking_failure
KVAL0014,125,126,-1,False,unusable,tracking_failure,False,unusable,tracking_failure,False,unusable,tracking_failure,False,unusable,tracking_failure,False,unusable,tracking_failure,False,unusable,tracking_failure,False,unusable,tracking_failure,False,unusable,tracking_failure,False,unusable,tracking_failure,False,unusable,tracking_failure,False,unusable,tracking_failure,False,unusable,tracking_failure,False,unusable,tracking_failure,False,unusable,tracking_failure,False,unusable,tracking_failure,False,unusable,tracking_failure,False,unusable,tracking_failure,False,unusable,tracking_failure,False,unusable,tracking_failure,False,unusable,tracking_failure,False,unusable,tracking_failure,False,unusable,tracking_failure,False,unusable,tracking_failure,False,unusable,tracking_failure,False,unusable,tracking_failure,False,unusable,tracking_failure,False,unusable,tracking_failure,False,unusable,tracking_failure,False,unusable,tracking_failure,False,unusable,tracking_failure,False,unusable,tracking_failure,False,unusable,tracking_failure
KVAL0014,126,127,-1,False,unusable,tracking_failure,False,unusable,tracking_failure,False,unusable,tracking_failure,False,unusable,tracking_failure,False,unusable,tracking_failure,False,unusable,tracking_failure,False,unusable,tracking_failure,False,unusable,tracking_failure,False,unusable,tracking_failure,False,unusable,tracking_failure,False,unusable,tracking_failure,False,unusable,tracking_failure,False,unusable,tracking_failure,False,unusable,tracking_failure,False,unusable,tracking_failure,False,unusable,tracking_failure,False,unusable,tracking_failure,False,unusable,tracking_failure,False,unusable,tracking_failure,False,unusable,tracking_failure,False,unusable,tracking_failure,False,unusable,tracking_failure,False,unusable,tracking_failure,False,unusable,tracking_failure,False,unusable,tracking_failure,False,unusable,tracking_failure,False,unusable,tracking_failure,False,unusable,tracking_failure,False,unusable,tracking_failure,False,unusable,tracking_failure,False,unusable,tracking_failure,False,unusable,tracking_failure
KVAL0014,127,128,-1,False,unusable,tracking_failure,False,unusable,tracking_failure,False,unusable,tracking_failure,False,unusable,tracking_failure,False,unusable,tracking_failure,False,unusable,tracking_failure,False,unusable,tracking_failure,False,unusable,tracking_failure,False,unusable,tracking_failure,False,unusable,tracking_failure,False,unusable,tracking_failure,False,unusable,tracking_failure,False,unusable,tracking_failure,False,unusable,tracking_failure,False,unusable,tracking_failure,False,unusable,tracking_failure,False,unusable,tracking_failure,False,unusable,tracking_failure,False,unusable,tracking_failure,False,unusable,tracking_failure,False,unusable,tracking_failure,False,unusable,tracking_failure,False,unusable,tracking_failure,False,unusable,tracking_failure,False,unusable,tracking_failure,False,unusable,tracking_failure,False,unusable,tracking_failure,False,unusable,tracking_failure,False,unusable,tracking_failure,False,unusable,tracking_failure,False,unusable,tracking_failure,False,unusable,tracking_failure
KVAL0014,128,129,-1,False,unusable,tracking_failure,False,unusable,tracking_failure,False,unusable,tracking_failure,False,unusable,tracking_failure,False,unusable,tracking_failure,False,unusable,tracking_failure,False,unusable,tracking_failure,False,unusable,tracking_failure,False,unusable,tracking_failure,False,unusable,tracking_failure,False,unusable,tracking_failure,False,unusable,tracking_failure,False,unusable,tracking_failure,False,unusable,tracking_failure,False,unusable,tracking_failure,False,unusable,tracking_failure,False,unusable,tracking_failure,False,unusable,tracking_failure,False,unusable,tracking_failure,False,unusable,tracking_failure,False,unusable,tracking_failure,False,unusable,tracking_failure,False,unusable,tracking_failure,False,unusable,tracking_failure,False,unusable,tracking_failure,False,unusable,tracking_failure,False,unusable,tracking_failure,False,unusable,tracking_failure,False,unusable,tracking_failure,False,unusable,tracking_failure,False,unusable,tracking_failure,False,unusable,tracking_failure
KVAL0014,129,130,-1,False,unusable,tracking_failure,False,unusable,tracking_failure,False,unusable,tracking_failure,False,unusable,tracking_failure,False,unusable,tracking_failure,False,unusable,tracking_failure,False,unusable,tracking_failure,False,unusable,tracking_failure,False,unusable,tracking_failure,False,unusable,tracking_failure,False,unusable,tracking_failure,False,unusable,tracking_failure,False,unusable,tracking_failure,False,unusable,tracking_failure,False,unusable,tracking_failure,False,unusable,tracking_failure,False,unusable,tracking_failure,False,unusable,tracking_failure,False,unusable,tracking_failure,False,unusable,tracking_failure,False,unusable,tracking_failure,False,unusable,tracking_failure,False,unusable,tracking_failure,False,unusable,tracking_failure,False,unusable,tracking_failure,False,unusable,tracking_failure,False,unusable,tracking_failure,False,unusable,tracking_failure,False,unusable,tracking_failure,False,unusable,tracking_failure,False,unusable,tracking_failure,False,unusable,tracking_failure
KVAL0014,130,131,-1,False,unusable,tracking_failure,False,unusable,tracking_failure,False,unusable,tracking_failure,False,unusable,tracking_failure,False,unusable,tracking_failure,False,unusable,tracking_failure,False,unusable,tracking_failure,False,unusable,tracking_failure,False,unusable,tracking_failure,False,unusable,tracking_failure,False,unusable,tracking_failure,False,unusable,tracking_failure,False,unusable,tracking_failure,False,unusable,tracking_failure,False,unusable,tracking_failure,False,unusable,tracking_failure,False,unusable,tracking_failure,False,unusable,tracking_failure,False,unusable,tracking_failure,False,unusable,tracking_failure,False,unusable,tracking_failure,False,unusable,tracking_failure,False,unusable,tracking_failure,False,unusable,tracking_failure,False,unusable,tracking_failure,False,unusable,tracking_failure,False,unusable,tracking_failure,False,unusable,tracking_failure,False,unusable,tracking_failure,False,unusable,tracking_failure,False,unusable,tracking_failure,False,unusable,tracking_failure
KVAL0014,131,132,-1,False,unusable,tracking_failure,False,unusable,tracking_failure,False,unusable,tracking_failure,False,unusable,tracking_failure,False,unusable,tracking_failure,False,unusable,tracking_failure,False,unusable,tracking_failure,False,unusable,tracking_failure,False,unusable,tracking_failure,False,unusable,tracking_failure,False,unusable,tracking_failure,False,unusable,tracking_failure,False,unusable,tracking_failure,False,unusable,tracking_failure,False,unusable,tracking_failure,False,unusable,tracking_failure,False,unusable,tracking_failure,False,unusable,tracking_failure,False,unusable,tracking_failure,False,unusable,tracking_failure,False,unusable,tracking_failure,False,unusable,tracking_failure,False,unusable,tracking_failure,False,unusable,tracking_failure,False,unusable,tracking_failure,False,unusable,tracking_failure,False,unusable,tracking_failure,False,unusable,tracking_failure,False,unusable,tracking_failure,False,unusable,tracking_failure,False,unusable,tracking_failure,False,unusable,tracking_failure
KVAL0014,132,133,-1,False,unusable,tracking_failure,False,unusable,tracking_failure,False,unusable,tracking_failure,False,unusable,tracking_failure,False,unusable,tracking_failure,False,unusable,tracking_failure,False,unusable,tracking_failure,False,unusable,tracking_failure,False,unusable,tracking_failure,False,unusable,tracking_failure,False,unusable,tracking_failure,False,unusable,tracking_failure,False,unusable,tracking_failure,False,unusable,tracking_failure,False,unusable,tracking_failure,False,unusable,tracking_failure,False,unusable,tracking_failure,False,unusable,tracking_failure,False,unusable,tracking_failure,False,unusable,tracking_failure,False,unusable,tracking_failure,False,unusable,tracking_failure,False,unusable,tracking_failure,False,unusable,tracking_failure,False,unusable,tracking_failure,False,unusable,tracking_failure,False,unusable,tracking_failure,False,unusable,tracking_failure,False,unusable,tracking_failure,False,unusable,tracking_failure,False,unusable,tracking_failure,False,unusable,tracking_failure
KVAL0014,133,134,-1,False,unusable,tracking_failure,False,unusable,tracking_failure,False,unusable,tracking_failure,False,unusable,tracking_failure,False,unusable,tracking_failure,False,unusable,tracking_failure,False,unusable,tracking_failure,False,unusable,tracking_failure,False,unusable,tracking_failure,False,unusable,tracking_failure,False,unusable,tracking_failure,False,unusable,tracking_failure,False,unusable,tracking_failure,False,unusable,tracking_failure,False,unusable,tracking_failure,False,unusable,tracking_failure,False,unusable,tracking_failure,False,unusable,tracking_failure,False,unusable,tracking_failure,False,unusable,tracking_failure,False,unusable,tracking_failure,False,unusable,tracking_failure,False,unusable,tracking_failure,False,unusable,tracking_failure,False,unusable,tracking_failure,False,unusable,tracking_failure,False,unusable,tracking_failure,False,unusable,tracking_failure,False,unusable,tracking_failure,False,unusable,tracking_failure,False,unusable,tracking_failure,False,unusable,tracking_failure
KVAL0014,134,135,-1,False,unusable,tracking_failure,False,unusable,tracking_failure,False,unusable,tracking_failure,False,unusable,tracking_failure,False,unusable,tracking_failure,False,unusable,tracking_failure,False,unusable,tracking_failure,False,unusable,tracking_failure,False,unusable,tracking_failure,False,unusable,tracking_failure,False,unusable,tracking_failure,False,unusable,tracking_failure,False,unusable,tracking_failure,False,unusable,tracking_failure,False,unusable,tracking_failure,False,unusable,tracking_failure,False,unusable,tracking_failure,False,unusable,tracking_failure,False,unusable,tracking_failure,False,unusable,tracking_failure,False,unusable,tracking_failure,False,unusable,tracking_failure,False,unusable,tracking_failure,False,unusable,tracking_failure,False,unusable,tracking_failure,False,unusable,tracking_failure,False,unusable,tracking_failure,False,unusable,tracking_failure,False,unusable,tracking_failure,False,unusable,tracking_failure,False,unusable,tracking_failure,False,unusable,tracking_failure
KVAL0014,135,136,-1,False,unusable,tracking_failure,False,unusable,tracking_failure,False,unusable,tracking_failure,False,unusable,tracking_failure,False,unusable,tracking_failure,False,unusable,tracking_failure,False,unusable,tracking_failure,False,unusable,tracking_failure,False,unusable,tracking_failure,False,unusable,tracking_failure,False,unusable,tracking_failure,False,unusable,tracking_failure,False,unusable,tracking_failure,False,unusable,tracking_failure,False,unusable,tracking_failure,False,unusable,tracking_failure,False,unusable,tracking_failure,False,unusable,tracking_failure,False,unusable,tracking_failure,False,unusable,tracking_failure,False,unusable,tracking_failure,False,unusable,tracking_failure,False,unusable,tracking_failure,False,unusable,tracking_failure,False,unusable,tracking_failure,False,unusable,tracking_failure,False,unusable,tracking_failure,False,unusable,tracking_failure,False,unusable,tracking_failure,False,unusable,tracking_failure,False,unusable,tracking_failure,False,unusable,tracking_failure
KVAL0014,136,137,-1,False,unusable,tracking_failure,False,unusable,tracking_failure,False,unusable,tracking_failure,False,unusable,tracking_failure,False,unusable,tracking_failure,False,unusable,tracking_failure,False,unusable,tracking_failure,False,unusable,tracking_failure,False,unusable,tracking_failure,False,unusable,tracking_failure,False,unusable,tracking_failure,False,unusable,tracking_failure,False,unusable,tracking_failure,False,unusable,tracking_failure,False,unusable,tracking_failure,False,unusable,tracking_failure,False,unusable,tracking_failure,False,unusable,tracking_failure,False,unusable,tracking_failure,False,unusable,tracking_failure,False,unusable,tracking_failure,False,unusable,tracking_failure,False,unusable,tracking_failure,False,unusable,tracking_failure,False,unusable,tracking_failure,False,unusable,tracking_failure,False,unusable,tracking_failure,False,unusable,tracking_failure,False,unusable,tracking_failure,False,unusable,tracking_failure,False,unusable,tracking_failure,False,unusable,tracking_failure
KVAL0014,137,138,-1,False,unusable,tracking_failure,False,unusable,tracking_failure,False,unusable,tracking_failure,False,unusable,tracking_failure,False,unusable,tracking_failure,False,unusable,tracking_failure,False,unusable,tracking_failure,False,unusable,tracking_failure,False,unusable,tracking_failure,False,unusable,tracking_failure,False,unusable,tracking_failure,False,unusable,tracking_failure,False,unusable,tracking_failure,False,unusable,tracking_failure,False,unusable,tracking_failure,False,unusable,tracking_failure,False,unusable,tracking_failure,False,unusable,tracking_failure,False,unusable,tracking_failure,False,unusable,tracking_failure,False,unusable,tracking_failure,False,unusable,tracking_failure,False,unusable,tracking_failure,False,unusable,tracking_failure,False,unusable,tracking_failure,False,unusable,tracking_failure,False,unusable,tracking_failure,False,unusable,tracking_failure,False,unusable,tracking_failure,False,unusable,tracking_failure,False,unusable,tracking_failure,False,unusable,tracking_failure
KVAL0014,138,139,-1,False,unusable,tracking_failure,False,unusable,tracking_failure,False,unusable,tracking_failure,False,unusable,tracking_failure,False,unusable,tracking_failure,False,unusable,tracking_failure,False,unusable,tracking_failure,False,unusable,tracking_failure,False,unusable,tracking_failure,False,unusable,tracking_failure,False,unusable,tracking_failure,False,unusable,tracking_failure,False,unusable,tracking_failure,False,unusable,tracking_failure,False,unusable,tracking_failure,False,unusable,tracking_failure,False,unusable,tracking_failure,False,unusable,tracking_failure,False,unusable,tracking_failure,False,unusable,tracking_failure,False,unusable,tracking_failure,False,unusable,tracking_failure,False,unusable,tracking_failure,False,unusable,tracking_failure,False,unusable,tracking_failure,False,unusable,tracking_failure,False,unusable,tracking_failure,False,unusable,tracking_failure,False,unusable,tracking_failure,False,unusable,tracking_failure,False,unusable,tracking_failure,False,unusable,tracking_failure
KVAL0014,139,140,-1,False,unusable,tracking_failure,False,unusable,tracking_failure,False,unusable,tracking_failure,False,unusable,tracking_failure,False,unusable,tracking_failure,False,unusable,tracking_failure,False,unusable,tracking_failure,False,unusable,tracking_failure,False,unusable,tracking_failure,False,unusable,tracking_failure,False,unusable,tracking_failure,False,unusable,tracking_failure,False,unusable,tracking_failure,False,unusable,tracking_failure,False,unusable,tracking_failure,False,unusable,tracking_failure,False,unusable,tracking_failure,False,unusable,tracking_failure,False,unusable,tracking_failure,False,unusable,tracking_failure,False,unusable,tracking_failure,False,unusable,tracking_failure,False,unusable,tracking_failure,False,unusable,tracking_failure,False,unusable,tracking_failure,False,unusable,tracking_failure,False,unusable,tracking_failure,False,unusable,tracking_failure,False,unusable,tracking_failure,False,unusable,tracking_failure,False,unusable,tracking_failure,False,unusable,tracking_failure
KVAL0014,140,141,-1,False,unusable,tracking_failure,False,unusable,tracking_failure,False,unusable,tracking_failure,False,unusable,tracking_failure,False,unusable,tracking_failure,False,unusable,tracking_failure,False,unusable,tracking_failure,False,unusable,tracking_failure,False,unusable,tracking_failure,False,unusable,tracking_failure,False,unusable,tracking_failure,False,unusable,tracking_failure,False,unusable,tracking_failure,False,unusable,tracking_failure,False,unusable,tracking_failure,False,unusable,tracking_failure,False,unusable,tracking_failure,False,unusable,tracking_failure,False,unusable,tracking_failure,False,unusable,tracking_failure,False,unusable,tracking_failure,False,unusable,tracking_failure,False,unusable,tracking_failure,False,unusable,tracking_failure,False,unusable,tracking_failure,False,unusable,tracking_failure,False,unusable,tracking_failure,False,unusable,tracking_failure,False,unusable,tracking_failure,False,unusable,tracking_failure,False,unusable,tracking_failure,False,unusable,tracking_failure
KVAL0014,141,142,-1,False,unusable,tracking_failure,False,unusable,tracking_failure,False,unusable,tracking_failure,False,unusable,tracking_failure,False,unusable,tracking_failure,False,unusable,tracking_failure,False,unusable,tracking_failure,False,unusable,tracking_failure,False,unusable,tracking_failure,False,unusable,tracking_failure,False,unusable,tracking_failure,False,unusable,tracking_failure,False,unusable,tracking_failure,False,unusable,tracking_failure,False,unusable,tracking_failure,False,unusable,tracking_failure,False,unusable,tracking_failure,False,unusable,tracking_failure,False,unusable,tracking_failure,False,unusable,tracking_failure,False,unusable,tracking_failure,False,unusable,tracking_failure,False,unusable,tracking_failure,False,unusable,tracking_failure,False,unusable,tracking_failure,False,unusable,tracking_failure,False,unusable,tracking_failure,False,unusable,tracking_failure,False,unusable,tracking_failure,False,unusable,tracking_failure,False,unusable,tracking_failure,False,unusable,tracking_failure
KVAL0014,142,143,-1,False,unusable,tracking_failure,False,unusable,tracking_failure,False,unusable,tracking_failure,False,unusable,tracking_failure,False,unusable,tracking_failure,False,unusable,tracking_failure,False,unusable,tracking_failure,False,unusable,tracking_failure,False,unusable,tracking_failure,False,unusable,tracking_failure,False,unusable,tracking_failure,False,unusable,tracking_failure,False,unusable,tracking_failure,False,unusable,tracking_failure,False,unusable,tracking_failure,False,unusable,tracking_failure,False,unusable,tracking_failure,False,unusable,tracking_failure,False,unusable,tracking_failure,False,unusable,tracking_failure,False,unusable,tracking_failure,False,unusable,tracking_failure,False,unusable,tracking_failure,False,unusable,tracking_failure,False,unusable,tracking_failure,False,unusable,tracking_failure,False,unusable,tracking_failure,False,unusable,tracking_failure,False,unusable,tracking_failure,False,unusable,tracking_failure,False,unusable,tracking_failure,False,unusable,tracking_failure
KVAL0014,143,144,-1,False,unusable,tracking_failure,False,unusable,tracking_failure,False,unusable,tracking_failure,False,unusable,tracking_failure,False,unusable,tracking_failure,False,unusable,tracking_failure,False,unusable,tracking_failure,False,unusable,tracking_failure,False,unusable,tracking_failure,False,unusable,tracking_failure,False,unusable,tracking_failure,False,unusable,tracking_failure,False,unusable,tracking_failure,False,unusable,tracking_failure,False,unusable,tracking_failure,False,unusable,tracking_failure,False,unusable,tracking_failure,False,unusable,tracking_failure,False,unusable,tracking_failure,False,unusable,tracking_failure,False,unusable,tracking_failure,False,unusable,tracking_failure,False,unusable,tracking_failure,False,unusable,tracking_failure,False,unusable,tracking_failure,False,unusable,tracking_failure,False,unusable,tracking_failure,False,unusable,tracking_failure,False,unusable,tracking_failure,False,unusable,tracking_failure,False,unusable,tracking_failure,False,unusable,tracking_failure
KVAL0014,144,145,-1,False,unusable,tracking_failure,False,unusable,tracking_failure,False,unusable,tracking_failure,False,unusable,tracking_failure,False,unusable,tracking_failure,False,unusable,tracking_failure,False,unusable,tracking_failure,False,unusable,tracking_failure,False,unusable,tracking_failure,False,unusable,tracking_failure,False,unusable,tracking_failure,False,unusable,tracking_failure,False,unusable,tracking_failure,False,unusable,tracking_failure,False,unusable,tracking_failure,False,unusable,tracking_failure,False,unusable,tracking_failure,False,unusable,tracking_failure,False,unusable,tracking_failure,False,unusable,tracking_failure,False,unusable,tracking_failure,False,unusable,tracking_failure,False,unusable,tracking_failure,False,unusable,tracking_failure,False,unusable,tracking_failure,False,unusable,tracking_failure,False,unusable,tracking_failure,False,unusable,tracking_failure,False,unusable,tracking_failure,False,unusable,tracking_failure,False,unusable,tracking_failure,False,unusable,tracking_failure
KVAL0014,145,146,-1,False,unusable,tracking_failure,False,unusable,tracking_failure,False,unusable,tracking_failure,False,unusable,tracking_failure,False,unusable,tracking_failure,False,unusable,tracking_failure,False,unusable,tracking_failure,False,unusable,tracking_failure,False,unusable,tracking_failure,False,unusable,tracking_failure,False,unusable,tracking_failure,False,unusable,tracking_failure,False,unusable,tracking_failure,False,unusable,tracking_failure,False,unusable,tracking_failure,False,unusable,tracking_failure,False,unusable,tracking_failure,False,unusable,tracking_failure,False,unusable,tracking_failure,False,unusable,tracking_failure,False,unusable,tracking_failure,False,unusable,tracking_failure,False,unusable,tracking_failure,False,unusable,tracking_failure,False,unusable,tracking_failure,False,unusable,tracking_failure,False,unusable,tracking_failure,False,unusable,tracking_failure,False,unusable,tracking_failure,False,unusable,tracking_failure,False,unusable,tracking_failure,False,unusable,tracking_failure
KVAL0014,146,147,-1,False,unusable,tracking_failure,False,unusable,tracking_failure,False,unusable,tracking_failure,False,unusable,tracking_failure,False,unusable,tracking_failure,False,unusable,tracking_failure,False,unusable,tracking_failure,False,unusable,tracking_failure,False,unusable,tracking_failure,False,unusable,tracking_failure,False,unusable,tracking_failure,False,unusable,tracking_failure,False,unusable,tracking_failure,False,unusable,tracking_failure,False,unusable,tracking_failure,False,unusable,tracking_failure,False,unusable,tracking_failure,False,unusable,tracking_failure,False,unusable,tracking_failure,False,unusable,tracking_failure,False,unusable,tracking_failure,False,unusable,tracking_failure,False,unusable,tracking_failure,False,unusable,tracking_failure,False,unusable,tracking_failure,False,unusable,tracking_failure,False,unusable,tracking_failure,False,unusable,tracking_failure,False,unusable,tracking_failure,False,unusable,tracking_failure,False,unusable,tracking_failure,False,unusable,tracking_failure
KVAL0014,147,148,-1,False,unusable,tracking_failure,False,unusable,tracking_failure,False,unusable,tracking_failure,False,unusable,tracking_failure,False,unusable,tracking_failure,False,unusable,tracking_failure,False,unusable,tracking_failure,False,unusable,tracking_failure,False,unusable,tracking_failure,False,unusable,tracking_failure,False,unusable,tracking_failure,False,unusable,tracking_failure,False,unusable,tracking_failure,False,unusable,tracking_failure,False,unusable,tracking_failure,False,unusable,tracking_failure,False,unusable,tracking_failure,False,unusable,tracking_failure,False,unusable,tracking_failure,False,unusable,tracking_failure,False,unusable,tracking_failure,False,unusable,tracking_failure,False,unusable,tracking_failure,False,unusable,tracking_failure,False,unusable,tracking_failure,False,unusable,tracking_failure,False,unusable,tracking_failure,False,unusable,tracking_failure,False,unusable,tracking_failure,False,unusable,tracking_failure,False,unusable,tracking_failure,False,unusable,tracking_failure
KVAL0014,148,149,-1,False,unusable,tracking_failure,False,unusable,tracking_failure,False,unusable,tracking_failure,False,unusable,tracking_failure,False,unusable,tracking_failure,False,unusable,tracking_failure,False,unusable,tracking_failure,False,unusable,tracking_failure,False,unusable,tracking_failure,False,unusable,tracking_failure,False,unusable,tracking_failure,False,unusable,tracking_failure,False,unusable,tracking_failure,False,unusable,tracking_failure,False,unusable,tracking_failure,False,unusable,tracking_failure,False,unusable,tracking_failure,False,unusable,tracking_failure,False,unusable,tracking_failure,False,unusable,tracking_failure,False,unusable,tracking_failure,False,unusable,tracking_failure,False,unusable,tracking_failure,False,unusable,tracking_failure,False,unusable,tracking_failure,False,unusable,tracking_failure,False,unusable,tracking_failure,False,unusable,tracking_failure,False,unusable,tracking_failure,False,unusable,tracking_failure,False,unusable,tracking_failure,False,unusable,tracking_failure
KVAL0014,149,150,-1,False,unusable,tracking_failure,False,unusable,tracking_failure,False,unusable,tracking_failure,False,unusable,tracking_failure,False,unusable,tracking_failure,False,unusable,tracking_failure,False,unusable,tracking_failure,False,unusable,tracking_failure,False,unusable,tracking_failure,False,unusable,tracking_failure,False,unusable,tracking_failure,False,unusable,tracking_failure,False,unusable,tracking_failure,False,unusable,tracking_failure,False,unusable,tracking_failure,False,unusable,tracking_failure,False,unusable,tracking_failure,False,unusable,tracking_failure,False,unusable,tracking_failure,False,unusable,tracking_failure,False,unusable,tracking_failure,False,unusable,tracking_failure,False,unusable,tracking_failure,False,unusable,tracking_failure,False,unusable,tracking_failure,False,unusable,tracking_failure,False,unusable,tracking_failure,False,unusable,tracking_failure,False,unusable,tracking_failure,False,unusable,tracking_failure,False,unusable,tracking_failure,False,unusable,tracking_failure
KVAL0014,150,151,-1,False,unusable,tracking_failure,False,unusable,tracking_failure,False,unusable,tracking_failure,False,unusable,tracking_failure,False,unusable,tracking_failure,False,unusable,tracking_failure,False,unusable,tracking_failure,False,unusable,tracking_failure,False,unusable,tracking_failure,False,unusable,tracking_failure,False,unusable,tracking_failure,False,unusable,tracking_failure,False,unusable,tracking_failure,False,unusable,tracking_failure,False,unusable,tracking_failure,False,unusable,tracking_failure,False,unusable,tracking_failure,False,unusable,tracking_failure,False,unusable,tracking_failure,False,unusable,tracking_failure,False,unusable,tracking_failure,False,unusable,tracking_failure,False,unusable,tracking_failure,False,unusable,tracking_failure,False,unusable,tracking_failure,False,unusable,tracking_failure,False,unusable,tracking_failure,False,unusable,tracking_failure,False,unusable,tracking_failure,False,unusable,tracking_failure,False,unusable,tracking_failure,False,unusable,tracking_failure
KVAL0014,151,152,-1,False,unusable,tracking_failure,False,unusable,tracking_failure,False,unusable,tracking_failure,False,unusable,tracking_failure,False,unusable,tracking_failure,False,unusable,tracking_failure,False,unusable,tracking_failure,False,unusable,tracking_failure,False,unusable,tracking_failure,False,unusable,tracking_failure,False,unusable,tracking_failure,False,unusable,tracking_failure,False,unusable,tracking_failure,False,unusable,tracking_failure,False,unusable,tracking_failure,False,unusable,tracking_failure,False,unusable,tracking_failure,False,unusable,tracking_failure,False,unusable,tracking_failure,False,unusable,tracking_failure,False,unusable,tracking_failure,False,unusable,tracking_failure,False,unusable,tracking_failure,False,unusable,tracking_failure,False,unusable,tracking_failure,False,unusable,tracking_failure,False,unusable,tracking_failure,False,unusable,tracking_failure,False,unusable,tracking_failure,False,unusable,tracking_failure,False,unusable,tracking_failure,False,unusable,tracking_failure
