1|1|975.218,902.056|977.836,809.895|979.819,746.057|986.317,641.096|1003.22,659.49|1077.75,676.344|1144.89,828.186|1140.33,885.521|1160.5,917.308|1121.36,962.262|1101.54,921.527|967.307,655.485|899.97,657.958|791.511,723.206|875.618,732.229|920.412,748.602|998.668,744.601|952.021,753.292|1040.12,906.31|1104.99,1020.93|1095.29,1626.32|1155.19,2030.88|916.836,898.458|831.34,974.943|790.004,1560.13|710.088,1878.72|989.361,602.516|969.877,568.37|979.445,549.408|1017.49,556.165|953.224,560.985|937.916,586.492
2|1|974.309,904.359|976.808,810.309|978.741,745.175|985.524,638.211|1002.62,657.026|1078.23,675.807|1144.09,829.737|1140.81,893.954|1160.31,921.379|1124.32,960.964|1104.2,916.667|966.223,652.786|897.994,655.396|787.754,720.833|874.601,730.864|920.423,746.867|1001.84,742.488|949.319,722.867|1040.34,908.712|1107.46,1026.63|1098.46,1652.08|1163.88,2091.54|914.885,900.678|828.855,979.024|786.23,1582.17|702.308,1927.05|988.732,598.969|978.111,567.212|989.891,548.052|1024.6,557.178|961.605,555.449|939.458,574.149
3|1|973.731,906.373|976.102,811.103|977.95,745.268|984.635,637.203|1001.91,656.173|1078.07,675.72|1142.76,832.309|1139.58,897.549|1160.31,925.465|1121.95,964.419|1102.29,919.689|965.175,651.944|896.325,654.907|785.228,721.087|874.05,730.642|921.312,746.998|1005.57,742.218|947.675,720.924|1040.59,910.657|1109.43,1030.62|1102.04,1671.59|1171.25,2135.87|913.551,902.76|826.101,982.551|783.764,1599.13|695.423,1963.5|987.818,597.595|974.854,567.59|991.997,549.583|1030.62,562.319|962.567,552.139|943.677,564.265
4|1|973.418,907.085|975.704,811.5|977.494,745.502|984.093,637.15|1001.43,656.16|1077.74,676.017|1141.79,833.273|1138.79,899.021|1159.71,926.906|1121.37,965.263|1101.79,919.767|964.602,651.933|895.601,654.975|784.263,721.258|873.754,730.766|921.626,747.371|1006.71,742.334|947.525,721.093|1040.5,911.327|1110.08,1031.81|1103.7,1677.33|1174.74,2148.54|913.028,903.511|825.385,983.78|783.175,1604.56|693.661,1974.66|987.254,597.448|974.98,568.041|991.581,549.597|1029.66,561.45|962.082,552.613|942.363,564.71
5|1|973.374,907.261|975.658,811.571|977.448,745.512|984.068,637.064|1001.41,656.093|1077.76,676.065|1141.5,833.628|1138.38,899.396|1159.33,927.354|1120.91,965.63|1101.39,920.028|964.559,651.858|895.503,654.909|784.026,721.197|873.596,730.737|921.531,747.42|1006.79,742.382|947.367,720.887|1040.52,911.505|1110.28,1032.21|1104.08,1679.19|1175.53,2152.61|912.921,903.686|825.14,984.161|782.857,1606.19|692.832,1978.02|987.238,597.331|975.161,568.031|991.571,549.46|1029.48,561.061|962.057,552.649|942.086,564.828
6|1|973.29,907.715|975.566,811.881|977.347,745.778|983.971,637.234|1001.34,656.274|1077.77,676.348|1141.33,834.302|1138.24,900.082|1159.28,928.05|1120.73,966.221|1101.23,920.471|964.437,652.04|895.272,655.109|783.533,721.488|873.098,730.897|921.157,747.664|1006.74,742.404|946.878,720.975|1040.58,911.945|1110.57,1032.78|1104.8,1682.58|0,0|912.716,904.152|824.616,984.764|782.246,1609.2|691.181,1984.18|987.139,597.47|975.156,568.194|991.564,549.586|1029.44,561.169|962.01,552.773|941.931,564.916
7|1|973.283,907.759|975.557,811.911|977.336,745.804|983.957,637.252|1001.33,656.292|1077.77,676.373|1141.32,834.355|1138.26,900.184|1159.33,928.177|1120.78,966.375|1101.27,920.6|964.421,652.059|895.246,655.13|783.483,721.511|873.051,730.897|921.111,747.662|1006.71,742.397|946.82,720.953|1040.58,911.988|1110.6,1032.83|1104.89,1682.94|0,0|912.695,904.199|824.563,984.821|782.181,1609.52|691.008,1984.83|987.124,597.486|975.122,568.279|991.496,549.629|1029.38,561.117|961.941,552.861|941.855,564.995
8|1|978.122,903.3|978.285,808.343|978.471,744.539|984.392,637.32|1002.41,656.081|1081.21,675.698|1141.26,840.156|1143.1,910.713|1164.65,935.231|1117.12,972.961|1099,925.072|964.451,651.822|892.621,654.922|779.929,726.131|874.349,726.193|922.045,751.079|1012.23,740.942|952.594,722.555|1049.02,905.107|1119.96,1028.16|1127.9,1748.61|0,0|914.348,901.947|811.23,988.824|779.978,1670.06|669.555,2138.45|987.291,597.956|974.884,568.965|991.668,549.621|1030.48,560.784|961.391,552.953|940.972,564.729
9|1|977.443,906.572|977.6,810.194|977.784,745.913|984.024,637.736|1002.21,656.723|1082.1,676.915|1141.5,844.864|1145.37,907.274|1169.33,932.145|1110.72,970.796|1092.43,924.833|963.814,652.261|891.049,655.016|774.467,723.945|871.598,724.311|926.673,752.476|1017.43,741.964|953.946,722.836|1049.61,908.479|1121.58,1025.61|1137.31,1779.4|0,0|912.521,905.139|807.618,993.233|772.839,1703.88|0,0|987.058,598.068|974.376,569.919|991.647,550.166|1031.08,560.971|960.964,553.247|940.542,563.974
10|1|977.339,907.998|977.38,811.158|977.495,746.712|983.759,638.275|1001.98,657.367|1082.05,678.312|1140.52,847.019|1145.71,894.049|1170.87,917.676|1105.97,962.397|1087.29,925.379|963.493,652.761|890.591,655.228|773.641,723.287|872.157,723.954|929.402,752.702|1020.33,740.213|955.288,723.192|1049.85,909.969|1123.14,1022.89|1144.67,1788.5|0,0|912.09,906.511|806.464,995.981|770.554,1717.23|0,0|986.84,598.531|974.75,569.772|991.773,550.02|1030.82,561.051|961.005,553.276|939.957,564.616
11|1|977.837,903.017|977.772,807.738|977.917,747.076|983.884,641.92|1003.2,660.907|1088.93,682.202|1141.06,863.961|1149.03,877.072|1183.31,924.883|1100.38,967.946|1077.9,933.096|962.599,655.174|885.362,655.86|755.069,729.799|867.609,719.285|939.848,754.841|1034.9,764.526|962.888,726.212|1057.86,908.756|1153.19,1018.34|1176.96,1975.93|0,0|905.689,898.189|787.066,977.344|737.355,1854.71|0,0|987.034,603.204|967.386,566.92|991.79,550.827|1038.58,572.557|960.001,548.566|946.776,559.782
12|1|976.86,903.599|977.234,807.953|977.653,747.109|984.604,641.141|1003.88,660.406|1089.75,683.602|1141.81,867.223|1150.01,880.46|1183.85,925.337|1100.28,967.19|1078.18,932.909|963.07,654.351|885.262,654.485|752.477,728.514|866.742,719.771|939.677,756.54|1034.88,737.423|964.68,727.22|1057.56,909.503|1152.23,1019.52|1190.52,2026.12|0,0|904.129,898.631|789.529,976.172|717.566,1903.36|0,0|988.101,602.174|974.13,568.936|992.633,548.91|1034.64,562.783|960.136,552.172|939.123,566.251
13|1|976.313,903.685|977.155,808.22|977.859,747.364|984.735,640.841|1004.04,660.165|1089.68,684.854|1141.56,868.815|1151.31,882.465|1184.15,926.791|1099.98,967.399|1078.43,932.806|963.191,654.163|885.32,654.678|751.746,727.9|867.319,719.93|939.287,758.005|1034.06,736.015|965.59,727.177|1057.14,909.403|1148.75,1013.02|1195.35,2029|0,0|903.522,898.888|791.113,972.763|708.753,1916.63|0,0|988.203,601.699|974.777,570.144|992.834,549.46|1034.4,561.823|960.285,553.085|938.633,566.213
14|1|975.979,901.373|977.651,807.136|978.668,747.341|985.026,640.047|1004.5,659.283|1089.97,685.242|1142.66,869.798|1152.81,884.477|1184.41,926.919|1099.65,967.478|1078.66,932.679|963.484,653.695|885.539,655.165|750.892,728.147|867.63,719.369|940.321,761.375|1030.91,738.206|966.042,729.986|1057.44,902.469|1130.99,982.063|1198.3,1993.63|0,0|902.925,900.748|774.893,982.062|708.224,1943.19|0,0|988.253,600.648|974.528,570.447|992.804,549.377|1034.71,560.927|960.135,552.892|938.678,564.831
15|1|975.979,901.373|977.651,807.136|978.668,747.341|985.026,640.047|1004.5,659.283|1089.97,685.242|1142.66,869.798|1152.81,884.477|1184.41,926.919|1099.65,967.479|1078.66,932.68|963.484,653.695|885.539,655.165|750.892,728.147|867.63,719.369|940.321,761.375|1030.91,738.204|966.042,729.988|1057.44,902.469|1130.99,982.062|1198.3,1993.63|0,0|902.925,900.748|774.893,982.062|708.224,1943.19|0,0|988.253,600.648|974.528,570.447|992.804,549.377|1034.71,560.927|960.135,552.892|938.678,564.832
16|1|975.879,901.39|977.566,807.14|978.592,747.339|984.96,640.063|1004.43,659.298|1089.89,685.236|1142.67,869.693|1152.76,882.88|1184.46,925.002|1099.52,965.579|1078.52,931.342|963.417,653.707|885.476,655.151|750.786,727.932|867.467,719.188|939.888,761.286|1029.72,735.293|968.321,729.738|1057.34,902.482|1130.2,980.013|1198.42,1991.6|0,0|902.825,900.768|774.273,982.144|706.995,1943.75|0,0|988.19,600.669|974.713,570.401|992.785,549.277|1034.47,560.712|960.129,552.953|938.411,565.106
17|1|975.874,901.398|977.561,807.149|978.587,747.351|984.955,640.079|1004.43,659.314|1089.89,685.257|1142.65,869.721|1152.76,882.981|1184.48,925.137|1099.55,965.722|1078.54,931.471|963.412,653.721|885.472,655.16|750.779,727.913|867.455,719.173|939.836,761.29|1029.63,735.174|968.612,728.995|1057.34,902.491|1130.15,979.834|1198.47,1991.44|0,0|902.819,900.776|774.233,982.138|706.892,1943.82|0,0|988.186,600.687|974.747,570.437|992.788,549.297|1034.44,560.696|960.133,552.996|938.375,565.16
18|1|974.444,900.476|976.847,806.729|978.304,747.399|985.217,640.876|1004.56,660.121|1089.98,685.826|1138.48,871.064|1147.77,886.961|1182.31,924.445|1100.07,965.027|1078.07,932.147|963.64,654.276|886.009,654.947|752.121,727.078|869.491,719.538|940.322,763.283|1017.82,732.785|964.556,722.438|1055.82,901.479|1123.18,969.362|1186.07,1971.78|0,0|901.525,899.934|768.396,983.914|696.811,1945.04|0,0|988.65,601.726|974.629,569.438|991.972,548.517|1033.65,560.396|959.544,553.122|938.003,567.786
19|1|974.283,900.588|976.758,806.737|978.258,747.336|985.242,640.704|1004.59,659.982|1090.08,685.727|1139.46,870.926|1149.17,886.402|1183.51,924.241|1100.55,964.526|1078.56,931.803|963.639,654.103|885.958,654.724|751.984,726.751|869.624,719.372|941.301,763.108|1018.41,733.544|963.482,724.891|1055.75,901.594|1121.83,966.196|1184.67,1970.64|0,0|901.283,900.043|766.905,983.739|692.575,1948.24|0,0|988.704,601.521|975.491,569.109|993.559,548.637|1035.03,561.619|960.967,552.219|939.125,565.95
20|1|974.237,900.563|976.701,806.698|978.195,747.294|985.153,640.65|1004.51,659.926|1090.02,685.662|1139.46,870.887|1149.29,886.711|1183.68,924.668|1100.76,965.007|1078.74,932.173|963.55,654.053|885.851,654.681|751.838,726.707|869.509,719.314|941.244,763.06|1018.29,733.519|963.252,725.177|1055.73,901.556|1121.73,965.628|1184.9,1970.7|0,0|901.213,900.031|766.691,983.641|692.041,1949.04|0,0|988.606,601.462|975.105,569.29|993.24,548.741|1034.92,561.547|960.644,552.337|939.022,565.891
21|1|973.602,901.103|976.374,807.005|978.048,747.434|985.153,640.532|1004.53,659.847|1090.21,685.431|1141.58,870.757|1151.18,887.53|1184.52,923.821|1100.85,964.066|1079.48,932.194|963.486,653.969|885.646,654.522|751.327,726.085|869.216,719.055|941.972,762.372|1014.37,728.104|964.733,729.293|1055.33,902.012|1119.73,961.764|1180.04,1971.22|0,0|900.397,900.649|764.054,982.871|685.084,1954.17|0,0|988.646,601.262|975.402,570.834|993.304,549.656|1034.81,561.047|960.624,553.479|938.632,565.889
22|1|973.602,901.106|976.376,807.008|978.05,747.436|985.157,640.533|1004.53,659.849|1090.21,685.437|1141.59,870.762|1151.2,887.547|1184.54,923.842|1100.88,964.092|1079.51,932.219|963.49,653.97|885.651,654.52|751.339,726.079|869.24,719.052|941.995,762.372|1014.61,728.508|964.737,729.743|1055.33,902.016|1119.71,961.732|1180.02,1971.17|0,0|900.397,900.651|764.043,982.863|685.036,1954.16|0,0|988.651,601.263|975.366,570.837|993.286,549.663|1034.83,561.062|960.606,553.476|938.652,565.875
23|1|973.554,901.081|976.34,806.965|978.023,747.371|985.143,640.447|1004.52,659.764|1090.19,685.365|1141.54,870.71|1151.03,887.25|1184.36,923.503|1100.61,963.781|1079.26,932.015|963.471,653.89|885.618,654.45|751.279,726.02|869.126,718.981|941.787,762.226|1016.41,732.623|964.418,729.34|1055.29,901.982|1119.47,961.258|1179.8,1970.78|0,0|900.342,900.635|763.754,982.8|684.335,1954.43|0,0|988.639,601.169|974.854,570.805|993.04,549.681|1034.98,561.193|960.349,553.341|938.854,565.533
24|1|973.554,901.081|976.34,806.965|978.023,747.371|985.143,640.447|1004.52,659.764|1090.19,685.365|1141.54,870.71|1151.03,887.25|1184.36,923.503|1100.61,963.781|1079.26,932.015|963.471,653.89|885.618,654.45|751.279,726.02|869.126,718.981|941.787,762.226|1016.41,732.623|964.418,729.34|1055.29,901.982|1119.47,961.258|1179.8,1970.78|0,0|900.342,900.635|763.754,982.8|684.335,1954.43|0,0|988.639,601.169|974.854,570.805|993.04,549.681|1034.98,561.193|960.349,553.341|938.854,565.533
25|1|972.854,901.34|976.141,807.188|978.117,747.522|985.721,640.632|1005.06,659.988|1090.84,685.626|1142.05,871.497|1150.98,888.211|1184.93,924.081|1099.69,963.98|1077.92,933.064|963.944,654.018|885.982,654.281|752.276,726.318|871.743,717.66|942.332,763.437|1008.8,726.653|963.183,724.359|1054.83,902.145|1117.97,956.859|1175.03,1969.98|0,0|899.469,900.982|760.195,982.871|677.195,1960.35|0,0|989.365,601.364|973.137,570.722|992.685,550.014|1036.63,562.548|959.952,552.844|940.742,564.388
26|1|972.709,901.198|976.161,807.039|978.237,747.251|985.978,640.199|1005.29,659.611|1090.99,685.54|1141.42,871.574|1150.35,889.14|1184.37,924.584|1099.62,964.269|1077.89,932.901|964.188,653.584|886.286,653.753|752.759,725.42|872.902,717.148|943.764,763.28|1014.14,731.756|964.636,725.573|1054.63,902.048|1116.72,955.647|1172.17,1966.22|0,0|899.384,900.798|759.326,982.627|674.538,1958.25|0,0|989.676,600.882|975.409,570.515|993.315,549.135|1035.5,560.158|960.633,553.282|939.305,565.935
27|1|972.648,901.167|976.112,806.947|978.194,747.065|985.963,639.873|1005.27,659.309|1090.98,685.307|1141.32,871.392|1150.23,889.197|1184.26,924.743|1099.5,964.445|1077.77,933.012|964.164,653.278|886.24,653.472|752.616,725.267|872.751,717.287|943.57,763.74|1013.86,732.105|965.889,728.593|1054.58,902.014|1116.48,955.501|1171.83,1966.23|0,0|899.319,900.771|759.034,982.842|674,1958.7|0,0|989.672,600.51|974.992,569.846|993.461,548.762|1036.1,560.496|960.729,552.4|939.922,564.768
28|1|972.646,901.167|976.11,806.947|978.191,747.064|985.959,639.871|1005.27,659.307|1090.98,685.303|1141.32,871.388|1150.23,889.193|1184.26,924.738|1099.5,964.442|1077.77,933.009|964.161,653.277|886.235,653.473|752.608,725.268|872.737,717.29|943.55,763.747|1013.83,732.107|965.857,728.603|1054.58,902.013|1116.48,955.497|1171.84,1966.24|0,0|899.317,900.772|759.029,982.846|673.997,1958.72|0,0|989.667,600.508|974.99,569.843|993.453,548.756|1036.09,560.484|960.721,552.401|939.909,564.776
29|1|972.646,901.167|976.11,806.947|978.191,747.064|985.959,639.871|1005.27,659.307|1090.98,685.304|1141.32,871.389|1150.22,889.18|1184.23,924.713|1099.43,964.367|1077.72,932.932|964.16,653.276|886.235,653.473|752.608,725.268|872.737,717.29|943.55,763.747|1013.83,732.105|965.856,728.603|1054.58,902.013|1116.48,955.497|1171.83,1966.24|0,0|899.317,900.772|759.028,982.846|673.996,1958.72|0,0|989.667,600.508|974.991,569.843|993.453,548.756|1036.09,560.483|960.721,552.401|939.908,564.777
30|1|972.646,901.167|976.11,806.947|978.191,747.064|985.959,639.871|1005.27,659.307|1090.98,685.304|1141.32,871.389|1150.22,889.18|1184.23,924.713|1099.43,964.367|1077.72,932.932|964.16,653.276|886.235,653.473|752.608,725.268|872.737,717.29|943.55,763.747|1013.83,732.105|965.856,728.603|1054.58,902.013|1116.48,955.497|1171.83,1966.24|0,0|899.317,900.772|759.028,982.846|673.996,1958.72|0,0|989.667,600.508|974.991,569.843|993.453,548.756|1036.09,560.483|960.721,552.401|939.908,564.777
31|1|972.646,901.167|976.11,806.947|978.191,747.064|985.959,639.871|1005.27,659.307|1090.98,685.304|1141.32,871.389|1150.22,889.18|1184.23,924.713|1099.43,964.367|1077.72,932.932|964.16,653.276|886.235,653.473|752.608,725.268|872.737,717.29|943.55,763.747|1013.83,732.105|965.856,728.603|1054.58,902.013|1116.48,955.497|1171.83,1966.24|0,0|899.317,900.772|759.028,982.846|673.996,1958.72|0,0|989.667,600.508|974.991,569.843|993.453,548.756|1036.09,560.483|960.721,552.401|939.908,564.777
32|1|970.594,898.729|975.84,808.724|978.75,750.952|985.88,641.087|1005.32,660.586|1091.05,685.602|1138.63,871.861|1131.24,876.349|1177.74,922.337|1099.81,966.321|1073.03,937.619|964.168,655.28|887.256,654.367|753.852,724.278|871.312,713.759|944.996,763.502|1014.55,717.712|969.036,726.263|1052.01,894.407|1093.45,907.142|1161.79,1857.87|0,0|898.066,902.937|735.023,980.427|679.701,1931.67|0,0|989.26,600.885|970.553,567.808|993.731,549.628|1040.14,567.564|961.185,548.828|945.814,558.769
33|1|970.228,899.184|975.642,808.983|978.637,750.964|985.84,640.885|1005.28,660.389|1090.99,685.367|1139.27,871.647|1132.66,882.398|1179.03,926.665|1099.68,968.274|1072.68,938.542|964.11,655.142|887.145,654.312|753.74,723.904|871.646,713.258|944.752,763.739|1017.76,724.065|968.578,727.232|1051.62,894.813|1089.2,898.14|1153.25,1837.48|0,0|897.737,903.432|731.444,979.476|674.163,1927.21|0,0|989.225,600.613|975.884,570.197|993.426,548.752|1034.91,559.654|960.729,553.052|938.583,565.901
34|1|970.218,899.041|975.657,808.764|978.661,750.62|985.869,640.452|1005.3,659.969|1090.98,685.035|1138.98,871.453|1132.75,886.458|1178.99,930.18|1100.09,971.28|1072.98,939.728|964.141,654.726|887.197,653.905|753.89,723.136|872.036,712.469|944.878,763.32|1016.22,721.269|968.642,727.367|1051.57,894.685|1088.22,895.246|1150.81,1829.79|0,0|897.766,903.275|731.097,978.462|672.788,1923.72|0,0|989.257,600.149|975.918,569.407|993.648,548.14|1035.2,559.473|960.931,552.23|938.863,565.122
35|1|970.169,899.019|975.615,808.753|978.623,750.619|985.867,640.475|1005.29,659.992|1090.92,685.125|1137.89,871.733|1130.36,883.5|1172.36,926.581|1087.81,957.499|1062.74,924.765|964.136,654.742|887.197,653.9|753.876,723.03|871.989,712.354|944.794,763.21|1016.17,721.239|968.553,727.258|1051.51,894.665|1088.1,895.141|1150.54,1829.19|0,0|897.728,903.252|731.06,978.395|672.726,1923.24|0,0|989.266,600.18|975.722,569.426|993.615,548.222|1035.35,559.691|960.893,552.185|939.042,564.958
36|1|970.156,899.014|975.603,808.75|978.612,750.619|985.864,640.483|1005.29,660|1090.9,685.145|1137.72,871.78|1129.94,882.838|1170.87,925.691|1085.05,953.957|1060.55,920.985|964.132,654.749|887.195,653.9|753.87,722.994|871.983,712.308|944.784,763.156|1016.09,721.069|968.541,727.198|1051.49,894.661|1088.07,895.113|1150.49,1829.08|0,0|897.717,903.247|731.047,978.378|672.707,1923.16|0,0|989.265,600.191|975.683,569.432|993.606,548.24|1035.38,559.737|960.884,552.179|939.073,564.932
37|1|970.153,899.012|975.6,808.749|978.609,750.619|985.864,640.485|1005.29,660.002|1090.9,685.15|1137.68,871.792|1129.83,882.685|1170.54,925.461|1084.47,953.169|1060.06,920.139|964.131,654.75|887.194,653.9|753.867,722.983|871.979,712.293|944.78,763.138|1016.07,721.028|968.536,727.175|1051.49,894.659|1088.06,895.106|1150.48,1829.05|0,0|897.714,903.245|731.043,978.374|672.701,1923.14|0,0|989.265,600.194|975.671,569.432|993.604,548.245|1035.38,559.75|960.881,552.176|939.083,564.924
38|1|970.152,899.012|975.6,808.749|978.609,750.618|985.864,640.485|1005.29,660.002|1090.9,685.15|1137.68,871.793|1129.83,882.676|1170.52,925.448|1084.43,953.113|1060.02,920.076|964.131,654.75|887.194,653.899|753.867,722.981|871.979,712.291|944.78,763.136|1016.07,721.024|968.536,727.173|1051.49,894.659|1088.06,895.106|1150.48,1829.05|0,0|897.714,903.245|731.043,978.373|672.7,1923.14|0,0|989.265,600.194|975.67,569.432|993.604,548.245|1035.38,559.751|960.881,552.176|939.084,564.923
39|1|970.14,898.966|975.586,808.684|978.595,750.548|985.876,640.433|1005.3,659.954|1090.9,685.156|1137.34,871.889|1128.97,881.523|1166.51,923.875|1077.23,943.932|1054.36,909.728|964.14,654.687|887.207,653.781|753.839,722.529|872.069,711.801|944.883,762.613|1016.02,720.082|968.705,726.558|1051.48,894.622|1088.11,895.065|1150.5,1829.23|0,0|897.693,903.19|731.013,978.348|672.6,1923.31|0,0|989.289,600.147|975.52,569.353|993.625,548.236|1035.57,559.905|960.889,552.025|939.286,564.654
40|1|970.133,898.95|975.579,808.665|978.588,750.528|985.875,640.417|1005.29,659.939|1090.89,685.151|1137.27,871.901|1128.79,881.241|1165.74,923.397|1075.92,941.985|1053.33,907.637|964.138,654.669|887.205,653.751|753.821,722.415|872.065,711.68|944.875,762.485|1015.97,719.857|968.701,726.405|1051.48,894.608|1088.11,895.055|1150.5,1829.24|0,0|897.685,903.173|731.004,978.341|672.584,1923.33|0,0|989.291,600.133|975.479,569.321|993.624,548.224|1035.62,559.939|960.886,551.98|939.33,564.588
41|1|952.858,904.664|965.066,815.054|972.497,756.538|984.624,641.505|1003.21,662.297|1088.34,685.398|1130.31,867.488|1071.85,886.06|1031.07,885.535|980.194,912.966|988.294,859.088|962.261,656.095|886.923,651.861|751.635,705.188|865.844,692.331|945.118,722.299|1028.51,690.597|959.934,705.432|1033.41,908.015|1088.75,911.252|1082.36,1815.07|0,0|881.208,902.033|727.653,925.83|614.554,1800.28|0,0|989.642,599.699|969.291,565.44|992.237,547.076|1039.66,564.922|959.723,547.147|945.291,558.774
42|1|954.017,904.551|965.772,814.321|972.928,755.355|984.736,639.942|1003.39,660.819|1088.99,684.233|1132.46,867.328|1083.45,914.464|1038.89,908.029|980.075,913.682|1000.81,865.979|962.38,654.562|886.921,649.833|750.112,699.002|865.697,686.644|944.654,719.531|1027.1,683.8|960.616,700.641|1034.78,907.917|1086.41,907.271|1082.3,1809.24|0,0|882.149,901.905|724.52,913.982|607.308,1783.61|0,0|989.694,598.011|974.569,568.713|993.876,547.518|1037.19,559.091|960.939,550.389|940.673,560.904
43|1|996.016,914.923|985.116,817.384|978.381,755.351|986.496,638.114|1005.45,659.312|1090.06,686.47|1131.94,867.89|1121.27,925.608|1063.72,916.317|996.604,918.17|1023.48,873.612|964.856,653.027|888.531,649.762|752.605,695.349|867.328,674.944|942.783,713.439|1023.25,676.754|958.093,695.043|1074.97,911.823|1128.27,911.989|1213.45,1765.88|0,0|924.435,918.079|785.842,924.752|761.533,1764.49|0,0|990.591,595.627|976.32,569.956|993.998,547.226|1036.18,554.817|961.238,551.635|939.753,560.938
44|1|996.12,912.112|986.057,815.525|979.836,754.066|988.913,637.38|1007.71,658.543|1091.85,686.286|1132.21,868.062|1123.35,945.667|1069.62,929.961|1003.74,918.855|1033.46,878.75|967.159,652.171|890.715,649.509|769.066,726.835|858.131,685.449|941.082,710.923|1023.76,675.073|955.41,694.163|1074.95,909.344|1164.84,910.243|1262.73,1754.12|0,0|924.719,914.962|809.196,928.868|796.15,1766.48|0,0|993.269,595.056|976.526,571.088|994.679,547.975|1038.53,554.364|962.046,552.434|942.586,560.492
45|1|967.261,931.076|972.005,828.585|975.336,759.491|988.526,637.97|1006.51,660.111|1089.29,688.562|1134.27,868.148|1124.04,952.131|1071.03,932.599|1007.29,919.176|1037.77,881.231|966.335,653.495|891.532,649.202|755.624,679.953|851.485,672.499|933.821,685.984|1019.57,651.906|945.033,674.422|1043.89,937.014|1150.12,952.715|1176.95,1754.13|0,0|898.417,926.065|812.104,919.848|735.458,1685.34|0,0|994.164,594.072|975.546,569.379|992.566,545.859|1036.98,551.062|960.388,552.019|942.025,562.377
46|1|965.469,932.491|970.075,829.778|973.29,760.721|986.299,639.429|1004.34,661.465|1087.32,689.241|1134.37,868.387|1124.98,953.43|1072.16,933.814|1008.34,919.478|1038.96,881.964|964.113,654.964|889.097,650.412|751.757,675.597|847.25,664.734|929.5,675.625|1022.2,669.565|940.157,662.312|1042.28,938.123|1140.91,961.764|1152.85,1769.53|0,0|896.439,927.754|798.216,919.072|721.986,1680.03|0,0|991.839,595.616|974.44,569.027|993.698,547.18|1038.2,556.497|961.146,550.501|942.783,559.478
47|1|965.538,932.369|970.537,830.11|974.007,761.016|988.086,639.228|1005.95,661.406|1088.5,689.82|1131.89,869.309|1113.4,939.713|1056.8,913.624|998.99,902.924|1032.87,886.927|965.762,654.815|890.193,652.91|762.437,718.756|847.842,693.138|929.584,683.286|1019.73,664.121|935.575,663.885|1042.07,938.072|1140.08,969.977|1138.57,1769.6|0,0|896.796,927.569|792.573,920.462|712.312,1673.07|0,0|993.936,595.239|974.132,569.721|994.463,547.938|1040.79,557.203|961.982,550.592|945.857,558.086
48|1|956.788,954.401|964.433,846.342|969.232,772.607|984.621,638.423|1002.29,662.367|1082.07,690.629|1129.7,871.705|1080.24,956.869|1044.51,918.788|998.388,897.79|1024.97,876.801|961.975,657.096|889.701,661.292|761.534,674.762|850.556,637.45|933.689,630.41|1026.15,651.707|934.577,642.956|1029.36,957.545|1114.16,952.709|1108.79,1641.08|0,0|891.888,951.88|775.854,907.324|705.348,1551.89|565.887,1921.72|990.884,590.008|981.868,580.872|997.031,553.12|1035.63,547.611|963.68,559.454|936.848,557.963
49|1|956.52,954.768|964.031,846.507|968.726,772.862|983.686,638.431|1001.48,662.335|1081.8,690.961|1153.52,869.358|1110.71,944.373|1056.38,907.454|992.842,887.804|1041.1,883.271|961.057,657.191|888.56,661.302|759.653,673.297|847.557,633.951|928.63,625.122|1021.94,630.057|928.253,637.238|1029.43,957.707|1113.91,950.167|1104.68,1637.29|0,0|891.321,952.433|765.961,909.076|704.497,1552.63|564.146,1936.59|989.775,589.941|974.34,571.104|993.639,546.812|1037.65,550.974|960.049,549.963|939.338,552.606
50|1|922.876,904.358|960.462,823.953|987.702,757.173|1011.78,648.72|999.862,668.02|949.592,692.271|836.9,811.335|751.081,818.599|707.673,819.718|696.561,835.085|726.248,822.459|1016.32,665.749|1047.49,677.264|1036.74,759.959|944.133,759.354|913.183,754.349|872.259,769.025|885.931,741.915|901.853,919.341|736.156,1005.88|726.838,1202.44|654.289,1234.39|940.201,892.029|796.882,944.464|786.571,1130.84|733.764,1152.46|1014.83,606.385|957.495,561.609|984.009,548.361|1047.26,569.977|964.35,552.361|990.195,577.051
51|1|926.065,906.443|962.498,822.323|986.032,752.035|999.458,639.965|994.887,660.345|963.472,689.886|869.451,825.743|762.438,829.443|724.618,825.534|705.147,834.813|740.076,822.02|1000.54,656.728|1002.63,666.811|975.897,752.986|879.365,785.168|879.468,770.282|836.375,760.383|889.285,728.14|905.428,920.258|728.906,985.217|714.268,1190.47|638.537,1220.51|943.049,895.093|804.603,961.774|798.758,1160.39|744.024,1188.47|997.653,597.643|963.134,566.44|989.483,553.536|1041.8,574.885|964.062,549.048|968.99,555.665
52|1|961.048,941.644|965.02,834.088|968.246,748.012|980.598,622.04|998.203,644.084|1079.2,673.399|1196.9,810.269|1138.76,760.374|1132.92,731.636|1069.16,728.079|1063.68,729.919|958.673,641.66|880.711,644.602|747.116,640.017|887.462,611.043|924.734,579.356|949.01,634.207|938.744,647.096|1015.48,944.452|1060.8,1247.51|1027.41,1436.37|1027.64,1608.85|912.113,939.285|876.293,1237.43|880.199,1393.83|871.201,1543.84|986.376,575.877|998.418,588.478|1015.01,559.04|1040.78,544.021|980.781,560.188|939.508,537.09
53|1|949.796,935.65|959.619,831.233|967.916,746.548|982.132,622.215|999.704,644.58|1080.98,675.713|1192.66,819.976|1126.2,776.402|1138.79,730.277|1066.68,721.794|1053.19,726.982|959.721,641.171|880.67,641.863|741.182,637.407|888.243,601.433|914.519,572.381|961.906,613.633|932.902,643.884|1003.44,943.483|1042.14,1246.38|1007.77,1423.62|1004.6,1594.29|901.962,928.826|859.133,1221.33|862.266,1378.74|846.617,1528.05|988.165,576.587|984.439,582.68|1008.19,557.463|1046.31,552.751|973.359,552.601|945.998,528.928
54|1|938.373,929.583|952.678,828.4|964.558,746.115|980.267,622.868|996.929,644.953|1075.66,672.935|1186.43,808.397|1137.85,763.473|1135,730.723|1075.16,729.649|1065.83,729.59|958.16,641.561|881.061,642.828|742.406,635.511|886.677,592.354|910.673,558.326|970.92,575.569|924.2,622.858|990.58,939.505|1011.37,1235.65|978.831,1398.31|969.835,1564.2|891.768,920.88|806.184,1192.27|813.699,1348.42|785.471,1491.38|987.331,577.759|980.622,580.505|1005.31,557.657|1044.61,556.889|971.762,551.267|948.393,529.12
55|1|932.139,922.163|949.195,822.612|963.023,742.46|979.058,621.83|995.038,643.485|1071.37,671.73|1161.79,815.546|1128.21,764.737|1133.38,738.409|1081.06,731.294|1069.07,730.769|957.508,639.994|882.674,642.09|749.751,622.861|888.392,579.887|909.075,549.694|955.479,553.436|909.034,613.019|983.038,932.647|989.092,1216.78|951.986,1369.41|938.249,1529.29|886.567,912.924|775.43,1163.76|777.682,1320.87|742.322,1458.63|986.345,577.729|978.754,586.208|994.225,556.848|1031.52,540.81|961.608,561.826|934.774,546.274
56|1|932.099,923.261|949.547,823.131|963.618,742.835|979.235,621.526|995.297,643.271|1071.73,671.736|1157.85,817.774|1127.54,759.48|1134.23,734.695|1078.76,730.734|1066.27,729.486|957.761,639.758|883.064,642.323|753.079,617.585|883.392,564.643|917.821,540.639|960.194,550.934|898.772,610.331|983.123,933.931|983.066,1218.1|943.916,1359.24|926.522,1517.36|886.421,913.858|762.824,1158|759.833,1322.78|717.256,1460.65|986.324,577.175|966.825,582.696|990.801,558.698|1037.74,553.51|958.445,554.852|944.405,533.307
57|1|932.089,923.196|949.544,823.053|963.623,742.746|979.259,621.421|995.32,643.174|1071.75,671.7|1157.62,817.873|1127.27,759.26|1133.94,734.357|1078.4,730.186|1065.96,729.021|957.779,639.65|883.071,642.154|752.906,617.314|883.328,564.167|917.88,539.754|960.487,549.112|899.61,609.152|983.117,933.873|982.928,1218.05|943.741,1358.94|926.232,1516.99|886.407,913.787|760.474,1156.26|756.953,1321.8|712.737,1459.1|986.35,577.063|966.559,582.284|990.422,558.188|1037.54,552.97|958.063,554.565|944.15,533.44
58|1|932.088,923.196|949.544,823.053|963.622,742.745|979.259,621.42|995.32,643.173|1071.75,671.701|1157.61,817.879|1127.26,759.259|1133.93,734.353|1078.38,730.177|1065.95,729.013|957.779,639.648|883.071,642.151|752.9,617.306|883.327,564.158|917.882,539.738|960.494,549.071|899.626,609.132|983.117,933.873|982.925,1218.05|943.737,1358.93|926.225,1516.99|886.406,913.786|760.503,1156.29|756.977,1321.83|712.781,1459.14|986.35,577.062|966.546,582.287|990.406,558.187|1037.53,552.958|958.047,554.57|944.141,533.447
59|1|932.088,923.196|949.544,823.053|963.622,742.745|979.259,621.42|995.32,643.173|1071.75,671.701|1157.61,817.879|1127.26,759.259|1133.93,734.353|1078.38,730.177|1065.95,729.013|957.779,639.648|883.071,642.151|752.9,617.306|883.327,564.158|917.882,539.738|960.494,549.071|899.626,609.132|983.117,933.873|982.925,1218.05|943.737,1358.93|926.225,1516.99|886.406,913.786|760.503,1156.29|756.977,1321.83|712.781,1459.14|986.35,577.062|966.546,582.287|990.406,558.187|1037.53,552.958|958.047,554.57|944.141,533.447
60|1|936.523,930.208|951.449,828.187|963.36,746.761|979.538,624.828|995.724,646.788|1072.91,676.311|1144.17,832.401|1120.32,824.454|1126.04,781.318|1094.05,743.609|1082.07,754.7|957.773,643.087|882.154,642.73|747.825,614.893|879.656,526.047|899.836,534.842|960.193,533.154|940.87,582.022|988.334,938.481|991.464,1223.14|943.615,1370.5|930.446,1529.09|889.914,922.919|806.096,1196.4|788.652,1359.06|758.076,1504.34|986.746,580.263|957.923,587.868|980.891,561.543|1033.88,551.807|948.703,560.604|940.358,540.059
61|1|941.608,934.776|953.118,832.335|962.491,749.682|978.992,626.73|995.57,648.984|1074.04,679.527|1136.49,842.517|1114.49,851.691|1126.49,799.609|1098.5,751.703|1084.69,765.505|956.753,645.154|879.54,644.303|739.029,614.439|878.219,532.094|894.375,536.797|960.871,541.936|928.22,576.285|994.198,942.176|996.979,1232.65|957.495,1383.43|944.135,1544|894.462,928.297|818.956,1209.48|811.515,1370.15|781.945,1516.57|986.164,581.76|953.59,581.659|975.176,553.989|1030.48,545.679|942.737,556.715|935.757,544.976
62|1|940.563,932.526|952.515,830.961|962.258,749.016|979.266,627.052|995.629,649.272|1073.41,680.166|1132.4,843.871|1111.41,851.762|1126.87,798.788|1097.71,751.296|1083.85,762.203|957.097,645.177|880.452,644.507|742.697,614.293|882.994,536.777|889.483,536.557|951.443,544.923|917.374,579.733|992.701,940.291|989,1227.76|956.025,1373.93|939.153,1531.99|893.85,925.723|758.675,1170.44|766.414,1329.82|721.703,1466.09|986.542,582.451|947.646,575.391|971.178,549.837|1030.34,547.405|939.833,551.445|939.165,543.862
63|1|940.767,933.184|952.948,831.792|962.627,750.942|980.284,630.928|996.102,652.967|1071.83,684.374|1126.55,845.012|1105.4,859.904|1121.93,809.547|1102.5,761.94|1084.99,772.661|958.481,648.489|883.646,646.753|736.19,622.579|856.751,534.185|874.595,521.694|939.888,520.497|892.077,576.424|992.139,939.464|993.643,1216.27|950.797,1370.65|940.391,1526.77|894.434,927.67|813.115,1198.57|799.176,1350.61|772.134,1492.3|987.705,587.109|955.686,586.924|970.287,557.294|1021.2,541.881|940.551,567.348|932.519,563.485
64|1|944.859,932.279|954.354,832.451|962.105,752.219|978.631,632.829|994.671,654.738|1070.14,685.975|1125.28,845.953|1103.29,873.14|1118.89,818.347|1104.62,768.172|1085.02,781.627|957.047,650.347|882.471,649.498|730.411,628.636|822.809,525.347|863.261,519.9|909.002,510.289|866.63,575.403|995.908,939.021|994.646,1216.61|963.293,1372.68|951.273,1529.29|899.177,926.392|826.127,1195.35|822.277,1351.53|794.135,1492.89|985.353,589.219|954.63,590.64|971.384,561.778|1022.65,548.075|940.885,568.995|932.295,561.043
65|1|944.888,932.598|954.339,832.536|962.06,752.109|978.491,632.358|994.588,654.328|1070.19,685.717|1125.15,846.169|1103.21,875.922|1118.88,821.297|1105.55,771.174|1084.88,783.821|956.892,649.923|882.173,649.141|728.467,626.325|818.653,521.965|859.971,517.309|903.461,508.73|844.495,589.559|996.05,939.341|995.924,1217.78|964.971,1375.91|954.043,1533.3|899.111,926.711|828.175,1196.95|825.404,1351.82|798.82,1493.51|985.142,588.606|953.933,581.355|975.416,556.208|1028.71,553.385|944.211,558.49|937.646,552.052
66|1|944.924,932.72|954.232,832.544|961.824,752.059|977.834,632.21|994.075,654.146|1069.99,685.431|1125.21,846.199|1103.6,879.802|1119.17,825.552|1107.04,775.782|1084.9,787.279|956.231,649.873|881.235,649.646|724.399,631.762|802.184,524.633|846.906,514.063|886.022,501.43|845.745,545.097|996.175,939.39|996.983,1218.29|966.581,1377.46|956.886,1535.29|899.064,926.898|829.691,1198.07|827.592,1351.69|802.052,1493.55|984.312,588.412|949.104,574.423|970.091,549.574|1025.46,549.171|939.394,553.975|935.635,554.533
67|1|944.923,932.72|954.231,832.545|961.823,752.06|977.831,632.211|994.072,654.146|1069.99,685.431|1125.21,846.199|1103.59,879.808|1119.17,825.558|1107.03,775.791|1084.9,787.286|956.228,649.874|881.231,649.65|724.391,631.793|802.136,524.653|846.841,514.037|885.907,501.369|845.689,545.103|996.175,939.39|996.984,1218.29|966.583,1377.46|956.889,1535.29|899.064,926.899|829.692,1198.07|827.595,1351.69|802.055,1493.55|984.309,588.413|949.101,574.429|970.087,549.579|1025.46,549.173|939.39,553.979|935.63,554.533
68|1|944.923,932.72|954.231,832.545|961.822,752.06|977.831,632.211|994.072,654.146|1069.99,685.43|1125.21,846.199|1103.59,879.808|1119.17,825.559|1107.03,775.792|1084.9,787.286|956.228,649.874|881.231,649.65|724.39,631.796|802.13,524.655|846.834,514.034|885.894,501.363|845.682,545.104|996.175,939.39|996.984,1218.29|966.583,1377.46|956.889,1535.28|899.064,926.899|829.692,1198.07|827.595,1351.69|802.056,1493.55|984.308,588.413|949.1,574.429|970.087,549.579|1025.46,549.173|939.389,553.98|935.63,554.533
69|1|944.477,933.44|956.275,832.74|966.068,752.116|987.758,633.826|1002.73,656.601|1076.87,690.595|1121.63,853.201|1089.91,908.752|1109.41,854.279|1111.19,799.65|1083.55,814.49|965.67,650.046|891.985,649.842|746.361,623.047|761.171,562.027|713.355,503.751|780.398,492.013|774.759,522.99|995.258,942.497|976.503,1217.8|947.56,1396.2|931.073,1553.59|899.298,925.526|816.808,1189.07|816.789,1345.05|787.975,1484.08|995.956,590.567|959.701,562.18|970.529,538.453|1020.06,536.533|943.854,554.629|939.645,579.369
70|1|942.365,928.793|955.147,829.928|966.148,750.956|985.325,634.392|1000.46,656.691|1073.52,689.728|1119.5,848.954|1088.78,923.466|1103.63,871.216|1112.67,815.965|1081.65,832.539|964.008,650.539|891.732,648.435|758.232,616.875|758.445,556.671|704.65,504.733|770.367,495.824|771.515,516.044|990.934,941.431|954.063,1217.93|940.092,1389.47|907.529,1541.18|899.798,917.848|771.449,1148.99|789.855,1314.89|744.246,1442.66|992.148,591.712|953.131,578.813|975.206,555.566|1032.13,556.308|946.271,558.177|947.557,556.588
71|1|941.451,928.68|954.175,829.583|965.03,750.628|982.932,634.048|998.277,656.161|1071.34,688.783|1117.86,847.879|1088.53,929.329|1100.27,877.942|1113.12,820.901|1080.27,838.371|961.841,650.384|889.633,649.678|756.17,620.713|764.421,557.804|697.784,518.768|768.331,497.713|717.999,516.016|990.004,941.165|949.265,1219.62|934.132,1393.57|899.698,1546.88|898.896,917.868|764.443,1146.25|779.312,1317|729.324,1444.98|989.229,591.361|944.149,580.08|967.368,557.049|1027.87,557.564|939.502,558.753|946.524,555.077
72|1|941.866,928.941|954.714,829.831|965.639,750.956|983.327,634.511|998.67,656.593|1071.55,689.287|1116.88,848.471|1086.87,932.552|1098.28,882.293|1113.83,825.262|1079.72,841.986|962.326,650.827|890.333,649.815|755.562,618.059|760.718,555.005|686.531,531.096|709.842,492.648|678.515,535.608|990.339,941.481|946.192,1220.23|930.728,1396.71|895.076,1550.87|899.393,918.084|757.657,1141.84|770.931,1317.26|717.48,1445.1|989.476,591.868|944.988,580.216|963.294,554.577|1021.38,548.743|936.044,562.76|940.63,565.858
73|1|937.326,923.91|953.417,824.855|965.333,747.947|984.461,634.59|999.236,656.36|1070.38,689.732|1112.98,846.346|1083.29,930.437|1096.28,883.407|1114.96,829.474|1079.82,843.7|963.477,650.279|892.513,650.245|760.826,616.768|753.382,538.66|697.721,511.784|682.152,535.262|689.783,546.716|985.463,936.254|933.91,1211.98|921.304,1374.97|888.544,1530.8|894.927,913.169|710.857,1092.45|737.024,1277.31|681.464,1406.09|991.389,593.117|940.926,579.316|963.085,556.208|1025.41,556.062|937.061,560.196|948.95,560.742
74|1|936.921,923.912|952.878,824.605|964.664,747.53|983.352,633.915|998.252,655.659|1069.64,688.868|1112.81,845.545|1083.7,931.243|1096.35,884.468|1114.85,830.678|1079.64,844.732|962.386,649.724|891.242,649.852|759.261,618.261|748.789,541.924|692.633,518.408|675.487,541.144|687.268,555.412|985.177,936.171|932.371,1212.35|918.845,1381.38|884.926,1539.2|894.416,913.245|708.353,1090.58|726.148,1283.91|665.775,1414.66|990.118,592.344|943.741,579.53|964.673,555.661|1024.6,553.851|937.741,560.654|945.332,561.472
75|1|936.43,923.909|952.305,824.428|963.991,747.248|982.233,633.444|997.255,655.15|1068.87,688.198|1112.11,845.165|1083.34,931.429|1095.86,884.442|1114.51,830.262|1079.29,844.356|961.288,649.363|889.975,649.71|758.05,619.705|745.404,544.721|690.837,523.859|675.3,544.197|698.472,567.655|984.773,936.116|928.01,1211.58|915.935,1384.46|879.872,1543.56|893.847,913.288|690.537,1061.63|698.868,1267.32|627.388,1393.11|988.838,591.801|943.525,579.72|963.387,555.13|1022.4,551.596|936.287,561.33|942.426,562.802
76|1|936.169,923.823|951.944,824.23|963.512,746.992|981.372,633.112|996.503,654.774|1068.32,687.738|1111.43,844.985|1082.92,931.74|1095.51,884.661|1114.55,830.254|1079.27,844.235|960.437,649.119|888.958,649.731|757.586,622.671|744.003,550.029|690.956,533.948|676.499,554.373|702.582,573.421|984.583,935.966|924.85,1210.59|914.416,1385.25|877.21,1545.34|893.518,913.258|683.37,1046.23|687.04,1257.95|610.532,1381.8|987.853,591.442|941.457,578.818|961.826,554.412|1021.66,551.566|934.782,560.281|941.944,561.78
77|1|935.193,924.727|951.137,824.597|962.727,747.078|979.875,632.86|995.229,654.496|1067.58,687.108|1111.01,844.974|1084.1,934.735|1095.5,886.974|1114.28,831.487|1078.8,845.879|958.953,649.034|887.101,649.171|756.846,624.503|737.591,559.222|694.112,552.038|672.483,566.13|712.146,587.934|983.816,936.92|916.345,1206.85|910.272,1376.52|872.853,1540.23|892.36,914.118|682.915,1034.38|693.871,1252.18|615.599,1381.48|986.071,591.063|941.442,581.94|960.821,556.391|1019.57,550.516|933.336,562.883|938.372,562.361
78|1|934.802,926.045|950.882,825.005|962.43,746.972|978.753,632.209|994.41,653.853|1067.58,686.115|1110.84,845.52|1084.89,938.816|1094.47,891.029|1115.33,833.318|1078.19,848.572|957.802,648.599|885.346,648.259|755.064,627.084|727.74,572.08|687.67,566.572|669.015,581.049|714.559,590.439|983.808,938.26|912.393,1200.27|906.24,1371.8|868.693,1541.04|891.633,915.421|697.105,1019.39|710.497,1245.37|631.142,1382.52|984.617,590.2|938.678,584.006|958.202,557.711|1018.02,549.958|930.593,564.016|936.431,561.018
79|1|932.826,931.485|949.753,827.418|961.562,747.701|977.344,631.329|993.502,653.21|1068.75,684.579|1111.41,847.38|1082.61,944.972|1091.87,897.345|1115.67,838.403|1077.3,853.632|956.06,648.096|881.99,647.943|749.785,633.161|715.566,595.537|682.116,584.335|666.832,599.205|718.543,597.533|983.06,943.818|906.548,1191.06|900.967,1367.4|865.133,1546.04|888.558,920.759|703.994,1009.6|725.802,1242.48|645.298,1386.69|983.018,588.708|934.1,586.425|956.514,560.343|1019.87,553.35|928.158,563.145|936.68,553.513
80|1|932.436,931.473|949.712,826.835|961.704,746.792|977.787,630.1|994.02,652.094|1069.67,683.884|1111.98,847.767|1083.18,950.015|1090.68,903.368|1115.8,843.653|1076.39,858.732|956.316,646.898|881.711,647.069|748.593,635.439|714.488,602.58|682.685,596.145|666.792,612.894|717.775,602.129|982.964,943.939|910.694,1189.69|898.716,1375.44|863.798,1557.77|887.9,920.629|707.902,1035.19|729.868,1265.4|651.254,1414.03|983.608,587.343|937.314,583.148|959.127,556.628|1021.09,549.829|930.021,560.543|935.668,553.301
81|1|929.392,929.972|948.153,824.731|961.709,746.598|979.674,630.956|995.456,652.913|1070.47,684.815|1108.34,848.707|1062.17,952.626|1076.01,914.799|1113.12,866.06|1071.38,868.535|957.96,647.447|883.661,647.936|748.836,634.457|704.794,607.225|688.536,612.443|662.82,621.803|713.005,604.553|980.413,940.613|930.216,1172.55|903.915,1355.64|883.383,1541.38|883.716,920.595|727.277,996.997|736.316,1238.31|664.832,1395.78|986.455,588.633|943.077,585.982|957.83,556.427|1014.57,540.739|930.166,568.277|931.79,568.147
82|1|929.14,930.828|947.709,825.223|961.089,746.921|978.328,631.138|994.339,653.022|1069.79,684.776|1108.32,849.119|1063.3,957.592|1076.08,921.188|1110.69,873.534|1069.97,873.689|956.621,647.786|881.927,648.992|746.057,640.46|700.24,618.118|676.354,630.004|653.471,656.141|706.114,624.355|980.342,941.36|937.003,1172.31|908.62,1357.21|890.993,1544.72|883.299,921.549|736.863,1010.28|742.158,1255.05|672.12,1416.99|984.841,588.765|936.429,586.334|957.211,558.844|1019.93,549.346|928.624,564.163|935.64,556.977
83|1|929.138,930.836|947.705,825.231|961.084,746.931|978.313,631.151|994.326,653.034|1069.78,684.784|1108.32,849.129|1063.3,957.633|1076.07,921.241|1110.67,873.597|1069.96,873.74|956.606,647.801|881.909,649.022|746.009,640.584|700.118,618.329|676.15,630.306|653.185,656.578|705.876,624.776|980.34,941.367|937.015,1172.33|908.632,1357.22|891.014,1544.73|883.297,921.558|736.878,1010.32|742.174,1255.09|672.145,1417.03|984.821,588.78|936.41,586.394|957.184,558.893|1019.9,549.361|928.596,564.216|935.607,556.999
84|1|929.383,940.759|946.773,831.446|958.456,749.858|975.596,629.479|992.406,652.025|1071.15,682.989|1108.84,854.057|1048.88,970.413|1063.45,941.134|1102.06,902.281|1063.21,888.069|953.083,647.035|875.209,649.933|735.795,650.816|688.432,645.381|656.24,655.602|632.87,714.459|683.445,703.335|982.442,951.806|938.583,1194.43|908.465,1393.71|887.701,1589.81|882.198,931.097|748.406,1103.67|754.092,1343.12|687.573,1514.79|982.211,585.364|935.709,590.029|956.383,560.048|1019.5,545.461|925.784,565.473|929.327,552.691
85|1|929.292,940.922|946.669,831.589|958.332,750.004|975.359,629.641|992.205,652.17|1071.04,683.081|1108.89,854.273|1049.17,971.48|1063.53,942.441|1101.91,903.717|1063.08,889.209|952.847,647.216|874.912,650.284|735.231,652.279|687.41,647.887|654.867,658.973|631.078,718.611|682.31,707.517|982.367,951.964|938.789,1195.02|908.522,1394.83|887.914,1591.07|882.093,931.264|749.212,1106.54|755.953,1343.44|690.611,1515.15|981.93,585.532|935.796,590.76|956.461,560.691|1019.42,545.8|925.75,566.037|928.935,552.757
86|1|919.632,941.795|942.318,832.406|957.712,751.486|975.109,631.274|992.05,653.947|1072.06,683.007|1108.48,855.473|1042.45,974.942|1057.45,951.179|1097.2,919.096|1059.79,896.36|952.389,648.726|873.794,650.152|730.261,659.916|676.268,669.466|650.959,676.312|626.623,733.698|682.655,724.275|972.524,955.484|920.531,1174.67|896.04,1367.31|875.817,1564.97|872.603,929.786|718.426,1009.46|731.187,1262.62|660.095,1433.89|981.741,587.217|938.184,591.176|957.848,560.362|1019.21,544.903|926.534,567.182|926.857,556.153
87|1|929.095,948.299|946.233,837.277|957.864,754.544|974.662,633.451|991.798,656.106|1072.32,684.946|1109.09,858.289|1042.79,981.573|1055.58,958.916|1092.93,927.482|1056.84,902.658|951.934,651.191|872.987,653.132|726.343,666.905|671.856,675.113|642.634,683.47|619.904,748.34|684.841,729.363|982.921,959.052|935.896,1192.33|908.479,1394.33|888.7,1593.5|881.17,938.89|744.252,1105.92|753.141,1349.06|687.787,1524.01|981.133,589.097|935.952,593.088|957.214,562.889|1020.29,549.078|925.689,568.001|927.665,555.207
88|1|931.48,949.486|947.053,838.702|957.743,755.371|974.227,633.769|991.402,656.424|1072.04,684.977|1109.23,858.407|1044.45,986.566|1054.41,965.59|1088.4,935.133|1054.51,907.776|951.57,651.637|872.708,654.007|728.029,669.381|671.308,682.476|643.431,681.834|620.751,752.724|688.15,728.434|985.356,959.664|947.533,1214.31|916.028,1425.11|898.454,1624.14|883.542,940.595|761.093,1153.82|766.778,1390.02|710.471,1564.55|980.586,589.235|939.284,592.877|957.946,561.62|1017.64,545.388|926.424,569.487|924.543,559.718
89|1|931.039,947.863|946.887,837.388|957.766,754.297|973.908,633.008|991.144,655.583|1071.62,684.512|1108.68,857.578|1044.47,986.855|1054.08,967.079|1087.58,937.84|1053.65,909.979|951.305,650.877|872.459,654.061|727.068,672.957|669.352,688.246|641.49,687.619|620.254,756.911|688.552,729.748|984.797,958.199|943.569,1212.49|917.747,1420.33|901.377,1618.6|883.211,938.83|734.199,1109.9|750.157,1354.44|688.985,1528.85|980.124,588.578|933.969,594.677|956.039,564.81|1019.99,550.862|924.584,568.606|927.712,553.028
90|1|932.362,948.531|947.933,838.039|958.606,754.954|974.011,633.644|991.398,656.106|1071.84,684.897|1108.74,857.878|1046.98,989.331|1055.15,969.463|1086.8,939.468|1052.89,912.096|951.501,651.641|872.622,655.742|725.969,676.259|665.132,692.775|639.683,695.453|620.001,762.305|687.948,732.063|986.149,958.745|950.764,1220.9|921.703,1428.25|906.592,1625.73|884.505,939.607|758.623,1154.65|767.005,1388.5|711.686,1561.97|979.954,589.211|937.35,595.751|957.773,564.952|1019.13,549.015|925.959,570.485|925.537,556.264
91|1|932.395,948.503|947.98,837.985|958.666,754.88|974.108,633.537|991.497,656.009|1071.96,684.858|1108.79,858.005|1047,989.608|1055.11,969.676|1086.7,939.583|1052.84,912.19|951.582,651.536|872.667,655.618|726.043,676.11|665.327,692.653|639.839,695.334|620.24,762.393|688.179,731.23|986.2,958.725|951.367,1221.5|922.147,1428.36|907.284,1625.76|884.522,939.573|760.315,1156.97|769.227,1388.52|715.08,1561.97|980.068,589.09|937.443,595.679|957.892,564.867|1019.29,548.916|926.058,570.377|925.64,556.093
92|1|939.159,951.404|950.962,839.739|959.182,754.968|972.837,632.535|990.62,654.845|1071.35,684.353|1108.99,858.27|1051.81,993.549|1057.13,971.673|1085.22,938.03|1052.68,912.748|950.507,651.033|871.437,657.513|724.392,678.401|666.673,684.284|638.192,693.524|620.817,774.004|685.585,723.253|993.643,959.617|967.502,1242.13|940.287,1455.62|927.873,1654.45|890.641,944.258|774.558,1193.03|784.89,1424.98|735.844,1598.96|978.171,587.675|938.181,596.334|957.099,564.491|1016.49,545.74|925.057,571.426|921.922,557.012
93|1|939.149,951.381|950.956,839.714|959.179,754.941|972.842,632.506|990.625,654.818|1071.35,684.33|1108.99,858.253|1051.82,993.546|1057.15,971.68|1085.24,938.049|1052.69,912.753|950.509,651.004|871.434,657.478|724.405,678.367|666.742,684.262|638.293,693.504|620.966,774|685.733,723.152|993.635,959.595|967.645,1242.19|940.413,1455.6|928.087,1654.42|890.629,944.233|771.669,1190.7|781.778,1425.21|731.224,1599.23|978.18,587.646|938.175,596.257|957.147,564.442|1016.57,545.778|925.091,571.321|921.978,556.885
94|1|937.809,951.517|950.258,840.108|959.159,755.061|972.454,632.38|990.333,654.666|1071.29,684.025|1108.83,858.413|1051.66,995.765|1056.25,975.248|1083.54,942.937|1051.88,915.477|950.146,650.984|870.93,657.463|727.729,677.492|668.781,690.958|635.542,691.64|620.804,778.59|684.849,724.893|992.289,960.171|974.47,1253.82|944.709,1470.62|934.094,1669.02|889.306,943.98|782.073,1207.36|788.137,1439.57|742.592,1613.53|977.659,587.425|935.369,594.497|957.136,564.206|1019.05,549.549|924.799,568.1|924.317,551.832
95|1|938.996,948.283|950.641,838.453|959.201,753.943|972.945,632.307|990.711,654.435|1071.22,684.227|1109.05,858.101|1055.31,996.157|1057.85,975.431|1082.44,942.164|1051.88,915.485|950.564,650.779|871.401,657.445|725.078,676.77|670.447,677.724|643.177,694.355|621.237,779.021|685.164,724.838|993.148,956.386|983.015,1255.29|952.104,1468.96|944.936,1663.94|890.705,941.222|792.704,1214.87|795.981,1440.92|753.386,1612.12|978.433,587.749|937.16,596.187|957.633,565.025|1018.51,548.056|925.343,570.293|923.576,554.359
96|1|935.849,950.833|948.343,840.271|957.617,755.051|972.593,632.273|990.301,654.779|1071.52,684.716|1109.18,859.99|1055.3,999.724|1058.59,977.572|1081.56,943.906|1051.09,918.135|949.858,650.736|869.982,656.917|724.747,674.579|667.437,678.598|640.518,688.097|620.032,782.72|684.464,720.618|990.404,959.373|983.206,1266.69|950.262,1476.74|943.626,1671.09|887.19,943.384|791.093,1226.21|794.035,1445.38|754.277,1616.18|978.548,587.283|936.198,596.513|957.293,565.234|1019.29,548.2|924.743,569.978|923.715,552.853
97|1|935.82,950.844|948.31,840.267|957.579,755.035|972.551,632.235|990.262,654.745|1071.49,684.696|1109.12,860.016|1055.23,999.791|1058.47,977.641|1081.41,943.959|1050.97,918.177|949.815,650.701|869.931,656.869|724.631,674.41|667.196,678.328|640.136,687.808|619.509,782.545|684.011,720.261|990.382,959.382|983.164,1266.87|950.254,1476.34|943.609,1670.47|887.156,943.397|791.015,1226.4|794.193,1444.92|754.516,1615.55|978.503,587.236|936.112,594.823|957.396,563.793|1019.45,547.905|924.825,568.525|923.891,552.578
98|1|938.308,954.353|949.092,842.059|957.146,755.473|971.808,631.124|989.689,653.715|1071.61,683.982|1109.14,861.147|1060.43,1005.39|1058.97,981.096|1080.18,941.038|1050.25,920.236|948.976,649.984|868.63,657.282|731.773,671.207|684.172,662.656|638.258,671.233|627.753,779.264|688.249,710.36|993.629,961.701|990.664,1277.73|958.055,1488.64|952.912,1684.52|888.892,947.961|790.4,1238.84|795.569,1456.89|757.968,1629.07|977.775,585.547|940.727,585.86|960.23,554.7|1018.52,541.372|927.032,561.981|920.995,553.763
99|1|937.501,951.761|948.892,840.639|957.428,754.832|973.037,631.469|990.623,654.096|1071.61,685.079|1108.73,861.021|1060.99,1004.41|1059.97,980.831|1079.67,941.965|1050.16,920.754|950.197,649.965|870.31,656.461|729.97,667.452|676.823,657.202|644.505,660.338|623.973,756.666|683.608,685.087|992.334,959.49|990.988,1275.09|957.924,1486.43|953.392,1679.49|888.534,945.028|793.979,1236.75|795.87,1452.89|758.898,1622.37|979.304,586.265|939.383,592.312|959.106,560.718|1019.06,544.107|926.507,567.285|923.123,554.261
100|1|936.791,950.667|948.453,839.679|957.185,753.983|972.688,630.752|990.294,653.377|1071.24,684.631|1108.69,860.294|1058.42,1001.07|1059.58,978.403|1080.56,939.131|1049.91,919.585|949.873,649.217|870.009,655.815|728.443,666.104|676.455,654.731|644.344,654.123|624.236,748.358|684.66,674.063|991.559,958.577|977.945,1269.89|952.681,1471.02|945.607,1661.91|887.895,943.773|731.847,1181.74|752.254,1409.63|703.222,1578.3|978.874,585.584|936.32,589.113|959.331,559.554|1022.04,548.181|926.562,562.588|926.417,547.965
101|1|934.169,941.093|948.193,833.754|958.714,750.783|974.615,630.621|991.782,652.909|1070.82,684.583|1108.67,856.692|1061.2,992.644|1061.05,973.794|1079.9,937.694|1047.38,914.102|952.128,648.438|873.766,654.279|730.966,662.723|690.561,643.758|660.328,634.085|626.484,705.158|688.149,655.013|987.374,950.371|972.5,1249.75|943.748,1440.59|935.017,1625.27|886.696,932.976|749.458,1171.38|757.465,1395.63|705.292,1561.15|980.849,586.598|935.963,585.156|957.96,556.221|1020.87,546.574|926.51,560.944|928.741,551.805
102|1|934.16,938.13|948.392,831.416|959.077,748.918|975.229,629.285|992.202,651.536|1070.63,683.358|1108.1,854.411|1056.66,984.022|1059.03,966.418|1080.05,931.102|1043.69,907.918|952.862,646.939|875.086,652.151|734.306,655.578|699.452,631.244|671.322,614.012|630.584,669.461|675.695,629.163|987.019,947.518|953.142,1235.82|935.743,1419.06|921.221,1603.16|887.006,929.914|694.304,1050.4|704.567,1305.03|630.524,1468.76|981.528,585.451|937.867,587.417|958.768,557.897|1020.42,545.407|927.58,563.149|928.759,552.152
103|1|931.808,933.494|947.145,828.237|958.624,746.971|975.267,629.119|991.965,651.232|1069.67,682.979|1107.79,852.243|1051.3,974.221|1057.7,959.897|1081.8,928.719|1040.07,902.104|953.026,646.348|875.954,650.219|737.179,650.92|710.91,625.214|684.288,601.148|639.03,632.93|704.964,588.958|983.94,943.461|936.954,1203.46|923.809,1374.22|908.275,1560.01|885.312,924.76|716.992,975.956|728.837,1229.85|652.09,1387.97|981.676,585.946|938.667,584.264|958.824,555.173|1019.43,544.147|928.04,561.511|928.824,554.373
104|1|931.069,932.316|946.643,827.135|958.301,745.932|975.411,628.128|992.009,650.311|1069.62,682.172|1107.78,851.225|1050.67,972.198|1057.43,958.252|1081.67,927.586|1039.58,900.789|953.116,645.269|876.079,648.431|737.88,645.61|712.467,617.849|685.725,591.973|640.665,618.104|703.695,581.488|983.156,942.392|933.664,1184.49|917.423,1368.23|900.103,1558.12|884.615,923.483|723.575,969.783|734.769,1223.56|658.465,1381.56|981.99,584.963|939.056,582.043|959.728,553.414|1020.48,543.761|928.865,559.234|929.78,552.498
105|1|915.034,928.256|939.715,824.297|958.119,747.164|976.74,631.589|992.467,653.56|1067.96,684.572|1105.94,848.9|1053.83,965.629|1058.64,954.83|1081.1,926.34|1038.07,897.474|954.823,648.071|880.121,648.563|743.862,632.52|709.736,586.165|691.133,581.495|667.797,591.375|723.773,548.632|965.459,941.636|936.54,1172.57|900.479,1336.16|887.555,1520.43|869.796,916.404|727.243,977.722|718.711,1235.6|645.19,1397.75|983.886,589.319|939.685,579.657|960.593,553.367|1020.97,548.588|931.238,559.034|934.714,557.537
106|1|913.644,925.139|939.092,822.394|958.143,746.165|976.782,631.31|992.251,653.12|1066.49,684.666|1105.37,846.707|1057.16,965.555|1060.07,954.935|1079.68,926.547|1039,899.491|955.125,647.65|881.425,648.833|748.193,632.06|696.604,586.883|689.205,557.712|677.706,561.273|723.981,536.608|963.433,938.846|939.4,1168.24|895.726,1330.99|880.936,1513.29|868.962,912.986|740.158,1003.17|718.898,1263.46|644.101,1426.78|983.938,589.315|928.04,581.175|954.959,559.609|1022.67,562.66|928.681,556.716|946.571,546.133
107|1|912.701,926.678|938.579,822.419|957.989,745.297|977.28,628.947|992.739,651.02|1067.34,683.495|1105.9,847.02|1058.71,967.217|1060.74,955.538|1079.69,925.952|1039.61,898.649|955.403,645.467|881.24,647.049|752.482,618.979|720.306,556.074|688.765,537.448|669.272,536.531|724.467,515.315|963.078,940.519|941.5,1173.75|894.949,1339.97|879.795,1525.44|867.467,914.403|736.642,1001.35|711.88,1272.47|636.356,1440.32|984.768,586.381|936.391,579.609|955.847,552.384|1017.48,543.756|927.966,559.84|934.989,558.133
108|1|913.037,927.127|939.033,822.497|958.432,745.224|976.279,628.386|992.07,650.391|1067.18,682.356|1105.8,846.231|1055.6,965.816|1059.78,955.379|1080.45,926.249|1039.53,899.006|954.583,645.141|880.26,647.076|751.876,616.187|725.729,558.025|696.903,535.337|676.156,525.932|730.563,504.215|963.558,941.095|940.391,1175.02|894.159,1345.58|878.456,1532.18|867.699,914.745|739.046,1003.71|710.627,1281.46|633.699,1450.81|983.102,585.613|942.9,573.498|965.646,549.24|1024.29,549.282|935.711,551.912|936.998,549.433
109|1|915.633,928.594|939.698,823.721|958.231,746.783|977.785,630.215|993.223,652.326|1068.6,683.424|1106.14,847.537|1053.91,965.532|1059.4,954.051|1081.21,926.08|1038.62,897.635|955.827,646.762|881.512,645.929|753.764,605.88|734.995,537.237|722.604,533.956|709.033,535.784|728.917,483.642|966.231,941.052|950.191,1173.83|899.392,1347.53|887.352,1534.34|870.03,917.518|751.017,1012.26|721.665,1286.73|650.189,1458.57|985.429,587.59|942.844,577.711|966.8,553.855|1027.16,554.012|937.216,554.901|941.118,549.211
110|1|916.145,927.711|939.986,821.834|958.091,743.883|978.462,626.058|994.051,648.575|1070.09,681.3|1106.11,848.452|1051.77,973.144|1060.45,954.276|1080.68,928.231|1038.51,899.629|956.089,642.673|880.718,639.275|760.843,586.799|737.195,520.212|710.536,498.635|693.737,482.421|739.759,473.298|967.416,940.235|952.268,1176.29|899.12,1355|884.192,1544.36|870.008,916.596|763.237,1021.27|731.86,1295.43|661.07,1471.03|986.365,582.901|936.896,583.096|963.082,559.124|1028.48,556.046|934.034,556.498|944.296,539.818
111|1|917.91,927.138|940.763,821.352|958.135,743.558|978.629,626.225|994.156,648.678|1070.02,681.16|1106.39,847.421|1054.1,973.229|1061.76,954.87|1080.01,930.229|1038.5,902.408|956.269,642.756|881.12,637.998|762.125,583.533|738.361,515.821|707.636,491.588|693.112,474.07|741.78,467.137|969.144,939.12|954.997,1171.6|903.04,1350|888.333,1538.88|871.793,916.507|763.675,1018.14|738.674,1284.37|668.403,1457.77|986.595,583.255|939.566,575.552|959.154,547.909|1020.66,539.654|930.339,555.611|935.516,554.616
112|1|918.382,926.55|941.192,820.83|958.188,742.964|977.479,625.28|993.25,647.626|1068.94,680.563|1106.15,846.643|1055.98,975.166|1062.67,955.906|1079.39,931.126|1038.48,904.288|955.289,642.031|880.066,637.917|762.273,581.366|744.434,512.587|709.742,482.979|693.774,464.082|751.16,465.144|969.642,938.793|955.904,1175|904.513,1354.99|888.177,1543.94|872.341,915.708|772.147,1032.52|744.536,1298.97|676.468,1474.04|984.947,582.161|940.745,573.261|960.772,546.119|1021.01,539.558|931.292,553.009|934.16,552.085
113|1|921.792,927.233|942.489,821.453|957.999,743.124|977.384,625.923|993.041,648.225|1068.36,680.878|1106.06,846.22|1057.91,976.175|1062.74,956.768|1079.13,931|1038.46,904.844|955.289,642.544|880.591,636.979|762.012,584.714|736.699,522.765|707.888,493.562|689.568,458.257|753.962,458.384|973.099,938.314|959.878,1177.26|909.873,1362.56|893.29,1550.79|875.683,917.427|779.007,1047.97|753.191,1311.37|688.311,1487.03|984.841,582.988|938.899,566.3|961.692,541.956|1023.62,543.152|932.455,546.478|938.131,549.033
114|1|921.792,927.234|942.489,821.455|957.999,743.126|977.384,625.926|993.042,648.228|1068.36,680.881|1106.06,846.221|1057.91,976.179|1062.75,956.776|1079.13,931.013|1038.46,904.853|955.289,642.547|880.591,636.982|762.013,584.723|736.705,522.781|707.895,493.582|689.583,458.283|753.972,458.421|973.098,938.315|959.881,1177.26|909.875,1362.56|893.294,1550.79|875.683,917.429|779.021,1048|753.212,1311.37|688.345,1487.04|984.841,582.992|938.908,566.337|961.693,541.983|1023.62,543.152|932.454,546.51|938.119,549.044
115|1|921.946,927.235|942.616,821.627|958.121,743.439|977.491,626.474|993.126,648.726|1068.36,681.21|1106.27,846.129|1058.81,976.174|1063.48,957.18|1079.31,932.047|1038.72,905.877|955.419,643.07|880.796,637.639|762.481,586.686|737.79,525.7|708.677,495.285|690.257,459.711|753.844,465.892|973.169,938.294|962.234,1177.75|911.206,1363|895.562,1550.92|875.907,917.448|785.718,1059.88|760.376,1316.26|699.674,1492.17|984.96,583.636|944.031,576.85|964.067,549.845|1022.46,542.896|934.205,555.745|934.589,552.367
116|1|926.085,926.485|945.119,820.901|959.511,742.471|977.669,625.227|993.456,647.261|1068.42,679.441|1108.08,843.186|1062.45,971.972|1063.44,956.315|1079.49,930.878|1038.38,904.541|955.834,642.096|881.324,638.641|760.241,594.849|748.402,540.812|718.657,508.514|700.976,472.267|758.994,468.248|977.349,936.634|971.904,1187.58|919.404,1378.3|905.47,1565.4|879.979,917.508|797.981,1097.2|770.532,1351.42|715.434,1527.69|984.762,582.287|945.976,575.476|965.211,548.364|1021.98,540.938|935.295,554.805|933.82,552.058
117|1|926.164,926.463|945.157,820.992|959.547,742.669|977.838,625.628|993.586,647.627|1068.47,679.674|1108.09,843.105|1063.33,971.996|1064.33,956.702|1079.92,931.985|1038.78,905.495|955.985,642.473|881.48,639.125|761.242,596.892|751.113,544.022|722.03,511.304|702.621,475.097|765.536,474.693|977.377,936.564|970.381,1177.23|918.66,1377.35|904.579,1567.01|880.093,917.528|802.32,1100.66|774.889,1351.81|722.12,1528.19|985.022,582.774|946.577,575.445|967.009,549.051|1024.09,543.486|936.826,553.999|935.479,550.144
118|1|929.987,928.014|946.132,822.324|958.86,743.166|978,625.916|993.512,647.95|1068.21,679.891|1107.97,843.05|1065.14,971.238|1063.21,957.27|1080.06,930.465|1038.62,904.318|956.065,642.74|881.749,638.8|762.443,601.895|759.257,552.448|736.08,513.414|720.016,468.569|776.913,473.906|981.343,936.045|986.506,1194.95|930.538,1395.95|921.87,1583.19|883.588,920.909|813.232,1125.61|785.693,1372.46|739.253,1549.11|985.671,583.018|949.721,576.229|969.829,549.87|1025.33,544.131|939.425,554.667|936.06,550.317
119|1|933.025,927.585|948.375,822.035|960.627,742.853|979.859,625.436|995.322,647.471|1069.71,679.779|1108.51,842.716|1068.02,969.932|1064.33,956.852|1079.35,930.427|1038.55,904.452|957.93,642.291|883.67,638.972|764.958,605.722|764.568,557.61|744.107,521.66|733.68,481.488|787.128,481.663|984.348,935.065|995.203,1204.24|939.263,1405.29|933.247,1590.3|886.608,920.97|820.857,1142.33|792.926,1385.39|750.519,1561.09|987.632,582.481|950.758,573.763|971.38,547.978|1027.53,543.885|941.116,552.444|938.764,549.211
120|1|934.206,924.038|949.529,819.872|962.014,741.504|981.108,625.355|996.39,647.144|1069.81,679.522|1108.41,840.71|1072.82,967.327|1066.46,955.627|1077.57,929.987|1038.49,904.355|959.399,642.036|885.927,639.011|772.096,612.04|772.071,567.492|746.837,536.079|729.867,493.155|792.442,491.954|984.841,931.153|999.121,1199.43|944.222,1392.4|940.329,1573.41|888.301,917.735|814.901,1122.24|790.185,1364.99|746.689,1539.68|988.859,582.878|952.323,575.715|973.107,550.242|1028.88,545.848|943.13,553.986|940.99,549.027
121|1|935.826,923.095|951.431,819.929|964.088,741.945|982.502,626.222|997.634,647.774|1070.13,679.85|1109.86,838.654|1078.83,963.708|1069.12,954.249|1075.14,930.155|1038.47,904.803|961.164,642.904|888.7,641.359|779.013,612.303|784.217,563.024|777.179,530.608|779.876,493.724|817.459,486.402|985.966,930.379|1002.42,1204.18|945.739,1396.93|942.372,1574.35|890.372,916.635|826.385,1146.51|794.939,1388.92|755.767,1560.74|990.069,583.93|960.555,577.114|978.582,551.175|1028.91,544.873|948.597,556.709|940.439,553.489
122|1|935.676,923.317|951.317,819.684|964.008,741.488|982.358,625.722|997.509,647.198|1070.04,679.231|1109.91,838.094|1081.42,961.565|1070.41,953.652|1073.84,929.742|1038.23,903.845|960.986,642.514|888.416,641.211|784.062,613.862|801.708,563.381|793.165,524.931|788.96,484.071|834.945,485.522|985.971,930.659|1002.8,1203.39|948.408,1390.25|944.016,1567.72|890.085,916.806|809.658,1126.76|785.884,1370.21|742.739,1543.13|990.032,583.424|977.75,565.608|993.239,541.926|1032.29,543.464|962.131,547.244|940.076,552.112
123|1|935.154,920.579|951.974,818.345|965.806,741.465|984.774,627.479|999.625,648.74|1071.8,679.446|1109.95,836.923|1078.4,955.379|1070.23,952.31|1073.1,930.062|1037.76,902.564|963.481,643.937|891.675,641.353|794.383,608.839|817.645,558.404|807.508,536.428|800.444,507.859|848.059,501.056|984.671,928.364|999.994,1184.71|946.292,1359.83|942.319,1536.57|890.208,913.654|802.515,1055.44|783.468,1303.38|734.792,1475.87|992.717,585.867|968.797,575.982|985.847,550.682|1032.38,546.367|955.585,556.402|942.95,555.739
124|1|938.921,918.197|956.734,815.812|971.58,739.079|991.248,624.111|1005.87,645.564|1077.62,676.985|1113.85,834.675|1085.36,953.433|1073.06,951.456|1070.83,930.599|1038.14,903.081|969.918,640.607|898.432,637.347|812.953,601.676|847.745,548.005|850.511,516.266|857.124,482.76|886.617,484.05|988.405,926.476|1004.86,1180.79|946.038,1355.62|941.126,1533.84|893.97,910.817|809.922,1052.47|784.286,1306.78|732.094,1479.83|999.657,582.131|966.898,575.714|988.161,551.702|1041.37,548.943|958.472,553.45|954.515,546.322
125|1|940.793,911.977|958.726,809.64|973.436,733.01|995.314,617.832|1009.42,639.633|1079.46,674.013|1113.6,831.555|1094.76,952.852|1076.56,950.568|1068.65,931.188|1038.76,904.081|973.746,633.983|902.581,631.561|827.267,597.316|868.163,546.236|872.006,523.522|883.142,504.533|911.686,484.7|990.445,920.754|1004.24,1179.52|943.225,1368.55|936.188,1549.09|895.815,904.166|814.297,1081.47|782.426,1333|728.535,1504.16|1004.7,575.75|986.675,564.099|998.966,537.932|1039.7,530.986|969.539,547.649|951.47,552.592
126|1|948.073,883.224|963.038,807.327|973.887,740.482|986.726,635.953|968.514,651.323|899.014,648.414|815.6,597.493|912.589,593.29|947.663,579.506|981.533,597.53|967.731,609.83|1000.7,655.22|1059.06,670.326|1125.12,796.062|1041.2,724.677|1014.7,687.446|977.39,680.791|1023.6,729.916|905.401,879.82|832.549,848.17|827.277,1014.08|813.844,1027.64|985.998,886.348|944.625,924.995|924.771,1108.7|911.392,1134.44|990.791,596.619|942.4,555.999|947.987,546.11|965.735,569.751|963.29,545.503|1020.05,562.853
127|1|953.795,887.957|969.312,807.007|979.519,738.557|994.087,636.7|976.029,651.407|908.162,647.521|826.989,598.059|910.349,551.039|929.466,515.555|954.385,479.289|945.764,505.553|1007.35,655.764|1063.93,673.788|1116.56,803.968|1052.79,713.502|1018.7,693.199|979.961,673.869|1022.85,729.535|911.534,884.472|840.096,874.22|827.375,1045.81|811.495,1050.58|991.225,891.139|947.971,956.002|924.785,1148.53|913.256,1169.1|998.683,598.291|947.788,570.389|947.362,561.207|963.43,582.248|963.701,555.211|1019.65,557.119
128|1|956.504,889.774|972.852,805.607|983.599,735.807|1003.16,633.664|984.114,647.749|915.513,639.409|841.21,574.926|927.854,520.397|956.398,490.031|993.975,461.517|975.517,488.762|1015.75,653.57|1071.94,673.495|1113.31,809.991|1043.4,766.626|1015.37,728.433|983.269,707.63|1034.76,737.603|913.627,886.054|847.368,923.733|825.443,1107.36|808.234,1111.39|994.39,893.159|955.11,989.935|923.903,1191.9|910.454,1206.54|1009.62,594.771|983.509,568.174|975.652,556.073|966.965,571.019|997.433,553.624|1041.56,557.387
129|1|929.434,913.124|960.95,818.15|985.355,744.662|1011.79,634.06|1023.87,656.149|1089.23,692.52|1152.63,833.611|1167.65,906.513|1200.22,935.51|1203.28,984.219|1144.34,980.651|990.918,647.78|925.926,640.574|852.327,599.957|928.504,529.242|970.463,472.879|1038.15,498.521|981.177,492.466|975.437,928.373|936.519,1184.45|860.901,1355.79|834.869,1508.84|887.654,899.403|797.391,1154.31|717.189,1402.19|672.475,1552.11|1022.73,593.851|1057.12,519.678|1036.74,526.241|1015.26,577.994|1031.44,519.929|986.647,564.068
130|1|938.146,912.314|963.914,812.846|984.18,735.635|1006.61,619.307|1019.77,641.252|1087.25,678.547|1134.39,831.36|1153.96,926.969|1187.27,942.054|1199.28,967.663|1143.96,985.782|985.648,635.352|920.263,636.311|875.049,604.341|963.175,528.745|982.405,487.853|1038.05,476.356|1006.81,513.486|986.189,922.968|963.092,1189.2|889.647,1359.59|872.732,1517.38|894.146,902.692|807.877,1172.08|736.426,1421.49|694.85,1578.3|1017.11,577.025|1039.19,511.712|1018.22,529.112|1001.92,591.271|1014.31,510.511|977.933,537.137
131|1|945.386,908.09|965.546,807.832|981.309,729.971|999.805,613.958|1013,635.028|1079.5,669.633|1129.58,818.428|1160.87,913.616|1189.97,935.265|1201.87,975.667|1144.86,984.24|979.934,630.819|918.57,634.216|886.751,604.684|988.983,528.319|1013.6,480.163|1062.09,480.698|1011.46,501.897|993.313,915.281|991.04,1181.56|925.341,1357.87|916.872,1516.24|901.304,901.608|833.393,1174.87|777.188,1417.36|745.396,1575.36|1009.42,571.771|1014.96,503.62|993.945,522.226|984.663,585.691|992.915,504.639|971.44,536.046
132|1|952.931,908.21|969.437,811.543|982.17,736.22|1001.16,625.185|1013.22,645.238|1077.96,672.795|1131.18,812.753|1159.28,887.463|1185.87,917.465|1204.27,973.613|1147.27,969.587|982.214,641.456|925.513,643.669|897.563,608.15|999.342,535.113|1032.48,489.989|1077.7,488.616|1021.77,496.828|998.78,913.226|1011.45,1171.42|952.471,1349.24|952.087,1503.26|910.682,903.709|856.658,1167|810.865,1386.18|791.193,1539.49|1011.19,584.981|1042.47,524.71|1025.11,542.341|1008.47,601.688|1017.06,523.731|971.814,546.963
133|1|956.067,906.289|972.588,809.663|985.36,734.295|1004.59,623.104|1016.47,643.128|1080.78,670.373|1136.19,809.637|1167.05,881.773|1191.31,913.753|1205.19,973.325|1149.26,964.117|985.709,639.474|930.429,641.567|911.754,607.355|1020.71,535.235|1057.41,488.611|1104.32,488.419|1044.34,490.94|1001.82,911.12|1023.73,1170.3|966.096,1355.06|971.127,1511.39|913.868,901.954|872.531,1167.31|828.652,1385.4|814.463,1540.65|1014.88,582.845|1045.92,521.477|1028.53,539.1|1012.14,598.843|1020.38,520.682|975.123,544.93
134|1|959.478,904.655|975.112,808.015|987.153,732.631|1004.91,621.382|1016.87,641.175|1080.44,668.269|1137.56,806.087|1171.2,877.093|1191.97,910.988|1204.9,971.665|1149.98,959.559|986.4,638.011|932.527,640.668|921.597,607.365|1034.7,534.083|1072.84,485.02|1115.99,487.037|1058.1,485.98|1005.09,908.961|1041.43,1168.27|982.335,1352.01|991.449,1510.07|917.377,900.8|895.651,1162.54|855.866,1380.32|846.152,1539.16|1014.76,581.066|1041.2,518.416|1023.37,536.125|1008.78,596.207|1016.04,518.176|974.456,544.132
135|1|978.054,908.828|983.163,810.408|989.044,734.553|1001.73,621.592|1014.08,640.06|1077.9,660.844|1140.22,798.504|1169.83,885.673|1194.59,912.64|1202.83,966.01|1150.32,959.792|984.315,640.362|932.214,649.037|946.324,608.481|1065.54,525.355|1122.26,498.176|1159.05,491.676|1102.35,484.808|1022.94,906.109|1089.25,1161.16|1034.32,1340.11|1055.25,1498.73|936.223,911.48|919.171,1172.18|893.05,1387.14|889.878,1549.4|1010.45,580.49|1047.73,513.788|1033.18,532.121|1017.93,594.434|1020.97,514.249|968.366,543.159
136|1|986.941,918.582|988.129,817.375|991.1,739.461|999.178,623.221|1012.33,641.589|1078.76,659.884|1145.95,799.092|1182.33,899.379|1199.24,918.812|1199.55,959.945|1150.75,958.936|982.423,643.162|931.636,652.333|962.019,607.442|1082.25,519.95|1147.89,497.518|1207.43,501.549|1137.98,501.14|1032.66,913.676|1122.53,1170.22|1072.02,1360.37|1101.73,1521.45|944.253,923.287|942.545,1200.56|921.091,1421.45|926.237,1585.07|1006.42,580.786|1046.23,513.719|1032.76,533.217|1017.72,596.896|1019.1,514.612|963.712,543.346
137|1|992.218,925.677|991.349,823.295|994.368,745.57|1002.46,627.919|1015.5,646.538|1082.05,664.846|1154.21,803.396|1196.74,909.158|1202.47,924.944|1196.9,956.392|1151.9,956.608|985.775,648.013|935.288,655.741|969.88,606.656|1093.86,518.254|1157.26,498.84|1231.51,517.923|1167.82,506.759|1038.03,919.709|1143.27,1173.23|1096.49,1375.45|1133.56,1537.89|949.397,931.38|961.712,1212.84|938.4,1428.09|948.383,1591.12|1009.84,585.03|1047.59,517.637|1033.33,537.371|1018.76,601.475|1020.24,518.646|966.208,547.593
138|1|993.642,925.096|992.177,823.899|994.993,746.827|1004.26,629.827|1016.83,648.487|1082.92,666.84|1156.28,803.862|1199.53,908.811|1202.86,925.343|1198.77,956.915|1153.4,954.691|987.661,649.633|938.289,655.837|972.878,607.126|1101.57,520.333|1165.71,508.784|1230.28,533.138|1167.26,508.984|1037.94,917.792|1149.27,1164.15|1106.89,1373.95|1152.01,1532.78|952.038,932.075|978.678,1211.23|950.091,1422.37|966.246,1582.67|1012.16,587.247|1047.69,520.519|1032.6,539.983|1018.08,603.561|1020.52,521.341|968.6,549.852
139|1|993.653,925.098|992.191,823.899|995.011,746.827|1004.3,629.825|1016.86,648.487|1082.95,666.846|1156.29,803.876|1199.56,908.835|1202.9,925.372|1198.82,956.951|1153.43,954.718|987.691,649.63|938.33,655.827|972.992,607.126|1101.74,520.35|1165.94,508.818|1230.58,533.168|1167.53,509.054|1037.95,917.794|1149.3,1164.15|1106.92,1373.96|1152.06,1532.79|952.049,932.076|978.716,1211.24|950.115,1422.37|966.283,1582.67|1012.2,587.245|1047.74,520.523|1032.65,539.986|1018.13,603.564|1020.58,521.341|968.644,549.843
140|1|993.01,928.526|992.114,826.784|994.799,749.067|1004.69,630.992|1017.24,650.187|1083.91,669.115|1158.1,806.574|1206.56,912.499|1207.27,930.923|1204.58,964.44|1152.76,955.753|987.915,650.502|938.48,654.766|980.248,612.05|1110.12,530|1185.41,517.846|1233.25,539.28|1183.66,519.34|1038.1,921.645|1150.57,1170.53|1112.08,1387.78|1159.91,1547.24|950.749,935.098|975.948,1218.85|945.961,1426.11|961.022,1585.71|1012.77,588.101|1052.95,523.929|1038.81,543.884|1022.66,607.067|1025.85,524.391|970.695,550.196
141|1|993.498,928.612|991.151,827.79|992.763,750.533|1002.87,632.489|1015.06,651.865|1081.37,671.393|1158.27,806.582|1212.82,910.595|1211.01,929.261|1208.73,961.99|1158.27,950.939|986.381,651.717|939.005,654.35|984.958,614.195|1117.36,540.366|1188.24,517.506|1244.36,543.26|1187.21,522.92|1037.7,920.278|1145.81,1168.49|1114.98,1393.54|1166.27,1550.99|951.951,936.565|976.352,1221.25|943.139,1420.77|958.993,1577.46|1011.12,589.681|1041.79,525.605|1025.47,545.398|1011.74,608.236|1015.12,526.251|967.54,552.573
142|1|992.423,922.961|991.806,824.238|995.06,748.88|1004.92,632.354|1017,651.297|1081.3,671.377|1157.17,804.674|1217.71,906.742|1213.87,925.135|1211.09,956.041|1165.56,945.735|988.621,651.587|942.105,655.212|988.737,619.96|1120.06,548.31|1189.04,524.295|1249.35,543.759|1193.28,535.888|1036.56,915.773|1141.54,1160.03|1108.96,1375.34|1157.39,1532.03|951.079,929.813|964.521,1204.25|935.189,1394.97|943.996,1552.29|1013.06,590.059|1048.68,526.389|1033.77,546.013|1018.96,608.387|1021.97,526.992|970.547,553.034
143|1|995.44,922.723|994.073,823.418|997.133,748.32|1006.28,632.134|1018.76,650.76|1082.7,670.094|1154.88,805.611|1212.86,913.539|1213.37,924.735|1212.38,956.742|1163.29,947.509|989.828,651.663|940.878,656.554|988.731,625.037|1120.76,559.438|1190.42,526.322|1251.12,544.392|1193.4,540.829|1040.46,916.294|1150.85,1157.57|1111.74,1363.39|1154.6,1524.93|953.442,928.842|955.593,1184.61|936.726,1373.3|938.194,1535.21|1014.07,589.888|1052.55,524.894|1038.58,544.417|1023.44,607.241|1025.69,525.605|971.809,552.702
144|1|997.874,922.202|994.207,823.818|995.808,749.269|1005.91,634.103|1017.86,652.445|1080.66,672.046|1149.25,808.16|1203.77,917.829|1210.68,923.836|1212.98,955.565|1161.46,948.393|989.64,653.622|942.963,658.263|995.066,632.575|1130.92,572.697|1200.7,539.437|1264.56,557.298|1199.45,554.346|1041.73,913.99|1159.6,1146.16|1121.12,1353.53|1167.17,1513.76|956.819,930.007|977.581,1182.08|954.509,1367.89|960.055,1528.66|1014.19,592.263|1053.23,527.469|1039.04,546.565|1023.22,609.029|1026.44,527.831|972.483,554.631
145|1|990.258,918.396|990.77,822.06|995.548,748.978|1008.22,636.874|1019.27,654.808|1079.15,673.748|1145.13,807.212|1194.06,917.454|1207.17,921.972|1214.46,954.138|1161.11,948.439|992.011,655.829|946.258,660.33|995.619,637.644|1128.21,583.006|1204.81,563.827|1231.55,583.971|1197.69,564.303|1032.75,911.87|1154.65,1132.53|1111.3,1335.55|1159.85,1489.89|950.41,924.623|991.755,1166.54|958.558,1355.46|968.737,1513.05|1017.48,596.256|1053.32,531.746|1037.76,549.652|1021.7,610.841|1026.95,531.62|976.44,558.579
146|1|985.442,921.214|986.745,822.768|993.389,748.782|1007.32,636.952|1017.96,654.826|1077.34,671.162|1145.5,803.173|1190.53,910.756|1203.62,921.005|1217.95,958.129|1159.37,950.861|991.081,655.897|945.88,661.172|996.437,647.51|1133.11,599.302|1202.43,579.814|1251.38,603.473|1204.86,599.061|1027.15,915.292|1165.51,1119.44|1106.75,1315.46|1155.69,1470.11|946.133,926.9|1004.63,1132.03|969.343,1333.28|985.208,1496.2|1017.15,596.472|1065.92,535.475|1053.46,553.547|1033.16,614.021|1040.02,534.181|980.756,556.846
147|1|986.492,921.257|987.729,822.932|994.478,749.1|1008.46,637.472|1019.08,655.167|1078.32,671.181|1145.95,803.522|1189.92,910.996|1203.23,920.957|1217.74,957.363|1159.61,950.319|992.203,656.573|946.987,663.16|998.4,655.28|1136.54,609.354|1208.49,592.144|1264.53,620.123|1208.34,623.812|1028.12,915.188|1166.71,1117.22|1107.89,1312.89|1157.3,1467.84|947.252,927.083|1005.48,1129.53|973.25,1340.22|990.294,1505.48|1018.35,597.051|1068.7,534.897|1057.64,553.056|1037.88,614.043|1043.07,533.866|982.488,557.579
148|1|998.897,921.699|994.887,824.022|998.541,751.427|1009.53,642.142|1021.85,658.407|1088.53,669.996|1180.93,792.003|1225.68,892.575|1214.69,922.473|1206.59,970.85|1164.3,944.024|992.609,662.238|943.493,671.209|996.139,662.975|1141.97,629.382|1222.77,633.989|1257.26,654.237|1212.96,643.399|1041.2,913.553|1168.17,1089.09|1115.91,1260.79|1158.54,1416.24|959.181,929.457|923.893,978.066|942.844,1204.43|943.402,1362.84|1017.99,602.403|1059.6,561.135|1066.49,552.094|1065.07,582.294|1040.84,544.397|984.963,555.721
149|1|1006.88,926.869|1001.54,824.517|1004.09,748.244|1015.27,633.83|1028.26,651.272|1098.04,668.43|1196.86,795.183|1253.28,897.204|1226.64,933.829|1198.52,985.506|1171.15,942.038|997.587,654.413|944.709,665.414|995.621,670.078|1144.33,632.509|1229.64,639.406|1273.61,683.198|1231.27,669.312|1051.13,918.448|1202.59,1104.97|1137.28,1292.91|1184.97,1458.17|965.321,934.9|1002.39,1104.94|989.501,1321.46|1001.27,1497.29|1023.84,592.115|1054.66,588.657|1063.94,563.496|1072.3,558.812|1034.47,565.329|982.23,555.71
150|1|1023,941.386|1007.49,832.356|1002.53,751.486|1011.68,634.332|1026.53,652.118|1101.65,667.575|1206.42,798.243|1252,898.054|1228.03,955.726|1188.15,1008.81|1167.65,942.462|992.911,655.596|934.937,669.192|991.988,675.782|1150.7,642.96|1231.67,646.233|1281.8,711.871|1221.5,677.035|1070.76,930.835|1219.26,1076.87|1171.05,1276.21|1222.05,1455.19|978.358,951.391|938.602,991.436|984.062,1237.8|993.174,1419.21|1019.07,591.512|1046.37,594.9|1053.7,565.146|1064.92,550.706|1022.87,572.22|970.292,562.246
151|1|1022.34,939.973|1006.98,830.893|1002.26,750.033|1012.08,633.005|1026.85,650.805|1102.37,668.038|1205.48,800.433|1246.76,899.622|1223.36,960.179|1183.44,1017.37|1163.77,944.275|993.15,654.241|934.972,668.17|992.192,678.117|1151.68,646.992|1233.95,651.109|1286.33,717.556|1218.35,688.236|1070.14,929.463|1218.79,1058.3|1177.42,1273.1|1236.1,1454.34|977.651,949.94|938.723,940.091|983.852,1180.52|993.351,1351.16|1019.74,590.228|1050.9,595.099|1060.29,566.408|1069.58,554.093|1029.31,570.246|975.059,555.787
152|1|1022.2,939.833|1006.89,830.79|1002.24,749.975|1012.28,633.052|1027,650.835|1102.51,668.18|1205.36,800.804|1246.05,899.739|1222.42,960.229|1182.2,1017.27|1163.01,944.344|993.323,654.277|935.241,668.247|993.264,679.349|1153.37,648.824|1236.28,653.703|1289.42,721.206|1220.41,692.424|1069.98,929.32|1218.93,1055.89|1178.38,1272.7|1238.22,1453.97|977.532,949.805|946.515,943.068|988.519,1178.48|1000.69,1348|1020.04,590.317|1052.38,596.075|1061.75,567.315|1070.19,554.577|1030.89,570.981|975.936,555.666
153|1|1009.87,925.646|997.53,822.313|996.063,746.614|1011.92,636.272|1025.17,653.363|1097.16,674.249|1192.69,805.616|1239.41,913.104|1217.23,973.061|1180.58,1030.63|1159.89,944.367|992.481,656.098|935.863,670.03|1001.92,684.897|1155.45,664.835|1234.78,695.932|1267.38,765.071|1223.45,706.661|1055.46,915.714|1214.68,1023.25|1167.46,1240.28|1232.21,1406.09|967.261,935.056|1007.36,963.658|1008.12,1184.73|1019.72,1345.64|1021.85,596.198|1056.12,587.569|1059.46,560.448|1063.45,553.624|1031.02,568.013|974.292,567.947
154|1|1009.57,925.173|997.148,821.617|995.699,745.793|1011.39,635.302|1024.72,652.328|1097.08,672.3|1192.45,804.445|1238.15,912.404|1215.95,973.086|1179.16,1031.71|1158.98,945.705|991.907,655.27|935.087,669.864|1001.67,686.426|1155.99,666.289|1236.6,696.696|1271.95,767.382|1222.15,710.265|1055.26,915.125|1214.62,1018.16|1167.78,1233.81|1234.28,1398.36|966.861,934.695|1006.26,944.517|1009.58,1145.71|1024.82,1298.59|1021.28,595.151|1052.5,595.09|1060.47,567.473|1068.73,557.946|1030.4,571.884|976.407,561.961
155|1|1009.59,925.365|997.126,821.692|995.691,745.811|1011.3,635.271|1024.67,652.26|1097.18,671.997|1192.57,804.497|1237.99,912.729|1215.63,973.548|1178.61,1032.32|1158.72,946.265|991.801,655.305|934.886,670.245|1001.64,687.837|1156.28,667.936|1237.34,698.398|1273.77,769.872|1222.19,713.007|1055.33,915.265|1214.99,1017.4|1168.06,1232.38|1235.16,1396.56|966.829,934.937|1004.61,943.874|1008.49,1130.42|1024.47,1279.49|1021.18,595.096|1053.37,596.39|1061.54,568.612|1069.22,558.449|1031.46,572.741|976.88,561.472
156|1|1028.59,922.055|1004.99,819.37|996.947,743.297|1006.41,633.308|1020.39,649.143|1092.47,665.341|1187.81,794.076|1227.27,907.219|1210.2,969.45|1176.35,1030.84|1155.61,949.587|988.35,654.374|934.598,674.152|1004.16,694.366|1158.72,677.671|1235.8,698.088|1278.65,778.042|1222.03,721.535|1072.53,907.71|1219.47,982.469|1199.38,1190.37|1277.46,1344.28|987.319,935.66|995.515,928.711|1073.38,1156.21|1108.32,1312.81|1014.12,593.122|1046.71,594.427|1052.54,565.811|1058.8,553.205|1023.26,572.494|967.962,563.93
157|1|1028.64,922.049|1005.06,819.363|997.037,743.296|1006.59,633.327|1020.55,649.165|1092.61,665.388|1187.89,794.207|1227.31,907.393|1210.16,969.532|1176.28,1030.78|1155.4,949.538|988.513,654.384|934.769,674.161|1004.41,694.546|1159.05,677.996|1236.17,698.449|1279.28,778.344|1222.45,721.937|1072.57,907.711|1219.7,982.086|1199.74,1190.28|1278.1,1344.07|987.369,935.648|995.577,928.459|1072.19,1152.12|1107.23,1307.73|1014.33,593.151|1048.14,594.826|1054.09,566.318|1059.52,553.867|1024.89,572.583|968.928,563.292
158|1|1028.64,922.049|1005.06,819.363|997.038,743.296|1006.59,633.327|1020.55,649.166|1092.61,665.389|1187.89,794.209|1227.31,907.396|1210.16,969.534|1176.28,1030.78|1155.4,949.538|988.515,654.384|934.771,674.161|1004.41,694.548|1159.05,678.001|1236.17,698.454|1279.28,778.349|1222.45,721.942|1072.57,907.711|1219.7,982.082|1199.74,1190.28|1278.1,1344.07|987.369,935.648|995.578,928.457|1072.18,1152.07|1107.22,1307.67|1014.33,593.151|1048.16,594.831|1054.1,566.324|1059.53,553.874|1024.91,572.584|968.938,563.285
159|1|1028.64,922.049|1005.06,819.363|997.038,743.296|1006.59,633.327|1020.55,649.166|1092.61,665.389|1187.89,794.209|1227.31,907.396|1210.16,969.534|1176.28,1030.78|1155.4,949.538|988.515,654.384|934.771,674.161|1004.41,694.548|1159.05,678.001|1236.17,698.454|1279.28,778.349|1222.45,721.942|1072.57,907.711|1219.7,982.082|1199.74,1190.28|1278.1,1344.07|987.369,935.648|995.578,928.457|1072.18,1152.07|1107.22,1307.67|1014.33,593.151|1048.16,594.831|1054.1,566.324|1059.53,553.874|1024.91,572.584|968.938,563.285
160|1|1028.64,922.049|1005.06,819.363|997.038,743.296|1006.59,633.327|1020.55,649.166|1092.61,665.389|1187.89,794.209|1227.31,907.396|1210.16,969.534|1176.28,1030.78|1155.4,949.538|988.515,654.384|934.771,674.161|1004.41,694.548|1159.05,678.001|1236.17,698.454|1279.28,778.349|1222.45,721.942|1072.57,907.711|1219.7,982.082|1199.74,1190.28|1278.1,1344.07|987.369,935.648|995.578,928.457|1072.18,1152.07|1107.22,1307.67|1014.33,593.151|1048.16,594.831|1054.1,566.324|1059.53,553.874|1024.91,572.584|968.938,563.285
161|1|1028.64,922.049|1005.06,819.363|997.038,743.296|1006.59,633.327|1020.55,649.166|1092.61,665.389|1187.89,794.209|1227.31,907.396|1210.16,969.534|1176.28,1030.78|1155.4,949.538|988.515,654.384|934.771,674.161|1004.41,694.548|1159.05,678.001|1236.17,698.454|1279.28,778.349|1222.45,721.942|1072.57,907.711|1219.7,982.082|1199.74,1190.28|1278.1,1344.07|987.369,935.648|995.578,928.457|1072.18,1152.07|1107.22,1307.67|1014.33,593.151|1048.16,594.831|1054.1,566.324|1059.53,553.874|1024.91,572.584|968.938,563.285
162|1|1028.64,922.049|1005.06,819.363|997.038,743.296|1006.59,633.327|1020.55,649.166|1092.61,665.389|1187.89,794.209|1227.31,907.396|1210.16,969.534|1176.28,1030.78|1155.4,949.538|988.515,654.384|934.771,674.161|1004.41,694.548|1159.05,678.001|1236.17,698.454|1279.28,778.349|1222.45,721.942|1072.57,907.711|1219.7,982.082|1199.74,1190.28|1278.1,1344.07|987.369,935.648|995.578,928.457|1072.18,1152.07|1107.22,1307.67|1014.33,593.151|1048.16,594.831|1054.1,566.324|1059.53,553.874|1024.91,572.584|968.938,563.285
163|1|1028.64,922.049|1005.06,819.363|997.038,743.296|1006.59,633.327|1020.55,649.166|1092.61,665.389|1187.89,794.209|1227.31,907.396|1210.16,969.534|1176.28,1030.78|1155.4,949.538|988.515,654.384|934.771,674.161|1004.41,694.548|1159.05,678.001|1236.17,698.454|1279.28,778.349|1222.45,721.942|1072.57,907.711|1219.7,982.082|1199.74,1190.28|1278.1,1344.07|987.369,935.648|995.578,928.457|1072.18,1152.07|1107.22,1307.67|1014.33,593.151|1048.16,594.831|1054.1,566.324|1059.53,553.874|1024.91,572.584|968.938,563.285
164|1|1028.64,922.049|1005.06,819.363|997.039,743.295|1006.59,633.327|1020.55,649.165|1092.61,665.388|1187.89,794.208|1227.31,907.395|1210.16,969.532|1176.28,1030.77|1155.4,949.536|988.515,654.383|934.772,674.16|1004.41,694.547|1159.05,677.998|1236.17,698.45|1279.29,778.343|1222.46,721.94|1072.57,907.711|1219.71,982.079|1199.75,1190.28|1278.11,1344.06|987.369,935.648|995.577,928.455|1072.17,1152.07|1107.21,1307.67|1014.33,593.151|1048.16,594.831|1054.1,566.324|1059.53,553.875|1024.91,572.583|968.94,563.283
165|1|1023.56,922.954|1001.84,817.737|995.411,740.299|1005.4,628.126|1019.86,644.45|1094.77,661.5|1189.91,794.105|1226.38,904.818|1208,973.066|1173.11,1042.91|1154.77,949.329|986.672,649.484|931.242,670.357|1001.04,689.229|1156.91,664.052|1226.12,686.697|1294.22,752.347|1254.82,737.359|1068.99,909.381|1229.93,960.965|1197.01,1184.99|1277.99,1342.81|980.914,935.83|1000.65,928.651|1033.97,1152.51|1062.91,1311.14|1013.28,587.069|1036.22,599.159|1055.79,575.855|1072.58,569.582|1024.61,568.816|981.403,539.048
166|1|1012.85,928.828|997.635,821.4|995.122,742.627|1009.05,628.514|1023.1,646.002|1097.78,666.212|1191.49,800.435|1227.42,907.769|1209.87,978.821|1175.89,1052.81|1157.29,952.846|989.421,649.246|932.384,667.528|997.942,685.399|1157.52,653.436|1229.5,680.153|1293.31,728.691|1245.45,744.343|1059.67,918.126|1242.65,993.777|1193.46,1227.41|1270.86,1395.04|968.97,938.995|1037.85,1013.65|1031.12,1240.43|1058.17,1415.21|1018.34,586.863|1042.98,594.409|1053.23,564.612|1067.68,549.372|1021.31,569.585|970.857,554.248
167|1|1007.46,938.405|996.057,827.83|994.981,746.463|1009.8,629.133|1024.16,647.771|1099.79,672.579|1190.33,809.004|1230.73,915.918|1211.75,990.927|1183.17,1073.19|1157.44,952.199|989.628,649.647|930.96,667.486|995.099,682.665|1150.35,643.424|1225.43,666.033|1289.51,713.839|1240.21,737.754|1056.15,929.895|1250,1042.26|1193.7,1287.28|1269.3,1466.55|961.942,946.506|1034.37,1075.52|1018.98,1316.54|1042.98,1505.37|1019.22,586.334|1041.25,592.686|1049.64,561.709|1065.38,544.515|1017.69,569.514|968.016,557.896
168|1|1008.54,938.805|996.794,828.336|995.305,746.988|1009.34,629.666|1023.87,648.29|1100.14,672.233|1190.31,808.103|1223.95,909.374|1209.42,986.981|1183.03,1072.87|1159.18,951.784|989.285,650.172|930.475,666.93|993.329,679.584|1150.09,639.622|1228.14,657.857|1278.46,705.398|1248.05,713.106|1057.26,930.28|1237.27,1053.67|1186.73,1295.43|1257.98,1477.56|963.03,946.916|959.366,1030.87|980.267,1291.3|990.761,1483.44|1018.38,586.861|1034.68,591.078|1046.61,561.794|1067.53,548.988|1013.83,566.513|969.013,553.439
169|1|1025.86,953.34|1006.15,838.023|1000.58,752.402|1009.82,626.288|1024.36,646.268|1096.71,668.103|1198.01,798.55|1246.71,885.805|1225.93,946.094|1200.63,1028.53|1158.29,949.491|991.211,647.901|935.993,662.762|988.539,669.912|1139.94,622.684|1223.98,640.235|1313.61,687.475|1248.81,713.242|1073.88,940.931|1264.03,1075.71|1221,1342.39|1306.03,1531.09|980.452,965.224|1032.89,1114.43|1041.1,1388.56|1071.3,1592.78|1017.72,580.227|1036.4,581.569|1049.42,553.438|1069.24,544.433|1016.36,556.22|970.241,543.265
170|1|1025.1,952.44|1006.15,836.943|1000.85,751.1|1010.91,624.677|1025.22,644.933|1097.27,668.339|1204.05,798.056|1265.39,885.554|1240.64,936.713|1207.02,1008.13|1170.85,940.699|992.256,646.059|937.313,660.301|986.494,664.403|1138.31,615.295|1219.88,625.433|1304.14,683.565|1245.97,707.717|1073.12,940.312|1273.29,1098.66|1239.27,1382.09|1330.26,1569.33|979.673,964.062|1062.63,1155.4|1059.23,1439.5|1098.1,1643.58|1019.15,578.541|1032.7,589.245|1043.83,557.851|1066.59,538.488|1010.81,564.775|967.115,549.024
171|1|1023.44,953.56|1005.23,837.448|999.997,751.049|1009.83,624.172|1024.17,644.544|1097.07,668.201|1207.59,796.217|1277.38,884.659|1248.58,932.144|1210.94,998.231|1179.92,934.802|991.221,645.555|936.34,660.245|984.36,662.966|1135.21,611.89|1213.93,619.357|1298.62,679.212|1245.47,700.598|1071.68,941.767|1276.4,1116.5|1247.98,1409.57|1342.88,1597.04|977.809,964.869|1070.36,1179.87|1063.13,1471.13|1106.75,1677.47|1018,577.877|1028.88,589.761|1039.04,557.556|1063.21,535.771|1006.2,566.137|964.003,551.238
172|1|1000.86,945.772|994.167,831.563|996.338,747.063|1010.9,622.354|1024.55,642.87|1096.04,668.036|1205.6,795.626|1279.02,887.013|1251.82,931.427|1212.89,993.124|1183.14,932.745|991.442,642.951|934.77,656.841|977.644,663.053|1127.74,614.966|1203.71,618.711|1294.3,672.608|1240.93,691.389|1049.97,938.653|1241.84,1132.4|1210.72,1422.87|1303.64,1603.66|954.683,952.615|1042.7,1189.84|1022.54,1481.5|1057.93,1682.2|1020.69,576.93|1030.13,587.774|1039.26,555.436|1063.79,533.186|1006.87,565.229|965.63,552.446
173|1|994.106,943.062|990.271,829.783|994.524,746.331|1009.75,622.847|1023.32,643.089|1094.43,668.084|1202.83,796.763|1273.85,887.476|1252.4,931.194|1213.5,991.594|1181.91,933.282|990.155,643.393|933.58,657.633|972.575,663.273|1119.71,615.072|1198.57,618.363|1291,671.252|1220.37,647.225|1043.52,937.468|1222.91,1132.7|1179.28,1404.37|1260.06,1587.18|947.774,948.454|1003.48,1147.18|989.106,1431.28|1011.14,1631.19|1019.75,577.862|1024.33,586.932|1035.14,555.25|1063.54,535.191|1002.37,563.964|964.885,551.401
174|1|988.312,935.644|988.406,825.472|994.266,743.768|1009.67,622.758|1022.87,642.58|1092.75,665.745|1200.48,791.174|1264.96,878.684|1252.8,923.788|1219.32,985.69|1183.75,931.655|990.393,642.924|935.046,658.05|963.608,662.61|1106.01,616.714|1187.66,606.932|1281.52,649.404|1193.01,631.833|1037.07,931.702|1197.49,1144.67|1152.43,1406.98|1224.05,1586.71|942.725,939.472|990.776,1183.19|969.154,1458.07|988.388,1649.22|1019.69,578.693|1020.34,585.206|1031.88,554.646|1062.63,536.885|999.594,562.783|965.662,551.774
175|1|976.73,927.441|982.113,820.378|992.869,742.053|1015.13,626.469|1026.9,645.44|1094.46,665.659|1199.79,792.193|1244.57,872.126|1250.33,921.621|1219.06,979.537|1181.01,930.663|994.935,645.947|939.987,659.925|953.631,662.756|1098.36,619.037|1182.46,603.507|1276.24,646.101|1182.75,625.701|1024.6,925.907|1166.88,1103.64|1105.86,1329.37|1163.85,1509.43|932.048,929.008|922.096,1036.05|915.615,1295.49|915.352,1483.7|1027.92,584.563|1010.42,590.305|1016.54,557.856|1054.87,532.607|987.995,574.177|967.574,572.724
176|1|981.492,927.828|983.153,819.549|991.333,740.851|1009.91,623.202|1023.06,642.668|1092.37,663.9|1196.06,792.774|1244.16,872.348|1252.08,923.734|1217.36,981.833|1179.83,931.869|989.675,642.809|930.903,655.363|938.133,662.695|1078.45,618.922|1162.34,597.332|1260.67,624.744|1168.77,632.607|1030.4,925.366|1152.65,1105.68|1095.46,1318.34|1142.72,1503.2|935.984,930.26|890.566,1039.65|899.858,1304.54|889.456,1494.14|1020.84,580.393|1008.11,587.071|1019.89,555.811|1059.04,535.893|988.292,565.877|964.167,556.786
177|1|976.594,926.076|981.34,817.633|991.654,738.804|1011.8,622.243|1024.54,641.741|1092.94,664.252|1194.74,793.448|1235.88,873.401|1250.01,923.792|1219.32,977.013|1178.8,933.018|991.451,641.455|932.007,651.508|923.575,664.082|1062.5,626.431|1142.49,588.644|1231.26,616.657|1154.5,617.451|1025.67,925.905|1153.4,1084.78|1083.07,1297.21|1126.26,1483.26|931.007,926.375|917.217,1009.73|911.604,1270.32|898.041,1455.69|1023.32,579.878|1002.96,584.391|1017.5,554.324|1062.34,537.59|985.969,562.516|968.341,553.155
178|1|976.394,925.782|981.079,817.323|991.332,738.487|1011.1,621.903|1023.95,641.357|1092.56,663.734|1194.26,793.104|1234.81,873.735|1248.98,924.118|1218.67,977.487|1177.93,933.5|990.768,641.177|930.974,651.543|920.261,664.106|1057.71,626.492|1136.99,587.377|1225,617.974|1152.33,614.883|1025.51,925.595|1150.02,1081.94|1081.33,1295.4|1123.67,1482.04|930.777,926.096|908.396,1005.17|906.425,1267.95|890.521,1452.98|1022.45,579.511|1002.67,582.541|1017.72,552.899|1062.47,537.746|985.974,560.525|967.996,551.658
179|1|975.652,911.28|981.729,807.59|991.42,731.879|1010.91,618.4|1023.44,637.048|1088.5,659.927|1189.03,784.881|1229.46,868.003|1241.75,912.401|1223.51,964.316|1183.01,925.872|990.972,637.55|933.937,652.166|907.603,668.82|1041.84,634.083|1112.19,583.954|1197.08,617.889|1133.51,607.014|1024.09,911.54|1135.12,1091.37|1074.85,1306.06|1114.14,1487.44|930.93,911.174|930.808,1099.54|914.209,1333.48|901.663,1511.67|1022.22,577.116|1001.05,581.919|1014.88,551.966|1059.54,534.477|984.05,560.75|967.363,551.961
180|1|977.065,909.08|982.911,805.129|991.104,729.705|1009.76,616.855|1022.78,635.396|1087.04,654.88|1183.73,779.19|1218.28,856.271|1234.29,899.359|1225.56,951.447|1187.62,915.395|989.663,635.96|931.175,650.665|891.281,673.394|1023.75,641.867|1093.07,591.933|1178.53,611.929|1115.32,611.825|1026.68,910.75|1095.62,1056.51|1055.44,1256.9|1083.17,1436.92|931.691,907.69|827.369,963.376|863.546,1197.22|827.17,1357.34|1020.56,575.752|997.365,585.452|1011.49,554.843|1057.59,534.26|980.735,563.305|965.604,550.6
181|1|978.56,898.113|984.627,797.47|992.346,725.184|1001.73,616.99|1016.96,633.59|1090.95,646.633|1194.66,768.37|1198.83,855.412|1245.14,910.788|1226.44,954.754|1179.07,931.803|982.666,636.738|920.733,655.406|873.739,680.594|1002.7,654.009|1071.26,608.426|1153.24,616.125|1091.65,631.095|1027.2,900.408|1079.36,1034.27|1044.97,1217.52|1068.39,1386.38|934.278,896.154|826.023,934.534|860.548,1163.95|826.052,1313.14|1008.35,577.42|991.544,584.25|1007.33,555.297|1050.14,539.545|975.731,561.015|956.337,547.673
182|1|975.697,903.297|982.246,802.009|990.062,729.391|999.736,621.217|1015.23,637.953|1090.53,651.028|1197.96,773.375|1187.76,854.496|1237.84,902.377|1223.39,955.271|1179.2,939.921|980.357,640.837|916.558,659.003|861.632,684.712|990.154,660.492|1059.03,616.283|1136.92,626.565|1082.18,631.998|1024.69,905.928|1075.24,1026.52|1038.22,1206.46|1059.85,1374.85|931.144,901.037|839.265,933.94|869.191,1159.42|839.023,1309.53|1006.31,581.712|989.932,585.363|1005.05,556.317|1047.41,541.783|973.384,563|953.282,552.876
183|1|974.453,909.255|983.181,806.497|988.833,731.421|998.84,624.276|1015.59,641.94|1094.16,660.267|1197.28,794.72|1171.03,879.183|1235.96,917.856|1208.95,994.757|1182.77,968.601|978.34,642.74|909.006,658.999|841.467,691.037|967.233,672.229|1038.35,629.129|1110.99,627.37|1058.29,644.813|1024.89,915.358|1051.19,1022.87|1022.39,1207.16|1028.16,1382.07|929.409,903.941|811.875,928.162|854.326,1148.13|809.925,1293.52|1004.45,585.243|990.052,582.566|1003.09,552.966|1043.73,540.141|971.14,562.305|948.339,559.282
184|1|976.512,907.589|983.375,806.655|987.54,734.505|996.12,626.685|1013.19,644.167|1091.13,659.782|1193.73,793.825|1164.73,873.953|1229.26,913.088|1206.85,992.098|1176.69,964.779|975.767,645.563|905.961,662.715|834.492,696.126|958.912,680.122|1031.63,638.851|1082.79,631.448|1053.9,649.077|1026.58,912.726|1017.19,1025.28|1008.5,1202.76|1010.98,1373.59|931.756,903.133|775.542,919.549|831.795,1133.06|777.377,1268.07|1001.23,587.397|978.577,584.729|1001.97,559.935|1051.53,557.69|968.905,558.541|955.793,544.981
185|1|976.453,907.607|983.31,806.696|987.465,734.566|996.014,626.792|1013.09,644.263|1090.96,659.958|1192.56,794.718|1162.46,874.44|1225.8,915.565|1198.6,991.656|1169.96,964.564|975.669,645.665|905.862,662.847|834.227,696.438|958.416,680.552|1031.22,639.519|1081.61,633.043|1053.63,650.175|1026.51,912.741|1016.97,1025.33|1008.35,1202.58|1010.75,1373.3|931.708,903.154|775.522,918.971|832.088,1132.06|777.782,1266.89|1001.11,587.522|978.423,584.839|1001.76,560.012|1051.33,557.708|968.709,558.688|955.599,545.204
186|1|969.56,895.354|975.645,796.423|980.93,730.695|995.064,622.147|1010.13,640.047|1077.44,657.119|1173.43,784.557|1170.88,849.574|1208.22,901.529|1200.74,982.138|1169.69,946.599|974.683,640.659|906.831,656.854|819.44,705.766|931.094,700.904|1003.06,662.65|1076.01,674.348|1021.29,691.552|1018.26,898.7|1001.48,971.817|994.846,1144.37|1007.54,1296.69|925.649,892.466|780.377,867.894|895.741,979.919|873.457,1094.94|1002.95,582.609|983.68,585.008|1000.06,556.584|1044.63,543.802|968.395,562.328|950.851,552.193
187|1|969.453,895.47|975.526,796.547|980.785,730.848|994.824,622.355|1009.92,640.236|1077.33,657.405|1172.28,785.672|1166.29,848.153|1195.62,901.86|1176.46,977.129|1141.77,938.145|974.448,640.872|906.528,657.177|818.583,706.66|929.424,702.171|1001.64,664.378|1073.64,677.784|1019.27,693.527|1018.15,898.813|1001.06,971.761|994.629,1144.11|1007.2,1296.37|925.546,892.585|780.37,868.153|894.771,982.003|871.849,1097.23|1002.66,582.839|983.007,585.04|999.447,556.641|1044.27,543.98|967.798,562.395|950.558,552.414
188|1|968.88,897.573|974.881,798.735|979.955,733.189|993.291,625.039|1008.57,642.816|1076.64,659.982|1168.92,790.319|1145.36,842.851|1134.86,890.624|1065.53,912.068|1066.88,878.078|972.998,643.548|904.719,660.444|812.899,712.697|918.57,709.523|990.352,671.828|1048.98,703.813|1008.43,699.607|1017.52,900.917|1004.85,973.508|994.166,1143.76|1006.98,1296.36|925.041,894.689|813.951,919.674|893.777,1029.39|872.388,1150.68|1000.77,585.67|978.004,581.43|995.685,554.484|1042.69,546.822|964.189,559.606|949.792,553.772
189|1|968.803,897.625|974.79,798.815|979.839,733.293|993.104,625.195|1008.39,642.959|1076.5,660.257|1167.87,791.192|1142.88,842.762|1130.29,888.679|1059.56,905.541|1062.18,872.348|972.823,643.7|904.532,660.641|812.456,713.149|917.642,710.077|989.376,672.424|1047.38,704.984|1007.35,700.245|1017.43,900.964|1004.78,973.531|994.08,1143.71|1006.88,1296.25|924.978,894.744|814.549,920.56|893.722,1030.34|872.353,1151.72|1000.55,585.846|977.506,581.615|995.21,554.671|1042.37,546.987|963.748,559.808|949.58,553.984
190|1|968.367,899.152|974.139,801.074|978.799,736|991.062,629.019|1006.47,646.578|1074.94,664.602|1154.77,801.61|1110.64,848.7|1069.54,893.463|1000.58,916.355|1030.7,846.537|971.046,647.34|902.885,664.547|807.334,718.999|905.81,717.127|984.265,707.222|1023.53,740.789|988.126,721.469|1016.59,902.459|1015.03,980.733|995.734,1149.93|1009.82,1302.86|924.929,896.301|845.84,966.71|895.13,1078.89|873.102,1205.21|997.955,590.123|972.633,581.916|991.214,556.312|1039.7,552.002|960.23,560.802|948.525,557.417
191|1|973.963,904.891|978.225,807.412|981.267,740.896|988.116,633.793|1004.46,651.077|1075.64,666.355|1151.06,799.304|1085.11,882.354|1037.44,910.632|982.59,888.041|1044.19,855.148|969.115,652.335|900.714,668.845|796.376,722.756|883.639,730.317|954.099,705.045|1022.48,720.119|961.641,732.866|1021.84,907.746|1034.16,1029.57|1008.89,1195.82|1023.17,1355.73|930.926,902.449|886.628,1039.04|907.151,1176.9|889.534,1315.61|992.462,594.812|970.18,565.513|980.081,542.911|1021.38,544.593|952.193,556.143|937.122,578.614
192|1|972.677,909.948|980.352,809.857|984.552,738.468|985.233,629.697|1003.38,647.166|1080.68,662.965|1150.27,809.988|1064.75,916.89|1013.5,910.782|955.736,891.486|1030.21,848.553|966.731,648.649|896.493,666.775|796.538,729.437|882.024,740.472|931.851,721.591|1011.48,728.965|955.201,729.857|1021.71,915.548|1042.89,1057.35|1013.88,1234.68|1029.65,1406.19|928.917,905.079|890.16,1055.62|903.664,1245.07|889.339,1401.99|986.332,590.001|970.303,581.096|991.349,558.262|1034.72,559.668|959.662,557.653|942.494,549.999
193|1|973.154,911.159|981.085,810.716|985.396,739.045|986.228,629.97|1004.44,647.582|1082,664.305|1149.18,813.567|1060.21,919.02|1007.79,911.332|950.887,887.562|1028.6,848.876|967.629,648.882|897.012,666.521|794.844,730.865|879.354,741.982|927.613,724.407|1009.22,732.201|954.077,726.658|1022.35,916.974|1045.88,1074.57|1015.99,1251.03|1030.88,1424.71|929.274,906.103|890.84,1069.49|902.127,1269.16|886.971,1430.34|987.315,590.162|973.114,580.262|987.222,553.788|1027.14,547.853|956.183,561.215|934.758,562.116
194|1|974.075,915.64|981.698,814.082|985.656,741.664|985.235,631.835|1003.89,649.466|1082.49,666.506|1147.2,819.398|1053.99,924.385|1000.84,915.021|949.419,885.111|1030.68,852.274|966.64,651.004|895.119,668.349|790.365,734.492|877.72,746.798|923.248,732.247|1006.8,737.785|955.933,729.327|1023.79,921.411|1049.31,1092.48|1019.81,1270.08|1033.72,1447.47|929.762,910.628|890.561,1083.87|902,1291.45|886.707,1457.32|985.746,591.757|970.557,577.423|984.978,551.513|1025.82,548.378|953.631,559.113|932.649,563.386
195|1|979.656,916.806|985.144,815.087|987.422,742.744|984.312,633.538|1003.66,650.788|1083.56,666.832|1146.6,823.359|1048.27,926.75|992.436,912.207|947.497,871.352|1028.68,852.65|965.97,652.962|893.581,670.176|786.419,735.912|879.06,748.328|921.374,738.557|1006.86,741.414|954.725,730.446|1029.65,921.673|1054.33,1098.94|1030.15,1276.64|1044.41,1455.02|935.117,912.604|892.654,1087.3|909.824,1299.52|895.077,1467.3|983.646,593.724|954.053,587.216|982.941,568.628|1036.31,576.843|952.377,559.879|949.738,543.075
196|1|977.713,918.873|982.89,817.019|985.067,744.599|984.138,634.826|1003.42,652.571|1084.41,668.443|1144.54,829.282|1060.28,941.199|997.59,932.979|944.295,883.807|1030.46,870.882|965.138,653.999|891.459,670.437|782.517,740.533|878.673,748.906|919.28,738.784|1007.12,741.281|952.998,731.692|1028.06,923.607|1054.47,1111.91|1030.75,1289.59|1045.9,1470.19|932.824,914.789|884.913,1103.69|905.052,1299.35|886.383,1464.67|984.26,594.817|956.901,577.243|973.497,550.895|1023.03,548.723|941.942,559.568|929.77,566.925
197|1|978.125,912.515|980.034,815.3|980.868,745.388|983.341,638.282|1002.65,655.99|1085.44,671.87|1142.96,837.43|1058.27,942.455|994.729,933.94|942.647,881.528|1029.64,871.23|963.121,656.846|886.463,671.383|769.05,740.743|877.003,753.043|930.998,737.744|999.941,753.32|948.41,733.922|1028.41,914.938|1055.45,1127.89|1032.23,1291.92|1051.86,1467.9|933.066,910.481|889.51,1122.5|912.485,1289.47|893.148,1448.27|984.911,599.394|964.678,590.12|987.582,564.563|1036.42,565.133|952.999,564.719|936.298,557.014
198|1|978.122,912.516|980.031,815.293|980.864,745.374|983.337,638.255|1002.65,655.965|1085.45,671.855|1142.95,837.442|1058.22,942.441|994.669,933.92|942.593,881.496|1029.6,871.215|963.115,656.822|886.45,671.358|769.039,740.707|877.023,752.989|931.018,737.677|1000.22,753.183|948.452,733.854|1028.41,914.938|1055.49,1128.05|1032.23,1291.73|1051.86,1467.64|933.059,910.482|889.512,1122.67|912.543,1289.22|893.244,1447.94|984.907,599.361|964.508,589.904|987.39,564.342|1036.33,564.96|952.816,564.572|936.22,557.071
199|1|978.935,914.191|980.475,817.37|981.049,746.987|982.825,638.183|1002.34,655.98|1085.87,672.472|1141.99,839.151|1048.39,955.278|987.437,939.965|929.837,899.495|1023.03,874.239|962.618,657.204|885.571,672.141|767.867,738.75|876.396,756.468|935.883,738.863|999.963,747.182|950.723,734.05|1029.45,916.532|1061.82,1150.98|1037.78,1299.35|1055.51,1471.05|933.677,912.233|896.42,1147.53|919.468,1302.77|908.044,1459.21|984.196,598.616|962.229,581.953|978.102,553.83|1025.38,550.416|944.625,563.08|926.468,569.748
200|1|978.951,914.203|980.508,817.389|981.098,747.018|982.96,638.241|1002.46,656.043|1085.97,672.592|1141.85,839.248|1048.52,955.528|987.631,940.375|930.061,900.088|1023.11,874.57|962.737,657.25|885.68,672.153|768.066,738.775|876.773,756.626|936.379,739.111|1000.78,747.409|951.208,734.341|1029.47,916.549|1061.95,1151.25|1037.78,1298.91|1055.5,1470.38|933.693,912.24|896.611,1147.8|919.645,1302.32|908.323,1458.56|984.368,598.686|963.184,581.87|979.103,553.848|1025.95,550.755|945.531,562.879|926.783,569.439
201|1|978.972,914.273|980.564,817.406|981.182,746.992|983.182,638.117|1002.68,655.958|1086.21,672.996|1140.84,840.904|1045.18,955.892|983.9,939.256|926.305,897.378|1020.52,874.145|962.92,657.12|885.796,671.967|768.152,738.649|876.973,756.446|936.648,738.992|1003.48,746.996|951.369,734.366|1029.52,916.64|1062.46,1152.68|1037.83,1297.53|1055.47,1468.23|933.684,912.292|897.251,1149.29|920.379,1300.67|909.513,1456.14|984.644,598.522|966.184,580.773|982.516,553.29|1027.98,551.85|948.567,561.284|927.836,567.485
202|1|978.975,914.274|980.569,817.41|981.19,746.999|983.204,638.132|1002.7,655.973|1086.22,673.016|1140.8,840.9|1045.25,955.944|983.994,939.369|926.41,897.561|1020.57,874.229|962.94,657.133|885.816,671.976|768.191,738.671|877.035,756.489|936.724,739.05|1003.61,747.047|951.438,734.43|1029.52,916.641|1062.48,1152.72|1037.83,1297.44|1055.47,1468.09|933.688,912.291|897.294,1149.34|920.418,1300.57|909.576,1455.99|984.672,598.541|966.264,580.753|982.622,553.294|1028.06,551.918|948.662,561.247|927.901,567.436
203|1|978.975,914.274|980.569,817.41|981.19,746.999|983.204,638.132|1002.7,655.973|1086.22,673.016|1140.8,840.9|1045.25,955.944|983.994,939.369|926.41,897.561|1020.57,874.229|962.94,657.133|885.816,671.976|768.191,738.671|877.035,756.489|936.724,739.05|1003.61,747.047|951.438,734.43|1029.52,916.641|1062.48,1152.72|1037.83,1297.44|1055.47,1468.09|933.688,912.291|897.294,1149.34|920.418,1300.57|909.576,1455.99|984.672,598.541|966.264,580.753|982.622,553.294|1028.06,551.918|948.662,561.247|927.901,567.436
204|1|978.975,914.274|980.569,817.41|981.19,746.999|983.204,638.132|1002.7,655.973|1086.22,673.016|1140.8,840.9|1045.25,955.944|983.994,939.369|926.41,897.561|1020.57,874.229|962.94,657.133|885.816,671.976|768.191,738.671|877.035,756.489|936.724,739.05|1003.61,747.047|951.438,734.43|1029.52,916.641|1062.48,1152.72|1037.83,1297.44|1055.47,1468.09|933.688,912.291|897.294,1149.34|920.418,1300.57|909.576,1455.99|984.672,598.541|966.264,580.753|982.622,553.294|1028.06,551.918|948.662,561.247|927.901,567.436
205|1|978.976,914.276|980.57,817.413|981.191,747.002|983.206,638.137|1002.7,655.977|1086.23,673.022|1140.8,840.911|1045.23,955.947|983.982,939.366|926.399,897.552|1020.56,874.23|962.942,657.137|885.818,671.981|768.195,738.686|877.043,756.507|936.743,739.072|1003.65,747.067|951.628,734.515|1029.52,916.644|1062.49,1152.74|1037.83,1297.42|1055.47,1468.06|933.689,912.294|897.304,1149.37|920.43,1300.55|909.594,1455.95|984.675,598.546|966.277,580.749|982.642,553.295|1028.08,551.936|948.68,561.238|927.912,567.424
206|1|978.976,914.279|980.57,817.416|981.191,747.006|983.207,638.142|1002.7,655.983|1086.23,673.03|1140.79,840.919|1045.22,955.95|983.976,939.366|926.398,897.55|1020.56,874.231|962.943,657.142|885.819,671.987|768.197,738.709|877.044,756.535|936.745,739.11|1003.69,747.1|951.628,734.576|1029.52,916.647|1062.5,1152.77|1037.83,1297.39|1055.47,1468.01|933.688,912.297|897.318,1149.39|920.445,1300.51|909.618,1455.89|984.677,598.552|966.295,580.74|982.67,553.294|1028.1,551.96|948.704,561.223|927.927,567.405
207|1|978.965,914.298|980.562,817.445|981.184,747.047|983.214,638.213|1002.7,656.05|1086.22,673.13|1140.6,841.008|1044.98,955.889|983.809,939.268|926.331,897.442|1020.43,874.188|962.948,657.206|885.828,672.057|768.199,738.9|876.976,756.792|936.662,739.455|1003.84,747.408|951.488,735.091|1029.51,916.667|1062.54,1152.93|1037.82,1297.12|1055.44,1467.59|933.682,912.315|897.416,1149.57|920.553,1300.19|909.799,1455.43|984.689,598.635|966.425,580.75|982.882,553.363|1028.28,552.192|948.888,561.175|928.045,567.295
208|1|978.95,914.325|980.547,817.485|981.169,747.104|983.202,638.311|1002.69,656.143|1086.19,673.259|1140.38,841.133|1044.87,956.075|983.744,939.536|926.297,897.814|1020.32,874.423|962.936,657.297|885.82,672.162|768.161,739.183|876.827,757.183|936.487,739.988|1003.94,747.908|951.452,735.853|1029.49,916.695|1062.57,1153.09|1037.81,1296.86|1055.4,1467.17|933.672,912.341|897.506,1149.76|920.658,1299.88|909.974,1454.95|984.677,598.752|966.499,580.842|983.038,553.501|1028.42,552.452|949.018,561.203|928.132,567.23
209|1|978.871,914.395|980.475,817.616|981.104,747.308|983.253,638.71|1002.71,656.521|1086.12,673.799|1139.11,841.352|1045.13,957.095|984.431,941.52|927.381,900.736|1020.48,875.861|962.972,657.655|885.879,672.541|768.365,740.294|876.928,758.632|936.588,741.894|1005.96,749.289|951.054,738.797|1029.38,916.763|1062.88,1154.01|1037.82,1295.36|1055.34,1464.78|933.616,912.412|898.14,1150.8|921.283,1298.07|911.009,1452.22|984.778,599.232|966.837,580.445|983.998,553.586|1029.5,553.848|949.837,560.552|928.962,566.496
210|1|978.827,914.4|980.431,817.658|981.06,747.393|983.256,638.91|1002.71,656.703|1086.06,674.004|1138.59,841.294|1045.51,957.512|985.043,942.496|928.146,902.313|1020.73,876.576|962.97,657.837|885.888,672.739|768.487,740.721|877.227,759.331|937.217,742.798|1007.26,750.149|955.897,741.658|1029.32,916.763|1063.01,1154.34|1037.84,1294.67|1055.32,1463.69|933.585,912.422|898.42,1151.21|921.545,1297.22|911.438,1450.96|984.803,599.48|966.839,580.415|984.213,553.711|1029.81,554.384|950.016,560.447|929.226,566.368
211|1|978.824,914.403|980.427,817.661|981.057,747.397|983.253,638.917|1002.7,656.709|1086.06,674.014|1138.56,841.304|1045.5,957.534|985.037,942.532|928.142,902.366|1020.72,876.606|962.967,657.843|885.885,672.746|768.485,740.735|877.229,759.357|937.223,742.835|1007.29,750.18|955.882,741.718|1029.32,916.765|1063.02,1154.36|1037.84,1294.65|1055.32,1463.65|933.582,912.425|898.427,1151.24|921.553,1297.2|911.453,1450.92|984.801,599.488|966.825,580.405|984.209,553.708|1029.82,554.401|950.011,560.435|929.232,566.362
212|1|978.824,914.403|980.427,817.661|981.057,747.397|983.253,638.917|1002.7,656.709|1086.06,674.014|1138.56,841.304|1045.5,957.534|985.037,942.532|928.142,902.366|1020.72,876.606|962.967,657.843|885.885,672.746|768.485,740.735|877.229,759.357|937.223,742.835|1007.29,750.18|955.882,741.718|1029.32,916.765|1063.02,1154.36|1037.84,1294.65|1055.32,1463.65|933.582,912.425|898.427,1151.24|921.553,1297.2|911.453,1450.92|984.801,599.488|966.825,580.405|984.209,553.708|1029.82,554.401|950.011,560.435|929.232,566.362
213|1|978.824,914.403|980.427,817.661|981.057,747.397|983.253,638.917|1002.7,656.709|1086.06,674.014|1138.56,841.304|1045.5,957.534|985.037,942.532|928.142,902.366|1020.72,876.606|962.967,657.843|885.885,672.746|768.485,740.735|877.229,759.357|937.223,742.835|1007.29,750.18|955.882,741.718|1029.32,916.765|1063.02,1154.36|1037.84,1294.65|1055.32,1463.65|933.582,912.425|898.427,1151.24|921.553,1297.2|911.453,1450.92|984.801,599.488|966.825,580.405|984.209,553.708|1029.82,554.401|950.011,560.435|929.232,566.362
214|1|978.824,914.403|980.427,817.661|981.057,747.397|983.253,638.917|1002.7,656.709|1086.06,674.014|1138.56,841.304|1045.5,957.534|985.037,942.532|928.142,902.366|1020.72,876.606|962.967,657.843|885.885,672.746|768.485,740.735|877.229,759.357|937.223,742.835|1007.29,750.18|955.882,741.718|1029.32,916.765|1063.02,1154.36|1037.84,1294.65|1055.32,1463.65|933.582,912.425|898.427,1151.24|921.553,1297.2|911.453,1450.92|984.801,599.488|966.825,580.405|984.209,553.708|1029.82,554.401|950.011,560.435|929.232,566.362
215|1|978.824,914.403|980.427,817.661|981.057,747.397|983.253,638.917|1002.7,656.709|1086.06,674.014|1138.56,841.304|1045.5,957.534|985.037,942.532|928.142,902.366|1020.72,876.606|962.967,657.843|885.885,672.746|768.485,740.735|877.229,759.357|937.223,742.835|1007.29,750.18|955.882,741.718|1029.32,916.765|1063.02,1154.36|1037.84,1294.65|1055.32,1463.65|933.582,912.425|898.427,1151.24|921.553,1297.2|911.453,1450.92|984.801,599.488|966.825,580.405|984.209,553.708|1029.82,554.401|950.011,560.435|929.232,566.362
216|1|978.824,914.403|980.427,817.661|981.057,747.397|983.253,638.917|1002.7,656.709|1086.06,674.014|1138.56,841.304|1045.5,957.534|985.037,942.532|928.142,902.366|1020.72,876.606|962.967,657.843|885.885,672.746|768.485,740.735|877.229,759.357|937.223,742.835|1007.29,750.18|955.882,741.718|1029.32,916.765|1063.02,1154.36|1037.84,1294.65|1055.32,1463.65|933.582,912.425|898.427,1151.24|921.553,1297.2|911.453,1450.92|984.801,599.488|966.825,580.405|984.209,553.708|1029.82,554.401|950.011,560.435|929.232,566.362
217|1|978.722,914.448|980.32,817.709|980.944,747.464|983.178,639.044|1002.63,656.829|1085.96,674.288|1137.58,841.532|1045.07,958.089|984.825,943.512|928.153,903.795|1020.34,877.377|962.879,657.96|885.771,672.868|768.411,741.004|877.294,759.918|937.295,743.656|1008.48,750.668|955.263,743.102|1029.22,916.805|1063.17,1155.04|1037.86,1294.02|1055.29,1462.59|933.476,912.475|898.675,1152|921.813,1296.32|911.914,1449.57|984.742,599.64|966.657,580.136|984.332,553.637|1030.13,554.89|950.076,560.08|929.457,566.032
218|1|970.16,912.858|975.434,817.539|979.154,747.521|981.452,638.94|1001.04,656.648|1085.52,673.58|1133.2,843.164|1038.66,961.223|981.076,956.2|935.665,920.256|1019.07,886.675|960.964,658.028|883.223,673.764|766.26,740.276|876.86,760.712|943.754,745.886|1005.03,752.872|951.711,747.524|1020.66,916.84|1064.06,1165.74|1031.75,1298.5|1049.4,1463.48|924.847,909.423|900.913,1162.26|915.747,1310.52|910.306,1463.63|983.131,599.476|956.607,577.829|985.656,558.173|1039.6,573.358|951.785,552.331|943.315,548.388
219|1|971.786,916.047|976.249,819.951|979.412,749.04|981.475,638.864|1001.19,656.72|1086.14,673.521|1130.3,845.615|1038.26,966.87|980.106,946.321|960.298,894.352|1014.11,888.537|960.925,658.32|882.704,673.784|765.43,740.703|875.704,759.458|947.229,746.577|1002.21,749.167|952.662,748.604|1022.69,919.537|1067.27,1177.66|1035.72,1304.55|1051.12,1467.82|926.101,913.056|903.547,1176.05|918.819,1325.45|914.71,1478.21|983.137,598.764|966.794,578.816|985.028,552.226|1030.4,554.412|950.008,557.987|927.707,563.397
220|1|971.894,917.053|976.188,820.477|979.218,749.197|980.982,638.53|1000.85,656.427|1086.19,673.794|1126.68,848.502|1025.26,962.749|968.944,938.815|960.567,883.577|1005.56,880.78|960.38,658.121|881.828,674.143|764.115,742.184|875.14,759.983|946.735,746.771|1009.29,746.143|952.451,748.554|1023.04,920.463|1069.8,1183.43|1037.63,1308.48|1052.8,1471.31|925.987,914.136|905.133,1182.02|920.081,1331.42|917.072,1484.28|982.526,598.232|965.714,578.797|985.402,552.541|1031.75,555.77|949.984,556.868|928.334,560.401
221|1|971.894,917.053|976.188,820.477|979.218,749.197|980.982,638.53|1000.85,656.427|1086.19,673.794|1126.68,848.502|1025.26,962.749|968.944,938.815|960.567,883.577|1005.56,880.78|960.38,658.121|881.828,674.143|764.115,742.184|875.14,759.983|946.735,746.771|1009.29,746.143|952.451,748.554|1023.04,920.463|1069.8,1183.43|1037.63,1308.48|1052.8,1471.31|925.987,914.136|905.133,1182.02|920.081,1331.42|917.072,1484.28|982.526,598.232|965.714,578.797|985.402,552.541|1031.75,555.77|949.984,556.868|928.334,560.401
222|1|971.894,917.053|976.188,820.477|979.218,749.197|980.982,638.53|1000.85,656.427|1086.19,673.794|1126.68,848.502|1025.26,962.749|968.944,938.815|960.567,883.577|1005.56,880.78|960.38,658.121|881.828,674.143|764.115,742.184|875.14,759.983|946.735,746.771|1009.29,746.143|952.451,748.554|1023.04,920.463|1069.8,1183.43|1037.63,1308.48|1052.8,1471.31|925.987,914.136|905.133,1182.02|920.081,1331.42|917.072,1484.28|982.526,598.232|965.714,578.797|985.402,552.541|1031.75,555.77|949.984,556.868|928.334,560.401
223|1|971.894,917.053|976.188,820.477|979.218,749.197|980.982,638.53|1000.85,656.427|1086.19,673.794|1126.68,848.502|1025.26,962.749|968.944,938.815|960.567,883.577|1005.56,880.78|960.38,658.121|881.828,674.143|764.115,742.184|875.14,759.983|946.735,746.771|1009.29,746.143|952.451,748.554|1023.04,920.463|1069.8,1183.43|1037.63,1308.48|1052.8,1471.31|925.987,914.136|905.133,1182.02|920.081,1331.42|917.072,1484.28|982.526,598.232|965.714,578.797|985.402,552.541|1031.75,555.77|949.984,556.868|928.334,560.401
224|1|971.894,917.053|976.188,820.477|979.218,749.197|980.982,638.53|1000.85,656.427|1086.19,673.794|1126.68,848.502|1025.26,962.749|968.944,938.815|960.567,883.577|1005.56,880.78|960.38,658.121|881.828,674.143|764.115,742.184|875.14,759.983|946.735,746.771|1009.29,746.143|952.451,748.554|1023.04,920.463|1069.8,1183.43|1037.63,1308.48|1052.8,1471.31|925.987,914.136|905.133,1182.02|920.081,1331.42|917.072,1484.28|982.526,598.232|965.714,578.797|985.402,552.541|1031.75,555.77|949.984,556.868|928.334,560.401
225|1|971.894,917.053|976.188,820.477|979.218,749.197|980.982,638.53|1000.85,656.427|1086.19,673.794|1126.68,848.502|1025.26,962.749|968.944,938.815|960.567,883.577|1005.56,880.78|960.38,658.121|881.828,674.143|764.115,742.184|875.14,759.983|946.735,746.771|1009.29,746.143|952.451,748.554|1023.04,920.463|1069.8,1183.43|1037.63,1308.48|1052.8,1471.31|925.987,914.136|905.133,1182.02|920.081,1331.42|917.072,1484.28|982.526,598.232|965.714,578.797|985.402,552.541|1031.75,555.77|949.984,556.868|928.334,560.401
226|1|971.894,917.053|976.188,820.477|979.218,749.197|980.982,638.53|1000.85,656.427|1086.19,673.794|1126.68,848.502|1025.26,962.749|968.944,938.815|960.567,883.577|1005.56,880.78|960.38,658.121|881.828,674.143|764.115,742.184|875.14,759.983|946.735,746.771|1009.29,746.143|952.451,748.554|1023.04,920.463|1069.8,1183.43|1037.63,1308.48|1052.8,1471.31|925.987,914.136|905.133,1182.02|920.081,1331.42|917.072,1484.28|982.526,598.232|965.714,578.797|985.402,552.541|1031.75,555.77|949.984,556.868|928.334,560.401
227|1|971.894,917.053|976.188,820.477|979.218,749.197|980.982,638.53|1000.85,656.427|1086.19,673.794|1126.68,848.502|1025.26,962.749|968.944,938.815|960.567,883.577|1005.56,880.78|960.38,658.121|881.828,674.143|764.115,742.184|875.14,759.983|946.735,746.771|1009.29,746.143|952.451,748.554|1023.04,920.463|1069.8,1183.43|1037.63,1308.48|1052.8,1471.31|925.987,914.136|905.133,1182.02|920.081,1331.42|917.072,1484.28|982.526,598.232|965.714,578.797|985.402,552.541|1031.75,555.77|949.984,556.868|928.334,560.401
228|1|978.356,914.344|980.368,819.253|981.758,748.347|983.209,638.003|1003.58,655.964|1090.47,673.534|1121.04,852.876|1006.76,956.771|952.498,927.934|963.587,875.505|994.316,871.008|962.25,657.535|882.122,673.62|759.272,743.054|874.341,759.447|949.171,750.559|1009.12,747.701|954.619,749.828|1029.91,916.487|1072.81,1185.82|1045.3,1307.78|1061.74,1470.75|932.07,912.564|909.119,1185.11|928.771,1331.54|924.63,1484.88|984.52,597.838|967.492,578.581|986.702,551.059|1033.65,552.938|950.524,556.571|927.935,560.815
229|1|978.351,914.469|980.393,819.385|981.805,748.5|983.354,638.207|1003.71,656.18|1090.61,673.982|1120.17,853.451|1004.58,955.496|951.464,926.156|964.65,872.73|991.552,868.625|962.37,657.712|882.196,673.717|759.172,743.088|874.237,759.744|949.082,750.74|1009.03,747.706|954.482,749.772|1029.91,916.633|1074.56,1187.2|1046.28,1305|1063,1466.22|932.06,912.672|910.765,1186.48|930.36,1328.03|927.159,1479.77|984.699,598.065|967.582,579.131|987.079,551.649|1034.21,553.604|950.84,556.859|928.396,560.555
230|1|977.597,919.428|978.977,823.801|980.289,751.431|983.562,638.412|1003.9,657.235|1091.13,674.509|1118.84,856.618|1006,959.11|955.851,960.461|965.715,881.863|987.801,876.316|962.027,657.96|880.491,671.797|756.216,746.735|873.542,756.56|951.144,754.219|1007.87,745.138|956.077,749.48|1029.72,920.26|1076.8,1203.26|1047.61,1317.13|1066.11,1477.01|930.63,918.828|910.578,1203.65|928.586,1330.14|924.542,1480.01|985.497,597.196|968.676,579.227|987.31,550.668|1034.26,550.779|950.768,557.07|927.358,561.06
231|1|977.817,916.515|980.184,822.636|982.224,751.197|984.019,639.897|1004.62,658.077|1093.04,674.232|1116.75,856.737|1003.61,965.063|943.931,960.502|966.204,883.756|987.798,874.824|962.712,659.566|881.074,673.637|755.463,744.922|874.463,756.86|952.562,754.073|1009.68,746.429|957.313,747.896|1029.69,918.047|1081.39,1198.47|1051.27,1309.8|1069.19,1466.18|931.11,915.284|916.636,1199.17|933.414,1335.06|933.37,1483.27|985.471,599.376|967.421,579.069|986.785,551.126|1034.81,553.212|950.119,557.103|927.74,562.383
232|1|976.293,915.505|978.922,821.734|981.164,750.335|984.181,638.226|1004.69,656.87|1092.61,674.613|1115.24,858.632|1002.44,965.31|947.651,964.782|969.076,887.643|984.733,877.502|962.563,657.708|880.573,671.808|754.839,747.548|873.894,754.539|952.583,754.687|1008.63,746.347|957.444,748.121|1028.31,917.165|1077.96,1202.89|1048.68,1311.78|1066.67,1467.44|929.453,914.159|911.579,1201.6|928.014,1325.73|924.469,1472.06|986.015,597.37|968.063,579.583|987.414,550.882|1035.56,551.18|950.531,556.936|927.868,560.328
233|1|977.208,914.201|979.998,821.316|982.43,750.414|984.529,638.939|1005.13,657.2|1093.61,674.405|1114.15,857.471|987.832,945.498|936.864,958.149|972.132,886.686|975.054,864.932|963.115,658.597|881.406,673.541|753.753,743.61|874.691,756.415|952.786,756.28|1008.51,746.233|957.047,748.045|1029.02,915.8|1080.49,1199.86|1049.47,1304.7|1066.33,1456.41|930.54,912.907|917.479,1199.78|932.518,1331.08|934.344,1475.83|986.103,598.339|968.224,579.499|987.699,551.171|1035.78,552.37|950.87,557.035|928.274,561.057
234|1|975.585,908.31|979.627,817.522|983.154,748.789|985.323,638.914|1005.97,656.867|1095.04,673.766|1114.64,858.383|986.751,943.63|938.986,958.51|972.618,885.603|975.139,865.892|963.822,658.404|881.896,673.685|752.232,742.801|874.56,756.669|952.362,755.929|1008.98,746.477|957.794,748.385|1027.05,910.342|1080.39,1190.57|1047.6,1291.38|1064.73,1440.94|929.194,906.623|920.245,1190.58|933.993,1323.79|936.808,1468.41|986.965,598.957|968.972,580.113|988.616,551.616|1036.99,552.821|951.556,557.458|928.875,561.381
235|1|975.581,908.431|979.611,817.624|983.127,748.851|985.208,638.85|1005.87,656.812|1094.95,673.671|1115,858.486|985.964,943.478|937.644,957.256|973.717,885.577|974.83,863.888|963.727,658.371|881.836,673.784|752.372,743.397|874.714,756.586|952.724,755.668|1007.41,744.756|957.705,748.84|1027.05,910.456|1080.85,1191.18|1047.09,1285.98|1063.46,1432.99|929.186,906.75|920.69,1191.14|934.419,1319.2|937.653,1461.96|986.816,598.841|968.858,580.111|988.695,551.699|1037.11,553.064|951.611,557.301|928.982,560.907
236|1|975.481,914.065|979.245,821.843|982.611,751.049|984.827,639.21|1005.58,657.505|1095.33,674.06|1113.08,859.814|981.47,937.831|940.529,957.259|974.729,884.152|974.953,865.226|963.205,658.992|880.764,673.958|750.232,743.299|875.785,756.697|954.364,755.481|1007.46,746.734|959.037,748.343|1027.46,915.708|1084.18,1200.96|1048.42,1291.9|1063.72,1437.47|928.593,912.731|922.032,1202.3|935.497,1328.56|941.079,1470.58|986.489,598.469|968.681,580.526|988.898,551.935|1037.51,553.108|951.548,557.175|928.74,559.771
